date,open,high,low,close,volume,amount,return
2000-01-04,1368.69,1407.52,1361.21,1406.37,,9032824.0,
2000-01-05,1407.83,1433.78,1398.32,1409.68,,10579392.0,0.002353576939212454
2000-01-06,1406.04,1463.96,1400.25,1463.94,,13480517.0,0.038491005050791616
2000-01-07,1477.15,1522.83,1477.15,1516.6,,34869396.0,0.035971419593699094
2000-01-10,1531.71,1546.72,1506.4,1545.11,,31253046.0,0.018798628511143445
2000-01-11,1547.68,1547.71,1468.76,1479.78,,21924568.0,-0.042281779290794796
2000-01-12,1473.76,1489.28,1435.0,1438.02,,15221934.0,-0.028220411142196755
2000-01-13,1437.45,1444.07,1418.81,1424.44,,8611943.0,-0.009443540423638042
2000-01-14,1426.22,1433.47,1401.71,1408.85,,7447013.0,-0.010944651933391447
2000-01-17,1408.99,1433.38,1402.66,1433.33,,7647977.0,0.01737587393973805
2000-01-18,1436.89,1443.59,1421.64,1426.62,,7767131.0,-0.004681406235828467
2000-01-19,1425.87,1443.67,1425.14,1440.72,,8004793.0,0.009883500862177819
2000-01-20,1443.09,1466.9,1443.09,1466.86,,10070803.0,0.01814370592481529
2000-01-21,1471.91,1476.46,1458.93,1465.09,,15050772.0,-0.0012066591222066325
2000-01-24,1465.86,1477.41,1449.47,1477.34,,16241508.0,0.008361261082936888
2000-01-25,1483.03,1490.46,1467.44,1476.51,,13635983.0,-0.0005618205694016831
2000-01-26,1477.3,1482.46,1469.98,1481.12,,10384438.0,0.003122227414646739
2000-01-27,1490.45,1506.92,1485.23,1506.77,,18979974.0,0.01731797558604309
2000-01-28,1514.56,1536.35,1510.75,1535.0,,29388162.0,0.01873544071092481
2000-02-14,1591.44,1674.13,1587.82,1673.94,,43569132.0,0.0905146579804561
2000-02-15,1709.22,1746.44,1663.01,1670.67,,52543428.0,-0.0019534750349474717
2000-02-16,1674.94,1695.88,1649.7,1693.11,,37435548.0,0.013431736967803198
2000-02-17,1734.27,1770.88,1615.63,1640.65,,51439068.0,-0.03098440148602266
2000-02-18,1623.96,1668.16,1583.58,1668.09,,26785354.0,0.016725078474994604
2000-02-21,1681.36,1697.01,1652.48,1677.14,,31011206.0,0.005425366736806936
2000-02-22,1681.3,1687.51,1627.47,1632.29,,24251776.0,-0.026741953563805154
2000-02-23,1618.01,1630.55,1586.63,1594.93,,19185730.0,-0.02288808973895562
2000-02-24,1593.95,1634.32,1593.93,1634.31,,13932876.0,0.02469073877850425
2000-02-25,1639.92,1650.37,1618.18,1631.58,,17058054.0,-0.0016704297226352027
2000-02-28,1639.8,1704.88,1639.7,1704.86,,26127946.0,0.04491351941063271
2000-02-29,1728.14,1733.14,1678.35,1714.58,,28678748.0,0.005701347911265531
2000-03-01,1720.6,1721.14,1692.51,1697.74,,22487674.0,-0.009821647283882906
2000-03-02,1697.56,1721.6,1682.54,1713.01,,19593496.0,0.008994310082816037
2000-03-03,1728.36,1750.65,1721.71,1738.02,,24815498.0,0.014600031523458679
2000-03-06,1756.31,1762.83,1678.74,1681.09,,26504710.0,-0.032755664491778025
2000-03-07,1661.95,1694.89,1654.44,1694.8,,17685018.0,0.008155422969621018
2000-03-08,1699.46,1726.04,1690.12,1726.03,,19745944.0,0.01842695303280628
2000-03-09,1734.77,1741.22,1714.92,1732.35,,17877382.0,0.0036615817801544104
2000-03-10,1731.94,1743.14,1701.79,1705.05,,15872365.0,-0.01575894016797985
2000-03-13,1706.77,1729.01,1706.35,1728.88,,19826626.0,0.01397612973226603
2000-03-14,1690.65,1700.37,1636.89,1685.35,,22870444.0,-0.02517815001619561
2000-03-15,1680.3,1695.16,1676.54,1681.47,,16782164.0,-0.0023021924229388313
2000-03-16,1671.1,1671.18,1596.07,1607.53,,19791590.0,-0.0439734280123939
2000-03-17,1602.36,1661.98,1602.34,1658.6,,15336724.0,0.031769236032920034
2000-03-20,1646.31,1699.28,1641.77,1699.25,,18173800.0,0.024508621729169233
2000-03-21,1704.09,1713.21,1692.68,1710.32,,16351103.0,0.006514638811240259
2000-03-22,1713.24,1726.59,1711.16,1720.45,,14658422.0,0.0059228682351841755
2000-03-23,1724.19,1747.28,1711.41,1747.24,,16743141.0,0.015571507454445133
2000-03-24,1761.44,1770.26,1729.48,1730.5,,22036720.0,-0.009580824614821126
2000-03-27,1736.7,1776.02,1736.7,1775.91,,19927312.0,0.02624097081768273
2000-03-28,1788.83,1799.95,1774.48,1791.44,,24484368.0,0.008744812518652445
2000-03-29,1797.88,1803.83,1763.62,1788.81,,23026682.0,-0.0014680927075425565
2000-03-30,1793.68,1811.06,1790.85,1810.98,,29305432.0,0.012393714256964117
2000-03-31,1810.55,1810.9,1780.41,1800.23,,23340364.0,-0.005936012545693536
2000-04-03,1799.58,1816.86,1798.25,1801.0,,18861114.0,0.0004277231242675317
2000-04-04,1795.16,1795.16,1755.98,1760.69,,17128272.0,-0.022382009994447505
2000-04-05,1756.3,1776.72,1746.3,1771.2,,13603240.0,0.0059692506914903465
2000-04-06,1775.78,1809.17,1775.68,1809.14,,15007034.0,0.021420505871725393
2000-04-07,1816.79,1822.62,1807.54,1819.9,,16081263.0,0.005947577301922413
2000-04-10,1826.61,1831.85,1815.99,1826.06,,16809154.0,0.003384801362712242
2000-04-11,1826.4,1828.06,1812.01,1821.17,,14245477.0,-0.002677896673712765
2000-04-12,1822.4,1823.83,1785.33,1807.33,,13643034.0,-0.007599510204978177
2000-04-13,1807.84,1832.08,1807.71,1831.55,,16549059.0,0.013400983771641117
2000-04-14,1835.86,1840.19,1820.67,1833.67,,17905474.0,0.001157489558024638
2000-04-17,1829.62,1829.93,1778.88,1795.06,,19821740.0,-0.02105613332824341
2000-04-18,1794.34,1813.57,1779.29,1813.5,,13204735.0,0.010272637126335749
2000-04-19,1819.08,1831.57,1817.21,1828.71,,12766161.0,0.00838709677419347
2000-04-20,1831.66,1847.51,1831.49,1847.03,,16533108.0,0.010017990824132905
2000-04-21,1851.31,1858.27,1834.85,1841.06,,16244630.0,-0.003232216044135705
2000-04-24,1844.69,1848.97,1827.17,1837.4,,16427791.0,-0.001987985182449137
2000-04-25,1838.05,1841.86,1815.63,1833.47,,10771405.0,-0.0021388919124850636
2000-04-26,1835.67,1842.89,1826.39,1832.78,,10163838.0,-0.0003763355822565817
2000-04-27,1835.6,1840.57,1803.58,1806.83,,12332934.0,-0.01415881884350556
2000-04-28,1805.5,1836.33,1797.71,1836.32,,10971313.0,0.016321402677617725
2000-05-08,1848.17,1852.9,1828.1,1836.64,,8958631.0,0.00017426156661159986
2000-05-09,1839.0,1839.29,1799.82,1806.64,,9117621.0,-0.016334175450823274
2000-05-10,1801.43,1801.64,1750.01,1752.69,,9431059.0,-0.02986206438471417
2000-05-11,1750.86,1762.13,1718.89,1724.05,,8437170.0,-0.016340596454592737
2000-05-12,1725.87,1740.95,1715.06,1720.61,,7404179.0,-0.001995301760389867
2000-05-15,1722.64,1726.72,1695.53,1704.59,,7094654.0,-0.009310651455007202
2000-05-16,1706.73,1725.9,1706.73,1724.54,,5335453.0,0.011703694143459842
2000-05-17,1727.43,1736.27,1722.71,1725.4,,5257679.0,0.0004986837069596017
2000-05-18,1725.6,1758.54,1719.84,1758.54,,8354142.0,0.019207140373246778
2000-05-19,1761.79,1777.98,1754.88,1777.83,,9553988.0,0.01096932682793672
2000-05-22,1785.89,1830.93,1783.3,1824.74,,14655311.0,0.026386099908315197
2000-05-23,1834.44,1836.99,1811.58,1832.08,,12469572.0,0.004022490875412288
2000-05-24,1835.56,1861.48,1831.84,1855.49,,15860859.0,0.012777826295794936
2000-05-25,1866.56,1880.72,1860.78,1880.7,,16809106.0,0.013586707554338773
2000-05-26,1885.75,1890.69,1860.92,1879.62,,20602522.0,-0.0005742542670282846
2000-05-29,1885.55,1900.67,1882.74,1898.75,,18029154.0,0.010177589087156047
2000-05-30,1903.53,1908.31,1868.61,1877.47,,16518999.0,-0.011207373271889365
2000-05-31,1875.46,1894.58,1869.34,1894.55,,15760230.0,0.009097349092129337
2000-06-01,1900.53,1906.82,1890.0,1903.49,,14654595.0,0.00471879865931224
2000-06-02,1906.16,1916.25,1897.71,1916.25,,17840350.0,0.00670347624626344
2000-06-05,1921.97,1930.34,1889.81,1899.09,,29216146.0,-0.008954990215264247
2000-06-06,1898.59,1925.55,1891.67,1925.54,,17120126.0,0.013927723277991078
2000-06-07,1934.38,1940.22,1921.38,1935.03,,15573925.0,0.004928487593090836
2000-06-08,1937.19,1938.55,1913.37,1925.21,,17086620.0,-0.005074856720567622
2000-06-09,1926.15,1929.95,1896.06,1900.79,,15185524.0,-0.012684330540564392
2000-06-12,1896.43,1912.59,1884.62,1912.56,,12039594.0,0.006192162206240637
2000-06-13,1918.19,1938.67,1917.19,1938.67,,14427663.0,0.013651859288074775
2000-06-14,1944.44,1949.17,1929.71,1932.29,,16150828.0,-0.0032909159372147556
2000-06-15,1933.06,1942.33,1925.91,1942.29,,14116758.0,0.005175206620124273
2000-06-16,1945.7,1947.46,1919.4,1926.94,,14706052.0,-0.007903042285137607
2000-06-19,1924.69,1926.98,1910.47,1915.21,,11880869.0,-0.00608737168775364
2000-06-20,1913.07,1913.07,1888.08,1895.35,,10135495.0,-0.010369620041666527
2000-06-21,1894.78,1913.15,1894.63,1913.13,,8348911.0,0.009380853140581014
2000-06-22,1918.16,1921.15,1906.3,1913.9,,9054294.0,0.00040248179684598817
2000-06-23,1915.31,1939.63,1913.65,1939.63,,11993923.0,0.013443753592141672
2000-06-26,1946.7,1953.34,1943.25,1948.64,,14062048.0,0.004645215840134442
2000-06-27,1949.78,1952.46,1938.14,1942.9,,11980052.0,-0.0029456441415551815
2000-06-28,1943.98,1953.06,1940.05,1947.48,,11239540.0,0.0023573009418909052
2000-06-29,1949.85,1951.13,1924.47,1937.26,,11919841.0,-0.005247807422926076
2000-06-30,1937.84,1941.4,1924.97,1928.11,,12467584.0,-0.004723165708268473
2000-07-03,1917.44,1917.45,1890.53,1895.64,,15772238.0,-0.01684032550010106
2000-07-04,1891.21,1907.94,1888.25,1907.93,,14404756.0,0.006483298516595903
2000-07-05,1910.42,1918.91,1904.47,1909.19,,13028429.0,0.0006604015870603774
2000-07-06,1909.24,1910.05,1896.66,1902.55,,9802903.0,-0.0034779147177599334
2000-07-07,1904.09,1932.83,1904.09,1932.79,,11650363.0,0.01589445743870077
2000-07-10,1938.84,1948.06,1932.96,1948.02,,14524627.0,0.007879800702611295
2000-07-11,1952.26,1960.6,1947.67,1960.54,,14438388.0,0.006427038736768642
2000-07-12,1965.23,1974.41,1960.35,1973.37,,13919526.0,0.0065441153967784604
2000-07-13,1978.55,1984.07,1963.55,1979.2,,18160108.0,0.00295433699711678
2000-07-14,1981.78,1987.22,1972.62,1987.19,,16215709.0,0.00403698464025859
2000-07-17,1992.89,1997.94,1980.22,1982.48,,15845496.0,-0.0023701810093650355
2000-07-18,1982.5,1993.99,1981.74,1993.99,,17563236.0,0.005805859327710827
2000-07-19,2000.33,2004.46,1987.42,1998.43,,29138588.0,0.0022266912070771916
2000-07-20,1999.09,2003.8,1979.88,1991.56,,17370836.0,-0.0034376985933958215
2000-07-21,1994.42,1998.35,1991.84,1996.34,,11732602.0,0.002400128542449087
2000-07-24,1998.25,1999.9,1982.88,1989.24,,11897274.0,-0.0035565084103910127
2000-07-25,1990.15,1997.85,1989.09,1996.58,,11272790.0,0.0036898514005347938
2000-07-26,1999.44,2012.4,1999.4,2012.32,,15163567.0,0.007883480752086003
2000-07-27,2017.46,2025.0,2004.55,2012.35,,17398156.0,1.4908165699267784e-05
2000-07-28,2014.11,2016.94,2006.17,2012.79,,14896658.0,0.00021864983725494724
2000-07-31,2016.14,2023.57,2008.64,2023.54,,17173844.0,0.005340845294342644
2000-08-01,2027.01,2031.93,2023.45,2028.15,,21187984.0,0.0022781857536793293
2000-08-02,2030.79,2033.19,2018.48,2030.68,,23905316.0,0.0012474422503265803
2000-08-03,2032.94,2038.65,2030.1,2036.3,,18321318.0,0.00276754584671135
2000-08-04,2037.47,2041.28,2013.45,2026.36,,19597136.0,-0.004881402543829516
2000-08-07,2025.18,2039.42,2017.9,2039.42,,13716475.0,0.006445054185830745
2000-08-08,2042.75,2050.07,2040.78,2049.92,,13738001.0,0.005148522619176088
2000-08-09,2051.65,2061.28,2048.49,2061.18,,16350866.0,0.005492897283796427
2000-08-10,2065.3,2067.75,2053.86,2065.94,,17379430.0,0.0023093567762155764
2000-08-11,2067.78,2070.3,2055.2,2062.67,,15313964.0,-0.0015828146025538281
2000-08-14,2065.94,2076.33,2065.94,2076.3,,15170757.0,0.006607940194020445
2000-08-15,2079.07,2082.74,2066.16,2076.82,,13479279.0,0.00025044550402153476
2000-08-16,2078.49,2083.47,2072.98,2083.47,,15420303.0,0.003202010766460095
2000-08-17,2086.81,2092.33,2086.56,2091.59,,13925760.0,0.0038973443342118497
2000-08-18,2093.63,2097.31,2086.75,2090.18,,12564344.0,-0.0006741282947424487
2000-08-21,2095.38,2108.88,2093.42,2108.69,,15859304.0,0.008855696638567112
2000-08-22,2112.02,2114.52,2074.52,2074.7,,16052733.0,-0.01611901227776502
2000-08-23,2064.04,2080.14,1980.35,2057.92,,26378898.0,-0.008087916325251743
2000-08-24,2058.53,2073.95,2043.21,2071.16,,17246856.0,0.006433680609547299
2000-08-25,2073.72,2086.72,2066.33,2086.7,,12290483.0,0.0075030417736920985
2000-08-28,2092.12,2100.7,2085.6,2100.59,,13832498.0,0.006656443187808669
2000-08-29,2103.03,2105.63,2094.61,2105.48,,14521684.0,0.0023279173946366694
2000-08-30,2107.02,2108.1,2075.16,2076.14,,13380507.0,-0.013935064688337162
2000-08-31,2062.84,2064.76,2019.45,2021.2,,16110624.0,-0.026462569961563154
2000-09-01,2009.15,2026.35,1997.72,1999.86,,12795555.0,-0.010558084306352744
2000-09-04,1994.89,2010.6,1981.23,2010.6,,9840289.0,0.005370375926314841
2000-09-05,2015.06,2020.85,1959.59,1963.79,,9851131.0,-0.023281607480354127
2000-09-06,1955.5,1964.27,1923.6,1925.91,,11017267.0,-0.019289231536976925
2000-09-07,1929.3,1963.23,1929.3,1950.66,,8466657.0,0.012851067806906924
2000-09-08,1955.15,1963.89,1945.92,1959.31,,7223218.0,0.004434396563214538
2000-09-11,1963.27,1972.08,1956.08,1972.04,,7355435.0,0.0064971852335771185
2000-09-12,1975.41,1979.32,1965.4,1979.1,,6688864.0,0.0035800490862254453
2000-09-13,1980.53,1995.32,1975.13,1988.94,,8889416.0,0.004971956950128975
2000-09-14,1989.97,1992.37,1973.02,1979.51,,6467591.0,-0.004741218940742309
2000-09-15,1978.04,1978.47,1966.88,1978.43,,6331164.0,-0.0005455895650943177
2000-09-18,1979.53,1981.13,1946.18,1946.75,,6892538.0,-0.01601269693645979
2000-09-19,1937.32,1937.37,1895.49,1903.15,,9195399.0,-0.022396301528187945
2000-09-20,1902.91,1922.3,1892.28,1922.29,,7043396.0,0.010057010745343264
2000-09-21,1924.83,1927.52,1905.65,1907.31,,6394554.0,-0.007792788809180773
2000-09-22,1904.57,1904.57,1888.09,1891.98,,6683124.0,-0.008037497837268148
2000-09-25,1889.9,1896.72,1874.21,1875.91,,4759702.0,-0.008493747291197562
2000-09-26,1878.31,1890.67,1878.05,1887.83,,4358292.0,0.00635424940428897
2000-09-27,1889.88,1914.11,1889.87,1914.09,,4327159.0,0.013910150808070565
2000-09-28,1915.5,1917.06,1886.94,1889.29,,5049919.0,-0.012956548542649493
2000-09-29,1888.2,1910.49,1888.07,1910.16,,4682326.0,0.011046477777366226
2000-10-09,1912.08,1915.5,1897.24,1915.35,,5166776.0,0.002717049880638145
2000-10-10,1917.9,1942.17,1917.68,1942.15,,6677506.0,0.01399222074294526
2000-10-11,1944.25,1948.01,1931.46,1933.73,,7252889.0,-0.004335401488041679
2000-10-12,1933.14,1933.33,1918.47,1926.32,,7226056.0,-0.0038319724056616877
2000-10-13,1927.35,1932.32,1911.36,1918.16,,6642719.0,-0.004236056314630976
2000-10-16,1917.45,1917.56,1897.91,1902.81,,6085036.0,-0.008002460691496127
2000-10-17,1902.07,1909.49,1896.94,1909.49,,4174936.0,0.0035105974847724486
2000-10-18,1911.71,1922.85,1911.71,1922.85,,5755033.0,0.006996632608706976
2000-10-19,1925.21,1927.37,1911.18,1913.42,,5965058.0,-0.004904178693085681
2000-10-20,1913.16,1947.47,1912.38,1947.46,,9387661.0,0.017790134941622737
2000-10-23,1952.96,1960.86,1945.67,1958.94,,8577974.0,0.0058948579174924465
2000-10-24,1960.37,1962.13,1945.53,1956.34,,6357283.0,-0.0013272484098544313
2000-10-25,1957.38,1978.99,1957.31,1977.25,,11506545.0,0.010688326160074535
2000-10-26,1979.3,1980.63,1962.2,1967.67,,10652764.0,-0.004845113162220249
2000-10-27,1968.17,1971.79,1957.74,1967.41,,9037111.0,-0.0001321359780857012
2000-10-30,1967.65,1974.24,1962.81,1973.58,,9939449.0,0.0031361027950451703
2000-10-31,1974.53,1979.99,1956.42,1961.29,,9090422.0,-0.006227262132773914
2000-11-01,1961.08,1977.37,1959.72,1977.36,,8501940.0,0.008193586873945113
2000-11-02,1981.77,1992.86,1980.89,1984.26,,8933851.0,0.0034895011530526876
2000-11-03,1984.99,1989.11,1977.21,1981.63,,9320818.0,-0.001325431143096134
2000-11-06,1983.07,1992.88,1982.75,1991.17,,9996819.0,0.004814218597821052
2000-11-07,1993.45,1997.08,1990.06,1997.08,,7898747.0,0.0029681041799545227
2000-11-08,1999.15,2012.99,1998.35,2012.91,,9254272.0,0.007926572796282727
2000-11-09,2016.22,2032.52,2014.84,2032.48,,14051628.0,0.009722242921938795
2000-11-10,2037.08,2051.34,2033.63,2047.46,,13965900.0,0.0073703062268755115
2000-11-13,2054.48,2071.69,2053.44,2070.79,,14408777.0,0.011394605999628826
2000-11-14,2072.79,2085.12,2055.21,2085.12,,12448777.0,0.0069200643232776304
2000-11-15,2087.28,2092.65,2074.38,2081.91,,13334267.0,-0.0015394797421731665
2000-11-16,2081.14,2096.05,2080.61,2095.98,,12821820.0,0.006758217214000606
2000-11-17,2098.89,2104.7,2084.9,2093.24,,11801326.0,-0.0013072643822937824
2000-11-20,2092.59,2101.4,2078.28,2101.39,,13102959.0,0.0038934856968144693
2000-11-21,2104.07,2112.91,2095.58,2097.98,,12479718.0,-0.0016227354275026862
2000-11-22,2097.28,2113.35,2091.62,2113.3,,12146707.0,0.007302262175997942
2000-11-23,2119.16,2125.72,2109.22,2119.44,,12492077.0,0.0029054086026591985
2000-11-24,2119.01,2125.41,2045.51,2053.37,,16497562.0,-0.031173328803835054
2000-11-27,2041.16,2062.81,2031.93,2049.67,,10587826.0,-0.0018019158748787678
2000-11-28,2052.78,2079.48,2052.78,2079.4,,8588966.0,0.01450477393921945
2000-11-29,2081.5,2082.9,2055.94,2067.5,,9943629.0,-0.00572280465518904
2000-11-30,2067.07,2072.29,2057.04,2070.61,,8465550.0,0.0015042321644498369
2000-12-01,2073.09,2082.03,2071.5,2081.84,,12285286.0,0.005423522536837089
2000-12-04,2084.48,2092.32,2077.81,2092.14,,14228850.0,0.004947546401260272
2000-12-05,2094.99,2097.29,2085.8,2091.67,,13895864.0,-0.00022465035800656175
2000-12-06,2093.0,2095.44,2070.35,2075.63,,11383325.0,-0.007668513675675448
2000-12-07,2072.53,2078.14,2060.73,2075.04,,9687361.0,-0.0002842510466702919
2000-12-08,2074.57,2083.27,2069.66,2073.16,,11583235.0,-0.0009060066311975534
2000-12-11,2072.28,2072.48,2039.0,2046.08,,11986534.0,-0.013062185263076675
2000-12-12,2045.17,2059.05,2037.9,2059.05,,10991828.0,0.006338950578667735
2000-12-13,2057.38,2059.6,2050.18,2056.12,,9385102.0,-0.0014229863286469024
2000-12-14,2057.0,2059.27,2046.94,2051.08,,14192813.0,-0.002451218800459065
2000-12-15,2052.79,2055.61,2036.88,2039.36,,13205907.0,-0.005714062835189271
2000-12-18,2038.45,2044.56,2024.29,2044.55,,11262588.0,0.0025449160520947256
2000-12-19,2047.35,2056.76,2046.03,2049.03,,11368183.0,0.002191191215671129
2000-12-20,2050.07,2071.31,2048.64,2071.27,,11920718.0,0.010853916243295458
2000-12-21,2075.56,2086.94,2074.34,2076.89,,12498349.0,0.0027133111569230817
2000-12-22,2078.43,2079.97,2066.22,2069.77,,12032660.0,-0.003428202745451081
2000-12-25,2071.57,2075.21,2062.04,2068.17,,12061012.0,-0.0007730327524313463
2000-12-26,2070.38,2076.41,2068.81,2076.27,,10428055.0,0.003916505896517153
2000-12-27,2077.72,2079.76,2056.0,2058.24,,11761632.0,-0.008683841696889183
2000-12-28,2054.52,2061.05,2047.74,2053.7,,13842400.0,-0.0022057680348258613
2000-12-29,2055.83,2073.88,2055.5,2073.48,,13658680.0,0.009631396990797292
2001-01-02,2077.08,2103.54,2074.88,2103.47,,18650746.0,0.014463607076026674
2001-01-03,2108.25,2123.9,2105.5,2123.9,,17157672.0,0.009712522641159849
2001-01-04,2125.49,2127.42,2113.18,2117.41,,13423540.0,-0.0030556994208768007
2001-01-05,2117.66,2125.38,2114.06,2125.3,,13288175.0,0.003726250466371761
2001-01-08,2128.6,2131.98,2092.1,2102.06,,14787085.0,-0.010934926833858882
2001-01-09,2099.32,2111.1,2082.84,2101.14,,11649338.0,-0.00043766590868010713
2001-01-10,2102.09,2125.67,2102.07,2125.62,,12916883.0,0.011650818127302287
2001-01-11,2129.61,2131.37,2117.03,2119.14,,14072209.0,-0.003048522313489732
2001-01-12,2116.85,2117.73,2100.27,2104.75,,10660882.0,-0.006790490481987876
2001-01-15,2097.09,2097.09,2030.29,2032.44,,14998588.0,-0.03435562418339466
2001-01-16,2018.3,2045.95,2007.71,2045.89,,11583722.0,0.006617661529983776
2001-01-17,2046.38,2048.7,2031.76,2034.58,,7324134.0,-0.0055281564502490665
2001-01-18,2033.69,2049.36,2033.58,2043.11,,10341571.0,0.004192511476570182
2001-01-19,2046.58,2067.88,2046.54,2065.61,,11831264.0,0.011012622913108006
2001-02-05,2069.86,2072.55,2005.68,2008.03,,8974243.0,-0.0278755428178602
2001-02-06,1999.72,1999.73,1956.18,1995.31,,9528427.0,-0.006334566714640721
2001-02-07,1995.6,1998.25,1978.6,1979.94,,5882229.0,-0.007703063684339706
2001-02-08,1977.56,1986.9,1926.4,1930.14,,8885737.0,-0.02515227734173764
2001-02-09,1935.19,1963.33,1935.19,1956.97,,11237019.0,0.013900546074377962
2001-02-12,1958.66,1961.81,1935.59,1961.22,,7203075.0,0.0021717246559733727
2001-02-13,1962.53,1974.0,1958.99,1963.53,,5403514.0,0.0011778382843332658
2001-02-14,1962.74,1966.84,1956.42,1963.2,,4382153.0,-0.00016806465905783163
2001-02-15,1963.45,1966.92,1944.56,1946.48,,4506756.0,-0.008516707416462932
2001-02-16,1942.05,1942.12,1911.87,1941.96,,6750210.0,-0.0023221404792240774
2001-02-19,1942.58,1969.35,1935.65,1967.55,,5846083.0,0.013177408391521928
2001-02-20,1969.78,1980.39,1947.26,1953.22,,6435934.0,-0.0072831694239028355
2001-02-21,1948.42,1948.42,1901.21,1909.33,,7617817.0,-0.02247058703064686
2001-02-22,1901.99,1922.46,1893.78,1907.26,,5054734.0,-0.0010841499374125707
2001-02-23,1906.91,1936.63,1906.55,1936.35,,6209740.0,0.015252246678481018
2001-02-26,1940.77,1954.78,1935.55,1954.69,,7624348.0,0.009471428202546095
2001-02-27,1956.27,1962.28,1946.98,1962.04,,7398594.0,0.00376018703733072
2001-02-28,1964.36,1965.02,1950.93,1959.18,,6141354.0,-0.0014576665103667175
2001-03-01,1959.01,1968.36,1953.72,1965.12,,11667369.0,0.0030318806847762225
2001-03-02,1969.06,1987.39,1968.96,1985.11,,15163578.0,0.010172406774141107
2001-03-05,1991.28,1993.81,1979.65,1984.2,,10719359.0,-0.000458412883920678
2001-03-06,1986.73,1990.06,1977.11,1990.06,,20872240.0,0.0029533313174074927
2001-03-07,1991.28,1996.85,1986.04,1991.18,,13890054.0,0.0005627971015949029
2001-03-08,1990.64,2002.25,1989.87,2000.9,,11474609.0,0.004881527536435781
2001-03-09,2003.21,2015.5,1999.48,2011.66,,15653669.0,0.0053775800889599434
2001-03-12,2013.31,2015.6,2004.96,2012.55,,12319635.0,0.0004424206873925307
2001-03-13,2012.16,2012.77,1992.17,1998.7,,13787212.0,-0.00688181660082976
2001-03-14,1996.15,2018.62,1994.94,2018.62,,10675446.0,0.00996647821083707
2001-03-15,2019.73,2027.33,2017.59,2022.6,,13727997.0,0.0019716439944119646
2001-03-16,2023.03,2024.28,2011.99,2020.24,,12309716.0,-0.0011668149906061132
2001-03-19,2019.85,2036.63,2017.49,2036.62,,13918484.0,0.008107947570585639
2001-03-20,2039.55,2045.94,2037.17,2045.79,,12438004.0,0.004502558160088821
2001-03-21,2047.63,2066.39,2046.43,2066.39,,19606416.0,0.010069459719717067
2001-03-22,2071.2,2087.53,2068.14,2087.53,,23619556.0,0.010230401811855527
2001-03-23,2091.18,2093.95,2052.55,2053.54,,24221622.0,-0.01628240073196563
2001-03-26,2052.05,2089.99,2052.05,2089.88,,21154246.0,0.01769627082988401
2001-03-27,2096.5,2107.3,2090.9,2107.26,,17883714.0,0.008316266962696384
2001-03-28,2109.75,2112.88,2096.92,2106.87,,15672518.0,-0.00018507445687776514
2001-03-29,2107.22,2111.73,2096.93,2101.66,,15510812.0,-0.0024728625876300203
2001-03-30,2101.1,2112.83,2096.28,2112.77,,24367148.0,0.005286297498168224
2001-04-02,2117.45,2126.97,2114.78,2125.08,,23700180.0,0.005826474249444935
2001-04-03,2127.78,2129.83,2109.25,2123.05,,20573912.0,-0.0009552581549869821
2001-04-04,2123.89,2128.16,2084.93,2090.72,,20793022.0,-0.01522809166058281
2001-04-05,2084.81,2112.62,2081.64,2112.6,,23045766.0,0.01046529425269771
2001-04-06,2116.38,2122.22,2103.26,2108.61,,37397508.0,-0.0018886679920475657
2001-04-09,2108.97,2117.41,2100.97,2117.37,,25864174.0,0.004154395549674783
2001-04-10,2119.54,2128.55,2119.36,2128.48,,20749508.0,0.005247075381251243
2001-04-11,2130.9,2134.51,2121.16,2131.4,,15311063.0,0.0013718710065400153
2001-04-12,2132.81,2141.92,2124.81,2134.8,,18643070.0,0.0015951956460542593
2001-04-13,2135.67,2145.44,2130.59,2145.4,,18643834.0,0.004965336331272274
2001-04-16,2150.29,2168.08,2150.29,2168.06,,31419584.0,0.010562132935582946
2001-04-17,2173.3,2177.16,2163.19,2176.68,,28552578.0,0.003975904725883828
2001-04-18,2177.99,2179.74,2167.59,2172.56,,22127852.0,-0.0018927908557987427
2001-04-19,2172.43,2175.58,2148.31,2172.87,,24544314.0,0.00014268880951506802
2001-04-20,2173.96,2179.57,2152.01,2152.34,,22812702.0,-0.009448333310322132
2001-04-23,2150.34,2157.51,2132.55,2150.43,,21827884.0,-0.0008874062648096537
2001-04-24,2151.34,2166.19,2151.34,2166.17,,13515372.0,0.00731946633929037
2001-04-25,2168.05,2170.39,2115.26,2119.18,,18194856.0,-0.021692664933961936
2001-04-26,2113.39,2125.79,2102.83,2105.06,,13285484.0,-0.006662954539019772
2001-04-27,2104.03,2120.84,2104.03,2115.11,,13625350.0,0.004774210711333771
2001-04-30,2117.17,2122.5,2111.95,2119.18,,10911782.0,0.0019242498026106336
2001-05-08,2119.9,2138.04,2119.89,2137.99,,8480368.0,0.008876074708141779
2001-05-09,2140.55,2142.38,2127.32,2132.89,,9719034.0,-0.002385418079598134
2001-05-10,2134.19,2147.34,2134.19,2147.28,,9850559.0,0.006746714551618016
2001-05-11,2150.32,2155.42,2144.76,2155.41,,13806464.0,0.0037861853135128243
2001-05-14,2161.61,2178.7,2160.12,2178.47,,25253200.0,0.010698660579657737
2001-05-15,2184.79,2191.07,2176.79,2191.06,,24656102.0,0.0057792854618150535
2001-05-16,2195.37,2199.54,2187.41,2199.5,,18947892.0,0.0038520168320357318
2001-05-17,2201.98,2205.01,2187.84,2194.65,,27912472.0,-0.002205046601500338
2001-05-18,2194.62,2203.37,2186.65,2203.37,,32001434.0,0.003973298703665584
2001-05-21,2207.78,2213.75,2202.74,2213.6,,33653540.0,0.004642887939837692
2001-05-22,2215.77,2218.45,2205.25,2210.34,,15254451.0,-0.0014727141308275016
2001-05-23,2210.85,2213.4,2175.28,2197.6,,20262686.0,-0.005763819140946702
2001-05-24,2198.01,2202.84,2192.17,2198.3,,14328948.0,0.0003185293046961135
2001-05-25,2199.66,2204.24,2181.25,2193.58,,13580861.0,-0.0021471136787518663
2001-05-28,2194.45,2194.83,2171.68,2179.7,,14947151.0,-0.0063275558675772725
2001-05-29,2177.65,2188.76,2176.56,2180.28,,12065510.0,0.0002660916639907196
2001-05-30,2180.62,2211.21,2180.53,2211.2,,19024930.0,0.014181664740308353
2001-05-31,2217.87,2222.65,2208.88,2214.26,,18573080.0,0.0013838639652679063
2001-06-01,2216.56,2223.26,2212.16,2219.59,,17805808.0,0.0024071247279000563
2001-06-04,2223.91,2229.05,2222.23,2226.78,,25639842.0,0.003239336994670161
2001-06-05,2229.25,2235.5,2226.82,2234.99,,24038726.0,0.003686938089977332
2001-06-06,2237.99,2241.09,2224.3,2238.5,,16878380.0,0.0015704768253996804
2001-06-07,2241.01,2242.69,2223.41,2229.81,,15404849.0,-0.003882063882063913
2001-06-08,2229.21,2229.41,2211.75,2223.07,,15120425.0,-0.003022679062341549
2001-06-11,2223.79,2226.61,2206.64,2214.62,,15323698.0,-0.0038010498994635045
2001-06-12,2213.54,2223.3,2211.86,2222.96,,13822778.0,0.003765883086037425
2001-06-13,2227.07,2242.42,2226.88,2242.42,,13948556.0,0.008754093640911176
2001-06-14,2243.3,2245.44,2201.01,2202.4,,17901196.0,-0.017846790520955058
2001-06-15,2196.69,2212.09,2188.25,2210.97,,14649235.0,0.00389120958953848
2001-06-18,2211.89,2214.11,2157.12,2167.65,,17262698.0,-0.01959321021994853
2001-06-19,2163.32,2174.21,2158.76,2170.45,,9162338.0,0.0012917214494958529
2001-06-20,2171.01,2180.73,2157.4,2163.12,,8067520.0,-0.0033771798474970804
2001-06-21,2164.12,2189.23,2164.09,2189.15,,10926355.0,0.012033544139946173
2001-06-22,2191.36,2206.51,2188.94,2206.07,,12275331.0,0.007729027248018605
2001-06-25,2210.07,2230.22,2210.04,2230.2,,14715507.0,0.010938002873888797
2001-06-26,2234.07,2236.78,2223.5,2233.59,,16016553.0,0.0015200430454669345
2001-06-27,2234.71,2237.52,2223.81,2229.83,,12349234.0,-0.0016833886254864483
2001-06-28,2231.37,2237.49,2213.58,2219.25,,13362484.0,-0.004744756326715449
2001-06-29,2218.57,2225.35,2214.16,2218.03,,17230252.0,-0.0005497352709247227
2001-07-02,2220.42,2223.21,2201.59,2205.99,,12083407.0,-0.005428240375468518
2001-07-03,2206.85,2211.86,2191.68,2211.83,,20364184.0,0.002647337476597844
2001-07-04,2212.97,2216.22,2199.63,2202.06,,14379276.0,-0.004417156833933844
2001-07-05,2202.3,2204.26,2176.75,2181.66,,12834708.0,-0.009264052750606266
2001-07-06,2179.81,2187.24,2168.78,2170.52,,10699916.0,-0.005106203533089437
2001-07-09,2169.47,2175.17,2164.01,2169.66,,8908828.0,-0.00039621841770642874
2001-07-10,2172.61,2189.79,2172.59,2189.78,,7291747.0,0.009273342367007054
2001-07-11,2190.98,2192.52,2167.67,2168.74,,7251158.0,-0.00960827115052676
2001-07-12,2164.92,2168.4,2153.68,2165.49,,7460675.0,-0.0014985659876241009
2001-07-13,2167.7,2178.02,2158.85,2161.34,,8061426.0,-0.0019164253817840482
2001-07-16,2176.34,2183.52,2142.08,2146.24,,11125688.0,-0.006986406581102611
2001-07-17,2145.49,2146.03,2121.28,2140.98,,9228229.0,-0.0024507976740717474
2001-07-18,2142.01,2147.84,2137.41,2146.54,,5200871.0,0.002596941587497348
2001-07-19,2146.51,2150.27,2135.24,2150.26,,8538162.0,0.0017330215136919236
2001-07-20,2153.24,2179.77,2153.14,2179.62,,12949597.0,0.013654162752411159
2001-07-23,2183.74,2185.86,2166.33,2169.01,,9736242.0,-0.004867820996320327
2001-07-24,2162.75,2162.75,2129.18,2136.45,,11095459.0,-0.015011456839756576
2001-07-25,2130.45,2140.5,2108.76,2112.26,,9075121.0,-0.011322521004469843
2001-07-26,2109.92,2116.56,2086.08,2094.01,,9157128.0,-0.008640034844195288
2001-07-27,2093.87,2101.15,2063.89,2065.73,,10545587.0,-0.01350518860941452
2001-07-30,2056.76,2056.77,1955.97,1956.82,,12318097.0,-0.052722282195640346
2001-07-31,1939.26,1978.1,1909.3,1920.32,,11772308.0,-0.01865271205322927
2001-08-01,1925.24,1986.94,1925.24,1986.93,,11570927.0,0.034686927178803506
2001-08-02,1989.64,1990.7,1912.73,1957.02,,11394469.0,-0.015053373797768499
2001-08-03,1956.54,1965.32,1948.9,1958.69,,7348473.0,0.0008533382387507782
2001-08-06,1953.41,1953.45,1867.86,1882.13,,12326410.0,-0.03908734919767798
2001-08-07,1872.67,1911.21,1861.78,1903.93,,11860230.0,0.011582621816771388
2001-08-08,1902.87,1907.95,1885.42,1895.17,,13127597.0,-0.004601009490895147
2001-08-09,1894.69,1924.65,1894.05,1924.59,,10716535.0,0.015523673338011745
2001-08-10,1929.96,1956.4,1929.69,1955.04,,14705140.0,0.015821551603198536
2001-08-13,1956.93,1963.14,1942.07,1955.1,,9948979.0,3.068990915777725e-05
2001-08-14,1955.51,1960.95,1924.27,1939.54,,8851098.0,-0.007958672190680804
2001-08-15,1938.54,1949.16,1935.39,1947.36,,5434347.0,0.004031883848747642
2001-08-16,1948.27,1950.46,1918.49,1919.65,,6582618.0,-0.01422952099252306
2001-08-17,1916.84,1928.14,1909.67,1924.0,,7105466.0,0.002266038079858257
2001-08-20,1923.1,1937.16,1917.1,1934.49,,8064581.0,0.005452182952182971
2001-08-21,1936.06,1947.4,1935.77,1938.87,,8402581.0,0.0022641626475194965
2001-08-22,1935.54,1935.56,1891.35,1903.45,,9922789.0,-0.018268372815093303
2001-08-23,1892.37,1903.47,1869.49,1902.99,,7772230.0,-0.00024166644776590918
2001-08-24,1903.39,1912.19,1883.24,1886.8,,7783670.0,-0.008507664254672975
2001-08-27,1881.31,1881.31,1824.88,1827.25,,9766366.0,-0.03156137375450496
2001-08-28,1816.66,1843.44,1795.57,1843.39,,9173735.0,0.008832945683403981
2001-08-29,1846.82,1865.48,1837.94,1847.54,,8495224.0,0.002251287030959226
2001-08-30,1846.19,1846.54,1831.02,1839.63,,6463776.0,-0.00428136873897178
2001-08-31,1838.21,1846.94,1831.52,1834.14,,8065334.0,-0.0029842957551247107
2001-09-03,1831.7,1831.8,1813.37,1817.19,,6931195.0,-0.00924138833458732
2001-09-04,1815.27,1862.4,1814.92,1862.36,,9963105.0,0.024857059525971392
2001-09-05,1868.36,1888.9,1863.83,1868.27,,10618446.0,0.0031733928993320504
2001-09-06,1867.63,1876.47,1853.29,1861.56,,9983542.0,-0.0035915579653904572
2001-09-07,1858.24,1858.24,1807.14,1808.84,,14013289.0,-0.028320333483744853
2001-09-10,1790.21,1858.2,1774.83,1856.53,,11727593.0,0.026364963180823153
2001-09-11,1859.97,1871.13,1849.61,1863.78,,10143178.0,0.0039051348483460924
2001-09-12,1822.13,1858.69,1815.59,1852.6,,15107825.0,-0.0059985620620459645
2001-09-13,1851.62,1857.86,1837.82,1839.91,,7657115.0,-0.006849832667602196
2001-09-14,1838.67,1846.02,1814.74,1818.38,,8465186.0,-0.011701659320292879
2001-09-17,1811.9,1816.26,1782.5,1784.61,,8260906.0,-0.018571475709147856
2001-09-18,1784.59,1817.56,1780.05,1798.62,,6175074.0,0.007850454721199496
2001-09-19,1800.24,1822.97,1784.91,1822.69,,7292669.0,0.013382482125184891
2001-09-20,1826.42,1836.79,1814.46,1818.42,,8715197.0,-0.0023426912969292113
2001-09-21,1815.56,1821.34,1803.8,1807.02,,13707383.0,-0.006269178737585479
2001-09-24,1804.89,1808.7,1791.62,1794.96,,7794230.0,-0.006673971511106602
2001-09-25,1799.98,1813.31,1788.4,1793.88,,7074227.0,-0.0006016847172081174
2001-09-26,1793.65,1793.67,1765.17,1767.81,,6762135.0,-0.014532744665195052
2001-09-27,1765.62,1779.13,1750.76,1764.93,,6167968.0,-0.0016291343526735336
2001-09-28,1766.13,1774.3,1751.72,1764.87,,5863855.0,-3.399568254836005e-05
2001-10-08,1766.13,1773.8,1723.04,1726.53,,4720978.0,-0.021723979669890703
2001-10-09,1724.17,1751.07,1722.22,1744.64,,5640031.0,0.01048924721840927
2001-10-10,1744.04,1744.64,1683.71,1686.61,,6850454.0,-0.03326187637564204
2001-10-11,1682.32,1693.22,1634.21,1638.33,,8462168.0,-0.028625467654051606
2001-10-12,1637.75,1700.71,1598.79,1691.33,,12870193.0,0.03235001495425216
2001-10-15,1692.17,1703.59,1670.27,1687.28,,6689659.0,-0.0023945652238178683
2001-10-16,1689.19,1691.65,1649.2,1655.9,,5668653.0,-0.0185979801811198
2001-10-17,1654.93,1661.88,1635.92,1643.07,,5848359.0,-0.007748052418624418
2001-10-18,1642.01,1651.11,1609.38,1615.58,,6471829.0,-0.016730875738708684
2001-10-19,1610.44,1610.44,1550.91,1572.45,,11377782.0,-0.02669629482910152
2001-10-22,1558.47,1563.4,1514.86,1520.67,,8008601.0,-0.032929504912715846
2001-10-23,1642.22,1670.74,1625.15,1670.56,,37543756.0,0.09856839419466401
2001-10-24,1733.64,1744.92,1685.72,1718.06,,33354956.0,0.0284335791590844
2001-10-25,1708.03,1708.03,1673.05,1676.5,,14494377.0,-0.02419007485186775
2001-10-26,1669.16,1681.9,1651.52,1677.88,,9601522.0,0.0008231434536236648
2001-10-29,1678.73,1701.12,1678.73,1700.48,,9509000.0,0.013469378024650203
2001-10-30,1702.86,1704.48,1680.44,1682.77,,10310847.0,-0.010414706435829868
2001-10-31,1678.93,1689.17,1655.89,1689.17,,7731641.0,0.0038032529698057704
2001-11-01,1692.35,1717.74,1688.1,1707.75,,9547888.0,0.010999484954149041
2001-11-02,1703.92,1711.74,1688.57,1691.35,,9625065.0,-0.00960327916849657
2001-11-05,1687.84,1688.31,1671.23,1679.57,,8749560.0,-0.006964850563159541
2001-11-06,1678.17,1685.52,1668.66,1671.28,,6735995.0,-0.004935787135993075
2001-11-07,1669.43,1669.46,1591.77,1594.05,,11914083.0,-0.046210090469580245
2001-11-08,1566.52,1605.9,1550.47,1605.87,,9157186.0,0.007415074809447697
2001-11-09,1605.08,1637.9,1582.85,1630.36,,9657029.0,0.015250300460186716
2001-11-12,1631.8,1637.33,1619.11,1621.19,,6005700.0,-0.005624524644863627
2001-11-13,1609.95,1623.45,1598.11,1615.93,,5573401.0,-0.003244530252468847
2001-11-14,1615.75,1627.97,1614.59,1617.1,,4801700.0,0.0007240412641635885
2001-11-15,1619.26,1624.81,1612.91,1621.34,,4447500.0,0.0026219776142477613
2001-11-16,1725.45,1734.67,1644.61,1646.76,,17699500.0,0.01567838948030653
2001-11-19,1645.09,1669.99,1644.82,1669.89,,6853200.0,0.014045762588355437
2001-11-20,1672.21,1703.74,1670.8,1699.73,,14353100.0,0.017869440502068956
2001-11-21,1700.66,1707.93,1690.23,1705.66,,10728900.0,0.0034887893959629768
2001-11-22,1705.92,1715.93,1700.51,1715.81,,9541100.0,0.005950775652826312
2001-11-23,1715.65,1721.97,1704.14,1712.56,,10254900.0,-0.0018941491190749282
2001-11-26,1710.13,1710.13,1696.0,1705.89,,7893300.0,-0.0038947540524126856
2001-11-27,1705.51,1722.62,1704.85,1722.59,,7839900.0,0.009789611287949196
2001-11-28,1725.54,1741.67,1725.16,1735.0,,13331700.0,0.0072042679918031816
2001-11-29,1735.38,1741.74,1728.89,1732.3,,10537600.0,-0.0015561959654178947
2001-11-30,1732.13,1748.0,1731.96,1747.99,,12148700.0,0.009057322634647536
2001-12-03,1751.05,1767.44,1750.92,1762.56,,12308900.0,0.008335287959313264
2001-12-04,1763.79,1770.36,1754.87,1769.68,,10210900.0,0.004039578794480914
2001-12-05,1765.56,1776.02,1745.11,1745.23,,13622700.0,-0.013816057140274007
2001-12-06,1740.08,1754.77,1737.06,1751.18,,9694300.0,0.0034092927579745247
2001-12-07,1752.02,1756.47,1743.33,1745.41,,8245100.0,-0.003294921138889184
2001-12-10,1743.63,1748.97,1730.81,1748.68,,7386900.0,0.00187348531290632
2001-12-11,1748.02,1748.98,1726.69,1728.88,,9127800.0,-0.011322826360454674
2001-12-12,1724.88,1728.83,1714.18,1715.17,,8719700.0,-0.007929989357271738
2001-12-13,1713.78,1720.55,1687.09,1688.01,,8595300.0,-0.015835165027373477
2001-12-14,1683.73,1692.91,1673.32,1675.51,,6840601.0,-0.007405169400655165
2001-12-17,1673.24,1680.84,1662.68,1665.94,,5152000.0,-0.005711693752946778
2001-12-18,1666.51,1687.77,1660.5,1687.29,,6820200.0,0.012815587596191946
2001-12-19,1688.92,1693.18,1671.94,1672.7,,5899801.0,-0.00864700199728552
2001-12-20,1669.48,1669.48,1628.47,1631.54,,8320900.0,-0.02460692293896105
2001-12-21,1627.44,1640.79,1624.5,1640.14,,5902500.0,0.005271093568040008
2001-12-24,1639.52,1640.14,1601.24,1606.1,,6635700.0,-0.020754325850232402
2001-12-25,1604.67,1613.6,1593.03,1611.17,,6263900.0,0.0031567150239713015
2001-12-26,1610.65,1634.33,1605.15,1633.64,,7229000.0,0.013946386787241583
2001-12-27,1635.46,1644.41,1625.46,1627.92,,7360700.0,-0.003501383413726411
2001-12-28,1626.96,1639.85,1619.53,1639.48,,7060500.0,0.007101086048454386
2001-12-31,1641.43,1649.8,1638.32,1645.97,,10632300.0,0.003958572230219337
2002-01-04,1643.49,1643.5,1608.83,1611.39,,5265300.0,-0.021008888375851242
2002-01-07,1605.74,1605.74,1584.66,1596.76,,5134000.0,-0.00907911802853445
2002-01-08,1594.87,1607.72,1582.45,1583.46,,6071400.0,-0.008329366968110374
2002-01-09,1580.71,1580.72,1552.56,1561.35,,6808601.0,-0.013963093478837507
2002-01-10,1556.74,1580.01,1523.66,1576.44,,12487601.0,0.009664713228936694
2002-01-11,1574.26,1574.27,1535.28,1535.59,,5483400.0,-0.025912816218822243
2002-01-14,1519.93,1519.93,1484.46,1485.11,,8867100.0,-0.03287335812293646
2002-01-15,1475.34,1491.7,1458.02,1459.65,,7312500.0,-0.01714351125505842
2002-01-16,1458.84,1482.18,1439.4,1479.62,,6379801.0,0.013681361970335315
2002-01-17,1476.36,1476.38,1416.3,1419.52,,8109100.0,-0.04061853719198172
2002-01-18,1405.55,1434.97,1376.89,1415.44,,10553100.0,-0.002874211000901683
2002-01-21,1407.0,1412.21,1362.62,1366.97,,5676900.0,-0.03424376872209345
2002-01-22,1360.29,1400.76,1348.79,1358.69,,9519900.0,-0.006057192184173776
2002-01-23,1355.86,1445.7,1346.17,1444.97,,13839500.0,0.06350234416975176
2002-01-24,1435.32,1478.54,1400.35,1456.4,,17330600.0,0.007910198827657311
2002-01-25,1449.88,1464.9,1442.94,1451.48,,9777400.0,-0.003378192804174729
2002-01-28,1444.5,1448.6,1357.55,1359.55,,13984100.0,-0.06333535425910108
2002-01-29,1343.36,1396.11,1339.2,1392.78,,8726100.0,0.02444191092640957
2002-01-30,1392.95,1408.05,1381.01,1396.61,,7118000.0,0.0027498958916698513
2002-01-31,1413.22,1501.33,1413.22,1491.67,,27589602.0,0.06806481408553577
2002-02-01,1494.58,1507.64,1480.77,1485.77,,18166900.0,-0.0039552984239141775
2002-02-04,1485.68,1513.67,1476.13,1511.33,,11584700.0,0.017203201033807458
2002-02-05,1510.57,1522.32,1502.09,1518.28,,13974400.0,0.004598598585352054
2002-02-06,1517.81,1521.56,1484.25,1485.8,,11856200.0,-0.021392628500671806
2002-02-07,1482.36,1521.03,1481.07,1515.39,,12798700.0,0.01991519720016166
2002-02-08,1520.72,1530.13,1506.07,1506.62,,9404000.0,-0.00578728908069881
2002-02-25,1540.49,1544.57,1521.66,1530.28,,11375700.0,0.015704026230900947
2002-02-26,1529.38,1531.72,1507.58,1531.43,,9296600.0,0.0007514964581645245
2002-02-27,1531.32,1544.92,1524.69,1538.32,,11617100.0,0.004499062967291856
2002-02-28,1537.93,1544.39,1521.08,1524.7,,9027800.0,-0.008853814550938588
2002-03-01,1521.53,1521.57,1501.56,1502.54,,7298201.0,-0.014534006689840728
2002-03-04,1497.83,1527.4,1494.83,1526.8,,7526300.0,0.016145992785549845
2002-03-05,1529.3,1566.07,1529.3,1560.08,,18763600.0,0.02179722294996078
2002-03-06,1564.69,1594.67,1563.92,1569.21,,21051700.0,0.005852263986462214
2002-03-07,1569.17,1613.26,1569.07,1613.0,,22017900.0,0.027905761497823756
2002-03-08,1622.87,1645.29,1611.23,1640.26,,33084300.0,0.016900185988840688
2002-03-11,1643.59,1664.52,1632.62,1664.09,,36350700.0,0.014528184556106938
2002-03-12,1665.24,1672.04,1641.58,1643.69,,30771400.0,-0.012258952340318041
2002-03-13,1636.94,1655.63,1621.8,1623.43,,19757200.0,-0.01232592520487441
2002-03-14,1621.08,1665.79,1621.08,1665.15,,16495100.0,0.025698675027565177
2002-03-15,1671.83,1676.51,1620.56,1620.98,,17542200.0,-0.026526138786295617
2002-03-18,1641.43,1657.68,1610.99,1623.88,,16323000.0,0.0017890411973005005
2002-03-19,1624.32,1665.62,1624.29,1665.36,,17211900.0,0.025543759391087884
2002-03-20,1673.27,1686.11,1664.37,1682.51,,26220600.0,0.010298073689772869
2002-03-21,1686.95,1693.87,1675.25,1685.02,,18358166.0,0.0014918187707650965
2002-03-22,1684.07,1684.46,1659.52,1669.69,,13586600.0,-0.009097814862731535
2002-03-25,1667.85,1677.05,1663.4,1675.29,,11101700.0,0.0033539159963824616
2002-03-26,1674.7,1675.21,1641.91,1649.48,,13766799.0,-0.015406287866578272
2002-03-27,1646.68,1655.18,1635.82,1654.23,,9183000.0,0.0028796954191623314
2002-03-28,1653.98,1666.52,1645.34,1650.67,,9549300.0,-0.0021520586617338466
2002-03-29,1648.09,1648.09,1596.25,1603.91,,15007400.0,-0.02832789109876599
2002-04-01,1598.03,1609.92,1589.41,1608.51,,9246300.0,0.0028679913461477913
2002-04-02,1608.52,1610.73,1575.97,1582.88,,10704700.0,-0.015934001032010925
2002-04-03,1582.74,1603.8,1582.67,1594.51,,9056800.0,0.007347366825027679
2002-04-04,1595.02,1643.54,1583.63,1641.7,,13272800.0,0.029595298869245168
2002-04-05,1650.5,1657.09,1628.55,1634.64,,13270200.0,-0.004300420296034613
2002-04-08,1633.83,1643.68,1631.07,1640.65,,7840400.0,0.003676650516321711
2002-04-09,1641.85,1671.86,1640.69,1667.52,,18754700.0,0.01637765519763512
2002-04-10,1670.8,1677.94,1663.47,1677.66,,14493700.0,0.0060808865860679795
2002-04-11,1679.34,1680.3,1649.27,1649.53,,11766400.0,-0.016767402214989957
2002-04-12,1648.45,1664.42,1648.45,1658.98,,11237800.0,0.005728904597066986
2002-04-15,1660.57,1664.52,1638.64,1649.5,,10513300.0,-0.00571435460343106
2002-04-16,1647.51,1654.74,1635.75,1640.29,,7547600.0,-0.005583510154592353
2002-04-17,1641.72,1649.43,1630.23,1644.4,,9050200.0,0.0025056544879260567
2002-04-18,1644.15,1646.25,1626.03,1628.14,,9560200.0,-0.009888105083921128
2002-04-19,1625.25,1635.53,1603.96,1635.17,,10622400.0,0.004317810507695974
2002-04-22,1633.64,1637.19,1619.16,1627.48,,6609401.0,-0.004702874930435419
2002-04-23,1626.63,1634.86,1621.87,1624.55,,6396100.0,-0.0018003293435250312
2002-04-24,1623.47,1626.39,1609.21,1611.05,,6859500.0,-0.008309993536671723
2002-04-25,1609.94,1616.76,1603.64,1615.92,,5909900.0,0.0030228732814003845
2002-04-26,1615.52,1643.15,1615.52,1640.59,,9104900.0,0.015266844893311537
2002-04-29,1643.55,1667.16,1640.56,1665.81,,12737100.0,0.01537251842325027
2002-04-30,1668.31,1673.75,1657.82,1667.75,,11275200.0,0.001164598603682343
2002-05-08,1669.87,1670.92,1651.69,1652.37,,5335500.0,-0.009222005696297497
2002-05-09,1648.46,1659.25,1646.82,1650.58,,6538500.0,-0.0010832924829184964
2002-05-10,1650.91,1652.29,1636.86,1638.2,,6997300.0,-0.007500393800966898
2002-05-13,1634.9,1634.92,1618.46,1623.94,,6777300.0,-0.008704675863752898
2002-05-14,1622.33,1629.88,1613.55,1616.23,,6308200.0,-0.004747712353904698
2002-05-15,1614.9,1618.14,1597.92,1598.35,,7819100.0,-0.011062781906040708
2002-05-16,1592.24,1592.24,1546.94,1549.5,,10526900.0,-0.03056276785434975
2002-05-17,1549.08,1570.15,1540.58,1567.5,,8445100.0,0.011616650532429773
2002-05-20,1564.97,1564.98,1529.35,1541.53,,6012900.0,-0.016567783094098898
2002-05-21,1575.02,1599.11,1564.55,1588.11,,12498900.0,0.030216732726576767
2002-05-22,1590.79,1591.03,1563.16,1564.49,,7702500.0,-0.014873025168281706
2002-05-23,1571.08,1585.74,1568.1,1571.61,,9149000.0,0.004551003841507306
2002-05-24,1572.94,1574.13,1544.42,1549.47,,6374700.0,-0.01408746444728648
2002-05-27,1555.04,1562.63,1545.62,1555.05,,4682100.0,0.0036012313887974212
2002-05-28,1557.62,1569.41,1557.23,1558.52,,4680600.0,0.002231439503552979
2002-05-29,1558.13,1558.15,1520.13,1524.81,,6605600.0,-0.0216294946487694
2002-05-30,1524.22,1530.77,1506.54,1523.52,,6713300.0,-0.000846007043500463
2002-05-31,1523.01,1532.03,1513.26,1515.73,,4850400.0,-0.0051131590002100324
2002-06-03,1510.25,1510.26,1480.09,1483.35,,6233401.0,-0.021362643742619092
2002-06-04,1484.01,1498.05,1474.36,1490.51,,5546201.0,0.004826912057168009
2002-06-05,1491.07,1491.07,1460.48,1462.0,,5415900.0,-0.019127681129277874
2002-06-06,1458.61,1532.74,1455.31,1521.26,,10962100.0,0.04053351573187425
2002-06-07,1522.88,1540.83,1508.43,1529.51,,11445400.0,0.005423136084561575
2002-06-10,1529.34,1529.38,1511.26,1517.23,,5479400.0,-0.0080287150786853
2002-06-11,1515.99,1534.38,1515.75,1530.96,,5805300.0,0.009049386052213615
2002-06-12,1531.75,1531.75,1513.92,1524.84,,11734300.0,-0.003997491769869965
2002-06-13,1524.77,1529.44,1511.22,1511.71,,5775801.0,-0.008610739487421526
2002-06-14,1508.64,1508.65,1493.24,1493.24,,5461500.0,-0.0122179518558454
2002-06-17,1489.14,1496.84,1481.25,1496.24,,4482200.0,0.0020090541373121162
2002-06-18,1496.83,1527.77,1496.81,1524.07,,8365200.0,0.018599957226113517
2002-06-19,1523.95,1524.01,1506.43,1507.67,,4434300.0,-0.010760660599578697
2002-06-20,1511.12,1528.36,1510.53,1516.15,,5680500.0,0.005624573016641543
2002-06-21,1517.28,1564.92,1517.26,1562.72,,17967800.0,0.03071595818355699
2002-06-24,1704.7,1709.07,1647.5,1707.31,,85051896.0,0.0925245725401862
2002-06-25,1718.23,1748.89,1690.61,1706.59,,52889904.0,-0.0004217160328235936
2002-06-26,1698.11,1719.08,1684.91,1712.91,,29518700.0,0.0037032913587915495
2002-06-27,1714.74,1730.67,1706.14,1723.55,,26111900.0,0.006211651517008976
2002-06-28,1724.73,1747.23,1711.0,1732.76,,40515800.0,0.005343622175161711
2002-07-01,1736.29,1740.38,1712.77,1713.71,,20825400.0,-0.01099402109928671
2002-07-02,1707.45,1725.89,1698.83,1724.95,,15195000.0,0.006558869353624708
2002-07-03,1727.09,1736.08,1719.62,1730.92,,15529100.0,0.0034609698831851166
2002-07-04,1731.9,1735.83,1710.29,1713.14,,17093600.0,-0.010271994084070868
2002-07-05,1709.84,1722.48,1704.19,1722.19,,14110100.0,0.0052826972693416074
2002-07-08,1723.58,1737.86,1721.12,1732.93,,12441400.0,0.0062362457104037095
2002-07-09,1733.83,1741.92,1724.39,1729.99,,11637700.0,-0.0016965486199673752
2002-07-10,1728.52,1729.73,1698.83,1701.82,,15511800.0,-0.016283331117521005
2002-07-11,1698.21,1712.2,1689.22,1696.94,,11288600.0,-0.002867518303933392
2002-07-12,1696.64,1706.44,1693.21,1698.3,,9034300.0,0.0008014425966740291
2002-07-15,1696.81,1697.38,1685.54,1687.94,,9649800.0,-0.006100217864923652
2002-07-16,1687.67,1704.77,1686.81,1691.62,,7960800.0,0.0021801722810050883
2002-07-17,1692.45,1702.24,1680.2,1701.72,,7408900.0,0.005970608056182991
2002-07-18,1703.81,1711.69,1695.4,1704.91,,9559200.0,0.0018745739604635325
2002-07-19,1706.36,1714.09,1703.38,1713.86,,8058900.0,0.005249543964197523
2002-07-22,1712.02,1712.33,1678.5,1681.01,,10196000.0,-0.01916725986953427
2002-07-23,1676.9,1684.66,1670.38,1673.86,,7420500.0,-0.004253395280218508
2002-07-24,1673.68,1679.66,1667.44,1672.4,,6068000.0,-0.0008722354318758674
2002-07-25,1675.47,1682.89,1662.38,1665.11,,6629800.0,-0.004359005022721907
2002-07-26,1665.09,1670.23,1656.82,1657.5,,5912700.0,-0.004570268630901153
2002-07-29,1654.93,1665.96,1647.27,1665.67,,6171200.0,0.004929110105580836
2002-07-30,1666.58,1672.12,1656.85,1669.0,,7452200.0,0.0019991955189202493
2002-07-31,1667.62,1671.48,1649.01,1651.59,,6414000.0,-0.010431396045536334
2002-08-01,1650.05,1659.97,1639.23,1653.01,,5965300.0,0.0008597775476966163
2002-08-02,1653.64,1662.72,1653.17,1661.87,,5283500.0,0.005359919177742256
2002-08-05,1661.4,1661.58,1652.4,1653.96,,4460800.0,-0.0047596984120297225
2002-08-06,1652.94,1679.81,1649.89,1670.62,,8063100.0,0.010072794988996048
2002-08-07,1670.17,1670.81,1663.93,1668.06,,4228900.0,-0.0015323652296751478
2002-08-08,1668.51,1675.3,1657.47,1659.8,,5041900.0,-0.004951860244835293
2002-08-09,1658.44,1658.77,1642.77,1647.05,,5503100.0,-0.00768164839137242
2002-08-12,1642.48,1642.59,1633.09,1634.57,,5140200.0,-0.007577183449197111
2002-08-13,1633.68,1642.41,1633.55,1636.63,,3718100.0,0.0012602702851516323
2002-08-14,1636.89,1647.09,1635.29,1646.72,,4120800.0,0.006165107568601336
2002-08-15,1646.62,1647.07,1632.13,1634.37,,4488800.0,-0.007499757092887749
2002-08-16,1632.96,1652.98,1624.05,1646.79,,7805800.0,0.00759925842985365
2002-08-19,1645.93,1650.09,1641.4,1644.3,,4212100.0,-0.001512032499590088
2002-08-20,1644.62,1673.92,1644.25,1671.35,,10656400.0,0.016450769324332537
2002-08-21,1671.99,1677.95,1668.36,1673.55,,7388100.0,0.0013163011936458968
2002-08-22,1672.7,1696.28,1672.43,1686.11,,12210700.0,0.007505004332108323
2002-08-23,1686.3,1688.12,1679.12,1683.21,,6964500.0,-0.001719935235542036
2002-08-26,1682.14,1682.32,1668.82,1670.69,,6019600.0,-0.007438168737115336
2002-08-27,1670.63,1680.06,1670.11,1679.69,,7445300.0,0.005386995792157734
2002-08-28,1680.75,1683.51,1675.53,1676.77,,7490029.0,-0.0017384160172413399
2002-08-29,1676.86,1680.17,1665.72,1667.32,,5690800.0,-0.00563583556480618
2002-08-30,1666.98,1669.14,1664.82,1666.62,,4658700.0,-0.000419835424513626
2002-09-02,1666.34,1669.91,1663.17,1668.77,,4640300.0,0.0012900361210115285
2002-09-03,1669.59,1680.28,1669.58,1674.07,,6252800.0,0.003175991898224373
2002-09-04,1674.45,1675.97,1662.49,1663.97,,5036100.0,-0.006033200523275606
2002-09-05,1662.89,1662.9,1639.82,1641.81,,8241600.0,-0.013317547792328077
2002-09-06,1639.89,1644.8,1629.93,1631.38,,6983400.0,-0.006352744836491286
2002-09-09,1628.45,1628.45,1617.01,1621.58,,5353900.0,-0.006007184101803453
2002-09-10,1620.28,1627.35,1619.33,1625.11,,6982800.0,0.0021768892068230183
2002-09-11,1625.33,1626.84,1605.98,1620.36,,6225000.0,-0.0029228790666477877
2002-09-12,1619.94,1631.67,1614.6,1624.56,,5083100.0,0.0025920165889061764
2002-09-13,1624.5,1626.07,1621.42,1625.76,,3541400.0,0.0007386615452800172
2002-09-16,1624.13,1624.14,1598.74,1604.08,,6453600.0,-0.013335301643539021
2002-09-17,1603.46,1612.02,1593.98,1604.88,,6095200.0,0.0004987282429804729
2002-09-18,1603.61,1605.22,1593.53,1594.58,,4372000.0,-0.006417925327750429
2002-09-19,1593.57,1623.65,1585.07,1619.35,,7208900.0,0.015533870987971765
2002-09-20,1618.2,1618.2,1602.89,1604.91,,4227100.0,-0.008917158118998292
2002-09-23,1602.28,1604.3,1597.29,1602.59,,3573500.0,-0.0014455639257030528
2002-09-24,1602.2,1602.29,1594.28,1596.73,,4245900.0,-0.003656580909652485
2002-09-25,1595.81,1602.35,1590.49,1597.84,,4409800.0,0.0006951707552309561
2002-09-26,1597.85,1599.98,1586.53,1587.65,,5777700.0,-0.0063773594352374285
2002-09-27,1587.24,1591.84,1577.53,1581.62,,6240900.0,-0.0037980663244419066
2002-10-08,1577.05,1577.05,1558.48,1562.99,,3511700.0,-0.011779061974431237
2002-10-09,1570.65,1571.52,1534.91,1535.37,,19118400.0,-0.017671258293399217
2002-10-10,1532.18,1542.56,1528.35,1530.41,,7217300.0,-0.003230491673016811
2002-10-11,1532.14,1536.87,1521.91,1524.05,,8199300.0,-0.004155749112982887
2002-10-14,1522.87,1532.63,1509.14,1531.68,,6573200.0,0.005006397427905984
2002-10-15,1531.58,1534.58,1522.1,1524.73,,4701200.0,-0.004537501305755809
2002-10-16,1524.91,1548.53,1524.91,1537.39,,6384601.0,0.008303109402976405
2002-10-17,1537.97,1538.79,1511.4,1513.1,,5110100.0,-0.015799504354783278
2002-10-18,1511.18,1523.83,1500.54,1519.54,,5077600.0,0.0042561628444914845
2002-10-21,1519.21,1525.26,1512.33,1524.93,,3884600.0,0.0035471261039525803
2002-10-22,1525.08,1553.87,1525.06,1548.1,,7363100.0,0.01519414005888775
2002-10-23,1549.77,1550.09,1539.48,1548.97,,5245500.0,0.0005619792003102031
2002-10-24,1549.79,1550.43,1535.9,1536.52,,5153900.0,-0.008037599178809196
2002-10-25,1535.8,1542.59,1517.42,1520.31,,6455700.0,-0.01054981386509779
2002-10-28,1518.09,1518.6,1500.01,1502.72,,6507300.0,-0.011570008748215788
2002-10-29,1501.38,1511.77,1488.68,1510.88,,6813100.0,0.005430153321976272
2002-10-30,1511.11,1513.46,1498.45,1509.71,,8251400.0,-0.0007743831409510182
2002-10-31,1510.03,1521.87,1506.0,1507.5,,7586201.0,-0.00146385729709686
2002-11-01,1507.38,1511.1,1498.21,1510.76,,6107001.0,0.0021625207296849247
2002-11-04,1516.22,1532.23,1515.07,1531.84,,7102800.0,0.013953242076835348
2002-11-05,1533.81,1565.23,1532.29,1558.24,,15686700.0,0.017234175893043657
2002-11-06,1558.91,1559.23,1548.73,1552.56,,8156400.0,-0.003645138104528267
2002-11-07,1554.04,1559.82,1546.27,1554.24,,8131801.0,0.001082083784201604
2002-11-08,1570.0,1573.1,1517.39,1522.19,,12127700.0,-0.02062101091208557
2002-11-11,1519.6,1526.13,1501.99,1504.4,,5626400.0,-0.011687108705220717
2002-11-12,1504.58,1517.72,1481.16,1485.91,,9789700.0,-0.012290614198351535
2002-11-13,1483.71,1491.24,1461.26,1490.46,,8028000.0,0.003062096627655775
2002-11-14,1488.91,1489.14,1459.71,1460.8,,6492900.0,-0.019899896676193962
2002-11-15,1455.98,1481.22,1451.39,1463.69,,7288200.0,0.001978368017524712
2002-11-18,1463.72,1468.33,1447.49,1451.29,,4635300.0,-0.00847173923440081
2002-11-19,1450.7,1464.76,1441.73,1462.17,,4980700.0,0.007496778727890341
2002-11-20,1459.21,1459.21,1423.8,1425.84,,7054400.0,-0.024846632060567586
2002-11-21,1421.23,1421.23,1389.29,1390.63,,8854800.0,-0.024694215339729375
2002-11-22,1392.57,1409.0,1375.54,1395.5,,8541900.0,0.0035020098804139366
2002-11-25,1393.34,1403.51,1383.09,1398.44,,5364400.0,0.002106771766392068
2002-11-26,1398.44,1408.79,1371.01,1371.17,,6775801.0,-0.01950030033465866
2002-11-27,1365.82,1384.0,1353.14,1378.75,,8835000.0,0.005528125615350321
2002-11-28,1378.14,1417.85,1372.38,1417.53,,9622900.0,0.028126926563916577
2002-11-29,1420.43,1450.19,1409.2,1434.18,,21439700.0,0.011745783158028544
2002-12-02,1432.03,1432.03,1394.91,1395.68,,8684900.0,-0.026844608068722242
2002-12-03,1391.72,1409.89,1388.51,1408.84,,6341000.0,0.009429095494669193
2002-12-04,1414.89,1432.9,1406.61,1414.45,,9306000.0,0.003981999375372691
2002-12-05,1411.89,1411.89,1395.08,1404.88,,5569800.0,-0.00676588073102613
2002-12-06,1404.93,1417.0,1396.21,1405.53,,4447300.0,0.0004626729685097697
2002-12-09,1404.51,1410.79,1395.93,1400.87,,4038300.0,-0.003315475301131965
2002-12-10,1400.56,1406.9,1383.57,1383.84,,6045300.0,-0.01215673117419891
2002-12-11,1381.4,1383.15,1367.31,1379.19,,5247800.0,-0.0033602150537633824
2002-12-12,1378.82,1399.77,1378.81,1383.91,,6552300.0,0.003422298595552542
2002-12-13,1375.78,1401.6,1367.93,1396.9,,6903001.0,0.009386448540728898
2002-12-16,1397.72,1409.94,1392.89,1408.52,,7594400.0,0.008318419357147944
2002-12-17,1409.17,1418.21,1403.58,1416.1,,6702700.0,0.005381535228466738
2002-12-18,1416.67,1424.48,1409.84,1411.72,,7271200.0,-0.0030930019066449654
2002-12-19,1411.28,1414.29,1402.64,1413.6,,5598400.0,0.001331708837446488
2002-12-20,1414.35,1431.36,1410.46,1427.94,,7227100.0,0.010144312393888022
2002-12-23,1429.95,1439.85,1429.29,1430.2,,8299900.0,0.001582699553202449
2002-12-24,1429.53,1431.12,1420.38,1430.83,,6286700.0,0.00044049783247079866
2002-12-25,1431.59,1433.79,1420.93,1421.52,,6762700.0,-0.006506712886925725
2002-12-26,1419.97,1420.0,1382.36,1384.15,,12554400.0,-0.02628876132590463
2002-12-27,1379.33,1389.33,1367.85,1382.97,,8293600.0,-0.0008525087598887371
2002-12-30,1379.74,1379.75,1358.43,1366.36,,7791300.0,-0.012010383450111073
2002-12-31,1364.97,1370.53,1348.71,1357.65,,9892700.0,-0.006374601130009538
2003-01-02,1347.43,1351.34,1317.47,1320.63,,6500700.0,-0.027267705225941907
2003-01-03,1317.58,1323.63,1312.8,1319.87,,4576474.0,-0.000575482913458103
2003-01-06,1319.69,1334.89,1311.68,1334.68,,6750100.0,0.011220802048686807
2003-01-07,1335.63,1346.82,1326.19,1332.06,,7343200.0,-0.0019630173524740613
2003-01-08,1331.44,1373.12,1330.45,1372.07,,9823400.0,0.030036184556251122
2003-01-09,1374.62,1402.29,1365.37,1397.38,,18529300.0,0.01844658071381211
2003-01-10,1398.38,1411.37,1384.63,1384.86,,16263300.0,-0.008959624440023628
2003-01-13,1381.87,1391.19,1378.65,1386.31,,8607700.0,0.0010470372456421462
2003-01-14,1386.9,1476.91,1386.59,1466.85,,41012400.0,0.05809667390410511
2003-01-15,1477.45,1485.8,1448.27,1459.92,,37023000.0,-0.0047244094488188
2003-01-16,1458.87,1486.06,1454.55,1485.62,,24575400.0,0.01760370431256497
2003-01-17,1488.27,1492.72,1472.96,1478.68,,21566700.0,-0.004671450303576852
2003-01-20,1475.71,1482.94,1458.12,1482.68,,22487800.0,0.0027051153731707522
2003-01-21,1485.87,1489.55,1454.61,1454.89,,17551200.0,-0.018743086842744172
2003-01-22,1448.83,1463.94,1446.35,1460.53,,12139944.0,0.003876581734701512
2003-01-23,1460.25,1470.33,1448.7,1450.62,,11427599.0,-0.006785208109384988
2003-01-24,1449.5,1483.56,1448.01,1479.07,,14814600.0,0.01961230370462297
2003-01-27,1481.61,1500.38,1480.97,1496.16,,14672600.0,0.01155455793167337
2003-01-28,1497.1,1502.43,1489.17,1500.64,,10478500.0,0.0029943321569885217
2003-01-29,1501.29,1508.59,1498.37,1499.81,,12698300.0,-0.0005530973451328691
2003-02-10,1499.17,1499.64,1477.52,1480.17,,7999500.0,-0.013094992032324004
2003-02-11,1478.05,1492.89,1476.87,1492.76,,5979700.0,0.008505779741516228
2003-02-12,1493.25,1510.99,1486.31,1510.67,,10627700.0,0.011997909911841242
2003-02-13,1512.29,1519.29,1502.43,1504.34,,13093300.0,-0.004190193755088889
2003-02-14,1503.37,1515.26,1500.98,1510.95,,9248600.0,0.004393953494555847
2003-02-17,1510.64,1514.64,1490.92,1496.52,,11086400.0,-0.009550282934577603
2003-02-18,1495.14,1500.29,1488.83,1496.47,,7252743.0,-3.341084649721715e-05
2003-02-19,1496.65,1511.13,1490.02,1510.8,,12157155.0,0.00957586854397352
2003-02-20,1513.01,1517.77,1507.23,1509.49,,10019900.0,-0.0008670902832935701
2003-02-21,1508.08,1508.13,1476.42,1478.87,,12053400.0,-0.020284996919489484
2003-02-24,1476.07,1488.07,1474.47,1481.94,,7947700.0,0.0020759093091347047
2003-02-25,1481.11,1511.65,1481.11,1511.28,,12912800.0,0.019798372403740938
2003-02-26,1513.49,1515.46,1506.55,1513.18,,8486200.0,0.0012572124291991837
2003-02-27,1514.02,1524.75,1508.75,1513.7,,10416100.0,0.0003436471536764074
2003-02-28,1512.87,1514.5,1501.42,1511.93,,8360100.0,-0.0011693202087599275
2003-03-03,1511.59,1525.7,1511.05,1525.48,,10236144.0,0.008962055121599422
2003-03-04,1527.45,1529.75,1517.86,1524.3,,9198499.0,-0.0007735270210033063
2003-03-05,1524.08,1524.12,1508.25,1517.18,,8142890.0,-0.004670996522994075
2003-03-06,1516.6,1517.35,1494.24,1498.34,,9982208.0,-0.012417775082719351
2003-03-07,1495.69,1502.43,1489.38,1493.09,,8335401.0,-0.003503877624571161
2003-03-10,1492.21,1496.16,1467.64,1468.92,,8947347.0,-0.016187905618549325
2003-03-11,1467.55,1473.96,1463.58,1469.55,,6336210.0,0.0004288865288781807
2003-03-12,1468.75,1475.29,1458.5,1475.01,,6403671.0,0.0037154230887006534
2003-03-13,1475.04,1477.86,1463.33,1464.65,,6033789.0,-0.007023681195381659
2003-03-14,1464.99,1471.5,1461.35,1466.04,,5613442.0,0.0009490321919911615
2003-03-17,1465.14,1469.53,1453.37,1469.27,,7187381.0,0.0022032141005703387
2003-03-18,1468.99,1479.0,1458.98,1459.89,,7088745.0,-0.0063841227276129064
2003-03-19,1458.58,1475.84,1452.59,1469.96,,7637422.0,0.0068977799697236275
2003-03-20,1469.66,1477.25,1460.8,1464.54,,7655740.0,-0.0036871751612289616
2003-03-21,1464.18,1475.81,1461.92,1474.66,,7617922.0,0.006910019528316047
2003-03-24,1474.59,1477.97,1470.44,1477.77,,6524191.0,0.0021089607095872154
2003-03-25,1478.05,1478.41,1461.75,1462.4,,6475235.0,-0.010400806620786684
2003-03-26,1461.32,1465.43,1452.89,1456.27,,6271469.0,-0.004191739606126954
2003-03-27,1455.44,1507.67,1447.01,1499.35,,15051894.0,0.02958242633577557
2003-03-28,1498.46,1508.26,1488.6,1491.94,,14660785.0,-0.004942141594690974
2003-03-31,1491.39,1511.22,1490.99,1510.58,,11841571.0,0.01249380001876732
2003-04-01,1513.0,1525.24,1508.84,1522.55,,15222781.0,0.007924108620529946
2003-04-02,1522.49,1525.77,1516.79,1521.32,,11090214.0,-0.0008078552428492092
2003-04-03,1521.36,1522.67,1510.51,1511.73,,9479199.0,-0.006303736229064216
2003-04-04,1510.22,1521.78,1509.61,1521.13,,10240916.0,0.006218041581499412
2003-04-07,1521.9,1530.37,1512.5,1515.13,,13549293.0,-0.0039444360442565385
2003-04-08,1515.65,1523.95,1513.24,1520.55,,16253782.0,0.00357725079696114
2003-04-09,1519.99,1545.34,1510.34,1543.67,,31762636.0,0.015205024497714659
2003-04-10,1546.51,1559.87,1541.29,1551.18,,43111016.0,0.004865029442821411
2003-04-11,1552.0,1581.7,1548.53,1576.86,,39418800.0,0.016555138668626457
2003-04-14,1581.38,1616.65,1581.2,1616.07,,46769752.0,0.024865872683687895
2003-04-15,1619.95,1632.09,1606.73,1631.47,,38151012.0,0.00952929019163773
2003-04-16,1633.53,1649.6,1598.83,1606.24,,44806840.0,-0.015464581022023083
2003-04-17,1606.23,1621.23,1595.63,1613.6,,32118988.0,0.004582129694192583
2003-04-18,1616.91,1620.81,1596.67,1603.08,,27414894.0,-0.006519583539910778
2003-04-21,1598.5,1598.58,1557.12,1571.71,,25098944.0,-0.01956858048257093
2003-04-22,1570.57,1575.8,1563.59,1568.69,,13557199.0,-0.0019214740632813587
2003-04-23,1568.13,1569.79,1540.07,1541.96,,17664770.0,-0.017039695542140243
2003-04-24,1538.58,1542.11,1492.9,1503.59,,24854482.0,-0.024883913979610428
2003-04-25,1501.57,1513.33,1481.07,1487.15,,13901836.0,-0.010933831696140484
2003-04-28,1483.47,1538.59,1473.27,1537.69,,26462608.0,0.03398446693339596
2003-04-29,1535.88,1535.88,1508.32,1509.31,,20674900.0,-0.018456255812289935
2003-04-30,1511.15,1539.57,1510.6,1521.44,,20966324.0,0.008036785020969939
2003-05-12,1522.98,1536.89,1511.87,1531.87,,17378744.0,0.006855347565464243
2003-05-13,1533.08,1534.8,1481.75,1485.31,,25529590.0,-0.030394224052954888
2003-05-14,1480.11,1523.32,1477.25,1522.92,,20254406.0,0.025321313395856748
2003-05-15,1524.5,1555.56,1516.43,1555.29,,26715502.0,0.021255220234811967
2003-05-16,1555.91,1560.72,1543.17,1554.45,,18130438.0,-0.0005400922014543452
2003-05-19,1557.29,1563.11,1546.75,1555.45,,16507581.0,0.0006433143555597542
2003-05-20,1553.69,1553.85,1530.67,1535.52,,13266615.0,-0.012813012311549743
2003-05-21,1534.6,1547.31,1530.05,1533.48,,10444031.0,-0.0013285401688026832
2003-05-22,1532.19,1546.39,1522.19,1546.11,,10989875.0,0.008236168714296888
2003-05-23,1547.16,1571.69,1547.09,1560.96,,20813338.0,0.00960474998544747
2003-05-26,1563.21,1574.39,1561.04,1569.51,,17357022.0,0.0054773985239851
2003-05-27,1572.31,1575.63,1558.13,1568.34,,15966476.0,-0.000745455588049837
2003-05-28,1569.33,1576.62,1549.06,1551.81,,17345720.0,-0.010539806419526343
2003-05-29,1549.05,1568.54,1543.34,1568.16,,16911020.0,0.010536083670037
2003-05-30,1570.92,1581.61,1567.28,1576.26,,18321274.0,0.005165289256198191
2003-06-02,1577.99,1578.87,1564.61,1576.53,,13112817.0,0.0001712915381979485
2003-06-03,1577.08,1582.41,1561.08,1562.24,,12665087.0,-0.009064210639822878
2003-06-04,1560.67,1574.77,1546.62,1574.11,,15927706.0,0.007598064317902331
2003-06-05,1575.31,1575.64,1555.45,1556.25,,13022067.0,-0.011346093983266692
2003-06-06,1553.19,1557.76,1538.1,1538.92,,13874500.0,-0.011135742971887463
2003-06-09,1536.27,1548.14,1527.84,1530.22,,11346522.0,-0.005653315312037055
2003-06-10,1529.53,1541.39,1529.52,1538.76,,8163290.0,0.005580896864503027
2003-06-11,1540.72,1566.9,1540.7,1565.84,,15511866.0,0.017598585874340378
2003-06-12,1566.92,1569.13,1556.53,1562.11,,9547458.0,-0.002382108005926531
2003-06-13,1562.61,1572.41,1560.3,1566.77,,11378883.0,0.0029831445928905076
2003-06-16,1568.19,1569.55,1555.37,1559.71,,9221960.0,-0.004506085768810952
2003-06-17,1559.12,1564.94,1552.43,1557.18,,9952659.0,-0.0016220964153592643
2003-06-18,1556.89,1565.92,1552.83,1553.88,,13207889.0,-0.0021192155049511996
2003-06-19,1554.02,1557.38,1530.38,1538.75,,14504294.0,-0.009736916621618241
2003-06-20,1537.5,1542.42,1528.3,1529.47,,9253283.0,-0.0060308692120227825
2003-06-23,1524.58,1524.91,1509.43,1511.37,,9121908.0,-0.011834164776033607
2003-06-24,1509.11,1515.84,1504.72,1512.43,,7554533.0,0.0007013504304043128
2003-06-25,1512.49,1515.92,1498.96,1502.08,,9119553.0,-0.006843291920948458
2003-06-26,1500.34,1517.21,1486.08,1515.38,,12574490.0,0.008854388581167605
2003-06-27,1516.81,1516.87,1494.44,1497.05,,10259070.0,-0.012095975926830316
2003-06-30,1493.69,1500.97,1483.69,1486.02,,11418299.0,-0.0073678233859924
2003-07-01,1485.52,1502.57,1482.82,1484.7,,8359717.0,-0.0008882787580247742
2003-07-02,1485.44,1499.97,1477.87,1499.68,,7941319.0,0.01008958038661012
2003-07-03,1501.9,1507.71,1497.74,1504.44,,7366238.0,0.0031740104555637583
2003-07-04,1504.6,1510.17,1497.46,1502.35,,7297746.0,-0.0013892212384675195
2003-07-07,1500.85,1503.81,1490.97,1501.48,,7110300.0,-0.0005790927546842628
2003-07-08,1501.62,1513.55,1500.98,1512.02,,7483613.0,0.00701974052268417
2003-07-09,1512.34,1513.28,1499.34,1503.31,,6284420.0,-0.00576050581341514
2003-07-10,1503.51,1532.19,1501.71,1531.93,,15221356.0,0.019037989503163155
2003-07-11,1532.64,1535.98,1523.24,1528.85,,9795392.0,-0.0020105357294394333
2003-07-14,1528.39,1529.33,1519.12,1521.41,,6951944.0,-0.004866402851816609
2003-07-15,1521.56,1531.0,1516.89,1525.44,,8770402.0,0.002648858624565431
2003-07-16,1525.5,1529.82,1520.41,1529.49,,9458006.0,0.002654971680302154
2003-07-17,1529.97,1540.19,1529.36,1539.36,,15231598.0,0.0064531314359688174
2003-07-18,1539.05,1539.06,1506.49,1507.16,,13638491.0,-0.020917784014135576
2003-07-21,1501.39,1504.71,1483.57,1495.89,,12215025.0,-0.007477640064757596
2003-07-22,1499.89,1510.31,1485.46,1498.49,,10213118.0,0.0017380957155939125
2003-07-23,1499.31,1505.31,1491.66,1502.15,,7877962.0,0.0024424587418001575
2003-07-24,1503.06,1503.38,1491.2,1493.45,,7130576.0,-0.005791698565389636
2003-07-25,1494.58,1502.64,1471.29,1477.65,,15628453.0,-0.010579530617027655
2003-07-28,1474.74,1474.74,1464.87,1470.39,,7248409.0,-0.00491320678103746
2003-07-29,1470.39,1480.58,1469.93,1477.3,,6097542.0,0.004699433483633442
2003-07-30,1477.41,1483.07,1468.82,1479.65,,7373850.0,0.00159073986326419
2003-07-31,1480.01,1482.6,1474.14,1476.74,,6234450.0,-0.0019666813097692915
2003-08-01,1476.47,1478.36,1464.98,1476.97,,6974270.0,0.00015574847298771566
2003-08-04,1476.82,1494.42,1471.89,1494.37,,8325095.0,0.01178087571176123
2003-08-05,1494.49,1497.01,1488.97,1494.31,,6248160.0,-4.015069895668688e-05
2003-08-06,1493.03,1493.39,1482.69,1486.25,,6170086.0,-0.005393793791114265
2003-08-07,1485.74,1497.1,1485.06,1487.37,,6214445.0,0.0007535744322959559
2003-08-08,1487.17,1487.41,1468.44,1471.27,,7786446.0,-0.010824475416338797
2003-08-11,1469.26,1474.72,1462.72,1474.41,,5113104.0,0.0021342105799750932
2003-08-12,1473.99,1484.59,1472.39,1479.28,,4651339.0,0.0033030161217029175
2003-08-13,1479.67,1481.12,1465.06,1465.83,,5384685.0,-0.009092261099994614
2003-08-14,1464.38,1475.02,1451.61,1455.9,,7751326.0,-0.006774318986512595
2003-08-15,1454.68,1457.63,1447.11,1450.2,,7380294.0,-0.003915104059344809
2003-08-18,1449.67,1451.67,1442.48,1445.09,,5706707.0,-0.0035236519100814157
2003-08-19,1444.66,1453.45,1444.23,1449.71,,5174717.0,0.003197032710765546
2003-08-20,1449.5,1450.47,1432.75,1441.66,,6302306.0,-0.005552834704872001
2003-08-21,1441.78,1442.86,1434.31,1441.09,,6357186.0,-0.0003953775508789281
2003-08-22,1438.79,1446.28,1436.9,1438.88,,5655785.0,-0.0015335614014390098
2003-08-25,1434.21,1434.21,1419.26,1422.18,,6247526.0,-0.011606249305015082
2003-08-26,1420.85,1428.41,1417.83,1425.21,,5719069.0,0.002130532000168772
2003-08-27,1425.15,1432.35,1420.35,1425.36,,5185861.0,0.00010524764771502326
2003-08-28,1425.73,1428.35,1414.88,1415.69,,5252151.0,-0.0067842509962394715
2003-08-29,1414.41,1422.35,1406.68,1421.98,,6255922.0,0.004443063099972333
2003-09-01,1423.35,1450.04,1420.12,1449.82,,9787720.0,0.0195783344350835
2003-09-02,1450.51,1456.55,1442.01,1446.51,,9618677.0,-0.00228304203280405
2003-09-03,1446.28,1451.23,1438.69,1447.85,,7934245.0,0.0009263676020212497
2003-09-04,1447.77,1453.43,1443.38,1447.43,,7756322.0,-0.0002900852988914071
2003-09-05,1446.94,1446.98,1424.17,1431.53,,8797560.0,-0.010984987184181727
2003-09-08,1429.46,1429.56,1421.14,1425.73,,6572019.0,-0.004051609117517563
2003-09-09,1424.69,1429.71,1414.88,1420.07,,6869803.0,-0.003969896123389494
2003-09-10,1419.52,1424.77,1415.72,1423.18,,5805676.0,0.002190032885702964
2003-09-11,1422.9,1429.56,1421.82,1423.96,,4983347.0,0.0005480684101799582
2003-09-12,1426.34,1426.81,1407.95,1409.16,,10898797.0,-0.010393550380628613
2003-09-15,1407.81,1416.08,1394.27,1397.54,,7837559.0,-0.008246047290584535
2003-09-16,1396.75,1406.72,1389.49,1406.1,,7549020.0,0.006125048299154168
2003-09-17,1406.25,1406.37,1386.78,1389.82,,6969215.0,-0.01157812388877033
2003-09-18,1388.09,1395.2,1383.4,1390.49,,6449628.0,0.00048207681570278105
2003-09-19,1390.84,1395.6,1383.72,1391.37,,6068520.0,0.0006328704269717988
2003-09-22,1392.9,1395.07,1378.32,1381.44,,5402086.0,-0.007136850729856037
2003-09-23,1380.85,1390.35,1372.85,1390.17,,6580509.0,0.00631949270326615
2003-09-24,1391.4,1396.94,1386.79,1394.23,,6534770.0,0.0029205061251500464
2003-09-25,1394.49,1394.74,1374.79,1376.29,,5387565.0,-0.01286731744403724
2003-09-26,1374.6,1377.87,1367.75,1370.84,,5058716.0,-0.003959921237529862
2003-09-29,1369.44,1369.48,1353.25,1355.34,,5690487.0,-0.01130693589332088
2003-09-30,1354.65,1371.07,1348.22,1367.16,,6695770.0,0.008721058922484426
2003-10-08,1366.2,1373.08,1359.5,1371.69,,4742732.0,0.003313438076011588
2003-10-09,1371.68,1379.99,1367.65,1369.17,,6069543.0,-0.0018371497933206138
2003-10-10,1369.0,1406.0,1367.11,1404.01,,13671898.0,0.02544607316841585
2003-10-13,1405.33,1411.88,1397.69,1399.66,,9254776.0,-0.003098268530850823
2003-10-14,1399.84,1400.75,1382.48,1388.17,,7043525.0,-0.008209136504579662
2003-10-15,1388.25,1401.54,1380.81,1383.1,,7471055.0,-0.003652290425524396
2003-10-16,1381.46,1382.53,1362.98,1365.51,,6427421.0,-0.012717807823006244
2003-10-17,1365.31,1375.66,1362.42,1370.58,,5759780.0,0.0037128984774918994
2003-10-20,1369.71,1370.49,1355.55,1359.5,,5823284.0,-0.008084168746078202
2003-10-21,1359.51,1364.61,1350.21,1364.3,,7456708.0,0.0035307098197867592
2003-10-22,1366.11,1403.1,1363.09,1398.01,,16180474.0,0.024708641794326747
2003-10-23,1398.59,1407.39,1384.64,1386.65,,10879055.0,-0.008125836009756693
2003-10-24,1385.9,1389.88,1376.71,1381.83,,9427492.0,-0.0034760033173476534
2003-10-27,1381.84,1383.6,1361.19,1369.46,,8603581.0,-0.00895189712193245
2003-10-28,1366.0,1382.6,1356.49,1369.33,,11003647.0,-9.492792779641768e-05
2003-10-29,1372.35,1375.91,1344.42,1361.49,,14258918.0,-0.005725427763942914
2003-10-30,1360.02,1360.07,1340.29,1344.63,,9590991.0,-0.01238349161580321
2003-10-31,1341.5,1364.66,1334.78,1348.3,,10788335.0,0.0027293753672013032
2003-11-03,1346.48,1367.34,1339.96,1364.06,,13639622.0,0.011688793295260735
2003-11-04,1363.96,1412.91,1363.9,1389.55,,27955262.0,0.01868686128176189
2003-11-05,1389.72,1396.86,1375.99,1385.11,,16205427.0,-0.003195279047173538
2003-11-06,1384.67,1385.84,1351.1,1356.79,,18254720.0,-0.020446029557219192
2003-11-07,1353.43,1353.45,1323.12,1335.21,,15809009.0,-0.015905187980453817
2003-11-10,1330.96,1340.87,1322.05,1340.1,,9062253.0,0.003662345249061838
2003-11-11,1340.32,1350.39,1331.12,1343.62,,9804738.0,0.002626669651518476
2003-11-12,1341.57,1341.58,1316.85,1317.79,,10296484.0,-0.019224185409565164
2003-11-13,1313.93,1324.98,1307.4,1319.61,,9356415.0,0.0013811001752934704
2003-11-14,1318.72,1331.42,1312.79,1331.05,,8135283.0,0.008669228029493548
2003-11-17,1330.49,1333.41,1323.68,1328.1,,6333991.0,-0.00221629540588264
2003-11-18,1334.65,1336.1,1314.99,1316.56,,15365955.0,-0.008689104736089082
2003-11-19,1313.84,1341.56,1312.56,1338.87,,10836911.0,0.01694567661177615
2003-11-20,1338.6,1377.12,1336.14,1376.51,,21739638.0,0.028113259689140913
2003-11-21,1379.94,1394.57,1359.9,1361.56,,21161552.0,-0.010860800139483207
2003-11-24,1360.33,1404.25,1360.23,1404.01,,19893086.0,0.031177472898733738
2003-11-25,1407.76,1423.58,1400.9,1408.42,,27759954.0,0.0031410032692076317
2003-11-26,1407.3,1413.77,1398.03,1411.91,,17701890.0,0.0024779540193975436
2003-11-27,1412.31,1415.74,1387.79,1389.1,,17304762.0,-0.01615542067128939
2003-11-28,1388.31,1401.46,1385.82,1397.23,,13000534.0,0.005852710388021043
2003-12-01,1398.71,1432.82,1398.71,1432.7,,20067920.0,0.02538594218561019
2003-12-02,1437.24,1444.56,1430.24,1435.31,,21475944.0,0.001821735185314477
2003-12-03,1434.7,1462.07,1424.35,1445.03,,23547704.0,0.006772056210853528
2003-12-04,1445.4,1454.32,1440.82,1452.81,,19941112.0,0.005383971267032495
2003-12-05,1454.41,1456.87,1440.79,1451.12,,17066736.0,-0.001163262918069119
2003-12-08,1452.11,1459.48,1435.14,1436.66,,15664419.0,-0.009964716908319016
2003-12-09,1435.1,1443.61,1429.06,1443.37,,12432960.0,0.004670555315801739
2003-12-10,1449.57,1469.71,1448.5,1469.42,,22148788.0,0.018048040350014283
2003-12-11,1472.39,1475.38,1460.19,1470.02,,20822422.0,0.00040832437288185197
2003-12-12,1469.7,1472.86,1459.55,1470.79,,16078232.0,0.0005238023972462535
2003-12-15,1471.24,1474.67,1465.51,1470.36,,12980440.0,-0.00029235988822340353
2003-12-16,1469.12,1469.13,1441.06,1466.34,,18618896.0,-0.0027340243205745685
2003-12-17,1465.61,1480.43,1453.88,1454.0,,18767610.0,-0.00841551072738922
2003-12-18,1450.85,1458.67,1445.08,1457.3,,15819151.0,0.0022696011004126326
2003-12-19,1463.45,1470.21,1429.71,1446.29,,26339928.0,-0.007555067590749975
2003-12-22,1444.17,1493.54,1441.59,1492.96,,29921380.0,0.0322687704402298
2003-12-23,1497.57,1507.04,1487.12,1500.64,,28372572.0,0.005144143178651861
2003-12-24,1501.36,1514.32,1498.98,1513.83,,24159982.0,0.008789583111205701
2003-12-25,1514.93,1525.3,1504.25,1512.6,,24967400.0,-0.0008125086700619955
2003-12-26,1513.11,1516.48,1504.13,1514.78,,19920922.0,0.0014412270263124416
2003-12-29,1509.28,1512.98,1495.54,1496.43,,19363864.0,-0.012113970345528635
2003-12-30,1495.67,1513.73,1495.39,1511.69,,17800480.0,0.010197603629972685
2003-12-31,1513.62,1516.52,1491.25,1497.04,,21645524.0,-0.009691140379310625
2004-01-02,1492.72,1526.24,1491.69,1517.19,,18978088.0,0.01345989419120408
2004-01-05,1516.8,1568.81,1516.7,1568.35,,32784966.0,0.03372023279879244
2004-01-06,1568.9,1589.08,1557.93,1574.52,,36703572.0,0.003934070838779613
2004-01-07,1574.1,1595.0,1565.09,1587.2,,34482972.0,0.008053247973985656
2004-01-08,1587.45,1616.58,1582.88,1610.13,,32013228.0,0.014446824596774155
2004-01-09,1612.39,1618.76,1579.69,1581.47,,35958288.0,-0.017799804984690692
2004-01-12,1579.88,1619.09,1573.77,1618.52,,26156496.0,0.02342757055144884
2004-01-13,1622.05,1627.49,1596.72,1612.68,,28434554.0,-0.003608234683537992
2004-01-14,1612.92,1613.15,1585.91,1592.42,,22763200.0,-0.012562938710717564
2004-01-15,1591.82,1601.41,1582.36,1586.49,,20285774.0,-0.003723891938056556
2004-01-16,1589.38,1604.76,1579.24,1600.43,,21985944.0,0.008786692635944782
2004-01-29,1605.25,1629.18,1603.31,1628.84,,19910392.0,0.017751479289940697
2004-01-30,1631.11,1634.41,1589.4,1590.73,,26500536.0,-0.023397018737260855
2004-02-02,1630.65,1650.29,1585.96,1623.88,,40309888.0,0.020839488788166438
2004-02-03,1625.29,1650.24,1615.81,1649.28,,28195284.0,0.015641549868216753
2004-02-04,1652.61,1685.77,1652.61,1685.16,,36039924.0,0.02175494761350416
2004-02-05,1690.94,1693.9,1674.62,1693.43,,36343792.0,0.004907545871015273
2004-02-06,1690.56,1705.91,1671.4,1679.19,,36763884.0,-0.008408968779341386
2004-02-09,1679.58,1703.77,1679.1,1703.53,,28825142.0,0.014495083939280118
2004-02-10,1708.9,1715.46,1683.6,1691.01,,30284730.0,-0.007349444976020414
2004-02-11,1691.61,1692.9,1660.01,1677.76,,29288748.0,-0.007835553899740444
2004-02-12,1679.08,1693.01,1660.31,1663.83,,29156698.0,-0.00830273698264361
2004-02-13,1664.6,1672.44,1653.24,1658.54,,24025736.0,-0.00317941135813149
2004-02-16,1661.45,1697.26,1661.44,1696.83,,25466728.0,0.023086570115885108
2004-02-17,1701.41,1710.86,1693.97,1703.77,,31976010.0,0.004089979550102374
2004-02-18,1704.75,1719.89,1697.32,1717.1,,31098174.0,0.007823825985901811
2004-02-19,1719.31,1728.02,1710.71,1717.02,,28931694.0,-4.6590181119299245e-05
2004-02-20,1715.81,1722.57,1702.93,1721.75,,26552606.0,0.0027547728040442365
2004-02-23,1725.59,1730.28,1680.89,1681.65,,30566856.0,-0.02329025700595322
2004-02-24,1675.64,1683.04,1650.18,1682.3,,29305682.0,0.0003865251390002822
2004-02-25,1684.9,1700.5,1642.69,1647.38,,26285834.0,-0.020757296558283178
2004-02-26,1642.41,1655.3,1628.84,1654.9,,25085848.0,0.00456482414500603
2004-02-27,1657.26,1675.32,1657.04,1675.07,,21316242.0,0.012188047616169984
2004-03-01,1676.22,1690.07,1661.34,1689.76,,21458634.0,0.008769782755347677
2004-03-02,1692.62,1694.81,1677.98,1687.28,,21959202.0,-0.0014676640469653002
2004-03-03,1686.96,1688.94,1654.56,1661.81,,20541766.0,-0.015095301313356457
2004-03-04,1658.63,1670.16,1642.63,1668.87,,19255238.0,0.004248379778674982
2004-03-05,1671.06,1675.03,1660.21,1662.1,,18133416.0,-0.0040566371257197975
2004-03-08,1660.64,1665.73,1635.44,1637.14,,22766482.0,-0.015017146982732599
2004-03-09,1636.21,1659.65,1634.71,1637.1,,18792044.0,-2.44328524134918e-05
2004-03-10,1639.68,1678.4,1639.68,1678.07,,18952304.0,0.025025960539979186
2004-03-11,1680.31,1698.78,1672.67,1691.64,,20650830.0,0.008086670997038414
2004-03-12,1692.87,1699.25,1680.45,1694.74,,18390718.0,0.0018325412026198862
2004-03-15,1696.94,1738.98,1696.82,1736.22,,29065090.0,0.024475730790563865
2004-03-16,1741.62,1747.98,1730.74,1745.54,,25148776.0,0.005367983320086145
2004-03-17,1746.74,1750.71,1730.27,1745.1,,21244536.0,-0.00025207099235768915
2004-03-18,1746.18,1755.1,1714.9,1717.26,,23578002.0,-0.015953240501976884
2004-03-19,1715.47,1748.19,1710.84,1747.87,,20193520.0,0.017824907119480926
2004-03-22,1749.71,1760.08,1742.37,1755.69,,20490810.0,0.00447401694634042
2004-03-23,1755.32,1755.33,1731.49,1741.69,,20729146.0,-0.007974072871634541
2004-03-24,1740.89,1752.42,1729.51,1740.05,,20233070.0,-0.0009416141793315846
2004-03-25,1737.49,1751.81,1725.98,1736.48,,18123060.0,-0.002051665182034923
2004-03-26,1737.06,1741.56,1720.88,1734.05,,17971982.0,-0.00139938265917261
2004-03-29,1734.59,1740.31,1717.86,1719.67,,17799934.0,-0.008292725123266287
2004-03-30,1718.78,1727.18,1711.66,1724.28,,15167516.0,0.002680746887484098
2004-03-31,1726.57,1745.7,1724.21,1741.62,,17695362.0,0.01005637135500037
2004-04-01,1744.71,1758.98,1741.33,1758.15,,19312172.0,0.00949116339959355
2004-04-02,1760.47,1771.67,1756.65,1768.65,,23211072.0,0.005972186673492086
2004-04-05,1771.74,1774.12,1753.71,1766.48,,26351058.0,-0.0012269244904306031
2004-04-06,1767.32,1777.74,1754.74,1777.52,,25421632.0,0.006249716951225004
2004-04-07,1779.43,1783.01,1771.13,1774.55,,24717080.0,-0.0016708672757550502
2004-04-08,1774.4,1778.1,1765.02,1770.28,,24467966.0,-0.0024062438364655936
2004-04-09,1770.91,1778.22,1721.59,1727.35,,26828828.0,-0.024250401066498006
2004-04-12,1717.2,1729.62,1702.4,1722.99,,20293370.0,-0.002524097606159681
2004-04-13,1724.58,1734.92,1710.39,1715.14,,20636894.0,-0.004556033407042359
2004-04-14,1714.53,1716.82,1678.34,1697.16,,21530458.0,-0.010483109250556844
2004-04-15,1697.24,1705.02,1674.91,1679.08,,16507156.0,-0.010653091046218477
2004-04-16,1678.97,1694.56,1656.3,1693.86,,19029894.0,0.008802439431117026
2004-04-19,1695.33,1698.69,1672.35,1675.89,,14759026.0,-0.010608905104317778
2004-04-20,1674.36,1682.05,1659.95,1669.42,,13670257.0,-0.0038606352445565983
2004-04-21,1669.38,1675.36,1645.08,1651.58,,15865939.0,-0.010686346156150162
2004-04-22,1649.05,1659.79,1637.29,1657.79,,13383034.0,0.003760035844464049
2004-04-23,1653.94,1653.99,1632.56,1635.5,,13463930.0,-0.013445611325921814
2004-04-26,1633.27,1644.5,1623.05,1635.5,,10944212.0,0.0
2004-04-27,1636.44,1640.69,1608.81,1611.86,,13376477.0,-0.014454295322531396
2004-04-28,1606.42,1615.14,1589.1,1606.8,,13260498.0,-0.003139230454257791
2004-04-29,1605.3,1613.56,1578.09,1579.45,,14230964.0,-0.01702140901170024
2004-04-30,1579.97,1599.56,1572.23,1595.59,,12990051.0,0.010218747032194608
2004-05-10,1600.63,1603.07,1555.26,1560.22,,7260825.0,-0.022167348755005922
2004-05-11,1556.72,1570.76,1545.63,1568.06,,8208075.0,0.005024932381330727
2004-05-12,1568.41,1604.42,1564.14,1603.77,,11874966.0,0.022773363264160906
2004-05-13,1605.7,1606.07,1589.46,1597.57,,9567336.0,-0.003865890994344645
2004-05-14,1596.73,1597.32,1558.54,1562.69,,10072769.0,-0.021833159110398848
2004-05-17,1556.67,1562.39,1537.47,1539.96,,8873142.0,-0.014545431275556853
2004-05-18,1537.34,1555.86,1526.24,1555.44,,12609870.0,0.010052209148289526
2004-05-19,1559.26,1575.38,1548.16,1558.29,,13211805.0,0.0018322789692948316
2004-05-20,1556.69,1571.3,1542.22,1549.06,,10559511.0,-0.005923159360581187
2004-05-21,1548.56,1559.86,1545.62,1558.33,,10149540.0,0.005984274334112305
2004-05-24,1559.55,1562.33,1547.36,1550.35,,9315736.0,-0.00512086656869859
2004-05-25,1549.02,1549.59,1516.35,1518.05,,10111280.0,-0.02083400522462664
2004-05-26,1515.16,1529.91,1508.65,1524.44,,8092712.0,0.004209347518197681
2004-05-27,1524.94,1559.55,1515.97,1557.18,,13529194.0,0.021476738999238965
2004-05-28,1558.42,1561.0,1545.65,1548.72,,9525949.0,-0.005432897930875091
2004-05-31,1549.03,1556.79,1544.71,1555.91,,8092426.0,0.004642543519809861
2004-06-01,1555.56,1579.82,1553.12,1579.66,,14386479.0,0.015264379045060394
2004-06-02,1580.21,1580.57,1562.24,1567.07,,14522630.0,-0.007970069508628552
2004-06-03,1566.42,1566.83,1540.74,1543.53,,11785274.0,-0.015021664635274767
2004-06-04,1541.09,1549.5,1534.99,1542.09,,11746335.0,-0.0009329264737323317
2004-06-07,1538.46,1538.5,1508.87,1517.15,,9975911.0,-0.016172856318372952
2004-06-08,1514.78,1519.99,1488.63,1493.81,,10754945.0,-0.015384108361071847
2004-06-09,1492.2,1497.18,1464.16,1468.07,,12367770.0,-0.01723110703503128
2004-06-10,1465.56,1478.17,1456.32,1468.34,,11337074.0,0.0001839149359363912
2004-06-11,1471.69,1499.46,1469.54,1472.07,,11086339.0,0.0025402835855456996
2004-06-14,1471.45,1471.45,1431.31,1438.74,,11295660.0,-0.022641586337606157
2004-06-15,1436.08,1469.57,1433.03,1463.78,,10726086.0,0.017404117491694127
2004-06-16,1465.23,1491.69,1452.58,1475.42,,11787133.0,0.007952014647009786
2004-06-17,1475.27,1478.49,1443.53,1445.5,,9847524.0,-0.020278971411530344
2004-06-18,1442.48,1442.48,1411.03,1427.3,,10520460.0,-0.012590799031476974
2004-06-21,1421.83,1434.2,1414.97,1433.47,,8221234.0,0.0043228473341274665
2004-06-22,1434.42,1456.13,1430.96,1450.68,,11141370.0,0.012005832002064842
2004-06-23,1450.07,1450.11,1428.8,1440.73,,8713056.0,-0.006858852400253745
2004-06-24,1438.31,1447.39,1426.49,1427.75,,9506898.0,-0.009009321663323466
2004-06-25,1426.55,1434.47,1399.39,1401.11,,9854145.0,-0.018658728769042288
2004-06-28,1396.36,1397.52,1380.2,1385.18,,8313757.0,-0.011369556994097474
2004-06-29,1384.64,1409.38,1376.22,1408.69,,10654000.0,0.016972523426558306
2004-06-30,1408.27,1415.84,1394.68,1399.16,,8709699.0,-0.006765150600912873
2004-07-01,1398.2,1445.1,1396.35,1441.07,,14580099.0,0.029953686497612653
2004-07-02,1441.12,1447.61,1428.07,1441.19,,11068765.0,8.327145801390046e-05
2004-07-05,1440.17,1444.93,1429.12,1444.59,,8398896.0,0.0023591615262386068
2004-07-06,1445.4,1466.78,1445.32,1450.5,,12579503.0,0.00409112620189811
2004-07-07,1448.95,1448.96,1434.29,1438.4,,8110749.0,-0.008341951051361485
2004-07-08,1436.47,1440.64,1426.95,1439.78,,7158494.0,0.0009593993325915928
2004-07-09,1439.74,1451.75,1429.14,1430.65,,7418729.0,-0.006341246579338433
2004-07-12,1426.25,1426.25,1393.81,1397.15,,8930134.0,-0.023415929822108827
2004-07-13,1395.35,1403.14,1389.16,1399.46,,7358626.0,0.0016533657803385893
2004-07-14,1399.87,1408.99,1378.91,1403.76,,10506909.0,0.003072613722435724
2004-07-15,1404.47,1422.26,1399.98,1421.54,,12771154.0,0.01266598278908071
2004-07-16,1423.69,1458.39,1422.24,1456.13,,22935944.0,0.02433276587363009
2004-07-19,1456.77,1465.84,1447.05,1457.54,,13493061.0,0.000968320136251366
2004-07-20,1457.23,1457.29,1440.06,1447.94,,12447571.0,-0.0065864401663076055
2004-07-21,1446.52,1452.86,1436.85,1448.04,,9644045.0,6.906363523340175e-05
2004-07-22,1448.13,1449.69,1404.54,1407.44,,13235340.0,-0.028037899505538477
2004-07-23,1403.36,1408.46,1387.26,1407.4,,10997608.0,-2.8420394475037192e-05
2004-07-26,1401.84,1401.88,1381.91,1387.67,,8444411.0,-0.014018757993463082
2004-07-27,1387.0,1395.31,1373.42,1384.13,,9508097.0,-0.002551038791643534
2004-07-28,1385.5,1397.17,1366.5,1388.81,,10422292.0,0.003381185293288791
2004-07-29,1388.62,1407.36,1385.96,1407.33,,11508945.0,0.013335157436942469
2004-07-30,1408.49,1409.12,1384.74,1386.2,,9311763.0,-0.015014246836207445
2004-08-02,1381.88,1383.08,1370.5,1373.22,,7271499.0,-0.009363728177752106
2004-08-03,1371.28,1378.2,1363.69,1366.26,,7792464.0,-0.00506837942937044
2004-08-04,1365.67,1424.55,1364.01,1404.51,,17709082.0,0.027996135435422342
2004-08-05,1402.37,1413.08,1387.55,1389.04,,11043246.0,-0.011014517518565192
2004-08-06,1388.07,1400.95,1380.31,1390.46,,9235484.0,0.0010222887749813392
2004-08-09,1388.08,1397.59,1382.94,1395.85,,8224818.0,0.003876414999352651
2004-08-10,1396.62,1404.72,1390.94,1400.77,,7162672.0,0.0035247340330264443
2004-08-11,1401.02,1401.25,1382.24,1384.96,,7948078.0,-0.011286649485639955
2004-08-12,1378.79,1378.79,1357.08,1368.2,,8755345.0,-0.012101432532347522
2004-08-13,1361.99,1377.82,1358.31,1368.45,,8592050.0,0.00018272182429468486
2004-08-16,1366.52,1369.87,1350.84,1354.51,,8121606.0,-0.010186707588877963
2004-08-17,1354.38,1364.41,1344.81,1360.2,,7568852.0,0.004200781094270356
2004-08-18,1359.87,1371.23,1357.03,1358.22,,7980519.0,-0.0014556682840758395
2004-08-19,1357.23,1357.27,1333.48,1340.45,,8623672.0,-0.013083300201734649
2004-08-20,1338.31,1349.48,1327.77,1341.74,,8835866.0,0.0009623633854303204
2004-08-23,1339.93,1339.94,1322.98,1325.41,,6770421.0,-0.012170763337159163
2004-08-24,1323.79,1347.15,1317.56,1344.63,,10166386.0,0.014501173221870944
2004-08-25,1344.46,1346.97,1334.29,1339.78,,6879255.0,-0.0036069401991627448
2004-08-26,1339.62,1340.95,1330.22,1334.42,,6084274.0,-0.004000656824254656
2004-08-27,1333.31,1337.73,1314.6,1320.61,,7126479.0,-0.010349065511608191
2004-08-30,1318.32,1322.23,1310.02,1319.41,,6289423.0,-0.0009086709929501113
2004-08-31,1342.3,1360.75,1331.76,1342.06,,12592352.0,0.017166763932363605
2004-09-01,1340.75,1340.77,1319.86,1321.46,,6758693.0,-0.015349537278512071
2004-09-02,1319.07,1328.61,1303.19,1327.93,,9207820.0,0.004896099768437967
2004-09-03,1327.81,1333.22,1319.83,1327.12,,8206269.0,-0.0006099719111701818
2004-09-06,1326.46,1326.87,1315.96,1321.47,,6085463.0,-0.004257339200675059
2004-09-07,1321.21,1325.68,1312.31,1324.29,,6308507.0,0.0021339871506731445
2004-09-08,1322.84,1323.26,1302.11,1309.33,,8600496.0,-0.011296619320541601
2004-09-09,1307.47,1307.47,1281.75,1284.31,,8667538.0,-0.019109009951654654
2004-09-10,1281.58,1287.75,1270.94,1287.08,,6512138.0,0.002156800149496707
2004-09-13,1285.32,1285.32,1259.43,1260.32,,7293314.0,-0.020791248407247442
2004-09-14,1266.23,1305.73,1266.23,1300.36,,13197996.0,0.031769709280182745
2004-09-15,1303.29,1374.04,1301.38,1355.23,,30964442.0,0.04219600725952821
2004-09-16,1364.25,1377.99,1354.2,1371.2,,24053604.0,0.011783977627413789
2004-09-17,1373.5,1415.64,1368.54,1414.7,,33018704.0,0.03172403733955664
2004-09-20,1423.97,1463.79,1422.9,1463.22,,44940848.0,0.03429702410405033
2004-09-21,1466.2,1467.54,1436.51,1448.56,,38403424.0,-0.01001899919355942
2004-09-22,1444.25,1451.41,1414.7,1420.15,,32238924.0,-0.019612580769867938
2004-09-23,1417.39,1464.98,1408.61,1464.78,,23744934.0,0.03142625778967001
2004-09-24,1475.09,1496.21,1434.31,1435.56,,43475624.0,-0.01994838815385247
2004-09-27,1452.51,1466.4,1419.31,1427.4,,21099196.0,-0.00568419292819522
2004-09-28,1430.22,1438.05,1416.6,1435.59,,15027514.0,0.0057377049180327155
2004-09-29,1436.71,1438.98,1417.83,1420.01,,14036572.0,-0.010852680779331103
2004-09-30,1418.11,1420.05,1390.68,1396.7,,13680023.0,-0.01641537735649745
2004-10-08,1395.67,1423.2,1373.93,1422.93,,13813984.0,0.0187799813846925
2004-10-11,1424.23,1437.57,1409.22,1413.15,,23214829.0,-0.006873142037907676
2004-10-12,1410.61,1410.61,1380.69,1384.44,,17089837.0,-0.020316314616282805
2004-10-13,1382.36,1393.65,1372.06,1386.72,,14284111.0,0.0016468752708675982
2004-10-14,1386.86,1387.36,1331.13,1332.94,,17247771.0,-0.03878216222452979
2004-10-15,1328.47,1340.12,1312.55,1330.52,,13543168.0,-0.0018155355829970743
2004-10-18,1332.52,1341.78,1316.32,1335.39,,10119136.0,0.0036602230706792582
2004-10-19,1339.06,1361.81,1334.47,1337.62,,13040369.0,0.0016699241420108368
2004-10-20,1337.71,1337.72,1311.88,1330.58,,11864561.0,-0.005263079200370835
2004-10-21,1331.22,1340.96,1304.54,1310.55,,16436469.0,-0.015053585654376311
2004-10-22,1310.85,1330.56,1294.04,1329.36,,17925061.0,0.01435275266109648
2004-10-25,1337.25,1346.88,1308.89,1311.15,,17566033.0,-0.013698320996569646
2004-10-26,1309.62,1325.2,1289.87,1324.78,,17069712.0,0.010395454372116086
2004-10-27,1326.92,1343.03,1314.87,1342.8,,20768242.0,0.013602258488201846
2004-10-28,1340.81,1356.63,1336.75,1341.74,,19593829.0,-0.0007893952934167059
2004-10-29,1316.6,1337.28,1304.07,1320.54,,17905715.0,-0.015800378612846
2004-11-01,1317.66,1323.1,1304.29,1305.29,,11961915.0,-0.01154830599603196
2004-11-02,1303.88,1306.28,1290.99,1301.53,,10960955.0,-0.002880585923434653
2004-11-03,1304.58,1327.5,1301.32,1326.75,,13282835.0,0.019377194532588682
2004-11-04,1328.12,1338.26,1301.36,1304.78,,13974384.0,-0.016559261352930066
2004-11-05,1308.65,1315.94,1298.71,1305.13,,9996360.0,0.000268244455003952
2004-11-08,1303.52,1307.62,1292.91,1304.23,,7376656.0,-0.0006895864779754568
2004-11-09,1304.37,1313.15,1299.94,1307.43,,7111640.0,0.002453554971132421
2004-11-10,1310.32,1360.71,1302.7,1354.39,,23319738.0,0.03591779292199204
2004-11-11,1358.65,1379.86,1346.03,1347.07,,27429895.0,-0.005404647110507477
2004-11-12,1346.84,1360.33,1341.12,1352.22,,15744105.0,0.003823112384657046
2004-11-15,1354.48,1370.62,1354.48,1370.05,,14230535.0,0.013185724216473682
2004-11-16,1372.58,1376.19,1361.28,1370.39,,14165607.0,0.00024816612532396753
2004-11-17,1370.7,1370.79,1350.52,1356.14,,12234261.0,-0.010398499697166552
2004-11-18,1353.5,1368.06,1352.89,1367.83,,11589095.0,0.008620053976728048
2004-11-19,1369.81,1380.08,1365.24,1379.96,,14107904.0,0.00886806108946292
2004-11-22,1381.58,1387.34,1374.41,1383.02,,16667439.0,0.002217455578422456
2004-11-23,1383.53,1383.79,1368.14,1371.24,,16328520.0,-0.008517591936486824
2004-11-24,1371.32,1380.77,1358.45,1359.13,,16355434.0,-0.008831422653948207
2004-11-25,1358.41,1362.16,1348.41,1358.33,,13425338.0,-0.00058861183256953
2004-11-26,1357.54,1362.49,1354.8,1356.73,,10434933.0,-0.0011779170010232098
2004-11-29,1354.58,1354.58,1335.61,1337.43,,10083151.0,-0.014225380141958954
2004-11-30,1336.0,1341.48,1332.29,1340.77,,9277245.0,0.0024973269629064987
2004-12-01,1340.92,1342.55,1332.97,1334.94,,9553429.0,-0.00434824764873909
2004-12-02,1333.57,1334.06,1324.55,1333.09,,12804483.0,-0.0013858300747600083
2004-12-03,1333.01,1343.71,1332.86,1337.2,,13505016.0,0.0030830626589353205
2004-12-06,1337.81,1342.83,1327.38,1339.64,,10664785.0,0.0018247083457971769
2004-12-07,1339.82,1340.88,1322.82,1323.75,,10236805.0,-0.011861395598817714
2004-12-08,1331.28,1337.87,1322.05,1326.44,,8593358.0,0.002032105760151115
2004-12-09,1326.74,1352.46,1318.47,1338.81,,15257911.0,0.009325713941075175
2004-12-10,1336.63,1340.37,1316.64,1317.72,,11072386.0,-0.015752795392923513
2004-12-13,1312.61,1314.4,1299.8,1309.69,,8549453.0,-0.006093859089943199
2004-12-14,1309.07,1315.89,1303.15,1307.55,,8045982.0,-0.0016339744519696664
2004-12-15,1307.34,1317.82,1291.86,1313.05,,11405089.0,0.004206340101716943
2004-12-16,1311.03,1317.62,1302.49,1305.02,,9058802.0,-0.006115532538745638
2004-12-17,1303.94,1303.94,1288.24,1290.49,,7662099.0,-0.01113392898193133
2004-12-20,1286.07,1286.07,1272.15,1275.46,,8053107.0,-0.01164673883563605
2004-12-21,1275.09,1285.71,1271.03,1275.17,,6999529.0,-0.00022736894924180184
2004-12-22,1277.18,1307.73,1275.06,1307.57,,13339675.0,0.025408376922292586
2004-12-23,1308.58,1308.59,1280.72,1282.72,,8476088.0,-0.019004718676629118
2004-12-24,1281.32,1290.66,1280.38,1285.04,,7180521.0,0.0018086566047148533
2004-12-27,1285.41,1292.31,1276.73,1280.27,,7231149.0,-0.003711946709829994
2004-12-28,1280.93,1283.63,1271.91,1278.94,,7758212.0,-0.0010388433689767496
2004-12-29,1278.69,1285.55,1270.89,1274.31,,8713987.0,-0.0036201854660892208
2004-12-30,1273.15,1280.57,1264.15,1273.71,,8812857.0,-0.00047084304447109204
2004-12-31,1275.39,1280.83,1264.49,1266.5,,8303949.0,-0.005660629185607391
2005-01-04,1260.78,1260.78,1238.18,1242.77,,8161770.0,-0.018736675878405107
2005-01-05,1241.68,1258.58,1235.75,1251.94,,8678651.0,0.007378678275143491
2005-01-06,1252.49,1252.74,1234.24,1239.43,,7922254.0,-0.009992491652954572
2005-01-07,1239.32,1256.31,1235.51,1244.75,,8940871.0,0.004292295652033484
2005-01-10,1243.58,1252.72,1236.09,1252.4,,7234683.0,0.006145812412130969
2005-01-11,1252.71,1260.87,1247.84,1257.46,,7725570.0,0.004040242733950761
2005-01-12,1257.17,1257.19,1246.42,1256.92,,6769585.0,-0.0004294371192721247
2005-01-13,1255.72,1259.5,1251.02,1256.31,,8746707.0,-0.00048531330554058005
2005-01-14,1255.87,1268.86,1243.87,1245.62,,9898327.0,-0.00850904633410543
2005-01-17,1235.57,1236.4,1214.06,1216.65,,10028565.0,-0.023257494259886435
2005-01-18,1215.78,1226.04,1207.05,1225.45,,10190288.0,0.007232975794188912
2005-01-19,1225.08,1225.08,1214.64,1218.11,,9377195.0,-0.005989636460075998
2005-01-20,1213.37,1213.96,1199.17,1204.39,,10310284.0,-0.011263350600520305
2005-01-21,1201.93,1237.91,1189.21,1234.48,,16970080.0,0.024983601657270427
2005-01-24,1258.02,1265.95,1239.8,1255.78,,18020207.0,0.01725422850106928
2005-01-25,1252.35,1254.87,1239.16,1254.23,,11813924.0,-0.0012342926308748225
2005-01-26,1252.37,1254.23,1240.13,1241.96,,9640691.0,-0.009782894684387977
2005-01-27,1239.58,1241.14,1223.88,1225.89,,9412829.0,-0.012939225095816242
2005-01-28,1223.73,1226.3,1208.86,1213.67,,8170557.0,-0.009968267952263243
2005-01-31,1210.76,1210.76,1190.17,1191.82,,9078062.0,-0.018003246351973923
2005-02-01,1189.5,1203.07,1187.26,1188.93,,9340222.0,-0.0024248628148544338
2005-02-02,1189.5,1253.16,1189.5,1252.5,,19054062.0,0.053468244556029276
2005-02-03,1253.81,1269.16,1236.18,1242.31,,20415225.0,-0.008135728542914222
2005-02-04,1238.61,1274.12,1235.64,1269.0,,17028293.0,0.021484170617639853
2005-02-16,1276.02,1291.47,1270.32,1278.88,,14445455.0,0.0077856579984241225
2005-02-17,1280.03,1280.03,1263.71,1276.13,,11218612.0,-0.002150319029150527
2005-02-18,1275.66,1278.62,1258.56,1258.97,,10688050.0,-0.013446905879495152
2005-02-21,1259.53,1284.94,1259.51,1284.48,,12536922.0,0.02026259561387489
2005-02-22,1285.63,1312.53,1282.78,1309.28,,22602815.0,0.019307424015944097
2005-02-23,1309.62,1316.59,1299.15,1309.48,,24189127.0,0.00015275571306361257
2005-02-24,1307.04,1310.97,1296.98,1309.95,,20115815.0,0.0003589210984513702
2005-02-25,1311.37,1328.53,1311.21,1312.44,,24069610.0,0.0019008359097676397
2005-02-28,1311.44,1315.14,1298.93,1306.0,,17651432.0,-0.004906890981683065
2005-03-01,1305.25,1308.76,1295.64,1303.41,,13980952.0,-0.0019831546707502756
2005-03-02,1303.31,1316.72,1285.92,1287.45,,18628635.0,-0.01224480401408612
2005-03-03,1285.2,1295.25,1276.88,1294.34,,12823609.0,0.005351664142296597
2005-03-04,1294.16,1299.6,1286.48,1287.71,,11049958.0,-0.005122301713614608
2005-03-07,1288.41,1296.88,1287.74,1293.74,,10762246.0,0.0046827313603217124
2005-03-08,1298.25,1318.9,1296.91,1318.27,,17984398.0,0.018960533028274495
2005-03-09,1321.21,1326.08,1310.24,1316.79,,20567187.0,-0.0011226835170337068
2005-03-10,1316.9,1316.9,1282.53,1286.23,,17897669.0,-0.023207952672787524
2005-03-11,1284.51,1292.53,1278.15,1289.94,,14996714.0,0.002884398591231685
2005-03-14,1288.99,1304.11,1271.51,1293.5,,18692502.0,0.002759818286121707
2005-03-15,1293.13,1293.26,1266.64,1269.14,,15642719.0,-0.01883262466177027
2005-03-16,1267.05,1268.19,1247.89,1255.59,,13663373.0,-0.010676521108782477
2005-03-17,1255.99,1257.79,1242.51,1243.48,,12895543.0,-0.009644868149634722
2005-03-18,1242.45,1248.03,1223.62,1227.4,,12452432.0,-0.012931450445523796
2005-03-21,1226.14,1232.82,1220.82,1231.05,,9963687.0,0.002973765683558671
2005-03-22,1230.68,1231.68,1202.43,1206.92,,14653309.0,-0.019601153486860756
2005-03-23,1205.76,1218.01,1194.32,1201.65,,13440605.0,-0.004366486593974761
2005-03-24,1200.26,1208.61,1187.58,1208.19,,11477190.0,0.005442516539757802
2005-03-25,1207.2,1211.16,1199.87,1205.63,,9527589.0,-0.0021188720317167897
2005-03-28,1204.85,1204.85,1185.46,1200.11,,9023233.0,-0.004578519114488033
2005-03-29,1199.69,1209.23,1194.59,1195.02,,9233160.0,-0.004241277882860661
2005-03-30,1192.45,1192.45,1171.81,1172.57,,11383481.0,-0.018786296463657592
2005-03-31,1168.83,1181.53,1162.03,1181.24,,10437790.0,0.007394014856255904
2005-04-01,1180.37,1237.8,1173.54,1223.57,,19660332.0,0.035835224001896204
2005-04-04,1212.12,1218.28,1196.94,1202.97,,13794401.0,-0.01683597996028008
2005-04-05,1200.69,1209.34,1189.26,1191.75,,11582684.0,-0.009326915883189124
2005-04-06,1191.2,1220.42,1183.91,1214.87,,16727966.0,0.019400041955107916
2005-04-07,1216.73,1248.06,1213.65,1225.49,,24276814.0,0.008741676064105697
2005-04-08,1225.05,1249.2,1218.76,1248.52,,17768998.0,0.018792483006797367
2005-04-11,1248.15,1252.81,1235.36,1240.97,,19300757.0,-0.00604715983724724
2005-04-12,1239.13,1239.13,1218.51,1219.51,,13075881.0,-0.017292924083579853
2005-04-13,1228.97,1254.32,1228.97,1248.2,,19547071.0,0.023525842346516335
2005-04-14,1252.21,1253.6,1233.24,1234.33,,15616198.0,-0.011112001281845973
2005-04-15,1229.68,1229.68,1213.2,1216.96,,14262298.0,-0.014072411753744851
2005-04-18,1212.39,1212.39,1190.98,1197.74,,11671176.0,-0.015793452537470443
2005-04-19,1196.28,1202.49,1191.23,1199.9,,10950126.0,0.001803396396546919
2005-04-20,1198.96,1198.96,1178.64,1184.19,,11182984.0,-0.013092757729810889
2005-04-21,1182.21,1190.54,1167.99,1172.56,,13266844.0,-0.0098210591205804
2005-04-22,1171.03,1177.89,1163.4,1169.19,,13578363.0,-0.0028740533533464507
2005-04-25,1166.34,1166.34,1146.41,1157.97,,13547648.0,-0.009596387242449933
2005-04-26,1155.64,1169.15,1151.64,1165.34,,13974141.0,0.006364586301890185
2005-04-27,1165.1,1166.2,1148.14,1148.76,,13612865.0,-0.014227607393550334
2005-04-28,1145.75,1172.71,1135.73,1169.12,,17419743.0,0.017723458337685738
2005-04-29,1168.33,1170.2,1155.99,1159.15,,14105696.0,-0.008527781579307336
2005-05-09,1160.62,1165.39,1130.41,1130.84,,10869350.0,-0.024423068627874023
2005-05-10,1126.82,1135.8,1108.42,1135.56,,13164154.0,0.0041738884369142415
2005-05-11,1134.6,1140.17,1121.87,1124.27,,10995569.0,-0.009942231145866343
2005-05-12,1122.18,1122.92,1099.84,1103.99,,12355883.0,-0.018038371565549216
2005-05-13,1101.61,1120.17,1093.28,1107.63,,13474947.0,0.003297131314595303
2005-05-16,1105.4,1105.4,1082.14,1095.47,,10227759.0,-0.01097839531251421
2005-05-17,1091.26,1108.18,1083.94,1099.64,,11568727.0,0.0038065853012863027
2005-05-18,1099.74,1108.84,1090.3,1102.97,,10378408.0,0.00302826379542398
2005-05-19,1101.75,1107.23,1083.12,1103.48,,10658166.0,0.00046238791626240783
2005-05-20,1100.49,1108.61,1094.67,1099.27,,9584041.0,-0.0038152028129191384
2005-05-23,1095.31,1095.31,1069.44,1070.84,,9533945.0,-0.025862617919164554
2005-05-24,1066.0,1078.1,1057.54,1073.85,,11029454.0,0.0028108774420081417
2005-05-25,1072.52,1082.18,1064.88,1072.14,,9807597.0,-0.0015924011733480237
2005-05-26,1071.21,1077.44,1055.82,1058.87,,9498556.0,-0.012377114929020605
2005-05-27,1056.32,1068.21,1050.06,1051.95,,10146251.0,-0.006535268729872312
2005-05-30,1049.72,1063.95,1043.28,1060.16,,8599816.0,0.007804553448357954
2005-05-31,1061.61,1070.5,1057.75,1060.74,,9239224.0,0.0005470872321158282
2005-06-01,1059.61,1063.52,1035.71,1039.19,,10062490.0,-0.020316005807266557
2005-06-02,1036.73,1036.73,1008.75,1016.06,,11465556.0,-0.02225771995496506
2005-06-03,1013.9,1019.92,1000.52,1013.64,,10016268.0,-0.002381749109304554
2005-06-06,1010.38,1034.85,998.23,1034.38,,11043599.0,0.02046091314470644
2005-06-07,1036.62,1055.63,1029.54,1030.94,,15703053.0,-0.0033256636825925723
2005-06-08,1044.18,1118.69,1040.16,1115.58,,40282852.0,0.08209983122199138
2005-06-09,1118.81,1146.42,1103.68,1131.05,,40690928.0,0.013867226016959888
2005-06-10,1130.55,1130.55,1101.83,1108.29,,28410801.0,-0.02012289465540873
2005-06-13,1105.96,1112.1,1085.87,1106.29,,19203779.0,-0.0018045818332746988
2005-06-14,1108.34,1119.68,1092.4,1093.46,,18368255.0,-0.01159732077484199
2005-06-15,1090.46,1090.46,1070.06,1072.84,,15267633.0,-0.01885757137892574
2005-06-16,1071.77,1086.35,1064.03,1086.01,,14483083.0,0.01227582864173593
2005-06-17,1090.11,1094.67,1079.08,1085.61,,16752562.0,-0.0003683207336949712
2005-06-20,1087.85,1115.86,1073.41,1115.62,,21468619.0,0.027643444699293473
2005-06-21,1115.67,1115.67,1098.9,1101.49,,15478090.0,-0.012665602983094493
2005-06-22,1098.96,1103.25,1090.75,1102.03,,12351453.0,0.0004902450317296747
2005-06-23,1100.56,1106.75,1092.48,1093.7,,11484886.0,-0.00755877789170889
2005-06-24,1091.99,1102.23,1087.69,1101.88,,11121075.0,0.007479199049099439
2005-06-27,1108.47,1129.96,1108.47,1124.64,,21842381.0,0.020655606781137648
2005-06-28,1120.94,1120.94,1105.34,1108.59,,13458431.0,-0.014271233461374488
2005-06-29,1111.67,1113.52,1103.91,1104.99,,13469379.0,-0.003247368278624152
2005-06-30,1103.48,1103.48,1078.1,1080.94,,13785959.0,-0.021764902849799483
2005-07-01,1077.31,1077.31,1053.63,1055.59,,13597814.0,-0.02345181046126532
2005-07-04,1050.24,1050.24,1030.18,1047.28,,12275958.0,-0.00787237469093105
2005-07-05,1043.88,1047.82,1032.52,1039.04,,10494885.0,-0.00786800091666029
2005-07-06,1040.7,1044.78,1028.22,1033.55,,9196428.0,-0.0052837234370187725
2005-07-07,1033.22,1044.05,1030.5,1038.6,,8570426.0,0.0048860722751680186
2005-07-08,1036.41,1036.41,1015.4,1017.98,,10337367.0,-0.01985364914307708
2005-07-11,1026.79,1043.21,1009.04,1011.5,,11330361.0,-0.006365547456728016
2005-07-12,1007.9,1048.92,1004.08,1046.16,,18457805.0,0.034265941670786004
2005-07-13,1044.58,1045.94,1033.81,1037.39,,12821974.0,-0.00838303892330039
2005-07-14,1035.53,1049.88,1033.17,1040.42,,12571093.0,0.0029207916020010938
2005-07-15,1039.61,1046.36,1021.99,1026.12,,12750514.0,-0.013744449356990596
2005-07-18,1023.38,1023.38,1008.52,1012.1,,10964842.0,-0.013663119323275907
2005-07-19,1011.01,1020.68,1004.66,1014.36,,9882316.0,0.002232980930737982
2005-07-20,1013.98,1025.1,1008.68,1021.05,,10568559.0,0.006595291612445209
2005-07-21,1020.69,1022.04,1009.99,1020.63,,11140360.0,-0.0004113412663434568
2005-07-22,1026.13,1054.64,1024.0,1046.32,,25488349.0,0.02517072788375807
2005-07-25,1045.27,1048.97,1040.59,1045.4,,14134108.0,-0.0008792721156050121
2005-07-26,1046.54,1078.06,1046.54,1072.81,,25577510.0,0.026219628850200793
2005-07-27,1072.56,1090.19,1068.5,1089.91,,23812348.0,0.01593944873742803
2005-07-28,1090.11,1097.63,1083.36,1086.55,,24695847.0,-0.0030828233523869653
2005-07-29,1084.97,1088.48,1077.12,1083.03,,17683944.0,-0.0032396116147438425
2005-08-01,1082.8,1094.15,1081.12,1088.95,,14731551.0,0.005466145905469011
2005-08-02,1089.53,1104.04,1084.8,1104.04,,19015019.0,0.013857385554892243
2005-08-03,1106.32,1120.68,1103.9,1107.7,,31436454.0,0.0033150972790840783
2005-08-04,1104.91,1108.16,1099.13,1102.59,,19436798.0,-0.004613162408594551
2005-08-05,1102.62,1129.07,1102.6,1128.74,,27096069.0,0.023716884789450443
2005-08-08,1131.8,1146.73,1131.8,1138.88,,30237526.0,0.008983468292077967
2005-08-09,1139.12,1152.94,1130.59,1152.53,,27154091.0,0.011985459398707432
2005-08-10,1153.21,1165.13,1144.95,1165.03,,31427115.0,0.010845704667123535
2005-08-11,1165.44,1184.26,1164.1,1183.58,,36967037.0,0.015922336763860123
2005-08-12,1185.27,1192.05,1161.79,1167.92,,40478755.0,-0.013231044796295888
2005-08-15,1167.03,1187.8,1163.85,1187.01,,30319519.0,0.016345297623124866
2005-08-16,1188.02,1192.92,1170.11,1177.28,,33155379.0,-0.008197066579051615
2005-08-17,1175.18,1193.57,1160.08,1192.83,,32307341.0,0.0132084126121228
2005-08-18,1194.44,1201.76,1146.56,1148.04,,49201496.0,-0.037549357410527895
2005-08-19,1144.46,1157.37,1132.87,1150.18,,31501185.0,0.0018640465489008218
2005-08-22,1148.97,1162.04,1142.68,1158.6,,24033198.0,0.007320593298440148
2005-08-23,1158.83,1159.63,1139.24,1149.96,,21840708.0,-0.007457276022786008
2005-08-24,1151.45,1171.43,1151.45,1167.14,,22674109.0,0.014939650074785371
2005-08-25,1168.0,1172.69,1157.18,1172.48,,24232098.0,0.004575286598008654
2005-08-26,1173.01,1174.54,1163.99,1171.86,,24296356.0,-0.0005287936681224181
2005-08-29,1172.0,1172.01,1147.93,1154.43,,24333195.0,-0.01487379038451675
2005-08-30,1151.62,1153.77,1145.27,1146.39,,18551862.0,-0.006964475975156592
2005-08-31,1145.81,1163.52,1140.1,1162.8,,21676099.0,0.01431450030094461
2005-09-01,1163.7,1185.76,1160.05,1184.93,,33830475.0,0.019031647746818203
2005-09-02,1187.06,1188.91,1179.11,1188.85,,28920490.0,0.0033082122994605445
2005-09-05,1189.06,1196.87,1184.01,1196.22,,26700066.0,0.006199268200361763
2005-09-06,1197.23,1201.82,1172.06,1173.32,,33685273.0,-0.019143635786059487
2005-09-07,1170.77,1194.59,1168.58,1194.31,,28602851.0,0.017889407834180027
2005-09-08,1196.27,1201.46,1184.79,1194.41,,30528056.0,8.373035476560986e-05
2005-09-09,1194.5,1204.46,1184.42,1189.63,,22155746.0,-0.004001975870932095
2005-09-12,1189.75,1191.93,1181.43,1188.21,,17096689.0,-0.0011936484453149987
2005-09-13,1188.25,1207.4,1186.22,1207.16,,25913705.0,0.01594835929675731
2005-09-14,1209.27,1217.41,1204.55,1217.26,,32243761.0,0.008366745087643679
2005-09-15,1217.52,1218.94,1210.72,1217.28,,27217492.0,1.643034355836015e-05
2005-09-16,1217.42,1217.76,1208.56,1212.95,,22397225.0,-0.0035571109358569775
2005-09-19,1213.49,1220.97,1210.19,1220.63,,24656893.0,0.006331670720145066
2005-09-20,1222.26,1223.56,1204.87,1212.62,,32300692.0,-0.006562185101136486
2005-09-21,1210.85,1210.85,1186.98,1187.99,,31799464.0,-0.020311391862248618
2005-09-22,1185.69,1185.69,1147.19,1159.96,,28602274.0,-0.02359447470096543
2005-09-23,1157.3,1164.6,1149.75,1151.98,,18774394.0,-0.006879547570605937
2005-09-26,1150.93,1155.6,1147.27,1155.04,,14538133.0,0.002656296116251955
2005-09-27,1155.05,1157.8,1132.53,1133.24,,18093629.0,-0.018873805236182206
2005-09-28,1131.32,1142.49,1129.05,1131.77,,14751543.0,-0.001297165648935783
2005-09-29,1134.44,1155.78,1134.44,1155.49,,18536992.0,0.020958321920531597
2005-09-30,1156.77,1158.7,1150.63,1155.61,,14493481.0,0.00010385204545237947
2005-10-10,1153.67,1153.67,1137.29,1138.95,,11720065.0,-0.014416628447313395
2005-10-11,1137.95,1157.3,1133.9,1157.19,,13426560.0,0.016014750428025915
2005-10-12,1157.49,1165.67,1152.25,1161.85,,18467231.0,0.004026996431009566
2005-10-13,1162.02,1165.36,1152.09,1152.61,,16905239.0,-0.00795283384257861
2005-10-14,1152.37,1154.32,1135.51,1139.55,,15145999.0,-0.011330805736545657
2005-10-17,1138.38,1138.38,1121.97,1131.38,,15135238.0,-0.0071694967311656255
2005-10-18,1131.26,1142.04,1129.67,1141.2,,18928090.0,0.008679665541197368
2005-10-19,1141.05,1150.59,1132.48,1134.61,,18908399.0,-0.005774623203645413
2005-10-20,1133.45,1136.31,1119.38,1135.95,,17371817.0,0.0011810225540054287
2005-10-21,1135.61,1145.99,1132.36,1141.32,,18011154.0,0.004727320744750907
2005-10-24,1141.33,1143.46,1133.92,1141.17,,17275913.0,-0.00013142676900423922
2005-10-25,1140.17,1140.17,1121.29,1121.92,,16929914.0,-0.016868652348028812
2005-10-26,1119.43,1119.43,1094.57,1097.16,,19211835.0,-0.022069309754706223
2005-10-27,1093.93,1101.27,1087.48,1097.78,,17203742.0,0.0005650953370519574
2005-10-28,1097.59,1102.02,1067.41,1080.87,,17973929.0,-0.01540381497203458
2005-10-31,1079.04,1096.15,1078.29,1092.82,,14835142.0,0.011055908666167014
2005-11-01,1091.68,1094.15,1074.3,1089.95,,13985501.0,-0.0026262330484433383
2005-11-02,1090.0,1108.88,1090.0,1104.79,,18764779.0,0.013615303454286742
2005-11-03,1104.59,1111.44,1090.82,1095.27,,16862694.0,-0.008617022239520655
2005-11-04,1094.26,1100.43,1087.85,1100.05,,12783138.0,0.004364220694440535
2005-11-07,1099.53,1100.95,1089.83,1100.65,,12082279.0,0.0005454297531932717
2005-11-08,1099.94,1111.12,1092.54,1110.15,,15311164.0,0.008631263344387463
2005-11-09,1110.55,1117.06,1107.64,1108.15,,16725453.0,-0.0018015583479710218
2005-11-10,1106.94,1106.94,1086.1,1088.3,,16155985.0,-0.01791273744529187
2005-11-11,1085.69,1094.31,1078.58,1090.19,,12560032.0,0.0017366534962786062
2005-11-14,1089.56,1089.71,1083.02,1088.65,,9202688.0,-0.0014125978040524512
2005-11-15,1088.51,1099.03,1082.51,1087.51,,12215753.0,-0.001047168511459251
2005-11-16,1086.83,1096.3,1075.43,1095.89,,12608646.0,0.007705676269643691
2005-11-17,1094.88,1098.68,1090.36,1095.31,,11961802.0,-0.0005292501984689446
2005-11-18,1095.52,1122.61,1093.53,1117.0,,22480629.0,0.01980261295888841
2005-11-21,1117.78,1122.88,1114.24,1119.94,,15543906.0,0.002632050134288244
2005-11-22,1119.69,1119.69,1098.5,1098.66,,14646805.0,-0.019001017911673856
2005-11-23,1096.56,1106.48,1093.95,1105.75,,12601919.0,0.006453315857499087
2005-11-24,1105.34,1117.94,1103.76,1113.37,,17140958.0,0.006891250282613504
2005-11-25,1113.28,1115.08,1107.21,1114.92,,15509150.0,0.0013921697189616111
2005-11-28,1113.83,1119.35,1106.94,1110.82,,12852408.0,-0.00367739389373245
2005-11-29,1109.57,1110.31,1095.34,1096.99,,11879938.0,-0.012450261968635745
2005-11-30,1095.3,1099.58,1090.72,1099.26,,10875975.0,0.0020692987173993593
2005-12-01,1098.78,1104.56,1094.44,1098.75,,8932119.0,-0.00046394847442821074
2005-12-02,1099.76,1102.76,1089.56,1094.29,,10636974.0,-0.004059158134243512
2005-12-05,1093.1,1093.1,1077.41,1079.2,,11224965.0,-0.01378976322547032
2005-12-06,1077.58,1089.59,1074.01,1087.79,,11052745.0,0.007959599703484033
2005-12-07,1087.74,1100.05,1086.73,1099.62,,10389383.0,0.01087526084998025
2005-12-08,1100.69,1106.34,1092.99,1098.32,,10398709.0,-0.0011822265873665527
2005-12-09,1097.52,1114.58,1094.74,1113.48,,13487010.0,0.01380289897297704
2005-12-12,1115.75,1118.53,1109.08,1116.37,,11944637.0,0.0025954664654954662
2005-12-13,1115.77,1119.42,1106.75,1117.85,,11376092.0,0.0013257253419565185
2005-12-14,1117.47,1127.63,1110.21,1125.39,,15022124.0,0.00674509102294607
2005-12-15,1125.67,1134.85,1121.56,1123.56,,16824259.0,-0.001626102950977093
2005-12-16,1122.73,1127.94,1118.94,1127.51,,12610777.0,0.0035156110933105555
2005-12-19,1127.84,1134.5,1123.5,1131.75,,12228678.0,0.003760498798236922
2005-12-20,1131.8,1136.39,1126.99,1136.34,,11712710.0,0.0040556660039761105
2005-12-21,1135.98,1142.39,1128.94,1130.76,,12292322.0,-0.004910502138444461
2005-12-22,1129.56,1136.0,1125.95,1135.24,,11121539.0,0.003961937104248525
2005-12-23,1135.71,1144.94,1135.07,1144.87,,14472553.0,0.008482787780557333
2005-12-26,1145.77,1159.78,1145.34,1156.82,,18653133.0,0.010437866307965171
2005-12-27,1157.49,1158.16,1149.85,1154.29,,15673883.0,-0.002187029961446041
2005-12-28,1155.12,1157.2,1149.27,1157.03,,14680286.0,0.0023737535627961215
2005-12-29,1157.51,1169.87,1157.51,1169.86,,21803399.0,0.011088735814974493
2005-12-30,1171.58,1173.06,1158.97,1161.06,,20027934.0,-0.007522267621766665
2006-01-04,1163.88,1181.0,1161.91,1180.96,,23258542.0,0.01713951044734996
2006-01-05,1183.31,1197.84,1180.45,1197.27,,29484479.0,0.013810797994851631
2006-01-06,1198.81,1215.54,1191.61,1209.42,,34342856.0,0.010148086897692421
2006-01-09,1210.32,1217.31,1205.25,1215.67,,28706657.0,0.005167766367349724
2006-01-10,1215.85,1220.76,1203.65,1220.62,,26794547.0,0.004071828703513081
2006-01-11,1219.81,1223.56,1204.04,1211.05,,30631464.0,-0.007840277891563274
2006-01-12,1208.77,1227.3,1205.28,1226.7,,27018916.0,0.012922670409974968
2006-01-13,1228.16,1231.22,1214.88,1221.46,,27708578.0,-0.004271623053721418
2006-01-16,1221.11,1221.39,1202.59,1202.87,,25274318.0,-0.015219491428290821
2006-01-17,1200.26,1209.02,1198.84,1208.44,,19726462.0,0.004630591834529296
2006-01-18,1207.53,1234.53,1206.36,1233.35,,26667854.0,0.02061335275230869
2006-01-19,1235.08,1251.96,1230.85,1251.58,,33617749.0,0.014780881339441443
2006-01-20,1251.41,1258.7,1247.21,1255.31,,33203923.0,0.002980232985506426
2006-01-23,1254.78,1257.35,1244.27,1255.77,,29028660.0,0.00036644334865498784
2006-01-24,1256.01,1262.09,1247.01,1252.06,,29671421.0,-0.002954362661952481
2006-01-25,1251.27,1260.17,1245.92,1258.05,,26558660.0,0.004784115777199283
2006-02-06,1263.0,1287.67,1263.0,1287.63,,29177507.0,0.023512578991296218
2006-02-07,1289.45,1297.4,1270.4,1282.1,,38404741.0,-0.004294711990245781
2006-02-08,1282.12,1291.74,1276.02,1290.06,,32857299.0,0.00620856407456527
2006-02-09,1288.97,1288.97,1266.81,1269.45,,29079091.0,-0.0159760011162271
2006-02-10,1269.54,1284.1,1266.23,1282.66,,26314211.0,0.010406081373823373
2006-02-13,1283.78,1284.95,1267.56,1279.64,,26131772.0,-0.0023544820919026987
2006-02-14,1279.63,1286.42,1275.85,1286.33,,22541704.0,0.005228032884248668
2006-02-15,1289.14,1301.0,1288.64,1299.17,,30147904.0,0.009981886452154587
2006-02-16,1298.5,1298.5,1268.56,1270.63,,32352607.0,-0.021967871795069094
2006-02-17,1269.4,1280.04,1265.14,1267.41,,25903067.0,-0.0025341759599568636
2006-02-20,1268.11,1279.42,1265.38,1267.54,,21542797.0,0.00010257138573943614
2006-02-21,1266.65,1288.55,1256.81,1288.42,,26659021.0,0.016472852927718273
2006-02-22,1288.85,1297.94,1282.91,1284.23,,28517841.0,-0.0032520451405597672
2006-02-23,1284.13,1289.94,1273.94,1288.85,,22875047.0,0.0035974864315582167
2006-02-24,1289.43,1297.34,1286.96,1296.87,,23578148.0,0.006222601544012107
2006-02-27,1297.69,1304.61,1293.47,1297.19,,26819785.0,0.0002467479392693761
2006-02-28,1294.81,1299.47,1277.74,1299.03,,23647422.0,0.0014184506510226402
2006-03-01,1299.15,1308.2,1297.76,1306.59,,23640674.0,0.0058197270270894386
2006-03-02,1306.59,1307.64,1281.57,1285.67,,28445729.0,-0.016011143510971215
2006-03-03,1284.61,1295.41,1275.62,1293.3,,24925458.0,0.0059346488601272895
2006-03-06,1292.75,1296.85,1286.64,1288.96,,20329582.0,-0.0033557565916646492
2006-03-07,1288.26,1288.26,1257.54,1259.92,,22653395.0,-0.022529791459781512
2006-03-08,1256.69,1258.24,1238.16,1250.38,,19841574.0,-0.007571909327576343
2006-03-09,1247.46,1253.76,1242.68,1245.17,,15385934.0,-0.0041667333130728235
2006-03-10,1245.19,1253.91,1240.75,1245.65,,14095626.0,0.0003854895315498208
2006-03-13,1245.3,1260.07,1245.3,1259.67,,13775153.0,0.011255167984586256
2006-03-14,1260.42,1262.75,1250.28,1259.04,,14875712.0,-0.0005001309866871084
2006-03-15,1259.23,1275.52,1258.15,1274.81,,18451269.0,0.012525416190113159
2006-03-16,1274.62,1277.19,1270.83,1274.19,,18322699.0,-0.00048634698504079754
2006-03-17,1273.01,1276.63,1265.61,1269.46,,18754804.0,-0.0037121622364011397
2006-03-20,1269.58,1288.97,1264.41,1288.42,,20297174.0,0.014935484379184905
2006-03-21,1288.56,1297.61,1285.43,1290.4,,24345687.0,0.0015367659614100582
2006-03-22,1289.46,1296.91,1281.13,1296.71,,22330090.0,0.004889956602603718
2006-03-23,1296.19,1302.79,1289.53,1302.46,,25465408.0,0.0044342991108266006
2006-03-24,1302.14,1308.06,1293.3,1294.7,,24423936.0,-0.0059579564823487585
2006-03-27,1296.07,1296.59,1283.68,1295.92,,20613246.0,0.0009423032362709804
2006-03-28,1295.76,1302.65,1293.0,1298.79,,25011826.0,0.002214642879190043
2006-03-29,1299.38,1313.13,1296.59,1305.57,,34152236.0,0.00522024345737182
2006-03-30,1305.84,1308.5,1293.83,1294.72,,26038827.0,-0.008310546351402048
2006-03-31,1291.52,1298.75,1285.74,1298.3,,26636858.0,0.0027650766188827003
2006-04-03,1298.68,1319.49,1298.68,1319.47,,32804669.0,0.01630593853500728
2006-04-04,1319.84,1330.11,1315.33,1329.8,,37134050.0,0.007828900998128052
2006-04-05,1330.56,1341.5,1326.53,1340.16,,37763198.0,0.007790645209805991
2006-04-06,1341.74,1348.52,1336.14,1339.74,,41715075.0,-0.0003133954154728169
2006-04-07,1340.65,1345.29,1330.51,1342.97,,40666055.0,0.0024109155507785474
2006-04-10,1344.24,1359.41,1339.52,1359.08,,41415428.0,0.011995800352949004
2006-04-11,1360.98,1366.52,1350.32,1362.23,,43870408.0,0.002317744356476581
2006-04-12,1361.74,1364.69,1355.66,1360.13,,37129072.0,-0.0015415898930429828
2006-04-13,1359.28,1364.32,1331.68,1332.33,,41299055.0,-0.020439222721357675
2006-04-14,1330.1,1360.09,1328.44,1359.54,,37871219.0,0.020422868208326728
2006-04-17,1360.64,1383.65,1353.4,1378.61,,42219761.0,0.014026803183429637
2006-04-18,1379.81,1391.38,1370.15,1385.11,,36785181.0,0.004714893987422197
2006-04-19,1389.13,1399.55,1378.8,1396.7,,40578163.0,0.008367566474864807
2006-04-20,1398.1,1404.19,1376.96,1385.9,,43303288.0,-0.00773251235054051
2006-04-21,1385.92,1419.89,1383.45,1416.79,,45569103.0,0.022288765423190693
2006-04-24,1423.41,1429.06,1402.27,1409.79,,52015803.0,-0.004940746335024948
2006-04-25,1405.9,1409.27,1386.13,1399.77,,43248836.0,-0.00710744153384546
2006-04-26,1399.07,1426.63,1397.35,1417.48,,48410649.0,0.01265207855576267
2006-04-27,1418.9,1424.47,1407.14,1416.73,,37608444.0,-0.0005291079944690358
2006-04-28,1403.52,1444.71,1389.35,1440.22,,44562043.0,0.016580435227601553
2006-05-08,1446.99,1497.2,1446.99,1497.1,,51620655.0,0.03949396619960832
2006-05-09,1503.24,1532.75,1497.99,1531.16,,64683904.0,0.02275065125910114
2006-05-10,1537.56,1554.03,1518.34,1545.69,,62717096.0,0.009489537344235632
2006-05-11,1547.56,1583.76,1536.29,1537.38,,73218335.0,-0.005376239737592936
2006-05-12,1532.88,1603.21,1531.23,1602.83,,68393752.0,0.04257242841717712
2006-05-15,1616.26,1664.94,1606.57,1664.09,,87725270.0,0.03821989855443175
2006-05-16,1658.69,1678.6,1604.78,1613.25,,88275040.0,-0.0305512322049889
2006-05-17,1613.23,1640.69,1592.19,1625.15,,70980534.0,0.0073764140709748904
2006-05-18,1611.66,1630.07,1582.96,1617.28,,60585107.0,-0.0048426299110851945
2006-05-19,1620.21,1664.61,1610.04,1659.55,,77086291.0,0.026136476058567393
2006-05-22,1656.75,1674.22,1646.68,1657.69,,77258873.0,-0.0011207857551744915
2006-05-23,1647.96,1648.53,1597.1,1604.55,,69900145.0,-0.03205665715543926
2006-05-24,1609.74,1634.59,1562.39,1590.92,,57270432.0,-0.008494593499735026
2006-05-25,1585.47,1598.56,1563.86,1591.43,,41049372.0,0.00032056923038248364
2006-05-26,1596.56,1614.55,1593.09,1613.89,,43722532.0,0.014113093255751163
2006-05-29,1622.11,1648.84,1609.01,1648.54,,51715168.0,0.02146986473675394
2006-05-30,1654.98,1663.93,1634.9,1657.29,,53087733.0,0.005307726837080029
2006-05-31,1656.28,1667.23,1628.68,1641.3,,57015979.0,-0.009648281230201117
2006-06-01,1639.67,1684.71,1635.75,1684.19,,67843864.0,0.026131724852251237
2006-06-02,1688.78,1695.58,1659.14,1669.4,,78144691.0,-0.008781669526597313
2006-06-05,1669.24,1685.29,1639.68,1684.62,,67297771.0,0.009117048041212383
2006-06-06,1681.22,1692.83,1672.81,1679.13,,58422960.0,-0.0032588951811090006
2006-06-07,1678.24,1678.24,1588.97,1589.55,,65085316.0,-0.053349055761019226
2006-06-08,1576.44,1596.12,1540.93,1591.49,,54576873.0,0.0012204712025416509
2006-06-09,1583.96,1594.44,1550.2,1551.38,,47003917.0,-0.02520279737855713
2006-06-12,1540.22,1566.45,1529.5,1552.8,,31496274.0,0.0009153141074398352
2006-06-13,1552.1,1570.1,1532.06,1548.5,,32450683.0,-0.0027691911385883117
2006-06-14,1540.64,1540.64,1512.52,1531.33,,32438103.0,-0.0110881498224088
2006-06-15,1531.25,1551.3,1528.23,1533.98,,28473398.0,0.0017305218339613848
2006-06-16,1540.19,1574.48,1540.19,1574.47,,33572612.0,0.026395389770401234
2006-06-19,1559.99,1591.85,1544.93,1586.29,,35562047.0,0.007507288166811676
2006-06-20,1583.87,1592.83,1572.58,1592.33,,35537111.0,0.0038076266004323234
2006-06-21,1590.61,1617.71,1570.08,1598.12,,39705880.0,0.0036361809423925973
2006-06-22,1593.1,1605.25,1587.8,1596.07,,32465888.0,-0.0012827572397566822
2006-06-23,1594.5,1608.11,1582.02,1605.71,,35026778.0,0.0060398353455675124
2006-06-26,1607.79,1635.8,1607.79,1633.45,,39499250.0,0.017275846821655172
2006-06-27,1636.7,1642.57,1627.59,1639.55,,36451784.0,0.0037344271327557355
2006-06-28,1638.23,1642.35,1627.07,1639.29,,33220601.0,-0.00015858009819769148
2006-06-29,1641.93,1672.1,1641.93,1671.62,,51799028.0,0.019721952796637465
2006-06-30,1679.72,1690.95,1662.28,1672.21,,49837076.0,0.0003529510295403604
2006-07-03,1677.31,1697.83,1670.02,1697.28,,48636592.0,0.01499213615514794
2006-07-04,1700.32,1702.66,1670.13,1681.55,,54316492.0,-0.009267769607843146
2006-07-05,1755.22,1757.47,1703.59,1718.56,,60720806.0,0.02200945556183287
2006-07-06,1715.28,1742.2,1711.65,1741.47,,50062669.0,0.01333092821897397
2006-07-07,1746.52,1750.03,1724.68,1730.19,,49430127.0,-0.006477286430429441
2006-07-10,1730.7,1737.03,1715.83,1734.33,,39049526.0,0.0023928007906646176
2006-07-11,1736.99,1746.72,1725.23,1745.81,,40085450.0,0.006619270842342484
2006-07-12,1745.88,1753.28,1738.0,1740.0,,48785891.0,-0.0033279681064949385
2006-07-13,1736.21,1737.6,1654.49,1655.77,,67471589.0,-0.04840804597701154
2006-07-14,1641.14,1676.75,1633.9,1665.21,,41587804.0,0.005701274935528522
2006-07-17,1662.05,1684.34,1653.6,1682.89,,32203933.0,0.01061727950228497
2006-07-18,1682.36,1684.67,1666.31,1684.25,,31405354.0,0.0008081336272720563
2006-07-19,1681.77,1681.77,1637.49,1645.16,,35059830.0,-0.023209143535698362
2006-07-20,1642.62,1658.05,1636.26,1655.12,,28661197.0,0.006054122395390049
2006-07-21,1653.81,1669.29,1653.51,1665.33,,29960489.0,0.006168737010005421
2006-07-24,1648.75,1667.62,1632.69,1665.94,,31184008.0,0.00036629376760166643
2006-07-25,1668.14,1690.61,1668.14,1685.46,,34237801.0,0.011717108659375475
2006-07-26,1688.54,1691.43,1675.66,1686.65,,31167231.0,0.0007060387075339403
2006-07-27,1685.35,1701.61,1665.39,1675.17,,36201831.0,-0.006806391367503606
2006-07-28,1674.43,1678.53,1646.35,1662.03,,33268968.0,-0.007843980013968799
2006-07-31,1659.54,1659.54,1611.16,1612.73,,33654486.0,-0.029662521133794195
2006-08-01,1619.64,1625.04,1596.66,1600.61,,32310660.0,-0.00751520713324616
2006-08-02,1598.76,1608.78,1577.9,1600.87,,27865763.0,0.00016243807048565984
2006-08-03,1599.75,1609.43,1587.12,1601.06,,20822293.0,0.00011868546477855624
2006-08-04,1601.61,1612.1,1567.25,1570.15,,25867054.0,-0.0193059598016313
2006-08-07,1561.8,1570.05,1541.41,1547.44,,24099206.0,-0.014463586281565521
2006-08-08,1547.91,1581.75,1547.91,1580.58,,23382998.0,0.02141601612986599
2006-08-09,1581.8,1585.17,1571.71,1578.57,,21636036.0,-0.0012716850776297584
2006-08-10,1578.35,1606.94,1577.86,1606.06,,26323136.0,0.01741449539773332
2006-08-11,1605.6,1610.76,1596.22,1605.93,,23451467.0,-8.094342677100741e-05
2006-08-14,1605.2,1611.66,1566.72,1570.74,,25655050.0,-0.021912536661000237
2006-08-15,1568.27,1596.65,1564.4,1595.66,,20259214.0,0.015865133631282058
2006-08-16,1596.06,1616.45,1591.86,1616.41,,28563998.0,0.013004023413509147
2006-08-17,1612.41,1612.41,1592.85,1603.33,,23391904.0,-0.008092006359772697
2006-08-18,1601.57,1614.37,1596.56,1598.02,,23974248.0,-0.003311857197208279
2006-08-21,1565.46,1602.13,1558.1,1601.15,,23374318.0,0.0019586738589003616
2006-08-22,1601.52,1619.07,1598.78,1613.36,,26701211.0,0.00762576897854661
2006-08-23,1614.39,1621.4,1608.74,1612.4,,27212907.0,-0.0005950314870827311
2006-08-24,1612.7,1623.17,1601.89,1623.02,,25061297.0,0.0065864549739518274
2006-08-25,1622.48,1630.05,1619.74,1623.03,,27821614.0,6.161353526046298e-06
2006-08-28,1627.12,1651.29,1624.28,1650.44,,39341243.0,0.016888165961196133
2006-08-29,1652.67,1667.53,1649.59,1651.02,,48050411.0,0.0003514214391313608
2006-08-30,1648.35,1656.23,1640.28,1655.19,,31442858.0,0.0025257113784207252
2006-08-31,1655.9,1661.47,1650.0,1658.64,,35135016.0,0.0020843528537508593
2006-09-01,1658.66,1660.52,1634.03,1636.69,,35954575.0,-0.013233733661312863
2006-09-04,1635.33,1657.69,1635.12,1657.52,,33093426.0,0.012726906133720961
2006-09-05,1659.74,1669.9,1657.05,1664.08,,40533493.0,0.003957719967179862
2006-09-06,1665.13,1672.26,1656.86,1672.12,,33579623.0,0.004831498485649677
2006-09-07,1683.78,1683.89,1655.41,1661.19,,31522754.0,-0.006536612204865566
2006-09-08,1659.7,1671.31,1658.67,1667.98,,26552028.0,0.004087431299249378
2006-09-11,1668.16,1675.09,1653.01,1674.97,,30590529.0,0.004190697730188653
2006-09-12,1675.2,1699.59,1673.44,1695.86,,37390453.0,0.012471865167734242
2006-09-13,1695.35,1713.99,1687.05,1689.39,,43045691.0,-0.0038151734223342837
2006-09-14,1689.63,1696.62,1672.88,1689.69,,33888258.0,0.0001775788894216035
2006-09-15,1689.61,1722.66,1689.51,1721.05,,47032307.0,0.01855961744461987
2006-09-18,1727.92,1733.41,1719.16,1732.99,,44840062.0,0.006937625286888904
2006-09-19,1735.3,1743.02,1728.29,1735.24,,43455330.0,0.0012983340930992071
2006-09-20,1733.64,1737.73,1720.84,1732.45,,38836571.0,-0.0016078467531868146
2006-09-21,1731.59,1743.63,1731.22,1740.9,,39533146.0,0.004877485641721302
2006-09-22,1744.61,1746.62,1724.1,1725.36,,44777828.0,-0.008926417370325845
2006-09-25,1722.74,1732.28,1709.77,1722.37,,40168093.0,-0.0017329716696805608
2006-09-26,1720.78,1721.58,1704.77,1712.64,,33134530.0,-0.0056491926821762295
2006-09-27,1711.51,1725.5,1709.77,1725.04,,29247158.0,0.007240284005979092
2006-09-28,1725.52,1740.79,1722.22,1736.96,,33979858.0,0.00690998469600701
2006-09-29,1740.06,1755.69,1740.06,1752.42,,41236285.0,0.008900607958732598
2006-10-09,1768.14,1786.11,1763.11,1785.39,,52935143.0,0.01881398294929304
2006-10-10,1784.22,1793.14,1771.86,1784.86,,55136493.0,-0.0002968539086699584
2006-10-11,1784.52,1792.76,1771.02,1790.1,,49283882.0,0.002935804488867433
2006-10-12,1790.63,1792.24,1774.14,1778.18,,53169046.0,-0.006658845874532027
2006-10-13,1776.51,1792.87,1773.23,1784.66,,42539842.0,0.0036441755052918356
2006-10-16,1787.7,1789.18,1766.31,1771.3,,46766160.0,-0.007486019746058115
2006-10-17,1768.63,1777.6,1758.31,1763.9,,39262344.0,-0.0041777225766385095
2006-10-18,1762.4,1787.74,1760.88,1787.19,,36810563.0,0.01320369635466867
2006-10-19,1788.58,1799.29,1784.35,1792.25,,41490607.0,0.00283126024653213
2006-10-20,1792.6,1801.33,1786.34,1790.36,,41461599.0,-0.0010545403822012078
2006-10-23,1789.65,1797.43,1753.49,1759.39,,44441085.0,-0.017298197010656935
2006-10-24,1756.46,1805.27,1756.46,1805.18,,39911206.0,0.026026065852369218
2006-10-25,1807.03,1825.61,1789.91,1806.65,,44512259.0,0.0008143232253847721
2006-10-26,1804.89,1816.76,1791.95,1810.65,,48737082.0,0.002214042564968377
2006-10-27,1836.21,1842.73,1803.22,1807.18,,73748923.0,-0.0019164388479275818
2006-10-30,1804.37,1815.61,1788.29,1809.66,,45335944.0,0.0013723038103565788
2006-10-31,1811.47,1839.32,1811.47,1837.99,,46557135.0,0.015654874396295426
2006-11-01,1838.68,1855.89,1833.2,1855.71,,47783526.0,0.009640966490568559
2006-11-02,1856.92,1857.15,1834.84,1851.31,,51741725.0,-0.0023710601333183368
2006-11-03,1851.4,1873.66,1850.15,1866.36,,49860720.0,0.008129378656194675
2006-11-06,1853.19,1886.52,1846.01,1886.31,,49544517.0,0.010689256092072386
2006-11-07,1889.53,1897.41,1862.93,1889.53,,54849074.0,0.001707036489230207
2006-11-08,1885.86,1886.26,1865.22,1866.82,,37770454.0,-0.012018861833365979
2006-11-09,1860.95,1899.1,1858.6,1896.48,,44096182.0,0.015887980630162613
2006-11-10,1896.93,1920.18,1870.96,1883.35,,62809427.0,-0.006923352737703614
2006-11-13,1878.7,1905.9,1852.1,1863.77,,50016729.0,-0.010396368173732906
2006-11-14,1868.17,1888.43,1841.82,1888.24,,43188028.0,0.013129302435386458
2006-11-15,1888.54,1923.14,1878.69,1922.94,,46682441.0,0.018376901241367705
2006-11-16,1930.93,1976.05,1926.72,1941.55,,63983566.0,0.00967788906570144
2006-11-17,1934.64,1972.61,1925.15,1971.79,,49418740.0,0.015575184775050932
2006-11-20,1977.53,2018.0,1977.53,2017.28,,59146901.0,0.02307040810633998
2006-11-21,2013.07,2037.74,1988.93,2037.55,,53894076.0,0.010048183692893398
2006-11-22,2031.3,2062.8,2010.79,2041.36,,64881669.0,0.0018698927633677975
2006-11-23,2045.08,2071.24,2042.15,2062.36,,60721945.0,0.01028725947407616
2006-11-24,2051.47,2057.91,2022.63,2050.81,,61232080.0,-0.005600380147016137
2006-11-27,2042.19,2049.54,2022.38,2047.28,,57840031.0,-0.0017212711075136333
2006-11-28,2042.38,2051.49,2016.47,2038.72,,55070638.0,-0.004181157438161831
2006-11-29,2005.99,2059.73,1992.54,2054.09,,56002280.0,0.007539044106105841
2006-11-30,2058.77,2102.06,2058.77,2099.29,,72779731.0,0.022004878072528378
2006-12-01,2106.29,2112.58,2087.6,2102.05,,76178964.0,0.0013147302183120768
2006-12-04,2103.82,2164.59,2100.56,2161.65,,87232790.0,0.02835327418472433
2006-12-05,2167.36,2195.53,2159.32,2173.28,,88157171.0,0.0053801494228946645
2006-12-06,2175.38,2192.9,2097.42,2156.6,,104347807.0,-0.007675034970183403
2006-12-07,2152.59,2206.51,2145.79,2156.75,,99278766.0,6.955392747842737e-05
2006-12-08,2133.36,2164.02,2090.4,2093.64,,80889719.0,-0.029261620493798546
2006-12-11,2085.06,2181.16,2084.27,2180.5,,62676017.0,0.04148755277889227
2006-12-12,2189.69,2228.64,2180.37,2218.95,,70191776.0,0.017633570282045374
2006-12-13,2224.43,2244.41,2195.64,2223.46,,57492749.0,0.0020324928457153835
2006-12-14,2226.0,2250.32,2212.91,2249.11,,58439320.0,0.011536074406555574
2006-12-15,2255.24,2275.49,2241.2,2273.91,,60611949.0,0.011026583848722238
2006-12-18,2277.28,2335.23,2277.28,2332.43,,78252193.0,0.02573540729404411
2006-12-19,2342.18,2381.63,2315.99,2364.18,,87054928.0,0.01361241280552905
2006-12-20,2356.26,2381.13,2332.93,2373.21,,78298935.0,0.00381950612897497
2006-12-21,2372.46,2386.82,2339.91,2342.94,,83182551.0,-0.01275487630677441
2006-12-22,2334.27,2366.69,2321.92,2343.67,,70484620.0,0.00031157434676098994
2006-12-25,2350.13,2452.43,2350.13,2435.76,,73939450.0,0.039293074536944195
2006-12-26,2437.85,2505.7,2424.94,2479.73,,72261492.0,0.018051860610240666
2006-12-27,2478.06,2538.66,2461.07,2536.39,,72118218.0,0.022849261814794186
2006-12-28,2538.95,2611.79,2530.33,2567.59,,78718941.0,0.012300947409507268
2006-12-29,2585.42,2698.9,2585.42,2675.47,,86769012.0,0.042016053965002076
2007-01-04,2728.19,2847.62,2684.82,2715.72,,120156021.0,0.015044085712043076
2007-01-05,2668.58,2685.8,2617.02,2641.33,,106155625.0,-0.027392367401646633
2007-01-08,2621.07,2708.44,2620.63,2707.2,,106813244.0,0.024938194015893478
2007-01-09,2711.05,2809.39,2691.36,2807.8,,110751267.0,0.037160165484633634
2007-01-10,2838.11,2841.74,2770.99,2825.58,,111769365.0,0.006332359854690495
2007-01-11,2819.37,2841.18,2763.89,2770.11,,121598717.0,-0.019631367719193826
2007-01-12,2745.32,2782.02,2652.58,2668.11,,107303768.0,-0.03682164246185171
2007-01-15,2660.07,2795.33,2658.88,2794.7,,91761561.0,0.047445570085191235
2007-01-16,2818.66,2830.8,2757.21,2821.02,,111178574.0,0.00941782660035062
2007-01-17,2828.4,2870.42,2742.59,2778.9,,127377480.0,-0.01493076972159002
2007-01-18,2760.94,2784.04,2679.71,2756.98,,112313956.0,-0.007888013242649983
2007-01-19,2761.89,2833.45,2761.89,2832.21,,122061894.0,0.027287104005107032
2007-01-22,2857.9,2934.65,2857.9,2933.19,,138576090.0,0.03565413581620014
2007-01-23,2964.69,2970.69,2851.92,2949.14,,142791803.0,0.005437765709006115
2007-01-24,2955.42,2994.28,2927.72,2975.13,,122056790.0,0.008812738628888539
2007-01-25,2946.5,2947.15,2853.82,2857.37,,117197215.0,-0.039581463667134
2007-01-26,2805.96,2905.98,2720.83,2882.56,,109599131.0,0.008815799143968128
2007-01-29,2897.25,2954.34,2885.86,2945.26,,112067906.0,0.021751498667850866
2007-01-30,2959.4,2980.51,2901.76,2930.56,,111931721.0,-0.0049910703978597315
2007-01-31,2926.08,2929.65,2766.75,2786.34,,114265970.0,-0.04921243721336532
2007-02-01,2744.81,2801.69,2706.29,2785.43,,93443531.0,-0.00032659330878515025
2007-02-02,2791.49,2796.44,2666.86,2673.21,,85446236.0,-0.04028821402799565
2007-02-05,2658.07,2672.35,2610.33,2612.54,,69224512.0,-0.022695560767766132
2007-02-06,2612.84,2677.04,2541.52,2675.7,,86629950.0,0.024175706400667574
2007-02-07,2688.96,2745.39,2681.33,2716.18,,94883764.0,0.015128751354785752
2007-02-08,2725.14,2751.16,2691.27,2737.73,,88434295.0,0.00793393663159292
2007-02-09,2741.48,2747.94,2704.37,2730.39,,80874438.0,-0.00268105328136814
2007-02-12,2729.84,2807.51,2728.78,2807.17,,79009403.0,0.028120524906698474
2007-02-13,2819.14,2835.09,2801.31,2831.87,,79001671.0,0.008798897109900672
2007-02-14,2836.82,2915.06,2823.38,2905.09,,94044555.0,0.025855706653201027
2007-02-15,2923.67,2994.62,2923.67,2993.01,,108831177.0,0.030264122626149303
2007-02-16,3018.18,3036.35,2975.83,2998.47,,117921722.0,0.001824250503673408
2007-02-26,2999.09,3041.34,2960.75,3040.6,,112056992.0,0.014050499087868262
2007-02-27,3048.83,3049.77,2763.4,2771.79,,161375663.0,-0.08840689337630725
2007-02-28,2734.6,2888.9,2732.88,2881.07,,121479168.0,0.03942578622478621
2007-03-01,2877.2,2878.36,2760.91,2797.19,,127364860.0,-0.029114183272187066
2007-03-02,2792.94,2846.16,2777.8,2831.53,,93943965.0,0.012276606165473325
2007-03-05,2827.68,2858.44,2723.06,2785.31,,106910584.0,-0.01632333049623358
2007-03-06,2776.17,2866.33,2756.96,2840.18,,77040486.0,0.019699782070936367
2007-03-07,2851.75,2911.42,2849.65,2896.59,,87913930.0,0.01986141723411916
2007-03-08,2904.19,2928.8,2871.46,2928.01,,88955123.0,0.010847237613883953
2007-03-09,2934.49,2962.42,2891.81,2937.91,,107139105.0,0.0033811359933879626
2007-03-12,2945.92,2958.63,2904.74,2954.91,,101542444.0,0.005786426405165468
2007-03-13,2958.1,2966.19,2932.23,2964.79,,107189316.0,0.003343587452748098
2007-03-14,2933.68,2934.45,2868.81,2906.33,,113730739.0,-0.019718091331932475
2007-03-15,2905.98,2955.46,2905.98,2951.7,,101745754.0,0.015610753080345319
2007-03-16,2964.09,2979.71,2899.03,2930.48,,122681308.0,-0.007189077480773687
2007-03-19,2864.26,3038.0,2852.86,3014.44,,109971752.0,0.028650596489312452
2007-03-20,3024.78,3033.02,2998.8,3032.2,,92761890.0,0.005891641565265671
2007-03-21,3042.1,3057.71,3020.95,3057.38,,99190127.0,0.008304201569817371
2007-03-22,3080.6,3099.82,3059.38,3071.23,,126065545.0,0.0045300224375117715
2007-03-23,3071.81,3085.32,3008.15,3074.29,,118686417.0,0.0009963434845321473
2007-03-26,3083.94,3123.18,3069.47,3122.81,,122660537.0,0.015782505879406328
2007-03-27,3126.02,3145.04,3103.78,3138.83,,124578931.0,0.005129995100566553
2007-03-28,3140.68,3180.33,3052.08,3173.02,,167267939.0,0.010892593737156897
2007-03-29,3179.8,3273.73,3176.53,3197.54,,149539661.0,0.0077276537809405355
2007-03-30,3178.5,3212.39,3157.03,3183.98,,89424006.0,-0.004240760084314843
2007-04-02,3196.59,3253.44,3196.59,3252.6,,97350446.0,0.021551642912329916
2007-04-03,3265.68,3292.58,3251.52,3291.3,,108601391.0,0.011898173768677411
2007-04-04,3295.98,3308.15,3266.56,3291.54,,112616107.0,7.291951508525685e-05
2007-04-05,3286.16,3326.92,3259.63,3319.14,,114528051.0,0.00838513279498354
2007-04-06,3287.68,3334.22,3273.86,3323.59,,119644881.0,0.0013407087378056737
2007-04-09,3333.42,3399.51,3333.26,3398.95,,137314104.0,0.022674276911411884
2007-04-10,3405.23,3444.37,3351.11,3444.29,,147807284.0,0.013339413642448505
2007-04-11,3454.42,3497.52,3428.78,3495.22,,147572114.0,0.014786792052933873
2007-04-12,3503.23,3532.86,3488.08,3531.03,,135389879.0,0.010245420889100076
2007-04-13,3537.22,3563.86,3504.16,3518.27,,150695876.0,-0.003613676462675297
2007-04-16,3523.22,3597.22,3523.22,3596.44,,131039101.0,0.022218306156150724
2007-04-17,3611.63,3622.89,3510.5,3611.87,,160660646.0,0.004290353794307755
2007-04-18,3614.68,3623.87,3564.23,3612.4,,150485424.0,0.00014673839313150694
2007-04-19,3610.02,3617.44,3358.93,3449.02,,172725541.0,-0.04522754955154473
2007-04-20,3460.9,3591.46,3460.9,3584.2,,138889292.0,0.039193741990478426
2007-04-23,3615.79,3710.89,3615.79,3710.89,,163498116.0,0.03534679984375866
2007-04-24,3736.15,3762.39,3689.13,3720.53,,174389341.0,0.002597759567112057
2007-04-25,3708.57,3769.25,3653.99,3743.96,,151763061.0,0.006297489873754447
2007-04-26,3766.48,3784.68,3732.6,3783.06,,117256968.0,0.010443487644098637
2007-04-27,3788.75,3802.92,3720.6,3759.87,,132175456.0,-0.0061299582877353265
2007-04-30,3784.27,3851.35,3759.48,3841.27,,146525713.0,0.02164968469654549
2007-05-08,3937.94,3964.71,3901.33,3950.01,,160568200.0,0.02830834593767162
2007-05-09,3961.1,4015.22,3875.38,4013.09,,208397449.0,0.015969579823848612
2007-05-10,4021.42,4072.14,3991.48,4049.7,,171113940.0,0.009122646140505175
2007-05-11,4024.42,4039.67,3949.37,4021.68,,140638210.0,-0.006919031039336221
2007-05-14,3970.66,4081.43,3940.36,4046.39,,139326221.0,0.006144198444431259
2007-05-15,4055.83,4069.85,3891.36,3899.18,,156677553.0,-0.0363805762667464
2007-05-16,3890.81,3987.41,3845.23,3986.04,,131719774.0,0.02227647864422777
2007-05-17,4002.49,4064.28,3983.0,4048.29,,139277988.0,0.015617003341662494
2007-05-18,4041.39,4052.1,3999.17,4030.26,,130756274.0,-0.004453732316607728
2007-05-21,3902.35,4083.42,3892.98,4072.23,,156171062.0,0.010413720206636778
2007-05-22,4091.14,4136.63,4086.83,4110.38,,173562090.0,0.009368331356529591
2007-05-23,4125.43,4175.44,4093.92,4173.71,,161399478.0,0.015407334601666989
2007-05-24,4188.68,4208.39,4089.39,4151.13,,180984388.0,-0.005410054843292933
2007-05-25,4133.19,4190.47,4111.26,4179.78,,154192860.0,0.006901735190177005
2007-05-28,4221.58,4283.93,4215.24,4272.11,,178615174.0,0.022089679361114722
2007-05-29,4288.98,4335.96,4262.02,4334.92,,172097642.0,0.014702336784399472
2007-05-30,4087.41,4275.24,4015.51,4053.09,,185596729.0,-0.06501388722283219
2007-05-31,4006.28,4178.11,3858.04,4109.65,,173115312.0,0.013954785114566715
2007-06-01,4120.63,4181.28,3966.98,4000.74,,160934985.0,-0.026501040234569784
2007-06-04,3981.82,3987.27,3659.09,3670.4,,114859357.0,-0.0825697246009488
2007-06-05,3564.43,3768.56,3404.15,3767.1,,157137959.0,0.02634590235396672
2007-06-06,3781.38,3821.7,3682.79,3776.32,,145873852.0,0.0024475060391282444
2007-06-07,3787.7,3891.4,3779.5,3890.8,,142366475.0,0.030315227523091348
2007-06-08,3900.03,3935.79,3852.04,3913.14,,135877192.0,0.005741749768685134
2007-06-11,3942.0,4000.42,3930.74,3995.68,,133842739.0,0.021093035260685733
2007-06-12,4011.68,4073.18,3910.0,4072.14,,149472398.0,0.019135666519841443
2007-06-13,4110.74,4193.45,4102.04,4176.48,,166948499.0,0.0256228911579659
2007-06-14,4162.21,4179.73,4085.78,4115.21,,138385604.0,-0.014670248630425542
2007-06-15,4085.66,4152.54,4067.36,4132.87,,108665532.0,0.004291397036846112
2007-06-18,4195.39,4267.74,4193.31,4253.35,,128977748.0,0.029151654903251334
2007-06-19,4247.75,4280.85,4209.58,4269.52,,124581814.0,0.0038017092409512454
2007-06-20,4269.46,4312.0,4164.27,4181.32,,135212775.0,-0.020658059922427086
2007-06-21,4170.89,4256.54,4147.05,4230.82,,112919856.0,0.011838366831526947
2007-06-22,4230.97,4249.43,4024.49,4091.45,,119692037.0,-0.03294160470074359
2007-06-25,4102.79,4131.13,3912.42,3941.08,,101606655.0,-0.036752251646726686
2007-06-26,3863.25,3976.19,3818.85,3973.37,,93817469.0,0.008193185624245203
2007-06-27,3985.72,4090.72,3948.29,4078.6,,95113481.0,0.026483816005053562
2007-06-28,4080.19,4113.28,3912.81,3914.2,,97831610.0,-0.04030794880596289
2007-06-29,3824.29,3919.35,3779.81,3820.7,,86099985.0,-0.02388738439527871
2007-07-02,3800.23,3859.86,3724.19,3836.29,,74254060.0,0.004080404114429337
2007-07-03,3854.72,3906.76,3821.46,3899.72,,69749217.0,0.01653420361860025
2007-07-04,3906.01,3916.48,3800.27,3816.17,,56474777.0,-0.021424615100571254
2007-07-05,3769.64,3778.4,3614.53,3615.87,,63405936.0,-0.05248717955436999
2007-07-06,3599.82,3785.35,3563.54,3781.35,,80737241.0,0.045764919645894464
2007-07-09,3809.67,3900.9,3782.73,3883.22,,83480539.0,0.026940113980456593
2007-07-10,3895.91,3929.42,3841.8,3853.02,,76563334.0,-0.007777051004063562
2007-07-11,3837.8,3879.29,3812.14,3865.72,,51353880.0,0.003296115774120034
2007-07-12,3874.04,3925.6,3861.04,3915.99,,55158363.0,0.013004045818113985
2007-07-13,3920.83,3935.51,3878.18,3914.4,,46024471.0,-0.00040602759455454773
2007-07-16,3920.65,3931.87,3820.57,3821.92,,47615280.0,-0.023625587574085394
2007-07-17,3809.56,3919.78,3767.22,3896.19,,48712223.0,0.019432641185582078
2007-07-18,3880.85,3971.61,3861.91,3930.06,,62871834.0,0.00869310788231581
2007-07-19,3918.54,3947.33,3887.59,3912.94,,48737595.0,-0.004356167590316651
2007-07-20,3918.41,4062.12,3918.41,4058.85,,83110646.0,0.03728909720057039
2007-07-23,4091.24,4220.32,4091.24,4213.36,,121668964.0,0.03806743289355352
2007-07-24,4238.32,4284.83,4192.72,4210.33,,110989252.0,-0.0007191410180947821
2007-07-25,4212.95,4325.38,4212.23,4323.97,,93950043.0,0.026990758444112473
2007-07-26,4347.78,4371.51,4304.19,4346.46,,99210669.0,0.005201238676493913
2007-07-27,4315.37,4357.34,4268.79,4345.36,,100245813.0,-0.0002530795175844647
2007-07-30,4348.61,4450.19,4345.79,4440.77,,112589768.0,0.021956753870795653
2007-07-31,4432.27,4476.63,4379.2,4471.03,,108561410.0,0.006814133584941207
2007-08-01,4488.77,4502.3,4284.87,4300.56,,126292874.0,-0.03812767975164544
2007-08-02,4316.57,4431.85,4290.81,4407.73,,98278578.0,0.024920010417247784
2007-08-03,4440.98,4562.69,4438.96,4560.77,,115116672.0,0.034720820013930176
2007-08-06,4600.12,4629.97,4564.31,4628.11,,111707979.0,0.014765050638378963
2007-08-07,4642.01,4687.44,4581.29,4651.23,,116181085.0,0.004995559742529965
2007-08-08,4614.59,4711.32,4568.69,4663.16,,118909163.0,0.0025649129370082235
2007-08-09,4658.59,4768.89,4658.59,4754.1,,97660198.0,0.019501797064651605
2007-08-10,4745.18,4769.62,4640.77,4749.37,,101867058.0,-0.0009949306914033285
2007-08-13,4768.62,4872.55,4728.89,4820.06,,114184714.0,0.014884079362105007
2007-08-14,4820.15,4876.85,4789.9,4872.79,,88568208.0,0.010939697846084728
2007-08-15,4875.51,4916.31,4762.72,4869.88,,90509675.0,-0.000597193804781182
2007-08-16,4845.02,4845.02,4710.31,4765.45,,90538411.0,-0.02144406022324996
2007-08-17,4733.14,4814.37,4646.43,4656.57,,91159048.0,-0.022847789820478637
2007-08-20,4773.83,4906.0,4758.4,4904.86,,99152937.0,0.053320362412677236
2007-08-21,4944.21,4982.98,4917.82,4955.21,,104204109.0,0.010265328674009089
2007-08-22,4876.35,4999.19,4861.27,4980.08,,108110938.0,0.005018959842266968
2007-08-23,5002.84,5050.38,4968.33,5032.49,,99309428.0,0.010523927326468563
2007-08-24,5070.65,5125.36,5052.24,5107.67,,108995636.0,0.014938926853307333
2007-08-27,5144.82,5192.06,5092.08,5150.12,,116154244.0,0.008311030274077869
2007-08-28,5134.14,5209.51,5058.45,5194.69,,105436739.0,0.008654167281539005
2007-08-29,5147.71,5204.53,5063.41,5109.43,,100824139.0,-0.016412913956366904
2007-08-30,5144.11,5186.53,5109.66,5167.88,,101210584.0,0.011439632209463646
2007-08-31,5184.09,5235.16,5158.37,5218.83,,103556261.0,0.009858975053600227
2007-09-03,5257.78,5327.54,5257.78,5321.06,,125779649.0,0.019588681754339587
2007-09-04,5333.4,5357.93,5265.0,5294.04,,120426368.0,-0.0050779355992979225
2007-09-05,5296.07,5337.93,5223.67,5310.72,,96240624.0,0.003150712877122208
2007-09-06,5336.67,5412.32,5314.34,5393.66,,106987966.0,0.015617468064593742
2007-09-07,5381.19,5405.36,5269.25,5277.18,,119841029.0,-0.021595725351616468
2007-09-10,5208.32,5356.86,5169.9,5355.29,,102368235.0,0.014801465934457303
2007-09-11,5362.94,5395.04,5093.92,5113.97,,110055262.0,-0.045061985438696994
2007-09-12,5092.58,5192.3,5025.34,5172.63,,97058855.0,0.011470540499846527
2007-09-13,5193.41,5276.77,5178.87,5273.59,,86550216.0,0.019518117476022834
2007-09-14,5290.26,5324.44,5201.85,5312.18,,94673912.0,0.0073175957933779845
2007-09-17,5309.06,5427.17,5307.77,5421.39,,105638609.0,0.020558414812751113
2007-09-18,5446.73,5458.58,5339.92,5425.21,,102690994.0,0.000704616343778941
2007-09-19,5439.02,5447.36,5336.07,5395.27,,89725500.0,-0.00551868038287906
2007-09-20,5408.48,5482.42,5396.11,5470.06,,86547205.0,0.013862142209750461
2007-09-21,5482.51,5489.07,5363.35,5454.67,,92838809.0,-0.0028134974753476483
2007-09-24,5469.84,5506.06,5404.42,5485.01,,81798471.0,0.005562206329622121
2007-09-25,5500.27,5509.23,5396.48,5425.88,,96509579.0,-0.010780290282059624
2007-09-26,5407.83,5463.9,5320.02,5338.52,,63608585.0,-0.01610061409393493
2007-09-27,5338.11,5411.19,5306.82,5409.4,,58884300.0,0.013277088031888873
2007-09-28,5461.58,5560.42,5461.58,5552.3,,80631285.0,0.026416977853366497
2007-10-08,5683.31,5729.96,5620.0,5692.75,,95983083.0,0.02529582335248448
2007-10-09,5678.91,5725.41,5628.35,5715.89,,83289030.0,0.004064819287690646
2007-10-10,5742.65,5860.86,5727.24,5771.46,,92445344.0,0.009722020542732634
2007-10-11,5798.39,5914.77,5755.99,5913.23,,94709657.0,0.02456397514666997
2007-10-12,5950.9,5959.36,5658.81,5903.26,,119148432.0,-0.0016860497562244392
2007-10-15,5934.77,6039.04,5866.13,6030.09,,98707442.0,0.02148473894085634
2007-10-16,6056.95,6124.04,6040.71,6092.06,,88152159.0,0.010276795205378386
2007-10-17,6057.43,6088.89,5982.2,6036.28,,71312588.0,-0.009156180339655373
2007-10-18,6031.92,6055.47,5804.97,5825.28,,69805425.0,-0.03495530359757992
2007-10-19,5869.12,5932.11,5766.86,5818.05,,55224892.0,-0.0012411420566907916
2007-10-22,5742.79,5804.84,5654.91,5667.33,,54433674.0,-0.025905586923453794
2007-10-23,5660.07,5776.02,5574.84,5773.39,,58453968.0,0.018714279916645093
2007-10-24,5804.02,5906.69,5793.56,5843.11,,60292831.0,0.012076093941341126
2007-10-25,5794.22,5819.88,5546.04,5562.39,,71714448.0,-0.04804290865652017
2007-10-26,5498.86,5628.83,5462.01,5589.63,,51519175.0,0.004897175494706474
2007-10-29,5641.98,5750.25,5617.98,5748.0,,50164402.0,0.028332823460586853
2007-10-30,5769.2,5899.65,5701.34,5897.19,,54278820.0,0.025955114822546976
2007-10-31,5984.71,6002.12,5871.48,5954.77,,71029564.0,0.009763972332585746
2007-11-01,5978.94,6005.13,5912.5,5914.29,,64885103.0,-0.006797911590204264
2007-11-02,5812.46,5860.59,5740.4,5777.81,,59541596.0,-0.02307631178045033
2007-11-05,5748.18,5787.23,5603.47,5634.45,,64132597.0,-0.024812169316748123
2007-11-06,5593.35,5649.75,5510.16,5536.57,,45068039.0,-0.017371704425454104
2007-11-07,5565.65,5610.95,5469.76,5601.78,,42730328.0,0.011778050309126487
2007-11-08,5559.15,5559.15,5328.2,5330.02,,48924662.0,-0.04851315117694721
2007-11-09,5276.01,5382.7,5217.63,5315.54,,47341262.0,-0.002716687742259971
2007-11-12,5181.17,5250.09,5032.58,5187.73,,52582703.0,-0.024044593775985224
2007-11-13,5239.34,5311.7,5085.44,5158.12,,49237316.0,-0.005707698742995482
2007-11-14,5246.57,5414.61,5165.06,5412.69,,50992880.0,0.049353252735492736
2007-11-15,5391.02,5453.74,5338.9,5365.27,,47819419.0,-0.008760893382033563
2007-11-16,5273.08,5335.51,5224.31,5316.27,,37387331.0,-0.009132811582641676
2007-11-19,5325.3,5333.09,5240.42,5269.82,,41097731.0,-0.008737328991943683
2007-11-20,5230.74,5338.17,5158.54,5293.7,,49057398.0,0.004531464072776714
2007-11-21,5307.79,5344.93,5206.57,5214.23,,41231609.0,-0.015012184294538877
2007-11-22,5113.88,5154.86,4969.89,4984.16,,40370330.0,-0.04412348515504683
2007-11-23,4946.26,5034.23,4896.99,5032.13,,30872962.0,0.009624490385541362
2007-11-26,5102.53,5124.89,4952.43,4958.85,,36755797.0,-0.014562421877018283
2007-11-27,4919.91,4947.08,4857.04,4861.11,,30833864.0,-0.01971021507002646
2007-11-28,4870.84,4907.76,4778.73,4803.39,,32756757.0,-0.011873831285447056
2007-11-29,4870.86,5011.19,4814.78,5003.33,,50071545.0,0.04162476917343794
2007-11-30,4993.74,4993.74,4861.86,4871.78,,43314662.0,-0.026292489202191405
2007-12-03,4838.56,4899.67,4798.01,4868.61,,53750775.0,-0.000650686196831618
2007-12-04,4882.15,4971.4,4882.15,4915.89,,42835766.0,0.009711190668383995
2007-12-05,4917.37,5052.75,4893.32,5042.65,,54299786.0,0.02578576819253464
2007-12-06,5055.84,5065.51,4995.47,5035.07,,43159311.0,-0.0015031778925762573
2007-12-07,5038.48,5096.8,5021.37,5091.76,,49961574.0,0.01125902916940591
2007-12-10,5010.83,5168.76,4990.72,5161.92,,68817889.0,0.013779125489025379
2007-12-11,5180.54,5209.71,5103.75,5175.08,,66848427.0,0.0025494389684457275
2007-12-12,5148.25,5149.93,5054.56,5095.54,,72156227.0,-0.015369810708240284
2007-12-13,5078.18,5095.15,4954.36,4958.04,,67283324.0,-0.02698438242070511
2007-12-14,4899.75,5011.2,4860.16,5007.91,,53052727.0,0.010058410178215516
2007-12-17,5007.29,5007.35,4874.62,4876.76,,63546722.0,-0.026188569682761842
2007-12-18,4856.47,4905.49,4812.16,4836.17,,40558047.0,-0.008323148975959427
2007-12-19,4878.07,4960.42,4868.35,4941.78,,56275775.0,0.02183752845743636
2007-12-20,4965.29,5050.79,4923.29,5043.54,,57742689.0,0.020591770576593893
2007-12-21,5017.19,5112.39,5013.76,5101.78,,66142705.0,0.011547444850243949
2007-12-24,5132.91,5284.34,5104.65,5234.26,,85080422.0,0.025967407453869162
2007-12-25,5233.17,5254.4,5178.8,5201.18,,71023624.0,-0.0063199000431770624
2007-12-26,5209.04,5262.59,5158.76,5233.35,,74458628.0,0.006185134911693035
2007-12-27,5248.22,5316.52,5203.5,5308.89,,87324184.0,0.014434348935194574
2007-12-28,5320.01,5336.5,5248.69,5261.56,,77187038.0,-0.008915234634735314
2008-01-02,5265.0,5295.02,5201.89,5272.81,,76566609.0,0.0021381491420795484
2008-01-03,5269.8,5321.46,5211.05,5319.86,,98510323.0,0.008923135861144127
2008-01-04,5328.41,5372.46,5318.46,5361.57,,80875238.0,0.007840431891064759
2008-01-07,5357.45,5403.35,5332.6,5393.34,,91933001.0,0.005925503164185164
2008-01-08,5414.56,5480.07,5344.65,5386.53,,102477863.0,-0.00126266840214051
2008-01-09,5365.22,5437.76,5346.85,5435.81,,76805862.0,0.009148746966971544
2008-01-10,5449.16,5483.83,5407.31,5456.54,,96553285.0,0.003813599077230334
2008-01-11,5471.39,5500.06,5423.81,5484.68,,87724750.0,0.005157114215235348
2008-01-14,5507.58,5522.78,5456.93,5497.9,,78714090.0,0.0024103502847931946
2008-01-15,5503.93,5505.04,5405.6,5443.79,,80719506.0,-0.009841939649684384
2008-01-16,5395.28,5396.04,5288.77,5290.61,,89278341.0,-0.02813848440149236
2008-01-17,5235.91,5312.29,5039.79,5151.63,,98941952.0,-0.026269182570629823
2008-01-18,5141.37,5187.61,5093.13,5180.51,,68635625.0,0.005605992666398718
2008-01-21,5188.79,5200.93,4891.29,4914.44,,75643958.0,-0.05135980820421171
2008-01-22,4818.0,4818.0,4511.95,4559.75,,92491351.0,-0.07217302480038412
2008-01-23,4572.9,4705.07,4510.5,4703.05,,87963973.0,0.03142716157684089
2008-01-24,4753.44,4767.8,4625.46,4717.73,,90038158.0,0.0031213786797927856
2008-01-25,4716.98,4806.89,4657.71,4761.69,,77928370.0,0.00931804066786368
2008-01-28,4720.56,4720.56,4409.08,4419.29,,69350257.0,-0.07190724301665996
2008-01-29,4426.27,4517.6,4389.52,4457.94,,50356220.0,0.00874574875149614
2008-01-30,4505.63,4554.34,4330.7,4417.85,,55080037.0,-0.008992942928796488
2008-01-31,4408.02,4487.32,4368.3,4383.39,,45141558.0,-0.007800174292925344
2008-02-01,4388.25,4411.7,4195.75,4320.77,,59307142.0,-0.01428574687627615
2008-02-04,4415.02,4672.21,4415.02,4672.17,,63374578.0,0.08132809661240925
2008-02-05,4622.54,4662.97,4550.43,4599.7,,52619684.0,-0.01551099382085841
2008-02-13,4525.03,4547.54,4454.64,4490.72,,36914151.0,-0.023692849533665128
2008-02-14,4527.05,4576.98,4507.94,4552.32,,34913005.0,0.013717176755620342
2008-02-15,4523.79,4523.79,4431.46,4497.13,,41386516.0,-0.012123488682693528
2008-02-18,4546.75,4601.22,4517.6,4568.15,,55824610.0,0.01579229419652073
2008-02-19,4582.28,4665.55,4544.94,4664.29,,60663188.0,0.021045718726399265
2008-02-20,4682.59,4695.8,4556.81,4567.03,,66474653.0,-0.020852048221701502
2008-02-21,4534.17,4568.21,4452.67,4527.18,,61309148.0,-0.0087255831470342
2008-02-22,4500.38,4500.38,4333.03,4370.29,,67601983.0,-0.034655127474498504
2008-02-25,4370.19,4391.33,4182.77,4192.53,,58811935.0,-0.040674646304936335
2008-02-26,4302.73,4331.64,4123.31,4238.18,,55686631.0,0.010888413440094835
2008-02-27,4256.53,4360.7,4222.46,4334.05,,50524991.0,0.022620558824778536
2008-02-28,4343.28,4344.93,4265.5,4299.51,,47922253.0,-0.007969451206146672
2008-02-29,4293.53,4364.81,4275.9,4348.54,,47835383.0,0.011403625064251521
2008-03-03,4323.7,4456.96,4279.35,4438.27,,78513840.0,0.02063451181316034
2008-03-04,4454.18,4472.15,4321.27,4335.45,,86956515.0,-0.023166684316186403
2008-03-05,4316.25,4352.82,4210.96,4292.65,,74109680.0,-0.009872100935312433
2008-03-06,4310.35,4427.5,4260.79,4360.99,,84932145.0,0.015920235751808454
2008-03-07,4315.81,4341.29,4265.83,4300.52,,56747402.0,-0.013866117555875968
2008-03-10,4265.61,4265.61,4120.53,4146.3,,65682205.0,-0.03586077962664991
2008-03-11,4121.65,4165.92,4063.47,4165.88,,51333439.0,0.004722282516942844
2008-03-12,4254.67,4272.98,4068.78,4070.12,,57224458.0,-0.02298673989649247
2008-03-13,4033.32,4055.45,3902.25,3971.26,,63653400.0,-0.024289210146138163
2008-03-14,3956.75,4000.78,3891.7,3962.67,,41407257.0,-0.002163041452838632
2008-03-17,3941.26,3941.26,3813.0,3820.05,,49100273.0,-0.03599088493364322
2008-03-18,3789.56,3862.77,3607.25,3668.9,,57861001.0,-0.03956754492742243
2008-03-19,3746.05,3813.89,3677.82,3761.61,,61586643.0,0.025269154242415937
2008-03-20,3721.5,3857.62,3516.33,3804.05,,73262694.0,0.01128240301360317
2008-03-21,3790.11,3838.06,3746.4,3796.58,,65093464.0,-0.001963696586532837
2008-03-24,3830.35,3840.48,3624.94,3626.19,,58959678.0,-0.044879865563217436
2008-03-25,3559.94,3659.21,3521.53,3629.62,,52765336.0,0.0009458963816015853
2008-03-26,3644.13,3698.33,3591.11,3606.86,,46251818.0,-0.006270628881260287
2008-03-27,3541.28,3541.28,3407.9,3411.49,,55069866.0,-0.054166227688349555
2008-03-28,3378.63,3590.75,3357.23,3580.15,,63291684.0,0.049438808262665335
2008-03-31,3465.91,3555.82,3445.56,3472.71,,47113469.0,-0.030009915785651486
2008-04-01,3461.09,3493.13,3308.9,3329.16,,54831376.0,-0.041336593035410485
2008-04-02,3370.6,3464.53,3283.64,3347.88,,65487286.0,0.005623040046137895
2008-04-03,3323.43,3456.95,3271.29,3446.24,,50889224.0,0.02937978661122842
2008-04-07,3418.52,3613.48,3386.51,3599.62,,60994537.0,0.04450647662379881
2008-04-08,3604.26,3656.96,3563.85,3612.54,,65484823.0,0.003589267756040959
2008-04-09,3585.85,3606.89,3413.07,3413.91,,59852049.0,-0.05498347423142724
2008-04-10,3378.14,3474.31,3344.87,3471.74,,45455150.0,0.01693952095983775
2008-04-11,3498.55,3517.82,3462.14,3492.89,,43284244.0,0.006092046063357337
2008-04-14,3419.05,3427.88,3285.3,3296.67,,50311706.0,-0.05617697665829724
2008-04-15,3282.57,3349.76,3212.15,3348.35,,44668457.0,0.015676424998559035
2008-04-16,3349.93,3363.22,3283.08,3291.6,,40091184.0,-0.01694864634820137
2008-04-17,3286.41,3352.95,3180.2,3222.74,,45843305.0,-0.020919917365414986
2008-04-18,3200.57,3203.71,3078.17,3094.67,,43665343.0,-0.039739476346214664
2008-04-21,3305.15,3305.17,3073.56,3116.98,,59955293.0,0.007209169313690866
2008-04-22,3076.72,3148.73,2990.79,3147.79,,48787413.0,0.009884567754685714
2008-04-23,3116.41,3296.72,3089.89,3278.33,,66235125.0,0.04147036492269174
2008-04-24,3539.87,3593.2,3461.64,3583.03,,142066287.0,0.0929436633895917
2008-04-25,3572.55,3658.55,3527.84,3557.75,,129621021.0,-0.007055480975598938
2008-04-28,3497.38,3530.91,3460.25,3474.72,,75744975.0,-0.023337783711615545
2008-04-29,3457.35,3544.23,3453.28,3523.41,,67175250.0,0.01401263986738499
2008-04-30,3545.57,3705.09,3543.02,3693.11,,107617708.0,0.048163568815437374
2008-05-05,3739.8,3768.22,3696.7,3761.01,,99696916.0,0.018385588298209354
2008-05-06,3735.85,3786.02,3680.99,3733.5,,98932250.0,-0.007314524555903978
2008-05-07,3716.45,3774.07,3577.99,3579.15,,90497143.0,-0.04134190437926877
2008-05-08,3538.92,3658.05,3523.02,3656.84,,75173242.0,0.021706271042007286
2008-05-09,3682.96,3693.16,3552.47,3613.49,,87898425.0,-0.011854497325559876
2008-05-12,3548.61,3668.86,3521.88,3626.98,,79891220.0,0.0037332329686812216
2008-05-13,3515.71,3615.06,3508.32,3560.24,,90747177.0,-0.01840098373853738
2008-05-14,3549.67,3661.97,3549.67,3657.43,,88592078.0,0.027298721434509954
2008-05-15,3676.84,3706.72,3636.22,3637.32,,83955322.0,-0.0054983964149688536
2008-05-16,3637.64,3661.07,3582.5,3624.23,,64812853.0,-0.0035988035146756747
2008-05-19,3615.59,3624.84,3563.61,3604.76,,48450165.0,-0.005372175606956464
2008-05-20,3601.55,3632.01,3432.38,3443.16,,66377053.0,-0.04482961417681075
2008-05-21,3414.34,3560.53,3355.08,3544.19,,73641076.0,0.029342232135596502
2008-05-22,3493.07,3558.02,3469.79,3485.63,,68504703.0,-0.016522816214706304
2008-05-23,3473.8,3521.39,3435.84,3473.09,,59950559.0,-0.0035976279754305063
2008-05-26,3442.29,3443.99,3361.99,3364.54,,52776596.0,-0.03125458885315391
2008-05-27,3355.11,3383.68,3333.95,3375.41,,42499311.0,0.003230753684010157
2008-05-28,3382.77,3486.33,3354.25,3459.03,,52476760.0,0.024773286800714667
2008-05-29,3447.77,3481.73,3400.77,3401.44,,51439933.0,-0.01664917621414097
2008-05-30,3414.25,3450.49,3390.88,3433.35,,48495407.0,0.009381320852344777
2008-06-02,3426.2,3483.61,3400.72,3459.04,,49186078.0,0.007482487949087568
2008-06-03,3456.58,3469.06,3409.23,3436.4,,56642494.0,-0.006545168601692963
2008-06-04,3424.04,3428.47,3341.74,3369.91,,48038156.0,-0.019348737050401632
2008-06-05,3355.93,3376.34,3326.54,3351.65,,41834663.0,-0.0054185423349584205
2008-06-06,3362.0,3371.28,3312.72,3329.67,,34763217.0,-0.00655796398788655
2008-06-10,3202.11,3215.5,3045.06,3072.33,,50909546.0,-0.07728693834524147
2008-06-11,3042.16,3064.2,2992.35,3024.24,,46939345.0,-0.0156526154417006
2008-06-12,3011.56,3031.06,2900.12,2957.53,,49535824.0,-0.022058434515779046
2008-06-13,2960.91,2976.45,2865.5,2868.8,,41069430.0,-0.030001386291939602
2008-06-16,2876.29,2917.81,2811.72,2874.1,,40385924.0,0.001847462353597118
2008-06-17,2873.13,2893.47,2769.12,2794.75,,43298147.0,-0.02760864270554253
2008-06-18,2772.37,2945.42,2729.71,2941.12,,66349803.0,0.05237319974953025
2008-06-19,2921.72,2921.72,2742.15,2748.87,,56795827.0,-0.06536625503209659
2008-06-20,2811.08,2917.33,2695.63,2831.74,,74156830.0,0.030146933103420537
2008-06-23,2780.15,2813.14,2741.19,2760.42,,40670032.0,-0.025185928086618015
2008-06-24,2747.32,2817.17,2728.83,2803.02,,48387231.0,0.015432434194796452
2008-06-25,2794.04,2910.48,2784.42,2905.01,,64819105.0,0.036385755363857575
2008-06-26,2904.09,2931.31,2851.12,2901.85,,65519228.0,-0.0010877759456938696
2008-06-27,2809.31,2822.26,2723.16,2748.43,,60529919.0,-0.052869721040026185
2008-06-30,2724.4,2766.8,2693.4,2736.1,,38518854.0,-0.004486197574615325
2008-07-01,2743.16,2753.33,2644.78,2651.61,,40681423.0,-0.03087971930850475
2008-07-02,2656.04,2700.9,2627.9,2651.73,,40181793.0,4.52555240022523e-05
2008-07-03,2610.81,2746.37,2566.53,2703.53,,68146717.0,0.019534417154084327
2008-07-04,2691.21,2713.48,2645.83,2669.89,,57291928.0,-0.012442991200393716
2008-07-07,2673.55,2801.53,2673.55,2792.4,,77405848.0,0.0458857855567083
2008-07-08,2805.61,2843.6,2754.62,2814.95,,80204680.0,0.00807549061738988
2008-07-09,2838.86,2920.55,2838.86,2920.55,,97026119.0,0.03751398781505899
2008-07-10,2879.62,2952.04,2862.06,2875.45,,90904841.0,-0.015442296827652413
2008-07-11,2863.81,2888.29,2821.31,2856.63,,64820553.0,-0.006545062511954525
2008-07-14,2837.5,2895.3,2828.24,2878.26,,54465923.0,0.007571859148717275
2008-07-15,2886.11,2896.33,2769.91,2779.45,,70915234.0,-0.03432976867968851
2008-07-16,2753.9,2765.15,2656.61,2705.87,,60043922.0,-0.026472863336271524
2008-07-17,2747.95,2773.28,2676.15,2684.78,,50842333.0,-0.007794166016844795
2008-07-18,2711.74,2785.53,2665.91,2778.37,,57873500.0,0.034859467069927375
2008-07-21,2759.88,2865.06,2745.64,2861.42,,66487700.0,0.029891627105101293
2008-07-22,2852.44,2868.62,2830.76,2846.12,,61519107.0,-0.0053469955476651565
2008-07-23,2870.93,2887.58,2831.11,2837.85,,61497975.0,-0.002905710230067582
2008-07-24,2861.81,2912.7,2849.1,2910.29,,72505445.0,0.025526366791761346
2008-07-25,2875.77,2888.58,2851.93,2865.1,,62531059.0,-0.015527662191740399
2008-07-28,2883.76,2924.45,2883.76,2903.01,,62318792.0,0.01323164985515346
2008-07-29,2868.01,2868.01,2827.7,2850.31,,58632278.0,-0.018153571637714028
2008-07-30,2884.59,2894.37,2822.19,2836.67,,48946884.0,-0.004785444390259297
2008-07-31,2844.65,2848.0,2774.1,2775.72,,44530269.0,-0.02148646123800102
2008-08-01,2751.02,2830.76,2721.95,2801.82,,49215419.0,0.009402965717003386
2008-08-04,2782.99,2793.26,2738.85,2741.74,,37170318.0,-0.021443204774039826
2008-08-05,2751.2,2762.26,2684.73,2690.75,,42378552.0,-0.018597678846280052
2008-08-06,2711.6,2743.11,2678.86,2719.37,,40605525.0,0.010636439654371443
2008-08-07,2717.5,2742.71,2691.36,2727.58,,39492121.0,0.0030190816255235564
2008-08-08,2724.43,2725.93,2595.92,2605.72,,48507437.0,-0.04467696639511953
2008-08-11,2595.9,2601.5,2453.71,2470.07,,47161450.0,-0.052058548117218884
2008-08-12,2445.22,2484.75,2430.85,2457.2,,36632632.0,-0.0052103786532367025
2008-08-13,2440.52,2458.77,2370.74,2446.3,,41005231.0,-0.004435943350154514
2008-08-14,2432.2,2454.25,2409.01,2437.08,,31305226.0,-0.0037689572006704974
2008-08-15,2434.41,2476.86,2414.57,2450.61,,31296068.0,0.0055517258358364074
2008-08-18,2451.78,2455.5,2318.93,2319.87,,53656796.0,-0.05334998224931764
2008-08-19,2297.25,2355.93,2284.59,2344.47,,38593821.0,0.010604042467896813
2008-08-20,2332.48,2523.47,2306.66,2523.28,,73736663.0,0.07626883687997732
2008-08-21,2484.49,2518.44,2431.05,2431.72,,61331990.0,-0.036286103801401515
2008-08-22,2414.46,2426.71,2362.09,2405.23,,46284593.0,-0.010893523925451842
2008-08-25,2408.1,2443.99,2382.29,2413.37,,33757217.0,0.0033842917309363507
2008-08-26,2384.95,2403.02,2327.22,2350.08,,40979466.0,-0.026224739679369446
2008-08-27,2343.88,2385.99,2310.46,2342.15,,40952604.0,-0.0033743532135075416
2008-08-28,2341.96,2374.25,2333.03,2350.14,,34752734.0,0.0034113955126697793
2008-08-29,2361.05,2420.85,2352.1,2397.37,,46405768.0,0.02009667509169666
2008-09-01,2380.47,2380.47,2311.73,2325.14,,36265240.0,-0.0301288495309443
2008-09-02,2312.1,2329.01,2284.92,2304.89,,34190291.0,-0.008709152997238845
2008-09-03,2301.94,2321.53,2248.07,2276.67,,42250006.0,-0.012243534398604594
2008-09-04,2270.52,2295.36,2249.12,2277.41,,34163089.0,0.0003250361273261504
2008-09-05,2224.53,2238.32,2199.37,2202.45,,38608171.0,-0.032914582793612035
2008-09-08,2210.34,2220.55,2135.38,2143.42,,37669497.0,-0.026801970532815633
2008-09-09,2152.28,2161.35,2114.5,2145.78,,30722691.0,0.001101044125743078
2008-09-10,2131.8,2185.69,2102.91,2150.76,,39012042.0,0.002320834381903003
2008-09-11,2143.4,2148.12,2070.43,2078.98,,36441803.0,-0.03337424910264286
2008-09-12,2077.55,2104.63,2064.29,2079.67,,30312475.0,0.00033189352470919253
2008-09-16,2049.81,2049.81,1974.39,1986.64,,46223445.0,-0.04473305861026022
2008-09-17,1971.94,1999.95,1922.68,1929.05,,45853472.0,-0.028988644142874498
2008-09-18,1876.12,1942.85,1802.33,1895.84,,66333202.0,-0.0172157279489904
2008-09-19,2067.64,2075.09,2043.32,2075.09,,58433536.0,0.09454911806903543
2008-09-22,2241.72,2269.73,2164.8,2236.41,,139930636.0,0.07774120640550519
2008-09-23,2209.12,2253.4,2181.96,2201.51,,100165152.0,-0.015605367530998171
2008-09-24,2133.1,2218.29,2116.96,2216.81,,64547818.0,0.006949775381442702
2008-09-25,2214.58,2333.28,2211.45,2297.5,,101230404.0,0.036399150130141944
2008-09-26,2304.12,2310.45,2246.28,2293.78,,78259307.0,-0.0016191512513601403
2008-10-06,2267.39,2267.39,2172.57,2173.74,,60938137.0,-0.05233283052428761
2008-10-07,2101.09,2183.0,2072.9,2157.84,,56902611.0,-0.007314582240746215
2008-10-08,2095.91,2127.09,2059.09,2092.22,,50759473.0,-0.030410039669299116
2008-10-09,2125.57,2130.87,2063.41,2074.58,,45071001.0,-0.00843123572090887
2008-10-10,1995.96,2027.83,1963.18,2000.57,,54077527.0,-0.03567469078078456
2008-10-13,1978.56,2074.47,1931.47,2073.57,,56633806.0,0.036489600463867955
2008-10-14,2139.06,2146.73,2016.18,2017.32,,68042483.0,-0.027127128575355708
2008-10-15,1995.89,2013.49,1963.1,1994.67,,40817957.0,-0.011227767533162791
2008-10-16,1916.13,1943.32,1901.5,1909.94,,50672447.0,-0.04247820441476535
2008-10-17,1921.84,1941.3,1902.6,1930.65,,38647298.0,0.010843272563536122
2008-10-20,1924.18,1979.84,1890.92,1974.01,,44569785.0,0.022458757413306385
2008-10-21,1978.67,1996.66,1956.11,1958.53,,54096739.0,-0.00784190556278841
2008-10-22,1932.68,1950.79,1894.31,1895.82,,48310367.0,-0.03201891214329111
2008-10-23,1851.26,1879.85,1828.31,1875.56,,47830065.0,-0.010686668565581092
2008-10-24,1875.63,1888.1,1825.53,1839.62,,46244580.0,-0.019162276866642514
2008-10-27,1809.23,1809.23,1721.6,1723.35,,50534797.0,-0.06320327024059313
2008-10-28,1671.4,1786.44,1664.93,1771.82,,59847441.0,0.028125453332172867
2008-10-29,1786.2,1795.09,1719.34,1719.81,,52188518.0,-0.029353997584404712
2008-10-30,1732.77,1788.2,1710.73,1763.61,,53560920.0,0.02546792959687405
2008-10-31,1754.21,1765.68,1721.59,1728.79,,40219619.0,-0.01974359410527271
2008-11-03,1713.76,1750.32,1702.98,1719.77,,35858333.0,-0.005217522081918502
2008-11-04,1707.93,1717.1,1678.96,1706.7,,39253457.0,-0.007599853468777784
2008-11-05,1716.22,1788.26,1716.22,1760.61,,60317911.0,0.031587273686060735
2008-11-06,1720.42,1728.22,1703.1,1717.72,,45680712.0,-0.02436087492403194
2008-11-07,1686.52,1762.23,1680.6,1747.71,,46807658.0,0.01745919008918806
2008-11-10,1782.31,1876.16,1782.31,1874.8,,91273263.0,0.07271801385813426
2008-11-11,1872.07,1887.8,1840.92,1843.61,,90879185.0,-0.01663644122039687
2008-11-12,1820.44,1863.9,1815.08,1859.11,,65873321.0,0.008407418054794613
2008-11-13,1837.27,1942.9,1825.88,1927.61,,121067441.0,0.03684558740472599
2008-11-14,1943.96,1987.26,1921.84,1986.44,,130439493.0,0.030519659059664583
2008-11-17,1981.26,2031.1,1963.85,2030.49,,136840656.0,0.0221753488653067
2008-11-18,2020.99,2050.88,1889.87,1902.43,,156698879.0,-0.06306852040640432
2008-11-19,1889.35,2023.91,1883.84,2017.47,,128809645.0,0.060470030434759625
2008-11-20,1977.21,2030.87,1956.73,1983.76,,130840578.0,-0.01670904647900595
2008-11-21,1932.6,2013.18,1893.15,1969.39,,127123084.0,-0.007243819816913244
2008-11-24,1961.21,1974.47,1893.34,1897.06,,84519444.0,-0.036727108393969754
2008-11-25,1925.25,1939.37,1858.17,1888.72,,69541174.0,-0.004396276343394456
2008-11-26,1890.33,1914.71,1873.18,1897.88,,65140003.0,0.004849845397941532
2008-11-27,2012.69,2022.48,1916.47,1917.86,,122337126.0,0.010527535987522763
2008-11-28,1901.68,1915.27,1856.29,1871.16,,77722281.0,-0.02435005683417968
2008-12-01,1865.74,1895.76,1838.1,1894.62,,81890353.0,0.012537677162829386
2008-12-02,1856.97,1907.78,1846.53,1889.64,,104288934.0,-0.002628495423884325
2008-12-03,1903.43,1965.83,1902.94,1965.41,,134916124.0,0.04009758472513281
2008-12-04,1992.72,2055.21,1985.2,2001.5,,175952280.0,0.018362580835550757
2008-12-05,1984.26,2019.75,1975.71,2018.66,,118490336.0,0.00857356982263302
2008-12-08,2049.16,2091.28,2038.19,2090.77,,164973061.0,0.03572171638611743
2008-12-09,2100.77,2100.81,2036.89,2037.74,,145334179.0,-0.02536386116119893
2008-12-10,2025.03,2079.55,2005.56,2079.12,,128251050.0,0.020306810486126814
2008-12-11,2072.58,2087.2,2028.73,2031.68,,121696744.0,-0.02281734580014616
2008-12-12,2014.58,2023.18,1932.27,1954.22,,108147808.0,-0.03812608284769259
2008-12-15,1977.03,1989.3,1936.56,1964.37,,81536951.0,0.005193888098576238
2008-12-16,1948.86,1976.72,1907.83,1975.01,,78328544.0,0.005416494855857046
2008-12-17,1983.84,2003.38,1971.82,1976.82,,97247278.0,0.0009164510559440675
2008-12-18,1978.97,2016.57,1958.98,2015.69,,92160304.0,0.01966289292904766
2008-12-19,2006.21,2038.66,1997.12,2018.46,,102183392.0,0.0013742192499839323
2008-12-22,2016.45,2016.45,1965.35,1987.76,,86820548.0,-0.015209615251231212
2008-12-23,1990.05,1990.05,1895.18,1897.23,,98985955.0,-0.045543727612991525
2008-12-24,1873.58,1887.31,1850.86,1863.8,,74495756.0,-0.017620425567801523
2008-12-25,1865.72,1877.77,1832.36,1852.42,,64566147.0,-0.0061058053439209115
2008-12-26,1852.91,1866.63,1840.19,1851.52,,53256201.0,-0.00048585094093134273
2008-12-29,1846.3,1856.33,1815.41,1850.48,,55021399.0,-0.0005617006567576466
2008-12-30,1851.91,1862.94,1826.98,1832.91,,56466221.0,-0.009494833772858868
2008-12-31,1834.95,1844.37,1814.75,1820.81,,50396099.0,-0.006601524351986798
2009-01-05,1849.02,1880.72,1844.09,1880.72,,67136715.0,0.03290293880196171
2009-01-06,1878.83,1938.69,1871.97,1937.15,,99066756.0,0.030004466374579986
2009-01-07,1938.97,1948.23,1920.52,1924.01,,92360086.0,-0.006783160829053059
2009-01-08,1890.24,1894.17,1862.26,1878.18,,80374000.0,-0.02382004251537151
2009-01-09,1875.16,1909.35,1875.16,1904.86,,71224779.0,0.014205241244183098
2009-01-12,1897.7,1924.44,1886.83,1900.35,,83645557.0,-0.0023676280671545147
2009-01-13,1880.87,1888.31,1861.81,1863.37,,73836460.0,-0.019459573236509042
2009-01-14,1862.31,1929.28,1862.31,1928.87,,87918051.0,0.03515136553663534
2009-01-15,1912.77,1937.73,1902.54,1920.21,,115984409.0,-0.0044896753021198554
2009-01-16,1928.92,1984.73,1928.92,1954.44,,132972538.0,0.017826175262080746
2009-01-19,1971.0,2018.51,1966.19,1986.67,,109401361.0,0.01649065717034026
2009-01-20,1981.15,1994.81,1956.1,1994.11,,74565389.0,0.0037449601594627957
2009-01-21,1965.94,2007.91,1960.53,1985.02,,87289198.0,-0.0045584245603301765
2009-01-22,1996.09,2009.85,1980.44,2004.95,,88284495.0,0.010040201106286117
2009-01-23,2001.17,2008.79,1986.35,1990.66,,85967706.0,-0.0071273597845332715
2009-02-02,2008.13,2012.74,1987.13,2011.68,,84766272.0,0.010559311986979125
2009-02-03,2011.77,2060.93,2005.02,2060.81,,134407694.0,0.024422373339696213
2009-02-04,2068.09,2108.26,2067.79,2107.75,,151785867.0,0.022777451584571118
2009-02-05,2106.84,2149.48,2082.6,2098.02,,165352197.0,-0.004616296999169767
2009-02-06,2102.08,2185.09,2102.08,2181.24,,160860189.0,0.039665970772442494
2009-02-09,2211.32,2238.89,2196.71,2224.71,,192312686.0,0.019929031193266278
2009-02-10,2218.49,2266.4,2197.01,2265.16,,172587361.0,0.018182145088573298
2009-02-11,2230.49,2305.71,2218.3,2260.82,,209328074.0,-0.0019159794451604206
2009-02-12,2265.79,2274.2,2191.89,2248.09,,173976848.0,-0.00563070036535418
2009-02-13,2249.19,2323.12,2236.18,2320.79,,199715512.0,0.032338562957888506
2009-02-16,2338.76,2389.88,2328.18,2389.39,,211427610.0,0.029558900202086402
2009-02-17,2387.35,2402.81,2316.93,2319.44,,198117836.0,-0.02927525435362155
2009-02-18,2271.26,2295.74,2206.06,2209.86,,162461879.0,-0.047244162384023736
2009-02-19,2224.49,2247.62,2190.47,2227.13,,129844050.0,0.007814974704279942
2009-02-20,2234.37,2262.33,2206.21,2261.48,,128938105.0,0.015423437338637491
2009-02-23,2249.29,2313.59,2219.71,2305.78,,160289118.0,0.019588941754957068
2009-02-24,2273.75,2295.59,2193.27,2200.65,,183853106.0,-0.04559411565717464
2009-02-25,2222.51,2234.02,2142.6,2206.57,,152376898.0,0.002690114284416012
2009-02-26,2201.67,2237.55,2102.35,2121.25,,148638852.0,-0.03866634641094557
2009-02-27,2100.06,2123.24,2064.92,2082.85,,122905210.0,-0.0181025338833235
2009-03-02,2066.23,2102.11,2052.99,2093.45,,87462587.0,0.0050891806899200365
2009-03-03,2047.21,2088.63,2037.02,2071.43,,97781728.0,-0.010518522056891744
2009-03-04,2076.62,2201.73,2076.62,2198.11,,154811275.0,0.061155819892538155
2009-03-05,2220.15,2241.76,2173.49,2221.08,,182441105.0,0.010449886493396399
2009-03-06,2180.79,2221.04,2171.67,2193.01,,123863233.0,-0.012637995929907886
2009-03-09,2205.75,2232.67,2116.45,2118.75,,124300647.0,-0.033862134691588386
2009-03-10,2097.14,2159.27,2088.16,2158.57,,83940262.0,0.018794100294985405
2009-03-11,2199.98,2203.53,2133.14,2139.02,,103723453.0,-0.00905692194369434
2009-03-12,2127.73,2136.79,2086.02,2133.88,,87213151.0,-0.0024029695842020526
2009-03-13,2148.42,2166.02,2124.98,2128.85,,83504887.0,-0.002357208465330829
2009-03-16,2122.41,2158.9,2108.61,2153.29,,73382635.0,0.011480376729219977
2009-03-17,2156.77,2225.19,2151.78,2218.33,,130805423.0,0.030204942204719254
2009-03-18,2227.98,2255.01,2221.59,2223.73,,146994599.0,0.002434263612717702
2009-03-19,2227.34,2268.14,2220.16,2265.76,,145822319.0,0.01890067589140787
2009-03-20,2272.44,2294.12,2250.41,2281.09,,150523664.0,0.006765941670785924
2009-03-23,2286.25,2329.18,2276.81,2325.48,,160060235.0,0.01945999500238904
2009-03-24,2359.68,2369.45,2327.43,2338.42,,162727081.0,0.005564442609697906
2009-03-25,2333.16,2355.69,2291.36,2291.55,,144842469.0,-0.020043448140197206
2009-03-26,2296.05,2362.05,2274.9,2361.7,,158556822.0,0.03061246754380198
2009-03-27,2380.63,2392.77,2361.09,2374.44,,186528389.0,0.005394419274251661
2009-03-30,2377.96,2380.19,2348.53,2358.04,,139880606.0,-0.0069068917302606
2009-03-31,2313.88,2375.71,2299.16,2373.21,,142695498.0,0.006433309019355127
2009-04-01,2380.98,2422.63,2380.98,2408.02,,179857619.0,0.014667897067684565
2009-04-02,2417.22,2450.0,2417.11,2425.29,,188385983.0,0.007171867343294558
2009-04-03,2446.12,2456.81,2406.5,2419.78,,170251684.0,-0.0022718932581257123
2009-04-07,2422.1,2449.54,2407.51,2439.18,,124209223.0,0.008017257767234831
2009-04-08,2429.88,2435.39,2346.54,2347.39,,146809157.0,-0.03763149911035679
2009-04-09,2345.01,2380.94,2331.88,2379.88,,113234976.0,0.013840904153123335
2009-04-10,2400.01,2444.98,2392.8,2444.23,,157491196.0,0.027039178445972034
2009-04-13,2468.08,2522.45,2464.06,2513.7,,191344932.0,0.028422038842498276
2009-04-14,2512.01,2532.09,2495.34,2527.18,,165180093.0,0.005362612881409934
2009-04-15,2514.59,2542.54,2485.93,2536.06,,181085688.0,0.003513797988271561
2009-04-16,2542.34,2549.31,2497.12,2534.13,,186163119.0,-0.0007610230041875665
2009-04-17,2524.63,2539.35,2481.9,2503.94,,161593595.0,-0.011913358825316744
2009-04-20,2500.17,2559.04,2497.32,2557.46,,147904251.0,0.021374314081008317
2009-04-21,2523.26,2552.6,2499.6,2535.83,,164621542.0,-0.008457610285204864
2009-04-22,2548.11,2579.22,2449.9,2461.35,,193984096.0,-0.029371054053307977
2009-04-23,2440.68,2474.15,2422.79,2463.95,,126119756.0,0.001056330875332634
2009-04-24,2477.16,2481.53,2445.66,2448.6,,113796845.0,-0.006229834209298013
2009-04-27,2443.44,2452.93,2393.16,2405.35,,113008183.0,-0.01766315445560729
2009-04-28,2382.88,2411.44,2372.34,2401.44,,94815296.0,-0.001625543060261414
2009-04-29,2401.66,2477.73,2395.48,2468.19,,126530722.0,0.027795822506496037
2009-04-30,2477.93,2491.07,2461.37,2477.57,,131154168.0,0.0038003557262609178
2009-05-04,2486.69,2560.54,2486.23,2559.91,,153369990.0,0.033234177036370216
2009-05-05,2577.43,2590.78,2552.39,2567.34,,158422283.0,0.0029024457891098088
2009-05-06,2563.56,2596.93,2552.63,2592.52,,160708583.0,0.009807816650696743
2009-05-07,2612.12,2622.11,2566.12,2597.45,,181811460.0,0.0019016246740621856
2009-05-08,2586.76,2634.06,2574.57,2625.65,,161920976.0,0.010856801863366128
2009-05-11,2646.29,2663.95,2579.75,2579.75,,178248359.0,-0.01748138556167045
2009-05-12,2562.36,2619.69,2558.96,2618.17,,123005960.0,0.014892915980230681
2009-05-13,2629.03,2670.21,2608.32,2663.77,,145836006.0,0.017416745283919566
2009-05-14,2631.45,2651.49,2610.22,2639.89,,124762442.0,-0.008964737946594581
2009-05-15,2646.89,2661.37,2623.36,2645.26,,110890182.0,0.0020341756664103983
2009-05-18,2632.57,2656.84,2589.61,2652.78,,119048894.0,0.0028428207435184927
2009-05-19,2679.4,2688.11,2660.56,2676.68,,147466097.0,0.009009416536614356
2009-05-20,2680.55,2686.35,2651.01,2651.41,,138245861.0,-0.009440799796763155
2009-05-21,2639.14,2663.23,2598.87,2610.62,,138926981.0,-0.015384267238940819
2009-05-22,2595.99,2617.75,2578.59,2597.6,,99147298.0,-0.004987321019527924
2009-05-25,2555.34,2618.36,2538.62,2610.01,,112000785.0,0.004777486910994888
2009-05-26,2615.01,2618.8,2585.91,2588.58,,114514670.0,-0.008210696510741466
2009-05-27,2601.24,2635.31,2592.79,2632.93,,103167720.0,0.017132945475897943
2009-06-01,2668.4,2726.72,2668.4,2721.28,,147959551.0,0.033555772466415945
2009-06-02,2739.44,2750.88,2713.47,2724.3,,156356058.0,0.0011097718720602945
2009-06-03,2722.27,2778.68,2717.86,2778.59,,155681658.0,0.01992805491318861
2009-06-04,2753.25,2778.24,2728.2,2767.24,,170878921.0,-0.004084805602841857
2009-06-05,2783.86,2791.65,2750.38,2753.89,,146648113.0,-0.004824301470056747
2009-06-08,2753.35,2795.15,2729.03,2768.34,,133231447.0,0.005247123160329714
2009-06-09,2766.51,2788.37,2721.85,2787.89,,132601567.0,0.007061993830237423
2009-06-10,2796.9,2820.58,2790.0,2816.25,,145267188.0,0.010172567784238362
2009-06-11,2812.28,2828.74,2787.45,2797.32,,134114877.0,-0.006721704394141104
2009-06-12,2793.97,2812.68,2722.22,2743.76,,127694651.0,-0.01914689774498446
2009-06-15,2743.03,2790.98,2727.74,2789.55,,106225013.0,0.016688777444091363
2009-06-16,2762.74,2797.48,2753.69,2776.02,,103383327.0,-0.0048502446631177865
2009-06-17,2771.52,2813.61,2744.22,2810.12,,110783742.0,0.01228377317166296
2009-06-18,2812.99,2855.42,2810.85,2853.9,,138842694.0,0.015579405861671392
2009-06-19,2861.18,2886.5,2847.36,2880.49,,153023362.0,0.009317074879988674
2009-06-22,2900.57,2923.24,2884.13,2896.3,,146972200.0,0.005488649500605902
2009-06-23,2853.49,2941.05,2841.9,2892.7,,144465267.0,-0.001242965162448817
2009-06-24,2889.05,2923.47,2880.28,2922.3,,140574260.0,0.010232654613337111
2009-06-25,2926.62,2946.9,2909.09,2925.05,,119613020.0,0.000941039592102122
2009-06-26,2930.5,2937.61,2910.35,2928.21,,109560720.0,0.0010803234132750195
2009-06-29,2930.31,2976.92,2918.39,2975.31,,128543774.0,0.016084911942791047
2009-06-30,2990.12,2997.27,2953.36,2959.36,,125813958.0,-0.005360785934910961
2009-07-01,2950.17,3009.71,2947.69,3008.15,,138250133.0,0.01648667279411753
2009-07-02,3015.08,3062.56,3015.08,3060.25,,161960284.0,0.01731961504579216
2009-07-03,3035.81,3088.86,3029.55,3088.37,,159467946.0,0.009188791765378568
2009-07-06,3091.48,3128.31,3090.1,3124.67,,183237316.0,0.011753773025900527
2009-07-07,3118.27,3130.07,3077.48,3089.45,,178775741.0,-0.01127159027993363
2009-07-08,3057.46,3097.96,3011.21,3080.77,,155489181.0,-0.0028095615724481604
2009-07-09,3073.52,3123.51,3064.21,3123.03,,167287882.0,0.013717349883308527
2009-07-10,3124.79,3140.04,3099.99,3113.93,,161162269.0,-0.002913836882771026
2009-07-13,3098.96,3112.88,3076.3,3080.56,,156610057.0,-0.01071636163947165
2009-07-14,3088.58,3147.59,3088.58,3145.16,,161688479.0,0.020970213207988087
2009-07-15,3156.63,3188.91,3156.63,3188.55,,195911479.0,0.013795800531610558
2009-07-16,3209.77,3221.07,3175.96,3183.74,,191230184.0,-0.0015085226827242781
2009-07-17,3181.06,3197.23,3158.57,3189.74,,164690672.0,0.001884576001809135
2009-07-20,3203.89,3269.18,3192.9,3266.92,,198870795.0,0.024196329481399825
2009-07-21,3275.67,3279.59,3207.5,3213.21,,197565897.0,-0.016440561752353866
2009-07-22,3207.99,3301.43,3207.26,3296.62,,168213043.0,0.025958465210801585
2009-07-23,3301.1,3331.06,3289.22,3328.49,,166397752.0,0.009667477598267249
2009-07-24,3343.76,3398.05,3306.91,3372.6,,189738676.0,0.013252255527281154
2009-07-27,3377.72,3435.93,3376.29,3435.21,,197623634.0,0.01856431239992884
2009-07-28,3434.32,3439.92,3392.43,3438.37,,204245819.0,0.0009198855382930304
2009-07-29,3419.99,3454.02,3174.21,3266.43,,275801197.0,-0.05000625296288652
2009-07-30,3281.2,3336.64,3215.75,3321.56,,198010213.0,0.01687775338825581
2009-07-31,3354.68,3414.15,3333.72,3412.06,,193714375.0,0.027246233697419298
2009-08-03,3429.69,3465.17,3398.45,3462.59,,200813706.0,0.014809235476515692
2009-08-04,3477.11,3478.01,3404.82,3471.44,,211490154.0,0.002555890244008152
2009-08-05,3467.05,3468.1,3385.42,3428.5,,202502543.0,-0.0123695066024474
2009-08-06,3401.48,3419.74,3309.61,3356.33,,174827374.0,-0.021050021875455793
2009-08-07,3352.66,3374.46,3244.1,3260.69,,153160007.0,-0.028495410165269797
2009-08-10,3287.76,3307.89,3201.06,3249.76,,126683738.0,-0.003352051252955568
2009-08-11,3261.41,3273.02,3222.71,3264.73,,103752297.0,0.004606494018019713
2009-08-12,3255.99,3255.99,3104.56,3112.72,,134447463.0,-0.04656127765542639
2009-08-13,3112.57,3150.37,3060.12,3140.56,,116934226.0,0.008943946130715252
2009-08-14,3138.15,3146.0,3039.3,3046.97,,125815592.0,-0.029800417759889952
2009-08-17,2994.87,3020.26,2867.39,2870.63,,125058959.0,-0.05787388782954861
2009-08-18,2845.34,2920.64,2827.11,2910.88,,106251526.0,0.014021312394840058
2009-08-19,2916.1,2929.06,2761.4,2785.58,,114469464.0,-0.04304540207772223
2009-08-20,2798.37,2914.64,2798.37,2911.58,,110039086.0,0.045232949690908075
2009-08-21,2905.05,2969.52,2883.27,2960.77,,126790301.0,0.016894607051841204
2009-08-24,2982.19,3004.9,2944.92,2993.43,,122875721.0,0.011030914255413249
2009-08-25,2980.1,2980.1,2823.64,2915.8,,145236180.0,-0.025933460946138576
2009-08-26,2889.74,2995.8,2872.26,2967.6,,130425354.0,0.01776527882570811
2009-08-27,2947.83,2988.03,2909.89,2946.4,,136745904.0,-0.007143819921822336
2009-08-28,2938.42,2949.43,2843.11,2860.69,,123048500.0,-0.029089736627749163
2009-08-31,2817.63,2817.63,2663.0,2667.75,,118246250.0,-0.06744526670139028
2009-09-01,2649.17,2727.08,2639.76,2683.72,,98042585.0,0.005986318058288642
2009-09-02,2681.33,2729.71,2669.22,2714.97,,83934714.0,0.011644284798712157
2009-09-03,2722.3,2854.16,2715.62,2845.02,,129890251.0,0.04790108177990926
2009-09-04,2841.17,2875.98,2827.58,2861.61,,128889936.0,0.005831241959634692
2009-09-07,2877.62,2919.35,2860.0,2881.12,,131182812.0,0.006817840306680312
2009-09-08,2865.7,2931.23,2831.85,2930.48,,127929384.0,0.01713222635641709
2009-09-09,2944.17,2962.29,2900.11,2946.26,,130754494.0,0.005384783380197211
2009-09-10,2934.96,2958.95,2911.21,2924.88,,105894857.0,-0.007256657593016302
2009-09-11,2917.19,2999.33,2915.9,2989.79,,123246666.0,0.022192363447389285
2009-09-14,2990.93,3033.08,2984.84,3026.74,,143711225.0,0.01235872753604772
2009-09-15,3029.1,3050.43,2999.43,3033.73,,144467755.0,0.0023094154106400033
2009-09-16,3027.51,3028.56,2960.59,2999.71,,147415778.0,-0.011213918179930338
2009-09-17,3015.59,3064.23,3015.59,3060.26,,160740391.0,0.020185284577509233
2009-09-18,3063.31,3068.03,2940.83,2962.67,,168076584.0,-0.03188944730186327
2009-09-21,2937.93,2968.7,2871.65,2967.01,,136231980.0,0.0014648948414774932
2009-09-22,2956.13,2982.9,2896.94,2897.55,,124074699.0,-0.023410773809323215
2009-09-23,2897.81,2924.2,2825.86,2842.72,,107626362.0,-0.018922883125399137
2009-09-24,2824.58,2886.26,2783.11,2853.55,,102541326.0,0.003809731524736959
2009-09-25,2836.7,2864.08,2812.92,2838.84,,75167601.0,-0.005154982390355833
2009-09-28,2844.37,2857.95,2752.77,2763.52,,71874586.0,-0.026531963759845678
2009-09-29,2763.76,2779.69,2712.3,2754.54,,73565539.0,-0.003249478925428484
2009-09-30,2772.57,2803.86,2763.71,2779.43,,64833254.0,0.00903599149041212
2009-10-09,2840.13,2912.55,2834.62,2911.72,,85546555.0,0.04759608984575969
2009-10-12,2927.02,2932.08,2893.57,2894.48,,88186631.0,-0.005920898987539891
2009-10-13,2889.79,2937.82,2886.96,2936.19,,79997904.0,0.014410187667560415
2009-10-14,2945.67,3010.61,2943.74,2970.53,,129630148.0,0.011695428429359112
2009-10-15,2994.89,3014.26,2967.11,2979.79,,98617587.0,0.003117288833978993
2009-10-16,2992.75,3008.18,2931.92,2976.63,,92222799.0,-0.0010604774161937502
2009-10-19,2974.64,3039.61,2962.31,3038.27,,120615598.0,0.02070798184524114
2009-10-20,3062.55,3084.94,3053.64,3084.45,,143651187.0,0.015199439154518712
2009-10-21,3080.52,3105.51,3062.56,3070.59,,135482770.0,-0.004493507756650139
2009-10-22,3068.68,3080.66,3045.03,3051.41,,103031488.0,-0.006246356563396671
2009-10-23,3057.39,3123.46,3057.39,3107.85,,138600902.0,0.018496367253171497
2009-10-26,3114.29,3123.36,3083.18,3109.57,,114826118.0,0.0005534372637032714
2009-10-27,3086.09,3086.09,3020.49,3021.46,,120886757.0,-0.02833510742642875
2009-10-28,3014.18,3038.06,2974.26,3031.33,,100973138.0,0.003266632687508597
2009-10-29,2975.2,2993.44,2952.01,2960.47,,110282234.0,-0.02337587791497464
2009-10-30,3007.25,3027.13,2983.93,2995.85,,104792187.0,0.011950805108648321
2009-11-02,2933.82,3077.91,2923.52,3076.65,,137286110.0,0.02697064272243277
2009-11-03,3085.74,3121.2,3078.94,3114.23,,150552258.0,0.012214584044333954
2009-11-04,3119.31,3141.45,3096.35,3128.54,,145370268.0,0.004595036333218783
2009-11-05,3133.5,3158.72,3122.52,3155.05,,145465766.0,0.00847360110466866
2009-11-06,3176.14,3183.57,3156.99,3164.04,,163490814.0,0.002849400167984628
2009-11-09,3162.15,3176.66,3141.77,3175.59,,139189835.0,0.0036503963287444208
2009-11-10,3203.17,3211.11,3176.25,3178.61,,142448019.0,0.0009510043802882784
2009-11-11,3176.31,3186.6,3149.07,3175.19,,126821701.0,-0.0010759419998049857
2009-11-12,3181.46,3199.87,3163.08,3172.95,,138033047.0,-0.0007054695939456845
2009-11-13,3164.65,3189.09,3127.5,3187.65,,151147494.0,0.00463291258923082
2009-11-16,3206.43,3275.55,3206.43,3275.05,,200378981.0,0.02741831756936941
2009-11-17,3291.04,3298.38,3275.3,3282.89,,166037305.0,0.0023938565823422575
2009-11-18,3287.26,3315.87,3274.21,3303.23,,158663952.0,0.006195760442780696
2009-11-19,3311.19,3329.03,3285.8,3320.61,,174619648.0,0.005261516757840035
2009-11-20,3309.38,3332.53,3280.18,3308.35,,176074025.0,-0.0036920927179042717
2009-11-23,3312.97,3339.3,3305.5,3338.66,,169531590.0,0.009161666691855475
2009-11-24,3352.22,3361.39,3214.03,3223.53,,250211554.0,-0.034483894736211385
2009-11-25,3214.81,3291.17,3188.02,3290.17,,189026737.0,0.020672988928286617
2009-11-26,3296.01,3305.33,3160.35,3170.98,,217978838.0,-0.03622609166091728
2009-11-27,3137.3,3169.75,3080.89,3096.26,,148802727.0,-0.02356369324309826
2009-11-30,3114.29,3195.88,3114.29,3195.3,,138860263.0,0.031986977837778374
2009-12-01,3191.06,3240.66,3173.42,3235.36,,165279767.0,0.0125371639595655
2009-12-02,3252.98,3278.27,3245.96,3269.75,,175051363.0,0.010629419909994553
2009-12-03,3268.0,3270.37,3227.77,3264.63,,159219988.0,-0.0015658689502254797
2009-12-04,3256.61,3319.13,3214.84,3317.04,,215945072.0,0.01605388665790608
2009-12-07,3313.06,3334.01,3302.13,3331.9,,139876001.0,0.004479897740153893
2009-12-08,3330.33,3330.38,3260.67,3296.66,,137065573.0,-0.010576547915603807
2009-12-09,3258.0,3284.65,3228.2,3239.57,,115095030.0,-0.017317527436860214
2009-12-10,3258.35,3276.13,3225.56,3254.26,,94306516.0,0.004534552425167648
2009-12-11,3260.45,3280.94,3242.37,3247.32,,91542945.0,-0.002132589282970665
2009-12-14,3246.95,3315.03,3178.23,3302.9,,118243321.0,0.01711565229173595
2009-12-15,3283.6,3303.18,3267.94,3274.46,,101484567.0,-0.00861061491416637
2009-12-16,3262.86,3299.33,3246.61,3255.21,,103873513.0,-0.00587883192953953
2009-12-17,3261.61,3272.98,3176.63,3179.08,,105646586.0,-0.02338712402579257
2009-12-18,3154.81,3169.58,3108.03,3113.89,,101866376.0,-0.02050593253394062
2009-12-21,3108.07,3123.99,3088.0,3122.97,,74568126.0,0.002915966845328466
2009-12-22,3126.62,3129.31,3039.86,3050.52,,85080787.0,-0.02319907011594724
2009-12-23,3048.2,3078.84,3041.35,3073.78,,80058134.0,0.007624929520213097
2009-12-24,3080.87,3156.53,3075.11,3153.41,,102406204.0,0.025906213196780437
2009-12-25,3149.23,3154.77,3128.15,3141.35,,84545783.0,-0.0038244313298936294
2009-12-28,3148.86,3202.09,3148.86,3188.78,,91211608.0,0.015098604103331414
2009-12-29,3190.17,3212.52,3166.76,3211.76,,102612637.0,0.007206517853222794
2009-12-30,3211.83,3267.0,3206.22,3262.6,,129456039.0,0.015829327222457446
2009-12-31,3265.0,3282.21,3250.03,3277.14,,116520402.0,0.0044565683810458
2010-01-04,3289.75,3295.28,3243.32,3243.76,,109447927.0,-0.010185710711168805
2010-01-05,3254.47,3290.51,3221.46,3282.18,,126115066.0,0.011844279478136377
2010-01-06,3277.52,3295.87,3253.04,3254.22,,123651384.0,-0.008518728406120335
2010-01-07,3253.99,3268.82,3176.71,3192.78,,128652827.0,-0.018880100300532776
2010-01-08,3177.26,3198.92,3149.02,3196.0,,98377147.0,0.00100852548562691
2010-01-11,3301.61,3306.75,3197.33,3212.75,,136327216.0,0.005240926157697112
2010-01-12,3205.71,3275.2,3180.09,3273.97,,140655241.0,0.019055326433740527
2010-01-13,3204.98,3232.82,3165.49,3172.66,,158344278.0,-0.03094408317730457
2010-01-14,3183.38,3219.02,3165.6,3215.55,,135954504.0,0.013518624750209707
2010-01-15,3217.19,3241.81,3197.22,3224.15,,120541135.0,0.002674503584145782
2010-01-18,3213.64,3238.24,3202.21,3237.1,,135067238.0,0.004016562504846277
2010-01-19,3242.22,3268.81,3236.84,3246.87,,129943532.0,0.0030181335145655908
2010-01-20,3252.04,3255.13,3148.33,3151.85,,158243112.0,-0.029265107626729736
2010-01-21,3154.19,3176.15,3126.9,3158.86,,114337079.0,0.0022240906134494143
2010-01-22,3118.72,3147.83,3062.63,3128.59,,137758538.0,-0.009582570927486489
2010-01-25,3103.32,3137.0,3092.93,3094.41,,78361862.0,-0.010925049303360357
2010-01-26,3094.85,3107.2,3001.96,3019.39,,93507092.0,-0.024243716895951062
2010-01-27,3020.54,3028.65,2972.63,2986.61,,76552214.0,-0.010856497504462714
2010-01-28,2985.21,3006.04,2963.89,2994.14,,73365767.0,0.0025212531934197813
2010-01-29,2979.74,3024.85,2968.45,2989.29,,80475875.0,-0.001619830736037664
2010-02-01,2981.37,2981.37,2912.89,2941.36,,88147114.0,-0.016033907717217022
2010-02-02,2955.75,2990.75,2930.56,2934.71,,82485789.0,-0.0022608589224032416
2010-02-03,2945.03,3005.13,2890.02,3003.84,,101022537.0,0.023555990200053945
2010-02-04,2983.05,3015.13,2968.68,2995.31,,99918364.0,-0.002839698519228828
2010-02-05,2936.2,2959.23,2918.91,2939.4,,97274989.0,-0.01866584760842782
2010-02-08,2936.45,2954.27,2922.19,2935.17,,63299582.0,-0.0014390691977954617
2010-02-09,2932.09,2957.47,2929.21,2948.84,,62282207.0,0.004657311160852773
2010-02-10,2967.14,2983.18,2958.22,2982.5,,55588005.0,0.011414657967200537
2010-02-11,2985.08,3001.64,2976.08,2985.5,,56646305.0,0.0010058675607711454
2010-02-12,2996.09,3018.86,2993.44,3018.13,,56092124.0,0.010929492547312014
2010-02-22,3016.7,3026.66,3002.81,3003.4,,68505143.0,-0.004880505478557895
2010-02-23,2998.91,2998.91,2938.75,2982.58,,80392858.0,-0.006932143570619997
2010-02-24,2964.98,3023.74,2955.07,3022.18,,92918962.0,0.01327709566885038
2010-02-25,3026.66,3063.0,3022.37,3060.62,,119670781.0,0.012719295343096793
2010-02-26,3053.5,3067.52,3041.69,3051.94,,101296291.0,-0.002836026687403126
2010-03-01,3057.01,3093.1,3054.55,3087.84,,111038878.0,0.011763009757727927
2010-03-02,3089.71,3095.99,3060.96,3073.11,,105327647.0,-0.004770324887299893
2010-03-03,3074.1,3098.46,3061.47,3097.0,,117156519.0,0.0077738837854810505
2010-03-04,3098.07,3102.4,3016.22,3023.37,,126383889.0,-0.02377462060058122
2010-03-05,3026.64,3044.17,3011.09,3031.06,,92259665.0,0.0025435193178473536
2010-03-08,3036.42,3058.83,3030.91,3053.23,,81011950.0,0.0073142728946309354
2010-03-09,3053.26,3084.85,3028.69,3069.14,,92381803.0,0.00521087504053086
2010-03-10,3067.15,3085.99,3034.74,3048.93,,84612953.0,-0.006584906521045042
2010-03-11,3050.64,3070.94,3025.31,3051.28,,79872195.0,0.0007707622018218174
2010-03-12,3051.47,3057.52,3011.97,3013.41,,71418912.0,-0.012411184814241971
2010-03-15,3010.72,3013.52,2963.49,2976.94,,63749768.0,-0.012102568186871276
2010-03-16,2974.49,2993.84,2963.44,2992.84,,59627991.0,0.005341054908731824
2010-03-17,2999.81,3050.76,2994.89,3050.48,,87085699.0,0.019259298859945595
2010-03-18,3053.16,3063.59,3035.02,3046.09,,91379124.0,-0.0014391177781857278
2010-03-19,3046.75,3069.66,3031.02,3067.75,,88481189.0,0.007110755099159816
2010-03-22,3069.66,3083.35,3061.76,3074.58,,96499411.0,0.0022263874174883735
2010-03-23,3076.96,3082.97,3051.21,3053.13,,92867190.0,-0.006976562652459828
2010-03-24,3058.93,3076.75,3052.21,3056.81,,89266365.0,0.001205320441645119
2010-03-25,3051.36,3051.36,3012.31,3019.18,,90190542.0,-0.012310218822890517
2010-03-26,3017.22,3067.71,3009.91,3059.72,,93077716.0,0.013427486933538235
2010-03-29,3076.05,3130.28,3071.69,3123.8,,131895114.0,0.020943092832024002
2010-03-30,3123.83,3132.58,3113.77,3128.47,,102431515.0,0.0014949740700427316
2010-03-31,3129.57,3130.11,3101.76,3109.11,,101143351.0,-0.006188328480055683
2010-04-01,3111.94,3148.34,3111.94,3147.42,,126779213.0,0.012321854164053292
2010-04-02,3154.77,3159.6,3141.87,3157.96,,122789383.0,0.003348774551855227
2010-04-06,3170.61,3177.97,3141.93,3158.68,,116814703.0,0.00022799528809724912
2010-04-07,3156.31,3161.08,3132.24,3148.22,,103521570.0,-0.0033115098712119817
2010-04-08,3143.45,3143.83,3110.26,3118.71,,114643389.0,-0.009373550768370653
2010-04-09,3118.93,3146.46,3114.79,3145.35,,105425960.0,0.008541993324162833
2010-04-12,3151.89,3156.21,3111.9,3129.26,,137962701.0,-0.00511548794251826
2010-04-13,3129.69,3173.63,3101.48,3161.25,,143982040.0,0.010222864191534065
2010-04-14,3161.55,3167.66,3145.55,3166.18,,106435847.0,0.0015595096876235282
2010-04-15,3168.14,3181.66,3135.99,3164.97,,106263908.0,-0.00038216399572987836
2010-04-16,3159.67,3159.67,3121.37,3130.3,,80934918.0,-0.010954290246037002
2010-04-19,3096.78,3096.78,2977.77,2980.3,,129360505.0,-0.0479187298342012
2010-04-20,2980.08,2998.91,2941.35,2979.53,,101732249.0,-0.00025836325202155397
2010-04-21,2984.62,3034.33,2972.1,3033.28,,116308514.0,0.01803975794840129
2010-04-22,3021.29,3023.64,2978.46,2999.48,,121726664.0,-0.01114305306466934
2010-04-23,2995.57,3015.63,2966.78,2983.54,,103518713.0,-0.005314254470774937
2010-04-26,2988.08,2996.83,2965.83,2969.5,,89146675.0,-0.0047058192616824535
2010-04-27,2962.15,2962.15,2866.34,2907.93,,108271273.0,-0.020734130324970623
2010-04-28,2883.17,2916.68,2865.47,2900.33,,83749411.0,-0.0026135429669902344
2010-04-29,2912.2,2928.93,2867.94,2868.43,,89344434.0,-0.010998748418283522
2010-04-30,2867.65,2875.81,2820.95,2870.61,,88734444.0,0.0007599976293652944
2010-05-04,2821.35,2862.55,2809.13,2835.28,,66079844.0,-0.01230748865223763
2010-05-05,2804.51,2857.29,2770.33,2857.15,,95340578.0,0.007713523884766094
2010-05-06,2838.95,2838.95,2735.0,2739.7,,92649316.0,-0.041107397231507026
2010-05-07,2685.99,2732.18,2665.81,2688.38,,92026260.0,-0.018731977953790446
2010-05-10,2690.86,2713.06,2646.59,2698.76,,81854050.0,0.00386106130829722
2010-05-11,2745.6,2751.07,2638.53,2647.57,,87897107.0,-0.018967970475329388
2010-05-12,2628.02,2668.12,2604.2,2655.71,,82544160.0,0.003074517387642306
2010-05-13,2653.58,2711.07,2646.9,2710.51,,83077733.0,0.020634783165330628
2010-05-14,2692.1,2712.86,2677.19,2696.63,,73368024.0,-0.005120807523307458
2010-05-17,2663.88,2663.88,2557.24,2559.93,,82648326.0,-0.050692901881237096
2010-05-18,2555.14,2603.32,2529.63,2594.78,,82792386.0,0.013613653498337985
2010-05-19,2581.63,2623.96,2554.98,2587.81,,71372186.0,-0.002686162217991561
2010-05-20,2571.54,2609.64,2551.45,2555.94,,66390044.0,-0.012315432740425236
2010-05-21,2492.58,2584.45,2481.97,2583.52,,83856090.0,0.010790550638903884
2010-05-24,2596.32,2680.49,2596.32,2673.42,,112497272.0,0.034797485601040457
2010-05-25,2654.36,2659.74,2609.09,2622.63,,93269050.0,-0.018998137217496658
2010-05-26,2620.85,2644.94,2610.51,2625.79,,68710464.0,0.0012048973740099722
2010-05-27,2615.11,2662.08,2583.55,2655.92,,87883569.0,0.011474641917289752
2010-05-28,2680.4,2686.54,2641.41,2655.77,,86947998.0,-5.6477604747140475e-05
2010-05-31,2647.87,2665.39,2591.53,2592.15,,78743882.0,-0.02395538770300132
2010-06-01,2577.76,2598.9,2534.27,2568.28,,74666113.0,-0.009208572034797302
2010-06-02,2548.54,2572.34,2521.06,2571.42,,64866634.0,0.0012226081268396083
2010-06-03,2575.77,2596.14,2551.53,2552.66,,69502328.0,-0.007295579874155189
2010-06-04,2536.23,2556.97,2527.87,2553.59,,56518495.0,0.0003643258404959493
2010-06-07,2508.33,2527.1,2491.66,2511.73,,65697988.0,-0.01639260805375964
2010-06-08,2510.08,2531.88,2491.65,2513.95,,63032468.0,0.0008838529619026314
2010-06-09,2523.88,2589.47,2501.12,2583.87,,96030984.0,0.02781280455060764
2010-06-10,2561.55,2581.05,2554.79,2562.58,,74583964.0,-0.008239578616571208
2010-06-11,2574.9,2590.98,2566.62,2569.94,,66519280.0,0.0028721054562199644
2010-06-17,2588.97,2595.51,2559.72,2560.25,,54957039.0,-0.003770516043176131
2010-06-18,2556.6,2568.86,2505.33,2513.22,,67218453.0,-0.018369299873059353
2010-06-21,2517.29,2587.34,2504.31,2586.21,,78554425.0,0.029042423663666606
2010-06-22,2579.63,2598.35,2572.96,2588.7,,63681459.0,0.0009627988446412328
2010-06-23,2576.34,2593.67,2546.52,2569.87,,58776822.0,-0.007273921273225903
2010-06-24,2563.64,2586.9,2554.34,2566.75,,48856571.0,-0.00121406919416156
2010-06-25,2556.54,2572.83,2534.27,2552.82,,50078852.0,-0.005427096522840125
2010-06-28,2550.65,2561.49,2528.39,2535.28,,43203938.0,-0.006870833039540614
2010-06-29,2534.5,2541.14,2425.93,2427.05,,73744904.0,-0.04268956486068598
2010-06-30,2409.54,2411.44,2382.36,2398.37,,55210569.0,-0.011816814651531837
2010-07-01,2393.95,2410.77,2371.78,2373.79,,49967686.0,-0.010248627192634974
2010-07-02,2371.32,2386.4,2319.74,2382.9,,68329570.0,0.0038377447036175294
2010-07-05,2358.76,2378.09,2335.57,2363.95,,47996452.0,-0.007952494859205239
2010-07-06,2358.28,2409.78,2356.55,2409.42,,61364295.0,0.019234755388227498
2010-07-07,2407.67,2421.68,2392.57,2421.12,,56110700.0,0.004855940433797334
2010-07-08,2429.68,2436.28,2402.0,2415.15,,54485954.0,-0.0024658009516256296
2010-07-09,2416.58,2485.6,2398.68,2470.92,,85890148.0,0.023091733432706096
2010-07-12,2468.54,2501.02,2455.81,2490.72,,82922349.0,0.008013209654703424
2010-07-13,2468.69,2468.69,2439.24,2450.29,,66327019.0,-0.016232254127320545
2010-07-14,2456.1,2494.59,2456.1,2470.44,,72946145.0,0.008223516400099662
2010-07-15,2465.99,2487.24,2423.65,2424.3,,105539239.0,-0.01867683489580796
2010-07-16,2414.68,2428.46,2389.07,2424.27,,70793303.0,-1.2374706100826138e-05
2010-07-19,2399.58,2484.19,2392.27,2475.42,,88838962.0,0.021099134997339508
2010-07-20,2477.75,2530.33,2477.46,2528.73,,118598374.0,0.021535739389679343
2010-07-21,2529.62,2553.45,2520.15,2535.39,,114247832.0,0.0026337331387691343
2010-07-22,2525.98,2563.24,2522.2,2562.41,,105934217.0,0.010657137560690755
2010-07-23,2566.85,2579.52,2549.24,2572.03,,114373149.0,0.003754278199039396
2010-07-26,2576.37,2589.48,2556.47,2588.68,,93326486.0,0.006473485923569999
2010-07-27,2581.59,2588.0,2565.64,2575.37,,86605236.0,-0.005141616576788133
2010-07-28,2574.32,2636.0,2564.16,2633.66,,128979538.0,0.022633640991391424
2010-07-29,2635.05,2656.41,2623.94,2648.12,,139123605.0,0.005490458145698485
2010-07-30,2642.85,2643.03,2614.73,2637.5,,94773788.0,-0.0040103922782954715
2010-08-02,2635.81,2675.76,2633.65,2672.52,,112944633.0,0.013277725118483463
2010-08-03,2678.79,2681.79,2626.72,2627.0,,127971094.0,-0.017032613413557218
2010-08-04,2620.5,2638.9,2589.99,2638.52,,112123737.0,0.004385230300723242
2010-08-05,2636.24,2640.59,2606.62,2620.76,,113514382.0,-0.006731046192562373
2010-08-06,2618.71,2659.41,2598.91,2658.39,,120927286.0,0.014358430378973885
2010-08-09,2656.36,2676.09,2650.4,2672.53,,119964750.0,0.005319008873792219
2010-08-10,2672.79,2675.31,2594.34,2595.27,,127010021.0,-0.02890893647592363
2010-08-11,2587.62,2618.45,2586.02,2607.5,,86941461.0,0.004712419131728041
2010-08-12,2584.92,2608.76,2570.96,2575.48,,92675203.0,-0.012279961649089177
2010-08-13,2576.69,2607.03,2564.84,2606.7,,88820450.0,0.01212201220743303
2010-08-16,2603.79,2665.31,2596.77,2661.71,,125862823.0,0.021103310699351674
2010-08-17,2663.18,2677.57,2654.01,2671.89,,122638294.0,0.003824608991963796
2010-08-18,2674.5,2687.76,2654.41,2666.3,,136254348.0,-0.0020921519972751934
2010-08-19,2669.43,2701.93,2659.3,2687.98,,128441613.0,0.008131118028728901
2010-08-20,2677.02,2683.29,2636.91,2642.31,,116172184.0,-0.016990453798019334
2010-08-23,2637.82,2656.12,2629.71,2639.37,,88136539.0,-0.001112662783700591
2010-08-24,2636.53,2667.17,2614.56,2650.31,,107243639.0,0.004144928524610014
2010-08-25,2634.95,2645.5,2595.73,2596.58,,109695828.0,-0.020273100127909616
2010-08-26,2604.88,2616.96,2590.61,2603.48,,80313857.0,0.002657341580078354
2010-08-27,2602.5,2613.49,2588.64,2610.74,,70466094.0,0.0027885752915328688
2010-08-30,2622.27,2656.36,2620.19,2652.66,,110479525.0,0.016056750193431668
2010-08-31,2644.79,2647.25,2626.79,2638.8,,110890245.0,-0.005224944018456856
2010-09-01,2641.05,2662.88,2604.49,2622.88,,127164940.0,-0.006033045323632025
2010-09-02,2646.89,2659.98,2636.42,2655.78,,124076238.0,0.012543463673519328
2010-09-03,2658.13,2660.54,2631.85,2655.39,,129456526.0,-0.0001468495131374814
2010-09-06,2667.2,2698.6,2664.24,2696.25,,144209066.0,0.0153875701874302
2010-09-07,2698.22,2704.93,2679.02,2698.36,,112231539.0,0.0007825683820121832
2010-09-08,2687.71,2695.85,2674.32,2695.29,,113519409.0,-0.0011377281015135798
2010-09-09,2698.64,2698.64,2651.6,2656.35,,132989434.0,-0.01444742495241702
2010-09-10,2657.24,2667.84,2628.83,2663.21,,113041151.0,0.002582491012103061
2010-09-13,2665.66,2696.67,2660.61,2688.32,,117918914.0,0.009428471656384607
2010-09-14,2694.07,2703.78,2678.97,2688.52,,120712410.0,7.439590524938033e-05
2010-09-15,2688.39,2688.49,2645.86,2652.5,,122039815.0,-0.013397705800961113
2010-09-16,2646.92,2653.27,2583.34,2602.47,,118998200.0,-0.018861451460886025
2010-09-17,2607.55,2615.08,2592.53,2598.69,,83171357.0,-0.0014524663108507196
2010-09-20,2601.48,2607.35,2573.63,2588.71,,79469519.0,-0.0038403965074710333
2010-09-21,2593.76,2601.1,2580.18,2591.55,,58101406.0,0.0010970715143836518
2010-09-27,2600.54,2629.04,2597.14,2627.97,,76844658.0,0.014053365746367952
2010-09-28,2625.33,2625.33,2607.02,2611.35,,93117430.0,-0.006324273108140432
2010-09-29,2608.92,2634.12,2603.93,2610.68,,88618663.0,-0.00025657227104758373
2010-09-30,2599.72,2656.0,2597.6,2655.66,,89580361.0,0.017229227634179667
2010-10-08,2681.25,2747.8,2677.99,2738.74,,135759543.0,0.03128412522687385
2010-10-11,2755.03,2823.6,2755.03,2806.94,,207535265.0,0.024901962216201667
2010-10-12,2795.76,2843.43,2782.34,2841.41,,167428327.0,0.012280276742644869
2010-10-13,2842.14,2862.03,2826.22,2861.36,,185281671.0,0.007021162028711281
2010-10-14,2881.55,2919.41,2864.52,2879.64,,229461709.0,0.006388570469986199
2010-10-15,2863.74,2971.16,2858.22,2971.16,,236568558.0,0.03178175049658982
2010-10-18,2985.46,3026.1,2944.72,2955.23,,263316938.0,-0.005361542293245702
2010-10-19,2949.63,3002.37,2931.91,3001.85,,170667828.0,0.0157754218791768
2010-10-20,2947.51,3041.15,2942.5,3003.95,,207804424.0,0.000699568599363598
2010-10-21,3009.23,3018.24,2958.55,2983.53,,161436141.0,-0.006797716340152027
2010-10-22,2976.75,2997.62,2954.62,2975.04,,147079881.0,-0.0028456224673457653
2010-10-25,2979.71,3051.54,2959.3,3051.42,,192114243.0,0.025673604388512405
2010-10-26,3065.84,3073.38,3017.82,3041.54,,198778908.0,-0.0032378368104030164
2010-10-27,3031.65,3056.4,2988.87,2997.05,,176268280.0,-0.014627458458543963
2010-10-28,2989.29,3007.01,2969.3,2992.58,,143537933.0,-0.0014914666088321482
2010-10-29,2993.3,2996.77,2955.48,2978.84,,147109754.0,-0.004591355953725507
2010-11-01,2986.89,3054.05,2986.89,3054.02,,186243180.0,0.025238012112097197
2010-11-02,3061.63,3089.57,3029.32,3045.43,,224947283.0,-0.0028126862299526767
2010-11-03,3044.02,3069.07,3017.1,3030.99,,189848032.0,-0.004741530752635947
2010-11-04,3035.37,3087.42,3035.37,3086.94,,176857096.0,0.01845931527322775
2010-11-05,3129.87,3142.59,3105.92,3129.5,,211955803.0,0.013787116043719738
2010-11-08,3140.4,3160.7,3124.09,3159.51,,205417960.0,0.009589391276561887
2010-11-09,3159.02,3159.02,3110.34,3135.0,,192455746.0,-0.007757532022370617
2010-11-10,3120.44,3124.26,3093.88,3115.36,,185052423.0,-0.0062647527910685286
2010-11-11,3108.51,3186.72,3102.77,3147.74,,210274743.0,0.01039366236967787
2010-11-12,3121.92,3150.15,2975.16,2985.44,,233084958.0,-0.05156080235343441
2010-11-15,2984.87,3016.13,2939.68,3014.41,,153152448.0,0.009703762259499316
2010-11-16,3007.64,3007.64,2885.75,2894.54,,171089373.0,-0.03976565895150286
2010-11-17,2852.48,2891.05,2824.12,2838.86,,123780261.0,-0.019236217153675517
2010-11-18,2855.61,2873.7,2827.18,2865.45,,102226182.0,0.009366435822830255
2010-11-19,2879.66,2888.75,2806.64,2888.57,,123778460.0,0.008068540717862893
2010-11-22,2861.61,2904.97,2852.77,2884.37,,127117716.0,-0.001454006653811457
2010-11-23,2872.17,2872.17,2791.58,2828.28,,116311956.0,-0.019446187555687944
2010-11-24,2794.86,2861.49,2794.86,2859.94,,116156238.0,0.011194082622653978
2010-11-25,2875.86,2901.68,2856.96,2898.26,,131608453.0,0.013398882494038311
2010-11-26,2890.29,2894.42,2851.96,2871.7,,110866191.0,-0.009164119161152007
2010-11-29,2861.15,2878.83,2841.79,2866.36,,102452542.0,-0.0018595257164744083
2010-11-30,2863.41,2881.16,2758.92,2820.18,,139324863.0,-0.016111025830670367
2010-12-01,2810.54,2834.2,2795.81,2823.45,,81263296.0,0.0011595004574176393
2010-12-02,2860.46,2870.81,2841.47,2843.61,,104195755.0,0.007140200818148035
2010-12-03,2846.73,2853.4,2822.74,2842.43,,83521010.0,-0.00041496548401509514
2010-12-06,2850.38,2871.41,2831.7,2857.18,,89773055.0,0.00518922189816462
2010-12-07,2843.77,2884.53,2809.11,2875.86,,86785497.0,0.0065379150071049885
2010-12-08,2868.73,2880.56,2843.94,2848.55,,86707379.0,-0.009496289805484226
2010-12-09,2837.62,2854.7,2808.51,2810.95,,94622552.0,-0.013199698092011825
2010-12-10,2798.74,2850.42,2792.52,2841.04,,80496108.0,0.01070456607196868
2010-12-13,2850.33,2923.77,2847.66,2922.95,,128878468.0,0.028830991467913014
2010-12-14,2928.3,2933.41,2912.42,2927.08,,120944936.0,0.0014129560888829218
2010-12-15,2927.26,2939.05,2905.65,2911.41,,109462489.0,-0.005353458053760085
2010-12-16,2908.87,2921.27,2891.86,2898.14,,87606313.0,-0.004557928975994496
2010-12-17,2896.77,2898.81,2881.0,2893.74,,73677136.0,-0.0015182151310840775
2010-12-20,2901.47,2911.56,2804.56,2852.92,,113755495.0,-0.014106312246435326
2010-12-21,2857.59,2908.17,2846.63,2904.12,,106825623.0,0.017946524963896593
2010-12-22,2910.73,2917.2,2867.05,2877.9,,98325557.0,-0.009028552539151247
2010-12-23,2874.2,2893.71,2849.84,2855.22,,89002488.0,-0.007880746377567083
2010-12-24,2841.35,2853.49,2813.5,2835.16,,81216848.0,-0.007025728315156132
2010-12-27,2842.81,2876.81,2774.54,2781.4,,97807278.0,-0.01896189280322791
2010-12-28,2768.03,2775.15,2730.41,2732.99,,84332632.0,-0.017404904005177357
2010-12-29,2735.48,2753.02,2721.48,2751.53,,63941278.0,0.006783778938086238
2010-12-30,2751.97,2768.13,2724.54,2759.58,,73172046.0,0.0029256450047789873
2010-12-31,2759.16,2808.93,2758.13,2808.08,,83350214.0,0.017575138245675026
2011-01-04,2825.33,2855.4,2810.11,2852.65,,110072791.0,0.01587205492721
2011-01-05,2833.12,2850.49,2824.3,2838.59,,104415282.0,-0.004928750460098441
2011-01-06,2838.44,2853.88,2816.95,2824.2,,84705616.0,-0.005069418267520276
2011-01-07,2820.67,2868.0,2807.87,2838.8,,113129568.0,0.005169605552014955
2011-01-10,2832.62,2847.36,2786.86,2791.81,,90780872.0,-0.016552768775539017
2011-01-11,2783.48,2810.76,2770.34,2804.05,,80553780.0,0.004384252510020392
2011-01-12,2811.78,2828.47,2788.13,2821.3,,79246117.0,0.006151816123107556
2011-01-13,2830.53,2837.53,2810.87,2827.71,,74886265.0,0.0022720022684576957
2011-01-14,2817.05,2817.05,2780.44,2791.34,,76753880.0,-0.012861997871068787
2011-01-17,2772.45,2780.94,2698.78,2706.66,,92519113.0,-0.030336684173192907
2011-01-18,2696.15,2715.41,2683.37,2708.98,,60377276.0,0.0008571449683374421
2011-01-19,2707.82,2759.6,2700.81,2758.1,,78493169.0,0.018132285952646265
2011-01-20,2752.8,2752.8,2676.13,2677.65,,86047191.0,-0.029168630579021748
2011-01-21,2668.68,2746.18,2667.29,2715.29,,95639038.0,0.014057102309861236
2011-01-24,2716.52,2736.11,2690.65,2695.72,,87920807.0,-0.007207333286683992
2011-01-25,2691.69,2701.04,2661.45,2677.43,,69481412.0,-0.006784829284940508
2011-01-26,2677.17,2710.74,2676.77,2708.81,,60750899.0,0.01172019436549232
2011-01-27,2690.83,2753.0,2677.21,2749.15,,105569163.0,0.014892148212683809
2011-01-28,2741.31,2759.44,2733.29,2752.75,,85427992.0,0.0013094956622956566
2011-01-31,2751.53,2790.92,2748.54,2790.69,,91502814.0,0.013782581055308274
2011-02-01,2795.07,2805.05,2785.3,2798.96,,73350092.0,0.002963424816084803
2011-02-09,2778.7,2804.21,2764.87,2774.06,,87257788.0,-0.008896161431388827
2011-02-10,2769.65,2819.06,2760.18,2818.16,,97919763.0,0.01589727691542353
2011-02-11,2815.12,2835.41,2807.61,2827.33,,107758171.0,0.0032538961591961346
2011-02-14,2828.57,2906.26,2828.57,2899.13,,154242970.0,0.025394983960131956
2011-02-15,2900.43,2934.47,2892.64,2899.24,,152449898.0,3.7942417207892376e-05
2011-02-16,2893.68,2924.19,2882.55,2923.9,,127805697.0,0.008505677349926355
2011-02-17,2929.25,2939.28,2905.03,2926.96,,130415498.0,0.001046547419542465
2011-02-18,2924.23,2924.23,2890.26,2899.79,,113775463.0,-0.009282668707464414
2011-02-21,2886.54,2932.82,2884.19,2932.25,,118855883.0,0.01119391404205139
2011-02-22,2941.32,2944.41,2851.62,2855.52,,153004622.0,-0.026167618722823804
2011-02-23,2844.99,2868.48,2839.2,2862.63,,111083059.0,0.0024899142713061817
2011-02-24,2861.39,2881.54,2854.56,2878.6,,109772588.0,0.005578785941598996
2011-02-25,2876.78,2890.32,2848.65,2878.56,,100094039.0,-1.3895643715677863e-05
2011-02-28,2880.17,2906.17,2861.82,2905.05,,118705763.0,0.00920251792562965
2011-03-01,2906.28,2931.58,2901.55,2918.92,,136555048.0,0.0047744445018158554
2011-03-02,2905.51,2924.96,2883.57,2913.81,,133442258.0,-0.0017506474997602828
2011-03-03,2918.73,2937.56,2900.76,2902.98,,150488884.0,-0.0037167831807839447
2011-03-04,2902.19,2944.46,2898.08,2942.31,,118277241.0,0.013548147076452466
2011-03-07,2952.72,3000.43,2952.72,2996.21,,160105884.0,0.018318939880570095
2011-03-08,2996.73,3001.62,2976.6,2999.94,,126681154.0,0.001244906064661766
2011-03-09,3002.55,3012.04,2989.34,3002.15,,124790735.0,0.0007366814002947031
2011-03-10,2995.77,2995.77,2954.37,2957.14,,123799889.0,-0.014992588644804683
2011-03-11,2942.42,2966.98,2927.68,2933.8,,115994480.0,-0.007892761249044589
2011-03-14,2923.98,2939.65,2914.46,2937.63,,116910618.0,0.0013054741291158578
2011-03-15,2927.98,2927.98,2850.95,2896.26,,154951951.0,-0.01408278101735072
2011-03-16,2894.25,2934.02,2894.25,2930.8,,130777237.0,0.01192572490038879
2011-03-17,2906.96,2935.63,2885.65,2897.3,,137797827.0,-0.011430326190801199
2011-03-18,2920.81,2930.61,2900.87,2906.89,,100637335.0,0.0033099782556171853
2011-03-21,2913.91,2927.07,2895.15,2909.14,,96760275.0,0.0007740230968491524
2011-03-22,2917.69,2923.39,2884.75,2919.14,,95117457.0,0.0034374419931664235
2011-03-23,2919.02,2950.42,2911.63,2948.48,,112603475.0,0.010050905403646393
2011-03-24,2949.85,2958.66,2942.13,2946.71,,108955979.0,-0.0006003093119166802
2011-03-25,2948.54,2985.08,2946.7,2977.81,,136396367.0,0.010554143434542196
2011-03-28,2985.36,3005.78,2979.2,2984.0,,156016878.0,0.0020787088497922213
2011-03-29,2979.87,2994.17,2953.54,2958.08,,168543246.0,-0.008686327077747968
2011-03-30,2955.45,2968.18,2935.75,2955.77,,126493548.0,-0.0007809119428818789
2011-03-31,2954.65,2961.63,2914.38,2928.11,,108935611.0,-0.009357967636182685
2011-04-01,2932.48,2967.85,2924.39,2967.41,,99844094.0,0.013421626919753571
2011-04-06,2964.21,3005.24,2963.9,3001.36,,141650613.0,0.011440953558827571
2011-04-07,3003.2,3012.29,2990.31,3007.91,,124734591.0,0.002182344004051373
2011-04-08,3005.37,3031.1,2998.34,3030.02,,114337794.0,0.0073506188682508355
2011-04-11,3037.91,3059.57,3019.89,3022.75,,147189576.0,-0.002399324096870603
2011-04-12,3012.79,3039.12,3003.45,3021.37,,145990547.0,-0.0004565379207674969
2011-04-13,3006.83,3050.4,2994.47,3050.4,,128202655.0,0.009608224083776706
2011-04-14,3049.67,3058.24,3036.73,3042.64,,129487107.0,-0.0025439286650931203
2011-04-15,3036.35,3062.53,3020.16,3050.53,,128530989.0,0.0025931427970447007
2011-04-18,3040.53,3067.46,3037.19,3057.33,,137488739.0,0.0022291208412963393
2011-04-19,3038.81,3038.81,2996.22,2999.04,,141896394.0,-0.019065655326706676
2011-04-20,3005.98,3019.12,2992.67,3007.04,,119741657.0,0.0026675202731540892
2011-04-21,3021.77,3035.47,3012.54,3026.67,,121510664.0,0.006528014259870263
2011-04-22,3025.7,3032.97,3004.47,3010.52,,118525613.0,-0.005335897207161655
2011-04-25,3003.03,3003.61,2964.64,2964.95,,117316622.0,-0.015136919867664078
2011-04-26,2956.95,2970.28,2931.5,2938.98,,95154819.0,-0.008759000994957744
2011-04-27,2946.33,2961.13,2907.66,2925.41,,105492475.0,-0.004617248160926679
2011-04-28,2937.95,2953.19,2884.84,2887.04,,105230875.0,-0.013116110220447674
2011-04-29,2886.63,2913.56,2871.01,2911.51,,87534255.0,0.008475809133229983
2011-05-03,2911.51,2933.46,2890.23,2932.19,,96402722.0,0.0071028435416673474
2011-05-04,2916.85,2916.97,2860.08,2866.02,,111481131.0,-0.02256675044932288
2011-05-05,2854.77,2880.13,2849.91,2872.4,,91084427.0,0.002226083558384051
2011-05-06,2842.76,2881.71,2834.46,2863.89,,91063909.0,-0.0029626792925777634
2011-05-09,2868.24,2885.18,2861.42,2872.46,,81576155.0,0.0029924333686000004
2011-05-10,2876.98,2891.03,2865.1,2890.63,,81297176.0,0.0063255885199446915
2011-05-11,2890.35,2897.14,2868.35,2883.42,,92477122.0,-0.0024942659558643276
2011-05-12,2864.98,2876.45,2843.1,2844.08,,100240961.0,-0.013643520541579135
2011-05-13,2846.31,2871.99,2832.25,2871.03,,93238815.0,0.009475823464881517
2011-05-16,2864.38,2877.09,2846.31,2849.07,,84648251.0,-0.007648822896312524
2011-05-17,2846.45,2869.23,2821.2,2852.77,,94819847.0,0.0012986693903624946
2011-05-18,2846.73,2877.43,2843.68,2872.77,,76826970.0,0.0070107299221457975
2011-05-19,2879.39,2884.14,2856.83,2859.57,,76994538.0,-0.004594868367464144
2011-05-20,2858.31,2866.76,2850.45,2858.46,,70743786.0,-0.00038817024937320976
2011-05-23,2853.29,2853.29,2771.12,2774.57,,98622045.0,-0.029347970585560046
2011-05-24,2766.06,2771.75,2744.78,2767.06,,74852898.0,-0.0027067257268694744
2011-05-25,2764.56,2771.18,2737.33,2741.74,,74406534.0,-0.009150506313560292
2011-05-26,2755.39,2764.89,2734.54,2736.53,,78741315.0,-0.001900253123928497
2011-05-27,2739.39,2746.84,2708.55,2709.95,,82521052.0,-0.009713030736005268
2011-05-30,2704.49,2728.06,2689.21,2706.36,,65174388.0,-0.001324747689071648
2011-05-31,2707.56,2744.93,2702.1,2743.47,,67900383.0,0.01371214472575688
2011-06-01,2737.06,2744.56,2726.5,2743.57,,68555501.0,3.6450188994452404e-05
2011-06-02,2715.32,2728.0,2676.54,2705.18,,86021158.0,-0.013992717517686937
2011-06-03,2701.77,2732.43,2701.25,2728.02,,67983945.0,0.008443061090204873
2011-06-07,2720.97,2745.77,2717.31,2744.3,,65021293.0,0.005967698184031089
2011-06-08,2742.04,2754.12,2715.25,2750.29,,74294661.0,0.0021827059723791287
2011-06-09,2743.54,2747.33,2702.7,2703.35,,83469268.0,-0.017067291085667402
2011-06-10,2696.13,2707.74,2672.32,2705.14,,73400294.0,0.0006621414171306128
2011-06-13,2687.65,2703.42,2669.4,2700.38,,63069459.0,-0.001759613180833397
2011-06-14,2696.22,2735.55,2691.67,2730.04,,83097514.0,0.010983639339648521
2011-06-15,2717.68,2730.48,2705.07,2705.43,,74856945.0,-0.00901451993377389
2011-06-16,2685.63,2691.94,2663.12,2664.28,,70927870.0,-0.015210151436185648
2011-06-17,2661.41,2675.03,2641.39,2642.82,,64442633.0,-0.008054708964523316
2011-06-20,2635.83,2637.88,2610.99,2621.25,,60059864.0,-0.008161736327105151
2011-06-21,2628.02,2648.02,2618.81,2646.48,,64821871.0,0.009625178826895509
2011-06-22,2648.53,2657.73,2633.47,2649.32,,58313802.0,0.0010731235452374754
2011-06-23,2640.66,2693.42,2630.34,2688.25,,73772688.0,0.014694336659972995
2011-06-24,2678.05,2759.71,2674.3,2746.21,,125773628.0,0.02156049474565247
2011-06-27,2746.79,2769.04,2743.5,2758.23,,101601018.0,0.004376941311844407
2011-06-28,2759.71,2763.28,2736.4,2759.2,,88277450.0,0.0003516748059442243
2011-06-29,2757.4,2759.23,2727.25,2728.48,,88224197.0,-0.01113366193099441
2011-06-30,2729.99,2774.37,2729.99,2762.08,,90967124.0,0.012314548759748911
2011-07-01,2767.83,2778.67,2752.97,2759.36,,92072878.0,-0.0009847651045588046
2011-07-04,2770.94,2813.27,2770.94,2812.82,,121962260.0,0.019374057752522322
2011-07-05,2812.72,2818.14,2799.11,2816.36,,110124224.0,0.0012585234746624874
2011-07-06,2811.81,2811.81,2780.73,2810.48,,103104393.0,-0.002087801275405199
2011-07-07,2813.19,2825.12,2793.89,2794.27,,116512143.0,-0.0057676980444621995
2011-07-08,2797.03,2807.38,2784.13,2797.77,,86211609.0,0.0012525632812863119
2011-07-11,2789.45,2807.32,2780.67,2802.69,,86063595.0,0.0017585434113598364
2011-07-12,2783.72,2783.72,2752.19,2754.58,,96674475.0,-0.017165651570455576
2011-07-13,2756.03,2797.27,2756.03,2795.48,,91929128.0,0.014847998605958201
2011-07-14,2798.21,2811.7,2788.98,2810.44,,104502080.0,0.005351495986378074
2011-07-15,2803.59,2821.34,2794.16,2820.17,,107470064.0,0.003462091345127538
2011-07-18,2821.36,2826.96,2807.11,2816.69,,108108623.0,-0.0012339681650397338
2011-07-19,2804.92,2809.31,2790.69,2796.98,,92740884.0,-0.006997575168016357
2011-07-20,2810.44,2817.28,2779.38,2794.21,,84030616.0,-0.0009903538816866675
2011-07-21,2795.9,2799.85,2763.42,2765.89,,81760582.0,-0.010135243950884165
2011-07-22,2769.86,2782.17,2763.8,2770.79,,70211837.0,0.001771581660875876
2011-07-25,2759.63,2759.63,2680.75,2688.75,,111242249.0,-0.029608884108864197
2011-07-26,2685.75,2704.94,2677.12,2703.03,,72881454.0,0.005311018131101797
2011-07-27,2690.14,2726.8,2680.43,2723.49,,80407781.0,0.007569283359784906
2011-07-28,2701.77,2712.09,2684.66,2708.78,,78474915.0,-0.005401158072913637
2011-07-29,2706.5,2721.53,2681.27,2701.73,,75471655.0,-0.002602647686412385
2011-08-01,2697.58,2712.89,2688.53,2703.78,,59000711.0,0.0007587730824323291
2011-08-02,2689.97,2689.97,2651.28,2679.26,,69993181.0,-0.009068785182226313
2011-08-03,2659.12,2688.06,2654.36,2678.49,,63981610.0,-0.0002873927875609583
2011-08-04,2683.19,2698.81,2675.53,2684.04,,58872111.0,0.00207206299071494
2011-08-05,2620.28,2644.58,2605.14,2626.42,,78571833.0,-0.021467638336239325
2011-08-08,2599.29,2614.19,2497.92,2526.82,,110302496.0,-0.03792234296114094
2011-08-09,2468.03,2537.41,2437.68,2526.07,,103723892.0,-0.00029681576052109637
2011-08-10,2562.39,2579.16,2544.95,2549.18,,100369343.0,0.009148598415720688
2011-08-11,2508.86,2582.16,2505.01,2581.51,,95597265.0,0.012682509669776243
2011-08-12,2593.4,2605.45,2585.85,2593.17,,97171206.0,0.004516736328737725
2011-08-15,2598.14,2627.1,2584.41,2626.77,,88676842.0,0.01295711426555135
2011-08-16,2627.85,2636.36,2601.5,2608.17,,85226861.0,-0.007080939709224632
2011-08-17,2603.96,2617.17,2596.04,2601.26,,70109146.0,-0.0026493671808202057
2011-08-18,2601.99,2603.49,2556.86,2559.47,,70989277.0,-0.016065291435689022
2011-08-19,2519.65,2538.27,2513.75,2534.36,,70606801.0,-0.009810624855927097
2011-08-22,2534.57,2553.42,2507.78,2515.86,,61214429.0,-0.007299673290298125
2011-08-23,2524.88,2554.18,2514.95,2554.02,,60944193.0,0.015167775631394376
2011-08-24,2562.41,2569.28,2536.26,2541.09,,65462469.0,-0.005062607183968781
2011-08-25,2546.4,2616.3,2545.05,2615.26,,104537978.0,0.02918826173020239
2011-08-26,2602.21,2616.64,2593.24,2612.19,,77850450.0,-0.0011738794613155301
2011-08-29,2595.47,2595.47,2570.84,2576.41,,73696095.0,-0.013697319107721984
2011-08-30,2592.6,2615.14,2563.69,2566.6,,75910686.0,-0.0038076237865867224
2011-08-31,2566.53,2574.42,2545.1,2567.34,,59169720.0,0.0002883191771214655
2011-09-01,2569.8,2584.8,2547.86,2556.04,,57290927.0,-0.004401442738398598
2011-09-02,2551.56,2557.31,2517.62,2528.28,,54436581.0,-0.010860549913146778
2011-09-05,2510.1,2510.1,2478.2,2478.74,,55031066.0,-0.01959434872719812
2011-09-06,2465.56,2482.24,2459.54,2470.52,,49223173.0,-0.0033162009730749453
2011-09-07,2480.94,2516.75,2475.22,2516.09,,59665860.0,0.018445509447403863
2011-09-08,2523.96,2524.38,2498.11,2498.94,,55271952.0,-0.006816131378448387
2011-09-09,2506.97,2528.42,2487.15,2497.75,,51253380.0,-0.0004762019096097303
2011-09-13,2467.73,2477.08,2453.8,2471.3,,49930919.0,-0.010589530577519657
2011-09-14,2478.59,2485.93,2439.37,2484.83,,54065977.0,0.005474851292841754
2011-09-15,2482.86,2496.57,2477.65,2479.05,,56003688.0,-0.0023261148650006724
2011-09-16,2490.18,2499.48,2475.76,2482.34,,47986854.0,0.0013271212762953066
2011-09-19,2469.6,2469.6,2437.17,2437.79,,48746822.0,-0.0179467760258466
2011-09-20,2433.72,2460.03,2426.7,2447.75,,46265892.0,0.004085667756451583
2011-09-21,2450.12,2517.67,2438.85,2512.96,,86689276.0,0.02664079256460017
2011-09-22,2491.21,2499.98,2442.46,2443.06,,74695409.0,-0.0278158028778811
2011-09-23,2411.83,2440.75,2400.14,2433.16,,67302693.0,-0.004052295072572987
2011-09-26,2416.23,2441.73,2384.64,2393.18,,57425042.0,-0.016431307435598175
2011-09-27,2410.99,2423.91,2395.16,2415.05,,55231432.0,0.009138468481267648
2011-09-28,2427.29,2430.27,2383.4,2392.06,,55758447.0,-0.00951947164654987
2011-09-29,2378.42,2387.54,2358.57,2365.34,,59191239.0,-0.011170288370693005
2011-09-30,2368.4,2377.54,2348.22,2359.22,,48818372.0,-0.00258736587551911
2011-10-10,2363.08,2368.15,2338.69,2344.79,,41745306.0,-0.006116428311051858
2011-10-11,2401.74,2412.38,2323.41,2348.52,,63975806.0,0.001590760793077406
2011-10-12,2335.49,2421.69,2318.63,2420.0,,91508568.0,0.030436189600258956
2011-10-13,2412.83,2439.64,2406.28,2438.79,,87860106.0,0.007764462809917383
2011-10-14,2429.89,2437.59,2409.29,2431.38,,60673160.0,-0.0030383919894700906
2011-10-17,2434.49,2452.99,2424.73,2440.4,,58267682.0,0.00370982734085179
2011-10-18,2423.28,2425.65,2378.67,2383.49,,79525744.0,-0.02331994754958211
2011-10-19,2387.83,2401.69,2374.42,2377.51,,58534637.0,-0.002508925986683175
2011-10-20,2365.91,2368.64,2315.9,2331.37,,65425215.0,-0.01940685843592682
2011-10-21,2330.51,2340.31,2313.78,2317.27,,48436725.0,-0.006047946057468279
2011-10-24,2322.02,2371.09,2307.15,2370.33,,70874071.0,0.02289763385362953
2011-10-25,2366.4,2414.05,2357.39,2409.67,,90888876.0,0.016596845165019358
2011-10-26,2398.19,2448.98,2394.73,2427.48,,107447168.0,0.007391053546751181
2011-10-27,2432.47,2449.7,2426.31,2435.61,,82408961.0,0.0033491522072273128
2011-10-28,2462.09,2483.76,2456.18,2473.41,,110032721.0,0.01551972606451768
2011-10-31,2470.25,2478.31,2455.21,2468.25,,84172562.0,-0.002086188703045555
2011-11-01,2450.33,2491.36,2445.53,2470.02,,88892417.0,0.0007171072622302876
2011-11-02,2437.87,2505.12,2433.72,2504.11,,105468200.0,0.013801507680099911
2011-11-03,2510.84,2535.24,2507.3,2508.09,,136576325.0,0.0015893870476935135
2011-11-04,2525.24,2536.78,2512.9,2528.29,,101873675.0,0.008053937458384564
2011-11-07,2518.9,2536.18,2507.62,2509.8,,78867174.0,-0.007313243338382791
2011-11-08,2514.26,2524.82,2500.02,2503.84,,78672656.0,-0.002374691210455082
2011-11-09,2512.59,2527.7,2489.02,2524.92,,78208572.0,0.008419068311074085
2011-11-10,2498.59,2507.45,2478.14,2479.54,,87111088.0,-0.01797284666444887
2011-11-11,2483.96,2496.53,2472.76,2481.08,,66137668.0,0.000621082942803941
2011-11-14,2498.67,2529.63,2496.34,2528.71,,81229812.0,0.01919728505328333
2011-11-15,2525.95,2534.06,2518.7,2529.76,,79227750.0,0.0004152314816645575
2011-11-16,2529.07,2529.46,2456.86,2466.96,,93382109.0,-0.024824489279615558
2011-11-17,2467.7,2482.53,2459.17,2463.05,,66414285.0,-0.0015849466549923141
2011-11-18,2448.39,2448.51,2411.04,2416.56,,72180807.0,-0.01887497208745259
2011-11-21,2416.73,2419.24,2396.09,2415.13,,50170366.0,-0.0005917502565629951
2011-11-22,2400.98,2414.85,2387.83,2412.63,,51443233.0,-0.001035140965496728
2011-11-23,2415.2,2418.56,2390.65,2395.06,,50547850.0,-0.007282509129041825
2011-11-24,2379.15,2409.72,2370.7,2397.55,,52154150.0,0.0010396399255134803
2011-11-25,2393.33,2403.94,2372.62,2380.22,,45362552.0,-0.007228212133219447
2011-11-28,2383.89,2396.83,2372.16,2383.03,,46064666.0,0.0011805631412225015
2011-11-29,2398.99,2413.33,2388.2,2412.39,,55123190.0,0.012320449176048909
2011-11-30,2406.33,2407.33,2319.44,2333.41,,76611104.0,-0.03273931661132734
2011-12-01,2392.49,2423.56,2376.92,2386.86,,98650046.0,0.022906390218607298
2011-12-02,2374.9,2378.3,2344.85,2360.66,,59868845.0,-0.010976764452041654
2011-12-05,2363.11,2363.13,2327.61,2333.23,,52214969.0,-0.011619631797886942
2011-12-06,2326.66,2331.89,2310.16,2325.91,,45917077.0,-0.003137281793908042
2011-12-07,2325.56,2339.85,2317.81,2332.73,,41570306.0,0.0029321856821631354
2011-12-08,2329.91,2346.65,2302.64,2329.82,,51473520.0,-0.0012474654160574694
2011-12-09,2315.51,2331.26,2309.46,2315.27,,39988559.0,-0.006245117648573828
2011-12-12,2312.15,2315.81,2290.26,2291.54,,39632578.0,-0.010249344568883934
2011-12-13,2283.22,2285.81,2245.87,2248.59,,58627478.0,-0.018742854150483823
2011-12-14,2241.39,2256.74,2224.73,2228.52,,44079822.0,-0.008925593371846396
2011-12-15,2215.79,2216.91,2179.47,2180.9,,56712186.0,-0.021368441835837193
2011-12-16,2179.51,2225.54,2170.75,2224.84,,57265903.0,0.020147645467467612
2011-12-19,2208.07,2221.45,2164.89,2218.24,,57818464.0,-0.002966505456572288
2011-12-20,2209.7,2239.86,2206.52,2215.93,,52761113.0,-0.001041366128101573
2011-12-21,2230.18,2237.47,2188.71,2191.15,,50877262.0,-0.011182663712301255
2011-12-22,2178.57,2201.59,2149.42,2186.3,,58986117.0,-0.0022134495584510416
2011-12-23,2183.91,2219.79,2178.14,2204.78,,52421325.0,0.008452636875085684
2011-12-26,2193.66,2213.45,2186.07,2190.11,,43613663.0,-0.006653725088217488
2011-12-27,2186.71,2196.97,2162.72,2166.21,,45712179.0,-0.010912693882955682
2011-12-28,2157.65,2170.67,2134.02,2170.01,,49633435.0,0.0017542158885797132
2011-12-29,2161.18,2181.96,2157.12,2173.56,,44749200.0,0.0016359371615797258
2011-12-30,2177.52,2200.99,2177.52,2199.42,,51943838.0,0.011897532159222735
2012-01-04,2212.0,2217.52,2168.64,2169.39,,49245537.0,-0.013653599585345289
2012-01-05,2160.9,2183.4,2145.56,2148.45,,58743447.0,-0.009652482956038377
2012-01-06,2148.15,2164.32,2132.63,2163.4,,50583054.0,0.006958504968698431
2012-01-09,2164.74,2226.22,2148.45,2225.89,,76759839.0,0.028885088286955574
2012-01-10,2221.83,2288.63,2218.27,2285.74,,109585415.0,0.026888121156031897
2012-01-11,2282.91,2290.64,2265.19,2276.05,,84441781.0,-0.0042393273075675975
2012-01-12,2268.74,2295.22,2265.26,2275.01,,71569994.0,-0.0004569319654664783
2012-01-13,2277.08,2281.53,2225.74,2244.58,,71474322.0,-0.013375765381251181
2012-01-16,2230.43,2241.26,2206.04,2206.19,,45859522.0,-0.017103422466563822
2012-01-17,2206.53,2298.38,2196.12,2298.38,,87803560.0,0.0417869721102897
2012-01-18,2298.83,2311.58,2257.9,2266.38,,89940422.0,-0.013922850007396459
2012-01-19,2266.08,2305.71,2259.34,2296.08,,72498861.0,0.013104598522754252
2012-01-20,2300.5,2322.89,2293.89,2319.12,,69922753.0,0.010034493571652536
2012-01-30,2324.49,2324.49,2284.29,2285.04,,58413687.0,-0.014695229224878426
2012-01-31,2285.95,2296.38,2277.06,2292.61,,48738325.0,0.0033128522914260827
2012-02-01,2288.07,2305.86,2263.34,2268.08,,53553811.0,-0.010699595657351346
2012-02-02,2273.85,2312.56,2268.69,2312.56,,63471872.0,0.019611301188670494
2012-02-03,2306.66,2336.27,2300.98,2330.41,,78943697.0,0.007718718649462053
2012-02-06,2334.25,2341.58,2317.42,2331.14,,75734477.0,0.0003132495998559026
2012-02-07,2319.42,2319.71,2278.83,2291.9,,67326906.0,-0.01683296584503713
2012-02-08,2291.81,2350.97,2286.82,2347.53,,87114528.0,0.024272437715432638
2012-02-09,2344.22,2363.61,2333.94,2349.59,,98032325.0,0.0008775180721865006
2012-02-10,2342.01,2368.98,2339.89,2351.98,,96501619.0,0.0010171987453129194
2012-02-13,2332.05,2365.34,2325.03,2351.86,,86263585.0,-5.102084201391577e-05
2012-02-14,2348.88,2352.47,2332.25,2344.77,,73130413.0,-0.0030146352248858754
2012-02-15,2340.46,2374.28,2335.1,2366.7,,98861021.0,0.009352729692037931
2012-02-16,2363.9,2373.8,2342.07,2356.86,,95051169.0,-0.004157687919888353
2012-02-17,2366.63,2372.51,2344.76,2357.18,,71924839.0,0.00013577386862162477
2012-02-20,2383.69,2388.01,2362.01,2363.6,,88911586.0,0.0027235934464062694
2012-02-21,2365.49,2382.15,2345.05,2381.43,,79348669.0,0.007543577593501327
2012-02-22,2380.5,2404.44,2374.03,2403.59,,118684269.0,0.009305333350130063
2012-02-23,2401.74,2416.8,2396.71,2409.55,,112553593.0,0.002479624228757915
2012-02-24,2410.88,2439.98,2405.27,2439.63,,134903249.0,0.012483658774459894
2012-02-27,2447.41,2478.38,2444.63,2447.06,,158073244.0,0.0030455437914764794
2012-02-28,2440.91,2458.65,2431.83,2451.86,,118361993.0,0.001961537518491596
2012-02-29,2446.23,2453.07,2426.33,2428.49,,95536952.0,-0.00953153932116857
2012-03-01,2418.79,2437.87,2418.33,2426.12,,75083289.0,-0.0009759150747995493
2012-03-02,2430.1,2461.12,2430.1,2460.69,,103228378.0,0.014249089080507149
2012-03-05,2464.85,2469.84,2442.12,2445.0,,112693326.0,-0.006376260317228155
2012-03-06,2439.78,2442.0,2406.06,2410.45,,103709012.0,-0.014130879345603309
2012-03-07,2391.2,2413.7,2388.52,2394.79,,94790636.0,-0.006496712232155755
2012-03-08,2401.1,2426.7,2401.1,2420.28,,96782134.0,0.010643939552111181
2012-03-09,2425.89,2440.51,2414.97,2439.46,,100624055.0,0.007924702926934035
2012-03-12,2438.55,2440.86,2420.84,2434.86,,106223059.0,-0.0018856632205487278
2012-03-13,2432.84,2457.22,2428.61,2455.79,,104649712.0,0.0085959767707382
2012-03-14,2464.92,2476.22,2382.84,2391.23,,179786029.0,-0.02628889277992008
2012-03-15,2388.06,2403.74,2366.02,2373.77,,120025499.0,-0.007301681561372231
2012-03-16,2377.76,2406.15,2368.31,2404.74,,103675622.0,0.013046756846703644
2012-03-19,2401.22,2412.34,2383.67,2410.18,,102153490.0,0.0022621988239892588
2012-03-20,2407.54,2407.54,2376.03,2376.84,,97903935.0,-0.013832991726758892
2012-03-21,2384.71,2396.72,2361.22,2378.2,,95686538.0,0.000572188283603392
2012-03-22,2376.99,2386.1,2364.13,2375.77,,79348880.0,-0.0010217811790429465
2012-03-23,2369.08,2371.26,2342.12,2349.54,,76862139.0,-0.01104063103751629
2012-03-26,2349.09,2358.0,2339.14,2350.6,,55427733.0,0.00045115214041890894
2012-03-27,2358.54,2363.77,2344.3,2347.18,,60881116.0,-0.0014549476729346367
2012-03-28,2341.0,2341.42,2281.43,2284.88,,83645283.0,-0.026542489285014237
2012-03-29,2276.74,2280.96,2242.35,2252.16,,74248084.0,-0.014320226882812315
2012-03-30,2256.04,2266.21,2246.25,2262.79,,62024147.0,0.004719913327649872
2012-04-05,2258.03,2303.82,2251.39,2302.24,,80101456.0,0.017434229424736714
2012-04-06,2299.05,2309.64,2291.56,2306.55,,72136521.0,0.0018720897908126588
2012-04-09,2300.05,2304.65,2284.44,2285.78,,59760639.0,-0.009004790704732146
2012-04-10,2281.02,2306.39,2258.85,2305.86,,67345526.0,0.008784747438511209
2012-04-11,2286.72,2319.05,2280.03,2308.93,,75130070.0,0.0013313904573564184
2012-04-12,2310.48,2351.05,2307.84,2350.86,,97687895.0,0.01815992689254342
2012-04-13,2351.51,2369.7,2346.94,2359.16,,98774414.0,0.003530622835898223
2012-04-16,2346.31,2364.11,2342.2,2357.03,,85322682.0,-0.0009028637311584431
2012-04-17,2355.37,2363.01,2333.34,2334.99,,84688445.0,-0.009350750732914026
2012-04-18,2341.14,2383.64,2337.86,2380.85,,108612544.0,0.019640341072124645
2012-04-19,2378.63,2386.98,2369.46,2378.63,,94272421.0,-0.0009324400949239919
2012-04-20,2374.66,2407.29,2372.13,2406.86,,115522062.0,0.011868176219084203
2012-04-23,2403.52,2411.51,2383.07,2388.59,,122907558.0,-0.0075908029548872324
2012-04-24,2380.24,2415.75,2350.4,2388.83,,133722354.0,0.00010047768767340592
2012-04-25,2382.21,2411.42,2376.63,2406.81,,130972867.0,0.007526697169744301
2012-04-26,2408.56,2414.75,2393.26,2404.7,,115529587.0,-0.0008766790897495325
2012-04-27,2402.43,2408.42,2393.87,2396.32,,91228350.0,-0.0034848421840560917
2012-05-02,2421.08,2446.35,2407.79,2438.44,,128006006.0,0.01757695132536541
2012-05-03,2433.59,2441.95,2427.73,2440.08,,102248493.0,0.0006725611456503966
2012-05-04,2437.47,2453.73,2427.97,2452.01,,102204871.0,0.0048891839611817645
2012-05-07,2441.76,2451.95,2432.74,2451.95,,108830107.0,-2.446972075986764e-05
2012-05-08,2451.58,2451.6,2431.02,2448.88,,104855537.0,-0.0012520646832111515
2012-05-09,2432.47,2432.47,2407.51,2408.59,,97902212.0,-0.016452419065041912
2012-05-10,2409.95,2419.12,2402.2,2410.23,,81698471.0,0.0006808962920215045
2012-05-11,2406.07,2415.98,2393.38,2394.98,,74863995.0,-0.006327196989498907
2012-05-14,2408.26,2411.27,2377.98,2380.73,,90526339.0,-0.005949945302257231
2012-05-15,2367.08,2376.59,2354.61,2374.84,,77922916.0,-0.002474031074502281
2012-05-16,2369.29,2372.03,2344.5,2346.19,,76733829.0,-0.012063970625389553
2012-05-17,2347.18,2383.31,2342.35,2378.89,,86870030.0,0.013937490143594466
2012-05-18,2364.9,2369.6,2338.24,2344.52,,89689419.0,-0.01444791478378571
2012-05-21,2343.58,2360.39,2330.33,2348.3,,74840341.0,0.0016122703154590745
2012-05-22,2355.73,2374.06,2354.87,2373.31,,76779780.0,0.010650257633181281
2012-05-23,2369.26,2378.08,2350.55,2363.44,,84216580.0,-0.004158748751743269
2012-05-24,2359.68,2373.06,2344.58,2350.97,,79206805.0,-0.005276207561859092
2012-05-25,2350.54,2355.81,2327.41,2333.55,,74019252.0,-0.007409707482443295
2012-05-28,2325.32,2361.74,2309.07,2361.37,,94962105.0,0.011921750123202735
2012-05-29,2361.0,2393.28,2358.37,2389.64,,117157725.0,0.011971863790934956
2012-05-30,2385.39,2391.69,2378.13,2384.67,,89809793.0,-0.002079811184948266
2012-05-31,2370.01,2382.99,2362.31,2372.23,,77890228.0,-0.005216654715327507
2012-06-01,2373.22,2388.09,2365.44,2373.44,,77021923.0,0.0005100685852552633
2012-06-04,2346.98,2348.2,2308.23,2308.55,,90179347.0,-0.027340063367938483
2012-06-05,2313.74,2323.3,2304.05,2311.92,,66078528.0,0.0014597907777609276
2012-06-06,2315.56,2323.11,2301.03,2309.55,,58532028.0,-0.001025121976538923
2012-06-07,2324.67,2328.67,2288.67,2293.13,,60232048.0,-0.007109610097205121
2012-06-08,2306.22,2306.88,2276.71,2281.45,,67924641.0,-0.005093474857509328
2012-06-11,2282.89,2311.77,2278.16,2305.86,,64197967.0,0.010699335948629374
2012-06-12,2295.07,2298.95,2280.95,2289.79,,59941982.0,-0.0069692002116348295
2012-06-13,2289.71,2319.71,2284.65,2318.92,,78454349.0,0.012721690635385752
2012-06-14,2306.78,2314.59,2293.06,2295.95,,71633722.0,-0.009905473237541762
2012-06-15,2299.78,2314.24,2283.4,2306.85,,68687579.0,0.004747490145691424
2012-06-18,2313.53,2325.05,2309.71,2316.05,,60594622.0,0.003988122331317623
2012-06-19,2313.46,2313.46,2298.39,2300.79,,60135905.0,-0.006588804214071486
2012-06-20,2300.41,2304.46,2291.54,2292.88,,54103955.0,-0.003437949573841914
2012-06-21,2288.45,2288.45,2253.79,2260.88,,58992012.0,-0.013956247165137325
2012-06-25,2253.51,2253.51,2223.05,2224.11,,59768952.0,-0.016263578783482502
2012-06-26,2214.65,2229.24,2203.94,2222.07,,52940798.0,-0.000917220820912612
2012-06-27,2219.94,2233.54,2213.32,2216.93,,51049128.0,-0.002313158451354047
2012-06-28,2220.24,2224.16,2195.36,2195.84,,54182183.0,-0.009513155580013644
2012-06-29,2190.58,2226.49,2188.72,2225.43,,61441886.0,0.013475480909355797
2012-07-02,2234.32,2234.87,2215.36,2226.11,,62196207.0,0.00030555892569084087
2012-07-03,2225.57,2244.83,2219.05,2229.19,,62703021.0,0.001383579427790993
2012-07-04,2233.34,2239.27,2219.45,2227.31,,55273656.0,-0.0008433556583333779
2012-07-05,2218.22,2218.22,2192.65,2201.35,,57967934.0,-0.011655315155950419
2012-07-06,2203.73,2227.47,2185.52,2223.58,,76557917.0,0.010098348740545493
2012-07-09,2210.71,2216.7,2168.61,2170.81,,75111472.0,-0.023731999748153876
2012-07-10,2166.95,2178.2,2156.73,2164.44,,58993972.0,-0.0029343885462108643
2012-07-11,2160.02,2176.49,2156.6,2175.38,,58614472.0,0.005054425163090626
2012-07-12,2172.06,2197.04,2152.68,2185.49,,82133762.0,0.004647463891366055
2012-07-13,2180.17,2198.66,2177.92,2185.9,,57546838.0,0.0001876009499015563
2012-07-16,2187.89,2188.06,2146.15,2147.96,,67487681.0,-0.017356695182762283
2012-07-17,2142.43,2165.34,2141.48,2161.19,,55184408.0,0.0061593325760256334
2012-07-18,2159.86,2170.3,2138.79,2169.1,,66552659.0,0.003660020636778727
2012-07-19,2164.27,2197.79,2159.94,2184.84,,79338049.0,0.0072564658153151385
2012-07-20,2180.01,2185.73,2162.06,2168.64,,64346672.0,-0.007414730598121699
2012-07-23,2154.17,2154.17,2135.56,2141.4,,55677081.0,-0.012560867640548867
2012-07-24,2132.32,2158.95,2131.01,2146.59,,54411286.0,0.002423648080694951
2012-07-25,2141.04,2151.45,2132.83,2136.15,,48575894.0,-0.004863527734686235
2012-07-26,2134.99,2147.66,2124.16,2126.0,,52884076.0,-0.0047515389836856325
2012-07-27,2132.01,2139.15,2120.63,2128.76,,52076920.0,0.0012982126058327381
2012-07-30,2128.16,2137.74,2107.63,2109.91,,51992383.0,-0.008854920235254471
2012-07-31,2109.33,2116.9,2100.25,2103.63,,53456097.0,-0.0029764302742769644
2012-08-01,2101.72,2130.71,2101.71,2123.36,,53804602.0,0.009379025779248318
2012-08-02,2120.15,2126.46,2103.5,2111.18,,53467539.0,-0.005736191696179782
2012-08-03,2113.96,2133.27,2108.33,2132.8,,53371329.0,0.01024071846076624
2012-08-06,2129.15,2158.68,2127.26,2154.92,,71843204.0,0.010371342835708841
2012-08-07,2153.09,2159.68,2148.9,2157.62,,75049798.0,0.0012529467451227738
2012-08-08,2158.98,2168.73,2153.02,2160.99,,72869536.0,0.0015619061743958884
2012-08-09,2159.43,2175.54,2148.69,2174.1,,72529246.0,0.006066663890161417
2012-08-10,2172.96,2176.79,2165.28,2168.81,,68368559.0,-0.0024331907455958923
2012-08-13,2164.04,2164.04,2134.55,2136.08,,71352322.0,-0.01509122514189809
2012-08-14,2137.05,2144.01,2119.25,2142.52,,67571589.0,0.0030148683569903856
2012-08-15,2138.28,2139.14,2118.5,2118.95,,54609394.0,-0.011001064167429075
2012-08-16,2116.08,2122.68,2109.66,2112.2,,45173009.0,-0.003185540008022847
2012-08-17,2111.65,2120.71,2100.79,2114.89,,44390634.0,0.0012735536407537662
2012-08-20,2102.23,2110.78,2089.02,2106.96,,46717499.0,-0.0037496039983165863
2012-08-21,2106.38,2124.2,2103.07,2118.27,,60756505.0,0.005367923453696299
2012-08-22,2118.88,2121.15,2097.61,2107.71,,58441412.0,-0.004985200186944927
2012-08-23,2106.96,2118.74,2097.08,2113.07,,58472299.0,0.0025430443467080455
2012-08-24,2108.36,2109.82,2089.22,2092.1,,60178948.0,-0.009923949514214048
2012-08-27,2085.37,2085.37,2055.38,2055.71,,60314833.0,-0.017394006022656616
2012-08-28,2054.97,2083.96,2052.49,2073.15,,54422104.0,0.008483686901362475
2012-08-29,2066.82,2073.95,2051.77,2053.24,,52209808.0,-0.009603743096254669
2012-08-30,2044.03,2060.19,2032.54,2052.59,,61963792.0,-0.0003165728312324312
2012-08-31,2046.29,2059.3,2044.65,2047.52,,46143904.0,-0.002470050034346971
2012-09-03,2044.83,2066.78,2041.16,2059.15,,60635498.0,0.005680042197390156
2012-09-04,2060.61,2063.82,2039.27,2043.65,,57462184.0,-0.007527377801520019
2012-09-05,2038.87,2048.32,2029.05,2037.68,,57649803.0,-0.0029212438529102602
2012-09-06,2040.67,2052.95,2036.37,2051.92,,56091817.0,0.006988339680420896
2012-09-07,2062.99,2145.0,2062.99,2127.76,,139932624.0,0.03696050528285699
2012-09-10,2128.06,2140.17,2120.49,2134.89,,103580026.0,0.003350941835545296
2012-09-11,2127.52,2127.52,2107.22,2120.55,,80426638.0,-0.006716973708247087
2012-09-12,2129.69,2137.89,2109.14,2126.55,,84114742.0,0.002829454622621519
2012-09-13,2123.84,2130.08,2110.0,2110.38,,79044972.0,-0.00760386541581437
2012-09-14,2127.39,2136.23,2111.12,2123.85,,91248271.0,0.006382736758308916
2012-09-17,2120.62,2121.58,2077.48,2078.5,,76392233.0,-0.021352732066765467
2012-09-18,2069.34,2074.76,2053.66,2059.54,,53794850.0,-0.00912196295405343
2012-09-19,2061.06,2069.95,2055.2,2067.83,,52243629.0,0.004025170669178513
2012-09-20,2060.31,2060.31,2023.09,2024.84,,67482659.0,-0.020789910195712413
2012-09-21,2020.55,2041.95,2018.26,2026.69,,60289456.0,0.0009136524367359122
2012-09-24,2015.77,2040.85,2005.26,2033.19,,57637779.0,0.0032071999171061627
2012-09-25,2028.63,2039.1,2021.81,2029.29,,48219408.0,-0.001918168002006726
2012-09-26,2027.86,2033.04,1999.48,2004.17,,50400828.0,-0.012378713737316915
2012-09-27,2003.1,2068.07,2002.32,2056.32,,76691457.0,0.02602074674304089
2012-09-28,2042.89,2089.63,2040.35,2086.17,,79448952.0,0.014516223155929042
2012-10-08,2084.85,2096.26,2063.09,2074.42,,55131612.0,-0.005632331018085801
2012-10-09,2081.59,2119.34,2081.59,2115.23,,84563788.0,0.019672968829841597
2012-10-10,2111.59,2121.99,2102.53,2119.94,,78912035.0,0.0022267082066724786
2012-10-11,2114.23,2117.84,2101.14,2102.87,,74497029.0,-0.008052114682491118
2012-10-12,2109.07,2127.31,2092.51,2104.93,,68262972.0,0.0009796135757322855
2012-10-15,2105.02,2107.2,2085.12,2098.7,,53940751.0,-0.0029597183754329626
2012-10-16,2097.05,2111.78,2089.7,2098.81,,57818438.0,5.241339877071205e-05
2012-10-17,2104.28,2113.16,2088.04,2105.62,,59874065.0,0.0032446958038125917
2012-10-18,2108.5,2137.69,2107.49,2131.69,,87191092.0,0.012381151394838641
2012-10-19,2129.82,2136.87,2125.74,2128.3,,67641279.0,-0.0015902875183538834
2012-10-22,2118.52,2138.03,2112.75,2132.76,,60117222.0,0.00209556923366061
2012-10-23,2132.11,2136.22,2111.92,2114.45,,72683806.0,-0.008585119750933234
2012-10-24,2106.83,2124.0,2104.67,2115.99,,72886618.0,0.0007283217858071733
2012-10-25,2114.76,2128.74,2100.61,2101.58,,85393109.0,-0.006810051087197899
2012-10-26,2100.1,2102.16,2058.06,2066.21,,78606435.0,-0.01683019442514677
2012-10-29,2061.85,2068.24,2053.09,2058.94,,53635009.0,-0.0035185194147738796
2012-10-30,2059.2,2075.91,2054.26,2062.35,,60569092.0,0.0016561920211370929
2012-10-31,2061.12,2070.48,2053.58,2068.88,,59527234.0,0.0031662908817611246
2012-11-01,2070.02,2109.5,2069.95,2104.43,,82886670.0,0.017183210239356317
2012-11-02,2105.45,2119.22,2096.53,2117.05,,76557220.0,0.005996873262593905
2012-11-05,2113.33,2123.33,2104.58,2114.03,,71538762.0,-0.0014265133086134307
2012-11-06,2113.66,2114.79,2078.47,2106.0,,71343850.0,-0.0037984323779701734
2012-11-07,2102.42,2112.63,2093.29,2105.73,,59380128.0,-0.00012820512820510555
2012-11-08,2091.25,2092.56,2070.65,2071.51,,66594561.0,-0.016250896363731226
2012-11-09,2066.5,2077.23,2062.42,2069.07,,54223460.0,-0.0011778847314278806
2012-11-12,2069.21,2079.57,2061.84,2079.27,,56694855.0,0.004929751047572095
2012-11-13,2078.13,2078.13,2044.04,2047.89,,61087293.0,-0.015091835115208618
2012-11-14,2047.26,2056.49,2040.17,2055.42,,48093000.0,0.0036769553052165005
2012-11-15,2045.46,2053.56,2029.87,2030.29,,50556857.0,-0.012226211674499665
2012-11-16,2026.56,2028.69,2001.72,2014.73,,49581680.0,-0.00766392978342989
2012-11-19,2013.25,2018.38,1995.72,2016.98,,45327018.0,0.0011167749524749748
2012-11-20,2020.43,2023.61,2004.17,2008.92,,42580635.0,-0.003996073337365735
2012-11-21,2008.21,2031.15,1995.17,2030.32,,53282021.0,0.010652489895067951
2012-11-22,2021.21,2023.09,2009.72,2015.61,,45577847.0,-0.0072451633240080415
2012-11-23,2020.02,2034.88,2017.0,2027.38,,51551469.0,0.0058394233011347385
2012-11-26,2023.34,2027.27,2014.03,2017.46,,44779551.0,-0.004893014629719139
2012-11-27,2012.08,2014.21,1990.34,1991.17,,56627422.0,-0.013031237298385068
2012-11-28,1984.48,1984.86,1968.21,1973.52,,50505587.0,-0.008864135156716912
2012-11-29,1972.93,1980.56,1961.82,1963.49,,49540088.0,-0.005082289513154148
2012-11-30,1961.81,1983.42,1959.33,1980.12,,56893416.0,0.008469612781323077
2012-12-03,1977.25,1988.19,1957.88,1959.77,,61653375.0,-0.010277154919903775
2012-12-04,1956.62,1980.12,1949.46,1975.14,,62378123.0,0.007842757058226235
2012-12-05,1973.11,2040.6,1970.2,2031.91,,119973040.0,0.02874226637099131
2012-12-06,2029.56,2036.61,2018.38,2029.24,,81459219.0,-0.001314034578303258
2012-12-07,2028.77,2065.75,2023.96,2061.79,,115157289.0,0.016040488064497094
2012-12-10,2067.32,2087.01,2064.62,2083.77,,115383226.0,0.01066063954136931
2012-12-11,2077.56,2088.64,2070.19,2074.7,,93370830.0,-0.004352687676663081
2012-12-12,2073.27,2085.93,2066.39,2082.73,,78559142.0,0.0038704390996289195
2012-12-13,2077.42,2081.36,2059.47,2061.48,,72272324.0,-0.010202954775702988
2012-12-14,2062.69,2152.5,2062.54,2150.63,,160873812.0,0.04324562935366827
2012-12-17,2152.1,2169.57,2151.94,2160.34,,144242218.0,0.004514956082636301
2012-12-18,2155.86,2183.71,2144.73,2162.46,,126099467.0,0.0009813270133405272
2012-12-19,2158.67,2175.4,2154.29,2162.24,,94391522.0,-0.00010173598586804555
2012-12-20,2156.19,2174.82,2142.95,2168.35,,99384183.0,0.0028257732721621576
2012-12-21,2169.57,2190.4,2148.17,2153.31,,103372872.0,-0.0069361496068438555
2012-12-24,2150.65,2170.39,2149.83,2159.05,,78469664.0,0.002665663559821896
2012-12-25,2154.32,2220.26,2146.86,2213.61,,143327708.0,0.0252703735439197
2012-12-26,2211.59,2220.48,2206.79,2219.13,,121858630.0,0.0024936641955899397
2012-12-27,2223.66,2234.72,2204.79,2205.9,,129023501.0,-0.005961795838909878
2012-12-28,2207.91,2234.87,2204.0,2233.25,,115924934.0,0.012398567478126843
2012-12-31,2236.46,2269.51,2236.46,2269.13,,128031402.0,0.01606627112951986
2013-01-04,2289.51,2296.11,2256.56,2276.99,,139469931.0,0.0034638826334321138
2013-01-07,2271.66,2293.32,2266.86,2285.36,,118162813.0,0.0036759054716974937
2013-01-08,2284.65,2289.14,2262.98,2276.07,,122907877.0,-0.004065005075786776
2013-01-09,2271.3,2283.9,2259.05,2275.34,,122014924.0,-0.000320728272856341
2013-01-10,2274.38,2295.48,2268.65,2283.66,,120066676.0,0.0036565963768051546
2013-01-11,2285.19,2290.21,2234.95,2243.0,,125068275.0,-0.017804752020878722
2013-01-14,2236.29,2317.62,2235.11,2311.74,,144749889.0,0.03064645563976809
2013-01-15,2312.47,2332.78,2309.32,2325.68,,165645981.0,0.006030089889001333
2013-01-16,2322.16,2326.76,2279.51,2309.5,,153511167.0,-0.006957105018747134
2013-01-17,2305.14,2305.6,2275.88,2284.91,,119101835.0,-0.010647326261095547
2013-01-18,2295.81,2324.51,2285.97,2317.07,,125438026.0,0.01407495262395475
2013-01-21,2321.49,2329.58,2305.1,2328.22,,134680458.0,0.004812111848153
2013-01-22,2326.49,2335.81,2301.3,2315.14,,149466584.0,-0.005618025787941017
2013-01-23,2308.52,2325.12,2296.49,2320.91,,118179722.0,0.002492289883117227
2013-01-24,2320.26,2362.94,2287.3,2302.6,,161031674.0,-0.007889146929437096
2013-01-25,2300.0,2308.38,2288.26,2291.3,,92605741.0,-0.0049074958742290065
2013-01-28,2295.35,2346.92,2295.35,2346.5,,128383760.0,0.024091127307641846
2013-01-29,2347.22,2363.8,2337.35,2358.98,,141853934.0,0.005318559556786617
2013-01-30,2360.75,2383.76,2347.89,2382.48,,149878907.0,0.009961932699726228
2013-01-31,2383.43,2391.82,2371.23,2385.42,,139707892.0,0.001234008260300179
2013-02-01,2377.41,2421.15,2369.57,2419.02,,140818172.0,0.01408556983675835
2013-02-04,2425.92,2440.38,2417.59,2428.15,,167551402.0,0.00377425569032086
2013-02-05,2411.0,2437.42,2403.3,2433.13,,150754505.0,0.002050944134423416
2013-02-06,2432.68,2441.73,2427.7,2434.48,,116579966.0,0.0005548408839641805
2013-02-07,2430.69,2433.89,2394.22,2418.53,,120008634.0,-0.0065517071407446
2013-02-08,2416.62,2443.03,2414.4,2432.4,,109070386.0,0.005734888548002193
2013-02-18,2441.91,2444.8,2415.43,2421.56,,116174994.0,-0.004456503864496031
2013-02-19,2420.26,2427.08,2373.53,2382.91,,123473334.0,-0.015960785609276718
2013-02-20,2383.49,2397.94,2370.61,2397.18,,110280577.0,0.005988476274806809
2013-02-21,2378.82,2378.82,2309.17,2325.95,,144059478.0,-0.02971408071150272
2013-02-22,2322.94,2330.88,2308.76,2314.16,,96981828.0,-0.005068896579892068
2013-02-25,2320.62,2338.78,2315.01,2325.82,,88367374.0,0.00503854530369563
2013-02-26,2313.74,2340.71,2289.89,2293.34,,117638667.0,-0.013964967194365907
2013-02-27,2297.77,2324.63,2292.03,2313.22,,97824887.0,0.00866857945180377
2013-02-28,2322.32,2366.16,2308.92,2365.59,,126950494.0,0.022639437666975182
2013-03-01,2364.54,2369.65,2330.86,2359.51,,120312752.0,-0.0025701833369264904
2013-03-04,2332.08,2333.54,2259.25,2273.4,,161750025.0,-0.036494865459353876
2013-03-05,2274.81,2328.14,2270.1,2326.31,,131136598.0,0.02327351104073183
2013-03-06,2333.62,2351.44,2321.6,2347.18,,141333692.0,0.008971289295063745
2013-03-07,2340.44,2352.02,2304.27,2324.29,,139756348.0,-0.00975212808561754
2013-03-08,2326.42,2333.67,2314.59,2318.61,,98794148.0,-0.0024437570182721524
2013-03-11,2314.68,2320.96,2296.58,2310.59,,84111903.0,-0.0034589689512251054
2013-03-12,2309.16,2333.29,2264.83,2286.61,,117664456.0,-0.010378301645899923
2013-03-13,2282.17,2286.33,2253.25,2263.97,,90972788.0,-0.00990111999860066
2013-03-14,2255.77,2276.22,2253.31,2270.28,,80294086.0,0.002787139405557637
2013-03-15,2269.31,2312.08,2250.0,2278.4,,116477813.0,0.0035766513381609855
2013-03-18,2267.29,2276.05,2239.21,2240.02,,93122772.0,-0.016845154494382064
2013-03-19,2244.26,2261.31,2232.02,2257.43,,87582105.0,0.007772252033463989
2013-03-20,2257.74,2317.86,2257.42,2317.37,,131241284.0,0.02655231834431193
2013-03-21,2318.21,2330.81,2311.6,2324.24,,119200910.0,0.0029645675917095993
2013-03-22,2321.4,2332.0,2314.97,2328.28,,101167299.0,0.0017382025952570324
2013-03-25,2334.74,2344.89,2319.91,2326.72,,97031526.0,-0.0006700225058843268
2013-03-26,2318.58,2319.99,2281.12,2297.67,,104449015.0,-0.012485387154449024
2013-03-27,2299.38,2323.48,2289.0,2301.26,,96331195.0,0.001562452397428693
2013-03-28,2273.55,2273.55,2232.91,2236.3,,127658698.0,-0.028228014218297792
2013-03-29,2238.49,2246.87,2228.81,2236.62,,85565473.0,0.00014309350266050735
2013-04-01,2229.46,2243.95,2227.31,2234.4,,77411774.0,-0.0009925691445126228
2013-04-02,2234.9,2253.42,2220.44,2227.74,,89714323.0,-0.0029806659505908772
2013-04-03,2232.69,2241.34,2217.25,2225.29,,81795267.0,-0.0010997692728953457
2013-04-08,2196.24,2212.59,2180.67,2211.59,,86257470.0,-0.006156500950437849
2013-04-09,2215.47,2234.73,2215.47,2225.77,,82896544.0,0.006411676667013255
2013-04-10,2224.93,2233.04,2212.56,2226.13,,80619621.0,0.00016174177924943578
2013-04-11,2236.98,2242.48,2217.26,2219.55,,73632704.0,-0.0029558022217929247
2013-04-12,2218.1,2226.26,2204.44,2206.78,,66846340.0,-0.005753418485729078
2013-04-15,2199.91,2204.99,2177.39,2181.94,,71632323.0,-0.011256219469090722
2013-04-16,2169.63,2196.43,2165.78,2194.85,,79992178.0,0.005916752981291795
2013-04-17,2195.03,2197.51,2178.47,2193.8,,68314181.0,-0.00047839260086102176
2013-04-18,2181.82,2206.03,2175.44,2197.6,,71616927.0,0.0017321542528943024
2013-04-19,2201.12,2250.11,2200.58,2244.64,,109660556.0,0.021405169275573233
2013-04-22,2236.4,2245.12,2232.26,2242.17,,95233730.0,-0.0011003991731413088
2013-04-23,2242.62,2242.62,2182.81,2184.54,,96541315.0,-0.025702779004268206
2013-04-24,2187.35,2226.12,2184.11,2218.32,,91600261.0,0.015463209645966813
2013-04-25,2213.19,2224.63,2191.85,2199.31,,96704188.0,-0.008569548126510229
2013-04-26,2203.89,2210.58,2173.86,2177.91,,76673970.0,-0.009730324510869415
2013-05-02,2170.78,2179.65,2161.14,2174.12,,68337936.0,-0.0017402004674206273
2013-05-03,2179.05,2222.81,2179.05,2205.5,,88583464.0,0.014433425937850686
2013-05-06,2212.5,2236.07,2212.5,2231.17,,92268146.0,0.011639084107912145
2013-05-07,2227.86,2240.26,2219.44,2235.58,,86452356.0,0.0019765414558281513
2013-05-08,2242.39,2255.21,2235.42,2246.3,,90371933.0,0.004795176195886652
2013-05-09,2246.96,2247.86,2221.38,2232.97,,98531637.0,-0.0059342029114545225
2013-05-10,2228.82,2247.67,2225.81,2246.83,,90335476.0,0.00620697994151298
2013-05-13,2247.68,2250.85,2231.36,2241.92,,86211224.0,-0.0021853010686165852
2013-05-14,2238.9,2239.93,2205.87,2217.01,,83244975.0,-0.011111011989722974
2013-05-15,2217.09,2225.19,2213.58,2224.8,,71722893.0,0.0035137414806427625
2013-05-16,2221.34,2252.87,2210.77,2251.81,,110284376.0,0.012140417116145219
2013-05-17,2249.81,2288.09,2248.41,2282.87,,126126006.0,0.013793348461903943
2013-05-20,2286.33,2309.39,2281.9,2299.99,,139150514.0,0.007499331981234203
2013-05-21,2297.11,2305.3,2290.12,2305.11,,124173176.0,0.002226096635203012
2013-05-22,2303.75,2314.18,2292.43,2302.4,,128360026.0,-0.0011756488844349988
2013-05-23,2293.81,2304.95,2274.1,2275.67,,124019844.0,-0.011609624739402413
2013-05-24,2281.45,2292.6,2270.25,2288.53,,101441213.0,0.005651082977760513
2013-05-27,2286.66,2301.7,2283.94,2293.08,,107325061.0,0.001988175815916593
2013-05-28,2293.4,2322.1,2281.47,2321.32,,132632995.0,0.012315313900954195
2013-05-29,2323.54,2334.34,2321.17,2324.02,,125250729.0,0.0011631313218340988
2013-05-30,2316.25,2325.72,2310.49,2317.75,,111913032.0,-0.002697911377698925
2013-05-31,2320.74,2325.53,2299.37,2300.6,,108162554.0,-0.007399417538561104
2013-06-03,2300.21,2313.43,2294.11,2299.25,,96882814.0,-0.0005868034425801083
2013-06-04,2297.1,2297.1,2264.76,2272.42,,101895818.0,-0.011669022507339366
2013-06-05,2270.71,2276.87,2260.87,2270.93,,76483303.0,-0.0006556886491054792
2013-06-06,2264.43,2266.69,2240.07,2242.11,,81538694.0,-0.012690835913039877
2013-06-07,2242.26,2250.63,2205.07,2210.9,,89978077.0,-0.013919923643353815
2013-06-13,2190.1,2190.1,2126.22,2148.36,,94371094.0,-0.028287122891130334
2013-06-14,2150.06,2163.85,2142.78,2162.04,,77857472.0,0.0063676478802434655
2013-06-17,2165.99,2169.36,2147.03,2156.22,,75757790.0,-0.002691902092468279
2013-06-18,2158.55,2161.68,2138.35,2159.29,,69632271.0,0.0014237879251655094
2013-06-19,2150.82,2150.82,2115.79,2143.45,,75425016.0,-0.007335744619759388
2013-06-20,2132.81,2132.81,2082.83,2084.02,,77787930.0,-0.027726329048962994
2013-06-21,2058.98,2085.86,2042.88,2073.1,,79673224.0,-0.005239872937879753
2013-06-24,2068.86,2068.86,1958.4,1963.24,,109198215.0,-0.052993102117601665
2013-06-25,1948.31,1963.57,1849.65,1959.51,,138158516.0,-0.0018999205395162644
2013-06-26,1954.47,1959.16,1922.82,1951.5,,101192527.0,-0.004087756633035844
2013-06-27,1955.13,1980.54,1942.37,1950.01,,105813318.0,-0.0007635152446835436
2013-06-28,1935.52,1987.98,1925.65,1979.21,,100737968.0,0.014974282183168208
2013-07-01,1965.99,1995.92,1957.57,1995.24,,78051393.0,0.008099191091395008
2013-07-02,1992.89,2007.62,1978.43,2006.56,,86415418.0,0.0056735029369900936
2013-07-03,1996.51,1996.54,1965.52,1994.27,,93466471.0,-0.006124910294234898
2013-07-04,1982.87,2022.14,1974.1,2006.1,,100394183.0,0.00593199516615095
2013-07-05,2006.19,2021.54,2002.37,2007.2,,91345222.0,0.0005483276008175775
2013-07-08,1983.22,1983.22,1953.12,1958.27,,84136491.0,-0.024377241929055438
2013-07-09,1953.6,1969.15,1946.37,1965.45,,64538733.0,0.0036665015549439683
2013-07-10,1962.84,2009.36,1960.28,2008.13,,89797981.0,0.021715128850899212
2013-07-11,2011.02,2092.87,2010.4,2072.99,,159970773.0,0.03229870576108107
2013-07-12,2068.04,2074.86,2036.05,2039.49,,121174175.0,-0.01616023232142938
2013-07-15,2046.12,2076.67,2037.25,2059.39,,101470357.0,0.00975734129610828
2013-07-16,2054.6,2066.36,2038.54,2065.72,,96737399.0,0.0030737257148960584
2013-07-17,2061.19,2075.81,2043.23,2044.92,,103251321.0,-0.010069128439478603
2013-07-18,2038.4,2043.37,2016.9,2023.4,,92132049.0,-0.01052363906656495
2013-07-19,2025.32,2035.22,1990.25,1992.65,,104577571.0,-0.015197192843728335
2013-07-22,1977.73,2005.47,1970.64,2004.76,,82922190.0,0.0060773342031967825
2013-07-23,2008.96,2051.53,2005.09,2043.88,,109517360.0,0.019513557732596443
2013-07-24,2035.69,2042.77,2010.42,2033.33,,106655779.0,-0.005161751179129981
2013-07-25,2037.34,2045.37,2016.43,2021.17,,98545366.0,-0.005980337672684688
2013-07-26,2013.19,2021.57,2000.8,2010.85,,73800429.0,-0.0051059534823889585
2013-07-29,1997.84,1997.84,1969.85,1976.31,,78683274.0,-0.01717681577442376
2013-07-30,1981.45,2006.23,1965.36,1990.06,,77219784.0,0.006957410527700603
2013-07-31,2000.79,2015.47,1987.88,1993.8,,70160603.0,0.0018793403213972493
2013-08-01,2000.82,2029.93,1997.06,2029.07,,91256686.0,0.01768983849934802
2013-08-02,2039.51,2047.08,2025.65,2029.42,,93592767.0,0.00017249281690623341
2013-08-05,2031.72,2050.91,2025.23,2050.48,,85517968.0,0.010377349193365637
2013-08-06,2043.65,2066.74,2034.96,2060.5,,105580975.0,0.004886660684327637
2013-08-07,2056.37,2069.56,2043.75,2046.78,,107712594.0,-0.00665857801504488
2013-08-08,2044.44,2058.56,2037.25,2044.9,,84133290.0,-0.0009185159127995668
2013-08-09,2052.24,2061.71,2030.13,2052.24,,95316423.0,0.0035894175754314084
2013-08-12,2058.42,2102.35,2055.72,2101.28,,135128974.0,0.02389584064242012
2013-08-13,2101.32,2106.4,2093.8,2106.16,,117708875.0,0.0023223939693899354
2013-08-14,2109.23,2122.97,2093.04,2100.14,,114437802.0,-0.0028582823717095973
2013-08-15,2099.28,2108.41,2079.97,2081.88,,99396656.0,-0.008694658451341208
2013-08-16,2075.98,2198.85,2061.65,2068.45,,153063326.0,-0.006450900147943361
2013-08-19,2055.13,2091.13,2052.7,2085.6,,97446783.0,0.008291232565447615
2013-08-20,2081.97,2098.98,2066.07,2072.6,,107381773.0,-0.006233218258534734
2013-08-21,2076.27,2076.32,2056.91,2072.96,,87445991.0,0.0001736948760011625
2013-08-22,2069.31,2083.33,2062.37,2067.12,,90928307.0,-0.0028172275393640867
2013-08-23,2075.93,2079.85,2029.37,2057.46,,112426351.0,-0.00467316846627186
2013-08-26,2061.42,2097.34,2056.13,2096.47,,119932652.0,0.018960271402603146
2013-08-27,2095.44,2105.38,2090.43,2103.57,,126341966.0,0.003386645170214919
2013-08-28,2092.31,2113.82,2080.86,2101.3,,161392026.0,-0.0010791178805554802
2013-08-29,2108.44,2110.89,2088.24,2097.23,,133268219.0,-0.001936896207110017
2013-08-30,2097.22,2114.39,2089.1,2098.38,,170075649.0,0.0005483423372734109
2013-09-02,2104.09,2108.68,2078.46,2098.45,,149158524.0,3.335906747103934e-05
2013-09-03,2100.45,2123.85,2095.46,2123.11,,138893175.0,0.011751530891848994
2013-09-04,2121.68,2133.0,2115.75,2127.62,,142000386.0,0.0021242422672398398
2013-09-05,2125.25,2127.86,2115.24,2122.43,,126544104.0,-0.0024393453718238867
2013-09-06,2119.33,2143.24,2119.02,2139.99,,143260660.0,0.00827353552296195
2013-09-09,2151.35,2218.53,2151.35,2212.52,,219427086.0,0.033892681741503505
2013-09-10,2214.81,2238.55,2202.82,2237.98,,237206649.0,0.011507240612514291
2013-09-11,2244.96,2258.08,2233.0,2241.27,,244349455.0,0.0014700756932590764
2013-09-12,2236.17,2270.27,2226.29,2255.61,,209715110.0,0.006398158187099323
2013-09-13,2251.46,2259.42,2228.48,2236.22,,171984229.0,-0.008596344226173946
2013-09-16,2244.46,2248.47,2226.17,2231.4,,154884020.0,-0.0021554229905822453
2013-09-17,2230.39,2230.93,2184.92,2185.56,,154542555.0,-0.02054315676257068
2013-09-18,2185.94,2195.9,2172.04,2191.85,,115111887.0,0.0028779809293728587
2013-09-23,2199.36,2223.07,2198.34,2221.04,,133174858.0,0.013317517165864379
2013-09-24,2219.47,2219.54,2187.24,2207.53,,160415055.0,-0.006082736015560197
2013-09-25,2206.23,2217.97,2193.72,2198.51,,160212762.0,-0.00408601468609715
2013-09-26,2192.23,2192.23,2154.72,2155.81,,140415346.0,-0.019422245065976673
2013-09-27,2150.96,2165.78,2149.59,2160.03,,105401788.0,0.001957500892936004
2013-09-30,2167.73,2176.3,2165.16,2174.67,,92810081.0,0.006777683643282684
2013-10-08,2171.9,2200.02,2161.49,2198.2,,126710203.0,0.01082003246469565
2013-10-09,2191.39,2212.35,2185.18,2211.77,,130871737.0,0.0061732326448913355
2013-10-10,2214.41,2214.59,2186.48,2190.93,,149775896.0,-0.009422317872111563
2013-10-11,2201.41,2228.87,2200.53,2228.15,,156892176.0,0.0169882196145017
2013-10-14,2232.22,2242.98,2226.4,2237.77,,165983386.0,0.004317483113793985
2013-10-15,2237.93,2240.25,2221.14,2233.41,,153722825.0,-0.00194836824159772
2013-10-16,2228.11,2228.11,2183.4,2193.07,,154638637.0,-0.01806206652607434
2013-10-17,2201.71,2211.03,2183.25,2188.54,,126767944.0,-0.0020655975413462757
2013-10-18,2188.71,2203.29,2184.36,2193.78,,103724631.0,0.0023942902574320968
2013-10-21,2198.11,2230.28,2190.39,2229.24,,136694408.0,0.016163881519568823
2013-10-22,2227.34,2227.34,2204.24,2210.65,,149132831.0,-0.008339164917191333
2013-10-23,2213.27,2226.85,2177.73,2183.11,,146347090.0,-0.01245787438083823
2013-10-24,2178.82,2183.41,2159.87,2164.32,,103008953.0,-0.008606987279614842
2013-10-25,2163.69,2170.61,2122.68,2132.96,,113924520.0,-0.014489539439639265
2013-10-28,2135.88,2140.96,2123.07,2133.87,,88401322.0,0.0004266371615031517
2013-10-29,2135.23,2163.66,2093.2,2128.86,,143092811.0,-0.0023478468697717414
2013-10-30,2126.69,2161.94,2121.84,2160.46,,119643362.0,0.014843625226647061
2013-10-31,2155.51,2155.51,2137.47,2141.61,,108063020.0,-0.008724993751330734
2013-11-01,2139.88,2157.31,2132.63,2149.56,,89118477.0,0.0037121604773977523
2013-11-04,2156.09,2160.58,2143.21,2149.63,,76147941.0,3.256480395985584e-05
2013-11-05,2139.84,2158.15,2124.85,2157.24,,91900031.0,0.003540144117824884
2013-11-06,2149.39,2166.17,2138.78,2139.61,,100487344.0,-0.008172479649922848
2013-11-07,2136.63,2141.6,2119.19,2129.4,,81842610.0,-0.004771897682287918
2013-11-08,2120.92,2128.58,2103.51,2106.13,,83096859.0,-0.01092796092796089
2013-11-11,2103.3,2117.28,2093.63,2109.47,,69678299.0,0.0015858470274863201
2013-11-12,2110.72,2127.94,2108.4,2126.77,,79446731.0,0.008201112127691035
2013-11-13,2117.89,2117.91,2086.01,2087.94,,88257094.0,-0.01825773355840077
2013-11-14,2087.12,2102.38,2078.99,2100.51,,83799373.0,0.006020287939308755
2013-11-15,2100.9,2153.21,2100.79,2135.83,,125894520.0,0.01681496398493687
2013-11-18,2147.37,2198.32,2143.77,2197.22,,157502714.0,0.028742924296409234
2013-11-19,2198.32,2203.3,2186.11,2193.13,,125082307.0,-0.0018614430962761164
2013-11-20,2201.47,2207.11,2186.64,2206.61,,118961861.0,0.0061464664657362444
2013-11-21,2197.01,2206.53,2177.74,2205.77,,137245516.0,-0.0003806744281953378
2013-11-22,2206.47,2211.07,2188.77,2196.38,,113866457.0,-0.004257016824056881
2013-11-25,2186.06,2209.15,2181.42,2186.12,,108282655.0,-0.004671322812992429
2013-11-26,2184.33,2192.58,2176.18,2183.07,,100460830.0,-0.001395165864636727
2013-11-27,2181.73,2207.62,2176.85,2201.07,,115384411.0,0.00824526927675251
2013-11-28,2204.38,2234.39,2202.62,2219.37,,134456777.0,0.008314138123730608
2013-11-29,2221.62,2224.94,2212.26,2220.5,,106959053.0,0.0005091534985153245
2013-12-02,2203.12,2231.92,2172.63,2207.37,,174281990.0,-0.005913082639045331
2013-12-03,2196.82,2227.93,2193.25,2222.67,,113506410.0,0.006931325514073494
2013-12-04,2219.97,2260.87,2215.92,2251.76,,157292943.0,0.013087862795646776
2013-12-05,2252.72,2255.26,2239.14,2247.06,,122048414.0,-0.0020872561907131493
2013-12-06,2242.56,2248.15,2228.63,2237.11,,103700929.0,-0.004428008152875251
2013-12-09,2241.79,2249.17,2231.73,2238.2,,93273639.0,0.00048723576399889446
2013-12-10,2239.86,2250.5,2231.68,2237.49,,109043133.0,-0.0003172191939951885
2013-12-11,2228.63,2228.63,2193.16,2204.17,,109473150.0,-0.014891686666755888
2013-12-12,2199.32,2214.55,2194.9,2202.8,,86108671.0,-0.0006215491545570329
2013-12-13,2188.26,2204.64,2183.84,2196.08,,85101012.0,-0.0030506627928093
2013-12-16,2197.23,2201.7,2159.99,2160.86,,101387594.0,-0.016037667115952003
2013-12-17,2161.54,2165.54,2146.31,2151.08,,78578936.0,-0.004525975768906898
2013-12-18,2150.41,2156.59,2142.62,2148.28,,64173584.0,-0.0013016717183924609
2013-12-19,2153.67,2159.14,2126.25,2127.79,,73123479.0,-0.0095378628484184
2013-12-20,2128.37,2131.74,2082.86,2084.79,,86775212.0,-0.02020876120293824
2013-12-23,2089.54,2099.52,2068.54,2089.71,,68146636.0,0.0023599499230138044
2013-12-24,2094.07,2111.8,2079.81,2092.91,,70251467.0,0.001531312957300246
2013-12-25,2095.02,2107.23,2088.3,2106.35,,65139096.0,0.0064216808176176254
2013-12-26,2102.66,2102.66,2070.55,2073.1,,78541408.0,-0.015785600683647094
2013-12-27,2074.59,2110.36,2069.59,2101.25,,76756827.0,0.013578698567362935
2013-12-30,2108.88,2112.01,2095.06,2097.53,,74085056.0,-0.0017703747769184375
2013-12-31,2090.68,2120.27,2087.42,2115.98,,80474375.0,0.008796060127864491
2014-01-02,2112.13,2113.11,2101.02,2109.39,,68485486.0,-0.0031143961663154807
2014-01-03,2101.54,2102.17,2075.9,2083.14,,84497241.0,-0.0124443559512466
2014-01-06,2078.68,2078.68,2034.01,2045.71,,89587608.0,-0.01796806743665802
2014-01-07,2034.22,2052.28,2029.25,2047.32,,63402938.0,0.0007870128219542583
2014-01-08,2047.26,2062.95,2037.11,2044.34,,71647364.0,-0.0014555614168767494
2014-01-09,2041.77,2057.2,2026.45,2027.62,,75941883.0,-0.00817867869336808
2014-01-10,2023.54,2029.3,2008.01,2013.3,,75616121.0,-0.007062467326224842
2014-01-13,2014.98,2027.18,2000.4,2009.56,,66544776.0,-0.0018576466497789434
2014-01-14,2007.16,2027.43,2001.14,2026.84,,70366614.0,0.008598897271044459
2014-01-15,2024.23,2027.41,2010.2,2023.35,,67436222.0,-0.001721892206587583
2014-01-16,2022.54,2034.71,2014.41,2023.7,,72755719.0,0.0001729804532089041
2014-01-17,2017.52,2017.87,2001.33,2004.95,,67305720.0,-0.009265207293571165
2014-01-20,2001.89,2005.94,1984.82,1991.25,,56271247.0,-0.006833088106935392
2014-01-21,1992.02,2014.15,1992.02,2008.31,,59844911.0,0.008567482736974164
2014-01-22,2009.97,2052.34,2008.93,2051.75,,98892856.0,0.021630126823050322
2014-01-23,2048.33,2052.53,2039.05,2042.18,,84210585.0,-0.004664310954063611
2014-01-24,2037.67,2060.99,2034.45,2054.39,,92947921.0,0.0059789048957485935
2014-01-27,2044.27,2044.85,2029.63,2033.3,,88815426.0,-0.010265820997960473
2014-01-28,2036.4,2047.13,2026.99,2038.51,,72529043.0,0.002562337087493205
2014-01-29,2042.18,2051.58,2039.77,2049.91,,73865462.0,0.005592319880697083
2014-01-30,2045.93,2045.93,2031.47,2033.08,,62615184.0,-0.008210116541701784
2014-02-07,2022.32,2044.73,2014.7,2044.5,,73598755.0,0.005617093277195284
2014-02-10,2049.98,2087.98,2049.98,2086.07,,124331833.0,0.020332599657618022
2014-02-11,2086.18,2111.06,2082.52,2103.67,,142211324.0,0.008436917265480126
2014-02-12,2103.83,2110.9,2096.51,2109.96,,126333186.0,0.0029900126921047487
2014-02-13,2106.93,2122.83,2096.97,2098.4,,146532634.0,-0.005478776848850231
2014-02-14,2097.32,2116.19,2095.09,2115.85,,111517950.0,0.00831585970263049
2014-02-17,2124.88,2136.45,2117.69,2135.42,,140244443.0,0.009249237894935813
2014-02-18,2134.14,2134.14,2113.13,2119.07,,142869308.0,-0.007656573414129286
2014-02-19,2116.92,2152.96,2111.17,2142.55,,151261246.0,0.011080332409972415
2014-02-20,2152.89,2177.98,2136.48,2138.78,,157052276.0,-0.0017595855405941885
2014-02-21,2131.59,2132.7,2098.33,2113.69,,117662651.0,-0.011730986824264322
2014-02-24,2099.72,2099.72,2058.79,2076.69,,123555308.0,-0.01750493213290505
2014-02-25,2077.28,2087.62,2026.54,2034.22,,140132978.0,-0.020450813554261815
2014-02-26,2026.61,2041.63,2014.38,2041.25,,110112687.0,0.003455870063218347
2014-02-27,2045.1,2068.31,2036.39,2047.35,,132163852.0,0.002988364972443369
2014-02-28,2040.62,2058.49,2020.94,2056.3,,111637907.0,0.004371504627933787
2014-03-03,2052.08,2078.33,2047.07,2075.24,,127460891.0,0.009210718280406427
2014-03-04,2068.11,2074.02,2050.13,2071.47,,115925792.0,-0.0018166573504750927
2014-03-05,2073.29,2074.81,2050.18,2053.08,,107733082.0,-0.008877753479413109
2014-03-06,2050.03,2065.79,2030.95,2059.58,,109290133.0,0.0031659750228925088
2014-03-07,2058.38,2079.49,2050.47,2057.91,,103709540.0,-0.0008108449295487485
2014-03-10,2042.35,2042.63,1995.55,1999.06,,115696666.0,-0.02859697460044408
2014-03-11,1994.42,2008.07,1985.6,2001.16,,92705265.0,0.0010504937320541252
2014-03-12,1996.24,2011.06,1974.38,1997.69,,101361719.0,-0.0017339942833156652
2014-03-13,2000.69,2029.12,1996.53,2019.11,,100978116.0,0.010722384353928804
2014-03-14,2008.83,2017.91,1990.98,2004.34,,87775111.0,-0.007315104179564269
2014-03-17,2009.88,2024.37,1999.25,2023.67,,86250374.0,0.009644072362972489
2014-03-18,2026.22,2034.92,2020.41,2025.2,,96777193.0,0.0007560521231229078
2014-03-19,2019.98,2022.18,2002.44,2021.73,,95180797.0,-0.0017134110211337594
2014-03-20,2017.22,2030.85,1993.0,1993.48,,110333048.0,-0.01397318138426007
2014-03-21,1987.68,2052.47,1986.07,2047.62,,144477656.0,0.02715853683006597
2014-03-24,2050.83,2074.06,2043.33,2066.28,,147700085.0,0.00911301901720063
2014-03-25,2063.32,2079.55,2057.49,2067.31,,131822232.0,0.0004984803608416577
2014-03-26,2070.57,2074.57,2057.65,2063.67,,102611116.0,-0.0017607422205667689
2014-03-27,2060.81,2073.98,2042.71,2046.59,,119149374.0,-0.008276517078796619
2014-03-28,2046.85,2060.13,2035.24,2041.71,,121681965.0,-0.0023844541407902486
2014-03-31,2043.05,2048.13,2024.19,2033.31,,94356536.0,-0.004114198392523916
2014-04-01,2031.01,2050.68,2028.1,2047.46,,83286576.0,0.006959096251924146
2014-04-02,2049.42,2060.78,2046.74,2058.99,,102658525.0,0.005631367645765772
2014-04-03,2063.5,2066.01,2037.45,2043.7,,108618421.0,-0.007425970985774466
2014-04-04,2037.55,2060.1,2035.22,2058.83,,83189056.0,0.00740323922297792
2014-04-08,2054.53,2102.45,2052.9,2098.28,,133370983.0,0.019161368349985386
2014-04-09,2100.65,2108.75,2095.64,2105.24,,105340471.0,0.0033170024972832834
2014-04-10,2105.88,2146.67,2098.08,2134.3,,156789609.0,0.013803651840170517
2014-04-11,2130.37,2138.65,2120.18,2130.54,,131768359.0,-0.0017617017289042192
2014-04-14,2127.41,2134.43,2116.61,2131.54,,102077853.0,0.0004693645742392949
2014-04-15,2125.9,2125.9,2098.15,2101.6,,107531151.0,-0.014046182572224786
2014-04-16,2097.21,2112.05,2092.16,2105.12,,89361657.0,0.0016749143509706688
2014-04-17,2108.95,2110.72,2095.71,2098.89,,89896325.0,-0.0029594512426844855
2014-04-18,2091.48,2099.64,2081.19,2097.75,,88155695.0,-0.0005431442333804215
2014-04-21,2085.98,2103.08,2065.23,2065.83,,96378369.0,-0.01521630318198075
2014-04-22,2062.79,2073.66,2047.33,2072.83,,98719882.0,0.003388468557432134
2014-04-23,2068.08,2076.35,2059.11,2067.38,,78531521.0,-0.002629255655311691
2014-04-24,2064.16,2075.76,2056.19,2057.03,,78185955.0,-0.00500633652255511
2014-04-25,2060.54,2065.64,2035.57,2036.52,,93042333.0,-0.009970685891795505
2014-04-28,2033.34,2035.99,2000.14,2003.49,,89795262.0,-0.016218843910199787
2014-04-29,2001.9,2021.68,1997.64,2020.34,,76221275.0,0.008410323984646695
2014-04-30,2020.44,2029.54,2016.58,2026.36,,74528578.0,0.0029796964867299103
2014-05-05,2022.18,2028.96,2007.35,2027.35,,79933395.0,0.0004885607690636729
2014-05-06,2024.26,2038.71,2021.49,2028.04,,74609411.0,0.0003403457715738245
2014-05-07,2023.15,2024.63,2008.45,2010.08,,74360192.0,-0.008855841107670459
2014-05-08,2006.85,2036.94,2005.69,2015.27,,77865393.0,0.0025819867865954915
2014-05-09,2016.5,2020.45,2001.3,2011.14,,76224244.0,-0.0020493531884064886
2014-05-12,2022.93,2055.51,2016.64,2052.87,,115742077.0,0.020749425698857182
2014-05-13,2055.08,2061.06,2043.55,2050.73,,97223388.0,-0.0010424430187979672
2014-05-14,2049.27,2056.57,2042.74,2047.91,,72011125.0,-0.001375120079191272
2014-05-15,2044.38,2047.32,2022.86,2024.97,,75845154.0,-0.011201664135630951
2014-05-16,2023.6,2027.76,2012.69,2026.5,,66353660.0,0.0007555667491370155
2014-05-19,2023.01,2023.27,1996.02,2005.18,,65329438.0,-0.010520602023192716
2014-05-20,2011.85,2018.16,2002.76,2008.12,,61345382.0,0.0014662025354330588
2014-05-21,2001.31,2025.19,1991.06,2024.95,,61811547.0,0.008380973248610646
2014-05-22,2023.15,2041.96,2018.88,2021.29,,74728474.0,-0.0018074520358527524
2014-05-23,2020.12,2034.57,2017.74,2034.57,,63488065.0,0.00657006169327512
2014-05-26,2042.03,2045.38,2035.09,2041.48,,70281220.0,0.0033962950402297576
2014-05-27,2039.79,2044.15,2032.84,2034.56,,67577889.0,-0.003389697670317604
2014-05-28,2034.56,2052.66,2029.34,2050.23,,81338642.0,0.007701910978295201
2014-05-29,2051.84,2057.08,2039.24,2040.6,,81242921.0,-0.004697033991308386
2014-05-30,2040.39,2046.96,2031.37,2039.21,,75148898.0,-0.0006811722042535662
2014-06-03,2039.2,2049.58,2037.3,2038.31,,71584124.0,-0.00044134738452639155
2014-06-04,2037.99,2038.48,2012.91,2024.83,,72412771.0,-0.006613321820527762
2014-06-05,2019.44,2041.7,2016.18,2040.88,,67949536.0,0.007926591368164315
2014-06-06,2040.86,2041.57,2022.16,2029.96,,66021744.0,-0.005350633060248522
2014-06-09,2024.94,2045.26,2023.2,2030.5,,64788317.0,0.0002660150938935679
2014-06-10,2033.21,2052.76,2026.39,2052.53,,79623717.0,0.010849544447180559
2014-06-11,2049.13,2056.63,2045.41,2054.95,,74444354.0,0.001179032705977301
2014-06-12,2051.58,2057.11,2045.96,2051.71,,81711186.0,-0.0015766806978271264
2014-06-13,2049.21,2073.6,2048.62,2070.72,,97174806.0,0.00926544199716317
2014-06-16,2070.7,2087.32,2069.44,2085.98,,95939770.0,0.007369417400711065
2014-06-17,2080.48,2080.48,2064.67,2066.7,,87800481.0,-0.009242658127115444
2014-06-18,2064.38,2066.91,2051.75,2055.52,,87245350.0,-0.0054095901679004355
2014-06-19,2054.62,2059.25,2017.65,2023.74,,92914274.0,-0.01546080797073246
2014-06-20,2013.41,2027.15,2010.53,2026.67,,67167246.0,0.0014478144425666972
2014-06-23,2026.23,2033.32,2022.92,2024.37,,70485162.0,-0.0011348665544959058
2014-06-24,2023.7,2034.71,2021.75,2033.93,,71214634.0,0.0047224568631230035
2014-06-25,2030.43,2030.62,2018.36,2025.5,,67539610.0,-0.004144685411985649
2014-06-26,2025.66,2040.75,2025.31,2038.68,,80955778.0,0.006507035299925912
2014-06-27,2031.91,2043.98,2025.07,2036.51,,97592017.0,-0.0010644142288147584
2014-06-30,2038.61,2052.34,2038.53,2048.33,,96666598.0,0.005804047119827516
2014-07-01,2051.23,2052.64,2041.94,2050.38,,98457409.0,0.0010008152983163043
2014-07-02,2049.49,2060.6,2044.04,2059.42,,109553911.0,0.004408938830850806
2014-07-03,2051.63,2066.64,2048.08,2063.23,,122926582.0,0.0018500354468733438
2014-07-04,2062.36,2065.08,2054.22,2059.38,,105008792.0,-0.0018660062135582578
2014-07-07,2058.13,2064.04,2050.89,2059.93,,97168754.0,0.00026707067175535393
2014-07-08,2058.13,2064.43,2047.2,2064.02,,95053393.0,0.0019855043617986734
2014-07-09,2061.64,2062.47,2037.6,2038.61,,113305841.0,-0.01231092721969751
2014-07-10,2036.54,2045.53,2034.96,2038.34,,97943819.0,-0.00013244318432659163
2014-07-11,2033.87,2051.74,2033.0,2046.96,,105088083.0,0.004228931385342971
2014-07-14,2047.74,2067.34,2044.9,2066.65,,115119740.0,0.009619142533317637
2014-07-15,2065.9,2070.36,2059.68,2070.36,,124488768.0,0.0017951757675465085
2014-07-16,2068.34,2075.49,2061.57,2067.28,,137128020.0,-0.0014876639811433057
2014-07-17,2062.89,2062.89,2046.19,2055.59,,104491812.0,-0.005654773422081205
2014-07-18,2047.5,2067.23,2046.0,2059.07,,106641094.0,0.0016929446047120322
2014-07-21,2057.77,2061.82,2049.18,2054.48,,93857870.0,-0.002229161708926952
2014-07-22,2050.5,2078.09,2049.81,2075.48,,123191868.0,0.010221564580818576
2014-07-23,2074.2,2088.19,2072.23,2078.49,,137292211.0,0.0014502669262048684
2014-07-24,2079.63,2107.95,2079.63,2105.06,,165676996.0,0.012783318659219
2014-07-25,2108.71,2127.22,2106.71,2126.61,,142495826.0,0.010237237893456763
2014-07-28,2135.25,2181.5,2135.25,2177.95,,236185752.0,0.024141709105101494
2014-07-29,2179.83,2193.52,2172.1,2183.19,,200264257.0,0.0024059321839344783
2014-07-30,2178.18,2194.57,2177.24,2181.24,,184922187.0,-0.0008931884077887364
2014-07-31,2179.54,2202.13,2173.9,2201.56,,164691654.0,0.009315802020869013
2014-08-01,2194.17,2218.79,2184.64,2185.3,,191475042.0,-0.007385671978051844
2014-08-04,2190.04,2224.07,2186.92,2223.33,,174097403.0,0.017402644945773815
2014-08-05,2224.63,2226.84,2206.85,2219.95,,175386987.0,-0.0015202421592835913
2014-08-06,2212.0,2223.89,2192.99,2217.47,,177711707.0,-0.0011171422779792106
2014-08-07,2216.66,2220.57,2185.76,2187.67,,175233274.0,-0.013438738742801326
2014-08-08,2188.71,2199.58,2180.6,2194.43,,135181443.0,0.0030900455736009302
2014-08-11,2199.43,2225.96,2198.31,2224.65,,150583421.0,0.013771229886576641
2014-08-12,2222.7,2222.98,2210.0,2221.6,,154799046.0,-0.0013710021801183192
2014-08-13,2223.05,2230.99,2202.44,2222.88,,178062806.0,0.0005761613251711317
2014-08-14,2221.54,2230.89,2204.38,2206.47,,170149123.0,-0.007382314834809001
2014-08-15,2207.23,2230.87,2203.24,2226.73,,149978691.0,0.009182087225296565
2014-08-18,2229.8,2242.03,2228.13,2239.47,,163928626.0,0.005721394151962711
2014-08-19,2242.34,2246.02,2227.93,2245.33,,177744592.0,0.0026166905562476916
2014-08-20,2241.66,2248.94,2233.89,2240.21,,167658383.0,-0.002280288420855703
2014-08-21,2239.57,2240.08,2211.63,2230.46,,165733498.0,-0.004352270546064907
2014-08-22,2228.97,2243.3,2225.27,2240.81,,160111672.0,0.004640298413780108
2014-08-25,2241.1,2241.55,2222.01,2229.27,,162119578.0,-0.00514992346517551
2014-08-26,2225.29,2232.78,2200.62,2207.11,,163507424.0,-0.009940473787383275
2014-08-27,2207.03,2216.67,2204.05,2209.47,,120885885.0,0.0010692715813891418
2014-08-28,2210.48,2219.47,2194.86,2195.82,,124229014.0,-0.00617795217857664
2014-08-29,2198.95,2218.7,2193.26,2217.2,,105202496.0,0.0097366815130564
2014-09-01,2220.13,2236.29,2217.69,2235.51,,129166583.0,0.008258163449395894
2014-09-02,2239.68,2267.51,2234.38,2266.05,,192124869.0,0.013661312183796959
2014-09-03,2268.4,2290.55,2268.1,2288.63,,212478998.0,0.009964475629399061
2014-09-04,2290.03,2307.7,2283.28,2306.86,,199489978.0,0.00796546405491494
2014-09-05,2311.3,2327.56,2307.45,2326.43,,213181917.0,0.008483393010412232
2014-09-09,2328.43,2331.92,2315.89,2326.53,,196990318.0,4.298431502358646e-05
2014-09-10,2318.5,2321.91,2306.42,2318.3,,189828991.0,-0.00353745707126063
2014-09-11,2315.73,2343.6,2304.6,2311.68,,222221798.0,-0.002855540697925374
2014-09-12,2308.35,2331.95,2302.77,2331.95,,193471540.0,0.00876851467331119
2014-09-15,2330.19,2340.45,2321.59,2339.14,,215112414.0,0.003083256502069087
2014-09-16,2341.03,2347.94,2293.87,2296.55,,302694111.0,-0.018207546363193217
2014-09-17,2298.98,2309.05,2282.79,2307.89,,210842453.0,0.004937841544925936
2014-09-18,2303.85,2319.88,2297.93,2315.93,,189089045.0,0.003483701562899455
2014-09-19,2312.98,2331.56,2305.52,2329.45,,174648487.0,0.005837827568190734
2014-09-22,2323.55,2323.55,2284.38,2289.87,,175842354.0,-0.016991135246517408
2014-09-23,2289.09,2311.52,2289.02,2309.72,,156855169.0,0.008668614375488604
2014-09-24,2302.23,2345.75,2297.88,2343.58,,222525725.0,0.0146597856017181
2014-09-25,2352.87,2365.15,2336.8,2345.1,,225688323.0,0.0006485803770299725
2014-09-26,2339.29,2350.11,2329.96,2347.72,,174748285.0,0.001117223146134494
2014-09-29,2353.71,2363.06,2346.58,2357.71,,200111021.0,0.004255192271650943
2014-09-30,2361.32,2365.49,2354.27,2363.87,,193918690.0,0.0026127047007475923
2014-10-08,2368.58,2382.79,2354.29,2382.79,,204397326.0,0.008003824237373447
2014-10-09,2383.86,2391.35,2367.11,2389.37,,235920010.0,0.0027614686984585024
2014-10-10,2380.75,2386.28,2365.08,2374.54,,224671126.0,-0.006206656984895531
2014-10-13,2366.43,2366.86,2341.12,2366.01,,200899314.0,-0.0035922747142603795
2014-10-14,2362.8,2380.51,2349.19,2359.48,,196831418.0,-0.0027599207103943257
2014-10-15,2358.23,2374.81,2344.37,2373.67,,202804915.0,0.006014036991201399
2014-10-16,2361.13,2389.68,2353.41,2356.5,,248201168.0,-0.007233524457907037
2014-10-17,2352.78,2360.6,2312.83,2341.18,,212300962.0,-0.006501166984935303
2014-10-20,2346.05,2357.51,2340.46,2356.73,,160022305.0,0.006641949786005519
2014-10-21,2355.03,2361.65,2337.55,2339.66,,168828288.0,-0.007243086819449074
2014-10-22,2339.22,2352.12,2324.59,2326.55,,152698425.0,-0.005603378268637216
2014-10-23,2322.32,2329.93,2297.33,2302.42,,162636308.0,-0.01037158023683138
2014-10-24,2303.08,2314.88,2296.66,2302.28,,132225281.0,-6.080558716470286e-05
2014-10-27,2293.57,2293.64,2279.84,2290.44,,130261568.0,-0.0051427280782528895
2014-10-28,2294.01,2338.28,2294.01,2337.87,,178590357.0,0.020707811599517845
2014-10-29,2343.72,2381.64,2339.71,2373.03,,265588687.0,0.015039330672792062
2014-10-30,2371.89,2397.26,2365.92,2391.08,,294645943.0,0.007606309233342934
2014-10-31,2393.18,2423.6,2384.48,2420.18,,325763522.0,0.01217023269819495
2014-11-03,2425.23,2436.78,2418.17,2430.03,,298821235.0,0.004069945210686932
2014-11-04,2428.27,2435.22,2417.22,2430.68,,309013039.0,0.00026748640963258907
2014-11-05,2432.17,2434.36,2415.5,2419.25,,263606654.0,-0.004702387809172648
2014-11-06,2419.62,2426.89,2401.75,2425.86,,222005088.0,0.002732251730908297
2014-11-07,2427.9,2454.42,2407.44,2418.17,,291172245.0,-0.0031700098109536112
2014-11-10,2436.63,2474.16,2428.19,2473.67,,300628203.0,0.022951239987263117
2014-11-11,2483.65,2508.62,2445.96,2469.67,,411904065.0,-0.0016170305659202189
2014-11-12,2454.6,2494.92,2444.81,2494.48,,252933852.0,0.010045876574602985
2014-11-13,2495.0,2507.74,2471.41,2485.61,,295037058.0,-0.0035558513197139208
2014-11-14,2477.97,2481.02,2457.04,2478.82,,220607619.0,-0.0027317238022054324
2014-11-17,2506.86,2508.77,2472.45,2474.01,,215687800.0,-0.0019404394026190097
2014-11-18,2474.18,2477.05,2449.81,2456.37,,201062570.0,-0.007130124777183777
2014-11-19,2452.15,2461.49,2442.71,2450.99,,186235771.0,-0.002190223785504708
2014-11-20,2443.28,2458.32,2437.48,2452.66,,165495213.0,0.0006813573290793684
2014-11-21,2452.64,2488.2,2446.65,2486.79,,212239774.0,0.013915503983430222
2014-11-24,2505.53,2546.75,2495.52,2532.88,,363485835.0,0.01853393330357611
2014-11-25,2532.0,2568.38,2527.08,2567.6,,314315572.0,0.013707716117620894
2014-11-26,2572.65,2605.07,2570.4,2604.35,,337127249.0,0.014312977099236734
2014-11-27,2615.37,2631.4,2599.11,2630.49,,364075719.0,0.01003705339144112
2014-11-28,2629.63,2683.18,2622.06,2682.84,,465880035.0,0.019901235131097428
2014-12-01,2691.73,2720.74,2668.84,2680.16,,446791741.0,-0.0009989414202861147
2014-12-02,2667.82,2777.37,2665.69,2763.54,,437733381.0,0.031110082980120524
2014-12-03,2768.68,2824.18,2733.87,2779.52,,562120281.0,0.005782438466604534
2014-12-04,2783.47,2900.51,2772.43,2899.46,,532687718.0,0.04315133548238537
2014-12-05,2926.57,2978.03,2813.05,2937.65,,640500296.0,0.01317141812613376
2014-12-08,2907.81,3041.66,2879.85,3020.26,,587570890.0,0.028121117219546354
2014-12-09,2992.49,3091.32,2834.59,2856.27,,771998379.0,-0.054296649957288556
2014-12-10,2855.94,2946.71,2807.68,2940.01,,512886913.0,0.029317956635752207
2014-12-11,2912.35,2965.68,2892.61,2925.74,,482632733.0,-0.004853724987330166
2014-12-12,2929.36,2962.51,2914.96,2938.17,,409480811.0,0.004248497815937169
2014-12-15,2921.45,2960.23,2890.9,2953.42,,400371695.0,0.005190305530313077
2014-12-16,2953.81,3021.9,2943.91,3021.52,,453842723.0,0.023058014098908952
2014-12-17,3031.95,3076.6,2993.33,3061.02,,542503179.0,0.013072890465725795
2014-12-18,3062.8,3089.79,3030.32,3057.52,,435904952.0,-0.001143409713102117
2014-12-19,3053.08,3117.53,3018.42,3108.6,,521073511.0,0.01670635024464273
2014-12-22,3129.27,3189.87,3090.51,3127.45,,679371915.0,0.0060638229428038315
2014-12-23,3085.08,3136.84,3025.67,3032.61,,437762400.0,-0.03032502518025859
2014-12-24,3039.21,3050.51,2934.91,2972.53,,376805246.0,-0.01981131764387767
2014-12-25,2992.46,3073.35,2969.87,3072.54,,376947776.0,0.03364474033903764
2014-12-26,3078.0,3164.16,3064.18,3157.6,,460700932.0,0.0276839357664993
2014-12-29,3212.56,3223.86,3126.94,3168.02,,510111439.0,0.0032999746643020966
2014-12-30,3160.8,3190.3,3130.35,3165.81,,397725320.0,-0.0006975966060820404
2014-12-31,3172.6,3239.36,3157.26,3234.68,,405998521.0,0.021754306164930792
2015-01-05,3258.63,3369.28,3253.88,3350.52,,531352391.0,0.035811888656683166
2015-01-06,3330.8,3394.22,3303.18,3351.45,,501661695.0,0.00027756885498364525
2015-01-07,3326.65,3374.9,3312.21,3373.95,,391918880.0,0.006713512061943261
2015-01-08,3371.96,3381.57,3285.1,3293.46,,371131170.0,-0.02385631085226514
2015-01-09,3276.97,3404.83,3267.51,3285.41,,410240872.0,-0.002444237974652874
2015-01-12,3258.21,3275.19,3191.58,3229.32,,322064679.0,-0.0170724506226011
2015-01-13,3223.54,3259.39,3214.41,3235.3,,230725754.0,0.0018517830379150002
2015-01-14,3242.34,3268.48,3193.98,3222.44,,240190747.0,-0.003974901863814884
2015-01-15,3224.07,3337.08,3207.54,3336.46,,282546240.0,0.03538312583011627
2015-01-16,3343.6,3400.32,3340.49,3376.5,,339876753.0,0.012000743302782002
2015-01-19,3189.73,3262.21,3095.07,3116.35,,401098789.0,-0.07704723826447513
2015-01-20,3114.56,3190.25,3100.48,3173.05,,357080811.0,0.018194361993999486
2015-01-21,3189.09,3337.0,3178.34,3323.61,,410956024.0,0.047449614724003775
2015-01-22,3327.32,3352.38,3293.98,3343.34,,353382961.0,0.005936316234455896
2015-01-23,3357.1,3406.79,3328.29,3351.76,,366249240.0,0.0025184396441881862
2015-01-26,3347.26,3384.8,3321.31,3383.18,,317541007.0,0.00937417953552755
2015-01-27,3389.85,3390.22,3290.22,3352.96,,374517551.0,-0.008932424523672933
2015-01-28,3325.72,3354.8,3294.66,3305.74,,301927095.0,-0.014083078831838236
2015-01-29,3259.0,3286.79,3234.24,3262.3,,274658613.0,-0.013140779371638267
2015-01-30,3273.75,3288.5,3210.31,3210.36,,258312548.0,-0.015921282530729886
2015-02-02,3148.14,3175.13,3122.57,3128.3,,250861629.0,-0.0255609962745611
2015-02-03,3156.09,3207.94,3129.73,3204.91,,248192164.0,0.02448933925774366
2015-02-04,3212.82,3238.98,3171.14,3174.13,,249098086.0,-0.009604013841262193
2015-02-05,3251.21,3251.21,3135.82,3136.53,,306139305.0,-0.0118457656113643
2015-02-06,3120.09,3129.54,3052.94,3075.91,,246749666.0,-0.019327090765910215
2015-02-09,3063.51,3119.03,3049.11,3095.12,,206108383.0,0.006245306267088413
2015-02-10,3090.49,3142.1,3084.25,3141.59,,193817139.0,0.01501395745560763
2015-02-11,3145.76,3166.42,3139.05,3157.7,,172840094.0,0.005127976597837369
2015-02-12,3157.96,3181.77,3134.24,3173.42,,194592309.0,0.004978306995598203
2015-02-13,3186.81,3237.16,3182.79,3203.83,,261290436.0,0.009582721480295708
2015-02-16,3206.14,3228.85,3195.88,3222.36,,223797429.0,0.005783702630913767
2015-02-17,3230.88,3255.73,3230.77,3246.91,,228332624.0,0.007618639754713774
2015-02-25,3256.48,3257.22,3215.55,3228.84,,233348094.0,-0.0055652913077355315
2015-02-26,3222.15,3300.62,3202.19,3298.36,,301263875.0,0.021530952292464267
2015-02-27,3296.83,3324.55,3291.01,3310.3,,299163717.0,0.003619980838962311
2015-03-02,3332.72,3336.76,3298.67,3336.28,,346445671.0,0.007848231278131834
2015-03-03,3317.7,3317.7,3260.43,3263.05,,382044619.0,-0.02194959655664397
2015-03-04,3264.18,3286.59,3250.48,3279.53,,293639522.0,0.005050489572639094
2015-03-05,3264.09,3266.64,3221.67,3248.48,,320663585.0,-0.009467820083975509
2015-03-06,3248.04,3266.93,3234.53,3241.19,,282915791.0,-0.002244126483770814
2015-03-09,3224.31,3307.7,3198.37,3302.41,,321495440.0,0.018888124423436903
2015-03-10,3289.09,3309.92,3277.1,3286.07,,285817576.0,-0.004947901683921674
2015-03-11,3289.59,3325.05,3278.47,3290.9,,282985535.0,0.0014698408737487956
2015-03-12,3314.81,3360.05,3300.49,3349.32,,357295105.0,0.01775198274028389
2015-03-13,3359.49,3391.25,3352.15,3372.91,,328410154.0,0.007043220713458087
2015-03-16,3391.16,3449.3,3377.09,3449.3,,399132430.0,0.022648099119158438
2015-03-17,3469.6,3504.12,3459.69,3502.85,,520939506.0,0.015524889107934925
2015-03-18,3510.5,3577.66,3503.85,3577.3,,545217144.0,0.02125412164380447
2015-03-19,3576.02,3600.68,3546.84,3582.27,,537346614.0,0.0013893159645541608
2015-03-20,3587.08,3632.34,3569.38,3617.32,,516661669.0,0.009784298782615553
2015-03-23,3640.1,3688.25,3635.49,3687.73,,536062832.0,0.019464686563533284
2015-03-24,3692.57,3715.87,3600.7,3691.41,,639554669.0,0.000997903859555782
2015-03-25,3680.95,3693.15,3634.56,3660.73,,521886348.0,-0.008311187324084757
2015-03-26,3641.94,3707.32,3615.01,3682.1,,488647203.0,0.005837633477475679
2015-03-27,3686.13,3710.48,3656.83,3691.1,,408945165.0,0.0024442573531409106
2015-03-30,3710.61,3795.94,3710.61,3786.57,,564702353.0,0.02586491831703297
2015-03-31,3822.99,3835.57,3737.04,3747.9,,561676037.0,-0.010212408591416477
2015-04-01,3748.34,3817.08,3742.21,3810.29,,447458319.0,0.016646655460391013
2015-04-02,3827.69,3835.45,3775.89,3825.78,,479299673.0,0.004065307365056281
2015-04-03,3803.38,3864.41,3792.21,3863.93,,473033311.0,0.009971822739415215
2015-04-07,3899.42,3961.67,3891.73,3961.38,,570447535.0,0.025220436188026163
2015-04-08,3976.53,4000.22,3903.65,3994.81,,618085419.0,0.008438978335832514
2015-04-09,4006.13,4016.4,3900.03,3957.53,,585176825.0,-0.009332108410662787
2015-04-10,3947.49,4040.35,3929.32,4034.31,,484283619.0,0.019400990011446462
2015-04-13,4072.72,4128.07,4057.29,4121.71,,589814227.0,0.02166417553435407
2015-04-14,4125.78,4168.35,4091.26,4135.56,,610683541.0,0.0033602558161540674
2015-04-15,4135.65,4175.49,4069.01,4084.16,,613005812.0,-0.012428788362398469
2015-04-16,4055.92,4195.31,4031.24,4194.82,,551242956.0,0.02709492282378756
2015-04-17,4254.72,4317.22,4238.91,4287.3,,701706205.0,0.022046237979222116
2015-04-20,4301.35,4356.0,4190.68,4217.08,,857132807.0,-0.016378606582231336
2015-04-21,4212.19,4294.38,4188.57,4293.62,,634470627.0,0.018149999525738147
2015-04-22,4304.6,4400.19,4297.95,4398.49,,680305086.0,0.024424611400170493
2015-04-23,4414.48,4444.41,4358.84,4414.51,,667344661.0,0.0036421590136617166
2015-04-24,4355.95,4416.38,4318.12,4393.69,,628554996.0,-0.004716265225359284
2015-04-27,4441.93,4529.73,4441.93,4527.4,,671088521.0,0.030432279018319575
2015-04-28,4527.63,4572.39,4432.9,4476.21,,767676416.0,-0.011306710253125352
2015-04-29,4446.12,4499.94,4398.64,4476.62,,519834202.0,9.15953451692264e-05
2015-04-30,4483.01,4507.34,4441.05,4441.65,,526727975.0,-0.007811697217990465
2015-05-04,4441.34,4487.57,4387.43,4480.46,,494173398.0,0.008737743856449764
2015-05-05,4479.85,4488.87,4282.24,4298.71,,572858596.0,-0.04056503126911071
2015-05-06,4311.64,4376.35,4187.37,4229.27,,481732993.0,-0.016153683314296563
2015-05-07,4197.9,4213.76,4108.01,4112.21,,394566653.0,-0.027678535539230276
2015-05-08,4152.98,4206.86,4099.04,4205.92,,397428094.0,0.02278823309120881
2015-05-11,4231.27,4334.88,4187.82,4333.58,,488750515.0,0.03035245558641142
2015-05-12,4342.37,4402.31,4317.98,4401.22,,521866408.0,0.01560834229436181
2015-05-13,4402.38,4415.63,4342.48,4375.76,,510490475.0,-0.005784759680270479
2015-05-14,4372.82,4397.75,4329.04,4378.31,,449077935.0,0.0005827559098305901
2015-05-15,4366.82,4366.82,4278.55,4308.69,,439706198.0,-0.015901112529720596
2015-05-18,4277.9,4324.83,4260.51,4283.49,,380057452.0,-0.005848645411946518
2015-05-19,4285.78,4418.4,4285.78,4417.55,,436735224.0,0.031296909762833724
2015-05-20,4434.98,4520.54,4432.28,4446.29,,514106223.0,0.006505868637593171
2015-05-21,4456.44,4530.48,4438.26,4529.42,,464996520.0,0.018696486284070613
2015-05-22,4584.98,4658.27,4562.99,4657.6,,655591287.0,0.02829942906597327
2015-05-25,4660.08,4814.67,4656.83,4813.8,,682461391.0,0.03353658536585358
2015-05-26,4854.85,4911.69,4779.08,4910.9,,704892829.0,0.0201711745398645
2015-05-27,4932.85,4958.16,4857.06,4941.71,,681165379.0,0.006273799099961286
2015-05-28,4943.74,4986.5,4614.24,4620.27,,782964592.0,-0.0650463098805878
2015-05-29,4603.46,4698.19,4431.56,4611.74,,611262409.0,-0.0018462124507876432
2015-06-01,4633.1,4829.5,4615.23,4828.74,,593389035.0,0.04705382350262588
2015-06-02,4844.7,4911.57,4797.55,4910.53,,623748099.0,0.016938166064024873
2015-06-03,4924.38,4942.06,4822.44,4909.98,,611453839.0,-0.00011200420321233473
2015-06-04,4912.94,4947.96,4647.41,4947.1,,674952402.0,0.007560112261149943
2015-06-05,5016.09,5051.63,4898.07,5023.1,,772240812.0,0.015362535626932905
2015-06-08,5045.69,5146.95,4997.48,5131.88,,855035085.0,0.021655949513248673
2015-06-09,5145.98,5147.45,5042.96,5113.53,,729893818.0,-0.003575687662221272
2015-06-10,5049.2,5164.16,5001.49,5106.04,,596969001.0,-0.0014647415777359063
2015-06-11,5101.44,5122.46,5050.77,5121.59,,563990522.0,0.0030454128835653016
2015-06-12,5143.34,5178.19,5103.4,5166.35,,625627854.0,0.008739473483820426
2015-06-15,5174.42,5176.79,5048.74,5062.99,,637803984.0,-0.020006387488265553
2015-06-16,5004.41,5029.68,4842.1,4887.43,,550801407.0,-0.03467516230527801
2015-06-17,4890.55,4983.66,4767.22,4967.9,,537101168.0,0.01646468593923589
2015-06-18,4942.52,4966.77,4780.87,4785.36,,507440899.0,-0.03674389581110726
2015-06-19,4689.93,4744.08,4476.5,4478.36,,452689626.0,-0.06415400304261332
2015-06-23,4471.61,4577.94,4264.77,4576.49,,473526128.0,0.021912039228646263
2015-06-24,4604.58,4691.77,4552.13,4690.15,,543003709.0,0.024835627303894547
2015-06-25,4711.76,4720.7,4483.55,4527.78,,572797533.0,-0.03461936185409842
2015-06-26,4399.93,4456.9,4139.53,4192.87,,565217874.0,-0.07396781645751338
2015-06-29,4289.77,4297.48,3875.05,4053.03,,673786349.0,-0.0333518568426876
2015-06-30,4006.75,4279.97,3847.88,4277.22,,709176633.0,0.055314172359938185
2015-07-01,4214.15,4317.05,4043.37,4053.7,,598769427.0,-0.05225824250330835
2015-07-02,4058.62,4080.39,3795.25,3912.77,,586015612.0,-0.03476576954387345
2015-07-03,3793.71,3927.13,3629.56,3686.92,,548163111.0,-0.057721256296690004
2015-07-06,3975.21,3975.21,3653.04,3775.91,,831139286.0,0.024136677768977766
2015-07-07,3654.78,3750.57,3585.4,3727.13,,698818688.0,-0.012918740118276095
2015-07-08,3467.4,3599.25,3421.52,3507.19,,680356922.0,-0.05901055235529751
2015-07-09,3432.45,3748.48,3373.54,3709.33,,656914612.0,0.05763588513881479
2015-07-10,3707.46,3959.22,3677.44,3877.8,,586364255.0,0.04541790565951276
2015-07-13,3918.99,4030.2,3858.64,3970.39,,643489007.0,0.023876940533291924
2015-07-14,3958.37,4035.44,3855.56,3924.49,,670558799.0,-0.01156057717251957
2015-07-15,3874.97,3914.27,3741.25,3805.7,,601301324.0,-0.03026890118206438
2015-07-16,3758.5,3877.51,3688.44,3823.18,,492256200.0,0.004593110334498274
2015-07-17,3831.42,3994.48,3814.15,3957.35,,481726268.0,0.035093822420079634
2015-07-20,3948.42,4021.33,3927.12,3992.11,,539106714.0,0.008783655729212692
2015-07-21,3939.9,4041.82,3912.8,4017.68,,504288028.0,0.00640513412706567
2015-07-22,3996.43,4042.34,3960.86,4026.04,,520732225.0,0.002080802851396779
2015-07-23,4022.27,4132.61,4019.04,4123.92,,563585966.0,0.02431173063357539
2015-07-24,4124.75,4184.45,4044.83,4070.91,,627424860.0,-0.012854274573706581
2015-07-27,3985.57,4051.16,3720.44,3725.56,,556003247.0,-0.08483361214077445
2015-07-28,3573.14,3762.53,3537.36,3663.0,,563330042.0,-0.016792106421584907
2015-07-29,3689.83,3792.07,3612.06,3789.17,,434352085.0,0.0344444444444445
2015-07-30,3773.79,3844.37,3685.96,3705.77,,457943228.0,-0.022010097198067125
2015-07-31,3655.67,3729.51,3620.17,3663.73,,350955745.0,-0.011344470919673943
2015-08-03,3614.99,3648.94,3549.5,3622.91,,363968731.0,-0.0111416507220784
2015-08-04,3621.86,3757.03,3601.29,3756.54,,362901666.0,0.036884714221440795
2015-08-05,3745.65,3782.35,3676.39,3694.57,,366422979.0,-0.0164965633268912
2015-08-06,3625.5,3710.57,3614.74,3661.54,,274074663.0,-0.00894014729724979
2015-08-07,3692.61,3756.74,3686.3,3744.21,,340757184.0,0.022577931689944597
2015-08-10,3786.03,3943.62,3775.85,3928.42,,497304319.0,0.04919862935038366
2015-08-11,3928.81,3970.34,3891.18,3927.91,,538923460.0,-0.00012982318591192588
2015-08-12,3881.23,3937.77,3871.14,3886.32,,442688278.0,-0.010588328143974701
2015-08-13,3869.91,3955.79,3838.16,3954.56,,430073303.0,0.01755902756335037
2015-08-14,3976.41,4000.68,3939.84,3965.34,,467988217.0,0.002725966984949091
2015-08-17,3947.84,3994.54,3907.4,3993.67,,460432060.0,0.0071444062804197905
2015-08-18,3999.13,4006.34,3743.39,3748.16,,543770822.0,-0.06147478384543548
2015-08-19,3646.8,3811.43,3558.38,3794.11,,475396239.0,0.012259348587040142
2015-08-20,3754.57,3788.01,3663.61,3664.29,,390063057.0,-0.03421619299387735
2015-08-21,3609.96,3652.84,3490.54,3507.74,,369920479.0,-0.04272314691249879
2015-08-24,3373.48,3388.36,3191.88,3209.91,,334671792.0,-0.08490652100782836
2015-08-25,3004.13,3123.03,2947.94,2964.97,,352325110.0,-0.07630743541096174
2015-08-26,2980.79,3092.04,2850.71,2927.29,,466699663.0,-0.01270839165320381
2015-08-27,2978.03,3085.42,2906.49,3083.59,,400308398.0,0.05339409487956437
2015-08-28,3125.26,3235.84,3102.95,3232.35,,443136928.0,0.04824247062676945
2015-08-31,3203.56,3207.86,3109.16,3205.99,,397431382.0,-0.008155057465930371
2015-09-01,3157.83,3180.33,3053.74,3166.62,,432432468.0,-0.012280138116463224
2015-09-02,3027.68,3194.48,3019.09,3160.17,,438170153.0,-0.00203687212232595
2015-09-07,3149.38,3217.58,3066.3,3080.42,,296468114.0,-0.02523598414009376
2015-09-08,3054.44,3174.71,3011.12,3170.45,,255415465.0,0.02922653404405895
2015-09-09,3182.55,3256.74,3165.7,3243.09,,375327978.0,0.02291157406677291
2015-09-10,3190.55,3243.28,3178.9,3197.89,,273261759.0,-0.01393732520528268
2015-09-11,3189.48,3223.76,3163.45,3200.23,,224557822.0,0.0007317324861080277
2015-09-14,3221.17,3229.48,3049.23,3114.8,,346631158.0,-0.026694956300015837
2015-09-15,3043.8,3081.7,2983.92,3005.17,,249194445.0,-0.035196481315012185
2015-09-16,2998.04,3182.93,2983.54,3152.26,,277524524.0,0.04894565032926601
2015-09-17,3131.98,3204.7,3085.31,3086.06,,317602892.0,-0.02100080577109764
2015-09-18,3100.28,3122.05,3070.34,3097.92,,209175398.0,0.003843087950331503
2015-09-21,3072.09,3159.88,3060.86,3156.54,,239897354.0,0.018922373721723007
2015-09-22,3161.32,3213.48,3152.48,3185.62,,274786154.0,0.009212618880166223
2015-09-23,3137.72,3164.04,3104.74,3115.89,,236322670.0,-0.02188898864271316
2015-09-24,3126.49,3151.16,3109.69,3142.69,,212887723.0,0.008601073850488916
2015-09-25,3130.85,3149.95,3063.0,3092.35,,236263871.0,-0.016018124600262862
2015-09-28,3085.57,3103.07,3042.31,3100.76,,156727530.0,0.002719614532637138
2015-09-29,3055.22,3068.3,3021.16,3038.14,,163222673.0,-0.02019504895573998
2015-09-30,3052.84,3073.3,3039.74,3052.78,,146642449.0,0.004818737780352578
2015-10-08,3156.07,3172.28,3133.13,3143.36,,234276050.0,0.029671315980843715
2015-10-09,3146.64,3192.72,3137.79,3183.15,,234851445.0,0.012658429196783061
2015-10-12,3193.54,3318.71,3188.41,3287.66,,386294715.0,0.03283225735513562
2015-10-13,3262.16,3298.63,3253.25,3293.23,,297153133.0,0.0016942141218982965
2015-10-14,3280.02,3307.32,3256.25,3262.44,,295077739.0,-0.00934948363764454
2015-10-15,3255.03,3338.3,3254.39,3338.07,,316283851.0,0.023182035531688072
2015-10-16,3358.3,3393.02,3334.85,3391.35,,395460575.0,0.015961318965749483
2015-10-19,3401.63,3423.4,3355.57,3386.7,,378112183.0,-0.0013711353885621502
2015-10-20,3377.55,3425.52,3357.86,3425.33,,318973758.0,0.011406383795435016
2015-10-21,3428.56,3447.26,3265.44,3320.68,,458455428.0,-0.03055180084838549
2015-10-22,3292.29,3373.78,3282.99,3368.74,,323739341.0,0.014472939277497376
2015-10-23,3377.55,3422.02,3360.22,3412.43,,347372854.0,0.012969240725018816
2015-10-26,3448.65,3457.52,3402.0,3429.58,,365560853.0,0.005025744117828079
2015-10-27,3409.14,3441.57,3332.62,3434.34,,328172768.0,0.001387925052047212
2015-10-28,3417.01,3439.76,3367.23,3375.2,,293523284.0,-0.017220193690781982
2015-10-29,3387.77,3411.71,3362.51,3387.32,,235676026.0,0.0035908983171368813
2015-10-30,3380.28,3417.2,3346.59,3382.56,,243595118.0,-0.0014052407212782336
2015-11-02,3337.58,3391.06,3322.31,3325.08,,230951129.0,-0.01699304668653323
2015-11-03,3330.32,3346.27,3302.18,3316.7,,192897428.0,-0.0025202401145235642
2015-11-04,3325.62,3459.65,3325.62,3459.64,,339078730.0,0.04309705430096189
2015-11-05,3459.22,3585.66,3455.53,3522.82,,553254947.0,0.01826201570105579
2015-11-06,3514.44,3596.38,3508.83,3590.03,,429167033.0,0.0190784655474876
2015-11-09,3588.5,3673.76,3588.5,3646.88,,503016682.0,0.015835522265830626
2015-11-10,3617.4,3669.53,3607.89,3640.49,,429746576.0,-0.001752182687667303
2015-11-11,3635.0,3654.88,3605.62,3650.25,,360972651.0,0.0026809577831556908
2015-11-12,3656.82,3659.31,3603.23,3632.9,,361717600.0,-0.004753099102801195
2015-11-13,3600.76,3632.56,3564.81,3580.84,,345870933.0,-0.014330149467367659
2015-11-16,3522.46,3607.61,3519.42,3606.96,,276187057.0,0.007294377855475265
2015-11-17,3629.98,3678.27,3598.07,3604.8,,383575468.0,-0.00059884223833917
2015-11-18,3605.06,3617.07,3558.7,3568.47,,297580734.0,-0.010078229027962848
2015-11-19,3573.78,3618.21,3561.04,3617.06,,247915576.0,0.013616479891942479
2015-11-20,3620.79,3640.53,3607.92,3630.5,,310801972.0,0.0037157249257684377
2015-11-23,3630.87,3654.75,3598.87,3610.31,,315997474.0,-0.005561217463159407
2015-11-24,3602.89,3616.48,3563.1,3616.11,,248810524.0,0.0016065102442726076
2015-11-25,3614.07,3648.37,3607.52,3647.93,,273024857.0,0.008799511076819977
2015-11-26,3659.57,3668.38,3629.86,3635.55,,306761582.0,-0.003393705471322006
2015-11-27,3616.54,3621.9,3412.43,3436.3,,354287525.0,-0.05480601284537412
2015-11-30,3433.86,3470.37,3327.81,3445.4,,304197903.0,0.0026481971888367983
2015-12-01,3442.44,3483.41,3417.54,3456.31,,252390755.0,0.0031665408951064844
2015-12-02,3450.28,3538.85,3427.66,3536.91,,301491480.0,0.023319667506676245
2015-12-03,3525.73,3591.73,3517.23,3584.82,,281111255.0,0.013545722113370129
2015-12-04,3558.15,3568.97,3510.41,3524.99,,251736411.0,-0.016689819851484988
2015-12-07,3529.81,3543.95,3506.62,3536.93,,208302579.0,0.003387243651755023
2015-12-08,3518.65,3518.65,3466.79,3470.07,,224367310.0,-0.018903399275642885
2015-12-09,3462.58,3495.7,3454.88,3472.44,,195698845.0,0.0006829833403936281
2015-12-10,3469.81,3503.65,3446.27,3455.5,,200427517.0,-0.004878414025872302
2015-12-11,3441.6,3455.55,3410.92,3434.58,,182908878.0,-0.006054116625669237
2015-12-14,3403.51,3521.78,3399.28,3520.67,,215374620.0,0.025065655771593587
2015-12-15,3518.13,3529.96,3496.85,3510.35,,200471341.0,-0.0029312602430787704
2015-12-16,3522.09,3538.69,3506.29,3516.19,,193482310.0,0.0016636517726154043
2015-12-17,3533.63,3583.41,3533.63,3580.0,,283856476.0,0.018147483497763295
2015-12-18,3574.94,3614.7,3568.16,3578.96,,273707904.0,-0.0002905027932961213
2015-12-21,3568.58,3651.06,3565.75,3642.47,,299849280.0,0.017745378545722668
2015-12-22,3645.99,3652.63,3616.87,3651.77,,261178763.0,0.002553212517879322
2015-12-23,3653.28,3684.57,3633.03,3636.09,,298201801.0,-0.004293808208074346
2015-12-24,3631.31,3640.22,3572.28,3612.49,,227785225.0,-0.006490488409252926
2015-12-25,3614.05,3635.26,3601.74,3627.91,,198451111.0,0.004268523926709955
2015-12-28,3635.77,3641.59,3533.78,3533.78,,269983278.0,-0.025946068121866173
2015-12-29,3528.4,3564.17,3515.52,3563.74,,182551923.0,0.008478173513914111
2015-12-30,3566.73,3573.68,3538.11,3572.88,,187889609.0,0.0025647213320838524
2015-12-31,3570.47,3580.6,3538.35,3539.18,,176963659.0,-0.009432166767425754
2016-01-04,3536.59,3538.69,3295.74,3296.26,,184418423.0,-0.0686373679778931
2016-01-05,3196.65,3328.14,3189.6,3287.71,,266882083.0,-0.0025938487862001702
2016-01-06,3291.19,3362.97,3288.93,3361.84,,238886670.0,0.02254760912610898
2016-01-07,3309.66,3309.66,3115.89,3125.0,,70569123.0,-0.07044951574137981
2016-01-08,3194.63,3235.45,3056.88,3186.41,,286440822.0,0.01965119999999998
2016-01-11,3131.85,3166.22,3016.7,3016.7,,271643691.0,-0.05326056596608719
2016-01-12,3026.16,3047.66,2978.46,3022.86,,207659622.0,0.0020419663871118487
2016-01-13,3041.11,3059.01,2949.29,2949.6,,194282106.0,-0.024235326809710078
2016-01-14,2874.05,3012.29,2867.55,3007.65,,212905644.0,0.019680634662327057
2016-01-15,2988.05,3001.71,2883.87,2900.97,,198721697.0,-0.03546955264076612
2016-01-18,2847.54,2945.45,2844.7,2913.84,,164699694.0,0.004436447119411824
2016-01-19,2914.41,3012.07,2906.4,3007.74,,205279703.0,0.03222551684375241
2016-01-20,2993.01,3016.28,2951.92,2976.69,,216505474.0,-0.010323365716451427
2016-01-21,2934.39,2998.79,2880.08,2880.48,,191675668.0,-0.0323211352206646
2016-01-22,2911.11,2931.36,2851.73,2916.56,,159810734.0,0.012525690162750625
2016-01-25,2934.08,2955.78,2911.83,2938.51,,153039057.0,0.007525989521902643
2016-01-26,2907.72,2911.99,2743.84,2749.79,,210836054.0,-0.06422302459409712
2016-01-27,2756.08,2768.77,2638.3,2735.56,,215722046.0,-0.005174940631830105
2016-01-28,2711.16,2740.54,2647.49,2655.66,,171120280.0,-0.029207913553349285
2016-01-29,2652.85,2755.37,2649.79,2737.6,,186673106.0,0.03085485340743932
2016-02-01,2730.98,2735.26,2655.62,2688.85,,156383744.0,-0.017807568673290475
2016-02-02,2687.98,2755.16,2687.98,2749.57,,158078211.0,0.022582144783085845
2016-02-03,2719.57,2746.07,2696.88,2739.25,,148397217.0,-0.0037533141545769144
2016-02-04,2751.43,2793.3,2751.31,2781.02,,170382018.0,0.015248699461531512
2016-02-05,2783.08,2790.06,2762.16,2763.49,,141186284.0,-0.00630344262177196
2016-02-15,2684.96,2760.36,2682.09,2746.2,,129263932.0,-0.006256581351841373
2016-02-16,2758.58,2840.62,2758.58,2836.57,,195961614.0,0.032907290073556306
2016-02-17,2829.76,2868.7,2824.36,2867.34,,216909925.0,0.010847608202864789
2016-02-18,2881.78,2893.21,2857.7,2862.89,,219203873.0,-0.0015519610510090764
2016-02-19,2854.9,2872.72,2840.49,2860.02,,163391413.0,-0.0010024835044307734
2016-02-22,2888.6,2933.96,2880.35,2927.18,,232176042.0,0.02348235327025683
2016-02-23,2925.71,2928.05,2872.28,2903.33,,199740663.0,-0.008147773625127197
2016-02-24,2889.88,2929.87,2872.27,2928.9,,213410384.0,0.00880712836639308
2016-02-25,2922.24,2922.24,2729.85,2741.25,,270284416.0,-0.06406842159172388
2016-02-26,2760.06,2784.75,2715.87,2767.21,,191110472.0,0.009470132238942108
2016-02-29,2754.81,2755.89,2638.96,2687.98,,207410709.0,-0.02863172654045054
2016-03-01,2688.38,2747.56,2668.76,2733.17,,187207443.0,0.016811881040781573
2016-03-02,2733.77,2852.7,2732.54,2849.68,,270961783.0,0.04262815704840883
2016-03-03,2847.33,2878.45,2840.87,2859.76,,287478210.0,0.00353723926897076
2016-03-04,2848.54,2880.37,2808.85,2874.15,,312495169.0,0.005031890788038007
2016-03-07,2886.64,2911.84,2871.35,2897.34,,217466836.0,0.008068472417932293
2016-03-08,2895.67,2902.62,2802.56,2901.39,,233482661.0,0.001397833875209642
2016-03-09,2839.41,2863.01,2811.72,2862.56,,183355383.0,-0.013383240446820266
2016-03-10,2847.57,2863.18,2803.48,2804.73,,138979461.0,-0.020202196635179637
2016-03-11,2781.6,2815.61,2772.55,2810.31,,127247554.0,0.0019894963151532163
2016-03-14,2830.08,2889.82,2823.03,2859.5,,194816030.0,0.017503407097437584
2016-03-15,2853.98,2865.79,2819.79,2864.37,,163386667.0,0.0017030949466689815
2016-03-16,2858.71,2881.53,2854.19,2870.43,,186492535.0,0.002115648467202247
2016-03-17,2875.41,2921.0,2857.19,2904.83,,200290213.0,0.01198426716554657
2016-03-18,2915.52,2971.55,2908.74,2955.15,,313332735.0,0.01732287259495391
2016-03-21,2978.46,3028.32,2973.76,3018.8,,352400438.0,0.02153866977987584
2016-03-22,3001.63,3019.1,2988.43,2999.36,,270377322.0,-0.006439644892010099
2016-03-23,2991.17,3012.56,2980.86,3009.96,,216977462.0,0.0035340872719513694
2016-03-24,2986.8,2998.15,2960.54,2960.97,,237006403.0,-0.01627596380018348
2016-03-25,2956.2,2981.41,2952.11,2979.43,,175074344.0,0.006234443442520554
2016-03-28,2988.01,3008.17,2948.53,2957.82,,202021241.0,-0.007253065183608798
2016-03-29,2956.71,2962.2,2905.25,2919.83,,182965345.0,-0.012843918832112888
2016-03-30,2941.22,3001.11,2941.22,3000.65,,210371451.0,0.02767969368079659
2016-03-31,3009.37,3023.41,2992.92,3003.92,,220413445.0,0.001089763884491779
2016-04-01,2997.09,3009.67,2956.25,3009.53,,206545866.0,0.0018675597219632856
2016-04-05,3000.94,3057.33,2993.15,3053.07,,256730344.0,0.014467375304449526
2016-04-06,3039.74,3059.79,3029.0,3050.59,,232262051.0,-0.0008122971304294069
2016-04-07,3058.34,3062.36,3007.06,3008.42,,220919506.0,-0.013823555443373325
2016-04-08,2988.2,2996.17,2960.46,2984.96,,187904633.0,-0.007798113295351072
2016-04-11,3006.91,3048.98,3006.91,3033.96,,220018324.0,0.01641563036020588
2016-04-12,3031.3,3036.83,3001.32,3023.65,,182718668.0,-0.0033981990533823447
2016-04-13,3041.36,3097.16,3041.36,3066.64,,310003246.0,0.014217915433333728
2016-04-14,3080.09,3086.7,3056.99,3082.36,,208237830.0,0.005126131531578704
2016-04-15,3085.03,3089.95,3066.87,3078.12,,189613051.0,-0.0013755693689251336
2016-04-18,3058.46,3058.46,3022.97,3033.66,,183304512.0,-0.014443881330162611
2016-04-19,3047.13,3054.5,3024.9,3042.82,,156533200.0,0.003019455047698294
2016-04-20,3050.38,3055.69,2905.05,2972.58,,283144219.0,-0.02308384984981049
2016-04-21,2954.37,2990.67,2943.46,2952.89,,189406849.0,-0.006623875555914371
2016-04-22,2933.03,2960.21,2926.78,2959.24,,137211668.0,0.002150435674881157
2016-04-25,2949.97,2954.09,2917.02,2946.67,,125856243.0,-0.004247712250442626
2016-04-26,2944.72,2965.43,2933.97,2964.7,,117711604.0,0.006118771358855746
2016-04-27,2967.19,2976.02,2949.43,2953.67,,130867640.0,-0.0037204438897695535
2016-04-28,2955.74,2959.51,2916.37,2945.59,,138663274.0,-0.0027355798041081014
2016-04-29,2935.38,2950.58,2930.36,2938.32,,109310628.0,-0.002468096374580342
2016-05-03,2940.39,2993.53,2929.81,2992.64,,168703643.0,0.01848675433581093
2016-05-04,2983.03,3004.42,2978.33,2991.27,,165407106.0,-0.00045778977758759165
2016-05-05,2987.02,2999.12,2977.2,2997.84,,144831383.0,0.002196391499262873
2016-05-06,2998.4,3003.59,2913.04,2913.25,,206796498.0,-0.028216982894350595
2016-05-09,2896.16,2896.16,2821.83,2832.11,,180378330.0,-0.027852055264738662
2016-05-10,2822.33,2845.24,2820.16,2832.59,,120829310.0,0.00016948494232216227
2016-05-11,2843.54,2857.25,2818.7,2837.04,,135795466.0,0.0015710003918674165
2016-05-12,2812.11,2839.28,2781.24,2835.86,,136337655.0,-0.00041592645856236565
2016-05-13,2828.46,2850.09,2814.11,2827.11,,114319710.0,-0.00308548376859219
2016-05-16,2816.78,2851.23,2804.99,2850.86,,114653592.0,0.008400805062413585
2016-05-17,2850.93,2860.32,2832.46,2843.68,,123369064.0,-0.0025185382656462973
2016-05-18,2828.18,2828.26,2781.42,2807.51,,140487826.0,-0.012719433972880112
2016-05-19,2802.31,2829.4,2801.55,2806.91,,111595071.0,-0.00021371250681223586
2016-05-20,2792.89,2825.95,2785.08,2825.48,,108700899.0,0.00661581596844929
2016-05-23,2826.31,2848.07,2826.26,2843.65,,120470455.0,0.006430765745997213
2016-05-24,2839.68,2839.7,2807.19,2821.67,,111452445.0,-0.0077295025759147595
2016-05-25,2835.03,2843.17,2807.75,2815.09,,103527265.0,-0.0023319523544567122
2016-05-26,2813.54,2827.09,2780.76,2822.44,,114766797.0,0.0026109289578664097
2016-05-27,2817.97,2832.8,2809.8,2821.05,,109845823.0,-0.0004924816825158107
2016-05-30,2814.65,2830.97,2794.66,2822.45,,106319589.0,0.000496269119653947
2016-05-31,2822.59,2917.14,2822.59,2916.62,,215260341.0,0.033364630020018105
2016-06-01,2917.15,2929.08,2909.51,2913.51,,188386421.0,-0.0010663027751299792
2016-06-02,2911.22,2925.67,2906.52,2925.23,,159716916.0,0.004022639359398061
2016-06-03,2929.79,2945.52,2915.19,2938.68,,172021023.0,0.004597929051732619
2016-06-06,2940.99,2945.94,2922.28,2934.1,,141993742.0,-0.001558522874215651
2016-06-07,2936.28,2938.44,2923.5,2936.04,,132987867.0,0.0006611908251252796
2016-06-08,2932.38,2937.99,2908.37,2927.16,,143046071.0,-0.0030244819552867064
2016-06-13,2897.27,2911.16,2832.51,2833.07,,169255434.0,-0.03214378441902721
2016-06-14,2824.23,2843.46,2822.06,2842.19,,119755274.0,0.0032191227184643623
2016-06-15,2814.69,2894.26,2811.78,2887.21,,166671069.0,0.01583989810674158
2016-06-16,2878.4,2887.74,2865.39,2872.82,,173882767.0,-0.004984050346181879
2016-06-17,2873.01,2900.3,2872.18,2885.11,,171472517.0,0.00427802646876585
2016-06-20,2887.64,2891.66,2864.02,2888.81,,136571051.0,0.0012824467697938324
2016-06-21,2898.38,2919.3,2869.18,2878.56,,164359089.0,-0.003548173815515754
2016-06-22,2872.73,2905.98,2869.51,2905.55,,130590424.0,0.009376215885720685
2016-06-23,2902.4,2904.11,2878.66,2891.96,,136137375.0,-0.004677255597047125
2016-06-24,2883.76,2899.57,2807.6,2854.29,,190842609.0,-0.013025767991258541
2016-06-27,2840.56,2895.73,2840.28,2895.7,,156697472.0,0.014507986224244762
2016-06-28,2885.01,2913.58,2878.82,2912.56,,173871047.0,0.005822426356321575
2016-06-29,2918.53,2934.0,2915.06,2931.59,,193215586.0,0.006533770978108588
2016-06-30,2931.48,2938.14,2922.31,2929.61,,154464930.0,-0.0006754014033339972
2016-07-01,2931.8,2944.99,2925.81,2932.48,,141246227.0,0.0009796525817429291
2016-07-04,2924.29,2992.5,2922.52,2988.6,,222017132.0,0.01913738542121335
2016-07-05,2991.75,3010.27,2990.64,3006.39,,235204450.0,0.0059526199558321835
2016-07-06,2998.52,3017.65,2984.83,3017.29,,212370920.0,0.003625610782366895
2016-07-07,3009.35,3024.11,2994.64,3016.85,,222681667.0,-0.00014582622154324376
2016-07-08,3000.33,3001.55,2983.88,2988.09,,168986859.0,-0.009533122296434993
2016-07-11,2993.75,3022.94,2990.91,2994.92,,224338224.0,0.0022857410586696325
2016-07-12,2992.52,3049.68,2984.42,3049.38,,259486295.0,0.018184125118533956
2016-07-13,3049.51,3069.05,3048.2,3060.69,,253659384.0,0.0037089506719398813
2016-07-14,3054.97,3057.05,3036.52,3054.02,,180194804.0,-0.002179247163221376
2016-07-15,3056.68,3062.68,3044.54,3054.3,,172866398.0,9.168243822910149e-05
2016-07-18,3047.64,3058.32,3031.64,3043.56,,177496562.0,-0.0035163539927316467
2016-07-19,3040.23,3043.6,3014.29,3036.6,,155361466.0,-0.002286795726057611
2016-07-20,3034.71,3043.0,3022.63,3027.9,,138242815.0,-0.0028650464335111536
2016-07-21,3027.6,3053.33,3027.37,3039.01,,163767370.0,0.0036692096832788845
2016-07-22,3038.12,3039.27,3007.46,3012.82,,162010181.0,-0.00861793807851896
2016-07-25,3008.09,3027.12,3003.29,3015.83,,144206582.0,0.0009990639998405104
2016-07-26,3014.04,3050.61,3013.8,3050.17,,156694506.0,0.011386583461269417
2016-07-27,3050.37,3057.42,2939.23,2992.0,,280160915.0,-0.01907106816997084
2016-07-28,2980.5,3003.36,2968.18,2994.32,,190564950.0,0.0007754010695186775
2016-07-29,2992.54,3000.05,2972.92,2979.34,,150101534.0,-0.005002805311389524
2016-08-01,2971.95,2972.88,2931.96,2953.39,,147407763.0,-0.008709982747856948
2016-08-02,2950.08,2971.28,2946.64,2971.28,,115468900.0,0.006057445850361942
2016-08-03,2963.21,2981.16,2956.79,2978.46,,141141332.0,0.0024164669771948866
2016-08-04,2976.41,2982.86,2958.93,2982.43,,133933301.0,0.0013329035810452083
2016-08-05,2978.78,2991.68,2971.56,2976.7,,141857101.0,-0.0019212521333275001
2016-08-08,2972.62,3004.72,2959.05,3004.28,,155729833.0,0.009265293781704598
2016-08-09,3001.31,3025.91,2998.68,3025.68,,169995446.0,0.007123170942788137
2016-08-10,3023.47,3033.2,3017.09,3018.75,,164675165.0,-0.0022903942254303145
2016-08-11,3013.68,3038.05,3001.17,3002.64,,161879481.0,-0.005336645962732978
2016-08-12,3000.27,3051.05,2999.04,3050.67,,168173657.0,0.015995923587243333
2016-08-15,3056.48,3137.48,3053.87,3125.2,,297616506.0,0.02443069883009308
2016-08-16,3130.53,3140.44,3102.07,3110.04,,278328934.0,-0.004850889543069226
2016-08-17,3106.99,3114.25,3090.28,3109.55,,213839637.0,-0.00015755424367525084
2016-08-18,3107.75,3125.58,3093.32,3104.11,,229359081.0,-0.0017494492772266446
2016-08-19,3100.39,3113.34,3082.77,3108.1,,194347453.0,0.0012853925924016796
2016-08-22,3107.38,3112.74,3083.59,3084.81,,185387927.0,-0.007493323895627513
2016-08-23,3081.57,3101.11,3073.53,3089.71,,161368965.0,0.0015884284607479149
2016-08-24,3092.02,3097.15,3079.55,3085.88,,145707440.0,-0.001239598538374076
2016-08-25,3073.44,3073.44,3041.51,3068.33,,174032980.0,-0.0056871945765876175
2016-08-26,3069.85,3087.65,3063.89,3070.31,,149663901.0,0.000645302167628703
2016-08-29,3068.46,3074.94,3058.79,3070.03,,144500007.0,-9.119600300933062e-05
2016-08-30,3071.44,3082.99,3065.97,3074.68,,140434811.0,0.0015146431793824355
2016-08-31,3072.92,3087.7,3063.4,3085.49,,141368609.0,0.003515813027697101
2016-09-01,3083.96,3088.7,3062.88,3063.31,,155191093.0,-0.007188485459359684
2016-09-02,3057.49,3072.53,3050.49,3067.35,,150446920.0,0.0013188348551076423
2016-09-05,3070.71,3085.49,3065.33,3072.1,,144963317.0,0.001548567982134319
2016-09-06,3071.06,3095.51,3053.19,3090.71,,172908524.0,0.006057745516096613
2016-09-07,3091.33,3105.68,3087.88,3091.93,,186956763.0,0.00039473130769307474
2016-09-08,3089.95,3096.78,3083.9,3095.95,,145883771.0,0.001300158800490392
2016-09-09,3095.43,3101.79,3078.22,3078.85,,160692924.0,-0.00552334501526186
2016-09-12,3037.51,3040.95,2999.93,3021.98,,206012086.0,-0.01847118242200818
2016-09-13,3025.03,3029.72,3008.74,3023.51,,135387580.0,0.0005062905777006854
2016-09-14,3008.9,3017.94,2995.42,3002.85,,133413401.0,-0.0068331178001727055
2016-09-19,3005.32,3026.65,3005.32,3026.05,,119225027.0,0.007725993639376094
2016-09-20,3027.17,3027.82,3015.88,3023.0,,118924117.0,-0.001007914608152638
2016-09-21,3021.58,3032.45,3017.54,3025.87,,115721213.0,0.0009493880251405518
2016-09-22,3038.42,3054.44,3035.07,3042.31,,139309554.0,0.005433148152432121
2016-09-23,3044.79,3046.8,3032.8,3033.9,,125590976.0,-0.0027643468285611927
2016-09-26,3028.24,3028.24,2980.12,2980.43,,144330286.0,-0.01762418009822353
2016-09-27,2974.59,2998.23,2969.13,2998.17,,121701450.0,0.005952161265320832
2016-09-28,3000.7,3000.7,2984.32,2987.86,,104625697.0,-0.0034387643128974688
2016-09-29,2992.17,3009.2,2991.91,2998.48,,113213919.0,0.0035543834048448186
2016-09-30,2994.25,3009.2,2993.06,3004.7,,101333562.0,0.0020743843547397223
2016-10-10,3020.46,3048.24,3014.62,3048.14,,160051104.0,0.014457350151429349
2016-10-11,3051.62,3066.1,3048.02,3065.25,,167273496.0,0.005613259233499868
2016-10-12,3057.32,3060.51,3048.89,3058.5,,142493577.0,-0.002202104232933655
2016-10-13,3057.97,3065.0,3052.64,3061.35,,154756725.0,0.0009318293281019852
2016-10-14,3056.99,3064.79,3043.18,3063.81,,155373705.0,0.0008035670537507311
2016-10-17,3064.69,3068.81,3033.75,3041.17,,163733265.0,-0.007389492168248024
2016-10-18,3037.4,3084.19,3037.4,3083.88,,182042460.0,0.014043937037390153
2016-10-19,3085.75,3096.22,3076.77,3084.72,,182470143.0,0.0002723841394605131
2016-10-20,3084.91,3089.68,3076.29,3084.46,,160691364.0,-8.428641821611738e-05
2016-10-21,3081.39,3101.85,3069.27,3090.94,,187388072.0,0.002100853958229232
2016-10-24,3092.05,3137.03,3090.79,3128.25,,240522349.0,0.012070761645324612
2016-10-25,3127.97,3132.5,3121.05,3131.94,,203380898.0,0.0011795732438264483
2016-10-26,3129.84,3129.84,3110.39,3116.31,,191663263.0,-0.004990517059713873
2016-10-27,3112.6,3114.76,3100.39,3112.35,,158008789.0,-0.0012707336561510463
2016-10-28,3111.7,3128.64,3101.24,3104.27,,181774123.0,-0.0025961090494320826
2016-10-31,3097.19,3102.3,3081.07,3100.49,,151506764.0,-0.0012176775860347488
2016-11-01,3101.66,3122.61,3097.04,3122.44,,160232032.0,0.007079526139416759
2016-11-02,3115.73,3118.98,3099.82,3102.73,,182722067.0,-0.006312371094400526
2016-11-03,3096.76,3140.93,3094.1,3128.94,,222986260.0,0.008447399548139778
2016-11-04,3126.35,3141.33,3119.54,3125.32,,197683197.0,-0.0011569413283731844
2016-11-07,3124.89,3139.2,3117.1,3133.33,,179418490.0,0.0025629375551943223
2016-11-08,3140.94,3156.88,3134.95,3147.89,,190846979.0,0.004646813454056931
2016-11-09,3146.08,3146.95,3096.95,3128.37,,241114958.0,-0.006200979068518908
2016-11-10,3148.54,3172.31,3148.54,3171.28,,244192602.0,0.013716408225369792
2016-11-11,3169.4,3202.74,3166.07,3196.04,,310854579.0,0.007807572967382104
2016-11-14,3187.71,3221.46,3186.8,3210.37,,329608313.0,0.0044836735460132005
2016-11-15,3209.95,3214.29,3195.04,3206.99,,240886350.0,-0.001052838146381907
2016-11-16,3208.5,3210.89,3195.41,3205.06,,221766993.0,-0.0006018104203630026
2016-11-17,3198.5,3211.05,3187.21,3208.45,,214206240.0,0.001057702507909264
2016-11-18,3207.19,3212.39,3187.5,3192.86,,209826639.0,-0.004859044086708453
2016-11-21,3188.5,3229.76,3188.28,3218.15,,230652844.0,0.007920798281164876
2016-11-22,3220.98,3249.68,3220.98,3248.35,,261631547.0,0.009384273573326274
2016-11-23,3247.94,3262.88,3231.59,3241.14,,249959592.0,-0.0022195884064217797
2016-11-24,3237.43,3257.86,3232.87,3241.74,,232324527.0,0.00018512005035264956
2016-11-25,3241.24,3262.44,3209.6,3261.94,,233921601.0,0.006231221504500839
2016-11-28,3270.05,3288.34,3267.67,3277.0,,281551253.0,0.004616884430737489
2016-11-29,3269.23,3301.21,3263.4,3282.92,,320836287.0,0.0018065303631369378
2016-11-30,3272.14,3277.27,3239.52,3250.03,,243576053.0,-0.010018520097961559
2016-12-01,3257.03,3279.67,3256.26,3273.31,,237759864.0,0.00716301080297721
2016-12-02,3270.12,3279.71,3235.28,3243.84,,259567205.0,-0.009003119166837159
2016-12-05,3203.78,3219.52,3194.88,3204.71,,223010394.0,-0.012062863766400311
2016-12-06,3202.03,3215.31,3196.52,3199.65,,157572693.0,-0.001578926018266813
2016-12-07,3198.47,3222.43,3189.49,3222.24,,169072847.0,0.007060147203600264
2016-12-08,3225.55,3228.12,3211.47,3215.37,,170710173.0,-0.0021320572024430273
2016-12-09,3209.34,3244.8,3207.04,3232.88,,204023956.0,0.0054457185331704405
2016-12-12,3233.67,3245.09,3149.9,3152.97,,274708461.0,-0.024717898591967602
2016-12-13,3138.99,3162.5,3118.71,3155.04,,185164495.0,0.0006565238489424363
2016-12-14,3149.38,3170.02,3136.35,3140.53,,201358887.0,-0.004598990821035431
2016-12-15,3125.76,3138.78,3100.91,3117.68,,189990626.0,-0.007275841975717623
2016-12-16,3111.51,3128.87,3106.35,3122.98,,164988699.0,0.0016999820379257624
2016-12-19,3120.7,3125.28,3110.08,3118.08,,154169716.0,-0.001569014210785924
2016-12-20,3115.9,3117.01,3084.8,3102.88,,157426759.0,-0.0048747947454843565
2016-12-21,3107.24,3140.25,3107.24,3137.43,,186706607.0,0.011134816686433124
2016-12-22,3132.16,3143.17,3126.89,3139.56,,167804990.0,0.0006788996089155397
2016-12-23,3134.93,3138.4,3103.75,3110.15,,166176769.0,-0.009367554689192037
2016-12-26,3095.58,3122.88,3068.42,3122.57,,152571881.0,0.003993376525248005
2016-12-27,3117.39,3127.88,3113.75,3114.66,,141528939.0,-0.002533169792831025
2016-12-28,3113.77,3118.78,3094.55,3102.24,,135727087.0,-0.003987594151528606
2016-12-29,3095.84,3111.8,3087.34,3096.1,,132623292.0,-0.0019792150188250313
2016-12-30,3097.35,3108.84,3089.99,3103.64,,133267130.0,0.002435321856529171
2017-01-03,3105.31,3136.46,3105.31,3135.92,,141567187.0,0.01040069080176842
2017-01-04,3133.79,3160.1,3130.11,3158.79,,167860850.0,0.00729291563560297
2017-01-05,3157.91,3168.5,3154.28,3165.41,,174727645.0,0.0020957391912725942
2017-01-06,3163.78,3172.03,3153.03,3154.32,,183708966.0,-0.003503495597726558
2017-01-09,3148.53,3173.14,3147.74,3171.24,,171714075.0,0.005364072129650621
2017-01-10,3167.57,3174.58,3157.33,3161.67,,179759216.0,-0.0030177470011729657
2017-01-11,3156.69,3167.03,3136.27,3136.75,,178362221.0,-0.007881910509319412
2017-01-12,3133.6,3144.97,3115.98,3119.29,,148889240.0,-0.005566270821710351
2017-01-13,3116.08,3130.51,3102.16,3112.76,,156274214.0,-0.002093425106354241
2017-01-16,3104.49,3105.14,3044.29,3103.43,,257885996.0,-0.0029973399812386337
2017-01-17,3087.03,3108.91,3072.34,3108.77,,136157861.0,0.001720676799541243
2017-01-18,3104.77,3123.72,3098.59,3113.01,,131780128.0,0.0013638834651648057
2017-01-19,3104.97,3115.78,3094.01,3101.3,,123851420.0,-0.0037616326320827342
2017-01-20,3095.82,3125.66,3095.21,3123.14,,122366777.0,0.007042208106277981
2017-01-23,3125.42,3145.84,3125.42,3136.77,,132660392.0,0.004364197570393857
2017-01-24,3134.59,3149.53,3131.22,3142.55,,125973881.0,0.001842659806106317
2017-01-25,3137.65,3151.47,3133.19,3149.55,,112073827.0,0.002227490413835964
2017-01-26,3149.22,3163.1,3148.91,3159.17,,113876772.0,0.0030544045974820744
2017-02-03,3160.08,3162.68,3136.01,3140.17,,92224736.0,-0.006014237916921239
2017-02-06,3143.09,3158.84,3135.39,3156.98,,127198283.0,0.005353213361060094
2017-02-07,3154.4,3159.54,3140.04,3153.09,,128337442.0,-0.0012321902577779875
2017-02-08,3148.09,3167.45,3132.03,3166.98,,144920187.0,0.004405202515627593
2017-02-09,3164.69,3186.84,3162.57,3183.18,,191640327.0,0.005115283329859999
2017-02-10,3183.01,3205.05,3182.8,3196.7,,239348913.0,0.004247325002042057
2017-02-13,3198.99,3219.41,3198.99,3216.84,,220191508.0,0.006300247129852776
2017-02-14,3216.14,3219.4,3205.29,3217.93,,188798088.0,0.0003388418447916042
2017-02-15,3215.46,3236.0,3206.56,3212.99,,241507706.0,-0.0015351483717793712
2017-02-16,3210.36,3230.28,3207.79,3229.62,,216955942.0,0.005175864226157012
2017-02-17,3227.71,3238.4,3199.42,3202.08,,226228177.0,-0.008527319003474032
2017-02-20,3198.96,3241.46,3198.96,3239.96,,232152096.0,0.01182981062309496
2017-02-21,3242.22,3254.34,3239.88,3253.33,,211673066.0,0.004126594155483332
2017-02-22,3252.69,3261.38,3243.84,3261.22,,207453776.0,0.002425207402876328
2017-02-23,3258.83,3264.08,3236.36,3251.38,,209179800.0,-0.0030172757434333564
2017-02-24,3246.86,3253.96,3233.53,3253.43,,186406362.0,0.0006305015101280009
2017-02-27,3249.19,3251.65,3224.09,3228.66,,182581071.0,-0.0076135032872998165
2017-02-28,3225.97,3242.68,3225.97,3241.73,,151244318.0,0.004048119033902564
2017-03-01,3240.07,3259.98,3237.87,3246.93,,190677550.0,0.0016040817711528987
2017-03-02,3250.52,3256.81,3228.66,3230.03,,181215076.0,-0.005204916644337754
2017-03-03,3219.2,3221.16,3206.61,3218.31,,157082368.0,-0.003628449271369072
2017-03-06,3217.33,3234.66,3215.07,3233.87,,156092158.0,0.004834835674624172
2017-03-07,3233.09,3242.66,3226.82,3242.41,,164064235.0,0.0026407987952514755
2017-03-08,3240.53,3245.3,3230.61,3240.66,,160731388.0,-0.0005397219969096589
2017-03-09,3233.7,3233.88,3205.28,3216.75,,167371108.0,-0.007378126677898944
2017-03-10,3213.73,3222.32,3208.45,3212.76,,136672743.0,-0.0012403823735135378
2017-03-13,3209.45,3237.12,3193.16,3237.02,,163673760.0,0.007551139829928166
2017-03-14,3235.25,3246.33,3231.52,3239.33,,146946022.0,0.0007136193165317994
2017-03-15,3235.4,3243.71,3227.74,3241.76,,144055682.0,0.0007501551246709148
2017-03-16,3247.16,3269.77,3247.16,3268.94,,189416002.0,0.008384334435615148
2017-03-17,3271.87,3274.19,3232.28,3237.45,,200583223.0,-0.009633092072659721
2017-03-20,3241.11,3251.13,3228.12,3250.81,,170548430.0,0.004126704659531466
2017-03-21,3250.25,3262.22,3246.7,3261.61,,162719306.0,0.0033222489164239644
2017-03-22,3246.22,3255.78,3229.13,3245.22,,189731649.0,-0.005025125628140836
2017-03-23,3245.81,3262.09,3221.93,3248.55,,193029144.0,0.0010261245770704086
2017-03-24,3247.35,3275.21,3241.12,3269.45,,219777914.0,0.006433639623832033
2017-03-27,3268.92,3283.24,3262.12,3266.96,,201852675.0,-0.0007615959870925781
2017-03-28,3265.63,3265.63,3246.09,3252.95,,161710013.0,-0.004288390430247202
2017-03-29,3252.87,3262.1,3233.28,3241.31,,216105575.0,-0.003578290474799739
2017-03-30,3235.14,3240.02,3195.85,3210.24,,247135479.0,-0.009585630501248055
2017-03-31,3206.25,3226.25,3205.54,3222.51,,196442922.0,0.003822144138756034
2017-04-05,3235.66,3270.65,3233.24,3270.31,,248320202.0,0.014833158004164293
2017-04-06,3272.19,3286.67,3265.76,3281.0,,245287999.0,0.003268803263299258
2017-04-07,3280.62,3295.19,3275.05,3286.62,,236108942.0,0.0017128924108502641
2017-04-10,3285.46,3285.46,3265.01,3269.39,,232694616.0,-0.005242467945792306
2017-04-11,3266.22,3290.39,3244.4,3288.97,,281281248.0,0.005988884776670922
2017-04-12,3283.84,3284.93,3262.28,3273.83,,269381790.0,-0.004603264851914091
2017-04-13,3265.22,3281.14,3261.49,3275.96,,207346875.0,0.0006506141125226517
2017-04-14,3276.14,3276.71,3238.9,3246.07,,214508558.0,-0.009124043028608364
2017-04-17,3229.95,3229.95,3199.91,3222.17,,212737189.0,-0.007362749416987335
2017-04-18,3215.4,3225.05,3196.49,3196.71,,188661353.0,-0.007901507369257321
2017-04-19,3184.67,3189.44,3147.07,3170.69,,213238075.0,-0.008139618545316862
2017-04-20,3165.67,3178.18,3148.18,3172.1,,190873985.0,0.0004446981571835096
2017-04-21,3170.29,3180.79,3158.63,3173.15,,164761740.0,0.00033101100217525214
2017-04-24,3164.25,3164.25,3111.21,3129.53,,186277434.0,-0.013746592502718036
2017-04-25,3123.89,3145.27,3117.45,3134.57,,153418307.0,0.0016104654692556952
2017-04-26,3132.92,3152.95,3131.42,3140.85,,169878107.0,0.0020034645900393055
2017-04-27,3131.35,3155.0,3097.33,3152.19,,211793073.0,0.003610487606858115
2017-04-28,3144.02,3154.73,3136.58,3154.66,,162889899.0,0.000783582207925182
2017-05-02,3147.23,3154.78,3136.54,3143.71,,154222962.0,-0.0034710555178687486
2017-05-03,3138.31,3148.29,3123.75,3135.35,,163763924.0,-0.002659278368551843
2017-05-04,3127.11,3143.82,3111.39,3127.37,,177967485.0,-0.0025451703956496097
2017-05-05,3114.77,3117.61,3092.09,3103.04,,176213641.0,-0.007779699875614332
2017-05-08,3090.07,3093.45,3067.69,3078.61,,180526904.0,-0.007872924615860533
2017-05-09,3064.85,3084.21,3056.56,3080.53,,135066674.0,0.0006236580794578561
2017-05-10,3078.17,3090.82,3051.59,3052.78,,160794452.0,-0.009008190149097706
2017-05-11,3036.79,3063.56,3016.53,3061.5,,191341901.0,0.0028564128433754554
2017-05-12,3054.11,3090.49,3051.87,3083.51,,159684099.0,0.007189286297566655
2017-05-15,3085.93,3098.91,3085.93,3090.23,,135660728.0,0.0021793345894776106
2017-05-16,3082.87,3113.51,3060.53,3112.96,,173775564.0,0.007355439562751087
2017-05-17,3107.8,3119.58,3101.3,3104.44,,168674158.0,-0.0027369449013158187
2017-05-18,3082.33,3103.44,3077.96,3090.14,,148620035.0,-0.0046063058071665886
2017-05-19,3086.71,3095.48,3081.28,3090.63,,129635230.0,0.00015856886742993126
2017-05-22,3087.17,3103.94,3063.15,3075.68,,153683730.0,-0.00483720147672162
2017-05-23,3069.39,3084.24,3050.84,3061.95,,178310599.0,-0.0044640534776049234
2017-05-24,3047.57,3064.81,3022.3,3064.08,,139813353.0,0.0006956351344731271
2017-05-25,3055.34,3114.66,3052.83,3107.83,,191391841.0,0.01427834782381665
2017-05-26,3101.29,3120.66,3100.39,3110.06,,155923486.0,0.000717542465321408
2017-05-31,3125.33,3143.28,3111.56,3117.18,,152950430.0,0.0022893449000982447
2017-06-01,3108.42,3113.52,3097.68,3102.62,,163015719.0,-0.004670888431210218
2017-06-02,3094.23,3110.39,3081.85,3105.54,,142504925.0,0.0009411400687160398
2017-06-05,3102.11,3105.51,3084.83,3091.66,,132570300.0,-0.0044694320472445925
2017-06-06,3084.54,3102.86,3078.79,3102.13,,113439963.0,0.0033865302135422937
2017-06-07,3101.76,3140.77,3098.95,3140.33,,173229014.0,0.012314119653270339
2017-06-08,3136.47,3153.26,3132.83,3150.33,,152277659.0,0.003184378711791336
2017-06-09,3147.45,3165.92,3146.11,3158.4,,160136334.0,0.002561636399996292
2017-06-12,3149.53,3164.95,3135.31,3139.88,,146729425.0,-0.005863728470111407
2017-06-13,3134.01,3155.99,3131.04,3153.74,,128318279.0,0.004414181433685327
2017-06-14,3146.75,3149.17,3125.35,3130.67,,138347042.0,-0.007315124265158124
2017-06-15,3125.59,3137.59,3117.08,3132.49,,146954245.0,0.0005813452072558345
2017-06-16,3126.37,3134.25,3117.86,3123.17,,129652758.0,-0.0029752688755589896
2017-06-19,3122.16,3146.77,3121.78,3144.37,,134891758.0,0.006787975038182292
2017-06-20,3148.02,3150.46,3134.61,3140.01,,141191802.0,-0.0013866052659196049
2017-06-21,3148.99,3157.03,3132.62,3156.21,,136688268.0,0.0051592192381553215
2017-06-22,3152.24,3186.98,3146.64,3147.45,,191344006.0,-0.0027754807189636077
2017-06-23,3138.44,3158.05,3118.09,3157.87,,154843648.0,0.003310616530842525
2017-06-26,3157.0,3187.89,3156.98,3185.44,,173579211.0,0.00873056838945252
2017-06-27,3183.42,3193.46,3172.46,3191.2,,148201198.0,0.0018082274348283356
2017-06-28,3183.63,3193.44,3170.79,3173.2,,146516720.0,-0.005640511406367565
2017-06-29,3174.98,3188.77,3174.28,3188.06,,128755470.0,0.004682969872683795
2017-06-30,3176.95,3193.24,3171.57,3192.43,,121464543.0,0.0013707395720281568
2017-07-03,3192.0,3196.29,3177.02,3195.91,,140305717.0,0.0010900787174659143
2017-07-04,3192.89,3193.06,3174.31,3182.8,,141114967.0,-0.0041021180195937035
2017-07-05,3179.22,3207.31,3174.71,3207.13,,148296483.0,0.007644212642955894
2017-07-06,3203.86,3215.95,3188.77,3212.44,,175809287.0,0.0016556859247987
2017-07-07,3203.82,3219.52,3195.29,3217.96,,176715416.0,0.0017183200308799051
2017-07-10,3208.46,3223.34,3203.21,3212.63,,198928010.0,-0.0016563288543052224
2017-07-11,3201.52,3226.91,3199.22,3203.04,,187837262.0,-0.0029850932102358785
2017-07-12,3201.93,3215.2,3177.93,3197.54,,186900880.0,-0.0017171187371997076
2017-07-13,3192.36,3219.27,3190.34,3218.16,,195303611.0,0.006448707443847512
2017-07-14,3212.03,3222.98,3204.85,3222.42,,160126773.0,0.0013237377880528367
2017-07-17,3219.79,3230.35,3139.5,3176.46,,266205274.0,-0.014262572848976918
2017-07-18,3159.73,3187.67,3150.13,3187.57,,190623060.0,0.003497604251273545
2017-07-19,3181.4,3232.94,3179.73,3230.98,,272420726.0,0.013618524455933478
2017-07-20,3227.51,3246.24,3225.43,3244.86,,232108392.0,0.004295910219190402
2017-07-21,3236.59,3247.71,3231.96,3237.98,,206003251.0,-0.002120276375560115
2017-07-24,3230.9,3261.1,3230.07,3250.6,,233056399.0,0.003897491646026152
2017-07-25,3249.14,3261.65,3233.14,3243.69,,205573873.0,-0.0021257613978957757
2017-07-26,3244.46,3264.85,3228.04,3247.67,,213542005.0,0.0012269976477405908
2017-07-27,3243.76,3251.93,3220.64,3249.78,,228485945.0,0.0006496965516817887
2017-07-28,3240.17,3256.37,3232.96,3253.24,,182226880.0,0.0010646874557660446
2017-07-31,3252.75,3276.95,3251.19,3273.03,,246039440.0,0.0060831663203453346
2017-08-01,3274.37,3292.64,3273.5,3292.64,,237194594.0,0.00599139024084705
2017-08-02,3288.52,3305.43,3282.04,3285.06,,266730628.0,-0.002302104086690293
2017-08-03,3279.99,3293.37,3262.16,3272.93,,233277004.0,-0.0036924744144704036
2017-08-04,3269.32,3287.19,3261.31,3262.08,,275906340.0,-0.003315072427457988
2017-08-07,3257.67,3280.1,3243.72,3279.46,,231173379.0,0.00532788895428693
2017-08-08,3277.19,3285.48,3269.66,3281.87,,252043537.0,0.0007348770834221252
2017-08-09,3277.81,3277.94,3263.85,3275.57,,235597907.0,-0.0019196372799652472
2017-08-10,3269.73,3282.52,3236.18,3261.75,,240684622.0,-0.00421911300933886
2017-08-11,3237.92,3245.12,3200.75,3208.54,,262962995.0,-0.016313328734575028
2017-08-14,3206.04,3240.05,3206.04,3237.36,,190346796.0,0.008982278544135358
2017-08-15,3235.23,3263.59,3235.1,3251.26,,182297997.0,0.004293621963575189
2017-08-16,3247.85,3248.78,3228.87,3246.45,,176852051.0,-0.001479426437750453
2017-08-17,3253.85,3269.14,3251.46,3268.43,,203622551.0,0.006770472362118696
2017-08-18,3253.24,3275.08,3248.08,3268.72,,191122483.0,8.872761539935325e-05
2017-08-21,3274.58,3287.52,3270.48,3286.91,,186122483.0,0.00556486942901202
2017-08-22,3287.61,3293.48,3274.94,3290.23,,186537991.0,0.0010100672059776272
2017-08-23,3283.8,3299.46,3274.44,3287.7,,179832208.0,-0.0007689432045784317
2017-08-24,3287.96,3297.99,3266.36,3271.51,,163468937.0,-0.004924415244699776
2017-08-25,3271.46,3331.91,3271.46,3331.52,,205839482.0,0.018343211544516125
2017-08-28,3336.13,3375.03,3336.13,3362.65,,257461438.0,0.009344083181250573
2017-08-29,3362.06,3374.59,3354.46,3365.23,,219504535.0,0.0007672520184973664
2017-08-30,3361.82,3376.65,3357.08,3363.63,,246863312.0,-0.000475450414978984
2017-08-31,3361.46,3367.36,3340.69,3360.81,,234419781.0,-0.0008383799645026446
2017-09-01,3365.99,3381.93,3358.47,3367.12,,282497584.0,0.0018775235731862683
2017-09-04,3369.72,3381.4,3359.13,3379.58,,267427849.0,0.003700491814963458
2017-09-05,3377.2,3390.82,3371.57,3384.32,,216552946.0,0.0014025411441658253
2017-09-06,3372.43,3391.01,3364.76,3385.39,,229090785.0,0.00031616395612710235
2017-09-07,3383.63,3387.8,3363.18,3365.5,,221118685.0,-0.005875246278862933
2017-09-08,3364.43,3380.89,3353.69,3365.24,,198405184.0,-7.725449413165109e-05
2017-09-11,3365.35,3384.81,3360.05,3376.42,,219011019.0,0.0033221999025330184
2017-09-12,3381.49,3391.07,3370.85,3379.49,,272910319.0,0.0009092470723428558
2017-09-13,3374.72,3387.14,3366.54,3384.15,,194550715.0,0.0013789062846760736
2017-09-14,3383.47,3391.64,3361.33,3371.43,,221306487.0,-0.0037586986392448285
2017-09-15,3365.15,3365.53,3345.33,3353.62,,219765816.0,-0.005282624880243669
2017-09-18,3352.51,3371.75,3352.51,3362.86,,190319676.0,0.002755231660116708
2017-09-19,3365.53,3370.4,3344.71,3356.84,,191129691.0,-0.0017901429140672054
2017-09-20,3352.18,3370.1,3346.54,3366.0,,192196661.0,0.0027287568069969126
2017-09-21,3364.7,3377.88,3356.88,3357.81,,197448695.0,-0.0024331550802139112
2017-09-22,3347.16,3356.45,3334.98,3352.53,,179234007.0,-0.001572453474139368
2017-09-25,3344.59,3350.96,3334.94,3341.55,,169621293.0,-0.003275138477508044
2017-09-26,3336.35,3347.16,3332.6,3343.58,,132628595.0,0.0006075025063219108
2017-09-27,3340.82,3349.69,3340.3,3345.27,,143086945.0,0.0005054462582023689
2017-09-28,3343.84,3344.6,3336.18,3339.64,,149444300.0,-0.0016829732727104973
2017-09-29,3340.31,3357.02,3340.31,3348.94,,144862443.0,0.002784731288402398
2017-10-09,3403.25,3410.17,3366.97,3374.38,,191736057.0,0.0075964334983607
2017-10-10,3373.34,3384.03,3358.8,3382.99,,179423841.0,0.0025515798457789174
2017-10-11,3381.49,3395.78,3379.16,3388.28,,181476704.0,0.001563705479472377
2017-10-12,3385.53,3390.2,3372.53,3386.1,,161809380.0,-0.0006433942885476496
2017-10-13,3384.49,3395.75,3383.24,3390.52,,139954764.0,0.001305336522843481
2017-10-16,3393.21,3400.51,3374.77,3378.47,,174330620.0,-0.0035540271108857047
2017-10-17,3373.23,3382.41,3365.56,3372.04,,125381725.0,-0.0019032283844461206
2017-10-18,3373.53,3383.23,3371.92,3381.79,,157228791.0,0.0028914247755067457
2017-10-19,3374.64,3378.74,3359.63,3370.17,,158476495.0,-0.003436050139127511
2017-10-20,3363.51,3379.77,3360.1,3378.65,,127172851.0,0.002516193545132772
2017-10-23,3382.28,3385.29,3374.71,3380.7,,130846289.0,0.0006067512172021061
2017-10-24,3376.6,3388.69,3374.12,3388.25,,139897511.0,0.0022332653000858294
2017-10-25,3384.86,3398.3,3382.03,3396.9,,123131222.0,0.002552940308418794
2017-10-26,3397.52,3414.24,3391.45,3407.57,,183768625.0,0.0031410992375400237
2017-10-27,3404.5,3421.1,3402.11,3416.81,,170257173.0,0.002711609739491694
2017-10-30,3413.87,3419.73,3357.28,3390.34,,208349286.0,-0.007746992077405479
2017-10-31,3381.0,3397.1,3376.12,3393.34,,153498206.0,0.0008848670044891982
2017-11-01,3393.97,3410.35,3388.6,3395.91,,180566127.0,0.0007573658990844834
2017-11-02,3391.65,3391.65,3372.21,3383.31,,166864267.0,-0.0037103456805391843
2017-11-03,3377.74,3380.57,3347.36,3371.74,,172714790.0,-0.0034197280178287492
2017-11-06,3369.69,3389.38,3356.53,3388.17,,154636468.0,0.004872854965092266
2017-11-07,3389.47,3415.15,3387.95,3413.57,,190571746.0,0.0074966722448992495
2017-11-08,3409.15,3434.49,3404.88,3415.46,,185436470.0,0.0005536725480947968
2017-11-09,3410.67,3428.77,3408.62,3427.79,,158650426.0,0.0036100554537310536
2017-11-10,3423.18,3438.79,3414.33,3432.67,,189276503.0,0.0014236578086754825
2017-11-13,3435.18,3449.16,3435.09,3447.84,,205389054.0,0.004419300427946693
2017-11-14,3446.55,3450.49,3419.69,3429.55,,196472674.0,-0.005304770522994051
2017-11-15,3416.21,3423.75,3396.38,3402.52,,168792076.0,-0.007881500488402304
2017-11-16,3393.19,3409.65,3390.59,3399.25,,156684332.0,-0.00096105239645905
2017-11-17,3392.68,3403.29,3373.3,3382.91,,249458153.0,-0.004806942707950346
2017-11-20,3361.36,3393.11,3337.12,3392.4,,176524683.0,0.0028052771134912113
2017-11-21,3382.36,3419.8,3377.6,3410.5,,196871803.0,0.005335455724560845
2017-11-22,3417.33,3442.18,3404.29,3430.46,,213567093.0,0.005852514294091726
2017-11-23,3425.01,3429.42,3342.33,3351.92,,215265393.0,-0.02289488873212342
2017-11-24,3340.38,3360.75,3328.33,3353.82,,159569663.0,0.0005668393040407782
2017-11-27,3346.66,3347.05,3315.26,3322.23,,166439170.0,-0.00941911014902419
2017-11-28,3311.23,3333.8,3300.78,3333.66,,138247799.0,0.0034404601728357243
2017-11-29,3335.57,3343.06,3305.57,3337.86,,183805932.0,0.0012598765320999128
2017-11-30,3328.64,3340.92,3306.28,3317.19,,156595851.0,-0.00619259046215237
2017-12-01,3315.11,3324.52,3302.44,3317.62,,139198300.0,0.0001296277873741314
2017-12-04,3310.38,3324.0,3304.1,3309.62,,148053288.0,-0.0024113671849096407
2017-12-05,3301.69,3315.74,3300.51,3303.68,,208278862.0,-0.001794767979405476
2017-12-06,3291.31,3296.2,3254.61,3293.96,,151604452.0,-0.0029421735761332446
2017-12-07,3283.28,3291.28,3259.16,3272.05,,132105900.0,-0.006651568325055535
2017-12-08,3264.48,3297.13,3258.76,3289.99,,133209314.0,0.005482801301935902
2017-12-11,3290.49,3322.67,3288.29,3322.2,,131965984.0,0.009790303313991888
2017-12-12,3320.31,3320.31,3280.33,3280.81,,124604827.0,-0.012458611763289329
2017-12-13,3278.4,3304.01,3273.32,3303.04,,111998647.0,0.0067757657407774285
2017-12-14,3302.93,3309.53,3282.57,3292.44,,120544235.0,-0.003209164890525029
2017-12-15,3287.53,3287.53,3259.39,3266.14,,130940618.0,-0.007987996744056147
2017-12-18,3268.03,3280.54,3254.18,3267.92,,120700389.0,0.0005449858242452255
2017-12-19,3266.02,3296.94,3266.02,3296.54,,115140134.0,0.008757864329604015
2017-12-20,3296.74,3300.21,3276.12,3287.61,,137745118.0,-0.0027089008475552623
2017-12-21,3281.12,3309.22,3267.4,3300.06,,142127927.0,0.0037869455318604306
2017-12-22,3297.69,3307.33,3293.44,3297.06,,124047326.0,-0.0009090743804658352
2017-12-25,3296.21,3312.3,3270.44,3280.46,,146893635.0,-0.005034788569210136
2017-12-26,3277.84,3307.3,3274.33,3306.12,,142434501.0,0.007822073733561696
2017-12-27,3302.46,3307.08,3270.35,3275.78,,162674890.0,-0.00917692037796558
2017-12-28,3272.29,3304.1,3263.73,3296.38,,175371670.0,0.0062885785980744124
2017-12-29,3295.25,3308.22,3292.77,3307.17,,141586836.0,0.0032732876670771294
2018-01-02,3314.03,3349.05,3314.03,3348.33,,202278860.0,0.012445686190912353
2018-01-03,3347.74,3379.92,3345.29,3369.11,,213836149.0,0.006206078851248353
2018-01-04,3371.0,3392.83,3365.3,3385.71,,206955288.0,0.0049271172505498395
2018-01-05,3386.46,3402.07,3380.25,3391.75,,213060681.0,0.0017839685029137353
2018-01-08,3391.55,3412.73,3384.56,3409.48,,236165106.0,0.00522738999041783
2018-01-09,3406.11,3417.23,3403.59,3413.9,,191488551.0,0.0012963853725493912
2018-01-10,3414.11,3430.21,3398.84,3421.83,,209094997.0,0.002322856557016806
2018-01-11,3415.59,3426.48,3405.64,3425.35,,173812133.0,0.0010286893270559094
2018-01-12,3423.88,3435.42,3417.98,3428.94,,174063404.0,0.0010480680806341791
2018-01-15,3428.95,3442.5,3402.31,3410.49,,232009283.0,-0.005380671577805418
2018-01-16,3403.47,3437.58,3401.96,3436.59,,211475468.0,0.0076528592665570105
2018-01-17,3438.58,3465.2,3430.51,3444.67,,261045030.0,0.002351167872804094
2018-01-18,3449.88,3476.55,3448.79,3474.75,,220039555.0,0.008732331398943805
2018-01-19,3481.62,3498.43,3474.29,3487.86,,247536733.0,0.0037729333045544156
2018-01-22,3476.99,3503.39,3475.67,3501.36,,217487534.0,0.0038705681994117835
2018-01-23,3504.34,3547.22,3504.34,3546.5,,238705904.0,0.012892133342472523
2018-01-24,3553.48,3569.49,3527.11,3559.47,,252954496.0,0.0036571267446778855
2018-01-25,3555.17,3571.48,3528.03,3548.31,,243413422.0,-0.0031352982326020573
2018-01-26,3535.49,3574.9,3534.2,3558.13,,222698295.0,0.002767514676000671
2018-01-29,3563.64,3587.03,3510.27,3523.0,,236026965.0,-0.009873163712399546
2018-01-30,3511.5,3523.05,3484.66,3488.01,,186369975.0,-0.009931876241839332
2018-01-31,3470.51,3495.45,3454.73,3480.83,,207253403.0,-0.0020584803369256832
2018-02-01,3478.67,3495.09,3424.42,3446.98,,260504707.0,-0.00972469209929816
2018-02-02,3419.22,3463.16,3388.86,3462.08,,208120551.0,0.004380646246859632
2018-02-05,3411.67,3487.72,3406.24,3487.5,,217673754.0,0.007342406876790886
2018-02-06,3418.01,3440.12,3364.22,3370.65,,280555477.0,-0.03350537634408601
2018-02-07,3412.74,3425.54,3304.01,3309.26,,260939714.0,-0.018213104297390648
2018-02-08,3281.05,3307.16,3225.71,3262.05,,201262499.0,-0.014266029263339863
2018-02-09,3172.85,3180.11,3062.74,3129.85,,256389176.0,-0.04052666268144278
2018-02-12,3128.37,3168.13,3113.61,3154.13,,153310831.0,0.007757560266466568
2018-02-13,3176.11,3219.22,3176.11,3184.96,,151527597.0,0.009774486149904948
2018-02-14,3188.25,3203.5,3171.38,3199.16,,100322827.0,0.004458454737265027
2018-02-22,3237.57,3269.92,3234.12,3268.56,,138730445.0,0.021693194463546783
2018-02-23,3275.43,3294.13,3258.49,3289.02,,145790368.0,0.006259637271458951
2018-02-26,3307.29,3335.99,3281.62,3329.57,,188568602.0,0.012328900401943566
2018-02-27,3328.67,3328.67,3284.63,3292.07,,174219368.0,-0.011262715605919071
2018-02-28,3264.06,3277.83,3239.84,3259.41,,151043536.0,-0.009920809703317435
2018-03-01,3235.09,3280.15,3228.58,3273.75,,159098320.0,0.004399569247194979
2018-03-02,3248.45,3269.94,3242.27,3254.53,,150861063.0,-0.00587094310805647
2018-03-05,3255.87,3269.4,3236.72,3256.93,,144835988.0,0.0007374336693777295
2018-03-06,3266.49,3290.25,3243.65,3289.64,,195358046.0,0.01004320019159155
2018-03-07,3288.86,3308.41,3264.76,3271.67,,168665019.0,-0.005462603810751254
2018-03-08,3268.35,3289.5,3261.55,3288.41,,149827519.0,0.005116652963165436
2018-03-09,3291.43,3309.72,3283.56,3307.17,,168424509.0,0.00570488473152686
2018-03-12,3319.21,3333.56,3313.56,3326.7,,206532436.0,0.005905351100790046
2018-03-13,3324.12,3333.88,3307.38,3310.24,,177114353.0,-0.004947846213965823
2018-03-14,3298.67,3304.98,3287.36,3291.38,,157491085.0,-0.005697472086615973
2018-03-15,3277.51,3297.1,3273.2,3291.11,,148573606.0,-8.203246054849789e-05
2018-03-16,3290.21,3300.57,3269.28,3269.88,,141203647.0,-0.006450711158241473
2018-03-19,3264.93,3280.57,3251.05,3279.25,,137954980.0,0.002865548582822619
2018-03-20,3257.22,3292.57,3252.43,3290.64,,139881081.0,0.003473355187924021
2018-03-21,3299.73,3314.21,3268.88,3280.95,,168398277.0,-0.0029447159215229
2018-03-22,3281.26,3288.8,3242.76,3263.48,,150432977.0,-0.0053246773038295725
2018-03-23,3172.77,3188.24,3110.66,3152.76,,275532013.0,-0.03392697366001929
2018-03-26,3117.32,3134.28,3091.46,3133.72,,186366350.0,-0.006039152996105135
2018-03-27,3164.8,3172.78,3143.57,3166.65,,189073383.0,0.01050827770190077
2018-03-28,3130.57,3165.21,3117.53,3122.29,,163500488.0,-0.014008494781551528
2018-03-29,3127.26,3174.51,3098.25,3160.53,,170312384.0,0.012247420963459543
2018-03-30,3161.79,3177.72,3152.89,3168.9,,154646596.0,0.002648290001993292
2018-04-02,3169.78,3192.34,3159.99,3163.18,,177727777.0,-0.0018050427593171436
2018-04-03,3130.01,3144.33,3119.13,3136.63,,152216674.0,-0.008393452158903303
2018-04-04,3147.05,3163.34,3128.87,3131.11,,146976682.0,-0.001759850540229424
2018-04-09,3125.44,3146.09,3110.3,3138.29,,139608621.0,0.002293116498621739
2018-04-10,3144.26,3190.65,3139.08,3190.32,,168201359.0,0.01657909243568967
2018-04-11,3197.37,3220.85,3191.59,3208.08,,175867197.0,0.005566839690062331
2018-04-12,3203.28,3205.25,3177.05,3180.16,,148231313.0,-0.008703024862222963
2018-04-13,3192.04,3197.9,3155.51,3159.05,,127552310.0,-0.006638030790903526
2018-04-16,3152.89,3153.11,3096.1,3110.65,,154415695.0,-0.015321061711590533
2018-04-17,3112.97,3118.76,3064.03,3066.8,,147222846.0,-0.014096732194235906
2018-04-18,3091.91,3096.89,3041.63,3091.4,,159290503.0,0.008021390374331583
2018-04-19,3094.27,3127.44,3090.29,3117.38,,160056805.0,0.008403959371158676
2018-04-20,3105.46,3111.17,3065.92,3071.54,,155147091.0,-0.014704655832782687
2018-04-23,3063.44,3085.06,3045.94,3068.01,,131686340.0,-0.0011492606314746912
2018-04-24,3069.75,3136.04,3069.75,3128.93,,162274806.0,0.01985651937249222
2018-04-25,3112.4,3122.91,3107.0,3117.97,,127311053.0,-0.0035027948851524826
2018-04-26,3119.5,3121.93,3067.93,3075.03,,133972736.0,-0.013771780998534155
2018-04-27,3082.41,3088.03,3049.91,3082.23,,131225643.0,0.0023414405713113595
2018-05-02,3087.41,3097.6,3064.76,3081.18,,134184566.0,-0.00034066244245245514
2018-05-03,3074.52,3105.66,3056.16,3100.86,,139985620.0,0.006387163359492298
2018-05-04,3093.12,3104.09,3086.78,3091.03,,118711265.0,-0.003170088298085072
2018-05-07,3094.9,3136.84,3091.66,3136.64,,138948186.0,0.014755599266263797
2018-05-08,3135.3,3169.7,3134.06,3161.5,,146927061.0,0.007925678432972871
2018-05-09,3160.14,3165.37,3145.66,3159.15,,122637268.0,-0.0007433180452316446
2018-05-10,3169.05,3176.14,3155.53,3174.41,,133000756.0,0.004830413244068632
2018-05-11,3179.8,3180.76,3162.21,3163.26,,130659749.0,-0.0035124637334180697
2018-05-14,3167.04,3183.82,3163.48,3174.03,,129327353.0,0.003404715388554802
2018-05-15,3180.42,3192.81,3164.52,3192.12,,124549051.0,0.005699379022882534
2018-05-16,3180.23,3191.95,3166.81,3169.57,,130524968.0,-0.007064270766763081
2018-05-17,3170.01,3172.77,3148.62,3154.28,,113995567.0,-0.004823998207958757
2018-05-18,3151.08,3193.45,3144.78,3193.3,,136516918.0,0.012370493424807005
2018-05-21,3206.18,3219.74,3203.34,3213.84,,164459413.0,0.006432217455297096
2018-05-22,3211.25,3214.59,3192.23,3214.35,,144292684.0,0.0001586886714957103
2018-05-23,3205.44,3205.44,3168.96,3168.96,,157807648.0,-0.01412105091231508
2018-05-24,3167.94,3173.53,3152.07,3154.65,,124085800.0,-0.00451567706755529
2018-05-25,3148.41,3156.73,3131.07,3141.3,,128610843.0,-0.004231848224050205
2018-05-28,3136.81,3149.66,3115.96,3135.08,,128755918.0,-0.0019800719447363724
2018-05-29,3129.62,3143.21,3112.15,3120.46,,135717800.0,-0.004663357872845331
2018-05-30,3081.14,3085.4,3041.0,3041.44,,155115126.0,-0.02532318952974877
2018-05-31,3061.83,3098.08,3054.27,3095.47,,140475532.0,0.017764611499815786
2018-06-01,3084.75,3102.09,3059.79,3075.14,,129872199.0,-0.006567661776725298
2018-06-04,3083.43,3098.4,3076.99,3091.19,,114593902.0,0.00521927456961313
2018-06-05,3088.01,3114.77,3080.05,3114.21,,118735592.0,0.0074469702606438926
2018-06-06,3109.17,3117.53,3103.53,3115.18,,120196135.0,0.00031147546247667357
2018-06-07,3121.18,3128.72,3105.58,3109.5,,127784970.0,-0.0018233296310324887
2018-06-08,3100.6,3100.68,3053.29,3067.15,,134688220.0,-0.013619552982794603
2018-06-11,3057.34,3063.61,3037.91,3052.78,,108563786.0,-0.004685131147808219
2018-06-12,3053.03,3081.45,3034.1,3079.8,,113275096.0,0.008850948971101724
2018-06-13,3071.46,3071.46,3044.12,3049.8,,119607886.0,-0.009740892265731493
2018-06-14,3038.07,3066.05,3032.41,3044.16,,115469487.0,-0.0018493015935472368
2018-06-15,3037.45,3048.8,3008.73,3021.9,,144532571.0,-0.0073123620309050175
2018-06-19,2982.65,2984.97,2871.35,2907.82,,230550067.0,-0.03775108375525327
2018-06-20,2889.98,2925.56,2872.16,2915.73,,144301420.0,0.0027202509096160288
2018-06-21,2912.0,2940.59,2872.62,2875.81,,154378332.0,-0.013691253991281793
2018-06-22,2855.59,2891.97,2837.14,2889.76,,126143129.0,0.004850807250826872
2018-06-25,2903.45,2908.62,2857.87,2859.34,,121917687.0,-0.010526825757156355
2018-06-26,2829.99,2850.24,2803.79,2844.51,,125918468.0,-0.005186511572600638
2018-06-27,2842.4,2854.26,2798.8,2813.18,,129420833.0,-0.011014199282126103
2018-06-28,2799.9,2825.99,2782.45,2786.9,,118357907.0,-0.00934174137452981
2018-06-29,2789.81,2848.37,2782.38,2847.42,,125671685.0,0.02171588503354971
2018-07-02,2841.58,2845.68,2756.81,2775.56,,137035034.0,-0.025236881106405096
2018-07-03,2774.57,2786.89,2722.45,2786.89,,142498466.0,0.004082059115998238
2018-07-04,2776.63,2793.18,2754.16,2759.13,,123262181.0,-0.00996092418430572
2018-07-05,2755.34,2777.52,2727.94,2733.88,,129226112.0,-0.009151435416236309
2018-07-06,2731.35,2768.87,2691.02,2747.23,,136294380.0,0.004883169707521784
2018-07-09,2752.45,2815.79,2752.45,2815.11,,121549309.0,0.02470852458658368
2018-07-10,2819.71,2828.49,2800.63,2827.63,,117062748.0,0.004447428342054138
2018-07-11,2780.7,2794.36,2752.44,2777.77,,126821149.0,-0.017633141535490893
2018-07-12,2771.04,2844.19,2771.04,2837.66,,146980200.0,0.021560460369288936
2018-07-13,2831.43,2835.46,2818.85,2831.18,,117689348.0,-0.002283571675253615
2018-07-16,2827.08,2837.51,2804.49,2814.04,,107767151.0,-0.006054012814444842
2018-07-17,2806.89,2806.92,2774.76,2798.13,,105409220.0,-0.0056537931230543625
2018-07-18,2801.78,2818.4,2786.04,2787.26,,120961165.0,-0.003884737306701247
2018-07-19,2791.02,2805.01,2764.49,2772.55,,114486493.0,-0.005277584437763272
2018-07-20,2769.75,2837.86,2753.84,2829.27,,145907688.0,0.020457701394023475
2018-07-23,2815.2,2863.57,2809.62,2859.54,,173382797.0,0.010698872854128405
2018-07-24,2862.27,2911.46,2862.27,2905.56,,229578307.0,0.016093497555550895
2018-07-25,2911.45,2912.31,2894.04,2903.65,,167800207.0,-0.0006573603711503839
2018-07-26,2905.79,2915.3,2875.7,2882.23,,168428202.0,-0.007376922149708198
2018-07-27,2879.69,2889.69,2864.11,2873.59,,146371610.0,-0.0029976788805889942
2018-07-30,2871.94,2896.01,2850.3,2869.05,,151652249.0,-0.0015799052752828446
2018-07-31,2866.9,2884.68,2854.32,2876.4,,118931117.0,0.00256182360014634
2018-08-01,2882.51,2897.4,2823.93,2824.53,,149514348.0,-0.018032957863996613
2018-08-02,2815.34,2815.34,2726.48,2768.02,,174179003.0,-0.020006868399344402
2018-08-03,2763.4,2777.66,2740.43,2740.44,,127006363.0,-0.009963800839589254
2018-08-06,2736.53,2760.47,2692.32,2705.16,,129753058.0,-0.012873845075973223
2018-08-07,2711.74,2779.37,2696.04,2779.37,,149579743.0,0.027432758136302526
2018-08-08,2771.13,2779.91,2741.07,2744.07,,147688715.0,-0.012700719947326133
2018-08-09,2729.58,2801.66,2726.22,2794.38,,151660333.0,0.01833408039882367
2018-08-10,2791.4,2806.12,2777.51,2795.31,,121532232.0,0.00033281085607539396
2018-08-13,2769.02,2789.8,2742.56,2785.87,,127532241.0,-0.003377085189120388
2018-08-14,2780.74,2789.44,2766.57,2780.96,,109571077.0,-0.0017624655852569449
2018-08-15,2777.25,2777.7,2721.24,2723.26,,116161787.0,-0.020748230826764802
2018-08-16,2691.43,2732.95,2672.74,2705.19,,120277878.0,-0.006635429595411413
2018-08-17,2723.89,2730.33,2665.59,2668.97,,112445294.0,-0.0133890780314877
2018-08-20,2673.07,2698.47,2653.11,2698.47,,110784164.0,0.011052953011835953
2018-08-21,2700.34,2739.17,2696.29,2733.83,,113586839.0,0.01310372173861496
2018-08-22,2731.96,2731.96,2709.06,2714.61,,93664640.0,-0.0070304298365296836
2018-08-23,2714.87,2736.01,2700.8,2724.62,,98446470.0,0.003687454183105343
2018-08-24,2717.08,2748.82,2705.32,2729.43,,100516269.0,0.0017653837966395969
2018-08-27,2736.32,2780.9,2736.32,2780.9,,132762578.0,0.018857417116394437
2018-08-28,2782.29,2791.39,2769.4,2777.98,,118749367.0,-0.0010500197777698617
2018-08-29,2774.86,2778.54,2762.35,2769.29,,100156929.0,-0.0031281722690588154
2018-08-30,2769.33,2780.53,2736.35,2737.74,,106060943.0,-0.0113928118759683
2018-08-31,2730.11,2744.63,2710.54,2725.25,,109758742.0,-0.004562157107687259
2018-09-03,2716.4,2722.85,2692.36,2720.73,,102213011.0,-0.0016585634345472888
2018-09-04,2720.65,2756.61,2712.38,2750.58,,109010307.0,0.010971320197152856
2018-09-05,2741.38,2745.47,2704.34,2704.34,,105002269.0,-0.016810999861847198
2018-09-06,2697.58,2719.41,2683.74,2691.59,,99017833.0,-0.004714643868744317
2018-09-07,2696.68,2728.55,2683.72,2702.3,,107523293.0,0.003979060703896309
2018-09-10,2698.01,2703.43,2667.32,2669.48,,103559170.0,-0.012145209636235887
2018-09-11,2668.49,2680.57,2652.7,2664.8,,99865946.0,-0.0017531504263001985
2018-09-12,2659.74,2672.07,2647.17,2656.11,,90026758.0,-0.00326103272290601
2018-09-13,2679.21,2689.06,2653.19,2686.58,,107335014.0,0.011471663447673475
2018-09-14,2688.78,2694.92,2675.29,2681.64,,100005008.0,-0.001838768992548201
2018-09-17,2671.29,2671.29,2647.92,2651.79,,88238888.0,-0.011131248042242747
2018-09-18,2644.3,2700.19,2644.3,2699.95,,115767993.0,0.018161317449722603
2018-09-19,2694.8,2746.08,2690.99,2730.85,,141550318.0,0.011444656382525675
2018-09-20,2732.17,2743.96,2724.08,2729.24,,111387463.0,-0.0005895600270978685
2018-09-21,2733.87,2797.49,2722.03,2797.48,,158016642.0,0.025003297621315923
2018-09-25,2775.07,2790.03,2771.16,2781.14,,111983179.0,-0.005840971159758124
2018-09-26,2785.32,2827.34,2783.34,2806.81,,139567706.0,0.009230027974140187
2018-09-27,2805.79,2810.51,2786.32,2791.77,,123997696.0,-0.00535839618641798
2018-09-28,2794.26,2821.76,2791.84,2821.35,,134290456.0,0.010595428706519527
2018-10-08,2768.21,2771.94,2710.18,2716.51,,149501388.0,-0.03715951583461807
2018-10-09,2713.73,2734.31,2711.2,2721.01,,116771899.0,0.0016565372481602836
2018-10-10,2723.72,2743.55,2703.06,2725.84,,113485736.0,0.0017750761665704662
2018-10-11,2643.07,2661.29,2560.32,2583.46,,197150702.0,-0.05223343996712948
2018-10-12,2574.04,2615.92,2536.67,2606.91,,170081635.0,0.00907697429029275
2018-10-15,2605.91,2611.97,2564.74,2568.1,,118576197.0,-0.014887357062575934
2018-10-16,2567.76,2597.72,2536.44,2546.33,,119419144.0,-0.008477084225692155
2018-10-17,2574.31,2582.55,2517.57,2561.61,,129953997.0,0.006000793298590601
2018-10-18,2544.91,2544.91,2485.62,2486.42,,125428513.0,-0.029352633695215125
2018-10-19,2460.08,2553.39,2449.2,2550.47,,147323558.0,0.025759927928507453
2018-10-22,2565.64,2675.41,2565.64,2654.88,,211888449.0,0.040937552686367784
2018-10-23,2652.65,2659.81,2583.26,2594.83,,178343543.0,-0.0226187247634545
2018-10-24,2579.97,2640.4,2577.77,2603.3,,160060407.0,0.0032641830100623714
2018-10-25,2540.93,2606.1,2531.53,2603.8,,162032979.0,0.00019206391887216512
2018-10-26,2610.9,2626.12,2580.85,2598.85,,158936119.0,-0.0019010676703280494
2018-10-29,2593.59,2595.54,2529.19,2542.1,,134241923.0,-0.021836581564922963
2018-10-30,2538.57,2586.92,2521.78,2568.05,,166682309.0,0.010208095668935213
2018-10-31,2573.01,2612.92,2567.03,2602.78,,180550348.0,0.013523879986760301
2018-11-01,2617.03,2636.8,2603.65,2606.24,,200903932.0,0.0013293478511435808
2018-11-02,2649.25,2676.48,2628.87,2676.48,,225026921.0,0.026950702928356662
2018-11-05,2665.43,2673.19,2639.27,2665.43,,193760100.0,-0.0041285569105691255
2018-11-06,2660.72,2660.86,2635.32,2659.36,,163669479.0,-0.0022773061007040907
2018-11-07,2659.84,2675.68,2639.25,2641.34,,173201986.0,-0.006776066421996241
2018-11-08,2660.09,2662.37,2632.3,2635.63,,159635487.0,-0.002161781519986028
2018-11-09,2621.24,2621.24,2598.16,2598.87,,152446307.0,-0.013947329480997084
2018-11-12,2593.2,2631.17,2590.21,2630.52,,175031308.0,0.012178369829964675
2018-11-13,2600.5,2666.49,2597.35,2654.88,,249282447.0,0.009260526435837857
2018-11-14,2648.31,2658.31,2627.96,2632.24,,238449351.0,-0.008527692400409959
2018-11-15,2632.14,2668.17,2631.89,2668.17,,207848721.0,0.013649971127252858
2018-11-16,2669.78,2695.57,2657.03,2679.11,,242198849.0,0.004100188518722625
2018-11-19,2681.9,2703.51,2674.18,2703.51,,231662827.0,0.00910750211824074
2018-11-20,2684.29,2690.83,2643.36,2645.85,,215891309.0,-0.021327829377365104
2018-11-21,2619.82,2653.8,2617.78,2651.51,,182596447.0,0.002139199123155189
2018-11-22,2655.9,2658.0,2634.48,2645.43,,149309063.0,-0.0022930330264643306
2018-11-23,2640.67,2642.04,2577.35,2579.48,,191474549.0,-0.024929784571884328
2018-11-26,2580.84,2595.0,2568.04,2575.81,,134314540.0,-0.0014227673794718898
2018-11-27,2585.83,2592.54,2566.17,2574.68,,123658436.0,-0.00043869695357967586
2018-11-28,2575.45,2601.96,2561.56,2601.74,,145963473.0,0.010510043966628801
2018-11-29,2613.78,2617.55,2567.44,2567.44,,157168738.0,-0.013183484898567799
2018-11-30,2564.56,2590.21,2555.32,2588.19,,139329021.0,0.008081980494188734
2018-12-03,2647.13,2665.3,2629.18,2654.8,,207478955.0,0.02573613220049542
2018-12-04,2651.56,2666.08,2644.9,2665.96,,167940558.0,0.004203706493897785
2018-12-05,2629.83,2660.39,2625.91,2649.81,,154502056.0,-0.00605785533166292
2018-12-06,2629.82,2633.68,2603.13,2605.18,,141661650.0,-0.01684271702499429
2018-12-07,2609.34,2614.58,2599.28,2605.89,,109074993.0,0.00027253395158877147
2018-12-10,2589.19,2599.76,2576.24,2584.58,,113199669.0,-0.008177628372648127
2018-12-11,2587.01,2596.15,2583.2,2594.09,,101304364.0,0.003679514660022143
2018-12-12,2608.11,2610.01,2595.08,2602.15,,103518301.0,0.00310706259227711
2018-12-13,2607.14,2645.84,2599.46,2634.05,,150738115.0,0.012259093441961522
2018-12-14,2627.28,2629.16,2593.74,2593.74,,145942488.0,-0.0153034300791558
2018-12-17,2587.26,2598.97,2573.87,2597.97,,117363250.0,0.0016308496611070478
2018-12-18,2583.63,2599.15,2563.57,2576.65,,117033370.0,-0.00820640731032296
2018-12-19,2578.68,2579.87,2547.08,2549.56,,107661797.0,-0.010513651446645844
2018-12-20,2544.51,2554.86,2516.02,2536.27,,120566496.0,-0.005212664145970325
2018-12-21,2526.55,2527.42,2498.69,2516.25,,115671200.0,-0.00789348137225132
2018-12-24,2506.74,2529.44,2500.44,2527.01,,97339852.0,0.004276204669647399
2018-12-25,2503.95,2513.96,2462.84,2504.82,,140670560.0,-0.008781128685679929
2018-12-26,2501.12,2513.83,2492.08,2498.29,,108799629.0,-0.0026069737546011718
2018-12-27,2527.72,2532.0,2483.09,2483.09,,135406843.0,-0.00608416156651137
2018-12-28,2483.62,2505.11,2478.33,2493.9,,119245250.0,0.00435344671357063
2019-01-02,2497.88,2500.28,2456.42,2465.29,,109932013.0,-0.011471991659649627
2019-01-03,2461.78,2488.48,2455.93,2464.36,,124397497.0,-0.00037723756637142447
2019-01-04,2446.02,2515.32,2440.91,2514.87,,168877667.0,0.02049619373792777
2019-01-07,2528.7,2536.98,2515.51,2533.09,,177305010.0,0.00724490729143068
2019-01-08,2530.3,2531.35,2520.16,2526.46,,158099181.0,-0.0026173566671535697
2019-01-09,2536.42,2574.41,2536.16,2544.35,,191887930.0,0.007081054123160513
2019-01-10,2543.85,2551.83,2531.66,2535.1,,159874326.0,-0.0036355061214062845
2019-01-11,2539.55,2554.79,2533.36,2553.83,,149444100.0,0.007388268707348766
2019-01-14,2553.33,2556.29,2533.01,2535.77,,144825464.0,-0.007071731477819587
2019-01-15,2537.37,2571.5,2532.43,2570.35,,160265530.0,0.013636883471292771
2019-01-16,2569.07,2574.24,2563.01,2570.42,,149301539.0,2.7233645223390113e-05
2019-01-17,2573.58,2582.56,2557.71,2559.64,,162468134.0,-0.004193867150115604
2019-01-18,2567.74,2598.88,2565.9,2596.01,,190767237.0,0.014209029394758765
2019-01-21,2599.06,2618.98,2599.06,2610.51,,163425115.0,0.005585494662963653
2019-01-22,2609.64,2609.64,2573.06,2579.7,,152537773.0,-0.011802291506257556
2019-01-23,2575.26,2589.51,2572.41,2581.0,,131426798.0,0.0005039345660349248
2019-01-24,2584.65,2597.29,2569.7,2591.69,,154042046.0,0.0041418055017434785
2019-01-25,2596.26,2617.0,2595.63,2601.72,,159394026.0,0.0038700616200240123
2019-01-28,2615.71,2630.32,2591.1,2596.98,,146981765.0,-0.0018218716848853456
2019-01-29,2592.36,2601.74,2559.98,2594.25,,155581112.0,-0.0010512210336621752
2019-01-30,2584.75,2598.81,2575.41,2575.58,,120502571.0,-0.007196684976390144
2019-01-31,2581.33,2606.63,2571.58,2584.57,,154303869.0,0.0034904759316349843
2019-02-01,2597.78,2618.48,2590.55,2618.23,,131986850.0,0.013023442971171084
2019-02-11,2613.17,2654.1,2613.17,2653.9,,154898858.0,0.013623707619269565
2019-02-12,2654.03,2674.48,2648.83,2671.89,,184101179.0,0.006778703040807743
2019-02-13,2674.52,2727.08,2666.52,2721.07,,243794010.0,0.018406446373166574
2019-02-14,2715.54,2729.46,2707.49,2719.7,,197037349.0,-0.0005034784110663493
2019-02-15,2712.79,2715.63,2679.78,2682.39,,196004265.0,-0.013718424826267617
2019-02-18,2699.82,2754.36,2699.82,2754.36,,260436007.0,0.026830550367396233
2019-02-19,2759.5,2780.78,2737.59,2755.65,,288046271.0,0.0004683483640481878
2019-02-20,2761.06,2767.41,2739.98,2761.22,,245972527.0,0.002021301689256516
2019-02-21,2759.94,2794.01,2744.98,2751.8,,298649969.0,-0.003411535480693173
2019-02-22,2749.46,2804.23,2736.33,2804.23,,301481411.0,0.01905298350170792
2019-02-25,2838.39,2961.8,2838.39,2961.28,,528658590.0,0.05600467864618808
2019-02-26,2969.1,2995.68,2938.62,2941.52,,565557967.0,-0.006672790144802376
2019-02-27,2939.93,2997.49,2924.64,2953.82,,474976453.0,0.004181511599445242
2019-02-28,2950.05,2965.3,2930.2,2940.95,,350206602.0,-0.004357069828222593
2019-03-01,2954.4,2994.0,2930.83,2994.0,,345786200.0,0.01803838895594967
2019-03-04,3015.94,3090.8,3006.94,3027.58,,525649436.0,0.01121576486305953
2019-03-05,3019.88,3054.96,3009.45,3054.25,,424142529.0,0.008809015781581442
2019-03-06,3060.43,3103.83,3050.11,3102.1,,555006365.0,0.01566669395105169
2019-03-07,3103.67,3129.94,3074.98,3106.42,,583817065.0,0.001392605009509662
2019-03-08,3038.34,3075.05,2969.58,2969.86,,577855473.0,-0.043960571976744967
2019-03-11,2969.08,3028.25,2963.58,3026.99,,426213029.0,0.019236597011306866
2019-03-12,3049.08,3093.39,3029.9,3060.31,,511173158.0,0.011007634646959641
2019-03-13,3062.33,3065.29,3013.93,3026.95,,453214625.0,-0.01090085644918326
2019-03-14,3013.6,3041.16,2968.82,2990.69,,373141798.0,-0.011979054824162838
2019-03-15,3000.88,3048.12,2999.43,3021.75,,341206139.0,0.010385563197790493
2019-03-18,3027.8,3096.42,3009.51,3096.42,,397797179.0,0.024710846363862116
2019-03-19,3099.9,3113.43,3076.36,3090.98,,350908860.0,-0.0017568676083994372
2019-03-20,3084.17,3102.52,3053.45,3090.64,,358557505.0,-0.00010999747652851166
2019-03-21,3094.12,3125.02,3086.85,3101.46,,414251182.0,0.003500893018921758
2019-03-22,3100.73,3107.28,3064.88,3104.15,,364848346.0,0.0008673334494078144
2019-03-25,3058.8,3087.0,3041.95,3043.03,,380278762.0,-0.01968977014641682
2019-03-26,3057.56,3062.69,2988.49,2997.1,,353498021.0,-0.015093508772506481
2019-03-27,3012.26,3022.76,2987.77,3022.72,,291390357.0,0.008548263321210392
2019-03-28,3009.8,3025.78,2991.78,2994.94,,288106425.0,-0.009190398052085436
2019-03-29,3000.68,3093.03,2999.99,3090.76,,375082991.0,0.03199396315118164
2019-04-01,3111.66,3176.62,3111.66,3170.36,,466124693.0,0.025754183437083356
2019-04-02,3183.27,3193.27,3164.91,3176.82,,447068981.0,0.0020376234875534305
2019-04-03,3159.15,3219.26,3152.33,3216.3,,430548635.0,0.012427521861484214
2019-04-04,3233.69,3254.14,3216.85,3246.57,,469117669.0,0.009411435500419785
2019-04-08,3271.27,3288.45,3210.52,3244.81,,504518403.0,-0.0005421105967221562
2019-04-09,3240.39,3251.65,3215.7,3239.66,,364169997.0,-0.001587149940982746
2019-04-10,3224.65,3264.78,3204.88,3241.93,,380134408.0,0.0007006908132334289
2019-04-11,3241.55,3254.13,3185.55,3189.96,,353031879.0,-0.016030574380076046
2019-04-12,3184.86,3199.28,3168.04,3188.63,,289788996.0,-0.00041693312768809054
2019-04-15,3233.46,3253.98,3177.27,3177.79,,348809785.0,-0.0033995791295948763
2019-04-16,3164.4,3253.6,3153.21,3253.6,,357918752.0,0.02385620195167082
2019-04-17,3250.15,3275.33,3239.8,3263.12,,357541796.0,0.002925989672977636
2019-04-18,3261.07,3271.39,3241.83,3250.2,,325539942.0,-0.003959400818848269
2019-04-19,3250.15,3274.33,3226.81,3270.8,,315198004.0,0.006338071503292131
2019-04-22,3278.49,3279.49,3206.88,3215.04,,353217387.0,-0.017047817047817104
2019-04-23,3211.87,3231.58,3186.76,3198.59,,328361207.0,-0.005116577087687757
2019-04-24,3203.56,3210.65,3156.61,3201.61,,274872164.0,0.0009441660231539473
2019-04-25,3190.59,3193.75,3123.03,3123.83,,325879129.0,-0.02429402706763162
2019-04-26,3108.16,3129.21,3085.8,3086.4,,280873854.0,-0.011982086093033195
2019-04-29,3090.63,3107.76,3050.03,3062.5,,292114886.0,-0.007743649559357246
2019-04-30,3052.62,3088.41,3052.62,3078.34,,222302517.0,0.0051722448979591995
2019-05-06,2984.73,2986.54,2876.47,2906.46,,326972269.0,-0.05583528784994518
2019-05-07,2914.29,2937.28,2889.07,2926.39,,253281769.0,0.00685713892501516
2019-05-08,2873.14,2929.43,2866.7,2893.76,,231530519.0,-0.011150256801041425
2019-05-09,2871.2,2888.86,2845.04,2850.95,,200041133.0,-0.014793901360168227
2019-05-10,2878.23,2941.45,2838.38,2939.21,,282306808.0,0.03095810168540325
2019-05-13,2905.07,2921.41,2892.17,2903.71,,212029882.0,-0.012078075401213306
2019-05-14,2872.83,2909.2,2872.83,2883.61,,208345353.0,-0.006922178867724393
2019-05-15,2902.64,2945.39,2902.64,2938.68,,230519701.0,0.019097589479853294
2019-05-16,2933.5,2956.17,2929.06,2955.71,,248385701.0,0.00579511889691986
2019-05-17,2955.77,2956.78,2873.8,2882.3,,266301643.0,-0.02483667206863993
2019-05-20,2874.8,2882.63,2838.45,2870.6,,209472442.0,-0.004059258231273732
2019-05-21,2867.71,2919.24,2862.5,2905.97,,211387022.0,0.012321465895631434
2019-05-22,2905.52,2912.4,2879.64,2891.7,,200026905.0,-0.004910580632284556
2019-05-23,2880.84,2885.14,2846.96,2852.52,,197340309.0,-0.013549123353044812
2019-05-24,2847.84,2871.86,2846.02,2852.99,,167205490.0,0.00016476659234632152
2019-05-27,2851.28,2898.13,2833.04,2892.38,,196720902.0,0.013806567846364803
2019-05-28,2890.27,2924.04,2887.08,2909.91,,223310557.0,0.006060752736500641
2019-05-29,2894.83,2934.98,2890.66,2914.7,,198958821.0,0.0016460990202447068
2019-05-30,2903.42,2907.85,2881.38,2905.81,,205758789.0,-0.0030500566095995607
2019-05-31,2904.5,2922.91,2895.58,2898.7,,195230580.0,-0.002446822056500597
2019-06-03,2901.74,2920.83,2875.9,2890.08,,215943554.0,-0.002973746852037107
2019-06-04,2887.64,2888.39,2851.97,2862.28,,188463541.0,-0.009619110889663829
2019-06-05,2882.94,2888.77,2858.57,2861.42,,181561047.0,-0.0003004597733275993
2019-06-06,2862.33,2862.33,2822.19,2827.8,,177064411.0,-0.011749411131536047
2019-06-10,2833.01,2861.13,2824.36,2852.13,,166585918.0,0.00860386165924032
2019-06-11,2854.07,2927.43,2854.07,2925.72,,260525796.0,0.025801769204068403
2019-06-12,2917.22,2924.7,2903.88,2909.38,,240255775.0,-0.005584950029394409
2019-06-13,2905.29,2918.42,2885.92,2910.74,,212957791.0,0.00046745354680366447
2019-06-14,2913.0,2924.32,2879.66,2881.97,,215435796.0,-0.009884084459621967
2019-06-17,2880.42,2902.48,2877.39,2887.62,,153964960.0,0.0019604645433506374
2019-06-18,2891.09,2898.33,2874.31,2890.16,,147705320.0,0.0008796171241367556
2019-06-19,2944.12,2953.34,2916.21,2917.8,,230756973.0,0.009563484374567555
2019-06-20,2917.33,2997.39,2915.09,2987.12,,291011537.0,0.023757625608334942
2019-06-21,2990.37,3010.35,2989.25,3001.98,,286973835.0,0.004974691341492754
2019-06-24,3004.29,3012.83,2994.42,3008.15,,210493894.0,0.0020553101619598113
2019-06-25,3004.91,3004.91,2948.99,2982.07,,243699244.0,-0.008669780429832241
2019-06-26,2964.62,2986.91,2958.46,2976.28,,174449533.0,-0.0019416043218301038
2019-06-27,2982.61,3011.54,2981.04,2996.79,,195397049.0,0.006891152714126214
2019-06-28,2992.24,2992.24,2961.22,2978.88,,181431523.0,-0.005976394742374325
2019-07-01,3024.62,3045.37,3014.69,3044.9,,250840433.0,0.02216269201847676
2019-07-02,3042.58,3048.48,3033.78,3043.94,,214520624.0,-0.0003152812900260038
2019-07-03,3031.83,3031.83,3006.32,3015.26,,212296173.0,-0.009421999119562097
2019-07-04,3015.68,3024.5,2991.91,3005.25,,194415133.0,-0.0033197800521348464
2019-07-05,3004.74,3014.85,2990.92,3011.06,,156755429.0,0.0019332834206804428
2019-07-08,2997.81,2997.81,2918.72,2933.36,,211541268.0,-0.025804866060457066
2019-07-09,2928.82,2937.76,2912.81,2928.23,,145110604.0,-0.0017488477377478606
2019-07-10,2935.19,2936.75,2908.16,2915.3,,135483538.0,-0.004415636749845464
2019-07-11,2928.06,2945.8,2907.89,2917.76,,143692522.0,0.0008438239632284628
2019-07-12,2915.34,2938.53,2905.81,2930.55,,137794759.0,0.004383499670980395
2019-07-15,2921.55,2955.0,2886.7,2942.19,,167643397.0,0.003971950657726264
2019-07-16,2938.64,2944.82,2931.29,2937.62,,131811751.0,-0.001553264744968974
2019-07-17,2933.02,2942.07,2924.46,2931.69,,149631616.0,-0.002018640940625316
2019-07-18,2921.74,2921.74,2901.18,2901.18,,149888828.0,-0.010406966630169046
2019-07-19,2909.68,2939.6,2909.68,2924.2,,149469553.0,0.007934702431424467
2019-07-22,2925.79,2927.16,2879.69,2886.97,,180674960.0,-0.012731687299090355
2019-07-23,2886.9,2901.36,2883.05,2899.94,,129310508.0,0.004492599507442074
2019-07-24,2907.93,2936.45,2907.79,2923.28,,155245762.0,0.008048442381566545
2019-07-25,2923.19,2937.36,2916.15,2937.36,,145684385.0,0.004816507484743049
2019-07-26,2928.06,2948.33,2924.45,2944.54,,139343388.0,0.002444371816869406
2019-07-29,2943.92,2948.47,2932.98,2941.01,,127991846.0,-0.001198829019133596
2019-07-30,2946.26,2965.63,2946.26,2952.34,,148316462.0,0.0038524180468613167
2019-07-31,2944.4,2944.4,2926.49,2932.51,,141052348.0,-0.00671670607043906
2019-08-01,2920.85,2927.34,2901.75,2908.77,,142389813.0,-0.008095454064947827
2019-08-02,2861.33,2872.47,2851.44,2867.84,,184888443.0,-0.014071239733633112
2019-08-05,2854.58,2863.69,2821.5,2821.5,,167419423.0,-0.01615850256639151
2019-08-06,2776.99,2787.42,2733.92,2777.56,,231123727.0,-0.015573276625908239
2019-08-07,2789.02,2792.69,2768.68,2768.68,,157716752.0,-0.0031970506487708494
2019-08-08,2784.18,2799.69,2782.24,2794.55,,149539564.0,0.009343802823005953
2019-08-09,2805.59,2808.33,2770.48,2774.75,,148240293.0,-0.0070852194449911865
2019-08-12,2781.98,2814.99,2776.62,2814.99,,131563433.0,0.014502207406072554
2019-08-13,2798.05,2802.04,2790.61,2797.26,,130916505.0,-0.006298423795466301
2019-08-14,2824.49,2829.89,2807.72,2808.91,,144014641.0,0.004164789830047866
2019-08-15,2762.34,2815.9,2756.83,2815.8,,152772152.0,0.0024529087795623905
2019-08-16,2817.57,2840.32,2811.8,2823.82,,148582344.0,0.0028482136515377565
2019-08-19,2835.52,2883.1,2829.85,2883.1,,214546668.0,0.020992839486936088
2019-08-20,2879.08,2892.08,2875.0,2880.0,,189677206.0,-0.00107523152162603
2019-08-21,2875.47,2885.59,2872.56,2880.33,,159019665.0,0.00011458333333336235
2019-08-22,2887.66,2888.5,2867.55,2883.44,,149206215.0,0.0010797373912017072
2019-08-23,2885.15,2902.46,2878.74,2897.43,,159156826.0,0.004851843631218156
2019-08-26,2851.02,2870.49,2849.24,2863.57,,169895363.0,-0.011686218476373744
2019-08-27,2879.52,2919.64,2879.41,2902.19,,208141794.0,0.0134866617543834
2019-08-28,2901.63,2905.44,2887.01,2893.76,,183097903.0,-0.0029047030001481122
2019-08-29,2896.0,2898.6,2878.59,2890.92,,178613082.0,-0.000981422094437745
2019-08-30,2907.38,2914.58,2874.1,2886.24,,193959951.0,-0.0016188618156158796
2019-09-02,2886.94,2928.48,2883.68,2924.11,,202786807.0,0.013120876988746755
2019-09-03,2925.94,2930.15,2915.2,2930.15,,189001216.0,0.0020655857679772183
2019-09-04,2927.75,2957.41,2925.88,2957.41,,225495907.0,0.009303277989181291
2019-09-05,2972.66,3015.84,2972.66,2985.86,,305438706.0,0.009619903902401195
2019-09-06,2996.62,2999.94,2981.6,2999.6,,216826035.0,0.004601689295546274
2019-09-09,3023.78,3026.24,3005.69,3024.74,,243377752.0,0.008381117482330946
2019-09-10,3027.41,3027.41,3005.38,3021.2,,240012947.0,-0.0011703485258236501
2019-09-11,3029.93,3030.56,3004.22,3008.81,,229837362.0,-0.004101019462465216
2019-09-12,3016.63,3033.47,3005.19,3031.24,,196968701.0,0.007454774478946824
2019-09-16,3041.92,3042.93,3020.05,3030.75,,221878959.0,-0.00016165001781442978
2019-09-17,3023.71,3023.71,2970.57,2978.12,,223338061.0,-0.017365338612554737
2019-09-18,2984.08,2996.4,2982.4,2985.66,,168046699.0,0.0025317985843418267
2019-09-19,2992.92,2999.28,2975.4,2999.28,,162690615.0,0.004561805429955212
2019-09-20,3004.81,3011.34,2996.19,3006.45,,182145302.0,0.0023905737376970215
2019-09-23,2998.4,2998.4,2960.83,2977.08,,168139450.0,-0.009768996657187001
2019-09-24,2979.48,3002.9,2973.76,2985.34,,163902761.0,0.0027745307482500703
2019-09-25,2977.67,2977.67,2955.43,2955.43,,168543135.0,-0.010018959314517017
2019-09-26,2964.48,2970.04,2928.26,2929.09,,188932541.0,-0.008912408685030515
2019-09-27,2929.49,2939.08,2920.93,2932.17,,132905777.0,0.0010515211208941277
2019-09-30,2927.92,2936.48,2905.19,2905.19,,116646811.0,-0.009201376454980426
2019-10-08,2905.76,2933.02,2905.76,2913.57,,125535812.0,0.0028844929247313633
2019-10-09,2902.08,2924.86,2891.54,2924.86,,130424144.0,0.003874971255195536
2019-10-10,2923.71,2949.24,2918.23,2947.71,,134239752.0,0.007812339735918883
2019-10-11,2954.82,2980.79,2943.01,2973.66,,161203746.0,0.008803444029432894
2019-10-14,2993.96,3026.38,2989.81,3007.88,,208614802.0,0.011507704310512956
2019-10-15,3005.66,3005.66,2986.3,2991.05,,155376904.0,-0.005595303004109153
2019-10-16,2992.61,3010.42,2975.92,2978.71,,149885496.0,-0.004125641497133126
2019-10-17,2979.99,2986.72,2969.57,2977.33,,122527614.0,-0.00046328779908089146
2019-10-18,2982.34,2987.2,2933.24,2938.14,,149990678.0,-0.013162800227049076
2019-10-21,2933.9,2940.32,2917.69,2939.62,,132475107.0,0.0005037200405699771
2019-10-22,2945.6,2954.64,2934.39,2954.38,,117482048.0,0.005021057143440366
2019-10-23,2952.97,2957.3,2934.63,2941.62,,123812881.0,-0.004319011095390679
2019-10-24,2944.01,2953.04,2927.06,2940.92,,126540290.0,-0.00023796411501142423
2019-10-25,2940.47,2958.24,2920.52,2954.93,,136860706.0,0.0047638154047031644
2019-10-28,2958.69,2980.13,2956.96,2980.05,,173731481.0,0.008501047402138306
2019-10-29,2979.04,2979.04,2954.18,2954.18,,166110058.0,-0.008681062398282036
2019-10-30,2949.46,2953.3,2934.83,2939.32,,158798110.0,-0.005030160653717641
2019-10-31,2944.84,2946.75,2923.52,2929.06,,161571483.0,-0.0034906032687833655
2019-11-01,2924.34,2959.83,2917.15,2958.2,,159907373.0,0.009948584187418508
2019-11-04,2964.58,2983.06,2964.58,2975.49,,167248364.0,0.005844770468528049
2019-11-05,2977.7,3008.31,2968.03,2991.56,,179891593.0,0.005400791130200533
2019-11-06,2992.04,2995.56,2969.72,2978.6,,165263547.0,-0.004332187888593242
2019-11-07,2978.15,2988.96,2969.12,2978.71,,136952678.0,3.6930101390053593e-05
2019-11-08,2993.98,2998.76,2962.84,2964.18,,149742107.0,-0.004877950522205965
2019-11-11,2949.96,2949.96,2906.77,2909.97,,157916105.0,-0.018288363054875245
2019-11-12,2913.0,2918.3,2891.51,2914.82,,129729154.0,0.001666683848974504
2019-11-13,2913.02,2913.86,2893.97,2905.24,,129765841.0,-0.00328665234903025
2019-11-14,2907.74,2917.37,2899.62,2909.87,,129145448.0,0.0015936721234734996
2019-11-15,2911.35,2917.83,2891.2,2891.34,,135519463.0,-0.006367982074800493
2019-11-18,2889.55,2911.38,2884.09,2909.2,,124433177.0,0.006177066688801691
2019-11-19,2904.28,2933.99,2902.86,2933.99,,135417604.0,0.008521242953389185
2019-11-20,2928.11,2930.49,2907.42,2911.05,,137357530.0,-0.007818704221895678
2019-11-21,2902.55,2910.36,2891.53,2903.64,,123458607.0,-0.0025454732828361637
2019-11-22,2906.24,2925.02,2873.99,2885.29,,158623365.0,-0.0063196539515917305
2019-11-25,2885.61,2906.61,2880.65,2906.17,,178587429.0,0.007236707575321688
2019-11-26,2912.52,2915.04,2897.93,2907.06,,170004663.0,0.00030624498910936104
2019-11-27,2905.4,2914.49,2893.42,2903.19,,133862205.0,-0.001331241873232747
2019-11-28,2902.36,2909.84,2883.43,2889.69,,119522468.0,-0.004650057350707337
2019-11-29,2885.97,2892.39,2858.58,2871.98,,122612968.0,-0.0061286850838671025
2019-12-02,2874.45,2888.89,2870.24,2875.81,,128755806.0,0.0013335747463423253
2019-12-03,2869.88,2884.86,2857.32,2884.7,,123778742.0,0.003091302972032084
2019-12-04,2876.91,2882.5,2869.42,2878.12,,125543653.0,-0.0022809997573404184
2019-12-05,2886.52,2902.0,2885.08,2899.47,,143163096.0,0.007418036774005321
2019-12-06,2902.28,2912.01,2894.75,2912.01,,134128878.0,0.004324928348974355
2019-12-09,2914.46,2919.59,2905.25,2914.48,,160796527.0,0.0008482113729004759
2019-12-10,2908.94,2919.2,2902.79,2917.32,,170123998.0,0.0009744448409321205
2019-12-11,2922.6,2928.26,2915.0,2924.42,,165541087.0,0.0024337405564009984
2019-12-12,2926.34,2926.34,2913.48,2915.7,,151760804.0,-0.0029817878416917853
2019-12-13,2937.78,2969.98,2935.85,2967.68,,211978585.0,0.017827622869293736
2019-12-16,2970.97,2984.64,2958.71,2984.39,,211862119.0,0.005630660987707481
2019-12-17,2985.26,3039.38,2982.5,3022.42,,293032254.0,0.012742972600765956
2019-12-18,3021.47,3033.23,3011.72,3017.04,,244089691.0,-0.0017800305715287568
2019-12-19,3017.15,3021.42,3007.99,3017.07,,208624264.0,9.943520801858341e-06
2019-12-20,3019.64,3027.48,3002.26,3004.94,,215075755.0,-0.004020456933382377
2019-12-23,2999.04,3009.34,2960.44,2962.75,,205716617.0,-0.01404021378130682
2019-12-24,2965.83,2983.82,2960.68,2982.68,,163030250.0,0.006726858492954069
2019-12-25,2980.43,2988.29,2970.66,2981.88,,175654028.0,-0.00026821516220298935
2019-12-26,2981.25,3007.35,2980.4,3007.35,,182440426.0,0.008541591210913912
2019-12-27,3006.85,3036.11,3003.63,3005.04,,247102779.0,-0.0007681181106289348
2019-12-30,2998.17,3041.4,2983.34,3040.02,,248066530.0,0.01164044405398923
2019-12-31,3036.39,3051.68,3030.51,3050.12,,217429022.0,0.003322346563509493
2020-01-02,3066.34,3098.1,3066.34,3085.2,,292470208.0,0.011501186838550614
2020-01-03,3089.02,3093.82,3074.52,3083.79,,261496667.0,-0.000457020614546777
2020-01-06,3070.91,3107.2,3065.31,3083.41,,312575842.0,-0.00012322499262273912
2020-01-07,3085.49,3105.45,3084.33,3104.8,,276583111.0,0.00693712480662656
2020-01-08,3094.24,3094.24,3059.13,3066.89,,297872553.0,-0.012210126256119613
2020-01-09,3082.64,3097.33,3080.13,3094.88,,243435649.0,0.009126509265086291
2020-01-10,3102.29,3105.22,3081.4,3092.29,,210442462.0,-0.0008368660497337643
2020-01-13,3091.49,3115.57,3075.38,3115.57,,210621004.0,0.007528401281897912
2020-01-14,3120.67,3127.17,3105.61,3106.82,,229973769.0,-0.002808474853718601
2020-01-15,3103.17,3107.94,3082.04,3090.04,,202313023.0,-0.005401020979651228
2020-01-16,3095.73,3096.37,3070.88,3074.08,,203375475.0,-0.00516498168308499
2020-01-17,3081.46,3091.95,3067.25,3075.5,,190304299.0,0.00046192682038204147
2020-01-20,3082.11,3096.31,3070.48,3095.79,,210493341.0,0.006597301251829002
2020-01-21,3085.79,3085.79,3051.23,3052.14,,234830739.0,-0.014099793590650611
2020-01-22,3038.49,3069.25,3006.27,3060.75,,223852865.0,0.0028209715150682158
2020-01-23,3037.95,3045.04,2955.35,2976.53,,272763234.0,-0.027516131667075006
2020-02-03,2716.7,2766.58,2716.7,2746.61,,215912103.0,-0.07724430796934689
2020-02-04,2685.27,2786.16,2685.27,2783.29,,364046200.0,0.013354644452616027
2020-02-05,2792.37,2842.74,2778.86,2818.09,,309761823.0,0.012503188672398524
2020-02-06,2826.89,2876.59,2807.61,2866.51,,316392142.0,0.0171818501183425
2020-02-07,2858.93,2875.96,2838.77,2875.96,,309479642.0,0.0032966917959469377
2020-02-10,2860.5,2891.85,2851.05,2890.49,,294929784.0,0.005052226039305108
2020-02-11,2894.54,2913.82,2882.24,2901.67,,269168335.0,0.0038678563150194023
2020-02-12,2895.56,2926.9,2892.42,2926.9,,248733429.0,0.008694992883408581
2020-02-13,2927.14,2935.41,2901.24,2906.07,,274804844.0,-0.007116744678670295
2020-02-14,2899.87,2926.94,2899.57,2917.01,,250650627.0,0.003764534233518191
2020-02-17,2924.99,2983.64,2924.99,2983.62,,313198007.0,0.02283502627690681
2020-02-18,2981.41,2990.6,2960.78,2984.97,,311665913.0,0.00045247048886909447
2020-02-19,2979.52,2998.27,2971.82,2975.4,,315141151.0,-0.003206062372486107
2020-02-20,2981.88,3031.37,2968.45,3030.15,,345732881.0,0.01840088727566047
2020-02-21,3022.25,3058.9,3020.14,3039.67,,364557276.0,0.003141758658812277
2020-02-24,3027.89,3042.18,3007.36,3031.23,,370430044.0,-0.002776617198577469
2020-02-25,2982.07,3016.95,2943.72,3013.05,,441622762.0,-0.0059975653447610355
2020-02-26,2978.42,3028.78,2974.94,2987.93,,469049552.0,-0.008337067091485517
2020-02-27,2992.49,3009.46,2980.48,2991.33,,350523658.0,0.0011379115307252885
2020-02-28,2924.64,2948.13,2878.54,2880.3,,401216914.0,-0.03711726890714151
2020-03-02,2899.31,2982.51,2899.31,2970.93,,367333369.0,0.03146547234663033
2020-03-03,3006.89,3026.84,2976.62,2992.9,,410108047.0,0.00739499079412842
2020-03-04,2981.81,3012.0,2974.36,3011.67,,353338278.0,0.006271509238531259
2020-03-05,3036.15,3074.26,3022.93,3071.68,,445425806.0,0.01992582188619596
2020-03-06,3039.94,3052.44,3029.46,3034.51,,362061533.0,-0.01210086988227932
2020-03-09,2987.18,2989.21,2940.71,2943.29,,414560736.0,-0.030060866499039496
2020-03-10,2918.93,3000.3,2904.8,2996.76,,393296648.0,0.01816674537677243
2020-03-11,3001.76,3010.03,2968.52,2968.52,,352470970.0,-0.009423510724916317
2020-03-12,2936.02,2944.47,2906.28,2923.49,,307778457.0,-0.015169175211890207
2020-03-13,2804.23,2910.88,2799.98,2887.43,,366450436.0,-0.01233457271959193
2020-03-16,2897.3,2898.03,2784.66,2789.25,,351878665.0,-0.034002555906117116
2020-03-17,2796.28,2826.91,2715.22,2779.64,,306149677.0,-0.0034453706193421363
2020-03-18,2792.32,2815.87,2728.76,2728.76,,291159852.0,-0.018304528643996898
2020-03-19,2719.41,2736.82,2646.8,2702.13,,302302747.0,-0.009759011419106178
2020-03-20,2727.02,2751.9,2702.49,2745.62,,252019507.0,0.016094710469148232
2020-03-23,2677.59,2703.33,2656.5,2660.17,,249820250.0,-0.031122296603317223
2020-03-24,2703.02,2723.41,2667.13,2722.44,,257021930.0,0.023408278418296513
2020-03-25,2775.3,2788.64,2757.8,2781.59,,273144466.0,0.02172683328190894
2020-03-26,2761.9,2788.5,2753.43,2764.91,,234084022.0,-0.00599657030691092
2020-03-27,2792.98,2805.55,2771.76,2772.2,,240764066.0,0.0026366138499986924
2020-03-30,2739.72,2759.1,2723.05,2747.21,,239706604.0,-0.00901450111824531
2020-03-31,2767.31,2771.17,2743.12,2750.3,,218598674.0,0.0011247775015379435
2020-04-01,2743.54,2773.36,2731.08,2734.52,,217253427.0,-0.005737555902992519
2020-04-02,2720.23,2780.64,2719.9,2780.64,,217864600.0,0.016865848485291712
2020-04-03,2773.58,2780.59,2754.07,2763.99,,200837404.0,-0.0059878301398239575
2020-04-07,2806.97,2823.28,2801.84,2820.76,,270198186.0,0.02053914811558677
2020-04-08,2805.92,2823.21,2800.3,2815.37,,243515305.0,-0.0019108325415846394
2020-04-09,2825.84,2832.4,2820.43,2825.9,,238184843.0,0.0037401833506787163
2020-04-10,2827.19,2833.01,2789.98,2796.63,,233454768.0,-0.010357762128879289
2020-04-13,2784.6,2792.89,2774.08,2783.05,,177124554.0,-0.004855844355527883
2020-04-14,2794.8,2827.3,2789.43,2827.28,,202696569.0,0.015892635777294606
2020-04-15,2826.66,2829.75,2808.7,2811.17,,205621146.0,-0.005698056082170888
2020-04-16,2798.43,2823.34,2796.84,2819.94,,203003773.0,0.0031196974925031817
2020-04-17,2835.56,2854.96,2830.02,2838.49,,245736750.0,0.006578154145123527
2020-04-20,2840.41,2852.99,2833.26,2852.55,,211847078.0,0.004953337866260066
2020-04-21,2842.24,2842.24,2808.02,2827.01,,233235870.0,-0.008953392578570085
2020-04-22,2814.07,2843.98,2808.48,2843.98,,217320000.0,0.006002808621122568
2020-04-23,2850.51,2853.64,2835.9,2838.5,,248779037.0,-0.0019268771229051795
2020-04-24,2834.94,2834.94,2802.5,2808.53,,235185076.0,-0.010558393517702935
2020-04-27,2812.24,2832.67,2802.96,2815.49,,210130981.0,0.0024781647338640855
2020-04-28,2819.99,2821.75,2758.25,2810.02,,253872745.0,-0.0019428234516903897
2020-04-29,2801.38,2831.76,2800.74,2822.44,,202061807.0,0.004419897367278658
2020-04-30,2832.38,2865.59,2832.38,2860.08,,242455278.0,0.013335978798486359
2020-05-06,2831.63,2879.26,2830.65,2878.14,,249826616.0,0.0063145086850717735
2020-05-07,2876.47,2882.02,2864.58,2871.52,,226736957.0,-0.00230009659015884
2020-05-08,2882.71,2903.8,2879.2,2895.34,,226822075.0,0.008295258260433647
2020-05-11,2901.57,2914.28,2884.38,2894.8,,225120410.0,-0.00018650659335339714
2020-05-12,2894.62,2897.9,2871.23,2891.56,,197082985.0,-0.0011192483073096948
2020-05-13,2882.96,2900.26,2875.54,2898.05,,185061310.0,0.0022444631963369766
2020-05-14,2887.06,2887.06,2869.18,2870.34,,197776202.0,-0.009561601766705174
2020-05-15,2880.71,2884.22,2863.37,2868.46,,188983592.0,-0.0006549746719901606
2020-05-18,2872.52,2889.98,2862.27,2875.42,,226022882.0,0.0024263890728823956
2020-05-19,2897.69,2900.22,2887.58,2898.58,,197222405.0,0.00805447552009797
2020-05-20,2896.47,2896.47,2876.18,2883.74,,210519985.0,-0.005119748290542292
2020-05-21,2890.72,2891.52,2864.21,2867.92,,203532038.0,-0.005485931464001559
2020-05-22,2863.05,2863.05,2808.02,2813.77,,209063712.0,-0.018881279812547058
2020-05-25,2816.24,2821.5,2802.47,2817.97,,172885557.0,0.001492659314727085
2020-05-26,2827.9,2848.34,2825.9,2846.55,,174562369.0,0.01014205261234169
2020-05-27,2847.32,2849.0,2831.93,2836.8,,198149343.0,-0.003425198925014472
2020-05-28,2838.21,2861.92,2820.15,2846.22,,207546019.0,0.0033206429780032742
2020-05-29,2835.58,2855.38,2829.63,2852.35,,206792804.0,0.0021537337240269405
2020-06-01,2871.96,2917.15,2871.96,2915.43,,260196050.0,0.022115098077024165
2020-06-02,2916.32,2926.36,2909.13,2921.4,,256108049.0,0.0020477253784176863
2020-06-03,2930.39,2942.76,2922.66,2923.37,,255663980.0,0.0006743342233175298
2020-06-04,2931.84,2932.97,2910.75,2919.25,,226605873.0,-0.0014093323800955515
2020-06-05,2923.19,2930.8,2909.12,2930.8,,217360673.0,0.003956495675259131
2020-06-08,2941.98,2950.07,2934.21,2937.77,,231124360.0,0.002378190255220458
2020-06-09,2939.54,2957.12,2932.94,2956.11,,209048585.0,0.006242830446222758
2020-06-10,2951.28,2951.33,2934.84,2943.75,,207925969.0,-0.004181170524777511
2020-06-11,2939.79,2952.65,2912.19,2920.9,,233722947.0,-0.007762208067940479
2020-06-12,2876.8,2930.25,2872.62,2919.74,,236008642.0,-0.00039713786846529153
2020-06-15,2908.28,2922.54,2890.03,2890.03,,243205046.0,-0.01017556357757865
2020-06-16,2912.83,2931.78,2909.13,2931.75,,223313065.0,0.01443583630619738
2020-06-17,2932.67,2936.62,2919.04,2935.87,,234654391.0,0.0014053039993178196
2020-06-18,2929.88,2942.9,2920.11,2939.32,,258691377.0,0.0011751201517780085
2020-06-19,2938.79,2973.32,2935.82,2967.63,,264313961.0,0.00963147938979092
2020-06-22,2966.9,2983.44,2959.03,2965.27,,267883834.0,-0.0007952473859612619
2020-06-23,2960.89,2972.4,2949.85,2970.62,,225212208.0,0.00180422018905535
2020-06-24,2972.98,2982.94,2971.22,2979.55,,213200732.0,0.0030061064693567285
2020-06-29,2973.08,2977.91,2951.77,2961.52,,220622729.0,-0.006051249349734111
2020-06-30,2965.11,2990.83,2965.11,2984.67,,214957214.0,0.007816931845809005
2020-07-01,2991.18,3026.19,2984.98,3025.98,,273313140.0,0.013840726110424306
2020-07-02,3023.72,3092.44,3021.67,3090.57,,391127996.0,0.02134515099240586
2020-07-03,3104.0,3152.81,3104.0,3152.81,,458793851.0,0.02013867991988527
2020-07-06,3187.84,3337.27,3187.84,3332.88,,643878906.0,0.05711412993488363
2020-07-07,3380.95,3407.08,3336.24,3345.34,,657840159.0,0.003738508437147514
2020-07-08,3337.55,3421.53,3327.71,3403.44,,587081685.0,0.017367442472215
2020-07-09,3403.48,3456.97,3393.64,3450.59,,620001823.0,0.013853630444491394
2020-07-10,3418.93,3433.11,3372.51,3383.32,,556120011.0,-0.019495216760032297
2020-07-13,3379.39,3458.79,3369.04,3443.29,,558006875.0,0.017725193005686757
2020-07-14,3435.02,3451.22,3366.08,3414.62,,543211492.0,-0.008326339053637666
2020-07-15,3422.08,3432.45,3345.75,3361.3,,492030542.0,-0.015615207548716925
2020-07-16,3356.36,3373.53,3209.73,3210.1,,490613123.0,-0.04498259601939736
2020-07-17,3214.4,3252.78,3181.27,3214.13,,359652413.0,0.0012554126039687752
2020-07-20,3243.91,3314.15,3220.68,3314.15,,418555306.0,0.031118840868290976
2020-07-21,3330.55,3336.68,3300.57,3320.89,,359252029.0,0.0020337039663260725
2020-07-22,3315.18,3381.98,3311.79,3333.16,,393335335.0,0.0036947926610035875
2020-07-23,3306.15,3336.3,3257.83,3325.11,,407042499.0,-0.0024151255865304533
2020-07-24,3310.65,3319.13,3184.96,3196.77,,427054026.0,-0.038597219340112066
2020-07-27,3210.39,3221.98,3174.66,3205.23,,299319021.0,0.0026464212314305513
2020-07-28,3226.13,3245.3,3208.49,3227.96,,289377861.0,0.007091534772855512
2020-07-29,3221.99,3294.55,3209.99,3294.55,,324924062.0,0.020629127994151064
2020-07-30,3299.57,3312.45,3282.16,3286.82,,340704121.0,-0.002346299191088308
2020-07-31,3280.8,3333.79,3261.61,3310.01,,353758979.0,0.007055451774055088
2020-08-03,3332.18,3368.1,3327.68,3367.97,,407460867.0,0.01751052111625029
2020-08-04,3376.44,3391.07,3352.5,3371.69,,442328551.0,0.0011045229025199443
2020-08-05,3363.33,3383.64,3333.88,3377.56,,385823027.0,0.0017409666962264758
2020-08-06,3380.76,3392.7,3334.33,3386.46,,415302510.0,0.0026350383116806597
2020-08-07,3370.59,3374.13,3307.71,3354.04,,403929633.0,-0.009573418850362891
2020-08-10,3341.53,3399.93,3335.04,3379.25,,381379630.0,0.0075163086904150855
2020-08-11,3379.49,3409.06,3336.09,3340.29,,400452706.0,-0.011529185470148695
2020-08-12,3327.49,3335.73,3263.27,3319.27,,378328959.0,-0.006292866787015461
2020-08-13,3328.18,3338.15,3309.46,3320.73,,324291278.0,0.00043985575141514133
2020-08-14,3315.67,3362.03,3302.74,3360.1,,305998376.0,0.011855826881438603
2020-08-17,3373.9,3450.9,3369.37,3438.8,,434598260.0,0.023421921966608306
2020-08-18,3441.93,3456.72,3432.64,3451.09,,380729275.0,0.0035739211352796563
2020-08-19,3444.56,3454.46,3406.16,3408.13,,405722214.0,-0.01244824099052766
2020-08-20,3385.96,3394.56,3352.78,3363.9,,335600982.0,-0.012977791340119116
2020-08-21,3380.23,3393.92,3358.0,3380.68,,287488340.0,0.004988257677100982
2020-08-24,3391.11,3396.57,3368.03,3385.64,,266227841.0,0.001467160452926608
2020-08-25,3392.88,3408.87,3364.16,3373.58,,277113421.0,-0.00356210347231245
2020-08-26,3371.81,3382.6,3320.14,3329.74,,294451036.0,-0.01299509719645009
2020-08-27,3333.49,3351.83,3312.99,3350.11,,237099353.0,0.006117594767159007
2020-08-28,3346.29,3405.88,3339.65,3403.81,,271325549.0,0.016029324410243184
2020-08-31,3416.55,3442.74,3395.47,3395.68,,323473890.0,-0.0023884999456491585
2020-09-01,3389.74,3410.61,3381.71,3410.61,,246999249.0,0.004396762945860777
2020-09-02,3420.47,3421.4,3377.21,3404.8,,261546319.0,-0.0017035075836873137
2020-09-03,3404.03,3425.63,3374.26,3384.98,,255346279.0,-0.005821193609022557
2020-09-04,3336.41,3360.11,3328.55,3355.37,,221636550.0,-0.008747466750172905
2020-09-07,3349.92,3368.24,3285.63,3292.59,,260616567.0,-0.01871030616593694
2020-09-08,3301.22,3324.39,3276.44,3316.42,,271066278.0,0.007237463516562848
2020-09-09,3281.0,3289.61,3238.56,3254.63,,351509747.0,-0.018631536415773642
2020-09-10,3282.23,3285.47,3227.64,3234.82,,312472804.0,-0.0060867133898476755
2020-09-11,3225.78,3262.5,3220.54,3260.35,,221698830.0,0.007892247482085502
2020-09-14,3275.92,3283.53,3261.15,3278.81,,213924137.0,0.005661968807029849
2020-09-15,3277.13,3297.69,3263.75,3295.68,,197684400.0,0.0051451593718452315
2020-09-16,3293.17,3302.46,3271.08,3283.92,,200443364.0,-0.0035683076026797877
2020-09-17,3277.32,3290.41,3248.5,3270.44,,202931972.0,-0.004104850300859941
2020-09-18,3270.91,3338.32,3268.53,3338.09,,256260788.0,0.020685290052714578
2020-09-21,3348.9,3350.59,3313.07,3316.94,,216503093.0,-0.006335958587096235
2020-09-22,3290.67,3320.23,3265.7,3274.3,,214015065.0,-0.012855221981705967
2020-09-23,3278.84,3289.76,3264.89,3279.71,,169178068.0,0.0016522615520875306
2020-09-24,3262.88,3265.35,3221.24,3223.18,,206736011.0,-0.017236280036954543
2020-09-25,3234.37,3239.47,3208.03,3219.42,,164822419.0,-0.0011665498048510914
2020-09-28,3224.98,3238.18,3210.89,3217.53,,155982783.0,-0.0005870622658739055
2020-09-29,3231.86,3242.79,3219.79,3224.36,,151349870.0,0.0021227463302595506
2020-09-30,3232.71,3244.91,3202.34,3218.05,,153504457.0,-0.00195697750871493
2020-10-09,3262.61,3280.51,3260.19,3272.08,,188325648.0,0.01678967076335036
2020-10-12,3287.33,3359.15,3286.11,3358.47,,259622408.0,0.02640216620620528
2020-10-13,3353.12,3361.83,3334.5,3359.75,,204926103.0,0.0003811259293666769
2020-10-14,3353.62,3353.62,3332.96,3340.78,,198659382.0,-0.00564625344147629
2020-10-15,3342.92,3354.58,3330.0,3332.18,,191031282.0,-0.002574249127449413
2020-10-16,3334.46,3348.95,3319.11,3336.36,,194295421.0,0.0012544340341760218
2020-10-19,3351.1,3371.09,3307.84,3312.67,,212303540.0,-0.007100552698150131
2020-10-20,3307.15,3328.1,3293.77,3328.1,,165084762.0,0.004657874161929643
2020-10-21,3332.15,3332.15,3304.17,3325.02,,177632115.0,-0.000925452961148987
2020-10-22,3315.82,3320.88,3281.37,3312.5,,165949987.0,-0.003765390884866826
2020-10-23,3308.16,3326.05,3276.62,3278.0,,174208982.0,-0.010415094339622621
2020-10-26,3258.7,3264.45,3226.6,3251.12,,167731795.0,-0.008200122025625367
2020-10-27,3240.74,3258.34,3235.54,3254.32,,149115566.0,0.0009842761878984252
2020-10-28,3256.22,3275.87,3238.38,3269.24,,173181965.0,0.0045846751395066665
2020-10-29,3235.76,3289.77,3231.12,3272.73,,184703589.0,0.0010675263975725713
2020-10-30,3278.63,3279.86,3219.42,3224.53,,230188803.0,-0.014727765504639834
2020-11-02,3228.72,3242.8,3209.91,3225.12,,226779137.0,0.00018297240217934885
2020-11-03,3239.81,3278.38,3237.85,3271.07,,215297864.0,0.014247531874783004
2020-11-04,3273.43,3286.62,3254.11,3277.44,,188514128.0,0.0019473750179603844
2020-11-05,3305.58,3320.41,3291.6,3320.13,,226801462.0,0.013025410076157096
2020-11-06,3326.46,3326.46,3292.15,3312.16,,234864132.0,-0.002400508413827218
2020-11-09,3329.43,3380.82,3329.43,3373.73,,310219771.0,0.018589077822327438
2020-11-10,3387.62,3387.62,3346.17,3360.15,,278701113.0,-0.004025218378471251
2020-11-11,3354.02,3365.84,3339.04,3342.2,,271204653.0,-0.005342023421573527
2020-11-12,3344.46,3350.28,3329.49,3338.68,,216501309.0,-0.0010531984920112425
2020-11-13,3327.23,3327.23,3291.64,3310.1,,227898364.0,-0.008560269327997916
2020-11-16,3325.62,3346.97,3313.65,3346.97,,279593761.0,0.011138636294975912
2020-11-17,3347.15,3347.7,3323.95,3339.9,,283632479.0,-0.0021123583420227243
2020-11-18,3337.33,3358.89,3333.99,3347.3,,287531259.0,0.0022156351986586387
2020-11-19,3339.09,3367.33,3330.45,3363.09,,253262992.0,0.004717234786245639
2020-11-20,3359.6,3380.15,3356.31,3377.73,,261271219.0,0.004353139523473937
2020-11-23,3384.1,3431.65,3377.99,3414.49,,373872047.0,0.010883048674701579
2020-11-24,3407.41,3413.93,3396.24,3402.82,,300994144.0,-0.0034177871365854706
2020-11-25,3417.51,3423.49,3362.33,3362.33,,322110207.0,-0.011898954396647565
2020-11-26,3360.06,3371.45,3344.28,3369.73,,255886822.0,0.0022008547644045695
2020-11-27,3373.84,3408.31,3364.49,3408.31,,280649894.0,0.011448988494627166
2020-11-30,3418.16,3456.74,3391.76,3391.76,,384989968.0,-0.004855778963767876
2020-12-01,3388.99,3457.64,3386.91,3451.94,,316188980.0,0.01774300068401069
2020-12-02,3453.52,3465.73,3435.87,3449.38,,312811114.0,-0.0007416119631279416
2020-12-03,3448.54,3452.16,3428.8,3442.14,,298459930.0,-0.002098927923279037
2020-12-04,3436.73,3448.4,3417.05,3444.58,,256276705.0,0.0007088613478825057
2020-12-07,3446.65,3449.58,3414.31,3416.6,,254522508.0,-0.00812290613079103
2020-12-08,3417.69,3428.66,3403.03,3410.18,,226907328.0,-0.0018790610548499176
2020-12-09,3416.08,3422.54,3371.92,3371.96,,260747424.0,-0.011207619539144509
2020-12-10,3365.73,3384.89,3357.75,3373.28,,247308304.0,0.00039146371843079564
2020-12-11,3381.01,3383.18,3325.17,3347.19,,298617158.0,-0.007734312004932908
2020-12-14,3349.53,3371.13,3338.63,3369.12,,239807926.0,0.006551764315739339
2020-12-15,3366.58,3373.56,3348.42,3367.23,,225667402.0,-0.0005609773472003976
2020-12-16,3371.26,3378.66,3359.17,3366.98,,220813976.0,-7.424500256891786e-05
2020-12-17,3367.28,3406.15,3354.01,3404.87,,275463631.0,0.011253408098652162
2020-12-18,3400.49,3413.81,3382.75,3394.9,,280992641.0,-0.0029281587843293932
2020-12-21,3394.39,3423.61,3381.12,3420.57,,283759794.0,0.007561342013019612
2020-12-22,3410.97,3415.75,3353.86,3356.78,,323037654.0,-0.01864893862718786
2020-12-23,3362.47,3394.21,3360.2,3382.32,,299523527.0,0.007608481938047751
2020-12-24,3382.19,3394.07,3354.02,3363.11,,275044450.0,-0.005679533574587836
2020-12-25,3351.79,3397.01,3348.35,3396.56,,294546895.0,0.009946151032823813
2020-12-28,3396.36,3412.52,3383.65,3397.29,,316181542.0,0.0002149233341970369
2020-12-29,3399.29,3407.09,3376.09,3379.04,,311769185.0,-0.005371928802074599
2020-12-30,3375.01,3414.45,3374.42,3414.45,,291023543.0,0.01047930773237371
2020-12-31,3419.73,3474.92,3419.73,3473.07,,335673926.0,0.017168211571409797
2021-01-04,3474.68,3511.66,3457.21,3502.96,,380790800.0,0.008606218705640822
2021-01-05,3492.19,3528.68,3484.72,3528.68,,407995934.0,0.007342361888231563
2021-01-06,3530.91,3556.8,3513.13,3550.88,,370230926.0,0.0062913043971117855
2021-01-07,3552.91,3576.2,3526.62,3576.2,,405348226.0,0.007130626774207949
2021-01-08,3577.69,3588.06,3544.89,3570.11,,345557896.0,-0.0017029248923436935
2021-01-11,3571.32,3597.7,3516.99,3531.5,,362479154.0,-0.010814792821509767
2021-01-12,3518.01,3608.34,3517.47,3608.34,,323406153.0,0.02175845957808309
2021-01-13,3613.28,3622.35,3575.59,3598.65,,388127791.0,-0.002685445384858376
2021-01-14,3584.93,3599.06,3559.6,3565.9,,347666819.0,-0.00910063496033231
2021-01-15,3566.28,3589.27,3533.79,3566.38,,324612744.0,0.00013460837376255697
2021-01-18,3554.8,3608.77,3544.26,3596.22,,301652565.0,0.008367027630258095
2021-01-19,3596.36,3603.15,3553.02,3566.38,,323439541.0,-0.008297601370327645
2021-01-20,3564.12,3589.96,3556.44,3583.09,,272271661.0,0.004685423314397141
2021-01-21,3590.92,3636.24,3585.8,3621.26,,327466995.0,0.010652816423812883
2021-01-22,3616.54,3616.54,3585.03,3606.75,,324463084.0,-0.00400689262853271
2021-01-25,3605.36,3637.1,3591.02,3624.24,,327341070.0,0.004849241006446237
2021-01-26,3610.97,3610.97,3564.74,3569.43,,278139884.0,-0.015123170650950257
2021-01-27,3567.55,3578.8,3546.49,3573.34,,264107161.0,0.0010954129931111112
2021-01-28,3534.67,3549.54,3496.88,3505.18,,270862461.0,-0.019074591278747666
2021-01-29,3521.72,3531.6,3446.55,3483.07,,293662664.0,-0.0063078073023352665
2021-02-01,3477.17,3506.39,3469.88,3505.28,,277567901.0,0.006376558610651006
2021-02-02,3510.81,3535.5,3495.57,3533.68,,264540630.0,0.008102063173270002
2021-02-03,3531.15,3544.01,3508.51,3517.31,,297351716.0,-0.004632564352176738
2021-02-04,3503.78,3524.72,3465.77,3501.86,,298834854.0,-0.0043925613608125635
2021-02-05,3509.49,3536.54,3492.96,3496.33,,290146174.0,-0.0015791607888380188
2021-02-08,3504.56,3542.21,3492.13,3532.45,,249799619.0,0.010330832615914387
2021-02-09,3539.77,3604.01,3528.68,3603.49,,253821760.0,0.020110688049370884
2021-02-10,3612.61,3662.77,3612.5,3655.09,,257940824.0,0.01431945142070612
2021-02-18,3721.09,3731.69,3663.66,3675.36,,340309065.0,0.005545691077374348
2021-02-19,3661.78,3699.65,3634.01,3696.17,,361059804.0,0.005662030386138994
2021-02-22,3707.19,3717.27,3642.44,3642.44,,488821478.0,-0.014536669038491157
2021-02-23,3617.7,3672.15,3617.7,3636.36,,398873174.0,-0.0016692107488386343
2021-02-24,3638.94,3645.65,3531.59,3564.08,,362158952.0,-0.019877019877019952
2021-02-25,3595.54,3608.56,3568.47,3585.05,,366232299.0,0.005883706314111947
2021-02-26,3514.56,3550.41,3500.7,3509.08,,333280067.0,-0.021190778371291907
2021-03-01,3531.48,3552.57,3511.99,3551.4,,315487526.0,0.012060141119609735
2021-03-02,3566.85,3566.85,3485.36,3508.59,,339830486.0,-0.012054401081263766
2021-03-03,3500.16,3577.62,3498.72,3576.9,,347656846.0,0.01946935948628936
2021-03-04,3546.64,3552.2,3487.38,3503.49,,393616120.0,-0.020523358215214338
2021-03-05,3463.31,3523.57,3456.67,3501.99,,356409223.0,-0.0004281445073340828
2021-03-08,3524.98,3542.3,3421.22,3421.41,,387047954.0,-0.023009774442531272
2021-03-09,3415.34,3429.15,3328.31,3359.29,,407652539.0,-0.01815625721559233
2021-03-10,3389.84,3397.03,3354.82,3357.74,,299749166.0,-0.0004614070235079426
2021-03-11,3369.9,3436.83,3369.9,3436.83,,322112044.0,0.023554533704217784
2021-03-12,3447.2,3454.51,3417.24,3453.08,,358027035.0,0.0047281942953245615
2021-03-15,3441.88,3457.49,3392.51,3419.95,,367813293.0,-0.009594333175020564
2021-03-16,3424.65,3448.88,3406.17,3446.73,,316668747.0,0.007830523838067815
2021-03-17,3435.73,3454.06,3410.28,3445.55,,280059818.0,-0.0003423534770636838
2021-03-18,3449.64,3478.14,3449.38,3463.07,,284403891.0,0.005084819549854069
2021-03-19,3423.87,3439.52,3389.29,3404.66,,309161716.0,-0.01686653749418876
2021-03-22,3406.12,3443.66,3404.23,3443.44,,312559084.0,0.01139027098153722
2021-03-23,3445.34,3445.42,3390.05,3411.51,,326389409.0,-0.009272704040145907
2021-03-24,3394.13,3415.29,3362.18,3367.06,,317398697.0,-0.013029420989532525
2021-03-25,3355.07,3382.23,3344.97,3363.59,,270676097.0,-0.0010305726657676706
2021-03-26,3373.32,3423.22,3373.32,3418.33,,274614987.0,0.016274278375188356
2021-03-29,3429.63,3449.83,3409.89,3435.3,,284824243.0,0.004964412447013622
2021-03-30,3432.53,3457.63,3423.32,3456.68,,285423081.0,0.006223619480103526
2021-03-31,3452.21,3452.21,3420.83,3441.91,,283049261.0,-0.004272886121943542
2021-04-01,3444.81,3470.03,3438.83,3466.33,,275244295.0,0.007094897890996599
2021-04-02,3472.63,3487.59,3462.83,3484.39,,262654873.0,0.005210121367555942
2021-04-06,3491.63,3493.28,3471.76,3482.97,,234746671.0,-0.0004075318778896664
2021-04-07,3483.42,3483.42,3453.19,3479.63,,295786978.0,-0.0009589516992680736
2021-04-08,3467.49,3495.91,3459.32,3482.55,,331755329.0,0.0008391696818339511
2021-04-09,3475.44,3475.45,3442.14,3450.68,,280085196.0,-0.009151340253549911
2021-04-12,3445.97,3456.16,3403.9,3412.95,,309577239.0,-0.010934076761681788
2021-04-13,3411.29,3425.39,3387.9,3396.47,,270626054.0,-0.004828667281970178
2021-04-14,3397.02,3420.03,3392.98,3416.72,,233242327.0,0.00596207238691937
2021-04-15,3409.61,3409.61,3373.09,3398.99,,234005054.0,-0.005189187290735031
2021-04-16,3407.19,3432.63,3394.13,3426.62,,258579672.0,0.008128885345352721
2021-04-19,3427.55,3479.01,3414.36,3477.55,,302735819.0,0.014863042881906985
2021-04-20,3467.15,3494.3,3463.46,3472.94,,285300082.0,-0.0013256459288867317
2021-04-21,3456.3,3481.25,3450.11,3472.93,,253777859.0,-2.879404769506877e-06
2021-04-22,3482.83,3485.36,3456.32,3465.11,,251114510.0,-0.002251701013265328
2021-04-23,3462.09,3482.36,3456.33,3474.17,,249360433.0,0.0026146356104135293
2021-04-26,3484.11,3497.12,3438.57,3441.17,,276970771.0,-0.009498671625165156
2021-04-27,3440.09,3443.85,3417.26,3442.61,,253032393.0,0.00041846232531383976
2021-04-28,3432.16,3457.07,3423.33,3457.07,,247381120.0,0.004200301515419946
2021-04-29,3458.08,3478.23,3447.59,3474.9,,276631387.0,0.005157546708628891
2021-04-30,3468.3,3469.09,3426.9,3446.86,,312660354.0,-0.008069296958185812
2021-05-06,3446.07,3471.24,3426.85,3441.28,,310424192.0,-0.0016188647058481553
2021-05-07,3446.41,3457.89,3416.78,3418.87,,353785389.0,-0.006512111772363882
2021-05-10,3423.59,3429.74,3401.93,3427.99,,374170884.0,0.0026675480495017556
2021-05-11,3406.6,3448.1,3384.7,3441.85,,350934112.0,0.004043185656900983
2021-05-12,3429.75,3466.37,3428.39,3462.75,,311444547.0,0.0060723157604196665
2021-05-13,3432.14,3448.02,3418.38,3429.54,,319325327.0,-0.009590643274853816
2021-05-14,3436.09,3490.64,3422.56,3490.38,,336982309.0,0.01773998845326208
2021-05-17,3490.41,3530.51,3490.14,3517.62,,322135969.0,0.007804307840407088
2021-05-18,3520.65,3529.01,3510.86,3529.01,,271308558.0,0.003237984773795999
2021-05-19,3521.11,3521.11,3503.82,3510.96,,278321117.0,-0.00511474889558261
2021-05-20,3500.88,3517.74,3486.07,3506.94,,326009333.0,-0.0011449859867386225
2021-05-21,3510.84,3518.38,3479.67,3486.56,,283826285.0,-0.005811334097532317
2021-05-24,3486.27,3498.3,3469.87,3497.28,,289509242.0,0.003074663852049131
2021-05-25,3502.54,3584.58,3502.44,3581.34,,341241127.0,0.02403582212462263
2021-05-26,3586.84,3603.49,3585.37,3593.36,,341980288.0,0.003356285636102685
2021-05-27,3585.73,3626.36,3579.26,3608.85,,309551486.0,0.00431072867733806
2021-05-28,3610.77,3622.18,3582.36,3600.78,,349208830.0,-0.00223616941685012
2021-05-31,3600.07,3615.66,3580.65,3615.48,,331523770.0,0.00408244880275932
2021-06-01,3608.6,3626.07,3581.91,3624.71,,352811413.0,0.002552911369997801
2021-06-02,3626.33,3629.29,3584.6,3597.14,,348558420.0,-0.007606125731437818
2021-06-03,3595.42,3618.51,3584.21,3584.21,,354233031.0,-0.003594522314950166
2021-06-04,3565.47,3618.8,3561.89,3591.84,,330893038.0,0.0021287815167081447
2021-06-07,3597.14,3600.38,3581.9,3599.54,,303718677.0,0.00214374805113815
2021-06-08,3598.75,3621.52,3563.25,3580.11,,304491470.0,-0.005397911955416501
2021-06-09,3576.8,3598.71,3572.64,3591.4,,298323296.0,0.0031535343886082146
2021-06-10,3587.53,3624.34,3584.13,3610.86,,318174808.0,0.00541849974940134
2021-06-11,3614.11,3614.4,3587.15,3589.75,,360554970.0,-0.00584625269326422
2021-06-15,3587.47,3592.95,3547.19,3556.56,,349168566.0,-0.009245769203983567
2021-06-16,3556.71,3561.09,3513.56,3518.33,,312597306.0,-0.010749150864880708
2021-06-17,3508.32,3534.2,3507.35,3525.6,,277229918.0,0.002066321237632618
2021-06-18,3520.5,3535.62,3503.18,3525.1,,296708585.0,-0.00014181983208527704
2021-06-21,3515.5,3540.3,3504.01,3529.18,,280898277.0,0.0011574139740715417
2021-06-22,3539.79,3560.19,3536.81,3557.41,,307536399.0,0.007999025269326054
2021-06-23,3559.4,3577.47,3549.85,3566.22,,310709518.0,0.002476520839599594
2021-06-24,3568.58,3570.49,3548.82,3566.65,,335440754.0,0.00012057584781643982
2021-06-25,3567.38,3614.3,3564.52,3607.56,,346087832.0,0.01147014705676197
2021-06-28,3612.25,3614.36,3594.22,3606.37,,321274974.0,-0.00032986284358405005
2021-06-29,3601.68,3601.83,3570.53,3573.18,,306071178.0,-0.009203159964174534
2021-06-30,3572.62,3594.12,3569.5,3591.2,,268162818.0,0.005043126850592383
2021-07-01,3600.55,3607.7,3573.94,3588.78,,291883192.0,-0.0006738694586766458
2021-07-02,3569.89,3569.89,3514.34,3518.76,,291945548.0,-0.019510808687074666
2021-07-05,3516.92,3534.32,3510.58,3534.32,,288094837.0,0.004422012299787337
2021-07-06,3533.13,3538.35,3496.93,3530.26,,314070211.0,-0.0011487358247130874
2021-07-07,3508.59,3557.88,3504.47,3553.72,,318839189.0,0.0066454028881723914
2021-07-08,3557.22,3558.68,3521.06,3525.5,,350877857.0,-0.007940974528100053
2021-07-09,3512.23,3529.31,3485.05,3524.09,,349884317.0,-0.00039994327045800304
2021-07-12,3545.2,3565.03,3527.39,3547.84,,403639558.0,0.006739328450749094
2021-07-13,3547.59,3567.48,3542.82,3566.52,,362416711.0,0.005265175430684499
2021-07-14,3560.83,3560.83,3525.49,3528.5,,372221722.0,-0.010660251449592262
2021-07-15,3519.06,3565.93,3514.26,3564.59,,363259164.0,0.010228142270086504
2021-07-16,3559.53,3566.0,3537.73,3539.3,,366014779.0,-0.007094785094498901
2021-07-19,3530.49,3544.88,3506.34,3539.12,,336760946.0,-5.0857514197755194e-05
2021-07-20,3515.07,3538.64,3509.19,3536.79,,293780594.0,-0.0006583557494518333
2021-07-21,3543.05,3569.09,3543.05,3562.66,,338978748.0,0.007314542282691239
2021-07-22,3563.66,3576.47,3558.29,3574.73,,381067054.0,0.0033879180163136624
2021-07-23,3571.72,3571.85,3541.51,3550.4,,446421246.0,-0.006806108433364155
2021-07-26,3538.01,3538.01,3424.74,3467.44,,442882203.0,-0.023366381252816648
2021-07-27,3467.45,3483.87,3380.28,3381.18,,469075443.0,-0.02487714279122355
2021-07-28,3355.82,3385.54,3312.72,3361.59,,395825419.0,-0.005793835288272042
2021-07-29,3403.84,3416.61,3382.57,3411.72,,344569428.0,0.014912586008406725
2021-07-30,3398.2,3404.88,3370.45,3397.36,,381440956.0,-0.0042090206699259
2021-08-02,3385.69,3464.29,3367.64,3464.29,,432927871.0,0.019700591047165927
2021-08-03,3446.78,3470.66,3435.46,3447.99,,400698081.0,-0.004705148818372695
2021-08-04,3442.94,3477.6,3440.78,3477.22,,348744218.0,0.00847740277669029
2021-08-05,3461.72,3486.16,3449.39,3466.55,,348436922.0,-0.0030685432615709107
2021-08-06,3465.48,3466.39,3436.93,3458.23,,336824400.0,-0.002400080771949087
2021-08-09,3441.75,3502.84,3438.7,3494.63,,349910094.0,0.010525615705144098
2021-08-10,3488.66,3529.93,3477.06,3529.93,,345112992.0,0.010101212431645079
2021-08-11,3527.11,3544.09,3524.04,3532.62,,383783554.0,0.0007620547716242765
2021-08-12,3522.72,3538.4,3513.45,3524.74,,381074593.0,-0.002230639015801339
2021-08-13,3514.47,3540.08,3500.8,3516.3,,378187282.0,-0.0023945028569481996
2021-08-16,3514.34,3537.85,3510.9,3517.34,,391099721.0,0.00029576543525866583
2021-08-17,3512.11,3531.72,3438.12,3446.98,,422885804.0,-0.020003752835949906
2021-08-18,3442.35,3487.44,3437.69,3485.29,,389203756.0,0.01111407667001263
2021-08-19,3475.3,3480.46,3446.01,3465.55,,382383031.0,-0.005663804159768526
2021-08-20,3442.51,3453.15,3394.97,3427.33,,391136918.0,-0.011028552466419539
2021-08-23,3436.8,3481.25,3436.67,3477.13,,384727440.0,0.014530261165397018
2021-08-24,3482.27,3522.7,3481.14,3514.47,,430236463.0,0.01073874143330844
2021-08-25,3517.92,3540.39,3510.07,3540.38,,450047019.0,0.007372377627352211
2021-08-26,3537.31,3537.32,3499.45,3501.66,,502903147.0,-0.01093667911354157
2021-08-27,3494.42,3530.19,3493.38,3522.16,,455345906.0,0.005854366214880891
2021-08-30,3535.07,3539.49,3512.99,3528.15,,512785716.0,0.0017006609580485499
2021-08-31,3519.02,3543.94,3496.39,3543.94,,524205056.0,0.004475433300738407
2021-09-01,3543.87,3582.32,3514.67,3567.1,,667276305.0,0.006535099352697804
2021-09-02,3559.9,3597.37,3557.68,3597.04,,572684039.0,0.008393372767794505
2021-09-03,3602.74,3613.95,3569.4,3581.73,,614532353.0,-0.00425627738362655
2021-09-06,3580.14,3626.29,3580.14,3621.86,,521713276.0,0.011204082943158777
2021-09-07,3621.71,3681.93,3615.14,3676.59,,547721875.0,0.015111020304484413
2021-09-08,3673.4,3695.32,3661.0,3675.19,,586436193.0,-0.000380787632017765
2021-09-09,3666.82,3693.45,3662.16,3693.13,,604810330.0,0.0048813802823799435
2021-09-10,3691.19,3722.87,3681.64,3703.11,,635200433.0,0.0027023148386329243
2021-09-13,3699.25,3716.83,3692.82,3715.37,,557484019.0,0.00331073071013277
2021-09-14,3709.63,3723.85,3655.63,3662.6,,564952386.0,-0.014203161461711744
2021-09-15,3651.16,3677.53,3638.32,3656.22,,474970001.0,-0.00174193196090211
2021-09-16,3664.84,3677.92,3606.73,3607.09,,546741474.0,-0.013437375212651204
2021-09-17,3595.27,3620.96,3569.27,3613.97,,516850210.0,0.001907354682028961
2021-09-22,3563.21,3629.45,3560.5,3628.49,,472296053.0,0.004017742261280599
2021-09-23,3651.27,3670.95,3632.28,3642.22,,534995486.0,0.0037839431829769232
2021-09-24,3637.87,3651.43,3607.79,3613.07,,507304772.0,-0.00800336058777329
2021-09-27,3625.96,3640.81,3559.92,3582.83,,510802795.0,-0.008369613652655539
2021-09-28,3577.89,3610.92,3568.82,3602.22,,444168807.0,0.005411922977087924
2021-09-29,3573.52,3573.52,3518.05,3536.29,,452511151.0,-0.01830260228414693
2021-09-30,3541.93,3572.43,3541.93,3568.17,,395629626.0,0.009015097743680478
2021-10-08,3609.09,3612.55,3571.73,3592.17,,407161148.0,0.006726136927332593
2021-10-11,3600.36,3614.7,3586.75,3591.71,,394361159.0,-0.0001280563002308277
2021-10-12,3581.3,3583.64,3515.14,3546.94,,405393748.0,-0.012464814809658886
2021-10-13,3543.49,3569.13,3515.65,3561.76,,325050667.0,0.0041782494206275
2021-10-14,3555.11,3569.69,3547.18,3558.28,,294969196.0,-0.0009770450563766353
2021-10-15,3551.99,3578.77,3542.69,3572.37,,320292984.0,0.003959778319862384
2021-10-18,3571.05,3571.05,3539.48,3568.14,,340950616.0,-0.001184087874436357
2021-10-19,3562.3,3596.79,3560.62,3593.15,,334197652.0,0.007009254121194797
2021-10-20,3583.24,3596.05,3574.3,3587.0,,344245008.0,-0.0017115901089573837
2021-10-21,3590.05,3610.96,3576.35,3594.78,,352310867.0,0.0021689434067466706
2021-10-22,3594.75,3607.58,3578.76,3582.6,,353157203.0,-0.003388246290454533
2021-10-25,3574.26,3611.09,3564.21,3609.86,,321196816.0,0.007608999050968679
2021-10-26,3612.83,3625.02,3589.71,3597.64,,337278291.0,-0.003385172832187422
2021-10-27,3589.86,3589.86,3553.13,3562.31,,350620940.0,-0.00982032665858723
2021-10-28,3548.7,3552.04,3509.49,3518.42,,378171666.0,-0.01232065710171204
2021-10-29,3519.33,3547.34,3502.8,3547.34,,358809377.0,0.00821959856981258
2021-11-01,3530.4,3556.59,3519.29,3544.48,,382251325.0,-0.0008062379134788911
2021-11-02,3543.38,3559.05,3477.66,3505.63,,417563173.0,-0.010960705096375145
2021-11-03,3501.11,3512.61,3480.49,3498.54,,306607669.0,-0.002022461012713861
2021-11-04,3505.89,3527.95,3503.01,3526.87,,319440829.0,0.00809766359681463
2021-11-05,3520.21,3525.87,3491.46,3491.57,,354533565.0,-0.010008874724614092
2021-11-08,3491.97,3507.27,3484.24,3498.63,,298183722.0,0.0020220130199308795
2021-11-09,3507.11,3514.95,3489.04,3507.0,,287315989.0,0.0023923650114472395
2021-11-10,3498.94,3498.94,3448.44,3492.46,,307030708.0,-0.004145993726831998
2021-11-11,3486.45,3534.2,3482.83,3532.79,,322087957.0,0.011547734261809772
2021-11-12,3534.15,3543.65,3527.39,3539.1,,308683354.0,0.0017861237152505538
2021-11-15,3542.9,3550.44,3521.29,3533.3,,313017612.0,-0.0016388347319938878
2021-11-16,3530.46,3549.77,3517.81,3521.79,,310399909.0,-0.0032575779016783546
2021-11-17,3518.56,3537.51,3513.52,3537.37,,276735671.0,0.004423886716697911
2021-11-18,3531.49,3537.98,3513.11,3520.71,,312426927.0,-0.004709713713860864
2021-11-19,3519.28,3561.91,3517.65,3560.37,,317989976.0,0.011264773298567565
2021-11-22,3562.76,3585.19,3562.75,3582.08,,330009385.0,0.006097680859011856
2021-11-23,3580.51,3598.38,3577.36,3589.09,,360011593.0,0.0019569635519027795
2021-11-24,3590.02,3602.74,3575.29,3592.7,,336775246.0,0.0010058259893175325
2021-11-25,3593.39,3597.15,3579.53,3584.18,,306451518.0,-0.00237147549196981
2021-11-26,3576.11,3576.11,3554.88,3564.09,,301000066.0,-0.005605187239480114
2021-11-29,3528.67,3563.68,3526.36,3562.7,,333618331.0,-0.00039000137482503305
2021-11-30,3570.75,3582.12,3546.36,3563.89,,349187938.0,0.0003340163359251136
2021-12-01,3561.89,3576.89,3558.69,3576.89,,329873517.0,0.00364769956424027
2021-12-02,3573.25,3586.87,3567.14,3573.84,,354041524.0,-0.000852696057189295
2021-12-03,3576.45,3608.47,3573.21,3607.43,,377551048.0,0.009398853893850756
2021-12-06,3615.24,3626.13,3586.81,3589.31,,418676743.0,-0.005022966488608227
2021-12-07,3611.22,3614.22,3572.57,3595.09,,403842594.0,0.0016103373628915119
2021-12-08,3602.82,3637.72,3591.99,3637.57,,361036657.0,0.011816115869143662
2021-12-09,3641.16,3688.4,3638.7,3673.04,,431918157.0,0.009751015100740279
2021-12-10,3654.37,3667.85,3651.35,3666.35,,419988801.0,-0.0018213795657003873
2021-12-13,3686.94,3708.94,3678.06,3681.08,,424092009.0,0.00401761970351977
2021-12-14,3669.81,3671.68,3654.66,3661.53,,362171934.0,-0.005310941354167764
2021-12-15,3655.05,3668.4,3645.24,3647.63,,377477667.0,-0.0037962272601890223
2021-12-16,3648.93,3675.02,3644.66,3675.02,,381329507.0,0.007508985286336589
2021-12-17,3670.26,3673.65,3631.66,3632.36,,408487837.0,-0.011608100091972218
2021-12-20,3620.04,3643.95,3589.36,3593.6,,423851410.0,-0.010670748494092108
2021-12-21,3591.45,3627.09,3591.45,3625.13,,408184348.0,0.008773931433659898
2021-12-22,3632.68,3635.9,3616.55,3622.62,,394825177.0,-0.000692388962602819
2021-12-23,3625.47,3643.55,3618.05,3643.34,,382925734.0,0.0057196172935611855
2021-12-24,3645.39,3648.96,3612.07,3618.05,,390347625.0,-0.006941432861056085
2021-12-27,3613.05,3632.19,3601.94,3615.97,,329235293.0,-0.0005748953165379822
2021-12-28,3619.64,3631.08,3607.36,3630.11,,316202242.0,0.003910430672821041
2021-12-29,3630.92,3630.92,3596.32,3597.0,,305131766.0,-0.009120935729220347
2021-12-30,3596.49,3628.92,3595.5,3619.19,,307839291.0,0.00616902974701139
2021-12-31,3626.24,3642.84,3624.94,3639.78,,329681932.0,0.005689118283372929
2022-01-04,3649.15,3651.89,3610.09,3632.33,,405027769.0,-0.0020468270060278737
2022-01-05,3628.26,3628.26,3583.47,3595.18,,423902028.0,-0.010227594959709041
2022-01-06,3581.22,3594.49,3559.88,3586.08,,371540543.0,-0.002531166728786838
2022-01-07,3588.99,3607.23,3577.1,3579.54,,436306961.0,-0.0018237183777272126
2022-01-10,3572.74,3593.52,3555.13,3593.52,,356222610.0,0.003905529760807269
2022-01-11,3589.9,3602.15,3562.75,3567.44,,359761863.0,-0.007257507958770226
2022-01-12,3578.16,3599.5,3572.1,3597.43,,343132956.0,0.008406588478012234
2022-01-13,3601.03,3601.07,3555.16,3555.26,,369368365.0,-0.01172225727811227
2022-01-14,3544.07,3548.42,3519.32,3521.26,,376937024.0,-0.009563294948892631
2022-01-17,3522.09,3546.09,3519.43,3541.67,,312886733.0,0.005796220671009822
2022-01-18,3541.89,3579.31,3531.33,3569.91,,377146435.0,0.00797363955422159
2022-01-19,3567.63,3578.73,3541.66,3558.18,,333235269.0,-0.003285797120935796
2022-01-20,3556.23,3576.26,3540.55,3555.06,,379509846.0,-0.0008768527730468323
2022-01-21,3546.75,3547.0,3514.89,3522.57,,326534880.0,-0.009139086260147478
2022-01-24,3508.24,3531.61,3500.14,3524.11,,280268342.0,0.0004371808083303286
2022-01-25,3509.28,3519.83,3433.06,3433.06,,327353813.0,-0.025836310444339206
2022-01-26,3442.69,3462.12,3417.76,3455.67,,275122828.0,0.006585961212446145
2022-01-27,3456.1,3456.36,3392.02,3394.25,,280606534.0,-0.017773687881076583
2022-01-28,3407.59,3417.05,3356.56,3361.44,,290855257.0,-0.009666347499447614
2022-02-07,3407.76,3434.03,3407.76,3429.58,,320485211.0,0.020271074301489778
2022-02-08,3428.54,3453.19,3390.46,3452.63,,366093865.0,0.006720939590270536
2022-02-09,3450.82,3484.74,3444.08,3479.95,,350249936.0,0.007912808496711055
2022-02-10,3481.91,3488.86,3464.22,3485.91,,355666267.0,0.001712668285463792
2022-02-11,3472.28,3500.15,3459.33,3462.95,,361356090.0,-0.006586515429256701
2022-02-14,3451.85,3457.26,3415.45,3428.88,,315274448.0,-0.009838432550282161
2022-02-15,3428.04,3447.49,3421.64,3446.09,,275559322.0,0.005019131611488259
2022-02-16,3457.07,3475.06,3453.8,3465.83,,274993913.0,0.005728231125710526
2022-02-17,3464.21,3480.97,3454.28,3468.04,,297262682.0,0.0006376538953152266
2022-02-18,3451.63,3490.76,3447.03,3490.76,,295149963.0,0.00655125085062469
2022-02-21,3488.41,3492.2,3471.69,3490.61,,301541740.0,-4.297058520208452e-05
2022-02-22,3473.29,3473.39,3437.67,3457.15,,326279484.0,-0.009585717109616976
2022-02-23,3458.51,3490.76,3458.18,3489.15,,325604895.0,0.009256179222770111
2022-02-24,3474.37,3486.98,3400.21,3429.96,,488354901.0,-0.01696401702420358
2022-02-25,3445.34,3480.18,3440.93,3451.41,,377542556.0,0.006253717244515844
2022-02-28,3450.32,3462.31,3425.52,3462.31,,345838388.0,0.0031581295760283457
2022-03-01,3471.36,3491.13,3465.72,3488.83,,326001662.0,0.007659626087785254
2022-03-02,3478.29,3486.62,3467.0,3484.19,,329367684.0,-0.0013299587540808178
2022-03-03,3495.93,3500.29,3473.34,3481.11,,412594289.0,-0.0008839931232222931
2022-03-04,3459.98,3474.88,3437.7,3447.65,,393526581.0,-0.009611876671521413
2022-03-07,3438.56,3438.56,3360.74,3372.86,,393588999.0,-0.02169303728626748
2022-03-08,3372.55,3383.63,3287.34,3293.53,,415926766.0,-0.0235200986699714
2022-03-09,3303.71,3321.48,3147.68,3256.39,,466285569.0,-0.011276654531763852
2022-03-10,3312.18,3326.58,3291.24,3296.09,,378336376.0,0.012191414419034707
2022-03-11,3259.32,3315.66,3217.42,3309.75,,384067127.0,0.004144304312078795
2022-03-14,3271.89,3297.8,3223.53,3223.53,,337968687.0,-0.026050305914343874
2022-03-15,3192.36,3196.92,3063.97,3063.97,,465037164.0,-0.04949853111340685
2022-03-16,3107.67,3177.79,3023.3,3170.71,,444667189.0,0.03483715571627677
2022-03-17,3215.01,3260.17,3202.93,3215.04,,420813458.0,0.013981095716732117
2022-03-18,3207.15,3260.78,3197.36,3251.07,,373035611.0,0.011206703493580328
2022-03-21,3255.62,3267.5,3223.39,3253.69,,354228488.0,0.000805888522855458
2022-03-22,3249.54,3279.11,3239.53,3259.86,,361196158.0,0.0018963084989658263
2022-03-23,3264.79,3279.89,3251.98,3271.03,,349875370.0,0.0034265275195868306
2022-03-24,3256.06,3266.89,3236.66,3250.26,,329006654.0,-0.006349681904476601
2022-03-25,3247.16,3257.11,3211.64,3212.24,,340020006.0,-0.011697525736402814
2022-03-28,3185.17,3230.22,3159.83,3214.5,,344994873.0,0.0007035588872563725
2022-03-29,3216.01,3229.18,3196.46,3203.94,,316273649.0,-0.0032851143257116577
2022-03-30,3217.59,3266.6,3216.3,3266.6,,366753677.0,0.019557170234149268
2022-03-31,3256.14,3272.04,3246.06,3252.2,,398439934.0,-0.004408253229657766
2022-04-01,3234.67,3287.23,3226.3,3282.72,,378210460.0,0.009384416702539866
2022-04-06,3269.43,3288.11,3255.69,3283.43,,429642779.0,0.00021628405712337262
2022-04-07,3267.81,3290.26,3236.48,3236.7,,402626660.0,-0.014232068294436018
2022-04-08,3239.88,3257.09,3208.35,3251.85,,413826799.0,0.004680693298730221
2022-04-11,3239.86,3239.86,3156.51,3167.13,,424160185.0,-0.026052862216891848
2022-04-12,3165.12,3214.54,3140.9,3213.33,,418321923.0,0.014587339326140647
2022-04-13,3199.8,3225.47,3183.53,3186.82,,391156925.0,-0.008250008558100097
2022-04-14,3203.63,3240.0,3200.23,3225.64,,371242344.0,0.01218142223282137
2022-04-15,3210.7,3229.87,3200.13,3211.24,,407842082.0,-0.004464230354286336
2022-04-18,3185.94,3204.03,3166.98,3195.52,,347365123.0,-0.004895305240343206
2022-04-19,3192.09,3207.83,3174.71,3194.03,,339944104.0,-0.0004662777889044012
2022-04-20,3189.89,3191.83,3142.05,3151.05,,362047037.0,-0.013456354511385271
2022-04-21,3138.43,3160.9,3069.68,3079.81,,391934694.0,-0.02260833690357189
2022-04-22,3058.4,3105.66,3049.36,3086.92,,342000563.0,0.0023085839710892397
2022-04-25,3034.27,3043.82,2928.51,2928.51,,433606108.0,-0.051316522618014004
2022-04-26,2930.45,2957.68,2878.26,2886.43,,401615154.0,-0.014369081888059299
2022-04-27,2866.82,2959.18,2863.65,2958.28,,423060191.0,0.024892341057985323
2022-04-28,2945.81,2991.51,2936.79,2975.48,,375371775.0,0.005814189326230013
2022-04-29,2986.06,3048.49,2968.33,3047.06,,423932794.0,0.024056622796994054
2022-05-05,3044.85,3082.23,3042.12,3067.76,,383072875.0,0.006793433670489124
2022-05-06,3011.32,3030.69,2992.72,3001.56,,343264218.0,-0.021579263045349184
2022-05-09,2990.2,3015.94,2983.61,3004.14,,292061556.0,0.0008595530324231326
2022-05-10,2965.78,3043.78,2957.4,3035.84,,370660980.0,0.010552104762095116
2022-05-11,3035.39,3100.9,3034.67,3058.7,,423991912.0,0.007530041108885666
2022-05-12,3044.8,3072.16,3032.95,3054.99,,344440477.0,-0.0012129335992415724
2022-05-13,3068.03,3086.1,3059.25,3084.28,,331737852.0,0.009587592758077967
2022-05-16,3100.55,3102.58,3063.4,3073.75,,338108492.0,-0.0034140869181786826
2022-05-17,3076.5,3093.7,3057.64,3093.7,,330356537.0,0.006490443269621782
2022-05-18,3095.89,3105.84,3071.31,3085.98,,315037923.0,-0.002495393864951234
2022-05-19,3046.71,3096.96,3042.67,3096.96,,336600749.0,0.0035580269476795934
2022-05-20,3107.09,3146.57,3107.09,3146.57,,372336636.0,0.016018934697251463
2022-05-23,3150.49,3150.51,3127.9,3146.86,,353376325.0,9.21638482538345e-05
2022-05-24,3149.06,3153.13,3070.93,3070.93,,416312158.0,-0.024128814119471542
2022-05-25,3070.17,3107.63,3069.95,3107.46,,342259227.0,0.011895419302947463
2022-05-26,3111.48,3133.28,3079.48,3123.11,,370305518.0,0.005036267562575247
2022-05-27,3135.03,3151.05,3112.54,3130.24,,359463866.0,0.002282980746755481
2022-05-30,3141.96,3150.89,3123.15,3149.06,,349362285.0,0.006012318544265094
2022-05-31,3149.94,3188.6,3142.0,3186.43,,374523265.0,0.011867033336932176
2022-06-01,3179.69,3190.61,3160.04,3182.16,,365664432.0,-0.0013400576821082089
2022-06-02,3170.31,3197.28,3163.76,3195.46,,361770632.0,0.004179550996807224
2022-06-06,3196.96,3237.07,3181.65,3236.37,,422027835.0,0.012802538601641045
2022-06-07,3235.42,3253.09,3222.64,3241.76,,402203220.0,0.0016654461634486584
2022-06-08,3245.02,3266.63,3216.01,3263.79,,434183270.0,0.006795691229455558
2022-06-09,3259.49,3270.56,3223.48,3238.95,,422728372.0,-0.007610783782044828
2022-06-10,3214.18,3286.62,3210.81,3284.83,,439865730.0,0.014165084363759961
2022-06-13,3256.28,3272.99,3229.31,3255.55,,438578312.0,-0.00891370329666974
2022-06-14,3224.21,3289.13,3195.82,3288.91,,450388187.0,0.01024711646265608
2022-06-15,3289.1,3358.55,3288.85,3305.41,,550584131.0,0.005016859689076281
2022-06-16,3306.84,3319.69,3277.53,3285.38,,433220868.0,-0.0060597626315644915
2022-06-17,3265.51,3323.28,3262.89,3316.79,,395300700.0,0.009560537898203547
2022-06-20,3315.78,3333.9,3292.93,3315.43,,413460410.0,-0.00041003500372349677
2022-06-21,3313.79,3329.39,3279.83,3306.72,,394456891.0,-0.0026271102089321374
2022-06-22,3309.12,3311.02,3266.54,3267.2,,375529782.0,-0.011951420138384905
2022-06-23,3269.05,3320.15,3262.29,3320.15,,400614211.0,0.0162065377081293
2022-06-24,3324.74,3356.71,3322.95,3349.75,,390819734.0,0.008915259852717572
2022-06-27,3364.0,3393.31,3364.0,3379.19,,414117738.0,0.008788715575789308
2022-06-28,3377.68,3412.1,3358.87,3409.21,,412056516.0,0.008883785759309148
2022-06-29,3399.68,3414.65,3358.47,3361.52,,440573559.0,-0.013988577999008545
2022-06-30,3358.93,3417.01,3358.93,3398.62,,381243178.0,0.011036673885623127
2022-07-01,3400.26,3404.05,3378.36,3387.64,,350489299.0,-0.0032307230581823942
2022-07-04,3381.82,3405.62,3364.09,3405.43,,357737919.0,0.005251443482778617
2022-07-05,3411.13,3424.84,3372.06,3404.03,,411699672.0,-0.00041110814199663004
2022-07-06,3391.03,3391.03,3333.1,3355.35,,384630047.0,-0.014300696527351442
2022-07-07,3353.13,3375.86,3332.31,3364.4,,334400202.0,0.002697185092464416
2022-07-08,3380.37,3386.31,3354.12,3356.08,,322921072.0,-0.002472952086553404
2022-07-11,3341.1,3341.1,3297.01,3313.58,,342669193.0,-0.012663583704798476
2022-07-12,3307.22,3319.25,3277.08,3281.47,,334600539.0,-0.009690425461283625
2022-07-13,3279.6,3297.02,3266.48,3284.29,,331845669.0,0.0008593709526523163
2022-07-14,3277.45,3299.25,3261.49,3281.74,,355926432.0,-0.0007764235192385671
2022-07-15,3261.38,3288.92,3228.06,3228.06,,380156371.0,-0.016357176375946803
2022-07-18,3235.09,3278.47,3226.23,3278.1,,348346022.0,0.015501570602776793
2022-07-19,3278.72,3283.93,3256.02,3279.43,,315651918.0,0.00040572282724737896
2022-07-20,3291.55,3308.35,3287.74,3304.72,,301515123.0,0.007711705997688556
2022-07-21,3297.66,3300.53,3272.0,3272.0,,332358707.0,-0.009900990099009799
2022-07-22,3276.2,3293.64,3246.73,3269.97,,300690066.0,-0.0006204156479218126
2022-07-25,3269.71,3273.18,3243.03,3250.39,,271245744.0,-0.005987822518249364
2022-07-26,3254.19,3282.41,3246.04,3277.44,,259468676.0,0.008322078273684141
2022-07-27,3271.78,3282.57,3265.73,3275.76,,249131485.0,-0.000512595196250687
2022-07-28,3287.5,3305.71,3277.11,3282.58,,288055056.0,0.002081959606320183
2022-07-29,3282.81,3294.8,3246.37,3253.24,,307331047.0,-0.008938091379341873
2022-08-01,3246.62,3264.3,3225.55,3259.96,,292204805.0,0.0020656330304558157
2022-08-02,3231.26,3231.26,3155.19,3186.27,,394176168.0,-0.02260457183523723
2022-08-03,3188.89,3217.55,3159.46,3163.67,,324885673.0,-0.007092933116151445
2022-08-04,3179.43,3191.0,3155.7,3189.04,,260898943.0,0.008019167612298261
2022-08-05,3195.23,3228.89,3184.45,3227.03,,274683729.0,0.011912675915008997
2022-08-08,3218.85,3237.97,3214.08,3236.93,,254268050.0,0.0030678363696647892
2022-08-09,3235.74,3248.77,3227.54,3247.43,,259605467.0,0.0032438143549597953
2022-08-10,3242.36,3253.17,3217.81,3230.02,,257583592.0,-0.005361162519284424
2022-08-11,3243.47,3281.67,3237.9,3281.67,,300605376.0,0.015990613061219516
2022-08-12,3275.77,3288.22,3272.84,3276.89,,299932928.0,-0.0014565754631027383
2022-08-15,3268.37,3286.89,3261.82,3276.09,,287106773.0,-0.00024413391966149334
2022-08-16,3278.68,3295.02,3271.57,3277.88,,303592274.0,0.0005463830358751753
2022-08-17,3282.1,3296.0,3263.35,3292.53,,326124759.0,0.004469352142238314
2022-08-18,3286.37,3289.14,3270.56,3277.54,,301694778.0,-0.004552729967532643
2022-08-19,3275.62,3286.49,3258.06,3258.08,,333535471.0,-0.0059373798641664255
2022-08-22,3249.7,3278.17,3247.19,3277.79,,314537869.0,0.0060495752099396505
2022-08-23,3274.43,3284.6,3262.63,3276.22,,316566356.0,-0.00047898126481571435
2022-08-24,3279.17,3281.88,3212.39,3215.2,,366140577.0,-0.01862512285499751
2022-08-25,3223.46,3248.35,3199.12,3246.25,,336196165.0,0.009657253048021897
2022-08-26,3250.63,3266.27,3232.28,3236.22,,309927554.0,-0.0030897189064305053
2022-08-29,3203.1,3240.73,3199.0,3240.73,,297015097.0,0.0013936011766815248
2022-08-30,3240.18,3243.75,3212.63,3227.22,,294318914.0,-0.004168813816640138
2022-08-31,3216.53,3232.02,3184.39,3202.14,,344408829.0,-0.0077713945748972835
2022-09-01,3196.54,3214.56,3181.63,3184.98,,274660541.0,-0.00535891622477469
2022-09-02,3189.64,3198.28,3173.79,3186.48,,250456911.0,0.00047096057118101164
2022-09-05,3183.95,3199.91,3172.04,3199.91,,280675633.0,0.004214682031583372
2022-09-06,3207.93,3244.64,3203.82,3243.45,,318869689.0,0.013606632686544273
2022-09-07,3232.14,3253.77,3227.82,3246.29,,301014466.0,0.0008756108464751389
2022-09-08,3245.56,3253.7,3233.8,3235.59,,281680358.0,-0.003296070283307917
2022-09-09,3241.18,3266.2,3236.51,3262.05,,283827665.0,0.008177797557787025
2022-09-13,3272.05,3278.17,3259.66,3263.8,,276189823.0,0.0005364724636347518
2022-09-14,3224.68,3250.8,3221.96,3237.54,,255193365.0,-0.00804583614192056
2022-09-15,3248.97,3254.18,3174.39,3199.92,,325206121.0,-0.011619933653329362
2022-09-16,3189.83,3191.83,3126.4,3126.4,,316475893.0,-0.02297557438935971
2022-09-19,3122.75,3135.56,3101.22,3115.6,,249113662.0,-0.0034544524053224945
2022-09-20,3127.84,3140.03,3114.04,3122.41,,219942534.0,0.0021857748106304253
2022-09-21,3116.01,3129.82,3091.3,3117.18,,232972496.0,-0.0016749882302452557
2022-09-22,3098.77,3125.68,3092.82,3108.91,,221140689.0,-0.0026530389647052566
2022-09-23,3106.81,3124.66,3072.24,3088.37,,243057719.0,-0.006606817180297875
2022-09-26,3067.57,3102.65,3048.51,3051.23,,262698628.0,-0.012025761162036908
2022-09-27,3056.39,3094.04,3048.37,3093.86,,232735303.0,0.013971414806488003
2022-09-28,3089.1,3089.1,3044.86,3045.07,,230098650.0,-0.01576994434137291
2022-09-29,3067.47,3076.76,3026.08,3041.2,,230030416.0,-0.001270906744344269
2022-09-30,3042.17,3054.61,3021.93,3024.39,,204115336.0,-0.005527423385505714
2022-10-10,3026.94,3029.45,2968.28,2974.15,,243404828.0,-0.016611614242872053
2022-10-11,2978.06,2986.91,2953.5,2979.79,,208635950.0,0.00189634013079365
2022-10-12,2976.72,3025.51,2934.09,3025.51,,248013557.0,0.01534336312290474
2022-10-13,3008.3,3036.25,3004.5,3016.36,,249683281.0,-0.0030242835092265663
2022-10-14,3035.03,3084.27,3035.03,3071.99,,277304061.0,0.01844275882189117
2022-10-17,3060.52,3087.19,3052.71,3084.94,,262608618.0,0.00421550851402519
2022-10-18,3094.93,3099.92,3074.22,3080.96,,245634757.0,-0.0012901385440236002
2022-10-19,3073.26,3081.39,3044.38,3044.38,,230895310.0,-0.011872922725384316
2022-10-20,3029.3,3070.26,3013.69,3035.05,,244736145.0,-0.0030646634125831573
2022-10-21,3038.04,3055.42,3026.96,3038.93,,245254122.0,0.00127839739048774
2022-10-24,3034.75,3064.42,2965.17,2977.56,,298085356.0,-0.0201946079705686
2022-10-25,2969.16,3001.72,2944.26,2976.28,,255554160.0,-0.0004298821854135104
2022-10-26,2977.56,3028.35,2977.56,2999.5,,268689492.0,0.007801685325305341
2022-10-27,3005.04,3017.26,2981.69,2982.9,,265608254.0,-0.0055342557092848965
2022-10-28,2967.02,2974.24,2908.98,2915.93,,292531308.0,-0.02245130577625809
2022-10-31,2893.2,2926.02,2885.09,2893.48,,301994203.0,-0.0076990874266528175
2022-11-01,2899.5,2969.2,2896.76,2969.2,,319809578.0,0.026169180364128852
2022-11-02,2960.65,3019.05,2954.95,3003.37,,325078248.0,0.011508150343526813
2022-11-03,2981.2,3003.72,2977.72,2997.81,,259348567.0,-0.0018512537582782151
2022-11-04,2997.0,3081.59,2997.0,3070.8,,329806740.0,0.024347773874928702
2022-11-07,3062.86,3088.19,3054.46,3077.82,,320567097.0,0.0022860492379834785
2022-11-08,3077.31,3078.28,3047.46,3064.49,,256522007.0,-0.004330987517138896
2022-11-09,3064.46,3073.92,3046.19,3048.17,,235637324.0,-0.005325519091267994
2022-11-10,3031.69,3047.98,3022.85,3036.13,,270371798.0,-0.003949910930164613
2022-11-11,3099.65,3117.74,3070.3,3087.29,,409604534.0,0.016850398368976283
2022-11-14,3100.87,3121.41,3075.22,3083.4,,361788216.0,-0.0012600047290665106
2022-11-15,3081.13,3135.59,3074.5,3134.08,,331470577.0,0.01643640137510527
2022-11-16,3133.65,3145.75,3115.35,3119.98,,303429844.0,-0.004498927915050022
2022-11-17,3110.96,3115.44,3087.17,3115.43,,287028407.0,-0.0014583426816838774
2022-11-18,3116.73,3126.71,3096.89,3097.24,,299954276.0,-0.005838680374779748
2022-11-21,3078.06,3085.24,3056.17,3085.04,,256045549.0,-0.00393899084346061
2022-11-22,3084.23,3118.12,3076.32,3088.94,,327565927.0,0.0012641651323808123
2022-11-23,3084.74,3108.24,3075.32,3096.91,,326155449.0,0.002580173133825747
2022-11-24,3104.1,3113.24,3084.86,3089.31,,267482928.0,-0.002454059045952195
2022-11-25,3085.46,3111.42,3077.97,3101.69,,311431979.0,0.004007367340927326
2022-11-28,3055.29,3080.18,3034.7,3078.55,,305811284.0,-0.007460448981039369
2022-11-29,3096.11,3152.0,3096.11,3149.75,,391449748.0,0.02312777119098275
2022-11-30,3141.4,3158.57,3137.37,3151.34,,372718321.0,0.0005048019684101845
2022-12-01,3187.99,3198.41,3164.53,3165.47,,387013056.0,0.004483806888498032
2022-12-02,3160.58,3170.9,3149.84,3156.14,,307812484.0,-0.0029474296076096307
2022-12-05,3181.92,3213.44,3177.06,3211.81,,447398437.0,0.017638634534589803
2022-12-06,3200.28,3224.82,3195.08,3212.53,,373590296.0,0.0002241726627665308
2022-12-07,3204.94,3226.08,3188.67,3199.62,,354113078.0,-0.004018639514650535
2022-12-08,3196.02,3206.72,3187.26,3197.35,,320969294.0,-0.0007094592482856932
2022-12-09,3197.12,3212.11,3182.91,3206.95,,373343209.0,0.0030024864340782997
2022-12-12,3195.87,3196.72,3176.58,3179.04,,333381792.0,-0.008702973230016009
2022-12-13,3179.44,3187.2,3171.48,3176.33,,285821200.0,-0.0008524586038552995
2022-12-14,3178.55,3189.84,3168.59,3176.53,,265623569.0,6.296574978059688e-05
2022-12-15,3177.2,3179.1,3158.45,3168.65,,243023333.0,-0.002480694342568812
2022-12-16,3156.13,3175.35,3151.61,3167.86,,259771795.0,-0.000249317532703186
2022-12-19,3165.31,3170.26,3096.1,3107.12,,278513541.0,-0.01917382712619886
2022-12-20,3098.95,3100.75,3061.51,3073.77,,218836766.0,-0.010733412291768607
2022-12-21,3078.33,3085.8,3060.55,3068.41,,189067920.0,-0.0017437869456725652
2022-12-22,3085.8,3096.24,3044.6,3054.43,,223639537.0,-0.004556105605183158
2022-12-23,3038.84,3061.87,3031.54,3045.87,,192020305.0,-0.002802486879712407
2022-12-26,3048.2,3071.84,3047.35,3065.56,,206503893.0,0.0064644912619382655
2022-12-27,3077.75,3098.08,3074.31,3095.57,,222218322.0,0.009789402262555758
2022-12-28,3088.62,3098.65,3079.43,3087.4,,224554151.0,-0.002639255452146161
2022-12-29,3076.73,3086.0,3064.46,3073.7,,215570676.0,-0.004437390684718601
2022-12-30,3084.52,3096.31,3082.2,3089.26,,217545344.0,0.005062302762143478
2023-01-03,3087.51,3119.86,3073.05,3116.51,,281370362.0,0.00882088267093084
2023-01-04,3117.57,3129.09,3109.45,3123.52,,273313626.0,0.0022493109279289047
2023-01-05,3132.76,3159.43,3130.23,3155.22,,257003018.0,0.010148806474746364
2023-01-06,3155.07,3170.74,3151.84,3157.64,,257380255.0,0.000766982967907115
2023-01-09,3169.37,3183.58,3165.43,3176.08,,258115218.0,0.00583980441088916
2023-01-10,3178.02,3178.16,3165.14,3169.51,,232984175.0,-0.0020685876930051084
2023-01-11,3172.38,3184.76,3160.89,3161.84,,237742869.0,-0.002419932418575743
2023-01-12,3167.27,3171.59,3153.4,3163.45,,216671305.0,0.0005091971763275804
2023-01-13,3170.35,3195.31,3167.51,3195.31,,220226897.0,0.010071282934770664
2023-01-16,3198.52,3251.37,3197.32,3227.59,,306749549.0,0.0101023061925134
2023-01-17,3229.44,3231.26,3211.76,3224.24,,226592230.0,-0.0010379261306424636
2023-01-18,3227.59,3234.82,3220.37,3224.41,,212109730.0,5.272560355318312e-05
2023-01-19,3221.52,3240.28,3210.38,3240.28,,226465030.0,0.0049218306604930095
2023-01-20,3247.2,3267.06,3247.2,3264.81,,273219182.0,0.0075703334279753065
2023-01-30,3308.87,3310.49,3266.76,3269.32,,353325829.0,0.0013813973860654638
2023-01-31,3266.14,3277.25,3252.01,3255.67,,300162957.0,-0.004175180159788572
2023-02-01,3262.2,3284.92,3245.41,3284.92,,339509410.0,0.008984325806976834
2023-02-02,3291.78,3295.76,3272.41,3285.67,,333413133.0,0.00022831606249162917
2023-02-03,3275.66,3275.66,3235.35,3263.41,,293342814.0,-0.006774873922213764
2023-02-06,3244.7,3250.35,3226.21,3238.7,,267053107.0,-0.00757183436957054
2023-02-07,3245.23,3250.03,3233.83,3248.09,,250946450.0,0.0028993114521258523
2023-02-08,3251.5,3257.11,3230.44,3232.11,,234530481.0,-0.00491981441400946
2023-02-09,3227.73,3270.38,3225.77,3270.38,,254754529.0,0.011840562357098072
2023-02-10,3266.44,3269.99,3247.23,3260.67,,260626926.0,-0.0029690739302467017
2023-02-13,3256.99,3285.09,3252.63,3284.16,,297213188.0,0.007204040887302199
2023-02-14,3288.97,3293.73,3279.19,3293.28,,270974168.0,0.0027769657994738406
2023-02-15,3294.02,3296.2,3274.55,3280.49,,269939123.0,-0.0038836661322452226
2023-02-16,3281.74,3308.83,3231.34,3249.03,,380863545.0,-0.009590030757600121
2023-02-17,3244.73,3262.47,3223.26,3224.02,,278451237.0,-0.007697682077420054
2023-02-20,3230.47,3291.04,3225.84,3290.34,,325007733.0,0.020570591993846143
2023-02-21,3291.63,3308.79,3282.44,3306.52,,324409449.0,0.004917424946965898
2023-02-22,3292.05,3307.03,3286.72,3291.15,,255403985.0,-0.004648391662533391
2023-02-23,3293.52,3307.44,3275.36,3287.48,,262324304.0,-0.0011151117390577614
2023-02-24,3287.26,3288.39,3253.97,3267.16,,234206306.0,-0.006181026196357187
2023-02-27,3257.0,3276.58,3251.72,3258.03,,242855344.0,-0.002794475936287122
2023-02-28,3265.74,3280.42,3246.14,3279.61,,251625032.0,0.006623634527613387
2023-03-01,3279.14,3315.16,3272.04,3312.35,,318398704.0,0.009982894307554835
2023-03-02,3308.01,3320.74,3306.46,3310.65,,328520016.0,-0.0005132307878091824
2023-03-03,3314.77,3330.6,3302.62,3328.39,,343996919.0,0.005358464349900949
2023-03-06,3332.02,3333.06,3308.73,3322.03,,340530446.0,-0.0019108337664756059
2023-03-07,3320.21,3342.86,3284.41,3285.1,,389957956.0,-0.011116696718572738
2023-03-08,3271.88,3283.25,3263.69,3283.25,,260443547.0,-0.0005631487625946674
2023-03-09,3285.94,3289.06,3260.0,3276.09,,264021859.0,-0.0021807660092895143
2023-03-10,3255.51,3262.15,3229.5,3230.08,,281135410.0,-0.014044180715426124
2023-03-13,3228.12,3268.7,3228.12,3268.7,,294928087.0,0.011956360213988493
2023-03-14,3261.92,3262.0,3216.99,3245.31,,319906033.0,-0.00715574999235169
2023-03-15,3261.03,3273.12,3256.86,3263.31,,305168798.0,0.005546465514850718
2023-03-16,3244.47,3257.43,3224.72,3226.89,,327389632.0,-0.011160447521075256
2023-03-17,3245.26,3279.92,3240.16,3250.55,,343001022.0,0.007332137135136474
2023-03-20,3253.93,3267.99,3231.65,3234.91,,392517391.0,-0.004811493439571879
2023-03-21,3240.84,3256.0,3237.89,3255.65,,301810779.0,0.006411306651498805
2023-03-22,3263.41,3279.39,3255.74,3265.75,,290840462.0,0.0031022990800608774
2023-03-23,3258.78,3286.65,3252.99,3286.65,,306118393.0,0.006399755033300147
2023-03-24,3282.74,3282.74,3260.84,3265.65,,324513337.0,-0.006389484733695383
2023-03-27,3261.82,3261.82,3229.7,3251.4,,337861206.0,-0.004363602958063484
2023-03-28,3256.6,3264.1,3241.74,3245.38,,295682660.0,-0.0018515101187180916
2023-03-29,3253.62,3254.56,3229.58,3240.06,,296900508.0,-0.0016392533385921615
2023-03-30,3243.07,3263.74,3220.98,3261.25,,299898295.0,0.006540002345635676
2023-03-31,3263.41,3278.42,3260.04,3272.86,,283613746.0,0.003559984668455307
2023-04-03,3277.34,3299.73,3276.42,3296.4,,357676775.0,0.0071924860825087755
2023-04-04,3297.18,3312.56,3290.99,3312.56,,385871617.0,0.004902317679893242
2023-04-06,3302.75,3314.53,3296.06,3312.63,,327155424.0,2.113169270900883e-05
2023-04-07,3312.48,3328.85,3308.06,3327.65,,283032247.0,0.004534161678183102
2023-04-10,3331.51,3332.72,3309.92,3315.36,,340819845.0,-0.003693297071506896
2023-04-11,3317.08,3317.45,3298.25,3313.57,,320566055.0,-0.0005399112011968965
2023-04-12,3316.86,3330.71,3315.4,3327.18,,343025315.0,0.004107352492930483
2023-04-13,3321.27,3334.47,3309.25,3318.36,,347862106.0,-0.002650893549492328
2023-04-14,3326.37,3340.08,3316.81,3338.15,,338299275.0,0.005963789341723036
2023-04-17,3337.06,3385.61,3336.39,3385.61,,402809926.0,0.01421745577640321
2023-04-18,3379.23,3396.17,3375.78,3393.33,,348399486.0,0.002280239011581253
2023-04-19,3391.35,3394.96,3364.64,3370.13,,346123443.0,-0.006836941883046954
2023-04-20,3367.05,3371.37,3344.02,3367.03,,350354965.0,-0.0009198458219712435
2023-04-21,3364.0,3367.61,3301.26,3301.26,,387395098.0,-0.019533535489734244
2023-04-24,3300.81,3303.09,3264.93,3275.41,,354255626.0,-0.007830343565790154
2023-04-25,3276.4,3288.57,3229.45,3264.87,,380895729.0,-0.0032179177568609774
2023-04-26,3255.22,3277.98,3239.99,3264.1,,357917842.0,-0.00023584399991427585
2023-04-27,3256.23,3299.3,3253.11,3285.88,,341590534.0,0.006672589687815922
2023-04-28,3283.12,3324.88,3283.12,3323.27,,401554785.0,0.011378991320437626
2023-05-04,3306.48,3352.75,3302.03,3350.46,,483364916.0,0.008181700553972382
2023-05-05,3350.65,3364.14,3321.19,3334.5,,436504494.0,-0.0047635250085062975
2023-05-08,3340.99,3400.18,3340.99,3395.0,,534103659.0,0.018143649722597077
2023-05-09,3402.39,3418.95,3356.12,3357.67,,573013309.0,-0.010995581737849758
2023-05-10,3347.7,3349.72,3305.25,3319.15,,451739731.0,-0.011472241167237995
2023-05-11,3323.66,3333.25,3307.29,3309.55,,354258271.0,-0.00289230676528629
2023-05-12,3304.46,3319.13,3271.43,3272.36,,347314983.0,-0.011237177259748266
2023-05-15,3269.88,3310.74,3235.87,3310.74,,388045887.0,0.01172853842486754
2023-05-16,3310.16,3317.9,3282.49,3290.99,,322479410.0,-0.005965433709684276
2023-05-17,3281.97,3298.52,3269.89,3284.23,,285744050.0,-0.0020540931452237565
2023-05-18,3288.41,3313.86,3284.17,3297.32,,309967472.0,0.0039857135462497695
2023-05-19,3288.89,3302.34,3268.22,3283.54,,285404064.0,-0.004179151553382776
2023-05-22,3278.6,3308.53,3276.54,3296.47,,273889998.0,0.0039378232030065075
2023-05-23,3294.79,3298.23,3246.24,3246.24,,275279083.0,-0.015237511641240431
2023-05-24,3237.7,3237.7,3204.38,3204.75,,288720257.0,-0.012780940411060149
2023-05-25,3197.36,3207.02,3168.57,3201.26,,283588925.0,-0.001089008503003308
2023-05-26,3198.88,3220.77,3179.82,3212.5,,261700479.0,0.0035111174974853387
2023-05-29,3219.76,3230.97,3208.96,3221.45,,297389487.0,0.0027859922178987695
2023-05-30,3214.67,3230.63,3186.63,3224.21,,303532460.0,0.0008567570503965616
2023-05-31,3214.66,3216.36,3190.27,3204.56,,294573338.0,-0.006094516176055609
2023-06-01,3196.15,3225.09,3189.52,3204.63,,312330759.0,2.1843872481719373e-05
2023-06-02,3212.45,3233.99,3211.74,3230.07,,294667098.0,0.007938513962610472
2023-06-05,3231.81,3244.18,3221.63,3232.44,,278060203.0,0.0007337302287566683
2023-06-06,3228.41,3247.35,3189.27,3195.34,,308285872.0,-0.011477397879001594
2023-06-07,3197.47,3210.33,3188.01,3197.76,,258063400.0,0.0007573528951536623
2023-06-08,3194.83,3225.53,3180.54,3213.59,,293530741.0,0.004950340238166762
2023-06-09,3213.03,3231.41,3206.1,3231.41,,314155501.0,0.0055452002277824874
2023-06-12,3225.3,3239.44,3210.71,3228.83,,313784444.0,-0.0007984130766445219
2023-06-13,3223.9,3235.09,3215.5,3233.67,,280628454.0,0.0014989949919941292
2023-06-14,3238.12,3248.46,3226.77,3228.99,,303537260.0,-0.0014472719850820992
2023-06-15,3230.45,3252.98,3229.15,3252.98,,313255752.0,0.007429567759578148
2023-06-16,3256.3,3276.55,3255.5,3273.33,,326281846.0,0.00625580237197898
2023-06-19,3271.16,3271.16,3251.78,3255.81,,327753047.0,-0.0053523476093152444
2023-06-20,3252.54,3252.84,3237.79,3240.36,,298260596.0,-0.004745362905083428
2023-06-21,3230.11,3236.36,3197.9,3197.9,,294377372.0,-0.01310348232912395
2023-06-26,3177.23,3181.08,3144.25,3150.62,,308129811.0,-0.014784702460990062
2023-06-27,3153.31,3194.41,3148.27,3189.44,,287604327.0,0.01232138436244301
2023-06-28,3183.49,3192.66,3157.12,3189.38,,276231948.0,-1.8812079863539388e-05
2023-06-29,3185.42,3196.5,3179.53,3182.38,,250340074.0,-0.0021947839391982527
2023-06-30,3178.92,3212.99,3177.99,3202.06,,265379873.0,0.006184050930435614
2023-07-03,3209.16,3246.86,3209.16,3243.98,,312371395.0,0.013091572300331755
2023-07-04,3241.23,3246.96,3233.99,3245.35,,279248721.0,0.0004223207294742348
2023-07-05,3240.05,3241.84,3218.6,3222.95,,264016426.0,-0.0069021831235460684
2023-07-06,3215.86,3229.48,3199.72,3205.57,,246119032.0,-0.005392575125273358
2023-07-07,3197.47,3212.05,3189.21,3196.61,,255688469.0,-0.0027951347186303543
2023-07-10,3208.73,3216.53,3192.66,3203.7,,236560367.0,0.0022179746669126477
2023-07-11,3211.12,3221.68,3200.38,3221.37,,227600467.0,0.005515497705777639
2023-07-12,3220.38,3224.33,3193.44,3196.13,,271423386.0,-0.007835175717163745
2023-07-13,3202.7,3238.47,3202.7,3236.48,,276620508.0,0.012624642927540508
2023-07-14,3240.97,3248.38,3234.0,3237.7,,273327494.0,0.00037695273877780267
2023-07-17,3219.02,3219.02,3195.89,3209.63,,250208376.0,-0.008669734688204533
2023-07-18,3206.79,3210.25,3190.0,3197.82,,235030259.0,-0.003679551848655427
2023-07-19,3195.01,3204.36,3181.56,3198.84,,217355860.0,0.0003189672964707402
2023-07-20,3201.91,3209.06,3165.67,3169.52,,238932891.0,-0.009165822610696428
2023-07-21,3163.42,3185.64,3157.33,3167.75,,225331363.0,-0.0005584441808222929
2023-07-24,3157.47,3178.73,3151.13,3164.16,,216595211.0,-0.0011332965038276521
2023-07-25,3201.46,3231.75,3201.46,3231.52,,348617714.0,0.021288430420711935
2023-07-26,3228.09,3229.89,3212.88,3223.03,,317206051.0,-0.002627246620785173
2023-07-27,3225.48,3245.6,3210.47,3216.67,,327118867.0,-0.001973298417948355
2023-07-28,3206.74,3280.28,3200.99,3275.93,,411068434.0,0.018422778836498566
2023-07-31,3287.21,3322.13,3281.01,3291.04,,459030994.0,0.0046124306685431105
2023-08-01,3288.76,3305.34,3279.57,3290.95,,459890833.0,-2.7346978462738925e-05
2023-08-02,3281.86,3290.82,3252.3,3261.69,,405341499.0,-0.008891049696895914
2023-08-03,3254.57,3280.86,3247.27,3280.46,,384691317.0,0.005754685454472996
2023-08-04,3296.09,3315.05,3281.73,3288.08,,470927697.0,0.0023228449668644124
2023-08-07,3276.78,3276.78,3258.54,3268.83,,360341484.0,-0.005854480426267017
2023-08-08,3260.72,3274.52,3246.67,3260.62,,316520733.0,-0.002511602010505265
2023-08-09,3251.15,3257.08,3240.29,3244.49,,271218538.0,-0.004946911936993592
2023-08-10,3242.21,3257.03,3234.12,3254.56,,287412142.0,0.0031037235436077726
2023-08-11,3254.48,3254.48,3189.25,3189.25,,330137750.0,-0.02006722874981559
2023-08-14,3159.71,3180.51,3141.66,3178.43,,299840327.0,-0.0033926471741005937
2023-08-15,3180.56,3186.23,3147.35,3176.18,,273251922.0,-0.0007078966659640473
2023-08-16,3164.7,3176.63,3149.72,3150.13,,281728292.0,-0.008201676227417742
2023-08-17,3137.35,3167.45,3123.25,3163.74,,294692586.0,0.004320456616076163
2023-08-18,3165.1,3179.12,3131.95,3131.95,,294390352.0,-0.010048234052102867
2023-08-21,3125.99,3134.96,3092.98,3092.98,,265753423.0,-0.012442727374319396
2023-08-22,3103.78,3126.78,3074.53,3120.33,,309316335.0,0.008842604866504011
2023-08-23,3116.27,3116.38,3077.61,3078.4,,272244124.0,-0.013437681270891177
2023-08-24,3085.91,3106.18,3072.95,3082.24,,300024637.0,0.001247401247401081
2023-08-25,3068.62,3085.05,3053.04,3064.07,,293347686.0,-0.005895063330564665
2023-08-28,3219.04,3219.04,3089.12,3098.64,,485607764.0,0.011282379319010216
2023-08-29,3091.94,3145.76,3090.44,3135.89,,398875780.0,0.012021402938063197
2023-08-30,3144.41,3153.69,3126.9,3137.14,,347511867.0,0.0003986109206637334
2023-08-31,3134.55,3139.98,3113.95,3119.88,,313448242.0,-0.005501826504395679
2023-09-01,3126.02,3143.85,3123.19,3133.25,,292310992.0,0.0042854212341501
2023-09-04,3145.94,3177.06,3143.38,3177.06,,366391140.0,0.013982286762945773
2023-09-05,3169.74,3169.74,3150.08,3154.37,,294061849.0,-0.007141822943224296
2023-09-06,3147.14,3162.15,3136.9,3158.08,,267002230.0,0.0011761461084147662
2023-09-07,3152.2,3152.27,3120.82,3122.35,,269264733.0,-0.011313836254939758
2023-09-08,3114.23,3126.04,3104.67,3116.72,,228125064.0,-0.00180312905343738
2023-09-11,3119.61,3155.1,3113.82,3142.78,,290442917.0,0.008361354244205588
2023-09-12,3140.34,3147.51,3134.32,3137.06,,234672051.0,-0.0018200446738239062
2023-09-13,3137.77,3143.76,3106.97,3123.07,,249701038.0,-0.0044595895520008755
2023-09-14,3124.85,3135.03,3111.86,3126.55,,263990138.0,0.001114288184382639
2023-09-15,3133.59,3141.96,3107.45,3117.74,,292026365.0,-0.0028178023700246024
2023-09-18,3110.44,3128.7,3098.5,3125.93,,259444257.0,0.002626902820632937
2023-09-19,3123.99,3131.13,3113.53,3124.96,,253652761.0,-0.0003103076524425541
2023-09-20,3118.67,3122.13,3108.16,3108.57,,228124462.0,-0.00524486713429928
2023-09-21,3103.18,3113.49,3084.7,3084.7,,228659100.0,-0.007678771911200477
2023-09-22,3084.76,3132.56,3078.8,3132.43,,285978351.0,0.01547314163451885
2023-09-25,3131.21,3131.21,3112.15,3115.61,,258071885.0,-0.005369633160198228
2023-09-26,3114.02,3120.29,3102.27,3102.27,,222644313.0,-0.004281665548640623
2023-09-27,3104.04,3125.45,3103.84,3107.32,,240495830.0,0.001627840258907165
2023-09-28,3117.75,3121.84,3105.94,3110.48,,236329981.0,0.001016953516213226
2023-10-09,3100.0,3103.36,3072.64,3096.92,,264422205.0,-0.00435945577531438
2023-10-10,3104.37,3109.98,3073.19,3075.24,,255327379.0,-0.007000503726283025
2023-10-11,3085.7,3095.66,3071.94,3078.96,,259918692.0,0.001209661684941743
2023-10-12,3101.71,3109.99,3092.18,3107.9,,274827998.0,0.009399277678177054
2023-10-13,3092.0,3094.92,3080.55,3088.1,,255085235.0,-0.00637086135332543
2023-10-16,3091.06,3091.13,3063.69,3073.81,,263882363.0,-0.0046274408212169105
2023-10-17,3076.43,3084.07,3064.89,3083.5,,259019588.0,0.0031524394806445866
2023-10-18,3076.58,3076.58,3057.06,3058.71,,268647155.0,-0.008039565428895723
2023-10-19,3043.2,3043.2,3004.77,3005.39,,304038910.0,-0.01743218546380665
2023-10-20,2995.36,3006.27,2977.17,2983.06,,267113594.0,-0.007429984128515699
2023-10-23,2969.79,2973.66,2923.51,2939.29,,278904128.0,-0.014672852708292772
2023-10-24,2944.31,2964.76,2929.09,2962.24,,310985389.0,0.007808008056367388
2023-10-25,2986.41,2993.3,2972.42,2974.11,,332392004.0,0.004007102733067036
2023-10-26,2960.1,2990.33,2956.01,2988.3,,291814511.0,0.004771175242341386
2023-10-27,2978.4,3029.21,2974.88,3017.78,,321803717.0,0.009865140715456855
2023-10-30,3009.61,3028.26,3002.35,3021.55,,360604238.0,0.0012492627030467052
2023-10-31,3019.65,3023.0,3006.61,3018.77,,319859967.0,-0.0009200575863381744
2023-11-01,3038.18,3038.33,3013.93,3023.08,,280110445.0,0.0014277338121155836
2023-11-02,3028.66,3038.64,3009.12,3009.41,,268794581.0,-0.004521878349233233
2023-11-03,3012.47,3040.98,3012.47,3030.8,,268486347.0,0.007107705497090944
2023-11-06,3047.13,3058.99,3037.69,3058.41,,372949630.0,0.009109805991817321
2023-11-07,3052.92,3064.58,3042.47,3057.27,,326853455.0,-0.0003727426996380512
2023-11-08,3051.15,3062.99,3037.29,3052.37,,335677834.0,-0.0016027370824297504
2023-11-09,3047.65,3063.47,3045.83,3053.28,,315621764.0,0.0002981289948467136
2023-11-10,3043.56,3044.0,3027.09,3038.97,,285546497.0,-0.0046867630875649935
2023-11-13,3044.03,3048.62,3028.17,3046.53,,290430588.0,0.0024876849722110794
2023-11-14,3046.82,3059.53,3044.43,3056.07,,294844733.0,0.003131431497474191
2023-11-15,3077.03,3080.13,3064.35,3072.83,,304250107.0,0.005484167574695498
2023-11-16,3066.86,3071.45,3050.93,3050.93,,271079460.0,-0.007126980666031013
2023-11-17,3043.62,3055.86,3033.75,3054.37,,267606393.0,0.0011275250497388978
2023-11-20,3056.93,3072.51,3043.51,3068.32,,287556998.0,0.0045672266293868
2023-11-21,3074.83,3089.77,3063.34,3067.93,,330733102.0,-0.00012710538666116378
2023-11-22,3060.5,3067.96,3043.61,3043.61,,289056490.0,-0.007927169133585044
2023-11-23,3041.68,3062.87,3034.3,3061.86,,276592059.0,0.005996169022969511
2023-11-24,3060.33,3060.33,3037.2,3040.97,,287788413.0,-0.006822650284467713
2023-11-27,3038.19,3038.36,3015.01,3031.7,,310517868.0,-0.003048369434752729
2023-11-28,3028.6,3039.69,3020.23,3038.55,,268920746.0,0.002259458389682445
2023-11-29,3038.46,3038.98,3017.66,3021.69,,277956448.0,-0.005548699215086161
2023-11-30,3021.1,3030.91,3013.77,3029.67,,282945357.0,0.002640906247828312
2023-12-01,3027.35,3035.76,3010.23,3031.64,,286089700.0,0.0006502358342657111
2023-12-04,3033.3,3038.98,3022.35,3022.91,,288162053.0,-0.0028796295074613454
2023-12-05,3017.01,3017.01,2972.3,2972.3,,293943278.0,-0.016742145813140263
2023-12-06,2966.95,2985.31,2959.6,2968.93,,294104187.0,-0.0011338021061132464
2023-12-07,2965.65,2976.01,2949.14,2966.21,,296243687.0,-0.0009161549783928136
2023-12-08,2965.39,2980.83,2962.33,2969.56,,369138705.0,0.0011293873326567727
2023-12-11,2956.29,2995.67,2930.42,2991.44,,360216344.0,0.007368094936623715
2023-12-12,2986.33,3003.75,2980.45,3003.44,,287638762.0,0.004011445992565532
2023-12-13,2997.34,2997.34,2968.76,2968.76,,282754098.0,-0.0115467597155261
2023-12-14,2979.7,2986.18,2958.07,2958.99,,271457650.0,-0.003290936283162127
2023-12-15,2966.3,2976.31,2940.03,2942.56,,289327642.0,-0.005552570302704618
2023-12-18,2936.58,2951.15,2924.33,2930.8,,293086999.0,-0.0039965200369744824
2023-12-19,2928.76,2940.5,2914.13,2932.39,,265926980.0,0.0005425139893542319
2023-12-20,2932.12,2937.1,2902.04,2902.11,,265562454.0,-0.010326048035902313
2023-12-21,2892.02,2924.26,2882.02,2918.71,,282541827.0,0.005719976155280193
2023-12-22,2919.29,2935.7,2906.51,2914.78,,296628367.0,-0.0013464852623247259
2023-12-25,2909.88,2920.63,2903.99,2918.81,,229814178.0,0.001382608635986271
2023-12-26,2917.97,2917.97,2892.84,2898.88,,228140855.0,-0.006828125160596166
2023-12-27,2900.15,2917.96,2890.17,2914.61,,247900882.0,0.0054262335798653805
2023-12-28,2913.11,2961.65,2909.39,2954.7,,339213116.0,0.013754841985720079
2023-12-29,2950.84,2975.03,2950.02,2974.93,,290672687.0,0.00684671878701737
2024-01-02,2972.78,2976.27,2962.28,2962.28,,304141793.0,-0.004252200892121749
2024-01-03,2957.11,2971.28,2953.29,2967.25,,285455945.0,0.001677761724077298
2024-01-04,2965.51,2966.68,2936.63,2954.35,,264980924.0,-0.004347459769146522
2024-01-05,2949.82,2967.97,2916.72,2929.18,,301040239.0,-0.00851964053006582
2024-01-08,2923.46,2924.46,2887.54,2887.54,,270275055.0,-0.014215582517974279
2024-01-09,2887.11,2900.73,2878.41,2893.25,,262955975.0,0.001977461784079093
2024-01-10,2886.98,2903.16,2870.42,2877.7,,244046526.0,-0.005374578760909077
2024-01-11,2873.8,2896.18,2867.72,2886.65,,267050764.0,0.0031101226674081772
2024-01-12,2880.04,2904.17,2878.88,2881.98,,261602931.0,-0.0016177922505326015
2024-01-15,2872.56,2904.46,2869.22,2886.29,,244611236.0,0.0014954996217877436
2024-01-16,2881.56,2896.68,2861.13,2893.99,,286286714.0,0.002667784595449474
2024-01-17,2887.29,2887.49,2833.62,2833.62,,261251308.0,-0.020860472911101935
2024-01-18,2822.67,2849.26,2760.98,2845.78,,390396855.0,0.0042913305242058275
2024-01-19,2836.97,2849.88,2822.84,2832.28,,266664388.0,-0.004743866356499815
2024-01-22,2826.5,2828.32,2735.37,2756.34,,350165758.0,-0.02681232081573859
2024-01-23,2746.89,2784.84,2724.16,2770.98,,308749417.0,0.005311391192668546
2024-01-24,2782.14,2823.7,2743.4,2820.77,,369070600.0,0.01796837220044889
2024-01-25,2823.83,2906.79,2821.71,2906.11,,442009045.0,0.030254150462462492
2024-01-26,2897.91,2924.31,2890.48,2910.22,,421109084.0,0.0014142616762613525
2024-01-29,2910.61,2923.9,2883.33,2883.36,,410581311.0,-0.009229542783706912
2024-01-30,2866.28,2881.35,2829.25,2830.53,,335661226.0,-0.018322373897119992
2024-01-31,2815.5,2834.01,2782.59,2788.55,,377103965.0,-0.014831144697282861
2024-02-01,2773.42,2805.01,2752.78,2770.74,,352889185.0,-0.006386831866023734
2024-02-02,2773.29,2791.68,2666.33,2730.15,,426230199.0,-0.014649516013772401
2024-02-05,2716.08,2739.74,2635.09,2702.19,,478990292.0,-0.010241195538706727
2024-02-06,2680.48,2802.93,2669.67,2789.49,,502849313.0,0.032307128662307116
2024-02-07,2791.51,2829.7,2770.53,2829.7,,547117439.0,0.014414821347271456
2024-02-08,2832.49,2867.47,2827.9,2865.9,,531108893.0,0.012792875569848539
2024-02-19,2886.59,2910.54,2867.71,2910.54,,458967704.0,0.015576258766879514
2024-02-20,2902.88,2927.31,2887.47,2922.73,,350138735.0,0.004188226239804305
2024-02-21,2906.02,2994.61,2898.05,2950.96,,444245463.0,0.00965877792337988
2024-02-22,2945.45,2988.36,2944.5,2988.36,,354132536.0,0.012673841732859792
2024-02-23,2992.91,3009.14,2979.97,3004.88,,380083270.0,0.005528115755799146
2024-02-26,3002.12,3009.48,2967.06,2977.02,,409026558.0,-0.009271584888581264
2024-02-27,2966.42,3015.48,2961.15,3015.48,,372984687.0,0.012918959227684157
2024-02-28,3016.26,3031.49,2957.85,2957.85,,544109093.0,-0.01911138525209921
2024-02-29,2943.62,3015.17,2943.62,3015.17,,409696374.0,0.0193789407846916
2024-03-01,3013.82,3032.23,3003.76,3027.02,,379132184.0,0.0039301266595250794
2024-03-04,3026.61,3040.34,3007.68,3039.31,,387760002.0,0.004060098710943372
2024-03-05,3027.1,3052.54,3022.18,3047.79,,383509955.0,0.0027901069650677623
2024-03-06,3041.75,3060.56,3034.35,3039.93,,340982739.0,-0.002578917838827466
2024-03-07,3040.21,3063.69,3023.12,3027.4,,377154391.0,-0.004121805436309356
2024-03-08,3026.17,3049.19,3016.9,3046.02,,319204392.0,0.006150492171500321
2024-03-11,3042.62,3068.46,3035.45,3068.46,,361608821.0,0.0073669903677586746
2024-03-12,3068.18,3075.13,3044.86,3055.94,,415743914.0,-0.004080222652405485
2024-03-13,3053.34,3061.95,3031.9,3043.83,,365047453.0,-0.003962774138235758
2024-03-14,3042.41,3060.0,3020.64,3038.23,,364072290.0,-0.001839787373144941
2024-03-15,3031.52,3056.45,3023.22,3054.64,,360268463.0,0.005401171076580669
2024-03-18,3057.21,3085.31,3055.92,3084.93,,406653508.0,0.009916062121886782
2024-03-19,3077.98,3090.05,3062.63,3062.76,,384123680.0,-0.007186548803376325
2024-03-20,3058.65,3081.75,3056.65,3079.69,,349187729.0,0.005527693975368564
2024-03-21,3084.41,3090.05,3069.27,3077.11,,366877968.0,-0.0008377466563193048
2024-03-22,3070.55,3073.21,3027.76,3048.03,,394740486.0,-0.009450425886627367
2024-03-25,3040.5,3065.26,3026.31,3026.31,,387485389.0,-0.007125914115018617
2024-03-26,3026.92,3036.49,3006.26,3031.48,,345928787.0,0.0017083510942368374
2024-03-27,3026.81,3030.45,2993.14,2993.14,,343198010.0,-0.012647287793421058
2024-03-28,2988.59,3033.37,2984.12,3010.66,,353200026.0,0.005853384739771705
2024-03-29,3008.38,3041.3,3008.17,3041.17,,334822785.0,0.010133990553566452
2024-04-01,3049.02,3078.49,3049.02,3077.38,,375393640.0,0.011906601735516276
2024-04-02,3076.88,3085.54,3063.98,3074.96,,367304262.0,-0.000786383222091569
2024-04-03,3074.89,3079.02,3057.4,3069.3,,363211380.0,-0.0018406743502353828
2024-04-08,3057.33,3077.35,3045.47,3047.05,,402936740.0,-0.007249209917570831
2024-04-09,3044.61,3051.59,3033.21,3048.54,,333489965.0,0.0004889975550121939
2024-04-10,3045.96,3049.61,3013.59,3027.33,,348991721.0,-0.0069574288019839114
2024-04-11,3013.57,3050.34,3009.9,3034.25,,340894392.0,0.002285842640214364
2024-04-12,3035.58,3043.56,3014.83,3019.47,,334229771.0,-0.004871055450276107
2024-04-15,3013.67,3066.94,2995.54,3057.38,,461239244.0,0.012555183525585711
2024-04-16,3043.55,3052.43,3005.34,3007.07,,448070473.0,-0.01645526561958277
2024-04-17,3008.06,3071.38,3002.06,3071.38,,413358368.0,0.021386266365598372
2024-04-18,3060.03,3102.55,3057.76,3074.22,,416321349.0,0.000924665785412282
2024-04-19,3060.3,3080.32,3055.06,3065.26,,375543855.0,-0.0029145604413476356
2024-04-22,3059.06,3078.42,3042.54,3044.6,,357216399.0,-0.006740048152522271
2024-04-23,3038.61,3044.94,3016.52,3021.98,,325595128.0,-0.0074295473953884805
2024-04-24,3029.4,3045.64,3019.12,3044.82,,305264093.0,0.007557958689336175
2024-04-25,3037.93,3060.26,3034.65,3052.9,,292280148.0,0.0026536872458797767
2024-04-26,3054.98,3092.43,3054.98,3088.64,,439382563.0,0.011706901634511269
2024-04-29,3086.68,3119.69,3080.59,3113.04,,506925445.0,0.007899917115623767
2024-04-30,3110.16,3123.29,3104.29,3104.82,,440213213.0,-0.002640505743581767
2024-05-06,3132.51,3142.38,3126.77,3140.72,,450656899.0,0.011562667078928834
2024-05-07,3139.66,3151.22,3133.69,3147.74,,379102564.0,0.002235156269899896
2024-05-08,3141.49,3144.99,3126.17,3128.48,,334000320.0,-0.006118675621239245
2024-05-09,3128.16,3158.46,3128.16,3154.32,,360881462.0,0.008259602107093533
2024-05-10,3158.59,3163.14,3137.15,3154.55,,384287495.0,7.291587410285238e-05
2024-05-13,3139.48,3157.37,3126.17,3148.02,,397030565.0,-0.0020700258356977086
2024-05-14,3148.85,3155.81,3137.61,3145.77,,343526194.0,-0.0007147349762708366
2024-05-15,3141.25,3142.97,3117.93,3119.9,,321027962.0,-0.008223741723012101
2024-05-16,3127.18,3137.88,3116.16,3122.4,,367417361.0,0.0008013077342221564
2024-05-17,3121.71,3154.03,3116.78,3154.03,,383915244.0,0.010130028183448658
2024-05-20,3156.15,3174.27,3155.99,3171.15,,426867280.0,0.005427976271627166
2024-05-21,3164.68,3165.22,3148.34,3157.97,,335783572.0,-0.004156220929316001
2024-05-22,3157.19,3166.92,3152.46,3158.54,,354098082.0,0.00018049569818590072
2024-05-23,3149.88,3150.63,3110.28,3116.39,,353943727.0,-0.013344773218005868
2024-05-24,3110.75,3130.42,3087.79,3088.87,,306532279.0,-0.008830730428476485
2024-05-27,3094.14,3125.51,3091.99,3124.04,,319396765.0,0.011386040849890033
2024-05-28,3122.39,3130.31,3106.36,3109.57,,310066974.0,-0.00463182289599362
2024-05-29,3108.03,3128.14,3100.98,3111.02,,289970346.0,0.00046630241480327683
2024-05-30,3103.71,3121.22,3085.38,3091.68,,302380762.0,-0.006216610629311337
2024-05-31,3094.76,3107.6,3086.81,3086.81,,276072816.0,-0.0015751953630388504
2024-06-03,3085.98,3097.2,3061.28,3078.49,,357563362.0,-0.0026953392013114863
2024-06-04,3071.32,3095.32,3063.59,3091.2,,309287598.0,0.004128647486267623
2024-06-05,3086.05,3092.35,3064.74,3065.4,,290542344.0,-0.008346273291925388
2024-06-06,3069.44,3077.67,3040.83,3048.79,,369867104.0,-0.0054185424414432415
2024-06-07,3053.92,3065.02,3031.04,3051.28,,316342484.0,0.000816717451841642
2024-06-11,3042.13,3043.2,3013.86,3028.05,,310481942.0,-0.007613198395427512
2024-06-12,3025.3,3042.04,3021.31,3037.47,,279452106.0,0.0031109129637885147
2024-06-13,3038.09,3040.4,3022.82,3028.92,,297862463.0,-0.002814842615729396
2024-06-14,3020.96,3037.9,3011.58,3032.63,,348746753.0,0.001224859025659386
2024-06-17,3017.72,3026.62,3012.05,3015.89,,295763448.0,-0.0055199612217778915
2024-06-18,3015.07,3031.98,3012.52,3030.25,,273625999.0,0.004761446869746555
2024-06-19,3029.1,3030.23,3015.33,3018.05,,261296248.0,-0.004026070456232933
2024-06-20,3015.72,3028.51,3001.77,3005.44,,295515907.0,-0.004178194529580348
2024-06-21,2998.24,3011.91,2985.93,2998.14,,255001251.0,-0.002428928875638947
2024-06-24,2982.83,2990.64,2960.13,2963.1,,298653884.0,-0.01168724609257743
2024-06-25,2962.77,2971.65,2935.54,2950.0,,273209938.0,-0.004421045526644352
2024-06-26,2943.45,2976.67,2933.33,2972.53,,282388409.0,0.007637288135593279
2024-06-27,2962.7,2963.06,2944.9,2945.85,,270548519.0,-0.008975519170538293
2024-06-28,2940.3,2985.47,2939.98,2967.4,,315201432.0,0.007315375867746221
2024-07-01,2965.25,2996.41,2961.86,2994.73,,297782235.0,0.009210082900855898
2024-07-02,2992.86,3004.99,2989.47,2997.01,,281364683.0,0.000761337416060881
2024-07-03,2995.66,2998.54,2978.07,2982.38,,246284642.0,-0.004881531926820393
2024-07-04,2984.83,2995.57,2955.29,2957.57,,274268789.0,-0.008318859434411463
2024-07-05,2954.37,2957.11,2920.2,2949.93,,272324556.0,-0.0025832017500855287
2024-07-08,2939.84,2947.61,2917.23,2922.45,,277533424.0,-0.009315475282464347
2024-07-09,2919.57,2963.78,2904.04,2959.37,,315062031.0,0.012633235812417709
2024-07-10,2949.03,2958.86,2935.33,2939.36,,301549456.0,-0.0067615742539796075
2024-07-11,2957.25,2971.36,2947.4,2970.39,,328372424.0,0.010556719830167038
2024-07-12,2965.61,2977.14,2963.3,2971.3,,303713014.0,0.00030635707769022247
2024-07-15,2963.85,2977.31,2959.13,2974.01,,268992597.0,0.0009120586948474507
2024-07-16,2963.9,2977.36,2959.67,2976.3,,260783630.0,0.0007700041358300602
2024-07-17,2970.81,2972.79,2957.95,2962.85,,282307991.0,-0.004519033699559971
2024-07-18,2951.14,2978.09,2937.9,2977.13,,278022665.0,0.00481968375044306
2024-07-19,2963.51,2986.24,2955.12,2982.31,,280932413.0,0.001739930738664297
2024-07-22,2978.19,2978.6,2946.56,2964.22,,278749559.0,-0.006065767810858103
2024-07-23,2960.5,2960.5,2915.37,2915.37,,296295994.0,-0.01647988340946349
2024-07-24,2909.15,2922.03,2894.29,2901.95,,306118853.0,-0.004603189303587607
2024-07-25,2891.89,2897.77,2872.85,2886.74,,274639500.0,-0.005241303261599994
2024-07-26,2886.0,2899.12,2875.4,2890.9,,278387536.0,0.0014410719358168844
2024-07-29,2889.47,2898.95,2878.58,2891.85,,256899727.0,0.0003286173855892027
2024-07-30,2885.22,2885.22,2865.15,2879.3,,262478837.0,-0.004339782492176147
2024-07-31,2877.54,2940.59,2876.3,2938.75,,412723417.0,0.020647379571423485
2024-08-01,2940.12,2947.88,2928.83,2932.39,,346621137.0,-0.0021641854529987903
2024-08-02,2913.02,2931.26,2902.72,2905.34,,312205039.0,-0.009224557442904846
2024-08-05,2889.36,2919.03,2860.7,2860.7,,355540572.0,-0.015364811003187318
2024-08-06,2878.65,2888.2,2845.34,2867.28,,297300803.0,0.0023001363302690425
2024-08-07,2864.01,2886.94,2857.72,2869.83,,263097150.0,0.000889344605340181
2024-08-08,2864.76,2886.4,2850.87,2869.9,,289128632.0,2.4391688706382197e-05
2024-08-09,2879.87,2887.85,2862.19,2862.19,,284253916.0,-0.002686504756263308
2024-08-12,2858.89,2869.27,2851.3,2858.2,,244241371.0,-0.0013940374328749172
2024-08-13,2860.41,2867.95,2845.31,2867.95,,231674601.0,0.0034112378419983713
2024-08-14,2866.24,2866.24,2850.4,2850.65,,217885170.0,-0.006032183266793223
2024-08-15,2844.2,2889.09,2839.39,2877.36,,271900000.0,0.009369792854261316
2024-08-16,2877.94,2888.68,2873.06,2879.43,,263653441.0,0.0007194094586704392
2024-08-19,2877.95,2905.15,2877.77,2893.67,,261687730.0,0.00494542322612479
2024-08-20,2895.55,2896.52,2855.33,2866.66,,263658002.0,-0.009334167337671562
2024-08-21,2858.94,2863.89,2848.15,2856.58,,229200027.0,-0.0035162872471796724
2024-08-22,2856.2,2861.61,2845.5,2848.77,,245399415.0,-0.0027340386056052823
2024-08-23,2844.77,2860.73,2839.34,2854.37,,226692565.0,0.0019657606616187984
2024-08-26,2855.47,2860.65,2844.38,2855.52,,227351523.0,0.00040289100572099557
2024-08-27,2850.88,2853.78,2843.16,2848.73,,230693006.0,-0.0023778506191516335
2024-08-28,2844.33,2852.56,2830.96,2837.43,,228730623.0,-0.003966679888933067
2024-08-29,2829.45,2831.43,2815.38,2823.11,,277510534.0,-0.005046820538303964
2024-08-30,2819.65,2867.96,2817.01,2842.21,,397516975.0,0.006765588305096104
2024-09-02,2832.35,2839.28,2810.37,2811.04,,340714193.0,-0.010966818074667262
2024-09-03,2809.17,2814.9,2794.91,2802.98,,275736139.0,-0.0028672662075246436
2024-09-04,2786.5,2800.61,2781.94,2784.28,,257453500.0,-0.006671471077210667
2024-09-05,2785.26,2796.02,2777.47,2788.31,,242040948.0,0.0014474118982286122
2024-09-06,2791.76,2804.09,2765.64,2765.81,,253645375.0,-0.008069404047613027
2024-09-09,2754.72,2756.56,2726.97,2736.49,,261468847.0,-0.01060087280037314
2024-09-10,2737.88,2750.12,2718.63,2744.19,,262159015.0,0.002813823547683336
2024-09-11,2732.73,2732.73,2710.62,2721.8,,242264900.0,-0.008159056042037816
2024-09-12,2722.14,2734.68,2716.56,2717.12,,240084315.0,-0.0017194503637300018
2024-09-13,2718.99,2728.78,2703.37,2704.09,,251270038.0,-0.004795518784595387
2024-09-18,2705.35,2724.11,2689.7,2717.28,,247817132.0,0.00487779622719664
2024-09-19,2723.21,2747.74,2697.78,2736.02,,315208389.0,0.006896602484837588
2024-09-20,2734.23,2741.16,2717.95,2736.81,,285644627.0,0.0002887405793816633
2024-09-23,2735.39,2760.48,2731.36,2748.92,,257642154.0,0.004424859599314601
2024-09-24,2770.75,2863.15,2761.37,2863.13,,477619545.0,0.04154722581959458
2024-09-25,2901.42,2952.45,2889.05,2896.31,,568259816.0,0.011588715845944675
2024-09-26,2893.75,3000.95,2889.01,3000.95,,576319261.0,0.036128729314196306
2024-09-27,3049.1,3087.53,3017.45,3087.53,,492287163.0,0.028850863893100653
2024-09-30,3194.72,3358.59,3153.7,3336.5,,1102337917.0,0.08063727316009883
2024-10-08,3674.4,3674.4,3372.19,3489.78,,1313460195.0,0.04594035666117202
2024-10-09,3427.22,3437.16,3249.16,3258.86,,992757256.0,-0.06617036030924583
2024-10-10,3277.69,3379.81,3228.12,3301.93,,834500257.0,0.013216278084974498
2024-10-11,3287.87,3297.75,3187.99,3217.74,,606027433.0,-0.02549720920794807
2024-10-14,3241.43,3294.62,3203.9,3284.32,,631466859.0,0.020691541268095026
2024-10-15,3265.75,3285.21,3201.29,3201.29,,566054558.0,-0.025280727821893167
2024-10-16,3169.17,3236.85,3167.74,3202.95,,515813997.0,0.0005185409631742743
2024-10-17,3220.73,3241.57,3169.38,3169.38,,528611772.0,-0.01048096286236122
2024-10-18,3165.97,3313.98,3152.82,3261.56,,693014623.0,0.02908455281474609
2024-10-21,3276.06,3300.66,3239.1,3268.11,,668150299.0,0.0020082414550093297
2024-10-22,3263.82,3294.96,3255.14,3285.87,,574913781.0,0.005434333605661923
2024-10-23,3285.25,3331.08,3277.07,3302.8,,650444128.0,0.005152364518377306
2024-10-24,3287.82,3292.94,3266.88,3280.26,,519827074.0,-0.006824512534818972
2024-10-25,3280.76,3319.36,3276.13,3299.7,,595651707.0,0.005926359495893596
2024-10-28,3300.46,3322.2,3279.72,3322.2,,672373131.0,0.006818801709246314
2024-10-29,3328.09,3340.46,3284.21,3286.41,,725326154.0,-0.010772981759075262
2024-10-30,3273.64,3291.68,3244.81,3266.24,,669018090.0,-0.006137396125255212
2024-10-31,3267.98,3295.74,3252.39,3279.82,,784649094.0,0.0041576859018321866
2024-11-01,3275.58,3305.32,3258.73,3272.01,,852055320.0,-0.0023812282381350247
2024-11-04,3275.68,3310.21,3263.84,3310.21,,665077454.0,0.011674780945045926
2024-11-05,3306.81,3386.99,3302.05,3386.99,,821124902.0,0.023194903042405013
2024-11-06,3395.22,3421.0,3367.08,3383.81,,895855930.0,-0.0009388867401438628
2024-11-07,3359.99,3470.66,3356.26,3470.66,,959556680.0,0.025666334693732695
2024-11-08,3502.13,3509.82,3443.19,3452.3,,964034562.0,-0.005290060103841809
2024-11-11,3432.37,3471.12,3416.73,3470.07,,818025436.0,0.005147293108941797
2024-11-12,3469.89,3489.42,3402.04,3421.97,,817926524.0,-0.013861391845121362
2024-11-13,3406.92,3442.3,3404.53,3439.28,,673662348.0,0.0050584897003773666
2024-11-14,3429.51,3441.77,3376.15,3379.84,,631556690.0,-0.017282687074038794
2024-11-15,3369.81,3391.32,3330.73,3330.73,,630285583.0,-0.014530273622419987
2024-11-18,3344.69,3386.9,3309.01,3323.85,,743950692.0,-0.002065613243943498
2024-11-19,3324.88,3346.76,3284.13,3346.01,,625024151.0,0.006666967522601874
2024-11-20,3337.68,3375.25,3333.0,3367.99,,566154289.0,0.006569018024452866
2024-11-21,3362.94,3378.52,3348.86,3370.4,,530331830.0,0.0007155603193598203
2024-11-22,3368.04,3372.0,3267.19,3267.19,,630687790.0,-0.030622478044149082
2024-11-25,3274.88,3285.46,3232.92,3263.76,,538897390.0,-0.0010498318126584971
2024-11-26,3256.86,3285.33,3252.87,3259.76,,472219304.0,-0.0012255803122778186
2024-11-27,3250.59,3309.88,3227.36,3309.78,,511202303.0,0.015344687952487224
2024-11-28,3308.28,3319.26,3290.36,3295.7,,511953047.0,-0.004254059182181358
2024-11-29,3295.21,3357.5,3293.69,3326.46,,580227102.0,0.00933337379009025
2024-12-02,3328.48,3369.3,3323.01,3363.98,,668477762.0,0.011279257829644784
2024-12-03,3366.29,3386.62,3348.37,3378.81,,663030139.0,0.004408468540241017
2024-12-04,3376.57,3388.02,3352.94,3364.65,,621028862.0,-0.004190824580251551
2024-12-05,3353.06,3377.06,3353.06,3368.86,,543885746.0,0.0012512445573833464
2024-12-06,3370.94,3418.26,3364.21,3404.08,,698186572.0,0.010454575138177269
2024-12-09,3402.63,3426.65,3385.96,3402.53,,694905205.0,-0.0004553359498012943
2024-12-10,3490.29,3494.87,3417.77,3422.66,,794668034.0,0.005916185896964743
2024-12-11,3416.09,3437.81,3416.09,3432.49,,681544610.0,0.0028720352006919025
2024-12-12,3432.28,3464.12,3425.98,3461.5,,700096689.0,0.008451590536316278
2024-12-13,3442.93,3442.93,3390.75,3391.88,,777464144.0,-0.02011266791853239
2024-12-16,3390.08,3401.93,3376.54,3386.33,,625578996.0,-0.0016362607167706988
2024-12-17,3381.81,3396.21,3357.77,3361.49,,568941505.0,-0.007335374874864575
2024-12-18,3371.3,3396.46,3371.3,3382.21,,512524979.0,0.006163933255788345
2024-12-19,3355.9,3377.53,3346.47,3370.03,,513909063.0,-0.0036011956679212753
2024-12-20,3364.48,3390.62,3362.82,3368.07,,490964621.0,-0.000581597196464112
2024-12-23,3367.9,3384.99,3348.28,3351.26,,556747248.0,-0.0049909889046249045
2024-12-24,3353.54,3394.9,3352.95,3393.53,,471992673.0,0.0126131663911484
2024-12-25,3395.11,3406.21,3374.01,3393.35,,471315592.0,-5.3042112490575555e-05
2024-12-26,3389.34,3401.1,3380.26,3398.08,,422177271.0,0.001393902780438161
2024-12-27,3397.29,3418.95,3388.32,3400.14,,500488130.0,0.0006062246915905511
2024-12-30,3395.4,3412.84,3394.96,3407.33,,455262383.0,0.002114618809813784
2024-12-31,3406.97,3413.45,3351.76,3351.76,,502731062.0,-0.016308957453489925
2025-01-02,3347.94,3351.72,3242.09,3262.56,,561375199.0,-0.02661288397737316
2025-01-03,3267.08,3273.57,3205.78,3211.43,,517592014.0,-0.01567174243538816
2025-01-06,3209.78,3219.49,3185.46,3206.92,,430978403.0,-0.0014043588058901824
2025-01-07,3203.31,3230.85,3190.46,3229.64,,409660529.0,0.0070846793808387876
2025-01-08,3218.86,3246.29,3175.72,3230.17,,472864390.0,0.00016410497764463017
2025-01-09,3220.72,3228.97,3205.91,3211.39,,382943557.0,-0.005813935489463518
2025-01-10,3211.71,3220.11,3168.52,3168.52,,403663348.0,-0.013349359623091472
2025-01-13,3148.83,3172.7,3140.98,3160.76,,372742023.0,-0.0024490929519144222
2025-01-14,3165.16,3245.22,3159.43,3240.94,,469212704.0,0.025367316721294886
2025-01-15,3234.72,3245.9,3222.24,3227.12,,404723199.0,-0.0042641949557844505
2025-01-16,3239.03,3265.28,3217.1,3236.03,,430655539.0,0.002760975730682569
2025-01-17,3226.76,3256.51,3219.77,3241.82,,383599260.0,0.0017892293952774807
2025-01-20,3256.15,3268.26,3238.12,3244.38,,403337948.0,0.0007896798711835018
2025-01-21,3256.83,3258.61,3229.07,3242.62,,384583718.0,-0.0005424765286434763
2025-01-22,3235.49,3235.5,3203.38,3213.62,,364817518.0,-0.008943385287206063
2025-01-23,3237.6,3273.52,3229.57,3230.16,,458246803.0,0.005146843746304697
2025-01-24,3222.88,3260.01,3221.71,3252.63,,398653033.0,0.006956311761646461
2025-01-27,3256.61,3274.39,3250.6,3250.6,,387467642.0,-0.0006241103353287203
2025-02-05,3270.16,3271.02,3220.28,3229.49,,406388181.0,-0.006494185688796006
2025-02-06,3226.58,3271.43,3225.85,3270.66,,460842730.0,0.012748142895627534
2025-02-07,3269.23,3324.43,3262.51,3303.67,,600558451.0,0.010092764151578004
2025-02-10,3308.04,3325.36,3299.24,3322.17,,546589749.0,0.0055998329130935165
2025-02-11,3323.67,3324.17,3304.44,3318.06,,511943541.0,-0.0012371431925518594
2025-02-12,3312.26,3346.39,3310.39,3346.39,,513437828.0,0.008538121673508092
2025-02-13,3343.23,3359.18,3332.48,3332.48,,568631161.0,-0.004156718135064907
2025-02-14,3328.48,3349.08,3322.53,3346.72,,532332965.0,0.004273093912041448
2025-02-17,3355.42,3357.12,3333.19,3355.83,,589546569.0,0.0027220681742123887
2025-02-18,3348.98,3366.01,3314.3,3324.49,,562679240.0,-0.009338971282812358
2025-02-19,3320.78,3352.09,3320.58,3351.54,,502912965.0,0.008136586363622689
2025-02-20,3347.59,3355.56,3338.03,3350.78,,504357114.0,-0.00022676142907429586
2025-02-21,3356.69,3381.06,3339.03,3379.11,,608190206.0,0.008454747849754307
2025-02-24,3374.08,3384.81,3355.87,3373.03,,598188203.0,-0.0017992903456827136
2025-02-25,3345.65,3369.56,3337.84,3346.04,,527578562.0,-0.00800170766343622
2025-02-26,3351.21,3380.21,3351.21,3380.21,,553992031.0,0.010212071583125093
2025-02-27,3378.45,3388.78,3353.57,3388.06,,575815020.0,0.0023223409196468925
2025-02-28,3374.66,3383.19,3318.72,3320.9,,568319504.0,-0.019822553319598812
2025-03-03,3328.4,3349.02,3304.59,3316.93,,502417862.0,-0.0011954590623024508
2025-03-04,3300.5,3327.82,3297.53,3324.21,,429996111.0,0.002194800613820602
2025-03-05,3324.7,3342.71,3314.15,3341.96,,460952696.0,0.005339614524954905
2025-03-06,3353.57,3387.05,3348.68,3381.1,,539992709.0,0.011711690145902454
2025-03-07,3373.18,3390.94,3363.93,3372.55,,517663551.0,-0.0025287628286650987
2025-03-10,3373.26,3375.8,3347.19,3366.16,,450380832.0,-0.0018947087515382988
2025-03-11,3335.44,3379.83,3334.83,3379.83,,448468323.0,0.004061007201083822
2025-03-12,3385.69,3392.41,3370.22,3371.92,,502195100.0,-0.0023403543965228035
2025-03-13,3371.09,3377.12,3341.12,3358.73,,519013479.0,-0.003911717952976401
2025-03-14,3361.69,3421.23,3360.61,3419.56,,582663388.0,0.018111012198062992
2025-03-17,3430.81,3436.35,3422.46,3426.13,,515685138.0,0.0019212998163506967
2025-03-18,3434.57,3437.07,3423.3,3429.76,,454916063.0,0.0010595044554644328
2025-03-19,3424.17,3439.05,3414.59,3426.43,,440316299.0,-0.0009709134166823175
2025-03-20,3425.22,3427.05,3404.66,3408.95,,451630682.0,-0.005101519657486064
2025-03-21,3401.76,3414.71,3355.84,3364.83,,520862630.0,-0.012942401619266852
2025-03-24,3364.83,3373.69,3340.24,3370.03,,513310260.0,0.0015453975386572338
2025-03-25,3370.0,3379.99,3361.05,3369.98,,456357393.0,-1.4836663175143983e-05
2025-03-26,3365.67,3382.34,3365.67,3368.7,,428533770.0,-0.0003798242126066276
2025-03-27,3362.71,3394.03,3351.17,3373.75,,414776314.0,0.0014990946062278798
2025-03-28,3372.04,3375.05,3346.08,3351.31,,412284289.0,-0.006651352352723294
2025-03-31,3343.34,3361.74,3317.74,3335.75,,472571978.0,-0.004642960513948302
2025-04-01,3340.71,3357.62,3338.78,3348.44,,422588670.0,0.003804241924604712
2025-04-02,3344.17,3361.13,3343.12,3350.13,,350127364.0,0.0005047126423050052
2025-04-03,3319.61,3358.43,3319.61,3342.01,,400517827.0,-0.0024237865396268266
2025-04-07,3193.1,3217.78,3040.69,3096.58,,662199584.0,-0.07343784129909858
2025-04-08,3094.26,3145.55,3085.12,3145.55,,662242387.0,0.015814220850099314
2025-04-09,3110.01,3186.81,3070.08,3186.81,,684797174.0,0.01311694298294408
2025-04-10,3227.84,3239.94,3201.57,3223.64,,591208273.0,0.01155701155701161
2025-04-11,3219.51,3249.85,3211.35,3238.23,,475531804.0,0.004525939621049524
2025-04-14,3251.98,3272.72,3244.73,3262.81,,471373220.0,0.007590566451425529
2025-04-15,3260.69,3268.98,3246.34,3267.66,,396662895.0,0.0014864487972023888
2025-04-16,3267.67,3276.0,3233.79,3276.0,,429534854.0,0.002552285121463216
2025-04-17,3261.72,3285.92,3258.15,3280.34,,382012698.0,0.0013247863247862757
2025-04-18,3270.35,3283.09,3262.39,3276.73,,358836193.0,-0.0011004956803258858
2025-04-21,3273.14,3298.64,3270.01,3291.43,,379307588.0,0.004486179819515046
2025-04-22,3289.17,3311.15,3288.33,3299.76,,403167615.0,0.0025308148737783753
2025-04-23,3308.15,3312.19,3293.06,3296.36,,411633212.0,-0.0010303779668824342
2025-04-24,3295.15,3313.51,3286.24,3297.29,,392844749.0,0.000282129379072682
2025-04-25,3300.39,3305.26,3288.75,3295.06,,411043192.0,-0.0006763129721680805
2025-04-28,3292.06,3296.93,3279.88,3288.41,,410665863.0,-0.00201817265846449
2025-04-29,3281.45,3294.98,3277.63,3286.65,,388961672.0,-0.0005352130664970645
2025-04-30,3284.08,3292.2,3277.55,3279.03,,435794335.0,-0.0023184701747980263
2025-05-06,3295.25,3316.45,3286.99,3316.11,,474369617.0,0.011308222248652688
2025-05-07,3354.97,3356.69,3324.81,3342.67,,511159606.0,0.008009384489658045
2025-05-08,3331.21,3359.73,3327.9,3352.0,,428377766.0,0.002791181899499451
2025-05-09,3350.41,3351.22,3335.13,3342.0,,398909191.0,-0.002983293556085953
2025-05-12,3352.97,3372.47,3344.27,3369.24,,418239910.0,0.008150807899461432
2025-05-13,3386.23,3386.23,3370.25,3374.87,,426240700.0,0.0016709999881279192
2025-05-14,3374.24,3417.31,3368.08,3403.95,,464934441.0,0.008616628196048914
2025-05-15,3398.43,3402.87,3378.02,3380.82,,424100916.0,-0.006795046930771487
2025-05-16,3374.71,3380.29,3356.66,3367.46,,395401030.0,-0.003951704024467428
2025-05-19,3365.88,3373.6,3356.65,3367.58,,403074805.0,3.563516715865411e-05
2025-05-20,3371.69,3387.8,3369.96,3380.48,,405544534.0,0.0038306439639148593
2025-05-21,3380.21,3394.75,3380.21,3387.57,,412496165.0,0.0020973352896631603
2025-05-22,3381.87,3390.59,3376.23,3380.19,,394217206.0,-0.0021785527679133443
2025-05-23,3376.87,3389.47,3348.37,3348.37,,400227004.0,-0.00941367201252008
2025-05-26,3346.56,3362.31,3336.36,3346.84,,347562101.0,-0.0004569387493018606
2025-05-27,3346.5,3351.57,3332.49,3340.69,,344071157.0,-0.0018375542302589976
2025-05-28,3341.85,3348.23,3336.73,3339.93,,341555443.0,-0.00022749791210807668
2025-05-29,3340.4,3368.63,3337.42,3363.45,,393233806.0,0.007042063755827277
2025-05-30,3358.81,3361.28,3341.65,3347.49,,385602170.0,-0.004745127770592661
2025-06-03,3340.07,3367.0,3340.07,3361.98,,398060772.0,0.004328616366292337
2025-06-04,3363.39,3379.64,3363.39,3376.2,,386494643.0,0.004229650384594663
2025-06-05,3378.22,3387.76,3371.15,3384.1,,406252093.0,0.002339908773177024
2025-06-06,3384.29,3391.45,3379.76,3385.36,,380122886.0,0.00037232942288945026
2025-06-09,3388.78,3402.05,3383.07,3399.77,,427347947.0,0.004256563556017667
2025-06-10,3402.01,3406.45,3365.67,3384.82,,481618568.0,-0.004397356291749088
2025-06-11,3385.46,3413.51,3385.46,3402.32,,424090313.0,0.005170141986870824
2025-06-12,3397.97,3408.2,3388.87,3402.66,,409490610.0,9.993181123468808e-05
2025-06-13,3397.48,3401.55,3370.59,3377.0,,510065221.0,-0.0075411589756249064
2025-06-16,3369.37,3389.76,3368.88,3388.73,,405383278.0,0.0034734971868521924
2025-06-17,3388.18,3393.31,3376.42,3387.4,,390012447.0,-0.0003924774177936907
2025-06-18,3386.14,3391.71,3369.99,3388.81,,378684891.0,0.0004162484501386565
2025-06-19,3384.29,3386.92,3353.94,3362.11,,415327655.0,-0.007878871934395848
2025-06-20,3358.91,3370.8,3357.71,3359.9,,350223662.0,-0.0006573253105937038
2025-06-23,3349.46,3389.45,3347.65,3381.58,,384561397.0,0.006452572993243866
2025-06-24,3380.08,3423.78,3380.08,3420.57,,460963800.0,0.011530113142377285
2025-06-25,3419.09,3459.01,3417.41,3455.97,,509384064.0,0.010349152334260037
2025-06-26,3451.72,3462.75,3446.19,3448.45,,496541077.0,-0.0021759448143358062
2025-06-27,3450.69,3462.63,3421.04,3424.23,,523129432.0,-0.007023445316011512
2025-06-30,3423.47,3447.46,3420.11,3444.43,,457348049.0,0.0058991364481941755
2025-07-01,3445.85,3459.59,3441.04,3457.75,,444356739.0,0.0038671129911189706
2025-07-02,3458.17,3461.33,3447.96,3454.79,,498116776.0,-0.0008560480080977984
2025-07-03,3456.15,3463.62,3446.97,3461.15,,438543465.0,0.0018409223136572894
2025-07-04,3459.59,3497.22,3455.49,3472.32,,500195210.0,0.0032272510581743408
2025-07-07,3467.98,3474.8,3462.79,3473.13,,436631340.0,0.00023327343102019782
2025-07-08,3474.63,3499.89,3474.63,3497.48,,493484773.0,0.007010967052773598
2025-07-09,3498.72,3512.67,3491.2,3493.05,,523920088.0,-0.0012666262566189967
2025-07-10,3491.5,3526.59,3491.5,3509.68,,564159805.0,0.0047608823234708275
2025-07-11,3511.37,3555.22,3506.8,3510.18,,664185249.0,0.00014246313054178117
2025-07-14,3513.25,3532.12,3513.25,3519.65,,572084705.0,0.002697867345834215
2025-07-15,3519.81,3527.04,3483.38,3505.0,,572074726.0,-0.00416234568778151
2025-07-16,3502.9,3511.81,3489.14,3503.78,,470878578.0,-0.0003480741797431408
2025-07-17,3500.37,3517.28,3499.19,3516.83,,472211056.0,0.003724548915742254
2025-07-18,3519.48,3536.01,3518.23,3534.48,,493484088.0,0.005018724248826434
2025-07-21,3542.82,3560.63,3542.57,3559.79,,633649736.0,0.007160883637762794
2025-07-22,3561.63,3584.72,3547.25,3581.86,,716155230.0,0.006199803921017821
2025-07-23,3588.88,3613.02,3577.59,3582.3,,767672388.0,0.00012284120540728694
2025-07-24,3578.91,3608.73,3577.11,3605.73,,773265835.0,0.006540490746168581
2025-07-25,3604.45,3610.03,3586.22,3593.66,,697189549.0,-0.0033474497535866954
2025-07-28,3594.23,3606.27,3582.15,3597.94,,594187877.0,0.0011909863481798233
2025-07-29,3595.81,3611.35,3585.94,3609.71,,610642058.0,0.003271316364364063
2025-07-30,3608.35,3636.17,3593.73,3615.72,,637221916.0,0.0016649536943409426
2025-07-31,3604.7,3606.37,3562.61,3573.21,,654509349.0,-0.011756994457535419
2025-08-01,3568.26,3581.75,3550.04,3559.95,,509563080.0,-0.003710948978649542
2025-08-04,3547.16,3583.31,3547.16,3583.31,,458573618.0,0.00656188991418416
2025-08-05,3588.81,3617.6,3586.97,3617.6,,499797780.0,0.009569364637723288
2025-08-06,3615.81,3634.31,3613.99,3633.99,,512467273.0,0.004530628040689821
2025-08-07,3637.78,3645.12,3622.52,3639.67,,535501202.0,0.0015630202614758115
2025-08-08,3634.85,3645.37,3625.45,3635.13,,526407572.0,-0.0012473658326166426
2025-08-11,3637.05,3656.85,3629.63,3647.55,,551393348.0,0.0034166591016002723
2025-08-12,3647.96,3669.04,3647.96,3665.92,,536623739.0,0.00503625721374612
2025-08-13,3668.66,3688.63,3666.55,3683.46,,613528884.0,0.0047846106843574265
2025-08-14,3685.52,3704.77,3662.57,3666.44,,647829587.0,-0.004620655579265165
2025-08-15,3659.81,3702.26,3658.38,3696.77,,678521703.0,0.00827232956219115
2025-08-18,3712.5,3745.94,3702.38,3728.03,,776016669.0,0.008456030534764292
2025-08-19,3728.49,3746.67,3718.15,3727.29,,696099750.0,-0.00019849625673618032
2025-08-20,3716.68,3767.43,3704.99,3766.21,,679836426.0,0.010441902830206518
2025-08-21,3770.68,3787.98,3757.99,3771.1,,691552959.0,0.0012983875036176595
2025-08-22,3772.28,3825.76,3772.28,3825.76,,698136277.0,0.014494444591763855
2025-08-25,3848.16,3883.56,3839.97,3883.56,,885474802.0,0.01510810923842576
2025-08-26,3871.47,3888.6,3859.76,3868.38,,734565305.0,-0.0039087847232950335
2025-08-27,3869.61,3887.2,3800.35,3800.35,,858633499.0,-0.017586173023332763
2025-08-28,3796.71,3845.09,3761.42,3843.6,,788351947.0,0.011380530740589645
2025-08-29,3842.82,3867.61,3839.21,3857.93,,739462366.0,0.0037282755749816765
2025-09-01,3869.75,3879.05,3853.66,3875.53,,747709536.0,0.004562031970512859
2025-09-02,3877.09,3885.31,3828.68,3858.13,,762618833.0,-0.004489708504385237
2025-09-03,3865.29,3868.39,3794.88,3813.56,,645668510.0,-0.011552228670366205
2025-09-04,3807.76,3808.4,3732.84,3765.88,,710227933.0,-0.012502753332843786
2025-09-05,3761.88,3817.16,3745.31,3812.51,,626223380.0,0.012382232041382224
2025-09-08,3811.67,3833.14,3803.6,3826.84,,660066898.0,0.0037586786657608506
2025-09-09,3816.66,3834.67,3791.72,3807.29,,600239380.0,-0.0051086536149931305
2025-09-10,3806.58,3827.0,3794.06,3812.22,,534539825.0,0.001294884287774245
2025-09-11,3806.06,3875.31,3796.43,3875.31,,617012930.0,0.016549412153548326
2025-09-12,3875.51,3892.74,3866.54,3870.6,,700641784.0,-0.0012153866400365088
2025-09-15,3876.1,3879.74,3855.97,3860.5,,644793944.0,-0.0026094145610499053
2025-09-16,3865.98,3876.69,3838.65,3861.87,,673439723.0,0.000354876311358554
2025-09-17,3854.07,3882.67,3848.95,3876.34,,663434713.0,0.0037468894602874503
2025-09-18,3876.06,3899.96,3801.0,3831.66,,876027389.0,-0.011526336699051232
2025-09-19,3830.44,3843.17,3811.9,3820.09,,682292613.0,-0.0030195789814335683
2025-09-22,3822.01,3831.74,3806.2,3828.58,,568325686.0,0.0022224607273650943
2025-09-23,3830.14,3838.61,3774.53,3821.83,,701902868.0,-0.0017630557543527603
2025-09-24,3804.48,3854.92,3804.33,3853.64,,602056670.0,0.008323237820625273
2025-09-25,3852.43,3866.11,3840.46,3853.3,,589950531.0,-8.82282724903316e-05
2025-09-26,3839.86,3856.61,3828.11,3828.11,,551275335.0,-0.006537253782472163
2025-09-29,3828.17,3881.0,3809.54,3862.53,,608466399.0,0.00899138217031381
2025-09-30,3869.7,3887.57,3866.28,3882.78,,569734631.0,0.005242677726774891
2025-10-09,3898.31,3936.58,3885.74,3933.97,,725218501.0,0.013183852806494256
2025-10-10,3915.48,3933.01,3886.31,3897.03,,718917673.0,-0.009390005516056177
2025-10-13,3800.11,3895.83,3800.11,3889.5,,709506101.0,-0.0019322407063840918
2025-10-14,3910.78,3918.44,3851.12,3865.23,,800839631.0,-0.00623987659082148
2025-10-15,3867.54,3912.29,3857.67,3912.21,,645012955.0,0.012154516031387619
2025-10-16,3900.68,3931.05,3899.17,3916.23,,595451491.0,0.0010275522019522754
2025-10-17,3912.04,3921.06,3835.36,3839.76,,617563018.0,-0.019526432308623276
2025-10-20,3865.55,3877.72,3850.37,3863.89,,549261712.0,0.006284246932099835
2025-10-21,3870.75,3919.32,3868.15,3916.33,,599415713.0,0.01357181493261983
2025-10-22,3896.07,3918.59,3893.33,3913.76,,543117344.0,-0.0006562266203307132
2025-10-23,3904.16,3926.22,3877.53,3922.41,,565189264.0,0.0022101508523770796
2025-10-24,3929.12,3950.31,3928.96,3950.31,,567858443.0,0.007112973911447273
2025-10-27,3969.22,3999.07,3963.1,3996.94,,637589545.0,0.01180413689052262
2025-10-28,3986.89,4010.73,3976.83,3988.22,,577357684.0,-0.0021816689767673036
2025-10-29,3990.27,4016.33,3986.94,4016.33,,612917466.0,0.007048257117210133
2025-10-30,4007.82,4025.7,3984.83,3986.9,,668485609.0,-0.007327585133691694
2025-10-31,3985.06,3986.74,3951.73,3954.79,,675615406.0,-0.008053876445358599
2025-11-03,3954.08,3977.31,3937.02,3976.52,,641245945.0,0.0054946027475542
2025-11-04,3973.46,3985.88,3938.52,3960.19,,615493792.0,-0.004106605775904493
2025-11-05,3922.58,3979.75,3922.58,3969.25,,614991618.0,0.002287769021183328
2025-11-06,3973.35,4008.8,3973.35,4007.76,,627367547.0,0.009702084776721076
2025-11-07,3994.32,4012.01,3993.69,3997.56,,596507034.0,-0.0025450625785975456
2025-11-10,4001.79,4018.7,3990.84,4018.6,,634049993.0,0.005263210558440701
2025-11-11,4023.88,4024.94,3991.52,4002.76,,581994921.0,-0.003941671228786081
2025-11-12,3996.56,4020.38,3980.68,4000.14,,586193228.0,-0.0006545483616305914
2025-11-13,3996.51,4030.4,3994.77,4029.5,,613031061.0,0.007339743108991215
2025-11-14,4007.13,4034.08,3990.31,3990.49,,622017118.0,-0.009681101873681652
2025-11-17,3988.56,3992.4,3958.95,3972.03,,592017950.0,-0.004625998310984314
2025-11-18,3962.44,3966.89,3926.59,3939.81,,594411046.0,-0.008111721210564915
2025-11-19,3937.92,3960.05,3930.07,3946.74,,531149601.0,0.0017589680720644374
2025-11-20,3960.7,3967.97,3927.51,3931.05,,534749540.0,-0.003975432888915775
2025-11-21,3896.66,3912.01,3834.75,3834.89,,631646251.0,-0.02446165782678933
2025-11-24,3848.66,3854.33,3816.58,3836.77,,504601716.0,0.0004902357042835259
2025-11-25,3850.57,3882.03,3845.14,3870.02,,478727611.0,0.008666143657295011
2025-11-26,3867.43,3879.92,3861.18,3864.18,,457589755.0,-0.00150903612901232
2025-11-27,3867.2,3895.59,3864.13,3875.26,,444021947.0,0.0028673612512875035
2025-11-28,3870.94,3888.89,3856.25,3888.6,,449931973.0,0.0034423496746023297
2025-12-01,3894.21,3914.46,3890.95,3914.01,,537554133.0,0.00653448541891688
2025-12-02,3908.46,3908.77,3888.33,3897.71,,455584494.0,-0.0041645269174069854
2025-12-03,3894.16,3901.7,3869.95,3878.0,,485617270.0,-0.005056815412126658
2025-12-04,3879.74,3888.86,3859.05,3875.79,,445040290.0,-0.0005698813821557458
2025-12-05,3873.12,3907.78,3863.31,3902.81,,500368768.0,0.006971481943036206
2025-12-08,3909.23,3936.31,3904.74,3924.08,,547349789.0,0.0054499194170354315
2025-12-09,3916.51,3923.9,3902.13,3909.52,,524538256.0,-0.0037104238445698767
2025-12-10,3901.13,3906.12,3876.47,3900.5,,497331504.0,-0.00230718860627388
2025-12-11,3903.89,3904.96,3862.82,3873.32,,525658600.0,-0.00696833739264191
2025-12-12,3869.41,3891.81,3850.6,3889.35,,573947130.0,0.004138568463230463
2025-12-15,3865.4,3896.98,3863.63,3867.92,,500922790.0,-0.005509918109709799
2025-12-16,3861.51,3862.43,3815.84,3824.81,,512494827.0,-0.011145525243541732
2025-12-17,3822.51,3881.75,3818.0,3870.28,,512313692.0,0.011888172222934035
2025-12-18,3857.26,3888.29,3856.42,3876.37,,461172625.0,0.0015735295637524516
2025-12-19,3878.23,3902.67,3871.78,3890.45,,513511893.0,0.0036322642059452015
2025-12-22,3900.54,3920.01,3900.52,3917.36,,522938992.0,0.0069169376293232165
2025-12-23,3919.11,3937.13,3910.74,3919.98,,521156952.0,0.0006688177752363078
2025-12-24,3920.35,3947.04,3912.31,3940.95,,474896447.0,0.005349517089372924
2025-12-25,3937.72,3964.07,3936.08,3959.62,,469313093.0,0.004737436404927742
2025-12-26,3957.83,3977.71,3945.52,3963.68,,555489592.0,0.0010253509175122133
2025-12-29,3964.65,3983.98,3956.95,3965.28,,563687197.0,0.0004036652807493102
2025-12-30,3947.87,3979.99,3947.42,3965.12,,525932588.0,-4.035024008397503e-05
2025-12-31,3968.73,3977.54,3955.49,3968.84,,490751490.0,0.000938180937777533
2026-01-05,3986.97,4025.26,3983.58,4023.42,,596950455.0,0.013752129085576659
2026-01-06,4026.02,4083.67,4025.09,4083.67,,702472270.0,0.014974822414761668
2026-01-07,4083.84,4098.78,4069.44,4085.77,,683384352.0,0.0005142433154490256
2026-01-08,4077.72,4093.87,4067.12,4082.98,,666131337.0,-0.0006828578211696135
2026-01-09,4086.76,4121.72,4083.62,4120.43,,729837985.0,0.00917222224943548
2026-01-12,4134.89,4168.36,4119.88,4165.29,,839456089.0,0.010887213227745551
2026-01-13,4169.7,4179.7,4126.23,4138.76,,868382717.0,-0.006369304418179733
2026-01-14,4138.65,4190.87,4103.62,4126.09,,952551289.0,-0.003061303385555103
2026-01-15,4106.22,4133.07,4096.85,4112.6,,680250791.0,-0.003269439105787697
2026-01-16,4127.06,4140.23,4091.81,4101.91,,763588465.0,-0.0025993288916987822
2026-01-19,4090.72,4126.52,4090.06,4114.0,,688905870.0,0.002947407427271731
2026-01-20,4116.37,4128.93,4080.29,4113.65,,734362496.0,-8.507535245516618e-05
2026-01-21,4103.53,4135.96,4103.53,4116.94,,666989507.0,0.0007997763543325931
2026-01-22,4126.07,4140.84,4109.92,4122.58,,709695409.0,0.0013699495256185301
2026-01-23,4130.11,4143.75,4120.2,4136.16,,782115454.0,0.003294053723639001
2026-01-26,4144.78,4160.99,4124.7,4132.61,,887439731.0,-0.0008582840122239865
2026-01-27,4125.22,4158.8,4101.83,4139.9,,754990869.0,0.001764018380636001
2026-01-28,4150.22,4170.15,4138.02,4151.24,,823026748.0,0.00273919659895161
2026-01-29,4155.92,4170.21,4138.3,4157.98,,905908371.0,0.0016236112583227769
2026-01-30,4131.99,4152.85,4064.78,4117.95,,804342746.0,-0.009627270934444043
2026-02-02,4079.71,4103.41,4013.66,4015.75,,732953698.0,-0.024818174091477463
2026-02-03,4043.91,4069.42,4002.78,4067.74,,637684249.0,0.01294652306542976
2026-02-04,4064.68,4104.62,4062.68,4102.2,,674254244.0,0.008471534562189298
2026-02-05,4075.03,4088.9,4048.94,4075.92,,596722236.0,-0.006406318560772228
2026-02-06,4040.3,4095.03,4029.97,4065.58,,556709801.0,-0.0025368505760663407
2026-02-09,4103.54,4123.16,4093.06,4123.09,,572632582.0,0.01414558316402581
2026-02-10,4127.77,4134.34,4117.56,4128.37,,524620969.0,0.0012805929533432625
2026-02-11,4124.43,4142.56,4122.43,4131.98,,500685278.0,0.0008744371265172468
2026-02-12,4136.99,4140.59,4124.13,4134.02,,529370116.0,0.0004937100373187953
2026-02-13,4115.92,4123.84,4079.77,4082.07,,500799472.0,-0.012566460733136386
2026-02-24,4129.13,4131.55,4105.94,4117.41,,566322249.0,0.008657372362551374
2026-02-25,4123.78,4167.84,4122.7,4147.23,,724787214.0,0.007242416956290354
2026-02-26,4151.07,4152.19,4127.15,4146.63,,651702826.0,-0.00014467487937719348
2026-02-27,4128.9,4166.23,4128.36,4162.88,,682047646.0,0.003918844941555033
2026-03-02,4151.8,4188.77,4131.37,4182.59,,861579218.0,0.0047347028979936034
2026-03-03,4189.41,4197.23,4116.01,4122.68,,921139170.0,-0.014323660698275398
2026-03-04,4087.63,4106.04,4055.41,4082.47,,765169531.0,-0.009753364316415603
2026-03-05,4109.78,4125.62,4090.62,4108.57,,689746535.0,0.006393188437392006
2026-03-06,4085.9,4129.46,4085.9,4124.19,,646765760.0,0.0038018093886680315
2026-03-09,4098.7,4106.53,4052.55,4096.6,,797803556.0,-0.006689798481641085
2026-03-10,4098.59,4123.96,4098.59,4123.14,,674922194.0,0.00647854318215102
2026-03-11,4123.67,4135.84,4112.8,4133.43,,707727169.0,0.0024956707751859764
2026-03-12,4133.2,4141.65,4103.16,4129.1,,786151182.0,-0.0010475561458642701
2026-03-13,4117.57,4134.08,4086.85,4095.45,,792054764.0,-0.008149475672664885
2026-03-16,4092.25,4096.13,4048.09,4084.79,,732227098.0,-0.002602888571463402
2026-03-17,4086.3,4108.4,4049.58,4049.91,,678771224.0,-0.00853899466068031
2026-03-18,4053.31,4065.37,4023.03,4062.98,,623873102.0,0.003227232210098574
2026-03-19,4028.54,4042.02,3994.17,4006.55,,667255422.0,-0.01388882052089846
2026-03-20,4004.57,4022.7,3955.71,3957.05,,666798387.0,-0.012354769065655025
2026-03-23,3904.95,3906.62,3794.68,3813.28,,804738850.0,-0.03633262152360972
2026-03-24,3849.63,3881.42,3807.99,3881.28,,680622039.0,0.01783241723660467
2026-03-25,3892.27,3933.06,3891.82,3931.84,,688343626.0,0.013026630389974425
2026-03-26,3924.96,3937.1,3880.57,3889.08,,615973981.0,-0.010875315373972572
2026-03-27,3852.09,3924.11,3852.09,3913.72,,561342963.0,0.006335688646157855
2026-03-30,3884.28,3924.29,3872.78,3923.29,,595589479.0,0.0024452439111637414
2026-03-31,3924.07,3948.81,3891.86,3891.86,,606704983.0,-0.008011133512944468
2026-04-01,3939.57,3955.94,3929.92,3948.55,,564611598.0,0.014566299918290948
2026-04-02,3940.8,3952.58,3900.12,3919.29,,544212835.0,-0.007410315178989824
2026-04-03,3927.59,3929.53,3871.3,3880.1,,492699082.0,-0.009999260070063687
2026-04-07,3884.15,3902.61,3875.68,3890.16,,473615076.0,0.0025927166825596704
2026-04-08,3930.25,3995.0,3926.25,3995.0,,644135352.0,0.02695004832706105
2026-04-09,3967.63,3979.13,3955.25,3966.17,,541569801.0,-0.007216520650813463
2026-04-10,3985.46,4011.02,3979.81,3986.22,,546415541.0,0.005055254817619925
2026-04-13,3971.2,3991.26,3966.2,3988.56,,545781768.0,0.0005870222917951917
2026-04-14,4006.73,4026.63,3992.41,4026.63,,570259003.0,0.009544798122630871
2026-04-15,4039.47,4050.62,4020.9,4027.21,,569458589.0,0.00014404104673126916
2026-04-16,4030.14,4057.83,4028.91,4055.55,,545876967.0,0.0070371299236942075
2026-04-17,4043.38,4058.6,4038.43,4051.43,,548791406.0,-0.0010158918025916508
2026-04-20,4053.37,4083.19,4051.69,4082.13,,589841379.0,0.007577571376032655
2026-04-21,4075.85,4086.64,4062.13,4085.08,,576689450.0,0.0007226619436422332
2026-04-22,4074.81,4106.84,4074.68,4106.26,,582466346.0,0.005184720984656499
2026-04-23,4110.79,4114.84,4070.46,4093.25,,671166092.0,-0.0031683332278034104
2026-04-24,4081.03,4092.61,4061.15,4079.9,,605031798.0,-0.003261467049410549
2026-04-27,4074.81,4092.83,4071.08,4086.34,,589950867.0,0.001578470060540793
2026-04-28,4076.14,4090.2,4062.87,4078.64,,600507498.0,-0.001884326805894787
2026-04-29,4061.82,4112.15,4061.82,4107.51,,614221451.0,0.0070783398387699314
2026-04-30,4107.3,4118.76,4100.97,4112.16,,656912728.0,0.001132072715586796
2026-05-06,4135.45,4166.15,4129.91,4160.17,,701177480.0,0.011675129372398008
2026-05-07,4168.45,4180.21,4163.14,4180.09,,685574249.0,0.004788265864135388
2026-05-08,4163.85,4183.06,4154.25,4179.95,,697019094.0,-3.349210184477869e-05
2026-05-11,4201.35,4229.58,4186.08,4225.02,,762736287.0,0.010782425627100967
2026-05-12,4229.28,4230.18,4199.34,4214.49,,718984002.0,-0.0024922958944574303
2026-05-13,4192.31,4245.07,4192.31,4242.57,,705018739.0,0.006662727874547025
2026-05-14,4256.16,4258.86,4177.92,4177.92,,764235004.0,-0.01523840502337015
2026-05-15,4174.18,4191.81,4114.09,4135.39,,733162357.0,-0.01017970664828427
2026-05-18,4120.14,4145.66,4108.6,4131.53,,627233137.0,-0.0009334065227223354
2026-05-19,4122.96,4170.29,4107.99,4169.54,,617611067.0,0.00919998160487756
2026-05-20,4152.7,4169.85,4139.97,4162.18,,624152035.0,-0.0017651827299892675
2026-05-21,4174.38,4199.53,4074.22,4077.28,,727218701.0,-0.02039796452820397
2026-05-22,4096.17,4120.09,4067.75,4112.9,,589459644.0,0.00873621630106336
2026-05-25,4126.34,4153.88,4119.8,4152.57,,615930861.0,0.009645262466872584
2026-05-26,4137.32,4150.29,4104.46,4145.37,,654777756.0,-0.0017338660155036267
2026-05-27,4138.81,4153.56,4077.62,4093.73,,660467399.0,-0.01245727160663579
2026-05-28,4080.3,4110.78,4055.83,4098.64,,621179950.0,0.00119939517261769
2026-05-29,4110.52,4112.96,4055.89,4068.57,,731597710.0,-0.007336579938711396
2026-06-01,4067.16,4093.04,4045.69,4057.74,,676025806.0,-0.0026618689121731265
2026-06-02,4061.46,4089.57,4032.58,4075.1,,642244656.0,0.004278243554293848
2026-06-03,4068.34,4107.05,4059.91,4083.97,,668452583.0,0.002176633702240416
2026-06-04,4053.67,4080.72,4043.43,4057.78,,621194774.0,-0.0064128776656047215
2026-06-05,4044.83,4078.93,4015.06,4027.74,,662918577.0,-0.00740306275845426
2026-06-08,3938.71,4007.49,3927.85,3959.34,,659293555.0,-0.016982228247106268
2026-06-09,3977.54,4010.87,3955.91,4010.03,,576570090.0,0.01280263882364241
2026-06-10,3985.12,4006.31,3963.44,3993.23,,598694739.0,-0.004189494841684516
2026-06-11,3979.71,3997.48,3958.44,3987.01,,568545244.0,-0.0015576362994367265
2026-06-12,4017.86,4060.27,4008.18,4031.51,,743131092.0,0.01116124614686198
2026-06-15,4053.58,4097.17,4051.07,4096.47,,678907811.0,0.016113069296615823
2026-06-16,4094.21,4103.93,4077.87,4091.89,,615668296.0,-0.001118035772262549
2026-06-17,4074.29,4109.96,4073.73,4108.08,,608077413.0,0.003956606849157662
2026-06-18,4094.23,4117.45,4080.29,4090.48,,658116068.0,-0.004284239839535742
2026-06-22,4093.95,4164.42,4070.17,4163.1,,743699355.0,0.01775341769181127
2026-06-23,4153.59,4175.35,4085.59,4106.25,,709003913.0,-0.013655689270015259
2026-06-24,4090.1,4117.28,4075.49,4110.81,,644527518.0,0.0011105022831050526
2026-06-25,4103.48,4133.1,4093.01,4120.28,,670459917.0,0.0023036822426723003
2026-06-26,4098.69,4099.78,4007.86,4027.26,,660108666.0,-0.022576135602434655
2026-06-29,4026.69,4075.33,3992.55,4073.9,,659199936.0,0.011581074974051697
2026-06-30,4058.17,4097.42,4052.17,4094.4,,598412203.0,0.005032033186872509
2026-07-01,4090.76,4143.31,4087.54,4112.45,,672331791.0,0.004408460336068787
2026-07-02,4054.09,4093.68,4019.21,4028.9,,656233612.0,-0.02031635642986529
2026-07-03,4031.34,4073.88,4027.26,4043.64,,602009738.0,0.0036585668544764083
2026-07-06,4059.19,4060.07,4005.41,4041.24,,590364903.0,-0.0005935246461109545
2026-07-07,4019.49,4028.51,3971.71,3990.24,,514453091.0,-0.012619888944977231
2026-07-08,3996.81,4016.03,3967.91,3970.88,,496229374.0,-0.004851838485905535
2026-07-09,3977.55,4040.54,3938.88,4036.59,,553063980.0,0.016547969215891634
2026-07-10,4031.54,4074.83,3995.81,3996.16,,627450065.0,-0.010015879740077671
2026-07-13,3966.02,3983.05,3900.67,3913.79,,590907356.0,-0.020612287796284434
2026-07-14,3909.27,3967.13,3869.3,3967.13,,579982052.0,0.013628733273885363
2026-07-15,3963.73,3981.67,3943.7,3955.58,,576209492.0,-0.00291142463191274
2026-07-16,3912.38,3940.45,3867.6,3882.41,,535281873.0,-0.018497919394880213
2026-07-17,3865.32,3869.21,3745.17,3764.15,,650450984.0,-0.030460461414430706
2026-07-20,3791.66,3831.66,3741.11,3796.28,,709234069.0,0.008535791612980459
2026-07-21,3812.16,3864.6,3743.36,3864.37,,735021925.0,0.017935979432496918
2026-07-22,3839.67,3884.44,3839.67,3867.03,,614255215.0,0.0006883398846384559
2026-07-23,3868.09,3878.83,3851.71,3876.78,,562122601.0,0.002521314807487851
2026-07-24,3853.63,3861.04,3808.64,3814.2,,508203905.0,-0.01614226239301697
2026-07-27,3808.9,3858.31,3793.45,3858.25,,504879454.0,0.011548948665513148
2026-07-28,3823.13,3844.01,3797.37,3813.31,,494829126.0,-0.01164776777036225
2026-07-29,3823.29,3845.77,3782.48,3828.47,,571226391.0,0.003975548801435025
2026-07-30,3812.11,3839.34,3767.5,3804.69,,592298923.0,-0.0062113585844997266
2026-07-31,3833.54,3847.09,3822.37,3832.26,,597529427.0,0.007246319673876123
2026-08-03,3812.61,3827.64,3797.64,3809.66,,524516960.0,-0.005897303418870403
2026-08-04,3816.37,3831.94,3799.52,3822.28,,540324922.0,0.0033126315734213208
2026-08-05,3815.12,3884.4,3815.12,3878.43,,592155124.0,0.014690184915809423
2026-08-06,3864.27,3902.05,3864.27,3900.35,,588555280.0,0.005651771464226574
2026-08-07,3896.49,3940.93,3885.62,3940.04,,564988582.0,0.01017600984527034
2026-08-10,3943.82,3967.59,3938.63,3966.59,,542118110.0,0.0067385102689312415
2026-08-11,3950.71,3966.39,3930.64,3934.09,,529490944.0,-0.008193435671445704
2026-08-12,3933.55,3950.62,3927.55,3946.68,,503257011.0,0.0032002318198107726
2026-08-13,3957.16,3968.48,3924.64,3926.96,,572793677.0,-0.004996604741200117
2026-08-14,3930.02,3932.64,3903.7,3927.18,,499525613.0,5.602297960760616e-05
2026-08-17,3930.1,3983.51,3924.47,3982.65,,489834027.0,0.014124639053977761
2026-08-18,3979.49,3994.18,3955.6,3990.3,,511234287.0,0.0019208316070957743
2026-08-19,3952.12,3961.14,3879.58,3894.42,,572191213.0,-0.024028268551236742
2026-08-20,3907.21,3925.06,3888.1,3903.72,,506633954.0,0.002388032107476734
2026-08-21,3891.18,3912.13,3883.79,3905.2,,446895868.0,0.0003791255520375625
2026-08-24,3902.7,3910.24,3855.35,3882.01,,486931412.0,-0.005938236197889912
2026-08-25,3863.37,3896.21,3850.86,3889.44,,464117264.0,0.0019139569449846405
2026-08-26,3881.74,3926.44,3881.74,3912.52,,489553021.0,0.005934016207988835
2026-08-27,3911.89,3958.03,3909.31,3956.57,,516777549.0,0.01125872838988684
2026-08-28,3950.24,3970.31,3947.8,3952.18,,510581645.0,-0.0011095469055268925
