date,open,high,low,close,volume,amount,return
2006-01-04,1005.74,1021.84,1005.74,1021.84,,13419593.33,
2006-01-05,1021.84,1043.94,1021.84,1043.24,,16555647.24,0.020942613324982373
2006-01-06,1046.99,1063.1,1040.29,1056.65,,18061820.81,0.01285418503891722
2006-01-09,1057.26,1059.67,1049.95,1058.14,,13102693.37,0.001410116878815204
2006-01-10,1057.8,1058.83,1043.53,1058.65,,12594549.63,0.00048197781011971585
2006-01-11,1057.84,1063.6,1047.38,1051.92,,13935707.49,-0.006357152977849112
2006-01-12,1049.81,1059.21,1045.51,1058.45,,10141968.41,0.0062076964027681925
2006-01-13,1059.01,1061.45,1044.41,1048.82,,9899917.27,-0.0090982096461808
2006-01-16,1047.95,1047.95,1029.78,1030.4,,10042945.2,-0.017562594153429423
2006-01-17,1028.86,1036.11,1027.19,1034.18,,8661419.37,0.0036684782608695787
2006-01-18,1033.61,1055.6,1033.34,1054.54,,11025635.41,0.019687095089829576
2006-01-19,1056.17,1064.28,1048.57,1062.62,,14309231.48,0.0076621085971133596
2006-01-20,1062.73,1064.81,1056.96,1061.46,,12676655.96,-0.0010916414146165954
2006-01-23,1061.46,1064.17,1057.1,1061.97,,10144173.43,0.00048047029563047516
2006-01-24,1064.36,1073.16,1058.14,1066.55,,11979030.23,0.004312739531248555
2006-01-25,1066.1,1079.95,1065.68,1079.83,,10453598.56,0.012451361867704236
2006-02-06,1083.79,1104.55,1083.29,1104.22,,13482641.19,0.02258688867692138
2006-02-07,1105.4,1109.61,1089.87,1099.98,,16789059.43,-0.00383981452971327
2006-02-08,1099.65,1103.55,1093.36,1102.81,,14577117.16,0.002572774050437321
2006-02-09,1101.74,1101.74,1084.89,1087.26,,11724815.32,-0.014100343667540205
2006-02-10,1089.73,1099.95,1084.85,1099.61,,10319439.89,0.011358828615050554
2006-02-13,1102.06,1102.84,1090.04,1099.55,,10163930.62,-5.4564800247347556e-05
2006-02-14,1099.72,1105.46,1097.19,1105.36,,7580326.25,0.005283979809922235
2006-02-15,1107.54,1117.36,1107.16,1110.31,,13324047.1,0.0044781790547876454
2006-02-16,1110.88,1110.88,1089.53,1090.95,,12969763.4,-0.01743657176824487
2006-02-17,1090.95,1100.2,1085.87,1093.18,,10051416.92,0.0020440900132912
2006-02-20,1092.04,1102.2,1090.78,1093.03,,9363668.63,-0.00013721436542935006
2006-02-21,1091.7,1112.41,1086.19,1112.3,,12079130.16,0.01762989121982006
2006-02-22,1112.97,1120.58,1109.49,1111.39,,14352230.09,-0.0008181246066707448
2006-02-23,1111.95,1117.31,1103.95,1117.14,,10025660.38,0.005173701400948305
2006-02-24,1117.75,1125.72,1117.75,1125.33,,10165983.21,0.0073312207959610465
2006-02-27,1134.67,1136.09,1124.19,1125.15,,13980067.26,-0.00015995308042959788
2006-02-28,1123.68,1131.87,1110.23,1130.83,,10237040.72,0.005048215793449717
2006-03-01,1130.91,1133.26,1125.94,1131.48,,9788799.42,0.0005747990414122217
2006-03-02,1129.21,1129.52,1107.37,1111.47,,13625167.58,-0.01768480220596036
2006-03-03,1110.76,1116.18,1102.67,1115.29,,11739566.07,0.0034368898845671403
2006-03-06,1115.29,1119.12,1109.87,1113.51,,10146394.58,-0.0015959974535770804
2006-03-07,1113.27,1113.27,1087.87,1089.78,,10793353.29,-0.021310989573510852
2006-03-08,1087.23,1089.31,1073.67,1082.64,,10035039.47,-0.0065517810934315746
2006-03-09,1080.39,1084.32,1076.05,1078.03,,7216440.93,-0.004258109805660326
2006-03-10,1078.38,1085.99,1078.38,1083.14,,6387578.41,0.004740127825756391
2006-03-13,1083.24,1097.44,1083.19,1095.73,,6706345.55,0.011623612829366303
2006-03-14,1096.42,1098.13,1087.05,1093.21,,6480830.64,-0.0022998366385879043
2006-03-15,1092.31,1103.81,1092.15,1103.66,,7445248.77,0.009559005131676512
2006-03-16,1103.35,1103.56,1099.07,1100.34,,7597936.53,-0.003008172806842846
2006-03-17,1099.46,1102.27,1093.32,1096.41,,7995111.88,-0.003571623316429351
2006-03-20,1096.58,1111.64,1091.35,1111.51,,7482568.19,0.013772220246075717
2006-03-21,1111.42,1121.46,1109.52,1113.41,,9189392.88,0.001709386330307483
2006-03-22,1113.19,1117.98,1107.94,1117.65,,8248332.83,0.0038081209976559283
2006-03-23,1116.94,1117.66,1110.54,1116.55,,9542141.99,-0.0009842079362950562
2006-03-24,1116.57,1119.37,1108.03,1109.44,,9224335.73,-0.006367829474721143
2006-03-27,1109.27,1117.1,1103.19,1117.07,,8233524.96,0.0068773435246609615
2006-03-28,1115.45,1123.01,1114.25,1121.88,,11508491.65,0.004305907418514554
2006-03-29,1126.37,1143.34,1125.36,1134.92,,16927749.63,0.011623346525475142
2006-03-30,1135.29,1138.43,1125.1,1125.62,,11429705.06,-0.008194410178691158
2006-03-31,1122.89,1128.52,1119.73,1127.27,,11355109.06,0.0014658588155862518
2006-04-03,1128.84,1145.93,1128.84,1145.85,,13483356.63,0.016482297941043278
2006-04-04,1147.03,1155.05,1142.14,1155.05,,15066412.53,0.008028974124012711
2006-04-05,1154.19,1163.33,1152.76,1162.41,,15892329.3,0.006372018527336598
2006-04-06,1163.34,1167.8,1157.23,1161.09,,15397544.2,-0.001135571786202938
2006-04-07,1160.93,1161.71,1146.92,1155.29,,14634733.94,-0.004995306134752631
2006-04-10,1155.58,1168.8,1152.52,1168.53,,13889802.14,0.011460325978758679
2006-04-11,1170.16,1177.3,1163.83,1174.9,,16559969.94,0.005451293505515542
2006-04-12,1175.31,1175.78,1167.53,1167.9,,12763999.86,-0.005957953868414356
2006-04-13,1168.36,1173.35,1148.32,1148.62,,14907946.11,-0.016508262693723963
2006-04-14,1146.79,1173.61,1146.79,1173.44,,19112500.18,0.021608538942383237
2006-04-17,1177.07,1185.82,1171.31,1181.01,,20666656.72,0.006451118080174512
2006-04-18,1185.5,1196.19,1176.98,1191.46,,17918049.38,0.008848358608309903
2006-04-19,1198.22,1203.51,1187.78,1199.39,,19313213.24,0.006655699729743336
2006-04-20,1201.37,1205.38,1188.3,1194.93,,20579237.05,-0.0037185569331077417
2006-04-21,1195.32,1217.81,1191.06,1214.43,,21976754.21,0.01631894755341312
2006-04-24,1219.27,1222.87,1197.63,1201.84,,23573730.83,-0.01036700345017838
2006-04-25,1198.95,1203.98,1182.49,1195.5,,18606108.75,-0.0052752446249083595
2006-04-26,1195.97,1218.09,1194.2,1214.79,,21650941.92,0.0161355081555834
2006-04-27,1216.24,1219.06,1203.97,1212.26,,16213651.79,-0.0020826644934515137
2006-04-28,1205.2,1233.02,1194.43,1231.11,,22975606.01,0.015549469585732334
2006-05-08,1237.27,1274.33,1237.27,1273.83,,24614107.36,0.03470039232887401
2006-05-09,1280.49,1306.32,1276.45,1305.84,,28012551.85,0.025128941852523567
2006-05-10,1309.75,1321.87,1295.04,1315.06,,26231363.75,0.007060589352447577
2006-05-11,1315.5,1338.37,1298.36,1298.94,,29722960.28,-0.012257995832889668
2006-05-12,1299.95,1338.26,1295.66,1338.04,,27673561.83,0.030101467350300837
2006-05-15,1351.69,1387.03,1338.43,1386.79,,39203931.18,0.0364338883740396
2006-05-16,1403.88,1432.01,1369.97,1380.6,,42763848.57,-0.004463545309671968
2006-05-17,1381.9,1406.2,1355.16,1381.35,,31681876.96,0.0005432420686657391
2006-05-18,1366.79,1384.15,1345.14,1374.1,,26065662.17,-0.0052484887971911975
2006-05-19,1365.29,1408.48,1359.28,1408.48,,1.5,0.025020013099483318
2006-05-22,1409.78,1427.86,1401.99,1412.94,,37077288.05,0.0031665341360900268
2006-05-23,1412.94,1412.94,1358.12,1359.44,,31750746.8,-0.037864311294180886
2006-05-24,1359.05,1392.12,1325.08,1352.34,,26061310.77,-0.005222738774789737
2006-05-25,1354.8,1359.37,1325.95,1347.73,,17920078.12,-0.003408906044337856
2006-05-26,1352.02,1371.29,1348.72,1370.18,,19862119.87,0.016657639141371083
2006-05-29,1378.48,1408.0,1370.64,1407.43,,24074742.0,0.027186209111211612
2006-05-30,1417.14,1419.28,1398.97,1411.5,,21423300.0,0.002891795684332399
2006-05-31,1410.37,1415.19,1385.59,1395.47,,22587566.0,-0.011356712716967698
2006-06-01,1393.58,1426.23,1390.02,1425.94,,25975863.0,0.021834937332941617
2006-06-02,1427.2,1429.62,1399.59,1407.81,,29852110.0,-0.012714419961569301
2006-06-05,1406.83,1418.69,1378.41,1418.53,,27768558.0,0.00761466391061294
2006-06-06,1416.03,1434.27,1407.17,1419.21,,24766170.0,0.0004793694881322086
2006-06-07,1419.4,1419.4,1346.09,1346.63,,27647753.0,-0.051141127810542475
2006-06-08,1337.94,1359.89,1317.88,1354.23,,23383905.0,0.005643718022025235
2006-06-09,1350.56,1358.18,1324.19,1325.58,,18497575.0,-0.02115593363018109
2006-06-12,1314.62,1341.81,1307.1,1330.54,,13297751.0,0.003741758324657951
2006-06-13,1328.45,1341.46,1315.01,1326.06,,13703582.0,-0.0033670539780841224
2006-06-14,1319.61,1319.61,1297.42,1309.95,,12999954.0,-0.012148771548798676
2006-06-15,1309.73,1325.35,1306.57,1311.62,,9997939.0,0.0012748578190004967
2006-06-16,1316.4,1342.95,1316.4,1342.94,,13205918.0,0.02387886735487421
2006-06-19,1331.03,1364.89,1319.29,1357.38,,14086785.0,0.010752528035504305
2006-06-20,1355.93,1364.72,1347.53,1359.94,,12808580.0,0.0018859862381941372
2006-06-21,1358.9,1366.62,1338.77,1354.4,,15218809.0,-0.004073709134226444
2006-06-22,1353.47,1364.85,1349.19,1353.51,,12558972.0,-0.0006571175428234932
2006-06-23,1350.57,1361.18,1341.54,1359.36,,11782922.0,0.004322095884034871
2006-06-26,1361.7,1387.74,1361.7,1387.55,,15478371.0,0.02073770009416198
2006-06-27,1389.38,1394.26,1378.96,1387.68,,12999277.0,9.36903174661996e-05
2006-06-28,1385.08,1391.44,1377.35,1387.64,,13309040.0,-2.882508935775352e-05
2006-06-29,1389.51,1422.42,1389.51,1421.08,,22046827.0,0.02409846934363369
2006-06-30,1428.19,1435.12,1409.21,1418.34,,18885005.0,-0.0019281110141582403
2006-07-03,1423.63,1447.39,1420.23,1447.39,,20004860.0,0.020481689862797525
2006-07-04,1449.98,1451.3,1421.64,1430.95,,20039336.0,-0.011358376111483492
2006-07-05,1429.77,1429.77,1395.6,1409.15,,16000568.0,-0.015234634333834096
2006-07-06,1407.01,1430.21,1405.59,1430.04,,14162816.0,0.014824539616080434
2006-07-07,1432.75,1435.98,1413.87,1418.3,,14421536.0,-0.008209560571732277
2006-07-10,1418.28,1421.4,1405.9,1419.61,,12216388.0,0.0009236409786363975
2006-07-11,1421.1,1422.53,1410.85,1419.96,,12187363.0,0.0002465465867387273
2006-07-12,1419.94,1429.4,1416.44,1419.83,,15156155.0,-9.15518747007793e-05
2006-07-13,1417.24,1418.69,1352.05,1355.14,,22401707.0,-0.045561792608974194
2006-07-14,1344.16,1374.96,1337.12,1365.41,,14868526.0,0.0075785527694556265
2006-07-17,1362.09,1377.38,1355.35,1376.18,,10259655.0,0.007887740678623967
2006-07-18,1375.83,1375.83,1363.56,1374.76,,9741915.0,-0.001031841764885466
2006-07-19,1371.49,1371.69,1334.46,1340.13,,11139788.0,-0.02518985131950291
2006-07-20,1338.66,1349.87,1333.04,1348.22,,8104488.0,0.006036727780140749
2006-07-21,1348.13,1362.08,1347.64,1360.78,,9049544.0,0.009315987005088067
2006-07-24,1345.06,1362.97,1334.64,1361.39,,9336914.0,0.00044827231440791593
2006-07-25,1362.73,1378.83,1362.73,1374.29,,9763184.0,0.009475609487362036
2006-07-26,1377.07,1380.4,1368.84,1373.32,,8478139.0,-0.0007058190047224411
2006-07-27,1372.85,1380.48,1351.84,1358.63,,10604019.0,-0.010696705793259986
2006-07-28,1358.31,1361.66,1332.73,1343.46,,9562217.0,-0.011165659524668303
2006-07-31,1341.24,1342.39,1301.37,1302.74,,10571066.0,-0.03030979709109316
2006-08-01,1300.77,1310.26,1289.14,1292.38,,8116088.0,-0.007952469410626772
2006-08-02,1292.45,1299.0,1272.36,1287.19,,8668978.0,-0.004015846732385309
2006-08-03,1289.03,1292.77,1275.87,1286.83,,6374538.0,-0.00027967899066971835
2006-08-04,1287.61,1294.11,1262.24,1264.86,,7615638.0,-0.017072962240544665
2006-08-07,1256.75,1264.67,1245.42,1248.02,,7541774.0,-0.013313726420315253
2006-08-08,1248.41,1272.22,1248.41,1272.22,,7272705.0,0.019390714892389527
2006-08-09,1273.96,1276.54,1265.44,1269.55,,5931129.0,-0.0020986936221722985
2006-08-10,1269.42,1290.91,1269.26,1290.82,,9682470.0,0.016753967941396608
2006-08-11,1291.76,1294.31,1283.21,1291.45,,7263791.0,0.00048806185215610753
2006-08-14,1291.33,1297.74,1265.18,1269.42,,7769121.0,-0.01705834527081962
2006-08-15,1266.62,1288.46,1264.57,1288.43,,7064556.0,0.01497534307006343
2006-08-16,1289.78,1304.05,1284.85,1304.03,,10517994.0,0.012107759055594691
2006-08-17,1300.71,1300.71,1284.76,1291.69,,6773545.0,-0.009462972477626952
2006-08-18,1290.16,1300.91,1285.82,1288.21,,6684343.0,-0.002694144879963445
2006-08-21,1259.62,1288.61,1254.07,1288.4,,6556772.0,0.00014749148042647597
2006-08-22,1287.81,1307.16,1287.48,1303.41,,7602278.0,0.0116501086619063
2006-08-23,1302.91,1315.07,1302.91,1307.06,,9225378.0,0.002800346782670049
2006-08-24,1306.53,1313.45,1297.01,1313.45,,6992652.0,0.004888834483497417
2006-08-25,1314.82,1321.24,1312.36,1315.34,,8340881.0,0.0014389584681562262
2006-08-28,1318.47,1345.68,1318.47,1345.68,,12451695.0,0.023066279441057214
2006-08-29,1347.55,1366.53,1345.16,1349.47,,14460255.0,0.002816419951251481
2006-08-30,1346.86,1354.4,1340.12,1352.33,,8223977.0,0.0021193505598493534
2006-08-31,1353.24,1359.75,1348.35,1354.13,,10097776.0,0.0013310360636829
2006-09-01,1354.1,1355.47,1331.6,1334.35,,11193200.0,-0.014607164747845625
2006-09-04,1332.4,1352.95,1332.32,1352.95,,9166048.0,0.013939371229437558
2006-09-05,1355.85,1363.16,1350.97,1356.04,,12720284.0,0.002283898148490282
2006-09-06,1356.5,1360.35,1347.15,1360.26,,10118477.0,0.0031120025957935837
2006-09-07,1362.18,1362.18,1339.87,1343.76,,11083273.0,-0.012130033964095066
2006-09-08,1343.62,1350.16,1341.01,1348.49,,7973495.0,0.0035199738048461438
2006-09-11,1348.98,1358.74,1339.37,1358.71,,10450357.0,0.007578847451594095
2006-09-12,1358.92,1373.09,1357.63,1369.6,,16234803.0,0.008014955362071197
2006-09-13,1370.79,1386.4,1366.33,1367.07,,20899248.0,-0.0018472546728971473
2006-09-14,1368.24,1376.45,1354.77,1367.11,,12297098.0,2.9259657515767756e-05
2006-09-15,1367.48,1397.59,1367.46,1397.23,,24142538.0,0.022031877464139704
2006-09-18,1403.78,1408.84,1396.33,1405.35,,17976940.0,0.005811498464819653
2006-09-19,1407.75,1417.46,1401.88,1408.08,,13022244.0,0.0019425765823459784
2006-09-20,1405.88,1411.04,1394.57,1407.0,,12003177.0,-0.0007670018748934249
2006-09-21,1406.28,1422.8,1406.28,1416.58,,13801392.0,0.006808813077469722
2006-09-22,1420.19,1425.55,1401.07,1402.34,,14876323.0,-0.01005237967499184
2006-09-25,1400.2,1411.15,1389.56,1399.31,,12039535.0,-0.0021606743015245566
2006-09-26,1397.98,1399.38,1376.61,1382.32,,10101678.0,-0.012141698408501322
2006-09-27,1381.16,1395.16,1377.47,1394.97,,8068753.0,0.009151281902888053
2006-09-28,1395.83,1412.44,1391.73,1410.75,,10484037.0,0.011312071227338238
2006-09-29,1412.76,1429.7,1412.67,1427.97,,14029038.0,0.012206273258904776
2006-10-09,1447.99,1466.48,1445.31,1465.97,,23154966.0,0.026611203316596388
2006-10-10,1467.41,1474.78,1455.73,1462.92,,20445817.0,-0.00208053370805672
2006-10-11,1462.57,1466.23,1448.8,1462.12,,16680161.0,-0.0005468515024745768
2006-10-12,1462.87,1467.62,1452.14,1456.51,,20685724.0,-0.0038368943725548554
2006-10-13,1454.78,1468.14,1451.2,1461.68,,15498331.0,0.0035495808473680057
2006-10-16,1462.95,1465.2,1442.73,1446.05,,13971379.0,-0.010693174976739162
2006-10-17,1443.02,1451.43,1434.05,1437.94,,11634673.0,-0.005608381452923417
2006-10-18,1437.69,1464.49,1437.14,1464.49,,12164846.0,0.01846391365425526
2006-10-19,1466.01,1473.89,1461.31,1465.97,,11613685.0,0.0010105907175876894
2006-10-20,1467.6,1478.65,1465.21,1470.24,,12770957.0,0.002912747191279541
2006-10-23,1469.26,1476.99,1439.84,1444.71,,14902376.0,-0.017364511916421743
2006-10-24,1444.51,1478.78,1444.51,1478.58,,13979277.0,0.023444151421392556
2006-10-25,1481.9,1506.08,1479.32,1490.39,,18501923.0,0.007987393309797364
2006-10-26,1490.86,1508.7,1479.81,1508.1,,26072183.0,0.011882795778286104
2006-10-27,1508.17,1515.05,1488.87,1494.94,,23850292.0,-0.008726211789669036
2006-10-30,1492.55,1505.13,1487.77,1505.06,,21412615.0,0.0067695024549478955
2006-10-31,1506.65,1527.57,1506.65,1527.19,,23052333.0,0.014703732741552011
2006-11-01,1528.6,1543.14,1525.61,1543.01,,24138406.0,0.010358894440115396
2006-11-02,1545.25,1547.16,1526.7,1541.88,,26611724.0,-0.0007323348520099637
2006-11-03,1544.73,1564.04,1543.53,1552.37,,25037849.0,0.006803382883233233
2006-11-06,1540.8,1585.86,1535.3,1585.63,,26376285.0,0.021425304534357315
2006-11-07,1592.76,1601.9,1574.4,1601.59,,26406961.0,0.010065399872605685
2006-11-08,1596.63,1598.0,1578.85,1580.51,,17992572.0,-0.013161920341660416
2006-11-09,1574.88,1621.46,1572.0,1617.15,,22718247.0,0.023182390494207672
2006-11-10,1618.24,1640.98,1591.27,1604.33,,38436408.0,-0.00792752682187814
2006-11-13,1598.92,1618.55,1570.46,1581.19,,27447902.0,-0.014423466493801107
2006-11-14,1581.4,1600.68,1556.47,1600.43,,24843780.0,0.012168050645400053
2006-11-15,1601.4,1650.45,1598.2,1650.17,,27961273.0,0.031079147479115
2006-11-16,1656.08,1686.09,1651.38,1653.85,,42876115.0,0.002230073265178545
2006-11-17,1646.39,1686.64,1638.37,1686.13,,30661559.0,0.019518094143967213
2006-11-20,1693.68,1735.04,1693.68,1734.94,,37013714.0,0.028947945887920934
2006-11-21,1732.46,1753.41,1703.63,1753.39,,32462454.0,0.01063437352300367
2006-11-22,1749.14,1784.12,1735.71,1763.68,,38146260.0,0.005868631622171883
2006-11-23,1763.85,1789.21,1758.58,1777.4,,35108561.0,0.0077791889685203675
2006-11-24,1769.65,1773.71,1747.55,1768.85,,31419523.0,-0.0048103972094071246
2006-11-27,1761.6,1776.02,1753.12,1776.02,,29183755.0,0.004053481075275034
2006-11-28,1773.35,1780.56,1746.7,1762.31,,27336129.0,-0.007719507663202063
2006-11-29,1730.3,1792.8,1718.39,1783.85,,26106143.0,0.01222259420873728
2006-11-30,1788.81,1842.72,1788.81,1842.42,,34020695.0,0.032833478151189865
2006-12-01,1847.12,1869.35,1842.15,1853.14,,31082426.0,0.005818434450342469
2006-12-04,1853.94,1915.69,1853.42,1915.5,,42304507.0,0.03365099236970748
2006-12-05,1920.75,1955.37,1916.57,1932.42,,38425113.0,0.008833202819107377
2006-12-06,1933.67,1953.74,1857.27,1923.08,,47729003.0,-0.004833317808757953
2006-12-07,1919.01,1984.54,1916.29,1930.66,,52201067.0,0.003941593693450152
2006-12-08,1903.95,1933.27,1860.43,1862.52,,41922715.0,-0.035293630157562705
2006-12-11,1854.88,1955.26,1854.88,1954.88,,32184812.0,0.04958872924854507
2006-12-12,1965.18,1994.49,1939.4,1976.02,,39058196.0,0.010813963005401828
2006-12-13,1979.83,1990.69,1948.89,1974.46,,31616508.0,-0.0007894656936670019
2006-12-14,1978.71,2007.31,1973.55,2007.17,,27994086.0,0.016566554906151554
2006-12-15,2014.62,2038.2,1998.66,2037.88,,27810904.0,0.015300148965956994
2006-12-18,2044.41,2096.55,2044.41,2095.28,,37321147.0,0.028166525997605385
2006-12-19,2105.85,2123.65,2060.59,2097.58,,40363379.0,0.0010977053186207453
2006-12-20,2086.59,2108.36,2063.37,2107.78,,29533938.0,0.004862746593693901
2006-12-21,2107.08,2117.71,2073.94,2076.02,,32976070.0,-0.015067986222471186
2006-12-22,2064.07,2089.04,2047.46,2062.44,,26038905.0,-0.006541362799972972
2006-12-25,2067.25,2144.87,2067.25,2120.31,,36696760.0,0.028058998079944164
2006-12-26,2123.02,2153.28,2098.66,2126.11,,37850345.0,0.002735449061693984
2006-12-27,2129.34,2183.12,2128.97,2182.57,,38281474.0,0.026555540400073463
2006-12-28,2188.87,2228.27,2171.21,2186.54,,42242846.0,0.0018189565512216621
2006-12-29,2203.94,2285.8,2203.94,2270.52,,50873887.0,0.03840771264189091
2007-01-04,2313.01,2406.14,2288.2,2304.24,,72474595.0,0.014851223508271172
2007-01-05,2281.69,2319.52,2255.1,2287.86,,61636524.0,-0.007108634517237644
2007-01-08,2286.23,2343.54,2281.86,2341.2,,50316910.0,0.023314363641131708
2007-01-09,2344.58,2429.5,2335.66,2428.57,,48184738.0,0.03731846916111414
2007-01-10,2443.99,2482.92,2417.84,2482.9,,48249724.0,0.022371189630111532
2007-01-11,2482.54,2512.06,2442.64,2449.0,,45359854.0,-0.013653389182004982
2007-01-12,2431.89,2469.97,2375.12,2394.84,,42334157.0,-0.022115149040424553
2007-01-15,2391.39,2519.49,2391.39,2518.63,,38876539.0,0.051690300813415524
2007-01-16,2547.35,2583.85,2524.6,2583.0,,43378044.0,0.025557545173368057
2007-01-17,2588.63,2626.78,2487.36,2530.5,,47608243.0,-0.020325203252032575
2007-01-18,2508.39,2535.01,2440.65,2517.87,,43203202.0,-0.004991108476585682
2007-01-19,2517.13,2594.07,2517.13,2593.31,,41889317.0,0.02996183281900966
2007-01-22,2621.22,2692.51,2621.22,2691.85,,49884570.0,0.03799777118817271
2007-01-23,2709.97,2720.71,2612.19,2710.85,,54809273.0,0.007058342775414728
2007-01-24,2712.19,2782.28,2697.28,2751.58,,47146219.0,0.015024807717136657
2007-01-25,2724.47,2760.44,2674.47,2680.21,,43809107.0,-0.025937824813379917
2007-01-26,2641.04,2768.46,2585.04,2753.97,,42702375.0,0.027520231623641367
2007-01-29,2771.99,2836.8,2763.34,2815.16,,47678480.0,0.02221883317537965
2007-01-30,2826.92,2846.07,2765.46,2787.02,,44913418.0,-0.009995879452677547
2007-01-31,2779.2,2781.7,2577.57,2598.93,,47580232.0,-0.0674878544108044
2007-02-01,2557.37,2617.9,2510.15,2601.34,,35520271.0,0.0009273046984721312
2007-02-02,2600.02,2606.26,2472.43,2480.8,,33343279.0,-0.046337656746138545
2007-02-05,2462.93,2481.18,2409.8,2427.58,,26872335.0,-0.021452757175104864
2007-02-06,2422.87,2477.92,2325.43,2476.32,,43257073.0,0.020077608152975435
2007-02-07,2492.05,2568.9,2492.05,2535.67,,41860088.0,0.023967015571493056
2007-02-08,2542.84,2576.16,2512.36,2569.78,,32485311.0,0.013452065923404977
2007-02-09,2572.51,2574.97,2522.77,2545.34,,30187266.0,-0.009510541758438462
2007-02-12,2545.37,2648.03,2542.6,2647.67,,30415587.0,0.04020288055819643
2007-02-13,2662.11,2691.64,2650.98,2687.08,,27444260.0,0.014884785490638874
2007-02-14,2692.09,2766.45,2683.84,2760.04,,32959388.0,0.02715215028953355
2007-02-15,2782.21,2841.19,2782.21,2840.05,,37422180.0,0.02898871030854644
2007-02-16,2864.66,2881.49,2820.28,2838.72,,40381154.0,-0.0004683016144083618
2007-02-26,2832.22,2853.76,2789.09,2848.46,,42138670.0,0.003431123886822318
2007-02-27,2856.84,2858.8,2577.55,2579.89,,55874746.0,-0.09428603526115875
2007-02-28,2530.39,2671.62,2530.39,2658.83,,43260777.0,0.030598203799386825
2007-03-01,2660.95,2660.99,2550.14,2583.15,,39706959.0,-0.028463647544220483
2007-03-02,2576.94,2635.55,2562.75,2621.11,,30932611.0,0.01469523643613413
2007-03-05,2612.61,2649.13,2512.36,2571.88,,36741962.0,-0.018782119025908872
2007-03-06,2564.86,2658.84,2549.42,2633.19,,28651747.0,0.023838592780378587
2007-03-07,2645.63,2715.01,2643.63,2701.28,,32326228.0,0.025858369506188472
2007-03-08,2707.96,2732.25,2671.83,2731.62,,27503836.0,0.011231712373393155
2007-03-09,2736.36,2751.72,2695.01,2716.81,,37938871.0,-0.005421691157628028
2007-03-12,2718.61,2721.23,2664.09,2710.82,,31434058.0,-0.002204791649029425
2007-03-13,2715.6,2728.44,2695.01,2727.36,,31727221.0,0.006101474830494169
2007-03-14,2692.4,2694.42,2629.47,2667.78,,32044570.0,-0.021845300950369517
2007-03-15,2666.5,2722.06,2666.5,2721.54,,30618352.0,0.020151586712547465
2007-03-16,2731.84,2741.61,2654.03,2680.79,,37474884.0,-0.014973140207382607
2007-03-19,2615.92,2768.63,2606.97,2751.46,,42767243.0,0.026361632205432084
2007-03-20,2762.27,2765.38,2724.11,2751.62,,31900320.0,5.815094531635978e-05
2007-03-21,2764.75,2788.45,2749.41,2777.08,,31000075.0,0.00925273111839564
2007-03-22,2798.61,2820.4,2783.15,2793.29,,43458484.0,0.005837066271047409
2007-03-23,2790.48,2808.67,2729.08,2789.01,,39033426.0,-0.0015322433402903402
2007-03-26,2794.67,2833.09,2780.48,2832.49,,40157629.0,0.015589761241443956
2007-03-27,2838.8,2849.79,2816.98,2842.03,,43483100.0,0.0033680613170745666
2007-03-28,2845.2,2878.04,2762.7,2874.46,,65729458.0,0.011410857731973145
2007-03-29,2882.46,2946.34,2875.38,2892.83,,70860284.0,0.006390765569880941
2007-03-30,2876.94,2904.5,2859.18,2877.97,,36516328.0,-0.005136838320952242
2007-04-02,2891.39,2951.7,2891.39,2951.32,,41206878.0,0.025486714593967452
2007-04-03,2963.96,2986.77,2954.07,2986.33,,44372081.0,0.01186248864914674
2007-04-04,2992.31,3023.48,2972.53,3006.91,,41185265.0,0.00689140182096426
2007-04-05,3002.56,3036.92,2984.35,3031.36,,39864744.0,0.00813127097252675
2007-04-06,3005.85,3041.1,2995.04,3036.88,,40904624.0,0.0018209648474611928
2007-04-09,3046.64,3099.77,3046.64,3096.88,,47464889.0,0.0197571191485999
2007-04-10,3113.49,3139.83,3061.11,3137.41,,55830926.0,0.013087365348350533
2007-04-11,3151.43,3178.91,3115.49,3177.61,,57107652.0,0.012813116551550596
2007-04-12,3183.81,3222.96,3166.23,3219.9,,48197925.0,0.013308744622530844
2007-04-13,3226.48,3255.87,3204.19,3216.42,,53255155.0,-0.0010807789061771933
2007-04-16,3221.95,3300.35,3221.71,3299.66,,46238853.0,0.02587970476492485
2007-04-17,3314.29,3326.69,3200.63,3291.49,,52399231.0,-0.0024760126800943416
2007-04-18,3294.9,3295.04,3237.19,3282.58,,53326856.0,-0.0027069807290922565
2007-04-19,3276.21,3276.97,3050.21,3138.9,,62457150.0,-0.04377044885425485
2007-04-20,3151.82,3269.63,3151.82,3260.53,,49632529.0,0.03874924336551033
2007-04-23,3294.73,3398.02,3294.11,3395.79,,62831475.0,0.041484053206073845
2007-04-24,3422.74,3449.68,3378.06,3405.05,,59949853.0,0.0027269059629717596
2007-04-25,3396.32,3447.92,3342.93,3425.93,,58111078.0,0.006132068545248837
2007-04-26,3447.33,3464.88,3416.22,3462.18,,41775861.0,0.01058106849818885
2007-04-27,3466.72,3468.82,3399.19,3425.93,,41165304.0,-0.010470281730008302
2007-04-30,3458.98,3527.05,3437.58,3515.81,,48383417.0,0.026235212044612766
2007-05-08,3597.26,3643.05,3566.89,3628.88,,57910926.0,0.03216044097946136
2007-05-09,3641.23,3675.05,3533.51,3669.34,,85249818.0,0.011149445558960247
2007-05-10,3675.59,3715.82,3644.72,3696.23,,69356188.0,0.007328293371559935
2007-05-11,3669.27,3687.45,3599.96,3673.89,,49288005.0,-0.0060439961798914865
2007-05-14,3620.95,3750.62,3594.47,3711.72,,52892647.0,0.010296987661579493
2007-05-15,3716.54,3726.62,3570.94,3573.79,,52807671.0,-0.037160669447048766
2007-05-16,3564.62,3653.52,3525.42,3652.66,,43526391.0,0.02206900797192901
2007-05-17,3668.87,3734.31,3654.5,3720.82,,46331228.0,0.018660373535998476
2007-05-18,3712.82,3742.03,3687.85,3712.72,,42778824.0,-0.002176939491832508
2007-05-21,3592.69,3758.93,3584.14,3739.8,,56186781.0,0.007293843866491567
2007-05-22,3750.75,3790.16,3750.75,3772.7,,56383239.0,0.008797261885662211
2007-05-23,3780.66,3830.99,3750.49,3830.26,,51212395.0,0.015256977761285206
2007-05-24,3841.73,3862.21,3750.74,3805.43,,58732594.0,-0.0064825886493345974
2007-05-25,3790.98,3868.3,3773.52,3852.2,,47391987.0,0.012290332498561263
2007-05-28,3894.28,3956.63,3889.39,3935.12,,62997718.0,0.02152536213073053
2007-05-29,3953.2,4021.29,3947.98,4020.98,,62266643.0,0.02181890260017494
2007-05-30,3786.56,3964.46,3721.64,3764.52,,77340238.0,-0.06378047142736354
2007-05-31,3733.87,3930.67,3606.97,3874.77,,75595081.0,0.02928660227598745
2007-06-01,3900.84,3994.91,3762.3,3789.95,,70200856.0,-0.02189033155516329
2007-06-04,3801.66,3816.49,3504.0,3513.28,,53709541.0,-0.07300096307339132
2007-06-05,3430.25,3637.55,3253.73,3635.87,,61270079.0,0.03489331906366688
2007-06-06,3654.4,3693.45,3558.67,3661.71,,46188629.0,0.007106964770467572
2007-06-07,3681.68,3759.12,3670.62,3758.79,,47216420.0,0.026512203314844607
2007-06-08,3766.25,3788.65,3710.56,3766.32,,43160617.0,0.0020033042548266433
2007-06-11,3794.04,3865.17,3784.24,3859.33,,46690300.0,0.024695193185921394
2007-06-12,3877.22,3951.84,3776.73,3950.68,,49671659.0,0.023669911616783113
2007-06-13,3980.63,4050.27,3977.88,4026.33,,57527373.0,0.019148602265939063
2007-06-14,4011.53,4032.73,3938.85,3976.44,,42825263.0,-0.012390936659439244
2007-06-15,3944.53,4008.8,3930.86,3994.62,,33713343.0,0.004571928659806268
2007-06-18,4068.61,4136.43,4068.61,4118.8,,47915850.0,0.03108681176181971
2007-06-19,4111.99,4147.31,4080.42,4136.58,,39117684.0,0.004316791298436318
2007-06-20,4159.77,4180.28,4034.4,4053.24,,43673402.0,-0.02014707802097393
2007-06-21,4034.97,4126.36,4028.13,4116.86,,37418763.0,0.015696085107222757
2007-06-22,4124.75,4159.72,3932.15,4011.94,,41293186.0,-0.02548544278892151
2007-06-25,4029.32,4066.6,3853.32,3876.15,,37250318.0,-0.03384646829214788
2007-06-26,3813.94,3912.69,3768.54,3911.31,,27578405.0,0.009070856391006465
2007-06-27,3928.87,4037.84,3904.48,4024.04,,33556743.0,0.028821545722532926
2007-06-28,4025.23,4062.51,3881.06,3882.57,,37113663.0,-0.035156211170863094
2007-06-29,3814.09,3914.4,3781.83,3821.63,,30533005.0,-0.015695789129365312
2007-07-02,3806.53,3857.46,3709.84,3813.95,,28085614.0,-0.0020096136988667634
2007-07-03,3832.5,3880.34,3803.24,3874.55,,26008756.0,0.01588903892290161
2007-07-04,3884.64,3891.7,3770.07,3785.83,,20910784.0,-0.022898143010156136
2007-07-05,3735.58,3759.12,3590.66,3592.41,,23905344.0,-0.05109051383712426
2007-07-06,3577.04,3754.22,3535.36,3753.7,,26593073.0,0.044897436539815816
2007-07-09,3784.29,3880.44,3759.86,3861.27,,29308044.0,0.02865705836907595
2007-07-10,3879.92,3917.34,3831.95,3840.29,,29901101.0,-0.005433445472603604
2007-07-11,3821.79,3860.02,3797.54,3850.28,,18328444.0,0.0026013660426686958
2007-07-12,3860.26,3909.03,3846.24,3886.81,,18180360.0,0.009487621679462155
2007-07-13,3895.27,3898.88,3846.26,3887.14,,15157590.0,8.490252932347175e-05
2007-07-16,3891.24,3896.64,3765.58,3766.46,,15825447.0,-0.031045961812540823
2007-07-17,3757.5,3893.33,3725.47,3876.65,,19339542.0,0.02925558747471091
2007-07-18,3865.76,3966.57,3847.75,3910.55,,30612278.0,0.008744663562612054
2007-07-19,3895.6,3931.94,3872.67,3896.11,,18220930.0,-0.003692575213205318
2007-07-20,3895.92,4072.76,3895.92,4072.61,,33345623.0,0.045301595694166696
2007-07-23,4116.53,4254.45,4116.53,4251.57,,53855857.0,0.04394233673246384
2007-07-24,4278.37,4328.96,4234.05,4256.04,,43827664.0,0.001051376315102548
2007-07-25,4261.77,4353.63,4260.55,4352.55,,38155814.0,0.02267600868412889
2007-07-26,4376.66,4397.42,4324.25,4370.47,,35859433.0,0.004117126741794985
2007-07-27,4332.08,4363.76,4285.98,4351.62,,35863849.0,-0.004313037270591069
2007-07-30,4347.28,4472.02,4346.36,4457.57,,43611082.0,0.02434725458564846
2007-07-31,4447.6,4510.93,4406.93,4501.44,,38641263.0,0.00984168504364491
2007-08-01,4520.16,4549.09,4335.34,4360.86,,43961040.0,-0.031230006397952592
2007-08-02,4386.09,4520.02,4379.13,4508.18,,35143911.0,0.03378232733910291
2007-08-03,4545.7,4708.63,4545.7,4707.16,,47738252.0,0.044137545528350586
2007-08-06,4750.89,4819.95,4732.44,4814.56,,43865839.0,0.022816305373091428
2007-08-07,4827.03,4876.43,4751.04,4834.89,,47402611.0,0.004222608088797264
2007-08-08,4785.7,4864.3,4701.08,4789.36,,60767503.0,-0.009416967087152117
2007-08-09,4790.48,4935.62,4789.23,4935.62,,48233256.0,0.03053852706833493
2007-08-10,4924.59,4951.46,4812.0,4907.89,,48099792.0,-0.005618341768612534
2007-08-13,4908.66,4981.57,4857.01,4923.38,,59796422.0,0.0031561424563304463
2007-08-14,4922.12,4985.36,4883.26,4975.44,,36754274.0,0.010574036535875742
2007-08-15,4977.65,5027.18,4882.21,4988.37,,38078181.0,0.0025987651343399865
2007-08-16,4956.65,4961.39,4813.72,4862.48,,39236343.0,-0.025236700565515413
2007-08-17,4828.86,4927.28,4728.55,4740.29,,39377259.0,-0.02512915220216838
2007-08-20,4878.49,5026.12,4874.03,5025.71,,40836460.0,0.06021150604709846
2007-08-21,5057.55,5133.27,5048.99,5110.53,,43621636.0,0.016877217348394424
2007-08-22,5036.69,5221.28,5024.12,5195.19,,40017926.0,0.01656579650251544
2007-08-23,5216.6,5305.45,5166.46,5281.46,,36888267.0,0.016605744929444333
2007-08-24,5308.1,5402.14,5303.07,5384.59,,39396278.0,0.019526797514323624
2007-08-27,5411.73,5479.62,5363.0,5410.96,,45373062.0,0.0048973088015986654
2007-08-28,5391.96,5446.54,5306.58,5424.58,,41872850.0,0.002517113414255423
2007-08-29,5382.77,5463.03,5313.18,5343.15,,39234674.0,-0.015011300414041306
2007-08-30,5368.72,5426.37,5341.75,5394.34,,32170456.0,0.009580490908920769
2007-08-31,5404.85,5467.21,5356.37,5456.4,,34412649.0,0.011504651171412972
2007-09-03,5491.35,5589.21,5491.35,5575.0,,43516731.0,0.021735943112675127
2007-09-04,5570.15,5588.94,5475.4,5504.66,,47056222.0,-0.012617040358744447
2007-09-05,5500.62,5527.33,5383.33,5483.24,,36697486.0,-0.003891248505811462
2007-09-06,5509.56,5585.99,5488.9,5542.04,,40644209.0,0.010723586784455952
2007-09-07,5516.58,5536.09,5405.81,5418.32,,43793443.0,-0.02232390960729269
2007-09-10,5344.68,5509.15,5300.96,5499.41,,35842184.0,0.01496589348728028
2007-09-11,5509.92,5543.19,5236.97,5263.71,,37899995.0,-0.04285914307171135
2007-09-12,5242.71,5352.09,5196.8,5327.39,,33903915.0,0.012097930927045919
2007-09-13,5353.26,5488.36,5334.7,5486.59,,34046534.0,0.02988330120377891
2007-09-14,5500.45,5549.91,5414.46,5541.23,,34147248.0,0.009958826885187122
2007-09-17,5539.19,5645.91,5537.08,5638.81,,39771081.0,0.017609808652591763
2007-09-18,5670.0,5677.88,5514.44,5588.31,,42109269.0,-0.008955790317460632
2007-09-19,5600.24,5614.57,5487.37,5530.24,,29706239.0,-0.010391334768472205
2007-09-20,5545.35,5619.69,5543.17,5603.99,,29906074.0,0.013335768429579842
2007-09-21,5614.81,5624.17,5461.45,5569.28,,34559017.0,-0.006193801202357574
2007-09-24,5576.18,5633.55,5487.58,5608.2,,29935906.0,0.006988336014709384
2007-09-25,5623.59,5643.96,5523.12,5555.54,,23838679.0,-0.009389822046289353
2007-09-26,5532.61,5609.07,5457.28,5475.35,,21669045.0,-0.014434240415873045
2007-09-27,5474.98,5544.3,5450.96,5542.71,,18451450.0,0.012302409891605137
2007-09-28,5596.75,5720.81,5596.75,5709.5,,28414337.0,0.030091778209576203
2007-10-08,5838.03,5864.95,5753.46,5819.98,,44426512.0,0.019350205797355136
2007-10-09,5809.96,5857.15,5748.45,5843.08,,32455059.0,0.003969085804418571
2007-10-10,5861.13,5963.56,5831.25,5864.79,,40304372.0,0.003715506205631325
2007-10-11,5876.98,5997.22,5845.48,5995.7,,42481972.0,0.022321344839286716
2007-10-12,6022.37,6044.93,5726.06,5979.13,,49147532.0,-0.002763647280551007
2007-10-15,5998.63,6085.14,5936.39,6079.41,,46022576.0,0.01677167079491504
2007-10-16,6113.99,6172.28,6090.48,6140.73,,44825369.0,0.010086505104936139
2007-10-17,6117.28,6152.97,6047.1,6081.49,,30198735.0,-0.009647061505716703
2007-10-18,6069.58,6070.2,5829.63,5855.58,,30655034.0,-0.037147146505215
2007-10-19,5896.65,5961.98,5798.12,5852.9,,23449872.0,-0.0004576830988561875
2007-10-22,5777.1,5829.52,5695.64,5710.22,,20945677.0,-0.024377658938304014
2007-10-23,5706.85,5813.99,5637.17,5811.28,,26917199.0,0.017698092192594883
2007-10-24,5837.53,5957.99,5824.98,5896.14,,29618111.0,0.014602634875621412
2007-10-25,5853.52,5883.0,5639.29,5663.29,,30429908.0,-0.03949193879385504
2007-10-26,5610.02,5784.85,5600.02,5746.26,,21439317.0,0.014650494677122428
2007-10-29,5780.55,5878.46,5780.55,5872.38,,22825065.0,0.021948188908959887
2007-10-30,5891.96,5958.18,5814.1,5956.82,,26526802.0,0.014379178459159592
2007-10-31,6032.3,6053.04,5928.58,6027.77,,32158657.0,0.0119107174633446
2007-11-01,6047.23,6058.23,5974.2,5974.87,,31920363.0,-0.008776048190292651
2007-11-02,5879.24,5947.74,5831.85,5859.6,,29440313.0,-0.01929246996168943
2007-11-05,5824.39,5866.96,5674.01,5702.6,,22608142.0,-0.026793637790975544
2007-11-06,5661.97,5749.9,5618.02,5643.95,,17663064.0,-0.010284782379967106
2007-11-07,5675.29,5718.6,5559.52,5689.63,,20228944.0,0.008093622374401033
2007-11-08,5657.46,5657.46,5404.64,5408.5,,22576370.0,-0.049410945878730295
2007-11-09,5351.83,5460.44,5278.9,5372.65,,22907189.0,-0.006628455209392703
2007-11-12,5234.6,5375.07,5120.21,5333.12,,25704006.0,-0.007357635431304854
2007-11-13,5385.22,5451.94,5197.67,5275.49,,24217103.0,-0.010806057242289668
2007-11-14,5365.42,5500.5,5256.72,5499.18,,22198795.0,0.042401748463176014
2007-11-15,5474.13,5520.44,5418.61,5433.06,,18235224.0,-0.012023610792881834
2007-11-16,5339.15,5370.06,5249.85,5340.22,,13087336.0,-0.01708797620493796
2007-11-19,5348.48,5366.54,5270.99,5296.32,,15098272.0,-0.008220635104920881
2007-11-20,5261.28,5407.59,5202.29,5372.04,,20285257.0,0.01429671923146647
2007-11-21,5389.58,5444.34,5285.86,5289.67,,15811394.0,-0.01533309506258329
2007-11-22,5185.15,5249.59,5048.43,5062.63,,16069218.0,-0.04292139207171708
2007-11-23,5020.56,5154.37,4999.97,5153.61,,12890611.0,0.017970896549816873
2007-11-26,5232.96,5256.45,5086.06,5091.91,,14445662.0,-0.011972190367528723
2007-11-27,5045.77,5099.4,4983.89,4986.29,,12912308.0,-0.020742707549819217
2007-11-28,4999.32,5040.02,4890.89,4923.61,,14912239.0,-0.012570468223869868
2007-11-29,4992.81,5156.35,4921.43,5153.04,,25713039.0,0.046597923068642855
2007-11-30,5149.49,5149.49,5023.44,5039.9,,18746411.0,-0.021955971620635673
2007-12-03,5012.54,5124.33,4983.09,5080.19,,14242861.0,0.007994206234250623
2007-12-04,5096.34,5219.17,5096.34,5148.8,,14824027.0,0.013505400388568178
2007-12-05,5150.67,5300.88,5136.28,5295.36,,19970065.0,0.028464885021752595
2007-12-06,5315.11,5329.25,5252.13,5296.36,,13656416.0,0.00018884457336243443
2007-12-07,5305.12,5371.78,5302.63,5364.42,,14794891.0,0.01285033494702037
2007-12-10,5272.99,5450.11,5257.98,5440.92,,24954538.0,0.01426062836243247
2007-12-11,5475.68,5500.7,5357.19,5436.85,,23148780.0,-0.0007480352587430072
2007-12-12,5398.76,5407.04,5304.44,5346.92,,23465352.0,-0.016540827869078623
2007-12-13,5315.58,5334.85,5147.67,5151.39,,21614296.0,-0.03656871619549196
2007-12-14,5089.08,5248.77,5060.17,5246.75,,17882029.0,0.01851150854429573
2007-12-17,5240.96,5241.33,5087.0,5090.87,,21473293.0,-0.029709820364987816
2007-12-18,5055.19,5116.48,5023.87,5057.95,,13282758.0,-0.006466478224743555
2007-12-19,5111.3,5203.36,5095.55,5186.76,,18915099.0,0.025466839332140667
2007-12-20,5212.06,5302.4,5169.99,5289.17,,17768346.0,0.019744503312279615
2007-12-21,5266.1,5359.41,5263.51,5342.95,,20834933.0,0.01016794695576051
2007-12-24,5382.95,5493.54,5364.56,5458.83,,30342241.0,0.02168839311616244
2007-12-25,5467.45,5494.85,5427.81,5458.17,,23761452.0,-0.00012090502909956058
2007-12-26,5472.87,5519.09,5422.27,5495.48,,24645002.0,0.0068356243942566675
2007-12-27,5517.48,5614.98,5482.45,5614.89,,32268418.0,0.02172876618602948
2007-12-28,5626.13,5640.65,5564.28,5578.45,,27529348.0,-0.006489886711939286
2008-01-02,5585.55,5617.33,5505.5,5591.81,,25069436.0,0.002394930491444791
2008-01-03,5584.12,5605.95,5481.98,5604.79,,37592931.0,0.0023212519738688986
2008-01-04,5609.69,5686.57,5598.1,5669.37,,30293282.0,0.011522287186495728
2008-01-07,5665.67,5750.02,5639.42,5736.06,,30638687.0,0.01176321178543649
2008-01-08,5756.77,5844.15,5699.71,5743.83,,37923217.0,0.0013545883411261173
2008-01-09,5722.06,5813.73,5698.11,5812.11,,25925025.0,0.011887538454306679
2008-01-10,5829.9,5898.95,5789.67,5867.32,,38245277.0,0.009499131984769704
2008-01-11,5887.84,5916.23,5838.28,5914.4,,33631873.0,0.008024106406331999
2008-01-14,5938.62,5965.73,5892.67,5934.45,,26899441.0,0.00339003111050995
2008-01-15,5944.71,5947.7,5833.91,5872.37,,28743362.0,-0.010460952573532523
2008-01-16,5812.77,5812.77,5637.83,5643.75,,30932193.0,-0.038931470598753126
2008-01-17,5576.23,5666.24,5367.69,5503.61,,34145963.0,-0.024831007751938028
2008-01-18,5492.34,5550.66,5438.56,5537.51,,22688873.0,0.0061595934304938815
2008-01-21,5548.03,5559.31,5226.31,5249.88,,24981696.0,-0.05194211838895102
2008-01-22,5120.69,5142.5,4805.41,4862.86,,35722538.0,-0.07371978026164416
2008-01-23,4904.93,5074.59,4860.62,5072.35,,31070193.0,0.0430795869097611
2008-01-24,5139.23,5153.46,4998.14,5098.11,,29436991.0,0.005078513903811643
2008-01-25,5089.9,5207.32,5009.56,5159.26,,24840571.0,0.011994641151328755
2008-01-28,5109.77,5109.77,4782.77,4799.57,,22172955.0,-0.06971736256750005
2008-01-29,4811.46,4913.68,4743.86,4816.82,,15101653.0,0.0035940719689471212
2008-01-30,4875.32,4914.36,4641.38,4749.38,,18820329.0,-0.014000938378432193
2008-01-31,4733.38,4785.38,4675.84,4684.16,,18453916.0,-0.01373231874476255
2008-02-01,4688.31,4749.24,4510.12,4681.33,,20597022.0,-0.0006041638201940147
2008-02-04,4811.53,5076.29,4811.53,5074.42,,26850215.0,0.08396972655206958
2008-02-05,5062.21,5113.87,4992.17,5032.8,,20567615.0,-0.008201922584255894
2008-02-13,4953.04,4969.15,4877.54,4899.63,,13147885.0,-0.026460419647114986
2008-02-14,4946.08,5003.25,4930.36,4959.01,,11460163.0,0.012119282476432014
2008-02-15,4920.07,4920.07,4810.23,4881.75,,14756583.0,-0.015579722565592813
2008-02-18,4946.67,5012.25,4907.55,4973.86,,17196728.0,0.01886823372765911
2008-02-19,4990.35,5076.28,4944.49,5076.28,,19622083.0,0.020591653162734813
2008-02-20,5083.93,5112.71,4932.08,4938.13,,22960338.0,-0.027214810845737403
2008-02-21,4907.56,4928.23,4808.7,4875.88,,18838757.0,-0.012605986476662223
2008-02-22,4848.53,4848.53,4630.38,4671.66,,22369117.0,-0.04188372150258013
2008-02-25,4669.7,4687.73,4480.05,4489.2,,20560004.0,-0.039056780673251024
2008-02-26,4616.49,4642.59,4377.14,4499.0,,20688920.0,0.0021830170186225573
2008-02-27,4525.23,4655.92,4478.23,4626.98,,17158397.0,0.028446321404756558
2008-02-28,4635.65,4649.6,4561.95,4599.01,,12286193.0,-0.006044979662760408
2008-02-29,4592.35,4668.93,4571.59,4651.96,,11707538.0,0.011513347437818178
2008-03-03,4624.15,4774.46,4576.29,4756.94,,19024743.0,0.02256683204498744
2008-03-04,4778.01,4793.92,4597.44,4610.78,,22487157.0,-0.030725634546578284
2008-03-05,4592.45,4632.69,4447.93,4550.43,,19687857.0,-0.013088891684270187
2008-03-06,4566.15,4691.04,4495.54,4613.13,,20254394.0,0.013778917596798612
2008-03-07,4561.91,4626.0,4523.46,4556.17,,13307599.0,-0.012347365021146195
2008-03-10,4521.37,4521.37,4334.17,4358.25,,18263172.0,-0.043439994556831785
2008-03-11,4322.87,4363.35,4247.86,4363.35,,13983224.0,0.0011701944587851898
2008-03-12,4464.68,4481.12,4225.38,4228.68,,14872336.0,-0.030863900443466652
2008-03-13,4187.63,4221.13,4061.6,4141.75,,20586945.0,-0.020557242449180446
2008-03-14,4121.49,4150.03,4028.04,4099.78,,14584302.0,-0.010133397718355863
2008-03-17,4079.93,4080.88,3947.47,3955.04,,16055590.0,-0.03530433340325578
2008-03-18,3922.71,3999.14,3719.43,3785.94,,20289888.0,-0.04275557263643348
2008-03-19,3865.94,3969.96,3809.28,3908.02,,21689817.0,0.032245624600495404
2008-03-20,3858.68,4060.41,3669.11,4015.14,,26140298.0,0.02741029984493415
2008-03-21,4014.02,4095.0,3971.69,4043.71,,23437983.0,0.007115567576722048
2008-03-24,4091.51,4108.35,3843.72,3843.9,,19382764.0,-0.0494125444208412
2008-03-25,3770.22,3929.55,3738.51,3892.91,,19150993.0,0.012750071541923536
2008-03-26,3914.26,3995.28,3880.47,3905.29,,16577148.0,0.0031801403063518308
2008-03-27,3831.28,3866.45,3743.35,3747.34,,18813391.0,-0.040445139797556595
2008-03-28,3715.0,3948.97,3674.77,3938.08,,26885330.0,0.050900105141246765
2008-03-31,3816.87,3914.68,3802.02,3824.55,,17834703.0,-0.028828769349530714
2008-04-01,3810.61,3852.18,3623.56,3654.77,,21865428.0,-0.044392150710541145
2008-04-02,3702.67,3813.77,3604.04,3677.56,,28271464.0,0.006235686513788918
2008-04-03,3648.11,3795.81,3589.57,3789.38,,20003431.0,0.03040603008516518
2008-04-07,3751.98,3983.41,3720.77,3971.6,,24489357.0,0.04808702215138094
2008-04-08,3977.02,4050.11,3937.65,4002.97,,25655982.0,0.007898579917413606
2008-04-09,3965.97,4014.29,3792.42,3792.47,,21624174.0,-0.05258595492846563
2008-04-10,3753.19,3849.88,3711.8,3845.83,,14993540.0,0.014069986051306937
2008-04-11,3893.21,3922.45,3845.61,3871.29,,13788846.0,0.006620157417254635
2008-04-14,3787.08,3800.52,3603.93,3614.82,,19362524.0,-0.06624923475120692
2008-04-15,3590.21,3645.95,3478.09,3645.09,,18258266.0,0.008373860939133948
2008-04-16,3634.89,3643.71,3545.25,3558.03,,16038719.0,-0.02388418392961489
2008-04-17,3557.74,3625.44,3408.3,3455.58,,17990061.0,-0.02879402365915973
2008-04-18,3424.25,3466.02,3312.79,3350.37,,17023510.0,-0.03044640841768964
2008-04-21,3606.19,3606.19,3319.11,3367.89,,24893963.0,0.005229273184752747
2008-04-22,3309.15,3430.87,3242.5,3429.27,,19355650.0,0.018225060794740955
2008-04-23,3396.03,3608.27,3374.79,3593.36,,28531873.0,0.04784983392967024
2008-04-24,3896.9,3944.09,3810.38,3936.02,,61676133.0,0.09535921811340908
2008-04-25,3939.18,4071.95,3895.56,3952.31,,51638103.0,0.0041386984822231465
2008-04-28,3887.27,3937.12,3848.33,3863.26,,27798982.0,-0.022531127366021364
2008-04-29,3838.17,3939.63,3835.78,3913.25,,24046863.0,0.012939848728793724
2008-04-30,3935.82,4131.32,3935.73,4118.49,,43183068.0,0.05244745416214136
2008-05-05,4178.5,4204.46,4121.73,4200.36,,35250919.0,0.019878644843134285
2008-05-06,4161.9,4215.41,4096.58,4149.61,,31941042.0,-0.012082297707815548
2008-05-07,4123.07,4186.31,3949.47,3949.65,,30349422.0,-0.048187661009106764
2008-05-08,3899.83,4047.03,3884.81,4045.84,,24621186.0,0.024354056688567383
2008-05-09,4081.59,4093.06,3910.79,3978.75,,31075357.0,-0.016582464951654052
2008-05-12,3899.33,4048.76,3855.55,3995.04,,23732902.0,0.004094250706880187
2008-05-13,3869.99,4007.39,3861.73,3926.98,,25650250.0,-0.017036124794745477
2008-05-14,3915.78,4061.58,3915.78,4061.47,,25544650.0,0.03424769161034691
2008-05-15,4092.31,4124.67,4033.81,4034.12,,24166874.0,-0.006734015024116857
2008-05-16,4035.04,4075.77,3983.0,4032.09,,19916381.0,-0.000503207638840597
2008-05-19,4020.97,4024.99,3953.25,3996.96,,15503652.0,-0.008712603141298958
2008-05-20,3995.38,4035.0,3789.37,3799.59,,21199531.0,-0.04938002882190462
2008-05-21,3761.69,3896.36,3687.1,3876.94,,23285339.0,0.02035745962064328
2008-05-22,3818.77,3868.38,3785.61,3797.9,,21594500.0,-0.02038721259550058
2008-05-23,3787.5,3836.19,3731.9,3773.79,,18753335.0,-0.0063482450828089565
2008-05-26,3741.67,3741.67,3648.86,3657.1,,14674724.0,-0.03092116943444123
2008-05-27,3650.96,3693.96,3632.13,3670.84,,13133159.0,0.0037570752782258854
2008-05-28,3677.63,3797.94,3653.17,3773.18,,16646521.0,0.027879177517952103
2008-05-29,3760.67,3770.91,3672.61,3675.62,,15428946.0,-0.025856174367509643
2008-05-30,3684.15,3725.54,3655.81,3715.71,,15716092.0,0.010907003444316832
2008-06-02,3703.38,3754.11,3679.59,3728.7,,15922784.0,0.003495967123376076
2008-06-03,3727.67,3748.38,3685.66,3714.62,,22348360.0,-0.003776114999865854
2008-06-04,3700.43,3704.53,3610.11,3645.86,,17267083.0,-0.018510641734551525
2008-06-05,3626.86,3643.7,3587.16,3617.52,,13030829.0,-0.007773200287449322
2008-06-06,3624.98,3636.79,3572.08,3591.73,,11991157.0,-0.00712919348061658
2008-06-10,3437.25,3448.51,3279.48,3300.46,,20832416.0,-0.08109462570961623
2008-06-11,3256.01,3284.11,3199.74,3239.75,,16665529.0,-0.01839440562830641
2008-06-12,3223.05,3245.42,3107.57,3172.06,,18171363.0,-0.02089358746816883
2008-06-13,3172.77,3195.86,3074.63,3078.5,,13953361.0,-0.029495028467305118
2008-06-16,3082.9,3124.54,3007.58,3067.09,,15886879.0,-0.003706350495371047
2008-06-17,3063.13,3091.15,2946.95,2972.05,,14347994.0,-0.030987026790866845
2008-06-18,2946.27,3136.07,2889.56,3119.68,,24463964.0,0.049672784778183265
2008-06-19,3093.74,3093.74,2894.56,2901.21,,20074140.0,-0.07002961842240218
2008-06-20,2931.13,3087.9,2828.41,2985.34,,31650900.0,0.02899824555961139
2008-06-23,2928.26,2976.18,2896.54,2915.93,,14559223.0,-0.023250283049837006
2008-06-24,2901.37,2988.04,2892.13,2971.91,,18388312.0,0.019197991721337626
2008-06-25,2963.34,3092.39,2952.14,3086.41,,23238464.0,0.038527411664552424
2008-06-26,3082.38,3123.72,3029.89,3084.84,,22132341.0,-0.0005086816074337808
2008-06-27,2985.8,2993.02,2892.03,2919.78,,21344791.0,-0.05350682693429798
2008-06-30,2882.04,2934.54,2848.29,2886.43,,13552435.0,-0.011422093445396686
2008-07-01,2895.13,2903.97,2769.6,2777.44,,16486568.0,-0.03775944679067211
2008-07-02,2779.94,2816.63,2735.29,2762.05,,15670020.0,-0.005541073794573359
2008-07-03,2713.94,2856.45,2670.57,2803.79,,24075154.0,0.015111963939827167
2008-07-04,2797.91,2828.54,2759.72,2785.32,,19040939.0,-0.006587511903530463
2008-07-07,2792.08,2944.43,2792.08,2934.91,,30103117.0,0.053706575905102305
2008-07-08,2953.17,2993.26,2886.75,2941.93,,28425323.0,0.0023918961739883837
2008-07-09,2971.51,3067.11,2971.51,3066.2,,38871674.0,0.04224097786147185
2008-07-10,3017.54,3107.14,2997.58,3028.79,,31186334.0,-0.01220076968234296
2008-07-11,3017.83,3039.01,2967.45,3004.13,,22031555.0,-0.008141865233310952
2008-07-14,2973.94,3047.5,2963.4,3019.88,,16524780.0,0.005242782436179594
2008-07-15,3029.01,3038.85,2880.99,2884.36,,23830422.0,-0.04487595533597366
2008-07-16,2851.37,2857.93,2750.86,2793.81,,19908693.0,-0.03139344603308891
2008-07-17,2842.03,2861.85,2759.11,2771.67,,16273173.0,-0.007924662020681428
2008-07-18,2803.74,2875.74,2753.28,2874.03,,23836474.0,0.03693080345062727
2008-07-21,2846.42,2966.7,2836.4,2964.01,,25068000.0,0.031307954335897614
2008-07-22,2956.79,2975.34,2935.45,2952.03,,18675153.0,-0.004041821721249228
2008-07-23,2974.34,2994.65,2934.12,2938.6,,18940719.0,-0.004549411760720656
2008-07-24,2962.04,3045.38,2961.44,3044.2,,27412530.0,0.0359354794800244
2008-07-25,3001.33,3029.83,2977.16,3001.46,,20310079.0,-0.014039813415675617
2008-07-28,3021.56,3066.99,3005.69,3018.41,,20886330.0,0.005647251670853448
2008-07-29,2975.58,2975.58,2935.69,2961.06,,17567081.0,-0.019000069573053335
2008-07-30,2999.62,3008.86,2924.69,2941.38,,14860019.0,-0.006646268565986491
2008-07-31,2951.88,2956.11,2865.81,2866.51,,13831490.0,-0.02545403858053019
2008-08-01,2850.51,2941.38,2814.05,2910.11,,18799222.0,0.015210133577067575
2008-08-04,2885.24,2904.15,2841.13,2847.52,,12420090.0,-0.021507778056499616
2008-08-05,2859.74,2870.0,2781.58,2789.85,,17979678.0,-0.020252711131089507
2008-08-06,2813.37,2841.86,2773.43,2816.15,,15882957.0,0.009427030127067804
2008-08-07,2810.92,2843.2,2774.98,2812.05,,13024491.0,-0.0014558883582195259
2008-08-08,2809.2,2810.48,2683.75,2696.73,,16432484.0,-0.04100922814316965
2008-08-11,2686.31,2701.83,2564.57,2579.62,,18040825.0,-0.04342666859492794
2008-08-12,2557.94,2600.63,2540.76,2568.34,,13238265.0,-0.004372737069800903
2008-08-13,2551.43,2582.72,2494.42,2559.97,,14905268.0,-0.003258914318197914
2008-08-14,2545.51,2575.46,2521.44,2555.22,,10439189.0,-0.0018554904940292216
2008-08-15,2555.06,2597.7,2529.14,2567.18,,10717331.0,0.004680614585045539
2008-08-18,2570.38,2571.45,2439.37,2439.97,,13124612.0,-0.049552427176902336
2008-08-19,2414.93,2488.19,2403.35,2478.5,,10168104.0,0.015791177760382302
2008-08-20,2461.47,2671.15,2442.35,2670.8,,25897567.0,0.07758725035303615
2008-08-21,2629.37,2670.11,2574.46,2577.03,,19971000.0,-0.03510933053766663
2008-08-22,2551.41,2570.23,2497.19,2538.14,,13652142.0,-0.015091015626515936
2008-08-25,2543.4,2580.59,2510.01,2541.27,,10053360.0,0.0012331865066546044
2008-08-26,2510.75,2542.09,2465.63,2489.76,,12605516.0,-0.020269392862623747
2008-08-27,2481.49,2528.3,2453.05,2483.62,,13588676.0,-0.0024661011503117614
2008-08-28,2485.45,2530.6,2478.61,2499.29,,12593845.0,0.0063093387877373175
2008-08-29,2512.82,2578.22,2499.34,2550.81,,16989275.0,0.020613854334631032
2008-09-01,2529.01,2530.11,2446.94,2459.42,,11851467.0,-0.035827835079837334
2008-09-02,2442.4,2453.92,2415.42,2429.22,,10426584.0,-0.012279317887957442
2008-09-03,2424.91,2440.19,2358.47,2383.19,,13195797.0,-0.018948469055910855
2008-09-04,2374.49,2402.28,2348.86,2384.34,,10118360.0,0.0004825465027966658
2008-09-05,2324.25,2355.43,2303.35,2320.84,,11491098.0,-0.026632107836969565
2008-09-08,2329.86,2338.46,2268.64,2276.44,,11705914.0,-0.01913100429154968
2008-09-09,2286.02,2300.82,2260.3,2288.47,,9830553.0,0.0052845671311345654
2008-09-10,2274.12,2332.34,2245.98,2291.74,,12449667.0,0.0014289022796889483
2008-09-11,2283.07,2287.37,2200.57,2205.58,,13350668.0,-0.03759588784067991
2008-09-12,2205.22,2235.75,2196.1,2210.3,,10650404.0,0.0021400266596542927
2008-09-16,2171.32,2171.32,2097.2,2109.52,,21571920.0,-0.04559562050400412
2008-09-17,2084.12,2109.44,2016.07,2021.02,,22297615.0,-0.041952671697827015
2008-09-18,1961.0,2039.48,1896.29,1990.97,,31564200.0,-0.014868729651364099
2008-09-19,2172.77,2177.08,2151.6,2177.08,,20656241.0,0.09347704887567354
2008-09-22,2352.09,2373.44,2252.73,2329.22,,62420871.0,0.06988259503555216
2008-09-23,2263.87,2313.91,2244.56,2251.03,,55585442.0,-0.03356917766462575
2008-09-24,2195.01,2264.24,2170.94,2263.78,,29315228.0,0.005664073779558798
2008-09-25,2268.47,2400.2,2263.38,2360.61,,48155145.0,0.04277359107333756
2008-09-26,2370.42,2389.69,2319.54,2375.73,,35417913.0,0.006405124099279291
2008-10-06,2339.84,2339.84,2246.42,2246.88,,27009434.0,-0.054235961157202195
2008-10-07,2154.46,2254.37,2134.31,2215.83,,27193084.0,-0.01381916257210003
2008-10-08,2147.1,2179.49,2094.73,2119.01,,23615808.0,-0.04369468776936847
2008-10-09,2155.58,2158.93,2083.11,2091.55,,21009383.0,-0.012958881741945594
2008-10-10,2002.6,2042.41,1972.54,2006.49,,24893390.0,-0.040668403815352305
2008-10-13,1992.23,2106.21,1945.71,2105.97,,29486177.0,0.049579115769328386
2008-10-14,2181.35,2187.6,2049.55,2049.8,,35535740.0,-0.02667179494484706
2008-10-15,2023.73,2045.32,2004.9,2029.64,,19704723.0,-0.009835105863986726
2008-10-16,1940.47,1982.02,1931.7,1934.84,,24797287.0,-0.046707790544135985
2008-10-17,1954.03,1967.89,1918.22,1946.83,,17239715.0,0.0061968948336812435
2008-10-20,1941.33,2017.24,1912.43,2014.24,,19564250.0,0.03462551943415715
2008-10-21,2018.13,2044.87,1994.35,1995.16,,21820017.0,-0.009472555405512728
2008-10-22,1965.63,2001.44,1940.5,1941.35,,20488443.0,-0.02697026804867786
2008-10-23,1898.86,1935.98,1878.5,1933.97,,23005971.0,-0.003801478352692622
2008-10-24,1930.22,1939.67,1859.36,1870.82,,21341330.0,-0.03265304011954684
2008-10-27,1833.15,1833.15,1734.33,1736.31,,22040836.0,-0.07189895340011332
2008-10-28,1694.19,1808.61,1687.13,1795.25,,31119085.0,0.033945551197654744
2008-10-29,1811.71,1827.42,1750.9,1751.42,,24617915.0,-0.024414426960033375
2008-10-30,1763.98,1831.6,1738.64,1803.64,,26892239.0,0.02981580660264238
2008-10-31,1792.15,1800.71,1760.23,1768.87,,16915669.0,-0.019277682907897442
2008-11-03,1751.07,1798.32,1745.68,1764.97,,15889771.0,-0.0022047974130375847
2008-11-04,1756.89,1759.55,1718.14,1741.87,,15516328.0,-0.013088041156506969
2008-11-05,1757.01,1842.02,1757.01,1813.97,,27924686.0,0.04139229678449041
2008-11-06,1765.95,1778.64,1753.92,1765.12,,18187433.0,-0.026929883074141348
2008-11-07,1730.55,1813.94,1724.67,1798.38,,19115543.0,0.01884291153009432
2008-11-10,1840.47,1934.49,1840.47,1932.45,,39523663.0,0.0745504287191805
2008-11-11,1923.95,1953.44,1904.84,1906.99,,37825178.0,-0.013174985122512917
2008-11-12,1881.98,1935.08,1878.02,1923.7,,24600374.0,0.00876250006554824
2008-11-13,1895.27,2015.65,1878.17,1995.81,,48920775.0,0.03748505484223097
2008-11-14,2014.48,2060.0,1990.98,2058.06,,50424995.0,0.03119034377019858
2008-11-17,2046.46,2089.97,2030.44,2089.9,,47963115.0,0.01547088034362476
2008-11-18,2078.21,2099.95,1929.64,1938.21,,55534244.0,-0.07258242021149341
2008-11-19,1931.89,2059.01,1916.59,2052.15,,47403443.0,0.058786199637810066
2008-11-20,2011.56,2065.33,1992.95,2019.47,,43597429.0,-0.01592476183514857
2008-11-21,1955.38,2059.55,1917.84,2009.87,,47363127.0,-0.0047537225113520876
2008-11-24,1999.68,2008.65,1922.79,1924.11,,27351439.0,-0.04266942638081073
2008-11-25,1959.0,1971.31,1893.88,1924.23,,23429499.0,6.236649671809147e-05
2008-11-26,1923.66,1957.18,1906.49,1935.44,,27892730.0,0.00582570690613915
2008-11-27,2054.3,2064.13,1961.2,1961.88,,52783716.0,0.013660976315463147
2008-11-28,1941.98,1956.93,1899.8,1914.56,,31340311.0,-0.024119721899402702
2008-12-01,1908.06,1937.85,1881.5,1935.7,,25718768.0,0.011041701487548128
2008-12-02,1891.43,1954.76,1884.39,1929.14,,29566607.0,-0.0033889549000361008
2008-12-03,1946.87,2017.0,1946.38,2016.88,,46023822.0,0.04548140622246177
2008-12-04,2045.62,2121.78,2045.62,2056.79,,67124375.0,0.019787989369719483
2008-12-05,2042.75,2084.24,2037.85,2082.86,,39096944.0,0.012675090796824273
2008-12-08,2111.65,2167.1,2103.58,2166.32,,61061734.0,0.04006990388216214
2008-12-09,2176.11,2179.5,2106.7,2107.75,,51175994.0,-0.02703663355367636
2008-12-10,2096.46,2167.73,2081.05,2167.71,,49533097.0,0.028447396512869094
2008-12-11,2154.56,2178.76,2114.85,2119.33,,40521744.0,-0.022318483560992974
2008-12-12,2099.2,2109.73,2008.98,2031.88,,39006877.0,-0.04126304067795006
2008-12-15,2062.91,2077.29,2009.32,2041.67,,28751808.0,0.004818197925074319
2008-12-16,2021.26,2056.8,1984.86,2056.21,,27558656.0,0.00712162102592484
2008-12-17,2063.45,2085.88,2051.34,2056.91,,31821247.0,0.0003404321543032385
2008-12-18,2055.12,2108.6,2036.73,2107.37,,33832432.0,0.024531943546387547
2008-12-19,2096.46,2138.26,2090.15,2111.41,,34886715.0,0.0019170814807081271
2008-12-22,2108.91,2113.12,2048.42,2069.31,,28315474.0,-0.0199392822805613
2008-12-23,2069.7,2069.7,1972.75,1972.99,,33762340.0,-0.04654691660505195
2008-12-24,1947.85,1968.76,1928.33,1940.55,,22420658.0,-0.016442049883679144
2008-12-25,1944.03,1955.03,1900.85,1921.93,,20693711.0,-0.00959521785060935
2008-12-26,1917.47,1934.41,1903.24,1915.31,,20694485.0,-0.0034444542725281524
2008-12-29,1902.87,1910.98,1869.22,1903.69,,20851891.0,-0.006066903007868163
2008-12-30,1902.57,1915.31,1871.31,1880.9,,21317814.0,-0.011971486954283517
2008-12-31,1883.03,1894.55,1866.24,1870.04,,21325241.0,-0.005773831676325281
2009-01-05,1901.6,1935.05,1889.41,1934.97,,30424763.0,0.03472118243460032
2009-01-06,1933.9,1999.55,1926.78,1992.29,,42660320.0,0.029623198292479946
2009-01-07,1991.16,2008.54,1974.97,1975.27,,33694749.0,-0.008542933006741027
2009-01-08,1937.69,1942.36,1912.88,1927.82,,33226293.0,-0.02402203243100942
2009-01-09,1925.5,1959.2,1925.5,1952.96,,25272294.0,0.013040636573954156
2009-01-12,1945.59,1974.03,1936.58,1947.35,,27526440.0,-0.0028725626740947474
2009-01-13,1916.99,1933.99,1903.89,1904.88,,27480666.0,-0.021809125221454728
2009-01-14,1903.0,1986.75,1903.0,1986.75,,33775344.0,0.04297908529671157
2009-01-15,1964.86,1999.74,1955.65,1978.32,,43560314.0,-0.004243110607776601
2009-01-16,1989.14,2059.38,1989.14,2019.45,,58374451.0,0.020790367584617275
2009-01-19,2042.48,2098.33,2036.52,2053.51,,52255287.0,0.01686597836044479
2009-01-20,2047.51,2064.18,2025.46,2063.97,,31026518.0,0.005093717585986646
2009-01-21,2029.78,2086.14,2024.55,2056.92,,38644999.0,-0.0034157473219086354
2009-01-22,2069.6,2084.03,2042.49,2074.75,,32649333.0,0.008668300176963628
2009-01-23,2068.3,2082.76,2053.02,2061.21,,31973217.0,-0.006526087480419274
2009-02-02,2080.92,2086.16,2052.22,2074.38,,25279369.0,0.006389450856535861
2009-02-03,2074.53,2126.93,2068.1,2126.65,,48104395.0,0.025197890454015104
2009-02-04,2137.05,2190.21,2135.46,2190.21,,57302290.0,0.02988738156255133
2009-02-05,2188.29,2244.56,2166.41,2181.91,,67292986.0,-0.0037895909524657823
2009-02-06,2188.47,2268.24,2188.47,2265.33,,59947960.0,0.038232557713196336
2009-02-09,2300.48,2330.62,2285.13,2315.23,,71932387.0,0.0220276957441079
2009-02-10,2307.2,2334.48,2277.51,2333.95,,64425714.0,0.00808558976861895
2009-02-11,2293.85,2390.2,2282.79,2342.74,,84786321.0,0.003766147518155849
2009-02-12,2345.39,2353.66,2253.89,2313.11,,66804234.0,-0.012647583598692003
2009-02-13,2316.39,2393.31,2300.28,2389.51,,80971968.0,0.03302912529019375
2009-02-16,2411.0,2463.47,2397.81,2463.28,,90302016.0,0.030872438282325554
2009-02-17,2461.69,2477.45,2387.8,2388.51,,82429782.0,-0.03035383716020912
2009-02-18,2333.96,2364.31,2266.11,2270.12,,67074855.0,-0.04956646612323179
2009-02-19,2287.97,2313.59,2246.13,2280.9,,51284530.0,0.004748647648582516
2009-02-20,2281.19,2315.61,2253.72,2314.83,,46316327.0,0.014875706957779844
2009-02-23,2300.27,2382.22,2270.45,2372.22,,60581719.0,0.024792317362398064
2009-02-24,2336.37,2366.41,2245.92,2255.02,,69212709.0,-0.04940519850604064
2009-02-25,2277.63,2290.6,2183.08,2265.11,,61368124.0,0.004474461423845444
2009-02-26,2252.71,2296.87,2151.96,2173.15,,58709226.0,-0.04059846983148718
2009-02-27,2153.57,2186.81,2128.81,2149.56,,49082624.0,-0.010855210178772778
2009-03-02,2137.68,2176.37,2110.45,2161.07,,34432530.0,0.00535458419397461
2009-03-03,2107.59,2152.03,2098.43,2125.48,,35033120.0,-0.016468693748930008
2009-03-04,2132.71,2276.71,2132.71,2268.91,,67266112.0,0.0674812277697272
2009-03-05,2296.58,2328.14,2248.35,2293.68,,82082753.0,0.01091713642233505
2009-03-06,2248.5,2303.78,2244.45,2276.06,,49632337.0,-0.0076819783056049085
2009-03-09,2293.63,2329.38,2199.73,2201.45,,51954194.0,-0.03278033092273491
2009-03-10,2175.43,2238.16,2166.63,2237.25,,33120767.0,0.016262009130346033
2009-03-11,2286.96,2290.68,2210.48,2217.13,,41752785.0,-0.008993183595932486
2009-03-12,2204.39,2213.73,2156.83,2210.1,,31303295.0,-0.0031707658098533154
2009-03-13,2224.65,2246.69,2199.37,2204.0,,30300919.0,-0.0027600561060585616
2009-03-16,2196.34,2248.28,2176.62,2241.16,,29156657.0,0.01686025408348457
2009-03-17,2241.84,2322.84,2237.88,2316.15,,54724073.0,0.033460350889717994
2009-03-18,2329.08,2353.02,2317.36,2318.57,,56990294.0,0.0010448373378235676
2009-03-19,2323.17,2366.73,2314.0,2361.61,,53451532.0,0.018563166089442973
2009-03-20,2367.39,2375.79,2323.31,2353.8,,61357807.0,-0.003307065942302012
2009-03-23,2357.51,2419.03,2348.92,2410.71,,63153078.0,0.024177925057353944
2009-03-24,2454.73,2462.16,2413.33,2424.45,,64811721.0,0.005699565688116692
2009-03-25,2409.34,2446.52,2379.27,2379.8,,54915283.0,-0.01841654808307025
2009-03-26,2388.74,2461.53,2366.67,2461.16,,71229876.0,0.03418774686948467
2009-03-27,2482.44,2497.03,2459.92,2477.51,,83045576.0,0.006643208893367447
2009-03-30,2480.73,2487.2,2450.06,2463.31,,54339698.0,-0.00573156112387041
2009-03-31,2417.84,2486.62,2403.46,2480.48,,52849650.0,0.0069702960650506185
2009-04-01,2492.51,2537.03,2492.51,2518.27,,71840065.0,0.015234954524930622
2009-04-02,2528.38,2576.89,2527.88,2553.93,,80870297.0,0.014160514956696346
2009-04-03,2578.97,2598.96,2545.74,2562.22,,76146259.0,0.0032459777675972745
2009-04-07,2563.26,2591.63,2532.0,2565.34,,52811631.0,0.0012176940309576167
2009-04-08,2551.58,2562.52,2465.92,2466.02,,59716388.0,-0.038716115602610235
2009-04-09,2465.36,2506.37,2448.04,2506.0,,43343342.0,0.016212358375033542
2009-04-10,2530.2,2576.04,2520.76,2575.85,,58801780.0,0.027873104549082095
2009-04-13,2602.36,2651.77,2599.58,2638.41,,84299313.0,0.02428712852068249
2009-04-14,2633.96,2660.58,2620.46,2653.39,,60421776.0,0.005677661925174604
2009-04-15,2641.06,2660.23,2598.08,2651.5,,66213202.0,-0.000712296345429797
2009-04-16,2654.62,2668.6,2605.09,2649.19,,67751863.0,-0.0008712049783141662
2009-04-17,2637.72,2658.59,2597.87,2615.85,,55643173.0,-0.012584978804842328
2009-04-20,2610.44,2675.46,2607.71,2674.28,,55109736.0,0.022336907697307007
2009-04-21,2634.72,2660.92,2602.25,2638.88,,60516806.0,-0.013237207771811477
2009-04-22,2653.43,2683.7,2542.39,2554.14,,73683672.0,-0.032112108167101305
2009-04-23,2534.2,2573.27,2524.15,2564.59,,45934056.0,0.00409139671278802
2009-04-24,2577.4,2581.06,2545.66,2548.74,,39486452.0,-0.006180325120194841
2009-04-27,2543.68,2553.36,2484.69,2499.54,,41544506.0,-0.019303655924103658
2009-04-28,2477.13,2513.88,2468.42,2497.95,,36131290.0,-0.0006361170455364551
2009-04-29,2498.4,2604.21,2494.01,2591.99,,51328385.0,0.037646870433755586
2009-04-30,2598.78,2616.24,2580.77,2597.31,,50502784.0,0.002052477054309776
2009-05-04,2608.47,2688.31,2605.09,2687.42,,63910446.0,0.03469358682637047
2009-05-05,2705.3,2727.9,2683.07,2694.37,,58027168.0,0.002586123493908632
2009-05-06,2690.11,2736.36,2682.19,2726.91,,60617146.0,0.012077034705701095
2009-05-07,2743.25,2763.81,2702.91,2733.26,,70933995.0,0.0023286430428581806
2009-05-08,2718.08,2777.96,2705.99,2768.52,,64206911.0,0.01290034610684665
2009-05-11,2789.32,2836.6,2718.13,2718.47,,78669024.0,-0.018078251195584705
2009-05-12,2697.35,2776.32,2694.63,2776.16,,53771635.0,0.02122149591498168
2009-05-13,2780.2,2806.83,2759.9,2799.49,,65663476.0,0.008403694311567067
2009-05-14,2764.1,2780.27,2735.52,2766.69,,48804702.0,-0.011716419776459208
2009-05-15,2775.49,2792.14,2750.21,2770.76,,34857759.0,0.0014710719307187148
2009-05-18,2756.25,2785.59,2718.0,2782.91,,44849558.0,0.004385078462226799
2009-05-19,2811.94,2822.14,2792.84,2807.92,,55303270.0,0.008986995626879768
2009-05-20,2811.57,2815.03,2773.9,2774.26,,47985723.0,-0.011987521011994628
2009-05-21,2756.54,2767.73,2695.49,2708.53,,49533433.0,-0.023692804567704506
2009-05-22,2691.03,2719.6,2678.17,2700.27,,31897621.0,-0.0030496247041753577
2009-05-25,2647.47,2713.0,2638.81,2704.38,,38840672.0,0.0015220700152207556
2009-05-26,2710.19,2712.81,2668.25,2669.06,,34497659.0,-0.013060294781058968
2009-05-27,2682.98,2729.39,2670.82,2719.56,,41418584.0,0.0189205188343462
2009-06-01,2759.82,2832.55,2759.82,2825.92,,72434108.0,0.03910926767565348
2009-06-02,2845.74,2859.07,2819.07,2827.31,,66590987.0,0.0004918752123201919
2009-06-03,2828.35,2914.52,2827.9,2914.41,,71100106.0,0.030806667822063982
2009-06-04,2899.19,2947.06,2883.41,2936.31,,81475815.0,0.007514385415916092
2009-06-05,2947.33,2957.13,2917.99,2919.35,,62618725.0,-0.005775956898283918
2009-06-08,2918.61,2974.84,2894.59,2942.1,,60417307.0,0.007792830595851896
2009-06-09,2944.43,2961.28,2894.38,2960.55,,58360338.0,0.006271030896298546
2009-06-10,2970.17,2996.8,2964.67,2986.13,,61295906.0,0.008640286433263977
2009-06-11,2979.49,2998.88,2949.62,2959.16,,48814759.0,-0.009031756822375558
2009-06-12,2952.4,2977.99,2884.85,2908.45,,46063153.0,-0.01713661985157955
2009-06-15,2920.09,2985.6,2904.06,2984.12,,49144410.0,0.026017294435180194
2009-06-16,2952.61,2996.51,2945.89,2972.63,,43708893.0,-0.0038503813519562557
2009-06-17,2967.82,3026.07,2933.28,3018.89,,45783669.0,0.01556197710444951
2009-06-18,3022.28,3079.31,3021.37,3073.66,,59985873.0,0.0181424298334818
2009-06-19,3078.95,3110.1,3067.1,3104.0,,64252141.0,0.009870968161735494
2009-06-22,3133.02,3152.59,3104.5,3114.02,,64910150.0,0.00322809278350511
2009-06-23,3066.15,3173.4,3057.95,3120.42,,72815412.0,0.0020552212252973323
2009-06-24,3113.63,3144.44,3095.18,3143.63,,66931328.0,0.007438101281237897
2009-06-25,3146.54,3170.16,3129.4,3144.27,,47238563.0,0.00020358629991434896
2009-06-26,3152.23,3165.72,3133.16,3153.68,,40726957.0,0.002992745533939578
2009-06-29,3157.74,3216.36,3146.98,3213.65,,48735503.0,0.01901587986098785
2009-06-30,3225.78,3231.14,3192.58,3198.17,,51939923.0,-0.004816952686197973
2009-07-01,3184.43,3277.02,3181.44,3275.36,,57442746.0,0.024135677590622073
2009-07-02,3284.36,3331.26,3284.15,3322.18,,67509720.0,0.014294611889990705
2009-07-03,3293.66,3366.28,3288.24,3365.76,,59472380.0,0.013117892468198722
2009-07-06,3371.14,3425.53,3371.14,3423.23,,82088659.0,0.01707489541737961
2009-07-07,3417.66,3439.1,3368.81,3380.86,,79969505.0,-0.012377199311761067
2009-07-08,3341.94,3391.93,3279.78,3374.04,,69583830.0,-0.0020172382174949988
2009-07-09,3366.66,3413.32,3348.43,3413.0,,59638816.0,0.01154698818034161
2009-07-10,3415.23,3438.66,3385.15,3405.9,,56148622.0,-0.0020802812774685098
2009-07-13,3389.42,3405.73,3353.62,3354.89,,55369055.0,-0.014976951760180879
2009-07-14,3372.61,3459.43,3372.61,3459.41,,62644133.0,0.031154523695262837
2009-07-15,3471.81,3496.65,3465.75,3490.12,,75363227.0,0.008877236291737534
2009-07-16,3516.7,3549.42,3484.79,3509.39,,74194814.0,0.0055213001272163
2009-07-17,3508.92,3536.77,3486.46,3521.77,,59148236.0,0.0035276785994147186
2009-07-20,3533.48,3592.31,3509.72,3586.21,,78042959.0,0.018297617391255017
2009-07-21,3598.69,3613.84,3534.2,3540.03,,73771592.0,-0.01287710424096744
2009-07-22,3535.6,3608.27,3535.26,3607.58,,66531948.0,0.01908175919413102
2009-07-23,3613.35,3658.25,3590.08,3655.72,,68586400.0,0.013344125424799902
2009-07-24,3677.49,3698.31,3605.7,3680.54,,78571244.0,0.006789360235466724
2009-07-27,3695.56,3757.39,3688.1,3757.19,,84600578.0,0.020825748395615795
2009-07-28,3759.43,3765.66,3715.98,3763.65,,85671531.0,0.001719370061136205
2009-07-29,3749.48,3789.34,3470.07,3582.69,,102129921.0,-0.04808098521382165
2009-07-30,3616.74,3701.47,3556.37,3677.18,,86180712.0,0.026374037385316518
2009-07-31,3713.01,3769.46,3672.83,3767.31,,78622729.0,0.024510630428752567
2009-08-03,3788.75,3810.61,3744.14,3808.09,,77616968.0,0.010824699852149289
2009-08-04,3825.17,3825.17,3722.4,3792.34,,79788741.0,-0.004135931661279013
2009-08-05,3785.99,3792.0,3696.16,3737.2,,78555998.0,-0.0145398355632671
2009-08-06,3704.81,3732.33,3596.1,3655.36,,67712780.0,-0.021898747725569878
2009-08-07,3650.02,3682.22,3540.44,3555.82,,57069238.0,-0.027231243981440945
2009-08-10,3589.09,3610.93,3479.61,3535.28,,49236989.0,-0.00577644537687505
2009-08-11,3550.9,3563.91,3504.64,3550.42,,37126876.0,0.004282546219818384
2009-08-12,3541.59,3541.59,3384.42,3391.21,,54496109.0,-0.044842582004382625
2009-08-13,3390.14,3443.54,3327.86,3434.72,,52262075.0,0.012830228738414773
2009-08-14,3428.91,3444.27,3326.4,3341.55,,51786137.0,-0.027125937485442675
2009-08-17,3281.84,3323.67,3146.71,3150.01,,56635498.0,-0.05732070446349746
2009-08-18,3123.56,3190.17,3089.54,3175.02,,47076126.0,0.007939657334421035
2009-08-19,3183.6,3190.15,2991.67,3026.08,,49102233.0,-0.04690994072478283
2009-08-20,3035.2,3160.46,3035.2,3158.69,,47702944.0,0.04382237085602503
2009-08-21,3149.86,3240.99,3129.32,3212.58,,51514061.0,0.017060870170861886
2009-08-24,3232.51,3236.82,3182.39,3220.25,,43728326.0,0.0023874891831487943
2009-08-25,3203.19,3203.19,2995.95,3085.29,,54015911.0,-0.04190978961260772
2009-08-26,3058.81,3172.44,3042.46,3139.13,,44079806.0,0.017450547598443
2009-08-27,3116.52,3175.22,3081.5,3118.12,,44884385.0,-0.006692937215088346
2009-08-28,3113.76,3130.36,2987.75,3005.48,,51284821.0,-0.03612433132785131
2009-08-31,2964.28,2964.28,2793.71,2798.09,,51087641.0,-0.06900395277958926
2009-09-01,2778.69,2886.66,2778.4,2834.83,,43222350.0,0.013130385370020203
2009-09-02,2815.89,2903.79,2805.08,2889.77,,38228929.0,0.019380350849962813
2009-09-03,2896.05,3051.94,2887.35,3042.74,,56800562.0,0.052935008668509864
2009-09-04,3044.62,3085.41,3028.02,3055.37,,48330825.0,0.004150864023873213
2009-09-07,3076.71,3128.67,3054.25,3076.5,,44834987.0,0.006915692698429288
2009-09-08,3058.14,3138.82,3021.92,3138.78,,46263861.0,0.020243783520234038
2009-09-09,3155.44,3175.89,3108.73,3157.68,,50645940.0,0.00602144782367664
2009-09-10,3143.79,3166.77,3116.72,3128.18,,35095419.0,-0.00934230194319885
2009-09-11,3120.51,3226.69,3120.51,3213.07,,46048637.0,0.02713718520034014
2009-09-14,3220.98,3263.42,3210.19,3258.77,,44037480.0,0.014223157291935795
2009-09-15,3264.03,3289.53,3230.04,3264.46,,44129978.0,0.0017460575615952934
2009-09-16,3249.54,3258.08,3170.38,3207.32,,45730106.0,-0.017503660636062235
2009-09-17,3226.44,3274.06,3226.44,3265.7,,46458123.0,0.018202112667273562
2009-09-18,3271.47,3276.54,3121.24,3147.57,,52590298.0,-0.03617294913801017
2009-09-21,3113.3,3150.05,3039.71,3147.95,,38812790.0,0.00012072805370477724
2009-09-22,3133.93,3177.69,3073.83,3074.51,,40423920.0,-0.02332946838418637
2009-09-23,3076.36,3104.37,3002.79,3019.94,,35907554.0,-0.01774916978640506
2009-09-24,3003.91,3091.38,2966.62,3053.3,,37555241.0,0.011046577084312892
2009-09-25,3030.36,3066.03,3002.15,3038.04,,27065207.0,-0.00499787115579875
2009-09-28,3045.65,3065.16,2944.34,2956.31,,23738334.0,-0.026902213269081376
2009-09-29,2960.0,2992.43,2924.57,2968.89,,27206359.0,0.004255304754914091
2009-09-30,2987.83,3022.32,2978.04,2997.23,,25843589.0,0.009545655110159146
2009-10-09,3068.44,3149.34,3060.71,3148.65,,33565944.0,0.05051998011497294
2009-10-12,3164.23,3177.05,3128.9,3129.21,,33180620.0,-0.006174074603401469
2009-10-13,3121.09,3179.83,3117.77,3177.74,,27960408.0,0.015508706670373629
2009-10-14,3188.19,3253.97,3182.17,3203.98,,45512648.0,0.008257440822723172
2009-10-15,3238.66,3269.26,3208.46,3218.21,,32625638.0,0.00444135106960708
2009-10-16,3228.79,3248.27,3165.1,3217.8,,29547606.0,-0.00012740001429356607
2009-10-19,3213.97,3302.41,3206.34,3300.54,,41965570.0,0.02571322021256761
2009-10-20,3327.88,3358.2,3320.67,3353.81,,49933048.0,0.016139783186993606
2009-10-21,3353.83,3390.94,3337.39,3346.63,,46259972.0,-0.0021408487660302677
2009-10-22,3340.65,3358.04,3314.13,3317.96,,32215997.0,-0.00856682692738664
2009-10-23,3325.73,3407.27,3325.73,3383.16,,45765334.0,0.019650628699562356
2009-10-26,3392.72,3405.64,3357.92,3382.54,,34510753.0,-0.00018326062024853762
2009-10-27,3355.01,3361.34,3286.73,3287.2,,40151616.0,-0.028185919456976127
2009-10-28,3276.83,3306.14,3224.31,3290.56,,33006153.0,0.0010221465076660774
2009-10-29,3227.1,3251.73,3201.6,3209.86,,32018756.0,-0.024524700962754054
2009-10-30,3268.61,3291.38,3238.68,3241.51,,30741634.0,0.009860243125868529
2009-11-02,3167.54,3360.26,3160.43,3356.2,,44067087.0,0.03538165854802222
2009-11-03,3363.0,3406.39,3355.77,3392.13,,40278434.0,0.010705559859364833
2009-11-04,3398.4,3432.46,3368.17,3408.64,,43448604.0,0.004867148369903207
2009-11-05,3412.22,3424.81,3384.9,3412.23,,40412593.0,0.0010532059707097918
2009-11-06,3441.52,3454.44,3419.71,3428.09,,48010265.0,0.004647986800420778
2009-11-09,3432.04,3439.85,3392.28,3435.56,,40977375.0,0.0021790559757766115
2009-11-10,3460.58,3475.45,3441.98,3444.04,,45725522.0,0.002468302110864018
2009-11-11,3441.0,3452.11,3407.61,3430.6,,38997813.0,-0.003902393700421669
2009-11-12,3441.95,3465.08,3422.78,3434.7,,42999523.0,0.0011951262169882515
2009-11-13,3426.78,3451.09,3382.45,3450.97,,50585943.0,0.004736949369668286
2009-11-16,3472.41,3556.1,3472.41,3555.74,,68358266.0,0.03035958006009909
2009-11-17,3573.46,3583.39,3551.96,3558.0,,53015804.0,0.0006355920286635897
2009-11-18,3564.0,3581.97,3542.45,3557.09,,46304799.0,-0.0002557616638561022
2009-11-19,3564.89,3584.15,3528.23,3560.88,,49148869.0,0.0010654776797887067
2009-11-20,3548.42,3570.5,3513.87,3543.3,,50425405.0,-0.004936981869650192
2009-11-23,3548.94,3567.63,3531.99,3566.69,,47217429.0,0.006601190980159766
2009-11-24,3582.21,3601.21,3459.61,3467.9,,81117552.0,-0.02769794963958183
2009-11-25,3463.38,3538.52,3425.71,3537.86,,68257889.0,0.020173592087430414
2009-11-26,3541.94,3551.3,3381.04,3391.41,,74054928.0,-0.04139508064197006
2009-11-27,3351.6,3384.75,3282.4,3295.31,,49812744.0,-0.028336296702551445
2009-11-30,3327.13,3415.99,3326.84,3415.79,,47489087.0,0.03656105191924275
2009-12-01,3409.48,3460.31,3378.98,3454.68,,57472466.0,0.011385360341238826
2009-12-02,3470.11,3495.29,3458.78,3480.68,,54428966.0,0.007526022670695909
2009-12-03,3479.99,3481.51,3430.86,3466.52,,48151208.0,-0.004068170587356423
2009-12-04,3457.38,3560.85,3437.4,3559.96,,85522440.0,0.026954986557123695
2009-12-07,3563.39,3587.57,3547.88,3578.53,,56679688.0,0.005216350745514076
2009-12-08,3580.57,3581.22,3495.34,3525.04,,47635070.0,-0.014947478433882111
2009-12-09,3480.3,3503.32,3445.93,3455.69,,38995244.0,-0.019673535619453952
2009-12-10,3481.31,3502.01,3446.13,3476.79,,32859930.0,0.006105871765117898
2009-12-11,3487.41,3514.03,3468.0,3472.37,,29169607.0,-0.001271287595742021
2009-12-14,3467.42,3539.28,3394.36,3523.25,,51814152.0,0.014652816376135025
2009-12-15,3502.41,3527.62,3484.16,3489.87,,39897191.0,-0.009474207053146944
2009-12-16,3472.1,3519.05,3457.91,3466.31,,33225625.0,-0.006750967801092855
2009-12-17,3476.79,3488.82,3393.42,3398.32,,37400421.0,-0.019614518032143646
2009-12-18,3370.9,3380.24,3318.71,3328.65,,40618774.0,-0.020501306527931473
2009-12-21,3322.15,3339.07,3284.79,3324.74,,29986895.0,-0.0011746503837892774
2009-12-22,3330.09,3332.99,3231.97,3240.87,,33125286.0,-0.02522603271233237
2009-12-23,3239.95,3273.06,3225.59,3262.83,,29482221.0,0.006775958307491559
2009-12-24,3272.79,3362.51,3263.96,3355.64,,38011550.0,0.028444632420322247
2009-12-25,3349.54,3357.14,3324.66,3332.71,,24853412.0,-0.006833271745479208
2009-12-28,3340.05,3401.56,3340.05,3384.18,,31200623.0,0.015443888007057316
2009-12-29,3387.46,3412.52,3362.36,3411.75,,31965096.0,0.008146729783876872
2009-12-30,3416.18,3495.11,3410.51,3491.12,,60267201.0,0.023263720964314505
2009-12-31,3494.95,3514.11,3476.74,3506.17,,42791443.0,0.004310937464194975
2010-01-04,3522.57,3528.18,3453.58,3453.61,,39015013.0,-0.014990716365721024
2010-01-05,3464.9,3502.23,3410.65,3481.76,,50247179.0,0.0081508913861148
2010-01-06,3476.39,3497.56,3450.07,3450.72,,43936225.0,-0.008915031478332947
2010-01-07,3451.73,3466.2,3362.62,3381.69,,45649419.0,-0.020004520795659952
2010-01-08,3367.63,3389.86,3337.81,3387.39,,33629339.0,0.0016855477586650291
2010-01-11,3521.26,3521.26,3368.07,3383.81,,56668678.0,-0.0010568608869955254
2010-01-12,3374.5,3429.44,3329.54,3427.33,,55903988.0,0.012861242209225798
2010-01-13,3340.99,3364.45,3288.42,3292.88,,70942586.0,-0.039228787423446154
2010-01-14,3306.54,3335.1,3274.6,3330.58,,45286429.0,0.011448944389106153
2010-01-15,3332.4,3359.61,3304.07,3338.43,,38653836.0,0.002356946838088181
2010-01-18,3323.95,3342.98,3307.88,3342.28,,45019899.0,0.0011532367010842481
2010-01-19,3347.51,3375.0,3341.63,3353.37,,41257344.0,0.0033180942350730103
2010-01-20,3358.56,3362.32,3243.45,3248.55,,50964848.0,-0.03125810751572289
2010-01-21,3252.55,3285.22,3225.73,3269.49,,41007801.0,0.006445952809714939
2010-01-22,3226.63,3277.28,3174.68,3251.4,,56019076.0,-0.0055329730324912285
2010-01-25,3221.57,3258.07,3212.12,3213.84,,34022638.0,-0.011551946853663009
2010-01-26,3214.95,3227.2,3131.29,3151.94,,37768051.0,-0.019260448559978105
2010-01-27,3153.95,3163.52,3087.87,3098.51,,32573441.0,-0.016951464812147377
2010-01-28,3095.94,3109.45,3061.17,3092.1,,28280316.0,-0.002068736263559079
2010-01-29,3076.13,3129.29,3063.42,3082.69,,28052550.0,-0.0030432392225347993
2010-02-01,3076.73,3077.06,2999.27,3034.22,,31863366.0,-0.015723280641258164
2010-02-02,3052.17,3097.46,3028.96,3032.47,,27323705.0,-0.0005767544871498886
2010-02-03,3048.82,3124.37,2997.94,3123.84,,36089844.0,0.030130553641091407
2010-02-04,3097.96,3124.6,3083.39,3102.91,,27570794.0,-0.006700087072321392
2010-02-05,3036.14,3063.9,3021.99,3043.19,,27173190.0,-0.019246449300817536
2010-02-08,3042.74,3060.89,3022.53,3037.04,,17938194.0,-0.0020209056943536474
2010-02-09,3035.75,3064.81,3032.67,3056.43,,15899059.0,0.006384505966335663
2010-02-10,3080.55,3098.68,3070.62,3098.42,,17795473.0,0.013738250180766576
2010-02-11,3099.93,3122.46,3091.41,3105.98,,20084195.0,0.0024399532665035917
2010-02-12,3120.69,3138.78,3116.76,3136.9,,18822033.0,0.009954990051449064
2010-02-22,3132.84,3145.21,3113.18,3113.94,,19686627.0,-0.007319327998979941
2010-02-23,3105.53,3105.53,3028.43,3064.92,,21831093.0,-0.015742114491608672
2010-02-24,3043.65,3102.62,3033.58,3102.24,,23979763.0,0.012176500528561895
2010-02-25,3108.88,3150.2,3105.6,3147.02,,35137150.0,0.014434731033060144
2010-02-26,3141.06,3154.52,3128.6,3133.17,,23524385.0,-0.004400988872012235
2010-03-01,3142.04,3184.08,3141.17,3178.92,,28540975.0,0.014601824988749401
2010-03-02,3182.02,3196.98,3158.3,3168.94,,25141624.0,-0.003139431001723869
2010-03-03,3170.43,3186.45,3149.25,3185.79,,25670178.0,0.0053172354162589475
2010-03-04,3188.93,3194.04,3110.85,3114.95,,30678631.0,-0.02223624281575376
2010-03-05,3117.77,3136.39,3107.81,3122.21,,20950258.0,0.002330695516782111
2010-03-08,3129.62,3153.64,3119.31,3145.39,,19779308.0,0.007424228351071704
2010-03-09,3145.08,3185.66,3119.16,3168.14,,28195332.0,0.007232807378417361
2010-03-10,3166.58,3187.4,3141.69,3150.38,,22898503.0,-0.00560581287443096
2010-03-11,3155.67,3179.31,3133.66,3157.26,,25018751.0,0.0021838635339228585
2010-03-12,3158.06,3165.02,3115.85,3117.54,,20668031.0,-0.012580528686266024
2010-03-15,3116.45,3118.76,3055.88,3065.54,,20163017.0,-0.016679818061676843
2010-03-16,3066.2,3089.66,3055.8,3089.38,,15665161.0,0.007776770161211477
2010-03-17,3098.38,3153.76,3090.25,3153.66,,23567912.0,0.020806763816688
2010-03-18,3156.09,3172.63,3133.86,3143.01,,22635530.0,-0.0033770285953462764
2010-03-19,3146.16,3169.05,3126.27,3166.38,,22824642.0,0.0074355474529193
2010-03-22,3170.15,3190.12,3163.23,3173.29,,26315183.0,0.00218230281899201
2010-03-23,3176.33,3179.21,3144.07,3145.85,,23801963.0,-0.008647176904726606
2010-03-24,3152.52,3171.65,3140.88,3145.13,,22906239.0,-0.00022887295961337983
2010-03-25,3138.11,3138.11,3093.38,3099.26,,22547185.0,-0.014584452788914848
2010-03-26,3097.33,3156.61,3090.8,3144.34,,27212151.0,0.014545407613430372
2010-03-29,3165.78,3241.8,3162.05,3235.45,,55471120.0,0.02897587411030611
2010-03-30,3237.18,3245.76,3222.77,3240.15,,29856390.0,0.001452657281058256
2010-03-31,3243.26,3244.65,3210.43,3217.11,,29468204.0,-0.00711078190824499
2010-04-01,3220.65,3258.45,3220.65,3255.23,,35696727.0,0.01184914410759963
2010-04-02,3263.16,3270.5,3250.58,3262.55,,35841136.0,0.0022486890327257925
2010-04-06,3278.0,3291.88,3245.01,3260.27,,33730530.0,-0.0006988398645232374
2010-04-07,3257.82,3258.15,3220.96,3238.58,,28643401.0,-0.006652823232431659
2010-04-08,3233.01,3233.01,3176.52,3188.67,,32336922.0,-0.01541107522432672
2010-04-09,3191.48,3216.12,3183.68,3215.71,,24945652.0,0.008480024587053547
2010-04-12,3222.63,3227.83,3156.3,3175.46,,38343501.0,-0.01251667594403727
2010-04-13,3174.29,3234.8,3167.46,3226.63,,41784309.0,0.016114200777210153
2010-04-14,3228.79,3233.6,3210.37,3228.64,,30365146.0,0.0006229409631719474
2010-04-15,3233.32,3237.66,3195.87,3224.94,,32057147.0,-0.0011459933594329952
2010-04-16,3218.95,3218.95,3179.59,3180.94,,25095889.0,-0.013643664688335333
2010-04-19,3138.61,3138.61,3005.2,3007.11,,52982055.0,-0.054647368387960804
2010-04-20,3008.98,3025.7,2954.6,2987.13,,35671172.0,-0.0066442531201053034
2010-04-21,2991.03,3036.75,2969.1,3036.09,,35032292.0,0.016390314448986087
2010-04-22,3020.53,3020.53,2969.03,2988.36,,38621638.0,-0.015720877839589753
2010-04-23,2985.49,3007.65,2955.06,2974.23,,32682468.0,-0.004728345982411786
2010-04-26,2979.2,2988.86,2948.75,2951.27,,27476630.0,-0.007719645084610094
2010-04-27,2944.56,2944.56,2854.61,2893.67,,36390219.0,-0.019517021485665476
2010-04-28,2871.77,2907.52,2854.3,2889.84,,23977832.0,-0.001323578708007478
2010-04-29,2907.57,2924.38,2879.02,2879.55,,24497616.0,-0.0035607507682086093
2010-04-30,2885.39,2907.17,2860.93,2906.3,,30356542.0,0.009289645951624292
2010-05-04,2847.79,2882.68,2836.57,2847.9,,23247779.0,-0.020094277947906303
2010-05-05,2811.15,2853.59,2769.39,2852.96,,33689886.0,0.0017767477790653352
2010-05-06,2828.2,2828.2,2709.75,2711.48,,31829958.0,-0.04959060063933596
2010-05-07,2658.67,2710.51,2640.17,2664.69,,34231462.0,-0.01725625857465296
2010-05-10,2672.3,2714.06,2647.74,2701.6,,26383338.0,0.013851517437300398
2010-05-11,2756.47,2761.3,2639.79,2650.55,,32884738.0,-0.018896209653538554
2010-05-12,2633.96,2688.02,2614.02,2685.94,,30926827.0,0.013351945822565048
2010-05-13,2685.24,2746.1,2683.37,2744.71,,32818794.0,0.02188060790635671
2010-05-14,2723.35,2737.01,2705.38,2717.01,,22072566.0,-0.010092140881914569
2010-05-17,2681.61,2681.61,2578.89,2582.65,,29475293.0,-0.04945141902311734
2010-05-18,2583.13,2651.46,2567.66,2641.5,,30709836.0,0.022786672603720914
2010-05-19,2621.31,2668.03,2595.27,2629.11,,24436592.0,-0.004690516751845508
2010-05-20,2607.15,2656.77,2589.76,2594.74,,23227246.0,-0.013072864961907404
2010-05-21,2531.45,2632.21,2524.12,2631.33,,29805815.0,0.014101605555855379
2010-05-24,2647.88,2736.68,2647.88,2720.86,,40976942.0,0.03402461872893192
2010-05-25,2699.59,2701.5,2640.98,2651.87,,28690997.0,-0.02535595363230747
2010-05-26,2655.56,2674.92,2638.16,2651.71,,19685086.0,-6.033478262501557e-05
2010-05-27,2645.74,2695.58,2610.29,2688.67,,27132753.0,0.013938175743199777
2010-05-28,2712.02,2718.34,2662.38,2675.69,,25355604.0,-0.00482766572320148
2010-05-31,2660.22,2678.8,2605.13,2606.31,,23900703.0,-0.025929760174011274
2010-06-01,2591.91,2619.67,2559.06,2581.84,,24400904.0,-0.009388752680993373
2010-06-02,2566.01,2585.74,2538.39,2585.32,,20943646.0,0.001347875933442877
2010-06-03,2595.42,2611.68,2566.0,2566.66,,20299518.0,-0.007217675181409033
2010-06-04,2554.47,2573.45,2545.26,2569.91,,17360655.0,0.0012662370551612678
2010-06-07,2525.51,2540.64,2501.65,2515.87,,21390899.0,-0.021027973742271167
2010-06-08,2515.31,2533.92,2488.18,2509.62,,17213968.0,-0.0024842301072789397
2010-06-09,2521.42,2601.15,2494.75,2593.68,,33536964.0,0.033495110813589246
2010-06-10,2564.19,2578.28,2551.19,2553.42,,21817582.0,-0.01552234662718599
2010-06-11,2567.99,2588.2,2561.01,2564.28,,20401988.0,0.004253119345818623
2010-06-17,2582.84,2588.37,2560.69,2561.01,,16082595.0,-0.0012752117553465059
2010-06-18,2560.58,2583.33,2530.27,2537.94,,21142957.0,-0.00900816474750199
2010-06-21,2545.13,2628.96,2534.98,2622.79,,33095958.0,0.03343262646083045
2010-06-22,2613.21,2632.78,2606.91,2621.46,,20098136.0,-0.0005070935911757335
2010-06-23,2608.4,2624.6,2575.62,2597.02,,18001841.0,-0.00932304898796854
2010-06-24,2590.61,2624.37,2579.38,2597.69,,15262049.0,0.00025798800163268076
2010-06-25,2585.47,2606.83,2570.14,2588.7,,17004841.0,-0.003460767066124193
2010-06-28,2587.33,2606.83,2571.86,2576.91,,16233854.0,-0.004554409549194616
2010-06-29,2577.83,2583.29,2465.2,2465.86,,26902809.0,-0.0430942485379775
2010-06-30,2449.55,2457.94,2433.41,2444.99,,20078503.0,-0.00846357862976821
2010-07-01,2439.49,2455.21,2414.22,2416.12,,16834499.0,-0.011807819254884389
2010-07-02,2413.72,2438.54,2372.07,2432.14,,24333924.0,0.006630465374236394
2010-07-05,2408.21,2429.22,2379.99,2412.37,,18556274.0,-0.008128643910301214
2010-07-06,2405.7,2454.69,2402.65,2453.28,,21578970.0,0.016958426775328883
2010-07-07,2451.03,2464.37,2437.7,2464.37,,17999490.0,0.00452047870605865
2010-07-08,2474.84,2485.83,2451.65,2460.0,,16856557.0,-0.0017732726822676792
2010-07-09,2463.03,2542.0,2442.89,2525.39,,30881678.0,0.026581300813008024
2010-07-12,2524.35,2564.11,2513.37,2552.42,,30969962.0,0.010703297312494309
2010-07-13,2525.94,2527.74,2499.27,2514.21,,21833222.0,-0.014970106800604954
2010-07-14,2519.78,2559.92,2518.96,2530.88,,25635167.0,0.00663031329920738
2010-07-15,2527.88,2557.71,2490.74,2491.77,,21783384.0,-0.015453123024402604
2010-07-16,2481.09,2502.13,2460.86,2496.1,,20392673.0,0.0017377205761366366
2010-07-19,2474.57,2566.28,2468.58,2557.23,,29800983.0,0.024490204719362252
2010-07-20,2559.34,2611.95,2559.34,2605.34,,39714139.0,0.018813325355951704
2010-07-21,2607.81,2628.45,2598.3,2611.25,,37403862.0,0.002268417941612144
2010-07-22,2602.2,2642.83,2598.14,2640.02,,30432189.0,0.01101771182383926
2010-07-23,2645.83,2668.91,2634.49,2654.51,,35259047.0,0.005488594783372935
2010-07-26,2658.6,2669.63,2633.41,2663.73,,25706288.0,0.0034733340616535102
2010-07-27,2656.15,2662.23,2638.38,2646.36,,23633262.0,-0.006520931175456934
2010-07-28,2648.28,2715.46,2637.11,2713.23,,42065682.0,0.025268670929125214
2010-07-29,2715.38,2734.58,2701.59,2723.28,,53811054.0,0.003704072268108538
2010-07-30,2717.2,2719.64,2692.05,2712.59,,31886811.0,-0.003925413471989714
2010-08-02,2710.72,2761.61,2709.3,2756.08,,36724693.0,0.016032647764682384
2010-08-03,2762.1,2766.07,2708.02,2708.23,,41448125.0,-0.0173616150474587
2010-08-04,2701.79,2717.6,2665.08,2714.74,,36396947.0,0.002403784021298039
2010-08-05,2713.25,2713.25,2666.48,2680.33,,34304413.0,-0.012675246984978239
2010-08-06,2678.66,2720.52,2652.18,2718.72,,37100410.0,0.014322863229527583
2010-08-09,2712.99,2738.01,2707.15,2732.36,,36793962.0,0.005017066854990704
2010-08-10,2734.29,2737.73,2655.63,2656.39,,41101249.0,-0.02780380330556742
2010-08-11,2648.51,2682.58,2648.51,2667.72,,30013894.0,0.00426518696426359
2010-08-12,2644.14,2675.77,2629.17,2634.21,,30859039.0,-0.012561288291124906
2010-08-13,2635.38,2666.36,2617.2,2665.44,,32284528.0,0.011855546824285135
2010-08-16,2660.25,2731.06,2652.2,2726.06,,41666279.0,0.02274296176241064
2010-08-17,2730.84,2752.33,2722.13,2745.7,,39591208.0,0.007204536950764062
2010-08-18,2748.68,2768.21,2733.27,2739.74,,35239181.0,-0.002170666860909831
2010-08-19,2744.87,2778.57,2732.93,2761.74,,41733524.0,0.008029959047208823
2010-08-20,2750.79,2765.03,2714.01,2719.06,,37685133.0,-0.015454025360823187
2010-08-23,2716.71,2740.68,2707.24,2714.33,,23967465.0,-0.0017395717637712638
2010-08-24,2710.14,2744.68,2684.08,2721.77,,29208174.0,0.002741007909870863
2010-08-25,2705.67,2715.57,2658.25,2659.02,,32345777.0,-0.02305485033636201
2010-08-26,2669.39,2682.23,2650.58,2661.52,,22345703.0,0.0009401960120645203
2010-08-27,2659.44,2668.69,2645.59,2666.77,,20682132.0,0.0019725570350777044
2010-08-30,2679.81,2718.45,2676.62,2710.3,,34142420.0,0.01632311747919779
2010-08-31,2700.83,2703.18,2680.36,2691.32,,33653081.0,-0.007002914806478966
2010-09-01,2695.93,2726.25,2662.09,2683.5,,41310583.0,-0.002905637382399795
2010-09-02,2718.6,2724.13,2700.35,2710.99,,35509036.0,0.01024408421837153
2010-09-03,2714.88,2715.89,2680.27,2704.31,,35929310.0,-0.002464044500348539
2010-09-06,2718.98,2770.67,2718.71,2765.63,,51707299.0,0.022674915227913983
2010-09-07,2769.72,2778.73,2749.12,2764.7,,35834831.0,-0.0003362705784939468
2010-09-08,2751.94,2751.94,2730.91,2750.09,,37702999.0,-0.005284479328679259
2010-09-09,2754.12,2754.12,2688.24,2692.79,,40157722.0,-0.020835681741324885
2010-09-10,2694.34,2703.51,2659.15,2691.02,,30470977.0,-0.000657310818890422
2010-09-13,2690.72,2726.6,2680.87,2709.01,,32935945.0,0.00668519743443019
2010-09-14,2717.06,2731.36,2704.29,2713.2,,33442244.0,0.0015466904884071653
2010-09-15,2713.91,2713.91,2658.78,2665.14,,33046493.0,-0.017713401149933694
2010-09-16,2661.17,2668.67,2593.88,2614.29,,38263870.0,-0.019079673112857076
2010-09-17,2621.92,2629.77,2604.87,2614.79,,26247779.0,0.0001912565170658631
2010-09-20,2618.31,2633.48,2593.49,2614.81,,23551469.0,7.648797800241525e-06
2010-09-21,2624.8,2634.01,2612.88,2623.58,,16926943.0,0.003353972181535214
2010-09-27,2632.5,2654.4,2625.5,2653.46,,25679929.0,0.011389018059293043
2010-09-28,2647.71,2647.71,2621.08,2625.85,,31910932.0,-0.01040528215989689
2010-09-29,2620.99,2656.88,2620.17,2626.22,,31779705.0,0.00014090675400346697
2010-09-30,2611.74,2684.08,2609.97,2683.14,,35715006.0,0.021673736396798482
2010-10-08,2710.74,2798.63,2709.89,2789.09,,56658749.0,0.03948731709862341
2010-10-11,2811.53,2907.72,2811.53,2887.75,,93350061.0,0.035373544776253096
2010-10-12,2877.58,2922.6,2863.17,2921.11,,73312670.0,0.011552246558739654
2010-10-13,2924.2,2974.08,2918.1,2972.54,,80740824.0,0.01760632088486913
2010-10-14,3005.85,3060.22,2992.85,3003.44,,116524330.0,0.010395150275521958
2010-10-15,2986.36,3122.81,2981.03,3122.81,,129007997.0,0.03974442639107156
2010-10-18,3143.94,3201.02,3100.96,3107.43,,136404217.0,-0.004925051476074471
2010-10-19,3101.52,3167.84,3077.53,3167.81,,76230941.0,0.019430847999794
2010-10-20,3105.46,3229.17,3103.69,3185.07,,99831084.0,0.005448559099188399
2010-10-21,3190.41,3200.13,3114.51,3139.98,,70782340.0,-0.014156674735563146
2010-10-22,3129.0,3164.99,3106.43,3131.92,,57646225.0,-0.0025668953305434394
2010-10-25,3139.4,3229.19,3111.67,3228.56,,78085717.0,0.030856471429666188
2010-10-26,3239.07,3248.85,3180.05,3205.16,,78248851.0,-0.007247813266595626
2010-10-27,3189.4,3232.03,3140.31,3144.33,,63696935.0,-0.018978771730584376
2010-10-28,3132.6,3160.28,3114.67,3139.37,,53003187.0,-0.00157744257123138
2010-10-29,3141.17,3143.64,3085.67,3102.58,,53238158.0,-0.011718911756180339
2010-11-01,3111.57,3177.82,3111.57,3177.82,,65732732.0,0.02425078483068943
2010-11-02,3190.28,3216.71,3140.58,3166.61,,81191727.0,-0.003527575507737968
2010-11-03,3166.21,3191.8,3126.88,3147.53,,74307014.0,-0.006025370980322742
2010-11-04,3152.63,3190.84,3147.55,3189.64,,62246630.0,0.013378744602910775
2010-11-05,3244.98,3259.75,3199.61,3219.76,,74315659.0,0.009443071945423487
2010-11-08,3231.85,3240.59,3205.93,3238.25,,65004770.0,0.005742664049494195
2010-11-09,3237.52,3237.52,3176.87,3196.93,,62133693.0,-0.012759978383386161
2010-11-10,3177.4,3177.4,3138.2,3158.49,,63688540.0,-0.012024035559114576
2010-11-11,3156.73,3225.67,3150.13,3187.64,,79702703.0,0.009229093649180564
2010-11-12,3166.26,3177.83,2995.26,3001.69,,92617890.0,-0.05833469275074976
2010-11-15,3008.62,3023.9,2947.99,3004.55,,61759695.0,0.0009527965912536907
2010-11-16,2999.28,2999.28,2865.47,2875.43,,59217935.0,-0.04297482152069376
2010-11-17,2835.16,2881.42,2818.43,2832.7,,47172935.0,-0.014860386098774825
2010-11-18,2859.04,2881.11,2830.17,2869.75,,36711704.0,0.013079394217531126
2010-11-19,2887.81,2890.23,2798.05,2886.44,,45417142.0,0.005815837616517161
2010-11-22,2856.74,2896.05,2846.4,2867.68,,40194833.0,-0.006499355607599733
2010-11-23,2854.98,2854.98,2775.82,2811.36,,40320341.0,-0.019639569268537493
2010-11-24,2797.04,2872.36,2797.04,2862.85,,40837146.0,0.01831497922713554
2010-11-25,2882.3,2908.84,2852.07,2906.47,,44505534.0,0.015236564961489396
2010-11-26,2898.29,2908.23,2861.5,2878.97,,33512493.0,-0.009461649354715496
2010-11-29,2866.63,2886.21,2846.89,2870.0,,29411523.0,-0.003115697627971037
2010-11-30,2866.24,2880.81,2763.23,2821.46,,42755652.0,-0.016912891986062717
2010-12-01,2813.98,2836.35,2801.5,2825.64,,23762012.0,0.0014815024845291624
2010-12-02,2870.93,2876.74,2841.44,2842.2,,32070447.0,0.005860619187157523
2010-12-03,2849.4,2862.23,2833.09,2851.32,,25588266.0,0.0032087819294912556
2010-12-06,2861.93,2889.55,2850.21,2875.33,,33687329.0,0.008420661307745103
2010-12-07,2862.49,2915.7,2830.6,2901.99,,33373544.0,0.00927197921629852
2010-12-08,2895.04,2911.02,2864.87,2868.96,,33679895.0,-0.011381844871967028
2010-12-09,2855.05,2875.71,2831.14,2832.95,,36871363.0,-0.012551586637666645
2010-12-10,2820.72,2875.69,2815.7,2866.67,,31918484.0,0.011902786847632463
2010-12-13,2877.71,2953.75,2872.42,2953.61,,57180871.0,0.0303278717117772
2010-12-14,2960.37,2969.34,2943.94,2953.07,,46378979.0,-0.0001828271166470774
2010-12-15,2954.05,2965.63,2930.26,2933.65,,38409127.0,-0.006576207133593193
2010-12-16,2934.14,2941.19,2909.49,2914.88,,31322018.0,-0.006398172924513834
2010-12-17,2914.64,2915.05,2896.12,2907.26,,23699796.0,-0.0026141727961356276
2010-12-20,2918.38,2927.71,2816.44,2861.6,,37580398.0,-0.015705509655139283
2010-12-21,2868.63,2936.59,2856.91,2933.9,,43886337.0,0.025265585686329306
2010-12-22,2937.11,2947.06,2886.87,2899.6,,36855742.0,-0.011690923344353954
2010-12-23,2895.29,2928.58,2877.06,2884.16,,34609063.0,-0.005324872396192615
2010-12-24,2867.08,2888.41,2847.47,2870.52,,30051806.0,-0.0047292799289914145
2010-12-27,2886.5,2920.37,2812.41,2818.73,,40138903.0,-0.01804202722851611
2010-12-28,2807.16,2816.67,2773.63,2775.0,,31482998.0,-0.015514079035594097
2010-12-29,2779.27,2787.7,2754.97,2782.66,,26453907.0,0.0027603603603603144
2010-12-30,2783.42,2795.49,2747.17,2779.79,,31996512.0,-0.0010313872337978092
2010-12-31,2784.31,2831.96,2780.86,2830.35,,35969418.0,0.018188424305433104
2011-01-04,2856.02,2891.17,2843.55,2886.61,,49384797.0,0.019877400321515193
2011-01-05,2867.64,2888.91,2858.6,2870.77,,46803051.0,-0.005487405641912191
2011-01-06,2871.66,2888.89,2842.12,2850.58,,31636837.0,-0.007032956314856342
2011-01-07,2849.3,2912.67,2831.52,2873.52,,54867360.0,0.00804748507321329
2011-01-10,2867.12,2890.68,2823.4,2826.92,,39524076.0,-0.01621704390434031
2011-01-11,2816.28,2860.11,2813.96,2852.53,,34994776.0,0.009059329588386067
2011-01-12,2862.03,2881.51,2833.27,2872.91,,36183385.0,0.007144534851517559
2011-01-13,2883.21,2885.34,2858.56,2871.58,,32013534.0,-0.0004629452367111986
2011-01-14,2860.39,2860.39,2824.29,2832.49,,31177381.0,-0.013612714951350857
2011-01-17,2809.53,2821.22,2723.79,2730.78,,40230173.0,-0.035908335069143926
2011-01-18,2725.12,2744.14,2711.14,2735.55,,25104850.0,0.0017467536747741708
2011-01-19,2736.59,2790.73,2726.32,2790.02,,32408896.0,0.0199119007146642
2011-01-20,2783.44,2783.44,2701.28,2701.46,,35578834.0,-0.031741707944745845
2011-01-21,2694.57,2789.03,2694.57,2742.01,,43214216.0,0.015010401782739713
2011-01-24,2743.91,2759.7,2713.34,2724.34,,37212680.0,-0.006444177811167795
2011-01-25,2721.25,2734.04,2699.9,2716.99,,28787790.0,-0.0026979011430292577
2011-01-26,2718.68,2752.4,2718.18,2747.5,,24279359.0,0.011229338348687445
2011-01-27,2723.33,2795.76,2707.41,2787.16,,47726301.0,0.014434940855323042
2011-01-28,2780.12,2795.91,2765.23,2785.89,,35105873.0,-0.0004556609595430805
2011-01-31,2784.88,2818.17,2781.48,2817.62,,36599981.0,0.011389537993244492
2011-02-01,2824.87,2826.19,2803.95,2817.68,,26792835.0,2.129456775579186e-05
2011-02-09,2799.47,2828.89,2778.48,2784.41,,31903858.0,-0.011807586383123736
2011-02-10,2778.24,2836.15,2768.55,2834.56,,34565594.0,0.018010996943697233
2011-02-11,2829.44,2855.41,2823.04,2844.27,,41234175.0,0.003425575750733767
2011-02-14,2845.26,2949.15,2845.26,2942.19,,74623427.0,0.03442711135018839
2011-02-15,2946.15,2974.53,2932.09,2934.13,,64862053.0,-0.002739455983468031
2011-02-16,2927.08,2952.87,2909.34,2952.63,,51096305.0,0.006305105772409503
2011-02-17,2957.27,2968.4,2924.51,2945.24,,47442884.0,-0.0025028533883352244
2011-02-18,2940.9,2944.79,2910.15,2916.64,,38886468.0,-0.009710583857342692
2011-02-21,2900.02,2948.72,2897.51,2948.19,,43481914.0,0.010817241757639096
2011-02-22,2956.85,2958.85,2862.73,2863.92,,59940193.0,-0.02858363945335951
2011-02-23,2854.44,2874.31,2845.73,2868.47,,39731934.0,0.0015887315288136694
2011-02-24,2864.48,2885.66,2850.53,2880.6,,35312146.0,0.004228735179381271
2011-02-25,2880.42,2906.46,2856.58,2888.77,,32892005.0,0.002836214677497839
2011-02-28,2891.49,2925.6,2872.48,2923.64,,39727480.0,0.012070881378579701
2011-03-01,2924.77,2957.55,2920.8,2939.08,,47648311.0,0.005281087958845854
2011-03-02,2922.65,2948.84,2903.08,2936.51,,47389439.0,-0.0008744232889202896
2011-03-03,2942.36,2978.23,2932.37,2933.23,,66014772.0,-0.0011169721880737171
2011-03-04,2934.57,2980.94,2930.69,2977.28,,46469600.0,0.015017574482737439
2011-03-07,2993.67,3042.57,2993.67,3038.18,,67979759.0,0.020454911865864123
2011-03-08,3039.58,3049.4,3015.2,3037.59,,46147532.0,-0.0001941952089736798
2011-03-09,3045.02,3058.53,3026.8,3040.1,,44854280.0,0.0008263129652124057
2011-03-10,3031.48,3031.48,2978.93,2979.86,,43884286.0,-0.01981513765994536
2011-03-11,2964.13,2984.14,2938.09,2945.27,,34572860.0,-0.011607927889229708
2011-03-14,2938.17,2957.67,2929.66,2954.1,,32077477.0,0.002998027345540555
2011-03-15,2942.44,2942.44,2854.59,2900.94,,49545055.0,-0.01799532852645469
2011-03-16,2903.06,2944.95,2902.87,2941.62,,38137733.0,0.014023040807462417
2011-03-17,2913.05,2937.6,2891.63,2901.52,,42402012.0,-0.013631944302799126
2011-03-18,2931.1,2939.59,2910.77,2918.41,,32233069.0,0.0058210868786015
2011-03-21,2925.14,2941.38,2904.75,2915.9,,29844463.0,-0.0008600573600007211
2011-03-22,2926.93,2943.48,2892.04,2937.75,,31428643.0,0.007493398264686757
2011-03-23,2936.47,2973.64,2931.68,2970.27,,38146188.0,0.011069696196068346
2011-03-24,2974.3,2977.4,2955.52,2956.84,,29001028.0,-0.004521474478751064
2011-03-25,2961.63,3008.33,2959.53,2998.2,,47034552.0,0.013987906007765005
2011-03-28,3011.97,3035.4,2996.5,2999.46,,52041715.0,0.00042025215129082305
2011-03-29,3000.07,3026.7,2981.22,2982.41,,56468892.0,-0.005684356517506539
2011-03-30,2982.33,3003.0,2960.86,2981.42,,43280939.0,-0.00033194631187527524
2011-03-31,2982.91,2991.33,2943.22,2955.12,,31746749.0,-0.008821299917489034
2011-04-01,2956.39,3007.94,2954.89,3007.85,,35155491.0,0.01784360702780252
2011-04-06,3007.94,3059.89,3007.94,3053.67,,69856382.0,0.015233472413850535
2011-04-07,3056.84,3075.36,3048.84,3066.62,,52100020.0,0.004240798776554033
2011-04-08,3062.63,3085.09,3055.52,3082.78,,40178427.0,0.005269645407647516
2011-04-11,3091.01,3114.79,3063.11,3064.39,,61825239.0,-0.00596539487086345
2011-04-12,3056.37,3081.52,3044.29,3061.07,,59508775.0,-0.001083413012051282
2011-04-13,3045.68,3107.1,3034.77,3107.1,,50903582.0,0.015037225545315724
2011-04-14,3109.54,3116.89,3082.03,3087.88,,52636870.0,-0.00618583244826354
2011-04-15,3079.71,3114.87,3063.03,3097.31,,45834928.0,0.0030538751505886363
2011-04-18,3085.26,3115.34,3077.89,3100.16,,48115214.0,0.0009201532943101665
2011-04-19,3079.05,3079.05,3037.76,3039.9,,43765014.0,-0.01943770644095777
2011-04-20,3043.89,3053.22,3018.06,3029.96,,37110495.0,-0.003269844402776445
2011-04-21,3046.04,3066.6,3036.71,3049.65,,38065099.0,0.006498435622912524
2011-04-22,3050.17,3060.88,3027.5,3035.24,,36252114.0,-0.004725132392241815
2011-04-25,3029.57,3029.57,2992.98,2996.74,,39623808.0,-0.012684334681936194
2011-04-26,2991.03,3005.02,2969.29,2982.63,,32584848.0,-0.004708449848835672
2011-04-27,2994.98,3010.78,2954.49,2971.78,,35252832.0,-0.0036377291182613236
2011-04-28,2989.77,3013.42,2948.93,2950.46,,38911336.0,-0.0071741515186185545
2011-04-29,2949.22,2969.01,2925.84,2967.38,,33681965.0,0.005734698996088694
2011-05-03,2966.69,2980.52,2941.47,2977.98,,30389689.0,0.0035721747804460247
2011-05-04,2960.71,2960.71,2889.11,2897.08,,36749948.0,-0.02716606558808321
2011-05-05,2882.73,2899.15,2872.94,2888.88,,30224275.0,-0.0028304361633092467
2011-05-06,2859.16,2894.82,2851.31,2874.59,,28958382.0,-0.004946553681703603
2011-05-09,2880.41,2902.28,2869.29,2879.64,,24200071.0,0.0017567722701323785
2011-05-10,2885.19,2902.9,2872.85,2902.56,,19184035.0,0.007959328249364628
2011-05-11,2902.7,2911.3,2879.94,2891.75,,22279434.0,-0.003724298550245253
2011-05-12,2872.58,2889.14,2854.13,2854.8,,23424995.0,-0.012777729748422173
2011-05-13,2859.09,2879.6,2835.98,2878.97,,25978278.0,0.00846644248283579
2011-05-16,2869.46,2885.39,2846.16,2847.7,,21564931.0,-0.01086152339204649
2011-05-17,2845.53,2888.13,2835.11,2868.78,,24117062.0,0.00740246514731191
2011-05-18,2863.56,2902.82,2860.95,2896.87,,20443836.0,0.0097916187368845
2011-05-19,2905.08,2913.87,2879.77,2882.11,,19836505.0,-0.005095154425293402
2011-05-20,2881.36,2896.96,2876.26,2884.62,,17364568.0,0.000870889730093527
2011-05-23,2879.25,2879.25,2795.76,2797.73,,28426301.0,-0.0301218184717571
2011-05-24,2791.68,2802.68,2782.51,2797.78,,19656861.0,1.7871631644350572e-05
2011-05-25,2793.41,2801.39,2762.02,2763.87,,19942071.0,-0.012120323971148705
2011-05-26,2782.52,2791.12,2757.95,2759.58,,17406688.0,-0.001552171411824732
2011-05-27,2762.98,2786.64,2756.71,2759.4,,21347097.0,-6.522731720037811e-05
2011-05-30,2754.13,2780.3,2744.17,2762.02,,18560735.0,0.0009494817713995296
2011-05-31,2765.53,2802.02,2756.03,2801.82,,20608467.0,0.014409743593456925
2011-06-01,2796.66,2800.44,2787.15,2797.35,,20041835.0,-0.0015953915669101315
2011-06-02,2768.7,2781.5,2717.63,2743.97,,30310553.0,-0.01908234579155277
2011-06-03,2739.34,2771.68,2738.63,2764.9,,19194856.0,0.007627634412912698
2011-06-07,2757.38,2779.34,2754.14,2777.57,,17302204.0,0.004582444211364001
2011-06-08,2778.03,2780.27,2739.64,2776.87,,22171049.0,-0.00025201885101011623
2011-06-09,2767.8,2770.81,2725.71,2725.94,,21683840.0,-0.018340793771404407
2011-06-10,2722.85,2737.15,2705.9,2734.79,,19910267.0,0.003246586498602211
2011-06-13,2715.12,2729.8,2698.26,2723.77,,18547500.0,-0.00402955985651543
2011-06-14,2721.44,2771.35,2716.84,2764.29,,29346793.0,0.014876439640645112
2011-06-15,2755.6,2767.63,2736.34,2736.58,,23295542.0,-0.010024273864174926
2011-06-16,2716.4,2725.02,2698.47,2700.23,,20395892.0,-0.01328300287219808
2011-06-17,2700.26,2719.49,2687.98,2689.49,,21683429.0,-0.0039774389589035675
2011-06-20,2688.4,2693.05,2665.38,2676.61,,21608012.0,-0.004789012043175389
2011-06-21,2684.69,2710.21,2682.94,2708.65,,22974258.0,0.011970365499643254
2011-06-22,2712.94,2722.92,2696.32,2710.99,,20449597.0,0.0008638989902718386
2011-06-23,2702.55,2761.18,2694.09,2753.07,,24880602.0,0.015522004876447504
2011-06-24,2741.09,2833.22,2739.07,2814.05,,46228464.0,0.022149818202951588
2011-06-27,2815.23,2835.49,2801.19,2816.38,,33217762.0,0.000827988130985613
2011-06-28,2819.93,2821.99,2788.31,2814.96,,26346551.0,-0.0005041933261846765
2011-06-29,2812.69,2815.92,2774.25,2775.31,,28992701.0,-0.01408545769744507
2011-06-30,2778.58,2832.21,2778.58,2816.54,,33481460.0,0.014855998068684206
2011-07-01,2823.88,2837.24,2803.6,2816.21,,28946057.0,-0.00011716503227365838
2011-07-04,2829.86,2883.28,2829.86,2878.79,,39862696.0,0.02222135423139604
2011-07-05,2879.59,2886.24,2860.42,2875.21,,34210782.0,-0.0012435780310476874
2011-07-06,2869.54,2869.54,2834.87,2861.06,,31502123.0,-0.004921379655746905
2011-07-07,2874.3,2888.28,2846.49,2847.41,,37847937.0,-0.0047709590151902015
2011-07-08,2851.72,2872.23,2842.68,2856.75,,27069441.0,0.003280173912432849
2011-07-11,2845.62,2861.73,2832.19,2854.35,,24034274.0,-0.0008401155158834772
2011-07-12,2832.29,2832.29,2798.25,2800.66,,28449339.0,-0.018809886664214237
2011-07-13,2806.1,2848.88,2806.1,2844.36,,28711603.0,0.015603464897560038
2011-07-14,2849.63,2859.81,2829.73,2849.05,,31963355.0,0.0016488770760381133
2011-07-15,2839.1,2861.79,2831.0,2857.74,,31075433.0,0.003050139520190731
2011-07-18,2859.74,2861.81,2841.29,2849.47,,28340958.0,-0.002893895175908212
2011-07-19,2836.97,2837.99,2819.3,2823.62,,27250978.0,-0.009071862486707993
2011-07-20,2840.12,2844.46,2805.9,2821.57,,22379266.0,-0.0007260183735771086
2011-07-21,2822.07,2828.34,2790.66,2792.06,,23404684.0,-0.010458716246628752
2011-07-22,2798.55,2812.79,2791.62,2798.97,,18347381.0,0.002474875181765368
2011-07-25,2783.35,2783.98,2708.34,2716.63,,37768373.0,-0.029417964465499713
2011-07-26,2715.25,2728.94,2708.42,2724.87,,23263145.0,0.0030331697728434026
2011-07-27,2710.63,2738.79,2702.96,2736.01,,25837171.0,0.004088268431154729
2011-07-28,2712.96,2720.27,2694.69,2714.83,,25458135.0,-0.0077411997763167095
2011-07-29,2715.71,2740.15,2689.18,2717.02,,27327707.0,0.0008066803446256099
2011-08-01,2712.86,2730.87,2702.61,2717.1,,18657843.0,2.944402323135087e-05
2011-08-02,2700.0,2700.0,2665.55,2695.73,,19729789.0,-0.007865003128335268
2011-08-03,2673.75,2705.77,2671.26,2693.7,,19692743.0,-0.0007530427750553903
2011-08-04,2701.23,2719.59,2691.19,2698.15,,15757155.0,0.001652002821398213
2011-08-05,2631.52,2655.01,2619.97,2636.9,,27125995.0,-0.02270073939551176
2011-08-08,2610.92,2632.32,2513.61,2551.31,,40609481.0,-0.032458568773939156
2011-08-09,2490.82,2569.92,2471.99,2557.63,,40724608.0,0.0024771587929339756
2011-08-10,2600.6,2607.57,2574.14,2578.59,,31731238.0,0.00819508685775494
2011-08-11,2541.12,2616.57,2540.13,2614.92,,32070142.0,0.014089095203192459
2011-08-12,2625.56,2631.94,2610.28,2616.39,,28308119.0,0.0005621586893671537
2011-08-15,2623.0,2658.74,2608.63,2658.57,,28399857.0,0.01612144978386265
2011-08-16,2661.46,2674.56,2634.89,2643.11,,26155828.0,-0.005815156268219379
2011-08-17,2642.01,2657.04,2630.66,2634.76,,19340475.0,-0.0031591572049592953
2011-08-18,2637.69,2640.29,2584.24,2587.36,,20426886.0,-0.01799025338171223
2011-08-19,2548.94,2569.57,2542.57,2562.48,,24051264.0,-0.009615979222064253
2011-08-22,2564.36,2581.01,2527.11,2535.43,,18308256.0,-0.010556179950672817
2011-08-23,2545.11,2575.51,2534.68,2575.51,,18104053.0,0.015807969456857585
2011-08-24,2586.63,2594.65,2556.59,2561.98,,18151561.0,-0.0052533284669833424
2011-08-25,2570.81,2657.12,2567.9,2656.34,,44323069.0,0.03683088860959116
2011-08-26,2641.43,2656.76,2628.33,2652.39,,24740364.0,-0.0014870084401846784
2011-08-29,2626.47,2626.47,2595.91,2600.42,,24571776.0,-0.01959364950101594
2011-08-30,2620.21,2647.65,2591.48,2595.81,,23444274.0,-0.0017727905492189722
2011-08-31,2598.85,2614.45,2586.34,2606.62,,17106206.0,0.004164403403947192
2011-09-01,2612.23,2629.8,2592.47,2601.11,,16969600.0,-0.002113848585524436
2011-09-02,2595.36,2603.22,2561.27,2573.61,,16251342.0,-0.010572409471341082
2011-09-05,2553.15,2553.15,2521.37,2523.84,,18081789.0,-0.019338594425728828
2011-09-06,2509.43,2526.28,2495.19,2506.68,,17212562.0,-0.006799163179916468
2011-09-07,2519.6,2556.77,2511.28,2555.5,,18506357.0,0.01947596023425424
2011-09-08,2564.41,2564.73,2534.89,2535.5,,13438396.0,-0.007826257092545474
2011-09-09,2548.73,2574.12,2522.78,2534.6,,15319849.0,-0.00035495957404851897
2011-09-13,2499.0,2516.06,2490.16,2510.55,,15260077.0,-0.009488676714274336
2011-09-14,2518.86,2525.65,2469.79,2517.54,,17372906.0,0.0027842504630457565
2011-09-15,2518.22,2535.27,2511.17,2511.24,,17766103.0,-0.0025024428608880767
2011-09-16,2525.39,2535.64,2511.64,2518.08,,15486894.0,0.002723754002007084
2011-09-19,2501.48,2501.48,2469.57,2470.14,,15366959.0,-0.019038314906595577
2011-09-20,2467.13,2490.83,2455.66,2478.48,,13444937.0,0.003376326847871036
2011-09-21,2480.21,2558.81,2467.65,2550.64,,31690830.0,0.029114618637229306
2011-09-22,2526.8,2535.71,2471.73,2472.5,,25711013.0,-0.030635448358059092
2011-09-23,2436.63,2467.63,2421.42,2457.76,,24470480.0,-0.005961577350859337
2011-09-26,2434.47,2464.92,2388.49,2395.47,,21873151.0,-0.025344215871362707
2011-09-27,2418.61,2438.93,2401.54,2424.54,,19023772.0,0.012135405578028502
2011-09-28,2440.3,2444.23,2394.86,2402.72,,17890175.0,-0.008999645293540248
2011-09-29,2387.35,2413.66,2377.94,2392.36,,19790238.0,-0.00431177998268617
2011-09-30,2399.4,2411.03,2380.0,2388.12,,18821736.0,-0.001772308515440968
2011-10-10,2393.26,2399.69,2358.81,2362.96,,16999933.0,-0.01053548397902948
2011-10-11,2429.21,2438.41,2340.43,2363.78,,27223743.0,0.0003470223787114257
2011-10-12,2351.26,2454.4,2338.46,2451.89,,38946949.0,0.03727504251664682
2011-10-13,2443.76,2473.3,2436.53,2465.13,,31865853.0,0.005399915983180348
2011-10-14,2458.23,2468.16,2436.94,2460.54,,19970520.0,-0.001861970768275989
2011-10-17,2464.34,2494.12,2460.2,2476.71,,20257643.0,0.006571728157233725
2011-10-18,2457.39,2463.72,2407.63,2411.41,,22360511.0,-0.02636562213581739
2011-10-19,2418.64,2436.93,2403.24,2405.5,,17258852.0,-0.002450848258902405
2011-10-20,2391.04,2395.12,2334.92,2352.88,,22127004.0,-0.021874870089378495
2011-10-21,2355.15,2374.2,2347.13,2350.95,,17192751.0,-0.0008202713270546447
2011-10-24,2360.93,2426.0,2351.99,2422.16,,28308305.0,0.030289882813330893
2011-10-25,2418.63,2467.65,2405.72,2458.54,,31587269.0,0.015019651880965768
2011-10-26,2448.0,2507.34,2445.84,2481.54,,40185221.0,0.009355145736900772
2011-10-27,2488.1,2501.23,2480.72,2491.32,,26988199.0,0.003941101090451982
2011-10-28,2526.88,2561.55,2521.91,2536.99,,40739481.0,0.01833164748005056
2011-10-31,2532.19,2532.88,2505.15,2516.95,,26643240.0,-0.007899124553112147
2011-11-01,2496.08,2547.37,2492.99,2518.72,,29397584.0,0.0007032320864537311
2011-11-02,2483.18,2559.91,2480.12,2559.27,,34784718.0,0.016099447338330686
2011-11-03,2567.35,2587.68,2554.94,2556.22,,43020486.0,-0.001191746083844314
2011-11-04,2581.39,2590.49,2561.16,2572.88,,30605982.0,0.006517435901448376
2011-11-07,2560.89,2573.52,2541.5,2544.43,,21994117.0,-0.011057647461210851
2011-11-08,2552.6,2564.04,2536.46,2539.67,,24073636.0,-0.0018707529780735976
2011-11-09,2550.51,2565.32,2525.21,2558.28,,22604014.0,0.007327723680635723
2011-11-10,2530.14,2537.64,2506.07,2507.72,,25348462.0,-0.01976327845271053
2011-11-11,2511.7,2520.16,2491.63,2500.19,,17460577.0,-0.003002727577241404
2011-11-14,2521.35,2554.62,2518.45,2550.4,,22746440.0,0.020082473731996453
2011-11-15,2546.91,2551.2,2530.7,2540.22,,19847404.0,-0.003991530740276139
2011-11-16,2540.1,2540.6,2459.38,2470.25,,26782850.0,-0.027544858319358045
2011-11-17,2472.1,2484.11,2461.49,2462.79,,16942668.0,-0.0030199372533145086
2011-11-18,2446.45,2452.42,2412.21,2417.42,,20661622.0,-0.018422195964739152
2011-11-21,2420.28,2423.84,2399.52,2419.11,,14578648.0,0.0006990924208454263
2011-11-22,2404.27,2421.93,2395.64,2419.67,,15293794.0,0.0002314900934641262
2011-11-23,2423.09,2425.55,2388.82,2393.53,,15649978.0,-0.010803126046113665
2011-11-24,2376.84,2412.84,2371.31,2398.31,,14777276.0,0.0019970503816537644
2011-11-25,2393.94,2404.33,2375.3,2381.05,,11569671.0,-0.007196734367116764
2011-11-28,2388.77,2400.03,2374.58,2382.18,,12872846.0,0.0004745805421977334
2011-11-29,2402.16,2414.72,2388.6,2413.48,,15233770.0,0.013139225415375932
2011-11-30,2405.44,2407.94,2330.12,2339.87,,21341979.0,-0.030499527653015668
2011-12-01,2412.2,2446.79,2396.79,2402.94,,38095702.0,0.026954488924598508
2011-12-02,2391.95,2399.4,2371.03,2386.21,,17315426.0,-0.006962304510308215
2011-12-05,2391.15,2393.23,2360.29,2364.5,,18583528.0,-0.00909810955448176
2011-12-06,2359.21,2368.03,2345.57,2357.95,,14104485.0,-0.002770141679002025
2011-12-07,2359.98,2377.81,2354.1,2372.26,,12758504.0,0.006068830976059925
2011-12-08,2370.9,2392.88,2345.97,2371.09,,14418784.0,-0.0004932005766653536
2011-12-09,2355.22,2371.88,2349.33,2354.98,,12235423.0,-0.006794343529769042
2011-12-12,2351.49,2354.71,2333.6,2334.96,,11217257.0,-0.00850113376759043
2011-12-13,2326.19,2332.49,2286.25,2289.22,,19804572.0,-0.019589200671531914
2011-12-14,2284.86,2301.08,2268.01,2273.02,,13396045.0,-0.007076646193900027
2011-12-15,2259.5,2264.13,2223.03,2223.78,,19367929.0,-0.021662809830093832
2011-12-16,2222.55,2268.39,2216.97,2268.01,,19405766.0,0.01988955742024845
2011-12-19,2249.32,2264.81,2203.53,2261.19,,20619904.0,-0.0030070414151613933
2011-12-20,2253.8,2288.77,2250.76,2256.65,,17443751.0,-0.002007792357121674
2011-12-21,2275.04,2283.0,2225.56,2227.11,,16773037.0,-0.013090200075332903
2011-12-22,2217.66,2248.91,2197.14,2233.58,,20013042.0,0.002905110210092765
2011-12-23,2231.27,2270.48,2226.08,2248.04,,17650436.0,0.0064739118366030635
2011-12-26,2235.54,2255.52,2224.1,2225.18,,14654140.0,-0.010168858205370057
2011-12-27,2221.68,2238.38,2200.94,2202.86,,14514145.0,-0.010030649205906794
2011-12-28,2194.76,2208.04,2171.95,2206.06,,17096110.0,0.0014526570004447237
2011-12-29,2196.03,2220.66,2193.59,2209.18,,15591180.0,0.0014142861028259013
2011-12-30,2216.48,2243.29,2216.48,2239.51,,18953039.0,0.01372907594673145
2012-01-04,2253.45,2259.65,2201.38,2201.89,,19758853.0,-0.016798317489093773
2012-01-05,2195.86,2232.97,2193.03,2197.27,,26442216.0,-0.0020981974576386175
2012-01-06,2196.0,2213.18,2183.25,2212.4,,20575550.0,0.006885817400683614
2012-01-09,2212.91,2282.61,2196.53,2282.1,,33467398.0,0.03150424877960578
2012-01-10,2280.0,2352.86,2276.27,2350.08,,43902850.0,0.02978835283291703
2012-01-11,2347.47,2355.54,2325.01,2335.28,,28468376.0,-0.006297657952069602
2012-01-12,2328.29,2364.98,2325.44,2338.56,,25204961.0,0.0014045424959747699
2012-01-13,2341.65,2348.62,2292.6,2310.37,,24275054.0,-0.012054426655719763
2012-01-16,2296.06,2313.44,2275.48,2275.93,,16880505.0,-0.014906703255322729
2012-01-17,2278.99,2378.91,2258.84,2377.4,,37386371.0,0.04458397226628241
2012-01-18,2380.03,2398.51,2338.15,2344.82,,34424368.0,-0.0137040464372844
2012-01-19,2347.4,2403.09,2342.07,2390.85,,33442752.0,0.01963050468692673
2012-01-20,2399.86,2431.95,2387.41,2426.12,,33516750.0,0.014752075621640826
2012-01-30,2429.62,2429.64,2380.12,2380.62,,27035079.0,-0.018754224852851498
2012-01-31,2382.83,2394.3,2369.93,2384.8,,17848914.0,0.0017558451159782607
2012-02-01,2378.55,2399.92,2344.23,2349.09,,19543926.0,-0.014974002012747456
2012-02-02,2357.41,2408.77,2349.15,2408.77,,24906081.0,0.025405582587299635
2012-02-03,2401.12,2433.81,2392.18,2424.22,,28266023.0,0.006414061948629257
2012-02-06,2428.35,2437.42,2403.66,2417.71,,24268940.0,-0.0026853998399484214
2012-02-07,2402.91,2405.01,2358.98,2372.44,,21595762.0,-0.01872433004785523
2012-02-08,2371.55,2444.64,2367.88,2437.53,,30244280.0,0.027435888789600682
2012-02-09,2436.06,2449.47,2423.11,2434.29,,28923121.0,-0.001329214409668933
2012-02-10,2426.3,2464.1,2425.65,2435.9,,33568311.0,0.0006613838121176663
2012-02-13,2407.82,2448.77,2399.45,2426.07,,24953944.0,-0.004035469436347916
2012-02-14,2422.76,2425.98,2399.53,2413.76,,19787316.0,-0.0050740498007064705
2012-02-15,2407.5,2450.43,2404.46,2437.22,,28467250.0,0.009719276150072842
2012-02-16,2433.15,2445.13,2409.75,2424.2,,28433403.0,-0.005342152124141464
2012-02-17,2440.15,2446.22,2415.78,2428.32,,18900435.0,0.0016995297417705668
2012-02-20,2461.14,2463.29,2430.85,2432.06,,26645030.0,0.0015401594518020811
2012-02-21,2436.56,2449.29,2414.38,2448.51,,21273822.0,0.006763813392761886
2012-02-22,2450.45,2476.98,2442.62,2474.71,,36282507.0,0.0107003851321823
2012-02-23,2473.2,2490.22,2469.54,2482.2,,35047268.0,0.003026617260204034
2012-02-24,2483.99,2521.18,2478.69,2521.08,,45856879.0,0.015663524292965914
2012-02-27,2530.07,2559.95,2526.93,2527.11,,54338463.0,0.0023918320719691355
2012-02-28,2524.46,2544.3,2519.45,2536.94,,37687146.0,0.00388981880487993
2012-02-29,2531.93,2541.2,2510.87,2513.21,,29479175.0,-0.009353788422272524
2012-03-01,2502.83,2523.86,2501.86,2510.6,,20808686.0,-0.0010385124999503503
2012-03-02,2514.14,2549.86,2514.14,2549.82,,32475295.0,0.01562176372181967
2012-03-05,2556.42,2561.72,2528.47,2530.01,,34945424.0,-0.0077691758633942065
2012-03-06,2522.78,2526.86,2486.28,2488.81,,33128233.0,-0.016284520614543108
2012-03-07,2466.86,2494.5,2464.82,2471.48,,29884964.0,-0.006963167136101123
2012-03-08,2479.77,2510.3,2479.77,2499.43,,28920012.0,0.011309013222846165
2012-03-09,2507.18,2522.9,2495.07,2522.3,,27547482.0,0.009150086219658293
2012-03-12,2519.75,2521.73,2489.39,2504.66,,31107090.0,-0.006993616936922797
2012-03-13,2503.91,2531.29,2502.47,2530.63,,27436692.0,0.010368672793912292
2012-03-14,2543.72,2554.22,2462.95,2470.27,,56839785.0,-0.023851768136788132
2012-03-15,2469.5,2482.93,2450.05,2454.96,,38409933.0,-0.0061977030850878245
2012-03-16,2460.5,2486.65,2447.79,2485.37,,29455615.0,0.012387167204353622
2012-03-19,2479.36,2486.05,2458.88,2484.33,,29564089.0,-0.0004184487621561317
2012-03-20,2478.05,2478.21,2446.63,2447.67,,30984521.0,-0.014756493702527407
2012-03-21,2460.84,2472.35,2435.13,2448.04,,29994822.0,0.000151164168372242
2012-03-22,2448.78,2461.87,2434.83,2448.31,,23546985.0,0.0001102923154849833
2012-03-23,2442.21,2447.27,2419.23,2427.23,,23476991.0,-0.008610020789850958
2012-03-26,2426.32,2438.56,2419.9,2432.76,,17805197.0,0.0022783172587683698
2012-03-27,2440.26,2445.81,2420.71,2423.56,,18611110.0,-0.0037817129515448356
2012-03-28,2415.55,2420.19,2361.23,2364.57,,25960541.0,-0.024340226773836737
2012-03-29,2355.26,2368.51,2329.22,2339.06,,25701149.0,-0.010788430877495814
2012-03-30,2344.83,2358.24,2339.77,2356.4,,21346126.0,0.00741323437620256
2012-04-05,2349.69,2410.6,2341.06,2405.17,,33092917.0,0.020696825666270513
2012-04-06,2401.45,2413.54,2395.64,2411.76,,23958284.0,0.002739931065163903
2012-04-09,2402.2,2409.66,2385.7,2391.45,,18964036.0,-0.008421235943875227
2012-04-10,2387.83,2412.04,2361.27,2411.29,,20487242.0,0.008296221957389882
2012-04-11,2389.27,2430.5,2385.63,2410.11,,22379935.0,-0.0004893646139617625
2012-04-12,2412.9,2459.54,2406.16,2458.94,,32035280.0,0.02026048603590702
2012-04-13,2461.66,2479.54,2458.36,2467.33,,28760392.0,0.00341203933402201
2012-04-16,2453.6,2469.28,2449.88,2457.87,,19896373.0,-0.0038341040720131225
2012-04-17,2456.75,2462.01,2426.82,2427.52,,20503558.0,-0.012348090012897273
2012-04-18,2436.39,2486.2,2433.54,2483.91,,33026026.0,0.023229468758238836
2012-04-19,2482.02,2491.71,2472.74,2482.55,,24882973.0,-0.0005475238635859192
2012-04-20,2478.68,2515.07,2476.68,2514.75,,35305225.0,0.012970534329620698
2012-04-23,2512.65,2521.13,2491.08,2497.43,,29369345.0,-0.006887364549160058
2012-04-24,2488.48,2537.71,2467.09,2504.01,,41128761.0,0.002634708480317993
2012-04-25,2498.1,2526.17,2494.23,2520.65,,33109338.0,0.006645340873239203
2012-04-26,2527.31,2537.05,2513.1,2525.89,,28058594.0,0.0020788288735047455
2012-04-27,2525.99,2536.15,2521.75,2523.63,,26214966.0,-0.0008947341333153114
2012-05-02,2556.48,2591.31,2541.99,2576.23,,46476285.0,0.020842992039245
2012-05-03,2573.29,2584.25,2566.34,2579.8,,30965709.0,0.0013857458379105125
2012-05-04,2577.87,2601.01,2566.44,2600.39,,33284925.0,0.007981238855725215
2012-05-07,2585.32,2598.33,2574.11,2594.31,,37139489.0,-0.002338110821838213
2012-05-08,2593.27,2593.94,2560.77,2583.91,,35057292.0,-0.004008773045626857
2012-05-09,2561.1,2562.32,2535.91,2538.3,,31421715.0,-0.017651543590914365
2012-05-10,2538.24,2545.03,2528.45,2536.7,,26396370.0,-0.0006303431430486617
2012-05-11,2532.69,2543.47,2516.22,2516.92,,21179202.0,-0.007797532226908821
2012-05-14,2532.86,2534.91,2491.57,2493.78,,28800088.0,-0.009193776520509123
2012-05-15,2480.07,2498.89,2475.88,2497.57,,23626169.0,0.0015197812156646506
2012-05-16,2490.63,2492.39,2455.92,2456.95,,24784494.0,-0.016263808421786097
2012-05-17,2460.85,2501.02,2454.94,2495.1,,24142409.0,0.015527381509595317
2012-05-18,2476.74,2483.29,2452.9,2458.83,,24474385.0,-0.014536491523385875
2012-05-21,2457.86,2487.93,2450.94,2471.73,,21513359.0,0.005246397676943904
2012-05-22,2482.69,2511.28,2481.1,2510.6,,24437672.0,0.015725827659169855
2012-05-23,2504.51,2517.0,2482.08,2497.31,,23351747.0,-0.005293555325420196
2012-05-24,2494.65,2511.25,2469.22,2475.65,,24374483.0,-0.008673332505776177
2012-05-25,2476.17,2482.12,2448.72,2455.87,,21826799.0,-0.007989820855129004
2012-05-28,2447.0,2494.29,2435.77,2494.01,,30238384.0,0.015530137995903859
2012-05-29,2493.75,2530.88,2489.33,2524.7,,36026660.0,0.012305483939518913
2012-05-30,2520.7,2526.39,2508.78,2514.76,,25805851.0,-0.003937101437794466
2012-05-31,2495.53,2513.51,2488.93,2501.62,,21363907.0,-0.005225150710207016
2012-06-01,2503.55,2524.91,2497.02,2505.26,,23678922.0,0.0014550571229843268
2012-06-04,2477.37,2483.3,2439.54,2439.9,,28088650.0,-0.026089108515683024
2012-06-05,2446.1,2454.35,2430.56,2440.31,,20132990.0,0.00016803967375711437
2012-06-06,2445.25,2454.32,2433.94,2442.71,,19545966.0,0.000983481606845027
2012-06-07,2461.57,2465.06,2423.77,2428.88,,18137429.0,-0.005661744537828861
2012-06-08,2443.07,2443.07,2405.48,2409.45,,26274023.0,-0.007999571819110152
2012-06-11,2413.36,2444.31,2409.21,2435.42,,22923656.0,0.010778393409284437
2012-06-12,2422.38,2431.02,2407.67,2418.1,,21793449.0,-0.007111709684571976
2012-06-13,2424.71,2455.96,2417.23,2455.33,,24597850.0,0.015396385591993633
2012-06-14,2447.58,2457.02,2433.1,2435.39,,21302482.0,-0.008121107956975293
2012-06-15,2441.45,2458.09,2421.5,2448.59,,24731633.0,0.005420076455927125
2012-06-18,2459.28,2474.0,2454.59,2462.0,,18516074.0,0.005476621239162149
2012-06-19,2458.41,2458.99,2441.71,2444.07,,16764936.0,-0.007282696994313498
2012-06-20,2447.83,2457.74,2436.99,2440.11,,16125693.0,-0.001620248192564011
2012-06-21,2435.62,2435.62,2393.09,2402.01,,19961234.0,-0.015614050186262052
2012-06-25,2391.14,2391.35,2353.14,2354.76,,23152356.0,-0.019671025516130203
2012-06-26,2340.39,2362.38,2336.27,2351.94,,17367486.0,-0.001197574275085378
2012-06-27,2350.38,2365.29,2342.9,2346.17,,16277577.0,-0.002453293876544471
2012-06-28,2350.17,2357.3,2328.1,2328.81,,15624127.0,-0.007399293316341149
2012-06-29,2323.12,2366.58,2321.5,2364.44,,20450541.0,0.015299659482740147
2012-07-02,2375.59,2375.87,2353.7,2366.32,,20973589.0,0.0007951142765305619
2012-07-03,2366.27,2391.1,2358.42,2372.85,,20431269.0,0.0027595591466917924
2012-07-04,2379.28,2385.11,2363.83,2372.04,,17195586.0,-0.00034136165370757254
2012-07-05,2357.56,2357.66,2334.03,2344.48,,18086413.0,-0.011618691084467336
2012-07-06,2344.32,2382.71,2330.65,2377.73,,27830565.0,0.014182249368730027
2012-07-09,2362.07,2376.64,2321.45,2323.36,,29076846.0,-0.02286634731445536
2012-07-10,2319.95,2336.5,2313.73,2318.53,,19862918.0,-0.0020788857516699233
2012-07-11,2313.86,2336.45,2312.17,2332.92,,20297527.0,0.006206518785609738
2012-07-12,2328.23,2362.97,2310.33,2350.28,,31527655.0,0.007441318176362621
2012-07-13,2342.64,2373.47,2341.12,2357.32,,19724968.0,0.0029953877835833254
2012-07-16,2359.81,2359.81,2316.61,2316.99,,21890029.0,-0.017108411246670063
2012-07-17,2310.92,2339.78,2310.31,2331.04,,17028075.0,0.00606390187268846
2012-07-18,2330.31,2337.56,2290.27,2325.49,,21144201.0,-0.002380911524469842
2012-07-19,2318.75,2352.15,2313.43,2334.81,,23433497.0,0.004007757504870035
2012-07-20,2327.34,2332.88,2302.6,2307.75,,20062168.0,-0.011589808164261695
2012-07-23,2290.85,2290.85,2263.73,2270.21,,17744553.0,-0.016266926660166825
2012-07-24,2259.03,2294.27,2258.56,2278.11,,16483094.0,0.0034798542866079085
2012-07-25,2271.5,2285.09,2265.07,2267.39,,13241753.0,-0.004705655126398756
2012-07-26,2267.39,2282.18,2254.48,2256.99,,17964545.0,-0.004586771574365267
2012-07-27,2263.69,2278.08,2253.92,2261.89,,18367868.0,0.0021710331016087103
2012-07-30,2264.4,2281.42,2253.0,2254.74,,18374505.0,-0.0031610732617413095
2012-07-31,2257.45,2277.2,2257.14,2262.44,,19189381.0,0.0034150278967863823
2012-08-01,2262.33,2293.14,2262.0,2282.13,,18482095.0,0.008702993228549838
2012-08-02,2277.59,2282.44,2250.9,2259.69,,17879159.0,-0.009832919246493432
2012-08-03,2264.42,2272.53,2252.48,2272.05,,15872240.0,0.0054697768277949255
2012-08-06,2269.06,2298.68,2267.04,2295.12,,21746793.0,0.010153825840100161
2012-08-07,2293.72,2297.64,2287.06,2294.53,,19942575.0,-0.00025706716860107726
2012-08-08,2295.87,2310.58,2290.89,2297.67,,18555063.0,0.0013684719746527296
2012-08-09,2296.38,2315.32,2286.51,2314.52,,16749012.0,0.007333516127207007
2012-08-10,2313.52,2316.95,2299.53,2301.56,,17494097.0,-0.005599433143805177
2012-08-13,2297.53,2297.53,2253.75,2255.61,,25312007.0,-0.019964719581501145
2012-08-14,2256.78,2260.92,2232.7,2257.49,,21517062.0,0.0008334774185252414
2012-08-15,2250.5,2251.98,2230.82,2232.17,,17537219.0,-0.011215996527116245
2012-08-16,2228.88,2235.79,2221.2,2222.88,,13842147.0,-0.004161869391668183
2012-08-17,2221.85,2225.44,2201.91,2217.76,,14611242.0,-0.002303318217807493
2012-08-20,2201.19,2208.96,2185.39,2204.45,,15597538.0,-0.006001551114638404
2012-08-21,2204.42,2224.01,2197.6,2208.48,,18689242.0,0.0018281203928418588
2012-08-22,2210.23,2212.74,2183.98,2194.22,,16674041.0,-0.006456929652974064
2012-08-23,2196.5,2207.86,2181.81,2197.37,,17385101.0,0.0014355898679256907
2012-08-24,2192.87,2197.08,2177.59,2179.49,,17178902.0,-0.008137000141077766
2012-08-27,2174.08,2174.08,2136.39,2136.86,,21337387.0,-0.019559621746371714
2012-08-28,2136.81,2159.95,2132.0,2149.02,,20144080.0,0.005690592738878397
2012-08-29,2141.31,2147.27,2122.74,2123.39,,16671093.0,-0.011926366436794456
2012-08-30,2107.78,2133.99,2107.78,2128.07,,19419551.0,0.0022040228125781436
2012-08-31,2123.95,2135.97,2119.93,2119.97,,14718721.0,-0.0038062657713329173
2012-09-03,2117.33,2147.72,2114.61,2137.99,,22082048.0,0.008500120284721024
2012-09-04,2143.89,2145.79,2112.12,2117.55,,20752237.0,-0.009560381479800983
2012-09-05,2112.85,2118.48,2096.87,2107.04,,21216448.0,-0.004963283039361666
2012-09-06,2111.06,2125.01,2106.35,2124.15,,18802925.0,0.008120396385450812
2012-09-07,2139.04,2241.61,2139.04,2218.47,,54613797.0,0.04440364381046513
2012-09-10,2221.15,2230.84,2210.94,2221.69,,33773642.0,0.0014514507746330452
2012-09-11,2212.56,2212.56,2187.59,2205.28,,23303782.0,-0.007386269011428137
2012-09-12,2218.0,2229.67,2191.27,2209.39,,25417600.0,0.001863708916781448
2012-09-13,2205.97,2214.13,2192.52,2192.79,,20260468.0,-0.007513386047732551
2012-09-14,2216.19,2226.83,2196.55,2211.44,,30552530.0,0.008505146411649234
2012-09-17,2207.4,2210.34,2160.62,2161.56,,24654733.0,-0.02255543898997947
2012-09-18,2152.52,2154.27,2131.48,2137.1,,16964571.0,-0.011315901478561763
2012-09-19,2138.4,2146.28,2128.13,2143.14,,18203105.0,0.002826259884890714
2012-09-20,2134.51,2134.51,2100.59,2101.66,,23410687.0,-0.019354778502571057
2012-09-21,2096.39,2123.58,2094.05,2106.85,,21955022.0,0.0024694765090451654
2012-09-24,2092.45,2130.12,2082.84,2120.52,,20723382.0,0.006488359399102972
2012-09-25,2116.05,2131.15,2110.58,2118.29,,14786464.0,-0.0010516288457548262
2012-09-26,2116.54,2124.68,2095.04,2099.07,,14022482.0,-0.009073356339311278
2012-09-27,2099.99,2179.4,2099.73,2165.16,,29721465.0,0.031485372093355446
2012-09-28,2149.58,2207.91,2148.57,2203.99,,33683454.0,0.017934009495834013
2012-10-08,2203.31,2217.5,2168.75,2180.43,,20390090.0,-0.010689703673791628
2012-10-09,2191.45,2234.55,2191.45,2225.19,,28086726.0,0.02052806097879789
2012-10-10,2219.57,2227.32,2208.63,2225.13,,20152761.0,-2.6963989591899384e-05
2012-10-11,2217.77,2223.72,2204.48,2208.3,,20755127.0,-0.0075636030254411235
2012-10-12,2216.33,2236.92,2196.69,2212.35,,20283152.0,0.0018339899470178889
2012-10-15,2214.78,2217.82,2191.01,2204.93,,14655199.0,-0.0033538996994146864
2012-10-16,2202.42,2222.04,2197.11,2206.77,,16594770.0,0.0008344936120421309
2012-10-17,2214.9,2220.45,2191.09,2210.15,,17617291.0,0.001531650330573786
2012-10-18,2215.62,2246.61,2213.45,2241.66,,25941384.0,0.014256950885686459
2012-10-19,2241.1,2248.31,2235.3,2238.52,,18500104.0,-0.0014007476602160285
2012-10-22,2226.57,2253.45,2221.93,2246.87,,18299333.0,0.003730143130282526
2012-10-23,2246.33,2250.01,2217.73,2220.15,,18762077.0,-0.011892098786311589
2012-10-24,2212.65,2229.65,2211.31,2217.68,,18456377.0,-0.0011125374411640188
2012-10-25,2217.05,2233.22,2202.38,2205.25,,23191364.0,-0.005604956531149563
2012-10-26,2205.94,2208.0,2154.22,2164.68,,22341038.0,-0.018397007142047506
2012-10-29,2159.44,2163.5,2143.52,2150.43,,15412889.0,-0.006582959144076694
2012-10-30,2151.59,2171.56,2146.32,2156.1,,19854250.0,0.0026366819659324747
2012-10-31,2159.02,2172.37,2151.52,2170.2,,20633866.0,0.00653958536245991
2012-11-01,2172.59,2221.65,2172.47,2213.16,,28997127.0,0.01979541056123857
2012-11-02,2213.12,2226.5,2201.85,2223.61,,22276654.0,0.004721755318187748
2012-11-05,2220.13,2235.38,2208.7,2220.96,,22350889.0,-0.0011917557485350283
2012-11-06,2221.23,2223.25,2182.59,2211.38,,19526938.0,-0.004313450039622468
2012-11-07,2208.09,2218.75,2196.14,2207.06,,18112246.0,-0.0019535312791109094
2012-11-08,2190.07,2196.12,2170.3,2171.16,,18861490.0,-0.016265982800648837
2012-11-09,2167.76,2178.04,2162.99,2168.2,,17754011.0,-0.0013633265167007913
2012-11-12,2170.04,2181.87,2161.5,2180.58,,20768883.0,0.005709805368508514
2012-11-13,2179.11,2179.11,2139.87,2144.99,,18850663.0,-0.016321345697016487
2012-11-14,2145.48,2156.12,2138.94,2153.85,,14882443.0,0.0041305553872046374
2012-11-15,2142.3,2149.56,2127.15,2127.34,,15601216.0,-0.01230819230679936
2012-11-16,2123.1,2124.92,2096.61,2110.5,,17282330.0,-0.007915988981545108
2012-11-19,2108.58,2108.58,2081.47,2106.37,,15817111.0,-0.0019568822553898135
2012-11-20,2110.36,2114.56,2093.81,2095.84,,12608870.0,-0.0049991217117598685
2012-11-21,2095.45,2126.19,2085.32,2125.21,,15663770.0,0.014013474311016072
2012-11-22,2111.14,2116.38,2101.93,2110.93,,11509063.0,-0.006719335971504092
2012-11-23,2117.51,2137.02,2111.52,2128.39,,16163532.0,0.008271235900764173
2012-11-26,2123.67,2127.65,2110.73,2115.25,,12610680.0,-0.006173680575458418
2012-11-27,2109.47,2116.35,2099.66,2100.54,,17541922.0,-0.006954260725682615
2012-11-28,2093.22,2095.19,2080.75,2084.74,,16980808.0,-0.0075218753272968675
2012-11-29,2084.51,2095.55,2072.6,2074.13,,17091292.0,-0.005089363661655466
2012-11-30,2072.94,2100.92,2069.26,2096.88,,20834606.0,0.010968454243466041
2012-12-03,2093.44,2109.08,2068.98,2070.21,,24504443.0,-0.01271889664644621
2012-12-04,2065.63,2095.15,2063.99,2089.97,,20528045.0,0.009544925394042059
2012-12-05,2087.21,2174.05,2085.77,2164.08,,50671920.0,0.0354598391364469
2012-12-06,2161.18,2172.67,2147.26,2161.89,,28698066.0,-0.0010119773760675077
2012-12-07,2162.19,2207.14,2156.96,2203.63,,46722450.0,0.01930718029131917
2012-12-10,2211.05,2233.67,2208.68,2226.8,,44300026.0,0.010514469307460805
2012-12-11,2218.98,2230.11,2211.15,2214.04,,28787016.0,-0.00573019579665901
2012-12-12,2214.4,2232.14,2208.42,2227.23,,27280300.0,0.005957435276688683
2012-12-13,2220.2,2225.78,2200.39,2200.81,,23807081.0,-0.011862268378209695
2012-12-14,2204.09,2318.16,2204.09,2316.82,,67280032.0,0.05271241043070507
2012-12-17,2322.59,2346.89,2322.59,2332.92,,56272156.0,0.006949180342020522
2012-12-18,2327.28,2368.61,2314.05,2338.34,,49895477.0,0.0023232686933114532
2012-12-19,2333.31,2359.63,2328.58,2341.39,,37702513.0,0.0013043441073581352
2012-12-20,2330.53,2358.99,2316.02,2352.0,,37446730.0,0.004531496247955236
2012-12-21,2353.55,2377.06,2327.66,2333.91,,37291640.0,-0.00769132653061233
2012-12-24,2329.18,2358.13,2326.39,2340.59,,27521408.0,0.0028621497829823817
2012-12-25,2332.68,2421.03,2325.22,2409.38,,52663339.0,0.02939002559183801
2012-12-26,2406.72,2416.13,2400.11,2412.56,,36092172.0,0.0013198416190056683
2012-12-27,2419.38,2433.89,2397.65,2398.59,,38101690.0,-0.005790529561959024
2012-12-28,2402.3,2437.32,2400.34,2435.39,,36273177.0,0.015342346962173403
2012-12-31,2440.62,2481.24,2440.62,2480.64,,47243849.0,0.01858018633565872
2013-01-04,2512.37,2525.51,2464.51,2490.71,,59165916.0,0.004059436274509887
2013-01-07,2484.8,2513.88,2476.33,2500.96,,41815021.0,0.004115292426657424
2013-01-08,2500.0,2504.6,2462.47,2480.01,,38611779.0,-0.00837678331520686
2013-01-09,2472.27,2487.23,2458.55,2478.91,,38725034.0,-0.0004435465986025733
2013-01-10,2478.38,2504.88,2465.02,2480.81,,39399430.0,0.0007664659063864043
2013-01-11,2483.96,2490.03,2425.37,2435.64,,40167020.0,-0.01820776278715419
2013-01-14,2426.12,2534.24,2425.92,2526.64,,53404681.0,0.03736184329375436
2013-01-15,2527.02,2546.83,2522.81,2536.96,,50311193.0,0.004084475825602452
2013-01-16,2530.52,2535.25,2478.99,2511.64,,45502649.0,-0.009980449041372408
2013-01-17,2505.46,2507.04,2475.09,2487.43,,34811413.0,-0.009639120256087708
2013-01-18,2503.66,2540.48,2487.03,2528.17,,40968504.0,0.016378350345537473
2013-01-21,2539.84,2548.47,2516.19,2547.98,,48358039.0,0.007835707250699153
2013-01-22,2548.04,2567.55,2523.52,2544.83,,65198867.0,-0.0012362734401368813
2013-01-23,2534.92,2557.49,2524.08,2556.05,,43182581.0,0.004408938907510596
2013-01-24,2555.26,2618.31,2522.3,2539.96,,66077491.0,-0.006294869036208239
2013-01-25,2537.97,2544.83,2516.99,2522.52,,32832905.0,-0.0068662498622025225
2013-01-28,2527.22,2607.0,2527.22,2606.51,,57329349.0,0.033296069010354756
2013-01-29,2609.95,2646.77,2599.92,2635.79,,62016387.0,0.011233411726791598
2013-01-30,2638.03,2649.79,2620.15,2648.02,,58996889.0,0.004639975111826011
2013-01-31,2651.17,2656.38,2628.3,2647.49,,57495854.0,-0.0002001495456983582
2013-02-01,2637.44,2717.44,2629.23,2715.23,,62120748.0,0.025586498910288746
2013-02-04,2725.26,2745.0,2705.21,2719.55,,76301044.0,0.0015910254379924993
2013-02-05,2696.71,2744.52,2691.52,2736.15,,72191754.0,0.006103951021308562
2013-02-06,2736.06,2754.15,2726.37,2741.53,,49215880.0,0.001966266469309197
2013-02-07,2736.03,2738.56,2671.94,2711.41,,57919874.0,-0.01098656589568614
2013-02-08,2705.89,2733.13,2688.1,2712.34,,46580224.0,0.0003429949730953119
2013-02-18,2725.2,2729.1,2672.02,2674.76,,45314891.0,-0.013855195145151433
2013-02-19,2671.52,2677.29,2616.26,2627.29,,45439116.0,-0.01774738668142195
2013-02-20,2628.29,2631.91,2595.04,2631.03,,41703706.0,0.0014235200529824077
2013-02-21,2602.91,2602.91,2509.61,2536.65,,62328744.0,-0.035871882874767724
2013-02-22,2534.01,2543.76,2515.11,2520.97,,35637865.0,-0.006181380955196936
2013-02-25,2533.0,2553.68,2514.01,2527.28,,31434112.0,0.002503004795773256
2013-02-26,2508.22,2557.3,2488.03,2491.09,,50737399.0,-0.014319742964768456
2013-02-27,2499.66,2543.19,2497.12,2523.3,,38396095.0,0.012930082815153288
2013-02-28,2542.88,2608.32,2522.09,2607.84,,53118984.0,0.03350374509570808
2013-03-01,2606.46,2615.4,2554.31,2597.25,,42946889.0,-0.00406083195288065
2013-03-04,2543.97,2543.97,2452.78,2468.55,,68111670.0,-0.04955241120415821
2013-03-05,2472.01,2554.77,2467.76,2554.11,,53636679.0,0.03466002309047811
2013-03-06,2566.63,2587.43,2548.04,2578.26,,51730115.0,0.009455348438399236
2013-03-07,2566.38,2586.08,2517.93,2545.21,,48814598.0,-0.012818722704459717
2013-03-08,2549.15,2557.28,2527.43,2537.07,,32486110.0,-0.0031981643950793615
2013-03-11,2529.68,2537.64,2497.68,2515.72,,27926713.0,-0.008415219130729734
2013-03-12,2513.79,2543.84,2461.32,2483.02,,40738759.0,-0.012998266897746857
2013-03-13,2480.03,2486.4,2445.77,2455.76,,32079681.0,-0.010978566423145875
2013-03-14,2447.35,2473.31,2440.51,2459.29,,28132458.0,0.0014374368830829543
2013-03-15,2457.54,2527.84,2428.58,2464.62,,51295259.0,0.0021672921859561267
2013-03-18,2450.19,2468.14,2425.52,2428.15,,36039767.0,-0.014797412988614811
2013-03-19,2432.43,2460.09,2421.38,2452.08,,31400475.0,0.009855239585692788
2013-03-20,2454.58,2541.45,2454.58,2541.45,,54898597.0,0.03644660859352067
2013-03-21,2543.07,2551.84,2523.94,2538.87,,38970081.0,-0.001015168506167674
2013-03-22,2536.5,2550.65,2528.16,2543.01,,30899149.0,0.0016306467050302142
2013-03-25,2554.06,2567.66,2533.03,2537.36,,32862555.0,-0.0022217765561284297
2013-03-26,2526.02,2530.98,2477.22,2492.42,,38838283.0,-0.01771132200397263
2013-03-27,2493.99,2529.63,2482.46,2498.46,,32337614.0,0.0024233475898924883
2013-03-28,2441.28,2441.28,2399.87,2407.67,,58430877.0,-0.03633838444481796
2013-03-29,2409.09,2416.0,2388.21,2405.91,,33474182.0,-0.0007309971881529487
2013-04-01,2394.79,2414.04,2391.21,2398.51,,25625155.0,-0.003075759276115697
2013-04-02,2401.89,2430.95,2386.0,2399.55,,30333441.0,0.00043360252823632095
2013-04-03,2408.06,2426.93,2395.59,2404.36,,26243497.0,0.0020045425183887744
2013-04-08,2362.16,2389.28,2350.04,2386.98,,31171976.0,-0.007228534828395139
2013-04-09,2391.24,2419.6,2391.24,2402.9,,28354056.0,0.006669515454674979
2013-04-10,2401.27,2408.47,2382.85,2400.13,,26406842.0,-0.0011527737317408304
2013-04-11,2417.75,2424.16,2392.97,2394.05,,23369660.0,-0.0025331961185435237
2013-04-12,2392.82,2406.96,2378.13,2380.08,,20687735.0,-0.005835300014619738
2013-04-15,2372.56,2382.0,2351.87,2358.95,,25468571.0,-0.00887785284528253
2013-04-16,2342.05,2379.67,2336.07,2378.32,,32163143.0,0.008211280442570024
2013-04-17,2375.73,2383.46,2351.51,2370.3,,24919253.0,-0.003372128224965465
2013-04-18,2351.44,2388.12,2346.03,2378.06,,25275448.0,0.003273847192338364
2013-04-19,2383.69,2459.97,2382.45,2450.93,,43640028.0,0.030642624660437434
2013-04-22,2442.13,2456.31,2432.27,2444.31,,31402689.0,-0.0027010155328792695
2013-04-23,2447.8,2447.8,2363.72,2365.56,,32994956.0,-0.03221768106336753
2013-04-24,2368.5,2424.18,2358.98,2405.49,,31495188.0,0.01687972403997362
2013-04-25,2396.72,2413.99,2365.97,2382.03,,27566232.0,-0.009752690719977863
2013-04-26,2391.9,2402.2,2357.0,2364.56,,23153834.0,-0.0073340805951227495
2013-05-02,2354.05,2367.6,2339.45,2364.36,,25832882.0,-8.458233244235114e-05
2013-05-03,2372.14,2436.59,2372.14,2405.2,,33715150.0,0.017273173290023314
2013-05-06,2415.53,2443.53,2411.04,2434.44,,30875841.0,0.012156993181440257
2013-05-07,2429.02,2447.33,2417.21,2439.05,,27977326.0,0.0018936593220617581
2013-05-08,2451.04,2472.27,2438.14,2449.2,,28735370.0,0.004161456304708544
2013-05-09,2449.8,2451.14,2415.15,2432.67,,28281390.0,-0.006749142577167966
2013-05-10,2426.61,2452.89,2421.64,2446.92,,23574628.0,0.005857761225320335
2013-05-13,2447.68,2452.85,2421.35,2432.73,,24811013.0,-0.005799127065862386
2013-05-14,2427.26,2428.23,2383.36,2394.84,,26144772.0,-0.015575094646754772
2013-05-15,2397.11,2408.97,2391.74,2403.22,,19746922.0,0.003499189925005197
2013-05-16,2397.2,2446.79,2381.88,2445.65,,33365828.0,0.017655478899143873
2013-05-17,2443.85,2489.29,2438.2,2482.31,,41176409.0,0.014989879991004429
2013-05-20,2488.04,2523.32,2481.15,2502.94,,43290570.0,0.008310807272258636
2013-05-21,2500.01,2505.87,2479.95,2496.07,,30500694.0,-0.002744772147953989
2013-05-22,2495.41,2508.95,2486.59,2500.45,,32309604.0,0.0017547584803310201
2013-05-23,2488.05,2500.01,2455.95,2457.42,,33078035.0,-0.017208902397568338
2013-05-24,2467.57,2482.93,2445.13,2465.0,,25666127.0,0.003084535813983713
2013-05-27,2460.28,2477.07,2453.67,2461.55,,26383444.0,-0.0013995943204867523
2013-05-28,2461.95,2514.84,2452.32,2514.84,,39785517.0,0.021648961020495294
2013-05-29,2518.7,2530.51,2504.12,2505.77,,36654501.0,-0.00360659127419638
2013-05-30,2498.4,2511.26,2488.85,2497.75,,28975188.0,-0.0032006129852301113
2013-05-31,2502.64,2509.65,2474.78,2476.8,,25995994.0,-0.008387548793914457
2013-06-03,2476.07,2492.72,2466.25,2471.86,,24750024.0,-0.001994509043927617
2013-06-04,2470.51,2470.51,2437.71,2443.58,,27122516.0,-0.011440777390305357
2013-06-05,2443.55,2445.19,2421.32,2432.7,,20450081.0,-0.004452483651036676
2013-06-06,2425.36,2427.32,2400.34,2402.8,,23303554.0,-0.012290870226497108
2013-06-07,2400.64,2411.11,2356.89,2363.08,,28809635.0,-0.016530714166805516
2013-06-13,2328.6,2328.6,2256.19,2280.52,,38009309.0,-0.0349374545085227
2013-06-14,2284.23,2289.76,2272.44,2287.01,,27233242.0,0.0028458421763457586
2013-06-17,2293.11,2297.79,2265.4,2271.43,,23863950.0,-0.0068123882274236935
2013-06-18,2281.37,2294.08,2266.5,2287.41,,22869601.0,0.007035215701122199
2013-06-19,2278.39,2278.39,2237.99,2266.0,,25342157.0,-0.009359931101114327
2013-06-20,2253.43,2253.43,2191.29,2193.16,,28003028.0,-0.03214474845542814
2013-06-21,2158.19,2206.29,2146.0,2190.98,,32275303.0,-0.0009939995257982615
2013-06-24,2182.37,2182.37,2050.25,2052.24,,49066918.0,-0.06332326173675717
2013-06-25,2029.5,2052.75,1919.14,2049.69,,59180663.0,-0.001242544731610229
2013-06-26,2054.78,2057.08,2006.97,2036.84,,41989077.0,-0.006269240714449564
2013-06-27,2041.44,2066.61,2027.72,2039.33,,39720905.0,0.001222481883702109
2013-06-28,2029.71,2106.51,2021.67,2087.05,,44486020.0,0.02339984210500523
2013-07-01,2073.25,2090.65,2049.1,2089.59,,31574659.0,0.001217028820584165
2013-07-02,2087.77,2092.74,2059.3,2086.96,,32421750.0,-0.001258620112079445
2013-07-03,2075.27,2075.27,2034.6,2063.9,,34444253.0,-0.01104956491739173
2013-07-04,2048.43,2101.49,2037.44,2081.37,,37390040.0,0.008464557391346439
2013-07-05,2086.73,2110.5,2084.37,2090.36,,31775329.0,0.0043192704805008475
2013-07-08,2060.73,2072.15,2036.0,2041.05,,28985195.0,-0.023589238217340602
2013-07-09,2038.86,2050.62,2028.04,2038.68,,22531590.0,-0.001161167046373146
2013-07-10,2038.53,2093.68,2032.73,2093.13,,33040878.0,0.026708458414268055
2013-07-11,2101.39,2224.12,2101.39,2200.11,,74067980.0,0.051110060053603856
2013-07-12,2190.84,2202.14,2141.53,2144.22,,50336249.0,-0.025403275290781013
2013-07-15,2158.93,2201.45,2140.35,2168.21,,39372781.0,0.01118821762692268
2013-07-16,2159.84,2174.93,2139.23,2174.88,,32251530.0,0.0030762702874722603
2013-07-17,2169.1,2183.46,2144.08,2144.53,,33386738.0,-0.01395479290811441
2013-07-18,2135.92,2145.47,2100.53,2103.66,,30012424.0,-0.019057788886143068
2013-07-19,2106.28,2113.41,2051.47,2053.87,,37514933.0,-0.023668273390186623
2013-07-22,2032.06,2059.07,2021.89,2057.5,,28580883.0,0.001767395210018119
2013-07-23,2067.6,2131.59,2060.53,2116.5,,39628221.0,0.028675577156743515
2013-07-24,2102.55,2114.09,2065.1,2092.71,,36143205.0,-0.011240255138199817
2013-07-25,2100.3,2112.95,2078.88,2088.01,,31121630.0,-0.0022458916906784587
2013-07-26,2077.23,2088.79,2066.07,2077.71,,21452876.0,-0.004932926566443729
2013-07-29,2058.07,2058.07,2021.99,2029.4,,28789695.0,-0.023251560612404965
2013-07-30,2037.99,2080.98,2026.18,2051.17,,28095531.0,0.01072730856410753
2013-07-31,2074.38,2097.69,2048.9,2054.19,,25163898.0,0.0014723304260495507
2013-08-01,2067.08,2103.95,2061.75,2098.62,,31569219.0,0.0216289632409854
2013-08-02,2116.8,2127.67,2094.21,2097.38,,29674954.0,-0.0005908644728439549
2013-08-05,2100.85,2121.67,2091.77,2121.67,,25580459.0,0.01158111548694074
2013-08-06,2112.99,2139.25,2096.54,2130.02,,33201681.0,0.003935579048579552
2013-08-07,2129.11,2154.03,2116.93,2120.58,,35874474.0,-0.004431883268701697
2013-08-08,2117.47,2134.49,2105.97,2114.18,,25304034.0,-0.0030180422337285906
2013-08-09,2126.66,2136.97,2097.33,2122.1,,32938567.0,0.00374613325260853
2013-08-12,2131.42,2191.52,2129.91,2191.24,,52236701.0,0.032580933980491
2013-08-13,2191.38,2201.92,2180.47,2199.44,,41111872.0,0.0037421733812819102
2013-08-14,2202.9,2228.86,2181.98,2188.61,,37415784.0,-0.004923980649619852
2013-08-15,2188.35,2205.0,2166.42,2168.03,,31399076.0,-0.009403228533178543
2013-08-16,2162.53,2287.51,2142.9,2161.69,,74585100.0,-0.002924313777945997
2013-08-19,2143.58,2195.59,2140.98,2185.4,,39229549.0,0.010968270196004104
2013-08-20,2179.66,2209.02,2159.66,2168.5,,39903473.0,-0.007733138098288683
2013-08-21,2177.08,2178.33,2146.54,2161.39,,28771292.0,-0.0032787641226654785
2013-08-22,2155.6,2184.16,2150.68,2155.93,,27239860.0,-0.002526152152087291
2013-08-23,2167.04,2172.79,2104.79,2135.4,,34311789.0,-0.009522572625270675
2013-08-26,2143.05,2182.36,2135.6,2179.99,,35808953.0,0.020881333707970295
2013-08-27,2176.57,2188.42,2164.76,2181.96,,32788365.0,0.000903673870063848
2013-08-28,2167.64,2183.34,2147.4,2167.54,,44544296.0,-0.006608737098755313
2013-08-29,2180.02,2183.68,2151.03,2160.62,,33099402.0,-0.003192559306864018
2013-08-30,2157.88,2177.51,2146.01,2162.92,,41467960.0,0.001064509261230695
2013-09-02,2169.21,2177.24,2148.44,2166.95,,40962400.0,0.0018632219407097583
2013-09-03,2172.49,2197.87,2165.98,2197.35,,40123316.0,0.014028934677772886
2013-09-04,2193.74,2203.46,2189.93,2195.02,,35264285.0,-0.0010603681707510582
2013-09-05,2197.05,2198.28,2183.1,2187.65,,27870898.0,-0.0033576003863290405
2013-09-06,2182.33,2207.91,2181.37,2203.39,,34811107.0,0.0071949352044429205
2013-09-09,2223.6,2313.87,2223.13,2304.46,,93963673.0,0.04587022724075185
2013-09-10,2312.58,2341.13,2300.21,2340.62,,90983280.0,0.015691311630490423
2013-09-11,2350.63,2376.32,2342.33,2351.09,,91044764.0,0.004473173774470096
2013-09-12,2349.76,2410.21,2333.82,2384.17,,87588309.0,0.014070069627279302
2013-09-13,2376.06,2391.04,2351.45,2358.16,,59493823.0,-0.01090945695986456
2013-09-16,2372.97,2375.36,2329.79,2345.58,,64123516.0,-0.005334667707025731
2013-09-17,2350.93,2352.81,2294.19,2295.47,,58551131.0,-0.021363585978734556
2013-09-18,2294.0,2309.97,2273.38,2297.71,,41337922.0,0.000975835014180193
2013-09-23,2306.23,2329.35,2298.98,2328.05,,42642705.0,0.013204451388556526
2013-09-24,2323.99,2324.11,2265.03,2284.8,,51569595.0,-0.01857777968686236
2013-09-25,2281.01,2297.08,2263.91,2269.04,,41362759.0,-0.006897759103641543
2013-09-26,2262.73,2262.73,2224.42,2227.4,,44615264.0,-0.018351373267989968
2013-09-27,2225.15,2240.48,2218.73,2235.68,,32072277.0,0.0037173386010593834
2013-09-30,2245.71,2253.43,2231.89,2243.21,,29432882.0,0.0033681027696272903
2013-10-08,2238.13,2276.74,2220.38,2270.92,,44042632.0,0.01235283366247475
2013-10-09,2261.19,2283.38,2253.56,2278.93,,36020327.0,0.0035272048332832817
2013-10-10,2282.07,2282.39,2242.96,2249.52,,41272603.0,-0.012905179184968363
2013-10-11,2263.36,2288.62,2257.79,2285.3,,43881803.0,0.015905615420178654
2013-10-14,2287.12,2290.7,2273.53,2280.58,,47885881.0,-0.0020653743491009235
2013-10-15,2282.9,2284.33,2255.98,2269.95,,41779109.0,-0.004661094984609204
2013-10-16,2263.92,2264.98,2226.83,2237.18,,38030746.0,-0.014436441331306837
2013-10-17,2248.62,2255.76,2226.38,2228.96,,30140187.0,-0.0036742684987349783
2013-10-18,2232.99,2253.76,2229.0,2242.55,,29190751.0,0.006097013853994859
2013-10-21,2247.78,2276.11,2232.5,2274.23,,37314624.0,0.014126775322735208
2013-10-22,2272.61,2272.61,2243.98,2249.05,,36558670.0,-0.011071879273424345
2013-10-23,2256.9,2284.73,2234.09,2238.06,,43539796.0,-0.004886507636557735
2013-10-24,2231.8,2239.69,2213.36,2218.59,,33623607.0,-0.008699498672957717
2013-10-25,2218.71,2234.44,2186.39,2199.48,,37827494.0,-0.008613578894703489
2013-10-28,2203.91,2205.81,2182.99,2195.23,,27596509.0,-0.0019322749013402918
2013-10-29,2200.55,2250.67,2183.68,2222.03,,57067299.0,0.012208287969825538
2013-10-30,2223.39,2255.94,2214.17,2255.05,,48233125.0,0.014860285414688423
2013-10-31,2243.98,2244.52,2222.96,2226.21,,41406209.0,-0.012789073413006391
2013-11-01,2227.72,2248.7,2220.53,2239.9,,32722038.0,0.006149464785442538
2013-11-04,2251.46,2258.86,2227.28,2231.28,,26243324.0,-0.003848386088664668
2013-11-05,2217.75,2231.49,2194.95,2228.55,,31715941.0,-0.0012235129611702922
2013-11-06,2215.43,2223.1,2197.06,2197.9,,30004850.0,-0.013753337371833707
2013-11-07,2198.6,2204.95,2180.55,2194.18,,26240360.0,-0.001692524682651686
2013-11-08,2183.06,2197.25,2164.22,2166.32,,26057383.0,-0.012697226298662656
2013-11-11,2165.97,2179.42,2154.85,2171.94,,22883729.0,0.002594261235643769
2013-11-12,2176.79,2199.94,2176.65,2197.69,,25427286.0,0.011855760288037365
2013-11-13,2181.57,2181.8,2142.79,2144.0,,29766688.0,-0.024430197161565137
2013-11-14,2147.56,2151.73,2131.75,2150.17,,26839266.0,0.0028777985074626145
2013-11-15,2151.95,2216.71,2151.7,2191.6,,43648693.0,0.019268243906295668
2013-11-18,2208.15,2275.82,2199.42,2274.22,,62422240.0,0.03769848512502283
2013-11-19,2273.58,2273.8,2250.76,2255.68,,42733774.0,-0.008152245605086539
2013-11-20,2272.33,2278.15,2247.17,2263.69,,33710638.0,0.0035510356078878313
2013-11-21,2252.32,2253.16,2218.67,2248.53,,43343670.0,-0.006697030070371812
2013-11-22,2253.83,2258.53,2234.77,2239.93,,35988025.0,-0.0038247210399684484
2013-11-25,2226.94,2260.96,2222.25,2229.32,,33597681.0,-0.004736755166455997
2013-11-26,2229.44,2239.87,2223.22,2226.86,,28421110.0,-0.0011034754992553797
2013-11-27,2225.75,2261.17,2222.79,2249.24,,38790041.0,0.010050025596579859
2013-11-28,2253.31,2291.9,2250.82,2271.05,,44492003.0,0.009696608632249193
2013-11-29,2275.15,2278.55,2261.61,2267.76,,29846873.0,-0.0014486691178089428
2013-12-02,2261.31,2302.77,2247.26,2272.11,,67962563.0,0.001918192401312302
2013-12-03,2264.14,2292.04,2259.05,2285.74,,39898994.0,0.005998829282032769
2013-12-04,2282.14,2322.82,2276.8,2309.93,,54881526.0,0.01058300594118311
2013-12-05,2310.94,2314.93,2295.6,2300.76,,37294743.0,-0.003969817267189701
2013-12-06,2295.78,2301.39,2275.21,2283.16,,33840697.0,-0.007649646203863214
2013-12-09,2291.1,2299.03,2272.96,2277.97,,28454024.0,-0.0022731652621804654
2013-12-10,2282.15,2292.3,2272.33,2279.96,,29535424.0,0.0008735848145497993
2013-12-11,2267.86,2268.24,2228.6,2237.86,,33929857.0,-0.01846523623221452
2013-12-12,2231.91,2243.76,2225.09,2231.47,,24829951.0,-0.0028554065044285037
2013-12-13,2211.6,2234.88,2209.47,2226.74,,26010400.0,-0.0021196789560244955
2013-12-16,2227.58,2231.93,2193.71,2194.03,,30780520.0,-0.014689635970072668
2013-12-17,2196.81,2200.22,2181.91,2185.39,,23001865.0,-0.0039379589157853
2013-12-18,2185.43,2196.64,2180.34,2187.94,,19174956.0,0.0011668397860336022
2013-12-19,2196.68,2200.0,2162.51,2163.64,,24978087.0,-0.01110633746812073
2013-12-20,2166.43,2168.7,2106.48,2106.48,,38864967.0,-0.026418442994213365
2013-12-23,2113.87,2128.85,2096.71,2115.71,,23088348.0,0.004381717367361704
2013-12-24,2122.58,2141.49,2102.38,2117.96,,23211714.0,0.0010634727821865475
2013-12-25,2121.13,2130.0,2111.18,2128.73,,19666772.0,0.005085081871234465
2013-12-26,2123.01,2123.1,2089.97,2093.29,,25696359.0,-0.016648424177796217
2013-12-27,2097.62,2141.9,2092.15,2129.32,,28806198.0,0.0172121397417464
2013-12-30,2138.45,2141.48,2119.3,2121.75,,26956886.0,-0.003555125579997487
2013-12-31,2112.6,2159.11,2111.04,2155.23,,31696108.0,0.015779427359490894
2014-01-02,2148.12,2149.4,2132.45,2142.44,,23830538.0,-0.005934401432793668
2014-01-03,2131.52,2133.2,2101.42,2110.91,,32056325.0,-0.0147168648830307
2014-01-06,2107.63,2107.63,2054.2,2070.22,,36839741.0,-0.01927604682340789
2014-01-07,2053.28,2073.61,2049.59,2066.42,,22847758.0,-0.0018355537092674679
2014-01-08,2068.32,2088.39,2055.61,2068.62,,26966532.0,0.0010646431993495131
2014-01-09,2064.05,2083.96,2050.52,2053.81,,26166505.0,-0.007159362280167447
2014-01-10,2048.31,2055.61,2037.83,2041.78,,25560260.0,-0.005857406478690819
2014-01-13,2043.52,2056.16,2025.59,2034.85,,24127531.0,-0.003394097307251598
2014-01-14,2032.87,2051.56,2020.46,2046.15,,24891299.0,0.005553234882178071
2014-01-15,2043.32,2048.0,2024.45,2037.16,,21948282.0,-0.00439361728123544
2014-01-16,2038.29,2055.62,2028.94,2041.38,,25746040.0,0.002071511319680308
2014-01-17,2034.24,2036.48,2010.36,2015.1,,25478083.0,-0.012873644299444598
2014-01-20,2010.38,2017.23,1995.23,2003.71,,19050907.0,-0.005652324946652687
2014-01-21,2006.11,2034.52,2006.11,2021.51,,18504302.0,0.008883521068418165
2014-01-22,2024.46,2073.05,2021.17,2072.63,,35547518.0,0.02528802726674617
2014-01-23,2070.47,2075.51,2050.9,2054.73,,26296599.0,-0.008636370215619804
2014-01-24,2048.18,2077.45,2044.72,2062.18,,28681674.0,0.0036257805161747925
2014-01-27,2048.34,2048.34,2027.45,2031.88,,28950702.0,-0.014693188761407683
2014-01-28,2037.71,2048.68,2025.14,2041.07,,22404876.0,0.004522904895958302
2014-01-29,2046.73,2053.74,2040.53,2046.17,,22086342.0,0.0024986894129059856
2014-01-30,2040.9,2040.9,2017.98,2019.94,,19083183.0,-0.012819071729132991
2014-02-07,2005.75,2020.68,1994.53,2020.6,,20917773.0,0.0003267423784865109
2014-02-10,2028.77,2066.42,2027.89,2063.11,,36399140.0,0.02103830545382568
2014-02-11,2062.92,2096.96,2055.62,2086.31,,50842793.0,0.011245159007517769
2014-02-12,2085.93,2096.26,2079.37,2088.07,,37330679.0,0.0008435946719329568
2014-02-13,2085.55,2112.21,2078.96,2087.75,,51627695.0,-0.00015325156723677846
2014-02-14,2084.97,2096.89,2082.04,2094.56,,32600083.0,0.003261884804214965
2014-02-17,2107.39,2113.19,2088.12,2102.18,,41130820.0,0.003637995569475194
2014-02-18,2099.63,2099.63,2060.4,2065.1,,37719949.0,-0.017638832069565846
2014-02-19,2064.09,2107.97,2061.09,2099.92,,50140809.0,0.016861168950656147
2014-02-20,2104.17,2125.22,2079.39,2080.74,,53903020.0,-0.009133681283096662
2014-02-21,2077.71,2081.45,2048.16,2059.17,,36246724.0,-0.010366504224458506
2014-02-24,2042.53,2042.53,1992.63,2006.01,,43782688.0,-0.025816226926382968
2014-02-25,2007.64,2013.52,1957.49,1962.54,,40698808.0,-0.021669882004576313
2014-02-26,1954.14,1972.12,1948.68,1968.96,,34518469.0,0.003271270904032564
2014-02-27,1975.06,1982.13,1959.04,1969.66,,45416002.0,0.0003555176336746957
2014-02-28,1963.95,1992.23,1952.64,1990.22,,36112404.0,0.010438349765949484
2014-03-03,1984.37,1996.46,1976.4,1990.3,,41381017.0,4.019656118425807e-05
2014-03-04,1985.17,1991.69,1967.04,1986.32,,37297790.0,-0.001999698537908823
2014-03-05,1988.27,1989.66,1962.42,1966.9,,30264477.0,-0.009776873816907616
2014-03-06,1962.83,1985.58,1944.8,1978.13,,36340497.0,0.005709492094158275
2014-03-07,1973.99,1993.09,1969.21,1974.78,,33453312.0,-0.0016935186261772817
2014-03-10,1958.96,1958.96,1914.29,1916.1,,37438087.0,-0.029714702397229065
2014-03-11,1912.36,1936.0,1909.81,1925.87,,30693321.0,0.005098898804864138
2014-03-12,1920.13,1946.32,1913.06,1932.61,,38680858.0,0.003499717011013148
2014-03-13,1939.84,1971.12,1935.45,1957.82,,41255980.0,0.01304453562798491
2014-03-14,1947.76,1957.16,1927.98,1940.12,,30728497.0,-0.009040667681400771
2014-03-17,1950.14,1953.67,1935.67,1953.07,,26458584.0,0.006674844854957396
2014-03-18,1956.67,1958.67,1940.26,1943.04,,28026923.0,-0.005135504615809916
2014-03-19,1935.84,1935.84,1910.2,1926.34,,26890917.0,-0.008594779314888057
2014-03-20,1921.53,1940.01,1902.83,1903.48,,32723342.0,-0.011867063965862679
2014-03-21,1897.83,1981.99,1897.19,1976.93,,62361654.0,0.038587219198520595
2014-03-24,1980.71,2002.8,1970.43,1992.03,,58134934.0,0.007638105547490337
2014-03-25,1986.23,2001.63,1975.55,1982.71,,39637148.0,-0.0046786443979257575
2014-03-26,1989.21,1994.59,1973.1,1978.41,,27930348.0,-0.0021687488336670224
2014-03-27,1975.46,2000.37,1956.82,1971.72,,37050967.0,-0.0033815033284304574
2014-03-28,1971.46,1995.68,1970.95,1980.38,,37928004.0,0.004392104355588122
2014-03-31,1985.2,1994.62,1966.89,1977.91,,30379850.0,-0.0012472353790686785
2014-04-01,1975.59,1999.6,1972.9,1991.2,,26291708.0,0.006719213715487449
2014-04-02,1994.21,2014.05,1991.45,2012.06,,35819306.0,0.01047609481719558
2014-04-03,2020.9,2028.31,1991.3,1993.92,,38942377.0,-0.009015635716628667
2014-04-04,1986.81,2011.53,1983.52,2010.75,,24040168.0,0.008440659605199796
2014-04-08,2006.54,2075.19,2005.89,2065.74,,58333131.0,0.027348004475941767
2014-04-09,2065.97,2073.14,2054.26,2061.83,,34893295.0,-0.0018927841838759507
2014-04-10,2064.45,2125.47,2050.28,2105.04,,70060280.0,0.02095711091603092
2014-04-11,2101.76,2114.83,2092.93,2102.4,,55050199.0,-0.0012541329380914013
2014-04-14,2098.22,2106.1,2080.93,2092.48,,31491226.0,-0.004718417047184231
2014-04-15,2083.44,2083.47,2045.88,2049.02,,34431426.0,-0.0207696130906867
2014-04-16,2043.58,2064.45,2041.16,2051.92,,24995369.0,0.0014153107339118787
2014-04-17,2058.61,2060.62,2039.53,2042.78,,23322018.0,-0.004454364692580648
2014-04-18,2033.91,2045.97,2019.47,2041.29,,26437135.0,-0.0007293981730778221
2014-04-21,2026.65,2047.31,2005.6,2006.05,,26640369.0,-0.01726359312003689
2014-04-22,2003.91,2022.5,1993.79,2021.69,,28214650.0,0.007796415842077797
2014-04-23,2016.79,2032.09,2014.53,2022.22,,25993291.0,0.000262156908329203
2014-04-24,2020.78,2037.36,2015.89,2021.22,,22921238.0,-0.0004945060379186739
2014-04-25,2025.5,2034.2,2002.68,2002.83,,30878467.0,-0.009098465283343793
2014-04-28,2001.9,2007.93,1977.13,1979.99,,31364540.0,-0.011403863533100633
2014-04-29,1980.82,2003.75,1977.35,2000.93,,26622232.0,0.010575810988944445
2014-04-30,2002.94,2006.13,1995.81,2000.62,,24840152.0,-0.00015492795849936236
2014-05-05,1995.42,2001.28,1973.45,1993.8,,27552412.0,-0.003408943227599437
2014-05-06,1989.18,2009.87,1988.08,1993.74,,23998597.0,-3.0093289196453377e-05
2014-05-07,1989.27,1991.6,1977.2,1977.94,,22873743.0,-0.007924804638518523
2014-05-08,1973.43,2006.77,1970.47,1977.3,,24212754.0,-0.00032356896569163407
2014-05-09,1980.61,1984.73,1967.92,1978.21,,23950087.0,0.00046022353714669784
2014-05-12,1992.33,2022.89,1983.57,2017.73,,44524296.0,0.019977656568311852
2014-05-13,2017.77,2022.4,2007.36,2013.5,,33583012.0,-0.002096415278555641
2014-05-14,2014.51,2023.22,2007.99,2010.87,,25994568.0,-0.001306183262974936
2014-05-15,2008.05,2011.85,1989.17,1991.4,,24061202.0,-0.009682376284891547
2014-05-16,1991.95,1999.46,1983.36,1994.18,,21953608.0,0.0013960028120920676
2014-05-19,1986.77,1986.77,1953.82,1961.28,,23501274.0,-0.016498009206791786
2014-05-20,1969.09,1973.59,1955.94,1960.8,,19147366.0,-0.00024473813020065016
2014-05-21,1952.22,1978.24,1943.34,1976.99,,19294754.0,0.00825683394532839
2014-05-22,1975.09,2001.39,1972.16,1974.57,,23992046.0,-0.0012240830757869192
2014-05-23,1975.33,1990.6,1973.02,1990.17,,19257904.0,0.00790045427612096
2014-05-26,2002.61,2005.23,1986.48,1994.02,,18861912.0,0.0019345081073476322
2014-05-27,1992.27,1999.24,1985.89,1987.56,,18245837.0,-0.0032396866631227983
2014-05-28,1987.68,2008.81,1982.43,2007.54,,24883048.0,0.010052526716174626
2014-05-29,2010.05,2017.06,1998.15,1998.68,,23590133.0,-0.004413361626667389
2014-05-30,1999.73,2007.35,1989.67,1997.9,,22383860.0,-0.00039025756999622185
2014-06-03,1999.0,2010.14,1992.45,1993.13,,21738648.0,-0.0023875068822263312
2014-06-04,1993.53,1993.68,1965.38,1974.45,,21696487.0,-0.009372193484619706
2014-06-05,1972.97,1996.95,1969.93,1996.31,,19083573.0,0.011071437615538526
2014-06-06,1994.61,1994.61,1970.03,1979.99,,18618649.0,-0.008175083028186925
2014-06-09,1973.08,2000.31,1971.87,1982.53,,22397246.0,0.0012828347617916958
2014-06-10,1986.93,2007.93,1981.75,2007.93,,28428105.0,0.012811912051772234
2014-06-11,2002.4,2007.8,1995.96,2003.53,,21217963.0,-0.0021913114501004305
2014-06-12,2000.24,2003.79,1993.08,1996.99,,22801339.0,-0.0032642386188377337
2014-06-13,1995.76,2029.32,1995.35,2021.22,,33584569.0,0.012133260557138481
2014-06-16,2021.04,2040.81,2018.06,2036.85,,35500961.0,0.0077329533647994
2014-06-17,2029.94,2029.94,2012.13,2013.88,,24797864.0,-0.011277217271767559
2014-06-18,2012.78,2015.97,2001.31,2003.12,,23480757.0,-0.005342920134268292
2014-06-19,2004.94,2010.03,1971.82,1977.99,,24509025.0,-0.01254542913055623
2014-06-20,1976.28,1984.95,1971.34,1984.52,,21134436.0,0.0033013311492979813
2014-06-23,1984.17,1992.31,1975.69,1976.25,,19439679.0,-0.004167254550218713
2014-06-24,1973.82,1985.39,1971.76,1984.47,,18664254.0,0.004159392789373717
2014-06-25,1981.5,1981.5,1967.06,1973.27,,17805962.0,-0.005643824295655797
2014-06-26,1974.94,1988.12,1974.74,1985.26,,20739772.0,0.006076208526962779
2014-06-27,1981.97,1990.48,1973.41,1982.08,,24796498.0,-0.0016018053050985692
2014-06-30,1983.55,1998.32,1983.55,1993.47,,25322116.0,0.005746488537294203
2014-07-01,1997.8,1999.13,1981.83,1987.47,,24016960.0,-0.003009827085433958
2014-07-02,1987.44,1993.37,1980.14,1992.4,,26179339.0,0.0024805405867762698
2014-07-03,1989.37,2003.36,1985.84,1999.23,,28003921.0,0.00342802650070273
2014-07-04,2000.0,2004.29,1997.17,2001.32,,24255283.0,0.0010454024799546602
2014-07-07,2002.02,2009.75,1996.98,2002.21,,24159443.0,0.0004447064937143086
2014-07-08,2001.0,2005.59,1990.84,2004.45,,22327696.0,0.0011187637660385885
2014-07-09,2003.03,2003.03,1975.97,1976.58,,29747698.0,-0.013904063458804239
2014-07-10,1974.85,1978.94,1966.94,1970.09,,26528555.0,-0.0032834491900151086
2014-07-11,1961.77,1978.69,1959.66,1971.4,,28804378.0,0.0006649442411261752
2014-07-14,1972.07,1991.7,1968.77,1991.58,,30897223.0,0.010236380237394593
2014-07-15,1990.12,1998.18,1988.12,1997.48,,35380947.0,0.002962472007150163
2014-07-16,1994.22,2004.82,1992.36,1995.08,,41716742.0,-0.0012015139075235437
2014-07-17,1990.44,1990.58,1974.5,1982.3,,26883342.0,-0.006405758165086151
2014-07-18,1972.5,2002.86,1970.8,1991.42,,33095753.0,0.004600716339605571
2014-07-21,1991.25,1999.35,1989.22,1995.26,,27150290.0,0.0019282722881159842
2014-07-22,1990.69,2023.97,1990.39,2018.24,,38887442.0,0.011517295991499754
2014-07-23,2016.62,2039.0,2016.37,2032.15,,45091418.0,0.006892143649912752
2014-07-24,2034.98,2081.21,2034.98,2077.45,,66973360.0,0.022291661540732477
2014-07-25,2082.9,2097.15,2076.68,2096.58,,48015787.0,0.00920840453440519
2014-07-28,2108.85,2172.44,2108.85,2163.48,,99705360.0,0.03190910912056788
2014-07-29,2165.48,2178.65,2153.74,2167.47,,68932520.0,0.0018442509290585996
2014-07-30,2162.21,2178.0,2151.26,2155.2,,65693041.0,-0.005660978006616024
2014-07-31,2155.07,2183.31,2148.19,2182.76,,57118266.0,0.012787676317743246
2014-08-01,2174.32,2204.93,2163.18,2163.66,,68789503.0,-0.00875038941523587
2014-08-04,2171.17,2211.22,2166.54,2211.15,,66299385.0,0.021948919885749207
2014-08-05,2211.2,2215.27,2184.75,2198.78,,53647339.0,-0.005594373968296984
2014-08-06,2186.98,2194.4,2159.68,2184.71,,55973170.0,-0.006399003083528254
2014-08-07,2185.25,2191.25,2149.11,2150.51,,57834952.0,-0.015654251594032997
2014-08-08,2152.01,2160.14,2140.47,2153.02,,46327655.0,0.0011671649980700138
2014-08-11,2159.15,2186.98,2158.94,2184.38,,43611649.0,0.014565586942991704
2014-08-12,2179.8,2179.8,2160.86,2169.53,,40345113.0,-0.006798267700674709
2014-08-13,2170.03,2183.87,2152.53,2171.93,,46985213.0,0.0011062303816953278
2014-08-14,2171.24,2176.15,2150.58,2152.47,,43100381.0,-0.00895977310502638
2014-08-15,2153.64,2177.29,2147.68,2171.59,,40881590.0,0.008882818343577625
2014-08-18,2175.32,2188.05,2168.08,2176.89,,41730996.0,0.0024406080337446845
2014-08-19,2178.91,2179.89,2157.91,2172.5,,44106046.0,-0.002016638415353933
2014-08-20,2167.86,2169.79,2158.37,2162.54,,39877022.0,-0.004584579976985026
2014-08-21,2161.84,2162.7,2130.41,2148.12,,43124357.0,-0.006668084752189607
2014-08-22,2145.28,2160.6,2143.49,2157.79,,37322662.0,0.004501610710761161
2014-08-25,2158.5,2159.17,2130.97,2133.87,,41807235.0,-0.01108541609702518
2014-08-26,2131.06,2142.38,2117.09,2123.02,,38108735.0,-0.005084658390623553
2014-08-27,2122.95,2131.91,2120.24,2123.91,,26699326.0,0.00041921413835011023
2014-08-28,2124.03,2131.97,2107.81,2107.83,,32120549.0,-0.007570942271565184
2014-08-29,2115.4,2134.91,2111.46,2134.18,,32615839.0,0.012501008145818115
2014-09-01,2136.06,2145.48,2131.58,2144.29,,34828823.0,0.004737182430722964
2014-09-02,2148.45,2174.11,2137.64,2172.72,,52784596.0,0.013258467837839127
2014-09-03,2174.32,2199.9,2174.22,2194.72,,58626392.0,0.010125556905629773
2014-09-04,2199.31,2213.12,2190.91,2211.25,,49883597.0,0.007531712473572982
2014-09-05,2218.51,2237.03,2215.53,2235.59,,65976563.0,0.01100734878462406
2014-09-09,2236.97,2239.84,2219.22,2223.59,,50118534.0,-0.005367710537263148
2014-09-10,2213.53,2213.53,2198.6,2205.27,,48874772.0,-0.008238928939237944
2014-09-11,2202.35,2229.45,2189.9,2194.12,,57337743.0,-0.005056070231763021
2014-09-12,2189.65,2206.59,2183.75,2206.59,,51405691.0,0.005683371921317182
2014-09-15,2199.53,2200.6,2184.38,2198.39,,56289540.0,-0.0037161411952379986
2014-09-16,2201.53,2207.45,2164.58,2166.77,,90661416.0,-0.014383253198931856
2014-09-17,2174.82,2181.09,2160.87,2176.68,,64628120.0,0.004573628026971033
2014-09-18,2171.68,2189.11,2164.63,2181.68,,58839009.0,0.0022970762813090406
2014-09-19,2181.55,2199.58,2175.32,2195.14,,50288010.0,0.0061695574053024504
2014-09-22,2187.72,2187.72,2144.5,2148.52,,50474748.0,-0.021237825377880215
2014-09-23,2149.94,2168.58,2149.94,2165.55,,39334411.0,0.007926386535848096
2014-09-24,2157.56,2207.54,2154.02,2204.93,,75293616.0,0.018184756759252574
2014-09-25,2215.34,2220.95,2190.85,2197.37,,69247015.0,-0.003428680275564311
2014-09-26,2191.2,2195.99,2179.93,2193.98,,46173108.0,-0.0015427533824525774
2014-09-29,2199.65,2208.13,2189.63,2200.08,,62325367.0,0.0027803352810873427
2014-09-30,2203.14,2205.45,2193.15,2199.08,,51896174.0,-0.00045452892622088736
2014-10-08,2207.56,2222.89,2193.86,2222.89,,61726749.0,0.010827255033923233
2014-10-09,2224.62,2232.04,2212.34,2229.03,,69862446.0,0.002762169967924777
2014-10-10,2219.36,2227.12,2207.48,2214.32,,70076382.0,-0.006599283096234698
2014-10-13,2204.59,2206.15,2178.55,2198.08,,64367597.0,-0.007334079988439046
2014-10-14,2194.03,2209.64,2181.37,2189.54,,59058888.0,-0.0038852089095937625
2014-10-15,2188.37,2207.6,2176.54,2205.35,,64011370.0,0.00722069475780307
2014-10-16,2191.9,2226.06,2187.08,2196.8,,89943061.0,-0.0038769356337995386
2014-10-17,2196.57,2206.54,2171.18,2196.64,,71844823.0,-7.283321194473391e-05
2014-10-20,2203.4,2205.69,2192.77,2202.25,,47328373.0,0.0025539005025858597
2014-10-21,2201.14,2206.41,2184.19,2185.35,,51140891.0,-0.007673969803610015
2014-10-22,2187.22,2200.85,2178.88,2179.99,,47361463.0,-0.0024526963644267985
2014-10-23,2177.7,2188.67,2161.5,2164.37,,55417907.0,-0.0071651704824333695
2014-10-24,2165.83,2170.98,2152.55,2156.29,,41810460.0,-0.003733187948456118
2014-10-27,2143.06,2143.06,2120.08,2125.88,,41216337.0,-0.014102926786285663
2014-10-28,2129.69,2167.1,2129.69,2166.78,,54149780.0,0.01923909157619441
2014-10-29,2173.79,2207.51,2166.18,2198.8,,82479714.0,0.014777688551675716
2014-10-30,2197.36,2221.8,2190.41,2216.31,,103743578.0,0.007963434600691155
2014-10-31,2221.74,2269.21,2219.94,2263.76,,145143166.0,0.02140945986797882
2014-11-03,2270.45,2274.31,2251.82,2259.99,,108499127.0,-0.0016653708873733963
2014-11-04,2258.28,2264.8,2246.14,2258.74,,120076873.0,-0.0005530997924769743
2014-11-05,2261.56,2264.32,2244.51,2247.93,,99973278.0,-0.004785854060228245
2014-11-06,2250.17,2254.78,2229.01,2245.67,,77002647.0,-0.0010053693842778655
2014-11-07,2248.01,2283.21,2236.15,2248.07,,115221826.0,0.0010687233654098627
2014-11-10,2282.03,2312.05,2265.61,2312.05,,137797416.0,0.02845996788356242
2014-11-11,2325.88,2364.36,2302.23,2324.97,,201721211.0,0.005588114443891623
2014-11-12,2310.47,2352.41,2303.49,2352.29,,108054949.0,0.011750689256205593
2014-11-13,2354.71,2370.2,2331.83,2341.85,,124796807.0,-0.004438228279676437
2014-11-14,2332.01,2348.21,2321.03,2347.16,,93897775.0,0.0022674381365159757
2014-11-17,2384.16,2384.16,2320.26,2321.41,,88504455.0,-0.010970705022239624
2014-11-18,2320.54,2321.99,2281.14,2285.48,,82487678.0,-0.015477662282836646
2014-11-19,2281.2,2288.48,2271.65,2275.81,,60341578.0,-0.004231058683515143
2014-11-20,2268.41,2286.61,2261.97,2278.31,,54083143.0,0.001098509981061646
2014-11-21,2278.6,2326.21,2270.4,2323.97,,79941388.0,0.020041170867880043
2014-11-24,2347.89,2403.23,2339.38,2384.33,,163798700.0,0.02597279655073015
2014-11-25,2383.83,2416.75,2377.07,2415.32,,127681762.0,0.012997361942348684
2014-11-26,2424.82,2461.46,2424.82,2461.01,,143640304.0,0.018916748091350133
2014-11-27,2476.84,2497.36,2461.16,2497.36,,158941869.0,0.014770358511342785
2014-11-28,2496.26,2571.72,2484.84,2570.58,,240087792.0,0.029318960822628526
2014-12-01,2593.78,2634.05,2576.65,2584.5,,232829335.0,0.005415120323039924
2014-12-02,2571.39,2726.29,2568.84,2702.26,,235204052.0,0.04556393886631849
2014-12-03,2715.97,2815.93,2684.0,2734.48,,295174875.0,0.011923353045228735
2014-12-04,2744.01,2882.69,2731.2,2882.08,,266673035.0,0.05397735584096419
2014-12-05,2930.1,2996.99,2814.15,2922.28,,340867569.0,0.013948259590295997
2014-12-08,2904.37,3079.42,2871.44,3059.99,,320863025.0,0.04712416332452718
2014-12-09,3040.82,3196.15,2875.49,2913.36,,416254987.0,-0.047918457249860213
2014-12-10,2932.25,3027.09,2842.04,3016.2,,281011602.0,0.03529944805997198
2014-12-11,2969.26,3043.53,2942.72,2957.76,,217918919.0,-0.019375372985876105
2014-12-12,2951.85,3018.54,2934.51,2957.72,,174031054.0,-1.3523747701138511e-05
2014-12-15,2937.79,2982.87,2895.18,2972.92,,180693977.0,0.005139093626171709
2014-12-16,2976.21,3076.75,2961.42,3076.75,,235460535.0,0.03492525866824536
2014-12-17,3105.87,3174.97,3076.2,3167.47,,312732909.0,0.029485658568294326
2014-12-18,3175.68,3210.8,3124.79,3157.54,,249074207.0,-0.0031349941751618315
2014-12-19,3160.81,3226.43,3103.18,3206.92,,279142482.0,0.01563875675367532
2014-12-22,3224.88,3322.57,3202.43,3254.84,,393525008.0,0.014942686440572395
2014-12-23,3210.64,3305.88,3161.6,3191.66,,270001196.0,-0.0194110924039278
2014-12-24,3195.22,3202.7,3025.68,3068.6,,221718128.0,-0.03855673849971486
2014-12-25,3096.53,3184.09,3061.59,3183.71,,222284678.0,0.037512220556605635
2014-12-26,3192.35,3312.81,3181.07,3304.46,,277046863.0,0.03792744942221504
2014-12-29,3374.6,3406.23,3274.7,3329.57,,309345862.0,0.007598820987392729
2014-12-30,3324.52,3392.84,3302.2,3360.93,,236636054.0,0.009418633637376495
2014-12-31,3367.57,3451.49,3349.76,3440.6,,253120570.0,0.023704748388095
2015-01-05,3480.65,3583.09,3463.38,3551.91,,313499799.0,0.03235191536359938
2015-01-06,3511.77,3603.77,3482.88,3534.74,,287790467.0,-0.004834018879982915
2015-01-07,3509.94,3571.59,3492.5,3538.26,,215701957.0,0.0009958299620340672
2015-01-08,3549.29,3559.38,3432.43,3439.1,,204236885.0,-0.02802507447163305
2015-01-09,3430.58,3597.93,3414.25,3441.21,,256447181.0,0.0006135326102760796
2015-01-12,3427.34,3462.29,3348.18,3406.26,,188348812.0,-0.010156311297479625
2015-01-13,3396.62,3437.13,3373.77,3393.35,,124947082.0,-0.0037900806162771694
2015-01-14,3406.16,3436.31,3355.25,3388.05,,139494092.0,-0.0015618783797721747
2015-01-15,3388.86,3507.66,3362.73,3507.54,,174516693.0,0.035268074556160656
2015-01-16,3520.88,3564.23,3497.58,3528.5,,205311429.0,0.005975698067591573
2015-01-19,3282.8,3364.51,3202.79,3221.5,,226386503.0,-0.08700580983420714
2015-01-20,3195.21,3272.89,3170.73,3236.22,,207115894.0,0.004569300015520694
2015-01-21,3261.56,3412.51,3243.84,3400.48,,237008748.0,0.050756747069111485
2015-01-22,3402.15,3418.57,3359.34,3405.99,,181541340.0,0.0016203594786616815
2015-01-23,3420.81,3481.03,3399.33,3423.61,,191794274.0,0.0051732389114473865
2015-01-26,3432.08,3445.87,3398.99,3441.57,,161892944.0,0.00524592462342377
2015-01-27,3447.11,3450.31,3332.35,3395.86,,197954733.0,-0.013281728978344232
2015-01-28,3364.49,3404.88,3333.03,3345.45,,140025515.0,-0.014844546006019144
2015-01-29,3292.19,3321.53,3268.02,3298.04,,140107792.0,-0.01417148664604162
2015-01-30,3312.95,3331.25,3243.93,3251.42,,125991560.0,-0.014135668457629369
2015-02-02,3169.75,3216.31,3152.96,3157.28,,131993635.0,-0.02895350339236391
2015-02-03,3194.5,3252.28,3160.33,3245.5,,131807738.0,0.0279417726650788
2015-02-04,3255.82,3290.93,3209.55,3211.56,,126823016.0,-0.010457556616854102
2015-02-05,3310.24,3311.23,3175.32,3175.34,,171840941.0,-0.01127800819539404
2015-02-06,3159.35,3186.01,3103.45,3131.18,,128982375.0,-0.013907172145345204
2015-02-09,3124.29,3205.7,3113.83,3174.54,,116983560.0,0.0138478145619223
2015-02-10,3172.34,3232.06,3163.59,3228.36,,106861412.0,0.016953637377383757
2015-02-11,3238.26,3255.52,3224.48,3243.84,,86388393.0,0.004795004274616321
2015-02-12,3243.99,3259.41,3208.34,3248.3,,96471562.0,0.0013749136825491615
2015-02-13,3262.42,3311.47,3248.59,3266.73,,129964366.0,0.00567373703167795
2015-02-16,3266.39,3280.91,3250.05,3273.48,,96852795.0,0.0020662864699561023
2015-02-17,3283.15,3314.29,3283.15,3296.2,,92607476.0,0.006940625878270268
2015-02-25,3302.47,3302.47,3234.34,3249.52,,98611673.0,-0.0141617620290031
2015-02-26,3242.6,3342.06,3219.18,3337.78,,154610819.0,0.02716093453802415
2015-02-27,3336.19,3359.95,3323.6,3334.11,,144365959.0,-0.0010995332226809706
2015-03-02,3360.55,3363.58,3318.2,3344.73,,149370886.0,0.0031852578349245153
2015-03-03,3319.76,3319.76,3239.27,3241.41,,159416132.0,-0.030890385771048856
2015-03-04,3248.1,3267.3,3221.43,3247.87,,114997899.0,0.0019929598538908078
2015-03-05,3223.09,3226.94,3175.3,3205.97,,131332519.0,-0.012900762653677678
2015-03-06,3210.94,3232.87,3197.16,3203.01,,104161555.0,-0.0009232775103945601
2015-03-09,3176.54,3284.44,3138.98,3271.34,,162197617.0,0.021333058591762155
2015-03-10,3251.54,3266.27,3227.54,3233.46,,117840086.0,-0.011579352803438359
2015-03-11,3239.04,3290.24,3234.87,3245.74,,111007416.0,0.003797789364952564
2015-03-12,3286.1,3352.94,3260.37,3331.3,,186027529.0,0.02636070664933121
2015-03-13,3343.23,3388.33,3326.24,3348.51,,163492520.0,0.005166151352324899
2015-03-16,3369.61,3421.62,3341.41,3421.42,,166708968.0,0.02177386359903366
2015-03-17,3452.45,3475.4,3436.34,3470.88,,236968118.0,0.014455986111029828
2015-03-18,3483.47,3558.01,3479.14,3558.01,,261500441.0,0.025103143871294975
2015-03-19,3561.54,3569.07,3520.84,3544.45,,245198090.0,-0.003811119136820973
2015-03-20,3556.99,3627.97,3529.72,3596.39,,262420177.0,0.014653895526809624
2015-03-23,3624.83,3665.05,3619.18,3659.88,,246522341.0,0.017653813963446785
2015-03-24,3663.44,3668.82,3574.87,3635.32,,292737174.0,-0.006710602533416377
2015-03-25,3621.8,3634.72,3564.59,3591.22,,242923416.0,-0.012130981591716883
2015-03-26,3573.94,3660.01,3551.7,3626.38,,226369558.0,0.009790544717394267
2015-03-27,3634.69,3666.73,3604.3,3636.21,,202486096.0,0.0027106922054500604
2015-03-30,3668.85,3778.83,3662.38,3766.87,,303638370.0,0.035933018170017705
2015-03-31,3828.38,3857.87,3712.73,3725.18,,304468809.0,-0.011067544141422414
2015-04-01,3730.39,3797.23,3720.35,3782.17,,212939556.0,0.015298589598355061
2015-04-02,3807.74,3812.83,3717.7,3765.51,,212822872.0,-0.00440487868075734
2015-04-03,3746.58,3799.16,3736.8,3799.09,,192463409.0,0.008917782717347666
2015-04-07,3842.99,3891.81,3829.18,3891.6,,270647188.0,0.024350568162375685
2015-04-08,3911.26,3972.41,3870.37,3964.86,,307183433.0,0.01882516188714156
2015-04-09,3987.82,4027.24,3904.14,3934.73,,294388576.0,-0.007599259494660671
2015-04-10,3922.88,4007.42,3903.79,4000.76,,228213457.0,0.016781329341530427
2015-04-13,4057.99,4087.38,4031.64,4076.7,,303645022.0,0.018981393535228097
2015-04-14,4089.52,4132.09,4049.74,4098.42,,298341850.0,0.005327838693060638
2015-04-15,4101.79,4177.82,4078.76,4087.19,,342095416.0,-0.0027400803236369287
2015-04-16,4070.79,4240.13,4052.27,4240.13,,293026978.0,0.03741935168171784
2015-04-17,4317.8,4365.8,4291.37,4327.75,,380946365.0,0.020664460759457715
2015-04-20,4364.47,4416.47,4224.38,4256.23,,481885783.0,-0.01652590838195378
2015-04-21,4252.94,4327.4,4210.32,4323.75,,327511599.0,0.015863804352678423
2015-04-22,4332.12,4432.62,4314.45,4431.24,,342874612.0,0.02486036426712923
2015-04-23,4450.48,4455.3,4372.9,4410.64,,329534766.0,-0.004648811619320847
2015-04-24,4348.72,4382.31,4271.61,4352.19,,316026238.0,-0.013252045054686135
2015-04-27,4400.76,4483.36,4398.16,4479.48,,350030964.0,0.029247344440385126
2015-04-28,4484.25,4560.99,4422.14,4460.4,,440676778.0,-0.004259422968737381
2015-04-29,4443.15,4488.18,4395.8,4459.23,,268976991.0,-0.00026230831315576797
2015-04-30,4466.15,4494.59,4427.23,4428.06,,265303412.0,-0.006989996030704715
2015-05-04,4431.75,4468.31,4378.63,4461.41,,252318277.0,0.007531514929788541
2015-05-05,4459.52,4463.49,4261.41,4284.53,,316953296.0,-0.03964665879172735
2015-05-06,4313.22,4389.68,4211.21,4251.3,,259129104.0,-0.007755809855456652
2015-05-07,4218.51,4242.65,4172.54,4174.65,,201492250.0,-0.018029779126385037
2015-05-08,4215.58,4236.01,4124.65,4226.72,,197392869.0,0.012472901919921675
2015-05-11,4235.94,4323.58,4188.62,4322.85,,243362778.0,0.02274340386872087
2015-05-12,4317.75,4354.91,4284.76,4351.03,,237332200.0,0.006518847519576099
2015-05-13,4355.75,4355.83,4270.08,4305.65,,232343061.0,-0.010429714343500263
2015-05-14,4299.35,4310.61,4256.77,4283.98,,205934276.0,-0.0050329218584882485
2015-05-15,4274.43,4274.43,4176.47,4198.27,,205635386.0,-0.020007096204930686
2015-05-18,4160.31,4176.11,4116.99,4120.37,,161966815.0,-0.01855526204841529
2015-05-19,4121.03,4285.11,4121.03,4271.52,,191983351.0,0.0366835988030203
2015-05-20,4288.38,4357.52,4262.05,4279.92,,220387771.0,0.001966513091358424
2015-05-21,4292.18,4340.21,4264.13,4339.06,,179260314.0,0.013818015290005592
2015-05-22,4385.15,4463.28,4366.48,4462.63,,288051194.0,0.028478518388775464
2015-05-25,4476.94,4606.24,4476.94,4605.76,,293725480.0,0.032073015239892255
2015-05-26,4646.36,4666.3,4561.53,4664.01,,304029984.0,0.012647206975613168
2015-05-27,4673.75,4685.02,4586.92,4617.62,,287396710.0,-0.009946376615830643
2015-05-28,4611.62,4644.1,4320.4,4323.2,,368678263.0,-0.06376011884910415
2015-05-29,4327.7,4381.14,4187.35,4311.77,,283698803.0,-0.0026438749074757517
2015-06-01,4323.33,4507.94,4289.08,4502.6,,279441662.0,0.0442579265591625
2015-06-02,4507.21,4543.03,4452.48,4531.24,,259153268.0,0.006360769333273897
2015-06-03,4533.5,4545.59,4447.72,4508.83,,259618678.0,-0.0049456660869872104
2015-06-04,4517.83,4576.5,4297.28,4556.8,,319304032.0,0.010639123675099782
2015-06-05,4624.72,4649.28,4486.6,4600.87,,343972444.0,0.009671260533707704
2015-06-08,4637.98,4789.05,4598.29,4773.52,,444420181.0,0.03752551147935068
2015-06-09,4807.69,4807.69,4664.56,4718.67,,398508926.0,-0.01149047243962531
2015-06-10,4649.95,4728.92,4612.44,4669.43,,278075536.0,-0.010435143801113433
2015-06-11,4664.94,4685.45,4597.29,4638.36,,243385644.0,-0.0066539170733902475
2015-06-12,4654.87,4672.2,4607.14,4649.8,,264153190.0,0.0024663889823128837
2015-06-15,4663.77,4671.55,4532.48,4544.54,,278291821.0,-0.02263753279710956
2015-06-16,4502.24,4553.67,4379.45,4421.98,,245557947.0,-0.026968626087568892
2015-06-17,4439.23,4492.38,4355.02,4476.3,,249793144.0,0.012284089932564246
2015-06-18,4441.61,4441.61,4282.07,4284.26,,211872195.0,-0.04290150347385113
2015-06-19,4223.99,4278.31,4046.18,4049.25,,224373789.0,-0.05485428055253416
2015-06-23,4056.04,4204.11,3930.21,4200.96,,223585397.0,0.03746619744397117
2015-06-24,4215.85,4285.5,4162.71,4278.79,,261076642.0,0.018526717702620266
2015-06-25,4309.98,4325.76,4119.38,4146.59,,268097193.0,-0.030896585249568176
2015-06-26,4044.99,4140.01,3773.8,3850.01,,281626182.0,-0.07152383042451749
2015-06-29,3952.0,3975.67,3568.9,3775.09,,324464173.0,-0.01945968971509171
2015-06-30,3768.54,4038.65,3675.77,4036.63,,330900552.0,0.0692804674855434
2015-07-01,3976.13,4053.82,3827.17,3845.94,,261265559.0,-0.04723990061016248
2015-07-02,3883.22,3915.91,3642.44,3768.26,,297028943.0,-0.02019792300451906
2015-07-03,3699.1,3794.57,3476.63,3562.39,,269601960.0,-0.05463264212129748
2015-07-06,3870.08,3870.08,3597.19,3748.6,,453982960.0,0.052271087668671834
2015-07-07,3652.19,3796.54,3539.38,3782.07,,482377705.0,0.008928666702235466
2015-07-08,3493.4,3652.6,3438.28,3503.62,,459658042.0,-0.07362370342167124
2015-07-09,3467.71,3789.64,3365.49,3741.96,,358092964.0,0.0680267837265458
2015-07-10,3727.96,4033.07,3688.84,3928.12,,384475396.0,0.0497493292285327
2015-07-13,3892.87,4036.79,3829.35,3944.54,,333259271.0,0.004180116697045877
2015-07-14,3882.46,3925.74,3747.13,3800.81,,279611539.0,-0.03643770883296915
2015-07-15,3746.14,3809.52,3637.91,3732.15,,262495799.0,-0.018064570446825745
2015-07-16,3729.28,3789.1,3664.16,3732.14,,193653579.0,-2.6794207093061573e-06
2015-07-17,3755.61,3876.13,3722.59,3839.97,,193269154.0,0.028892270922312724
2015-07-20,3834.89,3870.1,3789.91,3825.49,,202831419.0,-0.003770862793198937
2015-07-21,3784.21,3846.95,3761.01,3809.97,,180629336.0,-0.004056996620040776
2015-07-22,3791.3,3811.4,3741.6,3778.98,,170984591.0,-0.00813392231434884
2015-07-23,3779.35,3861.98,3773.83,3853.87,,190927816.0,0.01981751689609368
2015-07-24,3858.16,3887.54,3779.01,3791.1,,216869454.0,-0.016287523969412576
2015-07-27,3728.3,3753.73,3451.86,3454.07,,214625014.0,-0.08890031916857899
2015-07-28,3355.72,3513.18,3318.08,3459.91,,219854041.0,0.0016907590176225007
2015-07-29,3474.95,3539.65,3421.4,3535.1,,150302401.0,0.021731779150324648
2015-07-30,3524.01,3556.65,3429.79,3440.12,,143786714.0,-0.026867698226358483
2015-07-31,3413.46,3478.87,3392.14,3444.31,,121865628.0,0.0012179807681127475
2015-08-03,3404.71,3481.69,3392.87,3481.69,,137171038.0,0.010852681669187847
2015-08-04,3477.0,3558.82,3452.87,3558.46,,109350059.0,0.022049636814305718
2015-08-05,3550.11,3561.76,3485.93,3488.28,,99495388.0,-0.01972201457934042
2015-08-06,3437.48,3508.4,3430.86,3458.47,,73490117.0,-0.008545758941369552
2015-08-07,3487.98,3530.62,3475.78,3509.34,,89639751.0,0.014708816326294727
2015-08-10,3543.27,3673.44,3529.9,3661.57,,169286782.0,0.04337852701647593
2015-08-11,3658.74,3676.22,3618.83,3638.31,,170112818.0,-0.0063524662917819885
2015-08-12,3602.57,3643.96,3592.46,3593.32,,127535946.0,-0.012365631295848889
2015-08-13,3595.51,3629.87,3547.41,3628.07,,120671064.0,0.009670722340342719
2015-08-14,3644.76,3654.31,3613.26,3628.35,,127747008.0,7.717601920576023e-05
2015-08-17,3609.21,3611.57,3559.91,3602.05,,131232405.0,-0.007248473824190027
2015-08-18,3604.51,3623.93,3391.32,3398.47,,167533473.0,-0.05651781624352814
2015-08-19,3347.85,3441.48,3281.1,3436.78,,145499856.0,0.011272719782725815
2015-08-20,3404.34,3422.42,3332.63,3332.99,,111593092.0,-0.030199780026653023
2015-08-21,3300.51,3335.03,3191.65,3202.77,,121427840.0,-0.03907002421249384
2015-08-24,3096.72,3104.99,2903.73,2916.39,,167572043.0,-0.08941634897292039
2015-08-25,2756.02,2888.1,2692.96,2721.54,,170418544.0,-0.06681205188606454
2015-08-26,2747.42,2873.61,2667.18,2751.1,,183501469.0,0.010861497534484066
2015-08-27,2815.58,2935.37,2769.59,2934.44,,162461088.0,0.06664243393551672
2015-08-28,2968.97,3047.35,2942.05,3035.75,,167537313.0,0.03452447485721288
2015-08-31,3001.65,3086.45,2914.21,3083.51,,162817750.0,0.015732520793872995
2015-09-01,3017.26,3117.13,2938.0,3108.68,,221212176.0,0.008162775538266276
2015-09-02,2989.18,3137.19,2981.81,3127.12,,226214845.0,0.005931778118043685
2015-09-07,3096.44,3149.34,2984.84,2992.79,,123552827.0,-0.04295645833866302
2015-09-08,2968.73,3064.35,2926.6,3057.87,,88713519.0,0.021745595247244287
2015-09-09,3064.46,3124.98,3051.83,3103.22,,117437158.0,0.014830584688034554
2015-09-10,3063.17,3108.57,3051.66,3085.32,,78218399.0,-0.0057682020610848594
2015-09-11,3076.4,3101.43,3046.86,3068.23,,54183046.0,-0.005539133704121513
2015-09-14,3084.58,3089.82,2967.32,3072.31,,119582463.0,0.0013297568956693873
2015-09-15,3010.88,3026.6,2952.56,2983.24,,80921106.0,-0.028991215079207544
2015-09-16,2972.44,3139.61,2951.87,3097.36,,87068254.0,0.03825371073061512
2015-09-17,3075.14,3126.79,3032.02,3032.47,,87112788.0,-0.02095009943952275
2015-09-18,3044.32,3071.49,3025.89,3038.96,,54574170.0,0.0021401695647442764
2015-09-21,3015.12,3070.27,3004.93,3065.15,,56787965.0,0.008618079869429085
2015-09-22,3067.17,3121.05,3058.19,3092.62,,67557473.0,0.008962041009412225
2015-09-23,3050.93,3064.97,3010.22,3014.18,,55372780.0,-0.025363607556052825
2015-09-24,3029.3,3041.97,3004.45,3028.42,,47463038.0,0.004724336303737697
2015-09-25,3018.41,3033.82,2969.21,3003.67,,60287240.0,-0.008172578440242773
2015-09-28,2990.79,3001.32,2958.18,2995.3,,35159209.0,-0.0027865910702573604
2015-09-29,2954.87,2963.33,2919.49,2936.43,,42685318.0,-0.019654124795513095
2015-09-30,2952.53,2983.17,2949.23,2965.19,,41078465.0,0.009794205889464447
2015-10-08,3080.99,3082.35,3035.87,3037.52,,65035870.0,0.024393040580873437
2015-10-09,3048.36,3084.26,3039.91,3074.59,,56243097.0,0.012204034870552327
2015-10-12,3081.41,3198.01,3077.83,3163.89,,105901910.0,0.029044523009571943
2015-10-13,3143.27,3161.07,3130.81,3149.93,,62622955.0,-0.004412289934226599
2015-10-14,3137.73,3163.33,3118.43,3120.31,,69912823.0,-0.009403383567253787
2015-10-15,3119.71,3181.29,3117.69,3181.29,,78413245.0,0.019542930029388117
2015-10-16,3197.66,3221.25,3181.49,3214.44,,97832123.0,0.010420301198570403
2015-10-19,3223.36,3246.63,3189.84,3212.76,,90601288.0,-0.0005226415798708084
2015-10-20,3206.94,3241.75,3186.41,3241.16,,82410844.0,0.008839751490929748
2015-10-21,3243.89,3278.01,3135.58,3207.78,,151943389.0,-0.010298781917584932
2015-10-22,3174.41,3224.6,3162.8,3218.45,,90631184.0,0.0033262879623912056
2015-10-23,3224.41,3253.26,3206.3,3243.95,,88941956.0,0.007923068557846191
2015-10-26,3277.82,3289.1,3239.49,3255.62,,91550549.0,0.0035974660521895796
2015-10-27,3242.4,3253.43,3178.41,3250.14,,77035905.0,-0.0016832431303407391
2015-10-28,3234.84,3245.94,3193.11,3197.37,,67991055.0,-0.016236223670364924
2015-10-29,3207.17,3221.23,3185.63,3200.48,,50702343.0,0.0009726744167863899
2015-10-30,3199.94,3235.69,3179.45,3204.23,,60121575.0,0.001171699245113178
2015-11-02,3172.21,3207.53,3159.93,3160.37,,58189354.0,-0.013688155968828775
2015-11-03,3165.52,3179.98,3140.36,3148.97,,45271370.0,-0.0036071725778943353
2015-11-04,3156.06,3289.13,3156.06,3287.66,,99677731.0,0.04404297278157632
2015-11-05,3287.86,3451.79,3284.48,3373.11,,221421207.0,0.02599113046969581
2015-11-06,3363.54,3452.01,3358.81,3443.43,,156857655.0,0.020847230004357842
2015-11-09,3450.63,3558.45,3450.63,3491.87,,193187360.0,0.014067368873477815
2015-11-10,3455.28,3520.4,3449.31,3475.62,,138441020.0,-0.004653666946363932
2015-11-11,3468.49,3470.84,3416.24,3458.68,,104977289.0,-0.004873950546952832
2015-11-12,3467.38,3467.67,3404.66,3420.27,,94582639.0,-0.011105392808817172
2015-11-13,3390.17,3424.39,3373.79,3380.97,,89959625.0,-0.011490320939575027
2015-11-16,3328.91,3381.66,3326.58,3381.65,,72776880.0,0.00020112571244346178
2015-11-17,3402.27,3468.26,3382.42,3389.23,,111031161.0,0.002241509322372215
2015-11-18,3392.07,3412.99,3360.68,3368.46,,90259423.0,-0.006128235616939537
2015-11-19,3374.66,3408.67,3362.11,3408.47,,72173045.0,0.011877831412574258
2015-11-20,3410.6,3423.4,3390.45,3402.84,,79359484.0,-0.0016517675085887529
2015-11-23,3401.6,3425.6,3379.07,3386.6,,71863719.0,-0.004772484160289747
2015-11-24,3379.02,3382.9,3342.76,3380.75,,63716199.0,-0.0017273962085867511
2015-11-25,3372.57,3395.88,3360.29,3395.42,,67079304.0,0.004339273829771617
2015-11-26,3406.37,3420.97,3381.06,3383.01,,71940560.0,-0.0036549233968109496
2015-11-27,3364.67,3367.01,3200.97,3219.75,,92059440.0,-0.048258799116762896
2015-11-30,3211.1,3241.98,3148.02,3227.6,,81732023.0,0.0024380774904884106
2015-12-01,3224.44,3274.98,3198.86,3252.33,,65192561.0,0.007662039905812268
2015-12-02,3248.67,3413.12,3242.24,3407.11,,125793996.0,0.04759049665931814
2015-12-03,3389.78,3437.82,3365.08,3417.61,,119662740.0,0.003081790725864453
2015-12-04,3387.28,3391.19,3336.15,3341.05,,76133377.0,-0.02240161984544753
2015-12-07,3343.86,3351.46,3315.56,3338.64,,50840625.0,-0.0007213301207704692
2015-12-08,3321.88,3321.88,3283.19,3289.51,,54893720.0,-0.014715572808089439
2015-12-09,3283.79,3322.81,3280.81,3306.81,,55730662.0,0.005259141939072842
2015-12-10,3305.39,3350.4,3284.59,3290.12,,58530372.0,-0.005047160254142202
2015-12-11,3273.48,3293.46,3247.58,3275.62,,52294362.0,-0.004407134086294673
2015-12-14,3244.67,3375.87,3241.13,3371.68,,77802024.0,0.029325745965649297
2015-12-15,3363.54,3369.31,3327.92,3341.15,,59384805.0,-0.009054833198880008
2015-12-16,3346.65,3355.19,3319.81,3327.02,,49696926.0,-0.004229082800832118
2015-12-17,3348.07,3402.51,3344.29,3384.03,,80929965.0,0.01713545455091947
2015-12-18,3379.96,3452.33,3375.98,3403.38,,87471992.0,0.005718034414588402
2015-12-21,3395.53,3521.45,3393.94,3506.13,,115937493.0,0.030190575251661578
2015-12-22,3506.54,3515.74,3476.89,3502.8,,80643908.0,-0.0009497651256513695
2015-12-23,3504.93,3564.86,3495.63,3506.1,,101910189.0,0.0009421034600889389
2015-12-24,3500.06,3507.89,3435.47,3473.87,,72843727.0,-0.009192550126921661
2015-12-25,3477.0,3489.34,3459.52,3482.12,,47165993.0,0.0023748729802783863
2015-12-28,3490.95,3495.63,3379.01,3379.01,,73487748.0,-0.029611271294498698
2015-12-29,3375.42,3413.31,3368.71,3410.07,,44038744.0,0.009192041455929445
2015-12-30,3410.89,3412.57,3372.98,3410.59,,45446263.0,0.0001524895383380187
2015-12-31,3405.3,3412.64,3378.04,3388.42,,45197720.0,-0.006500341583127844
2016-01-04,3385.49,3385.51,3176.52,3176.94,,54430047.0,-0.062412569870323065
2016-01-05,3118.28,3229.0,3111.5,3202.16,,76142886.0,0.007938456502168734
2016-01-06,3201.95,3253.26,3190.28,3248.92,,65373540.0,0.014602643215829492
2016-01-07,3199.54,3199.54,3042.49,3053.24,,19644103.0,-0.060229245410782783
2016-01-08,3119.13,3165.13,3019.98,3116.66,,86941348.0,0.020771377291008974
2016-01-11,3067.52,3097.71,2982.46,2982.49,,81362213.0,-0.04304928994500523
2016-01-12,3004.81,3024.57,2970.07,2997.21,,58092237.0,0.004935473379625854
2016-01-13,3022.02,3032.65,2955.04,2955.31,,53316067.0,-0.013979667757681336
2016-01-14,2889.12,3003.4,2884.09,2998.01,,61325155.0,0.014448568847261534
2016-01-15,2980.21,2992.09,2893.97,2909.85,,58419104.0,-0.029406172761265115
2016-01-18,2867.98,2941.29,2866.18,2910.93,,45649960.0,0.0003711531522243572
2016-01-19,2915.51,2999.33,2899.53,2992.77,,61165423.0,0.028114726221516895
2016-01-20,2975.93,2989.56,2927.04,2944.69,,65173096.0,-0.01606538424269155
2016-01-21,2915.26,2972.02,2873.49,2873.62,,55885274.0,-0.024134968366789078
2016-01-22,2902.58,2917.34,2851.61,2900.29,,43904154.0,0.00928097660790228
2016-01-25,2910.18,2923.02,2886.69,2907.12,,36258814.0,0.002354936920101025
2016-01-26,2881.57,2886.77,2740.86,2747.63,,61554034.0,-0.054861856407716125
2016-01-27,2761.93,2771.83,2675.43,2743.1,,64430101.0,-0.0016486936013947462
2016-01-28,2728.1,2753.99,2671.43,2685.33,,47493767.0,-0.021060114469031332
2016-01-29,2688.16,2784.36,2687.78,2767.02,,59217164.0,0.030420842131134718
2016-02-01,2760.94,2764.09,2696.43,2722.1,,42980950.0,-0.016234071311374665
2016-02-02,2719.75,2779.27,2719.67,2768.01,,42268745.0,0.01686565519268224
2016-02-03,2741.97,2755.83,2720.83,2751.47,,37295320.0,-0.005975411938540787
2016-02-04,2763.88,2794.87,2763.36,2781.47,,42806436.0,0.010903262619617937
2016-02-05,2777.6,2785.54,2764.4,2767.55,,35014077.0,-0.005004547954858274
2016-02-15,2702.23,2757.89,2699.55,2744.67,,34395322.0,-0.008267239977597596
2016-02-16,2759.02,2825.33,2758.53,2820.29,,53505668.0,0.027551581793075375
2016-02-17,2817.23,2845.51,2812.43,2839.65,,64422023.0,0.006864542298841592
2016-02-18,2852.44,2864.75,2826.87,2829.4,,56101855.0,-0.0036095997746201647
2016-02-19,2824.69,2835.89,2809.31,2823.2,,38898268.0,-0.0021912773026083743
2016-02-22,2849.96,2897.2,2838.76,2885.03,,67333603.0,0.02190068007934265
2016-02-23,2882.81,2882.81,2832.65,2855.08,,48818376.0,-0.010381174545845417
2016-02-24,2843.82,2874.72,2830.35,2874.52,,50344136.0,0.006808916037378987
2016-02-25,2869.52,2869.54,2710.44,2721.86,,72490321.0,-0.05310799716126513
2016-02-26,2741.61,2764.76,2715.34,2750.96,,45316082.0,0.010691218504992772
2016-02-29,2746.76,2747.84,2655.63,2716.53,,61600077.0,-0.012515630907028785
2016-03-01,2719.16,2776.85,2702.35,2758.92,,52142983.0,0.01560446599154064
2016-03-02,2766.04,2862.57,2765.1,2859.49,,84180612.0,0.03645266988531737
2016-03-03,2858.35,2878.9,2846.15,2868.96,,75896579.0,0.003311779373244894
2016-03-04,2859.33,2947.36,2853.79,2939.22,,124859679.0,0.024489710557135558
2016-03-07,2944.63,2960.77,2915.98,2930.03,,63416596.0,-0.003126679867447746
2016-03-08,2924.96,2937.71,2840.65,2935.17,,62813716.0,0.001754248250017909
2016-03-09,2881.41,2920.58,2857.72,2919.56,,55721638.0,-0.005318260952517306
2016-03-10,2897.57,2914.14,2861.09,2862.05,,34517940.0,-0.01969817369740634
2016-03-11,2841.98,2873.28,2835.7,2872.23,,37501514.0,0.0035568910396392983
2016-03-14,2886.4,2939.42,2877.81,2894.29,,56517291.0,0.007680443418528471
2016-03-15,2891.93,2919.23,2863.24,2915.76,,49475987.0,0.00741805416872543
2016-03-16,2902.22,2954.56,2898.6,2947.6,,78194675.0,0.010919965977995272
2016-03-17,2949.7,2983.18,2925.33,2955.74,,59324353.0,0.0027615687338851114
2016-03-18,2966.59,3007.69,2958.13,2980.07,,97081105.0,0.008231441195775124
2016-03-21,3002.61,3070.75,2999.77,3047.72,,119683748.0,0.022700809041398262
2016-03-22,3032.67,3048.68,3015.48,3022.55,,77258776.0,-0.008258632682792255
2016-03-23,3017.28,3038.0,3004.89,3027.86,,56274100.0,0.0017567947593919442
2016-03-24,3008.04,3008.8,2978.51,2978.64,,54841330.0,-0.016255705349652927
2016-03-25,2976.69,3002.26,2976.51,2994.73,,40142254.0,0.005401794107377844
2016-03-28,3001.03,3019.78,2957.06,2964.49,,43742141.0,-0.010097738360386521
2016-03-29,2969.3,2976.61,2931.79,2940.81,,41080495.0,-0.0079878832446727
2016-03-30,2962.86,3009.14,2962.86,3006.68,,53828973.0,0.022398590864421752
2016-03-31,3019.04,3027.77,2999.06,3007.84,,53946955.0,0.000385807601740229
2016-04-01,3006.42,3017.16,2964.23,3016.82,,54280145.0,0.0029855311452737787
2016-04-05,3000.13,3047.51,2995.25,3039.17,,64387906.0,0.00740846321623434
2016-04-06,3024.04,3035.4,3010.43,3026.34,,46811259.0,-0.004221547330356623
2016-04-07,3034.75,3038.7,2985.85,2986.46,,45929473.0,-0.013177633709365089
2016-04-08,2968.55,2977.03,2950.72,2965.53,,41954704.0,-0.007008297449153766
2016-04-11,2989.24,3022.06,2989.24,2999.93,,55650011.0,0.011599950093237776
2016-04-12,2998.76,3002.11,2979.4,2992.71,,36448837.0,-0.0024067228235324922
2016-04-13,3010.47,3063.44,3010.47,3029.42,,86842905.0,0.0122664741989702
2016-04-14,3044.52,3053.93,3023.03,3040.22,,45236178.0,0.0035650388523214005
2016-04-15,3043.67,3050.79,3030.22,3040.5,,42003365.0,9.209859812786547e-05
2016-04-18,3021.73,3021.75,3003.67,3006.83,,42650467.0,-0.011073836540042792
2016-04-19,3020.71,3025.62,3002.55,3013.38,,32776447.0,0.002178373902083086
2016-04-20,3017.17,3021.21,2913.29,2987.3,,78346549.0,-0.008654733223158018
2016-04-21,2967.3,3005.68,2958.09,2975.61,,47574303.0,-0.003913232685033297
2016-04-22,2959.73,2991.07,2956.27,2989.13,,34401102.0,0.0045436061849502
2016-04-25,2979.9,2990.24,2957.24,2980.16,,29999551.0,-0.0030008731637634067
2016-04-26,2977.96,2998.4,2968.75,2990.67,,25449196.0,0.0035266562869107343
2016-04-27,2992.79,2995.36,2975.17,2977.45,,24664957.0,-0.004420414154687857
2016-04-28,2980.58,2987.03,2954.9,2970.8,,30122047.0,-0.0022334548019277145
2016-04-29,2965.93,2980.63,2963.39,2967.89,,27626884.0,-0.0009795341322204054
2016-05-03,2969.42,3017.33,2962.51,3008.64,,45694125.0,0.01373029323863073
2016-05-04,2999.55,3010.49,2992.76,3000.81,,35478738.0,-0.002602504786215709
2016-05-05,2996.08,3003.95,2988.81,3001.1,,29333053.0,9.664057371172596e-05
2016-05-06,2998.77,3001.21,2934.19,2934.57,,45979376.0,-0.02216853820265896
2016-05-09,2923.49,2923.49,2875.73,2885.61,,42695192.0,-0.016683875320745445
2016-05-10,2874.33,2903.99,2874.33,2888.84,,30141140.0,0.001119347382355862
2016-05-11,2897.13,2916.06,2886.23,2900.42,,32793428.0,0.004008529375112424
2016-05-12,2884.04,2915.47,2866.0,2909.97,,32658862.0,0.0032926265851151992
2016-05-13,2901.87,2918.09,2889.44,2896.58,,25901623.0,-0.004601422007787015
2016-05-16,2887.25,2909.19,2879.79,2909.02,,24297714.0,0.0042947199801144365
2016-05-17,2907.78,2911.94,2889.36,2898.35,,25611503.0,-0.0036679019051090167
2016-05-18,2886.6,2898.08,2864.84,2895.23,,36676440.0,-0.0010764745458622382
2016-05-19,2886.7,2903.61,2883.03,2887.28,,25182276.0,-0.0027458958355639496
2016-05-20,2877.7,2900.48,2873.5,2900.18,,23856968.0,0.004467872876894319
2016-05-23,2900.2,2915.83,2895.57,2902.72,,24998320.0,0.000875807708486942
2016-05-24,2899.24,2899.3,2875.55,2882.19,,22126089.0,-0.007072676661889488
2016-05-25,2897.78,2904.06,2879.91,2883.56,,20541673.0,0.0004753329933140371
2016-05-26,2881.8,2896.7,2865.21,2887.67,,23969656.0,0.0014253214776180911
2016-05-27,2885.45,2893.76,2878.02,2885.86,,22810911.0,-0.000626802924156844
2016-05-30,2885.4,2903.1,2870.24,2899.81,,27707410.0,0.004833914327098343
2016-05-31,2900.19,2988.12,2900.19,2985.65,,65585706.0,0.029601939437411406
2016-06-01,2988.28,2993.22,2969.79,2970.37,,44759147.0,-0.0051178135414399195
2016-06-02,2968.4,2975.79,2959.67,2971.16,,31176909.0,0.0002659601329126904
2016-06-03,2979.15,3002.45,2969.81,2993.09,,43076014.0,0.007380955586370419
2016-06-06,2992.06,2995.17,2969.85,2977.15,,29903978.0,-0.00532559996525328
2016-06-07,2982.18,2986.26,2971.16,2977.59,,27420739.0,0.00014779235174589012
2016-06-08,2974.36,2975.47,2955.47,2967.11,,29356030.0,-0.0035196249315722072
2016-06-13,2941.69,2952.89,2893.42,2894.32,,38852706.0,-0.02453228899501536
2016-06-14,2888.71,2908.57,2886.85,2905.83,,27698369.0,0.003976754470825572
2016-06-15,2877.45,2941.53,2876.55,2929.33,,36327104.0,0.008087190234803865
2016-06-16,2915.86,2924.63,2907.24,2911.34,,35981841.0,-0.006141336073436476
2016-06-17,2911.39,2943.11,2911.39,2926.46,,37158869.0,0.005193484787074043
2016-06-20,2933.71,2936.41,2911.72,2929.84,,26235160.0,0.001154979053190619
2016-06-21,2937.84,2967.29,2919.66,2925.89,,37054544.0,-0.001348196488545561
2016-06-22,2920.11,2945.84,2917.39,2945.61,,27177374.0,0.006739829590312718
2016-06-23,2942.4,2942.4,2918.23,2929.05,,28424091.0,-0.005621925509487036
2016-06-24,2922.01,2939.83,2858.16,2891.5,,47210967.0,-0.012819856267390461
2016-06-27,2882.83,2923.63,2882.58,2923.53,,34235431.0,0.011077295521355834
2016-06-28,2912.79,2937.9,2906.24,2934.8,,37541864.0,0.0038549288018252525
2016-06-29,2938.97,2957.2,2936.13,2954.68,,48780764.0,0.006773885784380429
2016-06-30,2956.16,2969.03,2954.36,2959.8,,37092003.0,0.0017328441658657212
2016-07-01,2962.2,2975.51,2958.72,2963.83,,32360891.0,0.0013615784850327106
2016-07-04,2945.62,3010.81,2943.76,3002.36,,61281775.0,0.013000070854266355
2016-07-05,2991.55,3005.58,2989.71,2997.97,,57090760.0,-0.001462183082641788
2016-07-06,2987.66,3005.95,2974.63,3003.39,,61538783.0,0.0018078900055704672
2016-07-07,2990.22,3003.67,2978.28,2994.48,,49523909.0,-0.0029666476881123893
2016-07-08,2981.84,2984.46,2967.43,2974.1,,37389840.0,-0.006805856108573094
2016-07-11,2978.29,3012.49,2976.69,2985.54,,66005943.0,0.003846541810968107
2016-07-12,2984.92,3049.75,2984.84,3049.27,,81229735.0,0.02134622212397086
2016-07-13,3045.13,3074.44,3039.74,3048.23,,81306324.0,-0.0003410652385652524
2016-07-14,3043.95,3047.6,3025.32,3040.39,,45653614.0,-0.0025719843975028356
2016-07-15,3041.73,3048.42,3030.01,3039.9,,44404202.0,-0.00016116353494122215
2016-07-18,3034.58,3049.31,3020.61,3028.39,,50543363.0,-0.0037863087601566203
2016-07-19,3027.63,3032.46,2992.34,3008.24,,40024676.0,-0.0066537004811138
2016-07-20,3005.81,3013.05,2993.26,2998.22,,29806533.0,-0.0033308512618673847
2016-07-21,2999.03,3026.57,2999.0,3011.73,,35429305.0,0.004506006897425863
2016-07-22,3010.58,3012.5,2979.88,2984.06,,35901978.0,-0.00918741055805139
2016-07-25,2979.2,2997.79,2976.22,2985.96,,29232890.0,0.000636716419911254
2016-07-26,2982.36,3020.45,2982.19,3020.09,,35141866.0,0.01143015981459894
2016-07-27,3021.43,3026.39,2934.45,2995.51,,69527379.0,-0.008138830299759259
2016-07-28,2980.72,3007.42,2972.41,2995.06,,48996184.0,-0.00015022483650539709
2016-07-29,2990.56,2998.34,2977.45,2982.38,,37107790.0,-0.0042336380573343435
2016-08-01,2976.27,2982.2,2951.13,2967.61,,37898705.0,-0.004952420550030534
2016-08-02,2964.14,2973.03,2955.04,2971.92,,24740860.0,0.0014523471749994243
2016-08-03,2962.08,2977.73,2957.14,2972.8,,29748970.0,0.0002961048749630102
2016-08-04,2971.23,2978.06,2949.34,2977.78,,31458664.0,0.001675188374596237
2016-08-05,2979.09,3005.73,2970.81,2987.97,,33096310.0,0.0034220123716324213
2016-08-08,2984.43,3010.01,2973.17,3009.72,,37813942.0,0.007279189550095877
2016-08-09,3010.14,3030.92,3006.2,3029.14,,40061300.0,0.006452427468335964
2016-08-10,3027.14,3032.09,3014.66,3015.37,,34704700.0,-0.0045458446951940346
2016-08-11,3013.13,3054.29,3013.13,3018.8,,44769591.0,0.0011375055134197343
2016-08-12,3019.53,3083.37,3018.14,3083.37,,59504712.0,0.021389293759109584
2016-08-15,3092.37,3205.45,3091.27,3177.34,,111682501.0,0.03047639433477012
2016-08-16,3189.98,3204.03,3149.97,3156.21,,103577676.0,-0.006650216848055335
2016-08-17,3157.02,3173.54,3133.37,3146.15,,62224082.0,-0.0031873671270289394
2016-08-18,3142.81,3166.86,3116.41,3132.46,,67894074.0,-0.0043513500627752055
2016-08-19,3126.25,3140.57,3109.07,3132.04,,58080818.0,-0.00013407992440450656
2016-08-22,3131.54,3138.89,3108.81,3110.61,,50486653.0,-0.006842185923551347
2016-08-23,3107.68,3136.2,3102.45,3115.9,,44430968.0,0.0017006310659324342
2016-08-24,3114.76,3119.12,3095.72,3101.32,,40697746.0,-0.004679225905837803
2016-08-25,3088.49,3090.0,3059.67,3084.39,,45191520.0,-0.005458965859698517
2016-08-26,3086.9,3098.72,3074.81,3079.51,,34674979.0,-0.0015821604920258636
2016-08-29,3078.66,3080.17,3065.47,3075.04,,35599397.0,-0.0014515296264666633
2016-08-30,3077.17,3093.55,3074.77,3083.55,,34546637.0,0.0027674436755293907
2016-08-31,3083.04,3110.22,3080.2,3104.51,,35217962.0,0.006797360185500478
2016-09-01,3103.75,3104.89,3079.1,3079.92,,38995310.0,-0.007920734673104612
2016-09-02,3078.7,3098.0,3078.2,3096.0,,36379901.0,0.005220914828956591
2016-09-05,3102.61,3115.22,3094.03,3098.95,,32031862.0,0.0009528423772608985
2016-09-06,3102.7,3119.62,3083.9,3111.02,,43084406.0,0.003894867616450748
2016-09-07,3112.41,3124.09,3107.16,3110.88,,41686151.0,-4.500131789564321e-05
2016-09-08,3108.42,3113.65,3101.24,3109.64,,28849654.0,-0.0003986010389344097
2016-09-09,3108.87,3114.19,3092.89,3093.34,,31924397.0,-0.005241764319985465
2016-09-12,3054.12,3057.07,3020.71,3052.27,,59810675.0,-0.013276911041140038
2016-09-13,3050.55,3052.91,3032.9,3044.33,,27110008.0,-0.002601342607305379
2016-09-14,3031.54,3037.17,3015.2,3021.97,,32064996.0,-0.007344801647653165
2016-09-19,3024.82,3045.67,3024.82,3043.7,,25718918.0,0.007190673633424627
2016-09-20,3044.35,3044.88,3032.61,3036.66,,22003473.0,-0.0023129743404408654
2016-09-21,3037.31,3046.39,3032.72,3044.24,,24196062.0,0.0024961635481086653
2016-09-22,3056.96,3082.87,3053.74,3072.5,,36333069.0,0.009283105142827264
2016-09-23,3072.22,3073.68,3056.77,3057.9,,23626894.0,-0.004751830756712705
2016-09-26,3049.48,3049.48,3012.24,3012.71,,31229194.0,-0.014778115700317174
2016-09-27,3007.58,3029.67,3006.8,3029.25,,25531977.0,0.0054900737210019646
2016-09-28,3030.18,3032.93,3017.88,3021.07,,19793675.0,-0.0027003383675826553
2016-09-29,3025.5,3046.06,3025.39,3034.55,,23456109.0,0.0044619952533373475
2016-09-30,3030.23,3051.05,3029.32,3042.62,,19359934.0,0.002659372888896172
2016-10-10,3051.89,3075.71,3045.92,3074.78,,37679891.0,0.010569837837127283
2016-10-11,3077.26,3090.11,3073.27,3085.49,,44067641.0,0.003483176032106128
2016-10-12,3078.64,3079.15,3068.28,3077.95,,29076019.0,-0.0024436961390249534
2016-10-13,3077.41,3083.89,3070.37,3080.14,,38581600.0,0.0007115125326921934
2016-10-14,3077.32,3088.47,3069.68,3087.72,,39168576.0,0.0024609271007161038
2016-10-17,3084.77,3087.63,3056.15,3061.8,,39785111.0,-0.008394543546694555
2016-10-18,3057.45,3102.17,3057.45,3101.29,,50206416.0,0.012897641909987545
2016-10-19,3102.44,3112.24,3092.03,3097.49,,46939965.0,-0.0012252965701370355
2016-10-20,3098.62,3106.54,3093.92,3099.64,,33814102.0,0.0006941103926081382
2016-10-21,3096.44,3126.17,3094.91,3116.21,,55425279.0,0.005345782090823592
2016-10-24,3120.81,3171.38,3119.23,3153.74,,79548402.0,0.01204347588898047
2016-10-25,3153.21,3159.86,3141.33,3151.26,,54786158.0,-0.0007863679314082939
2016-10-26,3148.87,3152.04,3135.77,3139.57,,48777149.0,-0.0037096272602070712
2016-10-27,3135.64,3136.99,3118.43,3127.51,,38711221.0,-0.0038412903677892407
2016-10-28,3128.85,3154.12,3125.24,3129.43,,46448607.0,0.0006139069099697636
2016-10-31,3122.6,3129.56,3107.38,3125.58,,34007716.0,-0.001230255989109863
2016-11-01,3127.24,3146.71,3122.45,3146.29,,36215776.0,0.006625970219927169
2016-11-02,3137.1,3139.52,3116.39,3118.02,,44400229.0,-0.008985185726681277
2016-11-03,3111.75,3162.99,3109.88,3149.4,,64014622.0,0.01006407912713847
2016-11-04,3147.12,3162.91,3137.65,3143.56,,55405617.0,-0.00185432145805553
2016-11-07,3142.08,3152.96,3132.54,3147.01,,53034099.0,0.0010974818358804317
2016-11-08,3156.03,3172.44,3149.95,3158.24,,53927587.0,0.0035684665762103496
2016-11-09,3157.68,3162.25,3115.5,3144.1,,76481646.0,-0.004477177161963608
2016-11-10,3162.8,3193.99,3162.8,3177.34,,63498368.0,0.010572182818612719
2016-11-11,3171.69,3207.72,3168.97,3201.37,,99678668.0,0.00756292999804864
2016-11-14,3196.64,3236.93,3195.04,3210.91,,108143026.0,0.0029799741985463424
2016-11-15,3207.9,3214.07,3198.32,3209.4,,61830546.0,-0.0004702716675334395
2016-11-16,3210.09,3213.08,3196.88,3207.04,,60304718.0,-0.0007353399389293802
2016-11-17,3199.7,3217.21,3191.71,3216.29,,58950921.0,0.0028842795849131075
2016-11-18,3219.93,3227.81,3198.75,3202.08,,58191572.0,-0.00441813393692736
2016-11-21,3197.44,3255.3,3197.42,3231.87,,84917819.0,0.009303327836905906
2016-11-22,3231.76,3259.79,3231.76,3257.58,,98366966.0,0.007955146710727945
2016-11-23,3264.71,3288.56,3263.0,3272.66,,93079790.0,0.004629203273595728
2016-11-24,3265.85,3307.83,3263.34,3288.06,,73318235.0,0.004705652282852579
2016-11-25,3289.88,3323.78,3269.2,3323.55,,80602312.0,0.010793598656958947
2016-11-28,3341.58,3359.45,3328.98,3337.03,,126061448.0,0.004055904078470229
2016-11-29,3328.35,3397.38,3324.11,3378.84,,140070079.0,0.012529105222308434
2016-11-30,3375.41,3386.27,3341.65,3351.87,,103632981.0,-0.00798202933551162
2016-12-01,3359.57,3394.43,3356.38,3378.74,,110477366.0,0.008016420684572978
2016-12-02,3372.25,3372.25,3332.13,3348.15,,117123055.0,-0.009053670895067256
2016-12-05,3289.26,3307.82,3266.49,3281.01,,111708116.0,-0.020052865015008248
2016-12-06,3275.6,3289.39,3270.5,3272.83,,66466627.0,-0.002493134735950253
2016-12-07,3270.75,3281.9,3256.26,3281.88,,57546591.0,0.0027651909815054054
2016-12-08,3288.22,3293.24,3276.86,3280.77,,63077220.0,-0.00033822077589673594
2016-12-09,3274.97,3331.23,3272.4,3317.53,,94183761.0,0.011204686704645583
2016-12-12,3312.05,3323.6,3240.92,3260.96,,108205283.0,-0.017051842786651616
2016-12-13,3244.48,3259.47,3221.2,3248.19,,65790452.0,-0.003916024728914169
2016-12-14,3242.97,3258.2,3224.42,3224.99,,71342251.0,-0.0071424393277487175
2016-12-15,3209.27,3220.33,3158.55,3169.86,,66178539.0,-0.01709462665000505
2016-12-16,3162.19,3180.72,3158.47,3168.81,,49091397.0,-0.0003312449130246087
2016-12-19,3163.94,3167.21,3144.42,3148.18,,41388813.0,-0.006510330376387374
2016-12-20,3148.98,3149.85,3106.25,3127.3,,49868649.0,-0.006632403483917582
2016-12-21,3130.87,3157.56,3130.87,3151.72,,61570773.0,0.007808652831515772
2016-12-22,3146.95,3151.8,3133.47,3146.58,,49721135.0,-0.0016308555328519159
2016-12-23,3143.38,3144.93,3114.64,3123.2,,53715911.0,-0.007430289393563827
2016-12-26,3107.56,3143.58,3088.12,3142.39,,48555635.0,0.0061443391393443125
2016-12-27,3138.9,3149.88,3136.55,3137.02,,40476349.0,-0.001708890366886262
2016-12-28,3136.11,3140.94,3113.22,3122.93,,37001444.0,-0.004491523802844788
2016-12-29,3118.14,3130.75,3108.39,3119.46,,36633330.0,-0.0011111360164972606
2016-12-30,3124.5,3134.68,3117.84,3134.45,,39663403.0,0.004805318869291364
2017-01-03,3136.63,3169.93,3136.63,3166.4,,50051252.0,0.010193175836271218
2017-01-04,3164.31,3190.52,3161.93,3188.31,,47701505.0,0.006919530065689683
2017-01-05,3188.38,3193.85,3180.6,3187.5,,47030195.0,-0.0002540530876858904
2017-01-06,3186.99,3189.58,3168.23,3169.13,,46679385.0,-0.005763137254901962
2017-01-09,3168.02,3184.62,3166.52,3181.0,,46513056.0,0.0037455074421055556
2017-01-10,3178.54,3186.38,3171.61,3175.16,,41775195.0,-0.0018359006601698091
2017-01-11,3173.75,3183.9,3157.52,3158.72,,49336429.0,-0.005177691832852549
2017-01-12,3156.66,3170.93,3148.06,3149.72,,47046225.0,-0.0028492553945902444
2017-01-13,3150.27,3177.29,3147.23,3164.27,,48944711.0,0.004619458237557605
2017-01-16,3159.04,3188.84,3128.31,3184.48,,96942033.0,0.006386939167643657
2017-01-17,3169.73,3186.25,3161.93,3184.61,,36991702.0,4.08229915087599e-05
2017-01-18,3183.36,3213.35,3181.52,3203.44,,38573253.0,0.00591281192987525
2017-01-19,3194.37,3211.32,3187.22,3192.47,,38693286.0,-0.003424443722997883
2017-01-20,3192.69,3216.69,3191.54,3213.7,,34383155.0,0.006650023336162825
2017-01-23,3218.44,3232.06,3209.45,3217.34,,39898937.0,0.001132650838597371
2017-01-24,3217.77,3228.35,3211.37,3221.61,,36123402.0,0.0013271833253556409
2017-01-25,3218.03,3231.95,3212.66,3231.46,,31919913.0,0.0030574774724438925
2017-01-26,3233.45,3251.95,3233.45,3241.15,,35617255.0,0.0029986445755170177
2017-02-03,3244.32,3245.58,3210.46,3212.4,,32091485.0,-0.008870308378199132
2017-02-06,3217.71,3226.47,3206.28,3215.4,,37528876.0,0.0009338812103101279
2017-02-07,3214.66,3218.55,3197.87,3206.13,,32171004.0,-0.0028830005598059483
2017-02-08,3202.76,3222.59,3188.87,3222.06,,41529700.0,0.00496860701219215
2017-02-09,3221.36,3248.66,3218.72,3235.55,,55130319.0,0.004186762505974606
2017-02-10,3238.84,3263.07,3238.3,3253.22,,67464106.0,0.005461204432013034
2017-02-13,3255.59,3280.47,3255.57,3276.41,,60215594.0,0.0071283220931877
2017-02-14,3279.61,3281.98,3262.72,3272.46,,46661914.0,-0.0012055878232577477
2017-02-15,3274.3,3289.22,3263.93,3268.05,,68548994.0,-0.0013476100548210912
2017-02-16,3268.31,3283.59,3264.09,3283.59,,58121957.0,0.004755129205489483
2017-02-17,3285.19,3299.81,3262.93,3264.71,,56498828.0,-0.005749804330016928
2017-02-20,3264.39,3314.98,3264.39,3312.22,,70594111.0,0.01455259425798916
2017-02-21,3315.86,3332.36,3311.04,3317.23,,54949068.0,0.0015125806860656343
2017-02-22,3316.92,3322.49,3307.77,3322.15,,46988698.0,0.0014831651709408256
2017-02-23,3320.78,3326.28,3293.58,3304.92,,43593461.0,-0.005186400373252242
2017-02-24,3300.8,3304.62,3285.77,3304.37,,45531266.0,-0.00016641855173504805
2017-02-27,3299.64,3300.46,3270.49,3276.02,,46976974.0,-0.008579547689877343
2017-02-28,3275.26,3290.37,3270.6,3278.31,,34017355.0,0.0006990189315083661
2017-03-01,3278.87,3297.65,3276.08,3282.64,,48007500.0,0.0013208024866471213
2017-03-02,3288.11,3293.39,3257.69,3258.93,,42009675.0,-0.007222845027173297
2017-03-03,3249.02,3250.65,3237.4,3248.57,,37379874.0,-0.0031789575105938273
2017-03-06,3246.75,3264.79,3244.57,3259.64,,39407112.0,0.0034076532135676185
2017-03-07,3260.01,3268.84,3257.0,3268.51,,36967858.0,0.0027211593918348154
2017-03-08,3266.53,3276.3,3260.94,3268.87,,41216478.0,0.00011014193011482654
2017-03-09,3262.79,3263.36,3235.46,3249.63,,43598276.0,-0.0058858259887972775
2017-03-10,3245.94,3256.96,3244.69,3249.44,,32470076.0,-5.8468194840677334e-05
2017-03-13,3246.69,3270.97,3233.69,3270.66,,45530738.0,0.006530355999802895
2017-03-14,3270.1,3281.43,3267.12,3273.7,,36094127.0,0.0009294760079006092
2017-03-15,3270.13,3282.75,3263.56,3282.39,,38875199.0,0.002654488804716415
2017-03-16,3291.16,3310.29,3289.17,3296.51,,52773299.0,0.004301743546623049
2017-03-17,3301.12,3304.01,3259.52,3264.49,,54988785.0,-0.009713302856657613
2017-03-20,3270.33,3275.22,3251.88,3269.41,,45976952.0,0.0015071266874764344
2017-03-21,3270.79,3287.76,3267.1,3287.29,,48501420.0,0.005468876647468646
2017-03-22,3273.42,3284.0,3254.6,3268.96,,55998484.0,-0.005576021586169766
2017-03-23,3270.83,3289.51,3260.07,3282.35,,47933024.0,0.004096103959669195
2017-03-24,3285.81,3320.72,3282.36,3309.14,,72032789.0,0.00816183527046177
2017-03-27,3307.53,3329.03,3295.05,3299.01,,61297077.0,-0.003061218322585213
2017-03-28,3301.94,3302.96,3283.62,3290.63,,43239975.0,-0.0025401559861898404
2017-03-29,3292.07,3301.39,3278.21,3286.27,,51783753.0,-0.0013249742450534008
2017-03-30,3283.48,3289.63,3251.4,3268.17,,60394541.0,-0.005507764121633341
2017-03-31,3266.38,3289.11,3261.08,3288.07,,49515138.0,0.006089034536147064
2017-04-05,3305.05,3324.85,3300.72,3323.87,,77967154.0,0.010887846061671258
2017-04-06,3325.61,3338.86,3314.88,3335.25,,68279168.0,0.0034237199409121732
2017-04-07,3335.11,3342.42,3325.65,3334.1,,64654488.0,-0.00034480173900008904
2017-04-10,3335.76,3340.25,3320.93,3323.22,,61281749.0,-0.003263249452625905
2017-04-11,3320.13,3331.63,3281.97,3327.95,,78120182.0,0.0014233183478673528
2017-04-12,3325.4,3337.56,3310.44,3326.85,,70734437.0,-0.0003305338121065704
2017-04-13,3316.94,3327.43,3311.84,3323.28,,47503353.0,-0.001073087154515484
2017-04-14,3324.31,3325.47,3288.65,3300.51,,53541449.0,-0.006851664620495357
2017-04-17,3291.08,3304.19,3273.38,3302.82,,50481398.0,0.0006998918348981586
2017-04-18,3297.47,3307.83,3285.94,3286.26,,47816679.0,-0.005013897215107033
2017-04-19,3279.03,3285.61,3249.18,3273.18,,53782907.0,-0.0039802085045006486
2017-04-20,3272.5,3295.59,3271.23,3292.54,,51162759.0,0.005914737350222188
2017-04-21,3292.98,3309.7,3286.93,3306.29,,53229585.0,0.00417610719991246
2017-04-24,3298.74,3298.74,3259.19,3284.15,,58602218.0,-0.006696327303412519
2017-04-25,3279.81,3298.6,3275.71,3296.61,,41018818.0,0.003793980177519307
2017-04-26,3297.7,3322.24,3295.39,3297.51,,52201839.0,0.00027300772611860147
2017-04-27,3287.84,3299.81,3261.7,3298.71,,55102463.0,0.00036391095099030935
2017-04-28,3293.12,3293.12,3263.09,3287.39,,41519191.0,-0.003431644491331487
2017-05-02,3276.19,3287.46,3269.19,3276.02,,37318603.0,-0.0034586708604698035
2017-05-03,3273.57,3283.74,3257.15,3266.56,,41250344.0,-0.0028876502585454267
2017-05-04,3260.87,3273.96,3248.73,3262.72,,43002808.0,-0.0011755485893417683
2017-05-05,3253.86,3256.63,3228.42,3253.42,,52010650.0,-0.002850382502942228
2017-05-08,3240.11,3246.39,3216.0,3243.51,,69600529.0,-0.0030460254132573805
2017-05-09,3225.86,3238.07,3213.65,3232.22,,38751988.0,-0.00348079703777715
2017-05-10,3229.46,3255.76,3229.46,3237.54,,44045390.0,0.0016459275668117002
2017-05-11,3224.96,3267.24,3219.71,3264.23,,54430755.0,0.00824391358871246
2017-05-12,3258.74,3301.07,3257.07,3300.45,,45279117.0,0.011096031835991838
2017-05-15,3305.81,3320.81,3305.25,3309.6,,40594948.0,0.002772349225105719
2017-05-16,3300.72,3325.44,3283.14,3325.14,,47818564.0,0.004695431472081291
2017-05-17,3318.85,3322.39,3297.22,3299.13,,44143070.0,-0.007822227034049667
2017-05-18,3280.37,3300.48,3278.41,3293.1,,36828185.0,-0.0018277545898465197
2017-05-19,3289.88,3305.63,3289.88,3304.36,,31923804.0,0.0034192705960949255
2017-05-22,3301.95,3331.64,3299.2,3328.02,,47604685.0,0.00716023677807498
2017-05-23,3323.45,3363.84,3319.91,3363.84,,65474481.0,0.010763156471415458
2017-05-24,3350.4,3359.95,3325.96,3359.79,,44543482.0,-0.001203981164383583
2017-05-25,3348.18,3437.41,3347.59,3431.33,,79243167.0,0.021292997479009035
2017-05-26,3425.31,3444.94,3418.35,3430.63,,58038632.0,-0.0002040025296312642
2017-05-31,3438.85,3467.3,3419.44,3445.58,,64340772.0,0.004357800170813997
2017-06-01,3439.38,3467.53,3430.44,3466.89,,59640558.0,0.006184735225999605
2017-06-02,3463.53,3469.95,3439.1,3444.83,,46977473.0,-0.0063630516110980695
2017-06-05,3436.02,3441.22,3408.84,3415.58,,47059194.0,-0.008490985041351817
2017-06-06,3411.74,3442.8,3408.05,3442.77,,34721490.0,0.007960580633450176
2017-06-07,3444.66,3482.4,3441.62,3475.21,,53953582.0,0.009422645137491026
2017-06-08,3471.96,3510.29,3468.58,3509.33,,45518153.0,0.00981811171123459
2017-06-09,3510.87,3548.5,3509.3,3525.37,,56663946.0,0.004570673034453909
2017-06-12,3522.15,3563.63,3519.14,3535.4,,47308903.0,0.0028450914372109004
2017-06-13,3530.12,3532.89,3511.05,3530.83,,36646208.0,-0.0012926401538723153
2017-06-14,3518.12,3518.12,3469.14,3475.42,,43348609.0,-0.015693193951563766
2017-06-15,3471.62,3480.0,3441.91,3459.17,,39821187.0,-0.004675693872970732
2017-06-16,3451.8,3468.25,3441.14,3446.67,,36765540.0,-0.0036135836053157178
2017-06-19,3449.5,3488.27,3449.5,3486.48,,41726891.0,0.011550278964914007
2017-06-20,3493.38,3496.6,3468.35,3477.0,,38853609.0,-0.002719074826185719
2017-06-21,3496.77,3520.04,3472.26,3519.84,,41694694.0,0.01232096635030211
2017-06-22,3514.58,3576.28,3513.24,3535.02,,72517637.0,0.004312696031637753
2017-06-23,3528.68,3570.84,3513.51,3570.2,,52058323.0,0.009951853171976444
2017-06-26,3575.82,3622.69,3575.82,3607.93,,72373193.0,0.010568035404179055
2017-06-27,3605.84,3620.76,3588.45,3618.66,,50384692.0,0.002974004484565862
2017-06-28,3608.28,3619.51,3589.02,3590.29,,50887100.0,-0.007839918643917865
2017-06-29,3595.61,3612.92,3586.45,3612.03,,41660553.0,0.006055221165978342
2017-06-30,3598.72,3612.52,3588.97,3608.66,,40159434.0,-0.000932993358305545
2017-07-03,3608.36,3608.36,3568.39,3582.76,,40938036.0,-0.00717717934080786
2017-07-04,3577.85,3578.0,3538.08,3547.07,,45963398.0,-0.009961593855016826
2017-07-05,3538.39,3594.52,3537.51,3591.77,,39231404.0,0.01260195034211331
2017-07-06,3586.35,3600.56,3562.21,3593.06,,45117743.0,0.00035915440019818057
2017-07-07,3578.4,3581.76,3560.02,3579.82,,46095899.0,-0.003684881410274232
2017-07-10,3571.14,3597.65,3563.24,3585.93,,54350001.0,0.0017067897268576715
2017-07-11,3578.84,3651.25,3578.58,3623.94,,62390787.0,0.010599760731525798
2017-07-12,3628.27,3659.08,3597.79,3610.73,,67388209.0,-0.003645203838915645
2017-07-13,3607.47,3647.68,3603.87,3647.15,,67280699.0,0.010086602986099757
2017-07-14,3644.6,3672.7,3637.72,3672.7,,56254215.0,0.007005470024539662
2017-07-17,3675.35,3704.61,3617.98,3665.52,,97605443.0,-0.0019549650121163387
2017-07-18,3651.09,3670.48,3619.47,3660.26,,66260469.0,-0.0014349942163730534
2017-07-19,3653.46,3711.31,3651.26,3708.52,,89441671.0,0.013184855720631772
2017-07-20,3703.75,3724.29,3691.79,3723.21,,65476192.0,0.003961148921941993
2017-07-21,3712.54,3723.32,3687.62,3693.51,,54121289.0,-0.007976987599410124
2017-07-24,3688.86,3721.66,3681.56,3708.76,,60768458.0,0.004128863872034927
2017-07-25,3710.21,3722.5,3686.17,3689.14,,57661664.0,-0.005290177849200384
2017-07-26,3689.34,3713.13,3648.35,3671.45,,60730938.0,-0.004795155510498361
2017-07-27,3666.91,3673.0,3635.94,3666.75,,57272957.0,-0.0012801481703413886
2017-07-28,3657.91,3681.59,3648.81,3674.46,,40129807.0,0.002102679484557113
2017-07-31,3673.39,3691.3,3659.01,3678.17,,60070841.0,0.0010096721695160848
2017-08-01,3681.54,3723.77,3677.94,3723.77,,65307634.0,0.012397469393747418
2017-08-02,3720.93,3738.31,3714.03,3718.39,,76018089.0,-0.001444772367788616
2017-08-03,3712.15,3724.98,3668.25,3673.65,,64121773.0,-0.012032089156866266
2017-08-04,3671.47,3682.22,3650.4,3651.24,,62741464.0,-0.006100200073496431
2017-08-07,3644.93,3672.81,3631.35,3665.23,,51048107.0,0.0038315750265662807
2017-08-08,3662.56,3669.99,3651.29,3663.76,,51527512.0,-0.00040106623595237423
2017-08-09,3659.74,3673.14,3644.36,3659.0,,51587379.0,-0.001299211738760242
2017-08-10,3654.29,3677.84,3618.41,3646.65,,52395615.0,-0.0033752391363760514
2017-08-11,3618.74,3630.93,3580.05,3583.26,,65453827.0,-0.017383077619184673
2017-08-14,3586.62,3621.35,3584.46,3614.48,,49621139.0,0.008712736446699232
2017-08-15,3616.09,3646.08,3614.87,3626.92,,45071141.0,0.0034417122241650056
2017-08-16,3623.12,3624.9,3604.69,3618.52,,39139128.0,-0.002316014690150303
2017-08-17,3624.11,3633.29,3615.83,3631.59,,41463711.0,0.0036119739562030517
2017-08-18,3623.35,3650.71,3616.72,3641.7,,36441903.0,0.002783904570725193
2017-08-21,3648.22,3660.51,3640.89,3651.56,,37877082.0,0.002707526704561092
2017-08-22,3660.05,3678.52,3654.2,3677.87,,42569294.0,0.00720513972110548
2017-08-23,3675.38,3710.63,3672.12,3694.9,,53478361.0,0.004630397485501092
2017-08-24,3694.3,3711.29,3674.27,3679.57,,44812946.0,-0.004148962082870966
2017-08-25,3682.1,3750.02,3682.1,3749.47,,72066913.0,0.018996784950415346
2017-08-28,3762.1,3827.46,3762.1,3794.59,,98540165.0,0.012033700763041333
2017-08-29,3789.57,3800.06,3777.06,3791.09,,60941143.0,-0.0009223657891893611
2017-08-30,3793.0,3817.95,3774.94,3782.47,,69691761.0,-0.0022737524036623435
2017-08-31,3784.72,3789.69,3741.22,3761.8,,63221561.0,-0.005464683130335324
2017-09-01,3765.76,3785.95,3750.19,3762.63,,76568530.0,0.0002206390557710769
2017-09-04,3758.99,3775.32,3742.31,3773.2,,72659663.0,0.00280920526333972
2017-09-05,3773.24,3803.31,3771.65,3791.88,,62140280.0,0.004950704971907305
2017-09-06,3783.08,3790.6,3763.68,3779.52,,63095924.0,-0.0032595968226842853
2017-09-07,3780.93,3784.5,3756.97,3757.55,,56685127.0,-0.005812907459148198
2017-09-08,3757.59,3767.55,3740.6,3749.45,,47750649.0,-0.0021556599379916053
2017-09-11,3754.17,3775.91,3732.32,3735.34,,55747801.0,-0.003763218605395413
2017-09-12,3742.53,3757.07,3729.87,3753.37,,61126966.0,0.004826869843173487
2017-09-13,3750.81,3764.37,3739.53,3756.03,,40412453.0,0.0007086964514557703
2017-09-14,3756.95,3769.77,3734.12,3742.6,,52269379.0,-0.0035755837945916635
2017-09-15,3739.03,3761.03,3730.03,3748.01,,59642923.0,0.0014455191578048865
2017-09-18,3749.66,3780.86,3749.66,3755.78,,64007591.0,0.002073100125133065
2017-09-19,3763.75,3774.29,3738.93,3750.27,,56267240.0,-0.0014670720862245412
2017-09-20,3748.79,3767.07,3745.57,3754.49,,50209654.0,0.0011252523151665805
2017-09-21,3755.69,3784.23,3752.01,3765.64,,55011648.0,0.002969777519716388
2017-09-22,3754.45,3777.83,3750.34,3775.33,,49642977.0,0.0025732677579375363
2017-09-25,3766.76,3774.56,3752.9,3763.55,,55036877.0,-0.003120257037133145
2017-09-26,3754.72,3765.8,3752.8,3763.47,,45154462.0,-2.1256526417934296e-05
2017-09-27,3759.6,3768.52,3752.61,3754.01,,46595585.0,-0.0025136376801195848
2017-09-28,3754.22,3760.57,3741.74,3756.96,,50697881.0,0.000785826356349606
2017-09-29,3758.54,3788.04,3758.54,3769.67,,55282035.0,0.0033830543843960115
2017-10-09,3855.52,3864.49,3808.5,3814.78,,82508749.0,0.011966564712561079
2017-10-10,3816.33,3839.43,3784.1,3820.7,,60470302.0,0.0015518588227891872
2017-10-11,3817.81,3854.23,3817.25,3843.69,,51516183.0,0.00601722197503074
2017-10-12,3843.5,3863.4,3839.43,3856.84,,50436484.0,0.0034211916153488175
2017-10-13,3856.65,3866.63,3849.29,3858.45,,49492782.0,0.00041744018419209716
2017-10-16,3866.47,3897.01,3860.49,3867.23,,65485471.0,0.0022755251461079595
2017-10-17,3865.57,3882.09,3855.89,3869.68,,43125699.0,0.0006335283911222955
2017-10-18,3872.25,3912.54,3868.47,3911.84,,56813696.0,0.010894957722602516
2017-10-19,3907.39,3911.68,3894.12,3907.08,,61183424.0,-0.0012168186837907546
2017-10-20,3892.76,3896.2,3878.95,3889.93,,38557651.0,-0.0043894673259825545
2017-10-23,3896.09,3901.57,3879.17,3887.35,,45813699.0,-0.00066325100965825
2017-10-24,3882.58,3923.27,3878.62,3918.4,,51644737.0,0.007987446460956837
2017-10-25,3917.56,3937.97,3912.72,3936.05,,51995667.0,0.004504389546753806
2017-10-26,3942.74,3984.93,3934.9,3956.58,,79201285.0,0.005215889025799836
2017-10-27,3956.77,4009.42,3954.96,4007.66,,82440371.0,0.012910139564977774
2017-10-30,4009.12,4022.81,3958.1,4010.5,,99263495.0,0.0007086429487532797
2017-10-31,3992.84,4001.41,3977.96,3997.0,,67653879.0,-0.0033661638199725674
2017-11-01,3999.24,4029.74,3979.78,3985.92,,80022654.0,-0.002772079059294441
2017-11-02,3983.35,3994.25,3958.38,3991.88,,78185399.0,0.0014952633269107451
2017-11-03,3985.34,3996.95,3960.72,3993.88,,75520294.0,0.0005010170646411183
2017-11-06,3990.08,4014.46,3973.55,4012.01,,72926038.0,0.0045394453513876165
2017-11-07,4013.62,4063.71,4013.39,4047.52,,93694889.0,0.008850925097394935
2017-11-08,4043.38,4084.4,4027.12,4036.02,,90157129.0,-0.002841245997549091
2017-11-09,4030.64,4064.92,4026.74,4063.59,,69663525.0,0.006830986962403696
2017-11-10,4057.53,4107.37,4052.06,4102.25,,78847700.0,0.009513755078637276
2017-11-13,4108.02,4132.12,4104.68,4113.15,,87914411.0,0.0026570784325674612
2017-11-14,4115.64,4120.75,4075.69,4087.52,,80404767.0,-0.00623123396909897
2017-11-15,4070.95,4094.76,4055.17,4074.76,,65886747.0,-0.003121697263866574
2017-11-16,4061.84,4115.9,4060.47,4114.42,,72097924.0,0.009733088574541693
2017-11-17,4099.66,4169.21,4096.44,4167.02,,119495162.0,0.012784304956713344
2017-11-20,4136.75,4187.22,4107.91,4186.33,,83173921.0,0.004634007036203203
2017-11-21,4172.01,4286.04,4170.9,4273.76,,119071919.0,0.020884641201243115
2017-11-22,4288.28,4328.33,4254.83,4292.39,,125960902.0,0.004359159147916625
2017-11-23,4277.75,4283.32,4142.58,4166.02,,115146015.0,-0.029440474886951118
2017-11-24,4155.14,4180.65,4115.12,4168.59,,84102171.0,0.0006168957422190147
2017-11-27,4151.39,4151.39,4087.19,4117.39,,97396119.0,-0.012282330476252157
2017-11-28,4096.89,4113.5,4061.78,4105.35,,63286074.0,-0.002924182552539345
2017-11-29,4114.57,4124.84,4049.48,4102.98,,71661455.0,-0.0005772954802880648
2017-11-30,4081.62,4102.37,4034.74,4054.77,,65214798.0,-0.01174999634412055
2017-12-01,4052.46,4069.0,4022.55,4030.53,,58063787.0,-0.00597814425972365
2017-12-04,4017.32,4073.37,4009.57,4063.19,,57993717.0,0.008103152687115589
2017-12-05,4049.27,4126.29,4047.56,4114.48,,99769570.0,0.012623086786490267
2017-12-06,4098.09,4098.18,4022.16,4071.29,,64293833.0,-0.010497073749295094
2017-12-07,4058.52,4073.26,3998.78,4018.7,,50295360.0,-0.012917281746080533
2017-12-08,4010.73,4062.19,4000.28,4050.91,,50155349.0,0.008015029735984225
2017-12-11,4053.93,4120.15,4050.18,4119.85,,58410880.0,0.017018398335189033
2017-12-12,4118.63,4123.34,4058.51,4059.32,,48443655.0,-0.014692282486012842
2017-12-13,4059.62,4104.13,4045.41,4098.14,,44721998.0,0.009563178069233347
2017-12-14,4101.0,4105.86,4059.34,4073.76,,43933843.0,-0.0059490402963295885
2017-12-15,4064.63,4064.63,4015.78,4020.94,,54772121.0,-0.012965908644593682
2017-12-18,4021.96,4054.93,4015.09,4032.46,,41066522.0,0.0028650017160165575
2017-12-19,4033.3,4091.58,4032.03,4090.12,,45238049.0,0.01429896390788743
2017-12-20,4092.13,4108.41,4075.17,4095.83,,51917730.0,0.0013960470597440544
2017-12-21,4087.17,4149.3,4076.75,4134.64,,56611094.0,0.009475490926137198
2017-12-22,4130.19,4141.25,4110.82,4118.88,,40329674.0,-0.003811698237331518
2017-12-25,4121.55,4161.23,4095.52,4113.16,,49847813.0,-0.001388727032591408
2017-12-26,4111.95,4126.78,4084.85,4122.96,,49084782.0,0.0023825963492789537
2017-12-27,4114.24,4116.67,4039.12,4044.97,,57506443.0,-0.018916021499117197
2017-12-28,4049.47,4096.69,4033.35,4077.89,,63297194.0,0.008138502881356313
2017-12-29,4081.73,4104.82,4066.46,4081.25,,49652475.0,0.0008239555260196596
2018-01-02,4096.73,4149.22,4096.73,4147.73,,88988585.0,0.01628912710566599
2018-01-03,4153.43,4201.83,4149.43,4157.57,,86680762.0,0.002372382001721407
2018-01-04,4164.55,4190.9,4154.53,4180.52,,72857885.0,0.005520051376164625
2018-01-05,4187.61,4211.16,4175.86,4198.48,,85379422.0,0.004296116272616501
2018-01-08,4200.42,4231.58,4187.57,4221.68,,99901453.0,0.005525809340523491
2018-01-09,4219.82,4267.24,4215.54,4263.8,,83350444.0,0.009977070739610738
2018-01-10,4261.75,4308.53,4258.31,4303.64,,96994918.0,0.009343777850743473
2018-01-11,4292.02,4317.15,4274.23,4297.02,,73624184.0,-0.001538232751810087
2018-01-12,4299.08,4336.44,4292.3,4334.23,,66982341.0,0.008659489599768921
2018-01-15,4343.84,4400.96,4337.57,4369.91,,110541446.0,0.008232142733542114
2018-01-16,4358.23,4403.76,4354.65,4400.94,,102076586.0,0.007100832740262408
2018-01-17,4408.93,4455.54,4375.45,4393.93,,141548331.0,-0.0015928415293094966
2018-01-18,4413.48,4451.59,4392.95,4424.49,,119207744.0,0.006955049352174392
2018-01-19,4439.45,4477.0,4417.02,4436.89,,141681170.0,0.00280258289655988
2018-01-22,4424.89,4494.48,4424.36,4491.64,,115785271.0,0.01233972444662812
2018-01-23,4506.56,4549.39,4505.19,4548.33,,140144608.0,0.012621225209500153
2018-01-24,4559.58,4567.41,4504.06,4546.39,,147351804.0,-0.00042653017700988727
2018-01-25,4537.72,4543.78,4472.17,4516.45,,122788807.0,-0.0065854447154776175
2018-01-26,4502.08,4568.37,4501.06,4540.85,,116775308.0,0.005402473181370437
2018-01-29,4550.2,4561.43,4430.84,4448.92,,120273309.0,-0.020245108294702607
2018-01-30,4431.46,4453.45,4386.52,4390.17,,84066851.0,-0.013205452109725457
2018-01-31,4369.61,4445.79,4368.76,4441.55,,87268755.0,0.011703419229779355
2018-02-01,4444.33,4459.17,4393.33,4444.41,,120003132.0,0.0006439193524783171
2018-02-02,4407.92,4464.72,4376.86,4463.06,,86947964.0,0.004196282521189643
2018-02-05,4393.5,4476.91,4389.04,4476.91,,106436017.0,0.003103252028876957
2018-02-06,4377.76,4408.78,4334.25,4367.13,,145503862.0,-0.02452137746794103
2018-02-07,4420.14,4433.25,4236.39,4239.9,,137913529.0,-0.029133549951570137
2018-02-08,4205.3,4252.78,4129.35,4171.93,,107573555.0,-0.016031038467888226
2018-02-09,4046.12,4062.9,3881.44,3989.36,,138931276.0,-0.043761520447370916
2018-02-12,3989.49,4043.11,3963.61,4021.29,,73728575.0,0.008003790081617002
2018-02-13,4060.81,4136.58,4060.81,4079.64,,72740001.0,0.01451026909275388
2018-02-14,4091.12,4120.57,4068.26,4115.39,,42264040.0,0.008763028110323479
2018-02-22,4177.85,4210.59,4158.81,4202.26,,62458358.0,0.02110857051215076
2018-02-23,4214.91,4244.89,4188.76,4228.19,,59513996.0,0.006170489212947272
2018-02-26,4253.65,4274.92,4196.83,4263.7,,83943485.0,0.008398392692854362
2018-02-27,4271.55,4271.55,4177.79,4186.87,,75025203.0,-0.018019560475643237
2018-02-28,4143.07,4167.31,4113.2,4132.05,,61953165.0,-0.013093313143231033
2018-03-01,4103.24,4173.11,4094.14,4154.63,,53523641.0,0.005464599895935507
2018-03-02,4116.44,4153.54,4103.74,4122.09,,49778482.0,-0.00783222573369946
2018-03-05,4125.72,4155.36,4096.55,4118.86,,47123623.0,-0.0007835830852797043
2018-03-06,4138.74,4165.98,4088.14,4164.89,,79354283.0,0.011175422325595097
2018-03-07,4163.25,4199.73,4125.96,4137.16,,60472842.0,-0.006658038987824466
2018-03-08,4141.56,4186.38,4128.92,4185.51,,51367175.0,0.011686760966460152
2018-03-09,4198.76,4210.96,4182.21,4208.86,,62404924.0,0.005578770567983282
2018-03-12,4232.32,4239.14,4197.25,4215.12,,78242390.0,0.0014873386142566503
2018-03-13,4212.66,4225.08,4173.01,4178.22,,63245257.0,-0.0087541991687069
2018-03-14,4161.34,4174.75,4148.79,4162.23,,51669388.0,-0.0038269885262146586
2018-03-15,4144.81,4198.87,4144.81,4195.87,,47477627.0,0.00808220593287734
2018-03-16,4195.79,4212.23,4151.82,4152.88,,48113069.0,-0.010245789311870923
2018-03-19,4152.31,4178.44,4129.19,4177.79,,45805560.0,0.005998246999672441
2018-03-20,4149.52,4184.72,4144.57,4180.96,,44259577.0,0.0007587743759260857
2018-03-21,4209.01,4214.73,4146.55,4164.27,,54024637.0,-0.0039919061650911525
2018-03-22,4166.01,4175.01,4099.4,4118.34,,51407425.0,-0.011029544193820406
2018-03-23,3993.28,4022.76,3944.69,4016.17,,103077396.0,-0.024808539362947246
2018-03-26,3976.86,3983.94,3912.61,3959.63,,67298121.0,-0.014078089323908083
2018-03-27,4011.92,4020.82,3943.78,3974.87,,64336568.0,0.003848844462740253
2018-03-28,3924.02,3965.03,3884.13,3893.0,,56426119.0,-0.020596900024403286
2018-03-29,3903.48,3985.6,3835.81,3961.24,,69747024.0,0.0175288980220909
2018-03-30,3956.77,3965.94,3930.56,3942.11,,53860028.0,-0.004829295877048501
2018-04-02,3935.23,3986.13,3918.3,3920.94,,57957665.0,-0.005370220516423996
2018-04-03,3888.86,3917.1,3878.1,3898.58,,50860255.0,-0.005702714145077503
2018-04-04,3909.09,3945.84,3898.77,3905.43,,47371704.0,0.0017570500028214475
2018-04-09,3906.55,3922.97,3877.35,3903.66,,45368352.0,-0.0004532151389219363
2018-04-10,3911.41,3993.7,3900.1,3993.29,,61122765.0,0.022960503732394777
2018-04-11,3999.34,4032.52,3988.45,4007.79,,62390203.0,0.0036310911554131575
2018-04-12,4006.98,4006.98,3955.53,3958.6,,42064353.0,-0.012273597169512374
2018-04-13,3982.32,3991.49,3919.84,3924.84,,36780686.0,-0.008528267569342662
2018-04-16,3913.84,3921.45,3826.95,3844.02,,57892478.0,-0.02059192221848538
2018-04-17,3849.52,3860.65,3792.51,3795.89,,48570676.0,-0.012520746510163883
2018-04-18,3838.53,3842.02,3763.56,3812.76,,61153950.0,0.0044442805244619965
2018-04-19,3826.52,3874.1,3817.67,3863.84,,47754550.0,0.013397119147284364
2018-04-20,3854.36,3868.0,3799.55,3816.5,,53283108.0,-0.012252060126713316
2018-04-23,3807.74,3848.89,3802.89,3842.01,,51565133.0,0.006684134678370368
2018-04-24,3847.63,3939.83,3847.63,3922.83,,68746842.0,0.02103586403991642
2018-04-25,3903.47,3914.78,3888.75,3897.1,,44228474.0,-0.006559040284692452
2018-04-26,3890.1,3899.67,3806.26,3821.98,,49878359.0,-0.019275871802109212
2018-04-27,3838.49,3841.9,3762.2,3809.33,,53291453.0,-0.0033098027723850176
2018-05-02,3822.21,3837.16,3791.64,3813.49,,47374184.0,0.0010920555583264768
2018-05-03,3803.49,3848.21,3781.47,3841.94,,54673257.0,0.007460357834949249
2018-05-04,3832.32,3847.55,3811.7,3815.56,,38245445.0,-0.006866322743197428
2018-05-07,3822.25,3876.98,3811.26,3875.16,,47447409.0,0.015620249714327628
2018-05-08,3875.94,3948.51,3875.13,3931.69,,54856227.0,0.014587784762435607
2018-05-09,3928.76,3929.04,3904.36,3920.66,,35301758.0,-0.0028054093786641365
2018-05-10,3934.35,3949.09,3915.38,3943.08,,37057991.0,0.00571842495906294
2018-05-11,3954.12,3955.73,3924.88,3926.4,,39682770.0,-0.004230195684591709
2018-05-14,3944.61,3982.52,3944.61,3974.06,,47080500.0,0.012138345558272201
2018-05-15,3984.93,3985.43,3949.34,3977.9,,40696422.0,0.0009662662365439445
2018-05-16,3961.81,3968.86,3931.94,3936.09,,38017370.0,-0.010510570904245897
2018-05-17,3939.61,3944.76,3902.18,3907.43,,30177450.0,-0.007281337571041435
2018-05-18,3903.55,3956.68,3886.32,3956.68,,38160880.0,0.012604192525521807
2018-05-21,3977.65,3987.89,3958.15,3966.34,,46045009.0,0.002441440803906403
2018-05-22,3963.34,3963.34,3916.03,3941.41,,37349418.0,-0.006285391570062138
2018-05-23,3932.36,3932.36,3884.5,3884.5,,43932948.0,-0.014438995181927261
2018-05-24,3882.61,3890.65,3851.69,3855.3,,35395439.0,-0.00751705496202848
2018-05-25,3852.8,3876.27,3837.55,3851.49,,38617780.0,-0.00098824994163893
2018-05-28,3850.52,3886.63,3836.73,3873.67,,39099529.0,0.0057588102266916685
2018-05-29,3862.73,3880.52,3835.44,3847.59,,46158392.0,-0.006732633394171406
2018-05-30,3800.3,3812.74,3770.68,3772.24,,46558057.0,-0.019583687451105836
2018-05-31,3799.53,3864.12,3796.75,3860.97,,55566721.0,0.02352183318134582
2018-06-01,3848.86,3864.6,3821.39,3838.31,,40552959.0,-0.005868991471055129
2018-06-04,3862.77,3908.02,3855.11,3903.45,,41904882.0,0.016971010679179166
2018-06-05,3909.6,3937.61,3891.28,3934.23,,43471986.0,0.007885332206125417
2018-06-06,3928.98,3933.79,3914.78,3920.84,,39923012.0,-0.003403461414304698
2018-06-07,3931.02,3950.46,3915.17,3919.85,,44385264.0,-0.00025249691392670304
2018-06-08,3905.85,3905.91,3843.24,3863.9,,46204867.0,-0.014273505363725625
2018-06-11,3854.23,3886.58,3840.79,3875.79,,37734289.0,0.0030772017909366234
2018-06-12,3879.3,3930.81,3867.1,3925.9,,38103197.0,0.012928977060160607
2018-06-13,3912.92,3919.25,3886.67,3895.15,,34223557.0,-0.007832598894521037
2018-06-14,3881.12,3916.79,3865.12,3880.75,,36896923.0,-0.0036969051256049434
2018-06-15,3865.89,3888.67,3858.82,3872.6,,45616911.0,-0.002100109514913351
2018-06-19,3823.72,3834.03,3724.16,3761.53,,94132024.0,-0.02868098951608733
2018-06-20,3742.86,3781.0,3718.82,3768.49,,45690610.0,0.0018503109107197435
2018-06-21,3765.28,3809.58,3731.46,3735.29,,49308203.0,-0.008809894679301156
2018-06-22,3709.62,3738.08,3686.71,3737.84,,38432115.0,0.0006826779179127662
2018-06-25,3752.44,3756.6,3676.96,3678.62,,46001106.0,-0.015843374783297337
2018-06-26,3644.62,3652.75,3585.49,3639.32,,48604128.0,-0.010683354083868335
2018-06-27,3630.58,3645.3,3535.98,3555.04,,47249737.0,-0.023158172405834065
2018-06-28,3524.05,3569.96,3506.6,3515.75,,42724727.0,-0.011051915027678993
2018-06-29,3525.45,3602.57,3520.15,3600.85,,41901736.0,0.024205361587143592
2018-07-02,3591.85,3591.85,3455.38,3478.57,,48501266.0,-0.0339586486524015
2018-07-03,3482.45,3492.93,3383.74,3473.82,,53983952.0,-0.0013655036408639631
2018-07-04,3463.54,3490.52,3431.16,3435.61,,41588279.0,-0.010999418507579573
2018-07-05,3441.21,3480.14,3413.15,3435.92,,46649186.0,9.023142906205983e-05
2018-07-06,3444.28,3498.75,3396.5,3468.79,,46104325.0,0.009566578965749972
2018-07-09,3484.26,3568.58,3484.26,3568.3,,44085575.0,0.028687236759792345
2018-07-10,3572.93,3575.7,3535.23,3567.5,,37714147.0,-0.00022419639604298602
2018-07-11,3492.93,3524.63,3474.29,3506.75,,38685976.0,-0.017028731604765257
2018-07-12,3500.56,3595.08,3500.56,3573.66,,55329697.0,0.01908034504883438
2018-07-13,3582.99,3589.17,3564.09,3581.65,,41212857.0,0.0022358030702418485
2018-07-16,3577.45,3597.11,3537.71,3551.66,,37536159.0,-0.008373235799142953
2018-07-17,3547.12,3547.92,3498.94,3524.97,,33761654.0,-0.007514795898255988
2018-07-18,3534.65,3560.0,3505.99,3507.35,,36927994.0,-0.0049986241017653255
2018-07-19,3526.03,3550.4,3505.62,3516.79,,36926774.0,0.0026914907266168964
2018-07-20,3516.73,3610.96,3485.93,3594.45,,62813487.0,0.022082637860094012
2018-07-23,3575.25,3633.96,3568.49,3628.87,,68252396.0,0.009575873916732869
2018-07-24,3637.95,3702.56,3637.95,3684.64,,87061550.0,0.015368420472488653
2018-07-25,3696.15,3696.15,3664.72,3678.8,,50246151.0,-0.0015849580963132048
2018-07-26,3687.97,3699.26,3628.48,3635.83,,47804063.0,-0.011680439273676235
2018-07-27,3635.07,3648.75,3614.75,3625.75,,36375515.0,-0.0027724068507053445
2018-07-30,3625.61,3666.77,3602.06,3634.68,,44957932.0,0.0024629387023373805
2018-07-31,3628.45,3648.16,3609.02,3637.53,,37492454.0,0.0007841130443395627
2018-08-01,3653.05,3665.91,3559.42,3560.38,,49466135.0,-0.021209447069852394
2018-08-02,3547.99,3547.99,3442.02,3483.83,,53936654.0,-0.021500513990079795
2018-08-03,3480.45,3494.77,3431.69,3431.92,,38208844.0,-0.014900267808704792
2018-08-06,3433.88,3471.71,3392.81,3410.17,,42720902.0,-0.006337560316091229
2018-08-07,3423.05,3511.25,3407.15,3511.25,,51712376.0,0.029640751047601777
2018-08-08,3505.91,3510.82,3454.56,3458.23,,43860682.0,-0.01510003559985762
2018-08-09,3445.88,3552.23,3442.6,3543.31,,51872949.0,0.024602180884440772
2018-08-10,3545.73,3568.03,3520.75,3543.99,,38594982.0,0.0001919109533177199
2018-08-13,3508.71,3522.66,3462.45,3514.76,,43063473.0,-0.008247765936133966
2018-08-14,3512.03,3517.58,3478.68,3497.45,,33001999.0,-0.004924945088711663
2018-08-15,3494.98,3495.44,3411.0,3415.23,,37597268.0,-0.023508556233827416
2018-08-16,3374.99,3443.96,3354.76,3403.83,,44530562.0,-0.0033379889494997705
2018-08-17,3434.19,3438.38,3355.94,3361.87,,37076819.0,-0.01232729014081202
2018-08-20,3375.43,3409.42,3352.94,3409.42,,39998586.0,0.014143913952651355
2018-08-21,3414.23,3480.61,3413.21,3472.96,,42794441.0,0.01863660094678865
2018-08-22,3478.49,3478.49,3447.93,3459.22,,27889434.0,-0.003956279369759619
2018-08-23,3460.2,3486.66,3431.64,3469.32,,35703133.0,0.0029197333502930523
2018-08-24,3454.88,3509.42,3436.3,3477.4,,37798743.0,0.002328986660210086
2018-08-27,3493.92,3559.06,3493.43,3559.06,,56284446.0,0.023483062057859216
2018-08-28,3561.11,3569.93,3534.21,3545.9,,41431010.0,-0.003697605547532179
2018-08-29,3537.48,3546.02,3522.68,3532.01,,38757421.0,-0.003917200146648203
2018-08-30,3532.96,3551.53,3496.03,3496.74,,40127392.0,-0.009985815442198787
2018-08-31,3475.39,3507.94,3459.09,3487.98,,45668514.0,-0.0025051905489111848
2018-09-03,3470.76,3477.23,3445.85,3471.57,,35201762.0,-0.004704728811518399
2018-09-04,3475.49,3526.82,3453.89,3517.86,,36640043.0,0.013334024663192778
2018-09-05,3500.77,3505.25,3442.64,3442.64,,36691504.0,-0.021382317659031425
2018-09-06,3430.67,3454.26,3392.24,3401.26,,37042616.0,-0.012019845235052062
2018-09-07,3413.15,3458.37,3395.57,3422.25,,36675772.0,0.006171242421926015
2018-09-10,3414.24,3423.08,3380.81,3383.48,,35340915.0,-0.011328804149316918
2018-09-11,3382.28,3398.15,3357.7,3372.38,,32149335.0,-0.003280645962145501
2018-09-12,3361.53,3370.39,3337.1,3347.16,,29414682.0,-0.007478398045297485
2018-09-13,3388.25,3397.29,3343.91,3389.46,,38134176.0,0.012637579320976533
2018-09-14,3398.3,3416.37,3383.03,3405.75,,31363700.0,0.004806075304030655
2018-09-17,3387.52,3397.57,3369.73,3373.81,,28273921.0,-0.009378257358878428
2018-09-18,3362.29,3444.97,3362.18,3443.83,,41236645.0,0.0207539843678215
2018-09-19,3436.4,3514.28,3433.6,3489.53,,52759481.0,0.013270109151729326
2018-09-20,3492.72,3509.8,3480.16,3488.28,,37581872.0,-0.00035821443002348463
2018-09-21,3500.0,3604.85,3489.87,3604.85,,67269966.0,0.03341761555838407
2018-09-25,3566.22,3583.5,3553.7,3567.7,,40080981.0,-0.010305560564239924
2018-09-26,3578.13,3647.14,3573.69,3610.61,,55948443.0,0.012027356560248892
2018-09-27,3608.5,3615.2,3586.44,3602.48,,39175968.0,-0.002251697081656623
2018-09-28,3609.59,3656.15,3605.64,3641.08,,54688819.0,0.010714840887388721
2018-10-08,3553.53,3558.21,3470.34,3477.21,,62054697.0,-0.04500587737704198
2018-10-09,3473.66,3497.28,3463.36,3478.55,,39603584.0,0.0003853664288322456
2018-10-10,3484.57,3510.24,3447.91,3474.42,,38978493.0,-0.0011872763076569148
2018-10-11,3369.85,3409.68,3303.97,3331.31,,69536059.0,-0.0411896086253245
2018-10-12,3340.33,3413.6,3328.46,3401.65,,54927104.0,0.021114816693733163
2018-10-15,3403.0,3409.64,3350.85,3358.42,,39587376.0,-0.01270853850337339
2018-10-16,3360.56,3412.42,3340.31,3352.73,,37375099.0,-0.001694249081413246
2018-10-17,3394.51,3401.62,3313.94,3371.2,,44171864.0,0.005508943458017779
2018-10-18,3350.89,3350.89,3289.31,3290.39,,41222990.0,-0.023970692928334092
2018-10-19,3266.43,3393.66,3257.24,3389.76,,57353886.0,0.030200067469205782
2018-10-22,3412.38,3554.67,3412.38,3522.12,,88443548.0,0.039047012177853224
2018-10-23,3520.21,3523.59,3397.63,3417.95,,66448083.0,-0.029575937219629145
2018-10-24,3406.04,3495.3,3403.29,3429.4,,63005608.0,0.003349961234073051
2018-10-25,3349.29,3441.1,3341.62,3438.12,,56803014.0,0.0025427188429463232
2018-10-26,3445.02,3459.82,3387.45,3414.43,,52480984.0,-0.006890393587193011
2018-10-29,3394.09,3396.21,3280.18,3295.37,,53292480.0,-0.03486965613587034
2018-10-30,3277.81,3371.62,3272.82,3328.44,,63817430.0,0.010035291939903601
2018-10-31,3336.86,3389.0,3322.73,3375.16,,62598294.0,0.014036605737222096
2018-11-01,3409.76,3444.82,3391.37,3396.93,,72423176.0,0.006450064589530458
2018-11-02,3488.63,3517.77,3441.58,3515.67,,87566697.0,0.03495509180348155
2018-11-05,3488.18,3491.74,3444.06,3474.5,,56095110.0,-0.011710427884300878
2018-11-06,3466.86,3467.54,3422.42,3452.33,,42772371.0,-0.006380774212116913
2018-11-07,3454.2,3481.91,3425.15,3429.77,,48765942.0,-0.0065347171330666365
2018-11-08,3463.89,3465.76,3422.76,3428.97,,40109716.0,-0.0002332517923943067
2018-11-09,3406.67,3406.67,3365.36,3366.86,,49769988.0,-0.0181133109942635
2018-11-12,3357.91,3393.34,3346.83,3390.95,,46714799.0,0.007155034661375792
2018-11-13,3348.2,3438.35,3345.21,3421.0,,60317189.0,0.008861823382827927
2018-11-14,3418.25,3418.97,3374.26,3379.7,,57059675.0,-0.012072493422975783
2018-11-15,3376.21,3415.7,3372.94,3415.61,,49677441.0,0.010625203420421947
2018-11-16,3414.98,3454.38,3395.46,3427.76,,63329182.0,0.003557197689431746
2018-11-19,3431.47,3471.59,3425.53,3471.59,,56303493.0,0.0127867762037015
2018-11-20,3445.45,3456.67,3391.1,3397.46,,55068989.0,-0.021353328013964834
2018-11-21,3366.02,3411.57,3364.82,3404.46,,42979040.0,0.002060362741577615
2018-11-22,3411.1,3413.09,3372.45,3388.49,,31904100.0,-0.00469090545930928
2018-11-23,3381.81,3391.46,3326.29,3329.63,,41925142.0,-0.01737056919158675
2018-11-26,3339.03,3359.79,3320.85,3331.06,,29679233.0,0.0004294771491126781
2018-11-27,3339.12,3348.37,3310.11,3319.98,,28760799.0,-0.0033262685151272953
2018-11-28,3321.33,3363.57,3316.27,3359.7,,36105363.0,0.011963927493539028
2018-11-29,3381.91,3387.45,3323.86,3323.86,,41400206.0,-0.010667619132660566
2018-11-30,3324.99,3363.32,3324.23,3359.7,,37412498.0,0.010782644275029618
2018-12-03,3452.76,3464.42,3417.43,3449.99,,66117102.0,0.026874423311605167
2018-12-04,3446.3,3456.37,3430.86,3455.87,,43006305.0,0.001704352766239925
2018-12-05,3413.35,3451.36,3409.55,3436.87,,39361520.0,-0.005497891992464976
2018-12-06,3396.33,3403.81,3362.4,3365.28,,40499499.0,-0.02082999938897878
2018-12-07,3372.61,3381.14,3359.38,3364.17,,25978601.0,-0.000329838824704054
2018-12-10,3332.98,3351.85,3315.29,3328.19,,32292637.0,-0.010695059999940582
2018-12-11,3328.23,3344.12,3325.06,3341.6,,25355214.0,0.004029217081957359
2018-12-12,3369.47,3369.47,3341.79,3355.09,,25866331.0,0.004036988269092712
2018-12-13,3363.4,3425.72,3355.96,3410.89,,49340859.0,0.01663144654837856
2018-12-14,3394.51,3399.21,3360.63,3360.63,,43704441.0,-0.01473515709975981
2018-12-17,3353.97,3364.72,3333.94,3358.11,,36516715.0,-0.0007498594013621851
2018-12-18,3333.6,3360.18,3306.38,3319.23,,35527133.0,-0.011577941163332994
2018-12-19,3324.39,3329.29,3278.64,3283.51,,30865244.0,-0.010761532042069977
2018-12-20,3274.8,3289.23,3223.55,3246.6,,41224991.0,-0.011241019518746787
2018-12-21,3232.84,3235.62,3179.4,3202.92,,47819247.0,-0.013454075032341528
2018-12-24,3185.43,3210.02,3176.02,3206.78,,33214678.0,0.0012051503003509545
2018-12-25,3172.73,3203.48,3135.04,3188.61,,44426144.0,-0.005666119908444012
2018-12-26,3183.84,3199.12,3165.32,3170.56,,31017662.0,-0.005660773816804299
2018-12-27,3213.04,3216.95,3162.36,3162.36,,47675678.0,-0.0025862939039159594
2018-12-28,3167.05,3203.05,3161.8,3185.83,,40698662.0,0.007421672421862091
2019-01-02,3192.86,3195.73,3128.93,3141.96,,40035245.0,-0.013770351839238137
2019-01-03,3135.05,3173.56,3125.31,3143.91,,36858081.0,0.0006206317075965195
2019-01-04,3118.83,3216.32,3114.04,3213.01,,53366070.0,0.021979000671138893
2019-01-07,3233.38,3238.23,3206.53,3218.14,,49876796.0,0.0015966336861694685
2019-01-08,3215.04,3218.74,3199.46,3210.17,,40425135.0,-0.002476585853940394
2019-01-09,3234.29,3291.45,3230.44,3252.25,,58063566.0,0.013108340056757095
2019-01-10,3250.19,3266.26,3233.41,3245.53,,43125304.0,-0.002066261818740811
2019-01-11,3257.17,3281.24,3247.27,3273.4,,35750146.0,0.008587195311705598
2019-01-14,3268.03,3273.58,3239.48,3242.12,,34598593.0,-0.009555813527219459
2019-01-15,3247.95,3312.92,3241.06,3310.79,,44224955.0,0.021180585542793118
2019-01-16,3307.23,3319.54,3295.93,3313.65,,38854094.0,0.0008638421645590366
2019-01-17,3320.03,3329.03,3294.45,3296.08,,41651512.0,-0.005302310141384936
2019-01-18,3313.37,3361.34,3307.18,3356.9,,53576699.0,0.018452222033445764
2019-01-21,3358.43,3392.23,3358.43,3377.23,,49079710.0,0.006056182787691045
2019-01-22,3373.55,3373.55,3323.19,3331.9,,35303102.0,-0.013422242488666747
2019-01-23,3324.5,3349.53,3320.11,3327.9,,28609398.0,-0.0012005162219754784
2019-01-24,3335.59,3352.87,3311.32,3346.23,,34289513.0,0.0055079780041467075
2019-01-25,3354.81,3399.75,3353.69,3382.12,,44558323.0,0.010725503028781613
2019-01-28,3400.73,3430.16,3369.34,3380.02,,42970943.0,-0.0006209123271794237
2019-01-29,3373.25,3408.59,3354.03,3402.41,,40026508.0,0.006624221158454624
2019-01-30,3389.1,3411.19,3376.25,3376.98,,30782219.0,-0.007474113936885907
2019-01-31,3396.13,3436.07,3389.71,3431.22,,47142320.0,0.016061688254002116
2019-02-01,3458.75,3466.44,3429.29,3465.24,,45475063.0,0.009914840785493206
2019-02-11,3450.21,3519.86,3450.21,3518.76,,53707568.0,0.015444817674966416
2019-02-12,3518.46,3541.78,3504.95,3534.66,,70019885.0,0.00451863724721191
2019-02-13,3543.44,3613.56,3532.62,3603.39,,88322525.0,0.019444585900765476
2019-02-14,3597.95,3623.84,3589.0,3611.01,,92293283.0,0.0021146753473813007
2019-02-15,3596.98,3600.18,3528.85,3531.44,,86450902.0,-0.02203538622158352
2019-02-18,3563.92,3633.12,3563.7,3633.12,,103714593.0,0.02879278707835886
2019-02-19,3640.24,3676.45,3611.8,3629.9,,97370446.0,-0.0008862905711894964
2019-02-20,3645.34,3660.58,3618.1,3646.35,,82108326.0,0.004531805283892076
2019-02-21,3644.69,3690.24,3621.01,3632.77,,93171430.0,-0.003724272217422886
2019-02-22,3630.5,3704.31,3600.68,3704.31,,96520486.0,0.019692961569270917
2019-02-25,3758.14,3931.51,3758.14,3931.51,,189328775.0,0.061333959630808454
2019-02-26,3929.37,3955.15,3857.63,3863.43,,200999290.0,-0.017316501802106643
2019-02-27,3864.63,3933.48,3830.4,3870.75,,162775317.0,0.0018946894340003961
2019-02-28,3868.52,3891.66,3841.6,3863.07,,103294414.0,-0.001984111606277761
2019-03-01,3894.85,3963.82,3868.63,3963.82,,116404253.0,0.026080293652457787
2019-03-04,3995.32,4098.65,3971.77,3996.11,,176235607.0,0.008146182218163212
2019-03-05,3989.83,4005.15,3967.27,3999.87,,120350948.0,0.0009409150398762556
2019-03-06,4001.83,4033.34,3961.72,4023.74,,170627236.0,0.005967693950053254
2019-03-07,4013.18,4013.18,3934.92,3960.82,,168318404.0,-0.015637193258013604
2019-03-08,3873.22,3911.83,3804.29,3806.42,,152099274.0,-0.03898182699542019
2019-03-11,3805.41,3860.27,3790.81,3856.65,,114382121.0,0.01319612654410185
2019-03-12,3886.74,3923.53,3843.56,3868.54,,136547502.0,0.0030829865297603565
2019-03-13,3874.64,3889.06,3828.12,3853.95,,112494658.0,-0.0037714486602180575
2019-03-14,3844.05,3887.82,3829.08,3849.44,,92259631.0,-0.0011702279479494093
2019-03-15,3862.17,3934.28,3861.04,3894.71,,85916753.0,0.011760152126023549
2019-03-18,3901.34,4004.28,3884.69,4004.28,,116276038.0,0.028133031727651137
2019-03-19,4010.24,4024.32,3963.81,3979.95,,93890593.0,-0.0060759986814109546
2019-03-20,3968.69,4009.44,3946.21,3986.19,,85150108.0,0.001567858892699725
2019-03-21,3989.91,4002.96,3967.77,3975.63,,93362214.0,-0.002649146177176709
2019-03-22,3977.91,3990.02,3928.89,3968.94,,82519598.0,-0.0016827521675809587
2019-03-25,3910.49,3925.94,3855.33,3857.23,,99760797.0,-0.028146054110165464
2019-03-26,3882.92,3885.98,3815.2,3831.99,,81836522.0,-0.006543555867811968
2019-03-27,3854.93,3896.77,3843.29,3883.19,,68103724.0,0.013361203969739055
2019-03-28,3870.54,3892.57,3844.93,3874.97,,65747299.0,-0.0021168163288430852
2019-03-29,3887.67,4033.84,3887.67,4027.95,,115162405.0,0.03947901532140885
2019-04-01,4056.02,4129.4,4056.02,4118.34,,144581650.0,0.02244069563922113
2019-04-02,4128.1,4133.32,4096.15,4110.87,,111115712.0,-0.0018138376141844104
2019-04-03,4086.14,4168.82,4079.1,4163.02,,119422223.0,0.012685879144804124
2019-04-04,4175.71,4217.9,4165.76,4207.74,,131980154.0,0.0107422015748182
2019-04-08,4241.47,4275.51,4172.97,4209.24,,139345380.0,0.0003564859045472879
2019-04-09,4225.76,4243.64,4201.48,4239.58,,93934265.0,0.007207952029345099
2019-04-10,4231.94,4286.57,4201.49,4259.89,,100121219.0,0.0047905688771059385
2019-04-11,4258.69,4275.56,4161.32,4171.62,,83695953.0,-0.020721192331257465
2019-04-12,4158.32,4179.13,4133.39,4160.74,,64794083.0,-0.002608099491324789
2019-04-15,4233.59,4273.79,4161.59,4162.86,,100714007.0,0.0005095247480015885
2019-04-16,4144.15,4290.59,4131.88,4290.59,,115209072.0,0.030683232200938937
2019-04-17,4282.85,4304.41,4252.46,4285.49,,94637772.0,-0.0011886477151161756
2019-04-18,4285.28,4292.4,4255.04,4272.54,,71547364.0,-0.003021824808831619
2019-04-19,4280.64,4336.88,4248.99,4336.86,,72152288.0,0.015054276847027648
2019-04-22,4337.64,4338.75,4217.55,4228.97,,97193785.0,-0.024877445894033845
2019-04-23,4223.04,4276.96,4215.23,4236.31,,80109037.0,0.0017356472143335022
2019-04-24,4254.32,4265.46,4174.01,4235.78,,78681702.0,-0.00012510888013406163
2019-04-25,4216.69,4228.31,4149.12,4154.87,,82120023.0,-0.01910155862674645
2019-04-26,4134.22,4159.17,4101.45,4103.05,,74869293.0,-0.01247211104077861
2019-04-29,4117.4,4197.85,4106.29,4151.15,,80967791.0,0.011722986558779347
2019-04-30,4134.1,4171.65,4122.41,4154.38,,61015606.0,0.0007780976355951097
2019-05-06,4011.43,4029.97,3886.94,3927.17,,111044022.0,-0.05469167481068171
2019-05-07,3944.22,3977.35,3910.46,3957.33,,68942961.0,0.007679830514085273
2019-05-08,3881.94,3951.38,3877.21,3895.58,,59485895.0,-0.015603955192010743
2019-05-09,3865.87,3878.96,3794.37,3813.28,,55237213.0,-0.021126507477705392
2019-05-10,3861.22,3957.25,3809.62,3953.0,,79281256.0,0.03664037259262365
2019-05-13,3892.81,3922.85,3874.95,3886.63,,54238332.0,-0.016789779913989333
2019-05-14,3846.66,3903.66,3846.66,3862.44,,51863819.0,-0.006223900911586644
2019-05-15,3893.02,3969.75,3893.02,3952.87,,57044329.0,0.023412661426455816
2019-05-16,3944.78,3970.97,3930.23,3966.41,,60621923.0,0.003425359295903929
2019-05-17,3966.85,3967.46,3869.43,3881.0,,65420710.0,-0.021533326105974915
2019-05-20,3867.35,3884.54,3820.02,3848.76,,57928164.0,-0.00830713733573818
2019-05-21,3849.63,3920.84,3840.3,3888.66,,59582902.0,0.010366975337511297
2019-05-22,3883.27,3901.13,3855.19,3869.24,,51055869.0,-0.004994008218769497
2019-05-23,3845.51,3848.77,3797.78,3802.15,,53940829.0,-0.017339322450920513
2019-05-24,3808.98,3851.88,3807.94,3823.4,,42257651.0,0.005588943097984078
2019-05-27,3817.1,3867.2,3774.19,3854.98,,58497404.0,0.00825966417324886
2019-05-28,3850.16,3908.35,3845.22,3896.51,,66026386.0,0.01077307794074156
2019-05-29,3863.17,3926.66,3857.5,3893.31,,51150623.0,-0.0008212477319448075
2019-05-30,3878.24,3882.25,3841.39,3870.31,,51005989.0,-0.005907569651530498
2019-05-31,3867.05,3895.82,3850.46,3850.46,,46904358.0,-0.005128788133250239
2019-06-03,3863.04,3899.09,3841.15,3865.81,,54573547.0,0.00398653667354032
2019-06-04,3867.44,3872.42,3818.52,3831.63,,45595886.0,-0.008841614047250035
2019-06-05,3863.44,3872.21,3831.85,3835.51,,47394829.0,0.0010126238702587997
2019-06-06,3842.61,3842.61,3800.42,3808.94,,43655168.0,-0.006927370805968502
2019-06-10,3825.2,3878.54,3816.55,3863.84,,50321142.0,0.014413458862570616
2019-06-11,3872.66,3977.75,3872.66,3972.8,,80377429.0,0.028199925462752073
2019-06-12,3958.81,3959.97,3936.17,3944.84,,65204912.0,-0.00703785743052765
2019-06-13,3944.68,3948.94,3902.33,3934.08,,50233290.0,-0.002727613794222372
2019-06-14,3939.53,3963.37,3905.43,3910.98,,53593280.0,-0.005871766715470961
2019-06-17,3909.37,3943.92,3902.72,3912.09,,37223223.0,0.00028381633247942517
2019-06-18,3919.47,3934.09,3896.64,3927.64,,37638664.0,0.003974857429149159
2019-06-19,4024.67,4034.26,3979.7,3980.28,,71449973.0,0.013402450326404747
2019-06-20,3986.0,4131.51,3984.78,4113.12,,99050738.0,0.03337453646477129
2019-06-21,4112.54,4137.49,4093.16,4108.16,,86913227.0,-0.001205897226436381
2019-06-24,4111.14,4134.2,4095.16,4120.38,,56281582.0,0.0029745676896713036
2019-06-25,4116.49,4117.41,4024.49,4073.12,,71165263.0,-0.011469815890767454
2019-06-26,4052.8,4080.55,4045.08,4063.83,,44853165.0,-0.0022808068507679247
2019-06-27,4079.62,4130.13,4077.25,4110.66,,58906469.0,0.011523611962114488
2019-06-28,4106.88,4112.3,4077.8,4103.71,,43690663.0,-0.0016907260634544397
2019-07-01,4181.89,4225.53,4171.63,4220.48,,86117635.0,0.028454739735507495
2019-07-02,4215.1,4226.04,4202.62,4221.43,,73038183.0,0.00022509288043082165
2019-07-03,4210.51,4210.51,4154.6,4171.64,,64428081.0,-0.011794581456994413
2019-07-04,4175.12,4187.58,4134.04,4153.59,,56955914.0,-0.00432683548916013
2019-07-05,4155.4,4186.02,4135.92,4178.74,,40547383.0,0.006055003021482541
2019-07-08,4159.0,4159.0,4058.38,4088.88,,59425677.0,-0.021504089749541655
2019-07-09,4084.9,4096.98,4056.69,4073.27,,38463353.0,-0.0038176713427637843
2019-07-10,4092.91,4094.93,4057.09,4070.87,,37094938.0,-0.0005892071971659307
2019-07-11,4091.8,4119.75,4059.39,4068.65,,39050976.0,-0.0005453379744378983
2019-07-12,4065.09,4110.55,4059.75,4096.8,,43126399.0,0.006918756835805562
2019-07-15,4077.0,4126.27,4025.91,4102.33,,53510145.0,0.0013498340167934497
2019-07-16,4099.1,4106.68,4071.12,4077.0,,44819679.0,-0.0061745398346793046
2019-07-17,4068.52,4089.16,4053.96,4069.01,,54564848.0,-0.001959774343880283
2019-07-18,4057.19,4059.56,4036.88,4037.76,,49088047.0,-0.007680000786432051
2019-07-19,4061.85,4103.87,4061.14,4085.77,,49598334.0,0.011890255983515452
2019-07-22,4090.63,4098.22,4051.38,4070.68,,51336343.0,-0.003693306280089237
2019-07-23,4073.86,4078.36,4050.66,4068.6,,39538835.0,-0.0005109711399569061
2019-07-24,4085.29,4120.93,4084.94,4096.23,,50237192.0,0.006791033770830124
2019-07-25,4098.87,4134.55,4087.06,4134.55,,54971200.0,0.009354943447999808
2019-07-26,4116.1,4145.95,4114.29,4139.48,,47989125.0,0.0011923909494380158
2019-07-29,4138.12,4145.17,4123.83,4135.49,,46455930.0,-0.0009638891841486918
2019-07-30,4144.78,4174.92,4144.78,4152.32,,53614237.0,0.0040696507548076966
2019-07-31,4135.09,4136.01,4102.22,4109.84,,48162641.0,-0.010230425400739707
2019-08-01,4093.33,4105.02,4060.64,4072.69,,44965014.0,-0.009039281334553229
2019-08-02,3995.97,4022.66,3986.72,4013.82,,59584155.0,-0.014454819787413253
2019-08-05,3984.96,3998.55,3935.07,3935.8,,58550050.0,-0.019437842255008886
2019-08-06,3864.66,3916.71,3836.18,3902.88,,72964183.0,-0.008364246150719068
2019-08-07,3919.61,3923.17,3882.14,3882.14,,48890633.0,-0.005314024515229887
2019-08-08,3915.48,3944.67,3913.35,3938.47,,54102014.0,0.014510038277857129
2019-08-09,3956.38,3959.56,3898.55,3905.21,,49387831.0,-0.008444903731652076
2019-08-12,3923.05,3976.29,3920.86,3976.29,,45874000.0,0.0182013259210132
2019-08-13,3953.2,3964.91,3928.05,3935.87,,40505519.0,-0.010165254546323332
2019-08-14,3985.81,3991.58,3951.71,3952.78,,48544511.0,0.004296381740250599
2019-08-15,3886.7,3960.14,3881.38,3959.44,,46434767.0,0.00168489012796047
2019-08-16,3964.34,4006.26,3949.09,3974.75,,45671657.0,0.003866708423413412
2019-08-19,4000.75,4054.49,3980.26,4054.49,,77040195.0,0.020061639096798478
2019-08-20,4046.65,4065.31,4039.54,4051.63,,56371663.0,-0.0007053908136410714
2019-08-21,4044.35,4055.69,4039.19,4045.94,,41684365.0,-0.0014043730547952382
2019-08-22,4060.09,4063.63,4039.65,4061.4,,47428294.0,0.0038211144999678037
2019-08-23,4065.12,4106.17,4056.45,4096.19,,46688321.0,0.0085660117200963
2019-08-26,4027.82,4047.26,4013.73,4026.34,,49975191.0,-0.01705243164989889
2019-08-27,4052.9,4109.59,4052.74,4072.74,,69017876.0,0.011524113711211648
2019-08-28,4073.34,4078.27,4042.09,4056.38,,46238224.0,-0.004016951732740082
2019-08-29,4058.86,4063.16,4022.84,4040.01,,44209093.0,-0.004035617964786353
2019-08-30,4071.32,4084.78,4040.14,4063.48,,48738607.0,0.00580939156091187
2019-09-02,4067.42,4110.13,4062.83,4100.79,,56521395.0,0.009181785070924375
2019-09-03,4106.69,4110.24,4082.57,4102.48,,50502206.0,0.00041211571428911853
2019-09-04,4097.07,4136.84,4094.72,4136.84,,66126870.0,0.008375421696144913
2019-09-05,4160.47,4225.35,4160.47,4175.34,,96086237.0,0.009306620512275154
2019-09-06,4201.06,4207.01,4173.04,4206.94,,63962552.0,0.00756824593925276
2019-09-09,4238.74,4243.48,4205.77,4217.52,,79376309.0,0.0025148920593116575
2019-09-10,4224.12,4224.37,4182.82,4204.26,,68927600.0,-0.0031440277698743246
2019-09-11,4213.15,4214.99,4161.36,4174.37,,69512233.0,-0.007109455647367313
2019-09-12,4190.33,4228.84,4182.23,4226.31,,58303753.0,0.012442596128278138
2019-09-16,4232.37,4233.6,4187.43,4201.51,,56289092.0,-0.005868003057040383
2019-09-17,4189.8,4189.8,4123.5,4135.62,,58038678.0,-0.01568245702140425
2019-09-18,4150.24,4178.12,4150.07,4160.82,,41657106.0,0.006093403165668088
2019-09-19,4177.04,4177.14,4146.03,4167.84,,40894505.0,0.001687167433342518
2019-09-20,4178.25,4183.33,4164.46,4175.66,,53534642.0,0.0018762716419056247
2019-09-23,4165.64,4165.64,4107.18,4128.62,,43179494.0,-0.011265285008836945
2019-09-24,4136.08,4166.33,4127.08,4141.47,,40813398.0,0.0031124201306975685
2019-09-25,4128.2,4141.18,4115.54,4123.81,,44282621.0,-0.004264186387925029
2019-09-26,4139.45,4151.35,4109.22,4110.75,,53857832.0,-0.0031669742301416726
2019-09-27,4111.98,4121.48,4096.51,4114.71,,38680001.0,0.0009633278598795147
2019-09-30,4099.46,4120.25,4071.93,4073.04,,33342511.0,-0.010127080644808495
2019-10-08,4077.12,4132.84,4077.12,4110.78,,40611279.0,0.00926580637558172
2019-10-09,4093.14,4123.14,4075.93,4113.04,,42095619.0,0.0005497740088256098
2019-10-10,4103.11,4135.59,4091.86,4132.75,,39018025.0,0.004792075934102247
2019-10-11,4146.47,4191.59,4132.95,4182.37,,49781867.0,0.012006533180085821
2019-10-14,4217.11,4260.76,4203.33,4223.38,,70378602.0,0.00980544523798721
2019-10-15,4228.64,4228.64,4206.48,4216.82,,42992338.0,-0.0015532582907530346
2019-10-16,4217.68,4250.71,4197.54,4202.5,,43513600.0,-0.0033959239426866183
2019-10-17,4210.26,4216.57,4193.43,4206.13,,33578581.0,0.0008637715645449795
2019-10-18,4218.04,4225.68,4139.71,4143.18,,43707595.0,-0.01496625163749099
2019-10-21,4139.11,4166.67,4129.55,4160.07,,41743668.0,0.004076578859716351
2019-10-22,4180.12,4180.12,4142.25,4167.13,,36147188.0,0.0016970868278660678
2019-10-23,4163.3,4175.32,4133.73,4144.05,,39194041.0,-0.0055385841094469646
2019-10-24,4152.96,4168.94,4128.31,4145.39,,40261989.0,0.00032335517187287444
2019-10-25,4144.51,4167.36,4116.7,4163.32,,42267992.0,0.004325286643717341
2019-10-28,4166.59,4186.6,4156.37,4183.09,,51159627.0,0.0047486140868346904
2019-10-29,4189.39,4195.65,4173.82,4176.09,,42048286.0,-0.001673404110358656
2019-10-30,4172.73,4179.13,4146.96,4153.6,,40471317.0,-0.005385420333373969
2019-10-31,4173.76,4173.8,4148.89,4157.77,,46905418.0,0.0010039483821264739
2019-11-01,4156.16,4241.42,4147.24,4234.52,,50583355.0,0.018459414541929897
2019-11-04,4248.32,4264.64,4244.66,4258.42,,50130838.0,0.005644087169265788
2019-11-05,4263.64,4319.05,4252.06,4282.81,,60817361.0,0.005727476387956232
2019-11-06,4287.75,4288.18,4256.3,4266.87,,47181622.0,-0.0037218555107512152
2019-11-07,4266.8,4282.67,4250.36,4267.42,,40310881.0,0.00012890010710431277
2019-11-08,4295.63,4299.95,4242.28,4244.08,,47445489.0,-0.0054693468184523475
2019-11-11,4216.38,4216.38,4166.46,4171.32,,48929058.0,-0.017143880416957358
2019-11-12,4175.37,4184.16,4148.56,4173.08,,38695399.0,0.0004219287899274171
2019-11-13,4173.8,4176.66,4150.4,4166.64,,39632668.0,-0.0015432246685900264
2019-11-14,4175.49,4181.44,4158.94,4165.21,,44624675.0,-0.0003432021964940857
2019-11-15,4170.26,4174.2,4140.41,4140.47,,42744817.0,-0.0059396765109082095
2019-11-18,4138.83,4177.5,4129.36,4171.0,,39485517.0,0.007373559040398714
2019-11-19,4164.94,4200.59,4164.03,4200.59,,39346449.0,0.0070942220091105845
2019-11-20,4189.71,4193.38,4151.57,4157.87,,36730572.0,-0.010169999928581475
2019-11-21,4143.8,4145.16,4120.35,4134.16,,36761202.0,-0.005702438989193981
2019-11-22,4138.61,4160.75,4077.92,4093.21,,45662372.0,-0.009905277009114255
2019-11-25,4096.0,4134.1,4090.54,4134.01,,57840555.0,0.009967727040635532
2019-11-26,4150.39,4156.25,4124.11,4138.13,,61831338.0,0.0009966110386767646
2019-11-27,4131.87,4136.32,4108.78,4121.0,,39587484.0,-0.004139550956591576
2019-11-28,4124.1,4133.53,4095.05,4106.25,,32893239.0,-0.0035792283426352434
2019-11-29,4098.2,4103.52,4041.57,4063.95,,39516021.0,-0.010301369863013776
2019-12-02,4069.57,4090.97,4063.22,4071.17,,39395287.0,0.0017765966608842554
2019-12-03,4067.24,4087.92,4046.7,4087.72,,38146523.0,0.004065170454685019
2019-12-04,4080.75,4087.43,4063.13,4083.42,,45037436.0,-0.0010519311498830008
2019-12-05,4098.7,4113.69,4087.24,4106.45,,44429463.0,0.005639880296418154
2019-12-06,4114.31,4130.57,4107.75,4130.57,,40148667.0,0.005873686517551713
2019-12-09,4138.56,4141.13,4111.81,4123.49,,51534638.0,-0.001714049150601471
2019-12-10,4114.89,4125.64,4110.06,4124.25,,42440061.0,0.00018430989283357846
2019-12-11,4134.38,4138.99,4116.01,4133.63,,47829690.0,0.0022743529126507678
2019-12-12,4141.95,4141.95,4115.15,4120.73,,39000511.0,-0.003120743753069477
2019-12-13,4163.08,4212.06,4160.18,4211.01,,76063699.0,0.021908739470919203
2019-12-16,4208.58,4214.82,4186.28,4214.79,,73511851.0,0.0008976468828143513
2019-12-17,4214.75,4299.75,4208.26,4271.66,,103497305.0,0.01349296168966907
2019-12-18,4271.1,4289.22,4254.16,4261.73,,70666322.0,-0.0023246232143944168
2019-12-19,4264.94,4272.06,4246.25,4258.97,,59399217.0,-0.0006476243215781663
2019-12-20,4265.25,4280.36,4248.1,4251.42,,56646892.0,-0.0017727290870798162
2019-12-23,4255.13,4268.71,4201.75,4204.72,,57865134.0,-0.010984565157053372
2019-12-24,4207.69,4225.85,4200.39,4222.43,,44985039.0,0.004211933255960032
2019-12-25,4219.04,4220.8,4196.93,4209.62,,42820324.0,-0.003033798073621252
2019-12-26,4211.69,4243.91,4211.69,4243.91,,49352328.0,0.008145628346501566
2019-12-27,4247.1,4287.37,4244.54,4247.19,,71427889.0,0.0007728721862620969
2019-12-30,4241.99,4313.74,4231.04,4310.54,,82458463.0,0.014915744292108624
2019-12-31,4304.22,4319.41,4288.43,4317.93,,60633920.0,0.0017144023718607126
2020-01-02,4339.05,4389.18,4339.05,4366.06,,92784724.0,0.011146544756399424
2020-01-03,4375.96,4378.66,4339.83,4349.7,,72701813.0,-0.0037470854729436676
2020-01-06,4325.62,4363.25,4292.68,4319.58,,89219697.0,-0.006924615490723429
2020-01-07,4330.81,4356.92,4330.8,4351.43,,65682088.0,0.007373402043717281
2020-01-08,4327.38,4338.36,4293.52,4305.1,,84982595.0,-0.010647074639831056
2020-01-09,4340.7,4360.95,4338.46,4358.57,,69607257.0,0.01242015284197806
2020-01-10,4373.16,4376.77,4345.67,4356.82,,55485523.0,-0.0004015078339913991
2020-01-13,4362.0,4394.0,4346.05,4394.0,,57114489.0,0.00853374709076804
2020-01-14,4405.14,4415.49,4376.2,4378.11,,62819965.0,-0.003616294947655918
2020-01-15,4375.65,4385.26,4338.93,4350.26,,51099318.0,-0.00636119238666899
2020-01-16,4361.64,4361.93,4321.67,4328.29,,48464639.0,-0.005050272857254567
2020-01-17,4340.95,4358.89,4320.71,4334.26,,44722682.0,0.0013792975978967892
2020-01-20,4354.75,4359.02,4329.54,4354.81,,54476354.0,0.004741293784867651
2020-01-21,4329.72,4330.34,4269.91,4271.79,,62676295.0,-0.01906397753288902
2020-01-22,4250.09,4292.03,4203.23,4284.44,,61956954.0,0.0029612878910245666
2020-01-23,4244.98,4244.98,4124.32,4153.22,,82178571.0,-0.03062710645965383
2020-02-03,3778.15,3885.47,3778.15,3839.61,,98625279.0,-0.07551008615002341
2020-02-04,3824.08,3939.63,3824.08,3938.28,,111694635.0,0.025697922445248267
2020-02-05,3950.45,4005.37,3927.03,3970.63,,86046113.0,0.008214245812892873
2020-02-06,3991.28,4045.59,3955.02,4029.9,,84963643.0,0.014927102248257773
2020-02-07,4001.51,4016.0,3970.75,4016.0,,65361276.0,-0.003449217102161395
2020-02-10,3983.07,4032.55,3969.09,4026.48,,67936893.0,0.0026095617529879878
2020-02-11,4039.45,4092.76,4030.85,4076.09,,68943358.0,0.012320935407601707
2020-02-12,4066.89,4093.17,4057.58,4093.17,,57403573.0,0.004190290204583391
2020-02-13,4091.86,4107.56,4057.3,4062.01,,63991056.0,-0.007612681613517136
2020-02-14,4055.34,4099.6,4054.39,4090.18,,65618373.0,0.006934990312677636
2020-02-17,4096.66,4170.81,4094.0,4170.8,,87652623.0,0.01971062398231882
2020-02-18,4158.24,4159.22,4114.85,4133.49,,75881281.0,-0.008945526038170226
2020-02-19,4127.94,4165.05,4122.73,4140.72,,72967945.0,0.0017491272508221023
2020-02-20,4152.8,4237.37,4149.4,4232.73,,101589967.0,0.02222077319886373
2020-02-21,4218.69,4251.85,4207.96,4218.95,,99597270.0,-0.003255582094770948
2020-02-24,4198.7,4203.97,4157.89,4177.62,,99223922.0,-0.009796276324677944
2020-02-25,4120.62,4154.16,4082.95,4153.73,,108339437.0,-0.005718567030989052
2020-02-26,4103.02,4177.97,4095.74,4133.72,,124955581.0,-0.004817356929795458
2020-02-27,4138.92,4170.55,4136.73,4147.69,,80022609.0,0.003379522560792436
2020-02-28,4068.08,4100.88,4009.35,4016.82,,114497582.0,-0.031552502718380504
2020-03-02,4038.49,4165.39,4038.49,4142.27,,106605844.0,0.031231172917880468
2020-03-03,4194.5,4201.82,4139.38,4158.01,,102597097.0,0.003799848875133627
2020-03-04,4150.81,4191.4,4146.55,4190.05,,86004475.0,0.007705609173619177
2020-03-05,4220.36,4305.79,4205.92,4296.01,,113750658.0,0.025288481044378974
2020-03-06,4251.43,4267.9,4215.57,4218.17,,83459170.0,-0.01811913845638169
2020-03-09,4139.46,4139.46,4080.38,4086.24,,105611133.0,-0.03127659624908441
2020-03-10,4069.06,4181.12,4057.67,4167.16,,93697165.0,0.01980304632131258
2020-03-11,4174.68,4174.68,4112.8,4112.83,,70932203.0,-0.013037656341489123
2020-03-12,4065.65,4076.59,4023.03,4040.82,,74869324.0,-0.01750862544768439
2020-03-13,3867.59,4017.78,3856.29,3975.92,,93384743.0,-0.016061096510114337
2020-03-16,3974.55,3974.64,3812.77,3818.55,,91844126.0,-0.039580776273164475
2020-03-17,3820.7,3872.4,3712.9,3788.79,,82734102.0,-0.007793534194917018
2020-03-18,3802.76,3850.59,3706.99,3707.35,,75138065.0,-0.021494989165406375
2020-03-19,3688.08,3709.49,3554.29,3632.93,,95196634.0,-0.020073637503877473
2020-03-20,3672.55,3722.4,3645.09,3710.41,,70590096.0,0.021327138150198266
2020-03-23,3598.97,3647.54,3591.92,3603.71,,67651203.0,-0.028756929827161937
2020-03-24,3670.67,3714.06,3640.17,3711.53,,70322070.0,0.02991916663660521
2020-03-25,3799.61,3818.15,3771.08,3804.6,,74570160.0,0.025075912090162245
2020-03-26,3774.8,3824.02,3765.74,3781.34,,51938433.0,-0.00611365189507429
2020-03-27,3830.26,3847.32,3801.56,3801.58,,59496192.0,0.005352599872002983
2020-03-30,3749.96,3788.13,3741.04,3775.81,,62989052.0,-0.006778760410145246
2020-03-31,3811.61,3822.55,3780.97,3789.57,,55243672.0,0.0036442511672991618
2020-04-01,3787.56,3833.17,3774.56,3778.32,,55937541.0,-0.0029686745461886543
2020-04-02,3756.66,3830.3,3752.51,3830.3,,53365886.0,0.013757437167841724
2020-04-03,3815.38,3831.65,3794.95,3809.84,,47963517.0,-0.005341618150014327
2020-04-07,3876.65,3890.93,3862.3,3884.41,,68605580.0,0.01957300044096333
2020-04-08,3863.82,3873.74,3850.33,3861.95,,47883907.0,-0.005782087884646625
2020-04-09,3879.87,3884.13,3866.91,3870.57,,43895845.0,0.002232033040303616
2020-04-10,3875.27,3917.34,3857.86,3868.44,,49329345.0,-0.0005503065439974586
2020-04-13,3854.37,3874.71,3846.18,3860.63,,37782246.0,-0.0020189016761278378
2020-04-14,3885.18,3924.3,3869.0,3924.2,,53968419.0,0.016466224424510845
2020-04-15,3918.36,3925.61,3885.82,3890.79,,48814305.0,-0.008513837215228581
2020-04-16,3872.68,3895.44,3869.15,3888.73,,43777057.0,-0.0005294554576319443
2020-04-17,3918.06,3953.48,3906.5,3931.4,,63578538.0,0.010972734028847464
2020-04-20,3939.11,3947.62,3923.15,3945.96,,49536804.0,0.003703515287174941
2020-04-21,3932.78,3932.78,3872.96,3896.89,,47337425.0,-0.012435503654370628
2020-04-22,3881.96,3928.95,3874.01,3928.95,,39304651.0,0.008227073384160066
2020-04-23,3941.18,3950.68,3919.79,3923.62,,42882135.0,-0.0013565965461509455
2020-04-24,3916.07,3916.07,3888.7,3898.23,,42216828.0,-0.006471064985905883
2020-04-27,3910.18,3948.71,3903.25,3927.54,,47458620.0,0.007518796992481258
2020-04-28,3943.34,3972.37,3891.02,3962.12,,61679715.0,0.008804493397903013
2020-04-29,3950.56,3999.08,3947.46,3988.41,,50233121.0,0.006635336637961453
2020-04-30,3998.04,4040.05,3998.04,4014.94,,63990125.0,0.006651773513756121
2020-05-06,3962.5,4023.74,3962.27,4021.86,,68925373.0,0.0017235624940845629
2020-05-07,4021.21,4023.12,4000.43,4007.99,,50492696.0,-0.003448653110749822
2020-05-08,4025.51,4060.95,4016.71,4046.18,,54101102.0,0.009528466887392506
2020-05-11,4054.77,4084.24,4033.08,4045.23,,54742526.0,-0.0002347893568748205
2020-05-12,4047.15,4060.24,4023.12,4044.6,,44530471.0,-0.00015573898146703513
2020-05-13,4031.95,4053.07,4013.7,4049.05,,38350865.0,0.0011002324086437643
2020-05-14,4032.99,4032.99,4002.02,4003.67,,38031024.0,-0.011207567207122682
2020-05-15,4019.45,4023.59,3980.48,3982.68,,41586375.0,-0.005242689832079095
2020-05-18,3982.64,4019.97,3967.72,4001.71,,51304012.0,0.0047781895607983405
2020-05-19,4045.84,4047.2,4022.25,4030.15,,40882822.0,0.007106961773841736
2020-05-20,4031.35,4032.3,4009.2,4020.3,,44502345.0,-0.0024440777638549127
2020-05-21,4036.55,4036.55,3998.9,4004.03,,38714269.0,-0.004046961669527116
2020-05-22,3996.29,3996.29,3907.18,3907.18,,48122953.0,-0.02418813045856305
2020-05-25,3916.42,3920.61,3880.36,3920.24,,35868833.0,0.003342564202314602
2020-05-26,3941.63,3960.08,3934.95,3956.92,,34902707.0,0.009356570005918163
2020-05-27,3958.98,3963.23,3930.68,3936.75,,39346345.0,-0.00509739898709094
2020-05-28,3940.71,3984.61,3919.94,3954.93,,43360409.0,0.0046180224804723835
2020-05-29,3933.38,3961.76,3926.81,3952.13,,42206133.0,-0.0007079771323386108
2020-06-01,3987.31,4059.9,3987.31,4054.66,,64619962.0,0.025942972523677055
2020-06-02,4049.76,4083.12,4042.14,4075.48,,69158218.0,0.005134832513700394
2020-06-03,4094.64,4119.89,4076.81,4077.55,,64929115.0,0.0005079156320237921
2020-06-04,4095.14,4097.42,4065.25,4076.8,,51290586.0,-0.0001839339799634132
2020-06-05,4082.94,4098.55,4061.7,4098.55,,48902176.0,0.005335066718995307
2020-06-08,4120.26,4154.87,4119.32,4126.89,,75566391.0,0.006914640543606909
2020-06-09,4130.87,4155.67,4120.02,4148.49,,58462329.0,0.0052339655285214
2020-06-10,4149.17,4149.22,4122.18,4130.48,,57634122.0,-0.004341338655751925
2020-06-11,4116.32,4121.58,4062.06,4077.26,,63924613.0,-0.012884701051693592
2020-06-12,4019.3,4090.08,4014.51,4085.91,,66850730.0,0.0021215227873621068
2020-06-15,4057.61,4078.07,4026.07,4026.07,,65616738.0,-0.014645452298263972
2020-06-16,4067.91,4083.52,4061.05,4083.52,,52141957.0,0.01426949854324433
2020-06-17,4082.55,4082.67,4057.4,4080.36,,46784657.0,-0.0007738421753780145
2020-06-18,4072.42,4112.69,4062.13,4109.89,,64423797.0,0.0072371065298160175
2020-06-19,4111.96,4175.44,4108.13,4165.05,,76213589.0,0.013421283781317683
2020-06-22,4156.84,4183.29,4142.7,4154.47,,78586141.0,-0.002540185592009636
2020-06-23,4145.77,4168.28,4130.94,4164.8,,63431428.0,0.0024864784196299006
2020-06-24,4169.3,4192.43,4169.3,4187.09,,61959277.0,0.005351997694967414
2020-06-29,4174.23,4183.35,4140.12,4156.99,,66676147.0,-0.007188763556551292
2020-06-30,4172.97,4206.97,4171.78,4195.82,,60247627.0,0.009340893290578078
2020-07-01,4202.86,4298.6,4193.77,4298.6,,85328996.0,0.02449580773245774
2020-07-02,4288.84,4406.44,4287.86,4402.24,,128918663.0,0.024110175405946066
2020-07-03,4423.41,4497.0,4414.92,4497.0,,148432362.0,0.021525405248237206
2020-07-06,4546.93,4786.64,4546.93,4775.66,,220013937.0,0.06196575494774281
2020-07-07,4856.63,4890.56,4786.58,4786.58,,213286406.0,0.0022865949418509057
2020-07-08,4777.36,4887.29,4758.65,4846.84,,171524057.0,0.012589364431389471
2020-07-09,4840.1,4891.01,4814.57,4881.41,,168874383.0,0.0071324821945844
2020-07-10,4829.37,4843.79,4751.51,4768.15,,156421658.0,-0.023202312446608753
2020-07-13,4753.37,4881.05,4750.94,4843.74,,155503816.0,0.015853108648008263
2020-07-14,4825.56,4851.14,4732.19,4797.5,,143628361.0,-0.009546342289222798
2020-07-15,4809.76,4825.52,4730.14,4752.59,,128642416.0,-0.009361125586242802
2020-07-16,4749.96,4770.61,4534.16,4534.16,,138495677.0,-0.045960202752604484
2020-07-17,4542.63,4615.41,4511.75,4564.91,,98285847.0,0.00678185154471822
2020-07-20,4607.4,4701.83,4556.99,4696.32,,116011903.0,0.02878698594276763
2020-07-21,4711.09,4718.34,4670.6,4694.92,,85499461.0,-0.00029810575088573543
2020-07-22,4687.4,4792.75,4681.62,4712.13,,100426098.0,0.0036656641646715116
2020-07-23,4666.2,4718.33,4603.47,4696.67,,104502971.0,-0.0032808942028339505
2020-07-24,4664.55,4671.7,4479.3,4506.82,,108108939.0,-0.040422256620116004
2020-07-27,4536.28,4553.41,4474.43,4516.58,,75595772.0,0.0021656067914850308
2020-07-28,4553.1,4589.39,4536.3,4562.33,,69438897.0,0.010129345655341071
2020-07-29,4553.36,4648.61,4536.82,4647.39,,82910760.0,0.0186439823511233
2020-07-30,4652.27,4667.57,4612.87,4614.04,,66890500.0,-0.007176070869886142
2020-07-31,4612.32,4692.52,4572.19,4635.07,,81228560.0,0.0045578278471793965
2020-08-03,4663.93,4684.49,4643.12,4683.84,,92536149.0,0.010521955439723785
2020-08-04,4692.86,4734.02,4672.39,4714.05,,106388162.0,0.006449836031973799
2020-08-05,4694.31,4697.86,4642.04,4686.08,,83721705.0,-0.0059333269693788715
2020-08-06,4690.3,4708.2,4617.46,4681.99,,97449372.0,-0.0008727977328598646
2020-08-07,4661.42,4674.19,4573.57,4632.62,,92680486.0,-0.010544661564847457
2020-08-10,4609.84,4692.44,4577.81,4663.73,,95447578.0,0.006715422374379942
2020-08-11,4671.29,4739.28,4635.27,4641.23,,98354418.0,-0.0048244645380414175
2020-08-12,4629.55,4649.74,4556.64,4626.57,,92951678.0,-0.003158645445280661
2020-08-13,4642.89,4650.3,4604.51,4615.47,,70716451.0,-0.0023991855737618417
2020-08-14,4607.56,4688.63,4597.67,4684.47,,71903589.0,0.01494972343011658
2020-08-17,4706.53,4830.41,4705.36,4797.62,,143926076.0,0.024154279993254146
2020-08-18,4798.6,4804.04,4766.72,4789.92,,92420707.0,-0.0016049624605533053
2020-08-19,4781.81,4795.04,4730.17,4732.33,,89045714.0,-0.012023165313825745
2020-08-20,4703.83,4709.95,4657.53,4674.46,,74001311.0,-0.012228648467034198
2020-08-21,4713.38,4729.88,4679.18,4711.05,,62541026.0,0.007827642123368284
2020-08-24,4741.68,4764.41,4723.58,4741.65,,76979816.0,0.006495367274811148
2020-08-25,4755.89,4789.13,4744.44,4759.98,,67118416.0,0.003865742937585015
2020-08-26,4761.26,4788.83,4704.78,4719.78,,70315320.0,-0.008445413636191668
2020-08-27,4733.91,4736.95,4689.9,4731.71,,53312353.0,0.0025276601875512394
2020-08-28,4726.01,4856.45,4719.41,4850.41,,83001915.0,0.02508606825016746
2020-08-31,4879.59,4911.96,4822.67,4824.2,,104541696.0,-0.005403666906508953
2020-09-01,4810.54,4841.95,4799.67,4841.91,,62337089.0,0.0036710749968906775
2020-09-02,4862.81,4866.01,4797.32,4842.35,,79037539.0,9.087322977929801e-05
2020-09-03,4842.58,4886.04,4806.0,4822.56,,71300264.0,-0.004086858653339798
2020-09-04,4748.93,4777.41,4730.94,4769.72,,57650901.0,-0.010956836203178444
2020-09-07,4757.73,4792.44,4674.14,4688.85,,70646315.0,-0.01695487366134696
2020-09-08,4706.47,4733.83,4667.19,4724.05,,64703279.0,0.00750717126800815
2020-09-09,4669.03,4687.39,4610.04,4634.44,,62833224.0,-0.01896889321662565
2020-09-10,4678.73,4694.28,4636.89,4647.01,,65076650.0,0.002712301809927542
2020-09-11,4635.98,4679.51,4622.59,4673.31,,49372404.0,0.00565955313201405
2020-09-14,4693.77,4708.74,4676.07,4702.78,,44716664.0,0.006306022925934629
2020-09-15,4703.16,4744.23,4683.0,4740.16,,44467372.0,0.00794849004206033
2020-09-16,4733.8,4739.02,4690.16,4706.55,,45903228.0,-0.00709047795854989
2020-09-17,4693.69,4701.89,4649.87,4670.15,,47829915.0,-0.00773390275254715
2020-09-18,4675.87,4787.82,4668.6,4787.82,,82859487.0,0.02519619284177166
2020-09-21,4798.6,4801.45,4731.59,4732.77,,59016890.0,-0.011497925987192348
2020-09-22,4697.74,4750.33,4667.99,4681.23,,54633541.0,-0.01089002846113396
2020-09-23,4678.92,4696.6,4658.77,4678.9,,40830931.0,-0.0004977324335697642
2020-09-24,4654.91,4664.09,4597.53,4600.74,,54129639.0,-0.016704781038278216
2020-09-25,4619.0,4631.93,4593.69,4607.61,,42175235.0,0.0014932380443146709
2020-09-28,4619.24,4657.13,4618.55,4632.19,,39271180.0,0.005334652889458891
2020-09-29,4656.53,4658.58,4631.58,4631.74,,41535139.0,-9.714627422441335e-05
2020-09-30,4649.32,4679.29,4607.52,4630.33,,45222373.0,-0.00030442123262530707
2020-10-09,4694.48,4717.63,4682.07,4699.68,,52028314.0,0.014977334228877925
2020-10-12,4719.57,4852.05,4719.57,4851.62,,76687018.0,0.032329860756477036
2020-10-13,4843.95,4872.7,4826.65,4866.77,,51995048.0,0.003122668304607723
2020-10-14,4865.0,4865.0,4829.25,4845.16,,52737320.0,-0.004440316678207656
2020-10-15,4845.34,4884.29,4840.83,4847.54,,51194684.0,0.000491211848525186
2020-10-16,4849.94,4880.91,4828.54,4852.01,,60315370.0,0.0009221171975888343
2020-10-19,4885.17,4930.71,4823.55,4831.28,,68354636.0,-0.0042724561573451725
2020-10-20,4827.54,4862.23,4818.09,4862.2,,50408024.0,0.006399960258979043
2020-10-21,4870.02,4883.94,4840.37,4881.86,,54898532.0,0.004043437127226435
2020-10-22,4873.23,4890.63,4819.04,4879.7,,50216870.0,-0.0004424543104472045
2020-10-23,4872.5,4910.16,4837.72,4837.72,,58157086.0,-0.00860298788859959
2020-10-26,4804.05,4818.39,4760.07,4796.16,,58971276.0,-0.008590823776489787
2020-10-27,4786.98,4801.46,4768.88,4786.53,,46435927.0,-0.0020078562850280868
2020-10-28,4791.98,4841.36,4780.99,4824.7,,53063750.0,0.007974461666384602
2020-10-29,4774.75,4896.16,4771.95,4858.49,,57998384.0,0.007003544261819483
2020-10-30,4858.49,4863.81,4767.08,4778.26,,68237364.0,-0.0165133611471876
2020-11-02,4792.47,4833.46,4784.48,4807.32,,70587309.0,0.006081711752813579
2020-11-03,4831.5,4884.81,4827.09,4864.66,,67484749.0,0.011927643676726385
2020-11-04,4871.23,4923.08,4864.76,4915.08,,52499274.0,0.010364547573725513
2020-11-05,4961.49,4987.73,4937.36,4978.59,,67077490.0,0.012921458043409384
2020-11-06,4992.3,5007.17,4952.5,4993.62,,76061340.0,0.003018927045609354
2020-11-09,5028.59,5093.19,5028.59,5082.61,,94580874.0,0.017820739263299856
2020-11-10,5094.94,5095.28,5036.07,5060.27,,85962294.0,-0.0043953795392522865
2020-11-11,5050.17,5073.66,5027.42,5030.86,,80982423.0,-0.005811942840994844
2020-11-12,5038.59,5047.89,5012.8,5028.18,,59035442.0,-0.0005327121009129909
2020-11-13,5001.84,5001.84,4926.34,4957.86,,63353907.0,-0.013985179528179348
2020-11-16,4986.24,5008.47,4951.7,5008.47,,64380750.0,0.01020803330469211
2020-11-17,5010.32,5027.85,4983.5,5011.42,,66888632.0,0.0005890022302219577
2020-11-18,5006.89,5046.71,4999.55,5021.28,,83596223.0,0.0019675062158031054
2020-11-19,5011.31,5072.75,5001.45,5060.22,,63519410.0,0.007754994742376509
2020-11-20,5059.46,5071.6,5049.68,5067.67,,57660259.0,0.001472268004157895
2020-11-23,5080.76,5156.94,5070.22,5135.43,,92694126.0,0.013371036393451163
2020-11-24,5127.54,5132.3,5086.2,5101.69,,67168096.0,-0.006570043793801217
2020-11-25,5122.88,5136.0,5046.34,5046.34,,78214778.0,-0.010849346001030935
2020-11-26,5045.57,5067.98,5015.67,5066.54,,63995403.0,0.004002901112489354
2020-11-27,5080.74,5136.26,5070.39,5136.26,,86197229.0,0.013760870337548026
2020-11-30,5150.9,5224.3,5097.34,5097.34,,148824393.0,-0.00757749802385399
2020-12-01,5105.35,5213.15,5100.51,5207.93,,102485331.0,0.021695629485182444
2020-12-02,5214.55,5237.01,5185.0,5206.78,,92694637.0,-0.0002208171000763759
2020-12-03,5203.91,5210.41,5161.87,5193.53,,77386212.0,-0.0025447589489089317
2020-12-04,5188.62,5211.19,5154.71,5202.05,,68024014.0,0.0016405027024009033
2020-12-07,5205.5,5206.85,5139.94,5150.55,,66616875.0,-0.009899943291586943
2020-12-08,5158.1,5173.3,5122.62,5132.54,,56843497.0,-0.0034967139431711924
2020-12-09,5147.46,5158.72,5069.91,5069.91,,60815377.0,-0.012202535196997988
2020-12-10,5062.75,5091.54,5044.73,5066.95,,57824136.0,-0.0005838367939470235
2020-12-11,5086.68,5086.68,4980.9,5017.75,,74950907.0,-0.009709983323300975
2020-12-14,5033.98,5070.01,5019.93,5066.58,,57456708.0,0.009731453340640739
2020-12-15,5062.6,5078.24,5023.93,5067.21,,56932577.0,0.00012434423220408775
2020-12-16,5084.94,5104.69,5073.3,5091.91,,48041870.0,0.004874477276449962
2020-12-17,5105.83,5173.39,5099.69,5168.36,,57007910.0,0.015014012423628875
2020-12-18,5161.32,5177.32,5122.07,5142.88,,55997781.0,-0.004929997136422282
2020-12-21,5137.92,5172.61,5100.38,5169.92,,63490915.0,0.005257754409980331
2020-12-22,5162.11,5184.01,5097.87,5102.03,,74247258.0,-0.013131731245357825
2020-12-23,5115.98,5168.27,5098.29,5136.34,,63157120.0,0.006724774256521515
2020-12-24,5135.36,5166.04,5114.9,5139.46,,50151278.0,0.0006074364236012819
2020-12-25,5124.52,5171.1,5113.97,5169.61,,50289983.0,0.005866375066641227
2020-12-28,5171.29,5233.81,5168.19,5208.67,,58121733.0,0.007555695690777631
2020-12-29,5219.07,5225.28,5184.86,5191.03,,61478487.0,-0.003386661086227427
2020-12-30,5187.55,5263.93,5185.74,5263.93,,68825126.0,0.014043455730365695
2020-12-31,5269.16,5364.83,5269.16,5358.16,,79313739.0,0.01790107391245699
2021-01-04,5349.75,5410.05,5324.43,5389.63,,100438700.0,0.005873284858981531
2021-01-05,5368.86,5494.64,5357.82,5494.64,,107118123.0,0.019483712239986906
2021-01-06,5515.31,5582.71,5486.97,5575.13,,97337526.0,0.014648821396852085
2021-01-07,5591.29,5683.97,5569.86,5683.97,,97968491.0,0.019522414723961656
2021-01-08,5699.88,5724.26,5595.61,5652.08,,95270484.0,-0.005610515185688891
2021-01-11,5656.84,5710.52,5572.0,5599.31,,107119509.0,-0.009336385896873245
2021-01-12,5575.79,5772.24,5575.46,5772.24,,109026556.0,0.03088416251288084
2021-01-13,5782.95,5812.64,5700.25,5745.52,,126297620.0,-0.004629052153063529
2021-01-14,5724.88,5733.81,5618.72,5632.09,,122910867.0,-0.01974233837842354
2021-01-15,5641.05,5683.52,5566.71,5625.71,,133288160.0,-0.001132794397816772
2021-01-18,5605.78,5703.5,5580.13,5673.28,,106641792.0,0.008455821576298872
2021-01-19,5683.12,5690.04,5574.36,5597.02,,103273442.0,-0.013441959501381828
2021-01-20,5600.84,5646.72,5582.15,5619.18,,82582296.0,0.003959249743613613
2021-01-21,5637.66,5734.51,5632.01,5705.34,,91841050.0,0.015333198082282395
2021-01-22,5701.74,5711.45,5653.24,5699.63,,84481375.0,-0.0010008167786670352
2021-01-25,5696.36,5808.53,5678.21,5797.22,,86784733.0,0.017122164070299428
2021-01-26,5769.67,5769.67,5668.77,5673.78,,77130452.0,-0.02129296455887486
2021-01-27,5669.21,5694.53,5620.13,5687.83,,71561589.0,0.0024763032757704195
2021-01-28,5611.92,5615.45,5523.42,5543.81,,78186998.0,-0.02532072864343682
2021-01-29,5579.28,5598.79,5464.22,5522.78,,83904902.0,-0.0037934200486670067
2021-02-01,5530.12,5591.93,5514.83,5585.41,,72892208.0,0.011340303253071893
2021-02-02,5591.94,5655.47,5575.35,5652.83,,72663904.0,0.012070734288082807
2021-02-03,5650.0,5684.56,5623.49,5651.44,,75993906.0,-0.0002458945342421748
2021-02-04,5620.79,5699.43,5606.92,5662.89,,79425167.0,0.0020260323032714744
2021-02-05,5685.54,5777.06,5680.9,5716.01,,87583279.0,0.009380369387362197
2021-02-08,5742.14,5795.62,5704.76,5784.37,,72939066.0,0.011959391253689056
2021-02-09,5800.16,5894.43,5763.65,5894.43,,74123524.0,0.019027136922430632
2021-02-10,5920.75,6046.6,5920.62,6030.54,,80593954.0,0.023091291269893732
2021-02-18,6142.69,6154.55,5948.77,5972.15,,100490734.0,-0.009682383335489098
2021-02-19,5938.95,6005.13,5879.48,5993.8,,100483908.0,0.0036251601182155646
2021-02-22,5999.07,5999.07,5772.14,5772.14,,132203950.0,-0.036981547599185816
2021-02-23,5719.21,5830.17,5719.21,5764.09,,99773413.0,-0.0013946300678777668
2021-02-24,5780.97,5790.14,5557.48,5621.4,,94514879.0,-0.024754991681254168
2021-02-25,5680.6,5730.36,5637.34,5676.26,,102825948.0,0.009759134735119579
2021-02-26,5548.47,5621.87,5519.5,5531.53,,94903396.0,-0.02549742259868304
2021-03-01,5586.24,5606.34,5534.71,5597.68,,75738180.0,0.011958716666094382
2021-03-02,5636.65,5640.96,5468.54,5515.21,,80064625.0,-0.014732889339869382
2021-03-03,5497.72,5642.9,5489.83,5642.67,,85361639.0,0.023110634046572986
2021-03-04,5573.91,5578.98,5440.5,5469.98,,87140106.0,-0.030604306117494096
2021-03-05,5379.05,5489.25,5348.51,5441.14,,86651724.0,-0.005272414158735361
2021-03-08,5477.72,5505.35,5254.15,5254.46,,96014838.0,-0.034308986719694845
2021-03-09,5243.54,5275.15,5104.93,5152.0,,101295450.0,-0.019499625080407923
2021-03-10,5231.6,5245.82,5174.24,5192.27,,70269829.0,0.007816381987577614
2021-03-11,5218.43,5337.56,5214.95,5322.45,,81191191.0,0.025071885707022012
2021-03-12,5353.81,5353.81,5289.05,5346.92,,87542665.0,0.004597506787287875
2021-03-15,5319.03,5325.76,5183.73,5230.46,,86190932.0,-0.021780763504971046
2021-03-16,5252.04,5289.69,5217.65,5289.43,,64602094.0,0.011274342983217611
2021-03-17,5272.91,5327.97,5225.09,5294.93,,64624313.0,0.0010398095825070452
2021-03-18,5311.8,5355.73,5308.12,5336.51,,57776542.0,0.00785279503222891
2021-03-19,5264.88,5279.21,5155.3,5183.7,,73230004.0,-0.028634819385703447
2021-03-22,5184.08,5240.73,5168.35,5222.14,,69285693.0,0.0074155525975654335
2021-03-23,5228.25,5232.68,5139.33,5186.82,,63295310.0,-0.006763510744637324
2021-03-24,5168.29,5208.55,5103.12,5114.28,,63752519.0,-0.01398544773097965
2021-03-25,5092.44,5127.77,5065.16,5105.14,,57049264.0,-0.0017871528348075705
2021-03-26,5135.06,5224.32,5132.09,5210.2,,63693167.0,0.02057925933470961
2021-03-29,5224.32,5264.7,5181.47,5223.48,,68466916.0,0.00254884649341669
2021-03-30,5222.44,5287.4,5206.87,5274.59,,60369385.0,0.009784664629710615
2021-03-31,5265.81,5265.81,5184.7,5218.57,,65155905.0,-0.010620730710823145
2021-04-01,5232.54,5291.46,5227.97,5286.64,,49977468.0,0.013043803187463343
2021-04-02,5306.93,5346.0,5289.5,5338.86,,57199968.0,0.009877729521964751
2021-04-06,5353.66,5353.66,5287.38,5305.26,,47572181.0,-0.006293478383025519
2021-04-07,5306.1,5306.1,5216.75,5249.84,,63225649.0,-0.010446236376728035
2021-04-08,5220.52,5279.36,5205.3,5265.06,,51591768.0,0.0028991359736678657
2021-04-09,5249.56,5249.56,5165.54,5178.59,,52363639.0,-0.016423364596034995
2021-04-12,5171.65,5189.28,5088.77,5105.1,,65236098.0,-0.014191121521495154
2021-04-13,5110.32,5152.93,5076.24,5092.64,,61859937.0,-0.002440696558343669
2021-04-14,5101.42,5131.72,5083.12,5121.85,,59533442.0,0.0057357284237644635
2021-04-15,5109.89,5109.89,5028.16,5078.32,,52680744.0,-0.008498882239815764
2021-04-16,5098.08,5113.55,5048.63,5098.58,,48928024.0,0.0039895083413412635
2021-04-19,5099.81,5211.5,5069.16,5208.88,,67545679.0,0.021633474418367493
2021-04-20,5186.22,5242.94,5177.33,5207.69,,52455952.0,-0.000228456021256096
2021-04-21,5179.03,5237.56,5176.38,5225.17,,51405030.0,0.0033565746040951083
2021-04-22,5239.87,5245.04,5183.67,5203.7,,52637239.0,-0.004108957220530618
2021-04-23,5207.2,5279.76,5204.54,5267.63,,55856910.0,0.012285489171166786
2021-04-26,5292.29,5305.89,5188.51,5193.71,,69223793.0,-0.014032876265037575
2021-04-27,5193.16,5216.2,5162.45,5211.3,,53581848.0,0.0033867890197951667
2021-04-28,5186.46,5230.32,5175.36,5229.93,,52083991.0,0.003574923723447254
2021-04-29,5244.46,5292.58,5228.91,5287.43,,62758862.0,0.01099441101506149
2021-04-30,5287.14,5289.71,5210.98,5238.64,,74796208.0,-0.009227545329205333
2021-05-06,5209.99,5253.01,5150.35,5164.69,,71152340.0,-0.014116259181772506
2021-05-07,5181.45,5198.39,5099.26,5101.72,,74823795.0,-0.012192406514234033
2021-05-10,5103.61,5121.6,5050.65,5090.12,,66957187.0,-0.002273742972958237
2021-05-11,5054.19,5142.95,5037.13,5135.22,,57456830.0,0.008860301918226066
2021-05-12,5117.44,5159.36,5109.64,5150.61,,52053566.0,0.0029969504714499884
2021-05-13,5100.95,5127.34,5070.82,5093.66,,54359342.0,-0.011056942769885447
2021-05-14,5109.45,5214.85,5079.11,5211.87,,71832856.0,0.023207281208404096
2021-05-17,5213.45,5302.57,5213.45,5279.72,,66273986.0,0.013018360012816865
2021-05-18,5289.55,5299.21,5251.65,5281.94,,50315112.0,0.00042047684346879777
2021-05-19,5268.59,5279.98,5239.99,5254.08,,50179032.0,-0.005274577144003811
2021-05-20,5255.7,5288.93,5238.29,5279.0,,56067278.0,0.004742980693099419
2021-05-21,5290.54,5308.75,5210.13,5219.86,,50695613.0,-0.011202879333207072
2021-05-24,5224.07,5237.32,5174.51,5237.28,,54132415.0,0.0033372542558611773
2021-05-25,5248.4,5429.04,5247.36,5422.71,,88721228.0,0.03540578315461462
2021-05-26,5434.26,5454.32,5411.51,5426.55,,69756889.0,0.0007081330183615897
2021-05-27,5420.44,5492.41,5387.28,5437.36,,60871230.0,0.00199205756880505
2021-05-28,5437.74,5457.73,5382.58,5419.15,,68568185.0,-0.0033490517457001046
2021-05-31,5408.48,5408.48,5351.37,5405.03,,57808874.0,-0.0026055746749951147
2021-06-01,5395.91,5418.56,5345.25,5416.53,,59102370.0,0.002127647765137297
2021-06-02,5424.09,5428.81,5347.55,5372.1,,59247846.0,-0.008202668498097365
2021-06-03,5368.82,5402.15,5341.64,5344.49,,60294023.0,-0.005139517134826299
2021-06-04,5317.37,5426.98,5311.89,5372.73,,64463730.0,0.005283946644113913
2021-06-07,5370.95,5372.55,5321.9,5355.82,,55322024.0,-0.0031473757289124382
2021-06-08,5353.86,5396.23,5278.04,5309.25,,56666150.0,-0.008695213804795432
2021-06-09,5301.98,5336.14,5294.86,5316.57,,53904529.0,0.001378725808729886
2021-06-10,5317.26,5378.48,5307.06,5344.73,,64884363.0,0.005296648026829276
2021-06-11,5345.91,5347.13,5282.18,5296.73,,85592092.0,-0.00898080913348287
2021-06-15,5291.29,5298.81,5197.51,5230.95,,69039985.0,-0.012418983032927766
2021-06-16,5227.63,5233.1,5156.01,5161.49,,60830974.0,-0.013278658752234329
2021-06-17,5152.2,5191.51,5136.14,5154.59,,55768918.0,-0.001336823281649191
2021-06-18,5151.47,5170.03,5091.72,5126.9,,72711798.0,-0.005371911248033379
2021-06-21,5109.18,5132.3,5070.4,5095.7,,63536241.0,-0.006085548772162497
2021-06-22,5113.57,5139.96,5094.52,5129.65,,63543561.0,0.006662480130305903
2021-06-23,5134.03,5170.72,5117.06,5145.15,,58206838.0,0.003021648650492814
2021-06-24,5155.11,5171.75,5119.42,5168.38,,54493208.0,0.004514931537467515
2021-06-25,5170.32,5264.68,5166.99,5252.36,,67946276.0,0.016248805234909014
2021-06-28,5268.03,5271.99,5226.35,5251.24,,58889776.0,-0.00021323747800983117
2021-06-29,5247.13,5247.33,5175.77,5184.54,,56881721.0,-0.012701761869577388
2021-06-30,5177.59,5214.47,5174.91,5205.36,,45340055.0,0.00401578539272518
2021-07-01,5225.34,5241.36,5172.44,5241.25,,57497481.0,0.006894816112622326
2021-07-02,5189.31,5189.31,5063.57,5070.22,,64122759.0,-0.03263152873837338
2021-07-05,5058.21,5071.08,5021.33,5056.54,,58141646.0,-0.0026981077744161475
2021-07-06,5056.31,5064.59,5006.14,5061.16,,59112178.0,0.000913668239547194
2021-07-07,5036.88,5106.54,5031.95,5092.37,,53262130.0,0.006166570509527514
2021-07-08,5101.68,5104.56,5007.36,5019.89,,67667626.0,-0.014233058477683191
2021-07-09,4996.14,5012.3,4948.31,4993.44,,59679049.0,-0.005269039759835503
2021-07-12,5028.96,5070.33,4983.57,5038.34,,77509355.0,0.008991797237976273
2021-07-13,5036.56,5068.32,5025.47,5052.57,,63230039.0,0.0028243429383485452
2021-07-14,5045.28,5045.28,4986.01,4999.17,,76823104.0,-0.010568878808210447
2021-07-15,4991.77,5078.19,4985.74,5074.15,,71339199.0,0.014998489749298294
2021-07-16,5063.42,5065.79,5006.36,5010.98,,61888782.0,-0.012449375757516035
2021-07-19,5000.27,5047.45,4957.49,5039.59,,60484575.0,0.005709462021401102
2021-07-20,5006.0,5032.48,4990.7,5019.5,,49052903.0,-0.003986435404467414
2021-07-21,5030.33,5065.43,5016.06,5026.13,,61391469.0,0.0013208486901086225
2021-07-22,5028.7,5055.15,5012.01,5019.75,,67007043.0,-0.001269366291759333
2021-07-23,5011.48,5011.48,4947.13,4954.77,,75802553.0,-0.012944867772299307
2021-07-26,4926.47,4926.47,4715.64,4762.99,,88492636.0,-0.03870613570357462
2021-07-27,4760.03,4768.32,4585.6,4592.43,,90653223.0,-0.03580943902884526
2021-07-28,4562.82,4640.56,4536.5,4622.34,,78647798.0,0.006512891867703985
2021-07-29,4698.48,4702.1,4637.13,4662.92,,67272788.0,0.008779103224773488
2021-07-30,4634.28,4634.28,4559.22,4593.65,,65521965.0,-0.01485549827146948
2021-08-02,4566.32,4729.54,4526.25,4723.45,,88902170.0,0.028256397418175094
2021-08-03,4701.26,4760.6,4685.74,4754.87,,70472480.0,0.006651917560257958
2021-08-04,4749.17,4768.91,4727.23,4761.81,,60727875.0,0.0014595562023778097
2021-08-05,4726.55,4792.13,4703.99,4733.05,,60411328.0,-0.006039720190431863
2021-08-06,4717.67,4717.81,4680.72,4701.65,,52923235.0,-0.006634199934503204
2021-08-09,4673.15,4805.0,4669.99,4779.75,,73159796.0,0.016611189688726435
2021-08-10,4774.08,4858.27,4725.86,4858.14,,62098766.0,0.016400439353522644
2021-08-11,4851.8,4879.68,4820.86,4826.03,,71827353.0,-0.006609525456244714
2021-08-12,4810.91,4826.61,4771.85,4776.09,,57790486.0,-0.010348050053563651
2021-08-13,4759.76,4792.89,4735.66,4762.26,,53993800.0,-0.002895674076493493
2021-08-16,4756.28,4800.34,4747.78,4772.41,,58006562.0,0.002131341001961218
2021-08-17,4765.79,4794.54,4658.7,4669.78,,70425026.0,-0.021504858132473936
2021-08-18,4667.39,4746.5,4641.11,4726.65,,79562131.0,0.01217830390296748
2021-08-19,4716.36,4722.56,4641.66,4663.64,,78177909.0,-0.013330794537357193
2021-08-20,4607.08,4620.69,4515.78,4556.65,,68886015.0,-0.022941307648103315
2021-08-23,4558.56,4606.61,4548.14,4594.73,,58473464.0,0.008357016667946748
2021-08-24,4605.39,4666.94,4603.66,4649.51,,68673609.0,0.011922354523552059
2021-08-25,4654.42,4673.9,4633.15,4656.84,,67178585.0,0.0015765102129041697
2021-08-26,4654.25,4654.25,4550.6,4551.79,,66911659.0,-0.022558215442231244
2021-08-27,4545.65,4622.92,4544.82,4581.99,,65731366.0,0.006634752481990525
2021-08-30,4603.27,4604.96,4523.18,4552.31,,87775061.0,-0.006477534870219959
2021-08-31,4547.18,4574.78,4485.86,4543.54,,99662963.0,-0.0019264944610539736
2021-09-01,4537.02,4681.72,4504.17,4647.37,,138208221.0,0.022852225357320455
2021-09-02,4649.89,4675.04,4615.02,4643.94,,104976972.0,-0.000738051844376586
2021-09-03,4649.79,4676.12,4594.04,4644.11,,106472101.0,3.660684677231352e-05
2021-09-06,4639.58,4739.13,4635.92,4721.73,,100462285.0,0.016713643733675454
2021-09-07,4719.96,4783.68,4693.37,4766.86,,103162927.0,0.009557937450892062
2021-09-08,4758.42,4783.98,4719.7,4733.97,,102474346.0,-0.006899720151210542
2021-09-09,4714.79,4730.56,4698.02,4730.15,,105808997.0,-0.0008069337152539768
2021-09-10,4728.39,4816.87,4725.02,4786.55,,121635495.0,0.011923511939367692
2021-09-13,4777.8,4808.65,4743.52,4771.53,,102741714.0,-0.003137959490656206
2021-09-14,4774.07,4785.92,4685.43,4693.48,,108152212.0,-0.01635743671317169
2021-09-15,4678.6,4678.6,4608.22,4632.37,,80217079.0,-0.013020189709980534
2021-09-16,4629.82,4646.81,4590.2,4608.18,,91077466.0,-0.005221949023933692
2021-09-17,4597.1,4661.33,4590.11,4661.19,,80290192.0,0.011503456896214903
2021-09-22,4572.54,4616.14,4566.64,4606.72,,85686099.0,-0.011685857045089176
2021-09-23,4627.02,4661.03,4602.14,4619.62,,86207079.0,0.002800257015837637
2021-09-24,4609.51,4677.22,4607.99,4634.16,,79107231.0,0.003147445027946061
2021-09-27,4661.28,4750.32,4661.28,4716.42,,90112655.0,0.017750789787145838
2021-09-28,4711.14,4747.99,4681.62,4730.24,,77160573.0,0.0029301885752328616
2021-09-29,4697.47,4745.72,4660.06,4715.59,,82400822.0,-0.0030970944391827127
2021-09-30,4719.9,4745.08,4714.07,4730.05,,61091143.0,0.0030664243498692567
2021-10-08,4780.8,4838.49,4761.21,4825.59,,80840317.0,0.020198517986067754
2021-10-11,4840.15,4903.09,4838.33,4840.89,,75926609.0,0.0031705967560444748
2021-10-12,4824.33,4844.5,4772.21,4811.92,,73674235.0,-0.00598443674613558
2021-10-13,4806.1,4884.38,4795.17,4863.96,,59103558.0,0.010814809888776145
2021-10-14,4860.68,4879.68,4818.24,4827.06,,48502063.0,-0.007586411072459387
2021-10-15,4807.79,4851.13,4797.37,4843.24,,64173736.0,0.0033519367896812646
2021-10-18,4830.97,4830.97,4734.19,4757.94,,62523953.0,-0.017612176972439997
2021-10-19,4750.06,4818.12,4750.05,4807.55,,58388529.0,0.010426781338142233
2021-10-20,4821.2,4841.46,4781.88,4795.05,,57042678.0,-0.0026000769622780417
2021-10-21,4798.85,4842.71,4791.41,4828.04,,64972027.0,0.006880011678710218
2021-10-22,4840.99,4903.97,4834.15,4876.85,,60743829.0,0.010109692546043547
2021-10-25,4852.57,4873.15,4830.63,4869.75,,59106659.0,-0.001455857777048819
2021-10-26,4867.01,4887.79,4832.93,4839.49,,54179869.0,-0.006213871348631939
2021-10-27,4821.35,4821.35,4753.42,4767.84,,60593537.0,-0.014805279068662136
2021-10-28,4750.52,4769.68,4732.58,4747.06,,61272443.0,-0.004358367730460722
2021-10-29,4748.5,4785.49,4742.28,4785.49,,68190999.0,0.008095537027128286
2021-11-01,4742.17,4780.64,4716.66,4766.19,,74671530.0,-0.00403302483131307
2021-11-02,4758.58,4783.78,4663.42,4703.06,,84504966.0,-0.013245380482103997
2021-11-03,4696.87,4718.07,4664.53,4674.34,,61018762.0,-0.006106662470816926
2021-11-04,4695.2,4730.44,4688.47,4720.78,,56726461.0,0.009935092440857884
2021-11-05,4708.41,4743.74,4694.85,4703.05,,55430426.0,-0.0037557352810340117
2021-11-08,4699.64,4719.89,4680.95,4697.69,,51224647.0,-0.0011396859484803512
2021-11-09,4706.29,4719.62,4662.52,4682.99,,48321779.0,-0.0031291975417705453
2021-11-10,4670.07,4671.73,4593.2,4653.01,,59496292.0,-0.006401892807800014
2021-11-11,4649.48,4742.09,4642.37,4741.91,,75154885.0,0.01910591208701451
2021-11-12,4750.15,4753.97,4711.99,4722.25,,53462822.0,-0.004146008675828927
2021-11-15,4732.94,4747.64,4711.28,4730.72,,47408805.0,0.0017936365080206684
2021-11-16,4733.39,4767.75,4731.22,4741.72,,49382808.0,0.00232522744952135
2021-11-17,4738.48,4749.52,4715.98,4728.31,,41670505.0,-0.002828087698134807
2021-11-18,4713.59,4713.59,4672.61,4677.91,,41719716.0,-0.010659199587167656
2021-11-19,4670.83,4738.44,4669.84,4731.65,,50984387.0,0.01148803632391382
2021-11-22,4737.39,4752.73,4725.45,4731.73,,52491966.0,1.6907421301226577e-05
2021-11-23,4723.58,4756.62,4717.57,4738.3,,54576370.0,0.0013884984984351423
2021-11-24,4743.76,4774.8,4729.31,4756.4,,47626387.0,0.0038199354198762414
2021-11-25,4759.2,4764.04,4727.52,4734.72,,42109065.0,-0.00455806912791179
2021-11-26,4726.58,4726.63,4680.86,4690.84,,44049349.0,-0.009267707488510468
2021-11-29,4657.24,4687.49,4652.02,4678.9,,49060685.0,-0.002545386327395649
2021-11-30,4679.68,4692.93,4629.38,4645.25,,47525717.0,-0.007191861334929106
2021-12-01,4649.07,4665.1,4639.21,4663.84,,45702430.0,0.004001937462999816
2021-12-02,4656.84,4688.41,4643.21,4678.33,,55691027.0,0.003106881882740442
2021-12-03,4678.95,4723.63,4674.77,4723.63,,53640169.0,0.009682942417486684
2021-12-06,4735.61,4778.25,4729.66,4733.9,,71683087.0,0.00217417536936626
2021-12-07,4770.95,4784.4,4751.5,4774.66,,72170536.0,0.008610236802636395
2021-12-08,4786.06,4845.45,4758.72,4844.25,,62352212.0,0.014574859780591698
2021-12-09,4851.09,4975.3,4848.92,4931.76,,96332717.0,0.018064715900294237
2021-12-10,4899.62,4917.77,4890.83,4914.5,,82222147.0,-0.0034997647898519224
2021-12-13,4955.52,5016.28,4943.59,4945.97,,96722898.0,0.006403499847390526
2021-12-14,4929.02,4940.63,4903.61,4914.79,,70174374.0,-0.006304122346071694
2021-12-15,4900.93,4928.79,4870.91,4871.64,,58639652.0,-0.00877962232363938
2021-12-16,4871.38,4893.75,4849.01,4893.75,,56618945.0,0.004538512697982444
2021-12-17,4877.69,4880.74,4815.04,4817.77,,59420597.0,-0.015525925925925832
2021-12-20,4801.45,4837.77,4751.33,4761.68,,60047402.0,-0.011642315843222062
2021-12-21,4756.45,4796.23,4752.59,4788.96,,53944931.0,0.005729070412123338
2021-12-22,4800.14,4813.76,4772.97,4785.6,,49505510.0,-0.0007016137115364307
2021-12-23,4796.25,4825.84,4772.32,4825.84,,52920960.0,0.008408559010364414
2021-12-24,4829.91,4843.84,4787.35,4805.85,,55382450.0,-0.004142284037597532
2021-12-27,4801.13,4819.23,4775.41,4798.76,,49440171.0,-0.0014752853293382717
2021-12-28,4802.73,4839.65,4798.1,4834.71,,55382538.0,0.0074915186423158975
2021-12-29,4839.83,4839.83,4747.92,4747.92,,47192489.0,-0.017951438659195684
2021-12-30,4747.58,4801.1,4741.52,4780.37,,51270748.0,0.006834571770375275
2021-12-31,4797.01,4808.63,4775.77,4792.91,,49029918.0,0.002623227909136716
2022-01-04,4812.64,4816.78,4726.52,4779.48,,66256406.0,-0.002802055536198278
2022-01-05,4767.91,4799.21,4735.61,4751.67,,84478278.0,-0.005818624620251511
2022-01-06,4728.15,4741.61,4665.31,4687.43,,67779930.0,-0.013519457369724708
2022-01-07,4696.8,4731.96,4693.2,4704.76,,87466153.0,0.003697121877020093
2022-01-10,4692.19,4727.87,4661.74,4724.55,,71371750.0,0.004206378221205842
2022-01-11,4719.53,4737.55,4681.27,4686.56,,66890507.0,-0.008040977447587583
2022-01-12,4708.74,4737.95,4698.98,4729.63,,66058541.0,0.009190109589976458
2022-01-13,4740.77,4743.0,4653.52,4654.33,,67619868.0,-0.015920907132270457
2022-01-14,4632.81,4648.66,4603.95,4605.96,,69271550.0,-0.010392473245343536
2022-01-17,4610.58,4649.88,4606.42,4640.95,,52459790.0,0.007596679085358993
2022-01-18,4641.11,4701.37,4620.81,4689.74,,67638993.0,0.010512933774335043
2022-01-19,4699.2,4711.34,4642.28,4667.31,,61365205.0,-0.004782781134988201
2022-01-20,4662.58,4755.3,4662.08,4732.76,,80303535.0,0.014023066820074037
2022-01-21,4718.09,4730.24,4674.95,4697.35,,65316853.0,-0.007481892172854665
2022-01-24,4671.68,4708.51,4656.89,4691.64,,55073246.0,-0.001215578996668354
2022-01-25,4663.05,4680.39,4592.26,4592.53,,61969091.0,-0.021124809235150255
2022-01-26,4613.06,4633.55,4569.33,4632.75,,48895626.0,0.008757700004137225
2022-01-27,4628.3,4629.15,4542.9,4546.82,,58127111.0,-0.018548378392963194
2022-01-28,4570.01,4588.47,4480.62,4486.91,,63158077.0,-0.013176241856946103
2022-02-07,4563.63,4591.47,4533.39,4555.24,,68600176.0,0.01522874316623235
2022-02-08,4546.31,4546.31,4443.51,4528.42,,77484644.0,-0.005887724905822678
2022-02-09,4529.25,4581.03,4520.52,4571.6,,72593566.0,0.009535334620021985
2022-02-10,4578.01,4578.01,4523.09,4556.18,,69306104.0,-0.0033729985125557915
2022-02-11,4533.89,4583.15,4523.81,4529.47,,80120106.0,-0.005862367158452897
2022-02-14,4509.81,4522.13,4461.62,4481.55,,74681575.0,-0.010579604236257256
2022-02-15,4482.33,4522.28,4477.94,4518.66,,58195241.0,0.008280617197174989
2022-02-16,4538.05,4562.32,4528.7,4538.84,,48495592.0,0.004465925739046694
2022-02-17,4539.63,4566.85,4530.54,4544.57,,48554231.0,0.0012624370984655187
2022-02-18,4521.13,4569.02,4515.28,4569.0,,47584339.0,0.005375646100731268
2022-02-21,4559.25,4559.25,4521.64,4542.35,,54964289.0,-0.0058327861676514825
2022-02-22,4506.77,4506.98,4450.3,4475.7,,57702144.0,-0.014673021673803355
2022-02-23,4486.54,4513.55,4472.25,4510.91,,58809633.0,0.00786692584400206
2022-02-24,4478.65,4490.78,4381.59,4416.92,,87184816.0,-0.020836150577156265
2022-02-25,4451.56,4494.65,4445.02,4454.52,,65164600.0,0.008512719270441949
2022-02-28,4441.78,4460.57,4410.63,4460.57,,61931294.0,0.001358171026283328
2022-03-01,4478.81,4513.67,4471.66,4509.6,,55719197.0,0.01099186875219993
2022-03-02,4482.06,4482.18,4446.67,4460.73,,52487355.0,-0.010836881319851166
2022-03-03,4477.68,4482.22,4430.48,4437.32,,65902769.0,-0.00524801994292412
2022-03-04,4395.37,4410.94,4359.54,4373.44,,59647904.0,-0.014396076911288858
2022-03-07,4331.79,4331.79,4212.39,4225.54,,78688587.0,-0.033817772737250285
2022-03-08,4239.69,4262.53,4146.13,4161.93,,78031751.0,-0.01505369727892758
2022-03-09,4177.98,4204.51,3981.13,4132.35,,93729061.0,-0.007107279555398582
2022-03-10,4231.02,4235.9,4187.7,4191.86,,70511716.0,0.014401006691107776
2022-03-11,4133.72,4212.29,4075.47,4201.46,,73791804.0,0.002290152819989233
2022-03-14,4136.93,4165.91,4059.34,4059.34,,62701365.0,-0.03382633655919609
2022-03-15,4008.72,4042.56,3870.99,3870.99,,102932299.0,-0.046399168337710184
2022-03-16,3938.23,4060.31,3841.39,4046.6,,98846439.0,0.045365655814145756
2022-03-17,4135.59,4195.86,4109.75,4134.27,,88015977.0,0.021665101566747502
2022-03-18,4116.32,4186.14,4089.29,4165.33,,79112070.0,0.007512813628524295
2022-03-21,4183.01,4183.01,4113.23,4142.03,,61949793.0,-0.005593794489272219
2022-03-22,4139.58,4172.99,4123.75,4145.91,,60034130.0,0.0009367387488743439
2022-03-23,4162.08,4182.26,4133.07,4168.98,,54469974.0,0.005564520213897417
2022-03-24,4142.76,4167.26,4113.5,4145.97,,50334938.0,-0.005519335664838754
2022-03-25,4141.54,4150.51,4067.22,4068.35,,51224303.0,-0.018721794899625555
2022-03-28,4021.49,4067.41,3983.39,4044.32,,59080404.0,-0.005906571460174259
2022-03-29,4048.74,4073.8,4018.98,4028.3,,46933888.0,-0.0039611108913241155
2022-03-30,4058.64,4153.82,4058.52,4153.82,,69382800.0,0.031159546210560274
2022-03-31,4132.56,4148.62,4114.09,4131.76,,66150415.0,-0.00531077417894843
2022-04-01,4112.07,4210.1,4101.79,4196.46,,69354882.0,0.015659186399984426
2022-04-06,4172.32,4198.98,4159.97,4185.7,,81998350.0,-0.002564065903166046
2022-04-07,4161.84,4200.51,4130.22,4138.19,,66985097.0,-0.011350550684473326
2022-04-08,4141.19,4170.3,4114.92,4163.04,,66676790.0,0.006005040851193577
2022-04-11,4134.14,4134.14,4036.4,4046.47,,70155973.0,-0.02800117222030063
2022-04-12,4055.29,4128.97,4028.7,4128.97,,68782988.0,0.020388140774551866
2022-04-13,4105.78,4155.05,4091.91,4102.75,,59057782.0,-0.006350251999893475
2022-04-14,4137.34,4181.54,4121.36,4153.46,,59815229.0,0.01236000243738955
2022-04-15,4123.29,4168.18,4113.92,4148.16,,56777810.0,-0.0012760445508083196
2022-04-18,4112.19,4117.33,4076.4,4106.9,,55656881.0,-0.009946578724060795
2022-04-19,4103.69,4131.36,4054.77,4076.21,,54193529.0,-0.007472789695390558
2022-04-20,4069.26,4074.67,4005.12,4014.79,,56381372.0,-0.01506791848310074
2022-04-21,3994.63,4031.31,3937.18,3956.89,,65869235.0,-0.014421675853531601
2022-04-22,3927.93,4009.03,3920.19,3989.57,,63351660.0,0.008259011496402513
2022-04-25,3903.9,3934.98,3805.0,3805.47,,85924165.0,-0.046145323932153204
2022-04-26,3810.08,3872.32,3782.4,3794.12,,76628222.0,-0.0029825488047467985
2022-04-27,3775.45,3891.87,3775.08,3891.87,,83474350.0,0.025763549914077588
2022-04-28,3881.79,3937.87,3873.96,3921.87,,75396617.0,0.007708376692952212
2022-04-29,3937.24,4004.58,3886.27,3995.52,,90463047.0,0.018779306810271734
2022-05-05,3971.35,4006.26,3963.07,3976.81,,77806314.0,-0.004682744674034955
2022-05-06,3901.54,3915.18,3867.34,3873.32,,59521887.0,-0.02602337049041814
2022-05-09,3847.63,3872.36,3810.15,3833.84,,43164387.0,-0.010192806171449798
2022-05-10,3776.18,3886.04,3760.27,3870.49,,67009529.0,0.009559606034680534
2022-05-11,3867.17,3969.7,3865.36,3922.13,,77398930.0,0.013341979956026373
2022-05-12,3896.4,3926.68,3880.66,3899.04,,51313009.0,-0.005887107260595714
2022-05-13,3927.66,3948.1,3901.44,3932.18,,52645579.0,0.00849952808896548
2022-05-16,3958.9,3961.66,3888.31,3899.52,,53805021.0,-0.008305825267408862
2022-05-17,3909.74,3951.69,3903.88,3951.69,,51788879.0,0.013378569670113194
2022-05-18,3961.07,3961.07,3899.49,3932.19,,49104777.0,-0.004934597602544777
2022-05-19,3880.79,3932.11,3877.26,3928.77,,52004037.0,-0.000869744340939782
2022-05-20,3952.72,4015.31,3952.67,4014.77,,69838254.0,0.021889802660883584
2022-05-23,4017.69,4017.69,3955.51,3974.48,,55554020.0,-0.010035444122577397
2022-05-24,3972.63,3972.63,3890.46,3890.53,,60971666.0,-0.021122260018920702
2022-05-25,3894.98,3910.48,3877.93,3906.75,,45082271.0,0.004169097783592424
2022-05-26,3911.88,3935.75,3864.91,3911.59,,56926820.0,0.001238881423177851
2022-05-27,3946.13,3978.26,3913.97,3929.49,,55241649.0,0.004576144227794732
2022-05-30,3950.49,3972.17,3938.58,3956.21,,54955160.0,0.006799864613474149
2022-05-31,3959.79,4022.61,3947.87,4017.17,,66258520.0,0.015408686596515286
2022-06-01,4014.5,4019.18,3987.26,4008.64,,52834405.0,-0.002123385368306585
2022-06-02,3988.38,4005.85,3983.82,4001.99,,48844914.0,-0.0016589167398419757
2022-06-06,4006.29,4073.09,3974.73,4072.25,,81230936.0,0.01755626575778546
2022-06-07,4071.8,4110.37,4061.92,4092.74,,67764206.0,0.0050316164282644404
2022-06-08,4104.16,4138.75,4078.45,4138.21,,68702081.0,0.011109916584000068
2022-06-09,4130.83,4148.7,4088.76,4101.28,,74750379.0,-0.008924148363664508
2022-06-10,4070.71,4160.95,4064.59,4157.67,,80908013.0,0.013749366051574174
2022-06-13,4109.69,4133.9,4072.85,4105.28,,80535000.0,-0.012600807663908031
2022-06-14,4058.69,4125.46,4015.57,4124.24,,80054904.0,0.0046184425910047455
2022-06-15,4129.19,4246.38,4128.99,4178.12,,115602803.0,0.013064225166333765
2022-06-16,4187.41,4211.32,4146.28,4156.07,,83712561.0,-0.005277493226618746
2022-06-17,4125.86,4239.43,4124.22,4228.66,,74583478.0,0.01746601958099836
2022-06-20,4244.01,4286.47,4216.94,4247.41,,83193349.0,0.004434028746695073
2022-06-21,4246.57,4273.53,4203.29,4242.4,,84402981.0,-0.0011795423564007201
2022-06-22,4252.53,4253.18,4184.25,4186.02,,90637281.0,-0.013289647369413404
2022-06-23,4194.33,4255.17,4171.31,4255.17,,94109623.0,0.016519271288718107
2022-06-24,4270.88,4327.73,4261.77,4324.27,,91332966.0,0.016239069179374788
2022-06-27,4344.96,4395.26,4340.01,4362.57,,93297110.0,0.008856986265889821
2022-06-28,4361.8,4416.62,4320.5,4409.14,,93231871.0,0.01067490034543872
2022-06-29,4392.5,4425.71,4331.71,4339.74,,91283414.0,-0.01574003093573817
2022-06-30,4334.11,4438.75,4334.11,4406.01,,74208436.0,0.015270500076041582
2022-07-01,4414.92,4428.28,4372.24,4391.85,,71116363.0,-0.003213792070376531
2022-07-04,4365.19,4421.78,4349.9,4421.75,,69242361.0,0.006808064938465419
2022-07-05,4434.25,4461.85,4369.34,4422.66,,80160216.0,0.0002058008706959935
2022-07-06,4408.07,4414.65,4317.12,4348.3,,77112150.0,-0.016813410933691375
2022-07-07,4354.31,4391.59,4321.44,4375.2,,69108683.0,0.0061863256904997055
2022-07-08,4404.36,4417.67,4355.3,4357.54,,62747890.0,-0.00403638690802699
2022-07-11,4335.25,4335.25,4250.62,4275.92,,69051816.0,-0.018730751754430175
2022-07-12,4276.66,4292.61,4214.58,4233.94,,57762953.0,-0.009817770210855281
2022-07-13,4233.93,4270.51,4206.54,4251.64,,58705807.0,0.004180503266461244
2022-07-14,4242.36,4290.84,4227.43,4257.89,,64767950.0,0.001470020980139486
2022-07-15,4233.68,4280.49,4180.95,4180.95,,71194079.0,-0.018069983019758706
2022-07-18,4199.83,4239.99,4148.55,4231.73,,62422555.0,0.01214556500316899
2022-07-19,4228.14,4228.14,4165.05,4193.8,,51715609.0,-0.008963237257575307
2022-07-20,4219.44,4228.28,4189.4,4202.1,,43759983.0,0.001979112022509444
2022-07-21,4186.25,4198.58,4153.87,4154.04,,58700072.0,-0.011437138573570427
2022-07-22,4172.71,4198.63,4126.94,4158.78,,51552274.0,0.0011410578617441214
2022-07-25,4154.27,4158.9,4120.69,4131.47,,40802442.0,-0.006566829695247023
2022-07-26,4138.55,4175.82,4130.03,4160.39,,40988370.0,0.0069999298070662075
2022-07-27,4150.28,4152.46,4124.42,4133.95,,38378912.0,-0.006355173433259975
2022-07-28,4153.14,4181.39,4130.48,4132.58,,52937618.0,-0.0003314021698375136
2022-07-29,4137.22,4160.96,4073.44,4082.16,,55260396.0,-0.012200610756476604
2022-08-01,4072.78,4112.32,4039.25,4103.41,,50731982.0,0.005205577439394871
2022-08-02,4057.47,4057.47,3986.0,4021.81,,68010067.0,-0.01988589977603994
2022-08-03,4029.74,4067.31,3966.05,3977.27,,55622658.0,-0.011074615658124065
2022-08-04,4000.16,4022.91,3978.23,4014.16,,41926535.0,0.009275206360141564
2022-08-05,4021.46,4071.11,4007.53,4067.45,,49877341.0,0.013275504713314845
2022-08-08,4049.29,4060.93,4038.83,4054.71,,42683401.0,-0.0031321835548070442
2022-08-09,4051.21,4079.16,4037.32,4072.47,,41397994.0,0.004380091301227296
2022-08-10,4065.88,4074.16,4005.47,4024.29,,43590402.0,-0.011830658052729648
2022-08-11,4046.24,4109.15,4029.85,4108.35,,56196784.0,0.020888156668629865
2022-08-12,4100.9,4117.75,4089.99,4107.4,,47954939.0,-0.00023123638443678374
2022-08-15,4099.19,4148.31,4095.12,4115.99,,52310397.0,0.0020913473243415748
2022-08-16,4121.51,4140.12,4098.24,4105.47,,46567185.0,-0.002555885704289773
2022-08-17,4111.01,4153.68,4082.26,4146.8,,53094298.0,0.010067056877775205
2022-08-18,4136.64,4143.56,4104.1,4108.9,,45985459.0,-0.009139577505546614
2022-08-19,4106.93,4110.41,4079.15,4079.62,,55298111.0,-0.007125994791793322
2022-08-22,4066.0,4116.62,4061.42,4113.16,,52515670.0,0.008221353949632526
2022-08-23,4107.14,4121.07,4079.17,4093.34,,44861555.0,-0.004818679555378291
2022-08-24,4106.2,4109.86,4004.46,4008.99,,55745254.0,-0.02060664396312062
2022-08-25,4019.48,4040.79,3976.01,4037.39,,54125178.0,0.007084078533496019
2022-08-26,4050.59,4054.43,4019.39,4023.96,,46467168.0,-0.0033264064160261064
2022-08-29,3978.89,4010.9,3974.17,4007.99,,42868139.0,-0.00396872732333331
2022-08-30,4006.12,4009.51,3959.46,3987.17,,44517296.0,-0.0051946237390810834
2022-08-31,3964.45,4022.59,3954.99,3990.65,,64022283.0,0.0008727995044104375
2022-09-01,3977.76,4004.53,3949.88,3952.53,,46560336.0,-0.00955232856802779
2022-09-02,3965.85,3966.83,3912.69,3932.13,,38464015.0,-0.005161251147998924
2022-09-05,3916.46,3925.08,3889.31,3921.13,,44019591.0,-0.0027974660044302047
2022-09-06,3929.54,3953.32,3907.45,3951.33,,50756147.0,0.007701861453203396
2022-09-07,3929.12,3968.88,3925.33,3956.88,,49997850.0,0.001404590353121682
2022-09-08,3960.8,3968.34,3931.06,3932.75,,43757452.0,-0.006098239016599005
2022-09-09,3948.97,4000.42,3939.41,3995.32,,53539453.0,0.015909986650562535
2022-09-13,4015.97,4028.33,3997.16,4012.61,,48636217.0,0.004327563249001409
2022-09-14,3959.81,3988.75,3945.0,3962.92,,42348298.0,-0.012383461138760099
2022-09-15,3975.85,3984.68,3895.92,3923.76,,57528664.0,-0.009881602454755556
2022-09-16,3909.72,3916.1,3835.05,3835.2,,65510530.0,-0.022570187779069162
2022-09-19,3829.93,3859.99,3815.16,3832.64,,46998745.0,-0.0006675010429704198
2022-09-20,3849.5,3861.42,3823.79,3835.13,,40851555.0,0.0006496827252233661
2022-09-21,3822.88,3823.55,3782.62,3797.65,,42418140.0,-0.009772810830402157
2022-09-22,3766.66,3789.96,3748.26,3757.8,,41024647.0,-0.010493331402314565
2022-09-23,3754.55,3777.34,3720.23,3745.7,,46230307.0,-0.0032199691308745226
2022-09-26,3717.26,3787.03,3715.84,3731.97,,52780223.0,-0.003665536481832543
2022-09-27,3739.39,3785.23,3720.77,3784.04,,44375341.0,0.013952416552115876
2022-09-28,3771.09,3771.09,3712.16,3713.46,,42606926.0,-0.018652022705891058
2022-09-29,3751.97,3760.83,3702.99,3720.9,,42544192.0,0.0020035223215006948
2022-09-30,3729.89,3742.02,3692.14,3697.86,,39741936.0,-0.006192050310408814
2022-10-10,3708.04,3708.12,3613.08,3618.59,,48672552.0,-0.02143672286133058
2022-10-11,3632.38,3641.84,3611.32,3632.03,,39719952.0,0.0037141538555072184
2022-10-12,3625.66,3686.64,3560.66,3686.58,,58548740.0,0.015019149070905069
2022-10-13,3654.82,3676.5,3639.3,3644.12,,51314847.0,-0.011517449777300404
2022-10-14,3679.09,3765.69,3674.36,3743.41,,60437489.0,0.02724663293195606
2022-10-17,3720.89,3751.27,3706.72,3747.89,,54712678.0,0.0011967697901111851
2022-10-18,3769.96,3772.41,3731.9,3738.58,,42208039.0,-0.0024840643668837536
2022-10-19,3728.68,3744.21,3676.01,3676.01,,40620210.0,-0.016736300948488436
2022-10-20,3640.82,3696.9,3617.26,3646.72,,41747192.0,-0.007967878215783042
2022-10-21,3640.72,3657.62,3611.1,3631.41,,41409192.0,-0.00419829326079324
2022-10-24,3609.88,3646.53,3502.9,3517.33,,59945276.0,-0.031414794804222046
2022-10-25,3506.19,3553.47,3476.36,3507.46,,51007708.0,-0.0028061057677272183
2022-10-26,3514.66,3581.65,3512.82,3533.72,,58538212.0,0.007486899351667464
2022-10-27,3548.84,3567.53,3506.81,3509.07,,55604666.0,-0.006975651721132348
2022-10-28,3481.88,3492.14,3398.54,3406.49,,55982614.0,-0.02923281667222377
2022-10-31,3366.98,3422.42,3362.74,3374.87,,68583084.0,-0.009282281762165723
2022-11-01,3387.41,3506.67,3381.9,3506.67,,72739737.0,0.03905335612927319
2022-11-02,3495.25,3573.6,3483.15,3549.45,,69177567.0,0.012199608175277321
2022-11-03,3517.48,3543.58,3495.51,3515.02,,58766347.0,-0.009700094380819535
2022-11-04,3514.67,3653.36,3514.67,3638.34,,75298188.0,0.03508372640838453
2022-11-07,3628.09,3671.42,3622.29,3651.15,,69986541.0,0.0035208364254026847
2022-11-08,3651.19,3660.05,3599.87,3627.88,,51511184.0,-0.006373334428878552
2022-11-09,3629.28,3638.66,3583.93,3587.58,,45838339.0,-0.011108415934374949
2022-11-10,3554.81,3565.99,3527.41,3548.63,,56775182.0,-0.010856900752038934
2022-11-11,3657.45,3699.91,3616.77,3660.15,,100684751.0,0.03142621236928056
2022-11-14,3697.68,3726.9,3655.26,3667.92,,83753615.0,0.0021228638170567304
2022-11-15,3664.8,3746.8,3646.69,3743.18,,73907454.0,0.020518440969268692
2022-11-16,3740.05,3753.56,3707.79,3712.8,,59835191.0,-0.008116093802595592
2022-11-17,3701.9,3701.9,3648.49,3689.95,,53989474.0,-0.006154384830855508
2022-11-18,3697.2,3717.05,3678.43,3678.47,,56326282.0,-0.003111153267659428
2022-11-21,3645.83,3647.91,3610.5,3646.22,,47003476.0,-0.008767232028533578
2022-11-22,3643.14,3683.67,3624.96,3641.45,,63018219.0,-0.0013082041127523425
2022-11-23,3629.09,3663.11,3622.21,3643.46,,61757074.0,0.0005519779208831288
2022-11-24,3664.14,3677.27,3621.53,3627.13,,43771849.0,-0.004482003370422594
2022-11-25,3621.59,3660.85,3613.44,3645.08,,67101398.0,0.004948816281743262
2022-11-28,3567.93,3600.75,3535.03,3596.58,,58757866.0,-0.01330560646131218
2022-11-29,3636.46,3721.41,3634.26,3713.57,,75352963.0,0.03252812393996529
2022-11-30,3700.68,3729.55,3697.53,3718.28,,71103390.0,0.0012683213188386944
2022-12-01,3789.19,3811.83,3764.41,3765.51,,83069663.0,0.012702109577546583
2022-12-02,3756.96,3769.39,3737.26,3740.76,,55753010.0,-0.006572814837830787
2022-12-05,3773.71,3809.07,3763.79,3808.11,,98734319.0,0.018004362749815428
2022-12-06,3790.66,3845.95,3784.85,3829.92,,72749376.0,0.005727250525851435
2022-12-07,3818.24,3866.96,3812.73,3826.32,,67522481.0,-0.0009399674144628944
2022-12-08,3820.97,3839.82,3808.11,3826.49,,51718427.0,4.442911204494138e-05
2022-12-09,3831.09,3876.24,3817.59,3871.54,,72891573.0,0.011773191619473877
2022-12-12,3847.59,3862.93,3829.54,3832.71,,58859115.0,-0.010029600624041013
2022-12-13,3833.59,3838.18,3812.81,3817.48,,47605699.0,-0.003973689634749311
2022-12-14,3823.67,3838.15,3804.46,3820.72,,49162925.0,0.0008487274327566574
2022-12-15,3822.13,3833.74,3795.94,3827.64,,43905646.0,0.00181117695094124
2022-12-16,3806.16,3831.69,3800.97,3825.82,,42618780.0,-0.000475488812949898
2022-12-19,3824.74,3840.49,3757.27,3773.02,,51222586.0,-0.013800962930822669
2022-12-20,3759.05,3759.05,3688.42,3706.91,,38896960.0,-0.017521773009419594
2022-12-21,3715.02,3731.22,3700.11,3708.8,,31295391.0,0.0005098586153966522
2022-12-22,3740.11,3757.06,3698.13,3712.53,,41484282.0,0.0010057161345988774
2022-12-23,3688.32,3725.92,3679.33,3706.02,,32962627.0,-0.0017535211836672282
2022-12-26,3707.84,3734.03,3705.62,3720.57,,34562353.0,0.003926044651674898
2022-12-27,3735.66,3762.11,3729.81,3757.82,,35171630.0,0.0100119067777249
2022-12-28,3743.92,3751.45,3718.76,3740.21,,38712987.0,-0.004686227653267094
2022-12-29,3721.41,3738.31,3707.11,3726.38,,38450248.0,-0.0036976533403204614
2022-12-30,3744.87,3760.0,3735.1,3735.1,,35468537.0,0.002340072671064064
2023-01-03,3728.94,3766.56,3697.21,3759.04,,53654517.0,0.006409466948676057
2023-01-04,3757.81,3775.96,3740.24,3760.33,,52710263.0,0.0003431727249509908
2023-01-05,3783.12,3849.82,3782.02,3844.84,,58905212.0,0.022474091369640403
2023-01-06,3845.2,3883.13,3844.01,3859.63,,58084669.0,0.003846714037515131
2023-01-09,3879.27,3901.73,3870.85,3890.1,,56724350.0,0.007894539113852739
2023-01-10,3891.8,3911.89,3879.53,3898.05,,44968014.0,0.0020436492635151904
2023-01-11,3903.07,3929.73,3892.64,3894.52,,48671209.0,-0.0009055809956260985
2023-01-12,3908.56,3924.2,3892.97,3904.64,,45590122.0,0.0025985230529050884
2023-01-13,3924.52,3959.89,3917.85,3959.89,,44250076.0,0.014149831994755058
2023-01-16,3960.46,4062.67,3958.69,4024.63,,65392820.0,0.016348938985679018
2023-01-17,4024.9,4036.71,4007.56,4024.7,,44782224.0,1.7392903198576448e-05
2023-01-18,4029.37,4038.43,4012.76,4018.32,,40607128.0,-0.0015852113200982565
2023-01-19,4013.94,4046.89,3994.27,4046.89,,48775126.0,0.007109936490871771
2023-01-20,4059.52,4089.91,4056.55,4079.36,,70199111.0,0.008023445164064391
2023-01-30,4175.02,4175.02,4096.39,4100.82,,87226803.0,0.005260629118293059
2023-01-31,4101.09,4114.77,4057.74,4062.44,,64473174.0,-0.00935910378899818
2023-02-01,4079.18,4102.91,4047.45,4102.91,,72066003.0,0.009961993284823834
2023-02-02,4112.21,4112.38,4077.3,4087.77,,62714822.0,-0.0036900638814889586
2023-02-03,4067.09,4067.09,4004.44,4044.15,,58862677.0,-0.010670854769226246
2023-02-06,4003.51,4004.46,3960.44,3987.9,,58691068.0,-0.013908979637253793
2023-02-07,3998.94,4006.95,3975.6,3991.26,,44175216.0,0.0008425487098473461
2023-02-08,3997.47,4011.43,3971.46,3976.06,,43024679.0,-0.003808321181782315
2023-02-09,3964.61,4025.42,3961.04,4025.42,,46751972.0,0.012414299583004329
2023-02-10,4017.21,4019.32,3982.4,3995.78,,42169782.0,-0.007363206820654722
2023-02-13,3988.74,4036.53,3982.38,4034.05,,54600928.0,0.009577604372613013
2023-02-14,4044.03,4045.15,4012.44,4033.77,,46131026.0,-6.940915457176455e-05
2023-02-15,4035.04,4044.48,4003.05,4010.71,,65480464.0,-0.005716736452499704
2023-02-16,4013.95,4057.62,3959.52,3985.73,,80002992.0,-0.006228323663391322
2023-02-17,3978.31,3994.06,3918.19,3919.84,,57885053.0,-0.016531476040775428
2023-02-20,3921.11,4022.41,3918.1,4020.97,,83200910.0,0.02579952242948691
2023-02-21,4018.19,4045.61,4006.7,4035.85,,77037221.0,0.00370059960656266
2023-02-22,4007.25,4018.53,3984.13,3989.2,,54761750.0,-0.011558903328914627
2023-02-23,3989.04,4014.68,3970.3,3986.2,,51500447.0,-0.0007520304823022128
2023-02-24,3981.45,3983.66,3926.65,3939.09,,50753785.0,-0.011818273041994787
2023-02-27,3915.83,3940.77,3908.45,3915.94,,46326710.0,-0.005876991894066874
2023-02-28,3931.9,3949.39,3898.76,3943.69,,58229208.0,0.007086421140262589
2023-03-01,3942.54,4017.32,3936.05,4005.8,,78188561.0,0.015749209496689787
2023-03-02,3997.66,4016.88,3989.33,3994.06,,73462086.0,-0.002930750411902827
2023-03-03,4003.23,4011.38,3975.56,4003.18,,74093006.0,0.0022833908353905308
2023-03-06,4004.08,4005.87,3954.08,3983.1,,75695331.0,-0.005016012270245174
2023-03-07,3976.1,3998.92,3919.38,3922.5,,92502822.0,-0.015214280334412855
2023-03-08,3902.45,3910.32,3880.19,3903.37,,56543153.0,-0.004876991714467871
2023-03-09,3904.46,3915.25,3871.85,3893.79,,58318785.0,-0.002454289498561524
2023-03-10,3865.25,3880.11,3845.16,3846.18,,60637831.0,-0.012227161711340417
2023-03-13,3840.9,3887.51,3840.9,3885.94,,74590451.0,0.010337529704798065
2023-03-14,3877.33,3882.35,3824.74,3864.4,,75712443.0,-0.005543060366346331
2023-03-15,3892.44,3901.11,3866.54,3866.77,,67182794.0,0.0006132905496325503
2023-03-16,3833.23,3854.11,3808.02,3810.97,,69537082.0,-0.014430648836108784
2023-03-17,3845.89,3878.62,3817.62,3832.12,,85832287.0,0.005549768169258673
2023-03-20,3835.46,3852.0,3804.56,3809.46,,93210422.0,-0.005913175996576259
2023-03-21,3818.06,3858.8,3817.41,3858.4,,64539917.0,0.012846965186666948
2023-03-22,3871.8,3893.62,3862.48,3877.01,,73271475.0,0.004823242794940841
2023-03-23,3862.23,3909.31,3859.73,3909.31,,77366934.0,0.008331162416398197
2023-03-24,3906.05,3906.05,3884.6,3895.14,,77723320.0,-0.003624680570228578
2023-03-27,3890.53,3890.53,3858.49,3883.28,,81133707.0,-0.0030448199551235122
2023-03-28,3887.28,3893.83,3859.36,3864.11,,64342963.0,-0.004936548484786085
2023-03-29,3880.47,3885.7,3862.71,3871.62,,60533017.0,0.001943526452404143
2023-03-30,3874.31,3905.85,3851.19,3904.62,,71869833.0,0.00852356377950314
2023-03-31,3914.93,3929.61,3906.33,3917.21,,65344162.0,0.0032243854715696685
2023-04-03,3926.91,3954.47,3918.03,3950.52,,89505385.0,0.008503501216426956
2023-04-04,3949.58,3952.0,3928.02,3951.03,,95756990.0,0.00012909692901197367
2023-04-06,3928.32,3947.73,3922.08,3945.89,,73665327.0,-0.0013009265938249692
2023-04-07,3948.57,3990.9,3947.59,3982.61,,62332132.0,0.009305885364265132
2023-04-10,3993.57,3994.64,3965.53,3975.47,,74054461.0,-0.001792794172665757
2023-04-11,3979.15,3988.69,3956.3,3972.8,,73160109.0,-0.0006716187016879704
2023-04-12,3974.72,3983.42,3964.79,3972.82,,82703485.0,5.034232782863413e-06
2023-04-13,3955.43,3959.19,3929.51,3939.53,,70406633.0,-0.008379438283133922
2023-04-14,3949.85,3976.42,3948.06,3967.22,,67951941.0,0.0070287572375384855
2023-04-17,3963.18,4020.34,3960.15,4020.34,,82413577.0,0.013389728827743363
2023-04-18,4008.19,4041.16,4007.14,4029.11,,74868542.0,0.002181407542645619
2023-04-19,4028.59,4028.59,3986.43,3991.92,,77361252.0,-0.009230326300349256
2023-04-20,3989.12,3989.88,3951.67,3969.97,,76041516.0,-0.005498607186516846
2023-04-21,3973.98,3973.98,3891.57,3893.29,,81492286.0,-0.01931500741819203
2023-04-24,3891.71,3893.99,3827.05,3842.19,,77540732.0,-0.013125146084673855
2023-04-25,3843.76,3847.21,3775.41,3808.31,,74868858.0,-0.008817887715079187
2023-04-26,3795.53,3834.2,3785.32,3818.71,,68799787.0,0.0027308701234931565
2023-04-27,3807.97,3862.1,3803.35,3850.99,,63598512.0,0.008453116366521574
2023-04-28,3857.31,3886.58,3857.31,3886.03,,68714436.0,0.009098958968992488
2023-05-04,3869.31,3882.19,3852.78,3872.06,,87963922.0,-0.0035949285002947473
2023-05-05,3874.41,3876.53,3826.5,3849.67,,77685001.0,-0.005782451718206794
2023-05-08,3863.33,3884.79,3845.57,3880.58,,91295528.0,0.008029259650827125
2023-05-09,3878.42,3898.22,3839.7,3841.34,,95980345.0,-0.010111890490596687
2023-05-10,3833.6,3849.69,3818.93,3834.19,,72136197.0,-0.0018613296401777113
2023-05-11,3841.12,3849.33,3829.41,3830.72,,53856080.0,-0.0009050151400948891
2023-05-12,3829.69,3838.56,3776.48,3776.55,,60997744.0,-0.014140944783226028
2023-05-15,3778.71,3836.51,3767.33,3836.51,,68372945.0,0.015876924706411888
2023-05-16,3841.66,3841.66,3806.75,3818.48,,50291352.0,-0.004699583736260338
2023-05-17,3812.9,3821.1,3786.88,3799.5,,48362870.0,-0.004970564203557459
2023-05-18,3805.99,3814.16,3769.7,3784.59,,51314679.0,-0.00392420055270426
2023-05-19,3772.22,3797.74,3756.48,3776.05,,45892937.0,-0.0022565192002304
2023-05-22,3774.03,3818.76,3770.33,3805.23,,42563797.0,0.007727651911388911
2023-05-23,3806.32,3810.12,3754.71,3754.71,,48690149.0,-0.013276464234750596
2023-05-24,3747.81,3748.37,3706.09,3706.09,,55097206.0,-0.012949069302289673
2023-05-25,3696.63,3706.57,3659.85,3689.27,,54459286.0,-0.004538475860003444
2023-05-26,3686.55,3686.55,3645.48,3678.06,,41079248.0,-0.003038541500079983
2023-05-29,3691.52,3694.98,3642.08,3656.39,,56505421.0,-0.005891692903324031
2023-05-30,3651.1,3671.77,3615.87,3665.87,,62389785.0,0.0025927212359730945
2023-05-31,3653.34,3653.54,3602.66,3617.3,,56456932.0,-0.013249242335380051
2023-06-01,3607.96,3659.93,3607.24,3634.33,,56267816.0,0.004707931329997361
2023-06-02,3651.4,3704.0,3651.4,3700.65,,54643187.0,0.0182482053088191
2023-06-05,3697.95,3697.99,3669.16,3679.96,,46288335.0,-0.0055909097050518275
2023-06-06,3676.19,3703.2,3644.71,3649.31,,54085097.0,-0.008328894879292226
2023-06-07,3659.31,3665.94,3618.3,3626.07,,42185940.0,-0.0063683271632171135
2023-06-08,3630.71,3670.12,3617.64,3654.96,,48898115.0,0.007967303444224694
2023-06-09,3657.74,3668.18,3642.27,3667.93,,62547054.0,0.003548602447085658
2023-06-12,3657.24,3689.2,3645.07,3673.86,,55151031.0,0.0016167156952286987
2023-06-13,3667.21,3697.71,3660.37,3694.15,,49160841.0,0.005522801630982066
2023-06-14,3704.49,3719.63,3691.22,3693.72,,53323160.0,-0.0001164002544564724
2023-06-15,3702.35,3766.04,3702.09,3766.04,,56778348.0,0.019579177631222855
2023-06-16,3772.79,3810.09,3769.6,3805.52,,59783535.0,0.010483160030164251
2023-06-19,3800.72,3800.72,3759.1,3766.25,,57604219.0,-0.010319220500746296
2023-06-20,3762.85,3779.09,3759.86,3765.98,,52092715.0,-7.16893461666368e-05
2023-06-21,3752.58,3765.62,3709.22,3709.22,,53296061.0,-0.015071774146437344
2023-06-26,3679.2,3696.85,3655.54,3667.43,,58400978.0,-0.011266519645639739
2023-06-27,3669.7,3710.13,3665.56,3701.67,,53644754.0,0.009336238183141887
2023-06-28,3693.14,3702.78,3664.76,3696.92,,48298309.0,-0.0012832046076500792
2023-06-29,3694.8,3699.39,3670.17,3675.46,,44632024.0,-0.005804832130530291
2023-06-30,3667.1,3708.07,3661.73,3688.14,,46863770.0,0.00344990831079639
2023-07-03,3702.25,3739.49,3701.08,3731.95,,60982861.0,0.01187861632150633
2023-07-04,3728.35,3738.46,3719.27,3736.68,,49225448.0,0.0012674339152454195
2023-07-05,3732.87,3739.71,3707.38,3712.29,,48302014.0,-0.006527184559555477
2023-07-06,3700.97,3719.47,3677.55,3683.27,,49508336.0,-0.007817277206252693
2023-07-07,3671.51,3679.44,3654.36,3660.65,,51909750.0,-0.006141282067293474
2023-07-10,3677.36,3707.81,3674.71,3686.1,,47059451.0,0.006952317211424086
2023-07-11,3697.25,3712.42,3686.44,3710.27,,40848094.0,0.006557065733431067
2023-07-12,3707.3,3720.25,3686.08,3691.81,,52089612.0,-0.0049753791503044376
2023-07-13,3702.77,3741.36,3702.77,3739.31,,56110150.0,0.012866317605727318
2023-07-14,3748.36,3753.82,3736.49,3742.27,,61307704.0,0.0007915898922528086
2023-07-17,3726.36,3726.36,3695.13,3709.61,,48406830.0,-0.008727323255670938
2023-07-18,3715.44,3715.44,3686.28,3697.34,,39902164.0,-0.0033076253298863767
2023-07-19,3691.86,3704.41,3675.62,3694.75,,36182018.0,-0.0007005036052946112
2023-07-20,3702.13,3723.72,3668.74,3673.55,,43079101.0,-0.00573787130387704
2023-07-21,3666.61,3696.75,3655.82,3669.03,,39243794.0,-0.0012304174436171822
2023-07-24,3647.66,3672.45,3641.51,3647.18,,33984922.0,-0.005955252478175521
2023-07-25,3706.18,3755.99,3706.18,3755.99,,70799987.0,0.02983400874099984
2023-07-26,3748.91,3752.71,3735.61,3749.01,,47422572.0,-0.0018583649051248097
2023-07-27,3756.58,3772.03,3734.44,3741.81,,46781148.0,-0.0019205070138517133
2023-07-28,3730.03,3832.62,3727.09,3824.68,,71789355.0,0.022147035792838166
2023-07-31,3852.09,3891.11,3831.51,3843.6,,78200090.0,0.004946819080289044
2023-08-01,3840.07,3859.62,3815.45,3829.38,,59745416.0,-0.0036996565719636942
2023-08-02,3818.91,3838.23,3792.1,3803.13,,50120376.0,-0.006854895570562292
2023-08-03,3793.02,3833.39,3792.88,3833.04,,50073774.0,0.007864574705571448
2023-08-04,3861.27,3881.39,3837.91,3846.54,,71319235.0,0.0035220086406611006
2023-08-07,3831.02,3831.02,3803.29,3816.26,,51962038.0,-0.007872009650231049
2023-08-08,3809.49,3829.49,3792.48,3808.11,,42710803.0,-0.002135598727549981
2023-08-09,3796.96,3813.86,3794.15,3799.3,,38396581.0,-0.002313483591597887
2023-08-10,3794.51,3806.62,3773.74,3802.85,,38072881.0,0.0009343826494354612
2023-08-11,3807.18,3807.18,3715.5,3715.5,,53509387.0,-0.02296961489409255
2023-08-14,3673.13,3690.86,3646.99,3687.75,,50420343.0,-0.007468712151796564
2023-08-15,3689.04,3695.12,3640.94,3673.52,,42366885.0,-0.0038587214426140104
2023-08-16,3658.34,3673.55,3642.03,3642.67,,40076902.0,-0.00839793985060644
2023-08-17,3626.68,3662.15,3606.28,3657.07,,38127108.0,0.003953144259567942
2023-08-18,3655.98,3664.45,3608.53,3608.53,,38249920.0,-0.01327292067146646
2023-08-21,3595.88,3611.78,3561.97,3561.97,,40660721.0,-0.01290276095806342
2023-08-22,3580.04,3598.48,3535.24,3584.39,,58776237.0,0.006294269743990055
2023-08-23,3578.92,3582.75,3520.74,3522.38,,44884393.0,-0.01730001478633736
2023-08-24,3538.09,3579.14,3531.56,3554.94,,52988258.0,0.009243749964512604
2023-08-25,3537.21,3568.99,3529.8,3543.78,,47460434.0,-0.0031392934901854908
2023-08-28,3737.15,3737.15,3582.39,3594.87,,81991888.0,0.014416809169869316
2023-08-29,3587.65,3658.25,3586.99,3636.08,,63154387.0,0.011463557792075862
2023-08-30,3653.15,3666.71,3634.41,3644.19,,58151053.0,0.0022304239730699393
2023-08-31,3644.96,3651.13,3620.7,3625.64,,47990392.0,-0.005090294413847896
2023-09-01,3639.01,3667.99,3637.51,3649.71,,45344818.0,0.006638827903487465
2023-09-04,3675.06,3713.92,3664.73,3707.81,,64509488.0,0.01591907302224005
2023-09-05,3699.02,3699.54,3677.5,3683.2,,44151472.0,-0.006637341179833944
2023-09-06,3671.93,3678.36,3651.98,3672.11,,40351320.0,-0.0030109687228495607
2023-09-07,3661.91,3661.91,3614.59,3615.8,,41818342.0,-0.015334507953193133
2023-09-08,3605.09,3610.38,3575.95,3588.6,,30628649.0,-0.007522539963493613
2023-09-11,3589.19,3632.26,3583.27,3610.27,,42520491.0,0.006038566571922255
2023-09-12,3607.64,3617.62,3597.03,3604.95,,34623665.0,-0.001473573998620692
2023-09-13,3603.53,3613.95,3564.76,3581.95,,37809075.0,-0.006380116229073862
2023-09-14,3581.93,3594.12,3561.46,3576.89,,41968158.0,-0.0014126383673697118
2023-09-15,3583.67,3591.79,3542.11,3551.4,,48943125.0,-0.00712630245828072
2023-09-18,3541.77,3586.22,3536.37,3574.56,,38845471.0,0.0065213718533536635
2023-09-19,3570.25,3570.25,3547.58,3565.76,,34081303.0,-0.002461841457410019
2023-09-20,3561.17,3562.34,3547.61,3549.48,,31807261.0,-0.004565646594274497
2023-09-21,3540.82,3551.12,3514.55,3514.55,,36145722.0,-0.009840878100454087
2023-09-22,3516.52,3588.34,3506.64,3587.69,,49903674.0,0.020810630094891147
2023-09-25,3588.02,3588.02,3557.2,3560.99,,37924101.0,-0.0074421145639673725
2023-09-26,3555.55,3567.51,3532.06,3532.88,,35013001.0,-0.007893872209694397
2023-09-27,3534.25,3573.65,3533.46,3543.32,,39737070.0,0.0029550961255406794
2023-09-28,3555.17,3558.79,3523.71,3527.9,,37679479.0,-0.004351850806588176
2023-10-09,3517.09,3532.55,3480.68,3523.68,,45127053.0,-0.0011961790300178965
2023-10-10,3534.97,3540.2,3497.86,3498.61,,43321988.0,-0.007114720973527611
2023-10-11,3518.01,3536.36,3505.22,3514.66,,44357021.0,0.004587536192945052
2023-10-12,3544.33,3558.84,3529.02,3547.94,,46374685.0,0.009468910221756888
2023-10-13,3522.39,3522.39,3494.96,3506.6,,40327992.0,-0.011651831767166332
2023-10-16,3507.77,3507.77,3455.24,3465.8,,41280097.0,-0.01163520219015568
2023-10-17,3476.58,3482.58,3459.32,3476.25,,39108273.0,0.0030151768711408344
2023-10-18,3471.12,3471.12,3450.53,3452.58,,40868653.0,-0.006809061488673107
2023-10-19,3429.55,3430.02,3371.47,3373.14,,46663949.0,-0.02300888031559012
2023-10-20,3357.28,3376.12,3341.69,3351.49,,44825106.0,-0.006418352039939124
2023-10-23,3344.49,3347.84,3294.69,3319.51,,43915245.0,-0.009542024592047005
2023-10-24,3328.18,3336.83,3295.19,3325.59,,50947544.0,0.0018315956270653633
2023-10-25,3362.22,3369.9,3334.96,3337.23,,61843775.0,0.0035001308038573598
2023-10-26,3318.48,3344.78,3307.81,3343.3,,47682877.0,0.0018188737366020558
2023-10-27,3329.79,3409.01,3324.16,3394.1,,53515111.0,0.01519456824095955
2023-10-30,3386.49,3434.38,3385.96,3425.29,,65943121.0,0.0091894758551605
2023-10-31,3418.6,3418.6,3390.28,3407.3,,50322968.0,-0.00525211004031767
2023-11-01,3443.31,3444.28,3398.89,3406.12,,46178512.0,-0.00034631526428563486
2023-11-02,3417.65,3435.01,3391.85,3392.14,,41178621.0,-0.004104376827592682
2023-11-03,3397.09,3433.34,3396.47,3423.78,,45704056.0,0.009327445211577468
2023-11-06,3444.36,3477.71,3443.78,3473.81,,73352296.0,0.01461250430810379
2023-11-07,3465.46,3465.46,3441.91,3453.96,,48660935.0,-0.005714187016561012
2023-11-08,3444.06,3463.94,3430.97,3448.8,,48621574.0,-0.0014939373936003753
2023-11-09,3438.83,3459.81,3436.47,3445.56,,46725243.0,-0.0009394572025053227
2023-11-10,3427.21,3430.12,3409.09,3418.5,,39659939.0,-0.007853585483927117
2023-11-13,3426.17,3433.18,3394.28,3410.03,,42195969.0,-0.0024776948954219336
2023-11-14,3412.27,3428.0,3393.4,3405.52,,39669720.0,-0.001322569009656882
2023-11-15,3442.02,3445.33,3422.72,3433.67,,45089590.0,0.00826599168408948
2023-11-16,3427.77,3429.64,3395.21,3396.81,,36925906.0,-0.010734869687535564
2023-11-17,3384.22,3394.85,3367.35,3388.53,,37015566.0,-0.002437581142306966
2023-11-20,3390.29,3407.83,3365.97,3395.28,,38256798.0,0.001992014236261719
2023-11-21,3409.11,3434.83,3397.64,3402.57,,46185959.0,0.002147098324733143
2023-11-22,3391.03,3395.21,3364.24,3364.24,,38473724.0,-0.011265014386184657
2023-11-23,3360.76,3381.99,3347.63,3381.17,,33542277.0,0.005032340142201663
2023-11-24,3381.41,3381.41,3352.26,3355.88,,34006699.0,-0.007479659407838124
2023-11-27,3350.62,3350.62,3308.65,3326.22,,41372744.0,-0.008838218291476574
2023-11-28,3323.86,3335.8,3315.16,3334.76,,34672848.0,0.002567479000186612
2023-11-29,3335.53,3337.12,3300.41,3306.3,,39248428.0,-0.008534347299355871
2023-11-30,3302.5,3322.39,3298.4,3311.36,,39868278.0,0.0015304116383874078
2023-12-01,3309.48,3309.48,3261.96,3294.34,,46935811.0,-0.005139882102821791
2023-12-04,3291.85,3296.49,3268.38,3269.39,,42765033.0,-0.007573595925132293
2023-12-05,3258.67,3258.67,3203.27,3203.72,,44220405.0,-0.020086315795913023
2023-12-06,3197.1,3234.13,3193.04,3213.23,,48113661.0,0.002968424206859499
2023-12-07,3206.65,3217.08,3181.64,3202.4,,41467631.0,-0.0033704403357369683
2023-12-08,3203.91,3221.64,3194.99,3213.02,,54303909.0,0.0033162628028977625
2023-12-11,3191.33,3242.55,3165.4,3234.69,,60935279.0,0.006744433585847531
2023-12-12,3225.72,3241.41,3221.69,3240.41,,45868018.0,0.00176833019547451
2023-12-13,3231.12,3231.12,3183.57,3183.78,,41419121.0,-0.01747618356936298
2023-12-14,3203.82,3215.48,3167.24,3168.9,,37377402.0,-0.0046736897649963804
2023-12-15,3185.32,3208.31,3159.13,3161.26,,45766120.0,-0.002410931237968983
2023-12-18,3147.71,3170.21,3133.62,3148.19,,39088149.0,-0.004134427411854769
2023-12-19,3143.98,3167.96,3132.95,3157.55,,35549956.0,0.0029731369453558365
2023-12-20,3155.74,3160.41,3125.1,3125.42,,40388203.0,-0.010175610837516502
2023-12-21,3113.47,3171.57,3112.43,3162.97,,47385848.0,0.012014385266620131
2023-12-22,3160.59,3192.91,3147.98,3171.5,,50238578.0,0.0026968324075158367
2023-12-25,3164.66,3182.33,3161.7,3177.09,,33614843.0,0.001762572915024574
2023-12-26,3175.22,3175.22,3148.9,3157.91,,32441422.0,-0.006036970938815167
2023-12-27,3161.08,3176.52,3145.65,3170.45,,44369971.0,0.00397098080692615
2023-12-28,3169.93,3258.13,3165.77,3250.63,,67560750.0,0.025289785361699568
2023-12-29,3248.01,3268.97,3246.54,3263.05,,56271215.0,0.003820797814577448
2024-01-02,3260.23,3260.23,3218.49,3218.49,,52673533.0,-0.013655935397864138
2024-01-03,3211.59,3224.25,3193.47,3208.99,,46921205.0,-0.002951694738837163
2024-01-04,3205.75,3206.36,3154.6,3178.25,,48790990.0,-0.009579338047173702
2024-01-05,3172.41,3202.66,3145.81,3162.03,,54687807.0,-0.0051034374262565185
2024-01-08,3157.21,3171.1,3119.6,3123.37,,55401939.0,-0.012226322963412861
2024-01-09,3124.45,3142.57,3112.25,3129.95,,50011586.0,0.002106698854122291
2024-01-10,3118.32,3149.09,3105.81,3111.37,,44001200.0,-0.0059361970638508454
2024-01-11,3110.59,3146.43,3102.57,3131.49,,49707584.0,0.006466604743248006
2024-01-12,3119.07,3143.71,3112.34,3119.39,,44081801.0,-0.003863975296105049
2024-01-15,3104.23,3140.94,3096.11,3115.94,,39887365.0,-0.0011059854651068735
2024-01-16,3107.51,3133.77,3095.35,3133.77,,47869348.0,0.005722189772588759
2024-01-17,3124.06,3124.06,3060.48,3060.48,,46503170.0,-0.02338716625661741
2024-01-18,3046.18,3116.05,3012.45,3111.3,,76980323.0,0.01660523839397743
2024-01-19,3098.63,3127.96,3091.28,3112.17,,55325262.0,0.00027962587985719267
2024-01-22,3105.06,3128.05,3046.33,3072.15,,65855311.0,-0.01285919470980057
2024-01-23,3062.19,3098.39,3045.27,3081.17,,55014870.0,0.002936054554627754
2024-01-24,3096.44,3121.9,3039.07,3118.13,,65597954.0,0.011995443289399832
2024-01-25,3116.09,3180.36,3109.33,3179.03,,87305165.0,0.019530936811486432
2024-01-26,3162.41,3181.15,3148.2,3163.53,,81490113.0,-0.00487570107863089
2024-01-29,3164.26,3176.89,3127.24,3127.24,,78906794.0,-0.011471362686619191
2024-01-30,3109.38,3121.82,3071.56,3071.6,,62078465.0,-0.017792046660953353
2024-01-31,3062.1,3082.25,3036.38,3049.43,,64640683.0,-0.007217736684464127
2024-02-01,3038.2,3085.97,3028.84,3051.96,,61431774.0,0.0008296632485416122
2024-02-02,3053.4,3063.83,2947.49,3011.6,,73621843.0,-0.013224288653848726
2024-02-05,2995.52,3072.74,2956.95,3042.52,,87502535.0,0.010266967724797516
2024-02-06,3028.21,3148.48,3026.29,3147.3,,86660075.0,0.03443855751153646
2024-02-07,3150.16,3183.12,3126.75,3183.12,,93673893.0,0.011381183871890022
2024-02-08,3189.97,3214.82,3183.24,3207.2,,80266241.0,0.007564904873206046
2024-02-19,3235.77,3235.77,3204.95,3234.86,,79755603.0,0.008624345223247731
2024-02-20,3228.74,3242.91,3210.96,3238.31,,58694347.0,0.0010665067421773422
2024-02-21,3219.52,3318.18,3212.97,3277.71,,78052790.0,0.012166840111045518
2024-02-22,3272.26,3302.39,3271.11,3302.14,,59133807.0,0.007453374459607476
2024-02-23,3305.64,3314.77,3281.51,3298.23,,60803498.0,-0.0011840806265027704
2024-02-26,3295.01,3301.6,3258.12,3265.65,,63634045.0,-0.009878025486397268
2024-02-27,3253.16,3305.22,3250.41,3305.22,,59402431.0,0.01211703642460149
2024-02-28,3311.28,3331.33,3263.6,3263.6,,80138347.0,-0.01259220263704075
2024-02-29,3252.91,3327.37,3252.91,3326.71,,68659714.0,0.019337541365363364
2024-03-01,3326.26,3354.43,3314.13,3348.79,,73307463.0,0.006637188092740276
2024-03-04,3351.42,3364.19,3335.97,3352.89,,73450072.0,0.0012243228151063157
2024-03-05,3336.92,3381.92,3331.15,3377.1,,75674368.0,0.007220636525504975
2024-03-06,3367.49,3392.06,3358.04,3366.19,,63508086.0,-0.0032305824523999327
2024-03-07,3362.59,3384.49,3340.52,3349.3,,70345976.0,-0.005017542087642046
2024-03-08,3347.83,3363.19,3328.34,3358.9,,59308020.0,0.002866270563998352
2024-03-11,3363.19,3410.79,3362.17,3410.79,,68924612.0,0.015448509928845722
2024-03-12,3415.46,3427.49,3394.34,3419.56,,84106392.0,0.002571251821425591
2024-03-13,3417.72,3417.72,3384.74,3395.11,,63072381.0,-0.007150042695551417
2024-03-14,3400.78,3425.03,3372.5,3387.24,,65194941.0,-0.0023180397689619436
2024-03-15,3378.83,3390.96,3350.7,3387.08,,62264907.0,-4.7236097825864576e-05
2024-03-18,3396.4,3415.22,3387.14,3414.49,,67996466.0,0.008092516267699468
2024-03-19,3404.14,3422.33,3388.32,3388.58,,70816593.0,-0.007588248903935835
2024-03-20,3378.43,3403.39,3378.43,3399.0,,62236238.0,0.0030750343801828617
2024-03-21,3408.58,3419.06,3392.13,3395.11,,58477376.0,-0.0011444542512503153
2024-03-22,3385.04,3391.41,3342.78,3366.44,,64786866.0,-0.008444498116408572
2024-03-25,3359.49,3390.01,3351.51,3353.15,,61965543.0,-0.003947790544313823
2024-03-26,3354.26,3374.04,3347.88,3368.98,,55244066.0,0.004720934047089953
2024-03-27,3364.06,3369.65,3332.42,3332.42,,56540021.0,-0.01085194925467059
2024-03-28,3329.71,3384.04,3322.01,3354.27,,60829884.0,0.006556796562257938
2024-03-29,3353.96,3377.18,3353.96,3373.86,,54343376.0,0.005840316969117021
2024-04-01,3389.46,3440.1,3389.46,3433.67,,81480288.0,0.017727469426709996
2024-04-02,3431.52,3434.06,3411.0,3422.8,,68402168.0,-0.0031657089935840377
2024-04-03,3423.13,3426.59,3407.5,3416.82,,70330875.0,-0.0017471076311791345
2024-04-08,3405.3,3421.44,3389.15,3389.7,,76483938.0,-0.007937204769347006
2024-04-09,3385.47,3396.8,3370.2,3383.71,,65439586.0,-0.0017671180340442794
2024-04-10,3379.34,3379.86,3342.33,3356.53,,61345452.0,-0.00803260326682842
2024-04-11,3334.76,3368.2,3334.74,3352.77,,57562279.0,-0.0011202044969060854
2024-04-12,3353.95,3362.51,3320.15,3326.28,,59690035.0,-0.007900929679041435
2024-04-15,3323.57,3399.23,3323.57,3397.2,,83840204.0,0.021321115480356312
2024-04-16,3382.25,3398.57,3357.16,3368.28,,79656599.0,-0.008512892970681585
2024-04-17,3363.86,3415.63,3355.12,3414.67,,75913191.0,0.013772607977958984
2024-04-18,3399.48,3444.61,3396.14,3412.88,,75212193.0,-0.0005242087815220398
2024-04-19,3395.48,3407.98,3372.34,3386.94,,68378483.0,-0.007600618832188655
2024-04-22,3383.54,3404.5,3375.4,3378.23,,69304238.0,-0.002571642839849564
2024-04-23,3371.24,3377.68,3342.26,3348.6,,70272033.0,-0.008770865216400359
2024-04-24,3354.48,3362.04,3334.99,3357.97,,56110735.0,0.002798184315833341
2024-04-25,3346.33,3382.59,3342.78,3368.01,,54073266.0,0.002989901637000969
2024-04-26,3365.87,3425.88,3365.68,3421.49,,81020790.0,0.0158788127113636
2024-04-29,3419.8,3484.26,3416.1,3460.45,,94344748.0,0.01138685192708433
2024-04-30,3452.42,3464.44,3435.19,3435.19,,86799967.0,-0.007299628661012192
2024-05-06,3488.71,3501.62,3479.55,3497.66,,100739858.0,0.018185311438377427
2024-05-07,3497.71,3508.43,3491.71,3500.07,,75852855.0,0.0006890320957440021
2024-05-08,3491.76,3491.91,3468.52,3469.81,,59050960.0,-0.008645541374886823
2024-05-09,3471.12,3512.08,3471.12,3505.54,,67114764.0,0.010297393805424493
2024-05-10,3512.14,3517.06,3482.62,3504.45,,69130899.0,-0.00031093640352131136
2024-05-13,3482.95,3508.57,3472.96,3499.47,,71299603.0,-0.001421050378804134
2024-05-14,3504.13,3509.9,3477.44,3485.47,,60606535.0,-0.004000605806022017
2024-05-15,3479.27,3486.24,3455.41,3457.72,,57328529.0,-0.007961623540010399
2024-05-16,3468.96,3485.18,3455.46,3468.09,,73778757.0,0.0029990861029811633
2024-05-17,3469.16,3507.45,3455.3,3507.45,,81910306.0,0.011349186439798098
2024-05-20,3513.31,3527.98,3501.59,3515.86,,89980680.0,0.0023977533535759488
2024-05-21,3507.83,3511.02,3485.74,3495.89,,61516495.0,-0.005679975880723442
2024-05-22,3495.82,3512.61,3486.28,3504.34,,72458364.0,0.0024171241085961803
2024-05-23,3490.31,3491.12,3454.1,3463.13,,67922304.0,-0.011759703681720413
2024-05-24,3451.48,3469.27,3422.82,3424.63,,55566873.0,-0.011117110821713294
2024-05-27,3429.06,3456.58,3425.84,3453.86,,59670781.0,0.008535228623238078
2024-05-28,3452.81,3458.73,3425.54,3429.47,,61665812.0,-0.007061664340766605
2024-05-29,3430.33,3457.62,3430.33,3440.84,,54222649.0,0.00331538109387175
2024-05-30,3437.17,3451.06,3414.47,3421.53,,57518343.0,-0.005612001720510129
2024-05-31,3427.07,3439.63,3400.58,3400.58,,51191560.0,-0.006122991760995844
2024-06-03,3399.89,3432.02,3393.49,3420.93,,61346473.0,0.005984273271030238
2024-06-04,3416.96,3457.72,3411.88,3450.91,,60388749.0,0.008763698760278604
2024-06-05,3445.12,3460.37,3430.76,3430.99,,51093145.0,-0.005772390470919264
2024-06-06,3439.09,3468.55,3426.64,3435.35,,64751573.0,0.0012707702441570046
2024-06-07,3435.84,3442.73,3390.29,3411.14,,59724479.0,-0.007047316867276998
2024-06-11,3387.23,3399.59,3361.4,3379.68,,60257008.0,-0.00922272319517814
2024-06-12,3375.7,3386.41,3368.33,3378.43,,56344566.0,-0.00036985750130191786
2024-06-13,3384.38,3384.41,3350.29,3356.16,,53356211.0,-0.006591819277001476
2024-06-14,3347.77,3379.45,3335.49,3373.87,,66805341.0,0.005276864035087758
2024-06-17,3353.38,3377.28,3353.38,3369.97,,59201009.0,-0.0011559425822571523
2024-06-18,3366.24,3384.16,3366.05,3378.14,,54834241.0,0.0024243539259993785
2024-06-19,3374.55,3374.55,3354.72,3361.55,,47185326.0,-0.004910986519208738
2024-06-20,3359.15,3369.42,3336.64,3340.24,,53166273.0,-0.00633933750799498
2024-06-21,3335.63,3342.2,3308.83,3330.05,,50952171.0,-0.0030506789931261658
2024-06-24,3307.82,3346.31,3303.5,3320.83,,53728438.0,-0.002768727196288401
2024-06-25,3317.95,3327.74,3289.18,3305.3,,54069518.0,-0.004676541707946402
2024-06-26,3298.43,3332.01,3289.99,3324.23,,47326912.0,0.005727165461531403
2024-06-27,3311.87,3314.24,3297.56,3300.26,,53110429.0,-0.007210692400946961
2024-06-28,3288.71,3330.3,3288.71,3309.99,,62996534.0,0.002948252561919329
2024-07-01,3308.24,3321.84,3288.67,3318.49,,57241101.0,0.0025679835890743963
2024-07-02,3311.1,3327.42,3305.23,3312.23,,55102011.0,-0.0018864001398225527
2024-07-03,3312.75,3319.95,3297.79,3312.77,,46848010.0,0.00016303215658330927
2024-07-04,3318.54,3337.09,3299.48,3299.68,,47844285.0,-0.003951376038783261
2024-07-05,3297.52,3306.17,3254.65,3287.27,,51771527.0,-0.0037609707608009524
2024-07-08,3276.08,3283.38,3253.0,3258.36,,53018502.0,-0.00879453163263133
2024-07-09,3255.64,3304.62,3244.12,3293.87,,60291544.0,0.010898120526890764
2024-07-10,3284.43,3307.49,3280.15,3285.53,,58703661.0,-0.002531976064629071
2024-07-11,3302.94,3329.21,3290.14,3323.86,,67048057.0,0.011666306501538548
2024-07-12,3321.81,3345.13,3320.13,3338.34,,62766367.0,0.004356380834331208
2024-07-15,3326.79,3343.07,3323.86,3333.59,,59349291.0,-0.0014228628599842752
2024-07-16,3322.74,3355.83,3317.98,3353.79,,57173267.0,0.006059533415927021
2024-07-17,3350.92,3367.0,3340.45,3355.22,,62076202.0,0.00042638328577515594
2024-07-18,3337.48,3381.04,3335.0,3379.18,,58488610.0,0.007141111462139582
2024-07-19,3355.16,3400.05,3346.03,3394.26,,62264118.0,0.0044626211092633206
2024-07-22,3392.86,3395.45,3351.05,3371.39,,60529242.0,-0.006737845657080022
2024-07-23,3366.4,3366.4,3294.59,3294.59,,59697984.0,-0.022779921634696554
2024-07-24,3288.04,3307.64,3261.61,3272.11,,60864932.0,-0.0068233073007567535
2024-07-25,3258.32,3271.63,3238.15,3252.89,,61495078.0,-0.005873885657878275
2024-07-26,3260.2,3276.85,3243.66,3267.44,,58534310.0,0.004472945596069922
2024-07-29,3261.52,3261.52,3239.15,3239.15,,47796535.0,-0.00865815439610218
2024-07-30,3227.36,3227.69,3197.87,3215.07,,47774689.0,-0.0074340490560794725
2024-07-31,3207.75,3289.3,3207.75,3286.34,,75312838.0,0.02216748002376301
2024-08-01,3287.93,3293.6,3259.7,3260.85,,57835077.0,-0.007756349008319341
2024-08-02,3234.35,3261.21,3222.74,3225.81,,50855111.0,-0.010745664473986838
2024-08-05,3202.25,3251.79,3188.0,3188.0,,64304847.0,-0.011721087106804196
2024-08-06,3211.62,3220.8,3161.89,3184.05,,52601998.0,-0.001239021329987433
2024-08-07,3180.09,3201.45,3170.84,3180.19,,39964383.0,-0.0012122925205321211
2024-08-08,3171.07,3201.26,3158.91,3182.32,,40966399.0,0.0006697713029724106
2024-08-09,3199.25,3210.14,3174.6,3174.6,,43974894.0,-0.002425903114708805
2024-08-12,3171.36,3181.91,3163.45,3169.15,,35452277.0,-0.0017167517167516744
2024-08-13,3170.56,3177.77,3153.73,3176.63,,35867779.0,0.002360254326869926
2024-08-14,3175.33,3175.33,3149.52,3149.7,,31590991.0,-0.008477537516172862
2024-08-15,3141.95,3197.91,3138.12,3183.79,,45879514.0,0.010823253008223066
2024-08-16,3184.66,3199.21,3178.22,3188.79,,41920818.0,0.001570455337820631
2024-08-19,3189.11,3221.75,3188.73,3195.55,,43071591.0,0.002119926367054603
2024-08-20,3201.73,3202.47,3168.19,3178.84,,41639698.0,-0.005229146782244065
2024-08-21,3169.91,3188.74,3154.94,3172.46,,38951445.0,-0.002007021429200617
2024-08-22,3174.06,3179.34,3158.23,3170.38,,42602474.0,-0.0006556426243357061
2024-08-23,3162.12,3194.39,3161.35,3185.86,,38845460.0,0.004882695449756724
2024-08-26,3190.3,3195.95,3169.65,3183.64,,44642871.0,-0.0006968291136459914
2024-08-27,3174.6,3181.41,3162.33,3167.34,,44167381.0,-0.005119925619730736
2024-08-28,3161.78,3168.53,3135.57,3148.34,,41506147.0,-0.005998724481741768
2024-08-29,3134.53,3157.63,3133.64,3144.96,,56154219.0,-0.0010735816334958015
2024-08-30,3143.2,3224.97,3142.39,3195.94,,80602618.0,0.01621006308506301
2024-09-02,3179.97,3182.73,3138.31,3139.09,,58087186.0,-0.017788193770846727
2024-09-03,3135.32,3162.58,3135.32,3153.6,,52625249.0,0.0046223587090525875
2024-09-04,3133.43,3152.59,3128.68,3131.14,,47594337.0,-0.007122019279553582
2024-09-05,3131.43,3144.98,3123.65,3132.82,,43048247.0,0.0005365457948223185
2024-09-06,3135.0,3144.43,3103.65,3103.78,,33631653.0,-0.009269603743591981
2024-09-09,3086.53,3097.17,3054.06,3066.51,,48296116.0,-0.012007938706996013
2024-09-10,3065.59,3075.98,3047.05,3065.66,,42052091.0,-0.0002771880737386656
2024-09-11,3058.65,3076.39,3047.63,3067.45,,45911161.0,0.0005838873195331828
2024-09-12,3071.5,3085.52,3053.25,3054.25,,42293009.0,-0.004303248626709388
2024-09-13,3055.17,3071.86,3043.92,3043.92,,40240045.0,-0.0033821723827452965
2024-09-18,3044.6,3068.91,3036.61,3058.44,,39685649.0,0.004770164787510911
2024-09-19,3061.12,3095.96,3034.71,3077.61,,56166979.0,0.006267901283007138
2024-09-20,3075.89,3090.43,3056.14,3083.55,,53613790.0,0.0019300691120707203
2024-09-23,3084.28,3108.99,3080.85,3089.96,,40361651.0,0.002078772842989407
2024-09-24,3124.35,3223.35,3097.22,3223.26,,88277174.0,0.043139717018990664
2024-09-25,3276.83,3337.8,3267.63,3272.66,,103653150.0,0.015326098422094203
2024-09-26,3273.3,3407.2,3263.7,3406.7,,102770860.0,0.04095750857100944
2024-09-27,3480.19,3571.57,3463.55,3562.61,,116269630.0,0.04576569700883559
2024-09-30,3692.92,3883.9,3647.48,3861.49,,223144067.0,0.08389354995354514
2024-10-08,4284.12,4284.12,3934.07,4094.76,,275043248.0,0.06040932386203268
2024-10-09,4007.15,4022.2,3777.3,3792.28,,199741178.0,-0.07387001924410708
2024-10-10,3814.0,3938.38,3764.56,3844.35,,160213904.0,0.013730526226966244
2024-10-11,3814.98,3814.98,3686.78,3725.7,,109456895.0,-0.03086347496976083
2024-10-14,3750.54,3813.25,3715.13,3795.24,,112586745.0,0.018664948868668985
2024-10-15,3781.89,3805.72,3699.12,3699.12,,92313570.0,-0.02532646156764784
2024-10-16,3651.15,3705.25,3642.19,3662.38,,87088351.0,-0.00993209195700595
2024-10-17,3681.76,3703.45,3610.61,3611.21,,81934786.0,-0.013971788836767418
2024-10-18,3602.65,3811.23,3595.19,3742.87,,118323513.0,0.036458693900382366
2024-10-21,3775.72,3805.25,3727.36,3764.01,,122129398.0,0.005648072201278831
2024-10-22,3754.03,3789.8,3746.05,3783.59,,93616997.0,0.005201899038525415
2024-10-23,3777.39,3835.33,3764.12,3799.58,,110253482.0,0.0042261450104266185
2024-10-24,3779.67,3783.96,3738.5,3752.16,,78184283.0,-0.012480326772959183
2024-10-25,3755.12,3822.18,3747.1,3784.02,,96251026.0,0.008491109121146145
2024-10-28,3780.7,3787.7,3743.93,3787.1,,100930565.0,0.000813949186315055
2024-10-29,3793.03,3809.66,3744.51,3746.81,,95717528.0,-0.010638747326450315
2024-10-30,3727.58,3749.85,3692.37,3715.74,,112618689.0,-0.008292387390873901
2024-10-31,3715.97,3739.92,3679.02,3709.31,,141682771.0,-0.0017304762981262822
2024-11-01,3703.87,3754.31,3700.08,3716.35,,156830950.0,0.001897927107737063
2024-11-04,3724.79,3763.56,3716.4,3763.56,,108492110.0,0.01270332449849998
2024-11-05,3754.74,3851.88,3745.56,3851.27,,147365169.0,0.023305062228315743
2024-11-06,3856.89,3888.69,3804.44,3827.29,,159741981.0,-0.006226517486439542
2024-11-07,3790.13,3923.32,3785.75,3922.28,,152050842.0,0.024819127894672333
2024-11-08,3970.08,3979.2,3881.18,3890.19,,152456382.0,-0.008181465882089012
2024-11-11,3854.67,3918.22,3833.79,3916.38,,135545563.0,0.006732318986990338
2024-11-12,3920.31,3971.03,3853.59,3874.43,,137643237.0,-0.010711422282822514
2024-11-13,3847.69,3912.64,3847.69,3901.93,,116673956.0,0.007097818259718114
2024-11-14,3894.28,3907.4,3825.66,3830.99,,108314147.0,-0.018180746451115226
2024-11-15,3815.07,3837.72,3764.93,3764.93,,115027600.0,-0.017243584556472347
2024-11-18,3773.64,3815.16,3720.17,3738.15,,130585652.0,-0.00711301405338205
2024-11-19,3744.02,3765.52,3688.56,3761.37,,102622761.0,0.006211628746839892
2024-11-20,3753.97,3783.37,3743.24,3768.81,,77047465.0,0.001978002695826264
2024-11-21,3763.18,3775.35,3744.12,3764.89,,67617355.0,-0.001040116110920919
2024-11-22,3760.56,3767.89,3653.29,3653.29,,90373454.0,-0.02964230030625059
2024-11-25,3663.26,3682.35,3601.96,3630.08,,80709051.0,-0.006353177546813971
2024-11-26,3619.88,3652.46,3617.06,3622.33,,60510336.0,-0.002134939174894268
2024-11-27,3612.74,3678.65,3600.21,3678.43,,71629829.0,0.01548726924382926
2024-11-28,3677.45,3679.59,3636.29,3644.89,,60926226.0,-0.00911802045981569
2024-11-29,3640.79,3723.51,3640.79,3682.05,,74059169.0,0.010195095050879566
2024-12-02,3678.49,3720.99,3670.53,3711.95,,83554440.0,0.008120476365068185
2024-12-03,3711.05,3720.03,3684.52,3710.89,,72778536.0,-0.0002855641913279694
2024-12-04,3708.81,3715.8,3683.03,3694.29,,76751706.0,-0.004473320416396032
2024-12-05,3680.58,3694.84,3669.64,3679.17,,57077970.0,-0.004092802676562979
2024-12-06,3681.67,3752.27,3681.67,3733.23,,79314351.0,0.014693531421489103
2024-12-09,3731.85,3755.91,3712.9,3729.75,,79880064.0,-0.0009321686582396405
2024-12-10,3848.97,3852.81,3750.67,3757.28,,115122553.0,0.007381191768885298
2024-12-11,3752.89,3767.79,3741.74,3751.78,,82401660.0,-0.001463824894604615
2024-12-12,3747.64,3790.31,3741.42,3787.19,,79075512.0,0.009438186674058713
2024-12-13,3760.27,3760.27,3692.99,3694.41,,106027142.0,-0.02449837478447081
2024-12-16,3693.12,3702.83,3671.74,3680.33,,78516857.0,-0.0038111633521996646
2024-12-17,3676.23,3729.5,3676.23,3697.87,,73874518.0,0.004765876972988803
2024-12-18,3708.86,3732.58,3706.98,3721.0,,71743382.0,0.006254952175171136
2024-12-19,3693.71,3739.41,3681.04,3729.63,,76335221.0,0.002319269013705938
2024-12-20,3719.86,3736.89,3702.58,3706.83,,72134074.0,-0.006113206940098648
2024-12-23,3709.17,3746.77,3709.17,3718.63,,90303064.0,0.003183312965525875
2024-12-24,3719.25,3767.96,3719.25,3765.71,,73219986.0,0.012660576610203256
2024-12-25,3771.1,3789.65,3754.74,3769.05,,73408282.0,0.0008869509335556192
2024-12-26,3766.77,3774.5,3749.99,3770.3,,65431839.0,0.0003316485586553064
2024-12-27,3771.6,3786.53,3753.96,3761.46,,73427151.0,-0.0023446410099992043
2024-12-30,3758.86,3788.32,3758.86,3779.48,,74539861.0,0.004790692975599864
2024-12-31,3775.44,3782.83,3724.97,3724.97,,80553938.0,-0.01442261898462227
2025-01-02,3723.74,3725.95,3602.37,3624.45,,94271652.0,-0.02698545223183002
2025-01-03,3630.42,3643.77,3580.62,3589.44,,78506557.0,-0.009659396598104442
2025-01-06,3593.75,3603.27,3559.03,3583.49,,66592161.0,-0.0016576401889989434
2025-01-07,3569.83,3607.38,3558.22,3605.55,,73024698.0,0.006156009923287131
2025-01-08,3590.75,3619.97,3546.71,3598.9,,78331775.0,-0.0018443788048980725
2025-01-09,3590.63,3606.79,3579.22,3593.18,,57912870.0,-0.0015893745311067464
2025-01-10,3595.8,3602.78,3554.0,3554.0,,62901256.0,-0.01090399033724998
2025-01-13,3526.22,3558.51,3525.52,3545.89,,60795223.0,-0.0022819358469330364
2025-01-14,3550.59,3638.16,3540.94,3630.47,,72623260.0,0.02385296780215973
2025-01-15,3619.77,3627.89,3601.91,3607.3,,60017428.0,-0.006382093778491416
2025-01-16,3621.83,3652.68,3583.33,3602.13,,65161605.0,-0.0014332048900840277
2025-01-17,3590.09,3633.2,3578.78,3613.48,,57994533.0,0.0031509134872977906
2025-01-20,3636.08,3661.06,3630.82,3637.7,,63004531.0,0.006702679965019831
2025-01-21,3656.1,3657.75,3628.72,3639.14,,71651478.0,0.0003958545234625799
2025-01-22,3630.01,3631.71,3587.59,3600.4,,62292941.0,-0.010645372258280772
2025-01-23,3629.87,3662.68,3599.07,3601.04,,76821374.0,0.00017775802688579923
2025-01-24,3594.96,3646.55,3594.02,3628.49,,64678690.0,0.0076227978583964795
2025-01-27,3631.55,3646.63,3615.12,3615.24,,61987398.0,-0.00365165674977741
2025-02-05,3649.24,3649.24,3594.56,3604.47,,69760209.0,-0.0029790553324260394
2025-02-06,3598.51,3654.15,3597.0,3653.43,,76234399.0,0.013583134274941955
2025-02-07,3656.23,3727.52,3643.61,3704.02,,99148366.0,0.013847261340712791
2025-02-10,3709.1,3720.48,3690.17,3715.0,,89086978.0,0.0029643468447795307
2025-02-11,3723.13,3723.13,3687.9,3695.6,,74739823.0,-0.00522207267833108
2025-02-12,3691.26,3739.11,3680.98,3737.32,,74943796.0,0.011289100552007936
2025-02-13,3732.5,3756.31,3721.91,3722.68,,80141666.0,-0.003917245512827461
2025-02-14,3719.46,3765.56,3719.46,3762.63,,88418747.0,0.010731516004598873
2025-02-17,3775.52,3777.37,3741.12,3764.03,,102735164.0,0.0003720801673297025
2025-02-18,3762.78,3783.71,3725.29,3736.25,,98905316.0,-0.007380387510195208
2025-02-19,3729.4,3768.99,3729.4,3763.2,,89320099.0,0.00721311475409836
2025-02-20,3758.6,3760.96,3735.17,3749.82,,83130223.0,-0.003555484693877453
2025-02-21,3759.7,3815.04,3758.3,3812.38,,111201264.0,0.01668346747310534
2025-02-24,3805.8,3829.57,3781.68,3802.47,,105822240.0,-0.0025994260802963964
2025-02-25,3766.34,3792.45,3750.73,3760.57,,84726544.0,-0.011019153339802745
2025-02-26,3768.47,3790.26,3757.3,3788.95,,89103081.0,0.007546728288530646
2025-02-27,3793.14,3806.1,3767.17,3799.44,,93676072.0,0.0027685770464114245
2025-02-28,3783.53,3807.64,3725.01,3727.84,,88634438.0,-0.018844882403722618
2025-03-03,3738.41,3772.09,3712.34,3728.44,,82754438.0,0.00016095111378167104
2025-03-04,3706.49,3727.9,3692.84,3720.06,,73408857.0,-0.0022475888038965275
2025-03-05,3723.46,3739.61,3713.67,3735.54,,71024916.0,0.004161223206077258
2025-03-06,3759.09,3803.29,3756.99,3795.38,,86714518.0,0.01601910299448006
2025-03-07,3783.19,3805.71,3774.76,3782.77,,72567541.0,-0.00332246046509177
2025-03-10,3786.15,3791.98,3745.51,3770.14,,71688410.0,-0.0033388231375420796
2025-03-11,3731.83,3779.99,3730.98,3779.99,,67281737.0,0.002612635074559444
2025-03-12,3785.85,3788.18,3756.94,3763.39,,68994706.0,-0.004391546009380964
2025-03-13,3763.51,3776.85,3735.55,3748.91,,68575650.0,-0.003847594854639036
2025-03-14,3757.6,3847.85,3757.13,3841.43,,89390886.0,0.02467917341307202
2025-03-17,3859.52,3859.84,3824.69,3829.78,,65406086.0,-0.0030327247925902023
2025-03-18,3847.05,3856.63,3835.12,3845.82,,62223627.0,0.004188230133323589
2025-03-19,3846.16,3872.37,3831.3,3859.58,,64687697.0,0.003577910562636788
2025-03-20,3860.28,3861.37,3814.57,3819.67,,57923972.0,-0.010340503370833032
2025-03-21,3810.58,3825.61,3745.13,3755.97,,71766079.0,-0.016676833339005825
2025-03-24,3758.6,3780.74,3753.4,3776.48,,63833473.0,0.005460639994462113
2025-03-25,3780.36,3788.52,3762.25,3773.13,,55963595.0,-0.0008870694403253498
2025-03-26,3772.08,3781.71,3755.35,3757.7,,56148418.0,-0.004089442982351588
2025-03-27,3750.98,3792.68,3743.65,3771.11,,52130371.0,0.0035686723261569853
2025-03-28,3768.42,3772.58,3746.58,3756.09,,50840000.0,-0.003982912192961763
2025-03-31,3747.38,3770.35,3714.5,3728.92,,63774355.0,-0.007233585989686153
2025-04-01,3734.84,3742.79,3719.12,3725.52,,53874343.0,-0.0009117921542967089
2025-04-02,3722.08,3734.23,3709.06,3715.68,,44921590.0,-0.002641242027958568
2025-04-03,3673.53,3714.52,3673.53,3690.89,,61794993.0,-0.006671726305817471
2025-04-07,3507.36,3540.03,3362.07,3437.94,,135790569.0,-0.06853360571569456
2025-04-08,3447.2,3500.92,3434.64,3500.92,,128759751.0,0.018319109699413083
2025-04-09,3456.56,3529.91,3441.09,3529.04,,120014715.0,0.008032174399871916
2025-04-10,3590.39,3595.82,3549.68,3576.84,,104407511.0,0.01354476004805849
2025-04-11,3574.33,3609.12,3551.68,3598.27,,76881792.0,0.005991321948982886
2025-04-14,3618.19,3619.39,3596.09,3601.59,,72415448.0,0.0009226656143090928
2025-04-15,3598.96,3604.49,3580.11,3600.68,,57651694.0,-0.00025266618354680137
2025-04-16,3597.63,3616.23,3561.72,3611.99,,68072933.0,0.003141073352811219
2025-04-17,3595.99,3618.59,3591.04,3611.77,,55499799.0,-6.090825279136958e-05
2025-04-18,3599.77,3622.11,3593.61,3611.88,,43239861.0,3.0455981416377398e-05
2025-04-21,3609.01,3631.49,3602.89,3625.69,,48797618.0,0.0038234935822896166
2025-04-22,3620.67,3637.48,3617.94,3622.0,,53353598.0,-0.0010177373134493406
2025-04-23,3642.65,3646.93,3619.9,3625.52,,54823557.0,0.0009718387631143521
2025-04-24,3628.09,3646.17,3613.75,3624.14,,44524030.0,-0.000380635053730205
2025-04-25,3632.74,3643.96,3623.19,3628.53,,53808417.0,0.0012113218584270946
2025-04-28,3628.39,3634.36,3614.23,3624.51,,50473448.0,-0.0011078866648477348
2025-04-29,3620.82,3628.46,3612.4,3621.39,,46019421.0,-0.000860806012399018
2025-04-30,3622.21,3633.15,3613.54,3617.51,,54833235.0,-0.0010714118059639288
2025-05-06,3643.33,3654.6,3630.46,3653.14,,65811388.0,0.009849316242387607
2025-05-07,3702.94,3703.8,3660.26,3675.94,,67153787.0,0.006241206195218396
2025-05-08,3665.67,3715.6,3661.11,3697.15,,52072498.0,0.005769952719576477
2025-05-09,3693.11,3700.67,3685.06,3694.6,,47677324.0,-0.0006897204603546481
2025-05-12,3715.05,3740.8,3708.03,3737.34,,63445375.0,0.011568234720944037
2025-05-13,3764.26,3764.26,3733.4,3740.93,,61972305.0,0.0009605762387152605
2025-05-14,3740.28,3799.36,3736.12,3783.87,,66008919.0,0.011478429160663328
2025-05-15,3776.61,3777.32,3749.69,3753.74,,55606988.0,-0.007962747134547477
2025-05-16,3744.48,3749.71,3723.06,3736.11,,48885859.0,-0.004696649208522641
2025-05-19,3730.09,3732.78,3712.78,3725.5,,39329980.0,-0.0028398521456809434
2025-05-20,3732.46,3763.02,3729.58,3749.09,,43079538.0,0.006332035968326544
2025-05-21,3750.96,3782.83,3750.96,3768.34,,45063650.0,0.005134579324582722
2025-05-22,3766.14,3772.03,3752.11,3762.37,,41690364.0,-0.0015842519517879072
2025-05-23,3758.7,3779.09,3731.44,3731.44,,46400114.0,-0.008220882050409717
2025-05-26,3723.54,3730.2,3692.84,3704.32,,42959121.0,-0.0072679716141756945
2025-05-27,3700.94,3708.81,3676.67,3679.83,,38782345.0,-0.006611199896337294
2025-05-28,3684.2,3692.11,3673.46,3675.06,,35598100.0,-0.001296255533543622
2025-05-29,3675.89,3706.69,3666.02,3692.16,,42182832.0,0.004652985257383557
2025-05-30,3684.51,3691.43,3657.48,3668.4,,44018920.0,-0.00643525741029638
2025-06-03,3666.62,3690.74,3666.39,3677.14,,48391976.0,0.0023825100861409876
2025-06-04,3680.98,3698.27,3680.98,3690.74,,47859060.0,0.0036985265722817573
2025-06-05,3693.8,3703.89,3682.22,3698.59,,48772722.0,0.002126944731950964
2025-06-06,3701.45,3711.59,3692.97,3697.56,,44385764.0,-0.0002784845035541661
2025-06-09,3699.48,3717.2,3693.44,3700.3,,54309560.0,0.000741029219268885
2025-06-10,3702.9,3709.83,3667.14,3678.67,,56172114.0,-0.005845471988757733
2025-06-11,3683.11,3724.83,3683.11,3707.94,,57940422.0,0.00795667999575933
2025-06-12,3699.87,3712.64,3683.63,3703.24,,54398443.0,-0.0012675501761086894
2025-06-13,3691.57,3701.04,3669.34,3681.38,,66144585.0,-0.0059029390479686805
2025-06-16,3670.39,3686.87,3669.89,3683.73,,54027583.0,0.0006383475761806423
2025-06-17,3686.31,3691.49,3672.28,3682.86,,49865893.0,-0.0002361736609359788
2025-06-18,3684.17,3695.05,3669.14,3683.2,,48017512.0,9.23195559972001e-05
2025-06-19,3679.36,3681.46,3648.28,3655.16,,53052147.0,-0.007612945264986903
2025-06-20,3649.27,3666.0,3649.27,3656.35,,46893102.0,0.00032556714343567883
2025-06-23,3643.18,3674.96,3637.5,3665.99,,51234706.0,0.002636509086930916
2025-06-24,3670.5,3722.17,3670.5,3709.85,,60701356.0,0.011964026088450819
2025-06-25,3710.63,3754.49,3701.75,3750.86,,63693412.0,0.011054355297384078
2025-06-26,3742.99,3755.82,3734.01,3734.11,,59033517.0,-0.004465642545976145
2025-06-27,3739.81,3754.05,3712.33,3715.44,,66892667.0,-0.004999852709213215
2025-06-30,3713.83,3735.06,3707.85,3729.87,,56754305.0,0.00388379303662556
2025-07-01,3731.09,3737.33,3715.71,3733.15,,48683495.0,0.0008793872172490058
2025-07-02,3735.01,3743.49,3720.28,3736.25,,61885969.0,0.0008303979213264423
2025-07-03,3742.79,3763.94,3737.2,3760.82,,59145175.0,0.006576112412177926
2025-07-04,3760.8,3800.98,3748.55,3770.32,,56779815.0,0.00252604485192065
2025-07-07,3766.33,3766.56,3740.52,3748.03,,51997739.0,-0.0059119650321457495
2025-07-08,3748.91,3784.52,3748.91,3779.86,,61564939.0,0.008492461373041271
2025-07-09,3777.12,3796.57,3768.44,3772.0,,70449422.0,-0.0020794420957390702
2025-07-10,3777.66,3815.66,3776.29,3793.67,,89794076.0,0.005744962884411509
2025-07-11,3792.86,3849.29,3792.74,3802.84,,107297686.0,0.0024171844150915334
2025-07-14,3810.29,3818.27,3802.26,3802.26,,101355249.0,-0.0001525175921153199
2025-07-15,3803.88,3818.58,3774.53,3800.08,,85648342.0,-0.0005733432221889379
2025-07-16,3802.7,3809.92,3776.34,3787.47,,62940282.0,-0.0033183511926064835
2025-07-17,3785.24,3810.97,3785.24,3810.82,,72633182.0,0.006165065333850972
2025-07-18,3818.27,3845.06,3817.54,3840.51,,89191512.0,0.0077909741210553385
2025-07-21,3856.79,3873.87,3852.51,3873.13,,106007585.0,0.008493663601969459
2025-07-22,3875.99,3915.64,3864.01,3915.63,,120379889.0,0.010973037310908706
2025-07-23,3927.85,3950.39,3912.05,3917.87,,131900987.0,0.000572066308614394
2025-07-24,3915.52,3953.01,3911.07,3951.22,,147133503.0,0.00851227835533086
2025-07-25,3945.01,3947.45,3918.22,3928.5,,137279113.0,-0.005750122746898345
2025-07-28,3930.36,3940.93,3912.33,3932.96,,106110279.0,0.001135293368970336
2025-07-29,3930.71,3953.98,3921.37,3951.71,,110218715.0,0.004767401651682102
2025-07-30,3949.35,3986.35,3926.81,3949.29,,122815875.0,-0.000612393115891674
2025-07-31,3938.63,3938.63,3859.26,3871.18,,129931124.0,-0.019778238620106414
2025-08-01,3865.22,3879.05,3832.67,3844.1,,95202452.0,-0.006995283091977056
2025-08-04,3830.94,3859.76,3830.94,3859.76,,72967199.0,0.004073775396061574
2025-08-05,3869.05,3887.33,3859.68,3882.38,,81344867.0,0.005860468008373587
2025-08-06,3879.29,3893.5,3877.0,3890.09,,80902190.0,0.001985895249821068
2025-08-07,3896.75,3904.45,3871.72,3891.62,,100655769.0,0.00039330709572271694
2025-08-08,3887.86,3903.4,3878.23,3886.81,,84337250.0,-0.0012359891253513888
2025-08-11,3894.52,3914.09,3886.3,3902.59,,89657936.0,0.004059884584016293
2025-08-12,3902.06,3928.21,3895.16,3919.53,,82890196.0,0.004340707068895222
2025-08-13,3924.6,3956.34,3923.74,3947.88,,85204420.0,0.007233010080290203
2025-08-14,3952.9,3996.47,3945.57,3954.46,,94748316.0,0.0016667173267677082
2025-08-15,3942.68,3984.7,3937.87,3970.69,,100567351.0,0.004104226620069484
2025-08-18,3986.54,4033.8,3973.95,4001.54,,134636734.0,0.007769430502003516
2025-08-19,4008.3,4026.45,3964.36,3969.64,,111732596.0,-0.007971930806639493
2025-08-20,3957.5,4014.99,3940.09,4014.56,,109367836.0,0.011315887586783813
2025-08-21,4027.76,4057.26,4024.57,4039.14,,129747025.0,0.006122713323502449
2025-08-22,4041.99,4137.88,4041.99,4137.88,,137199249.0,0.02444579786786294
2025-08-25,4177.74,4234.05,4167.87,4231.12,,169008993.0,0.022533277910427474
2025-08-26,4210.71,4237.86,4193.31,4217.08,,132482179.0,-0.00331827033976817
2025-08-27,4224.85,4262.62,4157.87,4157.87,,154581660.0,-0.014040520929173739
2025-08-28,4153.88,4234.93,4142.39,4233.71,,135571655.0,0.01824010851710134
2025-08-29,4215.12,4285.57,4210.97,4264.38,,160602341.0,0.007244237323765779
2025-09-01,4283.85,4294.91,4251.61,4291.77,,141466292.0,0.006422973562393741
2025-09-02,4290.56,4321.68,4235.42,4270.96,,139643247.0,-0.004848815290661057
2025-09-03,4281.69,4292.88,4222.52,4256.05,,117033931.0,-0.0034910184127221466
2025-09-04,4255.42,4259.03,4120.93,4154.54,,144029324.0,-0.02385075363306355
2025-09-05,4152.92,4268.01,4146.61,4261.31,,114327059.0,0.025699596104502564
2025-09-08,4274.54,4288.68,4246.08,4278.17,,122184393.0,0.0039565297995216575
2025-09-09,4255.96,4280.9,4214.48,4236.32,,103257493.0,-0.009782219967883532
2025-09-10,4230.41,4265.35,4209.81,4244.4,,95101950.0,0.0019073157835101107
2025-09-11,4231.76,4339.56,4215.69,4339.56,,117599055.0,0.022420130053718124
2025-09-12,4340.83,4364.22,4322.71,4326.99,,121863822.0,-0.0028966070292841817
2025-09-15,4351.05,4381.61,4335.21,4344.31,,100373640.0,0.004002782534741289
2025-09-16,4353.19,4364.76,4307.09,4332.59,,101481272.0,-0.0026977816960576106
2025-09-17,4327.27,4370.24,4312.46,4363.62,,97774794.0,0.007161997788851515
2025-09-18,4361.82,4394.55,4273.29,4316.23,,136672865.0,-0.010860249059267413
2025-09-19,4320.22,4358.89,4313.36,4324.93,,100693689.0,0.0020156479149628925
2025-09-22,4340.71,4355.5,4315.7,4352.26,,87549932.0,0.006319177420212485
2025-09-23,4366.41,4394.45,4290.38,4350.8,,108807506.0,-0.00033545790003353115
2025-09-24,4331.32,4415.34,4329.27,4413.32,,98773809.0,0.014369771076583548
2025-09-25,4412.85,4465.42,4408.79,4443.4,,101089862.0,0.006815730561119393
2025-09-26,4426.83,4448.58,4394.82,4394.88,,94522545.0,-0.010919566098032907
2025-09-29,4404.85,4485.29,4384.63,4460.8,,114302441.0,0.014999271880005827
2025-09-30,4474.71,4504.1,4468.51,4496.78,,111053689.0,0.008065817790530838
2025-10-09,4525.69,4606.8,4522.3,4582.77,,168389609.0,0.019122572151628603
2025-10-10,4546.68,4546.68,4448.63,4465.29,,138933493.0,-0.02563515079307943
2025-10-13,4342.71,4453.74,4342.71,4445.08,,152323658.0,-0.0045260218261300444
2025-10-14,4489.19,4498.84,4359.78,4379.31,,190845955.0,-0.014796134152815998
2025-10-15,4384.03,4447.86,4362.49,4445.2,,137950463.0,0.01504574921620061
2025-10-16,4430.97,4491.02,4427.25,4459.91,,110273317.0,0.0033091874381354636
2025-10-17,4454.29,4464.36,4351.27,4356.54,,120467779.0,-0.023177597754214796
2025-10-20,4398.13,4412.08,4357.6,4376.05,,94109866.0,0.0044783245419530715
2025-10-21,4400.51,4460.1,4389.43,4447.93,,92610464.0,0.016425772100410185
2025-10-22,4413.97,4442.93,4399.43,4431.16,,79611692.0,-0.0037702931475991353
2025-10-23,4415.91,4455.55,4379.69,4450.09,,82293880.0,0.0042720190649852
2025-10-24,4469.66,4512.27,4469.66,4512.27,,85680365.0,0.013972751112898862
2025-10-27,4554.07,4567.27,4527.6,4559.15,,113638236.0,0.01038944921292373
2025-10-28,4540.96,4575.06,4517.12,4527.93,,94037162.0,-0.006847767675992045
2025-10-29,4532.28,4583.23,4532.28,4583.23,,98307395.0,0.012213086333048295
2025-10-30,4577.82,4607.58,4552.59,4556.98,,122736720.0,-0.005727401854150882
2025-10-31,4550.36,4558.59,4489.2,4489.21,,119958089.0,-0.014871691339439663
2025-11-03,4487.31,4501.51,4434.22,4495.88,,105177554.0,0.0014857848040077393
2025-11-04,4490.92,4507.59,4432.33,4455.3,,110282850.0,-0.00902604162032794
2025-11-05,4395.94,4483.65,4394.43,4468.42,,92318290.0,0.0029448073081497217
2025-11-06,4487.19,4546.44,4487.19,4541.16,,101243866.0,0.016278684635732565
2025-11-07,4522.45,4552.21,4512.22,4531.19,,97647504.0,-0.0021954742841037156
2025-11-10,4546.16,4552.22,4501.45,4537.57,,107166049.0,0.0014080186441089992
2025-11-11,4552.74,4556.93,4494.24,4498.38,,80457631.0,-0.008636781360948587
2025-11-12,4491.66,4520.72,4473.2,4497.05,,92082037.0,-0.0002956619938733196
2025-11-13,4496.16,4572.25,4496.16,4570.13,,92330255.0,0.016250653205990506
2025-11-14,4526.9,4551.77,4494.62,4494.84,,81992229.0,-0.016474367249946886
2025-11-17,4480.22,4490.9,4447.49,4466.48,,80804817.0,-0.006309457066325019
2025-11-18,4453.13,4474.43,4417.18,4433.3,,77416886.0,-0.007428668660779736
2025-11-19,4435.14,4481.48,4435.14,4457.76,,76417542.0,0.005517334716802491
2025-11-20,4486.54,4487.8,4421.43,4426.86,,76773880.0,-0.006931732529342205
2025-11-21,4372.73,4385.75,4319.55,4320.59,,95892296.0,-0.0240057286654648
2025-11-24,4340.92,4346.7,4289.91,4320.09,,76768127.0,-0.00011572493571476716
2025-11-25,4353.32,4385.77,4341.88,4362.98,,67048684.0,0.00992803390670094
2025-11-26,4367.4,4419.6,4361.51,4400.85,,65458488.0,0.008679847260358864
2025-11-27,4405.28,4440.33,4379.82,4386.31,,64655463.0,-0.0033039071997454927
2025-11-28,4382.86,4402.7,4360.86,4397.36,,59545201.0,0.0025192017892030627
2025-12-01,4412.38,4450.08,4402.28,4449.75,,83808604.0,0.011913966561755363
2025-12-02,4447.29,4450.52,4411.47,4425.7,,62121224.0,-0.005404798022360824
2025-12-03,4425.3,4439.63,4394.11,4402.15,,79452865.0,-0.005321192127799024
2025-12-04,4405.28,4435.23,4390.26,4429.68,,65219420.0,0.006253762366116744
2025-12-05,4429.74,4476.44,4415.34,4468.13,,91576900.0,0.00868008524317787
2025-12-08,4475.31,4518.68,4471.66,4499.53,,82447895.0,0.007027548437489317
2025-12-09,4487.85,4505.55,4458.78,4472.29,,77785622.0,-0.0060539656364109184
2025-12-10,4463.84,4471.86,4421.31,4465.58,,73741694.0,-0.0015003499325848546
2025-12-11,4474.66,4491.78,4424.29,4430.12,,75784753.0,-0.0079407378212909
2025-12-12,4441.55,4464.0,4412.17,4462.43,,94409057.0,0.007293256164618622
2025-12-15,4434.45,4470.0,4425.61,4425.61,,74301864.0,-0.008251109821330704
2025-12-16,4415.7,4424.07,4348.85,4365.14,,74839108.0,-0.013663653146119836
2025-12-17,4368.26,4455.7,4364.54,4441.29,,75011603.0,0.017445030399941164
2025-12-18,4414.76,4432.91,4404.3,4410.53,,60634030.0,-0.006925915668645866
2025-12-19,4419.37,4451.09,4404.82,4425.8,,66312083.0,0.003462168945682409
2025-12-22,4447.94,4475.83,4447.94,4471.83,,71917570.0,0.01040037959238993
2025-12-23,4477.94,4512.09,4469.3,4488.88,,68636315.0,0.0038127567461196943
2025-12-24,4492.58,4501.37,4466.42,4497.15,,64970061.0,0.0018423303808521307
2025-12-25,4490.78,4512.02,4480.58,4503.23,,54692816.0,0.001351967357103856
2025-12-26,4502.38,4548.77,4497.61,4527.15,,73883530.0,0.005311742904537509
2025-12-29,4531.22,4537.02,4489.0,4497.92,,85078157.0,-0.00645660073114418
2025-12-30,4475.48,4528.85,4474.96,4514.37,,77630178.0,0.0036572460159363107
2025-12-31,4521.67,4530.33,4479.54,4486.47,,72848226.0,-0.006180264355823639
2026-01-05,4526.86,4598.05,4526.86,4593.35,,105069499.0,0.023822738143796762
2026-01-06,4599.61,4668.66,4598.8,4668.66,,144719625.0,0.01639544123569925
2026-01-07,4678.55,4684.67,4632.13,4659.46,,126548201.0,-0.0019705868493314904
2026-01-08,4645.6,4659.42,4604.11,4626.39,,105817781.0,-0.007097388967820195
2026-01-09,4614.17,4663.24,4605.45,4648.28,,124185804.0,0.0047315509500927
2026-01-12,4664.14,4674.03,4621.55,4668.04,,142270663.0,0.004251034791363795
2026-01-13,4678.0,4720.41,4623.25,4638.96,,135595308.0,-0.0062295952905288
2026-01-14,4651.59,4701.55,4604.91,4628.02,,179615871.0,-0.0023582872023039103
2026-01-15,4608.24,4662.89,4606.48,4654.37,,121123387.0,0.005693579543735616
2026-01-16,4684.7,4700.31,4618.12,4634.94,,148745454.0,-0.004174571424274465
2026-01-19,4625.11,4672.39,4621.37,4641.31,,134109151.0,0.0013743435729483
2026-01-20,4644.51,4658.42,4586.4,4618.4,,141680970.0,-0.004936106400994733
2026-01-21,4619.02,4670.45,4619.02,4630.5,,131949191.0,0.002619954962757687
2026-01-22,4652.85,4671.59,4597.69,4622.87,,138960964.0,-0.0016477702191988186
2026-01-23,4628.65,4637.42,4584.98,4602.74,,151023123.0,-0.0043544378275832685
2026-01-26,4621.93,4663.88,4596.68,4610.83,,173978127.0,0.0017576487049018041
2026-01-27,4612.22,4646.12,4580.33,4612.06,,143035349.0,0.00026676325086816277
2026-01-28,4634.29,4653.88,4604.54,4634.22,,184519018.0,0.004804794386890077
2026-01-29,4655.07,4684.87,4607.26,4664.57,,206284182.0,0.006549106429992513
2026-01-30,4632.66,4648.71,4550.51,4615.93,,164637058.0,-0.010427542088552566
2026-02-02,4569.36,4608.7,4486.66,4492.35,,150180585.0,-0.026772503049222962
2026-02-03,4539.02,4553.96,4467.13,4552.43,,119050664.0,0.013373846650416743
2026-02-04,4543.76,4594.52,4529.13,4591.65,,121375951.0,0.00861517914608223
2026-02-05,4557.6,4581.38,4526.31,4558.24,,103507164.0,-0.007276251456448057
2026-02-06,4505.64,4570.8,4492.07,4534.92,,88705890.0,-0.005116009687949674
2026-02-09,4588.12,4612.71,4573.65,4611.79,,97729387.0,0.016950684907341307
2026-02-10,4610.33,4625.09,4604.73,4613.64,,84602839.0,0.00040114575902205907
2026-02-11,4602.96,4617.04,4591.4,4606.67,,80665381.0,-0.0015107377255270116
2026-02-12,4614.69,4624.62,4606.4,4619.99,,90676737.0,0.002891459557554432
2026-02-13,4589.65,4598.35,4554.4,4556.33,,90007986.0,-0.01377925060443852
2026-02-24,4628.6,4628.6,4595.81,4605.77,,106004176.0,0.010850838284321096
2026-02-25,4611.31,4674.46,4610.87,4644.26,,140812071.0,0.008356908833919041
2026-02-26,4649.46,4649.47,4598.39,4621.07,,121382456.0,-0.00499326049790505
2026-02-27,4593.97,4615.77,4583.81,4602.33,,137913164.0,-0.0040553378330127066
2026-03-02,4579.33,4636.11,4561.89,4628.86,,180509366.0,0.005764471474231536
2026-03-03,4633.68,4642.59,4537.12,4540.7,,185463099.0,-0.019045726161517007
2026-03-04,4491.95,4532.13,4461.86,4492.11,,149856855.0,-0.010700993238927925
2026-03-05,4545.11,4563.88,4517.47,4536.49,,132024526.0,0.00987954435666083
2026-03-06,4510.46,4559.84,4500.06,4546.7,,115005332.0,0.002250638709663244
2026-03-09,4484.45,4518.19,4432.47,4506.42,,143870496.0,-0.008859172586711206
2026-03-10,4545.59,4567.73,4543.79,4564.15,,111610826.0,0.012810612415176559
2026-03-11,4571.98,4614.71,4565.71,4600.44,,125191834.0,0.007951097137473662
2026-03-12,4595.22,4596.65,4542.21,4572.73,,126069075.0,-0.006023336898209775
2026-03-13,4555.48,4599.63,4549.97,4559.66,,139037610.0,-0.0028582487922969024
2026-03-16,4560.67,4565.58,4508.42,4563.69,,139575618.0,0.0008838378300135563
2026-03-17,4583.91,4624.74,4537.72,4537.72,,112238151.0,-0.005690570568991138
2026-03-18,4547.71,4558.09,4498.42,4553.29,,96209244.0,0.0034312385955941327
2026-03-19,4503.55,4525.69,4454.92,4467.28,,113681705.0,-0.018889638041943324
2026-03-20,4483.96,4510.75,4444.79,4449.15,,113274121.0,-0.00405839795132612
2026-03-23,4384.94,4403.23,4291.28,4312.33,,144697802.0,-0.03075194138206172
2026-03-24,4351.78,4358.86,4272.8,4358.67,,104614896.0,0.010745930854085817
2026-03-25,4389.35,4425.91,4387.71,4421.45,,105185862.0,0.014403476289785555
2026-03-26,4410.26,4422.88,4352.05,4361.06,,87920378.0,-0.013658415225774267
2026-03-27,4315.21,4412.35,4314.62,4396.3,,82624216.0,0.008080604256763158
2026-03-30,4353.18,4380.81,4330.58,4377.73,,92461625.0,-0.004224006550963444
2026-03-31,4380.0,4411.19,4330.11,4330.11,,92712673.0,-0.010877783691547904
2026-04-01,4396.68,4410.92,4366.35,4404.66,,96083107.0,0.01721665269473527
2026-04-02,4394.97,4395.3,4330.7,4350.68,,84976812.0,-0.012255202444683477
2026-04-03,4361.23,4363.46,4306.61,4310.04,,75071013.0,-0.009341068522621843
2026-04-07,4316.34,4333.15,4296.7,4315.25,,72537588.0,0.001208805486724085
2026-04-08,4397.84,4472.7,4396.35,4472.7,,117392426.0,0.03648687793291239
2026-04-09,4441.67,4464.43,4429.09,4452.48,,87252315.0,-0.004520759272922503
2026-04-10,4479.46,4543.5,4473.9,4524.48,,94967891.0,0.016170763260025867
2026-04-13,4507.16,4550.06,4506.98,4541.83,,100285106.0,0.003834694815757933
2026-04-14,4571.09,4602.97,4552.78,4602.18,,101251895.0,0.013287595528674645
2026-04-15,4634.16,4641.27,4578.61,4591.98,,94182011.0,-0.002216340951462281
2026-04-16,4603.79,4648.56,4595.2,4645.7,,85685460.0,0.011698657224116893
2026-04-17,4635.31,4635.44,4607.49,4617.79,,83256849.0,-0.006007706050756623
2026-04-20,4612.73,4652.47,4601.54,4646.5,,107390371.0,0.006217259771449157
2026-04-21,4644.98,4670.67,4604.78,4662.23,,94142492.0,0.0033853438071664854
2026-04-22,4643.97,4679.91,4642.47,4678.15,,94501774.0,0.0034146749516861252
2026-04-23,4701.16,4703.09,4637.68,4667.77,,109021631.0,-0.002218825817897896
2026-04-24,4664.96,4694.31,4638.55,4678.93,,89992072.0,0.002390863303033397
2026-04-27,4684.74,4700.45,4668.82,4677.06,,86852659.0,-0.0003996640257494244
2026-04-28,4659.41,4687.46,4644.51,4658.67,,93896604.0,-0.0039319572551989035
2026-04-29,4642.4,4728.5,4641.4,4726.29,,118450016.0,0.014514872270411816
2026-04-30,4740.43,4757.23,4723.86,4737.12,,120762653.0,0.002291437893146675
2026-05-06,4804.96,4850.39,4782.59,4828.29,,131457397.0,0.019245870908906726
2026-05-07,4850.52,4850.52,4810.74,4839.15,,121109802.0,0.002249243520997979
2026-05-08,4806.67,4819.0,4774.93,4797.9,,106179976.0,-0.008524224295589078
2026-05-11,4835.44,4903.91,4829.26,4894.09,,146204369.0,0.020048354488422016
2026-05-12,4908.68,4920.86,4875.19,4893.62,,131577283.0,-9.603419634707233e-05
2026-05-13,4862.71,4938.0,4858.08,4935.19,,120703485.0,0.008494733959726997
2026-05-14,4964.97,4968.89,4837.87,4842.82,,119470156.0,-0.01871660462920377
2026-05-15,4837.36,4870.21,4762.22,4789.84,,123325864.0,-0.01093990691374025
2026-05-18,4770.21,4806.88,4729.6,4757.6,,112198275.0,-0.006730913767474478
2026-05-19,4738.96,4773.72,4687.63,4772.24,,105742142.0,0.0030771817723220796
2026-05-20,4746.97,4800.47,4745.66,4781.4,,101108873.0,0.0019194340603154725
2026-05-21,4826.55,4877.66,4713.74,4714.85,,141833710.0,-0.013918517588990542
2026-05-22,4751.52,4776.81,4715.37,4771.37,,165407912.0,0.011987656022991011
2026-05-25,4794.69,4851.2,4778.47,4850.72,,139223480.0,0.016630443667122963
2026-05-26,4826.53,4879.81,4810.83,4872.83,,167033485.0,0.004558086222251401
2026-05-27,4874.18,4911.45,4811.75,4829.51,,166090221.0,-0.008890111085344543
2026-05-28,4806.15,4843.66,4760.19,4838.57,,130788514.0,0.0018759667129790714
2026-05-29,4863.43,4867.56,4785.54,4802.16,,160842590.0,-0.007524950553572607
2026-06-01,4812.04,4832.44,4734.95,4742.36,,136214380.0,-0.012452729605011092
2026-06-02,4761.72,4829.14,4723.33,4811.0,,133265972.0,0.01447380629053896
2026-06-03,4817.41,4892.21,4801.19,4835.11,,155441553.0,0.0050114321346912405
2026-06-04,4794.38,4836.77,4787.73,4801.25,,139024841.0,-0.007002943056104161
2026-06-05,4779.31,4812.86,4681.5,4698.43,,166533012.0,-0.0214152564436344
2026-06-08,4584.51,4652.32,4552.87,4590.1,,160667219.0,-0.023056638068461144
2026-06-09,4617.17,4662.32,4574.57,4659.45,,137351772.0,0.015108603298402912
2026-06-10,4613.66,4644.33,4570.92,4598.64,,130148678.0,-0.0130508965650451
2026-06-11,4578.68,4616.93,4544.1,4578.12,,128051839.0,-0.004462188821042878
2026-06-12,4651.78,4681.07,4621.56,4644.67,,165184092.0,0.014536534647410004
2026-06-15,4700.43,4755.42,4666.56,4755.23,,145558919.0,0.023803628675449273
2026-06-16,4755.84,4766.84,4715.37,4732.55,,131182289.0,-0.004769485387667749
2026-06-17,4704.48,4783.12,4699.59,4780.38,,125464820.0,0.010106602148947097
2026-06-18,4767.08,4842.79,4766.88,4809.51,,159408181.0,0.006093657826365284
2026-06-22,4816.22,4928.47,4790.34,4926.35,,177504868.0,0.02429353510024934
2026-06-23,4913.28,4929.11,4734.06,4761.06,,158885141.0,-0.03355222426339988
2026-06-24,4747.98,4811.42,4740.82,4800.6,,144108523.0,0.008304873284520564
2026-06-25,4809.81,4884.36,4801.97,4863.86,,163155768.0,0.013177519476731847
2026-06-26,4828.48,4828.48,4687.75,4713.52,,168832386.0,-0.030909606773221077
2026-06-29,4707.36,4798.88,4683.23,4796.1,,156826183.0,0.017519815339703593
2026-06-30,4788.67,4875.89,4788.67,4866.34,,152805907.0,0.014645232584808543
2026-07-01,4848.94,4888.27,4788.68,4825.58,,171687762.0,-0.008375904684013058
2026-07-02,4727.05,4764.06,4662.95,4675.37,,179641585.0,-0.031127864422515028
2026-07-03,4672.72,4755.07,4672.72,4698.25,,150865998.0,0.004893730335780999
2026-07-06,4718.81,4734.02,4643.59,4694.07,,140074042.0,-0.0008896929707870038
2026-07-07,4665.19,4698.12,4615.24,4650.37,,114332693.0,-0.00930961830564947
2026-07-08,4663.42,4705.15,4614.62,4624.37,,115258924.0,-0.005590952977935104
2026-07-09,4644.04,4768.7,4611.95,4761.81,,139893208.0,0.029720805212385848
2026-07-10,4773.62,4788.13,4637.35,4637.39,,145833491.0,-0.026128719961527214
2026-07-13,4604.1,4648.51,4539.86,4569.05,,129486559.0,-0.014736737690813184
2026-07-14,4568.83,4686.69,4529.64,4686.69,,136279184.0,0.025747146562195455
2026-07-15,4691.05,4721.67,4662.41,4679.81,,130686525.0,-0.0014679870014869811
2026-07-16,4605.09,4664.05,4561.01,4587.54,,115839038.0,-0.019716612426572966
2026-07-17,4543.85,4545.23,4375.66,4417.25,,139640169.0,-0.03712011230419787
2026-07-20,4466.65,4537.79,4432.29,4517.13,,148505372.0,0.02261135321749963
2026-07-21,4557.55,4680.44,4507.64,4680.44,,156312368.0,0.03615348683788144
2026-07-22,4651.18,4711.63,4624.3,4649.54,,132308877.0,-0.00660194340703002
2026-07-23,4671.33,4677.98,4632.99,4665.63,,109148646.0,0.0034605573884729512
2026-07-24,4621.8,4644.62,4586.41,4594.4,,94486925.0,-0.015266962875324586
2026-07-27,4606.79,4640.44,4557.01,4639.9,,88019139.0,0.009903360612920187
2026-07-28,4555.87,4580.15,4466.95,4487.17,,92809963.0,-0.032916657686588024
2026-07-29,4510.18,4553.2,4432.99,4526.88,,108521523.0,0.008849675853600303
2026-07-30,4487.8,4524.24,4384.48,4473.63,,120802244.0,-0.011763068603541482
2026-07-31,4556.87,4570.34,4504.82,4504.82,,116983534.0,0.006971966836774479
2026-08-03,4480.47,4488.65,4438.95,4452.34,,93361443.0,-0.011649744051926536
2026-08-04,4480.19,4537.75,4467.99,4522.49,,101841268.0,0.015755759892550847
2026-08-05,4457.38,4591.47,4457.38,4565.62,,124310739.0,0.00953678172864958
2026-08-06,4529.53,4579.57,4511.33,4545.62,,105470084.0,-0.00438056605674586
2026-08-07,4556.08,4608.57,4552.88,4587.5,,107977357.0,0.009213264637167207
2026-08-10,4590.34,4606.64,4547.4,4589.78,,98181569.0,0.0004970027247956921
2026-08-11,4584.11,4603.82,4550.18,4553.66,,95477038.0,-0.007869658240699962
2026-08-12,4548.93,4596.36,4548.93,4585.23,,84322330.0,0.006932884756437607
2026-08-13,4611.85,4618.88,4549.48,4551.61,,97849570.0,-0.00733223851366227
2026-08-14,4559.46,4563.29,4523.54,4551.65,,74996172.0,8.788099156165075e-06
2026-08-17,4554.76,4632.57,4541.35,4631.7,,85012654.0,0.017587028879637145
2026-08-18,4625.41,4634.4,4579.02,4616.88,,94908243.0,-0.003199689099034897
2026-08-19,4549.47,4561.64,4454.54,4478.54,,103665048.0,-0.02996395834416321
2026-08-20,4506.07,4525.8,4452.65,4476.51,,86326189.0,-0.0004532727183411689
2026-08-21,4472.75,4519.62,4465.62,4509.84,,74636335.0,0.007445532345510264
2026-08-24,4512.16,4512.16,4408.91,4442.47,,89627046.0,-0.01493844570982561
2026-08-25,4423.95,4451.46,4408.36,4428.86,,68697818.0,-0.0030636110091909474
2026-08-26,4427.43,4490.61,4417.07,4464.94,,73234646.0,0.008146565933445649
2026-08-27,4468.58,4492.77,4454.43,4491.65,,82122850.0,0.005982163254153461
2026-08-28,4476.62,4501.78,4466.49,4468.25,,75145476.0,-0.005209666826221926
