date,open,high,low,close,volume,amount,return
2000-01-04,3374.11,3512.3,3360.21,3497.06,,7344692.0,
2000-01-05,3500.13,3589.18,3468.69,3486.28,,9374104.0,-0.0030825893750749955
2000-01-06,3475.46,3663.22,3454.35,3655.2,,11240764.0,0.04845279208784148
2000-01-07,3701.48,3848.06,3701.48,3828.04,,29900744.0,0.047286058218428684
2000-01-10,3881.75,3929.06,3832.2,3921.48,,26987598.0,0.02440935831391533
2000-01-11,3924.71,3931.08,3691.56,3716.78,,17572832.0,-0.052199679712761515
2000-01-12,3699.29,3768.14,3585.47,3605.82,,11408536.0,-0.02985379818014522
2000-01-13,3604.28,3637.68,3552.05,3580.98,,7460569.0,-0.006888863004808954
2000-01-14,3582.16,3609.19,3524.51,3542.82,,6150628.0,-0.01065630078916946
2000-01-17,3535.51,3597.77,3496.0,3594.65,,6185397.0,0.014629588858592779
2000-01-18,3601.88,3633.11,3558.86,3571.97,,7353590.0,-0.006309376434423419
2000-01-19,3560.59,3640.09,3559.94,3603.86,,7346437.0,0.00892784653846479
2000-01-20,3608.17,3670.19,3603.99,3668.84,,9766664.0,0.018030667118034582
2000-01-21,3687.19,3744.27,3644.08,3702.09,,13965792.0,0.009062810043501512
2000-01-24,3709.19,3736.43,3646.17,3734.72,,14688966.0,0.008813940233759698
2000-01-25,3752.53,3803.77,3702.65,3726.06,,12497862.0,-0.0023187815954073265
2000-01-26,3718.13,3754.1,3700.66,3737.99,,9668232.0,0.0032017734550704446
2000-01-27,3782.89,3855.35,3754.1,3844.97,,16112455.0,0.028619659228622973
2000-01-28,3889.14,3952.41,3869.42,3952.41,,24555088.0,0.02794300085566337
2000-02-14,4102.64,4323.35,4096.46,4322.37,,41714644.0,0.09360364941896204
2000-02-15,4442.12,4578.6,4343.58,4394.68,,44069100.0,0.016729248074551784
2000-02-16,4425.85,4475.02,4329.14,4457.41,,32522376.0,0.014274076838358907
2000-02-17,4564.59,4685.47,4256.26,4313.97,,43707560.0,-0.032180122537527334
2000-02-18,4274.1,4360.43,4095.67,4356.6,,25284992.0,0.009881848969742535
2000-02-21,4389.42,4437.85,4275.3,4344.49,,27742936.0,-0.0027796905844008624
2000-02-22,4341.85,4395.91,4174.96,4186.68,,21417328.0,-0.036324171536820105
2000-02-23,4134.87,4164.7,4039.87,4072.47,,18598912.0,-0.027279371721746215
2000-02-24,4056.9,4222.64,4056.9,4221.84,,14804823.0,0.03667798657817012
2000-02-25,4254.67,4296.54,4189.37,4262.82,,16241532.0,0.009706668182593248
2000-02-28,4274.66,4506.05,4244.72,4481.74,,22673564.0,0.05135567535105867
2000-02-29,4523.95,4562.38,4369.47,4484.16,,24130956.0,0.000539968851383632
2000-03-01,4468.97,4510.38,4398.85,4427.2,,20526532.0,-0.01270249054449446
2000-03-02,4409.14,4505.64,4375.88,4443.52,,19281104.0,0.003686302855077761
2000-03-03,4462.38,4581.6,4462.35,4488.27,,24708672.0,0.010070844735704965
2000-03-06,4519.99,4552.27,4311.89,4316.1,,27264868.0,-0.03835999171172855
2000-03-07,4278.05,4401.64,4261.97,4399.95,,18532802.0,0.019427260721484485
2000-03-08,4411.97,4515.68,4373.83,4498.22,,19691668.0,0.02233434470846274
2000-03-09,4528.85,4606.71,4474.33,4548.68,,17909582.0,0.011217770584809106
2000-03-10,4559.53,4587.45,4450.31,4463.64,,16670584.0,-0.018695533649322416
2000-03-13,4462.32,4520.79,4451.52,4495.92,,21705038.0,0.007231766002634643
2000-03-14,4377.18,4417.8,4239.93,4371.56,,23897928.0,-0.027660634530863426
2000-03-15,4365.55,4415.47,4326.89,4335.21,,17976970.0,-0.008315109480368621
2000-03-16,4304.6,4304.6,4100.78,4131.54,,19461176.0,-0.04698042309369099
2000-03-17,4114.42,4327.97,4114.28,4315.0,,15471336.0,0.0444047498027369
2000-03-20,4252.17,4370.68,4231.79,4367.72,,18302640.0,0.01221784472769416
2000-03-21,4362.09,4406.87,4350.32,4387.27,,17995356.0,0.00447601952506127
2000-03-22,4394.22,4479.89,4384.68,4439.09,,17644540.0,0.011811445386310737
2000-03-23,4446.45,4492.91,4381.96,4492.43,,19425652.0,0.012015976247384152
2000-03-24,4515.38,4580.68,4455.64,4461.66,,24342118.0,-0.006849299822145327
2000-03-27,4461.67,4574.22,4461.67,4571.66,,23747320.0,0.024654500791185363
2000-03-28,4615.47,4635.67,4546.37,4591.12,,27047746.0,0.00425665950661247
2000-03-29,4612.88,4629.55,4510.64,4559.85,,22096184.0,-0.0068109742285106245
2000-03-30,4566.43,4584.78,4539.33,4580.82,,27654076.0,0.004598835488009323
2000-03-31,4578.6,4578.6,4488.05,4532.31,,22518898.0,-0.01058980706511048
2000-04-03,4523.89,4551.08,4506.39,4508.47,,21205952.0,-0.0052600108995192185
2000-04-04,4515.01,4515.01,4403.31,4413.63,,17921378.0,-0.021035961201915532
2000-04-05,4398.45,4444.68,4381.85,4442.22,,14880164.0,0.006477661244825628
2000-04-06,4445.0,4528.81,4436.17,4527.67,,16604186.0,0.019235877556717185
2000-04-07,4553.34,4569.18,4513.14,4556.89,,19930656.0,0.006453650553154278
2000-04-10,4556.81,4589.93,4522.68,4546.43,,19319852.0,-0.002295425169358989
2000-04-11,4556.96,4619.39,4511.93,4595.07,,16769893.0,0.01069850410101969
2000-04-12,4609.2,4616.77,4499.35,4538.64,,14129085.0,-0.01228055285338403
2000-04-13,4537.46,4615.47,4528.59,4601.47,,16097245.0,0.013843353956251248
2000-04-14,4624.45,4645.88,4585.6,4619.18,,18296884.0,0.0038487700669569413
2000-04-17,4615.12,4627.03,4495.41,4544.47,,19840048.0,-0.01617386635723228
2000-04-18,4543.78,4578.04,4501.89,4568.43,,12366207.0,0.005272341989274842
2000-04-19,4586.89,4611.64,4568.0,4574.25,,13517208.0,0.0012739606385563373
2000-04-20,4580.71,4600.91,4574.05,4587.93,,14805799.0,0.0029906542056075125
2000-04-21,4598.6,4615.75,4551.49,4559.35,,15258731.0,-0.0062293888529249
2000-04-24,4554.84,4575.74,4518.74,4533.51,,13996300.0,-0.005667474530360761
2000-04-25,4535.88,4558.51,4495.14,4528.92,,10837254.0,-0.0010124605438170953
2000-04-26,4540.51,4593.35,4536.57,4554.85,,10397254.0,0.005725426812573486
2000-04-27,4571.88,4612.25,4539.47,4553.95,,12365324.0,-0.00019759157820797846
2000-04-28,4556.92,4685.38,4531.72,4683.17,,12352354.0,0.028375366440123395
2000-05-08,4708.53,4721.56,4641.22,4651.64,,10534553.0,-0.006732619144724561
2000-05-09,4646.99,4649.72,4523.96,4554.06,,9901547.0,-0.020977547703605604
2000-05-10,4535.66,4535.66,4428.05,4438.82,,9595495.0,-0.02530489277699477
2000-05-11,4419.72,4468.6,4355.5,4367.38,,7969339.0,-0.016094367421972455
2000-05-12,4368.64,4423.5,4347.89,4378.45,,7422154.0,0.0025347004382489935
2000-05-15,4370.1,4392.45,4275.85,4296.92,,6902983.0,-0.01862074478411302
2000-05-16,4296.51,4353.74,4296.51,4346.12,,5922805.0,0.01145006190480613
2000-05-17,4349.82,4405.45,4314.18,4357.09,,7265504.0,0.0025240904530938746
2000-05-18,4361.57,4439.93,4341.51,4439.39,,9518684.0,0.01888875373242227
2000-05-19,4447.53,4482.43,4417.95,4479.37,,11470633.0,0.009005741779839038
2000-05-22,4494.74,4620.55,4484.64,4573.43,,14992926.0,0.020998488626748912
2000-05-23,4594.49,4606.57,4517.47,4547.5,,12835132.0,-0.005669705232178135
2000-05-24,4549.95,4648.27,4549.82,4616.1,,16023413.0,0.015085211654755515
2000-05-25,4638.18,4690.7,4635.52,4677.29,,17579728.0,0.01325577868763661
2000-05-26,4698.02,4722.82,4630.39,4662.3,,19658634.0,-0.003204847251292886
2000-05-29,4675.1,4718.64,4661.05,4701.22,,19734268.0,0.008347811166162566
2000-05-30,4722.02,4736.72,4616.27,4640.02,,17674512.0,-0.013017897481930163
2000-05-31,4629.31,4666.99,4614.29,4643.14,,15670720.0,0.0006724108947806506
2000-06-01,4665.01,4703.22,4665.01,4695.47,,14336450.0,0.0112703902962219
2000-06-02,4700.1,4728.93,4665.0,4728.88,,17891686.0,0.0071153686425426965
2000-06-05,4744.38,4781.77,4698.1,4721.14,,30359988.0,-0.0016367511969006543
2000-06-06,4727.72,4826.93,4727.72,4824.79,,19039022.0,0.02195444320651352
2000-06-07,4856.41,4875.05,4800.22,4826.18,,17240780.0,0.0002880954404234082
2000-06-08,4832.52,4834.59,4739.95,4760.34,,16168980.0,-0.013642259509591415
2000-06-09,4767.37,4796.33,4708.92,4731.39,,14555377.0,-0.006081498380367756
2000-06-12,4718.82,4742.72,4690.16,4737.88,,11838772.0,0.0013716899262161686
2000-06-13,4742.18,4790.02,4730.01,4790.02,,12276497.0,0.011004922032639142
2000-06-14,4792.18,4799.53,4759.39,4766.47,,15089446.0,-0.004916472165043206
2000-06-15,4769.21,4795.35,4742.62,4793.6,,14507897.0,0.005691843229895577
2000-06-16,4801.46,4811.52,4746.82,4757.17,,15736253.0,-0.007599716288384628
2000-06-19,4755.55,4792.68,4737.35,4752.92,,12297411.0,-0.0008933882959827333
2000-06-20,4751.97,4773.53,4715.41,4733.93,,10767456.0,-0.003995438593538236
2000-06-21,4754.3,4789.76,4741.18,4788.6,,9548141.0,0.011548544232804492
2000-06-22,4807.97,4817.14,4759.91,4764.77,,11796531.0,-0.004976402288769166
2000-06-23,4762.55,4814.27,4742.38,4808.31,,13448030.0,0.009137901724532327
2000-06-26,4822.85,4840.81,4811.85,4823.82,,14602741.0,0.0032256655664879563
2000-06-27,4834.22,4840.09,4791.58,4816.37,,14599128.0,-0.0015444191532850704
2000-06-28,4816.41,4854.16,4808.3,4824.68,,12819660.0,0.0017253657837750236
2000-06-29,4835.12,4848.06,4800.84,4846.78,,13830950.0,0.004580614672890171
2000-06-30,4852.97,4869.1,4817.91,4830.67,,14659691.0,-0.0033238562509542158
2000-07-03,4806.47,4806.47,4730.51,4739.37,,17856322.0,-0.01890006976257952
2000-07-04,4721.35,4757.68,4704.93,4753.47,,20064608.0,0.0029750789661917576
2000-07-05,4759.88,4771.6,4730.71,4735.26,,12872636.0,-0.003830885647747917
2000-07-06,4735.97,4738.87,4701.39,4703.53,,11465853.0,-0.006700793620624923
2000-07-07,4710.37,4765.08,4709.49,4753.03,,11691068.0,0.010524010689843655
2000-07-10,4762.95,4770.25,4697.96,4723.39,,15235548.0,-0.00623602207433982
2000-07-11,4731.02,4807.55,4713.21,4804.07,,13881378.0,0.017080952451522968
2000-07-12,4806.8,4834.72,4785.77,4805.01,,14716796.0,0.00019566742366383671
2000-07-13,4811.33,4850.47,4786.71,4839.13,,19237044.0,0.007100921746260758
2000-07-14,4850.0,4854.51,4811.17,4834.6,,14787056.0,-0.0009361186824904388
2000-07-17,4840.72,4851.35,4767.89,4770.58,,13371033.0,-0.01324204691184383
2000-07-18,4772.81,4805.06,4760.56,4795.6,,20040820.0,0.005244645305183093
2000-07-19,4807.52,4826.47,4771.2,4794.1,,26628768.0,-0.00031278672116108464
2000-07-20,4799.14,4809.43,4754.22,4801.64,,18150300.0,0.0015727665255209633
2000-07-21,4808.77,4821.07,4792.55,4797.62,,14565564.0,-0.00083721395189984
2000-07-24,4800.72,4801.1,4762.17,4774.39,,15010016.0,-0.004841984150474543
2000-07-25,4771.72,4792.16,4762.35,4781.09,,11763123.0,0.0014033206336305781
2000-07-26,4786.93,4827.93,4786.93,4819.62,,16066754.0,0.008058831772671082
2000-07-27,4841.93,4905.51,4835.58,4854.81,,18292480.0,0.0073014055049984705
2000-07-28,4854.32,4885.43,4842.45,4852.72,,14527993.0,-0.0004305008846896552
2000-07-31,4858.33,4894.67,4837.5,4894.13,,18450458.0,0.008533358611253039
2000-08-01,4900.54,4926.46,4896.74,4905.03,,22694900.0,0.0022271578401062975
2000-08-02,4910.97,4927.46,4871.55,4899.14,,23206660.0,-0.0012008081500010093
2000-08-03,4905.81,4934.68,4897.89,4916.64,,21178464.0,0.0035720555036189428
2000-08-04,4926.93,4957.75,4879.53,4915.97,,23466094.0,-0.00013627192554266365
2000-08-07,4921.93,4952.2,4888.6,4950.79,,17243938.0,0.007083037528707425
2000-08-08,4956.24,4996.58,4956.24,4989.45,,15391733.0,0.007808854748434069
2000-08-09,4985.5,5026.77,4983.5,5022.88,,18388362.0,0.006700137289681329
2000-08-10,5034.35,5047.47,5008.01,5036.55,,16720476.0,0.002721546204567993
2000-08-11,5051.47,5062.29,5007.67,5018.01,,17079348.0,-0.003681091223158739
2000-08-14,5022.85,5041.67,5005.45,5013.18,,15451747.0,-0.0009625329562914509
2000-08-15,5006.89,5022.78,4958.55,4980.14,,12666300.0,-0.006590627106946134
2000-08-16,4988.97,5007.99,4974.07,4999.46,,15075516.0,0.0038794090125979785
2000-08-17,5006.33,5023.07,5000.01,5011.91,,12101095.0,0.0024902689490464702
2000-08-18,5014.99,5022.67,4991.26,5006.88,,12803118.0,-0.0010036094024034048
2000-08-21,5003.71,5022.06,4985.79,5021.25,,17633444.0,0.0028700508100854005
2000-08-22,5022.87,5040.1,4941.13,4944.66,,17389212.0,-0.015253174010455561
2000-08-23,4919.56,4953.18,4707.05,4901.47,,24770072.0,-0.008734675387185309
2000-08-24,4907.05,4950.85,4866.81,4936.29,,16267319.0,0.007103991251603992
2000-08-25,4942.18,4959.06,4908.68,4950.64,,12488865.0,0.0029070415230871838
2000-08-28,4955.6,4961.06,4940.72,4957.47,,12979072.0,0.0013796196047379805
2000-08-29,4965.39,4987.1,4961.34,4985.46,,14762471.0,0.005646025089410589
2000-08-30,4989.72,5003.12,4926.71,4930.82,,14464217.0,-0.010959871305757263
2000-08-31,4906.64,4914.7,4825.78,4826.3,,18325648.0,-0.02119728564417267
2000-09-01,4800.59,4840.43,4779.33,4782.93,,13269934.0,-0.008986179889356238
2000-09-04,4775.58,4819.35,4742.72,4817.93,,11654511.0,0.007317690202449212
2000-09-05,4822.1,4842.35,4701.21,4723.07,,11252834.0,-0.01968895355474254
2000-09-06,4687.03,4706.99,4623.77,4632.68,,12304456.0,-0.01913797593514377
2000-09-07,4633.83,4710.32,4633.83,4670.47,,9142471.0,0.008157265341012021
2000-09-08,4681.14,4718.12,4673.93,4700.88,,8423860.0,0.006511122006992887
2000-09-11,4711.79,4716.39,4672.33,4704.87,,8783717.0,0.0008487772502170365
2000-09-12,4709.64,4735.79,4693.02,4734.01,,8629030.0,0.006193582394412589
2000-09-13,4734.39,4796.81,4731.6,4771.32,,13028035.0,0.007881267677930515
2000-09-14,4775.05,4783.64,4711.43,4727.81,,11006365.0,-0.00911906977524024
2000-09-15,4717.81,4719.35,4677.91,4710.8,,7584373.0,-0.0035978603201060055
2000-09-18,4714.6,4714.67,4624.81,4628.84,,7434543.0,-0.01739831875689901
2000-09-19,4609.78,4609.78,4498.85,4512.51,,10138739.0,-0.025131566439971942
2000-09-20,4504.91,4558.39,4480.85,4551.03,,8134072.0,0.008536269171702582
2000-09-21,4558.63,4570.89,4512.85,4518.34,,7617099.0,-0.007182989345268953
2000-09-22,4511.85,4511.85,4454.17,4465.13,,6645129.0,-0.011776448872816148
2000-09-25,4460.1,4475.1,4424.01,4428.03,,5870188.0,-0.008308828634328802
2000-09-26,4430.58,4479.88,4430.58,4477.39,,6705965.0,0.011147169282954339
2000-09-27,4483.27,4541.54,4482.39,4541.32,,5902908.0,0.014278407733076426
2000-09-28,4545.79,4553.0,4459.35,4465.2,,6550951.0,-0.016761646393559593
2000-09-29,4467.67,4525.03,4467.67,4523.66,,5419518.0,0.013092358684941408
2000-10-09,4534.85,4544.05,4478.67,4507.58,,5455105.0,-0.0035546438061215824
2000-10-10,4510.2,4573.41,4502.57,4572.21,,7691212.0,0.014338070538958858
2000-10-11,4587.41,4596.24,4550.35,4557.31,,7023271.0,-0.003258817945807291
2000-10-12,4553.88,4554.24,4490.34,4514.49,,9915223.0,-0.009395893630233743
2000-10-13,4507.82,4531.56,4471.5,4481.06,,9015272.0,-0.0074050446451314755
2000-10-16,4478.14,4484.72,4448.2,4468.68,,6488800.0,-0.002762739173320594
2000-10-17,4469.47,4492.95,4460.8,4491.99,,5945811.0,0.005216305486183792
2000-10-18,4502.26,4556.89,4499.27,4555.47,,6657137.0,0.014131821308596137
2000-10-19,4556.89,4570.16,4504.97,4514.14,,6433647.0,-0.009072609412420607
2000-10-20,4512.27,4614.01,4509.84,4611.97,,9492067.0,0.021671902067724957
2000-10-23,4632.68,4640.21,4590.14,4611.93,,9393157.0,-8.67308330276817e-06
2000-10-24,4615.04,4630.5,4582.35,4601.88,,6739818.0,-0.0021791310796130947
2000-10-25,4606.29,4654.32,4585.18,4643.34,,11396075.0,0.00900936139143127
2000-10-26,4646.93,4654.71,4588.82,4594.68,,10138099.0,-0.010479525513961918
2000-10-27,4597.3,4608.26,4576.63,4602.57,,8125736.0,0.0017172033743371173
2000-10-30,4606.97,4610.5,4574.56,4597.01,,8943093.0,-0.0012080207362407114
2000-10-31,4597.75,4611.6,4564.72,4573.22,,8545311.0,-0.005175102947350574
2000-11-01,4573.22,4607.6,4572.6,4604.42,,8550993.0,0.0068223265008025
2000-11-02,4607.68,4644.39,4607.68,4629.07,,10108371.0,0.005353551587387706
2000-11-03,4636.26,4644.6,4614.75,4628.42,,13292496.0,-0.00014041697360367422
2000-11-06,4642.5,4650.74,4618.05,4646.26,,12029360.0,0.003854447089935764
2000-11-07,4654.1,4659.84,4621.1,4632.97,,10306562.0,-0.0028603651108634054
2000-11-08,4637.54,4676.03,4636.57,4674.96,,10640839.0,0.009063300647316863
2000-11-09,4672.07,4750.67,4671.67,4749.51,,17642748.0,0.015946660506186205
2000-11-10,4768.43,4848.18,4758.31,4826.12,,17626496.0,0.016130084998241756
2000-11-13,4841.53,4932.93,4841.46,4913.64,,17455684.0,0.018134650609599623
2000-11-14,4927.39,4929.71,4864.89,4927.29,,14519424.0,0.002777981292890752
2000-11-15,4936.66,4959.39,4894.83,4915.06,,16118748.0,-0.002482094619963404
2000-11-16,4915.46,4954.68,4915.07,4953.34,,16691249.0,0.007788307772438108
2000-11-17,4964.39,4979.96,4931.74,4953.89,,15336656.0,0.00011103618972252427
2000-11-20,4951.99,4962.6,4892.31,4960.99,,15794210.0,0.0014332171283575335
2000-11-21,4962.42,4987.35,4924.87,4928.78,,16403024.0,-0.006492655699769645
2000-11-22,4916.18,4987.62,4904.7,4986.28,,16895014.0,0.011666172967752741
2000-11-23,5001.5,5011.03,4959.89,4981.41,,14475422.0,-0.0009766800099473283
2000-11-24,4982.59,5001.29,4816.84,4841.47,,18720958.0,-0.028092447720625247
2000-11-27,4799.85,4860.27,4773.14,4818.43,,12410950.0,-0.004758885214614539
2000-11-28,4823.02,4868.52,4823.02,4868.2,,9295871.0,0.010329090595899482
2000-11-29,4873.39,4875.95,4797.13,4820.0,,13545922.0,-0.00990099009900991
2000-11-30,4820.74,4840.71,4804.24,4829.99,,9194320.0,0.00207261410788373
2000-12-01,4836.64,4860.35,4831.62,4850.01,,13166918.0,0.004144936117880249
2000-12-04,4858.77,4864.66,4833.31,4855.22,,13802938.0,0.0010742245892276792
2000-12-05,4860.56,4869.92,4815.32,4820.59,,13895709.0,-0.007132529524923714
2000-12-06,4825.68,4838.16,4760.87,4771.47,,11921192.0,-0.010189624091656801
2000-12-07,4768.07,4790.84,4735.89,4753.01,,9501792.0,-0.003868828683822767
2000-12-08,4748.96,4771.14,4744.02,4747.93,,10257443.0,-0.0010687964048045062
2000-12-11,4751.75,4754.88,4662.07,4667.24,,11815293.0,-0.016994774564915716
2000-12-12,4672.64,4706.57,4652.22,4704.89,,9337497.0,0.00806686607073992
2000-12-13,4708.2,4708.72,4675.91,4680.49,,8371277.0,-0.005186093617491672
2000-12-14,4686.85,4715.27,4684.56,4698.68,,13216819.0,0.0038863452330846204
2000-12-15,4702.93,4719.47,4675.22,4695.81,,11631982.0,-0.0006108098444669308
2000-12-18,4701.41,4712.6,4652.39,4710.82,,9164864.0,0.003196466637278572
2000-12-19,4720.64,4729.49,4690.72,4699.03,,7236963.0,-0.0025027489906215283
2000-12-20,4704.29,4744.82,4688.25,4743.21,,9403591.0,0.009401940400465714
2000-12-21,4757.24,4779.09,4737.74,4742.96,,9698876.0,-5.270692210546102e-05
2000-12-22,4745.29,4754.06,4705.6,4720.92,,8990477.0,-0.00464688717594075
2000-12-25,4722.08,4722.08,4663.84,4675.37,,10159781.0,-0.009648543080586047
2000-12-26,4684.09,4699.95,4663.63,4696.85,,9626150.0,0.004594288794256052
2000-12-27,4695.27,4709.95,4675.04,4680.28,,10438610.0,-0.0035278963560685384
2000-12-28,4685.53,4711.62,4672.56,4705.6,,9767944.0,0.0054099327390670915
2000-12-29,4709.37,4755.24,4709.37,4752.75,,11359825.0,0.010019976198571756
2001-01-02,4756.18,4799.77,4734.07,4797.96,,16647718.0,0.009512387565093983
2001-01-03,4806.89,4825.89,4784.21,4822.95,,13683527.0,0.005208463597028645
2001-01-04,4833.52,4836.51,4795.04,4801.17,,10720936.0,-0.00451590831337656
2001-01-05,4800.95,4806.84,4768.1,4792.28,,10305971.0,-0.0018516319980338425
2001-01-08,4793.39,4793.39,4699.12,4719.38,,12027320.0,-0.015211965911841485
2001-01-09,4708.79,4742.76,4684.87,4739.55,,8770744.0,0.004273866482461752
2001-01-10,4742.13,4788.8,4739.3,4787.2,,10300153.0,0.010053697080946389
2001-01-11,4795.25,4849.25,4790.38,4817.29,,10586230.0,0.00628551136363642
2001-01-12,4825.79,4825.79,4782.26,4793.1,,9822896.0,-0.005021495488127026
2001-01-15,4778.93,4778.93,4642.85,4649.0,,13555722.0,-0.030064050405791742
2001-01-16,4629.22,4685.1,4610.28,4678.18,,9008746.0,0.006276618627661934
2001-01-17,4687.54,4698.43,4652.8,4659.39,,6543075.0,-0.004016519244663508
2001-01-18,4661.67,4709.47,4661.67,4690.59,,9851984.0,0.006696155505334422
2001-01-19,4701.1,4745.14,4701.1,4743.37,,9731530.0,0.011252315806753455
2001-02-05,4754.24,4764.64,4629.33,4636.87,,8197591.0,-0.022452391443214426
2001-02-06,4624.22,4633.08,4533.74,4608.21,,7732558.0,-0.006180893576917201
2001-02-07,4607.85,4623.77,4557.52,4560.03,,5981030.0,-0.010455252690307115
2001-02-08,4551.85,4561.8,4403.67,4410.29,,7375948.0,-0.032837503262039935
2001-02-09,4416.78,4493.89,4416.78,4478.81,,10710059.0,0.015536393298400064
2001-02-12,4488.14,4490.31,4412.76,4460.17,,6600644.0,-0.004161819769090469
2001-02-13,4467.31,4491.7,4459.76,4463.92,,5155447.0,0.0008407751274055464
2001-02-14,4464.52,4483.75,4456.05,4468.76,,3334704.0,0.0010842488216635804
2001-02-15,4471.22,4488.6,4431.64,4435.74,,3820128.0,-0.007389074374099414
2001-02-16,4427.39,4443.64,4369.05,4441.6,,5133184.0,0.001321087349574368
2001-02-19,4443.49,4496.52,4418.31,4494.97,,5332688.0,0.012015940201729025
2001-02-20,4491.75,4530.17,4459.82,4474.77,,5749568.0,-0.004493912083951557
2001-02-21,4466.14,4466.14,4333.93,4362.64,,7582631.0,-0.025058271151366496
2001-02-22,4341.53,4388.6,4318.52,4352.39,,5062090.0,-0.002349494801312968
2001-02-23,4346.21,4414.0,4341.74,4413.34,,5617098.0,0.014003800210918627
2001-02-26,4426.31,4467.18,4415.27,4465.14,,6779429.0,0.011737142391023525
2001-02-27,4472.04,4480.13,4424.78,4462.05,,6476773.0,-0.0006920275736035375
2001-02-28,4471.83,4484.31,4438.5,4453.14,,4944417.0,-0.0019968400174806833
2001-03-01,4455.14,4497.32,4455.14,4495.5,,6137484.0,0.009512389010900124
2001-03-02,4512.47,4592.89,4512.47,4578.64,,14828960.0,0.018494049605160878
2001-03-05,4609.18,4614.68,4570.35,4571.66,,7106615.0,-0.0015244701483411172
2001-03-06,4596.18,4601.99,4564.7,4601.68,,9345710.0,0.006566542568782641
2001-03-07,4631.87,4650.22,4597.47,4615.81,,17983278.0,0.003070617687453314
2001-03-08,4616.27,4687.68,4597.12,4677.12,,11656248.0,0.013282609119525945
2001-03-09,4684.91,4749.25,4684.91,4732.04,,13582304.0,0.011742268746579132
2001-03-12,4742.5,4750.31,4704.51,4736.56,,12122622.0,0.0009551905731990384
2001-03-13,4734.62,4734.62,4676.53,4697.2,,13482863.0,-0.008309828229770222
2001-03-14,4689.63,4775.77,4672.89,4775.1,,10809057.0,0.01658434812228582
2001-03-15,4780.47,4797.93,4764.93,4784.77,,14469475.0,0.0020250884798225233
2001-03-16,4787.68,4809.24,4759.35,4787.62,,12757212.0,0.0005956399158160153
2001-03-19,4789.68,4846.68,4777.85,4846.43,,15013743.0,0.012283765211106967
2001-03-20,4858.0,4883.8,4851.66,4883.22,,13610625.0,0.007591154726262372
2001-03-21,4891.83,4949.21,4863.95,4937.14,,17676508.0,0.01104189448765358
2001-03-22,4949.32,5000.47,4940.67,4999.84,,20847494.0,0.012699660127118095
2001-03-23,5017.32,5037.14,4874.51,4875.22,,23653848.0,-0.02492479759352295
2001-03-26,4860.59,4954.64,4854.31,4952.6,,19422344.0,0.01587210423324481
2001-03-27,4972.88,5011.64,4951.39,5006.95,,16775084.0,0.01097403384081086
2001-03-28,5021.97,5037.51,4982.8,5013.85,,17861696.0,0.0013780844625970179
2001-03-29,5013.81,5020.17,4959.08,4961.72,,15205301.0,-0.01039719975667408
2001-03-30,4961.52,4973.62,4922.99,4965.99,,21419130.0,0.0008605886668331397
2001-04-02,4976.97,4999.64,4945.8,4984.51,,22959916.0,0.0037293671553910723
2001-04-03,4986.6,4992.31,4932.25,4950.18,,18988312.0,-0.006887336969932822
2001-04-04,4950.14,4977.17,4861.0,4877.18,,16962206.0,-0.01474693849516584
2001-04-05,4860.88,4935.58,4857.29,4933.84,,24175196.0,0.011617369053428472
2001-04-06,4952.32,4969.59,4911.37,4927.29,,31605890.0,-0.0013275663580497588
2001-04-09,4920.64,4946.21,4897.96,4940.21,,23507174.0,0.002622131029429875
2001-04-10,4937.14,4980.18,4937.14,4973.54,,21620282.0,0.006746676760704506
2001-04-11,4981.64,4990.37,4950.22,4980.43,,12832753.0,0.0013853311725653406
2001-04-12,4990.43,5025.58,4974.82,4995.93,,14263335.0,0.0031121810767342772
2001-04-13,4998.78,5031.43,4979.58,5031.34,,14171371.0,0.007087769444327652
2001-04-16,5045.74,5077.05,5033.93,5074.78,,25972248.0,0.008633882822468797
2001-04-17,5084.45,5091.46,5036.1,5065.29,,19645028.0,-0.0018700318043343156
2001-04-18,5065.25,5079.93,5023.81,5033.79,,18052024.0,-0.006218794975213715
2001-04-19,5031.38,5036.47,4955.16,5001.93,,14001020.0,-0.00632922708337047
2001-04-20,5003.93,5015.21,4939.31,4940.22,,15319283.0,-0.01233723782619911
2001-04-23,4928.71,4943.12,4882.93,4905.17,,16482737.0,-0.007094825736505661
2001-04-24,4906.75,4936.14,4906.07,4918.71,,10714645.0,0.0027603528521946696
2001-04-25,4913.18,4931.33,4796.74,4806.07,,12894636.0,-0.022900313293526264
2001-04-26,4793.1,4822.26,4765.02,4769.64,,8667694.0,-0.007579997794455617
2001-04-27,4767.21,4811.63,4767.21,4799.14,,9035546.0,0.006184953162083451
2001-04-30,4800.7,4822.6,4784.74,4802.59,,7406546.0,0.0007188787991181389
2001-05-08,4810.91,4846.51,4809.25,4838.81,,6330195.0,0.007541763923216482
2001-05-09,4846.77,4855.17,4816.95,4826.34,,7696252.0,-0.002577079901876722
2001-05-10,4826.22,4863.59,4824.89,4838.47,,6918733.0,0.0025132916454291276
2001-05-11,4842.25,4862.78,4829.14,4854.3,,9140446.0,0.0032716953913116686
2001-05-14,4857.72,4900.47,4836.66,4899.72,,18100484.0,0.009356652864470627
2001-05-15,4911.71,4929.26,4876.52,4899.25,,14918067.0,-9.59238487098224e-05
2001-05-16,4904.88,4921.49,4880.71,4911.67,,11441160.0,0.0025350819002909475
2001-05-17,4915.06,4921.95,4858.54,4862.14,,17008108.0,-0.010084146532645666
2001-05-18,4858.1,4867.14,4836.57,4865.72,,25602690.0,0.0007363012994276996
2001-05-21,4864.97,4864.97,4831.34,4841.43,,27955168.0,-0.004992066950009422
2001-05-22,4846.49,4866.5,4841.51,4846.09,,13193254.0,0.0009625255348109096
2001-05-23,4855.97,4870.53,4799.3,4845.45,,15306922.0,-0.00013206523197062392
2001-05-24,4847.35,4852.17,4820.39,4831.93,,11653328.0,-0.0027902465199309834
2001-05-25,4825.2,4842.32,4795.09,4831.99,,11453818.0,1.2417398430830673e-05
2001-05-28,4836.81,4846.27,4794.87,4813.51,,12454743.0,-0.003824511226223515
2001-05-29,4811.27,4835.12,4784.89,4796.51,,8993294.0,-0.0035317263286043232
2001-05-30,4798.24,4879.85,4798.24,4879.6,,14170176.0,0.017323011939931465
2001-05-31,4889.66,4903.28,4851.12,4857.47,,12347856.0,-0.004535207803918362
2001-06-01,4862.18,4874.8,4836.57,4851.05,,13497646.0,-0.0013216756871375912
2001-06-04,4842.58,4856.14,4796.47,4804.67,,19512890.0,-0.009560816730398547
2001-06-05,4801.14,4831.24,4791.46,4810.07,,19192286.0,0.0011239065326025255
2001-06-06,4811.68,4830.16,4795.78,4829.43,,13899331.0,0.0040248894506733635
2001-06-07,4831.63,4835.95,4780.59,4785.08,,11806240.0,-0.009183278357901559
2001-06-08,4797.2,4797.2,4754.24,4782.01,,12461487.0,-0.0006415775702809379
2001-06-11,4780.97,4784.16,4718.78,4735.02,,10794000.0,-0.009826411906290411
2001-06-12,4731.79,4754.93,4719.55,4744.72,,10258566.0,0.002048565792752699
2001-06-13,4744.6,4794.31,4739.25,4793.54,,10506067.0,0.010289332141833363
2001-06-14,4799.82,4809.84,4732.82,4735.04,,15322538.0,-0.01220392444832008
2001-06-15,4722.39,4750.33,4706.51,4745.38,,10519438.0,0.0021837196729066477
2001-06-18,4748.6,4750.64,4650.89,4665.46,,12606364.0,-0.016841643872566592
2001-06-19,4662.31,4682.72,4640.89,4674.41,,7550525.0,0.001918353174177767
2001-06-20,4678.85,4684.25,4632.21,4646.41,,7206703.0,-0.0059900607777237935
2001-06-21,4648.52,4677.29,4636.62,4675.93,,8718122.0,0.00635329211154434
2001-06-22,4676.39,4725.45,4676.0,4723.97,,11255078.0,0.010273892038589194
2001-06-25,4733.81,4758.14,4727.51,4757.8,,12534178.0,0.007161349458188804
2001-06-26,4765.03,4766.57,4737.29,4753.89,,11478270.0,-0.0008218083988397185
2001-06-27,4758.49,4761.24,4729.28,4740.72,,10645351.0,-0.002770362797624659
2001-06-28,4744.6,4756.26,4706.6,4713.29,,10045091.0,-0.0057860409389292045
2001-06-29,4721.6,4731.0,4711.64,4716.89,,10991875.0,0.0007637976869661056
2001-07-02,4720.38,4733.33,4682.7,4690.64,,10320793.0,-0.005565107517877199
2001-07-03,4692.01,4701.52,4671.85,4700.83,,18188684.0,0.0021724114406562745
2001-07-04,4707.51,4726.52,4700.68,4707.2,,11072047.0,0.0013550798476014148
2001-07-05,4708.58,4718.18,4660.39,4675.68,,11700384.0,-0.006696125084976079
2001-07-06,4675.35,4688.97,4644.97,4648.18,,7795514.0,-0.005881497450638151
2001-07-09,4658.14,4666.17,4636.93,4642.6,,8080184.0,-0.001200469861322051
2001-07-10,4644.77,4687.12,4644.77,4687.1,,6840948.0,0.009585146254253996
2001-07-11,4691.77,4697.22,4635.3,4638.59,,7901589.0,-0.010349683172964141
2001-07-12,4637.41,4656.16,4610.07,4644.68,,7335033.0,0.001312898962831488
2001-07-13,4648.8,4679.74,4632.46,4634.5,,5650991.0,-0.002191754867934992
2001-07-16,4678.89,4692.68,4603.05,4609.08,,8132396.0,-0.0054849498327759205
2001-07-17,4610.14,4611.21,4539.26,4574.56,,8089576.0,-0.0074895640778636086
2001-07-18,4581.58,4620.54,4581.58,4608.3,,5007235.0,0.007375572732678082
2001-07-19,4612.75,4615.59,4552.97,4585.14,,8895719.0,-0.005025714471714071
2001-07-20,4590.64,4639.58,4575.1,4634.88,,10311916.0,0.010848087517502103
2001-07-23,4645.54,4652.05,4586.22,4588.34,,8477778.0,-0.010041252416459479
2001-07-24,4566.74,4572.83,4489.89,4499.38,,8510229.0,-0.019388275498328333
2001-07-25,4490.46,4507.85,4439.14,4453.59,,7230123.0,-0.010176957714173929
2001-07-26,4452.27,4462.14,4388.42,4411.39,,7872659.0,-0.00947550178619938
2001-07-27,4411.99,4433.17,4332.25,4340.25,,8224050.0,-0.016126436338659733
2001-07-30,4308.68,4308.68,4109.47,4113.93,,10110883.0,-0.052144461724555
2001-07-31,4081.49,4171.89,4043.8,4059.01,,9951579.0,-0.013349765309570216
2001-08-01,4069.1,4175.27,4069.1,4173.39,,7933836.0,0.028179285096612272
2001-08-02,4176.14,4177.96,4012.3,4089.8,,8304369.0,-0.020029280752577705
2001-08-03,4087.9,4104.68,4053.37,4071.31,,7496149.0,-0.004521003472052532
2001-08-06,4061.95,4061.95,3855.97,3893.15,,9784791.0,-0.04375987090150346
2001-08-07,3878.11,3982.72,3850.98,3949.78,,8549899.0,0.01454606167242467
2001-08-08,3951.25,3963.76,3902.02,3924.79,,5310292.0,-0.006326934664715567
2001-08-09,3925.11,3995.87,3924.8,3995.26,,8746092.0,0.01795510078246232
2001-08-10,4004.66,4079.08,4001.19,4068.65,,11417059.0,0.01836926758208479
2001-08-13,4079.6,4098.54,4039.2,4079.69,,8442992.0,0.0027134307448415385
2001-08-14,4086.42,4096.74,4002.33,4035.88,,7967298.0,-0.010738561018116544
2001-08-15,4034.74,4072.47,4030.12,4064.32,,4398856.0,0.0070467902910889
2001-08-16,4065.05,4067.69,3999.47,4001.26,,5515064.0,-0.01551551058971734
2001-08-17,3993.83,4020.36,3979.41,4007.42,,5128023.0,0.0015395150527584
2001-08-20,4012.26,4060.11,3993.65,4048.42,,5150688.0,0.010231021455200606
2001-08-21,4056.33,4092.19,4056.33,4064.45,,5099552.0,0.0039595694122644964
2001-08-22,4056.82,4057.29,3968.24,4010.86,,7512274.0,-0.01318505578860596
2001-08-23,3994.12,4033.98,3945.33,4024.7,,5540938.0,0.0034506315353812766
2001-08-24,4030.31,4051.68,3984.57,3987.67,,6109285.0,-0.009200685765398564
2001-08-27,3974.63,3974.63,3852.39,3853.83,,9125841.0,-0.033563459363488035
2001-08-28,3833.76,3899.03,3782.54,3896.28,,8208832.0,0.011015016230607078
2001-08-29,3905.86,3964.19,3890.59,3914.37,,6321647.0,0.004642890141365541
2001-08-30,3909.17,3909.17,3862.78,3870.84,,4354239.0,-0.011120563462319488
2001-08-31,3868.71,3893.11,3855.08,3860.22,,6205929.0,-0.002743590538487828
2001-09-03,3861.97,3864.56,3822.53,3827.35,,4384087.0,-0.008515058727222802
2001-09-04,3820.04,3950.09,3820.04,3949.5,,7455940.0,0.0319150325943538
2001-09-05,3965.86,3993.22,3932.15,3937.32,,8667603.0,-0.003083934675275346
2001-09-06,3938.14,3969.49,3911.66,3937.49,,12432762.0,4.317657696084609e-05
2001-09-07,3926.22,3926.22,3798.26,3798.26,,14797514.0,-0.03536008980340255
2001-09-10,3755.53,3876.45,3723.17,3871.85,,11661985.0,0.01937466102899732
2001-09-11,3854.98,3890.27,3833.41,3861.09,,13172055.0,-0.002779033278665133
2001-09-12,3711.75,3800.54,3695.6,3780.07,,14575663.0,-0.020983711853388543
2001-09-13,3760.8,3794.73,3745.99,3746.71,,8123287.0,-0.008825233395148846
2001-09-14,3730.82,3745.12,3663.39,3663.39,,8058787.0,-0.02223817696058683
2001-09-17,3649.86,3649.86,3567.03,3568.17,,8304612.0,-0.02599231859015827
2001-09-18,3572.58,3647.12,3548.53,3586.79,,5569626.0,0.005218361232788737
2001-09-19,3576.48,3668.05,3543.68,3666.52,,5621532.0,0.022228789530471582
2001-09-20,3658.41,3681.89,3621.78,3628.28,,5352517.0,-0.010429508089414452
2001-09-21,3606.99,3621.8,3575.35,3578.2,,4614348.0,-0.013802683365120805
2001-09-24,3566.71,3582.3,3554.56,3558.39,,5350409.0,-0.005536303169191181
2001-09-25,3561.9,3605.42,3551.51,3562.22,,4776479.0,0.0010763294636058074
2001-09-26,3554.43,3562.06,3508.37,3512.13,,6233033.0,-0.01406145605830067
2001-09-27,3501.08,3539.2,3468.97,3504.16,,5641331.0,-0.0022692781873109302
2001-09-28,3505.41,3521.06,3480.18,3498.63,,4982255.0,-0.0015781242865622325
2001-10-08,3490.27,3507.0,3390.42,3404.16,,3869312.0,-0.0270019979249021
2001-10-09,3398.77,3484.01,3384.36,3453.63,,5538108.0,0.014532219402143332
2001-10-10,3454.95,3455.51,3334.8,3348.1,,6437970.0,-0.030556255302392032
2001-10-11,3344.51,3371.01,3260.61,3274.33,,7113893.0,-0.022033392073116054
2001-10-12,3273.42,3420.19,3208.32,3384.7,,10659828.0,0.0337076592768597
2001-10-15,3386.64,3418.09,3343.05,3387.81,,5144231.0,0.0009188406653470871
2001-10-16,3392.51,3397.51,3317.2,3330.9,,4761210.0,-0.016798462723706442
2001-10-17,3323.47,3371.74,3297.11,3323.58,,4880088.0,-0.00219760425110338
2001-10-18,3322.24,3349.52,3246.56,3257.13,,5170405.0,-0.019993500983878754
2001-10-19,3245.01,3247.9,3130.51,3186.59,,8716698.0,-0.021657103032424185
2001-10-22,3176.61,3218.73,3124.57,3143.7,,7100242.0,-0.013459528838037027
2001-10-23,3423.66,3458.03,3367.05,3458.03,,29049374.0,0.0999872761395808
2001-10-24,3580.66,3615.16,3482.03,3542.61,,25701276.0,0.02445901279051954
2001-10-25,3522.47,3522.47,3447.53,3450.4,,9382629.0,-0.02602883184996374
2001-10-26,3434.36,3463.48,3399.74,3446.99,,6298622.0,-0.0009882912126131238
2001-10-29,3449.58,3485.52,3449.58,3482.35,,6733599.0,0.010258225292211431
2001-10-30,3484.54,3487.65,3420.36,3426.41,,7403130.0,-0.01606386491880485
2001-10-31,3421.84,3439.25,3376.02,3438.53,,6839676.0,0.003537229928701091
2001-11-01,3445.96,3491.92,3427.68,3472.53,,5970935.0,0.00988794630263512
2001-11-02,3469.56,3477.59,3429.24,3431.99,,5321506.0,-0.011674485173634341
2001-11-05,3425.63,3425.63,3378.3,3388.99,,6416206.0,-0.012529174036054913
2001-11-06,3390.47,3407.62,3380.43,3383.87,,3961200.0,-0.0015107745965612374
2001-11-07,3375.67,3383.59,3196.81,3213.39,,7592894.0,-0.05038018600005323
2001-11-08,3173.5,3260.2,3146.76,3255.04,,6000255.0,0.012961389685036684
2001-11-09,3251.25,3331.33,3206.4,3316.22,,6257823.0,0.018795467951238543
2001-11-12,3326.11,3330.81,3290.1,3292.14,,3124715.0,-0.00726127940848309
2001-11-13,3275.09,3298.16,3255.28,3272.39,,3351044.0,-0.005999137339238292
2001-11-14,3274.99,3301.43,3268.61,3270.86,,3088867.0,-0.0004675481834377493
2001-11-15,3273.68,3291.33,3255.02,3268.9,,3015198.0,-0.0005992307833413424
2001-11-16,3503.08,3512.01,3301.01,3305.41,,12439234.0,0.011168894735231971
2001-11-19,3305.34,3324.19,3294.04,3320.01,,4473100.0,0.004417001219213512
2001-11-20,3322.76,3405.92,3322.7,3390.69,,9488902.0,0.021289092502733364
2001-11-21,3404.68,3427.41,3379.57,3426.98,,7274592.0,0.010702836295857221
2001-11-22,3428.06,3465.23,3420.17,3464.4,,7291850.0,0.010919235011584538
2001-11-23,3462.84,3469.21,3433.11,3444.91,,10390949.0,-0.005625793788246236
2001-11-26,3436.57,3436.76,3408.98,3420.8,,6381373.0,-0.006998731461779761
2001-11-27,3420.59,3456.47,3420.03,3455.94,,5526781.0,0.010272450888680895
2001-11-28,3466.74,3500.91,3465.31,3485.94,,10922759.0,0.008680706262261584
2001-11-29,3485.85,3498.71,3470.22,3484.44,,6785340.0,-0.00043030000516364186
2001-11-30,3480.96,3514.04,3480.88,3513.75,,7629704.0,0.008411681647553015
2001-12-03,3521.28,3570.32,3520.3,3555.6,,9340592.0,0.011910352187833428
2001-12-04,3558.78,3583.89,3540.7,3582.89,,8361642.0,0.0076752165597930855
2001-12-05,3578.03,3613.72,3516.49,3516.49,,10175646.0,-0.018532525419423962
2001-12-06,3505.74,3547.97,3502.1,3547.48,,6515610.0,0.008812765001464662
2001-12-07,3550.71,3571.42,3536.18,3557.54,,6975239.0,0.0028358158467418626
2001-12-10,3553.96,3555.83,3519.38,3554.4,,5411093.0,-0.0008826323808024394
2001-12-11,3550.62,3553.25,3499.55,3506.39,,6737110.0,-0.01350720234076086
2001-12-12,3501.43,3505.18,3460.57,3465.6,,6115888.0,-0.0116330470940198
2001-12-13,3459.6,3481.42,3410.26,3410.55,,6345455.0,-0.015884695290858675
2001-12-14,3400.25,3428.23,3377.41,3392.79,,5525096.0,-0.005207371245107173
2001-12-17,3387.47,3405.57,3365.96,3374.88,,4598024.0,-0.005278841307596371
2001-12-18,3377.22,3429.22,3366.21,3428.96,,5335398.0,0.01602427345564883
2001-12-19,3433.64,3450.3,3390.78,3393.18,,5129047.0,-0.01043465073958294
2001-12-20,3384.3,3384.3,3307.96,3317.66,,6180544.0,-0.02225640844281762
2001-12-21,3312.64,3334.07,3302.38,3330.94,,4244018.0,0.004002821265590928
2001-12-24,3333.47,3335.53,3252.72,3266.1,,4578072.0,-0.0194659765711781
2001-12-25,3258.01,3283.93,3245.5,3279.05,,4455296.0,0.003964973515814041
2001-12-26,3280.99,3324.91,3269.72,3324.1,,3906189.0,0.013738735304432703
2001-12-27,3329.97,3342.11,3288.34,3289.93,,5638908.0,-0.010279474143377154
2001-12-28,3286.93,3311.56,3271.87,3307.34,,5381268.0,0.005291905906812611
2001-12-31,3311.07,3329.95,3303.37,3325.66,,10014543.0,0.005539194639801126
2002-01-04,3319.21,3319.25,3261.85,3265.88,,4245937.0,-0.017975379323201923
2002-01-07,3255.65,3255.65,3209.06,3231.8,,3336472.2,-0.010435166019572062
2002-01-08,3229.45,3248.19,3197.21,3201.57,,4873980.0,-0.009353920415867356
2002-01-09,3191.75,3193.03,3131.26,3149.3,,4774930.0,-0.016326364877232047
2002-01-10,3138.71,3175.06,3051.92,3159.45,,9645675.0,0.0032229384307622677
2002-01-11,3159.28,3159.28,3064.26,3065.99,,5002333.0,-0.029581097975913573
2002-01-14,3030.1,3030.1,2933.64,2934.39,,6582884.0,-0.042922514424378444
2002-01-15,2914.38,2961.52,2891.57,2893.02,,4844104.0,-0.01409833048776743
2002-01-16,2894.3,2949.0,2862.11,2938.22,,5226884.0,0.01562381179528649
2002-01-17,2933.64,2933.64,2777.92,2796.46,,5483684.0,-0.04824689778165003
2002-01-18,2764.4,2831.16,2706.28,2784.1,,7253053.0,-0.004419873697460441
2002-01-21,2776.69,2780.16,2675.03,2682.45,,6289899.0,-0.03651090118889411
2002-01-22,2671.28,2781.93,2664.42,2697.66,,6982329.0,0.005670189565509132
2002-01-23,2691.12,2891.76,2676.93,2890.07,,10075735.0,0.07132477777036406
2002-01-24,2874.51,2950.87,2803.23,2898.46,,13358661.0,0.0029030438709096718
2002-01-25,2890.12,2917.54,2874.58,2896.86,,7852825.0,-0.0005520172781408039
2002-01-28,2877.95,2879.78,2699.18,2702.89,,11307450.0,-0.06695870701380124
2002-01-29,2672.93,2784.47,2661.91,2770.23,,6871065.0,0.02491407345470975
2002-01-30,2773.09,2801.93,2741.29,2779.39,,5799267.0,0.0033065846518158803
2002-01-31,2847.81,3006.39,2847.81,2982.7,,22236844.0,0.07314914423668495
2002-02-01,2987.67,3018.75,2956.99,2967.72,,14845659.0,-0.005022295235860175
2002-02-04,2964.15,3031.11,2944.26,3027.54,,10609315.0,0.02015688811612959
2002-02-05,3029.12,3063.78,3006.16,3041.47,,13624008.0,0.004601095278675027
2002-02-06,3044.03,3051.01,2961.3,2961.8,,10319496.0,-0.026194570388660576
2002-02-07,2957.65,3046.99,2957.65,3030.38,,10723416.0,0.023154838274022538
2002-02-08,3051.61,3064.51,3021.62,3022.26,,8441347.0,-0.0026795319398886797
2002-02-25,3102.24,3104.37,3051.31,3064.48,,9894455.0,0.013969678320197465
2002-02-26,3062.11,3062.11,3007.58,3048.74,,8083228.0,-0.005136271080248611
2002-02-27,3048.48,3076.09,3040.49,3055.67,,9658141.0,0.002273070186372239
2002-02-28,3053.61,3076.7,3024.63,3029.49,,8728826.0,-0.008567679101473713
2002-03-01,3022.35,3026.67,2990.94,2991.26,,6695552.0,-0.01261928575436777
2002-03-04,2984.36,3038.05,2969.81,3037.51,,7213942.0,0.015461711787006172
2002-03-05,3041.94,3129.98,3041.92,3113.07,,19488864.0,0.024875638269503675
2002-03-06,3127.77,3217.28,3114.19,3151.44,,22437950.0,0.012325453651861329
2002-03-07,3157.68,3263.88,3157.68,3262.39,,20362184.0,0.03520612799228284
2002-03-08,3291.09,3342.27,3244.0,3318.93,,31244770.0,0.017330852534491514
2002-03-11,3327.34,3380.56,3291.42,3380.56,,38134468.0,0.01856923767599805
2002-03-12,3382.21,3393.44,3301.73,3303.29,,27292500.0,-0.022857159760513057
2002-03-13,3284.23,3348.64,3263.69,3267.93,,19109312.0,-0.010704479473494621
2002-03-14,3263.95,3359.33,3262.8,3359.13,,15618450.0,0.027907574519650202
2002-03-15,3373.87,3385.42,3266.72,3267.81,,17584048.0,-0.027185610559877116
2002-03-18,3304.51,3338.89,3249.35,3283.79,,13067738.0,0.004890125190877059
2002-03-19,3286.62,3339.24,3266.75,3334.75,,13935379.0,0.01551865375069661
2002-03-20,3343.06,3376.2,3319.5,3356.72,,17770842.0,0.006588200014993495
2002-03-21,3365.28,3382.68,3340.79,3357.02,,14702822.0,8.937295931743527e-05
2002-03-22,3358.64,3358.64,3295.68,3312.76,,12013912.0,-0.01318431227695982
2002-03-25,3303.8,3316.29,3290.8,3312.1,,7838117.0,-0.00019922964537133492
2002-03-26,3313.05,3313.05,3238.13,3251.03,,10800559.0,-0.018438452945261252
2002-03-27,3245.63,3264.2,3222.05,3257.63,,9402582.0,0.002030125837042318
2002-03-28,3258.1,3288.55,3246.71,3259.69,,7685116.0,0.0006323615634677981
2002-03-29,3257.18,3257.19,3165.43,3173.9,,11023578.0,-0.02631845359528051
2002-04-01,3161.1,3186.53,3138.11,3179.12,,7873040.0,0.0016446642931409183
2002-04-02,3179.25,3187.83,3113.68,3124.47,,9657034.0,-0.017190291653036094
2002-04-03,3124.11,3157.4,3123.76,3142.7,,7516623.0,0.005834589546387159
2002-04-04,3140.3,3220.79,3113.47,3217.56,,10255583.0,0.023820281923187192
2002-04-05,3235.71,3247.51,3192.88,3207.22,,10623232.0,-0.0032136152861175216
2002-04-08,3205.81,3215.8,3191.55,3208.06,,6033257.0,0.00026190906766609956
2002-04-09,3209.65,3270.4,3194.92,3263.7,,12265102.0,0.01734381526530049
2002-04-10,3269.1,3273.76,3246.68,3271.02,,10401519.0,0.002242853203419548
2002-04-11,3275.42,3275.9,3215.15,3216.97,,10369829.0,-0.016523897744434524
2002-04-12,3210.81,3245.2,3209.61,3231.38,,8658812.0,0.004479370339170119
2002-04-15,3233.24,3237.38,3176.57,3198.26,,8250826.0,-0.010249490929571836
2002-04-16,3193.97,3216.41,3179.95,3193.78,,6941116.0,-0.0014007616641549259
2002-04-17,3200.53,3212.71,3172.15,3192.76,,8207578.0,-0.00031937077694765836
2002-04-18,3192.89,3193.68,3143.85,3146.06,,7293019.0,-0.01462684323281438
2002-04-19,3138.8,3149.07,3082.33,3145.47,,10030210.0,-0.0001875361563352662
2002-04-22,3133.63,3146.0,3114.9,3124.57,,6540137.0,-0.006644476024250667
2002-04-23,3122.28,3145.28,3108.3,3108.3,,5889167.0,-0.005207116499230335
2002-04-24,3110.12,3130.95,3101.91,3107.74,,6568886.0,-0.00018016278994958945
2002-04-25,3108.16,3126.01,3095.84,3122.27,,5072007.0,0.004675423297959336
2002-04-26,3125.47,3176.88,3125.47,3174.88,,8056084.0,0.016849920090190817
2002-04-29,3178.17,3229.62,3172.54,3228.41,,10159909.0,0.016860479766164227
2002-04-30,3234.2,3263.5,3229.2,3253.46,,9198163.0,0.007759237519398221
2002-05-08,3255.02,3265.96,3224.7,3227.93,,5258831.0,-0.007847030545941935
2002-05-09,3219.6,3267.01,3216.36,3249.01,,6071188.0,0.006530500971210662
2002-05-10,3250.1,3253.07,3215.18,3216.69,,7292633.0,-0.009947645590502985
2002-05-13,3208.04,3208.04,3171.92,3175.67,,6153204.0,-0.012752239102928775
2002-05-14,3173.53,3193.33,3149.16,3153.15,,5075874.0,-0.007091416929340899
2002-05-15,3150.91,3162.75,3123.26,3131.42,,5464466.0,-0.00689152117723546
2002-05-16,3120.59,3120.59,3060.02,3066.88,,8398125.0,-0.020610457875340882
2002-05-17,3054.29,3100.38,3038.23,3100.25,,6924166.0,0.010880764816360466
2002-05-20,3106.2,3106.2,3041.4,3072.23,,6302004.0,-0.009037980807999335
2002-05-21,3129.19,3199.6,3106.69,3170.61,,12029486.0,0.03202234207725341
2002-05-22,3169.66,3174.39,3132.4,3133.53,,7662000.0,-0.011694910443100781
2002-05-23,3140.15,3175.26,3123.54,3127.13,,5588844.0,-0.0020424249967289088
2002-05-24,3131.5,3136.1,3073.0,3080.78,,6276283.0,-0.014821897394735717
2002-05-27,3089.44,3106.57,3061.68,3083.76,,4512243.0,0.0009672875051123242
2002-05-28,3093.56,3118.53,3086.88,3102.26,,5064323.0,0.0059991698446053565
2002-05-29,3108.57,3108.57,3041.55,3051.84,,5718263.0,-0.016252667410210697
2002-05-30,3050.69,3061.02,3014.67,3059.33,,5274153.0,0.002454257103911006
2002-05-31,3059.35,3073.5,3032.23,3037.0,,4149549.0,-0.007298983764418954
2002-06-03,3028.03,3028.03,2972.32,2978.96,,4910836.0,-0.019110964767863003
2002-06-04,2987.51,3018.5,2972.8,3010.46,,5385137.0,0.010574160109568354
2002-06-05,3009.97,3010.38,2962.08,2964.01,,5527657.0,-0.015429535685576257
2002-06-06,2958.86,3092.85,2948.71,3073.67,,9895623.0,0.036997176122887554
2002-06-07,3073.18,3106.72,3046.54,3083.29,,10726990.0,0.0031298089905551496
2002-06-10,3081.78,3085.9,3058.59,3068.69,,6250677.0,-0.004735201683915502
2002-06-11,3069.54,3090.77,3063.91,3079.75,,5624534.0,0.0036041437877400995
2002-06-12,3082.29,3085.01,3044.98,3071.09,,15209038.0,-0.0028119165516681255
2002-06-13,3070.61,3081.34,3042.02,3046.88,,7508144.0,-0.00788319456609865
2002-06-14,3041.05,3041.07,3018.86,3023.21,,6353593.0,-0.007768602636139321
2002-06-17,3011.4,3022.76,3000.43,3022.02,,5104644.0,-0.0003936213494927232
2002-06-18,3024.04,3081.85,3024.04,3076.09,,10738491.0,0.01789200600922558
2002-06-19,3078.34,3079.98,3039.82,3045.52,,5910631.0,-0.009937940697443914
2002-06-20,3045.33,3078.02,3045.33,3062.74,,7491897.0,0.0056542068349574315
2002-06-21,3063.64,3193.82,3063.27,3180.94,,23649456.0,0.03859289394463783
2002-06-24,3481.12,3488.34,3372.79,3478.12,,73264272.0,0.09342521393047343
2002-06-25,3564.97,3575.87,3478.65,3496.4,,44144580.0,0.005255712856370831
2002-06-26,3479.28,3532.03,3453.82,3507.51,,23498248.0,0.0031775540556000514
2002-06-27,3506.95,3543.12,3490.46,3522.94,,17627092.0,0.004399132147876905
2002-06-28,3522.91,3559.39,3509.72,3551.33,,25391328.0,0.008058610138123257
2002-07-01,3556.53,3564.06,3515.22,3519.3,,12491516.0,-0.009019156203450507
2002-07-02,3512.56,3547.56,3489.09,3546.52,,9888181.0,0.007734492654789316
2002-07-03,3552.59,3578.9,3538.9,3568.01,,10611749.0,0.006059461105534458
2002-07-04,3574.63,3586.06,3520.2,3521.71,,12993450.0,-0.012976421030210128
2002-07-05,3521.71,3538.3,3489.68,3537.31,,6500081.0,0.0044296662700789025
2002-07-08,3540.88,3558.98,3527.3,3547.96,,9353595.0,0.003010762415507795
2002-07-09,3552.42,3562.44,3527.46,3533.89,,9105905.0,-0.0039656591393364415
2002-07-10,3533.69,3541.77,3457.92,3460.2,,10638318.0,-0.020852375144670643
2002-07-11,3447.74,3482.85,3442.9,3456.78,,8501266.0,-0.0009883821744406385
2002-07-12,3456.95,3469.43,3446.67,3454.43,,6242214.0,-0.0006798234194830277
2002-07-15,3451.04,3452.93,3417.67,3423.98,,6185314.0,-0.008814768283045171
2002-07-16,3422.14,3465.58,3415.81,3423.92,,5164039.0,-1.75234668426949e-05
2002-07-17,3427.96,3461.17,3402.96,3459.66,,5738509.0,0.010438327998317565
2002-07-18,3463.05,3487.87,3445.19,3481.36,,7757705.0,0.006272292653035416
2002-07-19,3484.74,3494.56,3465.55,3487.87,,6168070.0,0.0018699588666497569
2002-07-22,3484.57,3484.57,3424.54,3425.49,,6878279.0,-0.017884840891432385
2002-07-23,3416.21,3460.11,3412.54,3433.98,,6351969.0,0.002478477531681733
2002-07-24,3436.47,3454.58,3414.08,3425.82,,4662425.0,-0.0023762514633165477
2002-07-25,3434.49,3451.02,3396.67,3406.54,,5312695.0,-0.0056278496827038005
2002-07-26,3405.92,3428.88,3392.45,3398.78,,5072875.0,-0.002277971196580575
2002-07-29,3395.5,3428.91,3389.87,3427.95,,5051475.0,0.00858249136454825
2002-07-30,3428.56,3437.66,3411.38,3431.46,,6435733.0,0.0010239355883254753
2002-07-31,3433.16,3448.14,3400.76,3405.7,,4985373.0,-0.0075070086785217205
2002-08-01,3398.93,3427.0,3377.85,3416.68,,5201984.0,0.0032240068121092147
2002-08-02,3419.57,3426.87,3410.75,3420.58,,3453794.0,0.0011414589601601577
2002-08-05,3422.54,3422.54,3397.93,3401.46,,3298963.0,-0.005589695314829668
2002-08-06,3395.87,3460.48,3390.35,3436.11,,6773313.0,0.01018680213790546
2002-08-07,3440.34,3440.34,3420.82,3428.08,,3590244.0,-0.002336944975568356
2002-08-08,3428.71,3443.42,3401.55,3407.69,,3373649.0,-0.005947935870808108
2002-08-09,3405.08,3405.08,3372.96,3385.09,,3636707.2,-0.006632058667308316
2002-08-12,3375.28,3377.15,3358.57,3360.75,,3615415.0,-0.007190355352442612
2002-08-13,3357.89,3380.11,3357.79,3367.4,,2872498.0,0.001978724986982039
2002-08-14,3368.15,3393.6,3362.26,3393.59,,3063013.0,0.007777513808873371
2002-08-15,3394.84,3394.84,3371.62,3377.36,,2975880.0,-0.004782545917450309
2002-08-16,3374.08,3403.75,3349.29,3389.33,,4993848.0,0.0035441883601392554
2002-08-19,3385.78,3402.48,3375.93,3393.99,,3930959.0,0.0013749030044285515
2002-08-20,3392.8,3454.29,3391.42,3451.11,,8372907.0,0.01682974905642043
2002-08-21,3453.82,3462.0,3441.3,3448.52,,5336211.0,-0.0007504831778761822
2002-08-22,3449.04,3499.68,3449.04,3480.54,,9908497.0,0.009285142611903163
2002-08-23,3484.76,3489.57,3470.38,3476.67,,5375934.0,-0.001111896429864312
2002-08-26,3478.12,3480.97,3443.42,3448.37,,4847724.0,-0.008139973020160118
2002-08-27,3448.35,3463.26,3444.17,3456.97,,7526752.0,0.0024939319156587203
2002-08-28,3459.32,3469.52,3448.93,3454.27,,6649618.0,-0.0007810307870764754
2002-08-29,3455.07,3471.22,3435.79,3437.61,,5377958.0,-0.0048230161510246505
2002-08-30,3436.46,3445.21,3431.85,3436.84,,3746014.0,-0.0002239928322294027
2002-09-02,3438.18,3448.86,3431.34,3443.9,,4419363.0,0.00205421259063554
2002-09-03,3445.73,3462.55,3445.73,3452.72,,4969330.0,0.0025610499724149083
2002-09-04,3455.79,3465.07,3433.9,3437.86,,4652917.0,-0.004303853194003504
2002-09-05,3433.36,3434.84,3380.29,3390.95,,7151531.0,-0.01364511643871491
2002-09-06,3386.64,3399.43,3370.91,3374.31,,5087760.0,-0.00490717940400176
2002-09-09,3365.94,3366.33,3336.33,3345.22,,4780228.0,-0.00862102177926749
2002-09-10,3344.77,3359.32,3334.15,3350.09,,3534910.0,0.0014558085865803427
2002-09-11,3349.49,3352.41,3306.87,3337.22,,4127936.0,-0.0038416878352522943
2002-09-12,3337.52,3355.25,3321.49,3344.59,,3381408.0,0.002208424976477552
2002-09-13,3345.43,3346.93,3336.57,3339.9,,2970992.2,-0.0014022645526058364
2002-09-16,3339.7,3339.7,3269.32,3276.57,,4686567.0,-0.018961645558250195
2002-09-17,3277.36,3303.06,3248.64,3280.54,,4854287.0,0.0012116328965960932
2002-09-18,3278.74,3278.75,3254.72,3258.32,,3185841.0,-0.006773275131533141
2002-09-19,3255.5,3336.46,3242.79,3326.97,,5698277.0,0.02106913992486925
2002-09-20,3326.84,3326.84,3282.34,3287.15,,3885383.0,-0.01196884853184721
2002-09-23,3277.13,3296.55,3276.31,3292.88,,2444642.0,0.0017431513621222194
2002-09-24,3294.03,3295.58,3275.2,3277.05,,3254827.2,-0.004807341901314377
2002-09-25,3276.04,3301.34,3270.1,3286.08,,4182060.0,0.0027555270746555394
2002-09-26,3287.45,3296.96,3261.36,3265.64,,5633833.0,-0.006220177232447166
2002-09-27,3267.24,3271.44,3236.22,3243.93,,5269454.0,-0.006648007741208439
2002-10-08,3227.46,3227.46,3183.15,3197.94,,2957883.0,-0.014177247967742779
2002-10-09,3194.38,3196.44,3137.71,3141.26,,4124965.0,-0.017723909766912405
2002-10-10,3138.75,3152.48,3112.69,3115.62,,3068772.2,-0.008162329765762921
2002-10-11,3116.12,3131.24,3101.27,3107.04,,3490371.0,-0.0027538660041981355
2002-10-14,3109.01,3125.11,3076.4,3118.35,,4084134.0,0.0036401205005407444
2002-10-15,3116.76,3132.51,3109.67,3114.86,,3166647.2,-0.0011191816184840109
2002-10-16,3115.52,3159.77,3115.52,3138.53,,4543453.0,0.007599057421521449
2002-10-17,3139.83,3139.83,3069.64,3072.65,,3674691.0,-0.02099071858481527
2002-10-18,3071.79,3098.6,3049.95,3088.17,,4182487.2,0.00505101459652102
2002-10-21,3086.14,3093.13,3062.49,3088.93,,2841517.2,0.0002461004413616408
2002-10-22,3089.37,3134.78,3087.33,3126.86,,5009839.0,0.01227933297290651
2002-10-23,3123.37,3126.15,3105.05,3123.79,,3751076.0,-0.000981815623340987
2002-10-24,3124.05,3124.05,3090.2,3093.74,,3852866.0,-0.009619724757426118
2002-10-25,3092.19,3105.49,3056.6,3062.99,,3506516.0,-0.009939426066831736
2002-10-28,3059.34,3059.34,3004.2,3009.19,,3602916.0,-0.017564536612917347
2002-10-29,3005.78,3041.64,2989.78,3037.3,,3946066.0,0.009341384226320137
2002-10-30,3037.09,3048.2,3007.58,3037.93,,3836336.0,0.00020742106476134836
2002-10-31,3037.93,3064.95,3028.73,3036.18,,3549362.7,-0.000576050139404094
2002-11-01,3035.84,3051.58,3020.21,3050.56,,2989712.2,0.004736214585433052
2002-11-04,3064.77,3107.89,3061.71,3107.24,,4709051.0,0.018580195111717046
2002-11-05,3112.4,3176.92,3107.98,3161.54,,9554413.0,0.017475315714267303
2002-11-06,3161.74,3161.74,3137.76,3143.19,,5030362.0,-0.005804133428645497
2002-11-07,3143.7,3157.38,3131.07,3148.12,,4736069.0,0.0015684702483782509
2002-11-08,3182.15,3189.14,3067.07,3075.18,,7191840.0,-0.023169383632136054
2002-11-11,3076.69,3089.56,3030.87,3036.7,,3743159.0,-0.012513088664728556
2002-11-12,3038.33,3061.03,2984.68,2997.21,,5562785.0,-0.01300424803240352
2002-11-13,2993.39,3015.87,2953.33,3015.37,,4808567.0,0.006058968173734858
2002-11-14,3015.32,3015.81,2969.23,2971.27,,4201531.0,-0.014625070886823188
2002-11-15,2968.08,3019.37,2955.56,2983.54,,4686208.0,0.0041295472979567815
2002-11-18,2983.56,2991.1,2932.17,2938.09,,3318468.0,-0.015233581584292444
2002-11-19,2928.77,2958.83,2902.63,2952.31,,3516078.0,0.0048398789689900745
2002-11-20,2947.01,2947.01,2898.57,2904.2,,4446307.0,-0.016295714203454326
2002-11-21,2899.48,2899.89,2831.37,2836.14,,5886996.0,-0.023435025136009924
2002-11-22,2836.11,2870.07,2790.55,2833.5,,5562346.0,-0.0009308426241299017
2002-11-25,2829.49,2849.08,2808.02,2840.49,,3467755.0,0.002466913710958085
2002-11-26,2837.66,2860.34,2786.94,2788.78,,4303353.0,-0.018204605543409635
2002-11-27,2777.95,2816.39,2757.7,2810.55,,5813923.0,0.0078062808826799834
2002-11-28,2810.34,2877.14,2797.31,2876.89,,6540334.0,0.02360392094074104
2002-11-29,2882.2,2951.6,2865.76,2920.72,,15391088.0,0.015235201902053852
2002-12-02,2919.09,2919.09,2835.96,2837.99,,5669847.0,-0.028325207483086423
2002-12-03,2836.88,2861.45,2823.79,2861.35,,3970162.0,0.008231177699710157
2002-12-04,2864.42,2897.01,2846.71,2870.32,,5448879.0,0.0031348838834817094
2002-12-05,2865.92,2865.92,2832.5,2850.23,,3845244.0,-0.006999219599208462
2002-12-06,2849.99,2874.4,2837.78,2854.59,,3335514.0,0.0015297011118400317
2002-12-09,2851.78,2866.79,2836.28,2847.52,,2765494.0,-0.0024767129430146584
2002-12-10,2851.95,2864.89,2816.41,2818.3,,3833157.0,-0.010261560937236514
2002-12-11,2814.8,2816.26,2777.69,2796.8,,3607582.0,-0.007628712344321054
2002-12-12,2796.69,2836.37,2792.18,2806.01,,4107384.0,0.0032930491990845745
2002-12-13,2791.08,2837.76,2775.84,2830.63,,4918752.0,0.008774024326356544
2002-12-16,2833.3,2859.78,2822.83,2859.53,,6044314.0,0.010209741294340935
2002-12-17,2862.11,2883.02,2856.22,2878.57,,6091420.0,0.006658436875990104
2002-12-18,2878.56,2903.97,2864.85,2868.42,,6913183.1,-0.003526056340474648
2002-12-19,2865.74,2873.1,2842.75,2865.94,,5174549.1,-0.0008645874732431391
2002-12-20,2868.56,2909.91,2860.39,2905.01,,6829126.6,0.013632525454126743
2002-12-23,2912.7,2938.85,2900.81,2907.33,,7332111.6,0.0007986203145600168
2002-12-24,2907.68,2910.66,2885.53,2905.86,,4764339.8,-0.0005056185572328564
2002-12-25,2907.52,2914.61,2884.11,2887.14,,6236142.5,-0.0064421548181951005
2002-12-26,2882.67,2883.47,2806.99,2809.94,,8334573.9,-0.02673926446240915
2002-12-27,2797.83,2817.61,2768.39,2802.96,,6887002.9,-0.0024840388050990647
2002-12-30,2797.54,2798.31,2744.65,2771.02,,5342814.8,-0.011395096612152877
2002-12-31,2764.1,2778.57,2738.55,2759.3,,7090754.5,-0.0042294895020605905
2003-01-02,2743.21,2743.3,2682.27,2689.49,,5197758.2,-0.025299894900880804
2003-01-03,2681.64,2700.39,2673.25,2687.72,,3931975.2,-0.000658117338231401
2003-01-06,2684.83,2723.74,2675.05,2722.28,,4209934.6,0.012858482282380734
2003-01-07,2723.18,2740.67,2705.6,2718.33,,4646275.4,-0.0014509896116491339
2003-01-08,2716.67,2790.26,2714.88,2790.04,,6259014.9,0.02638016723503034
2003-01-09,2794.28,2848.74,2773.44,2835.49,,11556175.1,0.016290089030981614
2003-01-10,2834.3,2861.0,2809.84,2811.19,,9560045.9,-0.008569947345961282
2003-01-13,2803.03,2830.93,2798.99,2821.6,,5572787.0,0.00370305813552263
2003-01-14,2823.12,3027.75,2823.12,2999.4,,24790213.0,0.06301389282676495
2003-01-15,3004.92,3027.81,2945.58,2963.99,,17302376.0,-0.011805694472227901
2003-01-16,2964.89,3014.15,2957.4,3010.61,,12553873.0,0.01572879800539151
2003-01-17,3014.59,3027.46,2985.37,2998.67,,11291394.0,-0.003965973673109469
2003-01-20,2998.65,3012.79,2963.53,3012.07,,14731152.0,0.004468647767176703
2003-01-21,3018.57,3029.03,2953.42,2953.51,,11339646.6,-0.019441779241518242
2003-01-22,2948.03,2969.24,2941.45,2961.89,,7961821.5,0.002837302057551838
2003-01-23,2960.06,2984.98,2941.46,2942.16,,8207113.0,-0.0066612872186340155
2003-01-24,2939.76,2998.3,2935.0,2992.11,,8457034.2,0.016977322783261473
2003-01-27,2994.85,3037.73,2994.19,3031.45,,10052386.4,0.013147912342794887
2003-01-28,3032.21,3045.76,3021.27,3044.03,,6766857.4,0.004149829289614049
2003-01-29,3045.01,3069.13,3042.82,3051.22,,8811564.0,0.0023620003745035145
2003-02-10,3048.81,3048.81,3006.5,3010.63,,5466916.8,-0.013302875571082895
2003-02-11,3005.43,3032.13,3001.05,3031.31,,4648784.2,0.006868994197227751
2003-02-12,3031.65,3064.29,3020.39,3063.02,,7271442.3,0.010460823868228664
2003-02-13,3066.63,3082.36,3040.77,3043.89,,9472926.9,-0.0062454701569040205
2003-02-14,3041.84,3055.12,3033.56,3046.6,,6087825.0,0.0008903081254578726
2003-02-17,3048.75,3053.67,3011.11,3021.91,,7163168.8,-0.008104116063808897
2003-02-18,3019.39,3027.33,3006.49,3018.7,,4984761.6,-0.001062242091921961
2003-02-19,3018.61,3046.3,3002.32,3046.27,,7358357.6,0.009133070527048037
2003-02-20,3045.95,3056.13,3038.56,3041.89,,6125258.0,-0.0014378239617630628
2003-02-21,3040.87,3040.87,2984.67,2990.01,,8791143.8,-0.01705518608496681
2003-02-24,2985.86,3006.02,2980.86,2990.08,,5128892.5,2.3411292938702033e-05
2003-02-25,2993.46,3044.11,2993.46,3043.17,,10034379.7,0.017755377782534332
2003-02-26,3043.84,3047.33,3031.35,3044.07,,5781716.7,0.0002957442403810351
2003-02-27,3044.96,3061.27,3044.12,3051.92,,7321816.7,0.002578784324933414
2003-02-28,3052.35,3063.02,3040.13,3057.24,,6110074.3,0.0017431649584522813
2003-03-03,3058.27,3073.89,3051.23,3073.44,,5943344.1,0.005298897044393014
2003-03-04,3077.73,3087.42,3065.82,3076.99,,5377967.0,0.0011550575251182416
2003-03-05,3078.44,3079.93,3052.57,3070.35,,5955487.9,-0.0021579530645208234
2003-03-06,3071.2,3071.2,3027.49,3030.95,,6264063.4,-0.012832413242789942
2003-03-07,3028.81,3040.16,3019.7,3027.74,,6099749.1,-0.0010590738877249706
2003-03-10,3022.05,3026.13,2972.76,2974.37,,6197955.7,-0.017627008924148035
2003-03-11,2971.14,2984.64,2960.93,2971.49,,4619277.9,-0.0009682722727838433
2003-03-12,2971.09,2996.32,2957.2,2995.96,,4517786.3,0.008234925912589341
2003-03-13,2996.05,2999.46,2975.89,2978.23,,4288681.3,-0.005917969532303502
2003-03-14,2976.87,2998.09,2970.6,2994.67,,4674070.2,0.005520057215191665
2003-03-17,2992.73,2992.88,2961.93,2989.84,,5590051.7,-0.0016128655244149748
2003-03-18,2989.24,3009.57,2978.01,2979.3,,5505476.2,-0.00352527225537147
2003-03-19,2976.99,3012.63,2962.03,3000.76,,4761652.1,0.00720303426979485
2003-03-20,2998.92,3007.21,2970.33,2976.1,,4818401.1,-0.008217918127407797
2003-03-21,2973.17,3006.38,2971.26,3005.59,,4669470.5,0.009908941231813628
2003-03-24,3007.48,3014.48,2999.15,3012.27,,3586407.5,0.0022225253610770324
2003-03-25,3012.14,3014.68,2977.48,2979.09,,3790475.3,-0.011014948859165985
2003-03-26,2975.53,2986.54,2958.04,2968.82,,4287451.3,-0.0034473614425881705
2003-03-27,2966.38,3056.73,2954.08,3046.34,,7977580.3,0.02611138432104343
2003-03-28,3045.21,3069.36,3030.35,3048.61,,8444037.3,0.0007451564828613311
2003-03-31,3048.6,3101.86,3047.43,3101.86,,7750243.5,0.01746697675333997
2003-04-01,3105.28,3129.37,3092.63,3118.91,,9520108.3,0.005496701978812579
2003-04-02,3116.89,3137.8,3110.98,3127.66,,6973735.2,0.0028054672946637993
2003-04-03,3128.34,3132.59,3114.94,3118.46,,6511331.6,-0.0029414961984358667
2003-04-04,3115.79,3159.88,3113.42,3154.84,,7790156.0,0.011666014635429045
2003-04-07,3158.43,3184.1,3132.86,3140.14,,8180822.6,-0.004659507296725152
2003-04-08,3137.3,3159.33,3136.89,3146.3,,8961497.3,0.0019616959753387953
2003-04-09,3144.01,3220.88,3136.67,3219.08,,13160568.0,0.023131932746400352
2003-04-10,3226.87,3273.16,3226.87,3259.95,,24373067.0,0.012696174062154286
2003-04-11,3258.93,3327.33,3250.53,3310.49,,24065432.0,0.0155033052654181
2003-04-14,3316.02,3395.28,3316.02,3382.82,,30787915.0,0.02184872934218207
2003-04-15,3389.35,3436.71,3359.78,3433.39,,20978092.0,0.014949066163733038
2003-04-16,3447.93,3525.87,3413.74,3445.87,,26609475.0,0.00363489146295648
2003-04-17,3446.29,3481.01,3400.46,3453.32,,16893284.0,0.0021620084332840683
2003-04-18,3458.3,3470.76,3404.29,3408.35,,15574228.0,-0.013022251051162392
2003-04-21,3410.26,3410.26,3282.67,3325.72,,14619071.0,-0.0242434022327519
2003-04-22,3328.02,3355.24,3315.45,3334.18,,8895042.9,0.0025438100621819615
2003-04-23,3332.93,3350.06,3275.33,3285.12,,11688689.0,-0.014714262577305348
2003-04-24,3272.49,3272.49,3147.94,3188.61,,15197509.0,-0.029377922267679657
2003-04-25,3175.72,3204.53,3136.77,3150.96,,9922172.9,-0.01180765286441432
2003-04-28,3150.96,3297.6,3097.49,3293.92,,13976876.0,0.04537029984512664
2003-04-29,3289.76,3295.06,3231.57,3238.81,,12888291.6,-0.016730825278088113
2003-04-30,3231.56,3302.24,3231.56,3260.75,,11498105.3,0.006774092953893529
2003-05-12,3264.93,3313.53,3247.97,3307.01,,9414367.1,0.014186920187073682
2003-05-13,3330.29,3341.14,3217.54,3221.28,,14123261.0,-0.02592371961379014
2003-05-14,3207.57,3294.48,3191.43,3292.96,,12740858.0,0.022252024040133156
2003-05-15,3296.76,3394.72,3276.09,3393.58,,16759389.0,0.030556095427821672
2003-05-16,3399.03,3433.02,3393.1,3414.13,,12301228.8,0.006055551953983773
2003-05-19,3422.16,3452.44,3399.38,3434.63,,11962953.7,0.006004457943897812
2003-05-20,3427.84,3427.84,3375.15,3395.35,,9535503.5,-0.011436457493238072
2003-05-21,3393.63,3440.03,3385.42,3394.14,,7889143.6,-0.00035636974096930896
2003-05-22,3392.6,3432.3,3362.93,3431.02,,8038149.3,0.010865786325843896
2003-05-23,3439.59,3519.72,3437.73,3478.26,,14347431.0,0.013768500329348177
2003-05-26,3482.83,3517.17,3481.77,3503.37,,12028202.5,0.00721912680478165
2003-05-27,3504.66,3511.64,3465.69,3488.86,,10853027.8,-0.0041417263948712035
2003-05-28,3490.61,3514.3,3432.68,3440.52,,12023732.2,-0.013855528740046918
2003-05-29,3435.82,3490.66,3415.65,3489.88,,12569607.0,0.014346668526850737
2003-05-30,3495.48,3521.13,3483.26,3503.69,,12862016.9,0.003957156119981153
2003-06-02,3502.68,3503.95,3471.72,3498.85,,9939682.0,-0.0013814007517788385
2003-06-03,3495.14,3514.87,3450.89,3455.37,,9687174.5,-0.01242694028037783
2003-06-04,3448.99,3491.84,3421.23,3491.43,,11194709.3,0.01043593016088007
2003-06-05,3491.75,3493.68,3427.19,3433.28,,8945826.0,-0.01665506683507889
2003-06-06,3424.88,3424.88,3362.13,3362.3,,10919517.3,-0.02067410755895238
2003-06-09,3350.75,3374.03,3324.42,3327.97,,6696131.1,-0.010210272729976655
2003-06-10,3326.87,3364.84,3326.87,3347.61,,5207499.0,0.005901495506269727
2003-06-11,3353.08,3412.2,3353.08,3411.1,,8208555.2,0.018965769608765504
2003-06-12,3413.67,3418.83,3380.61,3395.65,,6420665.2,-0.004529330714432289
2003-06-13,3395.58,3425.16,3384.61,3402.88,,7355460.1,0.0021291947049901783
2003-06-16,3399.24,3404.08,3373.57,3392.78,,5957291.2,-0.0029680741019371126
2003-06-17,3389.46,3405.65,3369.93,3376.41,,6923309.1,-0.004824951809430766
2003-06-18,3378.56,3406.32,3378.2,3381.25,,9009995.6,0.001433475199990486
2003-06-19,3379.52,3388.77,3309.0,3327.29,,9847254.7,-0.015958595194085046
2003-06-20,3323.94,3341.75,3300.38,3307.21,,7070174.4,-0.006034941348665113
2003-06-23,3302.43,3302.43,3257.3,3258.91,,6424349.3,-0.014604455114734183
2003-06-24,3258.91,3278.1,3249.71,3273.45,,4962691.0,0.004461614466186425
2003-06-25,3275.67,3284.34,3243.25,3248.84,,6009864.7,-0.007518061983534108
2003-06-26,3243.26,3298.32,3207.71,3286.3,,8481505.0,0.011530269265337845
2003-06-27,3281.57,3286.77,3226.07,3227.63,,7271408.9,-0.017852904482244525
2003-06-30,3215.21,3247.57,3202.91,3224.81,,8507133.5,-0.0008737060939451036
2003-07-01,3223.07,3273.95,3223.07,3226.34,,5915562.0,0.0004744465565413858
2003-07-02,3226.86,3264.49,3206.93,3263.96,,5574674.5,0.01166027139111181
2003-07-03,3267.58,3287.39,3257.41,3276.1,,4632169.4,0.0037194083260823074
2003-07-04,3277.12,3300.55,3265.79,3280.29,,4608160.7,0.0012789597387137253
2003-07-07,3293.29,3320.8,3268.61,3306.7,,4857944.0,0.008051117431690402
2003-07-08,3311.12,3341.25,3310.11,3329.52,,5305690.0,0.006901140109474735
2003-07-09,3330.69,3333.91,3298.02,3306.43,,4283062.1,-0.006934933563997214
2003-07-10,3308.52,3398.65,3307.62,3383.05,,9150002.4,0.02317302952126621
2003-07-11,3384.49,3395.32,3366.95,3377.04,,5668890.2,-0.0017765034510279776
2003-07-14,3378.93,3385.73,3364.9,3378.69,,5368859.2,0.0004885935612253256
2003-07-15,3380.67,3419.41,3379.56,3395.92,,6980110.7,0.005099609612009504
2003-07-16,3401.33,3413.26,3387.61,3412.39,,6794463.9,0.0048499375721453575
2003-07-17,3414.76,3459.64,3414.76,3443.7,,9442161.7,0.00917538733849299
2003-07-18,3442.51,3445.02,3338.82,3341.5,,9110676.3,-0.02967738188576241
2003-07-21,3312.26,3335.19,3290.19,3323.13,,7814837.0,-0.005497531048930138
2003-07-22,3335.42,3366.36,3289.92,3328.89,,5791373.0,0.0017333056485901999
2003-07-23,3331.97,3355.95,3309.82,3342.72,,4818097.5,0.004154537999152774
2003-07-24,3339.29,3340.58,3309.39,3316.49,,4088600.4,-0.007846903120811821
2003-07-25,3316.49,3340.15,3262.67,3276.39,,6007667.4,-0.01209109630965266
2003-07-28,3267.24,3272.66,3250.33,3263.61,,3834371.1,-0.0039006345398441278
2003-07-29,3265.67,3296.8,3265.67,3289.39,,3513181.1,0.007899228155324955
2003-07-30,3293.53,3313.05,3280.32,3303.16,,3419793.9,0.004186186496584421
2003-07-31,3306.52,3331.17,3299.78,3318.42,,3649601.9,0.004619818597948688
2003-08-01,3319.22,3336.66,3298.47,3326.86,,4432209.2,0.002543379077994956
2003-08-04,3329.19,3362.87,3315.35,3362.57,,5748643.4,0.010733845127237185
2003-08-05,3365.3,3376.05,3351.59,3361.25,,5068224.3,-0.00039255688357420215
2003-08-06,3360.28,3361.39,3338.18,3341.36,,4803727.1,-0.005917441428040071
2003-08-07,3341.47,3375.79,3338.86,3346.06,,4189904.1,0.0014066128761940355
2003-08-08,3343.07,3346.32,3291.43,3294.31,,5041909.5,-0.015465950999085543
2003-08-11,3288.11,3309.59,3272.0,3305.14,,3434632.7,0.003287486605692891
2003-08-12,3304.64,3330.99,3300.71,3318.66,,3834486.9,0.004090598280254376
2003-08-13,3317.88,3320.49,3269.58,3273.86,,3600379.7,-0.01349942446650143
2003-08-14,3269.52,3298.59,3247.2,3258.21,,4329033.0,-0.004780289932984294
2003-08-15,3252.35,3276.15,3241.75,3261.66,,3814818.5,0.0010588636091595216
2003-08-18,3259.48,3271.17,3246.19,3255.84,,3037569.6,-0.0017843674693253098
2003-08-19,3258.71,3272.04,3242.53,3246.43,,3412743.6,-0.0028901911641850964
2003-08-20,3245.02,3247.26,3194.13,3215.49,,4030856.5,-0.00953046885347908
2003-08-21,3216.72,3226.52,3199.49,3212.11,,2993982.8,-0.001051161720297622
2003-08-22,3209.26,3233.61,3203.05,3208.77,,3918506.5,-0.0010398149502974796
2003-08-25,3196.02,3196.19,3165.21,3181.07,,3851580.9,-0.00863259130445615
2003-08-26,3177.64,3197.9,3167.0,3188.39,,3762938.5,0.002301112518743542
2003-08-27,3188.5,3205.08,3173.84,3181.06,,3318618.8,-0.002298965935785713
2003-08-28,3182.09,3191.91,3154.29,3155.53,,3406643.9,-0.008025626677899744
2003-08-29,3150.8,3192.37,3143.39,3192.37,,3769028.5,0.011674742436294183
2003-09-01,3194.26,3250.11,3183.81,3249.19,,5054897.4,0.01779868874848467
2003-09-02,3253.32,3272.53,3232.99,3238.86,,5271691.3,-0.0031792539063582037
2003-09-03,3238.33,3251.24,3223.46,3233.79,,4331086.0,-0.0015653655915971454
2003-09-04,3234.15,3246.11,3220.36,3226.91,,4410510.5,-0.002127534564705824
2003-09-05,3224.81,3225.44,3162.85,3181.68,,4503317.3,-0.014016504953655362
2003-09-08,3176.13,3176.13,3148.02,3157.37,,3862663.7,-0.007640617535390137
2003-09-09,3155.55,3165.99,3130.53,3136.61,,3537482.6,-0.006575092561213802
2003-09-10,3135.28,3158.48,3126.45,3148.67,,2930754.2,0.003844915370415869
2003-09-11,3152.14,3177.15,3150.5,3160.82,,2833204.5,0.003858772116480891
2003-09-12,3160.82,3160.9,3131.32,3135.53,,3251470.1,-0.008001088325181427
2003-09-15,3132.32,3154.16,3095.32,3100.55,,3214381.9,-0.011156008713040566
2003-09-16,3102.84,3129.25,3089.78,3128.9,,3847910.3,0.009143539049523364
2003-09-17,3128.05,3128.45,3085.52,3093.61,,3947717.9,-0.011278724152257946
2003-09-18,3086.84,3108.49,3078.79,3098.74,,3608251.8,0.0016582568584919688
2003-09-19,3100.76,3115.52,3077.6,3095.74,,3192773.9,-0.0009681354356931848
2003-09-22,3098.41,3102.66,3070.44,3075.78,,2843027.5,-0.006447569886359861
2003-09-23,3069.29,3093.48,3043.57,3092.25,,3181949.9,0.005354739285644561
2003-09-24,3093.13,3110.9,3085.86,3102.99,,3149225.1,0.0034731991268492912
2003-09-25,3106.07,3108.25,3064.36,3069.44,,3238165.1,-0.010812152150022958
2003-09-26,3068.68,3079.0,3053.34,3054.59,,3139428.4,-0.004838016055045857
2003-09-29,3056.84,3057.24,3012.86,3017.42,,3404443.9,-0.01216857254165049
2003-09-30,3016.22,3064.43,3012.16,3054.89,,3820022.9,0.012417893432137284
2003-10-08,3056.18,3090.36,3046.71,3085.94,,3553809.1,0.010164032092808695
2003-10-09,3086.26,3109.37,3082.88,3089.9,,3176992.1,0.0012832394667428026
2003-10-10,3090.96,3207.87,3086.76,3199.56,,7094445.3,0.03548982167707693
2003-10-13,3206.66,3227.09,3176.39,3181.5,,5819587.9,-0.005644526122341786
2003-10-14,3182.72,3191.38,3151.76,3171.47,,4593853.8,-0.0031526009743831906
2003-10-15,3171.47,3231.96,3148.37,3154.68,,5286568.5,-0.005294074987308717
2003-10-16,3153.47,3157.97,3100.36,3107.15,,4228332.7,-0.015066504368113298
2003-10-17,3103.79,3135.62,3096.73,3116.71,,3238067.1,0.003076774536150406
2003-10-20,3114.54,3127.23,3103.57,3116.13,,3363564.1,-0.00018609366928590276
2003-10-21,3117.22,3134.05,3101.82,3128.18,,4004963.5,0.003866976024748503
2003-10-22,3132.88,3224.75,3132.88,3215.82,,7678843.8,0.02801629062266242
2003-10-23,3216.3,3236.71,3183.85,3187.06,,5513903.2,-0.008943286626739155
2003-10-24,3183.14,3199.98,3160.03,3185.54,,4997369.5,-0.00047692857994519056
2003-10-27,3185.54,3192.29,3153.16,3174.51,,4980480.3,-0.0034625212679796347
2003-10-28,3168.17,3202.78,3156.77,3194.71,,5736223.1,0.006363186759531292
2003-10-29,3198.34,3217.61,3150.66,3193.18,,7656089.2,-0.0004789167091849844
2003-10-30,3190.94,3190.94,3146.43,3163.02,,7225344.6,-0.009445129933170038
2003-10-31,3156.97,3206.38,3139.73,3167.34,,8763943.2,0.0013657833336495617
2003-11-03,3161.53,3246.23,3156.13,3237.06,,7902631.9,0.02201216162458075
2003-11-04,3242.56,3379.1,3242.56,3296.53,,14871466.0,0.018371608805521245
2003-11-05,3297.37,3323.06,3272.0,3287.6,,8572248.7,-0.0027089090649865533
2003-11-06,3288.86,3297.83,3238.08,3271.65,,10390631.9,-0.004851563450541385
2003-11-07,3263.82,3269.84,3192.52,3214.39,,8405482.3,-0.01750187214402521
2003-11-10,3203.77,3224.68,3160.11,3216.63,,5319433.2,0.0006968662794497593
2003-11-11,3213.34,3239.77,3183.83,3227.58,,5508274.9,0.0034041838818887893
2003-11-12,3221.76,3221.76,3174.98,3182.27,,4931136.9,-0.014038381697742519
2003-11-13,3173.31,3205.68,3164.97,3183.62,,5359378.3,0.0004242254742683471
2003-11-14,3183.69,3198.93,3160.79,3190.53,,4741011.5,0.002170485170968961
2003-11-17,3190.55,3198.5,3169.27,3172.31,,3799321.8,-0.005710649954709823
2003-11-18,3171.52,3171.52,3107.7,3110.67,,4736246.7,-0.01943063571971204
2003-11-19,3102.46,3164.32,3097.49,3147.9,,5756390.4,0.011968482674150627
2003-11-20,3146.5,3235.69,3144.71,3231.93,,11587129.3,0.026693986467168473
2003-11-21,3231.18,3271.13,3177.52,3188.5,,11296113.3,-0.0134377910412663
2003-11-24,3188.5,3275.59,3188.05,3275.48,,10698927.5,0.027279284930217917
2003-11-25,3285.35,3314.98,3266.71,3278.77,,15617171.0,0.0010044329380731742
2003-11-26,3278.77,3290.43,3259.13,3289.43,,11064832.2,0.003251219207202727
2003-11-27,3289.43,3300.72,3233.69,3237.4,,10241357.8,-0.015817330054143097
2003-11-28,3241.43,3274.63,3234.0,3267.94,,7128941.8,0.009433496015320841
2003-12-01,3274.84,3344.66,3274.84,3343.73,,10152751.5,0.023191980268915557
2003-12-02,3343.73,3364.59,3332.38,3336.35,,10392151.1,-0.0022071160051798655
2003-12-03,3335.4,3381.61,3311.24,3357.64,,11399795.0,0.006381224991382828
2003-12-04,3356.29,3381.77,3347.93,3370.52,,10149962.3,0.0038360276861129083
2003-12-05,3370.52,3377.68,3335.18,3353.18,,9934052.1,-0.005144606766908422
2003-12-08,3354.16,3375.5,3315.37,3320.76,,8887172.3,-0.009668434143111804
2003-12-09,3318.62,3337.21,3302.0,3335.99,,6239465.1,0.004586299521796011
2003-12-10,3341.88,3369.42,3337.12,3368.36,,9458539.7,0.009703266496602359
2003-12-11,3377.43,3380.51,3349.76,3365.71,,9720061.9,-0.0007867330095358005
2003-12-12,3363.06,3370.42,3342.17,3359.93,,7877369.9,-0.0017173196740064567
2003-12-15,3360.22,3377.03,3351.79,3367.94,,7747084.5,0.002383978237642026
2003-12-16,3364.22,3364.22,3308.89,3357.42,,9622780.7,-0.0031235710849956133
2003-12-17,3350.48,3394.9,3332.02,3333.71,,9633008.5,-0.007061970203310897
2003-12-18,3327.84,3360.79,3322.77,3359.43,,9024196.0,0.007715128190514342
2003-12-19,3362.74,3385.49,3320.06,3347.02,,14512132.0,-0.0036940790550777924
2003-12-22,3350.86,3440.42,3341.2,3438.6,,16464439.0,0.027361653052566215
2003-12-23,3445.55,3482.01,3426.37,3470.63,,14260581.0,0.009314837433839429
2003-12-24,3477.29,3533.41,3476.44,3530.67,,13886497.0,0.017299452837092888
2003-12-25,3535.64,3557.89,3496.98,3506.78,,13531746.0,-0.006766421104209663
2003-12-26,3513.92,3515.0,3477.56,3505.56,,10834167.3,-0.00034789750141162035
2003-12-29,3487.69,3503.3,3465.76,3478.21,,12412685.5,-0.007801891851801135
2003-12-30,3478.21,3515.51,3476.32,3509.7,,10992592.9,0.009053507407545736
2003-12-31,3509.7,3521.22,3468.22,3479.8,,14456889.0,-0.008519246659258517
2004-01-02,3473.35,3529.11,3471.73,3501.87,,8610753.9,0.006342318524052981
2004-01-05,3499.81,3627.06,3499.81,3623.03,,15363342.0,0.03459865728882017
2004-01-06,3630.32,3674.1,3628.26,3672.28,,15509197.0,0.013593594311943402
2004-01-07,3673.06,3751.27,3657.01,3725.91,,16231826.0,0.014604006230461541
2004-01-08,3728.53,3778.62,3707.23,3764.46,,15619033.0,0.010346465695628693
2004-01-09,3767.18,3804.3,3693.05,3696.42,,17243826.0,-0.018074305478076536
2004-01-12,3689.52,3766.26,3679.95,3765.57,,12687171.7,0.018707289756034307
2004-01-13,3774.01,3803.76,3717.3,3748.02,,14028947.0,-0.00466064898541263
2004-01-14,3745.75,3748.7,3685.87,3712.32,,11274133.3,-0.009525029215425751
2004-01-15,3716.67,3748.67,3698.64,3706.61,,10877937.8,-0.001538121713645424
2004-01-16,3710.06,3742.09,3694.11,3729.34,,12099649.0,0.006132287993611429
2004-01-29,3733.47,3820.65,3732.46,3816.88,,12470133.9,0.023473322357307147
2004-01-30,3824.86,3825.53,3711.93,3716.87,,20555685.0,-0.026202028882228445
2004-02-02,3803.68,3842.97,3711.33,3774.88,,23648872.0,0.015607217901083548
2004-02-03,3775.04,3798.26,3744.81,3797.99,,17194061.0,0.006122048912813094
2004-02-04,3805.11,3866.9,3805.11,3866.9,,22885561.0,0.018143807645623067
2004-02-05,3870.18,3878.3,3822.88,3844.55,,23222118.0,-0.005779823631332559
2004-02-06,3841.9,3886.42,3790.18,3822.2,,24009015.0,-0.00581342419789066
2004-02-09,3821.52,3899.51,3821.52,3899.51,,19524186.0,0.020226571084715816
2004-02-10,3910.05,3932.82,3875.1,3892.22,,23670285.0,-0.0018694656508126961
2004-02-11,3896.36,3898.83,3830.71,3876.08,,19773242.0,-0.004146733740641562
2004-02-12,3879.7,3905.0,3842.19,3850.03,,19563613.0,-0.006720707518936608
2004-02-13,3847.42,3878.03,3823.44,3842.03,,17221016.0,-0.0020779058864476285
2004-02-16,3851.91,3924.22,3851.91,3924.06,,15625297.0,0.02135069221218977
2004-02-17,3933.08,3958.57,3918.56,3940.19,,19523542.0,0.0041105385748434475
2004-02-18,3942.84,3995.17,3929.52,3984.7,,21036995.0,0.011296409564005794
2004-02-19,3990.44,4005.38,3951.82,3966.42,,19516194.0,-0.004587547368685163
2004-02-20,3967.6,3986.79,3932.47,3986.66,,19687718.0,0.005102838327761594
2004-02-23,3994.71,4007.51,3896.47,3898.54,,21560616.0,-0.022103715892501485
2004-02-24,3888.5,3899.78,3825.42,3896.66,,18816065.0,-0.0004822318098570699
2004-02-25,3908.67,3949.21,3821.5,3833.05,,17162440.0,-0.016324236653954882
2004-02-26,3823.66,3893.61,3810.32,3892.96,,16874413.0,0.01562985090202318
2004-02-27,3902.75,3930.65,3893.43,3919.92,,13880778.0,0.006925321606181534
2004-03-01,3925.77,3968.74,3897.06,3967.7,,15151979.0,0.012189024265801374
2004-03-02,3975.86,3981.42,3921.87,3933.79,,15100670.0,-0.008546513093227737
2004-03-03,3931.06,3960.87,3880.71,3897.86,,13058341.8,-0.009133685326364605
2004-03-04,3892.99,3934.97,3870.87,3934.49,,12811833.7,0.00939746424961374
2004-03-05,3941.51,3944.18,3903.38,3908.56,,12845841.9,-0.006590434846701854
2004-03-08,3905.65,3918.43,3820.49,3827.85,,18321096.0,-0.020649548682890928
2004-03-09,3824.42,3876.09,3818.42,3822.17,,11854417.5,-0.0014838616978198882
2004-03-10,3826.26,3902.79,3826.26,3902.79,,10770728.0,0.021092730046020858
2004-03-11,3910.42,3962.49,3895.33,3952.78,,14800775.0,0.012808785509853315
2004-03-12,3954.56,3955.62,3909.07,3948.44,,12382809.4,-0.0010979614347370603
2004-03-15,3954.42,4061.15,3954.42,4050.48,,18407194.0,0.02584311778829096
2004-03-16,4059.92,4073.15,4027.16,4061.16,,15989140.0,0.0026367245363512204
2004-03-17,4065.31,4097.0,4040.38,4078.36,,15806966.0,0.0042352431325041184
2004-03-18,4079.74,4093.15,3994.28,3999.7,,15870263.0,-0.019287164448454797
2004-03-19,3997.76,4060.26,3993.6,4058.96,,14213845.0,0.014816111208340699
2004-03-22,4072.4,4095.52,4052.64,4072.22,,15076030.0,0.003266846679937707
2004-03-23,4070.76,4070.76,4008.54,4027.23,,13852532.0,-0.011048027857041065
2004-03-24,4027.38,4050.24,4007.78,4030.79,,13134565.1,0.0008839822905570838
2004-03-25,4025.73,4054.89,4015.78,4043.8,,11888814.8,0.0032276551246779306
2004-03-26,4048.22,4069.31,4019.55,4061.53,,12159717.5,0.004384489836292582
2004-03-29,4057.72,4071.26,4006.26,4008.08,,12134847.3,-0.013160065295590662
2004-03-30,4007.25,4023.3,3978.8,4009.14,,10777741.4,0.0002644657791261995
2004-03-31,4018.83,4061.67,4007.99,4060.14,,13476678.0,0.01272093266885177
2004-04-01,4067.5,4098.39,4051.21,4092.69,,14194742.0,0.008016964932243686
2004-04-02,4102.35,4141.17,4088.42,4132.55,,15984888.0,0.009739315706784657
2004-04-05,4143.24,4150.66,4103.35,4126.7,,17705689.0,-0.0014155908579449594
2004-04-06,4128.28,4159.39,4093.77,4157.82,,18134306.0,0.007541134562725649
2004-04-07,4161.72,4187.22,4146.43,4170.28,,18371191.0,0.002996762726621194
2004-04-08,4169.64,4169.64,4134.54,4147.81,,16105171.0,-0.005388127415904775
2004-04-09,4148.35,4161.91,4043.4,4051.96,,17243285.0,-0.02310858019051021
2004-04-12,4034.33,4070.18,3996.7,4047.27,,13345142.6,-0.0011574645356815516
2004-04-13,4049.38,4068.82,3987.66,3995.65,,14323695.0,-0.01275427633935955
2004-04-14,3992.67,3995.34,3887.66,3922.58,,14691147.0,-0.01828738753394321
2004-04-15,3921.21,3956.09,3895.77,3903.61,,11353643.9,-0.004836102769095851
2004-04-16,3904.79,3947.59,3852.21,3941.07,,13309986.8,0.009596245526576785
2004-04-19,3952.07,3958.3,3884.69,3898.28,,10221111.6,-0.010857457492508327
2004-04-20,3896.14,3903.34,3850.88,3854.47,,9508899.5,-0.0112382897072556
2004-04-21,3855.68,3871.31,3802.26,3819.88,,10447704.8,-0.008973996424929909
2004-04-22,3817.58,3836.5,3792.86,3827.85,,9047900.3,0.0020864529775803664
2004-04-23,3828.01,3828.01,3777.54,3782.71,,9378872.6,-0.011792520605561796
2004-04-26,3770.57,3801.02,3744.51,3770.25,,7776516.6,-0.003293934771631979
2004-04-27,3772.75,3790.46,3745.84,3754.59,,9189245.3,-0.004153570718122057
2004-04-28,3744.21,3744.21,3680.67,3702.8,,8681106.8,-0.013793783076181398
2004-04-29,3699.53,3720.08,3596.35,3600.05,,8611917.6,-0.027749270822080563
2004-04-30,3600.11,3648.69,3573.01,3613.17,,8723164.6,0.0036443938278634125
2004-05-10,3626.31,3636.94,3474.01,3476.99,,5842860.2,-0.03768989557646063
2004-05-11,3469.85,3521.92,3447.51,3492.97,,5669317.6,0.00459592923764518
2004-05-12,3503.53,3596.71,3499.25,3596.38,,8007679.5,0.029605178401188814
2004-05-13,3601.38,3604.43,3559.46,3575.91,,6347817.9,-0.005691834566981302
2004-05-14,3580.86,3581.62,3481.15,3489.9,,6780641.8,-0.024052618773962364
2004-05-17,3477.36,3508.37,3455.82,3460.2,,5326295.0,-0.008510272500644844
2004-05-18,3459.98,3492.17,3406.91,3487.12,,6806740.0,0.0077798971157736485
2004-05-19,3500.7,3534.79,3476.34,3503.3,,8594776.0,0.00463993209295932
2004-05-20,3506.28,3531.47,3465.51,3475.29,,6846371.1,-0.007995318699511977
2004-05-21,3479.15,3514.22,3479.15,3514.22,,6265339.7,0.011201942859444758
2004-05-24,3522.26,3529.28,3490.31,3499.85,,6421464.0,-0.004089100853105321
2004-05-25,3503.7,3507.49,3434.1,3436.69,,6653701.5,-0.018046487706615988
2004-05-26,3433.96,3475.6,3426.42,3469.2,,5286048.4,0.009459683590896883
2004-05-27,3474.82,3567.96,3457.64,3561.86,,8583786.0,0.026709327798916327
2004-05-28,3570.58,3570.63,3539.66,3548.69,,6781490.7,-0.003697506359037206
2004-05-31,3546.76,3587.22,3539.82,3577.65,,5440256.9,0.008160757913483474
2004-06-01,3582.47,3635.74,3570.18,3632.46,,8908302.6,0.015320112364261451
2004-06-02,3636.97,3641.02,3591.26,3597.3,,8712911.4,-0.009679390826051737
2004-06-03,3595.45,3595.45,3521.23,3533.87,,7593088.0,-0.017632668946154118
2004-06-04,3529.17,3546.34,3515.63,3522.89,,7420393.1,-0.003107075246118307
2004-06-07,3523.41,3523.41,3463.48,3479.41,,6357404.4,-0.012342139550198805
2004-06-08,3479.9,3490.02,3436.42,3440.72,,6043871.6,-0.01111970132867357
2004-06-09,3434.73,3440.06,3377.49,3387.17,,7941320.8,-0.0155636029668208
2004-06-10,3380.09,3429.73,3365.24,3401.38,,7318920.4,0.004195242636183094
2004-06-11,3410.49,3466.07,3378.73,3381.69,,6570804.4,-0.00578882688791027
2004-06-14,3378.07,3378.07,3284.08,3302.53,,6292909.7,-0.023408414136127154
2004-06-15,3300.76,3381.38,3297.19,3366.33,,6144681.8,0.01931852246610921
2004-06-16,3375.85,3429.68,3353.7,3396.89,,6656554.0,0.00907813553632586
2004-06-17,3399.36,3401.92,3302.03,3306.04,,5781597.8,-0.026745052091766253
2004-06-18,3303.53,3305.87,3223.21,3263.7,,6267983.6,-0.012806862590894252
2004-06-21,3255.62,3293.25,3244.24,3290.96,,4345408.1,0.00835248337776151
2004-06-22,3300.6,3333.39,3276.98,3326.52,,6209532.7,0.010805357707173613
2004-06-23,3329.0,3330.75,3274.78,3299.14,,4355458.6,-0.008230823803855092
2004-06-24,3303.77,3327.88,3288.6,3290.2,,5449632.6,-0.002709797098637834
2004-06-25,3294.84,3322.18,3249.74,3255.6,,7080361.2,-0.01051607804996657
2004-06-28,3248.42,3268.13,3225.24,3230.78,,5789233.2,-0.007623786705983404
2004-06-29,3232.58,3289.37,3217.57,3288.66,,7179179.6,0.017915178377976737
2004-06-30,3294.01,3317.92,3273.33,3275.85,,6032813.2,-0.003895203517542134
2004-07-01,3274.5,3391.75,3268.28,3384.89,,9140641.0,0.033286017369537735
2004-07-02,3386.05,3405.95,3350.66,3391.76,,7215568.6,0.002029608052255938
2004-07-05,3390.85,3390.85,3358.64,3381.21,,5167601.2,-0.0031104795150600495
2004-07-06,3385.55,3436.48,3385.55,3398.19,,7211963.5,0.005021870868712641
2004-07-07,3397.17,3397.17,3355.97,3364.87,,5072905.4,-0.009805219837619505
2004-07-08,3365.31,3371.59,3343.94,3369.69,,4967387.4,0.001432447613132215
2004-07-09,3375.01,3396.9,3343.55,3345.85,,4824535.2,-0.0070748347770863695
2004-07-12,3342.53,3342.53,3273.98,3277.31,,5540219.3,-0.020485078530119383
2004-07-13,3281.15,3307.4,3265.26,3298.01,,4448627.2,0.006316155627633657
2004-07-14,3298.89,3319.75,3248.46,3296.37,,6458378.5,-0.0004972695655866
2004-07-15,3294.59,3344.2,3289.59,3341.81,,7770926.1,0.013784860316044645
2004-07-16,3347.94,3452.5,3347.94,3442.07,,13240645.5,0.030001705662500378
2004-07-19,3444.43,3463.04,3419.23,3444.34,,8244990.7,0.0006594868785352315
2004-07-20,3445.34,3445.34,3398.57,3417.28,,7237307.9,-0.00785636725758776
2004-07-21,3415.38,3436.41,3399.42,3414.82,,7264894.4,-0.0007198707744170418
2004-07-22,3419.99,3430.45,3328.16,3338.91,,8146897.9,-0.022229575790232103
2004-07-23,3325.64,3334.69,3286.41,3334.69,,6773491.6,-0.0012638855195257204
2004-07-26,3326.43,3340.17,3277.14,3297.95,,5844641.3,-0.011017515871040606
2004-07-27,3294.54,3306.76,3251.35,3275.02,,6381671.0,-0.006952804014615066
2004-07-28,3282.19,3313.77,3262.21,3303.24,,6187112.4,0.008616741271809003
2004-07-29,3308.0,3329.51,3287.23,3329.12,,6765096.3,0.007834731960136176
2004-07-30,3330.36,3331.06,3279.6,3283.37,,5790977.2,-0.01374237035613013
2004-08-02,3277.38,3277.38,3245.84,3257.66,,4523518.7,-0.007830369407042181
2004-08-03,3253.38,3263.89,3220.04,3228.0,,4808110.1,-0.009104694780916356
2004-08-04,3227.17,3360.11,3223.4,3318.5,,8550678.0,0.028035935563816672
2004-08-05,3316.42,3327.38,3263.21,3268.33,,6086364.9,-0.015118276329667002
2004-08-06,3267.49,3292.9,3255.45,3274.43,,5715550.6,0.0018663966000984633
2004-08-09,3276.75,3302.22,3265.58,3298.3,,4857217.3,0.00728981838060383
2004-08-10,3299.95,3319.4,3285.68,3304.76,,4057155.8,0.0019585847254646183
2004-08-11,3304.36,3305.3,3264.73,3270.68,,4747701.5,-0.010312397874581047
2004-08-12,3259.61,3259.61,3209.51,3227.52,,6087718.5,-0.013196032629300247
2004-08-13,3225.9,3269.12,3220.01,3245.81,,4706649.0,0.00566688974816576
2004-08-16,3249.31,3254.19,3210.14,3217.07,,6186185.3,-0.008854492407134096
2004-08-17,3220.17,3238.4,3193.43,3226.62,,5047691.8,0.002968539696058814
2004-08-18,3230.74,3262.63,3228.82,3233.85,,5120694.5,0.002240734886661544
2004-08-19,3236.51,3236.51,3172.12,3190.34,,6491816.4,-0.013454551076889754
2004-08-20,3186.99,3201.56,3146.61,3185.72,,6358553.9,-0.0014481215168290484
2004-08-23,3183.13,3183.13,3139.11,3151.74,,4847744.1,-0.010666348580540719
2004-08-24,3150.03,3196.14,3133.73,3182.53,,7713620.9,0.009769206850819057
2004-08-25,3185.71,3186.51,3149.83,3165.07,,5454649.5,-0.005486201229839116
2004-08-26,3167.09,3176.76,3150.26,3156.98,,4711685.4,-0.002556025617126978
2004-08-27,3156.2,3172.07,3105.53,3115.25,,4908071.9,-0.013218328909274102
2004-08-30,3112.64,3125.63,3094.59,3122.09,,3961226.2,0.0021956504293396684
2004-08-31,3160.41,3208.58,3154.09,3175.79,,8446734.5,0.01720001665550952
2004-09-01,3176.75,3176.75,3123.26,3127.06,,4714259.9,-0.015344213565758436
2004-09-02,3125.31,3147.39,3096.88,3141.73,,5630624.0,0.004691307490102492
2004-09-03,3142.48,3145.02,3118.45,3126.2,,5325893.9,-0.004943136424836014
2004-09-06,3126.93,3129.7,3111.9,3125.03,,3676928.8,-0.00037425628558618307
2004-09-07,3124.4,3131.58,3109.41,3130.78,,3565712.8,0.0018399823361696654
2004-09-08,3130.56,3131.11,3096.79,3109.12,,4259166.4,-0.006918403720478694
2004-09-09,3108.18,3108.18,3038.86,3044.73,,5454790.2,-0.02071004013997524
2004-09-10,3036.98,3061.07,3018.36,3059.29,,4355661.9,0.004782033218052151
2004-09-13,3055.03,3055.03,2996.08,2997.88,,5058440.4,-0.020073284977886963
2004-09-14,3008.31,3094.78,3008.31,3077.43,,8063224.8,0.026535418362309215
2004-09-15,3083.22,3252.63,3077.85,3210.31,,19772271.0,0.04317888627848565
2004-09-16,3220.58,3263.84,3200.31,3238.41,,16602417.0,0.008753048770991034
2004-09-17,3240.91,3347.07,3220.55,3347.07,,21281628.0,0.033553503108006755
2004-09-20,3367.52,3473.97,3367.52,3473.0,,26422947.0,0.037623951695064495
2004-09-21,3477.74,3489.93,3404.54,3460.25,,27214308.0,-0.00367117765620506
2004-09-22,3463.03,3488.63,3391.51,3405.17,,20430548.0,-0.015917925005418665
2004-09-23,3402.2,3530.3,3371.55,3530.3,,14518274.0,0.03674706402323524
2004-09-24,3556.27,3649.88,3488.18,3494.21,,28187782.0,-0.010222927229980527
2004-09-27,3539.53,3573.01,3449.0,3467.78,,13681714.0,-0.007563941491782078
2004-09-28,3480.49,3528.8,3462.14,3512.32,,10491847.0,0.012843952038479989
2004-09-29,3514.75,3522.03,3473.93,3477.88,,8629777.5,-0.009805484693877542
2004-09-30,3474.64,3489.39,3438.85,3453.91,,9013111.4,-0.006892129688200965
2004-10-08,3466.09,3549.65,3406.02,3548.41,,9010130.6,0.027360296012345353
2004-10-11,3554.9,3587.88,3512.62,3531.12,,16150706.0,-0.004872604913186418
2004-10-12,3527.27,3527.27,3424.99,3435.69,,11899801.3,-0.02702541969686667
2004-10-13,3429.28,3467.1,3391.35,3446.76,,10545674.5,0.003222060197515031
2004-10-14,3446.23,3446.23,3307.63,3312.28,,12339237.9,-0.039016351588158193
2004-10-15,3305.03,3346.56,3281.44,3301.23,,9715367.1,-0.003336070622048881
2004-10-18,3308.38,3337.89,3256.05,3313.51,,8244148.0,0.0037198256407460217
2004-10-19,3324.08,3386.14,3321.17,3325.62,,9417503.9,0.0036547347073041525
2004-10-20,3323.2,3331.75,3281.26,3330.72,,8375165.5,0.0015335486315333213
2004-10-21,3334.03,3365.3,3275.3,3291.92,,11136885.8,-0.011649132920209415
2004-10-22,3291.75,3337.8,3244.36,3334.59,,12077635.5,0.012962040389802976
2004-10-25,3359.44,3389.72,3236.9,3246.03,,12006000.9,-0.02655798763866024
2004-10-26,3243.11,3285.94,3203.98,3284.26,,10706085.4,0.011777463547779865
2004-10-27,3286.31,3298.51,3244.39,3296.69,,12816201.3,0.0037847186276360745
2004-10-28,3297.82,3347.0,3281.02,3292.5,,13235839.6,-0.001270971792919573
2004-10-29,3214.56,3273.16,3187.45,3216.35,,13472662.0,-0.023128321943811758
2004-11-01,3198.24,3222.12,3176.77,3182.13,,7965406.9,-0.010639389369937913
2004-11-02,3173.6,3176.66,3137.2,3159.0,,7843522.1,-0.007268716237237349
2004-11-03,3162.42,3195.36,3138.89,3195.28,,8834883.5,0.011484647040202578
2004-11-04,3202.23,3212.18,3105.97,3112.34,,9046405.5,-0.02595703662902782
2004-11-05,3117.92,3138.83,3106.92,3122.28,,6774060.3,0.003193738473302954
2004-11-08,3120.39,3128.26,3089.49,3122.19,,5148994.1,-2.8825089357864542e-05
2004-11-09,3122.16,3152.22,3113.62,3136.05,,5469381.2,0.004439191721195668
2004-11-10,3141.19,3262.85,3122.84,3254.46,,14984848.0,0.03775768881235941
2004-11-11,3265.11,3306.54,3221.28,3223.2,,18153349.0,-0.009605280138640593
2004-11-12,3220.01,3246.04,3210.17,3227.44,,10516492.1,0.0013154628940184043
2004-11-15,3235.4,3269.65,3235.4,3267.85,,9336545.2,0.012520759487395505
2004-11-16,3272.41,3280.51,3255.49,3274.23,,9262863.9,0.0019523539942163382
2004-11-17,3272.39,3272.39,3230.29,3236.83,,8298156.6,-0.011422532931406826
2004-11-18,3236.3,3284.92,3234.35,3284.36,,8170521.3,0.014684119956871466
2004-11-19,3285.6,3306.13,3274.65,3300.32,,10249995.2,0.004859394219878466
2004-11-22,3303.11,3319.52,3290.73,3305.27,,12685393.6,0.0014998545595577006
2004-11-23,3306.06,3306.06,3263.56,3273.48,,12832297.9,-0.009617973720755013
2004-11-24,3275.01,3292.23,3252.64,3255.06,,11287238.3,-0.00562703911433704
2004-11-25,3252.94,3263.17,3241.15,3253.24,,9626319.2,-0.0005591294784120793
2004-11-26,3249.08,3270.5,3249.08,3259.94,,7727855.7,0.002059485313103293
2004-11-29,3257.75,3257.75,3221.32,3225.07,,8196613.1,-0.010696515886795432
2004-11-30,3220.76,3235.2,3212.26,3226.01,,7081665.2,0.00029146654181144704
2004-12-01,3227.69,3228.68,3207.23,3210.45,,7477763.2,-0.004823295650044579
2004-12-02,3207.46,3211.39,3185.64,3196.9,,9523499.2,-0.0042205921288291925
2004-12-03,3201.35,3219.5,3195.2,3205.48,,9593651.7,0.0026838499796677517
2004-12-06,3210.25,3212.17,3179.31,3202.84,,8100538.0,-0.0008235896028051526
2004-12-07,3205.73,3206.82,3170.48,3172.19,,8590098.3,-0.009569631951642954
2004-12-08,3184.41,3200.67,3171.93,3177.01,,8159404.9,0.0015194550137287433
2004-12-09,3179.67,3249.92,3163.4,3219.65,,10711573.7,0.013421424546979699
2004-12-10,3211.57,3226.55,3191.79,3195.87,,8805007.7,-0.0073858959824826265
2004-12-13,3189.68,3201.05,3170.53,3195.81,,63896.0,-1.8774230491236388e-05
2004-12-14,3196.15,3205.3,3179.04,3185.99,,50213.0,-0.003072773412687302
2004-12-15,3187.18,3216.36,3169.63,3212.51,,83258.0,0.00832394326410335
2004-12-16,3208.44,3213.84,3185.56,3190.17,,61817.0,-0.006954063956221224
2004-12-17,3188.74,3189.66,3152.63,3157.35,,49455.0,-0.010287852998429603
2004-12-20,3148.34,3148.34,3098.39,3104.7,,54219.0,-0.01667537650244666
2004-12-21,3102.94,3125.18,3088.48,3097.92,,44060.0,-0.002183785873031141
2004-12-22,3100.76,3169.57,3096.42,3169.32,,79653.0,0.023047722342733223
2004-12-23,3170.61,3172.59,3116.35,3123.04,,61184.0,-0.014602501482968044
2004-12-24,3126.61,3139.24,3115.91,3125.5,,47212.0,0.0007876940417028688
2004-12-27,3126.44,3141.48,3114.71,3123.6,,39683.0,-0.0006079027355623268
2004-12-28,3125.42,3127.1,3100.01,3117.03,,53247.0,-0.002103342297349098
2004-12-29,3120.55,3135.58,3101.66,3110.41,,52024.0,-0.0021238165818103782
2004-12-30,3110.48,3126.4,3091.16,3112.43,,53035.0,0.000649432068441147
2004-12-31,3122.11,3132.46,3062.22,3067.57,,87876.0,-0.01441317555736188
2005-01-04,3051.24,3051.24,3016.26,3025.42,,51535.0,-0.013740517738796587
2005-01-05,3020.72,3067.67,3017.34,3052.86,,60329.0,0.009069815100052336
2005-01-06,3054.1,3054.1,3016.15,3028.73,,50326.0,-0.007904063730403643
2005-01-07,3028.69,3065.28,3019.07,3035.59,,58148.0,0.0022649757489112687
2005-01-10,3032.84,3063.66,3018.49,3062.73,,53088.0,0.00894060133285457
2005-01-11,3063.83,3076.83,3054.44,3069.57,,51228.0,0.0022333016622424484
2005-01-12,3068.23,3068.23,3044.47,3064.34,,56765.0,-0.0017038217079264895
2005-01-13,3063.39,3081.87,3055.24,3074.37,,63426.0,0.0032731354875763508
2005-01-14,3067.3,3105.58,3052.18,3055.52,,59523.0,-0.006131337477271792
2005-01-17,3034.49,3036.59,2988.16,2999.02,,73706.0,-0.01849112426035504
2005-01-18,3000.6,3023.65,2985.7,3022.41,,67785.0,0.0077992144100405
2005-01-19,3022.15,3022.8,2997.96,3001.25,,61927.0,-0.007001035597420602
2005-01-20,2989.73,2989.73,2956.14,2969.12,,71615.0,-0.010705539358600635
2005-01-21,2966.22,3063.36,2936.37,3055.81,,102188.0,0.02919720321172603
2005-01-24,3114.3,3128.7,3075.84,3111.4,,114568.0,0.018191576046940217
2005-01-25,3105.48,3142.8,3079.69,3141.86,,85492.0,0.009789805232371274
2005-01-26,3143.45,3150.22,3117.27,3122.62,,69161.0,-0.006123761084198653
2005-01-27,3111.84,3111.84,3068.37,3070.58,,63269.0,-0.016665492439041585
2005-01-28,3057.25,3075.13,3053.04,3065.61,,61995.0,-0.0016185867165160461
2005-01-31,3058.07,3066.77,3033.33,3045.48,,66249.0,-0.006566392985409175
2005-02-01,3045.11,3091.41,3042.73,3066.23,,70177.0,0.006813375888201634
2005-02-02,3070.98,3221.53,3070.98,3221.21,,127479.0,0.05054415356969311
2005-02-03,3224.86,3249.3,3186.15,3196.54,,123236.0,-0.00765861275731794
2005-02-04,3192.5,3282.99,3184.16,3266.01,,105316.0,0.021732873669655373
2005-02-16,3285.82,3315.21,3266.28,3283.88,,95786.0,0.005471508048046303
2005-02-17,3291.78,3291.78,3236.77,3264.34,,76491.0,-0.005950278329293401
2005-02-18,3263.55,3271.46,3231.47,3233.57,,68392.0,-0.0094261014477659
2005-02-21,3231.26,3299.1,3231.26,3298.47,,83010.0,0.020070695856282628
2005-02-22,3303.9,3386.49,3299.03,3382.98,,166371.0,0.02562096972232597
2005-02-23,3380.88,3402.72,3361.21,3383.06,,164846.0,2.3647789818337372e-05
2005-02-24,3382.48,3382.48,3339.86,3379.49,,129143.0,-0.0010552576661366775
2005-02-25,3379.4,3431.83,3377.2,3385.44,,155497.0,0.0017606206853697515
2005-02-28,3383.59,3395.63,3361.43,3376.32,,120361.0,-0.0026938891251949704
2005-03-01,3373.67,3380.67,3333.25,3348.45,,114949.0,-0.008254549331817018
2005-03-02,3354.13,3389.52,3299.03,3301.76,,125364.0,-0.01394376502560879
2005-03-03,3297.75,3335.63,3291.06,3334.46,,87264.0,0.00990380887768949
2005-03-04,3335.36,3352.33,3327.91,3332.15,,82465.0,-0.0006927658451443275
2005-03-07,3340.11,3379.66,3340.11,3368.67,,81181.0,0.010959890761220281
2005-03-08,3394.09,3451.82,3383.73,3451.82,,127058.0,0.024683331997494617
2005-03-09,3460.53,3481.44,3445.9,3464.66,,125727.0,0.0037197768133911957
2005-03-10,3465.31,3465.52,3357.0,3373.54,,117246.0,-0.026299838945235576
2005-03-11,3368.43,3411.33,3360.38,3408.84,,101276.0,0.010463785815493676
2005-03-14,3414.76,3471.21,3367.52,3420.54,,124569.0,0.0034322526137924303
2005-03-15,3420.58,3425.52,3361.2,3366.68,,109376.0,-0.015746051792991822
2005-03-16,3360.33,3360.33,3301.22,3341.12,,93392.0,-0.0075920491403994594
2005-03-17,3327.08,3346.95,3294.53,3296.17,,93916.0,-0.013453572454745655
2005-03-18,3290.3,3309.1,3250.93,3255.28,,94348.0,-0.012405306765124302
2005-03-21,3247.38,3284.26,3234.87,3276.52,,65493.0,0.0065247843503477565
2005-03-22,3278.43,3283.52,3241.45,3249.5,,102215.0,-0.008246554270994855
2005-03-23,3251.62,3304.38,3216.4,3220.07,,97477.0,-0.009056777965840812
2005-03-24,3211.19,3235.53,3164.17,3214.98,,78130.0,-0.0015807109783327888
2005-03-25,3212.04,3228.16,3194.45,3214.85,,86943.0,-4.043571033107707e-05
2005-03-28,3211.16,3214.01,3178.05,3213.31,,73645.0,-0.00047902701525726066
2005-03-29,3213.55,3243.85,3205.27,3208.44,,88051.0,-0.0015155711711599684
2005-03-30,3202.57,3202.57,3134.53,3137.46,,104258.0,-0.022122900849010696
2005-03-31,3128.63,3171.79,3113.9,3170.35,,77957.0,0.01048300217373277
2005-04-01,3168.78,3327.35,3153.63,3284.95,,131152.0,0.036147428517356195
2005-04-04,3255.13,3283.2,3211.97,3244.25,,106405.0,-0.012389838505913242
2005-04-05,3240.31,3275.37,3230.93,3244.93,,88182.0,0.00020960160283567397
2005-04-06,3245.13,3330.3,3232.3,3312.64,,127528.0,0.02086639773431176
2005-04-07,3321.91,3401.23,3321.91,3343.77,,177362.0,0.00939733867851622
2005-04-08,3345.33,3398.61,3325.61,3397.32,,141645.0,0.01601485748122644
2005-04-11,3400.94,3422.68,3354.43,3357.03,,148546.0,-0.011859347956624577
2005-04-12,3351.14,3351.4,3307.01,3310.81,,106770.0,-0.013768122417732398
2005-04-13,3337.92,3396.33,3337.92,3371.49,,141994.0,0.01832784122314468
2005-04-14,3382.68,3392.92,3315.57,3324.93,,122533.0,-0.01380991787014052
2005-04-15,3309.69,3318.95,3278.48,3304.3,,107041.0,-0.006204641902235464
2005-04-18,3296.73,3296.73,3243.39,3261.32,,86440.0,-0.013007293526616892
2005-04-19,3260.77,3283.49,3238.58,3267.54,,85011.0,0.0019072032183287124
2005-04-20,3257.5,3257.64,3209.03,3222.53,,88318.0,-0.01377488875423094
2005-04-21,3220.64,3233.2,3190.92,3207.56,,96597.0,-0.004645418351419628
2005-04-22,3212.85,3216.51,3167.07,3176.92,,102843.0,-0.009552432378505782
2005-04-25,3164.38,3164.38,3127.75,3160.62,,103328.0,-0.005130755574581758
2005-04-26,3156.17,3196.47,3135.91,3180.19,,109308.0,0.006191823123311346
2005-04-27,3189.91,3189.91,3157.49,3163.01,,96459.0,-0.005402192950735629
2005-04-28,3158.74,3213.96,3127.79,3204.73,,129920.0,0.013189967783851397
2005-04-29,3200.18,3202.43,3149.08,3156.67,,104460.0,-0.014996583175493683
2005-05-09,3159.35,3168.84,3030.65,3031.5,,75030.0,-0.039652545245464355
2005-05-10,3017.39,3068.53,2981.44,3067.98,,94349.0,0.01203364670954965
2005-05-11,3064.15,3073.13,2994.42,3000.6,,85427.0,-0.02196233352238286
2005-05-12,2994.32,2994.32,2927.81,2930.79,,85520.0,-0.023265346930613884
2005-05-13,2921.6,2963.44,2866.19,2921.5,,93325.0,-0.0031697938098601552
2005-05-16,2914.46,2914.46,2865.38,2889.01,,83212.0,-0.011120999486565086
2005-05-17,2884.18,2935.15,2866.13,2903.99,,83874.0,0.005185167237219623
2005-05-18,2900.75,2932.2,2847.26,2883.77,,82439.0,-0.006962833894056053
2005-05-19,2881.01,2909.42,2845.66,2898.29,,74804.0,0.005035075612826345
2005-05-20,2897.76,2932.57,2879.07,2900.83,,67602.0,0.0008763788302756925
2005-05-23,2895.79,2895.79,2832.57,2840.97,,74044.0,-0.020635473295574025
2005-05-24,2833.55,2880.52,2815.96,2869.58,,84918.0,0.010070504088392385
2005-05-25,2866.51,2891.18,2840.85,2869.65,,83813.0,2.4393813728984526e-05
2005-05-26,2866.32,2882.05,2831.76,2839.55,,71514.0,-0.01048908403463833
2005-05-27,2834.63,2866.36,2803.27,2806.11,,71734.0,-0.011776513884242279
2005-05-30,2802.39,2810.64,2756.21,2794.2,,71706.0,-0.0042443097383924044
2005-05-31,2797.39,2805.97,2779.14,2801.66,,73555.0,0.0026698160475271404
2005-06-01,2801.12,2801.12,2713.62,2716.78,,81101.0,-0.030296324322009016
2005-06-02,2710.26,2710.26,2602.0,2630.61,,93825.0,-0.03171769521271506
2005-06-03,2622.8,2645.68,2590.53,2627.02,,83196.0,-0.0013647024834544386
2005-06-06,2621.89,2730.26,2604.23,2729.2,,86868.0,0.03889578305456376
2005-06-07,2740.1,2812.88,2706.14,2709.48,,128846.0,-0.007225560603839831
2005-06-08,2738.33,2951.07,2738.33,2936.57,,283614.0,0.0838131301947238
2005-06-09,2945.77,2989.12,2898.81,2951.14,,280593.0,0.00496157081220594
2005-06-10,2949.5,2949.5,2861.27,2882.27,,181167.0,-0.02333674444451972
2005-06-13,2880.49,2900.81,2823.35,2879.77,,130414.0,-0.0008673718978443601
2005-06-14,2890.27,2917.39,2850.15,2853.52,,127820.0,-0.009115311292221207
2005-06-15,2848.42,2848.42,2786.31,2795.06,,100336.0,-0.020486977487454094
2005-06-16,2795.76,2824.38,2772.06,2823.81,,89199.0,0.01028600459381912
2005-06-17,2834.47,2845.82,2778.91,2790.65,,112369.0,-0.011742999706070845
2005-06-20,2788.94,2881.73,2734.92,2868.04,,164487.0,0.027731890419794736
2005-06-21,2870.59,2876.9,2824.28,2829.62,,124114.0,-0.013395908006861856
2005-06-22,2823.87,2845.36,2807.8,2842.46,,105211.0,0.004537711777553133
2005-06-23,2838.29,2880.37,2834.52,2839.5,,106433.0,-0.001041351505386201
2005-06-24,2833.36,2849.97,2815.14,2848.34,,87092.0,0.0031132241591829146
2005-06-27,2872.15,2940.33,2872.15,2914.97,,173086.0,0.023392572515921417
2005-06-28,2909.2,2909.2,2859.74,2870.25,,108133.0,-0.015341495795839988
2005-06-29,2876.96,2882.29,2846.32,2847.8,,90757.0,-0.007821618325929758
2005-06-30,2841.84,2841.84,2756.92,2760.23,,101625.0,-0.030750052672238293
2005-07-01,2749.93,2762.56,2720.21,2728.72,,110342.0,-0.011415715357053657
2005-07-04,2714.26,2737.81,2693.57,2737.22,,99767.0,0.003115013632765562
2005-07-05,2732.37,2744.67,2713.01,2716.56,,77570.0,-0.007547803976297063
2005-07-06,2716.4,2739.01,2680.83,2696.5,,73385.0,-0.007384339016992092
2005-07-07,2695.09,2711.27,2683.8,2697.94,,65770.0,0.0005340255887260614
2005-07-08,2687.53,2688.5,2636.26,2650.61,,78979.0,-0.017543014299799098
2005-07-11,2676.92,2722.62,2645.96,2651.8,,83126.0,0.0004489532598157542
2005-07-12,2648.94,2750.99,2637.24,2742.87,,122940.0,0.03434271061165983
2005-07-13,2739.51,2751.2,2709.52,2734.37,,94811.0,-0.003098943807034238
2005-07-14,2731.5,2761.96,2726.34,2738.0,,87338.0,0.0013275452846541747
2005-07-15,2738.49,2754.28,2706.54,2716.67,,92327.0,-0.0077903579254929856
2005-07-18,2711.63,2714.46,2657.8,2676.39,,85487.0,-0.014826975672422527
2005-07-19,2674.43,2716.58,2669.96,2684.76,,76346.0,0.0031273469113246577
2005-07-20,2689.94,2724.5,2678.35,2716.51,,84888.0,0.011826010518631191
2005-07-21,2722.67,2725.37,2694.73,2724.26,,87064.0,0.0028529252607205624
2005-07-22,2733.89,2807.59,2722.79,2782.89,,180013.0,0.021521440684809656
2005-07-25,2781.57,2790.32,2748.12,2758.67,,112236.0,-0.008703182662627595
2005-07-26,2757.37,2842.17,2754.86,2831.56,,177117.0,0.026422152704020263
2005-07-27,2832.08,2886.52,2828.05,2886.52,,179612.0,0.019409795307180566
2005-07-28,2884.1,2929.16,2876.4,2893.59,,203298.0,0.0024493161315355394
2005-07-29,2887.08,2900.05,2871.08,2887.57,,132494.0,-0.0020804606043012264
2005-08-01,2886.74,2921.75,2869.94,2890.82,,114763.0,0.0011255138403571951
2005-08-02,2894.42,2941.5,2878.86,2940.23,,160731.0,0.017092036169668035
2005-08-03,2946.37,3026.06,2945.01,2989.4,,278522.0,0.016723181519813002
2005-08-04,2986.73,2997.89,2959.17,2969.31,,168477.0,-0.00672041212283403
2005-08-05,2970.58,3047.33,2970.0,3047.33,,214267.0,0.02627546467024322
2005-08-08,3063.76,3089.86,3051.42,3061.79,,246007.0,0.004745137546639189
2005-08-09,3061.32,3063.24,3021.64,3062.84,,212510.0,0.00034293664816997804
2005-08-10,3060.24,3074.41,3017.88,3062.94,,225647.0,3.264943647063312e-05
2005-08-11,3063.67,3130.11,3053.79,3128.42,,261984.0,0.021378153016383017
2005-08-12,3131.72,3147.56,3046.84,3065.73,,293836.0,-0.020038869461261655
2005-08-15,3061.88,3121.88,3057.76,3119.15,,209411.0,0.017424887384081433
2005-08-16,3118.69,3132.91,3073.84,3085.49,,243244.0,-0.010791401503614906
2005-08-17,3081.01,3099.98,3025.94,3097.03,,250426.0,0.003740086663706732
2005-08-18,3100.96,3110.88,2989.91,3001.4,,332732.0,-0.03087797018433791
2005-08-19,2993.7,3017.61,2963.32,3002.14,,213220.0,0.00024655160924891284
2005-08-22,3004.46,3039.39,2988.55,3030.41,,155830.0,0.009416616147148282
2005-08-23,3032.69,3032.69,2973.0,2992.37,,144940.0,-0.01255275688768187
2005-08-24,2989.25,3023.56,2979.44,2996.65,,147148.0,0.0014303044075432148
2005-08-25,2997.59,3001.58,2945.08,2973.82,,169993.0,-0.0076185073331886954
2005-08-26,2974.17,2975.88,2926.91,2952.73,,181891.0,-0.00709188854739029
2005-08-29,2948.38,2949.47,2904.3,2912.06,,180539.0,-0.01377369417454355
2005-08-30,2908.67,2925.84,2894.84,2909.81,,137470.0,-0.000772648915200902
2005-08-31,2908.68,2950.56,2902.34,2950.43,,168016.0,0.013959674342998385
2005-09-01,2957.54,3004.37,2942.72,3003.87,,237140.0,0.018112614093539037
2005-09-02,3009.99,3015.32,2992.06,3012.15,,207705.0,0.002756444186998941
2005-09-05,3018.84,3022.36,3000.9,3016.23,,183155.0,0.0013545142174193892
2005-09-06,3019.77,3036.98,2971.9,2978.17,,241497.0,-0.01261840111662571
2005-09-07,2971.74,3026.12,2963.69,3025.69,,210820.0,0.015956107273930042
2005-09-08,3028.02,3045.8,3012.48,3035.28,,230613.0,0.0031695249678587167
2005-09-09,3033.45,3047.9,3004.83,3009.36,,173059.0,-0.008539574602672628
2005-09-12,3006.46,3014.5,2990.86,2999.22,,126003.0,-0.0033694871999363496
2005-09-13,3002.46,3041.68,2994.28,3041.64,,175888.0,0.01414367735611255
2005-09-14,3043.75,3075.08,3036.24,3073.57,,232252.0,0.010497626280559169
2005-09-15,3075.03,3075.03,3053.51,3068.95,,183423.0,-0.0015031380446842713
2005-09-16,3069.26,3071.6,3052.67,3061.06,,172200.0,-0.0025709118753970417
2005-09-19,3060.16,3068.43,3043.3,3064.07,,181530.0,0.000983319503701452
2005-09-20,3065.23,3066.58,3008.97,3019.92,,213260.0,-0.014408939743543736
2005-09-21,3017.32,3017.32,2964.48,2965.56,,233818.0,-0.018000476833823442
2005-09-22,2961.97,2961.97,2881.58,2905.68,,205981.0,-0.020191801885647287
2005-09-23,2903.93,2925.6,2888.48,2892.85,,148048.0,-0.004415489661628191
2005-09-26,2893.28,2906.58,2882.55,2895.72,,100628.0,0.0009921012150646558
2005-09-27,2899.01,2900.02,2843.23,2844.83,,133110.0,-0.017574212976392722
2005-09-28,2844.34,2864.44,2841.2,2847.56,,110056.0,0.0009596355494001507
2005-09-29,2849.34,2885.08,2849.34,2884.65,,136733.0,0.01302518647543871
2005-09-30,2888.4,2903.11,2883.97,2903.11,,116876.0,0.006399389873988248
2005-10-10,2902.21,2902.21,2856.51,2858.6,,88409.0,-0.015331833792036842
2005-10-11,2857.47,2887.64,2847.69,2886.97,,103734.0,0.009924438536346392
2005-10-12,2893.26,2895.67,2879.34,2891.21,,128583.0,0.0014686678420627874
2005-10-13,2892.0,2902.75,2865.08,2870.32,,120142.0,-0.00722534855648671
2005-10-14,2872.67,2872.67,2825.34,2830.76,,111130.0,-0.013782435407898697
2005-10-17,2830.26,2830.26,2787.91,2798.98,,106962.0,-0.011226667043479521
2005-10-18,2798.01,2811.83,2784.81,2794.71,,123660.0,-0.0015255557381617102
2005-10-19,2795.18,2807.18,2764.34,2770.63,,127308.0,-0.008616278612092132
2005-10-20,2768.35,2768.35,2741.28,2762.11,,140118.0,-0.003075112880464026
2005-10-21,2763.54,2787.18,2752.55,2775.82,,126677.0,0.004963596670661152
2005-10-24,2784.28,2797.78,2772.07,2789.18,,118348.0,0.004812992196900234
2005-10-25,2786.28,2786.28,2742.42,2744.98,,125919.0,-0.015846951433754697
2005-10-26,2741.05,2741.05,2659.16,2662.79,,135303.0,-0.02994193036014836
2005-10-27,2652.69,2681.15,2642.22,2667.63,,114332.0,0.0018176423976357103
2005-10-28,2669.47,2671.89,2610.0,2631.52,,122978.0,-0.013536359989953728
2005-10-31,2633.37,2669.29,2631.6,2662.29,,105177.0,0.0116928619201071
2005-11-01,2667.55,2667.55,2630.75,2661.61,,105424.0,-0.0002554192067730776
2005-11-02,2665.18,2702.31,2664.96,2691.82,,130399.0,0.011350272955091167
2005-11-03,2690.81,2705.58,2666.14,2675.57,,112798.0,-0.0060368078103291145
2005-11-04,2670.09,2687.02,2655.73,2687.02,,102877.0,0.004279461946426366
2005-11-07,2683.85,2686.91,2664.71,2686.28,,96912.0,-0.00027539802457732243
2005-11-08,2683.84,2694.49,2669.5,2693.3,,154080.0,0.002613279330524021
2005-11-09,2693.33,2709.19,2686.37,2703.11,,147630.0,0.0036423718115323744
2005-11-10,2703.66,2703.66,2657.0,2660.33,,143871.0,-0.015826214989401177
2005-11-11,2657.34,2668.5,2647.34,2664.05,,119120.0,0.001398322764469162
2005-11-14,2657.79,2661.3,2624.17,2633.66,,96296.0,-0.011407443553987484
2005-11-15,2629.43,2654.23,2614.6,2622.03,,97317.0,-0.004415907900032545
2005-11-16,2619.77,2639.5,2593.33,2639.5,,90887.0,0.006662776550992788
2005-11-17,2635.37,2648.53,2625.28,2643.05,,87809.0,0.0013449516953969454
2005-11-18,2643.49,2739.19,2641.97,2721.87,,168918.0,0.029821607612417367
2005-11-21,2722.62,2752.14,2718.05,2732.75,,109735.0,0.003997251889326092
2005-11-22,2734.75,2734.75,2683.86,2687.24,,96658.0,-0.016653554112158186
2005-11-23,2680.13,2709.47,2673.57,2706.08,,79384.0,0.007010910823000538
2005-11-24,2702.68,2733.63,2698.4,2716.8,,102360.0,0.003961449772364567
2005-11-25,2709.76,2726.35,2703.65,2725.06,,88225.0,0.0030403415783273324
2005-11-28,2719.08,2729.71,2706.97,2713.49,,79204.0,-0.0042457780746112395
2005-11-29,2704.23,2710.49,2679.83,2682.11,,97991.0,-0.011564442839295364
2005-11-30,2677.85,2681.41,2657.94,2676.85,,110709.0,-0.001961142533304039
2005-12-01,2675.23,2693.3,2670.1,2684.56,,89864.0,0.002880251041335935
2005-12-02,2678.7,2696.03,2668.15,2680.64,,124912.0,-0.0014602020442828767
2005-12-05,2677.19,2677.19,2638.56,2643.93,,167036.0,-0.01369449086785246
2005-12-06,2635.57,2664.52,2634.68,2659.02,,367454.0,0.005707412828630076
2005-12-07,2657.81,2679.85,2652.95,2676.86,,398042.0,0.00670923874209306
2005-12-08,2676.34,2695.7,2670.34,2691.45,,101355.0,0.005450415785659191
2005-12-09,2687.02,2728.57,2678.78,2724.19,,118157.0,0.01216444667372607
2005-12-12,2720.05,2742.93,2718.83,2736.92,,115475.0,0.0046729486562977485
2005-12-13,2736.33,2758.77,2725.88,2758.77,,108402.0,0.00798342662554985
2005-12-14,2756.68,2794.17,2740.69,2789.99,,123390.0,0.011316637486995962
2005-12-15,2791.07,2807.29,2771.85,2777.91,,136680.0,-0.004329764622812204
2005-12-16,2774.06,2803.65,2770.65,2801.64,,109828.0,0.008542393382074964
2005-12-19,2793.52,2801.88,2787.07,2793.75,,101791.0,-0.002816207649805058
2005-12-20,2790.53,2805.8,2783.9,2804.79,,100109.0,0.003951677852348956
2005-12-21,2804.07,2818.2,2787.15,2788.67,,97435.0,-0.005747310850366616
2005-12-22,2781.46,2806.29,2779.93,2805.38,,94388.0,0.00599210376272552
2005-12-23,2805.36,2829.5,2805.12,2827.19,,112825.0,0.007774347860182829
2005-12-26,2828.53,2860.06,2827.84,2848.3,,143329.0,0.0074667779668151635
2005-12-27,2847.36,2848.18,2825.71,2834.22,,120727.0,-0.004943299511989796
2005-12-28,2829.39,2839.41,2819.12,2834.6,,115993.0,0.00013407568925494218
2005-12-29,2835.5,2880.4,2835.08,2879.97,,167531.0,0.016005785648768756
2005-12-30,2886.2,2898.16,2861.23,2863.61,,143645.0,-0.005680614728625577
2006-01-04,2873.53,2949.03,2873.53,2948.8,,140300.0,0.029749162770069892
2006-01-05,2950.66,3042.66,2946.29,3037.97,,205319.0,0.030239419424850755
2006-01-06,3048.4,3075.85,3016.86,3053.31,,230184.0,0.0050494244511960495
2006-01-09,3052.06,3069.34,3024.55,3064.85,,209867.0,0.0037795048652118357
2006-01-10,3060.04,3082.19,3023.69,3079.92,,194424.0,0.004917043248446218
2006-01-11,3076.15,3096.57,3032.29,3043.97,,219819.0,-0.011672381100807927
2006-01-12,3039.21,3084.83,3031.79,3084.19,,202179.0,0.013213008012562533
2006-01-13,3082.11,3082.91,3027.12,3045.57,,211193.0,-0.01252192634046534
2006-01-16,3041.54,3041.54,2980.89,2985.3,,185756.0,-0.019789399028753207
2006-01-17,2976.84,3026.28,2970.52,3024.55,,146851.0,0.01314775734432061
2006-01-18,3025.85,3129.17,3020.76,3123.04,,196683.0,0.03256352184622502
2006-01-19,3127.58,3163.33,3109.69,3161.18,,239062.0,0.012212459654695307
2006-01-20,3158.04,3163.59,3120.66,3153.35,,225418.0,-0.002476923174257739
2006-01-23,3148.73,3160.77,3120.86,3154.1,,236966.0,0.00023784229470247276
2006-01-24,3151.59,3231.91,3150.78,3198.15,,225106.0,0.0139659490821471
2006-01-25,3194.59,3242.81,3193.75,3242.35,,202829.0,0.01382048997076435
2006-02-06,3249.82,3363.66,3249.71,3359.5,,215920.0,0.03613120113497925
2006-02-07,3366.69,3397.37,3324.45,3358.69,,273437.0,-0.00024110730763504673
2006-02-08,3354.22,3356.66,3299.1,3335.68,,205766.0,-0.006850885315405786
2006-02-09,3327.84,3327.84,3253.11,3262.52,,192478.0,-0.021932559478127334
2006-02-10,3257.13,3323.35,3257.13,3321.91,,188277.0,0.018203719823939757
2006-02-13,3322.24,3322.97,3257.62,3307.7,,186865.0,-0.004277659539240974
2006-02-14,3302.58,3337.12,3297.24,3334.68,,163397.0,0.008156725216918126
2006-02-15,3336.31,3395.75,3336.31,3362.15,,195825.0,0.008237671980519945
2006-02-16,3357.68,3360.0,3273.73,3277.13,,224696.0,-0.025287390509049268
2006-02-17,3269.91,3312.76,3261.16,3295.87,,172301.0,0.005718418250115098
2006-02-20,3300.28,3340.4,3295.64,3308.53,,163498.0,0.0038411709199697164
2006-02-21,3305.29,3361.12,3275.94,3359.69,,178531.0,0.015463060634178794
2006-02-22,3358.3,3384.68,3348.29,3363.03,,181259.0,0.0009941393402368437
2006-02-23,3359.64,3366.03,3323.53,3358.97,,167138.0,-0.0012072446573477835
2006-02-24,3358.28,3394.41,3358.28,3390.87,,165284.0,0.009496958889183338
2006-02-27,3396.3,3401.44,3338.15,3345.44,,153348.0,-0.013397741582543699
2006-02-28,3339.32,3356.55,3295.0,3351.64,,149536.0,0.0018532689272561242
2006-03-01,3355.57,3380.81,3349.59,3378.18,,151731.0,0.007918511534651618
2006-03-02,3391.77,3391.77,3329.67,3342.68,,194993.0,-0.010508617065994152
2006-03-03,3334.72,3354.94,3312.67,3350.42,,169803.0,0.0023155073174818686
2006-03-06,3350.4,3355.25,3325.22,3330.05,,134180.0,-0.006079834766984371
2006-03-07,3324.39,3326.1,3225.21,3233.47,,153937.0,-0.0290025675290162
2006-03-08,3221.66,3228.07,3160.47,3199.94,,135215.0,-0.010369664787364563
2006-03-09,3195.81,3207.73,3176.49,3184.93,,108181.0,-0.00469071295086787
2006-03-10,3180.53,3224.51,3180.53,3213.51,,99610.0,0.008973509621875708
2006-03-13,3213.49,3280.99,3211.7,3277.75,,106434.0,0.019990602176436223
2006-03-14,3279.38,3281.15,3248.54,3269.5,,106061.0,-0.002516970482800751
2006-03-15,3268.83,3312.23,3259.68,3312.06,,131828.0,0.013017280929805697
2006-03-16,3312.07,3316.66,3298.47,3309.42,,126157.0,-0.0007970870092932625
2006-03-17,3308.75,3323.6,3292.35,3300.35,,130527.0,-0.0027406615056415617
2006-03-20,3299.76,3346.91,3283.95,3345.63,,134789.0,0.013719756995470345
2006-03-21,3345.35,3400.52,3340.49,3370.86,,171047.0,0.007541180584822671
2006-03-22,3366.65,3401.12,3360.45,3399.9,,181012.0,0.008615012192734195
2006-03-23,3393.62,3409.96,3388.26,3405.24,,207901.0,0.001570634430424267
2006-03-24,3407.75,3419.91,3388.84,3392.49,,198823.0,-0.003744229481622452
2006-03-27,3390.72,3445.59,3372.35,3445.59,,174909.0,0.01565222005075939
2006-03-28,3447.74,3489.39,3445.18,3488.78,,243230.0,0.012534863405106345
2006-03-29,3490.44,3577.36,3485.69,3520.38,,308884.0,0.00905760753042606
2006-03-30,3518.32,3521.68,3483.41,3488.07,,228393.0,-0.009177986467370003
2006-03-31,3477.99,3520.27,3466.42,3516.4,,207797.0,0.008121970029271175
2006-04-03,3524.16,3607.13,3524.16,3606.62,,273294.0,0.025656921851893832
2006-04-04,3610.93,3631.1,3579.53,3627.44,,285011.0,0.005772717946443073
2006-04-05,3626.49,3668.84,3613.71,3668.27,,286136.0,0.01125587190966626
2006-04-06,3673.63,3726.12,3658.52,3716.52,,332116.0,0.013153339312536927
2006-04-07,3716.97,3730.71,3663.76,3703.58,,306558.0,-0.003481751746257311
2006-04-10,3701.11,3736.6,3667.46,3735.26,,348630.0,0.008553885699782438
2006-04-11,3744.56,3792.85,3716.99,3780.07,,377800.0,0.011996487526972688
2006-04-12,3780.72,3781.0,3725.24,3729.6,,339404.0,-0.013351604599914912
2006-04-13,3734.58,3769.36,3659.95,3665.24,,349486.0,-0.017256542256542273
2006-04-14,3667.07,3760.03,3665.07,3760.03,,278121.0,0.025861880804531223
2006-04-17,3753.96,3804.21,3743.06,3760.63,,302235.0,0.00015957319489467992
2006-04-18,3768.11,3812.28,3729.78,3803.72,,277490.0,0.011458186527257386
2006-04-19,3800.25,3842.68,3785.26,3835.43,,287049.0,0.008336575773190358
2006-04-20,3837.97,3860.22,3815.6,3847.79,,315656.0,0.0032225852120884024
2006-04-21,3843.71,3875.35,3798.75,3857.29,,347630.0,0.002468949708793966
2006-04-24,3864.64,3871.68,3772.51,3775.57,,464384.0,-0.02118585846539922
2006-04-25,3764.26,3829.28,3708.98,3805.84,,369670.0,0.008017332482247674
2006-04-26,3817.8,3852.27,3806.35,3821.78,,368869.0,0.004188300086183316
2006-04-27,3817.96,3856.08,3794.4,3842.11,,288174.0,0.005319510803866168
2006-04-28,3772.64,3855.0,3730.08,3848.11,,348726.0,0.00156164191030439
2006-05-08,3872.8,4020.39,3872.8,4015.79,,375198.0,0.04357463793914418
2006-05-09,4046.92,4134.04,4043.44,4132.15,,471020.0,0.028975618745004095
2006-05-10,4136.91,4174.0,4084.28,4147.36,,514048.0,0.003680892513582501
2006-05-11,4143.07,4207.18,4084.76,4093.82,,580697.0,-0.012909417074958407
2006-05-12,4085.73,4175.22,4060.94,4173.77,,509432.0,0.019529437053900756
2006-05-15,4226.91,4359.59,4207.94,4358.63,,660431.0,0.04429089288580812
2006-05-16,4389.4,4463.09,4232.06,4252.89,,683884.0,-0.02425991653340609
2006-05-17,4255.49,4356.27,4208.88,4296.99,,513091.0,0.010369419383054579
2006-05-18,4255.71,4329.75,4191.38,4296.07,,446952.0,-0.00021410336072458236
2006-05-19,4295.1,4386.22,4265.9,4369.4,,501938.0,0.017069088725276904
2006-05-22,4357.25,4418.54,4333.74,4370.46,,521737.0,0.0002425962374696944
2006-05-23,4326.51,4326.51,4159.6,4165.43,,475762.0,-0.046912681960251224
2006-05-24,4178.1,4268.62,4032.89,4141.32,,439073.0,-0.00578811791339684
2006-05-25,4127.03,4182.43,4066.48,4135.48,,286863.0,-0.001410178397226014
2006-05-26,4129.21,4222.28,4129.21,4217.03,,317850.0,0.019719597241432796
2006-05-29,4244.82,4335.92,4218.83,4327.89,,357186.0,0.026288643903410902
2006-05-30,4348.15,4368.36,4301.54,4348.74,,381412.0,0.004817590095866464
2006-05-31,4349.9,4372.4,4264.99,4292.1,,415193.0,-0.01302446225803322
2006-06-01,4272.35,4361.0,4272.35,4360.46,,471248.0,0.01592693553272273
2006-06-02,4349.18,4359.76,4236.21,4261.02,,538160.0,-0.02280493342445511
2006-06-05,4246.39,4303.81,4182.12,4303.81,,449382.0,0.010042196469389975
2006-06-06,4287.36,4341.67,4268.29,4294.49,,429433.0,-0.00216552310627105
2006-06-07,4280.07,4284.89,4091.84,4095.32,,484143.0,-0.04637803324725398
2006-06-08,4057.73,4109.36,3990.2,4075.28,,383216.0,-0.004893390504282946
2006-06-09,4054.7,4100.75,4005.88,4010.54,,339526.0,-0.015886025009324567
2006-06-12,3962.94,4056.22,3947.61,4018.85,,213692.0,0.0020720401741411987
2006-06-13,3998.32,4052.87,3969.83,4004.84,,234122.0,-0.003486071886236064
2006-06-14,3976.66,3976.66,3904.32,3938.76,,243382.0,-0.016500034957701137
2006-06-15,3933.7,4001.99,3930.69,3944.6,,202408.0,0.0014827001391299888
2006-06-16,3965.61,4058.3,3965.61,4058.3,,257597.0,0.02882421538305535
2006-06-19,4030.04,4133.81,3994.59,4106.09,,297137.0,0.011775866742231855
2006-06-20,4102.93,4141.7,4090.69,4112.24,,254723.0,0.001497775255778544
2006-06-21,4111.17,4116.5,4046.45,4081.29,,282936.0,-0.007526311693869969
2006-06-22,4086.23,4104.25,4055.48,4070.18,,237018.0,-0.0027221785268873866
2006-06-23,4068.09,4115.24,4049.85,4111.69,,233039.0,0.010198566156779165
2006-06-26,4120.1,4203.88,4120.1,4202.36,,265856.0,0.02205175973869622
2006-06-27,4211.52,4232.34,4178.41,4206.44,,260710.0,0.0009708830276320413
2006-06-28,4198.88,4221.67,4181.9,4193.05,,245959.0,-0.0031832143094872034
2006-06-29,4197.15,4311.32,4197.15,4301.44,,371406.0,0.02584991831721517
2006-06-30,4322.41,4341.63,4275.83,4301.66,,341379.0,5.114566284780686e-05
2006-07-03,4302.2,4398.38,4302.2,4398.38,,355419.0,0.022484343253534655
2006-07-04,4400.53,4403.93,4326.25,4345.57,,382601.0,-0.01200669337346938
2006-07-05,4345.83,4345.94,4259.17,4291.26,,302716.0,-0.012497785100688663
2006-07-06,4287.7,4356.84,4284.88,4348.45,,323392.0,0.013327088081356075
2006-07-07,4360.08,4376.53,4311.79,4322.85,,316868.0,-0.005887155193229687
2006-07-10,4322.39,4340.68,4283.37,4336.24,,284370.0,0.0030974935517076307
2006-07-11,4336.04,4344.17,4295.98,4323.49,,323342.0,-0.002940335405789307
2006-07-12,4324.01,4391.59,4324.01,4350.81,,386397.0,0.0063189691661136305
2006-07-13,4346.33,4357.39,4130.64,4149.06,,498376.0,-0.04637067580519494
2006-07-14,4115.05,4226.5,4094.88,4187.49,,325458.0,0.009262338939422188
2006-07-17,4179.7,4235.73,4164.85,4229.1,,247011.0,0.009936740147439282
2006-07-18,4220.68,4240.09,4197.08,4235.1,,237974.0,0.0014187415762219047
2006-07-19,4213.81,4213.81,4092.91,4109.66,,261975.0,-0.029619135321480083
2006-07-20,4101.96,4149.32,4093.32,4135.88,,198889.0,0.006380089837115577
2006-07-21,4136.46,4183.06,4133.73,4178.98,,198201.0,0.010420998675009674
2006-07-24,4130.76,4190.14,4096.67,4183.28,,193242.0,0.0010289592197139097
2006-07-25,4182.31,4237.0,4182.31,4221.84,,214401.0,0.009217647396301487
2006-07-26,4229.45,4240.48,4198.17,4199.28,,214196.0,-0.0053436416349270655
2006-07-27,4194.26,4205.83,4108.27,4129.91,,230421.0,-0.016519498580709002
2006-07-28,4130.4,4151.21,4043.69,4080.63,,225237.0,-0.011932463419299655
2006-07-31,4068.51,4068.51,3936.75,3946.9,,231224.0,-0.032771900417337574
2006-08-01,3941.49,3969.92,3906.27,3919.56,,178838.0,-0.0069269553320328026
2006-08-02,3920.02,3935.19,3838.72,3892.4,,182497.0,-0.006929349212666636
2006-08-03,3891.75,3908.75,3853.87,3883.15,,137459.0,-0.002376425855513342
2006-08-04,3884.32,3898.14,3811.52,3820.48,,165000.0,-0.016138959350012305
2006-08-07,3802.0,3832.15,3766.83,3780.38,,163078.0,-0.01049606332188624
2006-08-08,3784.13,3868.7,3784.13,3868.7,,171677.0,0.023362730730773107
2006-08-09,3869.13,3875.26,3840.44,3852.73,,156298.0,-0.004128001654302382
2006-08-10,3851.01,3905.68,3849.26,3905.44,,168922.0,0.013681207870782641
2006-08-11,3911.22,3914.67,3875.72,3909.66,,161109.0,0.0010805440616166173
2006-08-14,3901.7,3927.91,3840.45,3853.75,,174807.0,-0.014300476256247308
2006-08-15,3844.72,3912.22,3836.15,3912.22,,142408.0,0.01517223483619845
2006-08-16,3919.15,3972.71,3906.79,3972.71,,190999.0,0.01546180940744657
2006-08-17,3964.11,3964.11,3913.67,3939.59,,162342.0,-0.008336878352560362
2006-08-18,3928.44,3964.76,3913.45,3924.27,,133843.0,-0.003888729537845359
2006-08-21,3835.83,3932.17,3807.4,3932.17,,156803.0,0.002013113266926103
2006-08-22,3924.74,3988.19,3922.51,3977.9,,169493.0,0.011629710821251305
2006-08-23,3974.46,4004.31,3966.11,3975.72,,182250.0,-0.0005480278538928518
2006-08-24,3966.09,3986.39,3941.06,3977.34,,157565.0,0.00040747336331548034
2006-08-25,3978.6,4014.25,3973.98,3997.54,,201900.0,0.005078771239069191
2006-08-28,4001.0,4116.16,4000.85,4114.38,,261497.0,0.029227975204751067
2006-08-29,4117.86,4216.2,4117.86,4140.15,,311498.0,0.006263398130459397
2006-08-30,4127.34,4161.54,4104.74,4157.56,,218358.0,0.004205161648732636
2006-08-31,4159.94,4196.74,4155.72,4178.84,,252574.0,0.005118386746072234
2006-09-01,4183.54,4185.74,4109.77,4128.75,,258303.0,-0.011986580007849135
2006-09-04,4116.51,4181.45,4114.57,4181.45,,213243.0,0.012764153799576183
2006-09-05,4185.68,4195.5,4154.97,4165.86,,236375.0,-0.003728371737076852
2006-09-06,4165.47,4178.06,4128.27,4171.18,,236656.0,0.0012770472363450303
2006-09-07,4172.72,4172.72,4109.71,4119.05,,197642.0,-0.012497662531945397
2006-09-08,4115.63,4140.62,4101.33,4111.03,,167393.0,-0.0019470508976585643
2006-09-11,4105.52,4135.65,4067.19,4135.65,,194758.0,0.0059887668053990595
2006-09-12,4134.48,4160.58,4127.14,4153.27,,218654.0,0.004260515275712695
2006-09-13,4151.59,4175.95,4117.44,4117.89,,239739.0,-0.008518588967247553
2006-09-14,4110.99,4131.0,4069.13,4102.28,,200320.0,-0.0037907763441957787
2006-09-15,4100.36,4183.76,4099.73,4183.76,,235784.0,0.019862125452187573
2006-09-18,4202.07,4243.63,4187.8,4238.28,,268340.0,0.013031340229840982
2006-09-19,4249.0,4264.47,4214.39,4223.83,,273971.0,-0.0034094019271968534
2006-09-20,4216.77,4260.8,4188.56,4247.76,,260108.0,0.005665474225998723
2006-09-21,4250.69,4306.73,4246.45,4282.71,,258165.0,0.00822786598112879
2006-09-22,4287.96,4310.48,4253.91,4269.93,,255433.0,-0.0029840918483856615
2006-09-25,4263.74,4320.58,4242.07,4271.97,,244675.0,0.0004777595885647745
2006-09-26,4259.89,4273.18,4189.13,4210.64,,208612.0,-0.014356374225474422
2006-09-27,4205.07,4241.94,4175.64,4241.94,,185586.0,0.00743354929416884
2006-09-28,4244.66,4302.23,4235.28,4288.37,,221602.0,0.010945463632206165
2006-09-29,4291.98,4344.62,4291.98,4326.78,,280315.0,0.008956783113397426
2006-10-09,4366.27,4440.48,4357.98,4407.73,,325378.0,0.01870906309079734
2006-10-10,4416.21,4429.65,4363.75,4382.55,,330320.0,-0.005712691113112456
2006-10-11,4378.04,4396.78,4346.58,4375.59,,266704.0,-0.0015881165075127823
2006-10-12,4376.29,4379.12,4338.11,4348.76,,306802.0,-0.006131744519024873
2006-10-13,4343.54,4389.99,4336.49,4380.55,,243772.0,0.007310129784122266
2006-10-16,4380.58,4391.74,4324.8,4332.5,,262250.0,-0.010968942256109449
2006-10-17,4336.51,4378.59,4315.97,4343.67,,236339.0,0.002578188113098623
2006-10-18,4341.34,4438.23,4338.24,4438.23,,238571.0,0.021769609569787685
2006-10-19,4438.82,4467.27,4424.5,4438.16,,258151.0,-1.577205327341069e-05
2006-10-20,4443.43,4468.27,4425.19,4448.44,,277616.0,0.002316275213151364
2006-10-23,4447.78,4471.05,4326.41,4356.39,,296143.0,-0.020692647310068035
2006-10-24,4360.94,4454.64,4360.94,4452.69,,293432.0,0.022105458877648587
2006-10-25,4464.68,4543.91,4462.73,4515.36,,330718.0,0.014074638027798958
2006-10-26,4522.1,4589.38,4477.13,4584.59,,292201.0,0.015332110839445967
2006-10-27,4582.31,4633.67,4534.37,4558.42,,298212.0,-0.00570825308260936
2006-10-30,4545.01,4586.86,4511.42,4560.28,,285903.0,0.0004080361177776215
2006-10-31,4562.57,4626.85,4562.57,4621.98,,327281.0,0.013529870972834868
2006-11-01,4630.36,4645.25,4599.61,4643.17,,305505.0,0.004584615251472357
2006-11-02,4646.06,4657.13,4600.8,4657.13,,284548.0,0.0030065666344329944
2006-11-03,4656.84,4737.57,4655.61,4690.43,,294874.0,0.007150326488631453
2006-11-06,4655.02,4785.37,4632.86,4785.37,,309145.0,0.02024121455815342
2006-11-07,4804.52,4830.68,4749.76,4830.29,,318989.0,0.009386943956266824
2006-11-08,4825.06,4825.06,4765.08,4778.2,,231019.0,-0.010784031600587163
2006-11-09,4756.32,4881.8,4734.15,4869.61,,246007.0,0.019130634967142512
2006-11-10,4877.53,4900.58,4734.99,4777.63,,319859.0,-0.018888576292557246
2006-11-13,4740.29,4799.42,4632.35,4663.4,,299105.0,-0.02390934417273849
2006-11-14,4659.64,4725.32,4582.84,4725.32,,247450.0,0.013277865934725686
2006-11-15,4722.45,4937.06,4722.45,4937.06,,261934.0,0.044809663684152845
2006-11-16,4952.15,5048.92,4940.01,4945.62,,321449.0,0.0017338253940604176
2006-11-17,4926.72,5067.51,4893.11,5067.51,,274710.0,0.02464605044463597
2006-11-20,5080.49,5179.75,5080.49,5177.97,,315127.0,0.0217976876217314
2006-11-21,5181.4,5240.13,5080.67,5239.1,,293628.0,0.011805784892535032
2006-11-22,5236.64,5335.93,5203.27,5276.67,,334044.0,0.007171079002118663
2006-11-23,5272.16,5345.91,5237.43,5292.43,,328489.0,0.0029867321625192123
2006-11-24,5280.28,5324.21,5223.99,5297.08,,371843.0,0.0008786134157654502
2006-11-27,5292.18,5384.02,5273.83,5384.02,,363713.0,0.01641281611755918
2006-11-28,5373.07,5424.16,5327.54,5362.0,,329053.0,-0.0040898807953908545
2006-11-29,5258.21,5490.44,5219.5,5457.51,,347599.0,0.017812383439015367
2006-11-30,5474.26,5667.0,5474.26,5667.0,,480869.0,0.03838563740606982
2006-12-01,5692.47,5822.05,5692.47,5748.06,,478698.0,0.014303864478560246
2006-12-04,5750.17,5900.91,5745.76,5875.59,,514816.0,0.02218661600609595
2006-12-05,5887.72,6005.53,5860.34,5928.03,,543831.0,0.008925061142795787
2006-12-06,5937.83,5970.38,5648.79,5838.5,,597901.0,-0.015102825053179503
2006-12-07,5813.7,5960.66,5793.42,5811.52,,524417.0,-0.004621049927207244
2006-12-08,5732.62,5820.71,5636.37,5641.48,,460787.0,-0.02925912670007169
2006-12-11,5632.67,5951.29,5629.37,5951.29,,363581.0,0.054916440366712393
2006-12-12,5975.71,6045.24,5858.87,5983.14,,382344.0,0.005351780874398804
2006-12-13,5990.1,6016.84,5889.75,5972.47,,325907.0,-0.0017833445314667795
2006-12-14,5981.37,6044.28,5951.25,6044.28,,371991.0,0.012023501164509787
2006-12-15,6064.66,6176.65,6025.5,6168.49,,477194.0,0.020550007610501186
2006-12-18,6184.26,6425.23,6184.26,6393.33,,537706.0,0.03644976323216875
2006-12-19,6428.29,6465.07,6239.75,6369.14,,519362.0,-0.00378363075267496
2006-12-20,6329.72,6441.06,6270.02,6439.44,,500000.0,0.011037596912612857
2006-12-21,6432.68,6452.87,6325.46,6334.17,,536812.0,-0.016347694830606274
2006-12-22,6298.16,6349.7,6221.15,6242.17,,426717.0,-0.014524397040180492
2006-12-25,6238.51,6481.34,6238.51,6382.6,,444285.0,0.022496984221833216
2006-12-26,6399.63,6448.41,6275.9,6356.47,,400206.0,-0.004093942907279158
2006-12-27,6360.94,6546.47,6360.94,6489.69,,361318.0,0.020958173325760887
2006-12-28,6515.6,6585.52,6405.3,6436.29,,448573.0,-0.008228436181081045
2006-12-29,6481.25,6687.28,6481.25,6647.14,,492418.0,0.03275955558248622
2007-01-04,6730.12,6954.64,6659.8,6705.34,,619744.0,0.008755645285039915
2007-01-05,6667.72,6777.81,6585.06,6706.24,,516494.0,0.0001342213817643323
2007-01-08,6693.3,6872.62,6691.39,6870.5,,584677.0,0.0244936059550509
2007-01-09,6894.2,7095.73,6848.7,7078.59,,596482.0,0.030287460883487327
2007-01-10,7110.86,7346.02,7100.06,7346.02,,657837.0,0.0377801228775787
2007-01-11,7343.94,7494.09,7259.85,7289.59,,757197.0,-0.007681710640591866
2007-01-12,7254.57,7395.89,7113.78,7187.02,,650130.0,-0.014070750206801708
2007-01-15,7177.22,7639.52,7175.44,7636.45,,574347.0,0.06253356745911365
2007-01-16,7696.24,8020.98,7669.02,8002.89,,650045.0,0.04798564778136449
2007-01-17,7998.32,8044.52,7593.81,7775.65,,786505.0,-0.02839474239930828
2007-01-18,7672.74,7830.7,7499.25,7790.87,,677597.0,0.001957392629555077
2007-01-19,7784.28,8065.31,7784.28,8065.31,,742321.0,0.03522584769095105
2007-01-22,8156.76,8357.41,8145.79,8343.07,,815711.0,0.034438849839621755
2007-01-23,8365.31,8392.24,8001.98,8311.26,,807361.0,-0.0038127451885217045
2007-01-24,8278.96,8463.82,8166.44,8366.58,,668478.0,0.006656030493571441
2007-01-25,8271.84,8293.2,8000.99,8013.25,,675527.0,-0.04223111474461483
2007-01-26,7899.05,8263.34,7704.08,8223.3,,642012.0,0.026212834992044298
2007-01-29,8258.35,8413.36,8212.08,8359.99,,641163.0,0.016622280592949457
2007-01-30,8391.33,8410.74,8224.84,8262.34,,600353.0,-0.011680635981621945
2007-01-31,8281.16,8281.16,7579.92,7632.94,,625582.0,-0.0761769668156963
2007-02-01,7513.44,7763.68,7393.67,7700.64,,535118.0,0.008869452661752986
2007-02-02,7684.19,7711.99,7339.86,7348.03,,467078.0,-0.04578970059631415
2007-02-05,7280.94,7373.98,7144.5,7292.95,,386832.0,-0.007495886652613026
2007-02-06,7282.98,7343.62,6985.78,7341.53,,454670.0,0.006661227623938171
2007-02-07,7414.39,7615.35,7414.39,7541.74,,516928.0,0.027270882227546478
2007-02-08,7568.03,7693.39,7484.85,7691.46,,492401.0,0.019852182652809525
2007-02-09,7713.2,7722.31,7557.51,7627.94,,457048.0,-0.008258510087811755
2007-02-12,7616.8,7951.58,7605.84,7951.58,,484018.0,0.042428230950951384
2007-02-13,8014.82,8132.79,7984.85,8104.27,,473563.0,0.019202472967636774
2007-02-14,8122.02,8317.18,8104.31,8315.91,,559001.0,0.026114628461292533
2007-02-15,8380.71,8584.49,8380.71,8582.91,,665459.0,0.03210712958653961
2007-02-16,8661.91,8740.91,8534.26,8572.27,,689763.0,-0.001239672791628843
2007-02-26,8582.74,8610.41,8431.92,8588.69,,631987.0,0.0019154786305144444
2007-02-27,8620.86,8631.97,7790.53,7790.82,,976421.0,-0.0928977527422693
2007-02-28,7597.69,8097.33,7596.02,8039.7,,717520.0,0.03194528945605213
2007-03-01,8075.35,8090.04,7710.26,7804.35,,719690.0,-0.02927348035374444
2007-03-02,7795.81,7998.64,7761.51,7923.33,,537377.0,0.015245343942801082
2007-03-05,7901.32,8032.41,7582.63,7826.56,,632805.0,-0.012213299206268013
2007-03-06,7797.71,7986.4,7741.38,7924.81,,472952.0,0.012553407882901269
2007-03-07,7972.43,8162.04,7972.43,8140.34,,525660.0,0.027196866549481946
2007-03-08,8174.03,8257.57,8062.92,8249.21,,554273.0,0.013374134249920733
2007-03-09,8269.35,8287.69,8103.32,8146.44,,644159.0,-0.012458162660424432
2007-03-12,8137.04,8156.04,7940.86,8130.75,,639876.0,-0.0019259946676093431
2007-03-13,8136.4,8207.74,8084.43,8200.61,,639982.0,0.008592073301971093
2007-03-14,8115.48,8158.96,7897.34,8090.47,,674582.0,-0.013430708203414188
2007-03-15,8097.02,8273.53,8095.23,8273.53,,627227.0,0.02262662119753256
2007-03-16,8307.0,8348.52,8051.82,8147.32,,680377.0,-0.01525467363990951
2007-03-19,7918.75,8299.43,7865.57,8276.8,,604083.0,0.01589234251262983
2007-03-20,8306.38,8312.58,8212.74,8294.62,,527267.0,0.0021530059926544443
2007-03-21,8361.4,8441.66,8311.45,8400.3,,590144.0,0.01274078860755501
2007-03-22,8444.23,8534.84,8401.44,8434.83,,718190.0,0.0041105674797330405
2007-03-23,8426.55,8494.83,8283.09,8489.86,,668279.0,0.006524138601489371
2007-03-26,8515.7,8631.39,8482.15,8631.39,,688921.0,0.016670475131509654
2007-03-27,8651.74,8662.53,8563.42,8629.22,,725718.0,-0.0002514079424055238
2007-03-28,8630.85,8678.04,8282.15,8587.35,,820101.0,-0.004852118731472732
2007-03-29,8606.57,8681.21,8525.55,8579.32,,739095.0,-0.0009350963917856836
2007-03-30,8547.18,8598.94,8465.13,8549.2,,519429.0,-0.003510767753155175
2007-04-02,8575.77,8785.83,8571.54,8785.83,,584289.0,0.027678613203574454
2007-04-03,8827.65,8963.47,8795.12,8963.47,,714377.0,0.020218920693890086
2007-04-04,8981.81,9141.34,8940.19,9090.46,,782043.0,0.014167504325891533
2007-04-05,9098.34,9177.78,9040.6,9161.48,,673200.0,0.007812585941745498
2007-04-06,9101.25,9290.75,9054.26,9268.23,,750932.0,0.011652047485777306
2007-04-09,9322.18,9509.6,9322.18,9475.71,,829703.0,0.02238615140107658
2007-04-10,9506.85,9662.13,9317.42,9652.68,,811537.0,0.018676173078323588
2007-04-11,9688.18,9757.99,9535.66,9753.78,,844240.0,0.010473775158815979
2007-04-12,9776.17,9964.78,9684.62,9964.78,,874089.0,0.021632638833354756
2007-04-13,9994.12,10136.28,9959.07,10019.92,,905794.0,0.005533488948075149
2007-04-16,10054.85,10249.1,10025.11,10249.1,,774622.0,0.02287243810329831
2007-04-17,10301.09,10390.58,9990.82,10289.0,,981957.0,0.0038930247533930373
2007-04-18,10329.2,10445.53,10152.42,10401.62,,915528.0,0.010945670133152063
2007-04-19,10359.96,10359.96,9603.01,9857.23,,1036950.0,-0.0523370398072609
2007-04-20,9884.48,10305.0,9884.48,10258.64,,831438.0,0.04072239361362162
2007-04-23,10376.3,10712.64,10375.93,10685.06,,975946.0,0.04156691335303697
2007-04-24,10773.34,10820.4,10610.58,10669.04,,1009110.0,-0.0014992896623883256
2007-04-25,10624.53,10745.51,10456.36,10668.27,,779054.0,-7.217144185422963e-05
2007-04-26,10739.36,10873.88,10701.12,10848.78,,722195.0,0.016920269172040037
2007-04-27,10852.0,10862.78,10633.92,10688.55,,693058.0,-0.014769402642509255
2007-04-30,10719.31,10893.23,10642.03,10865.88,,850014.0,0.016590650743084856
2007-05-08,11100.6,11405.04,11025.06,11401.12,,903506.0,0.04925878069700773
2007-05-09,11500.97,11561.36,11026.07,11517.75,,1030956.0,0.010229696731549165
2007-05-10,11527.91,11645.21,11407.87,11574.16,,849349.0,0.0048976579627098005
2007-05-11,11436.36,11522.85,11237.2,11489.93,,766576.0,-0.007277417972448963
2007-05-14,11356.95,11814.56,11244.21,11732.08,,758566.0,0.02107497608775688
2007-05-15,11754.7,11828.93,11397.57,11414.54,,833004.0,-0.027065959318381627
2007-05-16,11388.45,11687.78,11266.32,11682.35,,756564.0,0.02346218069234496
2007-05-17,11776.79,12041.63,11736.88,12011.08,,818945.0,0.02813903024648301
2007-05-18,12016.8,12210.25,11919.15,12100.1,,739855.0,0.0074114900575135145
2007-05-21,11693.85,12356.85,11663.48,12269.2,,883731.0,0.013975091114949434
2007-05-22,12301.27,12499.9,12301.27,12407.83,,954609.0,0.011299025201316981
2007-05-23,12430.73,12649.09,12335.51,12624.13,,971758.0,0.017432540581229672
2007-05-24,12673.52,12770.92,12316.93,12515.15,,1137527.0,-0.008632674093185022
2007-05-25,12493.94,12704.46,12430.11,12681.45,,897000.0,0.013287895071173894
2007-05-28,12830.0,13125.35,12830.0,13026.66,,1014472.0,0.027221650521036533
2007-05-29,13097.84,13458.34,13097.84,13456.6,,934455.0,0.03300462282734018
2007-05-30,12651.2,13333.9,12425.52,12627.15,,1178666.0,-0.061638898384435925
2007-05-31,12502.09,13110.26,12020.95,12944.23,,1028893.0,0.025110971200944077
2007-06-01,12954.77,13185.59,12325.21,12432.69,,918576.0,-0.03951876627655715
2007-06-04,12393.25,12468.58,11464.23,11468.46,,688861.0,-0.07755602367629222
2007-06-05,11171.78,12017.71,10652.19,12017.71,,929984.0,0.04789221918199993
2007-06-06,12114.24,12381.29,11777.64,12338.18,,922599.0,0.026666478056135645
2007-06-07,12384.04,12696.0,12357.56,12696.0,,847263.0,0.02900103580917124
2007-06-08,12733.31,12930.19,12580.43,12850.69,,893966.0,0.012184152488972977
2007-06-11,12941.1,13208.97,12938.27,13187.71,,846727.0,0.026225829118903254
2007-06-12,13253.0,13579.72,12865.98,13579.72,,981245.0,0.029725403424855523
2007-06-13,13683.65,13984.59,13671.07,13811.48,,1031967.0,0.01706662582144558
2007-06-14,13750.61,13874.48,13464.49,13666.28,,875502.0,-0.01051299353870827
2007-06-15,13596.63,13778.13,13525.25,13697.16,,777868.0,0.0022595761245927104
2007-06-18,14003.01,14200.52,14003.01,14194.55,,877588.0,0.03631336715056266
2007-06-19,14189.75,14342.91,14057.62,14336.4,,925612.0,0.009993272065687231
2007-06-20,14499.46,14576.0,14005.28,14107.23,,919149.0,-0.015985184565162847
2007-06-21,14044.45,14276.51,13928.06,14255.61,,724031.0,0.010518010977349945
2007-06-22,14227.93,14238.1,13423.24,13725.72,,764509.0,-0.0371706296678993
2007-06-25,13678.53,13817.18,13003.8,13109.26,,647294.0,-0.044912762317750876
2007-06-26,12877.35,13219.41,12655.16,13219.41,,608993.0,0.008402457499507854
2007-06-27,13309.34,13641.98,13154.5,13583.7,,647985.0,0.027557205654412886
2007-06-28,13544.05,13629.45,12856.26,12882.17,,590592.0,-0.051644986270309334
2007-06-29,12555.51,12862.28,12341.58,12546.45,,539633.0,-0.026060826708543594
2007-07-02,12492.71,12675.6,12145.0,12475.16,,436420.0,-0.005682085370762313
2007-07-03,12575.01,12794.19,12461.45,12761.06,,419451.0,0.02291754173894356
2007-07-04,12798.37,12860.61,12461.78,12509.14,,366560.0,-0.019741306756648758
2007-07-05,12306.17,12392.77,11782.21,11783.58,,420666.0,-0.05800238865341656
2007-07-06,11729.78,12409.72,11654.46,12395.35,,515394.0,0.051917159301333005
2007-07-09,12519.61,12938.69,12516.52,12846.41,,543913.0,0.03638945249629888
2007-07-10,12876.85,12956.71,12667.35,12682.04,,479701.0,-0.01279501432695973
2007-07-11,12634.32,12836.49,12592.18,12785.67,,351575.0,0.008171398292388332
2007-07-12,12811.15,12951.72,12729.05,12850.74,,316685.0,0.005089291370729887
2007-07-13,12865.79,12885.93,12702.62,12816.42,,253923.0,-0.0026706633236684985
2007-07-16,12820.61,12827.28,12329.63,12331.19,,28789290.0,-0.03786002643483899
2007-07-17,12268.04,12824.74,12153.83,12759.98,,29787488.0,0.03477279970546232
2007-07-18,12750.13,13105.57,12642.05,12841.51,,37087060.0,0.00638950844750541
2007-07-19,12770.25,12925.05,12711.28,12790.94,,30020950.0,-0.003938010405318382
2007-07-20,12786.61,13420.04,12775.15,13417.96,,50116684.0,0.049020634918153005
2007-07-23,13615.3,14159.71,13615.3,14139.27,,69336104.0,0.05375705397839914
2007-07-24,14260.09,14483.97,14087.62,14190.97,,67480872.0,0.003656482972600239
2007-07-25,14202.44,14404.06,14127.74,14403.08,,57569580.0,0.014946828863707129
2007-07-26,14477.5,14703.17,14350.75,14619.74,,62321684.0,0.015042615884935717
2007-07-27,14518.81,14676.43,14337.45,14614.1,,64268760.0,-0.000385779774469297
2007-07-30,14567.97,15167.24,14567.97,15060.86,,69996320.0,0.030570476457667528
2007-07-31,15051.55,15257.54,14917.2,15199.56,,65979388.0,0.009209301460872732
2007-08-01,15259.35,15420.11,14603.56,14795.2,,79500448.0,-0.026603401677416927
2007-08-02,14901.78,15562.14,14901.78,15562.14,,60403880.0,0.05183708229696116
2007-08-03,15699.74,16194.04,15699.74,16179.64,,71083080.0,0.039679632749737515
2007-08-06,16296.96,16542.81,16189.99,16542.81,,72320192.0,0.022446111285541637
2007-08-07,16551.71,16735.61,16159.01,16523.27,,70738216.0,-0.0011811778047381427
2007-08-08,16346.53,16532.77,15864.63,16193.72,,62663696.0,-0.019944599343834524
2007-08-09,16194.04,16691.87,16194.04,16680.38,,43187805.0,0.030052390679844
2007-08-10,16606.83,16606.83,16034.18,16323.44,,49332271.0,-0.021398793073059474
2007-08-13,16215.57,16281.29,15913.56,16116.11,,44679893.0,-0.012701366868748232
2007-08-14,16092.47,16395.46,16010.2,16351.9,,39997605.0,0.014630701825688597
2007-08-15,16438.68,16551.77,16040.92,16322.52,,41352774.0,-0.0017967331013520882
2007-08-16,16202.85,16219.33,15877.87,16053.15,,44981906.0,-0.01650296645370941
2007-08-17,15933.09,16196.35,15654.53,15689.0,,44090608.0,-0.022684021516026442
2007-08-20,16078.84,16589.8,16078.84,16589.8,,48123845.0,0.057416023965835894
2007-08-21,16734.13,16939.45,16661.83,16859.97,,54288962.0,0.016285307839757124
2007-08-22,16704.93,17446.09,16667.93,17331.99,,59838186.0,0.02799649109695923
2007-08-23,17441.64,17731.62,17272.29,17639.22,,55273691.0,0.017726181471371616
2007-08-24,17684.13,17902.18,17671.95,17864.68,,54287248.0,0.01278174431749246
2007-08-27,17943.91,18128.68,17772.56,17884.84,,59163767.0,0.001128483689604387
2007-08-28,17815.11,17870.95,17468.68,17817.93,,56161698.0,-0.003741157315357624
2007-08-29,17688.62,18051.72,17418.53,17443.18,,51951035.0,-0.021032184995675718
2007-08-30,17488.65,17705.66,17307.79,17659.25,,55293330.0,0.012387076209727788
2007-08-31,17680.84,17912.97,17608.43,17872.11,,57010580.0,0.01205373954160005
2007-09-03,17988.34,18245.43,17972.84,18164.04,,65848169.0,0.016334389168374708
2007-09-04,18217.84,18288.9,17961.34,18050.78,,61439358.0,-0.006235396971158491
2007-09-05,18050.58,18137.46,17679.57,18002.0,,51441670.0,-0.0027023762962042897
2007-09-06,18089.54,18225.61,17951.78,18073.75,,53545899.0,0.00398566825908242
2007-09-07,17986.88,18052.37,17649.09,17674.09,,61614190.0,-0.022112732554118497
2007-09-10,17473.23,17953.15,17310.96,17918.48,,51399192.0,0.013827586031303518
2007-09-11,17926.59,18064.15,17088.66,17129.39,,55329672.0,-0.04403777552560262
2007-09-12,17068.46,17453.37,16944.11,17398.41,,48761210.0,0.01570517105396041
2007-09-13,17469.25,17971.52,17406.96,17959.5,,42539263.0,0.03224949866108462
2007-09-14,18026.43,18213.91,17729.48,18213.71,,48191755.0,0.014154625685570243
2007-09-17,18131.08,18553.89,18092.15,18494.38,,53262857.0,0.015409820404519659
2007-09-18,18566.72,18579.12,18102.53,18316.41,,54659277.0,-0.009622923288047591
2007-09-19,18359.74,18390.74,17999.5,18073.34,,46639504.0,-0.013270613619153493
2007-09-20,18139.95,18360.24,18073.24,18221.74,,43699609.0,0.008210989225013288
2007-09-21,18277.88,18330.7,17776.55,18228.57,,46896502.0,0.0003748269923726788
2007-09-24,18288.46,18575.49,18012.31,18418.47,,44415608.0,0.010417712415181413
2007-09-25,18450.46,18621.66,18225.9,18346.45,,36300352.0,-0.003910205353647722
2007-09-26,18239.64,18443.84,17891.41,17992.32,,29938732.0,-0.019302371848504807
2007-09-27,17984.15,18284.93,17803.93,18281.08,,27948489.0,0.016049069825347928
2007-09-28,18442.66,18939.9,18442.66,18864.55,,37267997.0,0.03191660448945011
2007-10-08,19287.61,19374.36,18998.39,19232.34,,41198759.0,0.019496356923435876
2007-10-09,19178.33,19354.63,18942.3,19318.16,,38915515.0,0.00446227552133549
2007-10-10,19342.38,19600.03,19193.77,19264.04,,42254068.0,-0.002801509046410189
2007-10-11,19273.99,19428.53,19127.33,19344.15,,41560671.0,0.004158525418344272
2007-10-12,19348.46,19362.63,18208.39,19135.2,,49998936.0,-0.01080171524724538
2007-10-15,19084.83,19199.34,18745.66,19088.65,,40082035.0,-0.0024326894937078958
2007-10-16,19139.93,19435.56,19092.75,19358.43,,33484384.0,0.014133005739012328
2007-10-17,19324.54,19551.73,19203.11,19288.29,,33402220.0,-0.0036232277100983756
2007-10-18,19240.47,19240.47,18636.59,18681.34,,34402252.0,-0.03146727885157263
2007-10-19,18770.09,19042.34,18604.0,18834.8,,28015501.0,0.008214614155087396
2007-10-22,18522.4,18793.79,18321.15,18379.41,,27312051.0,-0.024178117102384933
2007-10-23,18350.93,18611.16,18075.46,18611.16,,28604180.0,0.01260921868547471
2007-10-24,18696.39,19078.34,18659.97,18761.9,,28382245.0,0.008099441410422736
2007-10-25,18659.3,18780.91,17933.3,18175.31,,35536214.0,-0.03126495717384703
2007-10-26,18011.48,18658.83,18001.73,18506.52,,26911619.0,0.018223072948962082
2007-10-29,18654.54,18904.84,18654.54,18833.66,,22301334.0,0.017677013290451127
2007-10-30,18908.82,19038.82,18740.46,19034.57,,22778957.0,0.010667602579636615
2007-10-31,19222.49,19531.15,18976.93,19531.15,,32173238.0,0.026088322457507696
2007-11-01,19554.58,19559.41,19139.73,19144.62,,28973498.0,-0.019790437327039223
2007-11-02,18816.27,18997.3,18504.14,18564.33,,26994334.0,-0.030310865402394915
2007-11-05,18451.14,18563.43,18007.49,18116.88,,21645776.0,-0.02410267432220825
2007-11-06,18058.25,18450.61,18048.25,18120.57,,19086729.0,0.00020367745439608953
2007-11-07,18233.52,18384.32,17846.04,18232.96,,20741433.0,0.006202343524513765
2007-11-08,18181.11,18181.11,17465.46,17465.46,,23750880.0,-0.04209409772192774
2007-11-09,17279.47,17563.95,16922.56,17160.12,,21364571.0,-0.01748250547079777
2007-11-12,16768.8,17150.59,16254.68,17065.77,,23122276.0,-0.005498213299207633
2007-11-13,17199.03,17393.79,16561.78,16747.89,,23152022.0,-0.01862675988250173
2007-11-14,16999.7,17355.55,16575.39,17355.55,,23621912.0,0.03628277950237302
2007-11-15,17298.64,17386.56,17039.63,17096.9,,22875293.0,-0.014903013733358894
2007-11-16,16871.75,16898.34,16396.96,16728.25,,19155603.0,-0.021562388503179042
2007-11-19,16728.38,16797.0,16537.11,16660.66,,21120439.0,-0.004040470461644241
2007-11-20,16508.98,17072.13,16383.84,16987.48,,23804217.0,0.019616269703601086
2007-11-21,17025.91,17248.82,16723.73,16748.18,,21430669.0,-0.014086845135358517
2007-11-22,16370.57,16580.34,15936.37,15949.36,,19958856.0,-0.0476959287516614
2007-11-23,15804.28,16217.51,15766.2,16217.51,,14550903.0,0.016812586837340104
2007-11-26,16504.13,16600.91,16055.17,16057.19,,18699738.0,-0.009885611292978935
2007-11-27,15917.91,16055.36,15671.81,15681.01,,16251026.0,-0.02342751128933518
2007-11-28,15729.96,15857.01,15271.6,15359.16,,14693287.0,-0.02052482588812843
2007-11-29,15561.16,15963.43,15189.42,15919.28,,21303435.0,0.03646814018474975
2007-11-30,15941.81,16038.22,15602.36,15637.66,,18683204.0,-0.017690498565261836
2007-12-03,15580.24,15989.13,15477.47,15832.98,,17268219.0,0.012490359810866769
2007-12-04,15888.52,16270.33,15888.52,16065.17,,15945258.0,0.014664958839081477
2007-12-05,16065.78,16603.33,15984.03,16569.81,,21422830.0,0.031412054774397014
2007-12-06,16647.09,16697.23,16381.96,16539.14,,18387257.0,-0.001850956649472879
2007-12-07,16578.41,16752.58,16528.38,16750.41,,21787715.0,0.012773941087626195
2007-12-10,16454.28,17148.59,16409.27,17096.5,,31617485.0,0.020661583806008244
2007-12-11,17142.0,17222.22,16815.31,17036.9,,31348947.0,-0.0034860936448980473
2007-12-12,16919.59,16993.68,16681.21,16831.56,,30530529.0,-0.012052662162717387
2007-12-13,16711.45,16762.65,16021.83,16035.19,,30345309.0,-0.04731409328665914
2007-12-14,15849.79,16492.81,15734.41,16483.5,,25347956.0,0.027957885126400184
2007-12-17,16484.16,16484.16,16075.75,16118.97,,29812218.0,-0.02211484211484216
2007-12-18,16005.5,16240.75,15926.55,16074.11,,19292487.0,-0.002783056237464221
2007-12-19,16226.89,16466.24,16180.31,16387.0,,24502149.0,0.019465463406683092
2007-12-20,16467.93,16672.18,16277.71,16625.41,,24698595.0,0.014548727649966509
2007-12-21,16542.93,16819.02,16522.04,16808.68,,29650710.0,0.011023487541059085
2007-12-24,16931.04,17266.58,16895.25,17153.93,,38148195.0,0.020539982913589938
2007-12-25,17213.75,17273.14,17036.53,17199.04,,32190969.0,0.0026297180879251147
2007-12-26,17233.16,17431.34,17141.64,17427.77,,34656565.0,0.013298998083614011
2007-12-27,17500.78,17820.25,17383.68,17797.22,,42112090.0,0.021198925622727405
2007-12-28,17824.66,17856.93,17669.13,17700.62,,34541134.0,-0.005427814006906839
2008-01-02,17731.84,17933.25,17438.59,17856.15,,36803661.0,0.008786697867080528
2008-01-03,17873.2,17911.3,17626.49,17911.3,,47992921.0,0.003088571724587874
2008-01-04,17968.56,18195.27,17863.18,18122.41,,39908821.0,0.011786414163126091
2008-01-07,18123.13,18450.12,18092.24,18376.96,,44153325.0,0.014046145076730854
2008-01-08,18416.73,18582.56,18102.66,18268.13,,49117847.0,-0.005922089398899377
2008-01-09,18202.61,18601.74,18143.47,18597.61,,38258478.0,0.0180357814401364
2008-01-10,18682.24,19124.11,18628.04,18939.28,,46815929.0,0.018371715505379305
2008-01-11,19034.25,19076.43,18831.5,19016.59,,38774382.0,0.004081992557267267
2008-01-14,19074.34,19219.89,18955.5,19141.13,,39092441.0,0.006549018514886207
2008-01-15,19154.48,19212.56,18884.05,19034.02,,43444624.0,-0.005595803382558939
2008-01-16,18837.52,18837.52,18261.4,18351.99,,46863624.0,-0.03583215736875334
2008-01-17,18173.99,18483.55,17450.47,17910.39,,49598452.0,-0.02406278556167485
2008-01-18,17911.5,18196.4,17752.59,18131.38,,36901720.0,0.012338648125473695
2008-01-21,18166.71,18188.72,17133.93,17210.93,,39348111.0,-0.050765578792127286
2008-01-22,16761.75,16974.65,15793.28,15995.85,,44142794.0,-0.07059932263974111
2008-01-23,16149.55,16883.06,16111.73,16874.31,,43365883.0,0.054917994354785726
2008-01-24,17052.39,17230.68,16723.2,17086.59,,44085981.0,0.01258006994063754
2008-01-25,17047.84,17432.87,16885.25,17294.0,,38835985.0,0.012138759108751396
2008-01-28,17215.05,17215.05,16102.92,16177.83,,34882908.0,-0.06454088123048451
2008-01-29,16171.57,16591.93,16041.98,16205.93,,23581072.0,0.0017369449425541639
2008-01-30,16449.95,16653.07,15814.88,16127.71,,26486229.0,-0.00482662827742697
2008-01-31,16117.05,16234.9,15842.2,15857.71,,21606436.0,-0.01674137245771412
2008-02-01,15837.88,16012.87,15151.16,15776.87,,26689778.0,-0.005097835690020758
2008-02-04,16211.66,17043.09,16211.66,17031.66,,25681556.0,0.07953351963982702
2008-02-05,17044.88,17245.89,16767.25,16859.64,,23150937.0,-0.01010001373911884
2008-02-13,16663.9,16730.05,16359.51,16502.43,,16199319.0,-0.021187285137760914
2008-02-14,16618.25,16835.73,16564.83,16704.93,,16325173.0,0.012270920100857952
2008-02-15,16614.0,16614.0,16257.74,16496.23,,18770121.0,-0.012493317840900908
2008-02-18,16718.78,16982.77,16612.48,16860.55,,26773783.0,0.022085046098411665
2008-02-19,16916.93,17281.59,16781.11,17281.59,,29498557.0,0.024971901865597612
2008-02-20,17288.52,17476.84,16944.74,16959.2,,32657587.0,-0.018655112174284838
2008-02-21,16838.36,16976.13,16470.78,16804.25,,30077314.0,-0.009136633803481287
2008-02-22,16737.56,16737.56,16032.66,16179.52,,31475599.0,-0.03717690465209689
2008-02-25,16201.54,16304.23,15473.27,15486.67,,25433361.0,-0.042822654812998184
2008-02-26,15888.1,16016.61,14907.27,15328.42,,25389193.0,-0.010218465299512425
2008-02-27,15409.84,15799.92,15251.09,15752.41,,22912634.0,0.027660385088613237
2008-02-28,15787.35,15823.11,15498.45,15654.46,,22704744.0,-0.0062180961516364874
2008-02-29,15612.88,15838.24,15513.79,15823.88,,23012581.0,0.010822474872975496
2008-03-03,15722.32,16224.89,15525.76,16187.51,,34137813.0,0.022979825428403267
2008-03-04,16241.03,16350.09,15704.64,15746.23,,39195442.0,-0.0272605237000626
2008-03-05,15642.27,15760.6,15092.47,15601.21,,35704330.0,-0.009209823557765895
2008-03-06,15602.91,15915.45,15366.56,15696.13,,41013933.0,0.006084143473487069
2008-03-07,15558.97,15833.36,15425.77,15560.85,,27631470.0,-0.008618684987955594
2008-03-10,15482.75,15482.75,14784.42,14863.05,,25175536.0,-0.04484330868815012
2008-03-11,14663.71,14815.72,14312.11,14815.72,,21659297.0,-0.003184406968959941
2008-03-12,15107.84,15173.12,14301.48,14348.46,,22872349.0,-0.031538123020683484
2008-03-13,14186.6,14307.02,13651.83,13943.16,,26799470.0,-0.02824693381728771
2008-03-14,13855.28,13970.3,13548.97,13817.65,,17864541.0,-0.009001546277888295
2008-03-17,13785.46,13785.46,13176.87,13207.78,,22570254.0,-0.04413702764218219
2008-03-18,13061.77,13263.81,12281.1,12489.02,,25502824.0,-0.054419440663003193
2008-03-19,12767.97,13281.75,12615.17,13044.2,,29339780.0,0.04445344790864292
2008-03-20,12894.41,13651.57,12291.91,13548.61,,33344389.0,0.03866929363241889
2008-03-21,13572.38,13941.9,13457.22,13718.96,,29167755.0,0.012573245521127152
2008-03-24,13888.98,13996.52,13098.24,13098.24,,26767423.0,-0.045245412188678946
2008-03-25,12889.76,13568.5,12717.96,13427.29,,23700878.0,0.02512169573927503
2008-03-26,13472.08,13800.2,13418.63,13489.09,,21079573.0,0.004602566861965363
2008-03-27,13294.41,13489.12,13068.0,13111.41,,23094231.0,-0.027998923574533263
2008-03-28,13002.86,13702.62,12813.34,13692.84,,27252949.0,0.044345345008660386
2008-03-31,13346.05,13620.82,13253.7,13302.14,,21086455.0,-0.028533160396236323
2008-04-01,13274.74,13399.97,12414.83,12460.62,,25626468.0,-0.0632620014523978
2008-04-02,12537.55,12862.83,12100.49,12344.24,,25941769.0,-0.009339824182103329
2008-04-03,12240.65,12705.7,12017.99,12652.91,,21897410.0,0.025005184604317554
2008-04-07,12493.92,13433.43,12383.42,13396.61,,26368661.0,0.05877699280244619
2008-04-08,13430.99,13735.79,13334.92,13592.64,,29238067.0,0.014632806359220707
2008-04-09,13518.51,13785.8,13078.81,13078.81,,28612399.0,-0.03780207524071855
2008-04-10,12889.76,13286.68,12731.2,13286.68,,23289689.0,0.015893647816582757
2008-04-11,13370.48,13525.33,13247.11,13328.11,,21122754.0,0.0031181604433914156
2008-04-14,13019.0,13074.3,12309.09,12343.61,,23770791.0,-0.073866437176764
2008-04-15,12203.86,12411.97,11807.8,12390.79,,21496381.0,0.003822220565944612
2008-04-16,12329.04,12408.61,12012.95,12057.28,,18656051.0,-0.026915959353681296
2008-04-17,12104.31,12331.88,11456.94,11657.08,,20620160.0,-0.03319156559356673
2008-04-18,11533.49,11733.14,11218.4,11292.04,,19206340.0,-0.03131487473706962
2008-04-21,12134.65,12134.65,10957.2,11094.33,,27814547.0,-0.01750879380519388
2008-04-22,10856.19,11208.71,10586.36,11174.77,,22597201.0,0.007250550506429976
2008-04-23,11149.26,11797.8,11090.61,11784.15,,27410688.0,0.054531771123701
2008-04-24,12787.38,12935.09,12548.87,12914.76,,55653583.0,0.09594327974440242
2008-04-25,12978.98,13463.91,12831.97,13104.95,,53150187.0,0.01472656092718716
2008-04-28,12899.77,13067.83,12688.86,12782.5,,33922982.0,-0.0246052064296316
2008-04-29,12680.19,13013.55,12641.63,12880.88,,30565098.0,0.007696460003911554
2008-04-30,12886.01,13557.46,12886.01,13504.89,,43685144.0,0.048444671482072765
2008-05-05,13673.59,13860.78,13533.23,13860.78,,45291021.0,0.026352676697107613
2008-05-06,13769.26,13881.17,13518.85,13702.56,,43346752.0,-0.011414942016250262
2008-05-07,13621.17,13804.9,12979.19,12979.19,,41430756.0,-0.052790865356546424
2008-05-08,12817.1,13322.64,12769.47,13317.53,,32253120.0,0.02606788251038772
2008-05-09,13409.8,13475.37,12846.49,13080.37,,39856604.0,-0.017808107058891576
2008-05-12,12869.77,13337.51,12640.95,13166.1,,37756976.0,0.006554095946827099
2008-05-13,12727.76,13356.87,12696.29,13074.23,,47166907.0,-0.006977768663461559
2008-05-14,13055.14,13532.34,13055.14,13532.34,,44578611.0,0.035039157181723235
2008-05-15,13664.4,13728.86,13396.2,13410.15,,41399472.0,-0.009029480488962016
2008-05-16,13377.22,13534.7,13104.8,13314.38,,33841972.0,-0.007141605425740938
2008-05-19,13283.33,13303.88,13079.24,13197.59,,26464930.0,-0.008771718998556333
2008-05-20,13171.11,13256.98,12397.88,12449.81,,34802961.0,-0.056660344805377405
2008-05-21,12319.87,12697.04,12020.05,12659.82,,37207641.0,0.01686853052375903
2008-05-22,12506.27,12591.04,12349.0,12366.19,,34638247.0,-0.02319385267721019
2008-05-23,12334.14,12471.6,12042.86,12216.39,,29877534.0,-0.012113674462384982
2008-05-26,12116.72,12121.74,11810.61,11890.17,,26820873.0,-0.026703469682942238
2008-05-27,11863.78,12090.35,11812.14,11998.37,,20712883.0,0.009099953995611587
2008-05-28,12009.3,12386.65,11954.92,12313.66,,24974488.0,0.02627773605914796
2008-05-29,12293.81,12293.81,11926.0,11947.14,,24786971.0,-0.02976531754165701
2008-05-30,11938.65,12048.24,11814.76,12048.24,,23226012.0,0.008462276327221518
2008-06-02,11999.95,12160.95,11879.61,12057.25,,22741227.0,0.0007478270685179478
2008-06-03,12087.06,12118.83,11895.26,11991.58,,22606297.0,-0.0054465155819113376
2008-06-04,11961.01,12011.48,11756.38,11970.48,,21756844.0,-0.0017595679635210582
2008-06-05,11913.4,11939.54,11799.11,11860.27,,19078147.0,-0.00920681543263091
2008-06-06,11832.82,11871.59,11670.65,11733.97,,18197537.0,-0.010648998715880875
2008-06-10,11212.84,11212.84,10723.54,10765.91,,23942833.0,-0.082500637039297
2008-06-11,10572.34,10646.45,10344.6,10458.08,,22756264.0,-0.028593031151105675
2008-06-12,10410.54,10517.61,10066.54,10340.14,,23297339.0,-0.01127740464788951
2008-06-13,10317.48,10367.16,9921.33,9936.73,,20098765.0,-0.03901397853413979
2008-06-16,9930.62,10036.89,9635.94,9825.27,,20663138.0,-0.011216969767720242
2008-06-17,9793.15,9918.08,9345.29,9429.5,,22635090.0,-0.04028082688821788
2008-06-18,9371.12,9962.62,9114.19,9903.14,,32342078.0,0.05022959860013776
2008-06-19,9808.42,9808.42,9132.52,9161.56,,28496157.0,-0.07488331983593077
2008-06-20,9187.34,9778.2,8888.78,9373.69,,33672062.0,0.02315435362536533
2008-06-23,9238.91,9439.4,9136.89,9238.86,,20603637.0,-0.01438387657368656
2008-06-24,9220.98,9595.36,9202.41,9525.66,,23360029.0,0.03104279099369389
2008-06-25,9504.07,9996.42,9472.79,9982.18,,32930420.0,0.04792528811651908
2008-06-26,9951.21,10132.34,9804.54,9999.66,,35129214.0,0.0017511204967251004
2008-06-27,9665.86,9690.09,9300.01,9436.21,,31985169.0,-0.056346915795137065
2008-06-30,9320.94,9510.28,9234.25,9370.78,,19473159.0,-0.00693392792233305
2008-07-01,9397.32,9439.27,9062.06,9096.97,,20115900.0,-0.02921955269465304
2008-07-02,9111.21,9252.34,9032.98,9162.14,,20803545.0,0.007163923811994488
2008-07-03,9013.99,9566.38,8922.58,9398.17,,35127215.0,0.025761448744507254
2008-07-04,9362.5,9529.76,9312.57,9400.72,,29539573.0,0.000271329418386701
2008-07-07,9397.63,9926.49,9397.63,9902.98,,38702754.0,0.053427822549762194
2008-07-08,9947.92,10053.5,9741.01,9950.27,,41833900.0,0.004775330254125576
2008-07-09,10003.22,10358.02,10003.22,10355.37,,61197496.0,0.040712463078891314
2008-07-10,10204.32,10472.61,10094.66,10178.61,,55596852.0,-0.017069404569802882
2008-07-11,10137.44,10216.91,9896.92,10031.38,,39564228.0,-0.014464646940987147
2008-07-14,9916.41,10144.53,9867.47,10054.27,,34339452.0,0.002281839587374934
2008-07-15,10094.68,10139.08,9620.88,9649.02,,43107936.0,-0.040306257938169554
2008-07-16,9528.48,9530.01,9179.26,9323.38,,38627844.0,-0.03374850502952642
2008-07-17,9460.3,9555.25,9211.13,9288.37,,32042574.0,-0.00375507594885105
2008-07-18,9379.43,9594.33,9208.16,9588.4,,34476536.0,0.03230168479507145
2008-07-21,9552.44,9897.31,9485.72,9870.99,,42567500.0,0.02947207041842237
2008-07-22,9871.8,9923.02,9784.38,9851.29,,38237948.0,-0.0019957471337727073
2008-07-23,9895.15,9930.26,9727.57,9734.72,,36931796.0,-0.011832968068141492
2008-07-24,9762.58,10030.23,9762.58,10005.99,,41029248.0,0.027866235495217273
2008-07-25,9904.55,10030.35,9833.95,9923.16,,37307532.0,-0.008278041453169571
2008-07-28,9974.84,10112.64,9921.68,9974.14,,37099896.0,0.005137476368414884
2008-07-29,9831.57,9838.93,9716.2,9791.87,,34061700.0,-0.018274257229194513
2008-07-30,9880.4,9914.64,9645.9,9715.79,,30247956.0,-0.0077697109949376175
2008-07-31,9735.51,9760.58,9470.33,9470.33,,28515606.0,-0.025264028967279084
2008-08-01,9420.72,9638.9,9282.47,9556.91,,30815718.0,0.009142236859750463
2008-08-04,9494.02,9558.44,9343.78,9375.69,,22775088.0,-0.018962195939901005
2008-08-05,9370.58,9431.05,9038.47,9080.21,,27729764.0,-0.03151554712239857
2008-08-06,9122.27,9173.59,8893.9,9047.14,,25331368.0,-0.003641986253621887
2008-08-07,9020.19,9140.36,8942.7,9035.29,,22249560.0,-0.0013098061928961124
2008-08-08,9047.71,9047.71,8647.0,8658.78,,29118964.0,-0.041671047636545167
2008-08-11,8627.11,8627.11,8129.98,8170.15,,28303120.0,-0.05643173749650654
2008-08-12,8091.83,8278.03,8053.55,8192.8,,23919462.0,0.0027722869225166313
2008-08-13,8150.0,8334.16,7986.74,8249.64,,26260232.0,0.006937799043062132
2008-08-14,8214.89,8337.0,8149.31,8278.65,,20371136.0,0.0035165170843818316
2008-08-15,8269.32,8355.09,8157.42,8233.41,,19615036.0,-0.005464659092968005
2008-08-18,8256.64,8258.14,7823.82,7833.09,,22449960.0,-0.04862140959821015
2008-08-19,7756.82,7970.69,7700.96,7963.57,,19345444.0,0.016657538723543253
2008-08-20,7918.57,8553.82,7874.79,8531.15,,38916116.0,0.07127205512100732
2008-08-21,8425.91,8552.54,8233.63,8243.03,,34601076.0,-0.03377270356282558
2008-08-22,8194.66,8241.14,7956.83,8101.68,,22770082.0,-0.017147820643622635
2008-08-25,8115.84,8183.19,7982.17,8065.45,,17829096.0,-0.004471911998499167
2008-08-26,7986.99,8034.53,7785.61,7887.37,,21690238.0,-0.022079363209740355
2008-08-27,7863.99,8000.78,7729.04,7827.16,,19597350.0,-0.007633723281651572
2008-08-28,7841.17,7943.46,7779.54,7817.05,,17692678.0,-0.001291656232912053
2008-08-29,7845.37,8084.41,7804.15,8004.24,,21873584.0,0.023946373631996698
2008-09-01,7954.01,7954.01,7659.46,7685.24,,16721972.0,-0.03985387744495417
2008-09-02,7640.56,7662.69,7542.46,7578.36,,15828930.0,-0.013907177915068347
2008-09-03,7540.31,7580.65,7338.38,7413.55,,20093462.0,-0.021747449316210865
2008-09-04,7385.84,7543.95,7354.89,7473.6,,16491655.0,0.008100033047595323
2008-09-05,7299.37,7384.47,7237.07,7264.2,,18176246.0,-0.028018625561978205
2008-09-08,7278.67,7302.8,6980.92,7004.0,,17585845.0,-0.03581949836182918
2008-09-09,7027.27,7076.2,6944.48,7022.18,,14166750.0,0.0025956596230725104
2008-09-10,6982.12,7178.4,6907.03,7065.47,,16330968.0,0.006164752256421879
2008-09-11,7046.47,7072.19,6852.82,6876.25,,15379535.0,-0.026780950170335438
2008-09-12,6859.65,7020.74,6859.65,6935.07,,13610394.0,0.008554081076167952
2008-09-16,6908.55,6946.03,6767.16,6873.61,,19564447.0,-0.008862203265432078
2008-09-17,6843.82,6909.54,6668.65,6680.06,,18403737.0,-0.028158420393359473
2008-09-18,6528.41,6686.19,6290.01,6563.07,,27038172.0,-0.017513315748660996
2008-09-19,7110.77,7154.0,7049.38,7154.0,,31544097.0,0.09003865569009628
2008-09-22,7654.08,7752.84,7228.69,7469.07,,60289662.0,0.04404109589041094
2008-09-23,7199.83,7270.97,7057.14,7062.08,,34241425.0,-0.054490050300773696
2008-09-24,6879.5,7083.45,6830.54,7083.45,,24246663.0,0.00302602066246771
2008-09-25,7103.71,7463.57,7089.59,7376.84,,41651012.0,0.04141908250922932
2008-09-26,7404.02,7598.69,7348.63,7559.27,,35505284.0,0.024730101235759472
2008-10-06,7406.02,7406.02,7214.56,7217.32,,27837862.0,-0.045235849493403535
2008-10-07,6939.68,7251.74,6863.27,7181.28,,23930402.0,-0.004993543309705029
2008-10-08,6974.84,7092.97,6867.31,6924.49,,21279027.0,-0.03575824922576476
2008-10-09,7043.55,7058.98,6754.0,6758.22,,21559084.0,-0.024011876686947264
2008-10-10,6482.19,6500.74,6345.8,6385.35,,23056596.0,-0.05517281177588185
2008-10-13,6330.19,6571.59,6109.15,6571.59,,23444989.0,0.02916676454697087
2008-10-14,6772.38,6807.14,6473.12,6473.12,,30868086.0,-0.014984197127331456
2008-10-15,6403.27,6453.03,6340.25,6406.35,,20134491.0,-0.01031496403588994
2008-10-16,6141.73,6312.18,6117.13,6166.56,,26571086.0,-0.03743004987239218
2008-10-17,6213.52,6247.35,6081.14,6209.51,,19928917.0,0.006964985340286889
2008-10-20,6220.43,6452.34,6101.42,6426.29,,23431771.0,0.034910967209973
2008-10-21,6435.91,6527.49,6379.16,6389.19,,28569819.0,-0.00577315994142813
2008-10-22,6293.04,6457.05,6265.39,6278.04,,22672738.0,-0.017396571396374183
2008-10-23,6213.92,6340.51,6153.16,6325.31,,22088060.0,0.007529420010066845
2008-10-24,6317.51,6370.54,6093.75,6158.95,,20224193.0,-0.02630068723904455
2008-10-27,6037.55,6039.09,5721.69,5734.81,,25516437.0,-0.06886563456433314
2008-10-28,5589.31,5923.44,5577.23,5891.12,,28904806.0,0.027256351997712036
2008-10-29,5973.5,5987.62,5792.77,5798.67,,25683988.0,-0.01569311098738435
2008-10-30,5835.72,6017.0,5772.92,5909.66,,24108812.0,0.019140596033228263
2008-10-31,5887.9,5930.78,5810.61,5839.33,,18219251.0,-0.011900853856228633
2008-11-03,5794.17,5913.39,5775.27,5825.0,,16329873.0,-0.0024540486665421968
2008-11-04,5807.12,5807.18,5633.31,5668.81,,18465107.0,-0.026813733905579284
2008-11-05,5721.52,5941.8,5721.17,5865.78,,25271674.0,0.0347462694992422
2008-11-06,5734.93,5767.13,5678.34,5720.55,,20222668.0,-0.02475885559976676
2008-11-07,5626.92,5787.79,5598.21,5753.1,,22465339.0,0.0056900123239898015
2008-11-10,5855.08,6128.72,5855.08,6127.12,,40993729.0,0.06501190662425471
2008-11-11,6113.85,6254.49,6046.97,6099.77,,45737306.0,-0.004463761114520293
2008-11-12,6017.19,6157.76,5998.8,6116.67,,33708980.0,0.0027705962683839402
2008-11-13,6030.79,6420.73,5986.11,6364.03,,58614405.0,0.04044030493716355
2008-11-14,6421.94,6660.43,6378.06,6660.41,,66355867.0,0.046571119243624004
2008-11-17,6634.63,6783.03,6576.84,6783.03,,66914695.0,0.018410278045946082
2008-11-18,6727.51,6790.52,6264.84,6293.3,,71764662.0,-0.0721992973641572
2008-11-19,6273.28,6698.2,6260.46,6679.94,,60453108.0,0.06143676608456605
2008-11-20,6564.44,6850.7,6534.85,6696.83,,67502557.0,0.002528465824543469
2008-11-21,6508.93,6854.63,6389.61,6711.35,,61318897.0,0.0021681900242354057
2008-11-24,6694.54,6745.41,6466.19,6466.19,,39880135.0,-0.03652916328309519
2008-11-25,6568.15,6609.08,6390.34,6489.0,,32288678.0,0.0035275796102496315
2008-11-26,6509.31,6610.53,6433.68,6533.87,,28589794.0,0.006914778856526471
2008-11-27,6923.37,6947.12,6683.24,6683.24,,60865285.0,0.022860877244267108
2008-11-28,6606.1,6727.81,6575.24,6658.51,,36404218.0,-0.003700301051585697
2008-12-01,6634.6,6768.05,6604.39,6763.97,,42715834.0,0.015838378255796037
2008-12-02,6619.36,6887.5,6596.64,6795.81,,58685871.0,0.004707294680490914
2008-12-03,6833.86,7041.07,6833.86,7041.07,,68097839.0,0.03608988479666131
2008-12-04,7123.0,7389.35,7122.47,7130.93,,86384790.0,0.012762264826226888
2008-12-05,7101.77,7299.15,7094.72,7279.15,,61626156.0,0.02078550764065823
2008-12-08,7363.65,7563.46,7347.99,7528.63,,79664467.0,0.03427323245159131
2008-12-09,7565.55,7585.16,7344.68,7360.99,,69335010.0,-0.02226699944080135
2008-12-10,7311.12,7498.23,7228.35,7490.29,,60765283.0,0.017565572022241627
2008-12-11,7467.45,7577.12,7354.44,7361.49,,58777121.0,-0.017195595898156224
2008-12-12,7304.58,7338.07,6988.8,7092.71,,52822928.0,-0.03651163011835912
2008-12-15,7184.16,7229.8,6968.6,7101.42,,40326840.0,0.0012280214473734397
2008-12-16,7052.77,7250.32,6955.19,7250.32,,41066300.0,0.020967637458423782
2008-12-17,7265.41,7378.11,7253.25,7286.87,,50520609.0,0.005041156804113545
2008-12-18,7291.7,7416.46,7215.38,7412.47,,48755909.0,0.017236481507149293
2008-12-19,7391.32,7507.7,7361.05,7438.83,,54379815.0,0.00355616953593052
2008-12-22,7429.46,7465.49,7204.84,7295.12,,51415059.0,-0.019318898267603912
2008-12-23,7310.19,7310.19,6950.28,6952.91,,58185089.0,-0.04690944083167925
2008-12-24,6871.29,6932.05,6794.28,6845.6,,40269297.0,-0.015433825549302282
2008-12-25,6871.09,6919.22,6704.81,6785.04,,34661699.0,-0.00884655837326176
2008-12-26,6741.24,6776.3,6654.59,6704.25,,30061376.0,-0.011907077924374843
2008-12-29,6641.78,6682.72,6483.54,6653.2,,27647088.0,-0.00761457284558309
2008-12-30,6629.89,6652.51,6498.31,6558.16,,29355058.0,-0.014284855407924013
2008-12-31,6546.08,6561.48,6460.7,6485.51,,29798618.0,-0.011077802310404117
2009-01-05,6557.42,6634.88,6514.49,6634.88,,34213755.0,0.023031342176636826
2009-01-06,6631.18,6820.08,6600.27,6795.34,,49380787.0,0.02418431079386507
2009-01-07,6769.6,6836.11,6725.21,6725.82,,46300130.0,-0.010230540340880778
2009-01-08,6600.04,6656.18,6546.77,6616.98,,40467033.0,-0.01618241344549809
2009-01-09,6621.22,6736.34,6620.38,6719.88,,39811074.0,0.015550900864140571
2009-01-12,6690.96,6798.97,6665.9,6719.91,,46859281.0,4.4643654351084194e-06
2009-01-13,6603.49,6664.51,6529.06,6530.81,,42110381.0,-0.02814025783083396
2009-01-14,6518.85,6811.87,6518.85,6811.87,,44232198.0,0.04303600931584284
2009-01-15,6739.63,6889.04,6720.56,6798.53,,57259411.0,-0.0019583462397256834
2009-01-16,6832.25,7038.94,6832.25,6917.48,,62689324.0,0.017496429375173816
2009-01-19,6972.58,7103.83,6912.1,6982.59,,48418786.0,0.009412387169894343
2009-01-20,6963.55,7020.51,6900.21,7020.51,,38882032.0,0.005430649658650921
2009-01-21,6912.74,7050.9,6879.16,6970.81,,47359881.0,-0.007079257774720071
2009-01-22,6994.84,7055.89,6928.9,7050.88,,47342019.0,0.011486470008506888
2009-01-23,7026.58,7094.57,6984.82,7015.24,,44385004.0,-0.005054688209131353
2009-02-02,7073.87,7099.25,6995.84,7087.61,,46618000.0,0.010316111779497206
2009-02-03,7089.95,7266.41,7046.62,7266.41,,71301548.0,0.025227121695465815
2009-02-04,7300.19,7477.63,7288.4,7477.63,,77048596.0,0.029067999190797167
2009-02-05,7468.67,7640.93,7348.38,7413.42,,86374400.0,-0.008586945328934448
2009-02-06,7440.27,7772.39,7440.27,7771.9,,86480036.0,0.04835554980022705
2009-02-09,7891.49,8129.19,7861.85,8087.69,,102932730.0,0.04063227782138212
2009-02-10,8066.67,8266.25,7942.35,8265.56,,94922722.0,0.02199268270668142
2009-02-11,8119.76,8506.67,8066.52,8289.21,,110604492.0,0.0028612701377763727
2009-02-12,8295.42,8354.13,8001.71,8318.8,,92613936.0,0.0035697008520716444
2009-02-13,8330.13,8648.02,8290.44,8628.75,,104089067.0,0.03725897966052805
2009-02-16,8707.92,8796.81,8552.47,8771.04,,107302655.0,0.016490221642764036
2009-02-17,8769.54,8800.63,8461.16,8461.16,,99320486.0,-0.03532990386544821
2009-02-18,8282.9,8441.3,8074.69,8083.5,,81959693.0,-0.04463454183587123
2009-02-19,8149.37,8289.51,8049.92,8213.9,,68667040.0,0.016131626152038114
2009-02-20,8235.76,8424.68,8157.59,8423.77,,70122775.0,0.02555059107123303
2009-02-23,8423.4,8763.84,8372.56,8727.7,,84813183.0,0.03608004492050476
2009-02-24,8637.88,8820.67,8369.14,8403.02,,101503281.0,-0.037201095363039505
2009-02-25,8443.42,8493.52,7994.59,8241.66,,83083355.0,-0.019202620010424942
2009-02-26,8207.85,8359.56,7650.82,7777.9,,79041879.0,-0.05627021740765814
2009-02-27,7668.11,7728.75,7453.4,7608.22,,64733559.0,-0.02181565718252987
2009-03-02,7511.66,7806.81,7495.82,7762.72,,48815506.0,0.020306983762299113
2009-03-03,7568.41,7814.81,7524.13,7695.62,,54308619.0,-0.008643877403796685
2009-03-04,7742.67,8253.78,7742.67,8227.69,,74363118.0,0.06913932860510275
2009-03-05,8341.53,8412.07,8110.02,8242.28,,82572163.0,0.0017732802281078541
2009-03-06,8094.08,8327.95,8062.91,8249.89,,60134483.0,0.000923288216367224
2009-03-09,8310.12,8426.99,7907.3,7946.8,,60766676.0,-0.03673867166713729
2009-03-10,7829.97,8045.66,7786.86,8045.66,,42139764.0,0.012440227512961144
2009-03-11,8225.34,8245.61,7908.25,7941.51,,52203767.0,-0.012944867170623597
2009-03-12,7900.87,7964.74,7696.16,7933.51,,45621467.0,-0.0010073650980733095
2009-03-13,7963.76,8051.47,7851.91,7875.74,,43151699.0,-0.0072817706160325235
2009-03-16,7847.34,8033.09,7795.05,8022.69,,38534362.0,0.018658564147622902
2009-03-17,8035.85,8427.89,8029.53,8389.87,,67252505.0,0.04576769138530867
2009-03-18,8438.48,8627.0,8415.71,8465.96,,79886606.0,0.009069270441615762
2009-03-19,8483.08,8665.15,8460.96,8622.47,,73131179.0,0.018486976078318396
2009-03-20,8657.44,8717.64,8477.85,8647.51,,78946261.0,0.0029040402576061553
2009-03-23,8664.67,8947.7,8623.13,8885.75,,84133735.0,0.027550127146427128
2009-03-24,9012.24,9071.69,8911.57,8954.84,,81669244.0,0.0077753706777705656
2009-03-25,8888.87,9029.42,8756.25,8756.25,,72315293.0,-0.02217683398028325
2009-03-26,8740.06,8988.33,8590.01,8983.87,,66995006.0,0.02599514632405442
2009-03-27,9043.26,9115.04,8934.7,8994.15,,82440518.0,0.0011442730137456447
2009-03-30,8991.87,8998.65,8846.16,8910.42,,68128725.0,-0.009309384433214829
2009-03-31,8745.25,8981.95,8709.32,8981.95,,67909941.0,0.008027679952235856
2009-04-01,9032.4,9245.66,9032.4,9156.01,,89626413.0,0.019378865391145528
2009-04-02,9189.3,9380.89,9183.83,9300.92,,89529037.0,0.015826762967711794
2009-04-03,9374.85,9436.64,9204.77,9244.66,,82759857.0,-0.0060488639833479185
2009-04-07,9251.13,9334.11,9126.93,9232.26,,63269434.0,-0.0013413148779943818
2009-04-08,9196.6,9235.89,8896.76,8896.97,,72598987.0,-0.036317218102609905
2009-04-09,8889.07,9030.31,8816.08,9030.31,,59970560.0,0.014987124830138754
2009-04-10,9094.58,9345.44,9080.12,9345.44,,83425658.0,0.034896919374860946
2009-04-13,9449.51,9577.03,9441.16,9539.8,,94260949.0,0.020797308633943246
2009-04-14,9519.42,9701.75,9460.05,9678.18,,91293796.0,0.014505545189626767
2009-04-15,9629.22,9734.06,9500.26,9724.58,,95331247.0,0.004794289835485577
2009-04-16,9751.77,9776.68,9563.08,9711.36,,99803244.0,-0.001359441744527734
2009-04-17,9679.97,9732.1,9487.86,9580.06,,87073149.0,-0.0135202484512984
2009-04-20,9559.61,9793.64,9547.6,9793.64,,84800107.0,0.02229422362699185
2009-04-21,9665.91,9760.73,9499.49,9640.9,,90814314.0,-0.01559583566477829
2009-04-22,9689.16,9762.83,9175.55,9249.08,,92938099.0,-0.0406414338910267
2009-04-23,9178.21,9409.14,9132.4,9360.84,,62638963.0,0.012083363967010818
2009-04-24,9398.49,9442.42,9313.23,9315.21,,59949023.0,-0.004874562539259442
2009-04-27,9291.22,9332.0,9032.49,9082.22,,57619920.0,-0.02501178180631458
2009-04-28,9011.42,9169.39,8985.6,9104.3,,49481062.0,0.002431123668001911
2009-04-29,9097.72,9425.79,9079.08,9383.21,,61454242.0,0.030634974682292926
2009-04-30,9464.03,9566.76,9422.7,9502.52,,68724734.0,0.012715264818756289
2009-05-04,9567.63,9899.67,9562.95,9899.67,,74782534.0,0.04179417670260088
2009-05-05,9958.54,10072.48,9910.69,9947.81,,78162385.0,0.004862788355571412
2009-05-06,9942.36,10183.76,9911.82,10149.07,,81750557.0,0.020231588661222988
2009-05-07,10229.04,10318.66,9973.55,10108.94,,93312821.0,-0.0039540568741766036
2009-05-08,10014.25,10252.22,9907.18,10183.06,,86730358.0,0.007332123842855864
2009-05-11,10248.52,10347.74,9865.22,9868.79,,91525743.0,-0.03086203950482458
2009-05-12,9774.8,10179.15,9764.84,10179.15,,61953747.0,0.031448637573603166
2009-05-13,10206.79,10331.5,10172.62,10294.37,,74382886.0,0.011319216241041818
2009-05-14,10179.51,10283.83,10087.73,10252.15,,67674791.0,-0.004101270888845154
2009-05-15,10276.55,10357.0,10164.92,10273.23,,62981499.0,0.002056154074998817
2009-05-18,10211.02,10339.02,10023.65,10314.04,,61397075.0,0.003972460462775773
2009-05-19,10413.28,10465.75,10359.63,10424.36,,79500450.0,0.010696099685477245
2009-05-20,10453.4,10497.17,10369.14,10369.14,,76813094.0,-0.005297207694285433
2009-05-21,10302.03,10342.77,10048.35,10108.86,,72602197.0,-0.0251014066740346
2009-05-22,10049.3,10158.52,9976.93,10072.63,,52233937.0,-0.0035839847420976456
2009-05-25,9861.37,10215.14,9824.62,10182.16,,63759900.0,0.010874021978371173
2009-05-26,10176.64,10207.89,10006.48,10022.3,,67486451.0,-0.015700008642567043
2009-05-27,10097.47,10165.43,10002.75,10127.92,,55145719.0,0.010538499146902414
2009-06-01,10267.74,10458.78,10267.74,10421.35,,65931722.0,0.028972385247908683
2009-06-02,10508.58,10566.11,10439.56,10484.33,,72442298.0,0.006043362904038396
2009-06-03,10473.12,10712.31,10459.02,10712.31,,76680064.0,0.02174483252625592
2009-06-04,10651.16,10800.24,10567.43,10733.72,,81697080.0,0.0019986352150003217
2009-06-05,10763.52,10817.04,10655.35,10667.11,,75631042.0,-0.006205677062565362
2009-06-08,10651.18,10736.39,10524.45,10611.75,,66803013.0,-0.00518978429959005
2009-06-09,10648.06,10740.09,10497.37,10740.09,,69161837.0,0.012094140928687658
2009-06-10,10819.32,10882.5,10754.03,10820.74,,74749686.0,0.007509248060304952
2009-06-11,10803.54,10858.7,10658.97,10699.91,,67408804.0,-0.01116651911052291
2009-06-12,10676.69,10768.75,10440.11,10524.13,,65972767.0,-0.016428175564093594
2009-06-15,10578.64,10768.96,10522.77,10768.96,,52856697.0,0.023263680703297984
2009-06-16,10655.99,10851.7,10614.03,10797.2,,51710101.0,0.0026223516476986397
2009-06-17,10782.65,11077.42,10688.06,11040.49,,61979861.0,0.02253269366131949
2009-06-18,11046.56,11198.37,11046.56,11151.63,,67927412.0,0.010066582189739659
2009-06-19,11166.64,11270.62,11099.66,11242.29,,73553397.0,0.008129753228900416
2009-06-22,11315.92,11354.73,11148.23,11190.71,,68720949.0,-0.004588033220989773
2009-06-23,11019.71,11286.63,10941.32,11125.66,,64424748.0,-0.005812857271790595
2009-06-24,11120.84,11381.64,11105.31,11381.64,,65134144.0,0.02300807322891396
2009-06-25,11410.57,11490.77,11332.73,11385.88,,63319727.0,0.00037252979359747584
2009-06-26,11425.62,11462.23,11334.62,11413.17,,57779357.0,0.002396828352310143
2009-06-29,11423.47,11655.26,11370.1,11605.51,,65752851.0,0.01685246079748226
2009-06-30,11644.9,11672.7,11541.94,11566.61,,62430100.0,-0.0033518561441935324
2009-07-01,11529.54,11849.29,11504.75,11848.75,,68715271.0,0.02439262670739306
2009-07-02,11875.86,11987.26,11858.07,11970.72,,78319285.0,0.01029391286000636
2009-07-03,11873.18,12261.91,11845.08,12258.79,,83447358.0,0.024064550837376686
2009-07-06,12301.92,12508.59,12301.92,12489.93,,85939161.0,0.018855041973963038
2009-07-07,12450.64,12593.81,12306.66,12362.44,,83419529.0,-0.010207423100049406
2009-07-08,12225.63,12530.9,12096.84,12488.58,,73700013.0,0.010203487337451245
2009-07-09,12491.52,12652.08,12444.54,12637.94,,86390998.0,0.011959726406044702
2009-07-10,12640.2,12814.0,12602.93,12706.01,,88208213.0,0.005386162618274737
2009-07-13,12705.48,12795.38,12640.51,12660.55,,82841708.0,-0.0035778344263857065
2009-07-14,12752.08,12991.06,12752.08,12991.06,,85986347.0,0.026105500945851512
2009-07-15,13027.66,13112.34,12977.66,13079.26,,95397522.0,0.006789284323219347
2009-07-16,13158.97,13222.5,13031.7,13081.89,,94253516.0,0.00020108171257393614
2009-07-17,13058.28,13183.33,12988.73,13131.97,,81913317.0,0.0038281930210390946
2009-07-20,13150.91,13381.22,13069.84,13381.22,,96605853.0,0.018980396696002266
2009-07-21,13380.57,13420.92,13158.59,13177.21,,96292639.0,-0.01524599401250415
2009-07-22,13113.66,13378.91,13111.83,13353.21,,84073819.0,0.013356393348819662
2009-07-23,13374.75,13528.54,13326.75,13521.65,,85732917.0,0.012614195388225058
2009-07-24,13602.24,13660.28,13276.2,13531.72,,89451735.0,0.0007447315971054191
2009-07-27,13599.66,13751.74,13465.72,13743.4,,88648559.0,0.01564324416999474
2009-07-28,13785.85,13881.14,13634.79,13836.66,,102802772.0,0.006785802639812655
2009-07-29,13778.58,13810.09,12720.05,13070.6,,108279962.0,-0.05536451715948787
2009-07-30,13141.76,13377.01,12796.3,13272.53,,87690702.0,0.015449176013342836
2009-07-31,13387.88,13671.13,13250.5,13670.72,,86652432.0,0.030001062344556573
2009-08-03,13735.08,13867.71,13582.34,13856.99,,98083888.0,0.013625471079796947
2009-08-04,13924.92,13929.98,13603.0,13904.55,,104572240.0,0.003432202808835161
2009-08-05,13895.69,13943.44,13572.82,13782.94,,97502757.0,-0.008746057945061114
2009-08-06,13660.39,13781.81,13268.3,13495.97,,89739995.0,-0.0208206667082641
2009-08-07,13459.42,13569.64,12943.84,12975.26,,76153378.0,-0.038582628740283176
2009-08-10,13109.32,13243.82,12745.9,12973.65,,61553506.0,-0.00012408229199267762
2009-08-11,13033.09,13198.84,12943.92,13137.11,,51281930.0,0.012599384136307235
2009-08-12,13091.96,13101.99,12547.42,12591.66,,65036502.0,-0.0415197863152551
2009-08-13,12622.75,12834.08,12383.19,12802.91,,55036351.0,0.01677697777735432
2009-08-14,12807.44,12924.2,12472.94,12499.75,,61438654.0,-0.023678991729224053
2009-08-17,12269.49,12378.01,11652.92,11668.8,,60778179.0,-0.06647732954659102
2009-08-18,11527.7,11833.03,11466.99,11773.3,,49309976.0,0.008955505279034659
2009-08-19,11818.0,11833.97,11072.61,11209.93,,55471813.0,-0.047851494483279855
2009-08-20,11193.03,11667.98,11193.03,11648.35,,55775205.0,0.039109967680440505
2009-08-21,11602.31,11981.48,11542.4,11892.02,,63108614.0,0.020918842582855035
2009-08-24,11962.76,12126.86,11847.52,12075.8,,64443518.0,0.015454060790345059
2009-08-25,12009.56,12009.56,11332.39,11688.17,,71375693.0,-0.03209973666340937
2009-08-26,11598.58,12101.82,11546.25,11995.03,,68481898.0,0.02625389603333983
2009-08-27,11868.66,12148.18,11760.96,11897.74,,71061153.0,-0.008110859247538404
2009-08-28,11880.03,11963.52,11418.05,11450.08,,58014703.0,-0.0376256331034297
2009-08-31,11297.46,11297.46,10561.74,10585.09,,58203660.0,-0.07554445034445167
2009-09-01,10463.04,10855.28,10387.42,10614.28,,49258038.0,0.0027576525093315762
2009-09-02,10503.39,10811.58,10462.11,10738.95,,40888349.0,0.011745497574965125
2009-09-03,10772.76,11445.36,10765.01,11404.05,,61299469.0,0.06193342924587575
2009-09-04,11416.66,11609.48,11369.86,11519.68,,62469648.0,0.010139380307873092
2009-09-07,11591.64,11837.51,11526.96,11635.45,,66462289.0,0.01004975832662014
2009-09-08,11548.25,11923.34,11425.5,11923.34,,65140803.0,0.024742489547030733
2009-09-09,12000.1,12097.61,11828.88,12047.22,,69924781.0,0.010389706240029994
2009-09-10,11954.83,12066.16,11849.48,11887.02,,57889145.0,-0.013297673654170783
2009-09-11,11839.08,12173.2,11834.47,12096.26,,62748641.0,0.01760239319863177
2009-09-14,12145.84,12387.56,12128.46,12385.06,,77277290.0,0.023875148186298878
2009-09-15,12406.06,12530.07,12306.25,12438.24,,78035588.0,0.004293883114010022
2009-09-16,12396.5,12456.96,12097.6,12294.88,,78204283.0,-0.011525746407851978
2009-09-17,12334.96,12521.88,12334.96,12473.61,,81653054.0,0.014536945460224215
2009-09-18,12486.78,12488.6,11854.24,11977.4,,90212869.0,-0.039780785193700985
2009-09-21,11836.76,12048.64,11553.9,12045.21,,66852563.0,0.005661495817122164
2009-09-22,11985.82,12230.23,11806.76,11813.46,,64994676.0,-0.01924001325008029
2009-09-23,11787.87,11898.47,11383.94,11462.33,,58387059.0,-0.029722875431922535
2009-09-24,11386.44,11654.09,11109.08,11475.88,,52122045.0,0.0011821331265109425
2009-09-25,11382.15,11539.04,11261.7,11384.16,,39314913.0,-0.007992415396466224
2009-09-28,11418.44,11527.63,11042.07,11086.71,,37746995.0,-0.02612841000126498
2009-09-29,11092.52,11157.55,10883.13,11069.28,,39776709.0,-0.0015721526043341871
2009-09-30,11121.23,11300.03,11121.23,11206.85,,35040179.0,0.012428089270485554
2009-10-09,11499.7,11809.1,11452.33,11801.23,,43635477.0,0.05303720492377417
2009-10-12,11829.3,11895.91,11728.06,11743.89,,46118600.0,-0.004858815564140362
2009-10-13,11710.14,11874.9,11679.2,11874.9,,42389293.0,0.011155588139875272
2009-10-14,11914.77,12171.47,11895.3,11975.91,,61813353.0,0.008506176894121253
2009-10-15,12092.42,12214.07,11985.26,12010.18,,53618413.0,0.0028615779510701156
2009-10-16,12046.8,12126.92,11828.06,12033.37,,51004433.0,0.0019308619854156994
2009-10-19,12047.74,12485.21,12035.19,12483.27,,68982443.0,0.03738769771061645
2009-10-20,12566.47,12684.97,12531.67,12676.24,,76952220.0,0.01545828937449878
2009-10-21,12683.73,12875.1,12631.48,12692.72,,76106224.0,0.0013000700523182473
2009-10-22,12670.97,12751.3,12586.67,12624.68,,67665354.0,-0.005360553135970836
2009-10-23,12656.32,12941.38,12656.32,12843.21,,81345038.0,0.017309745672761556
2009-10-26,12869.34,12916.81,12708.88,12815.26,,70853989.0,-0.0021762472154546186
2009-10-27,12704.24,12739.09,12412.45,12412.45,,71921095.0,-0.03143205834294427
2009-10-28,12349.47,12527.61,12234.35,12505.33,,60459992.0,0.007482809598427398
2009-10-29,12270.61,12373.71,12174.12,12193.16,,60472774.0,-0.024962955795648778
2009-10-30,12427.1,12491.72,12294.19,12297.16,,66091652.0,0.00852937220540051
2009-11-02,12016.61,12718.97,11957.58,12715.65,,76922943.0,0.03403143490041605
2009-11-03,12754.7,12903.68,12727.48,12859.86,,94573212.0,0.011341142607731447
2009-11-04,12886.1,13024.16,12772.8,12931.21,,93515496.0,0.005548271909647351
2009-11-05,12945.93,12982.79,12777.29,12901.7,,80320644.0,-0.0022820756912924622
2009-11-06,12994.51,13082.17,12940.99,12987.2,,93663316.0,0.006627033646728675
2009-11-09,12996.29,13064.38,12890.01,13036.3,,78936635.0,0.0037806455587039434
2009-11-10,13133.66,13224.79,13115.04,13151.49,,80645668.0,0.008836096131571214
2009-11-11,13138.89,13200.08,13003.79,13106.92,,71481975.0,-0.0033889696148496906
2009-11-12,13135.91,13299.29,13129.74,13180.28,,78522949.0,0.005597043393871459
2009-11-13,13140.47,13264.4,12989.75,13264.4,,81021466.0,0.00638226198532954
2009-11-16,13354.17,13699.68,13354.17,13699.68,,105910275.0,0.032815656946413085
2009-11-17,13766.57,13771.63,13627.21,13671.08,,92113471.0,-0.002087640003270219
2009-11-18,13681.9,13750.18,13571.74,13642.35,,90610127.0,-0.002101516485895738
2009-11-19,13669.53,13733.45,13549.32,13699.55,,97751932.0,0.004192826016045537
2009-11-20,13645.7,13781.01,13540.1,13695.15,,99341016.0,-0.0003211784328681633
2009-11-23,13710.26,13854.66,13667.48,13854.66,,94880453.0,0.01164718896835737
2009-11-24,13899.84,14032.6,13402.44,13453.28,,135944350.0,-0.028970757853314266
2009-11-25,13409.2,13817.22,13332.53,13814.55,,105828927.0,0.026853674345586942
2009-11-26,13848.96,13920.9,13248.27,13287.37,,124074453.0,-0.0381612140822537
2009-11-27,13067.53,13292.76,12800.7,12876.15,,89269283.0,-0.030948186134652778
2009-11-30,13015.48,13486.77,13015.48,13486.77,,77043654.0,0.04742256031500114
2009-12-01,13474.86,13702.06,13363.74,13682.17,,90138344.0,0.014488272581203665
2009-12-02,13724.56,13850.26,13687.3,13800.5,,98132147.0,0.008648481929401486
2009-12-03,13789.08,13822.91,13604.15,13759.84,,90259949.0,-0.0029462700626788907
2009-12-04,13731.88,13950.93,13448.78,13884.93,,110411285.0,0.009090948731961923
2009-12-07,13924.4,14070.81,13872.52,14051.52,,72192015.0,0.011997899881382112
2009-12-08,14079.89,14096.87,13808.82,13930.28,,78933525.0,-0.008628248047186315
2009-12-09,13777.82,13905.77,13713.52,13772.17,,65189934.0,-0.01135009490117933
2009-12-10,13862.76,13992.3,13763.63,13868.8,,55253034.0,0.0070163234987659084
2009-12-11,13942.24,14041.75,13843.8,13875.87,,57285320.0,0.0005097773419475704
2009-12-14,13882.18,13971.23,13544.5,13940.44,,61540994.0,0.004653401912817046
2009-12-15,13865.12,13972.65,13782.9,13825.84,,60948225.0,-0.008220687438846963
2009-12-16,13760.76,13883.31,13644.69,13664.97,,51805404.0,-0.011635459400658577
2009-12-17,13694.68,13752.92,13368.63,13391.72,,55494422.0,-0.019996384917054355
2009-12-18,13263.3,13263.3,12900.04,12914.97,,55213327.0,-0.03560035604089695
2009-12-21,12911.8,13011.15,12815.34,13011.15,,39216480.0,0.007447171770433858
2009-12-22,13042.92,13060.49,12642.12,12647.51,,45539434.0,-0.027948336618976777
2009-12-23,12635.68,12859.92,12635.68,12813.29,,41429820.0,0.013107718436277338
2009-12-24,12867.36,13341.64,12839.46,13305.31,,55302140.0,0.03839919333754249
2009-12-25,13298.86,13364.29,13223.99,13289.94,,49471701.0,-0.0011551778951410796
2009-12-28,13311.02,13502.36,13311.02,13463.98,,52534459.0,0.013095619694295069
2009-12-29,13484.49,13503.99,13308.8,13503.99,,55848783.0,0.0029716324593471732
2009-12-30,13504.15,13645.17,13459.59,13644.47,,62277822.0,0.010402851305429062
2009-12-31,13636.3,13699.97,13509.01,13699.97,,53962712.0,0.0040675819581119654
2010-01-04,13766.1,13782.81,13533.54,13533.54,,57570391.0,-0.012148201784383361
2010-01-05,13539.83,13597.36,13324.56,13517.38,,71781488.0,-0.0011940704353776699
2010-01-06,13509.39,13677.4,13456.29,13505.18,,70311127.0,-0.0009025417647502421
2010-01-07,13514.64,13571.35,13148.25,13235.48,,72938980.0,-0.019970115170623526
2010-01-08,13180.9,13270.63,13040.34,13267.44,,58439551.0,0.0024147216421317452
2010-01-11,13559.28,13606.23,13089.88,13161.09,,70225651.0,-0.008015864401874073
2010-01-12,13187.39,13381.25,12993.23,13381.25,,77314203.0,0.016728097748742732
2010-01-13,13031.55,13227.96,12936.32,13016.56,,84422347.0,-0.027253806632414834
2010-01-14,13037.8,13222.22,12965.79,13204.19,,82196572.0,0.014414714794077854
2010-01-15,13247.65,13320.4,13118.25,13264.37,,73688659.0,0.0045576442023327335
2010-01-18,13234.11,13373.11,13175.93,13361.52,,75248225.0,0.007324132242993775
2010-01-19,13389.59,13433.06,13318.35,13350.67,,75297098.0,-0.0008120333614738406
2010-01-20,13375.53,13389.93,12871.58,12916.15,,90533622.0,-0.032546681177798575
2010-01-21,12928.52,12982.88,12732.96,12917.15,,59927578.0,7.742245173680828e-05
2010-01-22,12756.92,12756.92,12394.07,12595.94,,68625934.0,-0.024866940462872966
2010-01-25,12506.14,12640.73,12458.56,12470.19,,45018881.0,-0.009983375595628452
2010-01-26,12496.11,12536.47,12091.09,12162.56,,52205481.0,-0.024669231182524176
2010-01-27,12157.14,12233.12,11946.49,12046.78,,42695000.0,-0.009519377499473736
2010-01-28,12008.96,12166.47,11903.99,12120.48,,42039422.0,0.0061178173752654
2010-01-29,12058.7,12339.06,11998.66,12137.2,,50309866.0,0.0013794833207927404
2010-02-01,12125.51,12126.26,11841.96,11989.11,,52897515.0,-0.012201331443825625
2010-02-02,12035.93,12173.91,11912.93,11912.93,,46374330.0,-0.006354099678791858
2010-02-03,11961.12,12262.57,11714.16,12262.57,,60457393.0,0.029349622636916317
2010-02-04,12177.15,12283.52,12112.93,12169.48,,63588966.0,-0.007591393973693905
2010-02-05,11892.31,12018.39,11823.07,11917.14,,65192231.0,-0.020735479248086164
2010-02-08,11900.1,11997.66,11847.02,11947.34,,41573906.0,0.002534165076520045
2010-02-09,11935.8,12037.32,11900.28,11970.44,,37138427.0,0.0019334847756906637
2010-02-10,12083.0,12185.38,12051.16,12185.38,,33833700.0,0.017955898028810813
2010-02-11,12178.95,12297.41,12152.35,12224.6,,32963862.0,0.0032186111553353935
2010-02-12,12259.47,12327.93,12241.61,12304.78,,31611398.0,0.00655890581286922
2010-02-22,12299.11,12337.77,12213.54,12213.54,,37537721.0,-0.007415004575457629
2010-02-23,12185.94,12185.94,11922.73,12069.21,,45644697.0,-0.011817212700003576
2010-02-24,11994.95,12282.09,11936.95,12282.09,,59689563.0,0.017638271270447703
2010-02-25,12324.94,12495.99,12324.94,12494.27,,71480736.0,0.017275561406894235
2010-02-26,12473.0,12527.02,12417.24,12436.66,,64418501.0,-0.004610913642813963
2010-03-01,12480.81,12599.27,12454.03,12588.26,,68953436.0,0.012189767992371037
2010-03-02,12595.32,12690.48,12517.28,12548.91,,71436506.0,-0.0031259284444394853
2010-03-03,12544.02,12612.69,12444.2,12612.69,,75186674.0,0.005082513142575795
2010-03-04,12647.99,12720.36,12292.28,12312.89,,83625551.0,-0.02376971129870009
2010-03-05,12312.74,12433.57,12268.56,12341.74,,54891737.0,0.0023430729909874604
2010-03-08,12376.33,12470.87,12327.72,12437.57,,49968122.0,0.007764707407545535
2010-03-09,12440.21,12569.56,12289.96,12507.66,,57236817.0,0.005635345167906536
2010-03-10,12496.78,12553.97,12363.41,12391.65,,52009239.0,-0.009275116208787293
2010-03-11,12399.77,12468.94,12277.19,12367.69,,47041912.0,-0.0019335600989375257
2010-03-12,12364.57,12376.59,12167.34,12169.11,,45629352.0,-0.016056353288285807
2010-03-15,12154.53,12158.87,11866.99,11903.33,,38061355.0,-0.021840545446626836
2010-03-16,11931.32,11985.03,11835.62,11948.76,,35413974.0,0.0038165790581290437
2010-03-17,12007.8,12233.77,11975.58,12233.77,,52613244.0,0.023852684295274207
2010-03-18,12257.85,12354.93,12198.08,12236.73,,55724530.0,0.00024195321638376122
2010-03-19,12265.3,12361.21,12185.45,12352.92,,56199863.0,0.009495183762328718
2010-03-22,12358.03,12411.22,12304.5,12352.45,,57500218.0,-3.804768427217997e-05
2010-03-23,12362.39,12400.25,12280.02,12304.98,,56108276.0,-0.0038429623273116276
2010-03-24,12315.61,12359.22,12260.48,12290.04,,58947900.0,-0.001214142566668075
2010-03-25,12266.59,12266.59,12078.26,12086.9,,60628961.0,-0.01652883147654538
2010-03-26,12081.11,12282.27,12030.43,12240.36,,50653630.0,0.012696390306861316
2010-03-29,12301.6,12574.88,12301.6,12552.45,,61088915.0,0.025496799113751578
2010-03-30,12574.81,12617.67,12527.58,12593.04,,56299657.0,0.0032336316814645105
2010-03-31,12603.75,12611.44,12469.45,12494.35,,59050986.0,-0.0078368686194914
2010-04-01,12512.41,12689.07,12512.41,12686.06,,76986046.0,0.015343735368386513
2010-04-02,12717.98,12793.71,12707.04,12767.86,,75312460.0,0.006448022475063375
2010-04-06,12824.15,12849.71,12651.11,12702.84,,71810750.0,-0.005092474384900902
2010-04-07,12696.33,12696.33,12561.41,12631.97,,64786149.0,-0.005579067358165601
2010-04-08,12603.25,12603.25,12381.38,12427.0,,71421863.0,-0.016226289327792798
2010-04-09,12452.35,12555.12,12393.52,12555.12,,68395515.0,0.010309809286231708
2010-04-12,12605.95,12625.77,12338.86,12399.2,,87420180.0,-0.01241883789242959
2010-04-13,12387.39,12550.35,12261.27,12511.89,,93877786.0,0.00908848957997277
2010-04-14,12514.81,12557.7,12447.91,12557.7,,71659640.0,0.0036613173549320255
2010-04-15,12561.53,12584.11,12422.32,12513.29,,73512223.0,-0.003536475628498792
2010-04-16,12503.47,12508.52,12363.79,12416.86,,56200909.0,-0.007706206760971779
2010-04-19,12248.02,12248.02,11641.6,11644.58,,80720323.0,-0.06219607855770304
2010-04-20,11627.41,11713.91,11395.74,11538.98,,70658714.0,-0.009068596720534394
2010-04-21,11557.6,11779.13,11501.96,11766.82,,80087641.0,0.01974524611360806
2010-04-22,11745.24,11822.81,11573.62,11703.96,,81188123.0,-0.005342140017438934
2010-04-23,11681.97,11808.05,11638.03,11702.87,,74274580.0,-9.313087194406933e-05
2010-04-26,11701.43,11767.66,11594.24,11602.63,,62619384.0,-0.008565420277248381
2010-04-27,11565.99,11565.99,11179.5,11355.37,,68432915.0,-0.021310685594559065
2010-04-28,11250.53,11444.58,11174.17,11333.85,,53194097.0,-0.0018951385996229808
2010-04-29,11403.0,11452.41,11195.22,11196.35,,57831368.0,-0.012131799873829285
2010-04-30,11135.84,11192.38,10974.15,11162.54,,56438869.0,-0.0030197341097768504
2010-05-04,10959.16,11139.16,10911.86,10960.77,,41107032.0,-0.0180756351153053
2010-05-05,10853.13,11006.58,10671.89,11003.73,,53779342.0,0.003919432667595313
2010-05-06,10936.96,10936.96,10421.71,10422.56,,56947870.0,-0.05281572703074322
2010-05-07,10184.79,10346.2,10091.32,10146.43,,53207306.0,-0.026493491042507755
2010-05-10,10156.9,10314.02,10042.13,10264.05,,50267337.0,0.011592254615662823
2010-05-11,10486.27,10511.15,10083.8,10091.2,,51418859.0,-0.01684033105840277
2010-05-12,10006.94,10202.56,9905.48,10146.63,,46329041.0,0.005492904709053281
2010-05-13,10161.18,10417.81,10114.68,10417.81,,47323256.0,0.02672611497610533
2010-05-14,10354.78,10400.28,10257.75,10330.14,,43472388.0,-0.008415396326099223
2010-05-17,10168.15,10177.82,9728.67,9731.72,,45689318.0,-0.057929514992052344
2010-05-18,9719.07,10056.22,9627.42,10003.81,,50251938.0,0.027959086369110597
2010-05-19,9904.75,10138.18,9818.9,9991.4,,44714490.0,-0.0012405273590762045
2010-05-20,9917.53,10214.33,9903.11,9945.55,,42289560.0,-0.004588946493984891
2010-05-21,9698.07,10209.24,9666.47,10209.07,,51856886.0,0.02649627220214068
2010-05-24,10296.19,10710.12,10296.19,10620.13,,70376609.0,0.04026419644492596
2010-05-25,10539.41,10545.54,10304.84,10365.23,,58014103.0,-0.024001589434404225
2010-05-26,10353.4,10465.32,10286.38,10361.7,,44589338.0,-0.0003405616662629507
2010-05-27,10342.19,10575.74,10199.11,10543.33,,55841267.0,0.01752897690533395
2010-05-28,10636.86,10670.29,10447.16,10495.65,,58784676.0,-0.00452229039591856
2010-05-31,10455.34,10553.24,10204.17,10204.17,,53394161.0,-0.027771505337925717
2010-06-01,10123.67,10246.03,9970.05,10098.45,,50605792.0,-0.010360470278327316
2010-06-02,10062.75,10188.14,9950.53,10188.14,,41551361.0,0.008881561031643281
2010-06-03,10249.28,10317.97,10118.04,10118.04,,49714021.0,-0.006880549344630005
2010-06-04,10086.05,10202.06,10055.32,10187.2,,42165265.0,0.006835315930753483
2010-06-07,9977.23,10083.27,9922.78,9992.67,,47443719.0,-0.01909553164755773
2010-06-08,9981.74,10104.09,9944.47,10038.78,,47285716.0,0.004614382342256862
2010-06-09,10086.77,10358.59,10039.76,10346.27,,63812461.0,0.030630216022265566
2010-06-10,10271.3,10337.12,10217.3,10222.22,,64776778.0,-0.011989828218285536
2010-06-11,10286.05,10357.01,10222.69,10239.33,,53777423.0,0.001673804711696647
2010-06-17,10300.5,10329.44,10162.37,10162.37,,42715454.0,-0.0075161167771718995
2010-06-18,10156.96,10234.41,9934.82,9966.54,,50546162.0,-0.019270111204374607
2010-06-21,9957.37,10323.18,9874.43,10309.61,,51166458.0,0.03442217660291336
2010-06-22,10268.73,10407.38,10242.14,10345.55,,48128983.0,0.003486067853196939
2010-06-23,10282.46,10374.33,10157.66,10256.27,,45915511.0,-0.008629797352484814
2010-06-24,10244.01,10343.57,10173.39,10250.9,,37223102.0,-0.0005235821599861579
2010-06-25,10195.9,10219.72,10037.94,10104.83,,39659560.0,-0.01424948053341657
2010-06-28,10101.27,10165.57,9980.67,10012.06,,32398738.0,-0.009180758112704579
2010-06-29,10022.8,10061.03,9508.59,9508.91,,49053103.0,-0.050254393201798586
2010-06-30,9428.16,9449.81,9335.57,9386.94,,37887422.0,-0.012826917070410726
2010-07-01,9376.08,9439.74,9203.91,9203.91,,35650842.0,-0.019498366879941775
2010-07-02,9192.1,9272.64,8945.2,9227.89,,45019260.0,0.0026054144379943356
2010-07-05,9122.43,9237.07,8982.8,9171.03,,34078901.0,-0.00616175528750329
2010-07-06,9128.18,9403.07,9122.02,9363.02,,42633032.0,0.020934398862505033
2010-07-07,9392.99,9485.43,9359.35,9485.43,,42109341.0,0.013073773205653616
2010-07-08,9528.26,9585.37,9436.4,9465.8,,41093784.0,-0.002069489733201424
2010-07-09,9480.29,9868.8,9399.51,9816.86,,58339992.0,0.037087198123771925
2010-07-12,9829.58,9999.99,9795.47,9959.22,,58680888.0,0.014501581972239386
2010-07-13,9850.35,9857.49,9733.7,9801.76,,50832064.0,-0.0158104751175292
2010-07-14,9813.31,9959.0,9759.33,9803.72,,48984245.0,0.0001999640880820941
2010-07-15,9793.97,9957.26,9709.04,9718.73,,45195020.0,-0.008669158237893382
2010-07-16,9677.78,9841.77,9599.97,9806.64,,38483697.0,0.009045420543630778
2010-07-19,9727.01,10154.36,9700.56,10097.1,,49170760.0,0.02961870732483307
2010-07-20,10095.2,10372.27,10095.2,10339.43,,72913685.0,0.023999960384664787
2010-07-21,10345.98,10433.41,10294.51,10324.13,,70208005.0,-0.0014797720957538951
2010-07-22,10302.35,10483.23,10284.51,10471.77,,62005432.0,0.01430047858754202
2010-07-23,10510.68,10587.03,10429.1,10527.95,,63037732.0,0.005364900107622805
2010-07-26,10555.69,10614.67,10449.52,10591.13,,61490728.0,0.0060011683186183
2010-07-27,10574.17,10631.17,10510.45,10566.21,,57378737.0,-0.002352912295477405
2010-07-28,10567.15,10832.31,10526.95,10825.17,,78709378.0,0.0245083147126548
2010-07-29,10847.51,10899.43,10751.03,10838.91,,83867812.0,0.0012692641316487396
2010-07-30,10801.26,10836.28,10693.14,10785.35,,67462713.0,-0.00494145629034648
2010-08-02,10789.07,11041.94,10786.56,11004.74,,74987616.0,0.020341481732164324
2010-08-03,11039.37,11091.18,10830.7,10830.7,,82023165.0,-0.015815003353100487
2010-08-04,10781.45,10870.95,10625.89,10870.38,,73075635.0,0.0036636597819161842
2010-08-05,10862.05,10876.67,10701.68,10768.08,,73221656.0,-0.009410894559343741
2010-08-06,10762.6,10949.24,10627.58,10942.93,,81025974.0,0.016237806554186163
2010-08-09,10923.89,11031.52,10906.88,11017.41,,80403818.0,0.006806221002967128
2010-08-10,11028.15,11050.83,10715.39,10715.39,,82243339.0,-0.02741297637103457
2010-08-11,10658.91,10861.39,10654.49,10806.63,,58910153.0,0.008514855735535454
2010-08-12,10684.0,10899.31,10645.21,10680.02,,66427719.0,-0.011715955853027094
2010-08-13,10684.19,10886.67,10613.28,10886.57,,60059250.0,0.019339851423499033
2010-08-16,10870.74,11200.86,10827.6,11164.79,,80711267.0,0.025556258766535445
2010-08-17,11180.75,11320.46,11171.32,11281.97,,79241570.0,0.010495495213076023
2010-08-18,11304.12,11365.54,11218.91,11282.33,,78897865.0,3.190932080121556e-05
2010-08-19,11283.36,11424.08,11218.63,11321.17,,81917007.0,0.00344255131697091
2010-08-20,11280.49,11303.87,11060.06,11090.46,,81777810.0,-0.02037863577704435
2010-08-23,11098.27,11177.31,11049.49,11078.86,,65103012.0,-0.0010459439915024848
2010-08-24,11067.21,11311.1,10986.07,11214.24,,72530642.0,0.012219668810689921
2010-08-25,11143.3,11199.76,10953.47,10963.99,,72189289.0,-0.022315377591348162
2010-08-26,11001.38,11105.44,10958.62,11009.49,,62709747.0,0.004149949060515468
2010-08-27,10992.76,11052.93,10926.17,11034.73,,53235705.0,0.002292567593957573
2010-08-30,11114.72,11350.16,11098.74,11303.33,,75963634.0,0.024341329602083572
2010-08-31,11273.86,11377.71,11237.1,11338.71,,85268071.0,0.0031300510557508154
2010-09-01,11369.39,11476.61,11169.9,11318.74,,93726477.0,-0.001761223278485713
2010-09-02,11482.35,11536.31,11392.9,11465.15,,88107717.0,0.012935185365155366
2010-09-03,11497.48,11540.42,11360.34,11467.09,,91566075.0,0.00016920842727752294
2010-09-06,11550.13,11703.66,11550.13,11656.08,,93240456.0,0.016481077588123894
2010-09-07,11674.25,11735.34,11591.92,11682.7,,76237734.0,0.0022837866589797695
2010-09-08,11631.58,11729.82,11579.63,11722.78,,80212746.0,0.0034307137904765472
2010-09-09,11750.89,11750.89,11445.08,11465.35,,95756002.0,-0.02195980816836962
2010-09-10,11465.92,11547.43,11302.73,11530.99,,81854643.0,0.005725075989830186
2010-09-13,11541.92,11751.27,11492.72,11690.35,,81051419.0,0.013820149007153892
2010-09-14,11719.83,11759.01,11630.9,11665.41,,83619866.0,-0.002133383517174514
2010-09-15,11653.41,11653.41,11377.45,11412.1,,81388720.0,-0.021714624689573636
2010-09-16,11391.23,11432.31,11060.66,11164.02,,77898508.0,-0.02173833036864381
2010-09-17,11180.32,11288.85,11113.22,11208.25,,58830515.0,0.003961834536305053
2010-09-20,11221.94,11247.83,11072.53,11150.33,,55270221.0,-0.005167622064104593
2010-09-21,11189.58,11262.45,11152.96,11210.74,,42587226.0,0.005417776872971514
2010-09-27,11262.87,11438.38,11232.51,11409.81,,50506258.0,0.017757079372102025
2010-09-28,11380.85,11396.38,11255.9,11274.49,,58356638.0,-0.011859969622631694
2010-09-29,11264.67,11379.96,11192.22,11223.86,,54428590.0,-0.004490668757522465
2010-09-30,11154.84,11468.78,11125.49,11468.54,,51265397.0,0.021799986813805683
2010-10-08,11594.92,11960.57,11578.12,11911.37,,76241524.0,0.03861258712966076
2010-10-11,12037.99,12291.63,12037.99,12237.65,,111212308.0,0.02739231507374873
2010-10-12,12221.53,12383.58,12168.47,12373.28,,98650837.0,0.011083010218465139
2010-10-13,12376.59,12634.52,12348.73,12603.0,,116928006.0,0.01856581278367564
2010-10-14,12690.57,12752.26,12474.02,12507.71,,112562414.0,-0.007560898198841648
2010-10-15,12421.28,12834.8,12392.94,12765.5,,109965160.0,0.020610487451339976
2010-10-18,12803.47,12883.66,12532.11,12649.27,,124797347.0,-0.009105009596177216
2010-10-19,12643.3,12970.2,12567.13,12970.2,,93133431.0,0.025371424596043912
2010-10-20,12616.45,13291.52,12602.74,13130.01,,114115781.0,0.0123213211824027
2010-10-21,13175.52,13281.99,12998.29,13111.52,,97762682.0,-0.0014082243654041093
2010-10-22,13089.35,13346.33,13036.14,13224.98,,103534356.0,0.0086534589429752
2010-10-25,13292.53,13739.31,13288.17,13734.2,,120610399.0,0.03850440605581262
2010-10-26,13779.78,13822.22,13592.31,13729.96,,121605309.0,-0.00030871838184975964
2010-10-27,13681.87,13863.98,13449.36,13452.17,,114549305.0,-0.020232396889721338
2010-10-28,13394.77,13585.44,13344.36,13445.03,,90721344.0,-0.0005307693851623885
2010-10-29,13433.32,13500.88,13261.05,13367.24,,93751931.0,-0.005785781065568485
2010-11-01,13385.25,13760.9,13385.25,13743.77,,116998324.0,0.028168118474718895
2010-11-02,13762.06,13930.33,13646.45,13646.46,,137604140.0,-0.007080298928168971
2010-11-03,13649.75,13692.5,13388.37,13392.7,,101938070.0,-0.018595298707503538
2010-11-04,13402.81,13595.73,13364.4,13595.73,,97516451.0,0.015159751207747485
2010-11-05,13821.93,13888.02,13656.41,13733.36,,111285241.0,0.010123031275260708
2010-11-08,13785.79,13809.57,13630.52,13807.3,,119603436.0,0.0053839701282132335
2010-11-09,13783.67,13793.35,13622.79,13714.29,,122716235.0,-0.006736291671796679
2010-11-10,13657.43,13762.72,13542.52,13705.68,,115527332.0,-0.0006278123038087058
2010-11-11,13670.85,13936.88,13636.8,13684.94,,127430299.0,-0.0015132412255356442
2010-11-12,13594.88,13658.29,12702.95,12726.54,,141467720.0,-0.07003318976919148
2010-11-15,12772.85,12877.38,12558.21,12808.09,,92640327.0,0.006407868910167203
2010-11-16,12822.51,12822.51,12146.66,12217.27,,102640516.0,-0.04612865774678343
2010-11-17,12040.66,12196.6,11849.9,11917.49,,75291348.0,-0.0245373966524437
2010-11-18,12056.84,12181.0,11926.15,12146.15,,61441059.0,0.019186926106084412
2010-11-19,12240.58,12295.85,11868.7,12295.85,,78989029.0,0.012324893073113685
2010-11-22,12190.35,12418.35,12141.64,12303.55,,91330070.0,0.0006262275483190916
2010-11-23,12255.18,12255.18,11864.36,12062.41,,81455159.0,-0.0195992213629399
2010-11-24,11999.78,12412.95,11999.78,12407.66,,79577631.0,0.028621975210592288
2010-11-25,12512.33,12630.86,12416.15,12604.08,,89914614.0,0.01583054339013157
2010-11-26,12574.65,12676.94,12442.57,12539.01,,70689062.0,-0.005162614010701283
2010-11-29,12527.53,12592.91,12363.22,12536.55,,68698918.0,-0.00019618773730945005
2010-11-30,12515.09,12575.95,11979.3,12336.29,,89184565.0,-0.015974091755706188
2010-12-01,12301.24,12377.57,12211.65,12310.38,,55701347.0,-0.0021003073047084486
2010-12-02,12543.27,12584.1,12409.02,12409.02,,65545027.0,0.008012750215671716
2010-12-03,12458.0,12532.31,12347.56,12443.0,,54862805.0,0.0027383306659187756
2010-12-06,12486.32,12531.29,12365.59,12422.79,,51898348.0,-0.0016242063810977259
2010-12-07,12387.78,12722.94,12250.39,12657.0,,53699193.0,0.01885325277172023
2010-12-08,12671.81,12823.15,12586.45,12615.41,,53295443.0,-0.0032859287350872624
2010-12-09,12563.55,12587.36,12353.02,12353.27,,54857395.0,-0.02077934843179885
2010-12-10,12274.57,12523.03,12241.76,12460.46,,47740422.0,0.008677054739352208
2010-12-13,12546.05,12905.02,12545.57,12905.02,,70369443.0,0.035677655560067745
2010-12-14,12953.99,12978.09,12860.86,12926.62,,73859152.0,0.001673767262662107
2010-12-15,12934.72,12987.71,12813.06,12829.36,,71071712.0,-0.007524008596214604
2010-12-16,12837.17,12914.01,12776.95,12795.68,,57570784.0,-0.0026252283823978706
2010-12-17,12794.01,12809.49,12717.32,12759.6,,47110632.0,-0.0028197016493066718
2010-12-20,12815.05,12875.67,12330.99,12557.55,,70865682.0,-0.015835135897677155
2010-12-21,12586.14,12872.45,12524.78,12872.45,,71387225.0,0.025076547574965025
2010-12-22,12898.69,12975.63,12712.06,12766.95,,65176500.0,-0.008195798002711197
2010-12-23,12760.76,12843.04,12628.72,12644.58,,56522550.0,-0.009584904773653924
2010-12-24,12592.15,12688.44,12471.73,12556.85,,51232849.0,-0.0069381505751870964
2010-12-27,12575.43,12808.83,12272.24,12303.19,,57638142.0,-0.02020092618769831
2010-12-28,12235.68,12288.17,12017.56,12063.8,,48011665.0,-0.019457555316954478
2010-12-29,12080.09,12125.39,11963.72,12114.56,,38683643.0,0.00420762943682762
2010-12-30,12111.88,12211.07,11971.75,12138.9,,41527651.0,0.0020091526229595313
2010-12-31,12171.49,12476.51,12159.14,12458.55,,47886604.0,0.026332699008971172
2011-01-04,12578.45,12743.48,12536.66,12714.51,,62415977.0,0.02054492697785859
2011-01-05,12634.71,12741.47,12567.05,12647.63,,57231755.0,-0.005260131928009892
2011-01-06,12683.75,12790.93,12567.67,12599.66,,51223607.0,-0.0037928054505073083
2011-01-07,12587.49,12783.68,12502.17,12573.94,,56040416.0,-0.0020413249246408194
2011-01-10,12577.09,12644.32,12292.11,12331.16,,48645045.0,-0.01930818820512903
2011-01-11,12275.9,12419.3,12212.6,12385.17,,42673779.0,0.004379961009345346
2011-01-12,12435.72,12518.44,12251.41,12409.98,,40731451.0,0.0020032022168448016
2011-01-13,12457.77,12486.23,12358.45,12423.34,,36494581.0,0.0010765529033891497
2011-01-14,12390.66,12390.66,12212.5,12294.17,,40916633.0,-0.010397364959825572
2011-01-17,12159.95,12229.56,11712.68,11734.62,,46060825.0,-0.04551344255041201
2011-01-18,11699.51,11797.22,11624.34,11771.59,,29668701.0,0.003150506791016694
2011-01-19,11785.5,12076.97,11730.74,12066.55,,37606756.0,0.02505693793276853
2011-01-20,12034.62,12034.62,11566.07,11566.74,,42732132.0,-0.04142111871247367
2011-01-21,11534.2,11860.61,11491.94,11639.96,,42741697.0,0.006330219232039358
2011-01-24,11661.76,11689.28,11419.36,11488.92,,38517631.0,-0.012975989608211669
2011-01-25,11465.53,11523.79,11377.34,11446.37,,32110038.0,-0.003703568307551919
2011-01-26,11459.02,11633.1,11459.02,11599.67,,28840230.0,0.013392892244440846
2011-01-27,11481.78,11832.54,11392.94,11795.33,,43378492.0,0.016867721236897282
2011-01-28,11789.64,11935.04,11768.81,11894.23,,39219881.0,0.008384674273631987
2011-01-31,11884.34,12020.51,11820.2,11994.68,,40078943.0,0.00844527136266926
2011-02-01,12044.41,12052.39,11928.01,11991.51,,33708748.0,-0.0002642838324991015
2011-02-09,11903.65,12041.96,11774.3,11807.93,,38839382.0,-0.015309164567264721
2011-02-10,11775.1,12177.44,11764.23,12170.51,,48978801.0,0.030706482846697192
2011-02-11,12162.32,12376.03,12127.74,12292.49,,57949194.0,0.010022587385409398
2011-02-14,12318.31,12766.05,12318.31,12737.8,,74591033.0,0.0362261836291915
2011-02-15,12767.79,12865.47,12707.21,12711.58,,73472300.0,-0.002058440233007164
2011-02-16,12675.87,12884.87,12617.1,12884.87,,68100441.0,0.013632451670052115
2011-02-17,12907.69,12936.74,12664.85,12788.34,,74639606.0,-0.007491732551434427
2011-02-18,12750.27,12751.15,12586.39,12613.11,,63884091.0,-0.013702325712328545
2011-02-21,12526.25,12872.95,12518.61,12872.47,,69078922.0,0.020562731951120572
2011-02-22,12917.36,12918.42,12465.42,12473.33,,83760404.0,-0.03100725812528593
2011-02-23,12436.63,12554.98,12396.05,12492.71,,60176671.0,0.0015537150063373861
2011-02-24,12476.04,12601.43,12387.76,12578.43,,62973711.0,0.006861601686103391
2011-02-25,12585.82,12735.15,12464.4,12633.88,,57996807.0,0.004408340309561609
2011-02-28,12658.19,12907.68,12562.95,12902.44,,68262314.0,0.02125712765991139
2011-03-01,12911.07,13023.02,12866.82,12948.72,,76792398.0,0.0035869184433330314
2011-03-02,12878.43,12912.72,12683.98,12880.27,,68192846.0,-0.0052862367863386606
2011-03-03,12889.23,12966.85,12698.16,12698.16,,69726907.0,-0.014138678769932689
2011-03-04,12714.24,12908.49,12669.52,12893.84,,58646978.0,0.015410106661122525
2011-03-07,12961.42,13163.21,12961.42,13140.88,,84613509.0,0.01915953664695702
2011-03-08,13146.68,13154.91,13041.21,13144.18,,73255589.0,0.00025112473441657457
2011-03-09,13171.05,13233.02,13102.19,13158.22,,70130013.0,0.0010681533576075708
2011-03-10,13115.17,13115.17,12994.26,13004.86,,70904427.0,-0.011655071886622848
2011-03-11,12928.25,13038.99,12821.07,12848.02,,69182204.0,-0.012060106760088174
2011-03-14,12814.1,12958.29,12776.91,12958.29,,68192694.0,0.008582645419294321
2011-03-15,12905.99,12905.99,12447.71,12705.32,,83565353.0,-0.01952186592521088
2011-03-16,12699.4,12876.12,12668.24,12865.75,,74873889.0,0.012626994046588402
2011-03-17,12741.81,12851.92,12612.77,12650.67,,74046707.0,-0.01671725317218198
2011-03-18,12796.41,12839.3,12675.49,12721.99,,57742498.0,0.005637646069338587
2011-03-21,12745.38,12806.74,12594.13,12643.73,,56770202.0,-0.00615155333403028
2011-03-22,12679.81,12706.88,12471.39,12667.26,,51863273.0,0.0018610014608031467
2011-03-23,12670.26,12853.15,12648.73,12845.53,,61241586.0,0.014073288145976415
2011-03-24,12878.07,12893.36,12768.94,12771.46,,64141825.0,-0.005766208167354847
2011-03-25,12797.97,12980.31,12780.53,12942.07,,77473298.0,0.013358691958476276
2011-03-28,13020.21,13075.23,12858.45,12875.52,,89907595.0,-0.005142144958263928
2011-03-29,12848.74,12895.39,12670.69,12677.61,,90725187.0,-0.015371029674917991
2011-03-30,12677.99,12774.42,12565.14,12661.22,,71037833.0,-0.0012928304309725025
2011-03-31,12665.86,12707.98,12501.24,12562.9,,60294997.0,-0.007765444404251753
2011-04-01,12559.78,12699.42,12498.83,12699.42,,51999626.0,0.010866917670283138
2011-04-06,12648.91,12765.76,12568.84,12740.87,,65572414.0,0.0032639285888647063
2011-04-07,12749.53,12908.7,12715.79,12890.66,,65076883.0,0.01175665398045811
2011-04-08,12881.25,13039.73,12839.71,13036.23,,64231852.0,0.011292672368986567
2011-04-11,13075.69,13142.43,12918.93,12925.05,,81924726.0,-0.008528539309294203
2011-04-12,12906.61,13042.25,12839.53,12902.22,,77984066.0,-0.0017663374609769855
2011-04-13,12848.16,13102.08,12772.32,13102.08,,69364993.0,0.015490357473365135
2011-04-14,13119.48,13119.48,12964.28,12991.93,,71799809.0,-0.008407062084798689
2011-04-15,12948.82,13054.81,12825.46,12965.75,,72080418.0,-0.002015097064100635
2011-04-18,12912.98,13045.82,12881.59,13001.33,,80023176.0,0.002744152864277094
2011-04-19,12876.2,12909.19,12727.31,12799.24,,89256021.0,-0.01554379436565334
2011-04-20,12779.02,12849.65,12720.52,12753.85,,71192529.0,-0.00354630431181846
2011-04-21,12795.79,12864.72,12760.74,12798.75,,75048613.0,0.003520505572826904
2011-04-22,12796.33,12819.96,12687.62,12708.42,,68430594.0,-0.007057720480515672
2011-04-25,12664.45,12664.45,12487.53,12508.01,,69901866.0,-0.01576985966784228
2011-04-26,12486.82,12548.17,12361.86,12448.48,,56482609.0,-0.00475935020838647
2011-04-27,12502.96,12573.3,12280.08,12358.88,,56820058.0,-0.007197665899772554
2011-04-28,12398.69,12447.75,12148.17,12149.25,,56469476.0,-0.01696189298706674
2011-04-29,12148.93,12312.99,12138.85,12312.99,,42649261.0,0.013477375146613957
2011-05-03,12314.7,12423.46,12199.58,12423.46,,44750664.0,0.0089718256897795
2011-05-04,12365.24,12365.24,12014.42,12070.41,,50369852.0,-0.02841800915364956
2011-05-05,12017.28,12133.14,12005.44,12085.99,,41501424.0,0.0012907598002056542
2011-05-06,11958.04,12150.24,11896.98,12067.61,,49067344.0,-0.0015207690888374703
2011-05-09,12074.14,12214.18,12074.14,12125.01,,44259090.0,0.004756534226744158
2011-05-10,12146.33,12216.94,12102.79,12216.94,,44308690.0,0.007581849417031439
2011-05-11,12229.31,12282.88,12117.67,12202.62,,51880673.0,-0.0011721429425044505
2011-05-12,12114.45,12249.34,12072.21,12072.21,,55870552.0,-0.010687049174685548
2011-05-13,12092.16,12164.13,11958.58,12156.61,,49947005.0,0.00699126340578915
2011-05-16,12110.97,12215.97,12046.54,12051.24,,53157339.0,-0.008667712462602672
2011-05-17,12031.84,12212.15,11983.88,12128.5,,59984512.0,0.006410958540365996
2011-05-18,12100.89,12262.47,12091.58,12230.69,,47939730.0,0.00842560910252721
2011-05-19,12270.25,12341.93,12153.41,12158.11,,51062015.0,-0.005934252278489649
2011-05-20,12167.8,12221.81,12130.15,12161.03,,43300914.0,0.00024016890783196132
2011-05-23,12148.59,12148.59,11742.19,11742.19,,58076832.0,-0.0344411616450252
2011-05-24,11703.64,11768.78,11640.22,11749.92,,48942714.0,0.000658309906414356
2011-05-25,11716.15,11795.73,11600.21,11615.42,,46604111.0,-0.011446886446886406
2011-05-26,11695.49,11752.73,11530.7,11530.7,,46290424.0,-0.007293752615058158
2011-05-27,11537.04,11645.98,11483.56,11492.71,,47756323.0,-0.0032946828900242142
2011-05-30,11456.31,11595.14,11405.06,11478.21,,38580079.0,-0.0012616693538773927
2011-05-31,11485.75,11665.14,11420.94,11665.14,,42173111.0,0.016285640356815234
2011-06-01,11648.86,11719.64,11593.83,11699.83,,43741896.0,0.002973817716718452
2011-06-02,11566.43,11613.5,11366.12,11506.52,,46554090.0,-0.016522462292187123
2011-06-03,11492.33,11690.09,11487.3,11642.4,,41096785.0,0.011808957008721865
2011-06-07,11614.0,11756.9,11599.31,11741.26,,40264741.0,0.008491376348519264
2011-06-08,11726.33,11787.12,11581.64,11761.1,,48454447.0,0.0016897675377258725
2011-06-09,11725.21,11735.21,11508.39,11513.2,,49035247.0,-0.021077960394860984
2011-06-10,11508.58,11596.58,11454.04,11593.38,,43625002.0,0.006964180245283558
2011-06-13,11518.06,11558.66,11427.15,11521.98,,37235321.0,-0.006158687112817751
2011-06-14,11501.22,11765.12,11495.11,11732.04,,49195143.0,0.01823124150536648
2011-06-15,11703.19,11794.54,11614.38,11615.97,,45083697.0,-0.009893420070166914
2011-06-16,11516.65,11551.32,11417.58,11435.99,,41692844.0,-0.01549418602148589
2011-06-17,11451.76,11567.0,11409.16,11409.16,,36381489.0,-0.002346102086483115
2011-06-20,11408.36,11446.76,11288.62,11328.67,,33344233.0,-0.007054857675762305
2011-06-21,11360.93,11514.25,11360.93,11509.98,,38680907.0,0.016004526568432098
2011-06-22,11524.63,11598.75,11484.73,11543.65,,37594543.0,0.00292528744619891
2011-06-23,11511.91,11817.22,11474.98,11775.32,,48223049.0,0.020069042287318206
2011-06-24,11749.93,12092.23,11732.21,11996.08,,72653963.0,0.018747685837837036
2011-06-27,12005.06,12106.65,11947.49,12026.29,,65487752.0,0.002518322652066418
2011-06-28,12056.53,12067.09,11929.0,12047.09,,54269784.0,0.0017295441902698272
2011-06-29,12048.86,12102.35,11911.83,11913.2,,52496465.0,-0.01111388725410034
2011-06-30,11935.83,12157.56,11930.35,12110.93,,56651689.0,0.016597555652553497
2011-07-01,12148.97,12267.81,12087.92,12178.08,,59501895.0,0.005544578327180361
2011-07-04,12241.66,12475.39,12241.66,12441.17,,77083369.0,0.021603569692431046
2011-07-05,12432.97,12486.71,12382.82,12440.37,,74141849.0,-6.430263391621338e-05
2011-07-06,12420.63,12446.78,12311.15,12425.68,,68771129.0,-0.0011808330459625038
2011-07-07,12440.86,12548.98,12375.23,12392.93,,77566911.0,-0.0026356706433772192
2011-07-08,12390.34,12478.84,12343.66,12404.34,,58078087.0,0.0009206862299713237
2011-07-11,12357.58,12494.24,12302.24,12438.56,,58273026.0,0.002758711870200159
2011-07-12,12344.06,12381.11,12232.22,12268.19,,67908109.0,-0.013696923116502169
2011-07-13,12285.88,12491.38,12285.88,12479.15,,63158768.0,0.017195690643851957
2011-07-14,12515.69,12546.51,12355.22,12440.83,,72791887.0,-0.0030707219642363004
2011-07-15,12390.1,12511.39,12355.58,12506.94,,79569362.0,0.005313954133285392
2011-07-18,12511.69,12537.79,12461.06,12490.55,,71197552.0,-0.0013104724257093636
2011-07-19,12429.23,12448.03,12358.55,12381.46,,62200082.0,-0.008733802754882669
2011-07-20,12445.69,12470.0,12277.39,12393.99,,56302692.0,0.0010119969696626985
2011-07-21,12390.0,12425.49,12296.25,12301.41,,54822918.0,-0.007469749451145313
2011-07-22,12331.14,12432.03,12307.75,12352.5,,49412514.0,0.004153182440061798
2011-07-25,12258.12,12289.51,11919.85,11966.24,,66662826.0,-0.031269783444646815
2011-07-26,11951.94,12011.6,11909.7,12008.53,,44383222.0,0.003534109294147658
2011-07-27,11922.66,12143.69,11885.9,12116.86,,50725017.0,0.009021087510294734
2011-07-28,12014.36,12093.97,11952.34,12085.92,,50667261.0,-0.00255346682226254
2011-07-29,12069.96,12116.38,11915.22,11990.43,,46418753.0,-0.00790092934588349
2011-08-01,11975.28,12074.95,11940.89,12002.42,,39819028.0,0.000999964138066689
2011-08-02,11927.46,11932.04,11752.6,11932.04,,47597552.0,-0.005863817463478083
2011-08-03,11813.38,12011.86,11809.98,11922.37,,48276804.0,-0.0008104230290880698
2011-08-04,11954.45,12047.87,11901.46,11934.41,,46188668.0,0.0010098663269131336
2011-08-05,11585.94,11769.68,11547.15,11701.76,,53151370.0,-0.01949405123504222
2011-08-08,11576.57,11693.98,11107.11,11312.63,,67863543.0,-0.03325397205206748
2011-08-09,11007.55,11380.07,10926.47,11315.08,,64196744.0,0.00021657209685099765
2011-08-10,11519.31,11574.75,11441.91,11449.58,,62209186.0,0.011886791785829187
2011-08-11,11260.42,11627.49,11260.42,11627.49,,62691888.0,0.015538561239800908
2011-08-12,11683.62,11738.87,11630.29,11651.29,,66457318.0,0.002046873400880278
2011-08-15,11686.43,11767.74,11611.23,11767.74,,66284151.0,0.009994601456147612
2011-08-16,11782.13,11797.42,11628.35,11665.41,,57912718.0,-0.008695807351284057
2011-08-17,11648.01,11726.16,11577.8,11598.28,,50252515.0,-0.005754619854767107
2011-08-18,11597.12,11618.52,11399.67,11414.16,,51287417.0,-0.01587476763796014
2011-08-19,11218.66,11337.57,11191.55,11301.53,,46155636.0,-0.009867568003252059
2011-08-22,11315.3,11377.45,11083.4,11112.64,,40496303.0,-0.016713666202717747
2011-08-23,11146.64,11243.42,11120.59,11243.42,,42657097.0,0.011768580643303439
2011-08-24,11313.98,11369.98,11225.52,11238.95,,48488221.0,-0.00039756586519046344
2011-08-25,11268.8,11605.07,11229.4,11598.93,,59236587.0,0.03202968248813276
2011-08-26,11547.55,11599.88,11472.28,11568.17,,51733003.0,-0.002651968759187273
2011-08-29,11464.88,11484.46,11356.57,11372.38,,51090299.0,-0.01692488958927829
2011-08-30,11457.93,11573.28,11328.99,11344.45,,51194528.0,-0.002455950293605902
2011-08-31,11371.25,11436.12,11306.28,11397.48,,40913473.0,0.004674532480640314
2011-09-01,11425.11,11491.35,11308.95,11352.86,,37830002.0,-0.003914900486774231
2011-09-02,11324.01,11353.97,11176.04,11228.3,,34376781.0,-0.010971684668004467
2011-09-05,11129.37,11131.78,10954.9,10954.9,,33965139.0,-0.024349189102535473
2011-09-06,10887.59,10966.73,10736.33,10778.43,,30465994.0,-0.016108773243023622
2011-09-07,10852.09,11011.18,10810.91,11011.18,,39140400.0,0.021594054050543487
2011-09-08,11063.01,11069.41,10933.31,10933.31,,36724559.0,-0.007071903283753511
2011-09-09,10990.51,11101.71,10850.5,10892.39,,31443015.0,-0.0037426909142793674
2011-09-13,10738.6,10806.37,10669.47,10775.3,,30604054.0,-0.010749706905463396
2011-09-14,10807.62,10847.19,10604.64,10822.4,,33110329.0,0.004371107996993251
2011-09-15,10839.58,10938.82,10813.2,10848.02,,35693771.0,0.0023673122412775083
2011-09-16,10905.6,10955.63,10860.05,10878.23,,33727022.0,0.0027848399984513605
2011-09-19,10815.8,10815.8,10646.49,10657.63,,33401737.0,-0.020279034364965698
2011-09-20,10635.47,10740.94,10569.19,10679.3,,32129294.0,0.0020332850736983765
2011-09-21,10683.29,11035.24,10639.42,10991.85,,53768763.0,0.029266899515886013
2011-09-22,10896.61,10941.8,10660.47,10660.47,,48823836.0,-0.03014779131811307
2011-09-23,10466.04,10618.12,10392.91,10538.4,,42311598.0,-0.011450714649541727
2011-09-26,10433.11,10602.09,10299.35,10328.47,,38335866.0,-0.019920481287482028
2011-09-27,10416.9,10513.94,10314.53,10448.66,,37114221.0,0.011636767110714485
2011-09-28,10522.36,10549.9,10327.53,10369.93,,36684361.0,-0.007534937494377281
2011-09-29,10296.69,10411.7,10224.73,10287.9,,39088818.0,-0.00791037162256647
2011-09-30,10340.04,10383.52,10249.78,10292.33,,29458592.0,0.00043060294131946897
2011-10-10,10315.96,10343.66,10158.41,10170.75,,25853873.0,-0.011812679927674319
2011-10-11,10416.61,10452.33,9953.13,10065.47,,38691119.0,-0.010351252365853103
2011-10-12,9997.56,10444.02,9949.14,10425.93,,53249038.0,0.03581154183560242
2011-10-13,10399.39,10564.55,10362.35,10481.84,,56556644.0,0.005362591154937757
2011-10-14,10457.75,10500.11,10352.26,10438.26,,40670105.0,-0.004157666974500707
2011-10-17,10455.51,10588.13,10450.51,10513.49,,40608398.0,0.007207139887299263
2011-10-18,10442.57,10469.18,10215.94,10226.93,,43792523.0,-0.027256410573463175
2011-10-19,10255.6,10304.32,10094.33,10105.74,,36206311.0,-0.01185008599843751
2011-10-20,10049.37,10049.37,9721.11,9796.23,,40961438.0,-0.030627148531428672
2011-10-21,9799.96,9857.97,9691.6,9697.21,,31280904.0,-0.010107970106867703
2011-10-24,9735.34,9977.6,9653.51,9957.62,,41896263.0,0.0268541157714437
2011-10-25,9954.23,10241.1,9916.35,10203.4,,57706055.0,0.024682604879479042
2011-10-26,10146.75,10418.35,10144.43,10315.75,,66976532.0,0.011011035537173974
2011-10-27,10341.41,10400.47,10293.2,10323.29,,52400525.0,0.0007309211642392288
2011-10-28,10476.64,10637.1,10474.55,10561.99,,68579680.0,0.023122473552520395
2011-10-31,10546.41,10546.41,10415.55,10480.91,,60166603.0,-0.007676583674099291
2011-11-01,10389.02,10563.47,10364.71,10441.7,,60343349.0,-0.0037410873674136313
2011-11-02,10291.62,10581.75,10233.63,10581.75,,72340863.0,0.013412566919179802
2011-11-03,10618.46,10777.77,10618.46,10624.12,,98220752.0,0.004004063600066221
2011-11-04,10721.48,10791.39,10642.51,10699.49,,69914660.0,0.0070942346283737745
2011-11-07,10660.15,10717.21,10579.42,10591.66,,55810939.0,-0.010078050449133569
2011-11-08,10619.41,10663.66,10519.26,10541.1,,54597993.0,-0.004773567127343559
2011-11-09,10575.18,10636.5,10455.69,10625.88,,57208840.0,0.00804280388194778
2011-11-10,10508.72,10567.48,10464.37,10477.55,,64347291.0,-0.013959314428546143
2011-11-11,10500.57,10531.14,10375.38,10418.93,,53201342.0,-0.005594819399573292
2011-11-14,10501.73,10645.68,10495.7,10645.68,,64735147.0,0.021763271276417084
2011-11-15,10631.05,10640.32,10545.01,10583.0,,61348296.0,-0.005887834314012852
2011-11-16,10593.55,10595.88,10282.26,10313.33,,69156529.0,-0.025481432486062605
2011-11-17,10317.32,10408.61,10296.52,10303.16,,50177959.0,-0.0009861024518753592
2011-11-18,10236.99,10242.07,10002.77,10025.17,,54002740.0,-0.026981042709227077
2011-11-21,10032.47,10063.85,9953.57,10033.79,,37793897.0,0.0008598357933082834
2011-11-22,9971.68,10052.44,9922.3,10028.2,,37943099.0,-0.0005571174999676742
2011-11-23,10043.02,10076.68,9933.21,9957.32,,36252955.0,-0.007068068048104448
2011-11-24,9889.55,10023.07,9837.85,9966.74,,40008146.0,0.0009460376888561495
2011-11-25,9943.66,9999.55,9866.28,9886.25,,36750433.0,-0.008075860311395733
2011-11-28,9908.12,9961.66,9833.44,9884.7,,35044105.0,-0.00015678341130354045
2011-11-29,9970.92,10012.94,9903.18,10012.94,,42279657.0,0.012973585440124724
2011-11-30,9991.95,9991.95,9626.76,9693.39,,54149811.0,-0.031913703667454385
2011-12-01,9976.52,10102.35,9902.82,9917.86,,61706566.0,0.023157017307670502
2011-12-02,9868.41,9898.09,9757.95,9808.23,,41016399.0,-0.011053795879353068
2011-12-05,9805.45,9807.69,9572.02,9586.08,,36523970.0,-0.02264934651817907
2011-12-06,9568.87,9618.41,9505.23,9586.94,,31189934.0,8.971341778929443e-05
2011-12-07,9582.38,9656.23,9551.21,9606.25,,27439831.0,0.0020141984825188253
2011-12-08,9603.15,9712.14,9477.13,9580.52,,36325051.0,-0.0026784645413141517
2011-12-09,9516.25,9583.15,9439.84,9480.27,,29532981.0,-0.010463941414453504
2011-12-12,9457.83,9467.04,9365.38,9376.28,,26740709.0,-0.010969096871713546
2011-12-13,9343.24,9367.76,9175.18,9190.88,,38317534.0,-0.01977330028540114
2011-12-14,9164.21,9234.68,9064.63,9093.03,,30003447.0,-0.01064642341103339
2011-12-15,9041.06,9041.06,8850.47,8871.09,,38967195.0,-0.024407705682264358
2011-12-16,8864.95,9081.94,8849.8,9081.94,,39671255.0,0.023768217885288045
2011-12-19,9002.68,9089.87,8808.66,9054.08,,41055186.0,-0.0030676265203249953
2011-12-20,9020.97,9166.66,9013.35,9031.67,,40182898.0,-0.002475127235456287
2011-12-21,9111.32,9147.22,8884.25,8884.25,,36251193.0,-0.01632256271542254
2011-12-22,8828.62,8992.02,8710.57,8909.35,,44180762.0,0.002825224413991023
2011-12-23,8899.22,9100.29,8866.64,8976.52,,38258433.0,0.007539270541621956
2011-12-26,8931.58,9038.14,8875.1,8876.19,,30597837.0,-0.011176937164959266
2011-12-27,8876.62,8904.95,8692.38,8711.55,,34733841.0,-0.018548498849168538
2011-12-28,8667.33,8746.54,8555.12,8739.73,,37004384.0,0.0032347860024910524
2011-12-29,8693.14,8831.8,8682.61,8781.32,,32672042.0,0.004758728244465216
2011-12-30,8805.41,8942.86,8805.41,8918.82,,35111965.0,0.01565823816920453
2012-01-04,8980.76,9025.66,8695.2,8695.99,,34334446.0,-0.02498424679497957
2012-01-05,8653.1,8744.22,8566.06,8600.26,,38885595.0,-0.01100852231890781
2012-01-06,8597.37,8643.29,8486.58,8634.42,,34044195.0,0.003971972940352897
2012-01-09,8638.53,8946.88,8532.67,8946.09,,47812649.0,0.03609622881444263
2012-01-10,8930.56,9291.31,8909.25,9281.25,,73862539.0,0.03746441182684279
2012-01-11,9278.05,9312.06,9186.16,9239.21,,62948635.0,-0.004529562289562361
2012-01-12,9191.54,9344.74,9177.59,9200.93,,51626981.0,-0.004143211378461853
2012-01-13,9216.96,9258.31,8951.72,9030.59,,50363646.0,-0.01851334593350895
2012-01-16,8951.18,9024.42,8823.8,8827.47,,33604100.0,-0.022492439585896418
2012-01-17,8835.88,9305.42,8762.57,9264.09,,53914084.0,0.049461510489415605
2012-01-18,9326.44,9399.02,9085.04,9115.27,,55233771.0,-0.016064178996533895
2012-01-19,9119.88,9363.05,9078.98,9300.22,,44553979.0,0.020290128542544528
2012-01-20,9348.45,9503.37,9259.02,9466.14,,43248095.0,0.017840438183182705
2012-01-30,9482.21,9482.21,9274.85,9274.85,,36119087.0,-0.020207814378405464
2012-01-31,9278.09,9324.81,9213.14,9303.65,,31739335.0,0.003105171512207683
2012-02-01,9277.79,9403.37,9173.07,9193.39,,35221794.0,-0.011851262676476515
2012-02-02,9222.24,9382.13,9174.72,9382.13,,39621452.0,0.02052996772681248
2012-02-03,9349.28,9472.02,9292.78,9436.99,,53875168.0,0.005847286277210095
2012-02-06,9451.17,9526.79,9404.49,9448.64,,53652672.0,0.0012345037983509943
2012-02-07,9393.76,9393.76,9206.86,9266.71,,46551454.0,-0.019254622887526662
2012-02-08,9259.64,9605.2,9236.16,9557.58,,56991339.0,0.03138870213916278
2012-02-09,9548.22,9630.35,9493.93,9560.73,,71838432.0,0.0003295813375352452
2012-02-10,9539.7,9699.3,9539.7,9590.95,,64097913.0,0.003160846504398851
2012-02-13,9463.95,9670.78,9420.4,9585.08,,65569173.0,-0.0006120353041149107
2012-02-14,9574.87,9597.08,9478.59,9543.78,,57497840.0,-0.004308779895420778
2012-02-15,9523.65,9725.22,9515.79,9673.44,,74306992.0,0.01358581191100372
2012-02-16,9647.15,9727.03,9557.94,9622.83,,74484468.0,-0.005231851337269999
2012-02-17,9681.45,9719.53,9553.59,9615.34,,56325950.0,-0.0007783573023736334
2012-02-20,9741.15,9755.76,9616.65,9616.65,,70208022.0,0.00013624063215655902
2012-02-21,9632.44,9695.87,9539.83,9695.87,,65651447.0,0.008237795906058887
2012-02-22,9709.93,9865.77,9701.56,9862.54,,92465436.0,0.017189793179982926
2012-02-23,9859.43,9958.75,9840.05,9918.94,,85064123.0,0.00571860798536683
2012-02-24,9922.16,10131.13,9907.03,10124.15,,90503615.0,0.02068870262346567
2012-02-27,10157.18,10333.92,10157.18,10177.33,,108120566.0,0.005252786653694441
2012-02-28,10155.04,10233.07,10087.06,10161.86,,87713140.0,-0.0015200450412828914
2012-02-29,10126.68,10214.63,10048.79,10054.85,,67073127.0,-0.010530552477597599
2012-03-01,10011.12,10125.67,10011.12,10060.96,,55810880.0,0.0006076669467967033
2012-03-02,10078.82,10301.64,10078.82,10299.94,,73426671.0,0.02375320048981422
2012-03-05,10338.0,10379.46,10217.53,10226.44,,81279850.0,-0.007135963898818876
2012-03-06,10193.23,10225.05,10070.49,10093.81,,75709713.0,-0.012969322657738314
2012-03-07,9997.89,10173.66,9991.33,10054.87,,70884949.0,-0.0038578098854643583
2012-03-08,10092.13,10228.24,10084.52,10171.13,,68459191.0,0.011562556253835066
2012-03-09,10202.95,10334.38,10161.72,10334.38,,73678255.0,0.016050330690886794
2012-03-12,10322.95,10373.92,10228.39,10300.5,,75432326.0,-0.0032783776094936767
2012-03-13,10308.64,10427.24,10292.05,10427.24,,76612065.0,0.012304257074899239
2012-03-14,10487.3,10529.0,10063.79,10094.89,,123190583.0,-0.03187324737898045
2012-03-15,10101.28,10173.38,10013.43,10086.56,,83177877.0,-0.000825169962228367
2012-03-16,10115.31,10284.25,10071.58,10279.3,,71781757.0,0.0191085959930839
2012-03-19,10256.51,10306.46,10186.08,10296.17,,70166399.0,0.0016411623359569028
2012-03-20,10255.26,10255.26,10110.38,10116.39,,67812118.0,-0.01746086166020966
2012-03-21,10152.3,10225.54,10006.92,10090.44,,64702605.0,-0.0025651442856591267
2012-03-22,10082.25,10116.95,10008.88,10038.95,,53726110.0,-0.00510284982617204
2012-03-23,10002.9,10029.44,9858.37,9885.25,,52465077.0,-0.015310366123947317
2012-03-26,9871.89,9956.36,9871.89,9946.14,,42128104.0,0.006159682355023843
2012-03-27,9959.44,10008.68,9830.51,9841.38,,45763338.0,-0.010532729279901565
2012-03-28,9800.29,9824.62,9515.98,9531.15,,60848108.0,-0.03152301811331337
2012-03-29,9478.12,9565.01,9352.17,9418.23,,53249493.0,-0.011847468563604635
2012-03-30,9426.64,9505.14,9365.53,9410.26,,43354658.0,-0.0008462311920603982
2012-04-05,9410.97,9737.9,9388.78,9709.03,,51154394.0,0.031749388433475856
2012-04-06,9704.88,9811.68,9684.37,9786.19,,50033682.0,0.007947240867522298
2012-04-09,9739.07,9802.23,9650.57,9710.91,,44614894.0,-0.007692472760083446
2012-04-10,9682.83,9795.97,9516.89,9795.97,,53561930.0,0.008759220299642267
2012-04-11,9683.11,9920.34,9666.54,9802.32,,55815049.0,0.0006482257499769162
2012-04-12,9817.78,10013.2,9779.68,10007.65,,71509878.0,0.020947081915301702
2012-04-13,10043.26,10116.12,10008.67,10043.72,,77337559.0,0.00360424275429283
2012-04-16,9975.63,10063.67,9954.89,10000.31,,66675223.0,-0.004322103762350982
2012-04-17,9999.2,10022.55,9837.78,9839.92,,65498483.0,-0.016038502806412946
2012-04-18,9888.05,10082.82,9842.07,10069.53,,73459613.0,0.023334539305197577
2012-04-19,10049.77,10080.0,9971.62,10015.41,,63631329.0,-0.005374630196245622
2012-04-20,10004.28,10144.54,9996.72,10131.04,,70004288.0,0.011545208833188214
2012-04-23,10142.0,10154.51,10034.25,10076.05,,78497380.0,-0.005427873150239404
2012-04-24,10010.35,10180.08,9841.44,10041.89,,82217547.0,-0.003390217396698092
2012-04-25,10012.85,10182.09,9993.69,10162.01,,81483331.0,0.011961891635937194
2012-04-26,10182.46,10258.57,10152.05,10201.65,,75356706.0,0.003900803089152527
2012-04-27,10191.09,10244.98,10172.52,10180.39,,58066795.0,-0.0020839766116266256
2012-05-02,10319.48,10500.15,10253.04,10424.94,,72376889.0,0.02402167304003089
2012-05-03,10415.29,10479.6,10400.32,10468.38,,65922156.0,0.004166930457153661
2012-05-04,10464.59,10576.21,10410.94,10573.6,,70541406.0,0.010051220914792935
2012-05-07,10512.69,10616.28,10509.76,10612.89,,70131814.0,0.003715858364227831
2012-05-08,10604.96,10605.35,10413.45,10524.68,,67976828.0,-0.008311590905021982
2012-05-09,10410.84,10410.84,10282.82,10294.58,,66158773.0,-0.021862897494270617
2012-05-10,10287.76,10342.34,10255.25,10277.62,,53579440.0,-0.001647468862255641
2012-05-11,10261.55,10342.8,10210.73,10211.41,,56573936.0,-0.006442152949807545
2012-05-14,10278.95,10284.9,10091.0,10093.38,,62402081.0,-0.011558638816774658
2012-05-15,10027.4,10139.25,10009.52,10131.81,,58073645.0,0.0038074460686112754
2012-05-16,10099.81,10099.81,9916.47,9916.47,,52468486.0,-0.021253852964080444
2012-05-17,9942.18,10105.95,9915.81,10079.48,,55935105.0,0.01643830919672018
2012-05-18,9995.91,10049.92,9880.04,9903.09,,56457569.0,-0.017499910709679378
2012-05-21,9893.77,10060.08,9870.35,9977.56,,49836733.0,0.007519875109687879
2012-05-22,10030.54,10180.27,10022.73,10180.27,,51400729.0,0.020316590428922643
2012-05-23,10142.91,10218.33,10055.93,10143.2,,58659518.0,-0.0036413572528036786
2012-05-24,10122.57,10187.14,9951.27,9984.58,,56753425.0,-0.015638062938717612
2012-05-25,9980.18,10003.83,9848.92,9884.96,,54182716.0,-0.009977385127867278
2012-05-28,9816.78,10108.37,9755.59,10104.1,,65293656.0,0.022169032550460654
2012-05-29,10101.4,10271.37,10087.48,10214.74,,76708046.0,0.010950010391820975
2012-05-30,10196.53,10241.31,10135.38,10162.34,,65397165.0,-0.0051298417776664
2012-05-31,10089.95,10194.58,10050.08,10141.41,,69983975.0,-0.0020595650214418892
2012-06-01,10142.12,10262.05,10095.33,10145.8,,57473985.0,0.0004328786628289283
2012-06-04,9988.53,10085.4,9871.04,9874.52,,61191401.0,-0.026738157661298168
2012-06-05,9899.65,9941.54,9816.76,9847.12,,46562416.0,-0.002774818421553582
2012-06-06,9863.7,9897.74,9772.47,9812.98,,42433827.0,-0.003467003550276737
2012-06-07,9921.31,9937.11,9730.58,9755.64,,47231588.0,-0.005843281042048454
2012-06-08,9839.68,9843.9,9685.34,9707.18,,49795194.0,-0.004967382970261225
2012-06-11,9731.8,9895.59,9704.44,9849.77,,51628974.0,0.01468912701732128
2012-06-12,9800.87,9875.25,9773.66,9790.2,,49943385.0,-0.006047856955035513
2012-06-13,9835.41,9950.05,9795.06,9950.05,,58029237.0,0.016327552041837556
2012-06-14,9937.35,10002.5,9881.15,9885.29,,55849710.0,-0.0065085100074872
2012-06-15,9906.58,9951.37,9760.05,9885.65,,54461277.0,3.641774798701647e-05
2012-06-18,9921.23,10020.07,9916.3,9979.06,,53783797.0,0.009449049885440042
2012-06-19,9954.0,9954.0,9829.66,9848.16,,54726394.0,-0.013117467977945774
2012-06-20,9877.19,9906.11,9800.57,9821.79,,51596373.0,-0.002677657552273671
2012-06-21,9787.58,9787.58,9621.77,9682.69,,50085862.0,-0.01416238791503388
2012-06-25,9635.7,9635.7,9402.23,9414.21,,50461932.0,-0.027727831831856786
2012-06-26,9373.14,9489.26,9351.8,9446.59,,68630036.69,0.003439481379744036
2012-06-27,9444.27,9540.89,9406.39,9416.5,,65029583.07,-0.0031852763801540895
2012-06-28,9449.71,9495.62,9383.27,9383.27,,65621077.36,-0.0035289120161418053
2012-06-29,9374.36,9512.06,9363.97,9500.32,,72836382.69,0.0124743293116365
2012-07-02,9575.09,9624.27,9510.68,9566.45,,70496487.64,0.006960818161914739
2012-07-03,9566.57,9698.47,9533.29,9607.33,,78041006.19,0.004273267513027257
2012-07-04,9637.11,9665.03,9543.28,9569.16,,67698427.17,-0.003973008109433129
2012-07-05,9511.0,9511.0,9366.89,9412.64,,73045876.29,-0.016356712605913204
2012-07-06,9463.07,9716.54,9431.13,9690.16,,93011225.34,0.02948375801050518
2012-07-09,9636.22,9727.52,9491.45,9496.68,,83431788.23,-0.01996664657755909
2012-07-10,9467.75,9557.44,9445.95,9476.72,,70609409.37,-0.002101787150878054
2012-07-11,9455.46,9614.2,9453.63,9588.29,,71078857.86,0.01177306072143125
2012-07-12,9575.53,9800.35,9541.09,9753.49,,94638581.86,0.017229349550336837
2012-07-13,9720.46,9853.73,9708.62,9792.49,,75425327.8,0.003998568717453965
2012-07-16,9768.59,9771.04,9540.89,9540.89,,88036654.22,-0.02569315873695055
2012-07-17,9503.45,9602.99,9476.9,9560.03,,65657662.6,0.0020061021560882075
2012-07-18,9545.37,9588.04,9328.9,9514.17,,81512017.75,-0.00479705607618397
2012-07-19,9488.89,9609.45,9432.96,9509.49,,92869536.0,-0.0004918978744336
2012-07-20,9471.96,9509.41,9325.26,9333.21,,73417432.2,-0.01853727171488695
2012-07-23,9255.94,9255.94,9152.98,9186.02,,68868473.54,-0.015770565539615866
2012-07-24,9133.92,9340.52,9130.18,9262.77,,69954943.5,0.00835508740455615
2012-07-25,9225.55,9248.44,9146.13,9155.34,,72515505.04,-0.011598042486210991
2012-07-26,9148.78,9218.12,9069.97,9081.9,,70749898.55,-0.008021548080136887
2012-07-27,9099.42,9157.98,9054.87,9087.13,,62636660.57,0.0005758706878515873
2012-07-30,9087.3,9183.5,9055.59,9071.06,,64582555.4,-0.0017684351384870123
2012-07-31,9080.8,9152.09,9033.92,9059.22,,67064207.51,-0.0013052498825936176
2012-08-01,9047.59,9234.74,9045.43,9165.97,,67230639.97,0.01178357518638462
2012-08-02,9150.95,9164.08,8959.17,8995.62,,68814207.77,-0.018585048827347128
2012-08-03,9016.53,9076.62,8957.28,9076.62,,74922819.0,0.00900438213263799
2012-08-06,9055.12,9229.35,9036.76,9212.21,,93814292.25,0.014938380145913088
2012-08-07,9217.79,9243.09,9175.67,9229.27,,83542587.49,0.0018518900459283394
2012-08-08,9231.89,9303.88,9191.3,9210.67,,78594904.92,-0.002015327322746008
2012-08-09,9203.41,9344.09,9176.78,9337.54,,90418563.43,0.013774242264677827
2012-08-10,9335.56,9335.56,9224.3,9238.2,,75451638.33,-0.010638776380074377
2012-08-13,9226.46,9226.46,9035.41,9039.22,,83214108.19,-0.02153882791019912
2012-08-14,9039.45,9101.26,8929.0,9089.62,,96439801.67,0.005575702328298293
2012-08-15,9052.79,9084.88,8994.38,9048.61,,72013308.38,-0.004511739764698652
2012-08-16,9018.36,9046.43,8963.87,8973.38,,60585229.13,-0.008313984136790187
2012-08-17,8963.4,8983.73,8801.97,8883.61,,68236624.35,-0.010004034154354136
2012-08-20,8805.35,8867.97,8737.63,8838.63,,71064650.17,-0.0050632569417163875
2012-08-21,8831.52,8935.24,8799.24,8849.49,,84822723.99,0.0012286972075989944
2012-08-22,8859.46,8864.82,8690.13,8726.02,,79971924.47,-0.013952216455411448
2012-08-23,8739.2,8785.8,8655.61,8730.55,,81888754.93,0.0005191370177926036
2012-08-24,8697.24,8718.53,8578.56,8579.28,,80603291.11,-0.01732651436621957
2012-08-27,8562.34,8562.34,8401.09,8402.15,,93313839.69,-0.02064625469736403
2012-08-28,8389.17,8454.21,8358.64,8400.36,,100171757.37,-0.0002130407098182019
2012-08-29,8364.66,8396.84,8270.02,8270.91,,84926292.94,-0.015410053854834849
2012-08-30,8218.71,8290.17,8132.36,8220.08,,104511292.1,-0.006145635728112109
2012-08-31,8218.9,8275.2,8210.99,8210.99,,80112798.04,-0.0011058286537357631
2012-09-03,8220.31,8399.6,8215.34,8361.67,,72170149.99,0.018351014920247266
2012-09-04,8374.24,8393.16,8223.35,8243.83,,67079435.56,-0.014092878575691192
2012-09-05,8223.1,8282.22,8182.05,8242.59,,73965053.15,-0.0001504155228819748
2012-09-06,8255.68,8332.97,8230.35,8288.26,,72597927.2,0.005540734162441607
2012-09-07,8363.81,8822.26,8363.81,8709.07,,164482338.41,0.050771814590758524
2012-09-10,8738.45,8817.62,8716.58,8769.54,,131873377.18,0.006943336085253771
2012-09-11,8728.09,8739.47,8638.76,8739.47,,103697462.09,-0.0034289141733775397
2012-09-12,8788.01,8865.65,8695.15,8786.73,,103618613.11,0.005407650578353129
2012-09-13,8778.61,8821.65,8691.0,8691.0,,91591154.33,-0.010894838011410335
2012-09-14,8801.58,8832.53,8670.55,8740.05,,107132167.49,0.0056437694166378005
2012-09-17,8717.32,8738.32,8483.52,8483.69,,90155727.74,-0.029331639979176205
2012-09-18,8456.32,8473.04,8367.0,8390.15,,70003436.26,-0.01102586256687843
2012-09-19,8407.49,8445.92,8351.6,8431.74,,64560564.01,0.004957003152506134
2012-09-20,8393.01,8393.01,8200.91,8202.2,,86394204.94,-0.027223325197408776
2012-09-21,8186.74,8291.26,8156.63,8201.53,,75194376.97,-8.168540147768244e-05
2012-09-24,8148.37,8364.31,8095.52,8310.94,,77983756.29,0.013340193841880676
2012-09-25,8296.95,8364.69,8256.62,8284.25,,58910038.65,-0.0032114297540351
2012-09-26,8289.85,8335.14,8178.67,8193.37,,68266027.03,-0.010970214563780556
2012-09-27,8198.56,8520.19,8198.56,8486.27,,106940606.02,0.03574841609740553
2012-09-28,8422.29,8690.24,8415.04,8679.22,,112083626.63,0.022736726500570903
2012-10-08,8677.99,8715.63,8495.35,8540.08,,69113451.55,-0.016031394526236142
2012-10-09,8583.58,8774.36,8583.58,8743.86,,105683049.42,0.02386160316999386
2012-10-10,8727.75,8779.41,8684.12,8773.68,,98131194.37,0.0034103931215732075
2012-10-11,8741.94,8765.5,8658.94,8665.09,,91997150.83,-0.012376790582742991
2012-10-12,8695.29,8782.45,8579.59,8650.19,,85731700.55,-0.0017195435938922587
2012-10-15,8660.72,8671.22,8551.1,8621.96,,70329797.86,-0.0032635121309475545
2012-10-16,8618.43,8724.57,8597.33,8645.54,,75119491.73,0.0027348769885271462
2012-10-17,8684.86,8699.2,8563.55,8641.18,,73626502.29,-0.0005043062665837095
2012-10-18,8673.73,8821.34,8663.43,8798.2,,110667653.1,0.01817112940593768
2012-10-19,8817.42,8861.04,8779.45,8796.42,,82712725.37,-0.00020231410970428243
2012-10-22,8749.03,8859.51,8725.8,8829.44,,82247114.12,0.003753799841299088
2012-10-23,8824.96,8836.09,8680.96,8686.47,,85344773.15,-0.016192419904320188
2012-10-24,8662.74,8726.37,8640.09,8653.91,,83634479.34,-0.00374835807871321
2012-10-25,8653.99,8725.34,8587.77,8602.8,,86287895.18,-0.0059060008712825685
2012-10-26,8597.07,8609.57,8369.05,8414.85,,90959742.8,-0.02184753801088002
2012-10-29,8394.46,8423.58,8339.66,8376.55,,59309280.48,-0.004551477447607644
2012-10-30,8384.36,8478.01,8366.34,8394.24,,65793076.6,0.002111847956497659
2012-10-31,8412.31,8481.66,8386.9,8469.8,,61458432.44,0.009001410491003226
2012-11-01,8473.03,8682.81,8473.03,8663.15,,95920237.04,0.022828165954331903
2012-11-02,8668.72,8697.32,8616.92,8679.68,,79219783.14,0.0019080819332459864
2012-11-05,8674.26,8739.83,8607.14,8654.74,,72401902.27,-0.0028733778203805516
2012-11-06,8649.8,8661.4,8483.7,8589.87,,84339904.59,-0.007495314706160938
2012-11-07,8581.53,8626.61,8534.67,8561.2,,68348494.52,-0.0033376523742500996
2012-11-08,8489.29,8523.13,8399.38,8399.38,,79752234.78,-0.01890155585665576
2012-11-09,8384.07,8421.04,8339.55,8356.67,,61303350.7,-0.005084899123506625
2012-11-12,8371.24,8437.93,8313.0,8391.9,,60866488.76,0.004215794090229652
2012-11-13,8382.91,8382.91,8222.5,8234.6,,70803203.18,-0.018744265303447305
2012-11-14,8241.12,8293.67,8205.74,8283.56,,64647244.85,0.005945643989993421
2012-11-15,8231.11,8285.02,8173.77,8186.06,,61387908.73,-0.011770301657741289
2012-11-16,8169.67,8177.35,8043.75,8118.15,,67159922.63,-0.00829581019440373
2012-11-19,8109.78,8109.78,7954.07,8060.54,,58971308.22,-0.007096444386959999
2012-11-20,8074.66,8150.13,8043.88,8052.79,,54935092.77,-0.0009614740451632242
2012-11-21,8055.64,8153.23,7988.85,8150.84,,76180382.9,0.012175904251818359
2012-11-22,8079.94,8101.87,8027.76,8047.52,,59358109.32,-0.012675994130666224
2012-11-23,8074.0,8157.84,8054.09,8114.74,,60557613.4,0.008352883869813255
2012-11-26,8096.71,8114.91,8003.34,8016.07,,50967097.1,-0.012159354458676441
2012-11-27,7986.7,8027.93,7931.74,7936.74,,73572311.12,-0.009896370665425813
2012-11-28,7914.32,7917.4,7844.49,7854.06,,72260302.9,-0.01041737539594334
2012-11-29,7853.92,7919.35,7808.96,7808.96,,68714920.26,-0.005742253051288171
2012-11-30,7808.54,7960.98,7786.84,7903.25,,70857470.22,0.012074591238782073
2012-12-03,7903.25,7951.65,7698.86,7710.88,,73662787.79,-0.024340619365450955
2012-12-04,7684.49,7828.12,7660.45,7801.75,,79372121.48,0.01178464714792593
2012-12-05,7783.03,8150.4,7782.68,8091.68,,129074180.49,0.03716217515301068
2012-12-06,8081.82,8135.14,8010.21,8071.49,,89608043.48,-0.0024951555177664675
2012-12-07,8046.48,8211.64,8007.4,8189.68,,122511208.48,0.01464289740803748
2012-12-10,8199.18,8285.65,8150.03,8265.79,,130415092.33,0.009293403405261413
2012-12-11,8230.03,8285.82,8201.25,8220.54,,106571376.68,-0.005474370870781842
2012-12-12,8221.38,8278.46,8168.64,8246.06,,89161468.44,0.0031044189311162373
2012-12-13,8222.57,8259.91,8171.35,8171.35,,82916934.57,-0.009060084452453543
2012-12-14,8183.72,8536.54,8183.72,8530.9,,163692032.34,0.04400129721527035
2012-12-17,8545.03,8659.02,8545.03,8600.33,,151096502.37,0.008138648911603763
2012-12-18,8576.27,8711.78,8511.4,8592.63,,139537558.91,-0.0008953144821187697
2012-12-19,8579.67,8686.12,8558.25,8639.56,,105868474.18,0.005461657257440411
2012-12-20,8604.2,8719.88,8532.72,8693.23,,117113441.43,0.0062121219136159755
2012-12-21,8702.74,8815.03,8630.67,8658.35,,128049176.22,-0.004012317631076012
2012-12-24,8647.42,8702.02,8605.95,8631.37,,100086568.97,-0.0031160671490525482
2012-12-25,8613.28,8941.14,8571.7,8891.57,,179598270.96,0.03014585170140993
2012-12-26,8887.39,8941.11,8872.5,8940.68,,143809129.1,0.005523209062066714
2012-12-27,8976.63,9036.94,8910.75,8939.85,,143106722.17,-9.283410210403353e-05
2012-12-28,8953.34,9038.62,8926.97,9026.99,,135292540.04,0.009747367125846562
2012-12-31,9042.97,9119.2,9007.11,9116.48,,136705706.35,0.00991360353783488
2013-01-04,9204.11,9217.01,8991.74,9096.07,,141812279.7,-0.0022388026957772533
2013-01-07,9073.97,9132.79,9033.95,9108.46,,118421203.84,0.0013621267206607168
2013-01-08,9102.03,9143.39,9010.16,9110.45,,142479120.7,0.0002184782059757584
2013-01-09,9077.5,9178.83,9066.82,9154.87,,147251394.04,0.004875719640632381
2013-01-10,9151.81,9262.67,9121.59,9170.05,,134009842.39,0.001658133867547873
2013-01-11,9185.17,9219.18,8988.3,9017.73,,146592758.78,-0.016610596452582005
2013-01-14,8981.74,9330.59,8976.02,9316.27,,180800869.04,0.03310589250288043
2013-01-15,9332.9,9432.84,9312.87,9381.69,,182702072.5,0.007022123661079016
2013-01-16,9359.34,9438.13,9232.33,9355.48,,169378479.36,-0.002793739720668764
2013-01-17,9335.04,9373.41,9258.58,9309.23,,126459123.2,-0.004943626623112873
2013-01-18,9358.4,9475.47,9286.05,9432.29,,141052677.82,0.01321913842498268
2013-01-21,9543.24,9562.85,9465.89,9562.85,,146081979.41,0.013841813599878572
2013-01-22,9591.82,9623.01,9456.21,9536.36,,150016569.09,-0.0027700946893446377
2013-01-23,9495.73,9566.53,9434.02,9548.31,,116256547.28,0.0012530986665770794
2013-01-24,9540.63,9736.12,9385.46,9444.08,,169828684.29,-0.010916067869601975
2013-01-25,9432.61,9446.0,9353.39,9357.13,,95338911.37,-0.00920682586339805
2013-01-28,9361.31,9618.92,9361.31,9618.92,,122570016.37,0.027977595694406387
2013-01-29,9636.33,9735.22,9627.66,9704.66,,132639319.5,0.0089136826171754
2013-01-30,9695.41,9788.47,9667.68,9783.84,,128557191.04,0.008158966929289635
2013-01-31,9788.26,9804.73,9637.58,9667.67,,118065047.53,-0.011873661057417162
2013-02-01,9648.92,9820.83,9609.84,9820.29,,132662450.98,0.015786637317988905
2013-02-04,9830.89,9858.57,9693.62,9760.83,,141783963.18,-0.006054811008636252
2013-02-05,9717.55,9971.64,9709.6,9945.98,,128677150.2,0.018968673770570765
2013-02-06,9942.04,9973.54,9884.13,9922.72,,106811285.94,-0.0023386332970708468
2013-02-07,9896.22,9934.29,9782.5,9904.78,,100356213.03,-0.0018079720076751293
2013-02-08,9880.26,10057.97,9880.26,9989.09,,111044902.5,0.008512051756828454
2013-02-18,10036.38,10049.53,9765.91,9795.91,,117030800.15,-0.019339098956962064
2013-02-19,9787.04,9787.04,9519.74,9550.93,,125029798.1,-0.02500839636133856
2013-02-20,9548.17,9646.6,9510.76,9645.87,,120143356.52,0.00994039323919238
2013-02-21,9553.76,9553.76,9290.19,9396.11,,163883427.87,-0.025892946929618632
2013-02-22,9386.47,9454.15,9353.87,9364.54,,96511530.35,-0.003359901065440929
2013-02-25,9399.45,9449.32,9305.06,9342.37,,91651377.69,-0.002367441433321904
2013-02-26,9291.88,9428.78,9193.93,9208.03,,116969280.75,-0.014379648847134052
2013-02-27,9241.66,9375.72,9232.88,9333.24,,101460118.87,0.013597913994632949
2013-02-28,9393.33,9641.44,9350.64,9641.44,,129561109.26,0.033021758789016475
2013-03-01,9630.87,9679.45,9497.71,9650.14,,128420900.85,0.0009023548349622601
2013-03-04,9393.73,9397.82,9081.44,9139.75,,164858943.83,-0.052889388133229076
2013-03-05,9138.5,9353.25,9085.36,9341.35,,130052958.07,0.0220574961021911
2013-03-06,9396.75,9444.99,9342.38,9431.17,,156743753.99,0.009615312561888745
2013-03-07,9409.21,9506.29,9268.48,9393.69,,145204433.31,-0.003974056241166202
2013-03-08,9396.85,9417.3,9282.53,9285.83,,101616809.03,-0.011482175800989869
2013-03-11,9256.96,9340.91,9155.94,9277.16,,84875974.8,-0.0009336806725946944
2013-03-12,9268.17,9396.41,9082.58,9163.64,,118472193.37,-0.012236503412682342
2013-03-13,9150.95,9159.14,9028.76,9073.22,,89125849.99,-0.009867257989183309
2013-03-14,9029.84,9137.55,9009.01,9087.25,,71168694.59,0.0015463088076781428
2013-03-15,9087.37,9312.13,8937.07,9099.29,,108038082.18,0.0013249332856475338
2013-03-18,9048.36,9152.3,8975.63,8999.02,,85442961.03,-0.011019541085073747
2013-03-19,9013.29,9081.03,8930.06,9034.04,,87036353.55,0.0038915348560177865
2013-03-20,9035.65,9329.72,9027.82,9317.97,,121730253.54,0.03142890666855558
2013-03-21,9315.86,9382.91,9263.52,9326.29,,112161862.97,0.000892898345884463
2013-03-22,9319.22,9371.9,9285.85,9343.41,,94450863.78,0.0018356709902864754
2013-03-25,9368.89,9393.48,9279.95,9313.13,,90515222.12,-0.0032407868219419544
2013-03-26,9290.05,9339.35,9149.14,9226.64,,96004377.05,-0.009286888511166436
2013-03-27,9220.35,9357.52,9168.63,9225.13,,89989531.71,-0.00016365654235994676
2013-03-28,9099.48,9099.48,8946.17,8959.26,,104506209.22,-0.028820190067782137
2013-03-29,8976.08,8996.43,8879.29,8889.77,,75943652.39,-0.007756220937889968
2013-04-01,8901.64,9000.21,8884.17,8937.75,,86626881.12,0.005397215001063049
2013-04-02,8974.02,9112.93,8928.32,8960.46,,98532777.55,0.002540907946630755
2013-04-03,9007.65,9062.11,8930.99,8964.47,,94630492.27,0.0004475216674144633
2013-04-08,8828.07,8960.98,8748.74,8953.84,,94096579.55,-0.0011857923558223904
2013-04-09,8965.62,9067.25,8961.88,8993.11,,89405011.54,0.004385827756582694
2013-04-10,8994.44,9006.92,8891.14,8962.3,,75358157.2,-0.003425956093053628
2013-04-11,9017.61,9036.95,8915.71,8920.71,,75393778.15,-0.004640549858853205
2013-04-12,8911.38,8975.44,8823.83,8835.15,,67139485.32,-0.009591164828808396
2013-04-15,8792.91,8818.18,8694.17,8733.44,,73885246.97,-0.0115119720661222
2013-04-16,8656.23,8861.21,8645.18,8852.42,,81503822.77,0.013623497728271872
2013-04-17,8852.78,8917.69,8819.96,8894.37,,77204249.09,0.004738817182194266
2013-04-18,8837.25,8996.63,8813.05,8888.02,,80392674.57,-0.0007139347699725018
2013-04-19,8910.43,9142.9,8903.7,9111.19,,120343351.66,0.025109079412512614
2013-04-22,9095.73,9140.45,9012.72,9057.62,,108000728.27,-0.005879583237754837
2013-04-23,9055.23,9055.47,8783.77,8793.13,,115376097.32,-0.029200827590470935
2013-04-24,8786.42,8985.02,8742.19,8911.65,,118398474.4,0.013478704397637653
2013-04-25,8870.69,8941.27,8758.28,8772.58,,119835702.65,-0.015605415383234233
2013-04-26,8809.19,8857.89,8667.58,8691.39,,88136271.72,-0.00925497402132558
2013-05-02,8643.9,8726.14,8597.71,8718.2,,70328069.86,0.0030846619470534797
2013-05-03,8736.48,8967.09,8736.48,8847.67,,106503868.18,0.014850542543185519
2013-05-06,8887.22,9016.42,8868.53,8997.08,,110809043.07,0.016886931813686612
2013-05-07,8974.17,9072.71,8940.71,9022.9,,103407532.04,0.0028698199860399676
2013-05-08,9081.13,9170.83,9039.07,9074.84,,113217429.61,0.00575646410799191
2013-05-09,9071.11,9101.58,8959.81,9050.08,,115539868.57,-0.002728422760070681
2013-05-10,9014.57,9117.3,8994.44,9071.16,,107266527.05,0.0023292611778016337
2013-05-13,9080.1,9110.45,8975.7,9014.28,,100453969.23,-0.006270421864458253
2013-05-14,9003.47,9007.22,8773.79,8809.09,,103534846.41,-0.022762771957383188
2013-05-15,8823.84,8888.67,8808.35,8869.85,,100160919.49,0.006897420732447923
2013-05-16,8838.95,9061.33,8791.35,9061.33,,144010078.47,0.021587738236835907
2013-05-17,9060.53,9264.21,9059.25,9246.28,,147956269.65,0.02041091098105907
2013-05-20,9274.13,9396.27,9255.69,9307.15,,170231293.32,0.0065831880496804995
2013-05-21,9314.76,9403.54,9292.42,9403.54,,155714997.87,0.010356553832268967
2013-05-22,9400.79,9462.02,9347.93,9405.06,,152908533.83,0.00016164125425088827
2013-05-23,9362.73,9445.4,9242.46,9265.68,,151050500.65,-0.014819682171086535
2013-05-24,9288.05,9365.3,9206.83,9304.86,,123222075.6,0.004228507783562652
2013-05-27,9278.22,9323.21,9223.72,9260.63,,131074976.94,-0.004753429928016306
2013-05-28,9263.83,9441.69,9199.41,9441.69,,151176420.82,0.019551585583270414
2013-05-29,9456.21,9511.18,9398.67,9404.4,,138521679.91,-0.003949504802636006
2013-05-30,9388.82,9427.75,9340.12,9379.19,,126465482.69,-0.0026806601165411115
2013-05-31,9397.31,9429.54,9256.95,9257.95,,127745948.14,-0.012926489387676265
2013-06-03,9259.48,9345.66,9227.22,9251.24,,120619342.61,-0.000724782484243347
2013-06-04,9254.63,9254.63,9091.62,9124.27,,133322936.3,-0.0137246466419636
2013-06-05,9133.17,9147.36,9066.28,9143.44,,93384043.58,0.0021009899970079182
2013-06-06,9105.43,9147.63,8995.71,9001.09,,100710038.84,-0.015568538755654338
2013-06-07,8992.26,9012.16,8728.49,8763.61,,114982318.56,-0.026383471335138298
2013-06-13,8642.32,8642.32,8362.02,8432.42,,111351208.85,-0.037791503729627474
2013-06-14,8459.05,8501.72,8433.28,8479.46,,94947850.47,0.00557846976312848
2013-06-17,8500.04,8521.03,8357.62,8404.5,,100011632.99,-0.008840185577855042
2013-06-18,8433.51,8497.65,8369.2,8470.87,,89701460.55,0.007896959961925187
2013-06-19,8428.65,8431.97,8257.42,8421.24,,96397869.33,-0.005858902332346094
2013-06-20,8369.04,8388.43,8138.57,8147.48,,96535032.5,-0.03250827669084366
2013-06-21,8012.92,8189.7,7969.96,8136.05,,100589877.26,-0.0014028877640692716
2013-06-24,8115.84,8115.84,7558.03,7588.52,,132810967.56,-0.06729678406597794
2013-06-25,7486.83,7582.37,7045.6,7495.1,,177733215.08,-0.012310700900834415
2013-06-26,7544.89,7591.1,7409.25,7566.4,,132822087.17,0.009512881749409452
2013-06-27,7598.93,7712.4,7544.33,7544.33,,136864473.85,-0.002916842884330695
2013-06-28,7508.35,7841.75,7479.9,7694.47,,120101829.26,0.019901038263172577
2013-07-01,7649.3,7725.92,7544.77,7718.48,,98447491.17,0.00312042284913705
2013-07-02,7720.77,7796.56,7652.66,7768.84,,111597635.62,0.006524600698583294
2013-07-03,7748.59,7748.59,7591.58,7703.74,,118642967.03,-0.008379629391260468
2013-07-04,7641.45,7901.91,7597.26,7804.11,,140158199.99,0.01302873669152893
2013-07-05,7852.63,7968.87,7852.63,7856.59,,117634870.08,0.006724661748745309
2013-07-08,7741.41,7811.0,7634.29,7637.63,,111293790.76,-0.027869597369851284
2013-07-09,7624.13,7684.22,7570.54,7600.47,,82380504.8,-0.0048653836334046074
2013-07-10,7609.4,7851.25,7584.12,7851.25,,118323980.68,0.03299532792051019
2013-07-11,7858.07,8281.55,7849.49,8184.77,,187790764.18,0.0424798598949212
2013-07-12,8171.01,8218.19,7999.44,8012.84,,150962724.77,-0.021006088136868883
2013-07-15,8072.75,8247.67,8003.99,8137.77,,147784509.0,0.015591226082138254
2013-07-16,8109.85,8201.08,8050.15,8186.68,,137929311.64,0.006010246050207835
2013-07-17,8161.65,8215.61,8055.99,8063.8,,144752077.69,-0.015009747541127827
2013-07-18,8026.61,8064.02,7887.36,7904.27,,127979266.98,-0.019783476772737396
2013-07-19,7914.27,7937.63,7663.99,7663.99,,150452372.15,-0.030398759151699095
2013-07-22,7608.68,7717.72,7566.75,7684.23,,118008959.68,0.0026409220262553212
2013-07-23,7737.03,7998.41,7726.06,7963.7,,165564258.4,0.03636929139289169
2013-07-24,7945.29,7995.32,7817.91,7935.85,,157235544.47,-0.0034971181737131207
2013-07-25,7948.95,7996.63,7849.13,7894.6,,147453282.19,-0.005197930908472315
2013-07-26,7845.22,7905.4,7787.39,7843.36,,115173486.26,-0.006490512502216772
2013-07-29,7772.16,7772.16,7639.16,7668.54,,114686666.73,-0.022288916994757324
2013-07-30,7690.45,7858.54,7619.36,7730.17,,120119459.25,0.008036731894206728
2013-07-31,7849.55,7956.41,7748.3,7765.4,,115766869.17,0.00455746768829135
2013-08-01,7819.45,7967.03,7789.93,7931.79,,147854287.5,0.02142709969866341
2013-08-02,8023.73,8084.9,7957.17,7961.47,,145292838.83,0.00374190441249711
2013-08-05,7955.38,8060.39,7930.46,8060.39,,125547569.5,0.012424841141146059
2013-08-06,8033.67,8170.5,7980.4,8143.13,,153382534.7,0.010265011990734818
2013-08-07,8167.11,8250.87,8084.05,8096.09,,152263908.71,-0.00577664853686477
2013-08-08,8090.66,8170.71,8065.63,8114.87,,119358148.6,0.0023196382451282638
2013-08-09,8158.38,8214.68,8061.61,8145.97,,133131733.45,0.003832470514007147
2013-08-12,8181.95,8357.82,8173.76,8356.73,,168815641.7,0.025872916300943904
2013-08-13,8353.26,8366.67,8290.22,8362.65,,138917157.32,0.0007084110650936726
2013-08-14,8375.03,8467.78,8303.41,8336.81,,152796904.38,-0.003089929627570265
2013-08-15,8342.63,8383.59,8225.79,8228.87,,125370650.63,-0.012947398345410144
2013-08-16,8204.12,8476.05,8152.69,8168.09,,191450181.31,-0.007386190327469122
2013-08-19,8110.8,8319.53,8104.41,8285.72,,128219391.16,0.014401163552311358
2013-08-20,8269.82,8357.73,8192.84,8234.56,,130177958.16,-0.006174478500359681
2013-08-21,8264.72,8268.65,8174.21,8236.09,,118171751.41,0.00018580227723163922
2013-08-22,8223.3,8325.77,8202.05,8245.04,,125726296.43,0.0010866806943587992
2013-08-23,8281.18,8307.02,8045.8,8166.28,,146944198.44,-0.009552409691159891
2013-08-26,8200.16,8346.7,8180.28,8334.57,,142074342.54,0.02060791449717625
2013-08-27,8325.96,8352.4,8280.72,8341.77,,129424543.6,0.0008638718014246649
2013-08-28,8286.88,8338.29,8197.4,8259.38,,161865500.27,-0.00987680072694419
2013-08-29,8287.24,8306.32,8177.29,8214.49,,135154696.27,-0.0054350326537826454
2013-08-30,8197.19,8290.39,8163.11,8202.48,,154541964.22,-0.0014620505959591634
2013-09-02,8214.95,8269.82,8148.17,8243.58,,121667104.06,0.0050106796968723
2013-09-03,8257.46,8374.31,8245.01,8368.04,,139819938.22,0.015097809446866561
2013-09-04,8354.49,8400.81,8330.52,8344.96,,128654708.11,-0.002758113010932317
2013-09-05,8352.0,8364.07,8274.19,8286.06,,117388381.18,-0.007058152465679868
2013-09-06,8277.14,8354.31,8256.12,8280.33,,117803578.99,-0.0006915228709422072
2013-09-09,8334.42,8537.92,8319.1,8504.74,,181129670.71,0.02710157686952086
2013-09-10,8535.54,8636.63,8498.38,8636.63,,173420597.95,0.015507822696519735
2013-09-11,8636.71,8722.39,8622.26,8675.63,,199360636.19,0.004515650201525334
2013-09-12,8648.66,8766.35,8627.81,8714.88,,153154324.39,0.004524167121004563
2013-09-13,8709.05,8766.7,8676.59,8687.54,,131281037.11,-0.0031371631049421644
2013-09-16,8706.38,8722.49,8627.32,8659.0,,129671035.53,-0.003285164730176926
2013-09-17,8652.5,8652.5,8493.66,8493.78,,126826501.16,-0.01908072525695803
2013-09-18,8463.02,8524.34,8405.23,8480.74,,104341640.09,-0.0015352410822979667
2013-09-23,8503.92,8722.59,8503.92,8719.29,,136222799.98,0.028128441621839695
2013-09-24,8718.16,8718.27,8564.83,8664.8,,142067894.52,-0.006249362046680584
2013-09-25,8642.49,8707.5,8587.37,8613.71,,135912017.07,-0.005896269965838807
2013-09-26,8578.14,8612.33,8415.43,8439.47,,132844442.32,-0.020228217574076668
2013-09-27,8442.14,8515.13,8425.62,8472.29,,102603227.32,0.0038888697986960707
2013-09-30,8485.65,8544.74,8461.66,8514.57,,92849136.73,0.004990386306417571
2013-10-08,8505.11,8707.04,8461.57,8681.53,,132072024.45,0.019608741251760264
2013-10-09,8645.63,8675.59,8601.96,8667.77,,129620282.65,-0.0015849740771499699
2013-10-10,8684.64,8727.14,8605.42,8685.79,,152954807.48,0.0020789661008542293
2013-10-11,8722.42,8773.18,8661.4,8737.97,,150988830.35,0.006007513421346644
2013-10-14,8736.76,8815.75,8707.32,8760.1,,157942726.61,0.0025326248545143315
2013-10-15,8756.82,8765.55,8627.09,8700.34,,155727081.84,-0.006821839933334073
2013-10-16,8664.75,8690.38,8499.59,8542.87,,152558220.46,-0.01809929267132082
2013-10-17,8583.93,8614.95,8503.85,8521.2,,132216745.88,-0.00253661825592566
2013-10-18,8529.56,8629.55,8493.94,8584.87,,108760761.66,0.007471952307186891
2013-10-21,8608.93,8742.04,8571.79,8739.52,,152915612.49,0.018014250652601538
2013-10-22,8727.67,8744.8,8596.02,8619.64,,161899522.29,-0.013717000475998775
2013-10-23,8640.79,8719.63,8492.69,8512.96,,154561410.31,-0.012376386948874885
2013-10-24,8486.11,8550.86,8423.95,8486.52,,105340439.02,-0.003105852723376934
2013-10-25,8488.34,8570.28,8325.87,8379.61,,125399514.61,-0.012597625410651236
2013-10-28,8398.25,8411.81,8297.66,8336.68,,102794498.19,-0.005123150122738451
2013-10-29,8352.17,8504.57,8214.54,8398.92,,156368561.32,0.007465801734023669
2013-10-30,8402.65,8559.77,8377.96,8553.37,,116078481.09,0.01838926909650307
2013-10-31,8516.15,8549.76,8428.36,8444.41,,111510391.99,-0.012738838609811176
2013-11-01,8433.76,8493.38,8370.87,8451.72,,94444633.33,0.0008656614257240847
2013-11-04,8493.31,8524.48,8395.3,8416.93,,82511268.45,-0.004116321884775953
2013-11-05,8357.57,8460.18,8269.73,8451.73,,104028509.85,0.004134524107958448
2013-11-06,8409.87,8434.95,8285.85,8287.86,,115191068.78,-0.019388929840399416
2013-11-07,8277.88,8300.76,8187.04,8240.25,,93097558.06,-0.005744546843214127
2013-11-08,8185.61,8250.04,8126.8,8155.4,,93635807.64,-0.010297017687570187
2013-11-11,8142.38,8208.91,8082.24,8168.67,,80974676.76,0.001627142752041566
2013-11-12,8179.04,8298.67,8167.47,8279.31,,88532937.39,0.013544432569806197
2013-11-13,8221.13,8227.99,8103.49,8111.0,,93436244.38,-0.020328988768387624
2013-11-14,8131.64,8162.62,8054.96,8156.54,,94496033.66,0.005614597460239068
2013-11-15,8163.95,8418.73,8162.78,8305.91,,144478709.12,0.01831291209262753
2013-11-18,8356.91,8526.7,8328.86,8523.75,,152064731.88,0.0262271081675578
2013-11-19,8517.12,8521.25,8430.73,8461.21,,125530796.89,-0.0073371462091216255
2013-11-20,8546.4,8564.21,8435.78,8510.68,,121528567.06,0.005846681503000273
2013-11-21,8469.53,8501.65,8353.67,8472.02,,130238825.39,-0.004542527741614011
2013-11-22,8496.48,8508.6,8405.46,8413.34,,115984956.04,-0.006926329257957442
2013-11-25,8351.83,8479.57,8340.33,8379.55,,110928601.56,-0.0040162408746111655
2013-11-26,8364.53,8408.61,8337.19,8365.35,,101168184.65,-0.0016946017387566847
2013-11-27,8353.08,8478.31,8347.81,8447.46,,123864596.41,0.009815488891677937
2013-11-28,8471.26,8630.38,8463.89,8548.37,,152505250.42,0.011945602583498749
2013-11-29,8552.18,8573.35,8520.11,8542.61,,123381100.24,-0.0006738126683800694
2013-12-02,8461.49,8593.99,8355.99,8376.64,,173235821.22,-0.01942848848302814
2013-12-03,8353.79,8514.92,8340.21,8492.52,,122783947.68,0.01383370898116687
2013-12-04,8482.39,8648.01,8460.06,8600.82,,154934048.37,0.012752398581339808
2013-12-05,8598.42,8629.2,8545.04,8560.79,,120816782.11,-0.00465420738952782
2013-12-06,8555.39,8586.15,8491.62,8526.68,,101498577.37,-0.0039844453607670305
2013-12-09,8562.34,8593.67,8487.88,8519.67,,102330931.35,-0.0008221253758790015
2013-12-10,8534.34,8597.19,8510.0,8554.17,,111418654.73,0.004049452619643734
2013-12-11,8496.44,8497.86,8365.63,8409.8,,108055758.89,-0.016877148805787168
2013-12-12,8391.76,8443.79,8360.78,8400.65,,93988053.28,-0.0010880163618635086
2013-12-13,8323.4,8467.28,8317.34,8429.82,,95455715.57,0.0034723503538416356
2013-12-16,8441.11,8446.34,8271.86,8272.67,,107853807.81,-0.018642153687741803
2013-12-17,8282.26,8292.59,8207.32,8213.43,,87590748.07,-0.0071609286965392815
2013-12-18,8220.33,8259.08,8194.0,8236.95,,78277412.99,0.002863602660520659
2013-12-19,8263.69,8276.94,8143.78,8147.71,,87903767.06,-0.010834107284856787
2013-12-20,8169.22,8175.4,7966.72,7966.72,,104685268.68,-0.022213603576955898
2013-12-23,7991.34,8023.16,7903.08,7989.51,,87817087.94,0.0028606503052699406
2013-12-24,8017.25,8125.49,7958.37,8027.43,,87462909.41,0.00474622348554532
2013-12-25,8038.21,8119.95,7997.36,8096.37,,91377353.68,0.008588053710838928
2013-12-26,8067.29,8071.73,7887.37,7897.33,,104776441.84,-0.02458385671603447
2013-12-27,7911.23,8092.77,7893.75,8048.85,,106865243.92,0.019186231295893696
2013-12-30,8074.69,8080.7,7988.9,7999.3,,95232973.78,-0.006156158954384816
2013-12-31,7968.45,8129.26,7959.28,8121.79,,100279182.44,0.01531258985161199
2014-01-02,8083.77,8124.56,8048.27,8114.39,,98354935.12,-0.0009111291968888491
2014-01-03,8077.48,8094.96,7995.59,8028.33,,102825048.93,-0.010605849607918771
2014-01-06,8013.37,8013.37,7790.9,7818.46,,106436305.1,-0.026141177554983352
2014-01-07,7760.96,7848.36,7752.56,7806.31,,86923798.99,-0.001554014473438503
2014-01-08,7816.98,7901.22,7770.38,7802.14,,106030703.89,-0.0005341832440679539
2014-01-09,7774.65,7875.59,7740.85,7746.74,,107434637.2,-0.007100615984845238
2014-01-10,7723.74,7732.04,7644.92,7648.04,,93325710.66,-0.012740843245029554
2014-01-13,7646.46,7697.52,7521.19,7572.56,,85553345.32,-0.009869195244794682
2014-01-14,7568.6,7666.52,7543.37,7665.77,,96645694.96,0.012308915346989746
2014-01-15,7660.66,7697.04,7614.52,7668.8,,94141436.2,0.0003952636199624493
2014-01-16,7677.98,7724.4,7647.28,7667.22,,97823688.91,-0.00020602962653870627
2014-01-17,7637.68,7659.57,7541.27,7544.56,,88798772.09,-0.01599797579826845
2014-01-20,7526.7,7573.8,7477.79,7524.33,,84071042.51,-0.0026814022288907946
2014-01-21,7528.79,7641.6,7528.79,7593.42,,94488556.01,0.00918221290134813
2014-01-22,7612.19,7821.08,7597.44,7820.45,,138422093.9,0.029898254014659953
2014-01-23,7818.76,7855.23,7764.48,7788.47,,123642958.8,-0.004089278749944025
2014-01-24,7771.58,7908.89,7760.2,7855.14,,132543330.61,0.008560089465581733
2014-01-27,7810.23,7815.72,7723.6,7752.54,,128682775.11,-0.013061511316157404
2014-01-28,7773.55,7810.79,7679.81,7740.75,,101614318.95,-0.00152079189530141
2014-01-29,7754.18,7790.02,7695.27,7707.59,,95890679.62,-0.0042838226270064395
2014-01-30,7704.49,7705.63,7560.54,7572.63,,85568130.83,-0.017510012857456125
2014-02-07,7515.09,7616.57,7479.56,7616.57,,101142895.26,0.005802475493982939
2014-02-10,7655.57,7827.39,7651.49,7812.16,,163330604.97,0.02567953816481694
2014-02-11,7814.2,7877.09,7781.25,7838.12,,167853007.58,0.003323024618031356
2014-02-12,7835.06,7904.83,7809.94,7902.08,,150212340.64,0.008160120028782414
2014-02-13,7895.23,7936.75,7846.99,7857.11,,157753986.94,-0.005690906697983333
2014-02-14,7840.96,7895.39,7821.63,7883.75,,133382455.54,0.0033905596332495236
2014-02-17,7922.74,7947.73,7866.3,7943.96,,165523981.51,0.007637228476296221
2014-02-18,7947.42,7947.42,7808.15,7832.47,,166123924.36,-0.014034562107563486
2014-02-19,7837.41,7967.07,7816.06,7953.94,,170607445.46,0.01550851774727513
2014-02-20,7956.92,7997.02,7836.27,7842.12,,166123769.23,-0.014058441476802686
2014-02-21,7825.54,7859.2,7718.53,7750.56,,129851337.89,-0.011675414301234754
2014-02-24,7697.21,7697.21,7465.91,7542.53,,142569013.43,-0.02684064119237839
2014-02-25,7551.0,7559.8,7272.34,7303.94,,182297514.53,-0.03163262194515637
2014-02-26,7271.19,7349.17,7226.18,7319.61,,149756810.04,0.0021454174048527452
2014-02-27,7352.59,7361.15,7179.17,7188.74,,149962253.38,-0.017879367889819253
2014-02-28,7181.43,7366.69,7174.33,7365.92,,138414619.4,0.02464687831247203
2014-03-03,7349.95,7410.66,7335.43,7391.91,,130357681.57,0.0035284119295349026
2014-03-04,7390.67,7390.67,7272.64,7347.11,,130696601.49,-0.0060606798513510585
2014-03-05,7352.72,7370.63,7279.3,7298.13,,119964279.37,-0.006666566854177991
2014-03-06,7282.74,7374.84,7186.7,7352.03,,132819436.43,0.007385453533987452
2014-03-07,7338.75,7382.14,7306.05,7328.48,,116530463.71,-0.0032031969401647986
2014-03-10,7269.49,7269.49,7114.8,7118.44,,129578047.84,-0.028660786411370376
2014-03-11,7103.3,7258.69,7091.3,7212.57,,107917967.83,0.013223402880406354
2014-03-12,7187.88,7291.55,7139.35,7217.02,,117027325.63,0.0006169784140743761
2014-03-13,7226.83,7335.1,7217.84,7319.29,,103951348.11,0.014170668780189022
2014-03-14,7287.34,7317.45,7205.18,7239.06,,95023227.77,-0.01096144571399682
2014-03-17,7266.95,7342.34,7257.02,7340.62,,100713325.36,0.014029445812025143
2014-03-18,7347.04,7357.06,7266.58,7273.95,,107094745.29,-0.009082339093973046
2014-03-19,7246.06,7246.06,7098.7,7150.12,,117663743.55,-0.017023762879865845
2014-03-20,7135.41,7187.31,6997.63,6998.19,,128255935.4,-0.021248594429184475
2014-03-21,6973.09,7261.27,6959.25,7241.57,,150906551.63,0.03477756391295461
2014-03-24,7237.25,7308.15,7180.12,7273.76,,142752575.68,0.004445168658177678
2014-03-25,7247.11,7318.75,7220.72,7252.35,,130393516.5,-0.0029434570291018147
2014-03-26,7270.02,7292.56,7228.91,7244.19,,106206566.87,-0.0011251525367640403
2014-03-27,7230.63,7276.87,7154.65,7173.02,,121216788.92,-0.009824424814920518
2014-03-28,7165.47,7234.45,7144.07,7165.57,,123126486.35,-0.0010386141402087823
2014-03-31,7219.21,7279.57,7146.15,7189.58,,88914920.33,0.003350745300094715
2014-04-01,7184.07,7302.74,7177.85,7281.11,,87494707.33,0.012730924476812344
2014-04-02,7291.73,7358.36,7284.12,7333.59,,101340548.28,0.0072076922337391824
2014-04-03,7355.21,7396.85,7280.44,7298.0,,100435994.29,-0.00485301196276311
2014-04-04,7281.34,7367.8,7260.13,7367.8,,88869482.69,0.009564264181967763
2014-04-08,7334.18,7526.47,7323.41,7508.66,,120546744.97,0.019118325687450755
2014-04-09,7510.31,7556.04,7479.62,7511.25,,108256749.35,0.0003449350483308855
2014-04-10,7534.02,7607.48,7467.19,7563.2,,140152103.29,0.006916292228324128
2014-04-11,7543.71,7611.15,7528.66,7586.83,,114210874.03,0.003124338904167523
2014-04-14,7588.61,7618.57,7553.5,7583.28,,98919377.49,-0.0004679161125266118
2014-04-15,7568.17,7568.17,7438.96,7449.71,,113404367.08,-0.01761375025055123
2014-04-16,7430.61,7511.0,7430.23,7468.46,,91732878.31,0.002516876495863629
2014-04-17,7484.15,7512.27,7441.08,7451.04,,87360148.04,-0.0023324755036513434
2014-04-18,7425.84,7475.72,7380.73,7455.74,,84079176.31,0.0006307844274087149
2014-04-21,7412.34,7493.41,7351.19,7353.6,,101767192.79,-0.013699512053800045
2014-04-22,7355.63,7392.88,7276.72,7391.22,,102979490.66,0.005115861618798956
2014-04-23,7388.26,7470.15,7379.89,7434.73,,79480199.87,0.005886714236621238
2014-04-24,7426.28,7472.04,7392.15,7419.44,,87939221.8,-0.0020565642598991962
2014-04-25,7423.9,7459.01,7323.65,7323.65,,99066058.77,-0.012910677894827582
2014-04-28,7324.87,7353.34,7233.71,7240.46,,111840082.19,-0.011359090071207611
2014-04-29,7234.65,7353.02,7215.12,7339.86,,86955951.59,0.013728409520942009
2014-04-30,7320.79,7335.47,7279.34,7312.86,,72871379.04,-0.003678544277411322
2014-05-05,7289.24,7334.39,7214.06,7309.56,,81583293.42,-0.0004512598354131647
2014-05-06,7282.92,7381.22,7282.92,7311.89,,90615103.69,0.00031876063675517763
2014-05-07,7292.0,7292.0,7232.48,7234.69,,83307377.59,-0.010558145705146127
2014-05-08,7185.19,7306.79,7157.26,7169.98,,92916503.74,-0.008944405358073393
2014-05-09,7175.24,7182.42,7093.21,7162.44,,88839462.18,-0.0010516068385127975
2014-05-12,7208.04,7334.47,7175.22,7318.14,,125368086.63,0.02173840199708499
2014-05-13,7321.65,7362.87,7290.73,7310.31,,98948465.07,-0.0010699440021644246
2014-05-14,7320.36,7369.17,7303.63,7325.52,,83775682.94,0.0020806231199497205
2014-05-15,7309.88,7309.88,7205.71,7213.77,,91191138.17,-0.015254889755266565
2014-05-16,7203.82,7261.35,7187.8,7242.17,,81176291.79,0.003936915094326476
2014-05-19,7210.85,7210.85,7105.02,7151.49,,85096591.16,-0.012521109004621556
2014-05-20,7180.32,7220.33,7130.06,7151.18,,83117822.56,-4.33476100784036e-05
2014-05-21,7121.36,7205.23,7075.32,7204.65,,85724816.06,0.0074770876974148415
2014-05-22,7201.71,7295.04,7181.04,7183.67,,106954250.11,-0.002912008216915396
2014-05-23,7188.56,7246.95,7161.75,7240.92,,86208876.44,0.007969464076161614
2014-05-26,7289.63,7306.61,7233.17,7275.11,,100125518.75,0.004721775685962548
2014-05-27,7265.24,7305.96,7253.9,7260.12,,89446977.52,-0.0020604499450866953
2014-05-28,7263.31,7381.47,7246.09,7380.69,,116747019.32,0.016607163517958323
2014-05-29,7395.58,7432.35,7340.98,7341.56,,107508030.11,-0.0053016723368681795
2014-05-30,7344.83,7393.38,7309.02,7364.83,,94207622.34,0.0031696260740223803
2014-06-03,7365.61,7399.46,7319.77,7321.52,,87121106.03,-0.005880651691892336
2014-06-04,7314.97,7314.97,7177.66,7223.13,,96771384.57,-0.01343846632939616
2014-06-05,7215.95,7306.76,7205.1,7303.63,,92152947.13,0.011144753036426147
2014-06-06,7272.23,7283.65,7195.13,7235.39,,95695546.49,-0.009343299153982354
2014-06-09,7217.54,7301.34,7205.34,7227.24,,88976333.6,-0.0011264078370344377
2014-06-10,7229.97,7345.54,7229.62,7341.66,,109523482.96,0.015831769804240725
2014-06-11,7323.04,7354.49,7307.36,7340.69,,102702327.85,-0.0001321227079434939
2014-06-12,7313.83,7318.75,7280.01,7299.81,,97106726.6,-0.00556895877635466
2014-06-13,7293.5,7429.96,7290.14,7401.35,,125164728.9,0.013909951080918637
2014-06-16,7397.05,7433.54,7372.93,7416.99,,124060762.6,0.0021131280104305095
2014-06-17,7400.08,7400.08,7320.72,7331.37,,114037265.94,-0.011543766406588052
2014-06-18,7329.94,7351.97,7291.74,7297.4,,106304409.31,-0.004633513245137055
2014-06-19,7301.38,7324.64,7148.02,7180.32,,122186981.59,-0.016044070490859763
2014-06-20,7181.15,7207.63,7134.54,7195.69,,93169674.32,0.002140573122089151
2014-06-23,7205.89,7253.98,7184.16,7192.87,,94519333.09,-0.000391901263117167
2014-06-24,7200.65,7243.32,7185.4,7240.85,,93457701.81,0.006670494531390236
2014-06-25,7238.82,7238.82,7174.6,7217.65,,92007193.54,-0.0032040437241485087
2014-06-26,7219.17,7306.73,7219.17,7291.88,,118137171.17,0.010284510886507503
2014-06-27,7291.18,7344.79,7270.52,7312.62,,130016012.22,0.0028442596422322275
2014-06-30,7312.68,7362.43,7312.68,7343.27,,133400930.18,0.0041913842097633935
2014-07-01,7340.59,7350.87,7277.41,7297.5,,131713492.89,-0.006232918032429757
2014-07-02,7298.02,7319.35,7258.31,7310.38,,136109477.31,0.0017649880095922388
2014-07-03,7300.25,7362.39,7286.18,7335.54,,150213462.69,0.00344168155417357
2014-07-04,7346.69,7363.16,7318.57,7333.91,,129604285.02,-0.00022220586350840676
2014-07-07,7336.63,7373.23,7301.57,7321.52,,122724399.49,-0.0016894126052814373
2014-07-08,7319.29,7358.33,7277.46,7358.33,,126630652.52,0.005027644532829223
2014-07-09,7341.17,7342.32,7192.71,7192.71,,148465724.66,-0.02250782446560562
2014-07-10,7193.22,7218.1,7149.38,7159.63,,124071968.63,-0.004599101034241659
2014-07-11,7158.58,7232.71,7146.45,7206.97,,124721042.72,0.006612073528939444
2014-07-14,7206.13,7279.15,7180.21,7278.86,,142764389.56,0.009975065804353145
2014-07-15,7278.96,7314.18,7270.12,7304.41,,150626953.44,0.0035101650533189144
2014-07-16,7289.19,7324.68,7251.57,7261.91,,134150432.77,-0.005818402855261362
2014-07-17,7251.15,7251.15,7151.43,7194.74,,112733579.52,-0.009249632672396091
2014-07-18,7166.65,7312.83,7159.84,7259.45,,112440773.34,0.00899407066829383
2014-07-21,7264.54,7301.15,7251.35,7274.5,,101842421.81,0.00207315981238243
2014-07-22,7261.37,7384.87,7258.58,7372.65,,139389977.92,0.013492336243040803
2014-07-23,7362.74,7412.84,7341.56,7375.31,,142232742.41,0.00036079293062885043
2014-07-24,7384.92,7510.42,7384.92,7503.4,,166525874.38,0.017367405573460504
2014-07-25,7528.34,7578.12,7503.62,7578.12,,138771848.73,0.009958152304288648
2014-07-28,7630.36,7826.79,7630.36,7808.66,,201111105.59,0.03042179326798733
2014-07-29,7828.35,7895.73,7799.13,7867.04,,192181547.38,0.007476314758229963
2014-07-30,7867.93,7920.97,7820.8,7853.23,,182721264.11,-0.001755425166263369
2014-07-31,7845.8,7957.46,7821.71,7956.91,,169668435.85,0.013202211064746727
2014-08-01,7919.78,8021.15,7880.42,7880.98,,216604459.41,-0.009542649093680855
2014-08-04,7896.97,8006.91,7892.55,8006.91,,183388844.35,0.015978977233795932
2014-08-05,8007.47,8032.28,7950.52,8007.76,,207162118.7,0.00010615830576354846
2014-08-06,7962.56,8022.54,7883.08,7995.5,,215016562.12,-0.0015310149155319808
2014-08-07,7990.0,8027.51,7869.88,7872.95,,201090183.41,-0.01532737164655118
2014-08-08,7890.88,7929.12,7845.26,7885.33,,168180458.67,0.0015724728341981464
2014-08-11,7902.24,8017.13,7902.24,8009.73,,188855009.19,0.0157761311194331
2014-08-12,8000.92,8000.92,7933.51,7966.89,,175619846.32,-0.0053484948930861975
2014-08-13,7967.91,8029.73,7897.8,7980.49,,194369311.76,0.0017070651157478078
2014-08-14,7977.33,7998.91,7887.95,7893.9,,188415463.4,-0.01085021095195915
2014-08-15,7901.19,8012.14,7891.06,7982.07,,183190001.13,0.01116938395469913
2014-08-18,8018.18,8058.55,7985.89,8045.86,,200279516.28,0.007991661310913
2014-08-19,8064.62,8073.22,7994.5,8043.25,,215375700.92,-0.0003243904318493973
2014-08-20,8029.51,8060.51,8000.21,8023.07,,188889991.42,-0.0025089360644018344
2014-08-21,8021.15,8024.65,7904.07,8010.71,,185733584.87,-0.001540557417547106
2014-08-22,8003.53,8074.42,7997.59,8059.4,,174588167.48,0.0060781129263198785
2014-08-25,8054.88,8056.21,7925.22,7934.81,,168804385.81,-0.01545896716877182
2014-08-26,7915.33,7946.39,7786.23,7813.98,,172494204.57,-0.015227837843628356
2014-08-27,7809.52,7881.25,7809.52,7841.07,,133251085.11,0.003466863237428397
2014-08-28,7840.39,7854.28,7735.68,7743.54,,140601905.01,-0.012438353439007677
2014-08-29,7758.36,7841.7,7755.47,7841.7,,112368407.92,0.012676372821732729
2014-09-01,7852.91,7944.15,7852.87,7941.16,,145565673.11,0.012683474246655724
2014-09-02,7958.85,8046.71,7923.98,8043.31,,211830037.55,0.012863360012894898
2014-09-03,8051.09,8136.56,8051.09,8115.87,,226711657.33,0.009021161685922818
2014-09-04,8141.39,8180.42,8103.2,8176.57,,217949743.44,0.0074791735205221865
2014-09-05,8202.66,8237.42,8158.83,8214.53,,220302072.95,0.004642533482866362
2014-09-09,8220.96,8225.1,8155.83,8201.51,,205589785.33,-0.001584996341847944
2014-09-10,8164.4,8172.12,8109.44,8158.6,,199149613.76,-0.005231963382352767
2014-09-11,8153.52,8251.06,8095.86,8117.92,,240471004.79,-0.00498614958448762
2014-09-12,8104.42,8147.2,8069.68,8146.99,,190013099.11,0.0035809665530086576
2014-09-15,8124.73,8125.23,8051.53,8112.65,,216005606.38,-0.004215053657854018
2014-09-16,8130.22,8143.91,7918.6,7921.07,,277655276.78,-0.023614971680030572
2014-09-17,7951.42,7986.49,7893.1,7981.82,,190944152.39,0.007669418399281813
2014-09-18,7964.47,8020.36,7942.85,8004.57,,175591333.76,0.0028502271411783298
2014-09-19,8006.06,8060.74,7971.22,8047.25,,164106562.67,0.005331954121208238
2014-09-22,8036.87,8036.87,7886.88,7895.87,,173111005.27,-0.018811395197117053
2014-09-23,7906.47,7974.82,7906.47,7965.88,,162387477.15,0.008866660671971616
2014-09-24,7944.32,8103.3,7925.38,8100.22,,211079068.87,0.0168644267802176
2014-09-25,8137.33,8167.03,8058.7,8076.51,,215347828.43,-0.0029270809928618746
2014-09-26,8050.64,8078.07,8021.27,8072.88,,168712476.39,-0.00044945155766540346
2014-09-29,8084.27,8107.15,8045.89,8082.85,,192880712.45,0.0012349991576736663
2014-09-30,8095.27,8100.29,8060.35,8080.35,,174350639.92,-0.0003092968445536082
2014-10-08,8134.37,8183.65,8073.72,8183.65,,197156016.56,0.012784099698651685
2014-10-09,8199.68,8234.92,8131.17,8204.01,,236921435.95,0.0024878874340912294
2014-10-10,8186.33,8260.23,8158.34,8211.54,,224402152.87,0.0009178438349051188
2014-10-13,8179.49,8193.36,8092.49,8164.07,,200900816.58,-0.00578088884667205
2014-10-14,8150.86,8200.35,8105.54,8139.96,,200277509.05,-0.002953183889897959
2014-10-15,8141.14,8209.9,8086.63,8198.12,,197502345.27,0.007144998255519841
2014-10-16,8156.79,8227.14,8110.69,8110.69,,212474846.38,-0.010664640185798824
2014-10-17,8116.81,8182.83,8015.62,8151.52,,203478656.65,0.005034096975719882
2014-10-20,8175.68,8219.8,8153.1,8204.2,,158429375.23,0.0064625983865587155
2014-10-21,8197.17,8206.89,8101.6,8106.92,,157033511.33,-0.011857341361741658
2014-10-22,8114.89,8162.84,8059.56,8063.2,,147033702.91,-0.0053929235764014205
2014-10-23,8044.71,8077.78,7957.03,7969.16,,157074646.03,-0.011662863379303445
2014-10-24,7982.31,8003.79,7899.54,7921.13,,119790476.11,-0.006026984023410176
2014-10-27,7881.01,7881.01,7803.46,7829.33,,124067470.92,-0.011589255573384083
2014-10-28,7846.87,7988.34,7846.87,7988.34,,167427986.22,0.020309528401536214
2014-10-29,8010.41,8109.64,7962.03,8090.68,,230716790.83,0.01281117228360329
2014-10-30,8088.98,8105.72,8034.08,8090.55,,204083264.3,-1.6067870685754215e-05
2014-10-31,8109.55,8230.59,8088.26,8225.61,,218907663.2,0.01669354988227001
2014-11-03,8245.03,8285.16,8202.53,8240.15,,209628209.9,0.0017676500587797683
2014-11-04,8231.5,8236.17,8179.34,8206.79,,201923916.89,-0.004048469991444148
2014-11-05,8221.95,8248.56,8189.84,8198.57,,185160656.02,-0.0010016096427472032
2014-11-06,8206.55,8223.3,8137.42,8211.96,,168811561.32,0.001633211645445387
2014-11-07,8226.31,8348.88,8183.06,8234.87,,222537820.58,0.0027898333649947205
2014-11-10,8299.42,8410.95,8251.74,8410.22,,198433515.35,0.021293596620225674
2014-11-11,8443.25,8491.12,8243.9,8312.88,,258454728.99,-0.011574013521643889
2014-11-12,8287.57,8410.42,8271.84,8410.29,,162727219.95,0.011717960562404484
2014-11-13,8416.67,8416.81,8288.05,8305.08,,200377194.94,-0.012509675647332075
2014-11-14,8263.97,8343.91,8242.49,8326.9,,155927855.58,0.0026273076237675053
2014-11-17,8358.13,8389.39,8278.12,8283.8,,156739680.88,-0.00517599586881079
2014-11-18,8264.4,8295.98,8173.44,8196.59,,139833380.67,-0.010527777107124603
2014-11-19,8206.78,8265.58,8202.78,8225.07,,144903260.98,0.0034746156633429504
2014-11-20,8210.82,8236.32,8190.4,8205.38,,127734598.45,-0.002393900599022336
2014-11-21,8209.98,8335.59,8194.52,8332.3,,167421631.23,0.015467900328808737
2014-11-24,8498.06,8645.39,8464.61,8577.91,,280592724.99,0.029476855130036173
2014-11-25,8600.31,8694.59,8578.46,8693.43,,247778439.1,0.013467149923466204
2014-11-26,8712.29,8774.78,8680.86,8763.78,,251878601.24,0.00809231799186283
2014-11-27,8798.41,8860.43,8743.93,8860.43,,285670636.02,0.011028346215902207
2014-11-28,8837.47,9010.17,8767.12,9002.23,,317645357.82,0.016003737967570375
2014-12-01,9029.64,9180.64,9028.83,9095.76,,313414556.88,0.01038964789835406
2014-12-02,9058.32,9433.64,9027.3,9366.95,,299833440.65,0.029814990720951284
2014-12-03,9448.37,9777.76,9441.83,9643.92,,421004415.61,0.029568856458078496
2014-12-04,9679.59,10040.72,9659.95,10029.83,,404166949.21,0.040015885656454975
2014-12-05,10164.37,10319.87,9749.14,10067.28,,476544460.41,0.0037338618899822595
2014-12-08,10047.12,10587.62,9919.65,10554.57,,413873698.12,0.04840334231291865
2014-12-09,10496.63,11050.85,10042.01,10116.49,,512109253.5,-0.041506191157005934
2014-12-10,10154.53,10567.45,10048.46,10545.51,,399479452.92,0.042407989332268414
2014-12-11,10443.66,10725.77,10387.59,10478.88,,412716998.86,-0.006318328843270882
2014-12-12,10451.61,10622.88,10390.02,10462.31,,364143126.9,-0.0015812758615424416
2014-12-15,10477.45,10531.66,10298.38,10504.23,,333039216.25,0.004006763324734264
2014-12-16,10486.69,10668.62,10429.56,10668.62,,335295833.81,0.015649885807907937
2014-12-17,10728.74,10788.97,10533.12,10786.72,,362243403.13,0.011069847834115132
2014-12-18,10744.27,10812.15,10656.35,10665.18,,319118366.71,-0.011267558627645724
2014-12-19,10646.66,10684.6,10382.29,10627.11,,329456583.21,-0.0035695600074260314
2014-12-22,10607.58,10742.37,10474.92,10608.51,,346605254.41,-0.001750240658090485
2014-12-23,10549.98,10794.19,10490.14,10570.79,,266082379.2,-0.0035556359941216753
2014-12-24,10614.12,10627.09,10179.26,10292.52,,254181621.58,-0.026324427975581766
2014-12-25,10350.94,10514.64,10296.0,10493.78,,239435439.11,0.019554006210335206
2014-12-26,10505.71,10816.83,10487.91,10802.64,,279693820.05,0.029432673450367597
2014-12-29,10918.96,10965.29,10665.26,10780.4,,316019308.39,-0.0020587560077907074
2014-12-30,10756.58,10866.36,10660.2,10722.26,,263437961.07,-0.005393120848948052
2014-12-31,10723.09,11037.61,10711.33,11014.62,,266144601.49,0.027266639682305804
2015-01-05,11150.98,11587.28,11150.98,11520.59,,354842599.81,0.045936219315781956
2015-01-06,11424.92,11749.14,11374.5,11667.97,,345271257.22,0.012792747593656228
2015-01-07,11612.73,11714.78,11505.03,11613.36,,289928343.51,-0.004680334282655796
2015-01-08,11624.59,11656.71,11371.92,11465.14,,283567772.86,-0.012762886882004998
2015-01-09,11424.53,11738.25,11313.25,11324.76,,296512386.89,-0.012244072030520248
2015-01-12,11279.73,11376.09,11116.06,11285.18,,231734252.36,-0.003494996803464212
2015-01-13,11250.88,11418.45,11244.42,11355.81,,198169932.56,0.006258650725996295
2015-01-14,11366.95,11429.31,11153.17,11237.78,,198195766.02,-0.010393798416845512
2015-01-15,11240.84,11483.75,11161.52,11483.68,,203864687.85,0.0218815459992987
2015-01-16,11496.76,11583.73,11436.28,11532.8,,231473314.82,0.0042773745001600805
2015-01-19,10939.04,11204.49,10634.62,10770.93,,309163420.17,-0.06606114733629287
2015-01-20,10761.28,11026.05,10750.85,10996.48,,306492932.71,0.02094062444004363
2015-01-21,11051.95,11395.1,11000.74,11372.18,,336523846.44,0.03416547840763595
2015-01-22,11358.44,11499.44,11342.08,11471.21,,325553612.92,0.008708092907428355
2015-01-23,11507.44,11554.52,11379.96,11436.29,,319094218.46,-0.003044142684163087
2015-01-26,11564.22,11711.89,11512.01,11686.97,,287945961.8,0.02191969598532384
2015-01-27,11670.24,11705.91,11368.99,11551.87,,312861043.21,-0.01155988250162343
2015-01-28,11484.99,11530.09,11309.21,11354.2,,253930767.79,-0.01711151527847876
2015-01-29,11187.3,11319.47,11161.43,11249.04,,232454954.81,-0.009261770974617334
2015-01-30,11290.45,11354.09,11132.8,11150.69,,225243526.69,-0.008742968288849573
2015-02-02,10952.14,11140.97,10921.44,10963.14,,209948513.93,-0.016819586949327947
2015-02-03,11077.48,11216.68,10993.55,11209.19,,231934201.99,0.02244338756961972
2015-02-04,11241.98,11364.38,11111.53,11116.55,,245803136.53,-0.008264647133289893
2015-02-05,11367.14,11386.73,11065.58,11065.58,,265315100.89,-0.004585055615276223
2015-02-06,11022.49,11054.94,10715.43,10791.1,,228201976.42,-0.024804845295050004
2015-02-09,10792.0,10975.85,10760.05,10868.14,,197312117.84,0.0071392165766233084
2015-02-10,10887.68,11136.62,10875.29,11136.62,,174003495.16,0.024703399109691437
2015-02-11,11174.31,11318.46,11167.12,11265.63,,183876699.95,0.011584304753147645
2015-02-12,11268.59,11348.32,11185.0,11302.73,,183979925.45,0.003293202421879693
2015-02-13,11362.0,11564.68,11338.01,11443.05,,244271533.2,0.012414699811461372
2015-02-16,11474.88,11606.01,11437.74,11595.25,,230221685.93,0.013300649739361514
2015-02-17,11658.05,11772.15,11644.54,11718.56,,213955118.39,0.010634527069274036
2015-02-25,11755.18,11755.18,11500.69,11539.7,,211794119.9,-0.015262967463579025
2015-02-26,11526.51,11752.01,11470.43,11750.78,,246733470.59,0.018291636697661096
2015-02-27,11736.29,11819.42,11719.66,11757.68,,259424041.57,0.0005871950627958089
2015-03-02,11869.96,11955.82,11781.61,11884.02,,338700933.56,0.01074531710337423
2015-03-03,11800.99,11800.99,11515.55,11526.22,,348826630.75,-0.03010765717324615
2015-03-04,11530.93,11688.28,11521.7,11655.08,,299693674.92,0.0111797276123482
2015-03-05,11597.49,11628.15,11484.8,11566.39,,304128080.62,-0.007609557377555531
2015-03-06,11600.66,11626.11,11381.91,11392.4,,271109535.17,-0.01504272292392006
2015-03-09,11280.02,11547.83,11169.05,11533.23,,263763300.42,0.012361749938555544
2015-03-10,11501.98,11649.25,11479.28,11556.65,,259920582.87,0.002030654031871304
2015-03-11,11554.66,11682.54,11491.69,11525.09,,254364573.67,-0.002730895198868155
2015-03-12,11593.69,11645.56,11516.25,11635.59,,270725918.53,0.0095877776225608
2015-03-13,11680.47,11751.2,11654.19,11713.61,,250539353.93,0.006705289546984794
2015-03-16,11791.42,12021.82,11748.08,12017.77,,348485343.38,0.025966375865339453
2015-03-17,12083.44,12190.28,12046.8,12169.52,,438560819.14,0.012627134651437055
2015-03-18,12206.72,12505.34,12190.25,12496.24,,434400694.07,0.02684740236262395
2015-03-19,12549.55,12552.71,12337.67,12429.11,,413384937.44,-0.0053720159023833425
2015-03-20,12427.41,12659.83,12387.89,12544.45,,424887940.31,0.009279827759187897
2015-03-23,12644.19,12813.83,12644.19,12780.32,,451193312.96,0.018802737465572372
2015-03-24,12841.14,12841.45,12495.92,12801.2,,538526841.85,0.0016337619089350497
2015-03-25,12776.0,12841.9,12656.52,12757.09,,462304834.24,-0.0034457707089960987
2015-03-26,12703.35,12856.21,12601.75,12712.98,,442111289.77,-0.003457685099031216
2015-03-27,12779.33,12930.24,12717.43,12874.42,,364343555.85,0.01269883221715129
2015-03-30,12917.14,13242.31,12894.49,13193.32,,443945143.14,0.024770047893419633
2015-03-31,13420.92,13538.29,13106.97,13160.66,,484897774.38,-0.0024754951748309217
2015-04-01,13187.42,13454.81,13142.4,13394.72,,421614641.55,0.017784822341736728
2015-04-02,13486.89,13537.38,13235.28,13426.1,,456527840.67,0.0023427141440808263
2015-04-03,13336.87,13502.47,13296.95,13494.64,,460825539.98,0.005104982087128729
2015-04-07,13626.62,13769.76,13625.26,13768.73,,507822265.03,0.020311027193018916
2015-04-08,13814.98,13846.55,13513.14,13841.72,,550256657.74,0.005301142516412227
2015-04-09,13898.49,13914.01,13505.85,13796.73,,564544974.95,-0.0032503186020234054
2015-04-10,13718.92,14034.31,13650.32,14013.34,,490327648.64,0.01570009705198272
2015-04-13,14100.35,14175.36,13972.41,14149.5,,510056745.93,0.009716455891314979
2015-04-14,14132.61,14221.51,13920.06,14042.46,,489523407.72,-0.007564931623025628
2015-04-15,14023.4,14023.4,13646.61,13646.61,,452005719.75,-0.028189505257625647
2015-04-16,13549.87,14024.68,13492.77,13967.8,,403191766.7,0.023536248196438514
2015-04-17,14120.77,14249.47,14039.04,14149.34,,509805850.94,0.012997036040035104
2015-04-20,14132.83,14288.33,13814.96,13871.6,,548384052.27,-0.01962918411742176
2015-04-21,13882.44,14439.0,13882.44,14439.0,,475133103.49,0.04090371694685535
2015-04-22,14529.24,14756.15,14510.93,14749.13,,568062771.16,0.021478634254449736
2015-04-23,14842.21,14893.01,14647.14,14743.22,,582152113.73,-0.0004007016007046005
2015-04-24,14615.54,14771.29,14422.54,14598.7,,548152220.34,-0.009802471915904332
2015-04-27,14749.02,14910.31,14644.01,14809.42,,526775745.51,0.014434161945926727
2015-04-28,14946.95,14979.81,14580.42,14707.25,,511069757.85,-0.006898987266212964
2015-04-29,14669.22,14907.96,14542.32,14871.95,,433930747.07,0.01119855853405638
2015-04-30,14909.06,15009.73,14818.64,14818.64,,440210457.95,-0.003584600539942695
2015-05-04,14846.48,14958.79,14714.91,14860.53,,404574720.1,0.0028268451085931012
2015-05-05,14831.91,14831.91,14145.5,14233.1,,469316176.49,-0.042221239753898465
2015-05-06,14347.55,14569.64,14032.02,14136.17,,411887921.28,-0.00681018189993754
2015-05-07,14080.36,14226.08,14027.6,14114.73,,355877056.61,-0.001516676723610444
2015-05-08,14271.46,14481.44,14165.07,14481.25,,403226757.09,0.025967198805786573
2015-05-11,14572.82,14946.65,14447.78,14944.88,,498476451.1,0.03201588260681909
2015-05-12,14975.23,15088.96,14879.6,15066.29,,541630346.53,0.008123852449802405
2015-05-13,15075.02,15245.81,14962.38,15173.09,,539316825.61,0.007088672792040951
2015-05-14,15210.75,15299.79,15003.72,15024.47,,512902010.84,-0.009794972546791736
2015-05-15,14955.41,14955.41,14590.76,14694.95,,502436449.27,-0.02193222123642291
2015-05-18,14612.88,14759.09,14564.73,14672.63,,457268174.61,-0.001518889142188451
2015-05-19,14723.21,15173.92,14704.33,15127.38,,515510973.6,0.03099308031348169
2015-05-20,15206.56,15618.13,15206.56,15337.08,,577174143.9,0.013862281505455654
2015-05-21,15402.95,15872.59,15402.95,15872.53,,506595034.08,0.034912121472927105
2015-05-22,16084.04,16191.15,15731.01,16045.8,,650250254.97,0.010916344149294321
2015-05-25,15894.14,16368.91,15810.15,16351.06,,668493936.81,0.01902429296139796
2015-05-26,16456.23,16904.15,16397.5,16903.47,,714780987.97,0.03378435404187874
2015-05-27,16988.9,17061.92,16610.78,16963.52,,729453404.26,0.003552525014094643
2015-05-28,16953.6,17153.8,15909.1,15912.95,,900856086.99,-0.06193113221784152
2015-05-29,15920.33,16386.05,15299.65,16100.45,,751791149.0,0.011782856101477002
2015-06-01,16247.39,16921.07,16245.55,16917.53,,674150122.3,0.050748892111710964
2015-06-02,17051.22,17485.58,16963.74,17485.58,,691328963.63,0.03357759672954641
2015-06-03,17626.92,17696.48,17098.43,17538.5,,688134836.46,0.0030264938309165768
2015-06-04,17579.36,17608.72,16426.31,17501.05,,699436385.83,-0.002135302334863365
2015-06-05,17727.86,17901.86,17302.55,17649.09,,751116523.49,0.008458921036166522
2015-06-08,17648.72,17648.72,17145.7,17452.31,,770330454.12,-0.011149583349623016
2015-06-09,17410.64,17609.28,17184.32,17399.0,,674876975.12,-0.0030546099628072643
2015-06-10,17297.04,17852.36,17165.89,17677.57,,358761346.62,0.016010690269555594
2015-06-11,17692.9,17889.91,17606.43,17889.69,,351087908.59,0.01199938679354684
2015-06-12,17978.05,18198.07,17921.91,18098.27,,385071961.36,0.011659229422086304
2015-06-15,18182.64,18211.76,17668.67,17702.55,,406178348.27,-0.02186507329153564
2015-06-16,17502.37,17502.37,16911.91,17075.93,,353020384.19,-0.035397160296115504
2015-06-17,17073.08,17474.08,16564.37,17405.57,,312419167.05,0.019304365852987226
2015-06-18,17367.13,17442.77,16709.6,16734.84,,289059707.07,-0.03853536540314395
2015-06-19,16386.98,16578.88,15700.49,15725.47,,289646424.43,-0.060315485537955627
2015-06-23,15720.32,16047.32,14938.82,16045.99,,292927731.93,0.0203822206903832
2015-06-24,16178.55,16345.75,15867.91,16312.31,,332173442.36,0.01659729315548608
2015-06-25,16370.0,16399.34,15499.22,15692.44,,331715691.97,-0.03800013609353914
2015-06-26,15196.56,15229.0,14321.05,14398.79,,294665860.97,-0.08243778532847656
2015-06-29,14703.97,14712.16,13250.35,13566.27,,358946932.57,-0.057818747269735904
2015-06-30,13274.64,14352.05,12723.16,14337.96,,399540089.73,0.05688298994491481
2015-07-01,14185.1,14696.98,13578.38,13650.82,,348742096.51,-0.047924530407394084
2015-07-02,13655.73,13732.49,12727.23,12924.19,,320735082.13,-0.05322976934718937
2015-07-03,12475.61,13154.13,11953.08,12246.06,,315536177.99,-0.052469825962013994
2015-07-06,13140.14,13140.14,11584.47,12075.77,,396337977.43,-0.013905697016019736
2015-07-07,11660.56,11767.66,11282.62,11375.6,,227324024.42,-0.05798139580333184
2015-07-08,10870.14,11112.62,10850.38,11040.89,,307328584.51,-0.02942350293610896
2015-07-09,10953.33,11513.36,10933.0,11510.34,,207454532.55,0.04251921720078733
2015-07-10,11733.45,12062.9,11696.77,12038.14,,158915229.31,0.04585442306656451
2015-07-13,12367.62,12658.07,12261.25,12614.16,,233849125.41,0.047849584736512574
2015-07-14,12796.49,13091.93,12635.2,12728.51,,285635144.89,0.009065209256898576
2015-07-15,12783.08,12792.31,12093.9,12132.42,,345295414.63,-0.046831090206159276
2015-07-16,11963.35,12600.65,11637.47,12357.61,,324294156.02,0.018561012559736634
2015-07-17,12460.51,13097.45,12435.59,13004.96,,307007633.26,0.052384724878030475
2015-07-20,13115.48,13427.86,12942.95,13202.39,,358165176.45,0.015181130891598338
2015-07-21,13038.15,13436.91,12928.13,13315.56,,312415716.46,0.008571932809135374
2015-07-22,13307.93,13482.04,13098.8,13416.54,,334908918.79,0.007583608950731513
2015-07-23,13432.61,13792.37,13356.05,13754.53,,367043495.77,0.025192039080120576
2015-07-24,13789.31,13970.84,13424.18,13518.51,,400855945.07,-0.017159437654358234
2015-07-27,13242.69,13579.64,12488.37,12493.05,,364439025.52,-0.07585599300514634
2015-07-28,11986.25,12676.27,11719.0,12316.78,,374311038.56,-0.01410944485133725
2015-07-29,12472.28,12823.15,12078.32,12823.07,,296488758.55,0.041105711070588136
2015-07-30,12766.34,12988.55,12382.3,12395.92,,299458538.79,-0.0333110557768147
2015-07-31,12228.41,12580.96,12213.46,12374.25,,235191524.47,-0.001748155844826349
2015-08-03,12178.57,12305.61,11909.0,12161.58,,243737069.43,-0.01718649615128187
2015-08-04,12163.12,12711.56,12105.94,12711.56,,261600708.8,0.0452227424397158
2015-08-05,12694.57,12842.31,12447.04,12524.69,,271150796.2,-0.014700792034966548
2015-08-06,12274.72,12595.12,12231.89,12421.85,,202229163.42,-0.008210981669007356
2015-08-07,12543.66,12769.13,12522.47,12753.05,,251888055.88,0.02666269517020403
2015-08-10,12877.31,13373.3,12821.89,13302.96,,323080729.64,0.04311988112647569
2015-08-11,13316.89,13508.3,13240.09,13323.09,,351829896.06,0.0015131970629094216
2015-08-12,13201.54,13396.34,13117.1,13117.1,,285113797.65,-0.015461128011594938
2015-08-13,13069.98,13395.18,12962.0,13395.18,,287062466.46,0.021199807884364708
2015-08-14,13497.16,13606.33,13378.59,13445.87,,326795175.47,0.003784197002205225
2015-08-17,13417.33,13585.96,13309.54,13573.9,,326809217.71,0.009521882927620018
2015-08-18,13608.52,13652.54,12634.95,12683.86,,389034910.49,-0.06556995410309485
2015-08-19,12328.6,13028.5,12049.92,12960.66,,331748528.1,0.021823009714708297
2015-08-20,12864.84,13040.36,12582.24,12584.58,,283755729.56,-0.029017040798848148
2015-08-21,12355.27,12511.42,11891.84,11902.05,,260160790.47,-0.05423542144433913
2015-08-24,11399.66,11446.1,10964.09,10970.29,,193829365.05,-0.0782856734764178
2015-08-25,10212.47,10529.92,10168.42,10197.94,,218746759.84,-0.07040379060170698
2015-08-26,10199.9,10559.24,9776.21,9899.72,,326727168.12,-0.02924316087366674
2015-08-27,10076.09,10254.35,9713.99,10254.35,,271961859.65,0.035822225275058406
2015-08-28,10397.97,10826.19,10311.37,10800.0,,315988588.48,0.05321156387289294
2015-08-31,10706.23,10706.23,10398.33,10549.16,,266702560.9,-0.023225925925925983
2015-09-01,10388.5,10388.5,9954.58,10162.52,,246291453.51,-0.03665125943677028
2015-09-02,9694.48,10319.49,9682.71,10054.8,,259173723.86,-0.010599733137056644
2015-09-07,10121.83,10404.22,9933.54,9991.76,,228540561.03,-0.006269642359867822
2015-09-08,9898.63,10341.3,9763.95,10320.23,,200427441.33,0.03287408824871685
2015-09-09,10367.35,10702.18,10335.02,10620.13,,311925932.25,0.029059429877047238
2015-09-10,10449.93,10618.87,10406.02,10424.65,,225314180.3,-0.018406554345379966
2015-09-11,10408.41,10555.62,10332.41,10463.69,,190465092.03,0.0037449698551030863
2015-09-14,10517.68,10544.28,9739.42,9778.23,,240882715.76,-0.06550843918350036
2015-09-15,9533.45,9719.66,9259.65,9290.81,,198214440.37,-0.04984746728191092
2015-09-16,9330.75,9933.83,9297.2,9890.43,,234801012.66,0.0645390444966587
2015-09-17,9872.04,10147.17,9739.89,9739.89,,273715615.26,-0.01522077402094757
2015-09-18,9806.72,9914.59,9691.06,9850.77,,187680991.19,0.011384112140897074
2015-09-21,9732.12,10176.73,9701.33,10176.73,,227167861.76,0.033089799071544634
2015-09-22,10200.55,10357.42,10121.74,10238.69,,263897884.39,0.006088399711891901
2015-09-23,10071.33,10250.45,10040.95,10132.29,,231844020.97,-0.01039195443948393
2015-09-24,10178.1,10288.18,10124.13,10238.04,,221491609.4,0.010436929854948929
2015-09-25,10184.88,10249.24,9835.84,9904.76,,226740120.37,-0.03255310586792004
2015-09-28,9919.56,10124.31,9796.93,10115.55,,164021031.23,0.02128168678493969
2015-09-29,9962.58,10070.25,9873.78,9949.92,,174480893.25,-0.01637380073253547
2015-09-30,10004.79,10048.86,9890.71,9988.25,,149803844.59,0.003852292279736824
2015-10-08,10332.24,10477.21,10265.0,10394.73,,230687958.29,0.0406958175856631
2015-10-09,10386.81,10589.52,10363.98,10540.19,,241885578.52,0.013993629464161161
2015-10-12,10599.88,11069.68,10593.54,10961.36,,341342676.77,0.03995848272184843
2015-10-13,10885.11,11073.0,10850.72,11042.13,,295156225.64,0.007368611194231267
2015-10-14,10997.08,11095.34,10880.11,10901.48,,296102786.24,-0.012737578709904662
2015-10-15,10862.11,11229.38,10862.11,11229.38,,308490268.16,0.03007848475619812
2015-10-16,11301.93,11384.24,11172.04,11374.83,,357297284.53,0.012952629619801037
2015-10-19,11426.52,11498.24,11245.01,11391.01,,354363159.52,0.0014224388408441424
2015-10-20,11372.18,11597.16,11335.78,11597.08,,328949420.82,0.018090581958930763
2015-10-21,11592.2,11641.89,10872.57,10915.99,,421745957.33,-0.05872943878976433
2015-10-22,10921.18,11320.01,10910.88,11305.1,,326831309.15,0.03564587362209015
2015-10-23,11397.2,11653.09,11345.53,11603.46,,378978830.5,0.026391628557022928
2015-10-26,11765.65,11789.02,11534.83,11687.77,,391547485.27,0.007265936194893685
2015-10-27,11588.94,11820.72,11229.1,11758.41,,366332020.01,0.00604392454676983
2015-10-28,11689.29,11834.07,11446.43,11494.35,,341529331.52,-0.022457117926658388
2015-10-29,11565.71,11694.78,11406.1,11566.66,,281809603.47,0.006290916841752647
2015-10-30,11542.01,11711.04,11369.39,11546.05,,296335950.83,-0.0017818454074037815
2015-11-02,11306.2,11637.99,11266.04,11304.88,,274690912.06,-0.02088766288037902
2015-11-03,11341.3,11416.84,11200.6,11288.14,,224051317.98,-0.0014807764434474624
2015-11-04,11351.25,11884.9,11351.25,11884.9,,339438198.96,0.05286610548770665
2015-11-05,11908.69,12091.53,11853.46,11939.81,,429137162.78,0.004620148255349177
2015-11-06,11952.51,12292.42,11952.51,12273.35,,377370580.59,0.027935117895510952
2015-11-09,12227.41,12538.35,12145.06,12453.24,,422232445.58,0.014656959998696317
2015-11-10,12390.53,12597.16,12349.03,12500.53,,400913319.05,0.0037974053338729608
2015-11-11,12509.53,12687.2,12445.29,12677.54,,382124837.7,0.014160199607536672
2015-11-12,12735.5,12758.67,12483.34,12635.39,,403545111.55,-0.0033247775199291008
2015-11-13,12492.94,12574.96,12272.38,12402.04,,362993475.55,-0.01846796972630038
2015-11-16,12180.99,12620.38,12171.66,12620.38,,292408242.23,0.017605168182008635
2015-11-17,12744.79,12827.2,12478.97,12511.54,,403496948.09,-0.008624146024129087
2015-11-18,12516.14,12580.91,12257.04,12283.76,,306149511.21,-0.018205592596914566
2015-11-19,12326.16,12609.84,12309.79,12609.84,,294467430.03,0.0265456179541117
2015-11-20,12650.25,12766.26,12565.8,12702.03,,364726731.09,0.007310957157267595
2015-11-23,12699.15,12806.32,12539.98,12586.69,,362385503.27,-0.00908043832363803
2015-11-24,12580.72,12694.86,12438.92,12694.86,,283930675.62,0.00859399889883683
2015-11-25,12696.13,12904.79,12666.19,12893.23,,325415891.46,0.015626009266742624
2015-11-26,12952.0,12970.47,12747.89,12767.5,,349661625.83,-0.009751629343461632
2015-11-27,12697.51,12733.45,11880.32,11961.7,,371475176.6,-0.06311337380066573
2015-11-30,11991.7,12121.22,11455.5,12037.86,,325215288.31,0.006366987969937288
2015-12-01,12022.84,12206.17,11938.63,12081.17,,270222227.54,0.003597815558579409
2015-12-02,12068.98,12188.01,11830.99,12186.27,,263999913.01,0.008699488542914358
2015-12-03,12205.44,12447.38,12205.44,12447.38,,249532940.01,0.02142657269205417
2015-12-04,12384.5,12474.46,12268.49,12329.18,,268070340.12,-0.009495974253216244
2015-12-07,12351.41,12467.85,12262.13,12443.05,,247670389.67,0.009235812925109332
2015-12-08,12371.11,12371.11,12151.15,12164.97,,261043071.79,-0.022348218483410398
2015-12-09,12112.2,12257.58,12091.76,12179.83,,232964394.93,0.0012215402093058714
2015-12-10,12180.77,12318.04,12158.65,12181.03,,228638942.65,9.852354261097318e-05
2015-12-11,12120.59,12228.29,12051.44,12134.02,,204665890.4,-0.0038592795518933576
2015-12-14,12023.81,12400.59,12004.49,12400.59,,214942210.1,0.021968811655164622
2015-12-15,12412.46,12553.79,12412.46,12495.25,,228293822.25,0.007633507760517855
2015-12-16,12533.11,12595.12,12471.09,12511.03,,235451304.31,0.001262879894359914
2015-12-17,12602.67,12825.48,12602.67,12825.48,,328537680.0,0.0251338219155417
2015-12-18,12825.02,12904.08,12763.43,12830.25,,305752699.71,0.0003719159049018206
2015-12-21,12824.43,13047.13,12816.71,13028.31,,298490677.3,0.01543695563219738
2015-12-22,13064.69,13139.13,12980.38,13139.13,,288396557.16,0.00850609173407757
2015-12-23,13142.53,13187.05,12974.63,13007.87,,312253260.37,-0.009990006948709551
2015-12-24,12977.25,13003.78,12770.36,12932.37,,232550081.08,-0.005804178547294869
2015-12-25,12960.25,13012.74,12898.47,12980.57,,214331268.8,0.003727081733665205
2015-12-28,13025.66,13064.5,12686.34,12686.34,,279782357.7,-0.022666955303195402
2015-12-29,12676.61,12806.16,12598.11,12806.16,,215009940.36,0.009444804411674168
2015-12-30,12826.48,12899.94,12768.17,12889.83,,231731893.17,0.0065335744672876395
2015-12-31,12893.12,12921.71,12664.53,12664.89,,222261748.8,-0.017450967157829123
2016-01-04,12650.72,12659.41,11625.41,11626.04,,204855281.59,-0.08202597890704133
2016-01-05,11116.9,11687.48,11063.64,11468.06,,294290847.98,-0.013588461763420878
2016-01-06,11520.77,11730.48,11413.98,11724.88,,253497236.88,0.022394371846676808
2016-01-07,11504.9,11504.9,10745.47,10760.27,,71661949.68,-0.0822703515942167
2016-01-08,11008.89,11121.78,10376.29,10888.91,,285149359.14,0.011955090346245978
2016-01-11,10656.87,10809.57,10212.46,10212.46,,261299240.71,-0.062122838741435205
2016-01-12,10243.57,10414.94,10065.09,10293.7,,217637344.08,0.007954988318191747
2016-01-13,10347.08,10435.24,9978.82,9978.82,,208940529.32,-0.03058958392026201
2016-01-14,9678.22,10357.95,9668.9,10344.94,,228512680.73,0.0366897088032454
2016-01-15,10268.95,10363.82,9940.89,9997.92,,221160169.17,-0.03354490214539674
2016-01-18,9807.25,10273.59,9807.25,10155.96,,193371608.65,0.01580728791588637
2016-01-19,10137.38,10519.67,10105.55,10501.79,,231434581.9,0.03405192615961483
2016-01-20,10434.36,10554.04,10297.82,10366.85,,229661636.24,-0.012849238082269787
2016-01-21,10207.42,10475.51,9975.97,9975.97,,210049960.53,-0.03770479943280758
2016-01-22,10095.42,10171.92,9837.74,10111.57,,178117791.25,0.01359266316959662
2016-01-25,10194.75,10291.5,10103.65,10192.53,,165141228.54,0.008006669587413251
2016-01-26,10079.22,10104.47,9463.31,9483.55,,213988374.77,-0.06955878471782784
2016-01-27,9525.61,9556.83,8986.52,9422.43,,221352705.61,-0.006444843966657898
2016-01-28,9309.87,9430.56,9045.5,9082.59,,168852758.16,-0.03606712918005228
2016-01-29,9077.11,9491.06,9056.04,9418.2,,180895269.4,0.03695091378120119
2016-02-01,9389.62,9457.43,9196.15,9322.01,,153653484.1,-0.010213204221613537
2016-02-02,9332.69,9646.95,9332.69,9610.93,,167598237.5,0.03099331581922793
2016-02-03,9509.5,9679.54,9453.16,9638.87,,158729875.66,0.002907106804440396
2016-02-04,9667.91,9844.02,9667.91,9793.07,,179719335.12,0.015997725874505875
2016-02-05,9802.25,9830.08,9670.02,9673.48,,147328675.31,-0.01221169663854138
2016-02-15,9385.52,9725.18,9385.52,9668.84,,137361527.28,-0.0004796619210459818
2016-02-16,9727.76,10071.02,9727.76,10045.37,,200401244.15,0.03894262393420522
2016-02-17,10043.69,10178.55,9982.17,10161.77,,230764905.26,0.011587427839890418
2016-02-18,10231.26,10273.63,10099.1,10116.4,,237235768.37,-0.004464773361333774
2016-02-19,10091.67,10225.99,10066.04,10162.32,,190410945.7,0.004539164129532258
2016-02-22,10290.05,10371.14,10239.58,10370.99,,235950816.83,0.020533697029812004
2016-02-23,10374.36,10397.52,10171.67,10299.67,,227973806.85,-0.0068768748210151776
2016-02-24,10256.39,10355.32,10100.5,10307.63,,222308175.14,0.0007728402948832258
2016-02-25,10290.96,10290.96,9510.1,9551.08,,270406679.57,-0.07339708545999413
2016-02-26,9625.37,9676.24,9392.67,9573.7,,208500408.27,0.0023683185566449882
2016-02-29,9528.72,9528.72,9000.89,9097.36,,208654406.19,-0.04975505812799652
2016-03-01,9116.56,9384.31,9011.51,9322.0,,210109005.06,0.024692877933818025
2016-03-02,9308.49,9781.91,9308.49,9766.37,,269773490.51,0.047668955159837045
2016-03-03,9770.74,9946.93,9749.0,9762.01,,288666936.52,-0.00044642994275256864
2016-03-04,9721.22,9797.56,9447.11,9536.71,,260496578.12,-0.02307926338940458
2016-03-07,9642.25,9805.37,9614.69,9703.83,,198685981.71,0.017523863051303934
2016-03-08,9690.57,9732.73,9348.76,9732.73,,230994060.81,0.002978205512668586
2016-03-09,9525.25,9672.49,9466.49,9523.14,,180320840.76,-0.021534554025437913
2016-03-10,9526.19,9600.23,9382.16,9390.35,,151024903.23,-0.0139439302582971
2016-03-11,9286.53,9430.95,9254.24,9363.41,,127013351.93,-0.0028689026500610115
2016-03-14,9466.42,9763.37,9466.42,9665.13,,206576985.57,0.032223303262379765
2016-03-15,9636.63,9677.48,9536.27,9574.19,,171548456.05,-0.009409081926471607
2016-03-16,9629.82,9661.93,9418.55,9469.03,,158569567.52,-0.010983696793149034
2016-03-17,9515.63,9820.99,9511.71,9791.85,,232923912.41,0.03409219318135004
2016-03-18,9841.04,10170.69,9833.11,10126.59,,318038488.79,0.03418557269566014
2016-03-21,10255.9,10394.14,10234.65,10394.14,,338114653.61,0.02642054235433644
2016-03-22,10308.91,10435.13,10254.69,10344.08,,279156473.26,-0.004816175267987499
2016-03-23,10317.93,10442.38,10277.25,10442.38,,247866735.44,0.00950302008491799
2016-03-24,10346.56,10473.22,10263.56,10283.68,,270355878.38,-0.015197684818977986
2016-03-25,10256.41,10371.52,10223.16,10339.68,,209957241.97,0.005445521447575263
2016-03-28,10399.17,10494.2,10248.27,10276.84,,239851383.96,-0.006077557525958288
2016-03-29,10259.71,10279.0,10024.06,10094.71,,207050074.07,-0.017722373803620628
2016-03-30,10187.64,10445.69,10187.64,10445.69,,230625507.06,0.03476870558936329
2016-03-31,10494.52,10552.58,10426.45,10455.37,,250739233.18,0.0009266979969728695
2016-04-01,10410.68,10442.3,10224.37,10379.65,,215708421.01,-0.007242211418630018
2016-04-05,10393.65,10656.15,10373.54,10640.27,,262935835.94,0.02510874644135397
2016-04-06,10604.23,10696.03,10570.14,10683.86,,261054408.43,0.004096700553651411
2016-04-07,10719.27,10743.23,10504.88,10504.88,,266086471.98,-0.016752372269947524
2016-04-08,10425.01,10457.01,10288.8,10413.54,,222155688.9,-0.008695006511259318
2016-04-11,10513.87,10667.04,10513.87,10609.59,,245676237.42,0.018826450947516227
2016-04-12,10600.79,10624.59,10430.31,10533.41,,217142978.57,-0.007180296316822821
2016-04-13,10599.21,10810.41,10599.21,10684.92,,310650978.71,0.014383756067598341
2016-04-14,10741.65,10771.96,10651.92,10771.61,,240663855.16,0.008113303609198708
2016-04-15,10774.49,10784.6,10680.74,10733.63,,218468768.37,-0.003525935305864314
2016-04-18,10665.44,10665.44,10508.98,10568.93,,208783393.02,-0.015344296384354528
2016-04-19,10618.84,10649.25,10531.54,10602.46,,188697189.55,0.0031725065829746324
2016-04-20,10632.07,10647.09,10011.57,10164.74,,304527921.84,-0.04128475844285184
2016-04-21,10120.11,10242.36,10049.35,10058.8,,213752856.56,-0.010422302980696019
2016-04-22,9995.12,10151.76,9976.04,10151.76,,170672532.4,0.009241659044816553
2016-04-25,10122.13,10137.75,9986.39,10106.79,,154085290.49,-0.004429773753516608
2016-04-26,10095.96,10209.9,10076.74,10209.9,,151350986.94,0.010202052283662555
2016-04-27,10221.83,10279.09,10159.5,10174.16,,169442964.52,-0.003500524001214478
2016-04-28,10178.24,10198.95,9990.67,10149.91,,169807425.89,-0.0023834891529128654
2016-04-29,10111.61,10196.92,10100.18,10141.54,,140358941.12,-0.000824637853931609
2016-05-03,10144.15,10441.92,10105.8,10441.92,,203638722.07,0.029618775846666168
2016-05-04,10401.67,10498.32,10389.77,10422.8,,205626889.57,-0.0018310808740156226
2016-05-05,10403.55,10480.22,10372.22,10474.01,,180871153.46,0.004913267068350269
2016-05-06,10473.3,10501.43,10100.54,10100.54,,259249729.44,-0.035656830573963516
2016-05-09,10018.51,10018.51,9747.87,9790.48,,201947423.22,-0.030697368655537405
2016-05-10,9770.3,9836.98,9738.52,9793.21,,136891204.1,0.00027884230395236465
2016-05-11,9848.32,9904.53,9743.08,9781.15,,154095615.47,-0.0012314654745481102
2016-05-12,9664.28,9801.2,9544.12,9796.58,,156009502.39,0.001577524115262463
2016-05-13,9769.13,9880.69,9710.17,9759.27,,142455929.86,-0.0038084719361245467
2016-05-16,9729.79,9910.08,9690.33,9910.08,,149063783.79,0.01545300007070205
2016-05-17,9918.43,10007.38,9839.86,9908.79,,177572077.96,-0.0001301704930736225
2016-05-18,9835.58,9835.58,9591.18,9694.78,,177671442.46,-0.021597995315270624
2016-05-19,9684.12,9847.21,9684.12,9733.74,,156519127.21,0.004018657463088271
2016-05-20,9657.75,9816.75,9628.98,9816.75,,149982321.6,0.008528068347829265
2016-05-23,9839.78,9937.83,9839.76,9918.16,,168995988.74,0.010330302798787772
2016-05-24,9903.17,9903.17,9765.65,9821.7,,155743075.85,-0.009725594263451987
2016-05-25,9883.94,9930.81,9756.52,9784.6,,151806991.12,-0.0037773501532322173
2016-05-26,9766.08,9826.14,9605.45,9826.14,,166070295.95,0.004245446926803176
2016-05-27,9798.34,9878.74,9775.22,9813.63,,159719982.67,-0.0012731347202462606
2016-05-30,9756.87,9847.7,9681.24,9768.84,,138615551.59,-0.004564060393554614
2016-05-31,9786.0,10159.93,9786.0,10159.93,,255837041.57,0.04003443602311019
2016-06-01,10184.23,10284.36,10177.21,10209.14,,265378467.98,0.00484353730783571
2016-06-02,10192.51,10274.03,10181.18,10274.03,,231725611.22,0.006356069169391576
2016-06-03,10275.94,10412.95,10258.02,10344.91,,251444675.62,0.006898948124543169
2016-06-06,10383.45,10403.8,10296.18,10363.09,,208363866.23,0.0017573859994914898
2016-06-07,10365.81,10371.87,10297.42,10347.84,,199520844.61,-0.0014715688081450295
2016-06-08,10330.18,10372.98,10232.13,10316.82,,208133522.69,-0.002997727061879618
2016-06-13,10190.78,10256.62,9862.58,9862.58,,233249786.38,-0.044029070973420126
2016-06-14,9830.55,9927.59,9795.94,9895.15,,169160286.44,0.0033023813241566113
2016-06-15,9790.88,10215.61,9779.11,10173.85,,229617522.2,0.028165313310056117
2016-06-16,10154.18,10199.52,10090.23,10115.12,,234661826.15,-0.005772642608255385
2016-06-17,10135.38,10261.96,10113.95,10182.53,,226520285.47,0.006664280799436817
2016-06-20,10183.77,10241.91,10101.63,10221.85,,199578495.85,0.00386151575296112
2016-06-21,10285.04,10357.18,10093.15,10131.86,,234898490.4,-0.008803690134368991
2016-06-22,10108.96,10297.98,10104.88,10297.98,,197126765.36,0.016395804916372603
2016-06-23,10288.47,10312.61,10183.01,10255.27,,217227974.79,-0.00414741531834395
2016-06-24,10235.04,10315.35,9901.9,10147.7,,270946439.96,-0.010489241141383832
2016-06-27,10090.05,10377.57,10090.05,10377.57,,234958792.53,0.022652423701922553
2016-06-28,10330.12,10475.76,10309.23,10463.45,,268308772.31,0.008275540420348948
2016-06-29,10499.91,10527.69,10434.24,10460.97,,249559901.32,-0.00023701551591504
2016-06-30,10474.93,10509.99,10435.53,10489.99,,223147002.96,0.002774121329092827
2016-07-01,10506.22,10555.95,10436.6,10458.43,,204800603.04,-0.003008582467666776
2016-07-04,10369.69,10631.57,10362.85,10609.86,,254107837.77,0.014479228717885873
2016-07-05,10598.42,10626.02,10546.7,10602.77,,263764213.55,-0.0006682463293578023
2016-07-06,10567.67,10641.65,10538.1,10641.65,,249830742.41,0.0036669662739075015
2016-07-07,10612.23,10662.7,10526.81,10620.58,,280981989.94,-0.0019799561158279078
2016-07-08,10613.71,10672.92,10560.31,10611.8,,226836468.22,-0.0008266968470649338
2016-07-11,10633.63,10734.34,10587.96,10594.82,,262658134.67,-0.0016001055428861433
2016-07-12,10583.17,10757.84,10487.55,10757.84,,283692404.92,0.01538676447547016
2016-07-13,10794.5,10890.02,10772.83,10853.55,,285320795.78,0.008896767380812465
2016-07-14,10834.9,10866.44,10786.49,10854.13,,235098210.97,5.343873663465892e-05
2016-07-15,10854.5,10869.07,10774.54,10823.21,,225067263.79,-0.002848685246998106
2016-07-18,10793.17,10835.3,10708.74,10762.0,,218879292.96,-0.0056554386360422315
2016-07-19,10753.87,10783.22,10661.39,10778.25,,200363644.08,0.0015099423898903286
2016-07-20,10775.56,10818.95,10740.59,10759.86,,201056494.47,-0.0017062139029990764
2016-07-21,10758.34,10872.34,10746.88,10787.21,,215917939.51,0.0025418546337963033
2016-07-22,10782.24,10801.47,10700.11,10709.07,,209978877.78,-0.007243763679394388
2016-07-25,10684.55,10778.73,10668.64,10718.36,,193466392.88,0.0008674889602926505
2016-07-26,10714.75,10852.21,10713.7,10852.21,,189431004.4,0.01248791792774262
2016-07-27,10858.7,10873.26,10289.96,10405.85,,319061880.06,-0.04113079271411069
2016-07-28,10386.83,10481.69,10262.3,10396.3,,218537287.03,-0.0009177529947098639
2016-07-29,10384.4,10411.13,10294.5,10329.43,,168147010.63,-0.006432096034165946
2016-08-01,10289.88,10290.05,10086.64,10185.48,,171711755.88,-0.013935909338656738
2016-08-02,10173.34,10250.54,10157.85,10250.54,,128236281.05,0.006387524201117767
2016-08-03,10229.47,10295.76,10205.98,10281.25,,150021879.75,0.002995939726102126
2016-08-04,10272.71,10376.21,10235.7,10366.5,,166288110.11,0.00829179331306995
2016-08-05,10368.8,10420.42,10333.32,10342.28,,159042497.52,-0.00233637196739489
2016-08-08,10315.0,10468.88,10259.3,10468.88,,168014421.63,0.012241014553850738
2016-08-09,10466.04,10564.78,10457.82,10564.78,,184955211.89,0.009160483260864716
2016-08-10,10558.49,10594.77,10510.91,10511.16,,187720194.41,-0.00507535414840643
2016-08-11,10496.43,10526.35,10390.96,10390.96,,180178480.98,-0.011435464782193483
2016-08-12,10373.05,10528.1,10364.47,10528.1,,169956756.92,0.013198010578425956
2016-08-15,10556.4,10862.96,10552.95,10822.11,,285306872.61,0.027926216506302115
2016-08-16,10845.62,10913.22,10845.07,10882.95,,261239933.09,0.005621824209881554
2016-08-17,10879.99,10936.58,10832.78,10890.69,,239624650.05,0.0007112042231196547
2016-08-18,10873.65,10946.74,10834.01,10879.2,,254258444.46,-0.001055029571129129
2016-08-19,10865.38,10911.77,10819.8,10872.71,,215165098.58,-0.0005965512170014176
2016-08-22,10869.06,10894.84,10731.2,10731.4,,214013050.77,-0.012996759777461175
2016-08-23,10720.5,10793.37,10680.1,10750.29,,189050806.92,0.0017602549527555578
2016-08-24,10751.35,10815.26,10732.92,10760.44,,183005005.62,0.0009441605761333349
2016-08-25,10694.34,10699.25,10564.36,10679.15,,200663095.82,-0.00755452379270749
2016-08-26,10703.32,10785.0,10675.6,10693.75,,187552255.1,0.0013671500072571785
2016-08-29,10690.95,10757.26,10682.26,10724.4,,167850183.9,0.0028661601402688586
2016-08-30,10732.77,10787.32,10713.75,10729.12,,165372533.13,0.00044011786207165393
2016-08-31,10730.55,10776.32,10679.65,10757.88,,173134785.81,0.00268055534843481
2016-09-01,10759.75,10765.51,10669.51,10669.51,,179543238.15,-0.00821444373798541
2016-09-02,10666.1,10727.88,10592.08,10640.42,,164618268.31,-0.002726460727812241
2016-09-05,10682.71,10756.43,10674.96,10695.45,,163252496.88,0.0051717883316637625
2016-09-06,10714.54,10861.5,10623.99,10861.5,,216823933.06,0.015525293465912915
2016-09-07,10860.12,10903.64,10827.25,10838.71,,232756176.51,-0.002098236891773797
2016-09-08,10830.05,10863.96,10795.87,10851.19,,183177097.58,0.001151428537159882
2016-09-09,10855.29,10877.09,10762.79,10762.79,,195540111.46,-0.008146571942800662
2016-09-12,10578.78,10619.89,10460.51,10461.58,,219043242.95,-0.02798623776920306
2016-09-13,10519.02,10545.2,10460.13,10514.58,,163278434.64,0.005066156354967433
2016-09-14,10466.83,10519.96,10425.69,10454.24,,152682919.83,-0.005738698074483239
2016-09-19,10476.63,10570.58,10476.63,10557.25,,142375087.84,0.009853418325961538
2016-09-20,10563.04,10563.73,10520.08,10544.53,,146374595.16,-0.0012048592199672692
2016-09-21,10543.38,10600.68,10538.94,10583.4,,144124352.8,0.003686271460178858
2016-09-22,10644.71,10697.39,10634.46,10662.21,,171457113.78,0.007446567265718018
2016-09-23,10670.59,10679.82,10607.86,10609.7,,165681597.33,-0.004924870172318685
2016-09-26,10588.35,10588.51,10392.7,10392.7,,179917734.12,-0.020452981705420537
2016-09-27,10375.35,10476.97,10352.02,10476.97,,148382851.06,0.008108576212148888
2016-09-28,10490.04,10492.93,10436.12,10467.16,,128838324.11,-0.0009363394187441587
2016-09-29,10477.04,10553.01,10477.04,10512.25,,137601784.83,0.004307758742581491
2016-09-30,10504.29,10590.37,10499.47,10567.58,,128139198.53,0.005263383195795335
2016-10-10,10612.21,10741.69,10584.7,10741.69,,185281398.63,0.01647586296957293
2016-10-11,10743.41,10782.31,10727.45,10782.31,,194247878.9,0.0037815278601411872
2016-10-12,10751.43,10792.12,10733.31,10788.59,,182306704.52,0.0005824354892411954
2016-10-13,10784.74,10818.04,10757.49,10787.49,,188185774.5,-0.00010195957024972113
2016-10-14,10774.37,10774.37,10692.07,10759.68,,178955421.23,-0.00257798616731042
2016-10-17,10770.34,10783.67,10624.82,10651.5,,191944732.87,-0.010054202355460395
2016-10-18,10637.69,10797.02,10637.69,10797.02,,191065156.45,0.013661925550392029
2016-10-19,10811.27,10824.41,10733.69,10757.92,,201237047.58,-0.0036213696001304863
2016-10-20,10763.46,10802.66,10752.92,10784.33,,195500610.17,0.0024549355265701678
2016-10-21,10783.56,10802.54,10678.12,10748.9,,200917345.78,-0.003285322314877215
2016-10-24,10755.49,10871.16,10740.18,10842.64,,210372712.55,0.008720892370382094
2016-10-25,10846.76,10871.66,10841.2,10871.5,,206162612.7,0.0026617133834565543
2016-10-26,10871.24,10871.24,10793.63,10817.51,,218186117.92,-0.004966196017108904
2016-10-27,10805.8,10808.14,10745.28,10788.97,,178155812.47,-0.002638315102089228
2016-10-28,10783.28,10836.77,10710.93,10711.04,,192463069.69,-0.007223117684079017
2016-10-31,10685.36,10719.04,10630.3,10704.3,,164562202.0,-0.0006292572896751114
2016-11-01,10714.82,10797.06,10706.87,10796.14,,177627271.53,0.008579729641359002
2016-11-02,10771.35,10785.11,10686.94,10692.65,,208026614.96,-0.009585833455290516
2016-11-03,10662.16,10804.26,10655.14,10743.96,,233632510.97,0.004798623353424958
2016-11-04,10737.91,10784.84,10684.47,10702.57,,204276926.85,-0.0038523970677477593
2016-11-07,10704.26,10729.99,10663.56,10695.18,,205824951.97,-0.0006904883593379374
2016-11-08,10734.07,10785.88,10722.36,10763.13,,200168038.57,0.0063533292567306
2016-11-09,10768.86,10785.09,10575.16,10697.11,,246924730.44,-0.006133903427720244
2016-11-10,10777.1,10848.98,10777.1,10821.66,,242295173.47,0.011643331703609539
2016-11-11,10823.93,10878.14,10792.83,10878.14,,281999653.35,0.005219162309664016
2016-11-14,10855.98,10952.61,10847.82,10907.53,,285351576.68,0.0027017486445293226
2016-11-15,10910.14,10958.1,10877.4,10958.1,,240766643.18,0.004636246702965696
2016-11-16,10970.7,10998.92,10956.87,10968.08,,250475998.02,0.0009107418256815158
2016-11-17,10942.1,10961.8,10887.51,10945.42,,212322310.46,-0.0020659951422673517
2016-11-18,10946.88,10963.66,10876.91,10889.11,,198971205.19,-0.005144617566068654
2016-11-21,10877.08,10955.44,10861.81,10899.92,,201748812.33,0.0009927349434435406
2016-11-22,10910.42,10985.6,10910.42,10985.6,,224188412.93,0.007860608151252446
2016-11-23,11011.0,11041.52,10952.0,10973.8,,244814755.91,-0.0010741334110109246
2016-11-24,10960.64,11030.12,10947.27,10967.47,,227850065.03,-0.0005768284459348738
2016-11-25,10966.36,11036.53,10830.4,11036.53,,220609305.22,0.006296803182502586
2016-11-28,11078.77,11108.87,11045.68,11068.87,,219691307.89,0.0029302688435586255
2016-11-29,11039.62,11124.81,11026.3,11034.7,,227891910.21,-0.003087035984703057
2016-11-30,11023.66,11072.05,10983.18,11012.19,,194226942.71,-0.0020399285889058927
2016-12-01,11037.12,11090.93,11036.61,11088.16,,188491900.93,0.006898718601840326
2016-12-02,11074.54,11078.29,10905.39,10912.63,,206628260.0,-0.015830399272737772
2016-12-05,10776.12,10894.08,10762.85,10784.33,,182669355.55,-0.01175701916036731
2016-12-06,10798.8,10833.81,10774.36,10779.76,,153386453.73,-0.00042376299686675
2016-12-07,10780.21,10855.72,10751.2,10855.72,,165389029.42,0.007046539069515356
2016-12-08,10865.22,10865.22,10804.74,10812.3,,168931223.76,-0.003999734702074154
2016-12-09,10802.18,10835.91,10766.55,10789.62,,165299252.77,-0.002097611054077131
2016-12-12,10774.59,10775.57,10292.54,10302.85,,243139859.04,-0.04511465649392665
2016-12-13,10280.44,10364.06,10192.13,10332.28,,176990954.28,0.002856491165065922
2016-12-14,10318.07,10333.66,10213.95,10232.82,,172728071.66,-0.009626142535819837
2016-12-15,10202.24,10331.98,10195.0,10256.11,,168623828.03,0.002276009936654999
2016-12-16,10258.64,10346.53,10239.21,10334.76,,166599293.62,0.0076685994982503836
2016-12-19,10330.61,10330.61,10262.69,10283.16,,158432013.98,-0.0049928590504279
2016-12-20,10275.44,10276.63,10204.02,10245.33,,151266617.05,-0.003678830242843656
2016-12-21,10266.19,10320.34,10266.19,10313.57,,154183581.98,0.006660595607950182
2016-12-22,10310.72,10323.07,10257.32,10306.92,,145831033.7,-0.0006447815838743765
2016-12-23,10304.63,10311.39,10196.72,10199.86,,147891048.78,-0.010387196174996949
2016-12-26,10163.51,10233.42,10062.37,10233.42,,142659195.29,0.003290241238605107
2016-12-27,10229.91,10270.98,10221.67,10230.57,,135860512.43,-0.00027849927003875674
2016-12-28,10229.01,10246.77,10169.8,10187.16,,138421446.26,-0.00424316533682878
2016-12-29,10177.03,10222.52,10151.28,10159.45,,129922632.82,-0.002720090780943818
2016-12-30,10175.5,10204.09,10145.11,10177.14,,131023309.55,0.0017412359921058496
2017-01-03,10205.14,10275.13,10205.14,10262.85,,142799563.46,0.008421815952222467
2017-01-04,10264.43,10384.87,10255.75,10384.87,,176261631.54,0.011889484889674895
2017-01-05,10382.6,10396.9,10365.44,10371.47,,172154778.11,-0.0012903387331764105
2017-01-06,10362.85,10363.12,10286.52,10289.36,,167935200.22,-0.00791691052473742
2017-01-09,10281.31,10337.7,10258.37,10331.79,,154048486.88,0.004123677274388227
2017-01-10,10327.01,10357.14,10301.69,10306.34,,158569769.58,-0.002463271127268407
2017-01-11,10294.3,10331.37,10213.86,10215.48,,151352790.27,-0.008815932717143093
2017-01-12,10207.43,10236.09,10127.42,10131.23,,146913493.23,-0.008247287450026786
2017-01-13,10135.68,10155.22,9997.4,10008.3,,145844255.45,-0.012133768555249502
2017-01-16,9993.56,9993.56,9482.84,9712.8,,193278313.67,-0.029525493840112715
2017-01-17,9684.53,9827.91,9611.19,9826.79,,141204617.22,0.011736059632649898
2017-01-18,9801.08,9858.79,9774.75,9804.76,,119205325.01,-0.0022418307504282753
2017-01-19,9781.64,9821.22,9746.3,9768.57,,114572016.72,-0.00369106434017763
2017-01-20,9763.04,9925.17,9762.78,9906.14,,126388534.23,0.014082921041667307
2017-01-23,9919.41,10010.08,9919.41,9976.19,,133303955.0,0.00707137189662177
2017-01-24,9972.61,9978.27,9928.08,9941.55,,124810347.93,-0.0034722674688434374
2017-01-25,9931.62,9991.5,9922.49,9977.96,,110843863.01,0.0036624067675563587
2017-01-26,9989.85,10053.36,9989.35,10052.05,,103735008.27,0.007425365505574266
2017-02-03,10061.29,10066.7,9985.3,10004.84,,98785051.1,-0.004696554434170053
2017-02-06,10004.22,10080.58,9984.64,10078.73,,125749176.37,0.007385425454080163
2017-02-07,10072.51,10093.67,10011.77,10055.57,,140322344.51,-0.0022979085658609844
2017-02-08,10043.61,10130.12,10003.92,10130.12,,151350136.08,0.007413801505036677
2017-02-09,10124.45,10194.42,10116.45,10182.73,,174402073.8,0.005193423177612733
2017-02-10,10184.57,10212.48,10155.36,10186.38,,188956974.15,0.0003584500423756687
2017-02-13,10188.71,10279.12,10187.09,10270.83,,181903477.63,0.00829048199654836
2017-02-14,10273.09,10286.37,10234.37,10264.92,,161967542.25,-0.0005754160082486193
2017-02-15,10259.95,10294.77,10160.11,10177.25,,184658833.17,-0.008540738749059917
2017-02-16,10175.12,10253.96,10163.24,10253.96,,164691735.42,0.007537399592227656
2017-02-17,10261.09,10296.14,10183.38,10197.92,,180830329.44,-0.005465205637626758
2017-02-20,10203.02,10334.59,10203.02,10329.0,,179115372.34,0.012853601518741042
2017-02-21,10338.87,10407.14,10330.29,10405.75,,189263542.91,0.007430535385806847
2017-02-22,10403.92,10444.38,10385.1,10444.38,,193841710.22,0.003712370564351364
2017-02-23,10439.83,10454.16,10379.05,10432.64,,199633230.06,-0.001124049488815948
2017-02-24,10423.64,10446.5,10396.75,10443.73,,175696703.61,0.0010630099380406488
2017-02-27,10443.3,10447.68,10345.47,10353.55,,172898967.81,-0.00863484597935793
2017-02-28,10354.87,10402.28,10340.09,10391.34,,155309885.92,0.003649955812257799
2017-03-01,10387.63,10446.38,10378.12,10418.62,,180173213.64,0.0026252629593488397
2017-03-02,10429.98,10443.87,10362.0,10367.31,,176616284.75,-0.004924836494660689
2017-03-03,10339.89,10404.87,10308.22,10397.05,,164749827.18,0.0028686322681583665
2017-03-06,10406.23,10522.28,10406.23,10522.28,,177216437.61,0.01204476269711141
2017-03-07,10527.83,10552.14,10495.5,10552.14,,177394882.41,0.002837788007922226
2017-03-08,10549.99,10549.99,10473.88,10498.31,,160875187.66,-0.005101334895101894
2017-03-09,10484.28,10484.68,10402.36,10421.06,,160817698.62,-0.00735832719742513
2017-03-10,10415.38,10476.59,10415.38,10451.01,,147274867.98,0.0028739878668773144
2017-03-13,10450.65,10559.88,10402.72,10559.88,,165493243.75,0.010417174990742462
2017-03-14,10561.5,10577.48,10515.52,10531.73,,161398251.27,-0.0026657499895831327
2017-03-15,10515.59,10551.71,10499.85,10543.01,,156591444.14,0.0010710491058925076
2017-03-16,10573.77,10628.18,10573.77,10624.42,,186118485.24,0.007721703763915677
2017-03-17,10632.04,10650.46,10514.67,10515.41,,203748860.09,-0.010260324798906706
2017-03-20,10512.89,10534.11,10459.74,10532.33,,169294749.61,0.0016090670739419277
2017-03-21,10527.41,10586.62,10513.63,10586.62,,159544449.97,0.005154604916481009
2017-03-22,10535.67,10586.48,10488.63,10553.53,,182058906.99,-0.0031256435009474615
2017-03-23,10558.34,10607.73,10477.57,10583.04,,187160450.94,0.0027962207905791736
2017-03-24,10584.09,10666.12,10580.11,10646.72,,184858717.09,0.00601717464924989
2017-03-27,10643.45,10660.23,10578.75,10581.92,,179075534.37,-0.006086381533467522
2017-03-28,10580.16,10606.09,10538.02,10563.29,,158398982.39,-0.0017605500703085086
2017-03-29,10573.12,10585.88,10497.01,10520.82,,184996191.42,-0.0040205276954434765
2017-03-30,10505.39,10513.88,10328.95,10348.27,,209544968.37,-0.01640081286439643
2017-03-31,10351.33,10428.72,10351.33,10428.72,,159483669.34,0.007774246323298373
2017-04-05,10496.78,10628.6,10496.78,10627.13,,201581475.58,0.019025345392339688
2017-04-06,10649.84,10661.77,10608.13,10656.17,,191080341.44,0.0027326286589135496
2017-04-07,10652.4,10702.88,10635.08,10669.48,,205033818.39,0.0012490416350339206
2017-04-10,10663.86,10664.1,10593.76,10603.28,,239514798.48,-0.00620461353318047
2017-04-11,10601.0,10662.5,10476.66,10655.79,,267357218.68,0.004952241193291185
2017-04-12,10643.48,10667.6,10584.69,10587.31,,256381432.37,-0.006426553075839614
2017-04-13,10578.58,10678.78,10571.7,10654.09,,204943492.81,0.006307551209892015
2017-04-14,10662.25,10662.53,10515.37,10519.86,,218503359.35,-0.012598917411059896
2017-04-17,10483.96,10505.63,10406.52,10450.86,,194167310.96,-0.006559022648590429
2017-04-18,10449.01,10522.85,10405.35,10411.44,,184273714.32,-0.0037719383859319278
2017-04-19,10377.28,10393.73,10235.0,10348.41,,198709924.99,-0.006053917613701887
2017-04-20,10346.99,10411.75,10306.39,10359.09,,173467314.98,0.0010320426036463104
2017-04-21,10357.86,10407.77,10300.4,10314.35,,144536330.63,-0.004318912182440737
2017-04-24,10285.04,10285.04,10060.11,10091.89,,160107275.21,-0.021568009617668693
2017-04-25,10106.9,10213.49,10104.55,10165.21,,154064364.26,0.0072652397122838774
2017-04-26,10162.72,10251.7,10161.42,10204.84,,165358358.88,0.00389859137194426
2017-04-27,10174.25,10244.08,10015.89,10229.19,,204587982.9,0.002386122663363688
2017-04-28,10208.13,10235.23,10176.08,10234.65,,164498840.03,0.0005337666032207977
2017-05-02,10205.66,10228.7,10166.39,10223.97,,157896045.9,-0.0010435139452741327
2017-05-03,10208.6,10244.35,10146.26,10184.14,,168065054.63,-0.003895746955439039
2017-05-04,10164.81,10241.54,10116.01,10147.44,,176138250.05,-0.0036036425265165706
2017-05-05,10119.54,10132.92,10024.44,10024.44,,166209868.98,-0.012121283791774129
2017-05-08,10000.95,10018.57,9833.17,9833.17,,164437303.16,-0.019080367581630564
2017-05-09,9794.81,9887.15,9736.14,9885.34,,138953189.36,0.005305511854264644
2017-05-10,9875.74,9945.61,9756.81,9756.81,,156193417.87,-0.01300208187072982
2017-05-11,9704.88,9776.51,9566.42,9776.45,,173360794.13,0.0020129530041070876
2017-05-12,9755.87,9794.99,9703.1,9787.99,,140962776.2,0.0011803875639928574
2017-05-15,9812.38,9866.07,9812.38,9845.6,,133036246.32,0.005885784517556836
2017-05-16,9819.71,10046.66,9761.35,10046.66,,187821149.33,0.02042130494840322
2017-05-17,10030.36,10091.47,10019.36,10030.11,,192083349.04,-0.001647313634580927
2017-05-18,9955.86,10045.68,9936.31,9974.35,,160236016.44,-0.0055592610649335406
2017-05-19,9978.5,10005.71,9922.76,9970.96,,143486594.9,-0.00033987177109295885
2017-05-22,9958.29,10014.94,9864.95,9899.65,,157600498.89,-0.007151768736410435
2017-05-23,9878.38,9914.5,9761.31,9763.78,,169709216.1,-0.013724727641886258
2017-05-24,9722.04,9812.46,9609.41,9812.46,,144760749.57,0.0049857739523011535
2017-05-25,9792.09,9917.81,9727.51,9893.78,,174125963.72,0.008287422318154825
2017-05-26,9871.68,9913.48,9838.7,9859.23,,155697184.42,-0.003492093011973285
2017-05-31,9944.12,9976.65,9855.3,9864.84,,156911395.89,0.0005690099531099335
2017-06-01,9833.83,9854.55,9730.06,9730.33,,155204567.03,-0.013635294642386553
2017-06-02,9708.72,9811.58,9637.54,9794.89,,148352080.37,0.006634923995383346
2017-06-05,9799.81,9866.34,9799.65,9842.6,,134634360.68,0.004870907177109807
2017-06-06,9834.54,9915.92,9821.13,9915.92,,128153135.25,0.007449251214109998
2017-06-07,9915.18,10117.06,9910.53,10109.88,,195082069.05,0.019560464384545062
2017-06-08,10104.59,10162.48,10097.66,10148.72,,181596707.01,0.0038417864504820542
2017-06-09,10147.02,10182.61,10124.94,10177.45,,163670705.63,0.002830898871976073
2017-06-12,10144.12,10197.1,10108.98,10119.99,,157413209.57,-0.005645815012601529
2017-06-13,10104.71,10237.4,10102.5,10224.82,,154656015.72,0.010358705888049213
2017-06-14,10208.84,10226.15,10138.82,10151.53,,161617461.3,-0.0071678523436108366
2017-06-15,10140.08,10225.05,10134.41,10221.69,,178556145.2,0.006911273473062751
2017-06-16,10212.98,10233.8,10176.86,10191.24,,157574459.36,-0.00297895944799742
2017-06-19,10191.98,10262.8,10191.87,10262.8,,147929636.6,0.007021716690019941
2017-06-20,10281.57,10323.0,10273.06,10288.53,,175270385.52,0.002507113068558331
2017-06-21,10327.13,10367.17,10269.32,10367.17,,165754581.8,0.007643463157516184
2017-06-22,10361.34,10418.61,10265.2,10265.2,,189981090.38,-0.00983585684424959
2017-06-23,10249.79,10366.78,10196.39,10366.78,,171427902.74,0.009895569496941148
2017-06-26,10377.22,10537.59,10377.22,10537.59,,177473688.93,0.01647666874381426
2017-06-27,10532.57,10548.8,10479.35,10535.36,,160663985.65,-0.00021162334082081014
2017-06-28,10507.05,10517.94,10436.08,10451.57,,153992675.38,-0.00795321659630055
2017-06-29,10460.38,10523.52,10459.94,10511.86,,149659874.44,0.005768511333704041
2017-06-30,10475.22,10537.5,10454.88,10529.61,,144279404.78,0.001688568911686339
2017-07-03,10531.73,10541.86,10464.68,10535.05,,156582897.64,0.0005166383180381651
2017-07-04,10527.77,10527.77,10437.4,10474.83,,160936897.5,-0.005716157018713641
2017-07-05,10443.03,10561.09,10434.68,10561.09,,169619778.61,0.008234978515164526
2017-07-06,10547.51,10574.11,10467.91,10562.06,,201400954.82,9.184658022975967e-05
2017-07-07,10526.78,10564.31,10504.1,10563.72,,194723547.79,0.00015716631035989082
2017-07-10,10542.55,10574.21,10497.39,10505.6,,212700249.59,-0.005501849727179375
2017-07-11,10488.89,10568.37,10467.13,10467.71,,187942448.05,-0.0036066478830338866
2017-07-12,10465.87,10494.25,10360.1,10453.19,,188731005.86,-0.0013871228759679832
2017-07-13,10444.78,10491.39,10431.5,10466.1,,172243647.34,0.001235029689501399
2017-07-14,10445.57,10452.94,10382.37,10427.79,,160920967.19,-0.0036603892567431684
2017-07-17,10383.22,10384.05,10006.38,10055.8,,244581782.88,-0.035672947000275346
2017-07-18,10012.91,10103.76,9960.56,10103.76,,176033050.7,0.004769386821535937
2017-07-19,10079.68,10296.29,10064.31,10295.58,,214224777.1,0.018985011520463724
2017-07-20,10288.89,10392.06,10282.28,10366.98,,204422293.61,0.006935014831607411
2017-07-21,10354.54,10406.25,10342.72,10364.82,,178594120.2,-0.0002083538311060673
2017-07-24,10352.85,10414.07,10341.24,10404.22,,197192989.57,0.0038013202351800945
2017-07-25,10398.25,10421.21,10317.92,10353.21,,179887861.65,-0.004902818279505783
2017-07-26,10365.61,10380.7,10247.54,10297.34,,193448451.41,-0.005396393968633784
2017-07-27,10284.92,10416.55,10216.02,10395.19,,250647356.18,0.009502454031818042
2017-07-28,10381.31,10456.41,10371.39,10437.94,,206554895.66,0.004112478944588771
2017-07-31,10438.23,10517.33,10418.83,10505.04,,236571038.92,0.006428471518326484
2017-08-01,10496.71,10529.9,10472.71,10525.35,,233048202.01,0.0019333577025884008
2017-08-02,10526.0,10557.47,10461.95,10469.34,,248511556.56,-0.0053214382419587425
2017-08-03,10454.01,10507.23,10403.59,10436.17,,225245507.06,-0.0031682990522803323
2017-08-04,10426.53,10450.69,10360.83,10361.23,,237545788.13,-0.0071807952534311825
2017-08-07,10353.15,10451.08,10347.5,10451.08,,193394147.68,0.008671750361684882
2017-08-08,10448.87,10516.61,10437.85,10496.25,,229036919.41,0.004322041358405082
2017-08-09,10487.77,10548.06,10455.27,10544.59,,213365851.29,0.004605454328927117
2017-08-10,10525.15,10582.16,10417.09,10480.64,,218998237.18,-0.006064721340516832
2017-08-11,10407.34,10459.91,10281.63,10291.35,,223544895.33,-0.018060919943820086
2017-08-14,10308.97,10519.8,10308.97,10519.8,,202644515.64,0.022198253873398466
2017-08-15,10527.54,10559.78,10502.52,10559.78,,190212431.57,0.0038004524800852035
2017-08-16,10550.42,10625.34,10504.07,10600.78,,217140488.91,0.0038826566462559775
2017-08-17,10601.65,10658.16,10583.4,10653.73,,223729090.8,0.004994915468484296
2017-08-18,10586.35,10636.15,10563.26,10614.08,,198035363.89,-0.0037217012257678705
2017-08-21,10624.81,10689.77,10624.81,10689.77,,186806501.51,0.0071310937923965145
2017-08-22,10689.65,10699.05,10631.25,10653.98,,191573984.3,-0.0033480608095404207
2017-08-23,10642.22,10662.83,10583.18,10619.34,,171019084.96,-0.003251367094738278
2017-08-24,10617.74,10627.34,10537.78,10552.96,,162216659.58,-0.0062508592812736685
2017-08-25,10556.54,10671.71,10556.54,10659.01,,174584891.08,0.010049313178482677
2017-08-28,10678.35,10866.36,10678.35,10809.74,,233005683.93,0.01414108814983761
2017-08-29,10796.54,10818.22,10742.13,10762.37,,209014711.18,-0.0043821590528541066
2017-08-30,10762.24,10825.89,10762.24,10813.93,,205631843.31,0.004790766346074227
2017-08-31,10823.31,10837.39,10759.79,10816.64,,193759152.07,0.000250602694857438
2017-09-01,10822.49,10880.56,10807.77,10880.56,,236753576.05,0.005909413644163086
2017-09-04,10882.13,10969.57,10859.36,10962.85,,253945574.73,0.007563029844052327
2017-09-05,10958.2,10995.53,10928.86,10986.95,,226193446.67,0.002198333462557711
2017-09-06,10959.31,11036.89,10939.26,11024.59,,236870137.86,0.003425882524267454
2017-09-07,11030.6,11059.47,10966.54,10969.13,,251504933.75,-0.005030572565510427
2017-09-08,10961.7,11011.11,10911.82,10970.77,,219333801.62,0.00014951048989320093
2017-09-11,10979.72,11053.73,10963.62,11053.73,,228236917.99,0.007561912244992808
2017-09-12,11063.85,11131.95,11019.87,11043.61,,297519757.61,-0.0009155280615682493
2017-09-13,11040.1,11091.49,11015.74,11091.49,,217492360.1,0.004335538831957919
2017-09-14,11091.97,11124.54,11033.82,11070.49,,237594677.83,-0.0018933434552075301
2017-09-15,11058.1,11105.02,11022.25,11063.1,,227737866.05,-0.0006675404611719005
2017-09-18,11062.43,11154.75,11062.43,11153.53,,206122108.52,0.008174019940161426
2017-09-19,11160.42,11181.18,11055.24,11083.9,,213063878.46,-0.0062428666081502104
2017-09-20,11083.85,11191.13,11083.21,11191.13,,220593840.08,0.009674392587446512
2017-09-21,11187.88,11199.19,11098.34,11098.34,,221588625.09,-0.008291387911676384
2017-09-22,11067.11,11085.43,11025.89,11069.82,,194211957.55,-0.002569753674873887
2017-09-25,11054.26,11056.66,10911.03,10930.67,,183699677.8,-0.012570213427137933
2017-09-26,10915.66,10951.14,10890.92,10950.77,,167782382.0,0.0018388625765850541
2017-09-27,10951.96,11063.13,10951.88,11036.78,,170431974.99,0.007854242213104712
2017-09-28,11029.47,11072.56,11015.48,11031.42,,182851295.76,-0.000485648893970958
2017-09-29,11042.72,11121.44,11042.72,11087.19,,181068376.69,0.005055559483729155
2017-10-09,11248.35,11305.46,11214.9,11264.27,,216678335.62,0.01597158522583264
2017-10-10,11260.77,11329.51,11229.02,11329.51,,214431770.31,0.005791764579506697
2017-10-11,11319.46,11344.59,11285.92,11312.5,,229886296.37,-0.0015013888508859097
2017-10-12,11309.36,11337.12,11240.66,11307.33,,198752460.7,-0.0004570165745856336
2017-10-13,11312.27,11400.05,11308.04,11399.09,,195039498.79,0.008115089946079346
2017-10-16,11401.87,11422.93,11267.27,11271.2,,236289539.96,-0.011219316629660692
2017-10-17,11254.41,11318.0,11214.82,11275.34,,157441909.04,0.0003673078288024545
2017-10-18,11277.54,11323.26,11240.63,11282.75,,178797229.08,0.0006571863908315656
2017-10-19,11275.31,11290.72,11179.19,11189.55,,182603706.45,-0.008260397509472495
2017-10-20,11154.93,11238.88,11140.34,11238.88,,144399784.49,0.004408577646107359
2017-10-23,11239.69,11306.31,11228.68,11306.31,,154500822.33,0.005999708155972838
2017-10-24,11289.02,11339.13,11260.68,11339.13,,156281937.26,0.0029028038325500383
2017-10-25,11330.75,11437.21,11324.17,11437.21,,160022018.76,0.008649693583193674
2017-10-26,11430.0,11509.02,11413.93,11461.29,,183886110.32,0.0021054085742939765
2017-10-27,11456.57,11484.91,11415.37,11444.52,,176979283.07,-0.001463186081147927
2017-10-30,11446.79,11472.28,11192.18,11312.61,,223352109.4,-0.011526040410607008
2017-10-31,11293.34,11368.19,11274.17,11367.62,,155987092.38,0.004862715147079255
2017-11-01,11370.52,11424.48,11341.07,11350.32,,162985100.96,-0.0015218664944818272
2017-11-02,11336.48,11337.01,11251.81,11292.42,,181190253.15,-0.005101177764151088
2017-11-03,11287.55,11334.68,11165.06,11215.19,,179760266.8,-0.006839100919023511
2017-11-06,11218.04,11373.74,11181.29,11373.74,,178683569.56,0.014137076589874953
2017-11-07,11374.09,11467.97,11370.99,11467.97,,193616573.28,0.00828487375304876
2017-11-08,11460.15,11563.82,11441.8,11447.4,,210038868.98,-0.0017936914728586828
2017-11-09,11443.54,11553.24,11414.2,11553.24,,186042368.76,0.009245767597882537
2017-11-10,11540.55,11659.65,11531.59,11645.05,,204295219.35,0.007946688547974423
2017-11-13,11657.63,11714.98,11631.19,11695.0,,212922501.53,0.004289376172708748
2017-11-14,11689.94,11700.73,11538.34,11582.92,,218041044.22,-0.009583582727661355
2017-11-15,11548.0,11583.97,11390.3,11462.11,,179370221.09,-0.010430012466631888
2017-11-16,11442.85,11549.08,11415.75,11537.96,,180035277.09,0.0066174552503857065
2017-11-17,11519.92,11555.87,11292.93,11292.93,,236670399.89,-0.021236856428692663
2017-11-20,11229.59,11437.55,11087.53,11437.55,,183784980.09,0.012806242489770137
2017-11-21,11419.09,11602.1,11407.4,11602.1,,201203936.32,0.014386822352689288
2017-11-22,11598.04,11666.13,11454.26,11560.8,,196786361.35,-0.003559700399065835
2017-11-23,11520.04,11520.04,11162.53,11175.47,,196371019.86,-0.033330738357207124
2017-11-24,11135.07,11225.2,11058.99,11168.39,,159697129.89,-0.0006335304018533217
2017-11-27,11126.78,11126.78,10936.14,10954.18,,164559024.31,-0.01918002505284999
2017-11-28,10938.4,11091.14,10936.4,11091.14,,146029309.31,0.012502989726296265
2017-11-29,11095.91,11108.45,10936.99,11082.13,,173222706.38,-0.0008123601361086363
2017-11-30,11036.75,11079.93,10908.7,10944.1,,150778315.8,-0.012455186863897016
2017-12-01,10941.87,11077.43,10926.77,11013.15,,148449124.1,0.006309335623760681
2017-12-04,11007.19,11099.83,10993.51,11014.55,,157333821.83,0.00012712076018206453
2017-12-05,10988.07,11044.18,10801.4,10854.75,,177587758.32,-0.014508082490886975
2017-12-06,10838.04,10911.33,10716.29,10911.33,,158824714.8,0.005212464589235077
2017-12-07,10886.26,10925.2,10795.84,10801.25,,135430809.86,-0.010088595982341242
2017-12-08,10789.17,10964.79,10789.17,10935.06,,146228435.23,0.012388380974424296
2017-12-11,10962.18,11143.26,10962.18,11143.26,,158546559.06,0.019039676051160193
2017-12-12,11145.75,11176.58,11043.21,11043.21,,150996403.85,-0.008978521545759621
2017-12-13,11030.02,11143.89,11019.59,11143.89,,133789343.82,0.00911691437543971
2017-12-14,11138.46,11165.61,11070.98,11110.18,,145975597.96,-0.003024976018248471
2017-12-15,11092.15,11104.82,10970.73,10998.12,,157212224.6,-0.010086245227350021
2017-12-18,10991.11,11046.1,10916.19,10960.12,,136016790.98,-0.0034551359686928462
2017-12-19,10964.14,11077.18,10963.79,11074.99,,130291597.32,0.010480724663598506
2017-12-20,11072.41,11079.13,10988.89,11003.33,,140075895.89,-0.00647043473628417
2017-12-21,10988.77,11149.04,10935.22,11118.25,,150891800.88,0.010444111010030621
2017-12-22,11112.73,11154.75,11078.26,11094.16,,129119659.75,-0.002166707890180586
2017-12-25,11102.16,11132.59,10967.37,11005.5,,147971068.7,-0.007991591972713596
2017-12-26,11002.34,11025.1,10900.64,11021.83,,139956796.66,0.001483803552769114
2017-12-27,11007.44,11026.73,10911.21,10911.21,,154718700.04,-0.010036445853365605
2017-12-28,10907.83,11029.09,10891.75,10974.01,,159818717.94,0.005755548651341202
2017-12-29,10984.86,11040.62,10971.64,11040.45,,139772319.14,0.0060543046707630666
2018-01-02,11079.64,11178.05,11072.87,11178.05,,163737774.1,0.012463260102622442
2018-01-03,11181.18,11316.46,11171.12,11280.3,,198404750.8,0.00914739153966937
2018-01-04,11270.91,11341.35,11259.46,11341.35,,180376491.58,0.005412090103986689
2018-01-05,11339.57,11372.29,11310.29,11342.85,,187950133.14,0.00013225938711003415
2018-01-08,11343.82,11386.04,11287.6,11382.72,,203604071.83,0.0035149896190109775
2018-01-09,11371.93,11449.6,11358.13,11447.09,,184081836.71,0.005655063113210179
2018-01-10,11439.22,11446.41,11345.1,11437.08,,196342709.26,-0.0008744580500371635
2018-01-11,11411.58,11482.81,11372.36,11464.2,,189897902.43,0.0023712346158286657
2018-01-12,11459.46,11496.53,11420.26,11461.99,,186021470.19,-0.00019277402697104318
2018-01-15,11453.33,11476.58,11277.31,11307.46,,224433734.14,-0.013481952086854099
2018-01-16,11283.6,11402.46,11283.29,11386.91,,192863411.7,0.007026334826742753
2018-01-17,11366.6,11367.16,11185.92,11303.97,,213515921.03,-0.007283802190409916
2018-01-18,11287.64,11375.11,11279.42,11319.91,,155610115.97,0.0014101240537616189
2018-01-19,11314.46,11393.04,11276.57,11296.27,,183429288.3,-0.002088355826150523
2018-01-22,11289.86,11513.08,11273.69,11513.08,,181074818.01,0.01919306107237162
2018-01-23,11514.56,11564.95,11493.74,11555.25,,174188769.16,0.0036627904956796353
2018-01-24,11548.21,11613.96,11456.26,11607.57,,210735223.71,0.004527812033491285
2018-01-25,11588.38,11633.46,11548.68,11552.56,,213762239.8,-0.004739148676251803
2018-01-26,11524.7,11605.13,11512.94,11557.82,,175611738.64,0.00045531033814150135
2018-01-29,11547.68,11556.65,11323.69,11352.72,,199666078.01,-0.017745561014101296
2018-01-30,11319.97,11370.0,11260.31,11278.78,,157973243.46,-0.006512976625865807
2018-01-31,11210.06,11244.18,11119.32,11159.68,,194794973.33,-0.010559652728397984
2018-02-01,11145.41,11171.36,10836.35,10864.34,,224818677.02,-0.02646491655674721
2018-02-02,10794.13,10933.16,10663.54,10925.16,,184626569.55,0.005598131133598416
2018-02-05,10761.08,10873.24,10741.85,10836.25,,148705223.1,-0.00813809591804604
2018-02-06,10603.54,10685.16,10377.61,10377.61,,196877410.09,-0.04232460491406154
2018-02-07,10563.31,10599.54,10173.66,10246.97,,185364908.65,-0.01258864035168028
2018-02-08,10219.39,10411.2,10219.21,10372.59,,154429802.2,0.012259233705183226
2018-02-09,10096.46,10172.78,9868.83,10001.23,,193571354.37,-0.035802051368076904
2018-02-12,10059.86,10325.68,10059.86,10291.88,,144996154.98,0.029061425444670164
2018-02-13,10367.68,10486.81,10350.17,10362.43,,142167333.54,0.006854918634885188
2018-02-14,10381.16,10433.09,10319.15,10431.91,,100082438.95,0.006704991010795691
2018-02-22,10547.81,10667.8,10526.98,10658.94,,136170478.65,0.021763032848251207
2018-02-23,10667.81,10700.11,10578.79,10662.79,,140530855.13,0.00036119914362964245
2018-02-26,10731.31,10920.21,10670.17,10895.56,,200183490.93,0.02183012138474072
2018-02-27,10898.29,10915.36,10791.95,10807.53,,195932779.52,-0.008079437862762329
2018-02-28,10705.81,10875.71,10656.36,10828.73,,186638953.92,0.001961595295132179
2018-03-01,10754.62,10943.13,10732.93,10943.13,,190070304.12,0.010564489095212348
2018-03-02,10857.87,10947.39,10840.01,10856.25,,184646816.93,-0.007939227625002987
2018-03-05,10882.87,10913.03,10813.46,10875.68,,159549538.82,0.0017897524467473946
2018-03-06,10909.28,11007.95,10873.85,11007.95,,206525497.76,0.012161998146322794
2018-03-07,10993.95,11031.48,10897.58,10904.99,,179148337.2,-0.009353240158249343
2018-03-08,10902.35,11019.08,10892.18,11019.08,,165203174.41,0.010462182908925088
2018-03-09,11040.37,11203.72,11030.55,11194.91,,234555468.34,0.015956867542480824
2018-03-12,11266.32,11328.77,11260.46,11326.27,,261773246.23,0.011733904068902845
2018-03-13,11311.04,11335.3,11236.38,11241.41,,227848425.68,-0.007492316534922883
2018-03-14,11198.77,11242.3,11138.39,11139.63,,196067737.64,-0.009054024361712654
2018-03-15,11100.53,11195.94,11051.62,11163.65,,187573554.83,0.002156265513306943
2018-03-16,11166.43,11192.36,11051.12,11051.12,,169598355.72,-0.010080036547186477
2018-03-19,11046.03,11120.75,10994.68,11068.49,,165819447.56,0.0015717863890718498
2018-03-20,10982.73,11082.03,10951.99,11077.8,,177360077.65,0.0008411264770533666
2018-03-21,11100.91,11170.56,10973.59,10980.55,,202472474.32,-0.008778818899059404
2018-03-22,10988.83,11035.58,10858.44,10877.25,,175778163.66,-0.009407543337992985
2018-03-23,10511.16,10664.93,10256.5,10439.99,,282412822.77,-0.040199498954239354
2018-03-26,10303.75,10564.38,10217.22,10564.38,,195798888.33,0.011914762370462073
2018-03-27,10683.16,10799.37,10675.5,10775.71,,222882762.21,0.02000401348683023
2018-03-28,10633.7,10768.48,10613.06,10630.69,,204801306.67,-0.013458045919943928
2018-03-29,10676.56,10778.8,10564.29,10755.92,,192574640.47,0.011780044380938604
2018-03-30,10776.71,10883.05,10766.53,10868.66,,209103163.08,0.010481669629376134
2018-04-02,10887.47,10950.22,10835.71,10852.95,,238742940.54,-0.001445440376274476
2018-04-03,10718.43,10783.93,10667.33,10754.29,,208204043.99,-0.009090615915488431
2018-04-04,10778.86,10829.82,10678.94,10684.56,,193163743.03,-0.006483924089828452
2018-04-09,10655.07,10725.11,10571.16,10653.38,,185794685.64,-0.0029182296697291
2018-04-10,10671.69,10765.62,10628.24,10765.62,,199741594.86,0.01053562343594261
2018-04-11,10796.5,10856.44,10786.84,10808.37,,191004361.82,0.00397097426808668
2018-04-12,10797.35,10825.66,10720.83,10726.96,,171686889.61,-0.00753212556564975
2018-04-13,10789.77,10825.67,10670.65,10687.02,,161837312.49,-0.0037233288834859213
2018-04-16,10660.69,10704.39,10540.69,10621.79,,188159462.64,-0.0061036659424236195
2018-04-17,10636.88,10669.15,10390.05,10395.16,,202286400.81,-0.02133632843428468
2018-04-18,10477.52,10514.74,10249.87,10491.15,,215834944.66,0.009234105102759349
2018-04-19,10502.36,10646.7,10485.41,10598.35,,203988578.15,0.01021813623863932
2018-04-20,10571.99,10619.17,10392.69,10408.91,,196805692.38,-0.017874480461581355
2018-04-23,10416.78,10471.21,10228.09,10330.63,,179579807.2,-0.007520480050264733
2018-04-24,10325.51,10556.82,10325.51,10556.82,,190970006.07,0.021895082874906935
2018-04-25,10503.94,10579.18,10488.87,10547.1,,183348346.94,-0.0009207318112840479
2018-04-26,10495.03,10508.01,10290.37,10292.12,,186332439.4,-0.024175365740345622
2018-04-27,10353.02,10382.77,10239.97,10324.47,,164776511.98,0.003143181385370397
2018-05-02,10356.19,10433.28,10283.52,10342.85,,160567095.76,0.0017802366610586429
2018-05-03,10329.16,10459.38,10228.26,10458.62,,177743321.0,0.011193239774336838
2018-05-04,10428.85,10490.06,10411.83,10426.19,,150582422.45,-0.003100791500217026
2018-05-07,10456.43,10626.51,10450.49,10626.51,,174177180.37,0.019213154565570045
2018-05-08,10632.11,10721.98,10630.58,10707.8,,182770938.73,0.007649736366878601
2018-05-09,10693.21,10705.15,10639.92,10689.07,,169498644.03,-0.0017491921776648933
2018-05-10,10706.73,10742.64,10651.87,10729.77,,180925300.83,0.0038076277917538093
2018-05-11,10748.89,10752.83,10634.23,10634.3,,180171412.43,-0.008897674414269918
2018-05-14,10649.11,10723.79,10641.29,10671.46,,169570273.53,0.0034943531779243475
2018-05-15,10692.82,10747.99,10632.55,10747.99,,157932634.56,0.007171464822995244
2018-05-16,10713.59,10776.43,10691.14,10701.32,,165521883.38,-0.00434220724060963
2018-05-17,10702.07,10713.71,10615.92,10635.5,,150682885.54,-0.006150643098234543
2018-05-18,10623.91,10679.51,10557.75,10672.52,,154568052.83,0.0034807954492031
2018-05-21,10741.19,10789.76,10731.61,10765.35,,191005737.93,0.008698039450851347
2018-05-22,10754.7,10765.8,10689.51,10765.8,,179543850.79,4.180077749427191e-05
2018-05-23,10746.82,10746.82,10631.12,10631.12,,186496581.34,-0.012509985323895911
2018-05-24,10632.5,10657.45,10552.35,10564.13,,158449317.69,-0.006301311620977024
2018-05-25,10550.63,10576.81,10435.95,10448.22,,172760872.65,-0.010972034611463455
2018-05-28,10439.65,10536.57,10382.72,10465.54,,169664088.6,0.0016576986319203346
2018-05-29,10446.99,10517.14,10347.94,10349.07,,168436143.63,-0.011128904958559338
2018-05-30,10203.66,10252.15,10097.48,10105.79,,197606894.17,-0.023507426271152765
2018-05-31,10178.96,10295.73,10115.66,10295.73,,174687655.66,0.01879516593952557
2018-06-01,10247.16,10280.74,10122.99,10169.35,,162718880.42,-0.012274991671304414
2018-06-04,10192.04,10237.6,10148.69,10204.32,,145772249.0,0.003438764522806226
2018-06-05,10216.63,10385.61,10216.02,10385.61,,152789688.61,0.017766004986123685
2018-06-06,10375.26,10403.93,10337.71,10365.13,,145456742.89,-0.001971959278270763
2018-06-07,10397.65,10411.56,10308.06,10313.85,,147571536.07,-0.004947357148438969
2018-06-08,10290.63,10291.9,10136.58,10205.52,,151727261.24,-0.010503352288427692
2018-06-11,10191.31,10242.76,10141.27,10175.35,,131225356.0,-0.002956243287946192
2018-06-12,10187.31,10323.0,10124.98,10315.28,,142568236.6,0.013751861115342434
2018-06-13,10280.08,10288.0,10161.39,10161.65,,142851645.18,-0.014893439635182082
2018-06-14,10124.76,10213.79,10054.37,10084.18,,130720950.77,-0.007623761889063219
2018-06-15,10077.43,10108.53,9902.63,9943.13,,159964586.42,-0.01398725528501088
2018-06-19,9775.97,9815.01,9336.7,9414.76,,214212677.14,-0.05313920264544458
2018-06-20,9367.74,9549.53,9310.19,9501.34,,169974646.66,0.009196198309887826
2018-06-21,9493.5,9573.49,9313.09,9316.68,,173337702.19,-0.019435153357315937
2018-06-22,9247.02,9416.09,9172.3,9409.95,,152509804.5,0.010011076907224581
2018-06-25,9472.91,9494.44,9320.66,9324.83,,150021719.06,-0.009045744132540667
2018-06-26,9201.0,9364.51,9175.39,9339.37,,163376770.44,0.0015592777562700721
2018-06-27,9338.01,9378.08,9139.82,9168.66,,158976178.83,-0.01827853484763975
2018-06-28,9130.52,9230.89,9065.2,9071.73,,153744118.91,-0.010571882914188202
2018-06-29,9100.6,9381.03,9078.24,9379.47,,181591779.37,0.033922967284079286
2018-07-02,9369.24,9393.1,9107.55,9179.8,,181357823.96,-0.021287983222932683
2018-07-03,9184.31,9233.02,8945.42,9221.54,,193568837.36,0.004546940020479839
2018-07-04,9182.96,9200.27,9008.09,9035.49,,171450253.02,-0.02017558889296156
2018-07-05,9036.12,9096.54,8844.67,8862.18,,163732094.2,-0.01918102947377498
2018-07-06,8873.9,9035.45,8736.36,8911.34,,186418548.65,0.005547167852605117
2018-07-09,8954.31,9160.62,8954.31,9160.62,,162002035.77,0.027973346320530945
2018-07-10,9176.29,9213.87,9123.22,9205.43,,163883576.54,0.004891590307206206
2018-07-11,9024.72,9092.88,8916.98,9023.82,,179130625.87,-0.01972857324427002
2018-07-12,9019.96,9312.38,9019.96,9273.61,,211612333.71,0.027681181583852688
2018-07-13,9288.47,9344.65,9270.2,9326.97,,187063850.49,0.005753962049298789
2018-07-16,9322.97,9366.21,9278.07,9317.36,,167471231.98,-0.0010303453318707412
2018-07-17,9307.66,9307.66,9175.66,9285.16,,160044940.08,-0.0034559145509028832
2018-07-18,9293.2,9335.09,9195.24,9195.24,,175256581.64,-0.009684270384139881
2018-07-19,9214.9,9266.93,9116.45,9148.78,,161620344.19,-0.0050526141786401135
2018-07-20,9141.51,9277.95,9055.86,9251.48,,169930479.53,0.011225540454574245
2018-07-23,9188.47,9314.3,9160.05,9314.3,,199809119.99,0.006790264908965948
2018-07-24,9316.65,9491.24,9313.17,9465.8,,244672639.19,0.016265312476514637
2018-07-25,9475.72,9514.94,9436.99,9463.76,,213146958.69,-0.00021551268778119415
2018-07-26,9467.56,9488.39,9331.45,9352.25,,229138686.01,-0.0117828431828364
2018-07-27,9344.75,9363.17,9270.35,9295.93,,188934763.27,-0.006022080248068606
2018-07-30,9289.36,9309.44,9139.74,9181.94,,178357087.16,-0.012262355676086134
2018-07-31,9168.83,9216.73,9132.08,9178.78,,147991098.38,-0.00034415384983998987
2018-08-01,9205.75,9235.74,9005.37,9005.37,,173264529.9,-0.01889248898001694
2018-08-02,8971.71,8971.71,8613.84,8780.56,,211111166.78,-0.024963993705977794
2018-08-03,8767.56,8807.95,8602.12,8602.12,,152843384.72,-0.0203221662399663
2018-08-06,8582.43,8638.37,8374.4,8422.84,,159152334.11,-0.020841373986877687
2018-08-07,8453.55,8674.03,8379.7,8674.03,,171924079.5,0.029822482678051543
2018-08-08,8654.55,8665.39,8498.21,8499.22,,171693500.43,-0.020153262093859592
2018-08-09,8475.79,8797.59,8460.43,8752.2,,199857185.31,0.029765084325385383
2018-08-10,8752.94,8839.29,8742.4,8813.49,,159645039.89,0.007002810721875585
2018-08-13,8712.12,8855.62,8676.21,8844.86,,160953763.24,0.003559316456931416
2018-08-14,8832.27,8843.57,8752.76,8784.9,,152129692.21,-0.006779078470433797
2018-08-15,8786.35,8786.35,8567.23,8581.18,,163462258.75,-0.02318979157417833
2018-08-16,8470.91,8628.91,8408.0,8500.42,,157105421.37,-0.009411293085566319
2018-08-17,8573.57,8597.79,8341.1,8357.04,,152746928.48,-0.01686740184602631
2018-08-20,8355.0,8414.15,8241.14,8414.15,,149839733.18,0.0068337593214820025
2018-08-21,8419.79,8561.79,8396.58,8549.06,,148513880.29,0.01603370512767177
2018-08-22,8533.43,8533.43,8440.58,8454.75,,133426219.65,-0.011031622190041834
2018-08-23,8446.98,8543.42,8411.74,8501.39,,140125085.52,0.005516425677873249
2018-08-24,8480.22,8544.25,8438.08,8484.74,,140519861.37,-0.001958503256526245
2018-08-27,8511.37,8728.56,8511.37,8728.56,,178436151.52,0.02873629598549865
2018-08-28,8731.64,8758.71,8693.52,8733.75,,162576031.51,0.0005945997965299821
2018-08-29,8716.82,8724.81,8649.73,8678.26,,154352065.84,-0.006353513668240995
2018-08-30,8666.9,8701.04,8543.79,8552.8,,157376475.23,-0.014456815075833296
2018-08-31,8509.27,8536.06,8425.35,8465.47,,138909481.54,-0.010210691235618685
2018-09-03,8440.95,8459.95,8344.93,8455.55,,145309019.03,-0.0011718191665672784
2018-09-04,8454.14,8573.2,8420.88,8554.44,,161407196.09,0.011695277066542165
2018-09-05,8519.57,8536.84,8402.51,8402.51,,166313903.01,-0.01776036771547873
2018-09-06,8369.3,8450.89,8295.48,8324.16,,144449452.33,-0.009324594674686493
2018-09-07,8344.57,8462.39,8270.4,8322.36,,160347052.01,-0.0002162380348286197
2018-09-10,8310.46,8311.92,8155.35,8158.49,,155414176.64,-0.01969032822420569
2018-09-11,8155.95,8216.62,8112.0,8168.1,,135954583.37,0.0011779140502716778
2018-09-12,8162.17,8196.86,8095.01,8111.16,,128076090.55,-0.0069710214125684455
2018-09-13,8196.21,8227.2,8038.12,8163.76,,156021949.68,0.006484892419826638
2018-09-14,8173.56,8180.7,8090.4,8113.88,,160010224.48,-0.006109929738257858
2018-09-17,8068.06,8074.79,7977.44,7999.35,,141937347.91,-0.014115318441978442
2018-09-18,7970.45,8133.9,7958.52,8133.22,,160542170.45,0.016735109727665343
2018-09-19,8111.24,8313.62,8097.23,8248.12,,200529784.85,0.014127246035395613
2018-09-20,8241.7,8295.13,8218.38,8233.89,,177806991.63,-0.0017252416308203289
2018-09-21,8258.02,8419.47,8216.68,8409.18,,197594126.37,0.02128884403362208
2018-09-25,8336.75,8390.65,8311.93,8353.38,,149970129.16,-0.006635605374126996
2018-09-26,8369.52,8485.68,8344.72,8420.54,,182897175.07,0.008039859314433295
2018-09-27,8411.18,8434.87,8331.78,8334.75,,191355630.05,-0.010188182705622273
2018-09-28,8351.63,8405.98,8317.48,8401.09,,155515372.6,0.007959446894028055
2018-10-08,8225.84,8249.39,8055.98,8060.83,,164590316.63,-0.04050188725510617
2018-10-09,8083.23,8132.15,8013.19,8046.39,,134621899.22,-0.0017913788034233935
2018-10-10,8062.46,8090.22,7952.13,8010.69,,139300394.06,-0.004436772266817934
2018-10-11,7753.03,7803.29,7481.9,7524.09,,234967642.53,-0.06074383105575165
2018-10-12,7484.86,7595.93,7331.81,7558.28,,210084270.15,0.00454407111026045
2018-10-15,7571.71,7622.03,7430.96,7444.48,,157507890.63,-0.015056335568409795
2018-10-16,7444.94,7493.15,7263.29,7298.98,,157665052.29,-0.019544682771664323
2018-10-17,7390.69,7419.21,7206.34,7365.21,,171300148.68,0.009073870595617484
2018-10-18,7309.0,7316.19,7182.39,7187.49,,162453342.69,-0.024129658217484695
2018-10-19,7097.04,7390.92,7084.44,7387.74,,184794328.16,0.02786090832822019
2018-10-22,7464.92,7816.82,7464.92,7748.82,,257882927.13,0.04887556952464478
2018-10-23,7752.18,7769.52,7523.07,7574.99,,221267195.34,-0.022433093038682017
2018-10-24,7531.6,7653.24,7484.63,7545.11,,183170082.94,-0.003944559662785063
2018-10-25,7334.52,7543.11,7305.77,7529.41,,191703396.24,-0.0020808179072273614
2018-10-26,7582.77,7621.38,7476.13,7504.72,,184356987.38,-0.003279141393548679
2018-10-29,7449.64,7450.38,7290.82,7322.24,,155114072.31,-0.02431536419746516
2018-10-30,7271.96,7451.66,7189.35,7375.23,,188857671.99,0.007236856481076748
2018-10-31,7385.98,7526.6,7373.75,7482.83,,194478329.23,0.014589375517780612
2018-11-01,7568.2,7689.57,7558.4,7567.79,,235785443.3,0.011353993074812552
2018-11-02,7763.49,7867.54,7709.44,7867.54,,268299637.14,0.03960865721696827
2018-11-05,7831.82,7895.54,7733.14,7839.08,,259786875.9,-0.0036173950180107273
2018-11-06,7807.09,7807.09,7701.51,7791.25,,210422863.46,-0.006101481296274525
2018-11-07,7783.13,7871.17,7745.39,7752.04,,226640511.3,-0.00503256858655543
2018-11-08,7813.63,7823.6,7692.34,7698.02,,209202169.43,-0.006968488294693986
2018-11-09,7650.17,7705.26,7626.17,7648.55,,193795530.7,-0.006426327808969123
2018-11-12,7634.82,7832.82,7622.47,7832.29,,249652881.93,0.024022854005007366
2018-11-13,7733.11,8008.11,7718.68,7963.66,,353815384.89,0.01677287230171509
2018-11-14,7942.08,7990.45,7894.21,7908.55,,314971609.43,-0.006920184940090279
2018-11-15,7889.92,8002.1,7884.34,8002.1,,281944308.96,0.011828969912310194
2018-11-16,8003.47,8116.73,7959.14,8062.29,,317750725.48,0.007521775533922304
2018-11-19,8050.55,8108.85,8014.57,8108.85,,295388405.96,0.005775034140424129
2018-11-20,8031.36,8054.24,7870.41,7879.52,,285277103.36,-0.028281445581062603
2018-11-21,7786.78,7919.07,7776.56,7908.47,,241146307.15,0.003674081669949425
2018-11-22,7929.79,7950.97,7857.81,7893.99,,224939022.56,-0.0018309483376683922
2018-11-23,7882.85,7889.13,7616.47,7636.7,,263519724.9,-0.03259314997865459
2018-11-26,7627.4,7682.2,7586.6,7615.91,,184756183.48,-0.0027223800856390756
2018-11-27,7657.8,7682.76,7589.0,7635.16,,183306296.25,0.002527603398674527
2018-11-28,7633.37,7757.07,7572.65,7757.07,,219258931.74,0.015966921452857497
2018-11-29,7800.57,7820.45,7597.01,7597.01,,222629817.58,-0.020634079620268975
2018-11-30,7583.84,7688.88,7537.92,7681.75,,189655819.62,0.011154388371214408
2018-12-03,7901.83,7968.09,7835.23,7938.47,,267934401.36,0.03341946822013209
2018-12-04,7916.55,7954.31,7890.66,7953.72,,225873052.09,0.0019210250841787957
2018-12-05,7825.12,7972.98,7808.74,7928.51,,225996535.33,-0.0031695860553301314
2018-12-06,7854.59,7872.45,7725.99,7735.05,,209082203.74,-0.024400549409662076
2018-12-07,7741.73,7765.14,7712.27,7733.89,,167466853.07,-0.0001499667099760238
2018-12-10,7663.26,7698.53,7606.0,7624.86,,168585042.71,-0.014097692105783821
2018-12-11,7642.16,7685.4,7628.15,7685.4,,160233757.83,0.00793981791141074
2018-12-12,7721.82,7737.24,7675.26,7698.02,,162361723.67,0.0016420745829757166
2018-12-13,7717.47,7849.66,7679.02,7808.04,,197325920.97,0.014291986770624154
2018-12-14,7785.29,7792.74,7624.73,7629.65,,199438804.17,-0.022846962874165655
2018-12-17,7599.01,7618.68,7515.46,7592.65,,159473454.47,-0.004849501615408314
2018-12-18,7540.96,7609.39,7473.45,7530.32,,156606551.96,-0.008209255003193916
2018-12-19,7541.5,7548.72,7407.46,7418.69,,146311272.06,-0.014824071221408941
2018-12-20,7402.2,7445.05,7363.77,7426.44,,153471617.8,0.0010446588279062752
2018-12-21,7399.15,7405.27,7283.76,7337.6,,161299102.12,-0.011962663133345042
2018-12-24,7315.26,7393.71,7293.15,7392.56,,143855086.36,0.007490187527256831
2018-12-25,7308.61,7362.07,7180.08,7332.35,,196583469.04,-0.008144675186944728
2018-12-26,7323.99,7369.84,7277.56,7289.55,,161333010.58,-0.005837146344623512
2018-12-27,7402.6,7415.92,7215.34,7215.34,,178064578.1,-0.010180326631959447
2018-12-28,7229.87,7282.5,7174.9,7239.79,,155838073.81,0.0033886137035814556
2019-01-02,7259.49,7266.47,7136.95,7149.27,,146826477.46,-0.012503125090644884
2019-01-03,7134.15,7217.83,7081.83,7089.44,,173151161.64,-0.0083686865931768
2019-01-04,7022.12,7284.84,7011.33,7284.84,,231616904.52,0.02756212056241414
2019-01-07,7333.32,7409.38,7303.46,7400.2,,248688841.14,0.015835625765287853
2019-01-08,7381.61,7412.19,7361.41,7391.65,,229393995.25,-0.0011553741790762961
2019-01-09,7425.64,7552.2,7404.49,7447.93,,266767952.68,0.007613996874852091
2019-01-10,7442.7,7491.69,7415.28,7428.61,,227413629.19,-0.0025940093421931154
2019-01-11,7441.18,7490.17,7404.31,7474.01,,217105794.9,0.006111506728715188
2019-01-14,7473.88,7488.36,7394.96,7409.2,,215934773.68,-0.008671382564379826
2019-01-15,7403.79,7549.66,7386.15,7547.35,,223110397.47,0.018645737731469048
2019-01-16,7545.35,7586.66,7518.71,7540.45,,216076433.56,-0.0009142281728024004
2019-01-17,7534.04,7545.81,7463.99,7470.36,,210238042.33,-0.009295201214781668
2019-01-18,7486.95,7584.76,7479.66,7581.39,,220630817.06,0.014862737538753334
2019-01-21,7591.19,7661.62,7578.49,7626.24,,204896693.51,0.005915801719737379
2019-01-22,7615.8,7615.8,7493.78,7516.79,,188464365.24,-0.014351764434373915
2019-01-23,7493.07,7542.65,7489.32,7523.77,,168488373.32,0.0009285878679596848
2019-01-24,7537.5,7604.99,7485.24,7573.52,,201968410.98,0.006612376508053908
2019-01-25,7581.29,7657.03,7554.55,7595.45,,211919404.85,0.0028956152489199027
2019-01-28,7641.29,7704.85,7569.77,7589.58,,202423330.83,-0.0007728311028313284
2019-01-29,7575.43,7578.13,7428.4,7551.3,,208909702.93,-0.005043757362067414
2019-01-30,7518.03,7580.22,7470.36,7470.47,,163342152.97,-0.010704117171877692
2019-01-31,7485.79,7552.56,7428.86,7479.22,,206365251.58,0.0011712783800752469
2019-02-01,7524.67,7684.11,7517.83,7684.0,,180990265.38,0.02737986046673302
2019-02-11,7695.17,7922.54,7695.17,7919.05,,211629262.55,0.0305895366996356
2019-02-12,7915.06,8027.63,7903.9,8010.07,,258799232.35,0.011493802918279172
2019-02-13,8029.97,8191.98,8016.78,8171.21,,318137977.16,0.020117177502818384
2019-02-14,8182.32,8260.33,8141.1,8219.96,,310200209.11,0.005966068672815794
2019-02-15,8198.45,8223.64,8117.51,8125.63,,307058614.1,-0.011475724942700327
2019-02-18,8187.89,8446.92,8187.89,8446.92,,396701096.84,0.03954031871990238
2019-02-19,8480.76,8537.35,8350.86,8440.87,,437306242.83,-0.0007162373977732672
2019-02-20,8443.98,8488.47,8372.96,8473.43,,365676247.85,0.0038574222799308
2019-02-21,8467.15,8619.62,8416.17,8451.71,,431362358.42,-0.002563306712866087
2019-02-22,8431.56,8651.2,8393.86,8651.2,,416850503.5,0.023603507455887796
2019-02-25,8804.97,9134.58,8785.42,9134.58,,643916664.34,0.05587432957277594
2019-02-26,9162.92,9276.45,9036.75,9089.04,,689527158.04,-0.004985450891009657
2019-02-27,9062.96,9158.2,8901.72,9005.77,,550387136.85,-0.009161583621592695
2019-02-28,9001.18,9097.4,8970.65,9031.93,,421689421.88,0.002904804364313174
2019-03-01,9111.96,9167.65,9005.49,9167.65,,399959292.64,0.0150266886479411
2019-03-04,9280.65,9567.15,9260.73,9384.42,,606335325.58,0.02364509988928476
2019-03-05,9366.77,9595.74,9328.0,9595.74,,563487474.43,0.02251817373902698
2019-03-06,9640.95,9707.92,9518.71,9700.49,,692388124.88,0.01091630244254227
2019-03-07,9685.3,9782.22,9546.56,9678.11,,685512478.26,-0.00230709995062095
2019-03-08,9447.6,9726.3,9346.73,9363.72,,709489784.99,-0.0324846483455965
2019-03-11,9425.8,9704.33,9370.38,9704.33,,558511387.7,0.036375500335336985
2019-03-12,9766.5,9928.2,9683.07,9841.24,,663592429.87,0.014108135234477848
2019-03-13,9828.15,9828.15,9534.33,9592.05,,615964538.05,-0.025320996134633456
2019-03-14,9521.63,9620.46,9323.06,9417.93,,482171917.73,-0.01815253256603111
2019-03-15,9485.33,9650.54,9452.91,9550.54,,422441792.42,0.014080588834276764
2019-03-18,9583.45,9843.43,9510.66,9843.43,,439815282.91,0.030667375876128444
2019-03-19,9844.46,9908.17,9774.75,9839.74,,431739482.7,-0.000374869329085592
2019-03-20,9828.07,9848.77,9642.67,9800.6,,451219889.83,-0.003977747379503849
2019-03-21,9808.74,9934.86,9771.86,9869.8,,515936101.16,0.007060792196396104
2019-03-22,9871.99,9891.83,9692.25,9879.22,,467872483.18,0.000954426634784955
2019-03-25,9705.02,9858.08,9680.94,9701.7,,460806698.55,-0.017969029943659343
2019-03-26,9753.17,9780.08,9487.1,9513.0,,448860524.29,-0.01945019944958104
2019-03-27,9582.03,9609.44,9446.35,9609.44,,376919235.08,0.010137706296646787
2019-03-28,9586.38,9695.52,9537.61,9546.51,,365302249.69,-0.006548768710767816
2019-03-29,9556.3,9906.86,9554.07,9906.86,,435504934.23,0.0377467786657113
2019-04-01,9976.98,10277.55,9976.98,10267.7,,539634778.76,0.03642324611430858
2019-04-02,10314.79,10334.96,10220.81,10260.36,,557057587.29,-0.0007148631144268114
2019-04-03,10199.97,10350.57,10166.67,10340.51,,491116591.95,0.007811616746390859
2019-04-04,10379.2,10453.5,10309.53,10415.8,,514128386.52,0.007281072210171269
2019-04-08,10510.43,10541.18,10226.25,10351.87,,544942099.04,-0.006137790664183074
2019-04-09,10368.03,10438.99,10304.73,10436.62,,440133411.27,0.00818692661325926
2019-04-10,10403.24,10529.74,10328.61,10435.08,,474638394.63,-0.00014755735094318378
2019-04-11,10420.65,10437.45,10149.38,10158.4,,444252114.43,-0.026514411005952976
2019-04-12,10138.09,10186.47,10053.81,10132.34,,370906208.46,-0.002565364624350197
2019-04-15,10294.82,10365.31,10048.83,10053.76,,403544068.49,-0.00775536549306477
2019-04-16,9993.25,10287.64,9928.28,10287.64,,411812459.54,0.023262938442930814
2019-04-17,10288.45,10410.65,10257.56,10344.43,,453500765.01,0.005520216492801211
2019-04-18,10338.5,10363.85,10267.31,10287.67,,422880573.54,-0.005487010884118293
2019-04-19,10280.34,10418.24,10208.61,10418.24,,409455000.08,0.0126918923332493
2019-04-22,10418.71,10418.71,10192.52,10224.31,,437135586.0,-0.018614468470682266
2019-04-23,10206.02,10247.39,10091.92,10124.66,,403741204.2,-0.009746378973250924
2019-04-24,10162.38,10239.37,10023.91,10236.27,,370744422.1,0.01102358005108317
2019-04-25,10186.23,10209.14,9902.02,9907.63,,430107686.33,-0.03210544465904097
2019-04-26,9852.94,9927.74,9774.75,9780.82,,339762932.11,-0.012799226454762613
2019-04-29,9775.95,9822.82,9597.09,9622.49,,356616132.79,-0.016187804294527486
2019-04-30,9573.41,9730.55,9573.39,9674.53,,263792927.27,0.00540816358343843
2019-05-06,9289.74,9333.92,8893.15,8943.52,,355213411.07,-0.07556025977489345
2019-05-07,9011.52,9160.52,8928.57,9089.46,,296713598.85,0.016317959818952676
2019-05-08,8899.91,9167.81,8873.44,9002.53,,289597255.9,-0.009563824473620919
2019-05-09,8919.5,9012.24,8860.17,8877.31,,244927948.43,-0.013909423239911622
2019-05-10,8988.92,9238.55,8820.59,9235.39,,346735347.34,0.04033654338983328
2019-05-13,9112.52,9191.07,9059.32,9103.36,,268454269.8,-0.014296093613805017
2019-05-14,8998.97,9142.46,8996.92,9038.36,,258630922.78,-0.007140220753655835
2019-05-15,9125.27,9282.96,9123.9,9259.03,,288895917.26,0.024414827468700162
2019-05-16,9247.99,9307.22,9211.75,9293.32,,310232475.83,0.003703411696473591
2019-05-17,9299.46,9303.05,8964.37,9000.19,,349171165.27,-0.031542010820675426
2019-05-20,8980.8,8994.18,8792.84,8916.11,,274992473.6,-0.009342025001694454
2019-05-21,8920.46,9120.69,8892.15,9087.52,,287502697.76,0.01922475160131487
2019-05-22,9069.0,9132.38,8986.53,9041.22,,281965205.92,-0.005094899378488393
2019-05-23,8997.25,8997.25,8789.41,8809.54,,278961831.69,-0.025624860361765145
2019-05-24,8788.17,8880.81,8745.6,8776.77,,228714097.3,-0.003719831001391727
2019-05-27,8795.14,9003.87,8732.98,8979.83,,270875544.7,0.023136073977100935
2019-05-28,8979.58,9082.7,8946.7,9035.69,,276643369.62,0.006220607739790163
2019-05-29,8971.22,9077.51,8956.72,9010.36,,248026476.06,-0.0028033276927385
2019-05-30,8974.4,8974.4,8845.83,8943.35,,264232166.55,-0.007436994748267534
2019-05-31,8939.41,9016.16,8892.12,8922.69,,248794801.76,-0.002310096328556943
2019-06-03,8953.37,9012.08,8826.75,8856.99,,273451240.66,-0.007363250320251091
2019-06-04,8854.5,8868.09,8697.5,8748.27,,238853930.42,-0.0122750505532917
2019-06-05,8831.13,8851.12,8729.21,8746.05,,224442578.47,-0.00025376445857305807
2019-06-06,8741.83,8741.83,8557.58,8584.94,,230614649.17,-0.018420887143338893
2019-06-10,8621.73,8748.97,8582.48,8711.79,,205317923.13,0.014775874962434266
2019-06-11,8721.27,9045.12,8718.47,9037.67,,316531461.47,0.03740677862987973
2019-06-12,9008.56,9038.87,8930.91,8954.72,,295739200.58,-0.009178250588923964
2019-06-13,8948.58,8974.8,8866.22,8951.61,,268633276.19,-0.00034730287490825074
2019-06-14,8956.92,8994.16,8801.33,8810.13,,273664328.75,-0.015804978098912015
2019-06-17,8807.84,8864.77,8753.42,8780.87,,205218247.67,-0.0033211768725317503
2019-06-18,8785.77,8839.23,8722.93,8804.32,,193701307.61,0.002670578200109963
2019-06-19,9051.85,9084.18,8923.44,8925.73,,275315384.32,0.01378982136042306
2019-06-20,8923.57,9183.15,8900.75,9134.96,,317570242.41,0.023441219933831636
2019-06-21,9181.64,9252.55,9158.32,9214.27,,351989129.35,0.008682030353718062
2019-06-24,9220.23,9251.48,9171.35,9212.12,,286556337.46,-0.0002333337312667716
2019-06-25,9206.18,9206.18,9004.76,9118.1,,281105616.42,-0.010206119763963128
2019-06-26,9064.13,9164.28,9040.32,9122.43,,224572243.7,0.0004748796350115825
2019-06-27,9154.04,9274.42,9152.63,9239.48,,259085481.79,0.012831011035436823
2019-06-28,9236.06,9236.06,9126.89,9178.31,,243274133.76,-0.006620502452518995
2019-07-01,9384.79,9530.46,9339.77,9530.46,,338049379.81,0.038367629770622136
2019-07-02,9516.42,9560.52,9483.16,9545.52,,306779217.73,0.001580196548750079
2019-07-03,9519.8,9520.38,9376.31,9419.84,,260721598.19,-0.013166385906687172
2019-07-04,9435.04,9466.02,9323.07,9368.3,,233063772.68,-0.005471430512620223
2019-07-05,9379.94,9464.39,9345.79,9443.21,,199307360.67,0.007996114556536371
2019-07-08,9419.69,9420.24,9124.16,9186.29,,261041805.99,-0.02720685021301006
2019-07-09,9178.91,9221.72,9119.65,9198.79,,188090827.13,0.0013607234258878886
2019-07-10,9231.86,9239.28,9130.53,9166.15,,187294334.3,-0.0035482927645920093
2019-07-11,9216.95,9282.95,9121.46,9152.77,,190345675.07,-0.0014597186386867689
2019-07-12,9161.27,9236.42,9122.41,9213.38,,186186263.89,0.006622039011140668
2019-07-15,9181.03,9358.08,9066.71,9309.42,,241649216.76,0.010423970356155943
2019-07-16,9294.56,9324.91,9255.43,9283.41,,211312143.91,-0.0027939441984570212
2019-07-17,9274.69,9354.81,9242.25,9302.0,,235067706.59,0.0020024969273144677
2019-07-18,9258.12,9258.12,9153.01,9154.65,,222426906.71,-0.01584067942377987
2019-07-19,9198.82,9298.21,9198.82,9228.55,,200474339.87,0.008072400364841803
2019-07-22,9247.28,9254.65,9073.49,9122.64,,218545396.06,-0.011476342437327647
2019-07-23,9125.46,9175.83,9104.76,9175.83,,168118777.01,0.005830549051590417
2019-07-24,9203.23,9312.67,9203.23,9266.3,,213978041.39,0.009859598532230729
2019-07-25,9265.31,9344.82,9247.97,9344.82,,212853691.04,0.00847371658590812
2019-07-26,9310.65,9363.27,9294.61,9349.0,,185654473.95,0.0004473066361898592
2019-07-29,9350.21,9376.42,9310.63,9354.28,,186596814.35,0.0005647662851642199
2019-07-30,9362.23,9469.08,9362.23,9399.1,,206900141.01,0.0047913896098896736
2019-07-31,9374.44,9374.44,9318.59,9326.61,,185301240.53,-0.007712440552818833
2019-08-01,9278.83,9327.94,9223.31,9268.05,,189132525.24,-0.006278808698980787
2019-08-02,9049.35,9150.73,9020.26,9136.46,,228554425.08,-0.014198240190762879
2019-08-05,9093.07,9168.1,8984.73,8984.73,,203852033.15,-0.016607088522250346
2019-08-06,8805.16,8898.38,8669.9,8859.47,,274305593.35,-0.013941431740297161
2019-08-07,8919.89,8933.99,8814.74,8814.74,,189083931.71,-0.0050488347497084085
2019-08-08,8870.18,8936.49,8859.48,8919.28,,176794343.92,0.0118596804897253
2019-08-09,8963.47,8970.51,8780.72,8795.18,,195121488.46,-0.013913679131051016
2019-08-12,8816.89,8978.52,8798.5,8978.52,,183867356.77,0.020845508562644666
2019-08-13,8910.15,8960.02,8869.46,8902.63,,170587307.19,-0.00845239527227215
2019-08-14,9034.05,9060.4,8956.08,8966.47,,207501725.14,0.007170914662296468
2019-08-15,8779.53,9011.77,8758.04,9009.68,,212807484.35,0.004819064804767237
2019-08-16,9007.15,9136.21,8995.57,9060.92,,220697415.39,0.0056872164161212435
2019-08-19,9165.8,9328.97,9141.89,9328.97,,303617839.05,0.02958308869298043
2019-08-20,9340.66,9389.39,9301.92,9328.73,,293736361.43,-2.572631276542836e-05
2019-08-21,9304.52,9361.74,9287.31,9322.75,,249206921.16,-0.0006410304510903186
2019-08-22,9350.65,9363.79,9282.76,9350.56,,257246169.93,0.002983025394867278
2019-08-23,9357.0,9397.76,9311.26,9362.55,,262062843.44,0.0012822761417496942
2019-08-26,9181.71,9298.1,9173.01,9270.39,,257433068.47,-0.009843472130989905
2019-08-27,9333.1,9517.65,9333.1,9443.18,,311959902.27,0.018638913788956213
2019-08-28,9449.4,9453.75,9375.57,9414.0,,285831306.08,-0.0030900607634293253
2019-08-29,9429.0,9440.67,9363.15,9398.47,,272539934.88,-0.0016496707032080948
2019-08-30,9458.39,9492.04,9310.11,9365.68,,312546961.6,-0.0034888657409130053
2019-09-02,9393.03,9586.52,9389.48,9569.47,,301375345.92,0.02175923157741866
2019-09-03,9591.42,9633.69,9547.76,9633.69,,310155425.57,0.006710925474451734
2019-09-04,9612.63,9700.32,9590.98,9700.32,,330577097.76,0.006916352923957314
2019-09-05,9752.34,9900.76,9751.95,9783.5,,430769669.43,0.008574974846190742
2019-09-06,9829.97,9837.23,9742.27,9823.42,,331515905.78,0.004080339346859585
2019-09-09,9907.13,10001.93,9853.69,10001.93,,387247245.24,0.01817187904008999
2019-09-10,10005.81,10005.81,9903.42,9964.93,,382057735.89,-0.00369928603779468
2019-09-11,9985.11,10000.25,9835.97,9853.72,,352021079.98,-0.011160138606091663
2019-09-12,9886.25,9941.17,9837.27,9919.8,,289619812.06,0.006706096783752669
2019-09-16,9952.33,9962.15,9877.11,9918.09,,318433830.19,-0.00017238250771178798
2019-09-17,9890.59,9890.59,9684.15,9722.8,,328554165.88,-0.019690283108945494
2019-09-18,9747.98,9785.62,9701.64,9753.31,,256626163.91,0.0031379849426091955
2019-09-19,9786.4,9852.2,9733.97,9852.2,,265437302.23,0.010139122000633716
2019-09-20,9873.94,9903.69,9832.39,9881.25,,281350748.88,0.0029485800125859107
2019-09-23,9853.47,9853.47,9703.66,9781.14,,271603603.16,-0.010131309297912727
2019-09-24,9783.39,9896.18,9761.03,9811.38,,284275431.96,0.0030916641618461416
2019-09-25,9768.38,9768.38,9656.05,9671.06,,285553846.95,-0.014301759793219682
2019-09-26,9698.28,9707.92,9464.84,9464.84,,288722525.46,-0.02132341232501911
2019-09-27,9470.54,9574.5,9467.15,9548.96,,215531597.41,0.008887630430096882
2019-09-30,9544.02,9581.64,9446.04,9446.24,,184403070.62,-0.010757192406293359
2019-10-08,9474.57,9556.96,9468.74,9474.75,,189301439.7,0.003018132082182934
2019-10-09,9443.45,9507.04,9380.57,9506.56,,189044845.53,0.00335734452096359
2019-10-10,9504.03,9643.52,9480.17,9638.1,,223158569.87,0.013836761141780007
2019-10-11,9656.98,9704.68,9583.52,9666.58,,244308085.77,0.0029549392515122452
2019-10-14,9753.58,9840.59,9725.68,9786.64,,286366997.81,0.012420111352722474
2019-10-15,9759.95,9759.95,9658.51,9671.73,,267349174.23,-0.011741517006858326
2019-10-16,9678.31,9722.12,9635.45,9642.06,,233429842.48,-0.0030677035028893185
2019-10-17,9657.09,9670.7,9617.01,9645.39,,206940033.82,0.00034536188324896244
2019-10-18,9665.81,9706.38,9516.75,9533.5,,238252396.39,-0.011600360379414365
2019-10-21,9533.09,9560.98,9476.46,9553.57,,210014616.97,0.0021052079509098487
2019-10-22,9582.11,9642.93,9558.36,9642.09,,207602955.15,0.009265646245330217
2019-10-23,9641.89,9652.07,9547.5,9567.75,,216070082.89,-0.007709946702426529
2019-10-24,9570.33,9598.33,9495.0,9555.76,,207485949.71,-0.0012531681952392404
2019-10-25,9562.3,9665.6,9509.34,9660.44,,225313071.31,0.010954649342386213
2019-10-28,9721.64,9802.15,9704.53,9801.87,,299268085.08,0.014640119911722538
2019-10-29,9812.48,9818.74,9746.03,9746.03,,321830851.73,-0.005696872127461394
2019-10-30,9707.18,9726.95,9647.0,9681.54,,272184490.11,-0.0066170533027294365
2019-10-31,9709.1,9720.97,9626.93,9635.33,,243592624.34,-0.004773000989512055
2019-11-01,9621.89,9814.67,9604.31,9802.33,,226683909.19,0.01733204778663522
2019-11-04,9828.6,9908.2,9828.6,9868.13,,239558403.76,0.006712689738052058
2019-11-05,9885.02,9982.34,9847.2,9938.61,,238918148.18,0.007142183980146433
2019-11-06,9947.31,9947.31,9829.75,9860.97,,232847836.13,-0.007811957607754105
2019-11-07,9849.96,9939.53,9835.89,9917.49,,216988085.75,0.005731687653445894
2019-11-08,9985.2,10008.51,9891.0,9895.34,,234451241.54,-0.0022334280145479557
2019-11-11,9821.41,9821.41,9664.06,9680.57,,231774177.94,-0.021704155693488048
2019-11-12,9675.56,9699.42,9570.44,9670.14,,206230328.74,-0.0010774158959648839
2019-11-13,9678.65,9702.51,9622.31,9687.85,,184184875.18,0.001831410920627885
2019-11-14,9689.93,9768.67,9677.76,9746.56,,205561391.6,0.006060168148763534
2019-11-15,9741.93,9777.69,9647.99,9647.99,,213586120.75,-0.010113311773589873
2019-11-18,9635.81,9725.78,9624.95,9715.27,,192163768.77,0.006973473231211891
2019-11-19,9721.01,9889.75,9711.29,9889.75,,226156386.73,0.017959356765174794
2019-11-20,9885.9,9908.63,9796.95,9809.05,,231402649.66,-0.008159963598675435
2019-11-21,9772.03,9818.49,9733.44,9774.44,,202755816.56,-0.0035283743073997176
2019-11-22,9794.32,9875.71,9573.47,9626.9,,250847436.24,-0.015094470885288702
2019-11-25,9626.41,9643.23,9515.33,9626.36,,226244751.01,-5.609282323482123e-05
2019-11-26,9662.41,9698.6,9609.73,9677.23,,217644739.48,0.005284448119538432
2019-11-27,9643.11,9694.22,9589.21,9648.39,,202756157.11,-0.002980191645749919
2019-11-28,9650.27,9679.96,9594.37,9622.14,,183124717.34,-0.0027206611673035175
2019-11-29,9614.71,9633.14,9490.85,9582.16,,184572508.36,-0.004155000862593905
2019-12-02,9603.02,9647.95,9582.32,9605.19,,185452155.57,0.00240342469756305
2019-12-03,9585.75,9657.65,9531.25,9657.65,,193114572.89,0.005461630639268966
2019-12-04,9624.19,9703.4,9614.04,9687.95,,202086729.32,0.003137409204102548
2019-12-05,9719.3,9817.21,9703.91,9799.07,,229535559.59,0.011469918816674252
2019-12-06,9804.04,9878.62,9791.56,9878.62,,228396999.36,0.008118117331542773
2019-12-09,9908.97,9917.61,9853.2,9876.27,,255810141.61,-0.00023788747821051892
2019-12-10,9850.04,9915.87,9826.84,9915.87,,259832524.21,0.00400961091586205
2019-12-11,9905.91,9921.65,9829.11,9852.71,,269926959.7,-0.006369587338277083
2019-12-12,9862.43,9887.56,9824.42,9836.23,,256204337.9,-0.0016726362594656763
2019-12-13,9923.79,10014.21,9907.76,10004.62,,294232168.63,0.017119363821301636
2019-12-16,10040.26,10158.24,10015.45,10158.24,,352698369.2,0.015354906033412385
2019-12-17,10157.43,10350.65,10148.69,10306.03,,425264451.07,0.014548780103640135
2019-12-18,10299.05,10365.16,10266.64,10294.66,,380196027.96,-0.0011032376191414395
2019-12-19,10298.5,10316.77,10254.95,10296.29,,347764099.67,0.00015833451517588415
2019-12-20,10305.1,10343.07,10229.1,10229.49,,345637473.53,-0.006487773751516435
2019-12-23,10202.23,10248.8,10050.41,10056.21,,309064941.18,-0.01693926090156994
2019-12-24,10080.37,10190.04,10065.55,10189.29,,264595231.86,0.013233613856512783
2019-12-25,10176.72,10255.2,10170.21,10229.58,,291140108.65,0.0039541518594523595
2019-12-26,10239.76,10303.71,10221.34,10303.71,,293413613.02,0.007246631826526517
2019-12-27,10326.52,10377.94,10226.62,10233.77,,352371951.72,-0.006787846319432411
2019-12-30,10203.82,10365.96,10133.88,10365.96,,323152983.86,0.012917038393475577
2019-12-31,10360.78,10433.29,10352.89,10430.77,,282654534.35,0.0062521946833675734
2020-01-02,10509.12,10663.55,10479.77,10638.82,,393257468.1,0.01994579498924809
2020-01-03,10666.66,10689.59,10594.36,10656.41,,374182701.02,0.0016533788521659876
2020-01-06,10599.41,10799.58,10577.78,10698.27,,439641646.01,0.003928152163815035
2020-01-07,10725.18,10829.04,10723.86,10829.04,,414499627.03,0.012223471645415707
2020-01-08,10776.71,10851.28,10681.02,10706.87,,462506909.62,-0.011281701794434218
2020-01-09,10807.04,10899.48,10807.04,10898.17,,396591114.72,0.017867033035798396
2020-01-10,10927.98,10933.81,10833.52,10879.84,,355689713.62,-0.0016819337558507952
2020-01-13,10894.0,11040.2,10851.72,11040.2,,345273662.82,0.014739187340990334
2020-01-14,11074.89,11086.81,10983.42,10988.77,,377298121.66,-0.004658430100903943
2020-01-15,10978.28,11001.81,10882.79,10972.32,,331233272.49,-0.0014969828288334819
2020-01-16,10986.65,11008.21,10934.72,10967.44,,317968373.43,-0.00044475553027978343
2020-01-17,11001.68,11045.25,10927.84,10954.39,,304820102.6,-0.0011898856980299133
2020-01-20,10981.5,11115.88,10936.8,11115.88,,330625512.93,0.014742034928462378
2020-01-21,11077.66,11078.04,10948.58,10953.41,,338540804.24,-0.01461602680129681
2020-01-22,10896.55,11105.69,10761.68,11072.06,,352090081.3,0.010832243109679895
2020-01-23,10947.86,11026.0,10572.26,10681.9,,402894259.36,-0.035238248347642664
2020-02-03,9706.58,9934.35,9706.58,9779.67,,195449921.48,-0.08446343815238855
2020-02-04,9578.87,10095.69,9578.87,10089.67,,511560080.17,0.03169841109158078
2020-02-05,10159.55,10445.09,10148.24,10305.5,,454671825.09,0.021391185241935506
2020-02-06,10306.12,10633.17,10214.81,10601.34,,481109434.03,0.02870700111590896
2020-02-07,10569.65,10629.15,10441.9,10611.55,,489619557.3,0.0009630857985876151
2020-02-10,10577.56,10730.05,10551.54,10728.46,,470890837.17,0.011017240648161675
2020-02-11,10749.97,10839.19,10678.11,10768.63,,417815190.97,0.003744246611349533
2020-02-12,10735.05,10944.63,10724.09,10940.79,,420141761.9,0.01598717757040613
2020-02-13,10936.5,10988.23,10820.92,10864.32,,455290399.05,-0.006989440433460614
2020-02-14,10854.46,11017.65,10822.13,10916.31,,417093369.3,0.004785389237430326
2020-02-17,10974.93,11241.5,10974.93,11241.5,,481114964.62,0.02978937021759198
2020-02-18,11244.76,11306.49,11143.39,11306.49,,528090836.39,0.005781256949695335
2020-02-19,11300.16,11387.99,11229.55,11235.6,,537762852.11,-0.006269850324901793
2020-02-20,11278.87,11519.07,11248.9,11509.09,,551710619.66,0.02434137918758239
2020-02-21,11506.67,11727.89,11493.63,11629.7,,600391734.39,0.010479542691907096
2020-02-24,11620.63,11809.75,11548.41,11772.38,,620546346.83,0.012268588183701912
2020-02-25,11537.55,11869.41,11350.28,11856.08,,730505831.78,0.0071098622368630515
2020-02-26,11677.63,11770.51,11453.69,11497.55,,686513098.03,-0.030240180565583308
2020-02-27,11555.82,11684.5,11401.32,11534.02,,551694823.61,0.0031719801175034146
2020-02-28,11150.66,11338.35,10962.24,10980.77,,610890436.37,-0.04796679735252751
2020-03-02,11115.46,11457.42,11053.29,11381.76,,532405548.06,0.036517475550439604
2020-03-03,11597.66,11734.18,11378.76,11484.21,,601666152.74,0.009001244095816263
2020-03-04,11411.6,11501.8,11273.26,11493.02,,513348245.82,0.0007671402734712451
2020-03-05,11644.41,11739.84,11521.29,11711.37,,593054204.04,0.01899848777779911
2020-03-06,11555.46,11690.2,11541.78,11582.82,,538856740.76,-0.010976512568555252
2020-03-09,11363.79,11407.47,11100.91,11108.55,,584734799.78,-0.04094598724662912
2020-03-10,11016.92,11406.3,10916.95,11403.47,,581355154.76,0.02654891952595073
2020-03-11,11436.44,11444.78,11197.09,11200.05,,529580219.67,-0.017838429881430806
2020-03-12,11022.4,11070.41,10842.38,10941.01,,465707946.7,-0.023128468176481287
2020-03-13,10382.22,10956.51,10380.17,10831.13,,529004537.82,-0.010042948502926197
2020-03-16,10867.66,10867.66,10217.93,10253.28,,520482615.24,-0.05335085074225854
2020-03-17,10337.92,10449.33,9885.86,10202.75,,449164287.58,-0.004928179080255335
2020-03-18,10294.96,10479.78,10029.57,10029.57,,452580805.67,-0.016973855088089018
2020-03-19,10023.12,10101.8,9719.49,10019.86,,432237748.21,-0.0009681372182455128
2020-03-20,10150.78,10174.51,9964.29,10150.13,,380046974.47,0.013001179657200712
2020-03-23,9828.9,9929.96,9659.35,9691.53,,388114615.12,-0.04518168732814243
2020-03-24,9900.22,9945.92,9634.97,9921.68,,398359284.43,0.023747540378041387
2020-03-25,10171.46,10255.58,10111.36,10241.08,,416839381.77,0.03219212875238875
2020-03-26,10161.94,10281.57,10112.62,10155.36,,372992274.67,-0.00837021095431334
2020-03-27,10300.62,10310.53,10105.72,10109.91,,345009875.45,-0.0044754691118779055
2020-03-30,9953.04,9985.38,9791.02,9904.95,,356631369.28,-0.02027317750603108
2020-03-31,10008.03,10047.98,9925.68,9962.3,,315348323.28,0.005790034275791278
2020-04-01,9967.12,10127.1,9927.92,9951.84,,333079525.67,-0.0010499583429528503
2020-04-02,9910.38,10179.2,9896.65,10179.2,,328200761.88,0.02284602646344802
2020-04-03,10155.56,10212.91,10069.64,10110.11,,320031270.97,-0.006787370323797615
2020-04-07,10312.71,10441.74,10296.72,10428.91,,401858318.06,0.03153279242263429
2020-04-08,10372.76,10426.4,10344.44,10386.54,,396877234.77,-0.004062744812257324
2020-04-09,10453.86,10485.3,10401.17,10463.05,,377418831.71,0.007366264415291202
2020-04-10,10459.7,10509.0,10265.88,10298.41,,394773436.61,-0.015735373528751095
2020-04-13,10225.53,10295.17,10173.12,10223.16,,298034337.54,-0.0073069532092818745
2020-04-14,10300.96,10475.71,10276.37,10475.71,,329838757.91,0.024703711963815378
2020-04-15,10468.46,10528.74,10404.51,10417.37,,379199306.76,-0.005569073599784535
2020-04-16,10361.77,10489.13,10346.11,10470.79,,348703809.2,0.005127973759211812
2020-04-17,10562.9,10624.54,10507.8,10527.99,,401492379.71,0.005462816081690081
2020-04-20,10553.55,10621.5,10523.59,10621.5,,340156237.14,0.008882037311965574
2020-04-21,10577.72,10577.72,10394.44,10506.86,,359333291.93,-0.010793202466694907
2020-04-22,10424.45,10617.19,10409.85,10617.19,,344848570.59,0.010500758552031808
2020-04-23,10657.4,10667.01,10557.94,10564.05,,382809728.69,-0.005005090800861756
2020-04-24,10565.09,10577.03,10388.66,10423.46,,372911395.86,-0.013308342917725646
2020-04-27,10449.13,10531.39,10367.29,10452.17,,320369787.13,0.0027543637141602684
2020-04-28,10477.76,10547.75,10194.15,10501.15,,384691529.76,0.004686108243551201
2020-04-29,10461.0,10586.57,10449.37,10514.17,,290231988.68,0.0012398642053490505
2020-04-30,10575.52,10751.75,10575.52,10721.78,,348102531.27,0.01974573361473131
2020-05-06,10618.17,10884.34,10613.89,10883.22,,350163179.08,0.015057201322914437
2020-05-07,10899.92,10926.83,10832.09,10863.29,,345878890.48,-0.001831259498567328
2020-05-08,10923.61,11054.31,10904.88,11001.58,,354347890.69,0.0127300293005157
2020-05-11,11053.82,11096.28,10902.6,10969.28,,349327539.98,-0.0029359419283411237
2020-05-12,10972.05,11018.93,10871.61,11015.56,,309285831.9,0.00421905539834877
2020-05-13,10978.31,11096.62,10954.69,11074.59,,298836840.44,0.005358783393672351
2020-05-14,11026.71,11047.38,10955.54,10962.15,,325040790.61,-0.01015297180301944
2020-05-15,11013.16,11039.68,10919.54,10964.89,,317144619.69,0.000249950967647683
2020-05-18,10969.08,11017.5,10858.46,10921.15,,362078882.58,-0.003989096105843304
2020-05-19,11023.43,11052.85,10978.72,11052.85,,310113850.21,0.01205916959294595
2020-05-20,11056.98,11056.98,10914.75,10948.48,,345397378.0,-0.009442813392021132
2020-05-21,10999.07,11007.14,10818.79,10845.4,,321249943.07,-0.00941500555328223
2020-05-22,10832.91,10832.91,10559.3,10604.97,,299718973.48,-0.022168845777933543
2020-05-25,10602.47,10629.61,10532.86,10592.84,,241587532.45,-0.0011438033299480121
2020-05-26,10655.98,10816.71,10647.25,10815.43,,270864207.13,0.021013250459744448
2020-05-27,10823.24,10823.24,10657.81,10682.7,,293429897.95,-0.012272281360981463
2020-05-28,10680.87,10727.99,10505.79,10653.49,,297057868.36,-0.0027343274640306836
2020-05-29,10615.14,10764.87,10588.74,10746.08,,294922962.56,0.008691048661049194
2020-06-01,10837.49,11123.2,10837.49,11102.15,,390282216.49,0.033134873367776985
2020-06-02,11133.62,11146.85,11059.18,11112.5,,419510340.31,0.0009322518611261099
2020-06-03,11154.64,11204.52,11100.69,11108.36,,418994915.87,-0.0003725534308210987
2020-06-04,11146.29,11165.14,11080.51,11139.26,,358812247.01,0.0027816887461336037
2020-06-05,11153.27,11180.6,11087.25,11180.6,,342502178.34,0.0037111980508579556
2020-06-08,11266.93,11340.03,11195.85,11215.76,,357209784.2,0.0031447328408136244
2020-06-09,11238.44,11303.54,11195.0,11284.24,,329985425.13,0.006105694130402073
2020-06-10,11296.13,11338.24,11249.43,11335.86,,319351628.54,0.004574521633712303
2020-06-11,11328.1,11405.01,11180.75,11243.62,,356894664.27,-0.008137009454950883
2020-06-12,11017.15,11306.14,11003.32,11251.71,,354695599.7,0.0007195191584203897
2020-06-15,11241.26,11353.16,11192.27,11192.27,,389253047.48,-0.005282752577163707
2020-06-16,11312.81,11398.97,11293.9,11398.97,,359117074.64,0.018468103432100813
2020-06-17,11421.03,11421.03,11330.37,11420.84,,382960519.88,0.0019185943993185184
2020-06-18,11416.08,11503.38,11397.57,11494.55,,379185206.04,0.006453991124995895
2020-06-19,11505.69,11694.89,11500.53,11668.13,,360114582.53,0.015101069637349918
2020-06-22,11680.41,11756.86,11658.81,11702.44,,379211212.45,0.0029404883216077593
2020-06-23,11711.28,11796.41,11651.83,11794.01,,349435936.88,0.007824863874542398
2020-06-24,11813.36,11854.99,11760.47,11813.53,,321174660.27,0.0016550774503327759
2020-06-29,11780.65,11814.64,11695.45,11752.36,,327240865.28,-0.005177961202113224
2020-06-30,11828.53,12013.6,11827.76,11992.35,,327445773.68,0.020420579355976187
2020-07-01,12024.84,12130.3,11945.89,12112.96,,394797723.68,0.010057244826910283
2020-07-02,12095.85,12278.83,12055.95,12269.49,,482950799.45,0.012922522653422419
2020-07-03,12295.62,12433.68,12232.7,12433.26,,514682695.14,0.013347743060225126
2020-07-06,12519.5,12945.71,12519.5,12941.72,,693878571.25,0.04089514737084232
2020-07-07,13084.65,13407.19,12997.17,13163.98,,757517279.33,0.017173915059203848
2020-07-08,13170.2,13428.94,13059.24,13406.37,,671846143.94,0.018413124298274575
2020-07-09,13399.47,13792.63,13385.43,13754.74,,761244341.81,0.02598540842897812
2020-07-10,13662.38,13831.61,13599.03,13671.24,,699129190.43,-0.006070634559431909
2020-07-13,13699.22,14149.14,13699.22,14149.14,,710803969.4,0.03495659501259585
2020-07-14,14121.33,14151.0,13698.27,13996.46,,738342116.32,-0.010790761841355745
2020-07-15,14017.93,14077.56,13646.66,13734.13,,672542485.09,-0.018742596342217976
2020-07-16,13731.28,13853.44,12966.33,12996.34,,622700319.11,-0.05371945656550503
2020-07-17,13002.84,13315.44,12916.08,13114.94,,477047430.26,0.009125646143452792
2020-07-20,13303.8,13448.85,13032.4,13448.85,,494883150.3,0.025460276600579146
2020-07-21,13480.39,13572.93,13396.58,13536.17,,472939229.65,0.006492748450610986
2020-07-22,13507.35,13816.67,13459.88,13657.03,,500914306.38,0.00892867036983147
2020-07-23,13511.45,13699.53,13281.55,13661.5,,527795890.83,0.0003273039599385186
2020-07-24,13547.81,13602.79,12868.95,12935.7,,566299750.5,-0.0531274018226402
2020-07-27,13013.77,13093.84,12838.87,12976.87,,398281265.36,0.0031826650277912982
2020-07-28,13107.43,13196.62,13022.82,13147.35,,389837209.93,0.013137220300426744
2020-07-29,13117.19,13557.44,13085.95,13557.44,,437797601.22,0.031191837138282663
2020-07-30,13595.77,13619.5,13432.13,13466.85,,470528688.06,-0.006681939953265492
2020-07-31,13464.21,13748.03,13399.86,13637.88,,486201682.97,0.012700074627696845
2020-08-03,13771.75,13964.56,13712.98,13964.56,,568792353.77,0.023953869663026817
2020-08-04,13966.73,14012.71,13779.22,13860.46,,567605799.83,-0.007454585035260752
2020-08-05,13859.32,13993.67,13726.62,13960.92,,502991737.06,0.0072479556955542535
2020-08-06,13972.3,13972.3,13661.84,13863.13,,534282824.77,-0.007004552708560818
2020-08-07,13813.76,13847.2,13411.67,13648.5,,510740600.65,-0.015482073673117047
2020-08-10,13576.32,13752.29,13453.95,13657.31,,452591805.22,0.000645492178627638
2020-08-11,13668.31,13811.52,13450.23,13466.27,,467415697.81,-0.013988113325391294
2020-08-12,13437.57,13471.82,13026.01,13308.52,,450377017.62,-0.011714453965351979
2020-08-13,13373.16,13392.35,13254.39,13291.32,,403886454.43,-0.0012924051660140323
2020-08-14,13272.71,13495.97,13242.78,13489.01,,388630534.74,0.014873616766430953
2020-08-17,13542.01,13756.61,13490.64,13742.23,,489093702.37,0.018772319095322842
2020-08-18,13748.52,13813.02,13692.07,13768.17,,474961630.62,0.0018876121269983948
2020-08-19,13741.27,13741.27,13472.96,13480.85,,479959539.69,-0.020868423327137897
2020-08-20,13387.82,13476.07,13270.12,13320.92,,389383833.6,-0.011863495254379353
2020-08-21,13445.96,13547.79,13373.72,13478.0,,384328638.44,0.011791978331826991
2020-08-24,13565.28,13708.12,13418.96,13666.69,,411458025.6,0.013999851610031255
2020-08-25,13692.47,13788.49,13620.62,13669.41,,456935792.3,0.0001990240504468055
2020-08-26,13680.59,13717.9,13376.66,13428.4,,465528483.77,-0.017631338880024883
2020-08-27,13465.89,13548.66,13348.45,13535.09,,414995131.93,0.007945101426826806
2020-08-28,13509.37,13868.3,13483.28,13851.32,,441224995.26,0.023363716089069175
2020-08-31,13929.75,13994.14,13755.36,13758.23,,451925524.06,-0.006720659114077265
2020-09-01,13729.39,13849.66,13662.69,13849.66,,399237899.24,0.006645476925447591
2020-09-02,13881.07,13944.16,13737.83,13887.42,,517293702.87,0.00272642072079754
2020-09-03,13871.27,13933.42,13722.58,13772.37,,482940488.44,-0.008284476166199317
2020-09-04,13501.91,13680.06,13487.69,13656.66,,437115965.16,-0.00840160408121482
2020-09-07,13633.51,13714.32,13232.24,13284.03,,541639429.02,-0.027285588130626315
2020-09-08,13315.15,13351.57,13118.94,13293.33,,534069298.89,0.0007000887531869449
2020-09-09,13107.98,13122.76,12778.43,12861.75,,637189231.29,-0.03246590583397835
2020-09-10,13001.38,13068.23,12709.75,12742.85,,529898053.01,-0.009244465177755679
2020-09-11,12711.09,12952.47,12702.62,12942.95,,383952523.07,0.01570292360029346
2020-09-14,13024.56,13107.28,12921.76,13021.99,,419143551.34,0.006106799454529188
2020-09-15,13032.29,13148.17,12976.03,13143.46,,391233479.13,0.009328067369119397
2020-09-16,13123.5,13137.72,12947.05,13011.28,,353245371.28,-0.010056712616008157
2020-09-17,12970.34,13113.77,12870.99,13015.19,,353953413.26,0.0003005084818710202
2020-09-18,13026.11,13253.68,12987.59,13245.09,,392372451.88,0.01766397570838385
2020-09-21,13280.01,13289.6,13135.24,13149.5,,366644046.5,-0.007217014002924849
2020-09-22,13052.09,13212.24,12981.97,13023.43,,350538310.09,-0.009587436784668557
2020-09-23,13044.81,13148.94,12991.66,13110.07,,318235740.01,0.006652625306850846
2020-09-24,13018.3,13044.38,12816.61,12816.61,,344066622.9,-0.022384319839634625
2020-09-25,12876.08,12919.61,12764.26,12814.17,,272819823.65,-0.00019037795485710163
2020-09-28,12860.09,12890.9,12752.39,12760.93,,251467578.69,-0.0041547755336475145
2020-09-29,12843.23,12966.85,12798.65,12900.7,,253193440.85,0.010952963459559761
2020-09-30,12948.97,13040.04,12834.77,12907.45,,252199580.95,0.0005232274217679134
2020-10-09,13161.36,13323.81,13145.75,13289.26,,318084326.06,0.02958059105400368
2020-10-12,13386.34,13708.07,13382.7,13708.07,,434269167.9,0.03151492257657673
2020-10-13,13678.62,13820.56,13622.95,13798.58,,381369284.18,0.006602680027166574
2020-10-14,13781.56,13781.78,13664.73,13691.04,,383446938.19,-0.007793555568761379
2020-10-15,13702.83,13737.08,13617.08,13624.89,,355725125.99,-0.004831627107948044
2020-10-16,13611.91,13665.58,13439.88,13532.73,,324284156.19,-0.006764091306425191
2020-10-19,13638.78,13660.54,13393.02,13421.19,,329539320.95,-0.008242239370769955
2020-10-20,13417.22,13603.88,13371.55,13603.88,,316642581.29,0.013612056755026858
2020-10-21,13613.87,13613.87,13396.54,13467.91,,317841283.51,-0.009994942619311553
2020-10-22,13419.39,13435.41,13252.06,13396.18,,301658679.96,-0.005325993416944397
2020-10-23,13405.54,13487.11,13110.02,13128.46,,302481906.44,-0.01998480163748184
2020-10-26,13056.3,13242.63,12922.59,13191.25,,276109396.13,0.004782739178852635
2020-10-27,13159.37,13291.8,13146.55,13269.65,,287974327.88,0.0059433336491991895
2020-10-28,13273.5,13438.47,13188.66,13388.1,,323934681.23,0.008926384644659002
2020-10-29,13219.89,13582.31,13200.78,13519.66,,333961871.62,0.00982663708816034
2020-10-30,13544.29,13550.36,13204.25,13236.6,,375631585.18,-0.020936917052647774
2020-11-02,13269.97,13462.42,13258.16,13420.96,,339275033.76,0.013928047988154058
2020-11-03,13476.58,13592.92,13414.0,13580.04,,340565243.71,0.011853101417484524
2020-11-04,13586.33,13691.69,13544.83,13659.5,,313124511.06,0.0058512346060835
2020-11-05,13802.18,13894.26,13728.64,13894.26,,365798323.99,0.017186573447051545
2020-11-06,13932.41,13932.41,13708.75,13838.42,,366151638.78,-0.0040189258010142614
2020-11-09,13934.37,14197.85,13934.37,14141.15,,437218141.98,0.021876052323892337
2020-11-10,14121.69,14121.69,13908.21,13993.34,,394359802.74,-0.010452473808707174
2020-11-11,13925.44,13981.99,13715.44,13720.17,,350606561.76,-0.01952142948002411
2020-11-12,13789.29,13846.87,13724.34,13792.07,,302522562.44,0.0052404598485296106
2020-11-13,13755.29,13802.71,13620.89,13754.55,,296359332.83,-0.002720403826256712
2020-11-16,13811.85,13850.83,13669.25,13850.83,,336170863.94,0.006999865499053071
2020-11-17,13843.01,13843.01,13628.82,13732.52,,361145071.31,-0.008541726380296266
2020-11-18,13710.02,13773.58,13602.69,13658.2,,347492634.89,-0.0054119710002242805
2020-11-19,13633.97,13812.78,13578.33,13777.45,,346925563.29,0.008731018728675766
2020-11-20,13789.98,13865.72,13773.21,13852.42,,329383863.64,0.005441500422792345
2020-11-23,13871.71,14021.5,13795.92,13955.29,,401041979.0,0.007426139259421927
2020-11-24,13958.01,13962.34,13848.91,13902.54,,355274026.5,-0.003779928614883632
2020-11-25,13923.66,13933.79,13656.09,13656.09,,368603579.14,-0.01772697650932853
2020-11-26,13651.43,13692.73,13452.68,13599.99,,317721491.74,-0.0041080572843325
2020-11-27,13627.86,13690.88,13542.68,13690.88,,310005529.19,0.00668309314933313
2020-11-30,13720.68,13815.49,13634.16,13670.11,,371654482.93,-0.0015170682965593985
2020-12-01,13650.39,13940.9,13646.69,13930.38,,370145138.64,0.01903934935417473
2020-12-02,13950.74,13991.45,13858.45,13961.58,,388032449.19,0.0022397091823769255
2020-12-03,13955.98,14009.51,13889.62,13970.68,,374363787.65,0.000651788694402855
2020-12-04,13933.88,14049.21,13903.84,14026.66,,318869192.87,0.004006963154262966
2020-12-07,14021.16,14054.88,13958.74,13973.48,,317957807.93,-0.003791351611859173
2020-12-08,14000.87,14040.5,13942.66,13973.89,,292836034.56,2.9341295081808383e-05
2020-12-09,13998.62,14017.35,13710.86,13716.53,,336484709.29,-0.018417205230612188
2020-12-10,13672.05,13814.8,13621.13,13731.34,,290835679.22,0.0010797191417946106
2020-12-11,13767.48,13771.96,13431.55,13555.14,,346193405.33,-0.012831959590251296
2020-12-14,13583.2,13695.32,13511.78,13692.13,,291001307.65,0.010106129482985837
2020-12-15,13682.28,13783.04,13641.72,13763.31,,284756671.06,0.005198606790908444
2020-12-16,13791.42,13807.17,13709.8,13751.09,,297828155.98,-0.0008878678166807097
2020-12-17,13746.28,13901.83,13688.83,13889.87,,330101244.61,0.01009229086566954
2020-12-18,13911.83,13939.93,13806.62,13854.12,,312867298.59,-0.002573818185483412
2020-12-21,13858.66,14134.85,13819.7,14134.85,,343926152.76,0.02026328630039287
2020-12-22,14085.29,14172.77,13872.5,13882.3,,385393431.49,-0.017867186422211856
2020-12-23,13912.52,14078.13,13897.11,14015.02,,368469493.03,0.009560375442109859
2020-12-24,13998.36,14048.62,13867.66,13915.57,,356961842.59,-0.007095958478832043
2020-12-25,13879.24,14017.06,13835.52,14017.06,,338254124.81,0.007293269337871111
2020-12-28,14020.95,14112.59,13959.14,14044.1,,373252546.53,0.0019290778522742524
2020-12-29,14042.79,14082.5,13915.89,13970.21,,371600319.42,-0.005261284097948682
2020-12-30,13970.45,14208.68,13968.09,14201.57,,351919991.31,0.016560953629186637
2020-12-31,14226.28,14476.55,14226.28,14470.68,,372217263.83,0.018949313350566266
2021-01-04,14516.12,14859.09,14486.25,14827.47,,435497759.23,0.02465606315667257
2021-01-05,14760.25,15149.1,14716.79,15147.57,,458934763.39,0.0215883087269777
2021-01-06,15221.44,15295.07,14987.37,15187.61,,433240718.36,0.0026433282698150595
2021-01-07,15178.35,15356.4,15101.67,15356.4,,469284072.02,0.01111366436193717
2021-01-08,15402.74,15453.18,15162.71,15319.29,,420062728.22,-0.002416582011408819
2021-01-11,15353.08,15420.68,15011.59,15115.38,,439456644.06,-0.013310669097588823
2021-01-12,15053.87,15460.03,15020.26,15460.03,,386861601.55,0.02280127922685371
2021-01-13,15491.07,15597.97,15240.9,15365.43,,432697297.63,-0.0061190049437162
2021-01-14,15283.56,15354.12,15033.47,15070.13,,396172476.9,-0.01921846638850988
2021-01-15,15030.54,15120.27,14772.06,15031.7,,364498330.13,-0.0025500775374862616
2021-01-18,14980.5,15309.79,14898.88,15269.27,,364069404.25,0.015804599612818215
2021-01-19,15278.54,15314.05,14954.35,15003.99,,395125729.2,-0.017373456622353345
2021-01-20,15023.74,15246.78,14958.22,15223.36,,340287544.97,0.014620777539841034
2021-01-21,15251.67,15608.38,15251.67,15520.6,,410627802.15,0.019525255922477003
2021-01-22,15508.94,15632.33,15381.6,15628.73,,396161439.73,0.006966869837506273
2021-01-25,15594.81,15895.88,15534.25,15710.19,,403516911.41,0.005212195744631831
2021-01-26,15637.39,15637.39,15328.41,15352.42,,350296020.05,-0.022773117320669
2021-01-27,15328.87,15446.82,15107.04,15413.84,,338372167.36,0.004000672206726952
2021-01-28,15169.1,15228.5,14881.8,14913.21,,354135178.09,-0.03247925241211802
2021-01-29,15039.89,15096.25,14609.64,14821.99,,368670238.69,-0.006116724702461718
2021-02-01,14841.71,15036.38,14797.41,15024.24,,337066645.13,0.013645266256420374
2021-02-02,15057.44,15341.48,14981.33,15335.66,,329951253.06,0.02072783714850135
2021-02-03,15360.42,15435.53,15218.57,15233.15,,348166748.29,-0.00668442049445539
2021-02-04,15135.85,15285.88,14908.76,15105.94,,353546025.33,-0.008350866367100696
2021-02-05,15167.64,15250.09,14996.29,15007.29,,319867071.93,-0.0065305436139690975
2021-02-08,15066.46,15299.65,14945.84,15269.63,,283194247.05,0.0174808376462372
2021-02-09,15330.3,15635.38,15275.39,15630.57,,294171492.91,0.023637769873926295
2021-02-10,15702.2,16010.41,15632.14,15962.25,,282691189.47,0.02121995551025968
2021-02-18,16275.98,16293.09,15697.72,15767.44,,368451369.17,-0.0122044198029726
2021-02-19,15660.5,15840.16,15443.24,15823.11,,389976847.11,0.0035306936319403626
2021-02-22,15818.77,15818.77,15336.95,15336.95,,499458715.06,-0.030724680546365346
2021-02-23,15174.72,15411.03,15146.89,15243.25,,401025757.27,-0.006109428536964723
2021-02-24,15281.4,15318.85,14709.13,14870.67,,390506016.98,-0.024442294130188724
2021-02-25,15016.63,15036.42,14794.73,14828.8,,359680058.32,-0.002815609518602824
2021-02-26,14480.74,14713.12,14396.45,14507.45,,344992184.57,-0.02167066788951222
2021-03-01,14670.11,14864.58,14614.01,14857.34,,345047812.06,0.02411795318956811
2021-03-02,14958.22,14987.07,14616.16,14751.12,,356856976.49,-0.007149328210837136
2021-03-03,14679.84,14932.38,14612.85,14932.38,,355072923.84,0.012287880513479621
2021-03-04,14780.91,14780.91,14357.19,14416.06,,394178204.83,-0.03457720738422143
2021-03-05,14156.01,14531.99,14122.59,14412.31,,380476066.03,-0.00026012655330232004
2021-03-08,14513.79,14597.75,13859.95,13863.81,,403293216.13,-0.03805774369271819
2021-03-09,13803.25,13844.23,13289.38,13475.72,,423614109.21,-0.027993026447996616
2021-03-10,13721.24,13750.26,13480.42,13563.34,,325268745.58,0.006502064453699052
2021-03-11,13598.2,13904.47,13535.25,13866.37,,345876213.07,0.022341842053653416
2021-03-12,13934.23,13934.23,13716.01,13897.03,,366137366.59,0.002211104997198232
2021-03-15,13793.52,13793.52,13389.98,13520.07,,351060345.24,-0.02712522028088027
2021-03-16,13574.56,13652.55,13439.73,13642.96,,355582250.51,0.009089449980658415
2021-03-17,13605.78,13842.88,13490.42,13809.77,,346990414.45,0.012226818813512619
2021-03-18,13850.6,14003.77,13832.7,13963.92,,345470192.2,0.011162387208476288
2021-03-19,13738.21,13837.23,13522.94,13606.0,,351980669.61,-0.02563177102131775
2021-03-22,13605.7,13797.3,13565.17,13760.97,,363207372.5,0.01138982801705124
2021-03-23,13754.88,13794.46,13506.17,13607.27,,378170315.54,-0.011169270770883033
2021-03-24,13529.93,13651.9,13378.88,13407.35,,357167270.57,-0.014692146183620913
2021-03-25,13318.97,13489.29,13252.24,13421.16,,337049748.52,0.0010300320346674496
2021-03-26,13493.36,13810.96,13493.36,13769.68,,339769111.27,0.025967949119152234
2021-03-29,13802.51,13895.61,13684.43,13771.26,,347038114.72,0.000114744859720739
2021-03-30,13751.21,13933.32,13717.59,13888.44,,344889715.62,0.00850902531794473
2021-03-31,13870.71,13870.71,13678.67,13778.67,,308122501.98,-0.007903695447436854
2021-04-01,13812.64,13992.75,13808.32,13979.69,,303689989.35,0.01458921652089784
2021-04-02,14042.13,14178.1,14008.85,14122.61,,316316981.78,0.010223402664865988
2021-04-06,14176.21,14194.36,14045.92,14083.34,,306757410.52,-0.00278064748654816
2021-04-07,14100.85,14100.85,13856.97,13979.31,,353677755.04,-0.007386742065447538
2021-04-08,13906.82,14037.45,13845.12,13989.94,,371928907.99,0.0007604094908832959
2021-04-09,13965.21,13977.28,13769.19,13813.31,,330726189.2,-0.012625500895643627
2021-04-12,13811.59,13867.16,13454.27,13495.72,,358670603.9,-0.022991592891204227
2021-04-13,13490.39,13671.36,13484.0,13528.31,,331624883.19,0.0024148396676872963
2021-04-14,13550.87,13756.74,13550.87,13738.0,,329494690.82,0.015500088333280315
2021-04-15,13705.13,13705.13,13539.07,13680.27,,334653031.87,-0.004202212840296982
2021-04-16,13718.23,13755.45,13575.62,13720.74,,350644912.34,0.0029582749463277214
2021-04-19,13714.39,14121.21,13667.75,14117.8,,386476671.26,0.028938672403966414
2021-04-20,14062.5,14215.28,14035.23,14101.9,,378197403.22,-0.0011262377990904904
2021-04-21,14010.59,14176.95,13978.57,14151.15,,335136156.33,0.003492437189315023
2021-04-22,14219.24,14244.49,14091.11,14209.44,,324132085.64,0.004119099861142006
2021-04-23,14213.36,14386.62,14208.4,14351.86,,340105402.21,0.010022914344266942
2021-04-26,14419.85,14529.43,14212.22,14224.45,,374892671.63,-0.008877594959816992
2021-04-27,14211.59,14266.6,14106.83,14264.08,,332657749.82,0.0027860479667052296
2021-04-28,14238.56,14398.96,14190.64,14398.38,,316524025.34,0.009415258467422971
2021-04-29,14416.85,14516.22,14330.09,14464.08,,321379599.01,0.0045630133390006655
2021-04-30,14437.17,14522.46,14343.06,14438.57,,334884234.55,-0.00176367940442812
2021-05-06,14355.41,14398.58,14088.04,14210.6,,340954933.56,-0.01578895970999894
2021-05-07,14243.71,14280.04,13933.81,13933.81,,374633949.96,-0.019477713819261777
2021-05-10,13945.78,14035.6,13828.82,13917.97,,371148527.43,-0.0011368032146268359
2021-05-11,13814.28,13996.7,13696.73,13966.79,,384844650.42,0.0035076954469654975
2021-05-12,13922.15,14078.33,13872.1,14064.87,,350887243.53,0.007022372356139117
2021-05-13,13907.18,14027.55,13866.11,13917.65,,375189285.61,-0.010467213703361677
2021-05-14,13960.33,14214.13,13872.63,14208.78,,393522374.61,0.020918042916728163
2021-05-17,14234.71,14538.76,14234.71,14456.54,,368438315.49,0.017437105789518847
2021-05-18,14462.41,14497.9,14345.99,14450.6,,318110625.37,-0.0004108866990303328
2021-05-19,14399.76,14544.2,14359.02,14484.46,,333373093.35,0.0023431553015098583
2021-05-20,14455.61,14582.4,14431.8,14535.1,,363521561.38,0.0034961607129295746
2021-05-21,14582.07,14634.59,14386.12,14417.46,,333924998.17,-0.008093511568547984
2021-05-24,14436.36,14506.61,14295.48,14506.61,,347035867.57,0.00618347475907699
2021-05-25,14533.95,14862.19,14509.78,14846.45,,380902835.0,0.023426562098243453
2021-05-26,14850.28,14860.64,14762.2,14793.68,,391095101.6,-0.003554385055013154
2021-05-27,14796.05,14955.3,14720.67,14897.19,,383705021.71,0.006996906787222645
2021-05-28,14899.33,14977.25,14778.82,14852.88,,408822442.78,-0.0029743864446920565
2021-05-31,14874.89,14996.38,14836.15,14996.38,,386280136.43,0.009661425932209866
2021-06-01,14963.95,15039.02,14820.74,15034.78,,408299575.13,0.0025606179624684255
2021-06-02,15044.94,15051.21,14793.74,14857.91,,412423387.29,-0.0117640564078757
2021-06-03,14850.51,14947.6,14759.82,14761.13,,381461038.66,-0.006513702129034349
2021-06-04,14704.19,14989.21,14667.53,14870.91,,365385863.3,0.007437100005216468
2021-06-07,14879.49,14883.55,14760.2,14862.6,,368529499.38,-0.0005588091112110893
2021-06-08,14867.95,14973.81,14625.29,14716.98,,384769987.88,-0.009797747365871468
2021-06-09,14698.35,14762.64,14641.83,14718.4,,374276070.05,9.648718690935532e-05
2021-06-10,14715.14,14940.3,14699.31,14893.59,,417020400.72,0.011902788346559445
2021-06-11,14918.49,14920.87,14738.62,14801.24,,452637885.87,-0.006200654106901071
2021-06-15,14806.69,14829.97,14564.56,14673.34,,407952738.39,-0.00864116790214875
2021-06-16,14663.48,14667.24,14290.23,14295.93,,378008049.04,-0.025720797037347976
2021-06-17,14291.94,14489.51,14291.94,14472.37,,364659079.02,0.012341974254210797
2021-06-18,14510.56,14635.5,14449.06,14583.67,,401948668.13,0.007690516480714615
2021-06-21,14563.05,14721.69,14468.74,14641.29,,409252379.88,0.0039509945027556
2021-06-22,14678.37,14706.5,14564.5,14696.29,,425178944.97,0.0037564995980545746
2021-06-23,14713.84,14882.14,14641.47,14843.83,,414695296.08,0.010039268414000935
2021-06-24,14876.73,14877.64,14718.89,14784.8,,400215650.85,-0.003976736462220409
2021-06-25,14799.53,15036.77,14797.34,15003.85,,400441491.85,0.014815891997186359
2021-06-28,15049.77,15166.56,15031.21,15150.17,,383375750.26,0.009752163611339792
2021-06-29,15187.8,15187.8,14991.18,14999.8,,379079475.93,-0.009925301168237755
2021-06-30,15015.29,15175.75,14978.3,15161.7,,357697090.82,0.01079347724636337
2021-07-01,15203.07,15206.15,15001.89,15038.88,,390016907.41,-0.008100674726448931
2021-07-02,14937.73,14937.73,14652.74,14670.71,,357698551.18,-0.024481211366803923
2021-07-05,14666.68,14782.57,14597.87,14718.66,,368320368.68,0.0032684171386387906
2021-07-06,14745.45,14779.29,14480.87,14667.65,,400993998.48,-0.00346566874973675
2021-07-07,14592.75,14966.23,14545.29,14940.05,,385800778.72,0.018571482139265738
2021-07-08,14984.25,15033.34,14856.93,14882.9,,440644345.88,-0.003825288402649285
2021-07-09,14805.81,14887.6,14583.55,14844.36,,423557057.14,-0.0025895490798163445
2021-07-12,14970.13,15222.17,14870.83,15161.52,,486102238.07,0.021365690403628124
2021-07-13,15151.09,15232.15,15077.34,15189.29,,476409760.22,0.00183161055092107
2021-07-14,15141.04,15215.63,15021.99,15056.32,,483741742.52,-0.008754194567356377
2021-07-15,15014.91,15170.64,14899.31,15169.33,,461810997.06,0.007505818154768251
2021-07-16,15144.08,15165.75,14962.97,14972.21,,444265304.56,-0.012994641160815945
2021-07-19,14958.62,15033.6,14856.64,14992.9,,428881903.58,0.0013818935213973926
2021-07-20,14879.27,15031.88,14859.71,15011.35,,382398199.04,0.0012305824757052886
2021-07-21,15070.17,15264.1,15061.09,15212.6,,453141811.77,0.013406522398052179
2021-07-22,15258.73,15290.06,15172.1,15262.19,,492194831.72,0.0032597977991928317
2021-07-23,15248.25,15248.25,14989.5,15028.57,,528929013.71,-0.015307108612853115
2021-07-26,14982.9,14982.9,14376.33,14630.85,,512117194.84,-0.026464261070747175
2021-07-27,14640.26,14741.87,14093.63,14093.63,,528966396.13,-0.03671830413133903
2021-07-28,13967.44,14207.39,13727.48,14086.42,,479174187.72,-0.0005115786351705953
2021-07-29,14390.29,14544.11,14277.96,14515.32,,439221517.61,0.03044776458461418
2021-07-30,14482.78,14522.12,14294.48,14473.21,,477653064.94,-0.0029010727975683492
2021-08-02,14463.21,14806.86,14395.33,14798.16,,507567735.83,0.022451826512570605
2021-08-03,14745.91,14844.52,14656.2,14736.92,,508145845.15,-0.004138352335695816
2021-08-04,14715.75,14990.11,14683.35,14990.11,,446708583.39,0.017180659187944425
2021-08-05,14901.96,14990.65,14800.42,14872.23,,471451622.16,-0.007863851566132674
2021-08-06,14902.69,14915.73,14722.13,14827.41,,442793034.45,-0.003013670444849237
2021-08-09,14738.37,14980.15,14682.94,14941.44,,447655106.48,0.007690486740435487
2021-08-10,14919.52,15057.59,14863.08,15057.59,,474072603.31,0.0077736817870299735
2021-08-11,15048.87,15101.13,14969.08,15021.17,,491643694.83,-0.0024187137516694657
2021-08-12,14972.5,15037.58,14857.91,14901.97,,503515150.03,-0.00793546707746473
2021-08-13,14839.51,14994.61,14717.67,14799.03,,490265551.29,-0.006907811517537499
2021-08-16,14756.48,14800.22,14660.08,14693.74,,472136284.37,-0.007114655487555632
2021-08-17,14696.19,14750.93,14308.63,14350.65,,509385922.71,-0.02334939913187517
2021-08-18,14371.82,14500.14,14284.85,14454.11,,446971949.26,0.007209429538034939
2021-08-19,14456.18,14570.63,14357.73,14487.36,,453694467.64,0.00230038376627828
2021-08-20,14376.9,14448.92,14100.92,14253.54,,440770761.2,-0.01613958650851499
2021-08-23,14296.95,14558.47,14260.08,14535.88,,481361585.85,0.019808412506647333
2021-08-24,14558.96,14710.01,14496.89,14663.55,,508419422.76,0.008783093971606926
2021-08-25,14657.65,14697.5,14562.82,14697.5,,474952919.67,0.0023152647210260557
2021-08-26,14701.92,14701.92,14409.88,14415.46,,518341807.52,-0.019189658105119967
2021-08-27,14382.18,14537.15,14366.15,14436.9,,511580545.71,0.001487292115548211
2021-08-30,14482.97,14546.74,14339.38,14423.37,,551681253.97,-0.0009371818049580538
2021-08-31,14407.94,14418.26,14157.55,14328.38,,530028206.61,-0.0065858395090746535
2021-09-01,14336.07,14418.61,14058.25,14314.09,,601813173.63,-0.0009973213999069364
2021-09-02,14294.54,14348.82,14226.42,14277.34,,522249780.6,-0.0025674003726398054
2021-09-03,14295.56,14302.9,14118.73,14179.86,,597863327.62,-0.006827602340491956
2021-09-06,14184.42,14567.14,14145.63,14546.6,,531572710.26,0.025863442939493053
2021-09-07,14543.84,14724.63,14483.55,14702.9,,532235187.6,0.010744778848665648
2021-09-08,14706.88,14789.09,14630.5,14688.08,,610923609.04,-0.00100796441518336
2021-09-09,14666.05,14716.73,14547.07,14698.53,,571295675.36,0.0007114612665508613
2021-09-10,14673.45,14811.51,14645.26,14771.87,,573881203.2,0.004989614607719295
2021-09-13,14776.82,14833.88,14648.78,14705.83,,549520224.28,-0.004470659435806046
2021-09-14,14699.22,14844.26,14589.72,14626.09,,577552590.01,-0.005422339303527868
2021-09-15,14590.8,14602.34,14476.19,14536.31,,515258089.07,-0.006138345928406119
2021-09-16,14527.1,14550.31,14258.13,14258.13,,571644427.78,-0.019136906133674914
2021-09-17,14224.61,14383.62,14136.47,14359.36,,509000413.98,0.007099809021239301
2021-09-22,14139.9,14311.96,14117.63,14277.08,,435910686.62,-0.005730060392663772
2021-09-23,14380.09,14416.37,14338.99,14387.36,,515307454.14,0.007724268547910418
2021-09-24,14359.11,14514.39,14307.68,14357.85,,488477289.84,-0.0020511059707966073
2021-09-27,14430.04,14527.77,14253.15,14344.29,,512315118.13,-0.0009444310951848278
2021-09-28,14307.53,14425.16,14243.2,14313.82,,381380518.62,-0.0021241901829927023
2021-09-29,14202.4,14235.88,14020.56,14079.02,,412588024.1,-0.01640372730689632
2021-09-30,14124.08,14337.5,14124.08,14309.01,,352613793.15,0.01633565404410242
2021-10-08,14457.94,14489.33,14348.98,14414.16,,401478900.17,0.007348516773697078
2021-10-11,14440.82,14484.39,14338.47,14367.6,,373827654.42,-0.003230157012271251
2021-10-12,14335.54,14335.54,14006.65,14135.38,,393850895.07,-0.0161627550878366
2021-10-13,14140.42,14358.5,14112.91,14353.08,,339658919.89,0.015401071637267671
2021-10-14,14350.63,14399.92,14293.53,14341.38,,341200294.1,-0.0008151560501300503
2021-10-15,14294.18,14440.58,14232.03,14415.99,,383655008.47,0.005202428218205046
2021-10-18,14393.18,14393.18,14218.61,14350.02,,361564199.3,-0.0045761685461768176
2021-10-19,14352.93,14504.24,14352.93,14499.77,,358298685.28,0.010435525525400058
2021-10-20,14500.46,14552.57,14431.63,14452.25,,378117576.09,-0.0032772933639637625
2021-10-21,14466.42,14501.45,14348.12,14444.86,,372311279.46,-0.0005113390648514571
2021-10-22,14467.37,14582.79,14454.86,14492.82,,382262503.94,0.0033202121723574507
2021-10-25,14491.35,14599.0,14452.88,14596.72,,362803313.13,0.007169067165672338
2021-10-26,14658.99,14682.43,14531.48,14552.82,,386830497.33,-0.0030075249782142155
2021-10-27,14510.45,14510.45,14348.05,14393.51,,398325127.73,-0.010947019203150998
2021-10-28,14350.91,14407.66,14188.29,14244.82,,391846982.37,-0.010330350275922995
2021-10-29,14242.68,14457.44,14199.59,14451.38,,380014383.15,0.01450070973167783
2021-11-01,14393.58,14569.23,14344.48,14476.53,,409694010.99,0.001740318225664339
2021-11-02,14476.9,14558.36,14248.0,14377.27,,443834166.78,-0.006856615501090402
2021-11-03,14365.21,14458.62,14287.34,14367.78,,360786565.3,-0.0006600696794314409
2021-11-04,14440.22,14557.94,14420.14,14555.27,,384931830.33,0.013049336779934029
2021-11-05,14536.6,14623.48,14462.59,14462.62,,445734089.01,-0.006365392053874652
2021-11-08,14451.59,14532.72,14400.84,14508.86,,401022964.95,0.0031972076981903186
2021-11-09,14538.62,14581.42,14463.77,14571.93,,388860384.55,0.004346999006124452
2021-11-10,14521.72,14536.63,14302.8,14515.88,,426612098.39,-0.0038464362647913086
2021-11-11,14497.98,14708.12,14479.37,14699.74,,453880792.03,0.012666128405580679
2021-11-12,14708.6,14732.35,14646.49,14705.37,,448411964.12,0.00038299997142821063
2021-11-15,14724.34,14732.05,14578.23,14636.39,,465602015.68,-0.004690803427591539
2021-11-16,14626.87,14736.37,14597.04,14613.97,,458179338.55,-0.0015317984830959253
2021-11-17,14646.66,14711.18,14596.89,14711.18,,437931666.75,0.00665185435579807
2021-11-18,14685.79,14685.79,14555.22,14579.17,,479263932.34,-0.0089734474053067
2021-11-19,14569.93,14761.53,14552.67,14752.49,,461993854.28,0.011888193909529887
2021-11-22,14778.58,14961.79,14776.04,14960.66,,477183998.96,0.014110838238154955
2021-11-23,14929.24,14954.85,14874.43,14905.13,,480711644.98,-0.003711734642723008
2021-11-24,14908.97,14942.96,14864.89,14887.59,,477783590.02,-0.001176776049588213
2021-11-25,14884.85,14897.18,14819.68,14827.95,,446980497.33,-0.004006021122290426
2021-11-26,14802.02,14862.93,14745.59,14777.17,,441289630.42,-0.003424613651920927
2021-11-29,14635.48,14825.43,14633.06,14810.2,,435390976.98,0.0022352047110509865
2021-11-30,14854.52,14870.23,14712.82,14795.73,,473012831.94,-0.000977029344640945
2021-12-01,14794.37,14824.81,14724.72,14794.25,,460441180.55,-0.00010002885967774766
2021-12-02,14769.69,14834.79,14740.24,14765.56,,478637879.45,-0.0019392669449279643
2021-12-03,14772.67,14892.05,14767.45,14892.05,,433966982.8,0.008566556229496092
2021-12-06,14872.54,14942.24,14742.1,14752.96,,467776998.31,-0.00933988268908581
2021-12-07,14845.02,14861.38,14602.73,14697.17,,450142169.81,-0.0037816139947508542
2021-12-08,14748.65,14964.46,14733.89,14964.46,,408102745.09,0.018186494406746245
2021-12-09,14965.44,15193.67,14957.34,15147.88,,470547554.44,0.012257041015846903
2021-12-10,15044.68,15148.78,15026.37,15111.56,,453860026.14,-0.0023976952550455177
2021-12-13,15166.16,15288.65,15151.8,15212.49,,475162324.85,0.00667899277109707
2021-12-14,15171.05,15185.25,15109.06,15136.78,,461568425.61,-0.0049768315377692884
2021-12-15,15112.18,15187.26,15012.75,15026.21,,475018501.59,-0.0073047239901750105
2021-12-16,15047.47,15112.81,14977.45,15112.81,,474491507.75,0.0057632629917989675
2021-12-17,15075.23,15075.23,14867.25,14867.55,,504183203.81,-0.016228616650378114
2021-12-20,14818.42,14902.13,14551.37,14569.18,,504639909.34,-0.020068538528540292
2021-12-21,14559.72,14702.38,14547.6,14688.98,,480362783.48,0.008222837524143323
2021-12-22,14723.41,14813.04,14709.4,14791.33,,531632652.56,0.00696780852040102
2021-12-23,14818.99,14878.96,14790.45,14863.93,,492400676.21,0.004908280729319259
2021-12-24,14872.42,14887.46,14674.14,14710.33,,507365221.63,-0.010333740807444647
2021-12-27,14704.29,14802.35,14652.42,14715.65,,436106668.77,0.0003616506223858007
2021-12-28,14736.73,14841.88,14696.45,14837.87,,432157117.67,0.008305443524411205
2021-12-29,14828.19,14828.19,14645.2,14653.82,,424280067.74,-0.012404071473870681
2021-12-30,14652.08,14846.82,14652.08,14796.23,,455430806.29,0.009718285061506071
2021-12-31,14842.07,14871.98,14797.11,14857.35,,468675226.13,0.004130781962702779
2022-01-04,14935.23,14941.19,14681.71,14791.31,,570546865.17,-0.004444938027306389
2022-01-05,14752.08,14767.22,14469.37,14525.76,,583832783.63,-0.017953108953838393
2022-01-06,14432.46,14497.76,14298.48,14429.51,,513516006.72,-0.006626159319718883
2022-01-07,14449.54,14495.67,14331.98,14343.65,,561849847.93,-0.005950306004847028
2022-01-10,14304.86,14430.09,14194.35,14406.97,,463125104.7,0.0044144970073864975
2022-01-11,14402.22,14433.56,14201.9,14223.35,,475474031.84,-0.01274521984844823
2022-01-12,14316.53,14426.12,14293.41,14421.2,,466111364.8,0.013910225087619965
2022-01-13,14440.98,14440.98,14138.34,14138.34,,495139093.88,-0.019614179125176823
2022-01-14,14054.67,14219.44,14039.87,14150.57,,506382267.85,0.0008650237580931641
2022-01-17,14163.0,14374.47,14159.27,14363.57,,505321979.79,0.015052397182586885
2022-01-18,14365.19,14444.54,14285.63,14391.39,,548870207.01,0.0019368443917493483
2022-01-19,14376.36,14413.38,14120.24,14207.19,,483398527.45,-0.012799319593173375
2022-01-20,14188.51,14312.0,14149.5,14198.3,,517115384.52,-0.0006257395023224754
2022-01-21,14144.22,14181.62,13991.64,14029.55,,438784152.47,-0.011885225696034007
2022-01-24,13941.9,14133.04,13918.99,14081.79,,371844184.16,0.0037235691807651072
2022-01-25,14018.93,14091.88,13682.72,13683.89,,446105457.44,-0.028256350932658547
2022-01-26,13742.03,13820.94,13580.4,13780.3,,351288315.01,0.007045511181396513
2022-01-27,13756.87,13773.5,13395.36,13398.84,,373194453.38,-0.027681545394512397
2022-01-28,13515.47,13553.22,13227.83,13328.06,,358892927.17,-0.005282546847339087
2022-02-07,13558.94,13632.45,13412.2,13456.65,,371634393.53,0.009648065810027973
2022-02-08,13432.08,13432.34,13051.8,13325.41,,394133103.13,-0.009752798802079243
2022-02-09,13321.81,13541.87,13283.2,13531.31,,430442322.99,0.015451682162124891
2022-02-10,13537.31,13537.31,13339.5,13432.07,,408941571.55,-0.007334101428464801
2022-02-11,13360.4,13452.72,13206.63,13224.38,,441761801.43,-0.015462248186616123
2022-02-14,13140.35,13280.08,13049.45,13123.21,,391449470.71,-0.007650264133365781
2022-02-15,13143.1,13346.67,13138.44,13345.63,,371391608.03,0.01694859718011066
2022-02-16,13403.64,13446.06,13339.8,13376.36,,375308775.1,0.002302626402800101
2022-02-17,13360.46,13490.86,13322.69,13422.9,,429285612.56,0.00347927238800394
2022-02-18,13334.9,13460.21,13316.47,13459.68,,388370496.83,0.002740093422434864
2022-02-21,13464.85,13503.09,13404.73,13471.16,,448012142.27,0.0008529177513878494
2022-02-22,13384.03,13384.03,13216.63,13297.11,,456917841.06,-0.012920193955086257
2022-02-23,13319.87,13553.27,13319.87,13549.99,,454061013.16,0.019017666244770526
2022-02-24,13459.01,13538.71,13093.97,13252.24,,629045621.2,-0.021974185958808845
2022-02-25,13383.24,13540.99,13383.24,13412.92,,434650890.61,0.012124742685010181
2022-02-28,13397.93,13457.61,13279.32,13455.73,,397940259.92,0.0031916987501603433
2022-03-01,13493.28,13517.25,13393.85,13488.64,,399261091.57,0.0024457981841192744
2022-03-02,13412.9,13412.9,13267.55,13346.96,,400429912.03,-0.010503653444676408
2022-03-03,13397.97,13407.04,13187.74,13201.82,,451125701.65,-0.010874386377122569
2022-03-04,13089.42,13204.24,12972.24,13020.46,,448266775.56,-0.013737499829568955
2022-03-07,12930.73,12930.73,12523.45,12573.43,,430338499.37,-0.03433288839257587
2022-03-08,12594.59,12653.46,12178.18,12244.5,,485660820.15,-0.026160721457867964
2022-03-09,12282.15,12337.77,11598.39,12107.17,,521187995.2,-0.011215647841888221
2022-03-10,12421.76,12486.91,12331.5,12370.95,,457351732.94,0.021787089798854797
2022-03-11,12181.48,12464.5,12043.38,12447.37,,446429139.05,0.006177375221789738
2022-03-14,12315.77,12389.41,12063.63,12063.63,,410957922.24,-0.03082900243183917
2022-03-15,11948.63,12086.04,11537.24,11537.24,,491133199.23,-0.04363446160069562
2022-03-16,11765.31,12034.46,11331.23,12000.96,,510653177.41,0.040193321799667725
2022-03-17,12228.84,12497.86,12218.17,12289.97,,530552561.3,0.024082240087459628
2022-03-18,12222.22,12368.59,12141.75,12328.65,,452016282.49,0.0031472818892153143
2022-03-21,12385.87,12469.98,12257.67,12379.64,,472491318.25,0.004135894846556631
2022-03-22,12350.73,12410.47,12269.17,12318.78,,464501508.19,-0.004916136495083712
2022-03-23,12373.51,12436.21,12291.37,12408.65,,450677512.49,0.007295365287796285
2022-03-24,12339.14,12384.78,12188.58,12305.5,,440692827.09,-0.008312749573885947
2022-03-25,12315.35,12330.95,12072.73,12072.73,,437184680.33,-0.018915931900369776
2022-03-28,11969.0,12053.2,11835.33,11949.94,,423332987.75,-0.010170856136101691
2022-03-29,11983.54,12050.85,11857.37,11895.08,,425132253.08,-0.004590818029211907
2022-03-30,11969.36,12263.8,11961.06,12263.8,,450967898.46,0.030997689801161465
2022-03-31,12208.99,12220.06,12090.29,12118.25,,498906066.01,-0.011868262691824616
2022-04-01,12040.01,12275.08,12009.21,12227.93,,470576213.21,0.009050811792131741
2022-04-06,12220.78,12238.02,12091.98,12172.91,,484429217.04,-0.004499535080753736
2022-04-07,12101.37,12205.1,11971.33,11972.02,,478578703.69,-0.01650303830390587
2022-04-08,11988.05,12001.59,11799.02,11959.27,,462484667.16,-0.0010649831857948433
2022-04-11,11876.18,11876.18,11482.73,11520.21,,463261840.26,-0.03671294318131468
2022-04-12,11523.28,11756.38,11439.59,11756.38,,449765610.78,0.02050049434862733
2022-04-13,11669.08,11744.25,11568.17,11568.17,,438713002.36,-0.016009179696471088
2022-04-14,11662.59,11787.12,11587.87,11714.62,,406771251.41,0.012659737884211708
2022-04-15,11626.05,11737.79,11552.78,11648.57,,438335828.87,-0.005638253737637378
2022-04-18,11557.52,11710.84,11459.84,11691.47,,364605682.57,0.003682855492133319
2022-04-19,11691.76,11771.55,11584.24,11633.32,,357166480.71,-0.004973711603416864
2022-04-20,11619.74,11641.45,11360.08,11392.23,,399133476.96,-0.020724092520449933
2022-04-21,11328.71,11429.78,11038.38,11084.28,,429251534.65,-0.02703158205197742
2022-04-22,11016.68,11151.66,10896.92,11051.7,,372203851.01,-0.002939297816366926
2022-04-25,10840.36,10866.64,10379.06,10379.28,,457612442.66,-0.06084312820652027
2022-04-26,10401.99,10548.96,10181.17,10206.64,,433566387.45,-0.016633138329441133
2022-04-27,10090.98,10652.93,10087.53,10652.9,,476823020.63,0.04372251789031467
2022-04-28,10607.79,10743.17,10498.66,10628.92,,410129136.78,-0.0022510302358981216
2022-04-29,10719.45,11029.94,10631.14,11021.44,,465755677.39,0.0369294340346904
2022-05-05,10928.68,11146.02,10897.26,11046.38,,410347412.14,0.0022628622031239942
2022-05-06,10775.31,10913.69,10748.87,10809.88,,375679487.5,-0.021409728798031602
2022-05-09,10743.03,10867.61,10698.67,10765.63,,339501447.28,-0.004093477448408267
2022-05-10,10601.4,10938.58,10560.78,10912.74,,411873294.24,0.013664783203584108
2022-05-11,10921.03,11334.76,10917.1,11109.48,,507190144.35,0.018028469476959907
2022-05-12,11029.34,11173.02,11006.32,11094.87,,404733882.4,-0.0013150930556604656
2022-05-13,11167.59,11204.54,11044.46,11159.79,,385073874.43,0.005851352922566999
2022-05-16,11251.27,11296.0,11067.06,11093.37,,408882188.56,-0.005951724898049182
2022-05-17,11095.4,11230.74,11059.83,11230.16,,387575538.23,0.01233078857010983
2022-05-18,11249.28,11300.22,11151.22,11208.08,,394173392.17,-0.001966134053299373
2022-05-19,11035.96,11250.06,11019.08,11250.06,,414793352.63,0.003745512166222875
2022-05-20,11311.81,11454.53,11292.14,11454.53,,446843982.56,0.018175014177702176
2022-05-23,11468.81,11475.18,11343.21,11447.95,,420709734.04,-0.0005744452194895722
2022-05-24,11429.93,11429.93,11065.92,11065.92,,489529723.51,-0.03337104022991022
2022-05-25,11062.63,11143.97,11009.73,11143.18,,375308901.77,0.006981796362164117
2022-05-26,11149.3,11276.2,10984.75,11206.82,,401161324.99,0.0057111165753402915
2022-05-27,11290.0,11379.93,11126.75,11193.59,,398282332.09,-0.0011805311408588093
2022-05-30,11248.51,11327.05,11185.95,11310.28,,374874662.18,0.01042471628851871
2022-05-31,11313.41,11543.18,11241.03,11527.62,,423640843.09,0.019216146726694694
2022-06-01,11507.49,11592.47,11467.86,11551.27,,411885677.97,0.002051594344713026
2022-06-02,11492.97,11637.53,11470.89,11628.31,,408264157.06,0.006669396525230464
2022-06-06,11636.68,11941.17,11602.4,11938.12,,467818690.28,0.026642736562750846
2022-06-07,11937.28,12004.58,11857.45,11935.57,,460343120.46,-0.0002136014715885537
2022-06-08,11947.75,12040.35,11815.29,12033.26,,480324673.49,0.008184778774704471
2022-06-09,12002.81,12006.02,11761.21,11810.58,,437326466.7,-0.018505375933038914
2022-06-10,11733.35,12039.47,11724.24,12035.15,,444246357.39,0.019014307510723416
2022-06-13,11922.56,12056.53,11881.08,11999.31,,468909791.7,-0.0029779437730315106
2022-06-14,11854.17,12028.14,11644.35,12023.79,,492299859.03,0.0020401173067452483
2022-06-15,12052.74,12356.31,12038.8,12137.76,,564783815.27,0.009478708460477048
2022-06-16,12146.85,12274.18,12101.49,12150.96,,492149725.97,0.0010875153240794688
2022-06-17,12045.84,12355.34,12036.27,12331.14,,467397611.82,0.014828457998380395
2022-06-20,12405.12,12587.95,12372.07,12487.13,,478432531.99,0.012650087502047658
2022-06-21,12477.73,12542.71,12299.95,12423.86,,494312009.64,-0.005066816794571549
2022-06-22,12437.69,12445.16,12240.78,12246.55,,442059213.68,-0.01427173197379894
2022-06-23,12273.38,12514.73,12177.25,12514.73,,474588298.24,0.02189841220588651
2022-06-24,12553.56,12690.54,12516.71,12686.03,,505724555.75,0.013687870213740183
2022-06-27,12742.55,12911.24,12742.55,12825.57,,517160637.24,0.010999501025931613
2022-06-28,12823.65,13001.54,12718.25,12982.69,,536821048.63,0.012250527656860521
2022-06-29,12930.43,12998.63,12682.93,12696.5,,581124821.23,-0.022043967775553508
2022-06-30,12710.25,12970.65,12710.25,12896.2,,503676110.76,0.01572874414208636
2022-07-01,12899.47,12941.06,12805.73,12860.36,,457099508.79,-0.0027791132271521857
2022-07-04,12813.49,13026.25,12751.08,13026.25,,458436527.92,0.012899327857073928
2022-07-05,13057.24,13121.39,12798.01,12973.11,,493969472.33,-0.0040794549467421115
2022-07-06,12935.42,12997.41,12700.48,12811.33,,451141926.72,-0.01247040994796167
2022-07-07,12826.09,12962.99,12732.7,12935.85,,453546934.99,0.009719521704616207
2022-07-08,12998.56,13034.46,12848.63,12857.13,,464011816.0,-0.006085413791903971
2022-07-11,12798.42,12798.42,12514.98,12617.23,,451243336.78,-0.01865890754779642
2022-07-12,12616.84,12657.49,12396.91,12439.27,,444283747.27,-0.01410452214947333
2022-07-13,12441.72,12562.95,12323.2,12508.89,,445105516.62,0.005596791451588423
2022-07-14,12479.22,12695.2,12452.13,12602.78,,469480639.35,0.007505861831065941
2022-07-15,12557.15,12687.67,12411.01,12411.01,,505839026.06,-0.015216483982105622
2022-07-18,12456.22,12559.07,12304.12,12532.65,,473232609.39,0.009800975101945664
2022-07-19,12524.51,12569.95,12402.11,12494.77,,485702640.26,-0.0030225052163748156
2022-07-20,12551.43,12625.63,12518.42,12573.12,,460614589.94,0.006270623628926275
2022-07-21,12543.58,12601.0,12455.19,12455.19,,486417365.66,-0.009379533480949886
2022-07-22,12501.34,12553.27,12289.2,12394.02,,464840150.27,-0.004911205690158127
2022-07-25,12386.55,12414.07,12251.08,12291.59,,433572938.82,-0.008264469478022507
2022-07-26,12308.74,12453.11,12266.84,12408.56,,423353036.01,0.009516262745503212
2022-07-27,12383.05,12439.22,12331.7,12399.69,,443864104.68,-0.0007148291179636113
2022-07-28,12467.76,12550.9,12407.07,12428.72,,504869926.73,0.0023411875619470113
2022-07-29,12439.41,12460.19,12245.21,12266.92,,485462577.79,-0.013018235184314997
2022-08-01,12243.33,12420.23,12158.85,12413.87,,454766235.99,0.011979372165140223
2022-08-02,12260.45,12273.37,12008.17,12120.02,,596422298.38,-0.023671103370665247
2022-08-03,12148.24,12294.88,11946.46,11982.26,,525849017.75,-0.011366317877363308
2022-08-04,12055.35,12103.38,11926.51,12065.22,,428255876.83,0.0069235686756921044
2022-08-05,12088.65,12275.96,12051.4,12269.21,,454849809.06,0.01690727562365213
2022-08-08,12239.87,12304.23,12219.02,12302.15,,424214874.04,0.00268476943503293
2022-08-09,12277.44,12333.38,12235.83,12331.09,,425183710.57,0.0023524343305845186
2022-08-10,12302.57,12347.15,12166.23,12223.51,,427925374.85,-0.008724289580239852
2022-08-11,12287.8,12475.17,12231.08,12474.03,,488906602.16,0.02049493148858228
2022-08-12,12453.4,12493.78,12417.49,12419.39,,490390437.93,-0.004380300512344504
2022-08-15,12392.5,12531.77,12386.16,12460.22,,457298527.78,0.0032876010818567725
2022-08-16,12470.65,12553.69,12441.96,12470.11,,490212239.35,0.0007937259534744889
2022-08-17,12481.71,12611.49,12391.45,12595.46,,511868513.56,0.010052036429510025
2022-08-18,12557.34,12576.62,12496.79,12517.32,,502579424.58,-0.006203822647207757
2022-08-19,12504.48,12521.76,12358.54,12358.54,,518742438.81,-0.01268482390799297
2022-08-22,12320.88,12509.91,12291.82,12505.68,,463803680.57,0.011905937109075948
2022-08-23,12481.24,12525.01,12405.58,12455.15,,460671129.03,-0.004040563967733113
2022-08-24,12484.44,12491.17,12082.44,12096.39,,542031758.56,-0.028804149287644076
2022-08-25,12130.76,12159.8,11949.76,12104.03,,468367749.53,0.00063159339273966
2022-08-26,12142.05,12210.01,12039.74,12059.71,,423200607.09,-0.003661590395926062
2022-08-29,11911.17,12044.52,11890.49,12018.16,,395382392.38,-0.003445356480379691
2022-08-30,12013.92,12039.19,11905.0,11970.79,,409453173.1,-0.003941535143482833
2022-08-31,11909.31,11968.46,11743.69,11815.79,,459835902.81,-0.01294818470627257
2022-09-01,11789.82,11888.06,11696.58,11712.39,,393197404.7,-0.008751001837371986
2022-09-02,11753.6,11765.01,11644.03,11702.39,,371281614.42,-0.0008537967058815932
2022-09-05,11667.04,11714.41,11597.73,11678.69,,365345249.69,-0.0020252273253582587
2022-09-06,11702.17,11802.71,11624.82,11799.81,,402594158.97,0.010371026202425027
2022-09-07,11743.47,11894.56,11724.28,11849.08,,417413877.93,0.004175490961295214
2022-09-08,11858.53,11865.97,11739.57,11746.92,,395047990.83,-0.008621766415620402
2022-09-09,11780.82,11885.46,11750.44,11877.79,,375617628.53,0.011140792650328857
2022-09-13,11936.58,11966.17,11874.19,11923.47,,365038769.21,0.0038458332736981404
2022-09-14,11751.11,11841.18,11703.76,11774.78,,355327916.27,-0.012470363073836643
2022-09-15,11823.8,11832.46,11427.51,11526.96,,443030059.56,-0.02104667772986002
2022-09-16,11492.69,11509.98,11261.5,11261.5,,392660433.28,-0.023029489128096103
2022-09-19,11241.78,11318.0,11149.98,11207.04,,329594958.83,-0.004835945477955739
2022-09-20,11274.86,11364.16,11229.91,11283.92,,320491738.43,0.006859973730797719
2022-09-21,11245.84,11259.31,11117.37,11208.51,,333907929.34,-0.0066829612404200045
2022-09-22,11122.11,11241.12,11094.74,11114.43,,321627172.57,-0.00839362234587826
2022-09-23,11105.76,11146.79,10899.59,11006.41,,340925084.82,-0.009718896965476453
2022-09-26,10921.64,11141.59,10908.96,10962.56,,327208261.32,-0.003984042026419221
2022-09-27,10999.1,11175.12,10959.82,11175.12,,320916907.07,0.019389631618891956
2022-09-28,11136.18,11136.18,10899.7,10899.7,,323972351.91,-0.02464582035808116
2022-09-29,11023.83,11045.98,10864.49,10919.44,,314504671.5,0.001811059019972916
2022-09-30,10925.01,10962.22,10777.91,10778.61,,283223131.82,-0.01289718154044528
2022-10-10,10788.69,10801.34,10500.77,10522.12,,298150773.35,-0.023796203777667002
2022-10-11,10555.06,10617.92,10487.66,10577.81,,277287498.49,0.005292659654138054
2022-10-12,10568.01,10838.63,10402.06,10838.48,,347135439.52,0.024643097200649278
2022-10-13,10762.67,10923.92,10737.3,10817.67,,352459169.21,-0.0019200109240409269
2022-10-14,10914.18,11177.23,10890.19,11121.71,,390341469.84,0.028105867529699013
2022-10-17,11059.23,11173.39,11041.58,11162.26,,382488132.67,0.003646022059557552
2022-10-18,11223.15,11270.48,11135.46,11187.7,,388144933.39,0.0022791083526096934
2022-10-19,11154.13,11197.15,11027.24,11027.24,,365583538.92,-0.014342536893195312
2022-10-20,10948.43,11126.16,10832.09,10965.33,,375346701.16,-0.005614278822261953
2022-10-21,10955.84,11000.39,10875.18,10918.97,,343830150.5,-0.004227870935028966
2022-10-24,10908.74,11043.03,10635.35,10694.61,,407224611.96,-0.020547725655441718
2022-10-25,10644.67,10760.67,10510.91,10639.82,,391931259.53,-0.005123141470329551
2022-10-26,10664.43,10928.45,10657.02,10818.33,,438412943.0,0.01677753946965277
2022-10-27,10843.34,10886.1,10750.14,10750.14,,426569079.62,-0.006303190973098505
2022-10-28,10659.7,10698.69,10368.91,10401.84,,440106690.05,-0.03239957805200666
2022-10-31,10304.2,10518.39,10301.71,10397.04,,395020256.1,-0.00046145681917808545
2022-11-01,10420.95,10734.25,10395.56,10734.25,,424965410.08,0.0324332694690026
2022-11-02,10704.25,10951.45,10687.21,10877.51,,466416166.38,0.013346065165242171
2022-11-03,10766.22,10877.74,10754.29,10840.06,,400924658.59,-0.0034428835275720493
2022-11-04,10848.3,11226.21,10848.3,11187.43,,466117158.0,0.03204502558103939
2022-11-07,11184.16,11272.8,11127.25,11207.73,,455136443.8,0.0018145364931891894
2022-11-08,11202.44,11212.54,11055.08,11142.93,,399511530.48,-0.005781723863797494
2022-11-09,11149.37,11185.51,11049.33,11055.29,,393693811.17,-0.007865076779626112
2022-11-10,10964.94,10979.71,10848.48,10908.55,,426394699.9,-0.013273283649728018
2022-11-11,11217.11,11272.16,11085.93,11139.77,,598274247.35,0.021196217645791604
2022-11-14,11177.07,11260.86,11067.89,11113.46,,518247742.05,-0.0023618081881404684
2022-11-15,11100.23,11351.33,11069.15,11351.33,,503671259.16,0.021403775241913836
2022-11-16,11336.07,11385.87,11220.33,11235.56,,466187380.63,-0.010198804897752156
2022-11-17,11199.62,11221.45,11077.59,11221.45,,438822708.47,-0.0012558341551287544
2022-11-18,11229.11,11310.22,11171.19,11180.43,,492221657.82,-0.0036554990665199627
2022-11-21,11086.69,11137.63,11014.96,11134.47,,420524478.93,-0.004110754237538372
2022-11-22,11113.32,11152.0,10960.88,11002.93,,433756297.09,-0.011813763924102272
2022-11-23,10971.0,11025.48,10842.59,10972.81,,405799673.84,-0.00273745266033687
2022-11-24,11019.47,11061.36,10927.85,10956.68,,376262826.0,-0.0014699972021751107
2022-11-25,10928.15,10962.14,10881.08,10904.27,,368960495.02,-0.0047833832876381654
2022-11-28,10708.56,10833.27,10657.89,10829.08,,375381583.28,-0.006895463887082842
2022-11-29,10891.72,11112.73,10888.54,11089.01,,469714684.64,0.02400296239385069
2022-11-30,11071.31,11140.5,11044.03,11108.5,,477400248.79,0.0017575960342717245
2022-12-01,11282.46,11350.48,11262.81,11264.16,,494705771.58,0.014012692982851016
2022-12-02,11238.44,11312.32,11206.78,11219.79,,428852017.34,-0.003939042059061593
2022-12-05,11292.34,11338.86,11250.62,11323.34,,489374883.23,0.009229227998028389
2022-12-06,11278.49,11465.41,11264.47,11398.82,,455796410.14,0.006665877735721137
2022-12-07,11365.98,11504.39,11358.68,11418.76,,445500812.55,0.0017493038753133572
2022-12-08,11403.19,11429.77,11343.57,11389.79,,440019801.29,-0.0025370530600520302
2022-12-09,11397.1,11511.32,11360.15,11501.58,,464345892.44,0.009814930740601913
2022-12-12,11453.26,11457.09,11392.89,11399.13,,430329041.35,-0.008907471842999004
2022-12-13,11398.84,11400.01,11312.1,11323.7,,409092169.84,-0.0066171716613459
2022-12-14,11341.96,11375.22,11298.43,11321.81,,406111741.12,-0.00016690657647244755
2022-12-15,11306.79,11371.18,11269.61,11358.11,,392689172.62,0.003206201128618247
2022-12-16,11289.52,11327.27,11234.62,11295.03,,404009946.59,-0.005553740895272163
2022-12-19,11286.66,11329.56,11083.85,11124.7,,400705349.65,-0.015080083895306129
2022-12-20,11092.86,11092.86,10908.53,10949.12,,328218209.64,-0.015782897516337546
2022-12-21,10966.31,11001.15,10872.27,10912.09,,315182794.98,-0.0033820069558102572
2022-12-22,10976.58,11034.67,10840.3,10876.31,,347408566.9,-0.0032789319003051487
2022-12-23,10811.57,10918.18,10794.14,10849.64,,315967227.36,-0.002452118411483295
2022-12-26,10858.33,10996.64,10858.33,10978.99,,318664167.59,0.011922054556648964
2022-12-27,11010.93,11115.77,11000.11,11106.5,,347696816.1,0.011614000923582335
2022-12-28,11055.06,11061.19,10975.13,11010.53,,346226477.68,-0.008640885967676537
2022-12-29,10971.27,11064.02,10956.95,10996.41,,323094664.59,-0.0012824087487161018
2022-12-30,11046.07,11071.93,11013.32,11015.99,,322540533.38,0.0017805811169282482
2023-01-03,11003.05,11134.96,10921.42,11117.13,,397899643.22,0.009181199329338474
2023-01-04,11099.15,11149.15,11035.77,11095.37,,412144084.11,-0.0019573397090794087
2023-01-05,11136.77,11346.22,11136.77,11332.01,,410853816.39,0.021327815115674387
2023-01-06,11327.03,11443.45,11314.35,11367.73,,407144027.32,0.003152132763737381
2023-01-09,11411.37,11490.59,11408.67,11450.15,,360313472.0,0.007250348134588025
2023-01-10,11455.6,11526.28,11413.99,11506.79,,342008406.27,0.004946660087422616
2023-01-11,11498.97,11563.78,11424.25,11439.44,,349159804.16,-0.005853065885446762
2023-01-12,11470.61,11528.93,11425.11,11465.73,,340072633.76,0.0022981894218596643
2023-01-13,11509.21,11602.3,11489.19,11602.3,,331434486.2,0.011911147393144583
2023-01-16,11612.36,11886.95,11612.36,11785.77,,392756663.96,0.015813243925773435
2023-01-17,11794.96,11830.58,11746.76,11800.55,,331375769.5,0.0012540546778019301
2023-01-18,11813.38,11855.44,11793.32,11810.66,,314382505.79,0.0008567397282330802
2023-01-19,11796.4,11913.26,11763.82,11913.26,,326621913.2,0.008687067445849905
2023-01-20,11942.15,11997.53,11931.88,11980.62,,343456691.29,0.005654203803157287
2023-01-30,12229.38,12246.01,12088.24,12097.76,,485925548.79,0.009777457260141675
2023-01-31,12076.14,12115.45,11987.01,12001.26,,445449977.31,-0.007976683286823327
2023-02-01,12034.88,12158.19,11984.45,12158.19,,498656713.27,0.013076127006664384
2023-02-02,12187.55,12208.88,12107.52,12131.2,,490735378.31,-0.0022199027980316366
2023-02-03,12086.28,12095.39,11904.28,12054.29,,447992474.35,-0.006339850962806648
2023-02-06,11957.27,11977.24,11841.67,11912.56,,424219891.59,-0.0117576398112208
2023-02-07,11936.36,11958.22,11864.72,11926.88,,440822033.93,0.0012020925812754601
2023-02-08,11939.86,11957.01,11843.29,11853.46,,428272278.93,-0.006155842936291789
2023-02-09,11821.96,12048.27,11811.98,12048.27,,442551618.42,0.01643486374442582
2023-02-10,12031.72,12062.16,11917.74,11976.85,,458163546.27,-0.005927822002660954
2023-02-13,11964.75,12116.04,11952.6,12113.61,,466500204.87,0.011418695232886744
2023-02-14,12142.84,12143.29,12035.55,12094.94,,448099797.57,-0.0015412416282182262
2023-02-15,12103.72,12132.8,12036.23,12064.38,,464237084.62,-0.0025266764448604873
2023-02-16,12064.04,12163.97,11826.72,11907.4,,603109668.06,-0.01301185804823779
2023-02-17,11894.88,11927.11,11713.8,11715.77,,452502268.0,-0.01609335371281717
2023-02-20,11717.68,11956.89,11681.53,11954.13,,438487046.97,0.020345226988921716
2023-02-21,11947.65,12005.0,11886.24,11968.6,,430156398.27,0.0012104603178986206
2023-02-22,11892.14,11963.21,11868.79,11900.12,,369593896.47,-0.005721638286850572
2023-02-23,11895.46,11963.14,11829.87,11884.3,,382701854.74,-0.0013293983590082492
2023-02-24,11887.77,11889.24,11742.73,11787.45,,326405501.92,-0.008149407201097136
2023-02-27,11728.09,11781.28,11678.8,11701.95,,337795673.22,-0.007253477215173776
2023-02-28,11745.16,11792.68,11666.37,11783.8,,346662456.59,0.006994560735603672
2023-03-01,11783.76,11931.1,11751.36,11914.32,,415273774.98,0.011076223289601117
2023-03-02,11902.17,11929.15,11837.12,11849.51,,430983053.39,-0.005439672595666356
2023-03-03,11862.16,11895.97,11770.34,11851.92,,386886331.11,0.00020338393739494087
2023-03-06,11850.82,11862.37,11742.13,11842.88,,385843288.76,-0.0007627456142127453
2023-03-07,11824.17,11839.61,11606.19,11608.58,,408967132.47,-0.019784039017536226
2023-03-08,11566.57,11617.94,11534.67,11598.29,,314567553.95,-0.0008864133253161377
2023-03-09,11605.94,11637.03,11525.23,11579.99,,328391193.54,-0.0015778187991506432
2023-03-10,11513.66,11535.54,11437.99,11442.54,,361217065.87,-0.01186961301348266
2023-03-13,11405.14,11511.12,11396.61,11505.02,,363383445.92,0.005460326116404124
2023-03-14,11483.64,11486.56,11282.58,11416.57,,397559735.34,-0.007687948391224109
2023-03-15,11485.95,11537.72,11408.19,11413.43,,350589630.27,-0.00027503882514623434
2023-03-16,11336.75,11381.73,11223.1,11237.7,,357606531.74,-0.015396773800689156
2023-03-17,11328.37,11388.52,11245.15,11278.05,,405882900.28,0.0035905923810031215
2023-03-20,11289.96,11342.03,11231.01,11247.13,,438320664.09,-0.0027416087000855516
2023-03-21,11270.07,11427.25,11270.07,11427.25,,387093060.82,0.01601475220789661
2023-03-22,11459.83,11521.42,11448.19,11496.93,,445982825.16,0.006097705047146018
2023-03-23,11457.79,11605.29,11442.95,11605.29,,437895647.1,0.009425124794184336
2023-03-24,11616.46,11648.54,11581.42,11634.22,,478515087.5,0.00249282870139389
2023-03-27,11621.92,11659.0,11558.38,11647.94,,494534827.01,0.0011792797454406312
2023-03-28,11637.51,11649.15,11548.42,11564.45,,445848465.23,-0.007167791042879679
2023-03-29,11584.92,11623.43,11538.17,11579.92,,413801868.87,0.0013377203412181515
2023-03-30,11578.33,11656.48,11505.55,11651.83,,392284297.99,0.00620988746036244
2023-03-31,11666.31,11737.28,11657.57,11726.4,,399637085.07,0.006399853070290229
2023-04-03,11751.68,11898.76,11751.68,11889.42,,497823896.14,0.013901964797380373
2023-04-04,11878.16,11885.38,11792.24,11859.48,,508214233.83,-0.0025182052614846073
2023-04-06,11787.35,11874.8,11778.8,11866.31,,454537864.61,0.000575910579553307
2023-04-07,11867.87,11979.59,11858.5,11967.74,,427697141.67,0.008547728822186462
2023-04-10,11987.68,11992.32,11845.88,11871.93,,478316981.97,-0.008005688626256835
2023-04-11,11866.35,11914.32,11819.76,11877.15,,423094684.63,0.00043969261948140215
2023-04-12,11873.26,11912.95,11842.26,11883.51,,452203992.56,0.0005354819969438651
2023-04-13,11836.82,11844.4,11727.89,11739.84,,470307590.91,-0.012089862338652502
2023-04-14,11760.43,11816.68,11737.3,11800.09,,439951634.14,0.005132097200643226
2023-04-17,11783.68,11855.48,11781.29,11855.48,,423633406.65,0.004694031994671111
2023-04-18,11834.77,11891.11,11818.25,11860.4,,397866670.04,0.0004149979587497743
2023-04-19,11844.32,11844.32,11743.85,11760.27,,414923104.88,-0.008442379683653134
2023-04-20,11751.38,11751.38,11659.65,11717.26,,433953326.81,-0.00365722895817866
2023-04-21,11729.8,11751.42,11450.13,11450.43,,479311978.73,-0.022772388766656992
2023-04-24,11442.38,11452.91,11265.77,11317.01,,427155286.99,-0.011651964162044615
2023-04-25,11307.09,11320.45,11034.18,11149.01,,463773504.73,-0.014844910448961302
2023-04-26,11101.18,11244.04,11088.2,11185.68,,438565413.38,0.0032890812726869
2023-04-27,11140.89,11258.76,11128.11,11217.0,,415685321.76,0.002800008582401814
2023-04-28,11228.46,11340.46,11228.46,11338.67,,453848625.28,0.010846928768833086
2023-05-04,11310.35,11329.0,11242.12,11273.87,,482011992.65,-0.0057149559869014155
2023-05-05,11260.62,11262.33,11124.91,11180.87,,442026270.83,-0.008249163774285084
2023-05-08,11206.33,11234.92,11158.83,11225.77,,439329142.94,0.004015787680207383
2023-05-09,11208.74,11265.33,11121.97,11125.02,,481338002.05,-0.00897488546442693
2023-05-10,11101.01,11177.81,11043.36,11140.19,,394663045.59,0.001363593054214851
2023-05-11,11158.72,11200.91,11136.26,11142.53,,385308783.37,0.00021005027741893834
2023-05-12,11131.3,11172.71,11004.26,11005.64,,367693644.63,-0.012285360685589497
2023-05-15,11019.7,11178.62,10995.7,11178.62,,384684379.98,0.015717395807967716
2023-05-16,11182.36,11182.36,11069.44,11099.26,,353743511.32,-0.007099266277948546
2023-05-17,11084.56,11120.97,11036.77,11091.08,,326266963.42,-0.0007369860693415831
2023-05-18,11108.33,11144.48,11024.09,11078.28,,371723075.55,-0.0011540805764631568
2023-05-19,11061.75,11145.51,11034.63,11091.36,,355407470.68,0.0011806886989678134
2023-05-22,11083.38,11159.31,11037.21,11127.04,,345667850.75,0.0032169183941375135
2023-05-23,11124.26,11137.63,11012.58,11012.58,,340074032.19,-0.010286653054181638
2023-05-24,10976.73,11028.57,10920.33,10920.33,,345570373.6,-0.008376783641980357
2023-05-25,10915.12,10954.24,10801.22,10896.58,,377513829.32,-0.002174842701639923
2023-05-26,10889.27,10926.84,10798.65,10909.65,,357576008.95,0.0011994589127963806
2023-05-29,10942.67,10961.79,10790.5,10822.09,,395539317.33,-0.008025922004830544
2023-05-30,10799.4,10869.55,10697.87,10869.55,,397341086.19,0.004385474524791322
2023-05-31,10849.81,10849.81,10732.42,10793.85,,388079766.31,-0.006964409750173539
2023-06-01,10758.89,10913.64,10735.51,10835.9,,419041309.27,0.0038957369242669238
2023-06-02,10875.31,11012.55,10875.31,10998.08,,406446845.03,0.014966915530781888
2023-06-05,10990.73,10990.73,10903.05,10946.08,,375801794.45,-0.0047280979952863955
2023-06-06,10928.51,10933.61,10752.22,10773.45,,414938520.39,-0.01577094265709722
2023-06-07,10783.31,10799.46,10681.48,10708.82,,348520500.59,-0.00599900681768617
2023-06-08,10710.91,10775.34,10648.14,10722.87,,369611572.46,0.0013120026296082887
2023-06-09,10733.52,10793.93,10697.36,10793.93,,408492315.36,0.006626957148599066
2023-06-12,10769.02,10914.63,10752.01,10873.74,,405335425.09,0.0073939705000865
2023-06-13,10855.44,10963.65,10853.57,10955.96,,401828791.15,0.007561335842129591
2023-06-14,10976.51,11034.18,10962.45,10984.56,,427026223.86,0.0026104512977411787
2023-06-15,11011.95,11185.68,11011.85,11182.94,,433495536.68,0.018059894979862712
2023-06-16,11194.55,11316.24,11183.79,11306.53,,426118435.48,0.011051655468061083
2023-06-19,11305.79,11307.75,11244.42,11274.05,,430857132.53,-0.002872676232230531
2023-06-20,11260.15,11338.15,11248.14,11305.35,,428286409.73,0.0027762871372756237
2023-06-21,11262.84,11278.97,11058.63,11058.63,,418746594.83,-0.02182329605010025
2023-06-26,10963.62,11002.37,10848.72,10872.3,,424191187.35,-0.016849284224176087
2023-06-27,10879.49,10987.19,10863.66,10978.08,,370430837.88,0.009729312105074328
2023-06-28,10947.89,10951.41,10792.35,10926.32,,399824368.23,-0.0047148499555478285
2023-06-29,10909.08,10965.11,10880.88,10915.5,,380424072.02,-0.0009902693679115782
2023-06-30,10897.42,11067.39,10883.57,11026.59,,404836525.77,0.01017727085337361
2023-07-03,11059.31,11128.93,11028.24,11091.56,,441147038.93,0.005892120773511866
2023-07-04,11080.64,11133.45,11055.26,11130.3,,399028775.87,0.003492745835572242
2023-07-05,11129.12,11129.12,11014.39,11029.3,,386448219.39,-0.009074328634448348
2023-07-06,11001.87,11072.07,10954.15,10968.37,,378440662.48,-0.005524375980343166
2023-07-07,10939.29,10949.98,10852.96,10888.55,,384314195.54,-0.007277289150530275
2023-07-10,10926.36,10995.8,10901.84,10942.83,,344173872.91,0.004985053106244752
2023-07-11,10953.88,11030.19,10933.23,11028.68,,350924413.24,0.007845319720767074
2023-07-12,11020.36,11029.29,10905.85,10919.26,,415862790.01,-0.00992140491881166
2023-07-13,10963.23,11103.08,10963.23,11095.44,,395940515.96,0.016134793017109184
2023-07-14,11108.92,11120.19,11069.32,11080.32,,401616162.86,-0.001362721983085069
2023-07-17,11039.13,11039.13,10963.47,11010.36,,363505430.57,-0.0063138970715646
2023-07-18,11030.98,11032.12,10947.51,10972.96,,362488646.41,-0.003396800831217295
2023-07-19,10959.04,10992.69,10876.96,10932.65,,328058683.37,-0.0036735757717151207
2023-07-20,10947.63,10998.07,10804.35,10816.27,,386132068.38,-0.010645177518716853
2023-07-21,10801.34,10886.73,10775.35,10810.18,,372200415.68,-0.0005630406785334108
2023-07-24,10771.64,10837.98,10730.94,10747.79,,353654310.44,-0.005771411761876233
2023-07-25,10909.19,11021.93,10909.19,11021.29,,438411550.9,0.025447091913779474
2023-07-26,11001.86,11001.86,10942.41,10968.98,,415177960.5,-0.004746268358785666
2023-07-27,10985.59,11024.01,10904.74,10923.77,,419988951.88,-0.004121622976794526
2023-07-28,10895.48,11120.59,10877.41,11100.4,,469495575.02,0.016169326157544406
2023-07-31,11158.72,11289.16,11153.72,11183.91,,534958540.44,0.007523152318835269
2023-08-01,11168.5,11211.68,11102.84,11143.23,,480961382.03,-0.0036373683264618872
2023-08-02,11120.86,11176.94,11073.23,11104.16,,428488637.01,-0.003506164729616068
2023-08-03,11067.75,11164.76,11067.29,11163.42,,415941239.37,0.005336738663707985
2023-08-04,11229.46,11305.5,11185.9,11238.06,,486043733.58,0.006686123069811867
2023-08-07,11207.58,11207.58,11113.14,11145.03,,416526632.56,-0.008278119177153265
2023-08-08,11126.69,11156.21,11075.45,11098.45,,379190258.28,-0.004179441419179697
2023-08-09,11068.53,11096.93,11023.37,11039.45,,359384011.96,-0.005316057647689498
2023-08-10,11023.24,11060.47,10974.5,11050.22,,322373154.51,0.0009755920811271857
2023-08-11,11060.85,11060.85,10808.87,10808.87,,371809334.16,-0.021841194111972273
2023-08-14,10697.81,10763.3,10607.71,10755.14,,345682092.28,-0.004970917403947062
2023-08-15,10764.8,10780.52,10589.85,10679.73,,332540167.32,-0.007011531230648793
2023-08-16,10640.13,10686.92,10579.47,10579.56,,333977651.7,-0.00937945060408829
2023-08-17,10540.44,10656.84,10469.79,10644.52,,349464107.71,0.006140141934069199
2023-08-18,10637.68,10655.61,10458.51,10458.51,,363919163.61,-0.017474719386125437
2023-08-21,10432.95,10482.11,10320.39,10320.39,,321541143.58,-0.013206470137715698
2023-08-22,10376.86,10409.43,10198.01,10374.73,,386555815.6,0.005265304896423517
2023-08-23,10351.7,10351.7,10151.82,10152.6,,336884785.48,-0.021410677675467116
2023-08-24,10203.14,10341.86,10153.44,10256.19,,366989478.98,0.010203297677442213
2023-08-25,10197.96,10212.65,10091.86,10130.47,,387522508.03,-0.012257963239760694
2023-08-28,10714.69,10714.69,10204.98,10233.15,,529252226.06,0.010135758755516866
2023-08-29,10204.25,10496.62,10200.85,10454.98,,507722442.34,0.021677587057748582
2023-08-30,10477.64,10569.55,10446.46,10482.5,,475830315.54,0.0026322384165249346
2023-08-31,10471.99,10483.09,10405.96,10418.21,,401930565.16,-0.006133078941092385
2023-09-01,10449.6,10513.42,10429.59,10463.74,,359933709.96,0.004370232506351934
2023-09-04,10520.46,10611.74,10473.19,10611.74,,416166022.82,0.014144082326204677
2023-09-05,10593.68,10611.44,10522.89,10540.71,,386458928.81,-0.006693529996023351
2023-09-06,10503.15,10531.29,10449.16,10515.21,,373872507.1,-0.0024191918760690934
2023-09-07,10493.37,10493.37,10321.38,10321.44,,388462856.61,-0.018427592030972106
2023-09-08,10284.48,10319.84,10233.71,10281.88,,343406845.79,-0.0038327985242370133
2023-09-11,10290.81,10443.0,10256.23,10382.38,,394108675.97,0.009774477041163632
2023-09-12,10376.16,10421.56,10349.33,10373.99,,343766525.54,-0.000808099876906776
2023-09-13,10351.79,10373.15,10200.7,10255.87,,356913266.82,-0.01138616867762543
2023-09-14,10243.25,10252.02,10154.64,10197.59,,335577118.44,-0.0056825993309198575
2023-09-15,10213.61,10241.88,10115.28,10144.59,,332213315.24,-0.0051973064223997945
2023-09-18,10111.67,10253.49,10093.47,10200.04,,335342466.92,0.0054659675748354175
2023-09-19,10185.07,10185.07,10082.67,10125.73,,316898270.3,-0.00728526554797837
2023-09-20,10110.41,10123.69,10072.46,10072.46,,294836645.53,-0.005260855266731479
2023-09-21,10050.48,10087.03,9981.52,9981.67,,297047725.64,-0.009013686825264045
2023-09-22,9975.37,10183.93,9962.94,10178.74,,367443053.55,0.019743189265924332
2023-09-25,10181.18,10181.18,10105.21,10120.62,,344715139.58,-0.005709940523090151
2023-09-26,10110.06,10146.89,10060.15,10060.15,,315562061.64,-0.005974930389640254
2023-09-27,10057.99,10185.02,10057.17,10104.32,,345305830.77,0.004390590597555644
2023-09-28,10131.66,10155.03,10085.09,10109.53,,352561575.93,0.0005156210412973206
2023-10-09,10095.71,10139.49,9991.17,10106.96,,386367546.47,-0.00025421557678761975
2023-10-10,10133.02,10159.47,10044.67,10050.04,,396909716.84,-0.005631762666518769
2023-10-11,10088.14,10164.07,10058.33,10084.89,,408425376.68,0.0034676478899584584
2023-10-12,10145.49,10174.23,10097.11,10168.49,,403711651.98,0.008289629336561966
2023-10-13,10110.38,10110.38,10028.74,10068.28,,407535133.5,-0.009854953882041384
2023-10-16,10065.07,10065.97,9889.66,9924.92,,425465446.54,-0.014238777626367272
2023-10-17,9944.68,9958.98,9888.09,9940.22,,377328276.48,0.001541574138632873
2023-10-18,9914.02,9914.02,9809.37,9816.68,,392406577.35,-0.01242829635561371
2023-10-19,9757.19,9784.53,9654.97,9655.09,,394225852.37,-0.016460758627153016
2023-10-20,9605.29,9665.81,9554.63,9570.36,,368151525.67,-0.008775682049571687
2023-10-23,9552.55,9552.55,9373.76,9425.98,,383207567.65,-0.015086161858070213
2023-10-24,9458.33,9523.9,9380.79,9483.9,,401263786.26,0.006144719169783874
2023-10-25,9573.67,9617.67,9524.82,9528.31,,440145243.21,0.004682672740117466
2023-10-26,9470.49,9571.16,9432.84,9566.1,,435715342.83,0.003966075830866167
2023-10-27,9535.65,9805.7,9513.32,9770.84,,477342877.77,0.021402661481690455
2023-10-30,9759.22,9952.43,9759.17,9927.99,,491233276.46,0.016083571115687034
2023-10-31,9924.72,9927.45,9814.98,9863.8,,454253176.77,-0.006465558486662526
2023-11-01,9897.93,9901.37,9808.4,9826.73,,407684068.19,-0.0037581865001317105
2023-11-02,9842.56,9879.27,9733.39,9734.77,,403065577.82,-0.00935814864151141
2023-11-03,9747.82,9886.86,9747.82,9853.89,,409513448.68,0.012236550016076375
2023-11-06,9922.45,10080.0,9922.45,10071.56,,514754837.63,0.02208975338673347
2023-11-07,10047.14,10088.08,10000.55,10056.49,,489682907.24,-0.0014962925306506447
2023-11-08,10032.24,10101.55,9986.84,10052.09,,516342271.55,-0.0004375284020567971
2023-11-09,10037.56,10100.0,10004.06,10032.09,,467089940.01,-0.0019896359861482082
2023-11-10,9987.46,9997.79,9939.1,9978.54,,392883741.85,-0.005337870772690323
2023-11-13,10012.85,10033.51,9936.71,9988.83,,423998040.68,0.0010312129830616357
2023-11-14,9988.51,10056.86,9963.55,10005.56,,444452182.9,0.0016748708307179339
2023-11-15,10111.83,10122.2,10048.46,10077.96,,477666773.07,0.0072359767969008
2023-11-16,10053.8,10064.91,9954.4,9954.4,,426727263.32,-0.01226041778296394
2023-11-17,9924.16,9980.38,9914.48,9979.69,,417396483.91,0.002540585067909662
2023-11-20,9986.92,10050.83,9924.44,10022.7,,463814124.1,0.004309753108563408
2023-11-21,10050.48,10113.19,9981.11,9997.09,,530720034.36,-0.0025551996966886037
2023-11-22,9957.54,9975.09,9855.66,9855.66,,482185377.71,-0.014147116810992011
2023-11-23,9846.68,9938.84,9814.17,9933.02,,448452442.55,0.007849296749279144
2023-11-24,9932.97,9932.97,9816.28,9839.52,,448224234.31,-0.009413048599519636
2023-11-27,9829.55,9829.55,9736.78,9785.57,,416126766.17,-0.005482991040213436
2023-11-28,9781.54,9835.14,9742.0,9833.46,,384726645.49,0.004893940771973471
2023-11-29,9826.01,9827.74,9733.32,9744.39,,387062917.01,-0.009057849424312425
2023-11-30,9728.38,9768.9,9677.77,9726.92,,383679951.14,-0.0017928264365444369
2023-12-01,9723.93,9752.02,9624.92,9720.57,,417748048.85,-0.0006528274109379728
2023-12-04,9715.47,9736.11,9660.44,9660.44,,416813218.14,-0.00618585124123372
2023-12-05,9628.28,9628.28,9470.36,9470.36,,403217088.8,-0.019676122412643715
2023-12-06,9451.16,9599.58,9446.88,9533.25,,402669613.07,0.006640719043415455
2023-12-07,9518.45,9561.98,9456.98,9519.91,,393251788.23,-0.0013993129310571062
2023-12-08,9531.05,9592.92,9500.81,9553.92,,436426898.78,0.003572512765351865
2023-12-11,9496.46,9649.87,9406.7,9632.61,,421472939.23,0.008236409766881003
2023-12-12,9616.13,9648.97,9593.35,9625.26,,376206630.78,-0.0007630330720335143
2023-12-13,9606.48,9606.48,9476.62,9476.62,,367340979.89,-0.015442699729669607
2023-12-14,9527.42,9578.6,9413.81,9417.97,,366225612.19,-0.006188915457199018
2023-12-15,9449.89,9507.43,9368.47,9385.33,,359457507.38,-0.0034657150107718637
2023-12-18,9346.95,9376.67,9258.96,9279.39,,353528302.99,-0.011287828984170023
2023-12-19,9270.2,9331.99,9225.01,9289.34,,317948961.48,0.001072268759045647
2023-12-20,9303.09,9310.86,9158.44,9158.44,,324051149.02,-0.014091420919031927
2023-12-21,9122.41,9286.07,9106.15,9257.09,,361685200.18,0.010771485100082412
2023-12-22,9247.08,9331.12,9186.03,9221.31,,396024291.28,-0.0038651455262940226
2023-12-25,9200.65,9268.27,9200.65,9256.28,,312079626.31,0.00379230282899079
2023-12-26,9248.07,9248.49,9124.81,9157.25,,313615980.77,-0.010698682408051718
2023-12-27,9170.25,9211.42,9121.17,9191.74,,328074139.12,0.0037664145895328627
2023-12-28,9182.85,9476.8,9166.58,9441.05,,410934103.75,0.02712326501837503
2023-12-29,9434.58,9534.68,9427.92,9524.69,,394147518.48,0.008859184094989647
2024-01-02,9527.11,9527.11,9401.35,9401.35,,385969542.71,-0.012949502818464409
2024-01-03,9378.69,9405.09,9280.82,9330.86,,366813901.23,-0.007497859349986924
2024-01-04,9317.4,9317.4,9171.13,9215.25,,330572264.62,-0.012390069082592658
2024-01-05,9205.39,9275.23,9074.93,9116.44,,365840004.31,-0.010722443775263768
2024-01-08,9095.71,9119.12,8947.72,8947.72,,338193162.56,-0.018507224311244408
2024-01-09,8960.97,9042.45,8912.03,8971.72,,349254805.4,0.002682247544625982
2024-01-10,8938.45,9035.19,8857.97,8922.79,,340941629.52,-0.005453803729942308
2024-01-11,8918.23,9099.22,8898.2,9053.88,,379854422.52,0.014691593100364164
2024-01-12,9026.74,9095.61,8995.41,8996.26,,372243759.35,-0.006364122343127887
2024-01-15,8957.72,9045.55,8912.45,8963.93,,321736818.23,-0.0035937156107093138
2024-01-16,8946.93,9002.34,8871.19,8992.07,,367278109.8,0.0031392480753418273
2024-01-17,8968.53,8968.53,8759.76,8759.76,,335603510.31,-0.025834985715191272
2024-01-18,8706.14,8858.4,8585.2,8847.0,,443596678.7,0.00995917696375237
2024-01-19,8821.76,8890.12,8771.58,8787.02,,334078648.14,-0.006779699333107181
2024-01-22,8769.39,8769.39,8430.61,8479.55,,419979420.1,-0.03499138502017762
2024-01-23,8465.0,8638.9,8402.06,8596.28,,378235429.38,0.013766060698976013
2024-01-24,8633.17,8693.08,8404.07,8682.19,,408086011.65,0.00999385780826123
2024-01-25,8661.45,8858.21,8621.18,8856.22,,434981714.13,0.020044481864598618
2024-01-26,8809.76,8859.63,8746.1,8762.33,,411948465.98,-0.010601588488090785
2024-01-29,8775.38,8800.64,8581.76,8581.76,,394325661.76,-0.020607532471386025
2024-01-30,8523.74,8579.59,8370.06,8375.98,,338726319.22,-0.02397876426280865
2024-01-31,8340.72,8408.67,8208.45,8212.84,,431254596.52,-0.0194771238708783
2024-02-01,8172.81,8371.38,8134.81,8240.48,,397246424.81,0.0033654618865093244
2024-02-02,8239.5,8300.75,7840.62,8055.77,,468595116.3,-0.02241495641030611
2024-02-05,7987.34,8171.77,7683.63,7964.71,,537044650.55,-0.011303699087734653
2024-02-06,7886.32,8471.28,7880.4,8460.38,,592075925.88,0.06223327654114197
2024-02-07,8464.87,8724.17,8445.71,8708.24,,616780239.89,0.029296556419451614
2024-02-08,8750.54,8975.05,8742.95,8820.6,,626414267.5,0.012902722019604518
2024-02-19,8957.28,8957.28,8797.46,8902.33,,557365100.69,0.009265809582114537
2024-02-20,8857.5,8919.81,8798.43,8905.96,,441775862.65,0.00040775841830154036
2024-02-21,8829.7,9130.03,8798.37,8975.97,,543634895.74,0.00786102789592591
2024-02-22,8971.44,9050.27,8946.24,9043.75,,458089489.52,0.0075512730100479875
2024-02-23,9074.61,9077.56,8971.34,9069.42,,520275040.73,0.0028384243261920794
2024-02-26,9070.22,9154.6,9023.33,9066.09,,558701304.17,-0.00036716791150925854
2024-02-27,9032.26,9269.57,9016.61,9269.57,,533396102.27,0.022444074567977923
2024-02-28,9293.15,9391.52,9047.09,9047.09,,766864111.68,-0.02400111332025101
2024-02-29,9001.28,9334.94,9001.28,9330.44,,565455991.85,0.0313194629433331
2024-03-01,9345.74,9452.63,9298.16,9434.75,,539671125.17,0.011179537085067803
2024-03-04,9456.37,9486.7,9359.84,9438.24,,530099408.16,0.0003699091125890508
2024-03-05,9371.94,9448.73,9344.45,9416.8,,511035318.84,-0.002271609961179255
2024-03-06,9366.71,9487.19,9309.84,9395.65,,466361055.82,-0.0022459858975447666
2024-03-07,9398.05,9454.54,9267.12,9267.12,,511178100.92,-0.013679734770877916
2024-03-08,9281.61,9386.75,9230.06,9369.05,,435687360.85,0.010999102202194244
2024-03-11,9369.65,9581.66,9363.41,9581.53,,492214428.47,0.022678926892267803
2024-03-12,9603.46,9649.74,9535.21,9630.54,,565737507.12,0.005115049475396871
2024-03-13,9640.09,9674.14,9568.88,9604.99,,527631403.57,-0.002653018418489639
2024-03-14,9598.42,9675.47,9489.02,9555.42,,509058042.16,-0.005160859095116099
2024-03-15,9532.42,9616.5,9455.51,9612.75,,476506834.8,0.005999736275328571
2024-03-18,9665.07,9752.83,9646.21,9752.83,,562355129.99,0.014572312813710964
2024-03-19,9723.4,9785.1,9696.69,9696.69,,534551977.69,-0.00575627792138278
2024-03-20,9669.7,9725.31,9654.53,9717.37,,511389021.7,0.002132686514676685
2024-03-21,9736.23,9758.34,9663.49,9682.51,,558907397.99,-0.0035873904153078673
2024-03-22,9659.88,9680.21,9505.99,9565.56,,565281971.99,-0.012078479650421303
2024-03-25,9538.35,9601.84,9421.08,9422.61,,527558320.43,-0.014944237451858466
2024-03-26,9413.26,9490.75,9366.0,9449.43,,485153702.01,0.002846345120937732
2024-03-27,9437.56,9437.67,9222.47,9222.47,,467833994.31,-0.024018379944610535
2024-03-28,9221.53,9440.31,9221.53,9342.92,,480632716.95,0.013060492471105967
2024-03-29,9335.11,9400.85,9304.76,9400.85,,450746607.65,0.006200417000252534
2024-04-01,9451.73,9647.07,9451.73,9647.07,,517323806.01,0.026191248663684608
2024-04-02,9633.97,9633.97,9546.47,9586.95,,530838772.46,-0.006231943999576939
2024-04-03,9564.65,9575.56,9508.65,9544.77,,493831834.53,-0.004399730884170672
2024-04-08,9512.6,9525.95,9393.61,9394.61,,481052348.39,-0.015732175840800777
2024-04-09,9386.8,9449.65,9352.35,9448.98,,413718827.8,0.0057873610506449236
2024-04-10,9425.8,9425.8,9243.8,9297.96,,444036697.53,-0.015982677495348763
2024-04-11,9234.92,9378.43,9233.27,9300.77,,418938909.66,0.0003022168303585815
2024-04-12,9301.08,9343.18,9212.6,9228.23,,416535602.87,-0.0077993542470140564
2024-04-15,9228.13,9407.07,9189.96,9369.7,,545699161.86,0.015330133730953932
2024-04-16,9312.49,9341.97,9148.82,9155.07,,535620248.14,-0.02290681665368166
2024-04-17,9180.51,9381.77,9180.51,9381.77,,509475898.22,0.024762235570017666
2024-04-18,9336.73,9477.13,9299.33,9376.81,,483751481.37,-0.0005286848856880244
2024-04-19,9316.98,9351.96,9220.64,9279.46,,439773630.59,-0.010381995582719572
2024-04-22,9228.18,9327.59,9212.29,9239.14,,416965980.35,-0.00434508042493853
2024-04-23,9231.9,9269.71,9147.95,9183.14,,396459069.78,-0.0060611701954943475
2024-04-24,9186.19,9254.65,9135.58,9251.13,,419821151.34,0.007403785633236515
2024-04-25,9204.79,9329.41,9198.32,9264.48,,421472888.2,0.0014430669550637987
2024-04-26,9258.49,9471.29,9258.49,9463.91,,542141711.05,0.021526302609536696
2024-04-29,9479.6,9718.36,9479.6,9673.76,,583038158.01,0.022173710443146755
2024-04-30,9647.06,9662.56,9587.08,9587.12,,526973890.55,-0.008956186632705365
2024-05-06,9735.88,9804.2,9732.69,9779.21,,527113641.22,0.020036256978112066
2024-05-07,9778.16,9804.76,9743.19,9770.94,,497701956.76,-0.0008456715828781824
2024-05-08,9743.87,9743.87,9633.7,9638.82,,463496548.09,-0.013521728718014936
2024-05-09,9648.22,9805.12,9648.22,9788.07,,453844909.79,0.015484260521516191
2024-05-10,9788.83,9805.92,9670.89,9731.24,,472813779.36,-0.005806047566067618
2024-05-13,9659.64,9720.48,9605.18,9673.32,,449470772.31,-0.005951965011653182
2024-05-14,9689.55,9736.29,9633.8,9668.73,,429648085.31,-0.00047450099862300643
2024-05-15,9648.43,9659.04,9577.21,9583.54,,419362258.98,-0.008810877953981389
2024-05-16,9614.73,9668.85,9582.22,9604.13,,460033334.99,0.002148475406791084
2024-05-17,9590.39,9709.42,9563.47,9709.42,,485312038.05,0.01096299196283268
2024-05-20,9710.2,9779.36,9701.85,9750.82,,526111085.52,0.00426390041835667
2024-05-21,9721.72,9730.28,9649.15,9681.66,,445115485.79,-0.007092736815980549
2024-05-22,9674.5,9709.0,9643.87,9693.05,,439497773.97,0.0011764511457745819
2024-05-23,9667.18,9672.18,9520.21,9541.64,,469398437.05,-0.015620470336993986
2024-05-24,9508.85,9578.73,9421.55,9424.58,,414778014.55,-0.012268331230270602
2024-05-27,9444.23,9511.14,9375.52,9507.75,,412785602.77,0.008824796436551985
2024-05-28,9489.08,9494.77,9385.44,9391.05,,408127395.52,-0.012274197365307327
2024-05-29,9387.65,9460.63,9379.3,9414.98,,402079742.34,0.0025481708648127377
2024-05-30,9395.79,9441.49,9366.13,9384.72,,396330055.28,-0.0032140270080234234
2024-05-31,9388.27,9455.34,9364.38,9364.38,,397055459.44,-0.002167352888525209
2024-06-03,9358.59,9422.07,9307.92,9370.5,,447810013.43,0.0006535403304863685
2024-06-04,9350.83,9486.75,9327.83,9469.32,,416040949.66,0.010545862013766616
2024-06-05,9450.07,9509.78,9393.61,9393.61,,392500751.95,-0.007995294276674447
2024-06-06,9417.93,9446.88,9313.88,9340.01,,497858821.53,-0.005706006529970997
2024-06-07,9343.8,9366.34,9181.89,9255.68,,392337785.88,-0.00902889825599762
2024-06-11,9198.54,9282.71,9166.47,9262.35,,353804958.41,0.000720638570045562
2024-06-12,9244.31,9299.36,9243.73,9269.94,,357999094.23,0.0008194464687687475
2024-06-13,9281.05,9296.37,9190.88,9206.24,,376742660.3,-0.006871673387314314
2024-06-14,9177.41,9265.96,9138.32,9252.25,,393204145.96,0.004997697214063512
2024-06-17,9209.46,9298.01,9202.17,9281.25,,358288450.93,0.003134372720149159
2024-06-18,9278.28,9329.99,9276.44,9318.47,,386563637.45,0.0040102356902356195
2024-06-19,9324.88,9325.85,9218.91,9219.07,,362994750.65,-0.010666987177079479
2024-06-20,9201.35,9225.02,9066.05,9068.85,,386167977.63,-0.01629448523549548
2024-06-21,9041.44,9100.83,9008.34,9064.84,,324515745.66,-0.0004421729326210544
2024-06-24,9004.85,9030.71,8916.46,8924.17,,375690038.65,-0.015518199990292136
2024-06-25,8911.9,8948.22,8797.05,8850.29,,347178355.71,-0.008278641038886425
2024-06-26,8838.0,9001.03,8811.36,8987.3,,370938431.25,0.015480848650156975
2024-06-27,8944.73,8947.96,8844.87,8849.7,,350713636.12,-0.01531049369666071
2024-06-28,8814.93,8960.96,8814.93,8848.7,,370471250.87,-0.00011299818072929568
2024-07-01,8835.16,8914.2,8771.01,8899.17,,348699724.32,0.005703662684914068
2024-07-02,8886.09,8895.55,8789.28,8812.67,,370677176.62,-0.009720007596214053
2024-07-03,8808.37,8827.09,8734.71,8760.43,,344268995.12,-0.0059278289099671255
2024-07-04,8775.84,8821.0,8670.34,8673.83,,353033943.28,-0.009885359508608582
2024-07-05,8664.8,8719.71,8573.75,8695.55,,317009144.48,0.002504084124314021
2024-07-08,8675.97,8675.97,8539.42,8561.95,,331066451.58,-0.01536418052912103
2024-07-09,8548.16,8733.87,8513.17,8705.94,,397419543.57,0.01681743060868146
2024-07-10,8672.33,8762.77,8664.92,8697.22,,355885860.89,-0.0010016149893062876
2024-07-11,8800.39,8890.76,8746.9,8870.36,,424940476.77,0.019907510675825302
2024-07-12,8831.68,8885.36,8814.09,8854.08,,367477014.58,-0.001835325736497806
2024-07-15,8825.47,8834.03,8780.75,8801.62,,332093973.99,-0.005924952112472348
2024-07-16,8783.35,8881.77,8780.09,8877.02,,324558546.86,0.008566604784119303
2024-07-17,8860.75,8884.79,8809.13,8835.14,,338590499.58,-0.004717799441704695
2024-07-18,8760.66,8880.44,8730.98,8879.33,,341554776.12,0.005001618536887964
2024-07-19,8826.64,8932.08,8820.09,8903.23,,316937938.16,0.002691644527233361
2024-07-22,8908.21,8925.44,8823.78,8869.82,,317628061.36,-0.0037525706962528993
2024-07-23,8862.94,8862.94,8606.58,8606.58,,352207187.4,-0.02967816708794535
2024-07-24,8582.63,8640.33,8469.88,8493.1,,343869450.32,-0.013185260579695934
2024-07-25,8443.44,8524.81,8428.75,8474.7,,309849711.18,-0.0021664645418044692
2024-07-26,8512.79,8617.65,8512.79,8597.17,,329209892.3,0.014451249011764311
2024-07-29,8589.28,8589.28,8510.49,8514.65,,324846417.67,-0.009598507415812474
2024-07-30,8482.17,8488.52,8416.6,8468.58,,342191574.53,-0.005410674543287142
2024-07-31,8446.5,8754.93,8444.15,8754.09,,490100421.8,0.03371403470239409
2024-08-01,8767.33,8799.09,8656.95,8673.58,,428500083.25,-0.009196843989495274
2024-08-02,8599.06,8697.49,8542.39,8553.55,,419216271.49,-0.013838576458624963
2024-08-05,8475.45,8646.86,8395.04,8395.05,,457625392.27,-0.01853031782125547
2024-08-06,8481.73,8525.72,8388.26,8463.86,,400614561.3,0.008196496745105808
2024-08-07,8450.49,8505.13,8416.25,8449.58,,355476030.12,-0.0016871734645895753
2024-08-08,8415.08,8514.67,8361.58,8446.21,,389688600.37,-0.00039883639186810704
2024-08-09,8486.42,8527.64,8393.7,8393.7,,371027039.41,-0.006216989632035985
2024-08-12,8386.83,8419.7,8354.42,8373.47,,338336031.9,-0.002410140939037797
2024-08-13,8372.71,8409.24,8327.35,8409.22,,309201590.22,0.0042694366851496746
2024-08-14,8403.48,8403.48,8311.0,8311.0,,311360593.27,-0.011680036911865699
2024-08-15,8292.2,8439.69,8288.71,8370.12,,402346456.66,0.00711346408374447
2024-08-16,8377.95,8408.39,8339.58,8349.87,,397382324.56,-0.002419320153116078
2024-08-19,8341.83,8437.88,8341.1,8356.9,,373962413.11,0.0008419292755454943
2024-08-20,8363.87,8367.38,8233.07,8252.87,,384352365.88,-0.01244839593629199
2024-08-21,8221.35,8297.1,8213.09,8229.75,,344005680.21,-0.0028014496775061737
2024-08-22,8234.28,8247.95,8151.63,8162.17,,361758836.26,-0.008211671071417737
2024-08-23,8134.4,8207.59,8133.57,8181.92,,343813744.53,0.0024196996632022127
2024-08-26,8194.94,8225.99,8163.88,8194.65,,342678353.06,0.0015558695269568545
2024-08-27,8161.68,8168.04,8084.04,8103.76,,336850151.73,-0.011091382792431603
2024-08-28,8071.86,8098.31,8036.4,8078.82,,328858698.24,-0.003077583738906431
2024-08-29,8030.74,8191.37,8028.37,8154.44,,376828401.26,0.009360277862361155
2024-08-30,8152.81,8453.66,8152.81,8348.48,,521026373.54,0.023795625450674818
2024-09-02,8331.46,8340.38,8172.21,8172.21,,433096102.81,-0.02111402315151978
2024-09-03,8157.44,8294.77,8157.44,8268.05,,370283733.27,0.01172754983046187
2024-09-04,8207.28,8297.82,8189.53,8226.24,,362368388.05,-0.00505681508941036
2024-09-05,8224.51,8297.94,8220.55,8249.66,,347575087.55,0.0028469872019294407
2024-09-06,8252.01,8260.69,8128.77,8130.77,,363787771.79,-0.014411503019518324
2024-09-09,8086.28,8129.54,8023.37,8063.27,,331119432.24,-0.00830179675479692
2024-09-10,8064.4,8113.69,7973.79,8073.83,,347495377.62,0.001309642365938224
2024-09-11,8052.25,8139.7,8031.95,8105.38,,310017366.56,0.003907686934206067
2024-09-12,8122.77,8176.05,8053.88,8054.24,,336517412.83,-0.006309389565942625
2024-09-13,8054.43,8084.35,7983.55,7983.55,,348220225.38,-0.008776743677864074
2024-09-18,7975.19,8017.38,7908.52,7992.25,,333544740.83,0.0010897407794778768
2024-09-19,8015.39,8161.22,7950.7,8087.6,,413701487.25,0.01193030748537649
2024-09-20,8079.76,8092.5,8014.5,8075.14,,383370727.43,-0.0015406301004006195
2024-09-23,8071.99,8163.1,8054.59,8083.38,,365656009.98,0.0010204157451139118
2024-09-24,8148.17,8435.71,8083.3,8435.7,,586812555.19,0.04358572775249958
2024-09-25,8555.72,8738.41,8525.75,8537.73,,715847818.42,0.012095024716383795
2024-09-26,8524.19,8916.8,8505.64,8916.65,,704842995.3,0.044381820460473786
2024-09-27,9100.77,9619.77,9100.77,9514.86,,948836540.0,0.06708909736279889
2024-09-30,9950.65,10556.93,9829.43,10529.76,,1324000530.35,0.10666473284945854
2024-10-08,11864.11,11864.11,10834.5,11495.1,,1587911799.57,0.09167730318639733
2024-10-09,11158.99,11295.1,10516.67,10557.81,,1274221569.98,-0.08153822063313942
2024-10-10,10609.47,10823.37,10310.39,10471.08,,963573284.62,-0.008214771813472632
2024-10-11,10366.57,10378.46,9935.82,10060.74,,767945007.42,-0.03918793476890636
2024-10-14,10118.38,10361.69,9966.99,10327.4,,767864732.79,0.026505008577897726
2024-10-15,10286.24,10424.14,10066.52,10066.52,,800992337.26,-0.025260956291031533
2024-10-16,9898.13,10112.79,9890.9,9965.02,,701238164.25,-0.010082928360545695
2024-10-17,10034.41,10123.22,9887.94,9891.76,,759583000.71,-0.007351716303630074
2024-10-18,9868.85,10607.81,9865.87,10357.68,,953743093.35,0.047101830210195095
2024-10-21,10441.87,10636.16,10331.79,10470.91,,965002625.83,0.01093198476878987
2024-10-22,10459.16,10604.78,10409.68,10559.51,,927985356.81,0.00846153772690239
2024-10-23,10536.9,10721.37,10479.22,10576.41,,920607939.32,0.001600453051325168
2024-10-24,10508.65,10533.84,10404.83,10441.75,,749272421.51,-0.01273210853210116
2024-10-25,10470.07,10733.07,10460.93,10619.85,,865421055.34,0.01705652788086298
2024-10-28,10617.9,10685.89,10519.48,10685.89,,958674133.24,0.006218543576415714
2024-10-29,10706.02,10729.57,10536.81,10543.33,,1033067513.29,-0.013340957093887273
2024-10-30,10488.23,10596.22,10426.74,10530.85,,931733214.16,-0.0011836867479249058
2024-10-31,10535.41,10693.84,10458.85,10591.22,,1103094719.53,0.0057326806478108505
2024-11-01,10563.84,10629.81,10417.98,10455.5,,1184720290.06,-0.012814387766470703
2024-11-04,10457.89,10663.1,10457.89,10663.1,,826549024.13,0.019855578403711105
2024-11-05,10653.2,11030.62,10609.81,11006.94,,1077408889.0,0.03224578218341767
2024-11-06,11024.0,11177.69,10896.32,10968.14,,1214767757.04,-0.003525048741975567
2024-11-07,10852.12,11235.92,10839.94,11235.92,,1222513447.74,0.02441434919685559
2024-11-08,11374.2,11410.98,11135.33,11161.7,,1253432815.92,-0.006605600609473794
2024-11-11,11087.41,11390.48,11071.65,11388.57,,1121880893.96,0.020325756829156827
2024-11-12,11430.22,11560.35,11210.96,11314.46,,1138974929.79,-0.0065074017194433065
2024-11-13,11231.73,11380.5,11143.34,11359.29,,911863787.1,0.0039621864410674945
2024-11-14,11333.4,11335.36,11023.74,11037.78,,838967422.13,-0.028303705601318452
2024-11-15,10983.54,11065.42,10748.97,10748.97,,842984455.32,-0.026165587645341826
2024-11-18,10774.44,10816.51,10478.26,10544.02,,871803471.11,-0.01906694315827462
2024-11-19,10559.33,10748.6,10427.94,10743.84,,770721451.89,0.018951026268918314
2024-11-20,10709.92,10875.45,10692.56,10827.19,,816356778.89,0.007757933848605347
2024-11-21,10787.93,10867.41,10739.28,10819.88,,818375764.65,-0.0006751520939414224
2024-11-22,10785.52,10836.69,10438.72,10438.72,,925948280.48,-0.03522774744267032
2024-11-25,10462.44,10505.24,10282.5,10420.52,,770226266.53,-0.0017435087826859208
2024-11-26,10387.0,10480.96,10330.45,10333.23,,711832134.94,-0.008376741275867294
2024-11-27,10284.72,10566.1,10202.23,10566.1,,795571296.18,0.0225360318119312
2024-11-28,10560.41,10581.59,10416.33,10432.54,,850887876.86,-0.01264042551177813
2024-11-29,10406.08,10727.08,10406.08,10611.72,,892157878.76,0.017175107883602436
2024-12-02,10595.47,10777.69,10583.72,10756.55,,937523184.22,0.013648117364574164
2024-12-03,10757.49,10761.44,10625.48,10713.58,,939709022.05,-0.003994775276459417
2024-12-04,10700.06,10717.56,10556.6,10604.01,,930816502.52,-0.010227206965365387
2024-12-05,10565.03,10674.77,10565.03,10634.49,,844663661.48,0.0028743843131040503
2024-12-06,10642.89,10860.25,10618.76,10791.34,,1029340329.14,0.014749179321246197
2024-12-09,10780.98,10821.51,10668.33,10731.66,,955155947.18,-0.0055303604556987684
2024-12-10,11124.78,11134.55,10792.01,10812.58,,1171388026.11,0.007540305973167349
2024-12-11,10781.1,10884.06,10781.08,10848.42,,1012272834.75,0.003314657556291012
2024-12-12,10846.54,10967.28,10813.79,10957.13,,1040587050.15,0.010020814090899721
2024-12-13,10876.19,10876.19,10709.14,10713.07,,1075547182.02,-0.022274080895270942
2024-12-16,10705.52,10721.71,10535.53,10573.92,,922676962.01,-0.012988807129982294
2024-12-17,10557.23,10677.74,10526.26,10537.43,,858140531.61,-0.003450943453326638
2024-12-18,10561.94,10639.77,10535.76,10584.27,,740846621.99,0.004445106634160423
2024-12-19,10483.5,10673.96,10460.2,10649.03,,760693343.4,0.006118513605567477
2024-12-20,10631.44,10731.08,10618.79,10646.62,,732375378.35,-0.00022631169223863434
2024-12-23,10650.58,10708.82,10527.15,10537.4,,795687830.45,-0.010258654859476635
2024-12-24,10548.15,10673.34,10548.15,10671.43,,664977041.16,0.0127194564123978
2024-12-25,10675.73,10677.65,10544.88,10603.1,,667963062.36,-0.006403078125424622
2024-12-26,10586.96,10692.89,10570.09,10673.97,,593997426.54,0.006683894332789375
2024-12-27,10679.34,10780.53,10632.53,10659.98,,679934587.84,-0.0013106651039865858
2024-12-30,10644.15,10726.66,10632.74,10671.16,,609052769.31,0.0010487824555018843
2024-12-31,10668.17,10678.77,10414.61,10414.61,,646653008.8,-0.02404143504548706
2025-01-02,10400.66,10409.61,10006.56,10088.06,,681116709.37,-0.03135499072936976
2025-01-03,10097.93,10139.99,9891.84,9897.12,,685235256.92,-0.018927325967529773
2025-01-06,9890.98,9975.99,9817.75,9885.65,,586235482.68,-0.0011589229998223427
2025-01-07,9860.58,10000.34,9822.0,9998.76,,588919068.3,0.011441837410792521
2025-01-08,9940.2,10016.22,9731.44,9944.64,,683561380.45,-0.005412671171225347
2025-01-09,9906.91,10021.94,9901.63,9976.0,,605202920.74,0.003153457540946647
2025-01-10,9957.83,10004.06,9795.94,9795.94,,616360985.45,-0.018049318364073752
2025-01-13,9697.45,9866.36,9693.8,9796.18,,504800435.64,2.449994589603932e-05
2025-01-14,9822.35,10178.67,9788.76,10165.17,,690716454.95,0.037666723151269066
2025-01-15,10139.78,10147.26,10038.3,10060.13,,626573129.76,-0.010333324479571027
2025-01-16,10110.42,10249.62,10011.17,10101.09,,679618813.55,0.004071517962491722
2025-01-17,10059.99,10227.71,10059.16,10161.32,,576214409.08,0.005962722834862433
2025-01-20,10240.71,10333.16,10225.34,10256.4,,587735779.77,0.009357052036546465
2025-01-21,10323.12,10325.69,10205.99,10305.69,,597396789.42,0.004805779805779897
2025-01-22,10263.04,10272.59,10162.0,10225.87,,533432300.2,-0.007745235884254242
2025-01-23,10323.45,10411.47,10176.17,10176.17,,648078885.95,-0.0048602221620264174
2025-01-24,10141.41,10315.38,10141.41,10292.73,,589944330.15,0.01145421116195977
2025-01-27,10299.97,10329.61,10156.07,10156.07,,532847417.81,-0.013277332641582928
2025-02-05,10237.71,10241.37,10124.2,10164.22,,583267744.83,0.000802475760801169
2025-02-06,10142.85,10393.63,10135.15,10393.63,,710990134.31,0.022570349716948268
2025-02-07,10410.04,10666.74,10384.25,10576.0,,887206131.35,0.017546324046555428
2025-02-10,10608.61,10645.96,10532.12,10631.25,,816427978.71,0.005224092284417559
2025-02-11,10640.84,10640.84,10524.01,10557.62,,770227173.37,-0.006925808348030471
2025-02-12,10529.41,10709.27,10513.23,10708.88,,762335904.57,0.014327092659140783
2025-02-13,10691.46,10739.51,10621.09,10626.62,,839330516.36,-0.007681475560469275
2025-02-14,10616.02,10760.86,10616.02,10749.46,,786380097.26,0.011559649258183535
2025-02-17,10820.96,10829.82,10711.43,10791.06,,867059291.3,0.003869961839943592
2025-02-18,10781.2,10817.65,10577.08,10617.26,,842171203.44,-0.01610592471916561
2025-02-19,10592.03,10774.02,10588.49,10772.65,,750496631.1,0.014635602782638868
2025-02-20,10765.95,10826.38,10726.53,10794.54,,782577652.28,0.0020319976978739884
2025-02-21,10821.81,11003.95,10806.51,10991.37,,907018646.75,0.0182342184104185
2025-02-24,10995.26,11045.96,10909.37,10983.04,,882712324.87,-0.0007578673086248155
2025-02-25,10835.91,10964.67,10815.34,10854.5,,812790464.27,-0.01170349921333258
2025-02-26,10870.73,10955.65,10831.11,10955.65,,842153823.07,0.009318715740015637
2025-02-27,10969.92,10999.48,10792.08,10927.51,,894751208.99,-0.0025685376951618544
2025-02-28,10861.82,10883.83,10583.71,10611.24,,825580118.13,-0.028942549583574007
2025-03-03,10642.18,10803.67,10586.2,10649.59,,725068982.39,0.0036140922267331455
2025-03-04,10558.75,10688.53,10540.42,10679.44,,635011280.3,0.0028029248074339375
2025-03-05,10686.47,10718.69,10626.71,10709.46,,668283361.04,0.002811008816941518
2025-03-06,10774.08,10924.22,10759.4,10898.75,,820551026.81,0.017675027499052254
2025-03-07,10858.78,10931.95,10798.19,10843.73,,820368124.47,-0.005048285353825066
2025-03-10,10862.93,10896.11,10747.14,10825.7,,674926263.25,-0.0016627120003909202
2025-03-11,10698.81,10861.16,10692.72,10861.16,,670244772.22,0.0032755387642369183
2025-03-12,10897.42,10939.57,10828.42,10843.23,,756834238.92,-0.0016508365588943086
2025-03-13,10830.11,10865.32,10677.84,10736.19,,730316555.96,-0.009871597300804225
2025-03-14,10741.52,10985.95,10737.63,10978.3,,758213807.03,0.02255083041563144
2025-03-17,11009.57,11015.47,10940.77,10957.82,,701573926.93,-0.0018654983011940907
2025-03-18,10999.32,11041.41,10958.87,11014.75,,670260918.31,0.0051953764526155854
2025-03-19,11003.73,11030.19,10916.28,10979.05,,658306054.89,-0.0032411085135841677
2025-03-20,10971.41,10973.14,10869.16,10879.49,,660332778.18,-0.009068179851626446
2025-03-21,10843.98,10898.26,10656.88,10687.55,,737977425.05,-0.01764237110379263
2025-03-24,10695.02,10723.75,10563.88,10695.49,,731868307.6,0.0007429205009568118
2025-03-25,10702.69,10735.55,10618.05,10649.08,,602843293.6,-0.004339212135208381
2025-03-26,10636.12,10703.04,10635.78,10643.82,,562463496.7,-0.0004939393825570404
2025-03-27,10610.89,10745.09,10556.62,10668.1,,573575591.91,0.0022811359079728533
2025-03-28,10658.15,10688.05,10593.85,10607.33,,550601537.16,-0.005696422043288019
2025-03-31,10559.66,10609.77,10427.96,10504.33,,566712756.42,-0.009710266391259603
2025-04-01,10523.65,10581.98,10491.7,10503.66,,505965713.18,-6.378322082423171e-05
2025-04-02,10500.53,10573.01,10490.85,10513.12,,459055451.36,0.0009006384441234694
2025-04-03,10384.95,10481.6,10328.02,10365.73,,522538633.57,-0.014019625001902458
2025-04-07,9747.66,9831.63,9220.12,9364.5,,729798956.17,-0.09659039932546953
2025-04-08,9356.69,9505.64,9296.12,9424.68,,818901452.72,0.00642639756527319
2025-04-09,9271.24,9591.81,9119.6,9539.89,,872477164.67,0.012224287721174454
2025-04-10,9757.98,9884.24,9713.64,9754.64,,797938784.08,0.022510741738112294
2025-04-11,9681.45,9909.56,9679.28,9834.44,,637990026.83,0.00818072219989685
2025-04-14,9955.66,9964.73,9862.34,9884.3,,630035329.21,0.005069937891735377
2025-04-15,9886.1,9895.45,9804.6,9858.1,,544569536.57,-0.0026506682314376695
2025-04-16,9813.13,9814.5,9650.79,9774.73,,555508747.92,-0.008457004899524279
2025-04-17,9715.29,9828.92,9712.0,9759.05,,493872134.26,-0.0016041363802375974
2025-04-18,9745.75,9798.43,9719.95,9781.65,,486440347.48,0.002315799181272782
2025-04-21,9768.65,9913.09,9733.43,9905.53,,533998892.07,0.0126645300128303
2025-04-22,9882.96,9914.47,9857.77,9870.05,,569736692.02,-0.0035818376199961977
2025-04-23,9956.37,9990.03,9892.7,9935.8,,621168380.25,0.006661567063996676
2025-04-24,9933.89,9969.97,9846.23,9878.32,,579335114.65,-0.005785140602669103
2025-04-25,9900.1,9976.77,9878.67,9917.05,,582049703.04,0.003920707164781101
2025-04-28,9925.71,9926.9,9848.67,9855.2,,556737814.93,-0.0062367337060919015
2025-04-29,9828.46,9882.54,9799.65,9849.8,,508317398.91,-0.0005479340855590875
2025-04-30,9863.5,9925.87,9845.36,9899.82,,559157909.28,0.005078275701029478
2025-05-06,9974.53,10082.34,9960.52,10082.34,,634060070.15,0.018436698849070066
2025-05-07,10218.33,10248.98,10048.0,10104.13,,709978550.74,0.002161204640986014
2025-05-08,10081.27,10222.81,10067.3,10197.66,,639008260.61,0.009256610910588048
2025-05-09,10190.13,10190.13,10087.55,10126.83,,600535346.57,-0.006945711074893612
2025-05-12,10220.33,10302.05,10200.21,10301.16,,595059404.77,0.017214666386223598
2025-05-13,10401.95,10401.95,10274.34,10288.08,,613388689.47,-0.0012697599105343516
2025-05-14,10278.91,10418.44,10240.13,10354.22,,622584785.73,0.006428799153972209
2025-05-15,10324.84,10324.84,10186.45,10186.45,,571421815.89,-0.016203055372591924
2025-05-16,10157.68,10217.91,10152.77,10179.6,,541239329.25,-0.0006724619469982152
2025-05-19,10171.29,10184.4,10090.3,10171.09,,553941509.59,-0.000835985696884034
2025-05-20,10182.25,10273.59,10151.86,10249.17,,599599479.38,0.007676660023655302
2025-05-21,10246.51,10325.92,10243.18,10294.22,,579900580.75,0.004395477877720655
2025-05-22,10274.68,10283.29,10214.5,10219.62,,557473920.4,-0.007246785089108143
2025-05-23,10210.62,10294.57,10132.41,10132.41,,562096509.52,-0.008533585397500154
2025-05-26,10114.69,10142.94,10044.08,10091.16,,484518140.37,-0.004071094635925698
2025-05-27,10074.03,10076.88,9996.83,10029.11,,498056373.58,-0.006148946206382511
2025-05-28,10039.25,10058.13,9987.41,10003.26,,535691920.58,-0.0025774969065052167
2025-05-29,10006.43,10139.18,10002.09,10127.2,,612671248.94,0.012389960872755568
2025-05-30,10091.19,10099.16,10022.81,10040.63,,596050824.09,-0.008548266055770748
2025-06-03,10006.13,10088.19,10004.94,10057.17,,560674155.84,0.0016473069916929095
2025-06-04,10070.85,10158.02,10070.85,10144.58,,588080191.53,0.008691311770607335
2025-06-05,10152.55,10220.3,10113.05,10203.5,,629553207.24,0.005808027537857585
2025-06-06,10205.52,10223.56,10166.7,10183.7,,563533703.38,-0.0019405106091046065
2025-06-09,10200.45,10280.83,10190.25,10250.14,,615542720.79,0.006524151339886153
2025-06-10,10248.29,10256.85,10095.01,10162.18,,711387441.9,-0.008581346206002927
2025-06-11,10176.5,10295.4,10176.5,10246.02,,615938135.16,0.008250198284226462
2025-06-12,10208.3,10263.46,10182.41,10234.34,,605753084.37,-0.0011399548312418517
2025-06-13,10193.93,10215.54,10089.59,10122.11,,698798230.69,-0.010966022234946249
2025-06-16,10096.57,10173.06,10096.57,10163.55,,568712564.64,0.004094008067487831
2025-06-17,10177.67,10198.98,10129.41,10151.43,,597078587.25,-0.0011924967162063593
2025-06-18,10142.58,10190.04,10118.68,10175.59,,587956237.38,0.002379960261756242
2025-06-19,10156.17,10181.97,10027.33,10051.97,,610432160.18,-0.012148681304966158
2025-06-20,10039.0,10084.1,9998.5,10005.03,,516822515.51,-0.004669731405883448
2025-06-23,9950.14,10064.75,9950.14,10048.39,,538583381.31,0.004333820088495255
2025-06-24,10074.27,10224.12,10074.27,10217.63,,667686292.91,0.016842499146629386
2025-06-25,10240.13,10403.51,10233.15,10393.72,,722467353.95,0.01723393781141036
2025-06-26,10389.23,10440.73,10340.69,10343.48,,721904765.62,-0.004833688034697858
2025-06-27,10371.81,10455.51,10343.3,10378.55,,699213590.64,0.0033905416745620975
2025-06-30,10405.96,10470.24,10399.92,10465.12,,676811123.29,0.008341242273728122
2025-07-01,10458.39,10483.33,10407.17,10476.29,,695943292.62,0.0010673551760516098
2025-07-02,10455.83,10455.83,10386.49,10412.63,,678825873.83,-0.006076578636139529
2025-07-03,10431.03,10546.74,10431.03,10534.58,,639360247.12,0.011711738532916405
2025-07-04,10534.99,10610.5,10480.72,10508.76,,667665463.68,-0.0024509757389473696
2025-07-07,10488.11,10501.31,10426.55,10435.51,,578881971.07,-0.006970375191744815
2025-07-08,10431.78,10593.84,10431.78,10588.39,,666334799.08,0.01464997877439611
2025-07-09,10592.51,10656.58,10557.81,10581.8,,703429755.23,-0.0006223797952286114
2025-07-10,10593.7,10667.41,10562.16,10631.13,,702268358.19,0.004661777769377595
2025-07-11,10637.45,10757.24,10610.8,10696.1,,743294396.25,0.006111297670144289
2025-07-14,10705.44,10715.07,10663.87,10684.52,,647071649.76,-0.0010826375968810975
2025-07-15,10700.37,10784.97,10651.15,10744.56,,726515143.02,0.005619344621939026
2025-07-16,10749.71,10804.18,10697.4,10720.81,,616738926.56,-0.0022104209013678044
2025-07-17,10718.85,10873.62,10718.85,10873.62,,635724294.06,0.014253587182311955
2025-07-18,10902.72,10946.4,10865.89,10913.84,,644821897.27,0.003698860177199448
2025-07-21,10937.6,11008.48,10922.52,11007.49,,732596839.5,0.008580847804255942
2025-07-22,11004.01,11099.83,10970.22,11099.83,,786153136.68,0.008388833421606678
2025-07-23,11101.32,11158.22,11042.2,11059.04,,772954593.0,-0.003674831055970995
2025-07-24,11069.6,11193.06,11069.6,11193.06,,742250097.07,0.012118592572230469
2025-07-25,11196.2,11210.91,11139.32,11168.14,,724401444.99,-0.0022263795601917824
2025-07-28,11176.39,11226.18,11114.92,11217.58,,684039261.63,0.004426878602882933
2025-07-29,11199.63,11289.42,11136.28,11289.41,,687782458.25,0.006403341897271986
2025-07-30,11262.98,11307.62,11127.0,11203.03,,713948129.86,-0.007651418453222925
2025-07-31,11208.46,11223.64,10976.21,11009.77,,741311343.34,-0.017250690215057873
2025-08-01,11001.25,11068.31,10919.89,10991.32,,624304839.8,-0.001675784326103158
2025-08-04,10932.62,11041.56,10928.49,11041.56,,588265628.49,0.0045708795667853686
2025-08-05,11078.58,11106.96,11041.47,11106.96,,637905911.61,0.005923076087074541
2025-08-06,11091.83,11177.88,11086.72,11177.78,,695936984.21,0.006376182141648368
2025-08-07,11189.49,11229.59,11089.58,11157.94,,711415718.49,-0.0017749499453380002
2025-08-08,11136.34,11184.55,11108.46,11128.67,,681934694.93,-0.002623244075519393
2025-08-11,11159.03,11311.88,11159.03,11291.43,,713852946.05,0.014625287657914265
2025-08-12,11292.46,11351.63,11255.48,11351.63,,709632720.11,0.005331477058264422
2025-08-13,11371.08,11558.59,11362.9,11551.37,,795541705.24,0.017595710924334318
2025-08-14,11557.0,11607.41,11417.93,11451.43,,867991461.73,-0.008651787623459417
2025-08-15,11419.28,11647.39,11419.28,11634.67,,798946150.64,0.01600149500979353
2025-08-18,11690.94,11919.57,11642.59,11835.57,,1002271708.29,0.017267356959844937
2025-08-19,11827.9,11908.68,11774.92,11821.63,,943169648.85,-0.0011778055471769466
2025-08-20,11749.99,11926.74,11677.85,11926.74,,894032918.65,0.008891328860740844
2025-08-21,11965.8,12011.78,11865.46,11919.76,,915642356.38,-0.0005852395541446898
2025-08-22,11902.04,12167.28,11902.04,12166.06,,891655700.58,0.020663167714786157
2025-08-25,12291.12,12477.97,12246.56,12441.07,,1070803276.98,0.022604688781741933
2025-08-26,12398.81,12561.49,12361.49,12473.17,,968856013.18,0.0025801639248070884
2025-08-27,12483.19,12665.36,12295.07,12295.07,,1143640218.65,-0.01427864768940057
2025-08-28,12254.27,12571.37,12199.94,12571.37,,1060772708.54,0.022472421873157344
2025-08-29,12568.63,12791.18,12508.97,12696.15,,900391593.16,0.009925728063051142
2025-09-01,12773.22,12830.18,12663.34,12828.95,,906187103.37,0.010459863816983939
2025-09-02,12817.03,12857.16,12450.46,12553.84,,991083796.03,-0.021444467396006694
2025-09-03,12599.96,12669.8,12393.09,12472.0,,856848814.75,-0.0065191208427063385
2025-09-04,12526.3,12580.09,11967.57,12118.7,,899356047.0,-0.028327453495830657
2025-09-05,12140.76,12597.89,12085.54,12590.56,,816494225.86,0.038936519593685714
2025-09-08,12631.98,12689.17,12511.42,12666.84,,822135722.24,0.006058507326123674
2025-09-09,12598.29,12653.87,12434.84,12510.6,,758347025.35,-0.01233456805327926
2025-09-10,12511.08,12621.19,12415.19,12557.68,,716827858.9,0.0037632087989385443
2025-09-11,12570.87,12979.89,12516.34,12979.89,,835692601.32,0.033621656229494645
2025-09-12,12941.26,13048.52,12905.47,12924.13,,868290491.83,-0.004295876159197021
2025-09-15,12971.43,13098.78,12943.4,13005.77,,798857680.34,0.0063168662029862155
2025-09-16,13017.58,13071.21,12863.82,13063.97,,889812067.47,0.004474936893394066
2025-09-17,13062.64,13226.2,13004.38,13215.46,,853723161.96,0.011596015606281984
2025-09-18,13161.15,13328.1,12915.97,13075.66,,1073785345.26,-0.010578519400762376
2025-09-19,13074.91,13182.6,13016.06,13070.86,,819739633.57,-0.0003670942805180655
2025-09-22,13119.83,13157.97,13006.36,13157.97,,722355718.24,0.0066644428905213715
2025-09-23,13246.93,13267.9,12875.33,13119.82,,860693567.93,-0.0028993834155268683
2025-09-24,13037.08,13356.14,13009.64,13356.14,,727910237.6,0.01801244224387233
2025-09-25,13333.02,13529.33,13295.53,13445.9,,740565636.5,0.0067205045769211935
2025-09-26,13394.79,13453.86,13205.63,13209.0,,694552823.24,-0.017618753672123066
2025-09-29,13248.2,13531.98,13239.73,13479.43,,675906008.25,0.020473162237868214
2025-09-30,13504.65,13598.18,13460.32,13526.51,,658567252.34,0.003492729291965535
2025-10-09,13598.35,13806.69,13565.29,13725.56,,797114827.88,0.014715547469376755
2025-10-10,13633.19,13644.51,13304.6,13355.42,,780249411.3,-0.026967205709639508
2025-10-13,12837.25,13256.51,12837.25,13231.47,,742803634.44,-0.009280876228527468
2025-10-14,13369.56,13405.51,12844.02,12895.11,,781349621.15,-0.025421211702100988
2025-10-15,12919.27,13123.28,12817.89,13118.75,,664972504.99,0.017343008318657205
2025-10-16,13064.26,13218.17,13033.37,13086.41,,630427149.69,-0.0024651738923296973
2025-10-17,13060.24,13091.76,12677.44,12688.94,,667473474.54,-0.03037273018344977
2025-10-20,12877.7,12948.32,12742.84,12813.21,,582877735.62,0.009793568257080443
2025-10-21,12880.17,13100.08,12848.32,13077.32,,635613699.55,0.020612321190396576
2025-10-22,12985.96,13078.64,12932.01,12996.61,,593388177.82,-0.006171753845589101
2025-10-23,12959.42,13042.34,12803.86,13025.45,,614713854.2,0.002219040195866384
2025-10-24,13091.34,13289.18,13091.34,13289.18,,652544989.22,0.020247285122587
2025-10-27,13448.92,13510.71,13346.81,13489.4,,724022532.32,0.015066392358294545
2025-10-28,13411.67,13572.9,13375.32,13430.1,,682532175.91,-0.004396044301451463
2025-10-29,13484.01,13691.38,13475.65,13691.38,,730709746.09,0.019454806740083708
2025-10-30,13661.61,13700.25,13509.24,13532.13,,773249172.62,-0.011631406037959646
2025-10-31,13517.17,13618.15,13378.21,13378.21,,745760929.04,-0.01137441038476572
2025-11-03,13364.42,13404.06,13158.31,13404.06,,716885878.21,0.0019322465412039413
2025-11-04,13373.55,13399.92,13094.21,13175.22,,682919687.04,-0.017072439246019533
2025-11-05,12953.84,13273.24,12953.84,13223.56,,702201489.22,0.003669008942545293
2025-11-06,13272.47,13468.4,13272.47,13452.42,,708963302.71,0.017306988435791926
2025-11-07,13380.35,13496.7,13322.61,13404.06,,700567747.1,-0.00359489222013587
2025-11-10,13453.37,13502.16,13306.66,13427.61,,757097253.85,0.0017569303628901523
2025-11-11,13476.25,13493.17,13271.67,13289.0,,733580236.48,-0.010322760342309611
2025-11-12,13240.7,13312.53,13120.71,13240.62,,731002669.68,-0.0036406050116637445
2025-11-13,13228.5,13488.63,13222.78,13476.52,,748084542.32,0.017816386241731763
2025-11-14,13323.45,13394.06,13216.03,13216.03,,769416240.36,-0.019329174000409566
2025-11-17,13200.54,13251.78,13137.28,13202.0,,748687700.69,-0.001061589599902546
2025-11-18,13161.7,13223.12,13022.44,13080.49,,788847182.7,-0.009203908498712332
2025-11-19,13071.94,13164.97,13009.01,13080.09,,695235913.76,-3.05798941782065e-05
2025-11-20,13215.07,13226.04,12970.56,12980.82,,673147680.58,-0.007589397320660662
2025-11-21,12752.72,12812.38,12538.07,12538.07,,811578932.77,-0.034108014747912696
2025-11-24,12605.13,12655.29,12448.32,12585.08,,689953294.24,0.00374938088557486
2025-11-25,12692.09,12882.81,12684.29,12777.31,,699842030.79,0.015274436078276832
2025-11-26,12769.93,13012.33,12749.02,12907.83,,686733778.09,0.010214982652843263
2025-11-27,12903.91,13082.77,12863.26,12875.2,,637558377.39,-0.002527922973884822
2025-11-28,12869.66,13000.07,12834.09,12984.08,,611391068.92,0.008456567664968162
2025-12-01,13038.16,13149.4,12993.89,13146.72,,694440764.3,0.01252610889643302
2025-12-02,13130.07,13132.81,13011.11,13056.7,,643851126.07,-0.006847335304927649
2025-12-03,13071.16,13126.67,12922.67,12955.25,,691706046.69,-0.007769957186731791
2025-12-04,12957.8,13042.96,12881.56,13006.72,,634198084.2,0.003972906736651183
2025-12-05,13020.29,13164.48,12938.35,13147.68,,669303064.88,0.010837474782266376
2025-12-08,13178.96,13389.67,13178.96,13329.99,,729089825.35,0.01386632470519511
2025-12-09,13295.62,13398.25,13227.77,13277.36,,688045902.08,-0.003948240021185212
2025-12-10,13251.27,13344.85,13126.21,13316.42,,676290971.23,0.002941849885820691
2025-12-11,13333.29,13388.26,13147.39,13147.39,,705369906.97,-0.01269335151639861
2025-12-12,13174.45,13284.27,13085.42,13258.33,,700998215.3,0.008438176702752376
2025-12-15,13150.43,13244.03,13111.38,13112.09,,627285731.27,-0.011030046770596269
2025-12-16,13084.88,13113.99,12851.22,12914.67,,664521844.25,-0.015056333505947594
2025-12-17,12927.39,13254.81,12927.39,13224.51,,653501696.76,0.023991321497181195
2025-12-18,13112.61,13205.22,13053.97,13053.97,,590116206.86,-0.01289575190309511
2025-12-19,13116.19,13217.44,13070.73,13140.21,,657127412.29,0.006606419349822312
2025-12-22,13225.4,13349.08,13225.4,13332.73,,653549135.02,0.014651211814727505
2025-12-23,13338.93,13447.29,13305.76,13368.99,,674894657.92,0.002719623062943599
2025-12-24,13378.48,13497.1,13347.76,13486.42,,640440440.05,0.008783760029740462
2025-12-25,13472.7,13563.06,13407.37,13531.41,,660794062.92,0.003335948309484582
2025-12-26,13539.05,13674.87,13517.8,13603.89,,741292909.65,0.00535642627043309
2025-12-29,13604.29,13650.7,13494.96,13537.1,,713871413.13,-0.004909625114581151
2025-12-30,13466.3,13645.56,13465.67,13604.07,,716223366.0,0.004947145252675922
2025-12-31,13627.26,13642.53,13491.68,13525.02,,713396441.0,-0.005810761044305113
2026-01-05,13633.63,13828.97,13633.63,13828.63,,830357123.0,0.02244802595485984
2026-01-06,13830.3,14024.12,13827.79,14022.55,,931832648.0,0.014023081100586143
2026-01-07,14062.02,14111.18,13935.53,14030.56,,913575189.0,0.0005712227804501868
2026-01-08,13971.89,14033.59,13883.81,13959.48,,920288378.0,-0.005066084318801289
2026-01-09,13917.78,14139.54,13917.78,14120.15,,1013527536.0,0.011509741050526268
2026-01-12,14186.86,14391.28,14089.59,14366.91,,1152643528.0,0.017475735031143413
2026-01-13,14397.68,14458.88,14113.17,14169.4,,1195102024.0,-0.013747562976311523
2026-01-14,14194.11,14459.21,14099.98,14248.6,,1312118729.0,0.005589509788699543
2026-01-15,14158.66,14328.6,14155.5,14306.73,,971527612.0,0.004079699058153086
2026-01-16,14374.54,14424.35,14257.59,14281.08,,906894526.0,-0.001792862519946925
2026-01-19,14221.93,14392.88,14221.93,14294.05,,832205019.0,0.000908194618334246
2026-01-20,14307.55,14337.12,14033.22,14155.63,,881921909.0,-0.009683749532148012
2026-01-21,14102.21,14320.94,14102.21,14255.13,,793387853.0,0.007029005420458256
2026-01-22,14313.63,14374.51,14223.34,14327.05,,822514300.0,0.005045201271401956
2026-01-23,14349.01,14449.84,14320.51,14439.66,,982699102.0,0.007859957213801838
2026-01-26,14492.42,14532.9,14277.67,14316.64,,1023228090.0,-0.0085195911815098
2026-01-27,14283.78,14403.6,14105.13,14329.91,,909686276.0,0.0009268934610355828
2026-01-28,14371.96,14411.65,14234.89,14342.89,,883025460.0,0.0009057977335515943
2026-01-29,14332.7,14418.09,14252.2,14300.08,,993915564.0,-0.0029847541185911153
2026-01-30,14214.14,14291.57,13923.95,14205.89,,902322925.0,-0.0065866764381737886
2026-02-02,14128.87,14213.61,13815.28,13824.35,,811142364.0,-0.026857873741103044
2026-02-03,13986.89,14129.6,13815.23,14127.11,,782910934.0,0.021900487183845962
2026-02-04,14072.41,14173.77,13958.08,14156.27,,815238780.0,0.0020641164399513023
2026-02-05,14020.84,14074.36,13874.02,13952.71,,726225381.0,-0.014379494033386009
2026-02-06,13801.03,14065.78,13726.86,13906.73,,730349548.0,-0.0032954171626873308
2026-02-09,14115.14,14211.7,14060.67,14208.44,,726369602.0,0.021695251148185157
2026-02-10,14200.76,14258.51,14165.43,14210.63,,733002884.0,0.00015413374022754667
2026-02-11,14186.65,14250.34,14156.16,14160.93,,681933201.0,-0.003497381889472795
2026-02-12,14177.97,14296.48,14177.29,14283.0,,696259702.0,0.008620196554887327
2026-02-13,14188.35,14258.83,14092.84,14100.19,,640639616.0,-0.01279913183504866
2026-02-24,14313.86,14376.96,14214.41,14291.57,,712425990.0,0.01357286674860414
2026-02-25,14322.24,14512.85,14314.15,14475.87,,793688511.0,0.012895714046812223
2026-02-26,14495.86,14536.08,14408.88,14503.79,,793134075.0,0.001928726908987155
2026-02-27,14375.25,14497.96,14366.35,14495.09,,781109596.0,-0.0005998432133945686
2026-03-02,14327.65,14509.69,14285.67,14465.79,,933794647.0,-0.002021374134275722
2026-03-03,14498.7,14526.06,14007.65,14022.39,,970658945.0,-0.030651627045602203
2026-03-04,13854.37,14112.02,13854.37,13917.75,,740464019.0,-0.007462351282484625
2026-03-05,14160.2,14202.76,13999.7,14088.84,,758966477.0,0.01229293528048725
2026-03-06,14015.54,14212.84,13969.34,14172.63,,729278913.0,0.0059472603848151895
2026-03-09,13920.29,14103.63,13701.67,14067.5,,837345656.0,-0.007417818711135449
2026-03-10,14239.3,14357.82,14239.3,14354.07,,736222902.0,0.020371068064688025
2026-03-11,14373.74,14531.02,14373.01,14465.41,,770973777.0,0.007756685037762834
2026-03-12,14457.63,14478.05,14245.77,14374.87,,768805142.0,-0.006259069048163757
2026-03-13,14300.92,14454.31,14245.96,14280.78,,774225691.0,-0.00654545049798716
2026-03-16,14291.15,14320.1,14097.82,14307.58,,753016186.0,0.0018766481942862345
2026-03-17,14370.45,14400.36,14039.5,14039.73,,753197038.0,-0.018720845873306358
2026-03-18,14108.92,14203.91,13944.37,14187.8,,666055598.0,0.010546499113586849
2026-03-19,14003.7,14098.69,13852.6,13901.57,,679341018.0,-0.020174375167397285
2026-03-20,14021.46,14144.99,13856.49,13866.2,,734132051.0,-0.002544316936863855
2026-03-23,13619.94,13758.97,13274.18,13345.51,,852353152.0,-0.037551023351747426
2026-03-24,13514.67,13536.56,13169.25,13536.56,,731464361.0,0.014315676208702444
2026-03-25,13669.05,13835.03,13666.84,13801.0,,723433703.0,0.01953524381379035
2026-03-26,13756.87,13853.1,13573.12,13606.44,,667004907.0,-0.014097529164553202
2026-03-27,13423.51,13842.4,13419.31,13760.37,,630568985.0,0.011313025302724267
2026-03-30,13618.79,13748.21,13536.56,13726.19,,653413030.0,-0.002483944835785734
2026-03-31,13683.68,13783.97,13478.06,13478.06,,664490771.0,-0.01807712118220728
2026-04-01,13731.39,13740.97,13603.79,13706.52,,655763382.0,0.01695051068180442
2026-04-02,13658.25,13680.63,13418.5,13486.94,,636038710.0,-0.016020113055684404
2026-04-03,13553.65,13558.91,13345.61,13352.9,,586572227.0,-0.009938503470765081
2026-04-07,13392.94,13476.08,13305.51,13400.41,,540630597.0,0.003558028593039664
2026-04-08,13717.22,14042.5,13694.91,14042.5,,748327010.0,0.04791569810177454
2026-04-09,13928.43,14058.05,13891.48,13996.27,,653026389.0,-0.0032921488338970573
2026-04-10,14098.02,14382.61,14095.88,14309.47,,668726169.0,0.022377390547624332
2026-04-13,14233.11,14440.26,14233.11,14407.86,,623636577.0,0.00687586612222546
2026-04-14,14514.69,14640.77,14463.93,14639.95,,683376964.0,0.016108568517462007
2026-04-15,14736.01,14738.53,14440.21,14498.45,,697369584.0,-0.009665333556467037
2026-04-16,14546.35,14807.16,14522.86,14796.33,,686456018.0,0.020545644534415652
2026-04-17,14806.28,14916.39,14787.87,14885.42,,695914499.0,0.0060210876616024755
2026-04-20,14870.9,15006.92,14845.97,14966.75,,723332086.0,0.0054637356554265715
2026-04-21,14920.38,15017.75,14774.08,14982.14,,701150038.0,0.001028279352564887
2026-04-22,14897.96,15182.82,14897.96,15177.29,,698955593.0,0.013025509039429783
2026-04-23,15234.22,15248.43,14934.68,15043.45,,761022818.0,-0.00881843860135767
2026-04-24,14951.74,15033.67,14795.22,14940.3,,709729439.0,-0.0068568047887952455
2026-04-27,14960.02,15054.46,14919.22,14995.75,,709930001.0,0.0037114381906655503
2026-04-28,14925.22,14943.36,14772.46,14830.46,,723727547.0,-0.011022456362636102
2026-04-29,14751.42,15139.71,14751.42,15120.92,,736380398.0,0.01958536687331347
2026-04-30,15157.07,15186.12,15044.86,15107.55,,737703743.0,-0.0008842054583980685
2026-05-06,15323.19,15534.67,15254.99,15459.62,,826248677.0,0.023304241918775892
2026-05-07,15541.3,15652.58,15439.48,15641.89,,844489884.0,0.011790069872351205
2026-05-08,15520.38,15639.39,15466.84,15563.8,,826218480.0,-0.00499236345479992
2026-05-11,15697.44,15921.65,15622.33,15899.3,,911634859.0,0.02155643223377335
2026-05-12,15952.79,15952.79,15711.27,15824.92,,847817149.0,-0.004678193379582751
2026-05-13,15713.54,16100.46,15713.54,16089.75,,827341429.0,0.01673499771246867
2026-05-14,16202.22,16207.75,15745.74,15745.74,,873525492.0,-0.021380692677014923
2026-05-15,15753.19,15855.55,15447.4,15561.37,,849695631.0,-0.011709198805518128
2026-05-18,15465.3,15658.11,15419.04,15530.23,,738305604.0,-0.002001109156841707
2026-05-19,15469.36,15585.04,15221.35,15569.91,,731216529.0,0.0025550168928598627
2026-05-20,15487.43,15622.21,15426.38,15569.98,,726217958.0,4.495851292585229e-06
2026-05-21,15707.96,15894.3,15232.6,15247.27,,878984174.0,-0.020726423540685324
2026-05-22,15382.29,15624.97,15295.57,15597.3,,763067278.0,0.022956896546070027
2026-05-25,15716.39,15857.08,15547.16,15856.61,,781225873.0,0.016625313355516758
2026-05-26,15786.82,15894.55,15662.16,15876.16,,823273532.0,0.001232924313582684
2026-05-27,15868.9,16047.41,15656.65,15736.47,,815871163.0,-0.008798727148126573
2026-05-28,15691.16,15889.83,15504.79,15861.89,,747849432.0,0.007970021230936819
2026-05-29,15957.12,15981.93,15492.84,15575.13,,848879728.0,-0.018078551799312725
2026-06-01,15601.03,15717.45,15316.02,15340.36,,760393033.0,-0.015073389435593665
2026-06-02,15410.7,15664.39,15203.8,15591.13,,737350307.0,0.016347073993048244
2026-06-03,15646.69,15962.36,15542.66,15704.71,,792737877.0,0.007284911356649548
2026-06-04,15540.06,15745.19,15517.94,15661.57,,718939421.0,-0.0027469466166518686
2026-06-05,15595.7,15710.14,15243.51,15314.7,,818251186.0,-0.022147843415442958
2026-06-08,14835.37,15137.75,14681.64,14821.19,,788640863.0,-0.03222459467048
2026-06-09,14992.55,15274.72,14846.55,15268.71,,718050679.0,0.03019460650595529
2026-06-10,15062.51,15149.37,14817.11,14954.1,,710462329.0,-0.020604884106122823
2026-06-11,14889.57,15062.75,14706.09,14851.98,,669817686.0,-0.00682889642305462
2026-06-12,15149.52,15171.22,14943.43,14963.41,,792336423.0,0.007502703343257977
2026-06-15,15153.18,15531.11,15055.95,15531.11,,757054683.0,0.037939213053709064
2026-06-16,15584.37,15761.0,15537.5,15675.25,,754828802.0,0.009280727520441179
2026-06-17,15569.92,15885.49,15569.92,15880.95,,745916232.0,0.013122597725714114
2026-06-18,15826.79,16104.77,15825.32,16030.7,,764976920.0,0.009429536646107461
2026-06-22,16095.63,16374.02,15914.05,16372.5,,876768616.0,0.021321589200721025
2026-06-23,16324.24,16355.95,15756.41,15854.2,,808549306.0,-0.03165674148724995
2026-06-24,15782.4,16068.41,15730.16,16051.32,,790758052.0,0.012433298431961282
2026-06-25,16099.76,16359.62,16058.85,16344.08,,830961769.0,0.01823899841259169
2026-06-26,16211.41,16215.45,15728.84,15782.22,,837034655.0,-0.03437697319151645
2026-06-29,15781.79,15938.23,15487.92,15812.87,,808457859.0,0.0019420588485017376
2026-06-30,15811.67,16232.23,15809.65,16205.56,,745149838.0,0.024833569111742504
2026-07-01,16226.97,16332.48,15988.42,16119.17,,873614867.0,-0.005330886436506921
2026-07-02,15729.92,15886.7,15453.52,15498.81,,857269760.0,-0.038485852559406064
2026-07-03,15480.12,15823.05,15432.89,15597.51,,785895029.0,0.0063682308512718055
2026-07-06,15677.93,15749.36,15288.49,15416.8,,768142319.0,-0.011585823634669978
2026-07-07,15345.39,15461.37,15081.92,15225.11,,678476454.0,-0.012433838410046083
2026-07-08,15269.82,15292.12,14907.62,14939.73,,654790391.0,-0.01874403534687108
2026-07-09,15038.47,15419.12,14781.24,15398.73,,716541158.0,0.03072344680927963
2026-07-10,15480.41,15581.94,15046.67,15046.67,,828811174.0,-0.02286292441000004
2026-07-13,14908.98,14997.07,14437.07,14522.85,,733844798.0,-0.034813018428662246
2026-07-14,14532.36,14924.87,14338.36,14924.87,,674840592.0,0.0276818943940067
2026-07-15,14970.77,15041.33,14741.8,14779.4,,688984096.0,-0.009746818565253945
2026-07-16,14497.43,14780.46,14386.41,14488.65,,665968453.0,-0.019672652475743235
2026-07-17,14348.22,14350.47,13586.49,13706.88,,763770395.0,-0.05395740804008653
2026-07-20,13869.06,13972.99,13342.93,13610.23,,772878368.0,-0.007051203483214197
2026-07-21,13656.08,14264.8,13364.41,14264.29,,835911335.0,0.048056498677832904
2026-07-22,14169.97,14360.37,13988.51,14061.44,,681366334.0,-0.01422082697421323
2026-07-23,14116.02,14203.64,13991.83,14123.31,,625578724.0,0.004399976104865422
2026-07-24,13915.04,14061.03,13774.68,13774.68,,568710893.0,-0.0246847233403501
2026-07-27,13768.6,14148.73,13689.01,14148.73,,571360929.0,0.027154895794312406
2026-07-28,13830.35,13940.99,13470.11,13509.68,,573579930.0,-0.045166597991480484
2026-07-29,13498.75,13756.71,13267.64,13658.44,,675056731.0,0.011011363703655519
2026-07-30,13531.07,13619.03,13068.56,13285.8,,686984750.0,-0.02728276435669086
2026-07-31,13690.0,13841.96,13578.93,13578.93,,719395944.0,0.022063406042541756
2026-08-03,13497.1,13570.51,13407.99,13448.29,,618828696.0,-0.009620787499456829
2026-08-04,13572.95,13936.52,13537.76,13885.71,,664836577.0,0.03252606837003058
2026-08-05,13644.83,14246.38,13644.83,14144.2,,732409197.0,0.0186155407249613
2026-08-06,13981.44,14252.14,13922.41,14110.12,,716171979.0,-0.0024094681919090144
2026-08-07,14152.78,14396.07,14049.34,14311.01,,719703760.0,0.014237299186683039
2026-08-10,14348.95,14373.77,14102.66,14316.96,,687533827.0,0.00041576380702679216
2026-08-11,14266.44,14447.1,14201.29,14259.44,,643011992.0,-0.004017612677551519
2026-08-12,14253.12,14467.0,14237.2,14414.43,,625395865.0,0.010869290799638609
2026-08-13,14536.48,14584.3,14289.01,14289.44,,738110176.0,-0.008671171874295447
2026-08-14,14335.41,14384.18,14203.99,14354.31,,642557319.0,0.004539716042056163
2026-08-17,14399.2,14704.55,14348.47,14704.27,,641864873.0,0.02438013391099969
2026-08-18,14692.03,14733.9,14459.72,14622.5,,674616023.0,-0.0055609697047184214
2026-08-19,14316.98,14367.37,13842.32,13890.15,,696873243.0,-0.0500837750042743
2026-08-20,14032.97,14101.14,13870.18,13972.78,,596570236.0,0.0059488198471580045
2026-08-21,13935.64,14132.04,13866.39,14094.17,,543953914.0,0.008687605472926574
2026-08-24,14118.02,14118.15,13616.75,13794.29,,563532457.0,-0.021276882569175704
2026-08-25,13683.91,13848.4,13568.51,13745.87,,579779582.0,-0.003510148039514882
2026-08-26,13761.36,13948.69,13714.05,13841.33,,577607360.0,0.006944631369276699
2026-08-27,13876.79,14049.99,13808.62,14048.88,,614047288.0,0.014994946294900835
2026-08-28,14019.28,14148.68,13949.62,13953.07,,630346080.0,-0.006819760721139323
