date,open,high,low,close,amount,return,net_value
2005-01-04,994.77,994.77,980.66,982.79,7412869.0,,1.0
2005-01-05,981.58,997.32,979.88,992.56,7119109.0,0.00994108609163713,1.0099410860916371
2005-01-06,993.33,993.79,980.33,983.17,6288029.0,-0.009460385266381821,1.0003866543208622
2005-01-07,983.04,995.71,979.81,983.96,7298694.0,0.000803523297090214,1.001190488303707
2005-01-10,983.76,993.96,979.79,993.88,5791698.0,0.010081710638643715,1.0112842011009475
2005-01-11,994.19,999.55,991.09,997.14,5849080.0,0.0032800740532055173,1.0146012881693953
2005-01-12,996.65,996.98,989.26,996.75,5014525.0,-0.0003911185991937183,1.0142044587348265
2005-01-13,996.08,999.47,992.7,996.88,6044066.0,0.00013042387760209273,1.014336735213016
2005-01-14,996.62,1006.46,987.23,988.31,7297842.0,-0.008596822084904976,1.0056166627662062
2005-01-17,979.11,981.52,965.08,967.45,7288189.0,-0.021106737764466477,0.984391375573622
2005-01-18,967.37,974.87,960.29,974.69,7311848.0,0.007483590883249791,0.9917581578974145
2005-01-19,974.33,974.33,965.26,967.21,6338091.0,-0.007674234884937792,0.9841471728446565
2005-01-20,963.21,963.21,952.23,956.25,7727106.0,-0.011331561915199462,0.9729952482218988
2005-01-21,954.46,984.27,943.44,982.6,14450060.0,0.027555555555555555,0.9998066728395688
2005-01-24,1001.85,1001.85,986.24,998.13,14359462.0,0.015805007123956827,1.0156086244263778
2005-01-25,995.64,997.95,985.24,997.78,9862529.0,-0.00035065572620807117,1.0152524954466364
2005-01-26,995.78,999.47,988.48,989.93,7663290.0,-0.007867465774018312,1.0072650311867233
2005-01-27,987.34,987.7,973.77,974.63,6945365.0,-0.015455638277453887,0.991697107215173
2005-01-28,974.63,975.62,965.21,969.21,5748807.0,-0.005561084719329368,0.9861821955860356
2005-01-31,965.79,965.79,953.14,954.88,6788706.0,-0.014785237461437672,0.9716012576440541
2005-02-01,953.33,965.48,952.74,955.95,7433067.0,0.0011205596514745064,0.972689994810692
2005-02-02,956.7,1006.93,956.7,1006.91,17057338.0,0.053308227417751874,1.0245423742610322
2005-02-03,1005.56,1014.19,992.16,993.22,16974540.0,-0.013596051285616362,1.010612643596292
2005-02-04,992.25,1021.03,989.94,1016.86,15736215.0,0.023801373311048923,1.0346666123993935
2005-02-16,1023.32,1033.25,1018.49,1023.58,12131293.0,0.006608579352123334,1.0415042888104276
2005-02-17,1024.43,1024.43,1010.48,1020.61,8968298.0,-0.0029015807264698434,1.0384822800394795
2005-02-18,1020.12,1021.2,1005.63,1006.06,8139939.0,-0.014256180127570794,1.0236774895959462
2005-02-21,1006.69,1025.66,1006.69,1025.63,9886094.0,0.019452120151879804,1.0435901871203412
2005-02-22,1026.84,1048.68,1024.53,1046.74,17937842.0,0.02058247126156587,1.065069852155598
2005-02-23,1046.81,1049.61,1036.62,1043.94,18696930.0,-0.0026749718172611736,1.062220820317667
2005-02-24,1042.25,1045.96,1034.73,1045.46,14681789.0,0.0014560223767650093,1.0637674376011153
2005-02-25,1046.27,1059.48,1045.98,1046.76,18170004.0,0.0012434717731906186,1.0650902023830116
2005-02-28,1046.21,1048.28,1035.04,1039.99,12971046.0,-0.006467576139707276,1.0582016504034433
2005-03-01,1039.35,1042.74,1031.17,1035.93,9962090.0,-0.003903883691189325,1.0540705542384436
2005-03-02,1036.37,1045.76,1021.0,1021.32,14225136.0,-0.014103269525933215,1.0392047131126692
2005-03-03,1019.88,1028.4,1014.75,1027.71,9203086.0,0.006256609094113408,1.0457066107713755
2005-03-04,1027.93,1031.85,1022.18,1023.67,8173641.0,-0.0039310700489438855,1.0415958648337895
2005-03-07,1024.48,1031.34,1024.48,1029.87,7932950.0,0.006056639346664339,1.0479044353320648
2005-03-08,1033.79,1049.29,1032.85,1048.99,14295794.0,0.018565450008253492,1.0673592527396494
2005-03-09,1051.26,1054.64,1041.98,1046.54,15327488.0,-0.0023355799387982934,1.06486634988146
2005-03-10,1046.69,1046.69,1019.63,1022.41,13295953.0,-0.023056930456552105,1.0403138005067205
2005-03-11,1021.08,1028.12,1016.93,1027.43,11476381.0,0.004909967625512435,1.0454217075875822
2005-03-14,1027.17,1041.57,1014.92,1031.03,14466089.0,0.0035038883427580547,1.0490847485220647
2005-03-15,1030.86,1030.94,1011.64,1013.52,12007493.0,-0.016983016983016963,1.0312681244212905
2005-03-16,1011.85,1012.2,995.97,1003.07,10622783.0,-0.01031060067882228,1.0206351305975845
2005-03-17,1001.97,1004.82,992.12,992.86,9969011.0,-0.01017875123371259,1.0102463395028438
2005-03-18,991.89,996.4,975.7,978.67,9652060.0,-0.014292045202747627,0.9958078531527589
2005-03-21,977.3,983.18,973.0,981.89,7252565.0,0.0032901795293613922,0.9990842397663794
2005-03-22,981.71,982.14,959.56,964.02,11375717.0,-0.01819959465927956,0.9809013115721568
2005-03-23,962.82,975.36,955.99,959.01,10930054.0,-0.005196987614364823,0.9758035796050021
2005-03-24,957.43,965.06,948.53,964.8,9260715.0,0.006037476147276788,0.9816949704412946
2005-03-25,964.25,966.97,959.06,962.96,7107323.0,-0.0019071310116085538,0.9798227495192259
2005-03-28,961.65,961.65,948.81,960.7,6669246.0,-0.002346930298247063,0.9775231738214675
2005-03-29,960.42,968.12,954.74,955.19,7577379.0,-0.0057354012699073476,0.971916686168968
2005-03-30,952.71,952.71,936.37,937.03,8950164.0,-0.019011924329191188,0.9534386796772453
2005-03-31,934.85,942.37,928.34,942.2,7859446.0,0.00551743273961347,0.9586992134637103
2005-04-01,941.43,989.9,937.55,978.15,16347505.0,0.0381553810231372,0.9952787472400002
2005-04-04,968.49,974.06,956.13,962.17,11435093.0,-0.016336962633542895,0.979018915536381
2005-04-05,960.54,967.75,953.59,955.6,9534537.0,-0.006828315162601184,0.9723338658309505
2005-04-06,955.6,977.86,948.95,973.67,14282421.0,0.018909585600669576,0.9907202962993108
2005-04-07,975.97,1000.27,974.31,984.73,20754212.0,0.01135908470015523,1.0019739720591376
2005-04-08,984.67,1003.7,979.53,1003.45,14762526.0,0.019010287083769173,1.0210217849184464
2005-04-11,1003.88,1008.74,992.77,995.42,15936066.0,-0.00800239174846784,1.0128511686118091
2005-04-12,993.71,993.71,978.2,978.7,10226193.0,-0.016796929939121075,0.9958383784938797
2005-04-13,987.95,1006.5,987.95,1000.9,16071687.0,0.022683151118831013,1.018427130923188
2005-04-14,1004.64,1006.42,985.58,986.98,12945710.0,-0.013907483265061416,1.0042633726431893
2005-04-15,982.61,982.61,971.93,974.08,10408955.0,-0.013070173661067108,0.9911374759612939
2005-04-18,970.91,970.91,958.65,963.77,8598400.0,-0.010584346254927768,0.9806469337294844
2005-04-19,962.92,968.87,957.91,965.89,9212623.0,0.002199694947964792,0.9828040578353463
2005-04-20,964.15,964.15,946.2,950.87,8850705.0,-0.01555042499663517,0.9675210370475891
2005-04-21,948.86,955.55,938.6,943.98,9946145.0,-0.007245995772292679,0.960510383703538
2005-04-22,942.91,947.91,934.96,939.1,10691884.0,-0.005169601050869721,0.9555449282145729
2005-04-25,935.99,935.99,920.16,930.07,11470478.0,-0.009615589394100676,0.9463568005372462
2005-04-26,928.43,939.7,924.66,937.08,11690471.0,0.007537067102476147,0.95348955524578
2005-04-27,938.57,938.91,925.9,926.6,10780611.0,-0.011183676953942068,0.9428260360809534
2005-04-28,923.53,945.5,914.83,942.07,14343486.0,0.016695445715519064,0.958566936985521
2005-04-29,940.81,942.45,929.81,932.4,11235419.0,-0.01026463001687783,0.9487276020309527
2005-05-09,934.65,937.39,909.17,909.17,8529115.0,-0.024914199914199964,0.9250908128898341
2005-05-10,905.54,913.39,892.31,913.08,10494331.0,0.0043006258455515756,0.9290692823492304
2005-05-11,911.84,917.22,900.44,901.85,9042047.0,-0.012299031848249875,0.9176426296563865
2005-05-12,899.97,900.06,883.51,885.82,10228720.0,-0.017774574485779238,0.9013319223842328
2005-05-13,883.51,898.51,875.58,887.54,11244906.0,0.0019417037321352026,0.9030820419418188
2005-05-16,885.39,885.39,869.33,875.27,8224288.0,-0.013824729026297389,0.8905971774234579
2005-05-17,873.08,888.28,868.21,881.46,8772273.0,0.007072103465216584,0.8968955728080265
2005-05-18,881.14,890.4,871.82,883.2,7878610.0,0.001973997685657869,0.8986660425930263
2005-05-19,882.84,888.02,871.29,884.17,8149583.0,0.001098278985507184,0.8996530286225951
2005-05-20,883.51,891.02,879.18,882.76,7226676.0,-0.001594715948290415,0.8982183375899229
2005-05-23,880.28,880.28,862.1,863.34,7279795.0,-0.02199918437627435,0.8784582667711315
2005-05-24,861.2,871.77,855.59,868.46,9206929.0,0.005930456135473827,0.883667924989062
2005-05-25,867.66,876.31,861.66,868.45,7238556.0,-1.1514635101184112e-05,0.8836577498753552
2005-05-26,867.76,872.84,854.96,857.33,6622786.0,-0.012804421670792765,0.8723430234332872
2005-05-27,855.6,864.96,848.4,849.51,7749983.0,-0.00912134184036495,0.8643860845144947
2005-05-30,847.63,858.46,842.1,855.61,6971583.0,0.0071806099987050676,0.870592903875701
2005-05-31,856.56,863.2,853.29,855.95,7047821.0,0.0003973773097556421,0.8709388577417355
2005-06-01,855.21,857.66,836.04,837.53,7902302.0,-0.02151994859512829,0.8521962982936336
2005-06-02,835.47,835.49,812.99,818.38,9508657.0,-0.02286485260229487,0.8327109555449284
2005-06-03,816.55,823.86,807.97,818.03,7936056.0,-0.00042767418558620207,0.832354826565187
2005-06-06,816.73,839.15,807.78,839.0,9009185.0,0.025634756671515824,0.8536920400085474
2005-06-07,841.58,858.09,835.18,837.28,13067068.0,-0.002050059594755682,0.8519419204509613
2005-06-08,848.54,908.83,844.47,905.77,32907839.0,0.08180059239442006,0.9216312742294898
2005-06-09,907.57,925.37,895.04,912.6,33141840.0,0.007540545613124783,0.9285808768912995
2005-06-10,911.94,911.94,889.1,894.56,22391502.0,-0.019767696690773717,0.9102249717640596
2005-06-13,895.0,900.18,877.69,892.96,15628002.0,-0.0017885888034340214,0.9085969535709564
2005-06-14,895.39,905.42,882.86,883.54,14343570.0,-0.010549184733918748,0.8990119964590606
2005-06-15,881.21,881.25,865.14,866.83,11454056.0,-0.01891255630758082,0.882009381454838
2005-06-16,866.66,879.49,861.83,879.24,11049685.0,0.014316532653461334,0.8946366975650955
2005-06-17,883.61,888.08,876.04,880.35,14963009.0,0.00126245393749147,0.8957661351865609
2005-06-20,881.62,906.48,872.56,906.26,18992082.0,0.029431476117453226,0.9221298548011275
2005-06-21,906.31,906.31,894.39,896.17,12774784.0,-0.011133670249155903,0.9118631650708697
2005-06-22,894.77,901.24,891.93,900.65,10478134.0,0.0049990515192430696,0.916421616011559
2005-06-23,900.06,904.9,892.83,893.57,9509308.0,-0.007860989285515929,0.909217635507077
2005-06-24,892.06,898.67,888.4,898.3,8918739.0,0.0052933737703815265,0.9140304642904384
2005-06-27,904.21,920.65,904.21,916.04,16545402.0,0.01974841367026614,0.9320811160064715
2005-06-28,913.48,913.48,901.21,903.72,10402219.0,-0.013449194358324923,0.9195453759195761
2005-06-29,906.75,907.57,898.08,898.9,10806746.0,-0.00533351037932106,0.9146409711128524
2005-06-30,897.1,897.1,876.88,878.69,10855472.0,-0.022483034820335868,0.8940770663112163
2005-07-01,875.94,875.94,858.37,859.49,10094596.97,-0.021850709579032457,0.8745408479939766
2005-07-04,855.32,856.1,842.81,855.93,8840276.53,-0.0041419911808165955,0.8709185075143216
2005-07-05,853.68,856.74,845.36,849.68,7992688.38,-0.007301998995244974,0.8645590614475118
2005-07-06,850.25,854.45,838.61,842.56,6898313.92,-0.008379625270690139,0.8573143804882021
2005-07-07,841.75,848.02,839.28,844.73,5962464.91,0.002575484238511283,0.8595223801625985
2005-07-08,842.62,842.62,827.23,829.49,7221000.42,-0.01804126762397451,0.8440155068732895
2005-07-11,837.86,850.66,822.52,824.1,8439005.54,-0.0064979686313276774,0.8385311205852728
2005-07-12,821.91,854.29,818.86,851.82,14989870.66,0.033636694575901016,0.8667365357807877
2005-07-13,850.47,851.95,841.86,846.23,9398842.17,-0.0065624192904604195,0.8610486472186331
2005-07-14,844.94,856.1,843.18,849.59,9361968.01,0.003970551741252493,0.8644674854241501
2005-07-15,849.87,854.6,837.78,841.0,8889563.39,-0.010110759307430661,0.8557270627499267
2005-07-18,839.22,840.01,829.68,833.0,8500006.37,-0.009512485136741966,0.8475869717844102
2005-07-19,831.5,840.14,829.28,835.61,7891817.79,0.0031332533013206376,0.8502426764619101
2005-07-20,835.3,844.71,832.14,842.64,8526473.08,0.008413015641268062,0.8573957813978578
2005-07-21,842.75,843.99,835.76,843.99,8366100.97,0.0016021076616348218,0.8587694217482886
2005-07-22,847.54,867.17,842.99,859.69,21630976.13,0.018602116138816793,0.8747443502681148
2005-07-25,858.33,860.95,854.28,856.86,11816079.69,-0.0032918842838698392,0.8718647930890633
2005-07-26,856.19,880.03,856.19,876.48,21826775.91,0.022897556193543833,0.8918283661819926
2005-07-27,876.94,894.03,876.04,894.01,20409537.28,0.02000045637093817,0.9096653405101806
2005-07-28,893.88,901.0,888.5,890.89,20622527.06,-0.0034898938490620646,0.9064907050336292
2005-07-29,889.41,892.29,883.38,888.16,13397405.98,-0.003064351378958108,0.9037128989916466
2005-08-01,887.72,897.29,885.85,891.61,11808309.18,0.0038844352368943014,0.9072233132205257
2005-08-02,892.13,903.65,888.4,903.6,14292547.43,0.013447583584751177,0.9194232745550937
2005-08-03,905.18,919.28,903.76,909.57,25786298.07,0.006606905710491384,0.9254978174381104
2005-08-04,907.42,909.83,901.63,904.15,14519255.6,-0.005958859680948225,0.9199829058089729
2005-08-05,904.04,923.81,903.94,923.8,19123764.73,0.02173311950450696,0.9399770042430229
2005-08-08,926.57,933.15,923.57,927.47,21608944.3,0.003972721368261656,0.9437112709734538
2005-08-09,926.97,933.39,919.11,933.09,19532907.46,0.0060594951858281565,0.9494296848767292
2005-08-10,933.26,940.37,926.28,940.37,21515762.51,0.007802034101747957,0.9568371676553492
2005-08-11,940.79,953.99,939.39,953.99,27073666.44,0.014483660686750888,0.970695672524141
2005-08-12,954.72,959.27,933.99,938.32,29168144.35,-0.016425748697575404,0.9547512693454355
2005-08-15,937.71,954.5,936.11,954.5,20430813.47,0.01724358427828454,0.9712146033231926
2005-08-16,955.27,959.34,939.92,945.06,23861817.91,-0.009889994761655418,0.961609295983883
2005-08-17,943.41,953.34,930.33,953.01,21457768.65,0.00841216430702807,0.969698511380865
2005-08-18,954.16,956.84,919.12,920.67,31855326.58,-0.033934586205811135,0.9367921936527643
2005-08-19,918.09,927.32,910.08,923.04,22242679.4,0.0025742122584639926,0.9392036956012987
2005-08-22,923.11,933.35,919.22,931.67,16031009.73,0.009349540648292631,0.9479848187303497
2005-08-23,931.81,931.81,915.03,923.41,15406488.15,-0.008865800122360934,0.9395801748084538
2005-08-24,923.56,935.23,923.56,930.65,15959747.47,0.007840504218061373,0.9469469571322463
2005-08-25,930.98,933.2,920.61,930.12,16292057.02,-0.0005694944393702661,0.9464076761057809
2005-08-26,930.25,930.33,921.84,928.26,15429803.61,-0.001999741968778279,0.9445151049562983
2005-08-29,928.34,928.34,913.77,917.37,15462260.94,-0.01173162691487295,0.9334344061294889
2005-08-30,916.09,920.21,912.84,914.88,12438170.39,-0.0027142810425455632,0.9309008028164719
2005-08-31,915.12,928.21,911.51,927.92,14623629.86,0.01425323539699197,0.9441691510902639
2005-09-01,928.52,944.95,926.06,944.56,22306383.64,0.017932580394861564,0.9611005402985382
2005-09-02,945.98,947.92,941.31,947.87,18614437.97,0.0035042771237401293,0.9644685029355207
2005-09-05,949.08,952.99,944.63,952.72,17843318.03,0.0051167354173040636,0.9694034330833651
2005-09-06,953.41,956.3,934.97,936.61,21222255.35,-0.016909480225039908,0.9530113249015562
2005-09-07,934.99,952.9,932.65,952.76,19608465.69,0.01724303605556199,0.9694441335381926
2005-09-08,954.27,958.87,947.71,955.28,22424393.35,0.0026449473109702026,0.9720082621923303
2005-09-09,955.11,959.9,946.02,949.07,16219310.01,-0.006500711833179684,0.9656895165803482
2005-09-12,949.78,952.55,945.4,949.51,11672613.44,0.0004636117462357703,0.9661372215834516
2005-09-13,949.58,963.92,948.13,963.77,16579430.68,0.01501827258270061,0.9806469337294849
2005-09-14,964.97,970.26,961.64,970.19,19958290.5,0.006661340361289625,0.987179356729312
2005-09-15,970.58,970.96,965.66,969.6,16377679.23,-0.0006081283047650876,0.9865790250206051
2005-09-16,969.62,970.37,964.29,967.5,13978570.95,-0.0021658415841584455,0.984442251142157
2005-09-19,967.44,971.99,964.26,971.14,14737421.01,0.0037622739018088325,0.9881459925314671
2005-09-20,971.38,971.65,957.12,961.92,18636604.34,-0.009493996746092304,0.9787645376937092
2005-09-21,961.37,961.37,943.82,944.41,18541895.48,-0.01820317697937457,0.9609479135929349
2005-09-22,942.73,942.73,914.23,923.27,18115524.76,-0.02238434578202264,0.9394377232165574
2005-09-23,921.51,927.42,914.81,916.15,11547643.77,-0.007711720298504199,0.9321930422572476
2005-09-26,915.84,919.65,913.61,918.49,8836240.97,0.002554166894067622,0.9345740188646613
2005-09-27,918.87,921.13,903.39,904.21,11086056.26,-0.015547256910799168,0.9200439564912143
2005-09-28,903.33,910.33,901.38,903.72,8850309.8,-0.0005419095121708128,0.9195453759195764
2005-09-29,904.28,915.98,904.28,915.98,11938977.51,0.013566148807152567,0.9320200653242304
2005-09-30,916.59,918.66,913.45,917.39,9001432.63,0.0015393349199763762,0.9334547563569027
2005-10-10,917.21,917.21,906.88,907.32,7158450.87,-0.01097679285799924,0.9232084168540589
2005-10-11,906.63,919.8,904.05,919.72,7758294.92,0.013666622580787324,0.9358255578506095
2005-10-12,920.45,926.09,917.38,923.49,12208851.75,0.004099073631105066,0.9396615757181092
2005-10-13,923.43,926.01,916.28,916.5,10828903.79,-0.007569112822012114,0.9325491712369891
2005-10-14,916.34,917.89,902.81,904.83,10123940.49,-0.012733224222585826,0.920674813541042
2005-10-17,903.27,903.27,892.36,897.62,10552505.59,-0.007968347645414098,0.9133385565583702
2005-10-18,897.37,903.0,895.62,902.37,11366316.72,0.0052917715737170745,0.9181717355691456
2005-10-19,902.04,907.88,897.05,898.74,11033047.52,-0.0040227401176901045,0.9144781692935424
2005-10-20,898.89,900.13,889.57,899.92,12608724.63,0.001312949240047212,0.9156788327109562
2005-10-21,899.65,907.79,897.99,904.41,11364588.25,0.004989332385100909,0.9202474587653523
2005-10-24,905.13,908.45,900.23,906.65,9218982.23,0.002476752800168125,0.922526684235697
2005-10-25,905.97,905.97,893.61,894.27,11213401.2,-0.013654662769536197,0.9099298934665601
2005-10-26,892.62,892.62,873.9,875.82,12167122.96,-0.020631352947096393,0.8911568086773376
2005-10-27,873.47,879.67,869.72,875.85,11908588.1,3.4253613756307644e-05,0.8911873340184583
2005-10-28,875.86,880.21,859.69,867.73,11973375.73,-0.009270993891648094,0.882925141688459
2005-10-31,866.62,878.41,866.15,876.28,10443651.3,0.009853295379899318,0.8916248639078549
2005-11-01,875.96,875.96,862.69,872.87,10082745.41,-0.003891450221390369,0.8881551501338035
2005-11-02,873.39,884.94,873.39,882.48,13104972.57,0.011009657795548078,0.8979334344061304
2005-11-03,882.19,885.68,872.11,874.58,12179182.41,-0.008952044238962897,0.8898950945776828
2005-11-04,873.35,878.36,869.68,878.36,9567310.49,0.004322074595805914,0.8937412875588893
2005-11-07,877.62,877.62,870.08,877.28,7713259.16,-0.0012295641878046215,0.8926423752785445
2005-11-08,876.43,881.9,870.96,881.52,10128761.11,0.004833120554440962,0.8969566234902683
2005-11-09,881.51,884.94,878.68,879.25,11774405.11,-0.002575097558762063,0.894646872678803
2005-11-10,878.63,878.63,862.09,862.97,10853770.97,-0.018515780494739786,0.8780817875639769
2005-11-11,861.22,867.33,857.79,864.79,9219719.7,0.0021089956777176067,0.8799336582586319
2005-11-14,864.08,864.25,858.34,862.15,6271673.74,-0.0030527642549057488,0.8772474282400115
2005-11-15,862.07,867.46,853.86,856.64,8252477.9,-0.006390999246070894,0.871640940587512
2005-11-16,855.45,863.17,847.49,863.12,9066137.77,0.007564437803511348,0.8782344142695804
2005-11-17,863.08,865.79,859.0,862.66,8811636.79,-0.0005329502270832176,0.8777663590390631
2005-11-18,862.58,886.58,862.4,882.24,17597802.98,0.02269723877309726,0.897689231677165
2005-11-21,882.79,886.11,880.3,883.87,10259963.06,0.0018475698222706338,0.899347775211389
2005-11-22,883.93,883.93,869.53,869.62,10597235.9,-0.016122280425854507,0.8848482381790626
2005-11-23,868.01,876.82,866.19,876.23,9916919.66,0.0076010211356685176,0.8915739883393207
2005-11-24,875.83,885.75,874.88,881.49,14629007.65,0.006002990082512483,0.8969260981491477
2005-11-25,881.25,884.16,877.26,884.11,13003545.88,0.0029722401842335877,0.8995919779403544
2005-11-28,883.24,886.74,877.64,880.17,9739734.92,-0.004456459037902594,0.8955829831398374
2005-11-29,879.25,879.25,870.56,871.31,8414993.73,-0.010066237204176431,0.8865678323955278
2005-11-30,870.45,873.93,866.98,873.83,8040737.45,0.0028921968071067283,0.8891319610496657
2005-12-01,873.47,877.31,870.7,873.07,7069234.15,-0.0008697343876955532,0.8883586524079417
2005-12-02,872.93,875.83,866.37,869.94,8492020.59,-0.0035850504541445893,0.8851738418176833
2005-12-05,869.43,869.43,858.86,859.61,10286896.89,-0.011874382141297102,0.8746629493584601
2005-12-06,858.11,867.19,855.72,866.08,10303513.65,0.00752666907085775,0.8812462479268217
2005-12-07,865.72,874.0,865.02,873.84,9842954.99,0.008959911324588843,0.8891421361633727
2005-12-08,874.13,877.97,870.12,874.06,10259173.66,0.0002517623363544885,0.8893659886649243
2005-12-09,873.69,887.57,871.26,887.36,12719525.75,0.015216346703887718,0.9028988898950957
2005-12-12,887.06,890.69,884.26,888.52,10699279.87,0.001307248467363742,0.9040792030850955
2005-12-13,888.0,889.22,880.74,889.1,10547237.34,0.0006527708999235493,0.9046693596800955
2005-12-14,888.6,899.01,884.37,898.15,13868375.99,0.010178832527274695,0.9138778375848361
2005-12-15,898.38,904.01,895.17,896.43,16259781.56,-0.0019150475978400028,0.91212771802725
2005-12-16,895.83,902.75,894.1,902.56,11452106.71,0.0068382361143648485,0.9183650627295772
2005-12-19,902.05,904.47,898.79,902.91,9936326.45,0.00038778585357213124,0.9187211917093187
2005-12-20,902.75,907.32,899.66,907.32,10294658.43,0.00488420772834508,0.9232084168540597
2005-12-21,907.05,910.93,902.11,903.14,10273975.32,-0.004606974386104246,0.9189552193245772
2005-12-22,902.37,909.06,900.66,908.75,8947025.43,0.00621166153641739,0.9246634581141457
2005-12-23,908.96,915.89,908.51,915.89,11906998.09,0.007856946354882988,0.9319284893008691
2005-12-26,916.67,925.01,916.41,922.38,15342649.31,0.007086003777746264,0.9385321380966445
2005-12-27,922.44,922.44,916.01,919.36,12050358.24,-0.0032741386413408513,0.935459253757162
2005-12-28,919.05,920.98,915.12,920.92,12131031.5,0.0016968325791855143,0.9370465714954377
2005-12-29,921.14,932.03,921.14,932.03,17254958.71,0.012064022933588214,0.9483511228237989
2005-12-30,933.45,934.0,921.83,923.45,15600250.63,-0.009205712262480792,0.9396208752632824
2006-01-04,926.56,941.43,926.41,941.43,21126899.0,0.019470464020791445,0.9579157297082808
2006-01-05,943.85,959.63,942.31,959.13,27311743.0,0.01880118543067466,0.9759256809694862
2006-01-06,961.92,975.63,956.04,970.03,30286368.0,0.01136446571371974,0.9870165549100025
2006-01-09,971.09,976.27,966.05,975.25,24329552.0,0.005381276867725715,0.992327964265002
2006-01-10,975.28,978.28,964.43,978.15,22735302.0,0.002973596513714316,0.9952787472400016
2006-01-11,977.64,983.39,963.39,973.48,26524138.0,-0.0047743188672493275,0.9905269691388814
2006-01-12,972.39,984.08,968.54,983.72,21896680.0,0.010518962896002071,1.0009462855747426
2006-01-13,985.04,988.11,973.69,978.81,22281861.0,-0.004991257674948235,0.9959503047446567
2006-01-16,977.89,977.89,960.88,961.44,20305215.0,-0.01774603855702317,0.978276132235779
2006-01-17,959.4,965.98,952.23,964.29,16037276.0,0.0029643035446829114,0.9811760396422442
2006-01-18,964.16,984.67,963.08,983.62,20823518.0,0.020045836833317843,1.0008445344376737
2006-01-19,985.23,992.27,978.28,991.22,26455609.0,0.007726561070332094,1.0085776208549144
2006-01-20,991.57,994.5,987.06,993.34,26147062.0,0.0021387784750106498,1.0107347449607764
2006-01-23,993.74,997.33,989.34,996.16,22546019.0,0.0028389071214287576,1.0136041270261211
2006-01-24,997.79,1006.15,993.39,999.09,24197991.0,0.00294129457115333,1.0165854353422417
2006-01-25,998.84,1009.65,989.51,1009.6,21800758.0,0.010519572811258149,1.027279479848189
2006-02-06,1013.43,1033.35,1012.81,1033.23,25038771.0,0.02340530903328042,1.0513232735375835
2006-02-07,1034.68,1038.5,1019.94,1029.94,32954787.0,-0.003184189386680525,1.0479756611280149
2006-02-08,1028.44,1033.4,1022.94,1033.07,26986729.0,0.003039011981280426,1.0511604717182732
2006-02-09,1033.19,1033.19,1017.05,1019.6,23839601.0,-0.013038806663633551,1.0374545935550847
2006-02-10,1019.42,1032.6,1018.48,1032.34,22024453.0,0.012495096116123872,1.0504176884176697
2006-02-13,1034.38,1034.64,1021.84,1031.61,22157298.0,-0.0007071313714474003,1.0496749051170664
2006-02-14,1032.65,1038.81,1030.46,1038.53,18556220.0,0.00670796134198004,1.0567160838022382
2006-02-15,1040.33,1048.34,1038.74,1041.66,24784628.0,0.0030138753815489583,1.0599008943924966
2006-02-16,1041.67,1041.67,1019.21,1020.12,26159892.0,-0.02067853234260708,1.037983699467843
2006-02-17,1020.06,1028.57,1015.99,1020.37,21026875.0,0.0002450692075441907,1.0382380773105155
2006-02-20,1020.74,1030.05,1020.02,1021.64,18818883.0,0.0012446465497808479,1.0395303167512913
2006-02-21,1020.98,1038.94,1014.66,1038.82,23678039.0,0.016816099604557433,1.0570111620997382
2006-02-22,1039.65,1046.45,1036.38,1037.89,25380704.0,-0.000895246529716287,1.0560648765249971
2006-02-23,1038.25,1041.59,1029.25,1041.37,19785037.0,0.0033529564790100164,1.0596058160949966
2006-02-24,1041.97,1049.69,1041.97,1049.44,19676104.0,0.0077494070311225904,1.0678171328564616
2006-02-27,1055.95,1057.22,1045.97,1047.85,22872099.0,-0.0015150937642934847,1.0661992897770651
2006-02-28,1046.71,1053.72,1033.66,1053.01,19353267.0,0.004924368945937063,1.0714496484498235
2006-03-01,1051.76,1057.69,1049.64,1056.62,19425730.0,0.0034282675378201066,1.0751228644980129
2006-03-02,1055.86,1056.05,1034.68,1038.67,24877861.0,-0.01698813196797322,1.0568585353941353
2006-03-03,1037.99,1043.42,1029.56,1041.68,21200539.0,0.0028979367845418658,1.059921244619911
2006-03-06,1041.75,1044.42,1036.11,1038.87,17870963.0,-0.0026975654711621777,1.0570620376682731
2006-03-07,1037.93,1037.98,1013.14,1014.97,19336516.0,-0.023005765880235174,1.0327435159087925
2006-03-08,1012.58,1014.97,999.93,1009.27,17463055.0,-0.005615929534863118,1.026943701095862
2006-03-09,1006.97,1010.91,1002.2,1004.34,12735099.0,-0.004884718658039966,1.0219273700383624
2006-03-10,1004.75,1011.76,1004.69,1008.9,11887983.0,0.004540295119182636,1.0265672218887067
2006-03-13,1008.8,1020.88,1008.51,1019.86,11765911.0,0.010863316483298746,1.0377191465114646
2006-03-14,1020.47,1021.65,1012.11,1018.27,11348030.0,-0.00155903751495301,1.036101303432068
2006-03-15,1018.15,1028.97,1017.08,1028.96,14842068.0,0.010498197923929808,1.0469784999847396
2006-03-16,1028.96,1029.81,1025.52,1027.62,14784339.0,-0.0013022858031411788,1.0456150347480153
2006-03-17,1027.64,1029.56,1021.08,1024.02,15001924.0,-0.0035032404974600917,1.0419519938135329
2006-03-20,1024.5,1037.91,1019.65,1037.66,15389912.0,0.013320052342727706,1.0558308489097386
2006-03-21,1037.95,1047.05,1036.24,1040.76,19077662.0,0.0029874910857119463,1.058985134158876
2006-03-22,1041.14,1047.94,1036.71,1047.67,18640575.0,0.006639378915408001,1.066016137730341
2006-03-23,1047.35,1049.33,1042.83,1048.54,20467885.0,0.0008304141571295887,1.066901372622841
2006-03-24,1049.12,1051.76,1041.23,1042.6,20098237.0,-0.0056650199324775885,1.0608573550809448
2006-03-27,1042.63,1050.71,1037.08,1050.71,17134070.0,0.007778630347208937,1.0691093722972373
2006-03-28,1050.07,1056.52,1048.64,1055.98,22273999.0,0.005015656080174402,1.0744716572207713
2006-03-29,1058.74,1074.04,1057.68,1065.29,30526345.0,0.008816454857099476,1.083944688081891
2006-03-30,1065.84,1067.99,1055.14,1055.63,22012494.0,-0.009067953327262845,1.07411552824103
2006-03-31,1053.85,1061.47,1050.22,1061.09,22276190.0,0.0051722667980256265,1.0796711403249948
2006-04-03,1061.96,1079.37,1061.96,1079.32,27729761.0,0.017180446521972703,1.0982203726126656
2006-04-04,1080.86,1089.37,1076.2,1089.37,31148757.0,0.009311418300411267,1.1084463618880955
2006-04-05,1091.18,1100.56,1089.55,1099.97,32936914.0,0.009730394631759731,1.119231982417405
2006-04-06,1102.54,1109.68,1097.32,1103.24,36167049.0,0.0029728083493185675,1.1225592445995598
2006-04-07,1102.94,1105.1,1091.89,1103.15,32570860.0,-8.157789782814451e-05,1.1224676685761978
2006-04-10,1104.32,1118.08,1100.69,1117.91,32067520.0,0.013379866745229618,1.137486136407576
2006-04-11,1120.16,1126.09,1112.01,1123.31,35607520.0,0.004830442522206546,1.1429806978092996
2006-04-12,1123.78,1123.78,1116.15,1117.07,30333845.0,-0.00555501152842941,1.1366314268561966
2006-04-13,1116.84,1122.39,1093.51,1093.93,33824146.0,-0.02071490595933989,1.11308621373844
2006-04-14,1091.69,1118.67,1091.67,1118.61,33527962.0,0.022560858555848995,1.1381983943670586
2006-04-17,1120.19,1129.15,1114.53,1124.41,35704548.0,0.00518500639186148,1.1440999603170583
2006-04-18,1127.51,1135.45,1119.27,1131.28,32317223.0,0.006109870954544849,1.1510902634336955
2006-04-19,1135.61,1140.41,1125.2,1138.24,34322898.0,0.006152323032317497,1.158172142573695
2006-04-20,1139.64,1142.54,1127.09,1134.38,37885651.0,-0.003391200449817222,1.1542445486828334
2006-04-21,1133.21,1152.89,1127.65,1149.16,40772910.0,0.013029143673195964,1.1692833667416254
2006-04-24,1156.91,1160.58,1135.75,1142.7,45936219.0,-0.0056214974416095576,1.1627102432869707
2006-04-25,1139.5,1149.54,1123.1,1141.93,38611125.0,-0.0006738426533647868,1.16192675953154
2006-04-26,1142.9,1162.02,1142.07,1155.73,41824301.0,0.012084803797080435,1.175968416447056
2006-04-27,1157.38,1159.9,1145.26,1155.27,31980451.0,-0.0003980168378427962,1.175500361216539
2006-04-28,1143.59,1173.88,1133.19,1172.35,40801858.0,0.014784422689068322,1.1928794554279167
2006-05-08,1179.58,1218.86,1179.58,1218.44,44912821.0,0.03931419797841951,1.239776554502999
2006-05-09,1226.31,1252.76,1222.68,1251.61,55993861.0,0.027223334755917206,1.2735274066687718
2006-05-10,1257.98,1273.68,1243.47,1265.93,55667043.0,0.011441263652415712,1.2880981694970466
2006-05-11,1267.22,1294.87,1254.35,1255.04,61133725.0,-0.008602371379144214,1.277017470670237
2006-05-12,1255.23,1296.38,1252.68,1296.26,54920331.0,0.03284357470678234,1.3189592893700612
2006-05-15,1312.14,1352.41,1301.8,1352.16,73534005.0,0.0431240646166664,1.3758381749916082
2006-05-16,1368.13,1387.4,1322.14,1331.13,79658170.0,-0.015552893148739755,1.3544399108660066
2006-05-17,1331.69,1356.13,1306.87,1335.52,61823287.0,0.0032979498621470427,1.3589067857833335
2006-05-18,1322.65,1340.52,1301.11,1331.2,52056363.0,-0.0032346951000359336,1.3545111366619544
2006-05-19,1334.07,1371.22,1329.32,1366.1,67123869.0,0.02621694711538458,1.3900222834990204
2006-05-22,1366.32,1387.57,1360.35,1373.67,66262172.0,0.0055413220115658746,1.3977248445751405
2006-05-23,1365.1,1365.1,1316.55,1317.65,56872388.0,-0.04078126478703037,1.3407238575891107
2006-05-24,1325.68,1351.31,1277.33,1308.24,51176632.0,-0.0071415019162904825,1.3311490755909217
2006-05-25,1304.69,1316.48,1285.73,1307.7,34046436.0,-0.000412768299394628,1.3305996194507492
2006-05-26,1312.24,1331.45,1309.46,1331.02,36385665.0,0.017832836277433595,1.3543279846152299
2006-05-29,1339.9,1366.84,1330.63,1366.29,44480011.0,0.026498474853871468,1.390215610659451
2006-05-30,1375.3,1384.68,1360.55,1378.76,44761027.0,0.009126905708158661,1.40290397745195
2006-05-31,1377.45,1386.94,1355.01,1365.45,47335883.0,-0.009653601787113053,1.3893609011080719
2006-06-01,1364.18,1403.27,1362.94,1402.88,53493453.0,0.027412208429455465,1.4274463517129823
2006-06-02,1406.62,1411.78,1382.0,1390.12,64109162.0,-0.009095574817518437,1.414462906622983
2006-06-05,1391.46,1403.3,1362.72,1403.16,55101819.0,0.009380485137973738,1.427731254896775
2006-06-06,1400.27,1413.11,1391.9,1399.14,46835278.0,-0.0028649619430428652,1.423640859186603
2006-06-07,1398.18,1398.18,1319.7,1320.23,52047647.0,-0.056398930771759836,1.343349036925489
2006-06-08,1309.07,1331.89,1286.9,1325.98,45677509.0,0.004355301727729355,1.3491997273069543
2006-06-09,1320.81,1329.84,1293.05,1294.19,37392623.0,-0.023974720584020837,1.316853040832733
2006-06-12,1283.83,1308.12,1275.4,1297.67,25033331.0,0.0026889405728680593,1.320393980402733
2006-06-13,1296.41,1312.13,1284.62,1298.28,27823031.0,0.00047007328519566016,1.3210146623388535
2006-06-14,1291.69,1291.69,1269.52,1283.88,28801661.0,-0.01109159811442817,1.306362498600924
2006-06-15,1283.72,1300.11,1280.5,1285.39,23241302.0,0.0011761223790385245,1.3078989407706652
2006-06-16,1290.0,1318.02,1290.0,1318.01,28408032.0,0.02537751188355286,1.341090161682559
2006-06-19,1306.26,1341.99,1294.9,1334.89,30726258.0,0.012807186591907493,1.3582657536197988
2006-06-20,1333.62,1341.24,1323.78,1338.22,27797058.0,0.002494587569013218,1.3616540664841952
2006-06-21,1336.84,1347.0,1320.41,1333.53,32445479.0,-0.0035046554378204142,1.3568819381556612
2006-06-22,1331.93,1341.73,1326.15,1331.55,25953157.0,-0.0014847809948033142,1.3548672656416958
2006-06-23,1329.11,1340.27,1319.51,1339.45,25651644.0,0.00593293530096517,1.3629056054701436
2006-06-26,1341.61,1363.57,1341.61,1363.41,29595920.0,0.017887939079472837,1.3872851779118656
2006-06-27,1365.04,1368.41,1354.09,1363.9,26454734.0,0.0003593929925700401,1.3877837584835033
2006-06-28,1361.79,1366.34,1353.63,1362.89,25791657.0,-0.0007405234987902798,1.3867560719991068
2006-06-29,1365.25,1395.24,1365.25,1395.12,42439201.0,0.02364827682351467,1.4195504634764315
2006-06-30,1402.6,1408.79,1384.99,1393.96,38396745.0,-0.0008314696943630961,1.4183701502864319
2006-07-03,1398.74,1420.33,1393.92,1420.33,38297385.0,0.01891732904817922,1.4452019251315158
2006-07-04,1423.08,1426.1,1401.15,1411.01,42749803.0,-0.006561855343476419,1.4357187191566891
2006-07-05,1409.9,1409.9,1377.22,1393.01,33446005.0,-0.01275681958313546,1.417403514484277
2006-07-06,1391.64,1418.76,1390.19,1418.68,32480734.0,0.018427721265461106,1.4435230313698781
2006-07-07,1423.72,1426.4,1405.99,1410.43,33556176.0,-0.005815264894126981,1.4351285625616892
2006-07-10,1410.5,1413.58,1397.44,1412.12,27607369.0,0.001198216146848674,1.4368481567781544
2006-07-11,1414.14,1418.82,1406.5,1418.58,28537379.0,0.00457468203835365,1.443421280232809
2006-07-12,1419.07,1430.94,1416.74,1419.2,36293417.0,0.00043705677508509844,1.4440521372826367
2006-07-13,1415.88,1418.14,1344.16,1346.09,48970673.0,-0.0515149379932357,1.3696618809715222
2006-07-14,1333.74,1367.74,1327.59,1357.13,32659105.0,0.008201531844081789,1.380895206503935
2006-07-17,1354.14,1372.25,1348.43,1372.25,24205552.0,0.011141158179393207,1.3962799784287612
2006-07-18,1370.9,1373.59,1359.91,1373.42,22724544.0,0.000852614319548195,1.397470466732468
2006-07-19,1370.29,1370.29,1330.28,1336.64,25227647.0,-0.02677986340667815,1.3600463985185058
2006-07-20,1335.41,1346.85,1329.18,1345.19,18450621.0,0.006396636341872153,1.3687461207379017
2006-07-21,1344.6,1357.34,1344.57,1356.03,20393648.0,0.008058341200871233,1.3797759439961765
2006-07-24,1340.28,1359.56,1327.9,1358.12,19966190.0,0.0015412638363456743,1.3819025427609175
2006-07-25,1359.32,1378.84,1359.32,1374.17,22023509.0,0.011817806968456468,1.3982336002604852
2006-07-26,1377.78,1380.8,1367.05,1371.3,19633442.0,-0.0020885334420051027,1.395313342626606
2006-07-27,1370.75,1379.25,1347.29,1355.55,23818755.0,-0.011485451761102605,1.3792875385382453
2006-07-28,1354.92,1359.74,1327.66,1341.39,21557505.0,-0.010445944450591882,1.3648795775292812
2006-07-31,1338.04,1338.04,1293.53,1294.33,22181211.0,-0.035083010906597045,1.3169954924246299
2006-08-01,1292.71,1302.89,1278.54,1282.06,17443887.0,-0.009479808086036767,1.3045106279062688
2006-08-02,1281.89,1288.61,1258.01,1275.09,17813284.0,-0.005436563031371411,1.2974185736525625
2006-08-03,1277.63,1281.79,1261.69,1271.74,12940473.0,-0.0026272655263549494,1.2940099105607525
2006-08-04,1272.36,1278.25,1239.38,1241.91,16053628.0,-0.02345605233774195,1.2636575463730828
2006-08-07,1233.49,1241.85,1221.99,1224.1,15116519.0,-0.014340813746567926,1.2455356688611015
2006-08-08,1225.04,1252.39,1225.04,1252.39,14250481.0,0.02311085695613113,1.2743210655379096
2006-08-09,1254.37,1258.21,1245.39,1251.3,12859474.0,-0.000870335917725451,1.2732119781438578
2006-08-10,1251.16,1271.47,1251.08,1271.47,17699006.0,0.01611923599456566,1.2937351824906664
2006-08-11,1273.27,1277.97,1265.52,1275.65,15303227.0,0.003287533327565706,1.2979883800201488
2006-08-14,1275.14,1279.31,1241.95,1245.72,16444469.0,-0.02346254850468399,1.26753426469541
2006-08-15,1243.16,1265.86,1239.91,1265.86,14319360.0,0.01616735703047234,1.2880269437010978
2006-08-16,1266.82,1283.57,1262.54,1283.57,20802743.0,0.013990488679632929,1.3060470700760103
2006-08-17,1280.28,1280.28,1263.93,1271.63,15457904.0,-0.009302180636817536,1.293897984309977
2006-08-18,1270.23,1280.83,1265.82,1267.87,13964524.0,-0.0029568349283991546,1.290072141556184
2006-08-21,1235.43,1270.67,1229.17,1270.56,15064766.0,0.0021216686253322514,1.292809247143339
2006-08-22,1270.1,1289.02,1269.1,1285.27,17200942.0,0.011577572094194633,1.3077768394061824
2006-08-23,1284.82,1294.83,1282.84,1285.68,19092875.0,0.0003189991208074616,1.3081940190681653
2006-08-24,1284.84,1292.4,1274.56,1292.4,15081306.0,0.005226806048161281,1.3150316954791992
2006-08-25,1293.5,1301.75,1292.45,1295.44,18557937.0,0.0023522129371711387,1.3181249300460955
2006-08-28,1298.46,1325.89,1298.36,1325.89,26183290.0,0.023505527079602295,1.349108151283593
2006-08-29,1328.61,1349.2,1327.0,1330.16,31766376.0,0.0032204783202225418,1.3534529248364373
2006-08-30,1328.37,1336.39,1319.82,1334.67,21139949.0,0.0033905695555422888,1.3580419011182474
2006-08-31,1335.59,1342.79,1331.29,1338.69,23188274.0,0.003011980489559196,1.3621322968284195
2006-09-01,1339.31,1340.13,1314.57,1318.1,25033688.0,-0.015380708005587662,1.3411817377059212
2006-09-04,1315.71,1337.24,1315.61,1337.24,21095340.0,0.014520901297321975,1.3606569053409197
2006-09-05,1339.59,1345.71,1334.72,1340.68,26868110.0,0.002572462684334864,1.3641571444560918
2006-09-06,1341.4,1346.37,1331.85,1346.37,23153112.0,0.004244114926753362,1.3699467841553152
2006-09-07,1348.17,1348.28,1323.98,1328.38,21886449.0,-0.013361854467939582,1.3516417545966102
2006-09-08,1327.56,1334.73,1326.25,1332.15,17230273.0,0.0028380433309744824,1.3554777724641098
2006-09-11,1331.89,1338.76,1319.21,1338.76,20947266.0,0.004961903689524316,1.3622035226243676
2006-09-12,1338.81,1350.53,1337.3,1347.64,27301891.0,0.006633003675042604,1.371239023596091
2006-09-13,1348.85,1356.86,1337.46,1338.39,32821191.0,-0.006863850880057032,1.3618270434172124
2006-09-14,1338.35,1345.59,1323.8,1338.28,22217284.0,-8.218830086903495e-05,1.3617151171664363
2006-09-15,1338.41,1362.4,1338.14,1362.32,36057148.0,0.017963355949427662,1.3861760905178135
2006-09-18,1367.65,1375.58,1362.14,1375.56,31454851.0,0.009718715133008482,1.3996479410657436
2006-09-19,1377.72,1385.62,1371.43,1378.31,26648301.0,0.0019991857861525464,1.40244609733514
2006-09-20,1376.12,1381.81,1365.72,1378.46,23445880.0,0.00010882892818031564,1.4025987240407436
2006-09-21,1378.46,1390.62,1378.46,1387.37,26094121.0,0.006463734892561135,1.4116647503535875
2006-09-22,1389.87,1393.53,1373.94,1374.85,28265042.0,-0.009024268940513336,1.3989255079925542
2006-09-25,1372.81,1383.77,1361.61,1372.4,24584780.0,-0.001782012583190773,1.396432605134365
2006-09-26,1370.86,1371.58,1351.18,1357.65,19703278.0,-0.010747595453220682,1.3814243124166938
2006-09-27,1357.28,1371.12,1355.39,1371.12,17580323.0,0.009921555629212042,1.395130190579882
2006-09-28,1372.13,1389.56,1369.4,1387.0,21687792.0,0.011581772565494086,1.4112882711464327
2006-09-29,1389.08,1405.56,1389.04,1403.27,27166742.0,0.011730353280461348,1.4278431811475518
2006-10-09,1420.36,1436.07,1418.21,1436.07,39191862.0,0.023373976497751636,1.4612175541061696
2006-10-10,1437.69,1443.5,1426.97,1437.25,38400486.0,0.0008216869651200831,1.4624182175235834
2006-10-11,1436.68,1440.21,1421.81,1435.91,31617987.0,-0.0009323360584448936,1.4610547522868593
2006-10-12,1436.2,1438.8,1423.63,1426.5,37956237.0,-0.006553335515457115,1.4514799702886705
2006-10-13,1424.3,1436.1,1420.96,1430.88,28295156.0,0.003070452155625736,1.4559366700922909
2006-10-16,1432.31,1434.53,1415.49,1418.52,28492186.0,-0.008638040925863844,1.4433602295505676
2006-10-17,1416.95,1426.29,1410.67,1414.45,24224403.0,-0.0028691876039815822,1.439218958271861
2006-10-18,1413.91,1437.59,1413.55,1437.59,24290308.0,0.016359715790589924,1.4627641713896176
2006-10-19,1438.84,1445.62,1433.94,1439.38,23820267.0,0.0012451394347485767,1.464585516743152
2006-10-20,1440.67,1447.95,1436.65,1440.18,26560143.0,0.0005557948561185633,1.4653995258397037
2006-10-23,1439.54,1444.92,1403.01,1408.72,28950377.0,-0.02184449166076463,1.43338861811781
2006-10-24,1408.58,1440.05,1408.58,1440.05,26189972.0,0.02224004770287924,1.4652672493615142
2006-10-25,1443.11,1459.73,1434.81,1446.83,32204895.0,0.004708169855213384,1.4721659764547894
2006-10-26,1447.09,1457.37,1435.28,1456.1,38466362.0,0.006407110717914222,1.4815983068610816
2006-10-27,1455.98,1460.46,1433.36,1439.05,37379304.0,-0.011709360620836495,1.4642497379908244
2006-10-30,1436.66,1446.24,1428.33,1446.24,35320452.0,0.0049963517598416995,1.4715656447460825
2006-10-31,1447.06,1464.48,1447.06,1464.47,36952283.0,0.012605100121694912,1.4901148770337533
2006-11-01,1465.67,1479.41,1461.32,1479.41,38926925.0,0.010201642915184328,1.5053164969118555
2006-11-02,1480.55,1480.55,1464.6,1479.66,42373136.0,0.00016898628507311386,1.505570874754528
2006-11-03,1481.58,1497.47,1480.77,1488.29,39372027.0,0.0058324209615721045,1.5143519978835787
2006-11-06,1477.44,1507.97,1472.0,1507.89,42033510.0,0.013169476378931622,1.5342952207490943
2006-11-07,1512.65,1516.8,1491.33,1516.1,43038328.0,0.005444694241622194,1.5426489891024553
2006-11-08,1512.36,1513.04,1497.01,1498.17,28722405.0,-0.011826396675680861,1.5244050102259916
2006-11-09,1491.8,1527.38,1489.2,1524.71,34030133.0,0.01771494556692499,1.5514097620040928
2006-11-10,1525.23,1535.2,1493.2,1504.06,53922867.0,-0.013543559103042613,1.530398152199353
2006-11-13,1498.06,1512.95,1465.63,1475.78,41653301.0,-0.01880244139196574,1.501622930636252
2006-11-14,1475.44,1493.88,1453.26,1493.78,36307885.0,0.012196939923294847,1.5199381353086643
2006-11-15,1494.11,1534.85,1490.87,1534.76,40589216.0,0.027433758652545936,1.561635751279523
2006-11-16,1540.26,1558.41,1531.29,1533.29,57760948.0,-0.0009578044775730987,1.5601400095646092
2006-11-17,1528.01,1562.24,1521.55,1562.08,44446191.0,0.01877661760006255,1.5894341619267618
2006-11-20,1567.34,1593.19,1567.34,1593.16,53412359.0,0.01989654819215425,1.6210584153277938
2006-11-21,1591.47,1612.46,1568.95,1612.25,48601842.0,0.011982475080971167,1.6404827073942576
2006-11-22,1610.05,1639.41,1600.38,1624.03,57065495.0,0.007306559156458281,1.6524689913409807
2006-11-23,1623.71,1642.81,1618.04,1634.91,51360679.0,0.006699383632075895,1.6635395150540835
2006-11-24,1629.89,1640.75,1611.55,1636.58,49712096.0,0.0010214629551472676,1.6652387590431348
2006-11-27,1632.66,1651.8,1627.92,1651.8,47267270.0,0.009299881460118176,1.6807252821050302
2006-11-28,1649.68,1656.19,1629.83,1644.01,44762916.0,-0.004716067320498785,1.6727988685273587
2006-11-29,1617.69,1672.91,1604.81,1667.14,45578411.0,0.014069257486268416,1.6963339065314085
2006-11-30,1671.67,1714.49,1671.67,1714.36,60216088.0,0.028323955996496952,1.74438079345537
2006-12-01,1719.28,1741.8,1715.79,1729.22,58413581.0,0.008667957721832042,1.7595010124238168
2006-12-04,1731.9,1780.8,1731.9,1780.74,71434333.0,0.029793779854500935,1.8119231982417436
2006-12-05,1785.44,1811.66,1777.43,1794.23,67202576.0,0.007575502319260519,1.825649426632346
2006-12-06,1794.26,1806.65,1717.72,1779.41,81276700.0,-0.008259810615138474,1.8105699081187268
2006-12-07,1774.19,1820.72,1770.57,1775.71,80487502.0,-0.0020793409051315104,1.8068051160471752
2006-12-08,1752.77,1772.16,1710.0,1711.58,66257746.0,-0.03611513141222389,1.741552111844853
2006-12-11,1705.91,1790.12,1705.91,1789.92,51335975.0,0.045770574556842414,1.821263952624674
2006-12-12,1798.46,1819.8,1772.11,1802.79,57833543.0,0.007190265486725522,1.8343593239654485
2006-12-13,1805.42,1813.28,1779.56,1803.86,48004458.0,0.0005935244814980756,1.8354480611320863
2006-12-14,1807.08,1836.19,1805.2,1836.14,47206227.0,0.01789495858880419,1.868293328177946
2006-12-15,1842.88,1867.78,1832.51,1867.64,49414441.0,0.01715555458734075,1.9003449363546672
2006-12-18,1875.01,1918.29,1875.01,1916.11,61892990.0,0.025952539033218258,1.9496637124919904
2006-12-19,1924.8,1936.75,1882.54,1921.44,67788935.0,0.0027816774611062467,1.9550870480977662
2006-12-20,1912.9,1936.8,1893.42,1936.55,56348502.0,0.007863893746356876,1.9704616449088856
2006-12-21,1935.78,1945.47,1905.72,1908.99,60225164.0,-0.014231494151971225,1.9424190315326813
2006-12-22,1896.48,1918.49,1880.57,1895.64,46230501.0,-0.006993226784844264,1.9288352547339755
2006-12-25,1898.82,1957.47,1898.82,1939.1,56251742.0,0.02292629402207158,1.973056298904144
2006-12-26,1941.8,1959.98,1914.98,1938.24,56967383.0,-0.00044350471868392916,1.972181239125351
2006-12-27,1940.41,1983.11,1939.55,1982.88,56005647.0,0.023031203566121983,2.0176029467129335
2006-12-28,1988.02,2010.37,1964.97,1979.93,63192834.0,-0.0014877350117001864,2.0146012881693993
2006-12-29,1991.88,2052.86,1991.88,2041.05,73851947.0,0.03086977822448267,2.076791583145946
2007-01-04,2073.25,2139.49,2054.24,2067.09,106719707.0,0.012758139193062457,2.1032875792387022
2007-01-05,2051.15,2083.4,2030.76,2072.88,92743447.0,0.0028010391419821534,2.1091789700749946
2007-01-08,2072.0,2131.74,2071.72,2131.56,84767909.0,0.028308440430705017,2.1688865373070585
2007-01-09,2137.49,2201.36,2128.06,2200.09,81577629.0,0.03215016232243051,2.238616591540415
2007-01-10,2210.76,2255.97,2194.77,2255.97,84904979.0,0.025398960951597216,2.2954751269345475
2007-01-11,2257.01,2289.95,2224.37,2231.63,86276548.0,-0.010789150564945338,2.2707089001719636
2007-01-12,2215.86,2249.54,2159.77,2173.75,76525720.0,-0.02593619910110556,2.2118153420364512
2007-01-15,2170.94,2287.68,2170.94,2287.34,66403097.0,0.05225531914893633,2.32739445863308
2007-01-16,2310.96,2354.43,2297.24,2353.87,76364254.0,0.02908618744917657,2.3950894901250566
2007-01-17,2360.41,2393.22,2266.34,2308.93,89015540.0,-0.01909196344742914,2.3493625291262674
2007-01-18,2292.17,2325.53,2240.21,2317.1,78648606.0,0.0035384355523988553,2.3576755970248016
2007-01-19,2320.87,2396.09,2320.87,2396.09,83334022.0,0.0340900263260111,2.438048820195571
2007-01-22,2424.81,2491.71,2424.81,2491.31,93892993.0,0.039739742664090194,2.5349362529126314
2007-01-23,2508.26,2516.59,2415.11,2508.13,102337616.0,0.0067514681031264345,2.55205079416763
2007-01-24,2508.52,2556.1,2489.93,2536.43,84433697.0,0.011283306686654893,2.5808463659581444
2007-01-25,2512.46,2529.43,2449.05,2452.83,81055151.0,-0.03295971108999651,2.4957824153684967
2007-01-26,2415.75,2524.24,2356.98,2512.92,78654008.0,0.024498232653710206,2.5569246736332327
2007-01-29,2529.94,2582.41,2521.5,2576.92,85452085.0,0.02546837941518243,2.6220454013573655
2007-01-30,2586.52,2599.45,2531.78,2551.88,78211528.0,-0.009717026527792827,2.596566916635299
2007-01-31,2544.3,2548.18,2367.67,2385.34,80909137.0,-0.06526168942113264,2.427110572960658
2007-02-01,2350.6,2410.42,2310.57,2395.17,65078095.0,0.004121005810492351,2.4371127097345364
2007-02-02,2397.06,2403.62,2293.28,2298.0,59377154.0,-0.040569145405127904,2.3382411298446306
2007-02-05,2282.77,2304.32,2247.93,2271.8,47587506.0,-0.011401218450826756,2.311582331932564
2007-02-06,2271.37,2316.7,2198.9,2316.04,67010648.0,0.019473545206444065,2.35659703497187
2007-02-07,2330.43,2390.87,2330.43,2369.79,70106390.0,0.02320771661974752,2.4112882711464345
2007-02-08,2376.63,2415.96,2354.7,2410.6,62656540.0,0.017220935188350106,2.452812910184276
2007-02-09,2412.64,2417.64,2376.02,2397.25,55515532.0,-0.005538040321911519,2.4392291333855707
2007-02-12,2397.85,2485.76,2396.79,2485.39,54992320.0,0.036767129001981314,2.528912585598149
2007-02-13,2498.35,2526.23,2489.66,2522.63,51528862.0,0.014983563947710499,2.566804709042629
2007-02-14,2527.56,2594.66,2520.53,2588.35,62777279.0,0.026052175705513658,2.6336755563243472
2007-02-15,2607.63,2669.18,2607.63,2668.63,71631329.0,0.03101589815905892,2.715361369163306
2007-02-16,2692.67,2717.57,2660.49,2676.74,75908785.0,0.003039012527026763,2.7236133863795975
2007-02-26,2679.26,2710.3,2641.12,2707.68,74531560.0,0.011558836495139557,2.7550951881887324
2007-02-27,2717.81,2719.52,2454.92,2457.49,107736807.0,-0.09240013590970875,2.5005240183559088
2007-02-28,2413.42,2554.23,2413.33,2544.57,82822571.0,0.03543452872646502,2.589128908515557
2007-03-01,2550.26,2550.33,2439.5,2473.54,82159655.0,-0.0279143430913672,2.5168550758554766
2007-03-02,2468.67,2523.86,2455.82,2508.73,57946805.0,0.014226574059849506,2.5526613009900427
2007-03-05,2503.82,2541.82,2409.72,2475.61,68517488.0,-0.013201898968800863,2.5189613243928046
2007-03-06,2467.74,2539.45,2452.14,2520.29,52633153.0,0.01804807703959832,2.5644237324352144
2007-03-07,2532.98,2594.46,2532.15,2589.44,59720949.0,0.027437318721258208,2.634784643718398
2007-03-08,2597.72,2628.45,2565.11,2627.63,55386559.0,0.01474836258032619,2.6736434029650322
2007-03-09,2632.8,2643.81,2587.49,2611.39,70411326.0,-0.00618047441991465,2.6571190183050333
2007-03-12,2612.96,2619.5,2563.37,2616.17,62468921.0,0.0018304427910040832,2.6619827226569295
2007-03-13,2620.72,2641.63,2605.23,2640.17,65788908.0,0.009173715775351088,2.6864029955534794
2007-03-14,2609.93,2625.12,2546.65,2597.36,68952088.0,-0.016214864951878072,2.642843333774259
2007-03-15,2595.54,2645.88,2595.54,2645.55,63778489.0,0.018553454276650116,2.6918772067277894
2007-03-16,2656.01,2665.39,2576.32,2604.23,75331850.0,-0.015618680425620424,2.649833636890896
2007-03-19,2533.71,2674.8,2523.3,2659.41,73983566.0,0.021188604693133772,2.7059799143255465
2007-03-20,2669.64,2674.47,2645.25,2672.77,61249726.0,0.005023670663793833,2.719573866237959
2007-03-21,2685.93,2703.0,2666.89,2702.6,64612957.0,0.011160705934292858,2.749926230425629
2007-03-22,2720.46,2740.28,2702.41,2711.32,83308074.0,0.0032265226078591613,2.758798929578042
2007-03-23,2710.36,2726.62,2653.79,2716.27,73911919.0,0.0018256790050601435,2.763835610862955
2007-03-26,2725.4,2764.4,2713.93,2764.03,76074773.0,0.0175829354224728,2.812431953927089
2007-03-27,2770.35,2789.97,2753.02,2784.02,80725127.0,0.007232193572428658,2.8327720062271733
2007-03-28,2787.24,2806.08,2689.11,2797.65,112209970.0,0.0048957981623696245,2.8466406862096725
2007-03-29,2802.38,2830.08,2782.93,2783.3,106567239.0,-0.005129304952370739,2.832039398040277
2007-03-30,2768.71,2801.95,2753.15,2781.78,62950706.0,-0.0005461143247224021,2.830492780756829
2007-04-02,2793.96,2850.15,2793.96,2850.11,69247883.0,0.02456340904025467,2.900019332716047
2007-04-03,2861.9,2888.33,2852.57,2888.12,77014495.0,0.013336327369820822,2.9386949399159574
2007-04-04,2893.38,2924.68,2875.69,2911.82,75506658.0,0.008206030220351046,2.9628099594013007
2007-04-05,2909.5,2950.66,2895.42,2945.04,74138991.0,0.011408672239355377,2.996611687135608
2007-04-06,2921.73,2977.46,2911.05,2972.01,79102328.0,0.00915777035286447,3.0240539688031056
2007-04-09,2988.38,3043.06,2988.38,3038.17,90901705.0,0.022261028731397126,3.0913725210879273
2007-04-10,3053.36,3081.62,2993.11,3081.57,100888342.0,0.014284914932344073,3.1355325145758544
2007-04-11,3092.09,3121.54,3059.28,3121.32,101669935.0,0.01289926887917514,3.1759785915607646
2007-04-12,3129.25,3176.69,3114.91,3176.44,92535186.0,0.017659195468583855,3.232063818313174
2007-04-13,3182.78,3211.61,3154.11,3169.23,100653116.0,-0.0022698366725013575,3.2247275613305018
2007-04-16,3177.3,3256.57,3177.29,3256.0,87928940.0,0.027378890140507206,3.3130170229652354
2007-04-17,3273.43,3288.17,3182.95,3283.6,105307105.0,0.00847665847665846,3.3411003367962673
2007-04-18,3294.21,3311.98,3244.93,3304.5,101426707.0,0.006364965282007473,3.3623663244436788
2007-04-19,3297.95,3297.95,3065.28,3150.3,115270009.0,-0.04666364049024052,3.2054660710833476
2007-04-20,3165.67,3297.41,3165.67,3289.28,94469869.0,0.044116433355553486,3.346879801381784
2007-04-23,3330.8,3433.52,3330.8,3431.32,109958991.0,0.04318270259752888,3.49140711647453
2007-04-24,3462.48,3490.81,3418.3,3445.2,114643006.0,0.004045090519100514,3.505530174299701
2007-04-25,3432.02,3467.83,3376.08,3448.28,100580669.0,0.000893997445721606,3.5086641093214253
2007-04-26,3465.11,3493.91,3438.88,3493.58,78997690.0,0.01313698423561882,3.5547573744136622
2007-04-27,3499.94,3503.89,3436.0,3470.52,80698636.0,-0.0066006789596917415,3.531293562205561
2007-04-30,3487.36,3568.68,3478.93,3558.71,94302864.0,0.025411177575694666,3.621027889986674
2007-05-08,3643.81,3699.37,3618.78,3686.03,106788732.0,0.035777009084752676,3.7505774377028698
2007-05-09,3699.3,3717.34,3556.62,3701.28,140648358.0,0.004137242507521677,3.766094486105886
2007-05-10,3703.52,3742.23,3671.81,3724.51,115419922.0,0.006276207149958912,3.7897312752470045
2007-05-11,3696.29,3715.37,3629.71,3702.61,88961761.0,-0.005879968103186806,3.7674477762289027
2007-05-14,3648.27,3769.16,3620.86,3734.42,91098049.0,0.008591236992283813,3.799814812930538
2007-05-15,3739.05,3751.64,3600.21,3604.64,93578568.0,-0.03475238457377594,3.6677621872424453
2007-05-16,3598.0,3700.65,3557.2,3700.29,86229268.0,0.02653524346397984,3.765087149848903
2007-05-17,3716.44,3794.16,3705.27,3778.61,90256478.0,0.021165908617973184,3.84477864040131
2007-05-18,3771.27,3805.21,3746.24,3776.63,82418898.0,-0.0005240022124537447,3.8427639678873446
2007-05-21,3650.8,3843.84,3643.08,3831.44,98478650.0,0.014512938784048135,3.8985337661148396
2007-05-22,3849.04,3893.19,3849.04,3870.49,109618184.0,0.010191990478775503,3.9382675851402666
2007-05-23,3879.76,3939.49,3853.91,3938.95,98523171.0,0.01768768295487133,4.007926413577675
2007-05-24,3953.89,3972.58,3858.51,3919.75,113814264.0,-0.004874395460719216,3.988390195260435
2007-05-25,3907.73,3996.85,3888.31,3985.25,95416615.0,0.016710249378149022,4.0550371900406015
2007-05-28,4033.92,4091.94,4027.36,4072.58,114041851.0,0.0219133053133429,4.143896458042922
2007-05-29,4090.9,4168.53,4079.87,4168.29,113267227.0,0.023501073029873032,4.241282471331621
2007-05-30,3906.04,4104.2,3849.7,3886.46,132739140.0,-0.06761285803051131,3.95451724173018
2007-05-31,3828.72,3991.73,3683.56,3927.95,126078248.0,0.010675524770613842,3.99673378850009
2007-06-01,3953.1,4014.15,3780.03,3803.95,119937939.0,-0.03156862994691889,3.8705623785345833
2007-06-04,3804.96,3822.41,3503.94,3511.43,90531019.0,-0.07689901286820278,3.5729199523804707
2007-06-05,3407.0,3635.15,3246.73,3634.63,113768038.0,0.03508542103929169,3.6982773532494253
2007-06-06,3652.89,3712.53,3550.74,3677.58,95951510.0,0.01181688369930356,3.741979466620542
2007-06-07,3694.55,3802.3,3684.46,3802.3,94190581.0,0.033913606230184135,3.8688834847729456
2007-06-08,3814.19,3861.21,3769.15,3837.87,89074742.0,0.0093548641611656,3.9050763642283735
2007-06-11,3876.07,3937.79,3870.23,3931.86,90982277.0,0.02449014687834672,4.000712257959487
2007-06-12,3953.96,4036.36,3834.02,4036.11,99389774.0,0.026514168866643262,4.106787818353874
2007-06-13,4071.74,4146.52,4064.15,4118.27,109452945.0,0.020356234096692294,4.19038655256973
2007-06-14,4103.52,4132.0,4022.78,4075.82,86609180.0,-0.010307726302549391,4.1471931948839575
2007-06-15,4043.11,4115.73,4025.1,4099.38,68779600.0,0.005780431913087414,4.171165762777404
2007-06-18,4178.76,4246.4,4177.19,4227.57,87872913.0,0.0312705823807502,4.3016005453860995
2007-06-19,4227.59,4254.71,4186.18,4253.0,81540471.0,0.006015275915005613,4.327475859542735
2007-06-20,4268.65,4292.2,4138.33,4157.6,86863015.0,-0.022431225017634504,4.230405274778951
2007-06-21,4140.69,4208.87,4110.96,4197.28,73739471.0,0.009543967673657727,4.270780125967912
2007-06-22,4203.13,4220.92,3970.35,4051.43,79552374.0,-0.03474869439255901,4.122376092552838
2007-06-25,4066.45,4105.99,3850.84,3877.59,70031044.0,-0.042908306449821354,3.945491915872164
2007-06-26,3804.41,3929.37,3752.93,3928.21,58885114.0,0.01305450034686495,3.99699834145647
2007-06-27,3946.88,4053.41,3912.2,4040.48,65290520.0,0.028580447582995827,4.111234343043788
2007-06-28,4038.38,4067.81,3857.85,3858.52,66857980.0,-0.045034253356036946,3.9260879740331136
2007-06-29,3769.33,3867.75,3718.16,3764.08,58920870.0,-0.024475705710997997,3.8299942001851908
2007-07-02,3746.18,3801.9,3644.19,3757.66,49747310.0,-0.0017055960553442606,3.8234617771853636
2007-07-03,3782.78,3835.29,3744.01,3832.23,46409126.0,0.019844797027937622,3.899337600097685
2007-07-04,3840.41,3848.08,3727.56,3743.58,38233716.0,-0.023132745164042845,3.809135217086055
2007-07-05,3688.31,3706.6,3535.04,3537.44,43225527.0,-0.05506493784024913,3.5993854231321074
2007-07-06,3517.6,3712.74,3475.27,3710.28,51366512.0,0.04886019268171338,3.775252088442093
2007-07-09,3743.87,3840.99,3722.23,3821.3,54073113.0,0.029922270017357144,3.8882162008160486
2007-07-10,3832.76,3852.93,3764.25,3775.62,51907868.0,-0.011954047052050387,3.841736281402949
2007-07-11,3751.49,3797.81,3732.29,3789.87,33628907.0,0.0037742145660846216,3.856235818435276
2007-07-12,3799.19,3839.21,3780.03,3816.92,31368119.0,0.007137447986342638,3.8837595010124293
2007-07-13,3825.03,3829.68,3773.93,3820.12,26893242.0,0.0008383723001792465,3.887015537398636
2007-07-16,3824.91,3830.37,3697.22,3697.97,29931857.0,-0.031975435326638935,3.7627265234689053
2007-07-17,3684.34,3812.25,3650.25,3789.65,32553850.0,0.024791980464957897,3.8560119659337255
2007-07-18,3776.94,3861.51,3756.7,3807.57,45975823.0,0.00472866887443435,3.8742457696964827
2007-07-19,3796.92,3836.39,3778.51,3807.0,30258467.0,-0.000149701778299538,3.8736657882151895
2007-07-20,3808.08,3971.89,3808.08,3971.88,55271121.0,0.04330969267139473,4.041433063014486
2007-07-23,4009.06,4157.39,4009.06,4156.72,85276186.0,0.04653715620814336,4.229509864772746
2007-07-24,4187.33,4241.58,4143.59,4161.35,76090735.0,0.00111385900421479,4.2342209424190385
2007-07-25,4163.36,4256.05,4163.35,4255.46,64597766.0,0.0226152570680187,4.329978937514634
2007-07-26,4282.68,4325.93,4244.08,4303.19,65490243.0,0.011216178744483551,4.378544755237646
2007-07-27,4277.55,4318.34,4225.03,4307.14,65021109.0,0.0009179236798748658,4.382563925151871
2007-07-30,4305.18,4426.31,4303.73,4410.3,75441583.0,0.02395092799398202,4.487530398152207
2007-07-31,4402.52,4467.65,4359.59,4460.56,71375042.0,0.011396050155318305,4.538670519643065
2007-08-01,4479.3,4496.25,4271.06,4290.48,79361665.0,-0.03812974155711413,4.3656121857161825
2007-08-02,4311.6,4449.4,4303.98,4436.19,62887538.0,0.03396123510656146,4.513873767539359
2007-08-03,4472.89,4599.25,4472.89,4598.38,78190473.0,0.03656065227143124,4.678903936751501
2007-08-06,4642.78,4704.19,4623.49,4703.98,76164271.0,0.022964609275440306,4.786353137496319
2007-08-07,4715.39,4771.58,4634.87,4724.55,83847133.0,0.004372892741891121,4.807283346391404
2007-08-08,4679.22,4741.45,4579.4,4668.09,88988001.0,-0.01195034447725185,4.749834654402271
2007-08-09,4666.42,4779.14,4666.2,4777.29,72025786.0,0.02339286517612127,4.860946896081572
2007-08-10,4765.85,4771.61,4631.04,4726.68,74962881.0,-0.01059387225812114,4.809450645610974
2007-08-13,4724.52,4767.08,4663.2,4721.19,85763167.0,-0.0011614917870472752,4.803864508185887
2007-08-14,4721.45,4803.57,4704.15,4795.57,61157911.0,0.015754502572444595,4.879547003937777
2007-08-15,4804.68,4836.59,4697.97,4798.75,63466427.0,0.0006631119971141075,4.88278269009657
2007-08-16,4772.36,4772.97,4665.21,4721.94,63594794.0,-0.016006251628028267,4.804627641713903
2007-08-17,4694.2,4774.99,4616.97,4626.58,63652120.0,-0.020195089306513814,4.707597757404947
2007-08-20,4749.2,4885.84,4747.27,4885.43,67812204.0,0.055948454365859934,4.970980575707942
2007-08-21,4915.52,4995.53,4909.84,4972.71,74440593.0,0.01786536701989383,5.059788968141727
2007-08-22,4899.93,5075.89,4887.14,5051.69,74028925.0,0.015882687709518395,5.140152016198789
2007-08-23,5075.51,5154.85,5028.12,5135.93,68051882.0,0.016675607568952255,5.225867174065678
2007-08-24,5161.15,5231.15,5158.03,5217.58,73769875.0,0.015897802345436807,5.308946977482481
2007-08-27,5250.62,5296.57,5191.28,5243.15,82631454.0,0.004900739423257416,5.334964743231013
2007-08-28,5220.64,5270.3,5136.61,5251.77,75066789.0,0.0016440498555259087,5.343735691246358
2007-08-29,5215.65,5283.33,5138.34,5171.82,72929456.0,-0.015223438954866775,5.262385657159726
2007-08-30,5193.73,5247.57,5176.0,5241.23,67298490.0,0.013420807375353228,5.333011121399288
2007-08-31,5255.09,5307.42,5219.99,5296.81,66780357.0,0.010604381032696786,5.389564403382216
2007-09-03,5335.05,5433.75,5335.05,5419.17,82849166.0,0.02310069645692403,5.514067094699791
2007-09-04,5421.25,5429.21,5333.49,5360.33,79914832.0,-0.010857751279254924,5.4541967256484165
2007-09-05,5357.55,5389.33,5265.06,5363.25,65364902.0,0.0005447425811471174,5.4571678588508306
2007-09-06,5389.49,5448.84,5365.5,5412.04,70608574.0,0.0090970959772525,5.506812238626774
2007-09-07,5382.91,5402.71,5284.65,5294.79,79298880.0,-0.02166465879779156,5.3875090304134226
2007-09-10,5226.74,5380.46,5182.1,5377.22,65095672.0,0.015568133958098418,5.471382492699363
2007-09-11,5384.56,5414.0,5104.35,5124.09,68806690.0,-0.04707451062072965,5.213819839436713
2007-09-12,5102.58,5212.65,5059.46,5202.86,61572253.0,0.015372485651110601,5.29396921010593
2007-09-13,5230.65,5351.58,5212.03,5349.97,59746929.0,0.02827483345698334,5.443655307848072
2007-09-14,5362.46,5405.85,5274.22,5397.28,60295626.0,0.008843040241347078,5.491793770795395
2007-09-17,5389.5,5504.77,5387.68,5498.91,69403132.0,0.0188298550380932,5.595203451398575
2007-09-18,5524.1,5533.53,5405.18,5476.84,71621810.0,-0.004013522679949255,5.572746975447457
2007-09-19,5487.38,5498.59,5385.42,5419.27,55880065.0,-0.01051153584913922,5.514168845836858
2007-09-20,5436.64,5501.4,5430.31,5494.92,56712136.0,0.013959444722259517,5.591143581029523
2007-09-21,5508.5,5516.11,5357.5,5468.1,61106356.0,-0.004880871787032337,5.563853926067629
2007-09-24,5481.38,5541.13,5400.68,5513.9,54184817.0,0.00837585267277463,5.61045594684521
2007-09-25,5524.02,5540.87,5423.52,5454.62,45326230.0,-0.010751011081085893,5.550137872790733
2007-09-26,5433.63,5489.86,5338.31,5361.02,39171156.0,-0.01715976548320497,5.45489880849419
2007-09-27,5364.53,5429.05,5338.04,5427.66,33759056.0,0.012430470320946352,5.5227057662369425
2007-09-28,5479.85,5590.85,5479.85,5580.81,48514620.0,0.02821657952045653,5.678537632658051
2007-10-08,5703.28,5715.91,5617.1,5653.14,66449703.0,0.012960484230783775,5.752134230100028
2007-10-09,5638.63,5682.97,5582.77,5675.93,53633490.0,0.00403138786585866,5.775323314238043
2007-10-10,5694.99,5776.21,5653.79,5685.76,63994455.0,0.0017318747764683007,5.785325451011921
2007-10-11,5695.13,5761.22,5650.1,5760.08,65141101.0,0.013071251688428598,5.86094689608157
2007-10-12,5777.9,5796.28,5485.56,5737.22,78001064.0,-0.0039686948792376775,5.8376865861476075
2007-10-15,5761.87,5824.98,5690.07,5821.45,70682111.0,0.014681326496107872,5.92339156890079
2007-10-16,5851.54,5885.48,5815.61,5877.2,64692049.0,0.00957665186508505,5.980117827816733
2007-10-17,5862.38,5891.72,5797.61,5824.12,48869768.0,-0.009031511604165265,5.926108324260531
2007-10-18,5813.24,5813.24,5593.99,5615.75,48595630.0,-0.035777078768981396,5.714089479949945
2007-10-19,5651.03,5711.5,5563.78,5614.06,38466457.0,-0.00030093932244124044,5.71236988573348
2007-10-22,5543.79,5594.5,5465.85,5472.68,35867499.0,-0.02518320074954672,5.568514128145389
2007-10-23,5467.83,5541.96,5373.05,5540.09,41896800.0,0.012317548257891886,5.637104569643572
2007-10-24,5564.48,5644.97,5553.33,5588.01,44661238.0,0.008649678976334396,5.6858637145270166
2007-10-25,5549.66,5556.55,5312.85,5333.79,50821706.0,-0.04549383411983876,5.427191973870314
2007-10-26,5279.1,5428.58,5266.37,5394.81,35895965.0,0.011440270426844812,5.489280517709792
2007-10-29,5428.68,5509.35,5428.68,5508.36,35233977.0,0.021048007251413647,5.6048189338515915
2007-10-30,5529.96,5597.27,5467.52,5596.07,39193921.0,0.015923069661387457,5.694064856174774
2007-10-31,5663.76,5691.87,5590.54,5688.54,50329469.0,0.016524096374777253,5.788154132622438
2007-11-01,5701.49,5702.21,5604.79,5605.23,46612479.0,-0.014645234102247717,5.70338526033029
2007-11-02,5514.85,5565.66,5448.99,5472.93,43289500.0,-0.02360295652453137,5.568768505988061
2007-11-05,5438.81,5494.62,5333.38,5360.31,33695018.0,-0.02057764305408616,5.454176375421001
2007-11-06,5331.31,5406.11,5295.79,5317.55,27057854.0,-0.007977150575246617,5.410667589210315
2007-11-07,5348.56,5388.64,5231.61,5350.63,30061349.0,0.006220910005547697,5.444326865352727
2007-11-08,5321.86,5321.86,5090.96,5093.67,36054893.0,-0.04802425134984101,5.182867143540335
2007-11-09,5042.76,5129.11,4962.3,5040.52,34583826.0,-0.010434519707794077,5.128786414188185
2007-11-12,4916.82,5018.11,4795.43,4978.25,38413922.0,-0.012353884123066705,5.065425981135346
2007-11-13,5024.52,5082.64,4866.16,4939.24,36862079.0,-0.007836086978355916,5.0257328625647455
2007-11-14,5013.78,5147.01,4924.82,5145.89,35231542.0,0.04183842048574293,5.2360015873177455
2007-11-15,5129.81,5170.97,5069.52,5081.11,31759464.0,-0.0125886872824722,5.170087200724474
2007-11-16,4999.84,5021.71,4917.49,5007.66,23310991.0,-0.01445550283304231,5.095350990547326
2007-11-19,5017.4,5033.95,4968.73,4994.42,25548101.0,-0.0026439494694128207,5.081879139999396
2007-11-20,4962.64,5099.52,4916.47,5069.38,33562714.0,0.015008749764737539,5.1581517923462865
2007-11-21,5087.25,5135.25,4993.29,4997.62,26803122.0,-0.014155577210625436,5.085135176385602
2007-11-22,4902.63,4949.34,4759.91,4772.62,26507716.0,-0.045021430200775536,4.85619511798045
2007-11-23,4733.37,4857.05,4711.79,4856.16,20146305.0,0.01750401247113742,4.9411980178878565
2007-11-26,4931.6,4954.18,4795.35,4800.08,23622276.0,-0.011548219169055352,4.884135980219586
2007-11-27,4759.01,4806.83,4708.8,4711.15,20886840.0,-0.018526774553757508,4.793648694024163
2007-11-28,4724.47,4760.66,4619.51,4648.75,22482368.0,-0.0132451736837077,4.730155984493134
2007-11-29,4708.38,4847.58,4637.48,4842.07,36872990.0,0.041585372411938604,4.9268612826748415
2007-11-30,4841.08,4841.08,4723.79,4737.41,29383696.0,-0.02161472262895825,4.820368542618471
2007-12-03,4714.92,4809.27,4689.52,4772.67,22255934.0,0.007442885458510018,4.856245993548986
2007-12-04,4786.64,4886.58,4786.64,4829.21,22643592.0,0.01184661834989642,4.913776086447774
2007-12-05,4829.95,4970.17,4815.61,4965.95,31769165.0,0.028315190269215806,5.052910591275865
2007-12-06,4986.25,4999.93,4928.13,4971.06,23711591.0,0.001029007541356819,5.05811007438009
2007-12-07,4979.84,5041.78,4977.87,5041.35,27198223.0,0.014139841402035058,5.12963094862586
2007-12-10,4961.67,5138.69,4944.83,5133.56,42780691.0,0.018290735616451892,5.2234556721171455
2007-12-11,5162.09,5181.41,5068.03,5140.0,40586457.0,0.0012544900614777088,5.230008445344386
2007-12-12,5108.58,5130.72,5033.72,5077.39,39828251.0,-0.01218093385214003,5.166302058425512
2007-12-13,5051.78,5067.39,4881.34,4884.3,36819590.0,-0.03802938123721045,4.969830787859063
2007-12-14,4827.39,4979.19,4800.24,4977.65,30727925.0,0.019112257641831887,5.064815474312934
2007-12-17,4976.24,4977.57,4855.17,4857.29,37014522.0,-0.024180084979859906,4.942347805736738
2007-12-18,4827.26,4883.0,4799.0,4829.91,22930076.0,-0.005636888058979439,4.914488344407257
2007-12-19,4877.77,4961.59,4865.35,4946.29,32101858.0,0.024095687083196093,5.032906317728108
2007-12-20,4968.03,5048.06,4935.4,5037.19,31319917.0,0.018377410139720718,5.125398101323789
2007-12-21,5016.46,5103.77,5014.7,5101.85,37251494.0,0.012836521949737945,5.191190386552577
2007-12-24,5142.16,5239.22,5129.6,5207.13,50319967.0,0.02063565177337634,5.298313983658775
2007-12-25,5217.56,5244.03,5180.59,5216.81,38973705.0,0.0018589895009344382,5.308163493727051
2007-12-26,5231.97,5273.14,5194.75,5265.03,41468115.0,0.009243196512811247,5.357227892021701
2007-12-27,5286.98,5367.53,5260.1,5367.53,52345018.0,0.019468075205649304,5.461522807517381
2007-12-28,5379.52,5391.67,5323.82,5338.27,45361415.0,-0.005451296965270691,5.431750424811005
2008-01-02,5349.76,5404.93,5283.45,5385.1,45668710.0,0.008772504950105509,5.479400482300397
2008-01-03,5381.15,5422.67,5315.95,5422.03,64645878.0,0.006857811368405242,5.516977177219962
2008-01-04,5430.63,5499.09,5422.46,5483.65,51746420.0,0.011364747151896948,5.579676227881853
2008-01-07,5480.44,5569.15,5455.5,5556.59,53485409.0,0.013301359495956344,5.653893507259951
2008-01-08,5575.95,5630.62,5485.23,5528.05,64899501.0,-0.005136243631435833,5.624853732740471
2008-01-09,5507.12,5614.68,5490.31,5613.76,46796872.0,0.015504563091867762,5.7120646323222735
2008-01-10,5631.65,5707.67,5602.59,5672.15,64229893.0,0.010401228410191976,5.7714771212568365
2008-01-11,5688.56,5702.57,5629.64,5699.15,56167079.0,0.004760099785795502,5.798949928265455
2008-01-14,5717.52,5756.92,5679.29,5731.76,49846010.0,0.005721905898248059,5.8321309740636424
2008-01-15,5743.43,5754.11,5652.04,5696.45,50886608.0,-0.006160411461750059,5.796202647564593
2008-01-16,5642.57,5642.57,5498.39,5505.72,55774469.0,-0.0334822564930789,5.6021327038329725
2008-01-17,5445.8,5533.65,5226.64,5365.62,61936933.0,-0.02544626315904197,5.4595793607993635
2008-01-18,5358.18,5419.57,5307.5,5414.47,43913005.0,0.009104260085507354,5.509284791257548
2008-01-21,5424.64,5434.35,5122.46,5145.73,47833617.0,-0.04963366682242232,5.235838785498433
2008-01-22,5015.43,5032.25,4708.39,4753.87,60772692.0,-0.07615246038948797,4.837116779780018
2008-01-23,4787.17,4976.27,4751.5,4975.11,55776385.0,0.04653892512836899,5.062230995431378
2008-01-24,5034.53,5079.8,4926.37,5027.21,56605987.0,0.010472130264456592,5.115243337844305
2008-01-25,5022.9,5121.41,4966.52,5077.43,47142108.0,0.009989636398718194,5.166342758880335
2008-01-28,5038.51,5038.51,4711.28,4731.88,41425283.0,-0.06805608349105752,4.814741704738554
2008-01-29,4742.9,4845.66,4688.73,4762.08,29062256.0,0.006382241307894443,4.845470548133378
2008-01-30,4817.16,4858.1,4606.14,4710.65,34098976.0,-0.010799902563585762,4.793139938338814
2008-01-31,4693.61,4733.7,4614.28,4620.4,30852580.0,-0.0191587148270409,4.70130953713408
2008-02-01,4623.62,4660.99,4414.12,4571.94,35125528.0,-0.010488269413903573,4.652000936110463
2008-02-04,4695.55,4951.25,4695.55,4950.12,40953145.0,0.08271762096615443,5.036803386277844
2008-02-05,4942.88,4995.57,4878.12,4921.83,32796356.0,-0.0057150129693825935,5.008017989601036
2008-02-13,4858.81,4883.24,4785.8,4816.08,21475659.0,-0.021485910728326618,4.900416162150615
2008-02-14,4858.85,4913.32,4842.85,4880.25,19837789.0,0.013324114217371896,4.965709866807765
2008-02-15,4846.02,4846.02,4742.1,4813.31,24262601.0,-0.013716510424670814,4.897597655653805
2008-02-18,4875.21,4944.88,4845.31,4910.99,30590078.0,0.020293727185658028,4.996988166342762
2008-02-19,4926.84,5020.75,4885.69,5020.75,36176965.0,0.022349872428980788,5.108670214389649
2008-02-20,5032.78,5062.26,4901.66,4908.72,39557722.0,-0.02231339939252097,4.994678415531297
2008-02-21,4878.57,4924.45,4796.1,4876.03,33403616.0,-0.006659577242132508,4.961415968823454
2008-02-22,4850.88,4850.88,4649.81,4702.24,37918627.0,-0.03564170031767644,4.784582667711314
2008-02-25,4704.32,4722.64,4510.69,4519.78,33652001.0,-0.038802783354316195,4.598927543015296
2008-02-26,4637.6,4668.83,4394.59,4515.53,33276390.0,-0.0009403112540875558,4.594603119689865
2008-02-27,4543.1,4660.41,4500.89,4639.77,29592393.0,0.02751393524126744,4.721018732384338
2008-02-28,4651.16,4670.17,4582.82,4622.06,25398171.0,-0.003816999549546618,4.702998606009426
2008-02-29,4616.24,4683.16,4597.63,4674.55,23350858.0,0.011356408181633304,4.756407777856921
2008-03-03,4648.73,4803.9,4611.7,4790.74,39258411.0,0.024855868479318755,4.874632424017342
2008-03-04,4813.4,4836.66,4657.38,4671.15,45129777.0,-0.02496274062044701,4.752948239196576
2008-03-05,4650.52,4689.97,4519.74,4628.72,39417993.0,-0.009083416289350499,4.709775231738218
2008-03-06,4645.07,4746.58,4592.62,4685.03,44402268.0,0.012165350248016571,4.767071297021747
2008-03-07,4641.75,4693.21,4597.01,4621.69,28690945.0,-0.013519657291415466,4.70262212680227
2008-03-10,4588.77,4588.77,4406.23,4431.59,31780355.0,-0.041132139974771054,4.509193215234183
2008-03-11,4393.28,4441.18,4315.18,4441.18,26276592.0,0.002164008854609767,4.518951149279096
2008-03-12,4534.81,4553.34,4308.35,4309.65,27145644.0,-0.029616002954169995,4.385117878692297
2008-03-13,4266.27,4296.36,4121.27,4198.96,34451307.0,-0.025684220296311677,4.272489545070669
2008-03-14,4179.44,4212.41,4092.79,4157.87,23427885.0,-0.009785756473031482,4.230680002849034
2008-03-17,4138.88,4138.88,3958.29,3965.28,28180961.0,-0.04631938949510195,4.034717487967931
2008-03-18,3924.87,3996.96,3700.35,3763.95,34523751.0,-0.050773211475608426,3.829861923706999
2008-03-19,3837.6,3954.47,3776.3,3888.86,37898477.0,0.03318588185284077,3.956959269019833
2008-03-20,3833.21,4044.69,3658.04,4001.83,46212944.0,0.029049644368786653,4.0719075285666335
2008-03-21,3998.2,4083.16,3958.97,4037.83,42615163.0,0.008995884382894781,4.108537937911458
2008-03-24,4086.07,4103.57,3857.09,3857.09,35842438.0,-0.044761666538710054,3.924632932773026
2008-03-25,3780.46,3937.67,3747.02,3905.77,32245863.0,0.012620913694002533,3.974165386298194
2008-03-26,3926.86,4001.55,3888.02,3914.37,28036763.0,0.0022018705658550797,3.982915984086124
2008-03-27,3847.44,3873.61,3745.88,3748.92,32000668.0,-0.042267338039071345,3.8145687278055354
2008-03-28,3712.98,3925.86,3661.38,3918.16,42096777.0,0.04514366804306302,3.986772352181038
2008-03-31,3802.21,3891.66,3780.12,3790.53,29440841.0,-0.03257396328889062,3.8569073759399286
2008-04-01,3776.27,3815.16,3566.21,3582.86,35303462.0,-0.054786533809256244,3.645600789588826
2008-04-02,3621.39,3698.53,3493.18,3547.98,42765884.0,-0.009735239445582633,3.6101099929791736
2008-04-03,3518.22,3665.65,3457.62,3650.7,32989493.0,0.028951685184245735,3.714628760976406
2008-04-07,3611.96,3854.07,3578.38,3845.82,40484982.0,0.053447284082504876,3.913165579625355
2008-04-08,3852.01,3935.33,3820.1,3891.06,44067922.0,0.011763421064948432,3.959197794035351
2008-04-09,3857.27,3911.7,3687.6,3688.13,38997168.0,-0.05215288379002114,3.752714211581317
2008-04-10,3641.66,3754.72,3608.32,3754.72,28804396.0,0.018055220396244076,3.820470293755535
2008-04-11,3794.3,3825.29,3755.01,3783.73,26328590.0,0.007726275194954724,3.8499882986192397
2008-04-14,3699.14,3710.79,3525.19,3536.33,33427046.0,-0.06538521511841489,3.5982559855106406
2008-04-15,3513.07,3583.86,3417.25,3583.3,30656886.0,0.013282131475286674,3.64604849459193
2008-04-16,3573.66,3583.81,3483.19,3494.02,26528120.0,-0.02491558061005228,3.555205079416765
2008-04-17,3493.24,3559.1,3340.88,3386.63,29530618.0,-0.030735370719114363,3.4459345333184124
2008-04-18,3356.56,3390.55,3248.53,3272.5,27888162.0,-0.03370016801363007,3.329805960581612
2008-04-21,3516.43,3516.43,3223.89,3267.55,41362307.0,-0.0015126050420167791,3.3247692792966985
2008-04-22,3207.88,3301.55,3122.39,3296.28,32537969.0,0.008792520389894642,3.35400238097661
2008-04-23,3267.36,3467.43,3245.3,3453.73,44272553.0,0.04776596648342979,3.5142095462916827
2008-04-24,3739.32,3781.48,3659.73,3774.5,96574896.0,0.09287639740222886,3.8405966686677755
2008-04-25,3781.91,3915.84,3737.98,3803.07,84814491.0,0.007569214465492191,3.8696669685283767
2008-04-28,3740.95,3791.77,3711.19,3729.15,48831235.0,-0.01943692858664181,3.794452528007004
2008-04-29,3704.93,3797.53,3702.02,3776.94,44540440.0,0.012815252805599142,3.8430793964122585
2008-04-30,3793.85,3970.58,3793.85,3959.12,69909777.0,0.048234814426493466,4.028449617924484
2008-05-05,4015.21,4061.47,3972.56,4055.78,62534073.0,0.02441451635717029,4.1268022670153375
2008-05-06,4021.07,4075.58,3961.34,4010.89,58459280.0,-0.011068154584321754,4.081126181585082
2008-05-07,3986.13,4042.41,3821.11,3821.32,54457706.0,-0.04726382423851061,3.888236551043461
2008-05-08,3774.04,3926.0,3761.28,3925.04,44055668.0,0.0271424533930682,3.9937728304113826
2008-05-09,3960.89,3973.06,3806.52,3878.92,53655929.0,-0.011750198724089445,3.9468452059951797
2008-05-12,3804.99,3952.79,3766.58,3904.92,45382660.0,0.006702896682581727,3.9733005016331084
2008-05-13,3786.53,3923.17,3778.72,3851.69,50338012.0,-0.013631521260358714,3.919138371371303
2008-05-14,3843.47,3975.79,3843.47,3975.78,50606901.0,0.03221702681160732,4.045401357360171
2008-05-15,4006.66,4038.85,3948.06,3948.09,50772975.0,-0.0069646710834100345,4.017226467505777
2008-05-16,3948.03,3982.22,3882.9,3936.12,39721752.0,-0.003031845778591724,4.005046856398623
2008-05-19,3926.31,3936.28,3865.5,3914.07,29709581.0,-0.005601963354775696,3.9826107306749186
2008-05-20,3911.1,3946.44,3698.55,3710.82,39702629.0,-0.051928044209735624,3.7758015445822637
2008-05-21,3668.18,3801.07,3591.57,3783.05,43596162.0,0.019464700524412404,3.8492963908871713
2008-05-22,3732.64,3783.85,3704.16,3711.44,40742717.0,-0.018929170907072357,3.7764324016320914
2008-05-23,3697.89,3741.06,3629.01,3675.15,33440431.0,-0.009777875972668326,3.739506913989767
2008-05-26,3643.01,3643.01,3555.76,3559.22,28180190.0,-0.03154429070922282,3.621546820785725
2008-05-27,3549.99,3594.66,3533.47,3576.2,24762693.0,0.004770708188872819,3.638824163860034
2008-05-28,3583.28,3698.0,3561.73,3676.23,31034914.0,0.027971030702980793,3.7406058262701114
2008-05-29,3666.2,3677.02,3578.73,3580.87,29422740.0,-0.025939617488568434,3.643575941961154
2008-05-30,3585.61,3620.23,3552.66,3611.33,28590847.0,0.008506312711715314,3.6745693383123585
2008-06-02,3600.23,3650.48,3580.58,3625.83,28253358.0,0.004015141236054287,3.689323253187357
2008-06-03,3624.57,3641.43,3585.12,3614.11,34735141.0,-0.003232363348529832,3.6773980199228755
2008-06-04,3601.06,3605.06,3513.64,3546.92,29417653.0,-0.018591022409389923,3.609031430926243
2008-06-05,3529.98,3542.24,3487.79,3512.14,23989279.0,-0.009805690570974357,3.5736423854536596
2008-06-06,3519.12,3532.3,3470.56,3489.5,20944229.0,-0.0064462122808316424,3.550605928021248
2008-06-10,3344.45,3352.32,3188.8,3206.56,32949961.0,-0.08108324974924774,3.2627112607983415
2008-06-11,3155.94,3181.82,3097.4,3140.3,29409735.0,-0.02066388902749361,3.195290957376451
2008-06-12,3123.64,3148.74,3022.88,3084.63,31454109.0,-0.01772760564277298,3.138646099370163
2008-06-13,3087.34,3108.99,2975.66,2979.12,25319837.0,-0.034205074838797644,3.031288474648706
2008-06-16,2981.09,3012.99,2900.08,2952.24,26813794.0,-0.009022798678804511,3.0039377690045703
2008-06-17,2950.4,2977.89,2820.64,2842.68,26463778.0,-0.03711080399967481,2.892459223231821
2008-06-18,2820.24,3007.18,2759.11,2991.27,42560095.0,0.05227109628941706,3.043651237802584
2008-06-19,2967.4,2967.4,2768.23,2773.08,36319039.0,-0.07294226198236875,2.821640431831827
2008-06-20,2795.47,2946.94,2691.87,2849.67,51675905.0,0.027619109437881484,2.8995716277129415
2008-06-23,2798.43,2845.48,2771.36,2789.94,26631493.0,-0.02096032172146245,2.8387956735416537
2008-06-24,2775.69,2865.9,2770.99,2851.92,31792456.0,0.022215531516806886,2.9018610282969934
2008-06-25,2844.92,2973.17,2834.95,2969.54,42425261.0,0.0412423910909141,3.0215407157175003
2008-06-26,2964.52,3010.28,2922.79,2980.91,42599312.0,0.003828875852825764,3.033109820002241
2008-06-27,2886.18,2899.84,2787.25,2816.02,40886556.0,-0.05531532317312493,2.865332370089238
2008-06-30,2782.84,2834.27,2747.61,2791.82,25295406.0,-0.008593688965277124,2.8407085949185507
2008-07-01,2799.2,2809.38,2690.18,2698.35,28851585.0,-0.03347995214591204,2.7456018071001966
2008-07-02,2702.63,2745.94,2670.06,2699.6,27916365.0,0.00046324605777603445,2.7468736963135587
2008-07-03,2654.48,2807.68,2617.26,2760.61,45660305.0,0.022599644391761764,2.808952065039329
2008-07-04,2751.21,2783.85,2716.02,2741.85,37905010.0,-0.006795599523293894,2.7898635517251926
2008-07-07,2747.61,2890.99,2747.61,2882.76,52732024.0,0.05139230811313533,2.93324107896906
2008-07-08,2900.57,2939.14,2841.07,2901.84,54248078.0,0.006618657120259774,2.952655195921817
2008-07-09,2927.0,3015.27,2927.0,3015.13,69356968.0,0.0390407465608027,3.067929059107238
2008-07-10,2970.98,3056.91,2950.2,2973.73,61649554.0,-0.013730751244556694,3.02580408836069
2008-07-11,2962.86,2988.2,2913.87,2953.5,44287101.0,-0.0068029040968750065,3.0052198333316396
2008-07-14,2927.24,2996.59,2917.02,2975.87,34575043.0,0.007574064669036762,3.0279815626939652
2008-07-15,2987.06,2997.67,2849.2,2852.98,47292759.0,-0.041295486698007644,2.902939590349924
2008-07-16,2818.76,2824.88,2702.66,2745.6,39403115.0,-0.03763783833044754,2.793679219365278
2008-07-17,2790.26,2812.99,2705.81,2718.07,32687335.0,-0.010026952214452156,2.7656671313301944
2008-07-18,2746.54,2818.06,2690.07,2815.46,40203402.0,0.03583057095659781,2.8647625637216514
2008-07-21,2792.83,2915.29,2780.28,2911.05,45119577.0,0.03395182314790479,2.9620264756458674
2008-07-22,2905.28,2931.45,2890.25,2904.74,38814976.0,-0.002167602755019815,2.955605978896816
2008-07-23,2923.05,2941.97,2879.19,2883.32,38821233.0,-0.007374153969029851,2.9338108853366456
2008-07-24,2905.04,2979.75,2902.98,2977.36,48538665.0,0.032615179723374466,3.029497654636293
2008-07-25,2939.32,2967.72,2916.68,2939.2,40571081.0,-0.01281672354031771,2.9906694207307787
2008-07-28,2959.11,2997.6,2946.49,2960.85,39308640.0,0.0073659499183451604,3.012698541906208
2008-07-29,2921.25,2921.25,2881.05,2905.63,36036275.0,-0.018650049816775538,2.95651156401673
2008-07-30,2940.02,2949.94,2866.03,2884.38,29810800.0,-0.007313388146460542,2.9348894473895766
2008-07-31,2894.25,2899.07,2804.7,2805.21,27940966.0,-0.027447839743723113,2.8543330721720834
2008-08-01,2786.12,2868.68,2748.75,2840.79,34031491.0,0.012683542408589599,2.890536126741218
2008-08-04,2816.94,2832.9,2767.53,2773.15,22782324.0,-0.023810278126858986,2.821711657627776
2008-08-05,2780.76,2792.74,2695.37,2703.08,30469235.0,-0.025267295313993188,2.7504146358835575
2008-08-06,2723.52,2749.1,2679.66,2721.69,27404022.0,0.0068847388904509366,2.7693505224920907
2008-08-07,2717.66,2747.88,2683.41,2720.44,23370439.0,-0.00045927346611851494,2.7680786332787286
2008-08-08,2719.38,2719.38,2581.81,2591.46,30894581.0,-0.04741144814809373,2.636840016687188
2008-08-11,2579.8,2580.72,2442.79,2456.81,32120206.0,-0.05195912728732066,2.4998321106238377
2008-08-12,2431.38,2474.32,2413.6,2444.16,24191944.0,-0.005148953317513416,2.4869605917846145
2008-08-13,2427.5,2466.09,2369.58,2444.67,27551711.0,0.00020866064414781782,2.4874795225836666
2008-08-14,2429.98,2461.24,2410.49,2443.51,20157236.0,-0.00047450167098206375,2.486299209393667
2008-08-15,2440.39,2479.15,2412.95,2447.62,20422261.0,0.0016820066216221008,2.490481181127201
2008-08-18,2451.31,2452.63,2312.95,2313.4,23623106.0,-0.054836943643212566,2.3539108049532476
2008-08-19,2285.51,2356.19,2273.89,2348.47,19477106.0,0.01515950548975531,2.3895949287233305
2008-08-20,2332.39,2533.3,2312.18,2532.94,45043415.0,0.07854901276150006,2.5772952512744354
2008-08-21,2494.26,2535.86,2438.86,2443.98,37518040.0,-0.0351212425087053,2.4867774397378914
2008-08-22,2421.25,2437.43,2362.63,2404.93,26298241.0,-0.015978035826807124,2.4470436207124635
2008-08-25,2408.03,2439.91,2373.76,2400.55,18643190.0,-0.0018212588308181843,2.4425869209088438
2008-08-26,2370.53,2390.66,2306.94,2331.53,23741937.0,-0.028751744391910194,2.3723582861038497
2008-08-27,2322.54,2367.72,2291.35,2325.29,23862584.0,-0.0026763541537103697,2.3660090151507465
2008-08-28,2325.26,2363.56,2316.68,2335.87,20400291.0,0.0045499701112550195,2.376774285452642
2008-08-29,2347.4,2418.05,2339.52,2391.64,28877845.0,0.023875472522015384,2.4335208945959996
2008-09-01,2372.64,2372.64,2297.02,2309.17,21152803.0,-0.03448261444030032,2.349606731855231
2008-09-02,2292.69,2309.21,2268.0,2285.41,18440498.0,-0.010289411346934285,2.325430661687647
2008-09-03,2279.6,2296.03,2219.56,2245.96,23749474.0,-0.01726167296021275,2.2852898381139437
2008-09-04,2238.65,2270.41,2216.11,2251.15,18984780.0,0.0023108158649307597,2.2905707221278226
2008-09-05,2193.04,2221.09,2172.94,2183.43,21654480.0,-0.03008240232769932,2.2216648521047246
2008-09-08,2189.82,2198.76,2119.12,2126.52,22186554.0,-0.02606449485442619,2.1637582799987816
2008-09-09,2135.22,2150.99,2111.4,2139.15,17624298.0,0.005939281078946035,2.1766094486105914
2008-09-10,2124.97,2181.25,2099.23,2143.18,22057844.0,0.0018839258584015806,2.18071001943447
2008-09-11,2135.45,2142.0,2067.25,2072.13,22176781.0,-0.03315167181477974,2.1084158365469765
2008-09-12,2071.06,2102.98,2066.44,2077.85,19197020.0,0.0027604445667017696,2.1142360015873205
2008-09-16,2050.32,2050.32,1987.3,2000.65,33563261.0,-0.03715378877204789,2.035684123770086
2008-09-17,1981.25,2003.91,1923.55,1929.14,32862242.0,-0.035743383400394846,1.962921885652075
2008-09-18,1876.97,1936.74,1804.77,1895.99,47820263.0,-0.017183822843339525,1.9291913837137158
2008-09-19,2065.78,2073.11,2046.22,2073.11,36525404.0,0.09341821423108776,2.1094129976902525
2008-09-22,2228.37,2258.42,2130.31,2207.61,101993873.0,0.0648783711428722,2.2462682770479994
2008-09-23,2141.6,2180.37,2118.92,2123.48,78365617.0,-0.03810908629694565,2.1606650454318856
2008-09-24,2072.65,2139.22,2050.97,2138.85,45328180.0,0.007238118560099371,2.1763041951993842
2008-09-25,2143.73,2256.27,2139.62,2223.53,74237912.0,0.039591369193725745,2.2624670580693773
2008-09-26,2234.46,2257.16,2192.13,2243.66,59429943.0,0.009053172208155269,2.282949561961358
2008-10-06,2206.56,2206.56,2128.27,2128.7,45575264.0,-0.0512377098134299,2.1659764547868847
2008-10-07,2043.92,2136.12,2024.65,2102.45,43065325.0,-0.012331469911213366,2.139266781306284
2008-10-08,2041.99,2073.07,2000.52,2022.88,36874700.0,-0.037846322147970124,2.058303401540515
2008-10-09,2059.59,2063.3,1993.01,1995.3,33582311.0,-0.013634026734161253,2.0302404379368966
2008-10-10,1913.27,1938.22,1881.67,1906.96,39151593.0,-0.04427404400340795,1.94035348345018
2008-10-13,1889.75,1985.63,1841.53,1985.49,43538120.0,0.04118072744053358,2.020258651390432
2008-10-14,2054.41,2060.49,1934.46,1934.62,54331946.0,-0.025620879480632075,1.9684978479634534
2008-10-15,1911.03,1930.63,1892.02,1914.36,31892398.0,-0.010472340821453319,1.9478830675932828
2008-10-16,1833.48,1866.9,1818.93,1820.9,40529648.0,-0.048820493533086706,1.852786454888636
2008-10-17,1837.91,1851.33,1805.67,1833.26,28715420.0,0.006787852161019181,1.8653628954303587
2008-10-20,1828.41,1899.35,1802.1,1896.73,33277152.0,0.03462138485539423,1.9299443421280256
2008-10-21,1901.24,1928.19,1880.52,1881.41,38908395.0,-0.008077058938277926,1.9143560679290614
2008-10-22,1854.6,1887.31,1832.45,1833.32,32968572.0,-0.02556061677146404,1.8654239461125999
2008-10-23,1794.68,1836.41,1779.13,1834.78,35758654.0,0.0007963694281412081,1.8669095127138065
2008-10-24,1831.46,1840.88,1769.11,1781.6,32980668.0,-0.028984401399622883,1.812798258020535
2008-10-27,1746.67,1746.67,1652.79,1654.67,36441847.0,-0.07124494836102369,1.6836455397389083
2008-10-28,1614.62,1716.31,1607.67,1705.82,46792804.0,0.030912508234270275,1.7356912463496796
2008-10-29,1723.23,1731.26,1657.65,1658.22,38869488.0,-0.027904468232287094,1.6872577051048563
2008-10-30,1669.97,1723.93,1646.35,1697.66,41284292.0,0.02378454004896824,1.7273883535648529
2008-10-31,1688.09,1696.65,1655.09,1663.66,28314534.0,-0.020027567357421394,1.6927929669614075
2008-11-03,1648.56,1684.56,1643.42,1653.54,25381097.0,-0.006082973684526927,1.682495751890029
2008-11-04,1646.2,1648.45,1606.73,1627.76,26100165.0,-0.015590793086348032,1.656264308753652
2008-11-05,1641.26,1714.66,1641.26,1691.42,42418210.0,0.03910895955177662,1.7210390826117499
2008-11-06,1648.13,1661.44,1638.34,1649.78,30784179.0,-0.02461836799848649,1.6786699091362363
2008-11-07,1618.75,1690.11,1612.74,1677.83,31521590.0,0.017002266968929147,1.7072111030840786
2008-11-10,1714.12,1803.12,1714.12,1801.67,63948859.0,0.07380962314418027,1.8332197112302748
2008-11-11,1795.3,1824.93,1778.33,1781.36,66072851.0,-0.011272874610777861,1.8125540552915695
2008-11-12,1758.48,1806.23,1754.29,1801.82,44087960.0,0.011485606502896761,1.8333723379358784
2008-11-13,1777.03,1891.94,1765.64,1874.08,83234552.0,0.04010389495066091,1.9068977095819064
2008-11-14,1893.31,1943.65,1874.93,1943.65,91168717.0,0.037122214633313444,1.9776859756407796
2008-11-17,1934.74,1987.23,1919.97,1987.23,87836626.0,0.022421732307771336,2.022029121175431
2008-11-18,1974.38,1994.82,1831.76,1839.82,97278353.0,-0.07417863055610074,1.8720377700220816
2008-11-19,1831.6,1959.52,1823.27,1953.16,82117408.0,0.06160385255079315,1.9873625087760376
2008-11-20,1916.7,1976.95,1900.27,1932.43,83187038.0,-0.010613569804829082,1.9662694980616429
2008-11-21,1872.27,1968.89,1835.09,1920.74,83049329.0,-0.0060493782439726695,1.9543747901382817
2008-11-24,1913.99,1923.93,1835.86,1837.64,50561517.0,-0.043264575111675696,1.8698195952339787
2008-11-25,1870.06,1883.1,1801.56,1834.29,42814590.0,-0.0018229903571973516,1.8664109321421685
2008-11-26,1832.11,1865.65,1815.02,1843.5,45565635.0,0.005021016306036685,1.8757822118662195
2008-11-27,1961.89,1969.02,1870.05,1870.47,88008322.0,0.014629780309194373,1.903224493533717
2008-11-28,1851.1,1866.26,1815.45,1829.92,51590660.0,-0.021679043235122708,1.861964407452255
2008-12-01,1823.77,1864.3,1799.84,1864.21,48386333.0,0.018738524088484754,1.8968548723532004
2008-12-02,1821.54,1891.13,1814.9,1868.63,61350235.0,0.0023709775186271376,1.901352272611648
2008-12-03,1884.6,1952.67,1884.6,1952.67,85019144.0,0.04497412542879009,1.9868639282043994
2008-12-04,1980.44,2046.47,1978.14,1982.93,119183441.0,0.015496730118248259,2.0176538222814657
2008-12-05,1969.74,2014.2,1965.09,2013.18,74366326.0,0.015255203158961672,2.048433541244825
2008-12-08,2040.47,2095.47,2033.98,2095.04,107607131.0,0.0406620371750166,2.131727022049473
2008-12-09,2104.12,2107.6,2038.07,2040.85,92509814.0,-0.02586585458988855,2.0765880808718054
2008-12-10,2028.51,2096.39,2014.28,2096.39,83271062.0,0.027214150966509143,2.133100662399904
2008-12-11,2087.43,2107.29,2043.62,2046.34,73556236.0,-0.02387437452000818,2.082174218296891
2008-12-12,2027.07,2038.19,1936.28,1960.38,67387266.0,-0.04200670465318557,1.994708940872416
2008-12-15,1991.55,2006.23,1941.05,1975.03,50451096.0,0.007473040941041953,2.0096154824530177
2008-12-16,1957.0,1994.96,1919.87,1994.45,47924878.0,0.009832762033994413,2.029375553271809
2008-12-17,2002.03,2030.39,1995.65,2001.42,58685150.0,0.003494697786357248,2.0364676075255157
2008-12-18,2001.05,2045.94,1982.43,2045.1,58429224.0,0.021824504601732686,2.080912504197236
2008-12-19,2037.37,2075.38,2033.11,2052.11,63311227.0,0.0034277052466873403,2.0880452589057703
2008-12-22,2050.77,2055.37,1993.33,2017.55,52949464.0,-0.01684120246965326,2.0528800659347386
2008-12-23,2019.23,2019.23,1918.43,1918.96,63590464.0,-0.048866199102872265,1.9525636198984542
2008-12-24,1893.23,1912.78,1872.65,1887.08,44201831.0,-0.016613165464626767,1.9201253574008705
2008-12-25,1891.53,1902.71,1848.71,1870.77,39916834.0,-0.008642982809419775,1.9035297469449237
2008-12-26,1868.34,1881.08,1850.5,1862.1,34560888.0,-0.004634455331227305,1.894707923361045
2008-12-29,1852.41,1861.3,1816.06,1854.76,35986873.0,-0.0039417861554158495,1.8872393899001838
2008-12-30,1852.95,1867.41,1824.53,1833.44,37584627.0,-0.011494748646725172,1.8655460474770822
2008-12-31,1835.11,1844.42,1813.73,1817.72,35631355.0,-0.00857404660092509,1.849550768729842
2009-01-05,1848.33,1882.96,1837.84,1882.96,48187020.0,0.035891116343551355,1.9159332105536295
2009-01-06,1880.67,1948.49,1873.01,1942.8,70974097.0,0.031779751030292624,1.9768210909756931
2009-01-07,1942.67,1959.25,1930.87,1931.18,59702167.0,-0.005981058266419592,1.9649976088482803
2009-01-08,1894.66,1902.8,1873.65,1887.99,53446490.0,-0.02236456467030523,1.9210512927481977
2009-01-09,1886.49,1923.42,1886.49,1918.37,47407216.0,0.016091186923659517,1.9519632881897468
2009-01-12,1911.74,1947.08,1905.62,1920.69,54234156.0,0.001209360029608586,1.9543239145697469
2009-01-13,1892.66,1908.2,1874.97,1876.19,49818137.0,-0.023168757061264422,1.909044658574061
2009-01-14,1873.63,1955.24,1873.63,1955.24,59283231.0,0.04213325942468504,1.9894789324270712
2009-01-15,1935.39,1977.19,1930.3,1954.87,78943648.0,-0.0001892350811154575,1.989102453219916
2009-01-16,1965.44,2026.65,1965.44,1990.21,96538633.0,0.018077928455600745,2.0250613050600856
2009-01-19,2010.58,2052.19,1993.95,2012.47,81948177.0,0.011184749348058798,2.0477111081716357
2009-01-20,2006.53,2025.19,1986.06,2025.19,53259262.0,0.006320591114401752,2.0606538528068072
2009-01-21,1993.67,2047.11,1988.24,2021.71,64117428.0,-0.0017183572899333033,2.0571129132368076
2009-01-22,2034.29,2048.48,2012.74,2044.55,58861947.0,0.011297367080342902,2.080352872943357
2009-01-23,2039.52,2054.33,2025.19,2032.68,57504109.0,-0.005805678511163759,2.068275012973272
2009-02-02,2052.44,2059.34,2029.72,2057.06,51453906.0,0.011994017749965558,2.0930819401906837
2009-02-03,2056.79,2108.94,2049.89,2108.91,87640302.0,0.025205876347797362,2.1458399047609378
2009-02-04,2118.56,2166.41,2117.02,2166.41,100888428.0,0.02726526973649901,2.204346808575588
2009-02-05,2164.55,2211.18,2135.67,2150.97,115100122.0,-0.007126998121315897,2.188636433012141
2009-02-06,2158.08,2240.02,2158.08,2237.28,106664904.0,0.040126082651083195,2.276457839416358
2009-02-09,2271.59,2307.91,2257.49,2296.67,129523670.0,0.026545626832582325,2.3368878397216113
2009-02-10,2288.07,2327.1,2263.53,2326.75,116294548.0,0.013097223371228761,2.3674945817519535
2009-02-11,2287.23,2381.19,2275.57,2331.14,147576637.0,0.001886751907166584,2.3719614566692804
2009-02-12,2335.4,2344.66,2248.48,2318.34,119826218.0,-0.005490875708880516,2.3589373111244543
2009-02-13,2321.56,2402.44,2307.09,2399.06,140409910.0,0.03481801633927706,2.4410708289665157
2009-02-16,2421.19,2462.39,2397.18,2462.25,152346669.0,0.026339482964161,2.5053673724803898
2009-02-17,2460.57,2470.62,2384.79,2385.29,141014991.0,-0.031255965072596203,2.427059697392121
2009-02-18,2331.66,2369.05,2272.5,2275.84,115422062.0,-0.04588540596740853,2.3156930778701477
2009-02-19,2295.65,2324.68,2259.59,2298.41,90853928.0,0.00991721737907758,2.338658309506611
2009-02-20,2300.81,2344.77,2276.3,2344.32,86632069.0,0.019974678147067104,2.3853722565349695
2009-02-23,2333.81,2419.53,2307.92,2410.48,109465403.0,0.028221403221403207,2.452690808819791
2009-02-24,2376.7,2411.91,2294.52,2301.85,127017555.0,-0.04506571305300189,2.3421585486217835
2009-02-25,2325.04,2337.42,2226.44,2304.25,107877528.0,0.0010426396159610718,2.3446005759114383
2009-02-26,2295.43,2332.35,2167.15,2190.19,102200385.0,-0.04949983725724205,2.228543228970586
2009-02-27,2164.54,2186.82,2117.06,2140.49,87076415.0,-0.02269209520635207,2.1779729138473143
2009-03-02,2123.37,2177.29,2112.34,2164.67,62746181.0,0.011296478843629387,2.202576338790588
2009-03-03,2109.84,2168.22,2100.64,2142.15,66167314.0,-0.010403433317780486,2.179661982722659
2009-03-04,2150.24,2290.94,2150.24,2285.15,110750033.0,0.06675536260299242,2.3251661087312674
2009-03-05,2314.08,2340.37,2259.8,2304.92,131987347.0,0.008651510841739096,2.3452823085298005
2009-03-06,2260.76,2313.2,2255.82,2286.58,85965450.0,-0.007956892213178857,2.3266211499913534
2009-03-09,2302.01,2333.98,2198.54,2202.53,86555948.0,-0.03675795292532946,2.241099319284895
2009-03-10,2175.31,2241.24,2168.32,2240.78,56660449.0,0.01736639228523562,2.280019129213771
2009-03-11,2288.05,2292.4,2212.88,2220.38,70838676.0,-0.009103972723783715,2.2592618972517036
2009-03-12,2208.04,2220.3,2156.6,2215.7,55700111.0,-0.0021077473225304955,2.2544999440368763
2009-03-13,2229.25,2250.24,2200.97,2205.42,54083094.0,-0.004639617276707031,2.2440399271461877
2009-03-16,2197.25,2247.11,2180.05,2241.61,48773854.0,0.01640957277978794,2.280863663651443
2009-03-17,2244.11,2329.3,2239.67,2322.4,92980528.0,0.03604105977400174,2.3630684072894534
2009-03-18,2335.42,2370.56,2328.86,2332.65,101870071.0,0.004413537719600402,2.3734978988390214
2009-03-19,2337.52,2386.23,2331.26,2382.56,97318766.0,0.02139626604934297,2.424281891350138
2009-03-20,2389.89,2397.21,2343.27,2379.84,109396738.0,-0.0011416291719830163,2.4215142604218625
2009-03-23,2384.67,2448.35,2375.52,2439.4,116313049.0,0.02502689256420587,2.482117237660133
2009-03-24,2477.57,2483.83,2440.53,2451.78,111993525.0,0.005075018447159074,2.4947140284292697
2009-03-25,2435.63,2472.94,2401.05,2401.33,95816660.0,-0.02057688699638638,2.4433805797779806
2009-03-26,2407.76,2479.83,2379.95,2479.79,113249452.0,0.03267356006879529,2.5232145219222843
2009-03-27,2501.0,2516.38,2481.69,2498.93,135368546.0,0.0077183955092972045,2.5426896895572826
2009-03-30,2501.31,2508.14,2471.37,2484.49,94151665.0,-0.005778473186523803,2.527996825364525
2009-03-31,2436.78,2507.9,2423.57,2507.79,95461752.0,0.009378182242633315,2.5517048403015923
2009-04-01,2519.89,2566.54,2519.89,2548.22,126307625.0,0.01612176458156389,2.5928428250185718
2009-04-02,2558.77,2599.25,2558.26,2576.4,135146806.0,0.011058699798290661,2.621516295444604
2009-04-03,2597.92,2612.37,2555.62,2570.5,123655216.0,-0.002290017078093509,2.6155129783575357
2009-04-07,2570.63,2597.06,2543.65,2576.95,86083257.0,0.002509239447578304,2.6220759266984834
2009-04-08,2563.72,2573.09,2479.35,2479.35,99328094.0,-0.03787423116474897,2.5227668169191815
2009-04-09,2477.42,2517.74,2457.42,2517.67,74593703.0,0.015455663782846463,2.561757852644006
2009-04-10,2540.11,2595.6,2530.62,2595.53,104144408.0,0.03092541913753588,2.640981287965896
2009-04-13,2621.98,2668.28,2619.37,2656.52,139014541.0,0.02349809094866928,2.7030393064642526
2009-04-14,2651.2,2682.91,2637.38,2676.87,110491304.0,0.007660397813681108,2.7237456628577856
2009-04-15,2662.73,2690.64,2627.81,2686.99,120665292.0,0.003780534728993201,2.734042877929164
2009-04-16,2690.51,2706.63,2643.32,2687.11,123729613.0,4.465963773614412e-05,2.7341649792936473
2009-04-17,2675.67,2693.29,2628.63,2650.69,101528808.0,-0.01355359475421547,2.6971072151731335
2009-04-20,2643.73,2708.45,2640.99,2707.67,95903694.0,0.021496289645337674,2.7550850130750253
2009-04-21,2670.28,2697.72,2634.53,2675.44,108185252.0,-0.011903223066326407,2.7222906215977005
2009-04-22,2687.86,2713.3,2563.36,2576.28,124046413.0,-0.03706306252429503,2.621394194080123
2009-04-23,2555.53,2604.16,2543.91,2593.56,80887942.0,0.0067073454748707295,2.6389767905656387
2009-04-24,2605.7,2609.87,2570.38,2572.89,73360969.0,-0.007969740433998118,2.617944830533485
2009-04-27,2566.92,2576.52,2499.44,2513.29,72039390.0,-0.023164612556308195,2.557301152840387
2009-04-28,2490.53,2531.54,2485.8,2518.53,59264983.0,0.0020849165834424532,2.5626329124228002
2009-04-29,2518.85,2615.81,2514.14,2605.37,81885006.0,0.034480431045093685,2.650993599853482
2009-04-30,2616.49,2640.02,2604.45,2622.93,85809348.0,0.006739925615171671,2.6688610995227906
2009-05-04,2635.13,2715.19,2632.3,2714.3,102916565.0,0.03483508900351917,2.761831113462697
2009-05-05,2733.11,2751.25,2713.23,2727.01,102313722.0,0.004682606933647637,2.7747636829841613
2009-05-06,2721.82,2771.21,2713.54,2764.98,105806650.0,0.013923674647324358,2.8133985897292444
2009-05-07,2783.58,2797.47,2731.8,2767.08,122101161.0,0.0007594991645509808,2.8155353636076925
2009-05-08,2751.5,2800.22,2733.33,2789.22,106724988.0,0.008001214276421198,2.838063065354759
2009-05-11,2808.14,2839.61,2725.27,2725.32,125364452.0,-0.022909630649428747,2.773044088767696
2009-05-12,2702.74,2788.61,2699.95,2788.56,88695942.0,0.02320461450398481,2.837391507850104
2009-05-13,2792.42,2822.71,2775.57,2814.0,107112856.0,0.009122988208968064,2.8632769971204466
2009-05-14,2781.05,2804.48,2757.54,2792.6,82639329.0,-0.007604832977967324,2.8415022537876897
2009-05-15,2800.57,2815.46,2773.32,2796.12,64931431.0,0.0012604741101482908,2.845083893812517
2009-05-18,2782.59,2813.76,2740.92,2810.57,74835786.0,0.005167875484600293,2.859786933118982
2009-05-19,2836.34,2849.63,2821.95,2840.08,97703617.0,0.01049964953728244,2.8898136936680308
2009-05-20,2843.54,2849.64,2812.6,2812.87,87939215.0,-0.009580716036168058,2.8621272092715673
2009-05-21,2795.83,2808.29,2735.77,2750.01,85535394.0,-0.02234728231308225,2.7981664445100214
2009-05-22,2733.02,2762.74,2719.12,2740.68,61499012.0,-0.0033927149355822417,2.7886730634214874
2009-05-25,2684.21,2761.39,2675.28,2752.72,74091671.0,0.004393070332910032,2.8009239003245896
2009-05-26,2757.31,2762.81,2718.55,2719.76,72316012.0,-0.011973611555116226,2.767386725546662
2009-05-27,2734.42,2768.57,2715.82,2759.71,67976645.0,0.014688796070241317,2.80803630480571
2009-06-01,2798.93,2864.47,2798.93,2858.34,108564883.0,0.03573926245873671,2.9083934512968224
2009-06-02,2878.53,2892.78,2855.06,2865.1,108338397.0,0.0023650090612032937,2.9152718281626835
2009-06-03,2865.73,2939.39,2864.71,2939.39,112073310.0,0.02592928693588359,2.9908627478912115
2009-06-04,2924.27,2961.04,2899.67,2953.75,130127710.0,0.004885367372141847,3.0054742111743136
2009-06-05,2966.06,2975.18,2937.18,2939.31,108476324.0,-0.004888700804062673,2.990781346981556
2009-06-08,2937.64,2978.23,2912.49,2948.48,96116366.0,0.0031197798122688525,3.000111926250779
2009-06-09,2948.95,2960.9,2892.72,2960.56,91989886.0,0.0040970262643802435,3.012403463608709
2009-06-10,2972.42,2995.7,2966.59,2989.6,101790039.0,0.009808955062555746,3.041951993813534
2009-06-11,2982.97,3000.86,2951.27,2961.63,87115997.0,-0.009355766657746845,3.013492200775347
2009-06-12,2955.57,2976.86,2883.32,2906.29,80067067.0,-0.018685656209587287,2.957183121521386
2009-06-15,2911.42,2967.1,2898.07,2966.19,74352090.0,0.02061046901720065,3.0181320526256914
2009-06-16,2936.51,2979.41,2929.04,2961.22,70179242.0,-0.0016755501164794628,3.013075021113364
2009-06-17,2957.58,3017.41,2930.49,3010.59,77293118.0,0.016672182411303638,3.0633095574843088
2009-06-18,3014.44,3061.75,3014.44,3057.43,96281316.0,0.015558412138484412,3.110969790087408
2009-06-19,3061.9,3086.72,3047.27,3080.0,102518069.0,0.007382016922709678,3.1339350217238717
2009-06-22,3106.39,3116.16,3072.53,3082.56,103952583.0,0.0008311688311688492,3.136539850832837
2009-06-23,3036.4,3128.53,3028.45,3083.9,111506734.0,0.0004347036229628287,3.1379033160695613
2009-06-24,3079.5,3121.21,3068.24,3120.73,109424313.0,0.011942669995784527,3.175378259852058
2009-06-25,3125.66,3141.17,3103.87,3117.92,82806887.0,-0.0009004303480275588,3.1725190529004204
2009-06-26,3126.23,3137.08,3109.32,3128.42,70500908.0,0.003367629701852559,3.183202922292661
2009-06-29,3132.11,3182.42,3122.16,3179.97,84997075.0,0.016477966513447573,3.235655633451708
2009-06-30,3191.64,3195.72,3159.63,3166.47,86782347.0,-0.004245323069085538,3.2219192299473987
2009-07-01,3153.54,3238.79,3150.65,3237.9,96950565.0,0.02255824309088683,3.294600067155755
2009-07-02,3248.2,3285.09,3247.57,3282.36,112989294.0,0.013731122023533882,3.3398386226966137
2009-07-03,3254.93,3327.67,3249.11,3327.14,105732592.0,0.0136426229907749,3.3854027818760923
2009-07-06,3333.1,3378.05,3333.1,3374.75,135264049.0,0.014309587213041874,3.433846498234623
2009-07-07,3368.33,3393.22,3327.35,3340.49,129600799.0,-0.010151863100970493,3.398986558674798
2009-07-08,3306.43,3368.07,3261.32,3352.27,113867592.0,0.0035264287574579,3.4109728426215216
2009-07-09,3348.22,3396.48,3334.68,3396.3,113081523.0,0.013134383566956176,3.4557738682729835
2009-07-10,3398.91,3428.03,3375.97,3398.31,106174912.0,0.0005918205105555074,3.457819066128069
2009-07-13,3382.57,3403.74,3358.52,3361.01,99619651.0,-0.010976043974799121,3.4198658920013485
2009-07-14,3375.87,3454.75,3375.87,3454.75,107520425.0,0.027890425794627083,3.515247407889788
2009-07-15,3467.13,3497.51,3467.13,3493.3,133483002.0,0.011158549822707808,3.5544724712298708
2009-07-16,3516.78,3543.02,3489.56,3501.24,129313329.0,0.0022729224515500857,3.5625515115131456
2009-07-17,3499.51,3527.47,3482.87,3519.81,106549704.0,0.005303835212667529,3.581446697666851
2009-07-20,3532.52,3594.87,3515.53,3591.12,136468539.0,0.020259616286106397,3.6540054335107244
2009-07-21,3603.4,3610.33,3533.16,3539.83,130600961.0,-0.014282452271157764,3.6018172753080564
2009-07-22,3532.63,3607.37,3532.38,3606.92,115238546.0,0.01895288756804714,3.67008211316762
2009-07-23,3613.6,3653.84,3596.36,3651.97,116381609.0,0.012489880562917888,3.7159210004171848
2009-07-24,3672.21,3687.49,3591.88,3667.56,127979352.0,0.0042689288247166335,3.7317840026862354
2009-07-27,3680.15,3744.24,3669.51,3743.63,138808040.0,0.020741310298945326,3.809186092654591
2009-07-28,3745.55,3756.78,3705.04,3755.82,146267885.0,0.0032561978614340514,3.821589556263297
2009-07-29,3741.78,3765.59,3453.64,3558.51,167406126.0,-0.05253446650797955,3.6208243877125383
2009-07-30,3587.05,3656.92,3511.29,3634.82,134968879.0,0.021444368569991434,3.6984706804098595
2009-07-31,3670.19,3735.8,3635.55,3734.62,132239834.0,0.027456655350196035,3.800018315204678
2009-08-03,3754.22,3789.94,3716.57,3787.03,136415899.0,0.014033556292206484,3.8533460861425186
2009-08-04,3803.06,3803.06,3712.43,3786.62,141035739.0,-0.00010826425985543953,3.8529289064805354
2009-08-05,3781.4,3789.13,3691.98,3740.94,133444453.0,-0.012063528951941294,3.806448987067436
2009-08-06,3707.91,3739.58,3602.58,3663.12,118101525.0,-0.020802258255946393,3.7272662522003737
2009-08-07,3655.46,3686.54,3539.7,3555.1,100575751.0,-0.029488523444495374,3.6173546739384865
2009-08-10,3589.72,3613.46,3485.36,3544.54,84870681.0,-0.0029703805800117555,3.6066097538640047
2009-08-11,3558.65,3569.15,3509.72,3556.38,64497197.0,0.003340348818182459,3.6186570884929696
2009-08-12,3546.5,3546.5,3390.36,3397.4,92535386.0,-0.04470275954762992,3.456893130780742
2009-08-13,3398.89,3448.86,3338.85,3440.82,87081800.0,0.012780361452875644,3.5010734744960827
2009-08-14,3437.95,3454.95,3334.73,3344.46,88248627.0,-0.028004952307880138,3.4030260788164357
2009-08-17,3283.44,3319.8,3137.48,3140.27,91723902.0,-0.061053204403700434,3.1952604320353326
2009-08-18,3110.71,3186.81,3083.2,3171.99,77343035.0,0.010101042267066207,3.2275358927136057
2009-08-19,3178.28,3183.01,2982.22,3014.57,81604020.0,-0.049628151412835386,3.0673592527396543
2009-08-20,3021.25,3146.57,3021.25,3144.39,79519216.0,0.0430641849417992,3.199452578882574
2009-08-21,3135.37,3221.17,3113.7,3203.62,86616805.0,0.01883672190790575,3.2597197773685167
2009-08-24,3222.4,3241.52,3178.86,3229.6,80414068.0,0.008109576042102384,3.2861547227790315
2009-08-25,3210.85,3210.85,3019.12,3109.83,97530139.0,-0.0370850879365866,3.1642873859115417
2009-08-26,3082.68,3203.79,3065.46,3172.39,82036404.0,0.020116855262184652,3.227942897261881
2009-08-27,3149.57,3212.27,3116.89,3156.3,80125201.0,-0.005071885865230885,3.2115711393074857
2009-08-28,3152.04,3168.19,3030.73,3046.78,84017946.0,-0.03469885625574243,3.1001332939895643
2009-08-31,3003.54,3003.54,2825.77,2830.27,84517311.0,-0.07106190798154122,2.8798319071215657
2009-09-01,2804.58,2901.28,2795.49,2843.7,70535306.0,0.004745130323255298,2.893497084829926
2009-09-02,2824.64,2904.79,2813.62,2890.93,60843386.0,0.016608643668460044,2.9415541468675945
2009-09-03,2898.45,3059.99,2892.65,3051.96,93157447.0,0.055701798383219314,3.105404002889736
2009-09-04,3055.35,3099.39,3038.99,3077.14,86984715.0,0.008250435785527976,3.1310249392036993
2009-09-07,3097.79,3153.23,3078.13,3104.21,82790740.0,0.008797129802349035,3.158568972008266
2009-09-08,3084.2,3170.97,3047.3,3170.97,83965634.0,0.02150627695935503,3.226498031115501
2009-09-09,3188.31,3207.39,3143.74,3194.91,91191155.0,0.007549740300286656,3.2508572533298095
2009-09-10,3179.19,3204.12,3150.17,3162.91,66566007.0,-0.010015931591187188,3.2182968894677435
2009-09-11,3152.81,3253.45,3152.69,3238.13,80689660.0,0.023781897050501044,3.294834094771013
2009-09-14,3248.35,3298.91,3240.53,3293.39,87393883.0,0.017065405033151793,3.3510617731153185
2009-09-15,3298.81,3325.74,3264.95,3302.64,87092177.0,0.0028086561263622745,3.360473753294197
2009-09-16,3290.39,3296.94,3212.45,3258.24,88244481.0,-0.013443790422207669,3.31529624843558
2009-09-17,3274.58,3329.12,3274.58,3320.1,91333404.0,0.018985710076605766,3.3782395018264366
2009-09-18,3325.06,3330.43,3170.96,3199.69,100488404.0,-0.036266979910243635,3.2557209576817057
2009-09-21,3163.51,3210.64,3090.61,3208.6,72801974.0,0.002784644762461319,3.2647869839945494
2009-09-22,3196.01,3237.22,3131.02,3131.03,73425101.0,-0.024175652932743152,3.18585862697016
2009-09-23,3130.14,3159.17,3041.42,3060.07,66013716.0,-0.022663468571045287,3.113656020106028
2009-09-24,3041.82,3122.05,2989.24,3080.93,65152102.0,0.006816837523324626,3.1348813072986124
2009-09-25,3057.11,3090.07,3028.41,3058.53,45820492.0,-0.007270531949768344,3.112089052595166
2009-09-28,3066.37,3088.08,2959.74,2972.64,41918352.0,-0.02808211788015824,3.0246950009666387
2009-09-29,2975.53,2998.55,2923.93,2972.29,45932352.0,-0.00011774045965873281,3.0243388719868975
2009-09-30,2992.98,3033.74,2988.29,3004.8,42184524.0,0.010937694504910445,3.0574181666480156
2009-10-09,3078.75,3164.03,3071.27,3163.71,56871040.0,0.05288538338658144,3.2191108985642947
2009-10-12,3181.58,3193.59,3151.26,3151.63,58961960.0,-0.003818301930328616,3.2068193612063647
2009-10-13,3144.02,3199.92,3140.5,3198.52,50713704.0,0.01487801550308876,3.254530469377998
2009-10-14,3209.06,3276.55,3204.31,3227.4,80978120.0,0.009029175993897187,3.2839161977635127
2009-10-15,3258.55,3287.63,3227.09,3239.64,60562010.0,0.003792526491912973,3.2963705369407528
2009-10-16,3250.1,3268.43,3188.43,3241.71,55636255.0,0.0006389598844316335,3.2984767854780803
2009-10-19,3238.85,3330.79,3231.81,3329.16,77683143.0,0.026976503141860286,3.3874581548448828
2009-10-20,3355.36,3379.63,3343.02,3377.57,89426278.0,0.014541205589398087,3.4367158802999653
2009-10-21,3375.03,3414.66,3358.55,3369.28,83488940.0,-0.0024544272953632706,3.428280711036949
2009-10-22,3364.15,3381.15,3341.42,3347.32,60936583.0,-0.006517712983189261,3.405936161336606
2009-10-23,3354.98,3436.39,3354.98,3413.25,86725429.0,0.019696354098203805,3.4730206860061688
2009-10-26,3421.7,3432.9,3385.44,3414.24,68442524.0,0.0002900461437045365,3.474028022263151
2009-10-27,3384.29,3392.1,3314.32,3314.72,74209551.0,-0.029148507427714465,3.3727652906521253
2009-10-28,3303.77,3337.17,3258.27,3329.33,62594849.0,0.004407612105999936,3.3876311317779
2009-10-29,3265.19,3291.18,3239.0,3247.05,61305354.0,-0.024713681131038334,3.3039102961975626
2009-10-30,3305.38,3329.54,3276.32,3280.37,60647062.0,0.010261622087741173,3.337813775068939
2009-11-02,3205.84,3394.72,3198.31,3392.8,81981158.0,0.03427357279819043,3.452212578475567
2009-11-03,3402.53,3447.48,3397.25,3435.43,83791098.0,0.012564843197359066,3.495589088208063
2009-11-04,3443.52,3476.34,3415.22,3453.89,86065273.0,0.0053734175925574945,3.5143723481109923
2009-11-05,3458.87,3471.83,3432.26,3464.32,80647784.0,0.0030197834904992504,3.524984991707285
2009-11-06,3491.08,3506.03,3474.36,3483.02,92190315.0,0.005397884721965562,3.5440124543391796
2009-11-09,3487.11,3495.89,3452.61,3495.79,78050904.0,0.003666358504975653,3.5570060745428855
2009-11-10,3520.4,3532.19,3501.5,3503.78,84300987.0,0.0022856064008422994,3.5651359903946958
2009-11-11,3500.59,3514.83,3468.86,3495.67,72626321.0,-0.0023146430426568276,3.556883973178403
2009-11-12,3506.95,3529.06,3487.68,3499.99,79962661.0,0.0012358145934827647,3.5612796222997822
2009-11-13,3489.54,3518.89,3445.36,3518.72,91210171.0,0.00535144386126829,3.580337610272798
2009-11-16,3541.05,3625.89,3541.05,3625.8,123157323.0,0.030431520552928415,3.6892927278462375
2009-11-17,3644.96,3649.42,3619.99,3628.35,97391368.0,0.0007032930663577464,3.6918873818414957
2009-11-18,3633.85,3652.81,3612.79,3630.23,89226283.0,0.00051814185511323,3.693800303218392
2009-11-19,3638.07,3653.9,3604.61,3642.44,94940095.0,0.003363423254173936,3.7062241170545116
2009-11-20,3630.58,3658.21,3597.31,3631.01,94750751.0,-0.003138006391320114,3.69459396208753
2009-11-23,3636.53,3666.27,3628.2,3665.51,93990941.0,0.009501488566542093,3.72969810437632
2009-11-24,3680.75,3698.13,3538.86,3548.08,147566822.0,-0.03203646968634655,3.610211744116244
2009-11-25,3541.51,3630.3,3508.06,3629.63,114602329.0,0.02298426191066727,3.6931897963959783
2009-11-26,3635.79,3646.61,3472.95,3485.77,127882379.0,-0.03963489391480679,3.546810610608577
2009-11-27,3440.34,3480.93,3367.29,3382.51,89294688.0,-0.029623297004678917,3.4417423864711725
2009-11-30,3415.08,3511.76,3415.08,3511.67,84415341.0,0.03818466168614432,3.573164155109437
2009-12-01,3507.56,3566.78,3485.52,3560.83,101518639.0,0.013999037494980993,3.6231850140925363
2009-12-02,3578.87,3607.56,3570.29,3597.33,98052033.0,0.010250419143851275,3.6603241791227057
2009-12-03,3596.95,3603.12,3551.48,3590.88,89978572.0,-0.0017929964723836234,3.6537612307817584
2009-12-04,3581.63,3646.26,3530.06,3643.49,134130901.0,0.014651004767633369,3.707292503993736
2009-12-07,3644.63,3672.8,3633.45,3668.83,91225546.0,0.006954870193139007,3.7330762421270096
2009-12-08,3670.81,3671.04,3590.94,3624.02,82940864.0,-0.012213703006135446,3.68748155760641
2009-12-09,3579.28,3603.7,3543.42,3554.48,68521507.0,-0.019188635824305633,3.616723816888657
2009-12-10,3579.83,3601.29,3544.9,3577.24,57563738.0,0.0064031869640566175,3.6398823756855516
2009-12-11,3589.41,3614.95,3568.51,3575.02,54550912.0,-0.0006205901756660692,3.637623500442621
2009-12-14,3572.53,3623.27,3495.64,3612.75,83785021.0,0.010553787111680535,3.6760142044587387
2009-12-15,3594.51,3620.32,3578.28,3583.34,69186493.0,-0.008140613106359385,3.6460891950467587
2009-12-16,3568.28,3610.69,3550.67,3560.72,56963912.0,-0.006312546395262575,3.6230730878417603
2009-12-17,3571.05,3582.44,3475.84,3480.15,63286201.0,-0.022627446134489526,3.541092196705302
2009-12-18,3450.04,3453.35,3385.68,3391.74,66111015.0,-0.025404077410456583,3.4511340164226367
2009-12-21,3386.33,3404.64,3354.65,3396.62,48329805.0,0.0014387895298577646,3.4560994719116014
2009-12-22,3402.23,3404.75,3296.76,3305.54,53942685.0,-0.026814892451908046,3.3634245362691955
2009-12-23,3303.73,3342.99,3296.29,3336.48,48064504.0,0.009360044047266092,3.394906338078331
2009-12-24,3346.76,3445.7,3339.3,3438.82,64377823.0,0.030673044645854297,3.4990384517547013
2009-12-25,3434.33,3441.96,3410.67,3424.78,46914576.0,-0.004082795842760056,3.48475259211022
2009-12-28,3432.82,3489.57,3432.82,3478.43,55375390.0,0.01566523981102419,3.5393420771477144
2009-12-29,3481.9,3501.25,3451.18,3500.74,55535765.0,0.006413813128336665,3.562042755827799
2009-12-30,3503.82,3561.44,3498.38,3558.86,88429370.0,0.016602204105417906,3.6211805166922773
2009-12-31,3561.37,3579.52,3542.38,3575.68,69241890.0,0.0047262325576167274,3.6382950579472757
2010-01-04,3592.47,3597.75,3535.23,3535.23,66101080.0,-0.01131253356005002,3.5971367230028832
2010-01-05,3545.19,3577.53,3497.66,3564.04,85809641.0,0.008149399049001138,3.62645122559245
2010-01-06,3558.7,3588.83,3541.17,3541.73,78473125.0,-0.006259750171154099,3.6037505469123654
2010-01-07,3543.16,3558.56,3452.77,3471.46,80350037.0,-0.019840586380102332,3.5322500228940097
2010-01-08,3456.91,3482.08,3426.7,3480.13,60790253.0,0.002497508253011649,3.541071846477888
2010-01-11,3593.11,3594.53,3465.32,3482.05,89980172.0,0.0005517035283164606,3.5430254683096116
2010-01-12,3477.84,3535.41,3437.66,3534.92,93743278.0,0.015183584382763016,3.596821294477969
2010-01-13,3448.29,3490.11,3415.69,3421.14,112457901.0,-0.03218743281318959,3.4810488507209096
2010-01-14,3433.47,3470.32,3411.81,3469.05,83353252.0,0.01400410389519302,3.5297978204906477
2010-01-15,3472.52,3500.07,3448.66,3482.74,72543102.0,0.003946325362851333,3.543727551155387
2010-01-18,3471.78,3501.26,3458.04,3500.68,82854307.0,0.005151116649534604,3.5619817051455582
2010-01-19,3506.81,3528.39,3497.09,3507.48,74883232.0,0.0019424797467921806,3.5689007824662475
2010-01-20,3512.25,3515.45,3387.82,3394.43,92495146.0,-0.03223111749746266,3.4538711220097915
2010-01-21,3397.04,3425.18,3364.72,3408.57,70595068.0,0.004165647840727482,3.468258732791343
2010-01-22,3364.45,3390.8,3293.19,3366.2,88933404.0,-0.012430432703450567,3.425146776015225
2010-01-25,3340.01,3372.43,3326.27,3328.01,56849171.0,-0.011345136949676093,3.386288016768591
2010-01-26,3328.11,3341.2,3222.14,3242.8,61752231.0,-0.025603889411390024,3.299585872872133
2010-01-27,3243.04,3255.12,3183.37,3198.57,52691394.0,-0.013639447391143422,3.254581344946533
2010-01-28,3195.29,3220.31,3168.46,3206.57,46990716.0,0.002501117686966259,3.262721435912049
2010-01-29,3190.31,3249.46,3176.92,3204.16,50262613.0,-0.0007515819083944164,3.260269233508687
2010-02-01,3198.23,3198.31,3116.44,3152.71,57001380.0,-0.016057250574253445,3.207918273486709
2010-02-02,3170.78,3211.94,3143.09,3146.19,50130033.0,-0.002068062079924937,3.201284099349813
2010-02-03,3160.71,3231.1,3094.57,3230.72,64798894.0,0.02686741741598553,3.287294335514202
2010-02-04,3206.43,3242.52,3190.44,3218.8,58972726.0,-0.003689580031695616,3.2751655999755824
2010-02-05,3147.72,3177.42,3129.92,3153.09,59105845.0,-0.020414440164036263,3.208304927807571
2010-02-08,3152.25,3172.31,3133.81,3150.99,37355951.0,-0.0006660133392958345,3.2061681539291222
2010-02-09,3147.76,3178.95,3144.48,3169.19,35953158.0,0.0057759624752855565,3.2246868608756722
2010-02-10,3195.14,3214.46,3182.83,3214.13,34219894.0,0.014180279503595683,3.270413821874462
2010-02-11,3216.69,3238.35,3207.17,3220.4,35791052.0,0.0019507611702078709,3.2767936181686856
2010-02-12,3232.88,3253.2,3228.74,3251.28,34058238.0,0.009588870947708328,3.3082143692955794
2010-02-22,3248.95,3261.95,3232.78,3233.35,38283772.0,-0.005514751113407712,3.289970390419115
2010-02-23,3225.39,3225.39,3152.93,3198.63,42742898.0,-0.0107380889789227,3.2546423956287738
2010-02-24,3177.08,3244.82,3165.13,3244.48,49989437.0,0.014334261855857067,3.3012952919748906
2010-02-25,3252.15,3294.14,3249.33,3292.13,67586617.0,0.014686482887858787,3.3497797087882484
2010-02-26,3286.1,3301.15,3273.69,3281.67,52107288.0,-0.003177274287467391,3.3391365398508355
2010-03-01,3290.01,3330.38,3287.56,3324.42,60504520.0,0.013026903984861393,3.3826351509478148
2010-03-02,3327.1,3339.89,3299.69,3311.24,57034374.0,-0.003964601343993901,3.369224351082126
2010-03-03,3313.02,3335.65,3293.92,3335.08,60622732.0,0.007199719742452926,3.393481822159365
2010-03-04,3338.67,3345.91,3244.98,3250.57,69346810.0,-0.025339721985679464,3.3074919362223896
2010-03-05,3253.16,3276.4,3239.68,3259.76,45629138.0,0.0028271964609283273,3.3168428657190265
2010-03-08,3268.4,3293.93,3258.03,3286.18,41540876.0,0.008104891157631133,3.3437255161326447
2010-03-09,3285.62,3322.51,3255.98,3305.86,54199486.0,0.0059887163819389855,3.3637501399078156
2010-03-10,3304.04,3321.08,3267.76,3279.69,46421079.0,-0.007916245697034974,3.3371218673368697
2010-03-11,3282.2,3303.49,3251.7,3276.71,47487754.0,-0.0009086224612692151,3.334089683452215
2010-03-12,3277.31,3284.26,3232.12,3233.13,39957344.0,-0.013299925840248306,3.2897465379175634
2010-03-15,3231.22,3234.82,3171.8,3183.18,37844304.0,-0.015449425170036557,3.2389218449516193
2010-03-16,3183.77,3204.29,3169.1,3203.97,30847780.0,0.006531204644412147,3.260075906348255
2010-03-17,3214.22,3274.0,3207.27,3273.92,45800934.0,0.0218322893160674,3.3312508267279908
2010-03-18,3277.88,3295.37,3256.59,3267.55,46948013.0,-0.0019456797966962425,3.3247692792966985
2010-03-19,3270.98,3296.41,3251.14,3293.87,46062187.0,0.008054964728925196,3.3515501785732473
2010-03-22,3297.82,3313.92,3288.51,3302.63,49439462.0,0.002659485650617688,3.360463578180488
2010-03-23,3305.55,3309.12,3272.92,3275.57,46539536.0,-0.008193470052655027,3.3329297204896284
2010-03-24,3282.05,3298.54,3271.03,3276.67,44547966.0,0.0003358194146361182,3.3340489829973867
2010-03-25,3270.39,3270.39,3222.82,3229.13,44984285.0,-0.014508632239438213,3.2856764924348045
2010-03-26,3226.8,3285.39,3220.59,3275.0,47444965.0,0.014205064522022859,3.3323497390083348
2010-03-29,3295.76,3363.61,3293.67,3358.54,84724910.0,0.025508396946564815,3.417352638915741
2010-03-30,3361.35,3372.26,3350.31,3366.71,56436980.0,0.002432604643684444,3.4256657068142746
2010-03-31,3369.19,3369.9,3338.75,3345.61,53124287.0,-0.006267246065149612,3.404196216892725
2010-04-01,3349.88,3392.48,3349.88,3391.94,67772669.0,0.013847997824014024,3.4513375186967723
2010-04-02,3400.14,3412.2,3391.81,3407.35,69073452.0,0.004543122814672396,3.4670173689190986
2010-04-06,3422.85,3436.29,3386.89,3405.15,65191710.0,-0.0006456630519318107,3.4647788439035816
2010-04-07,3403.09,3404.58,3369.02,3386.95,54011228.0,-0.005344845307842627,3.446260136957031
2010-04-08,3381.31,3381.31,3336.16,3346.74,62185322.0,-0.011872038264515328,3.4053460047416033
2010-04-09,3348.77,3379.4,3342.47,3379.17,51280567.0,0.009690026712562139,3.4383438984930663
2010-04-12,3388.36,3393.56,3330.3,3351.48,74565150.0,-0.008194319906959402,3.4101690086386722
2010-04-13,3350.73,3401.71,3324.05,3391.72,79907695.0,0.012006635874300287,3.45111366619522
2010-04-14,3394.64,3404.52,3377.44,3403.71,60306131.0,0.0035350795466606577,3.463313627529788
2010-04-15,3407.02,3412.94,3365.88,3394.57,61051685.0,-0.0026853051523190175,3.4540135736016855
2010-04-16,3388.29,3388.29,3348.78,3356.33,47140368.0,-0.011265049770663227,3.4151039387865163
2010-04-19,3313.5,3313.5,3175.44,3176.42,88416300.0,-0.053603191581280685,3.2320434680857564
2010-04-20,3176.41,3196.65,3130.96,3173.37,64137859.0,-0.0009602004772669703,3.228940058405153
2010-04-21,3178.88,3237.54,3164.76,3236.68,66928331.0,0.019950399732776125,3.293358703283509
2010-04-22,3222.68,3231.99,3177.73,3201.54,71081688.0,-0.01085680388546284,3.257603353717478
2010-04-23,3198.78,3224.74,3172.58,3190.0,61252679.0,-0.0036045153269989028,3.2458612724997202
2010-04-26,3195.46,3207.72,3168.37,3172.0,50894199.0,-0.005642633228840177,3.227546067827308
2010-04-27,3163.1,3163.1,3060.85,3108.41,65296574.0,-0.020047288776797068,3.162842519765158
2010-04-28,3080.32,3122.12,3062.09,3097.35,45995406.0,-0.0035580891838592477,3.1515888440053312
2010-04-29,3114.94,3130.7,3059.8,3060.06,48260971.0,-0.012039323938205282,3.113645844992317
2010-04-30,3060.12,3068.13,3014.07,3067.37,54477881.0,0.002388842048848705,3.1210838531120575
2010-05-04,3005.49,3056.08,2994.92,3019.45,41248610.0,-0.015622503969198398,3.072324708228613
2010-05-05,2981.78,3036.87,2943.36,3036.39,59670441.0,0.005610293265329691,3.0895613508480944
2010-05-06,3014.91,3014.91,2895.39,2896.86,58770413.0,-0.04595259502237847,2.9475879892957795
2010-05-07,2835.88,2892.53,2817.15,2836.79,61119399.0,-0.02073624545197217,2.8864660812584573
2010-05-10,2842.37,2872.31,2798.52,2858.23,50209173.0,0.007557838260851213,2.908281525046042
2010-05-11,2916.34,2922.13,2790.7,2800.82,58363490.0,-0.02008585733128543,2.849866197254754
2010-05-12,2781.71,2832.15,2756.42,2818.16,53002271.0,0.00619104405138482,2.8675098444225107
2010-05-13,2818.58,2886.97,2811.66,2886.91,55145778.0,0.024395350157549567,2.937463751157418
2010-05-14,2865.58,2888.09,2849.24,2868.02,42498719.0,-0.0065433283337547055,2.9182429613650926
2010-05-17,2828.88,2828.88,2712.44,2714.72,52166847.0,-0.05345151010104543,2.7622584682383815
2010-05-18,2711.41,2781.85,2686.97,2771.35,54509671.0,0.020860346555077625,2.819880137160532
2010-05-19,2748.95,2803.7,2723.3,2762.17,45576221.0,-0.0033124650441119785,2.8105393827776024
2010-05-20,2739.22,2793.88,2721.07,2726.02,42174803.0,-0.013087536248674092,2.7737563467271746
2010-05-21,2656.42,2769.09,2647.6,2768.79,54475383.0,0.015689540062068463,2.8172753080515673
2010-05-24,2787.75,2886.37,2787.75,2873.47,74502338.0,0.03780712874576975,2.923788398335351
2010-05-25,2851.26,2855.33,2798.02,2813.94,55168327.0,-0.020717112063115217,2.8632159464382014
2010-05-26,2814.44,2839.03,2797.63,2813.94,39858564.0,0.0,2.8632159464382014
2010-05-27,2808.05,2866.87,2771.59,2859.98,53445209.0,0.016361400740598553,2.910062169944749
2010-05-28,2885.86,2893.69,2835.07,2850.3,51534989.0,-0.0033846390534199022,2.900212659876474
2010-05-31,2835.33,2857.42,2772.79,2773.26,46216854.0,-0.027028733817492934,2.8218235838785497
2010-06-01,2755.28,2782.29,2710.59,2744.16,44851426.0,-0.01049306592241639,2.7922140029914826
2010-06-02,2729.33,2757.91,2700.08,2757.53,39587020.0,0.004872164888344743,2.8058181300176024
2010-06-03,2769.1,2787.51,2735.7,2736.08,39587258.0,-0.007778700503711766,2.783992511116311
2010-06-04,2721.36,2748.48,2713.1,2744.39,32746291.0,0.0030371918949738674,2.7924480306067414
2010-06-07,2692.83,2716.4,2673.34,2695.72,39541993.0,-0.01773435991240313,2.7429257521952803
2010-06-08,2694.11,2720.59,2672.06,2699.34,35140182.0,0.0013428694374788552,2.746609143357177
2010-06-09,2711.64,2787.83,2687.33,2782.13,60209533.0,0.030670460186564164,2.8308489097365666
2010-06-10,2755.94,2776.26,2746.11,2750.02,42906334.0,-0.011541516751553682,2.7981766196237245
2010-06-11,2766.2,2782.1,2755.95,2758.87,40558585.0,0.003218158413393235,2.807181595254327
2010-06-17,2778.53,2784.92,2742.64,2742.73,32612356.0,-0.005850221286251234,2.7907589617313975
2010-06-18,2739.03,2755.84,2686.61,2696.17,41808344.0,-0.016975786898455136,2.7433836323120913
2010-06-21,2698.98,2784.47,2686.32,2780.66,55261482.0,0.03133704477091559,2.8293531680216524
2010-06-22,2772.89,2795.32,2766.44,2783.72,39096052.0,0.0011004581646083533,2.832466752815962
2010-06-23,2768.7,2788.22,2734.05,2758.5,35600350.0,-0.009059819234693123,2.806805116047171
2010-06-24,2753.71,2783.51,2739.81,2757.5,29220682.0,-0.00036251586006885717,2.805787604676482
2010-06-25,2744.12,2759.45,2715.66,2736.29,30671782.0,-0.007691749773345413,2.784206188504156
2010-06-28,2734.51,2751.46,2710.09,2716.78,27710044.0,-0.007130092205138938,2.764354541662003
2010-06-29,2717.47,2724.23,2591.69,2592.02,48758552.0,-0.04592201061550816,2.6374098230547722
2010-06-30,2572.91,2575.82,2546.84,2563.07,35698794.0,-0.011168895301733706,2.6079528688733093
2010-07-01,2557.92,2574.1,2524.57,2526.07,32857646.0,-0.014435813302016709,2.5703049481577955
2010-07-02,2523.03,2542.12,2462.2,2534.11,44914100.0,0.0031828096608566003,2.5784857395781398
2010-07-05,2507.35,2529.43,2476.49,2512.65,32178574.0,-0.008468456381135803,2.5566499455631417
2010-07-06,2504.87,2563.41,2502.93,2562.9,39714762.0,0.01999880604143045,2.6077798919402926
2010-07-07,2561.11,2580.61,2548.56,2580.48,35720909.0,0.006859417066604312,2.6256677418370153
2010-07-08,2591.51,2602.23,2564.64,2575.92,34056966.0,-0.0017671130952380265,2.6210278899866712
2010-07-09,2578.55,2662.16,2557.26,2647.1,58493045.0,0.027632845740550804,2.693454349352354
2010-07-12,2647.42,2689.81,2636.65,2676.22,58462491.0,0.011000717766612489,2.7230842804668343
2010-07-13,2649.66,2649.66,2618.34,2634.59,43228506.0,-0.015555522341212491,2.680725282105028
2010-07-14,2640.93,2684.62,2640.54,2653.61,46688860.0,0.007219339631593602,2.700078348375544
2010-07-15,2650.33,2680.44,2607.79,2608.52,40440459.0,-0.016991946819615578,2.6541987606711515
2010-07-16,2597.0,2621.33,2573.79,2616.13,35063302.0,0.0029173631024490554,2.6619420222020995
2010-07-19,2592.09,2691.94,2585.01,2682.47,53868070.0,0.025358067068532497,2.7294437265336455
2010-07-20,2685.46,2746.24,2685.46,2741.5,73128345.0,0.022005837903126713,2.789507422745451
2010-07-21,2744.7,2766.21,2733.72,2747.34,70757092.0,0.0021302206821083303,2.7954496891502782
2010-07-22,2738.03,2783.14,2734.07,2781.29,61064806.0,0.01235740752873693,2.829994200185189
2010-07-23,2787.52,2806.98,2769.44,2793.08,64518565.0,0.004239040157624663,2.841990659245619
2010-07-26,2798.76,2811.95,2775.78,2811.05,53580026.0,0.006433757715496924,2.8602753385769106
2010-07-27,2803.75,2812.21,2785.37,2795.72,49799884.0,-0.005453478237669285,2.8446768892642393
2010-07-28,2796.48,2866.4,2784.16,2863.72,79985954.0,0.024322893565879244,2.9138676624711297
2010-07-29,2866.77,2888.6,2852.0,2877.98,95965409.0,0.004979537105582965,2.928377374617163
2010-07-30,2871.48,2876.14,2844.68,2868.85,62575591.0,-0.0031723639497147627,2.919087495802767
2010-08-02,2868.28,2922.61,2867.45,2917.27,71743300.0,0.016877843038151097,2.968355396371556
2010-08-03,2925.25,2929.61,2865.76,2865.97,81748364.0,-0.017584933859395968,2.9161570630551807
2010-08-04,2858.35,2876.6,2818.25,2876.43,71318039.0,0.0036497241771547007,2.9268002319925936
2010-08-05,2874.66,2877.31,2833.67,2850.83,67157581.0,-0.008899921082730966,2.900751940902941
2010-08-06,2848.16,2898.53,2821.03,2897.66,74914895.0,0.016426795003560368,2.9484019983923333
2010-08-09,2894.1,2922.62,2888.04,2918.24,74726391.0,0.007102282531421977,2.9693423824011247
2010-08-10,2920.4,2925.3,2832.08,2832.64,78435034.0,-0.029332748505948802,2.8822434090700977
2010-08-11,2823.15,2864.36,2823.15,2850.21,54979133.0,0.006202694306371548,2.9001210838531137
2010-08-12,2822.79,2860.37,2810.1,2816.39,59893227.0,-0.011865792345125525,2.8657088492963925
2010-08-13,2818.41,2856.04,2799.22,2855.55,58507721.0,0.013904324330082263,2.9055545945725965
2010-08-16,2851.22,2927.69,2843.02,2922.08,81068043.0,0.023298488907565806,2.973249626064573
2010-08-17,2927.26,2949.73,2917.83,2942.29,76452912.0,0.006916306192848998,2.9938135308662095
2010-08-18,2945.98,2962.75,2924.67,2937.36,70747600.0,-0.0016755656308521383,2.98879719980871
2010-08-19,2940.77,2975.19,2928.01,2955.4,76924865.0,0.006141569300324168,3.00715310493595
2010-08-20,2943.33,2951.96,2892.64,2898.33,71663306.0,-0.019310414833863532,2.949083731010696
2010-08-23,2895.71,2920.54,2886.66,2896.19,48915517.0,-0.0007383562258265197,2.9469062566774205
2010-08-24,2892.13,2933.12,2866.8,2911.83,61093796.0,0.005400198191416905,2.962820134515005
2010-08-25,2893.99,2904.66,2842.25,2843.02,63610621.0,-0.023631187260245268,2.892805177097856
2010-08-26,2853.11,2868.88,2836.13,2850.09,48670442.0,0.002486792213913347,2.899998982488631
2010-08-27,2847.45,2861.07,2833.42,2858.57,40789582.0,0.002975344638239452,2.9086274789120785
2010-08-30,2874.25,2921.09,2872.92,2915.01,65749882.0,0.019744137803167305,2.9660558206737977
2010-08-31,2905.15,2910.06,2889.81,2903.19,65766104.0,-0.0040548745973427724,2.9540288362722467
2010-09-01,2907.66,2931.76,2859.17,2884.04,76975578.0,-0.006596192464151551,2.9345434935235413
2010-09-02,2917.74,2931.55,2903.03,2921.39,70700851.0,0.012950583209664135,2.972547543218796
2010-09-03,2926.94,2929.55,2891.88,2920.21,72641027.0,-0.0004039173133336682,2.971346879801383
2010-09-06,2935.89,2980.42,2935.89,2975.09,93855681.0,0.018793168984422293,3.027187903824826
2010-09-07,2979.3,2991.44,2959.9,2983.11,73519361.0,0.0026957167682322147,3.0353483450177565
2010-09-08,2970.0,2982.72,2953.84,2980.97,72872002.0,-0.0007173721384730047,3.0331708706844807
2010-09-09,2986.87,2986.87,2922.2,2926.46,81395554.0,-0.01828599415626453,2.9777063258681924
2010-09-10,2928.0,2940.79,2890.03,2932.55,65086704.0,0.002081012554417283,2.983902970115692
2010-09-13,2933.59,2977.08,2925.42,2962.32,67279900.0,0.010151574568208588,3.01419428362112
2010-09-14,2971.55,2984.47,2954.51,2965.01,70105903.0,0.0009080720516352336,3.0169313892082754
2010-09-15,2965.54,2965.54,2905.63,2913.19,71619642.0,-0.01747717545640659,2.964203949979142
2010-09-16,2908.32,2917.85,2834.03,2857.79,74074284.0,-0.019016953923362445,2.9078338200429394
2010-09-17,2864.72,2877.08,2847.68,2861.37,51938867.0,0.0012527162597670838,2.911476510750008
2010-09-20,2865.04,2872.22,2829.76,2849.83,50283104.0,-0.004033033127487817,2.8997344295322507
2010-09-21,2859.43,2869.38,2844.13,2857.48,35751881.0,0.0026843706466701533,2.907518391518026
2010-09-27,2869.93,2905.53,2864.21,2905.03,49071823.0,0.016640536416702822,2.955901057194315
2010-09-28,2900.54,2900.54,2875.66,2880.91,58660826.0,-0.008302840246056098,2.9313586829332823
2010-09-29,2877.27,2908.73,2866.85,2874.81,56782236.0,-0.0021173865202314124,2.925151863572076
2010-09-30,2859.06,2935.6,2857.42,2935.57,63000247.0,0.021135309811779024,2.9869758544551748
2010-10-08,2965.65,3055.84,2963.24,3044.23,99994720.0,0.037014957912773205,3.097538639994303
2010-10-11,3069.19,3154.2,3069.19,3132.9,158734904.0,0.02912723414459495,3.1877613732333474
2010-10-12,3121.64,3173.85,3106.22,3172.73,127361705.0,0.01271346037217902,3.2282888511279126
2010-10-13,3176.89,3221.65,3165.58,3217.58,144607773.0,0.014136091000494844,3.2739242361033396
2010-10-14,3245.13,3286.02,3215.03,3224.14,179611838.0,0.0020387993460924125,3.2805991106950634
2010-10-15,3204.72,3327.68,3199.12,3327.68,193414140.0,0.03211399008727911,3.3859522380162614
2010-10-18,3345.8,3390.01,3288.78,3306.16,217882051.0,-0.006466967977690197,3.364055393319022
2010-10-19,3300.52,3375.87,3280.0,3375.67,130441791.0,0.021024390834079476,3.434782608695654
2010-10-20,3304.22,3439.23,3301.01,3396.88,166528460.0,0.006283197113462036,3.4563640248679803
2010-10-21,3404.72,3418.09,3344.96,3374.69,123883245.0,-0.006532465085608008,3.4337854475523786
2010-10-22,3365.6,3408.49,3346.11,3378.66,116361857.0,0.0011764043512143552,3.4378249676940156
2010-10-25,3386.85,3481.35,3366.43,3481.08,145433105.0,0.030313793042211934,3.542038482280041
2010-10-26,3491.47,3499.82,3436.46,3466.08,142636999.0,-0.0043090075493812385,3.5267758117196975
2010-10-27,3451.43,3490.22,3398.1,3403.87,123761570.0,-0.017948229700410878,3.4634764293490994
2010-10-28,3390.43,3420.89,3371.44,3397.69,98349456.0,-0.0018155805010179327,3.4571882090782378
2010-10-29,3400.26,3404.6,3351.6,3379.98,100458970.0,-0.0052123648714274,3.4391680827033255
2010-11-01,3390.41,3473.0,3390.41,3473.0,126269148.0,0.0275208729045735,3.5338169904048695
2010-11-02,3484.23,3522.18,3449.72,3463.13,154911450.0,-0.002841923409156344,3.5237741531761637
2010-11-03,3462.74,3474.71,3419.08,3420.34,126359303.0,-0.012355874598989902,3.480234841624357
2010-11-04,3426.46,3480.93,3419.64,3480.5,116799481.0,0.01758889467128988,3.541448325685041
2010-11-05,3538.99,3554.47,3498.28,3520.8,137688027.0,0.011578796149978476,3.5824540339238307
2010-11-08,3534.19,3549.3,3506.38,3548.57,126470759.0,0.00788741195182907,3.61071032468788
2010-11-09,3547.44,3547.44,3498.62,3523.95,122454533.0,-0.006938006013690101,3.585659194741502
2010-11-10,3507.2,3508.27,3470.97,3499.11,120078578.0,-0.007048908185416813,3.560384212293574
2010-11-11,3490.74,3557.99,3484.89,3509.98,138976233.0,0.003106504225360185,3.5714445608929695
2010-11-12,3484.61,3497.06,3284.35,3291.83,160733850.0,-0.06215135128975091,3.3494744553770404
2010-11-15,3298.74,3319.98,3241.76,3314.89,102315724.0,0.007005222019363044,3.3729382675851416
2010-11-16,3311.62,3311.62,3155.48,3169.54,108307072.0,-0.043847608819598816,3.225042989855413
2010-11-17,3124.11,3168.93,3087.51,3103.91,83258080.0,-0.020706474756589266,3.158263718597057
2010-11-18,3134.94,3158.63,3097.39,3147.96,65697292.0,0.014191777467774669,3.2030850944759326
2010-11-19,3168.17,3178.85,3076.21,3178.85,83347654.0,0.009812704100433223,3.234516020716533
2010-11-22,3148.22,3200.47,3137.75,3171.94,83212776.0,-0.0021737420765370885,3.227485017145068
2010-11-23,3156.48,3156.48,3061.62,3107.18,77399591.0,-0.02041652742485678,3.1615909807792115
2010-11-24,3088.99,3177.41,3088.99,3177.04,75332083.0,0.022483409393726728,3.2326743251355845
2010-11-25,3197.97,3227.05,3172.28,3223.48,83442094.0,0.014617379699342736,3.279927553190408
2010-11-26,3214.13,3224.52,3170.36,3194.85,64467824.0,-0.008881705485996538,3.2507962026475656
2010-11-29,3183.54,3206.76,3159.46,3190.05,58994892.0,-0.001502417953894497,3.245912148068256
2010-11-30,3187.53,3205.78,3060.44,3136.99,85762355.0,-0.0166329681352958,3.191922994739467
2010-12-01,3127.26,3150.44,3111.65,3136.02,48882668.0,-0.00030921360922409047,3.1909360087098984
2010-12-02,3185.76,3194.23,3154.32,3155.06,61023908.0,0.00607138985083,3.2103094252078277
2010-12-03,3161.93,3171.38,3134.42,3158.16,50475354.0,0.0009825486678540774,3.213463710456965
2010-12-06,3168.88,3185.33,3140.55,3165.57,56362630.0,0.0023463029105557087,3.2210034697137755
2010-12-07,3152.73,3214.69,3112.22,3200.34,58483653.0,0.010983803864706765,3.2563823400726517
2010-12-08,3194.9,3215.28,3166.77,3171.88,59515663.0,-0.008892805139453897,3.2274239664628266
2010-12-09,3156.0,3175.05,3122.2,3123.37,66152965.0,-0.015293768995043977,3.1780644898706756
2010-12-10,3107.38,3172.16,3101.08,3161.98,57108105.0,0.01236164783551108,3.217350603893
2010-12-13,3176.34,3261.34,3173.56,3261.06,95713739.0,0.03133479655152782,3.3181656305009226
2010-12-14,3270.2,3279.37,3254.18,3269.47,84104241.0,0.002578916057968783,3.3267229011284214
2010-12-15,3270.78,3282.77,3242.52,3247.64,72269785.0,-0.006676923171033855,3.304510627906268
2010-12-16,3246.01,3258.39,3224.12,3230.67,56799625.0,-0.005225332857090037,3.287243459945666
2010-12-17,3229.3,3232.84,3212.58,3225.66,44919147.0,-0.0015507619162589137,3.282145727978511
2010-12-20,3239.02,3249.76,3118.0,3178.66,74759693.0,-0.014570661508032434,3.2343226935561016
2010-12-21,3184.7,3251.55,3168.89,3249.51,79852420.0,0.022289266546280606,3.3064133741694577
2010-12-22,3253.82,3263.45,3201.67,3215.45,69936258.0,-0.010481580299799176,3.2717569368837705
2010-12-23,3210.67,3237.64,3183.15,3188.61,61315847.0,-0.008347198681366463,3.244446931694463
2010-12-24,3170.64,3187.72,3139.45,3162.96,55137767.0,-0.00804425752914284,3.2183477650362753
2010-12-27,3176.11,3219.66,3092.26,3099.71,70017107.0,-0.01999709133216987,3.15399017084016
2010-12-28,3084.82,3095.36,3041.33,3044.93,56325749.0,-0.017672620987124632,3.0982508979537853
2010-12-29,3049.93,3062.56,3025.22,3061.83,45192775.0,0.0055502096928337075,3.115446840118439
2010-12-30,3063.05,3079.91,3027.9,3064.1,54281429.0,0.0007413866870467078,3.1177565909299045
2010-12-31,3069.05,3129.45,3067.11,3128.26,62566078.0,0.02093926438432181,3.183040120473348
2011-01-04,3155.56,3194.36,3143.6,3189.68,85410440.0,0.019633917896849873,3.2455356688611006
2011-01-05,3170.18,3193.78,3158.87,3175.66,79268810.0,-0.004395425246419671,3.231270159444033
2011-01-06,3177.84,3198.05,3152.57,3159.64,59681092.0,-0.005044620645787035,3.214969627285586
2011-01-07,3156.36,3209.9,3141.13,3166.62,84093233.0,0.0022091124305301246,3.2220718566529993
2011-01-10,3162.09,3182.78,3102.43,3108.19,65494406.0,-0.01845185086938117,3.162618667263608
2011-01-11,3096.25,3131.29,3084.51,3124.92,56985917.0,0.00538255383358166,3.179641632495245
2011-01-12,3135.18,3153.43,3099.41,3142.34,58498518.0,0.005574542708293384,3.197366680572657
2011-01-13,3153.99,3157.04,3127.16,3141.28,51936988.0,-0.0003373282331001759,3.196288118519726
2011-01-14,3129.67,3129.67,3083.51,3091.86,53351439.0,-0.015732440279121906,3.1460027065802474
2011-01-17,3067.43,3078.88,2968.61,2974.35,66807562.0,-0.03800624866585167,3.026434945410516
2011-01-18,2965.42,2984.47,2947.6,2977.65,42964564.0,0.0011094861062082018,3.029792732933792
2011-01-19,2978.46,3045.61,2967.24,3044.85,56571942.0,0.0225681325877789,3.0981694970441307
2011-01-20,3037.86,3037.86,2944.5,2944.71,61046643.0,-0.03288831962165617,2.9962759083832777
2011-01-21,2935.23,3030.26,2935.14,2983.46,73102966.0,0.013159190548475141,3.0357044739974985
2011-01-24,2986.09,2999.2,2943.92,2954.23,65472545.0,-0.009797349386283072,3.0059626166322424
2011-01-25,2949.65,2960.59,2919.16,2938.65,48982689.0,-0.005273793848143193,2.990109789476899
2011-01-26,2939.77,2982.32,2939.36,2978.43,43374979.0,0.013536828135368273,3.0305863918029297
2011-01-27,2953.59,3037.16,2935.27,3026.47,82585919.0,0.016129303022061947,3.0794676380508563
2011-01-28,3020.12,3047.27,3011.38,3036.74,63013589.0,0.003393392301922704,3.089917479827838
2011-01-31,3035.42,3076.55,3032.45,3076.51,67105914.0,0.013096280880154465,3.1303839070401627
2011-02-01,3083.49,3087.23,3062.83,3077.28,49862530.0,0.0002502836005733311,3.1311673907955937
2011-02-09,3055.4,3087.55,3031.75,3040.95,60394145.0,-0.011805880517860023,3.0942012026984416
2011-02-10,3034.08,3105.32,3024.35,3104.16,66603662.0,0.020786267449316886,3.1585180964397295
2011-02-11,3100.27,3133.5,3092.58,3120.96,75975553.0,0.00541209216019789,3.175612287467314
2011-02-14,3123.25,3227.43,3123.25,3219.14,121302331.0,0.031458269250487,3.275511553841616
2011-02-15,3223.22,3259.64,3215.62,3217.67,109554438.0,-0.00045664369987008513,3.2740158121267027
2011-02-16,3211.14,3248.85,3195.47,3248.53,91334283.0,0.009590790851765396,3.3054162130261826
2011-02-17,3255.63,3265.26,3218.91,3245.91,88964695.0,-0.0008065186407391067,3.3027503332349757
2011-02-18,3240.05,3242.37,3203.12,3211.88,75378684.0,-0.01048396289484299,3.26812442129041
2011-02-21,3192.15,3258.28,3189.85,3257.91,79399776.0,0.014331170529409576,3.3149604696832506
2011-02-22,3267.62,3269.05,3161.83,3163.58,107863741.0,-0.028954145449076263,3.218978622086104
2011-02-23,3152.44,3182.19,3145.99,3174.74,71324854.0,0.003527649055816484,3.2303340489829995
2011-02-24,3170.24,3195.69,3157.97,3190.94,66486893.0,0.005102780070179058,3.2468177331881707
2011-02-25,3190.87,3213.79,3159.85,3197.62,61619275.0,0.0020934270152368484,3.253614709144377
2011-02-28,3200.68,3241.6,3178.83,3239.56,76630663.0,0.013116005028740219,3.2962891360310977
2011-03-01,3241.71,3273.51,3235.75,3254.89,88566954.0,0.004732124115620628,3.3118875853437686
2011-03-02,3237.12,3257.42,3202.83,3243.3,80910641.0,-0.0035607962173835883,3.300094628557477
2011-03-03,3248.16,3271.64,3221.04,3221.72,101219997.0,-0.006653716893287864,3.2781367331779956
2011-03-04,3223.51,3273.66,3217.48,3270.67,80013915.0,0.015193747439256056,3.32794391477325
2011-03-07,3287.41,3337.47,3287.41,3334.51,118187197.0,0.019518936487019634,3.3929018406780727
2011-03-08,3335.71,3342.71,3311.72,3337.46,84878655.0,0.0008846877052399726,3.395903499221607
2011-03-09,3344.1,3355.49,3322.7,3338.86,78026361.0,0.00041948068291453033,3.3973280151405723
2011-03-10,3330.44,3330.44,3279.33,3280.26,78212642.0,-0.017550900606793873,3.337701848818164
2011-03-11,3263.08,3290.7,3240.18,3247.38,67208335.0,-0.01002359569058553,3.3042460749498908
2011-03-14,3238.91,3263.91,3230.11,3262.92,63689783.0,0.004785396227112271,3.3200582016504065
2011-03-15,3250.6,3250.6,3147.96,3203.96,96033979.0,-0.01806970443651701,3.2600657312345493
2011-03-16,3204.92,3250.88,3202.93,3248.2,78859520.0,0.013807912708023728,3.3050804342738553
2011-03-17,3216.29,3240.38,3185.08,3197.1,85687114.0,-0.01573178991441415,3.2530856032316184
2011-03-18,3228.92,3239.96,3205.14,3215.69,61340161.0,0.005814644521597634,3.2720011396127373
2011-03-21,3220.68,3236.28,3194.15,3207.11,59105037.0,-0.0026681676405374555,3.263270892052221
2011-03-22,3217.8,3227.8,3175.93,3222.96,57248684.0,0.004942144173414764,3.279398447277651
2011-03-23,3222.33,3267.0,3216.65,3264.93,72077585.0,0.013022190781145193,3.322103399505492
2011-03-24,3269.58,3273.37,3250.02,3251.36,61304244.0,-0.004156291252798594,3.308295770205235
2011-03-25,3256.18,3304.26,3254.68,3294.48,86895979.0,0.013262142611091932,3.3521708605093687
2011-03-28,3307.41,3328.07,3286.86,3290.57,97684300.0,-0.0011868337340035229,3.3481923910499725
2011-03-29,3288.56,3309.2,3256.34,3257.98,105280164.0,-0.00990405917515813,3.3150316954791994
2011-03-30,3256.72,3274.98,3233.11,3256.08,78336337.0,-0.0005831834449566697,3.3130984238748895
2011-03-31,3257.16,3264.96,3210.17,3223.29,64503880.0,-0.010070391390874955,3.279734226029978
2011-04-01,3227.56,3272.77,3220.91,3272.73,63094722.0,0.015338365458894554,3.3300399881968707
2011-04-06,3269.19,3315.3,3268.76,3311.07,105823674.0,0.011714990237508216,3.3690513741491093
2011-04-07,3313.47,3330.8,3302.82,3324.42,84681762.0,0.004031929255497335,3.3826351509478148
2011-04-08,3321.54,3353.89,3314.09,3353.36,73929210.0,0.008705277913139797,3.412081930015571
2011-04-11,3363.37,3380.53,3331.17,3333.43,104420545.0,-0.005943292697473623,3.391802928397728
2011-04-12,3324.75,3350.16,3307.48,3326.77,101938506.0,-0.00199794205968018,3.3850263026689356
2011-04-13,3311.32,3372.03,3296.51,3372.03,87036338.0,0.013604787827231846,3.4310788673063457
2011-04-14,3374.32,3378.7,3347.49,3353.56,88972241.0,-0.005477412715782504,3.412285432289709
2011-04-15,3345.13,3378.11,3323.56,3358.94,78514874.0,0.0016042653180501354,3.417759643464019
2011-04-18,3346.15,3372.9,3335.6,3359.44,86582624.0,0.00014885648448625943,3.418268399149364
2011-04-19,3334.91,3334.91,3290.74,3295.81,85106933.0,-0.01894065677612944,3.3535241506323867
2011-04-20,3300.42,3311.73,3281.83,3295.76,72343318.0,-1.5170777441619876e-05,3.3534732750638523
2011-04-21,3312.27,3330.24,3301.94,3317.37,73240424.0,0.006556909483700135,3.375461695784453
2011-04-22,3317.08,3325.46,3291.64,3299.94,67171455.0,-0.005254162182692812,3.3577264725933342
2011-04-25,3292.48,3292.48,3247.69,3249.57,74421829.0,-0.01526391388934345,3.3064744248517006
2011-04-26,3242.53,3257.8,3216.21,3230.96,59096417.0,-0.005726911560606562,3.2875385382431674
2011-04-27,3242.62,3256.41,3189.04,3209.5,62443567.0,-0.006641988758758988,3.2657027442281694
2011-04-28,3224.41,3237.19,3160.41,3161.78,65050235.0,-0.014868359557563382,3.2171471016188637
2011-04-29,3161.16,3193.6,3147.14,3192.72,53683065.0,0.009785627083478188,3.2486289034279987
2011-05-03,3192.85,3212.05,3164.93,3211.13,54998910.0,0.005766243203287669,3.267361287762394
2011-05-04,3192.84,3193.45,3120.96,3129.03,66716340.0,-0.025567323652421425,3.1838236042287806
2011-05-05,3115.0,3136.9,3105.85,3126.12,52567747.0,-0.0009300006711345787,3.1808626461400737
2011-05-06,3093.81,3141.68,3083.91,3121.4,55352186.0,-0.00150985886658217,3.176059992470419
2011-05-09,3126.26,3149.94,3118.14,3129.76,46027404.0,0.0026782853847633348,3.1845663875293844
2011-05-10,3135.15,3153.3,3121.75,3153.22,40932995.0,0.007495782424211228,3.208437204285761
2011-05-11,3153.65,3164.65,3127.49,3145.09,47688533.0,-0.0025783167682558172,3.200164836842055
2011-05-12,3123.16,3142.4,3101.14,3101.6,48799501.0,-0.013827903176061862,3.1559132673307655
2011-05-13,3105.3,3128.44,3080.19,3128.09,46895951.0,0.00854075315965952,3.182867143540332
2011-05-16,3120.44,3137.6,3098.78,3100.46,45194319.0,-0.008832866062037925,3.154753304368179
2011-05-17,3097.07,3136.23,3076.95,3116.03,51203731.0,0.005021835469575464,3.1705959564098154
2011-05-18,3109.29,3145.7,3106.55,3139.38,39641768.0,0.007493509369293605,3.1943548469154166
2011-05-19,3148.35,3154.94,3118.62,3120.64,43110782.0,-0.005969331524058985,3.175286683828694
2011-05-20,3120.58,3133.43,3113.27,3121.6,38468012.0,0.00030762920426585794,3.176263494744556
2011-05-23,3115.31,3115.31,3021.45,3022.98,55902472.0,-0.03159277293695539,3.075916523367151
2011-05-24,3013.72,3029.75,2999.89,3026.22,41608944.0,0.0010717900879264608,3.079213260208185
2011-05-25,3020.32,3030.99,2988.09,2990.34,39289704.0,-0.011856375280052234,3.0427049522278438
2011-05-26,3011.47,3021.2,2977.6,2978.38,37003747.0,-0.003999545202217791,3.0305355162343965
2011-05-27,2980.72,2996.61,2962.07,2963.31,42770905.0,-0.0050597976080957174,3.0152016198781046
2011-05-30,2956.58,2982.58,2942.36,2954.51,34671160.0,-0.0029696521794884134,3.0062475198160366
2011-05-31,2958.61,3001.73,2946.15,3001.56,39689399.0,0.015924806482292997,3.05412142980698
2011-06-01,2996.09,3006.56,2985.71,3004.17,38419327.0,0.0008695478351257169,3.05677713448448
2011-06-02,2970.63,2984.49,2923.02,2955.71,52617867.0,-0.016130911366533884,3.0074685334608633
2011-06-03,2951.58,2993.9,2951.2,2986.35,39076164.0,0.010366375591651433,3.0386450818587916
2011-06-07,2977.68,3006.57,2974.36,3004.26,36852332.0,0.005997287658847883,3.056868710507842
2011-06-08,3003.58,3012.81,2965.92,3008.65,42908758.0,0.0014612583464812534,3.061335585425169
2011-06-09,3000.4,3004.06,2951.89,2951.89,47496636.0,-0.018865604174629902,3.0035816400248287
2011-06-10,2947.93,2964.08,2925.87,2961.93,42201882.0,0.0034012107497229938,3.0137974541865518
2011-06-13,2940.39,2957.52,2921.75,2950.35,38351668.0,-0.003909612988828193,3.0020146725139667
2011-06-14,2947.66,3000.53,2943.53,2993.56,55982815.0,0.014645719999322182,3.045981338841463
2011-06-15,2984.96,2999.15,2963.11,2963.12,44390852.0,-0.010168495036010694,3.0150082927176727
2011-06-16,2939.68,2946.81,2915.4,2917.58,41135482.0,-0.015368935446421372,2.9686708248964697
2011-06-17,2916.41,2934.06,2891.01,2892.16,41176530.0,-0.008712700251578442,2.9428056858535405
2011-06-20,2888.94,2896.08,2862.41,2874.9,37991982.0,-0.005967857933171006,2.9252434395954388
2011-06-21,2883.35,2909.57,2877.05,2909.07,42038923.0,0.011885630804549852,2.9600118031319016
2011-06-22,2913.67,2921.03,2894.18,2908.58,37318802.0,-0.00016843871065330696,2.9595132225602634
2011-06-23,2899.01,2966.54,2888.68,2957.63,45941117.0,0.016863899222300915,3.0094221552925866
2011-06-24,2946.61,3047.94,2944.05,3027.47,85459240.0,0.02361350135074347,3.0804851494215453
2011-06-27,3028.5,3056.02,3019.24,3036.49,65615771.0,0.002979385427436032,3.089663101985165
2011-06-28,3040.18,3046.8,3014.0,3041.73,55766254.0,0.0017256766859103934,3.0949948615675784
2011-06-29,3039.05,3043.81,2999.95,3000.17,53476848.0,-0.013663277148201813,3.05270708900172
2011-06-30,3003.23,3058.63,3003.23,3044.09,62502549.0,0.014639170447008132,3.0973961884024064
2011-07-01,3052.12,3071.21,3034.07,3049.75,56766653.0,0.0018593405582620903,3.103155302760509
2011-07-04,3064.94,3124.58,3064.94,3121.98,80464031.0,0.02368390851709168,3.176650149065417
2011-07-05,3122.9,3128.53,3105.09,3122.5,67763335.0,0.0001665609645160604,3.177179254978175
2011-07-06,3116.12,3116.12,3084.83,3113.71,61555807.0,-0.002815052041633348,3.168235330029814
2011-07-07,3123.29,3140.1,3101.1,3101.68,71810360.0,-0.003863558263293654,3.1559946682404183
2011-07-08,3105.49,3124.39,3093.37,3109.18,51282593.0,0.002418044414639775,3.16362600352059
2011-07-11,3097.87,3121.0,3086.26,3113.21,47920660.0,0.0012961616889342054,3.1677265743444694
2011-07-12,3089.14,3090.1,3054.8,3056.91,57107984.0,-0.0180842281760627,3.1104406841746464
2011-07-13,3060.42,3108.5,3060.42,3106.25,54114367.0,0.01614048172828131,3.16064469520447
2011-07-14,3112.59,3126.15,3092.47,3115.75,60314935.0,0.003058350100603624,3.170311053226021
2011-07-15,3105.5,3130.77,3097.34,3128.89,61550322.0,0.004217283158148177,3.183681152636882
2011-07-18,3131.8,3137.92,3113.67,3122.6,60691311.0,-0.0020102975815704527,3.1772810061152446
2011-07-19,3108.47,3109.92,3088.38,3095.13,53388709.0,-0.008797156215973767,3.1493299687624026
2011-07-20,3113.71,3119.54,3071.85,3091.57,44118331.0,-0.0011501940144679201,3.1457076282827474
2011-07-21,3092.27,3099.28,3058.25,3059.14,44084691.0,-0.010489815854080708,3.1127097345312844
2011-07-22,3066.19,3083.19,3059.6,3067.99,37257255.0,0.00289296991965049,3.1217147101618865
2011-07-25,3050.9,3050.9,2958.88,2968.29,67180996.0,-0.032496846469512564,3.020268826504137
2011-07-26,2965.72,2980.86,2957.61,2977.77,43515457.0,0.003193758022295601,3.029914834298274
2011-07-27,2961.58,3002.69,2951.52,3000.05,48385612.0,0.007482109095061196,3.0525849876372377
2011-07-28,2973.64,2984.38,2956.71,2981.0,48138984.0,-0.00634989416843057,3.0332013960256012
2011-07-29,2981.02,2995.97,2948.08,2972.08,46298253.0,-0.0029922844682992444,3.0241251945990504
2011-08-01,2969.11,2991.05,2958.83,2977.72,33886949.0,0.001897660897418607,3.0298639587297393
2011-08-02,2958.85,2958.85,2919.01,2956.38,38978357.0,-0.007166556963045467,3.008150266079224
2011-08-03,2930.19,2969.13,2927.1,2954.87,38668362.0,-0.0005107597805424913,3.0066138239094826
2011-08-04,2962.91,2983.01,2951.84,2960.31,32985719.0,0.0018410285393266612,3.0121490857660342
2011-08-05,2881.74,2916.41,2868.16,2897.42,49316854.0,-0.021244396701696755,2.9481577956633673
2011-08-08,2864.51,2888.77,2747.97,2793.9,71517766.0,-0.035728337624507334,2.842825018569583
2011-08-09,2720.95,2812.77,2697.06,2798.19,69842676.0,0.0015354880274884852,2.8471901423498416
2011-08-10,2845.35,2858.55,2820.12,2824.12,58659312.0,0.009266704548297255,2.873574212191822
2011-08-11,2779.72,2867.31,2777.76,2866.92,58997689.0,0.015155163378326675,2.9171236988573352
2011-08-12,2881.55,2894.22,2868.87,2875.37,57197406.0,0.002947413949464961,2.925721669939662
2011-08-15,2883.17,2917.88,2870.19,2917.88,59875476.0,0.014784184296281921,2.968976078307676
2011-08-16,2920.83,2932.14,2888.33,2897.58,50962681.0,-0.006957105843969025,2.9483205974826774
2011-08-17,2893.85,2910.84,2881.63,2886.01,39178179.0,-0.00399298725143038,2.9365479909237995
2011-08-18,2887.1,2890.0,2832.27,2834.25,40768883.0,-0.01793479579072843,2.883881602376907
2011-08-19,2789.35,2814.1,2782.56,2807.66,43259650.0,-0.00938167063597073,2.8568259750302714
2011-08-22,2809.33,2829.69,2768.42,2777.79,34209685.0,-0.010638752555508835,2.826432910387774
2011-08-23,2788.7,2821.0,2777.29,2821.0,32620514.0,0.01555553155566125,2.8703995767152706
2011-08-24,2834.58,2845.47,2804.82,2810.02,35301565.0,-0.003892236795462578,2.8592273018650993
2011-08-25,2818.7,2904.44,2815.91,2903.84,72216845.0,0.033387662721261924,2.954690218663195
2011-08-26,2889.38,2907.4,2876.83,2901.22,45604102.0,-0.0009022535676898036,2.952024338871988
2011-08-29,2875.78,2875.78,2847.48,2852.81,44267850.0,-0.016686083785441896,2.9027666134169063
2011-08-30,2875.14,2901.73,2838.33,2841.74,43137872.0,-0.003880384603250908,2.8915027625433725
2011-08-31,2843.99,2855.3,2823.77,2846.78,32107899.0,0.00177356126880035,2.8966310198516485
2011-09-01,2852.39,2869.25,2825.96,2834.53,30118702.0,-0.004303107370432602,2.8841665055607013
2011-09-02,2828.84,2836.62,2790.77,2803.85,29317116.0,-0.010823663887840396,2.8529492567079453
2011-09-05,2780.83,2780.83,2743.38,2743.82,32005660.0,-0.02140984717442085,2.791868049125451
2011-09-06,2727.75,2745.36,2711.07,2723.3,29713982.0,-0.007478624691124036,2.770988715798901
2011-09-07,2738.79,2779.21,2730.05,2779.09,33265381.0,0.02048617486138138,2.827755675169672
2011-09-08,2788.83,2789.11,2755.8,2756.11,26838735.0,-0.008268893774580843,2.8043732638712258
2011-09-09,2770.15,2796.35,2739.62,2751.1,27073503.0,-0.0018177794064824226,2.7992755319040707
2011-09-13,2712.44,2726.19,2698.66,2720.28,26713764.0,-0.011202791610628315,2.7679158314594186
2011-09-14,2729.26,2736.91,2677.13,2733.11,30424780.0,0.0047164262502388254,2.7809705023453652
2011-09-15,2734.55,2754.19,2728.91,2729.05,31171925.0,-0.00148548722883457,2.7768394061803656
2011-09-16,2744.22,2755.89,2729.0,2733.99,27555932.0,0.0018101537164945114,2.7818659123515714
2011-09-19,2718.32,2718.32,2678.79,2679.27,29090941.0,-0.02001470378457848,2.7261876901474387
2011-09-20,2675.04,2702.28,2664.1,2689.85,25598681.0,0.003948836810026668,2.7369529604493343
2011-09-21,2691.7,2778.35,2677.35,2771.01,56194171.0,0.030172686209268385,2.8195341832945005
2011-09-22,2745.15,2754.92,2684.94,2685.69,47102660.0,-0.030790217285394217,2.7327201131472663
2011-09-23,2644.29,2681.23,2631.43,2669.48,42592224.0,-0.006035692875946186,2.7162262538283883
2011-09-26,2645.25,2679.56,2603.11,2610.92,39175124.0,-0.021936856616269762,2.6566407879608076
2011-09-27,2634.93,2652.56,2613.42,2637.88,35021974.0,0.010325862148208298,2.6840728945145984
2011-09-28,2654.83,2660.1,2602.63,2610.59,34169555.0,-0.010345428905029763,2.6563050092084803
2011-09-29,2593.56,2615.14,2577.29,2588.19,37093593.0,-0.008580435840174094,2.633512754505034
2011-09-30,2595.58,2607.57,2572.19,2581.35,32050822.0,-0.0026427735212639636,2.626552976729517
2011-10-10,2588.35,2595.32,2552.28,2557.08,28325122.0,-0.00940205706316466,2.601857975762881
2011-10-11,2625.16,2635.69,2526.65,2551.99,45029848.0,-0.001990551723059175,2.596678842886071
2011-10-12,2537.4,2647.01,2523.34,2644.76,65945680.0,0.03635202332297549,2.6910733727449423
2011-10-13,2636.86,2672.91,2629.41,2662.6,60426201.0,0.006745413572498027,2.709225775598044
2011-10-14,2655.36,2665.44,2629.88,2653.78,38336948.0,-0.00331255164125277,2.7002513253085625
2011-10-17,2658.95,2687.1,2653.38,2666.95,36158315.0,0.00496273240434375,2.7136519500605436
2011-10-18,2646.84,2651.73,2589.21,2592.21,39373448.0,-0.028024522394495488,2.6376031502152055
2011-10-19,2599.92,2617.41,2580.66,2583.08,31116166.0,-0.0035220911885996964,2.6283132714008097
2011-10-20,2566.6,2570.1,2500.49,2520.53,39842462.0,-0.02421527788531508,2.5646679351641777
2011-10-21,2522.26,2538.12,2504.69,2507.88,29843503.0,-0.005018785731572328,2.5517964163249545
2011-10-24,2517.06,2581.13,2501.96,2576.67,46345801.0,0.027429542083353242,2.6217910235146897
2011-10-25,2572.71,2633.97,2560.05,2625.43,57967375.0,0.018923649516624064,2.671404877949513
2011-10-26,2613.27,2679.66,2611.01,2651.65,73098240.0,0.009986935473427216,2.6980840260889933
2011-10-27,2658.43,2672.84,2647.3,2657.48,48820391.0,0.002198631041049781,2.7040161173801134
2011-10-28,2694.54,2729.14,2689.38,2709.02,71643105.0,0.01939431340969633,2.7564586534254536
2011-10-31,2704.53,2709.32,2680.99,2695.31,50407112.0,-0.005060870720777322,2.7425085725332994
2011-11-01,2672.51,2726.09,2669.05,2697.53,55206651.0,0.0008236529378811142,2.7447674477762307
2011-11-02,2658.55,2742.94,2653.72,2742.39,64361584.0,0.016630028210992798,2.790413007865364
2011-11-03,2752.63,2781.04,2743.2,2744.3,84820760.0,0.0006964727846878738,2.792356454583381
2011-11-04,2770.57,2781.99,2748.98,2763.75,61958218.0,0.00708741755638953,2.812147050743293
2011-11-07,2750.99,2769.3,2733.17,2736.25,45375056.0,-0.00995024875621886,2.78416548804933
2011-11-08,2745.06,2756.09,2723.69,2727.71,47884252.0,-0.0031210598446779203,2.7754759409436414
2011-11-09,2739.15,2755.81,2710.05,2751.65,46877960.0,0.008776592819617957,2.7998351631579497
2011-11-10,2720.84,2729.57,2698.31,2699.59,51173702.0,-0.018919557356495198,2.7468635211998507
2011-11-11,2705.24,2713.91,2685.1,2695.0,36636696.0,-0.0017002581873544198,2.7421931440083855
2011-11-14,2717.54,2751.88,2714.86,2750.2,46390943.0,0.020482374768088896,2.7983597716704494
2011-11-15,2746.77,2754.0,2732.91,2744.68,41759864.0,-0.0020071267544178317,2.792743108904243
2011-11-16,2745.86,2746.29,2659.15,2670.12,55949239.0,-0.027165279741172,2.716877461105629
2011-11-17,2671.95,2687.83,2660.65,2662.02,35247652.0,-0.003033571524875267,2.7086356190030436
2011-11-18,2643.67,2646.21,2601.18,2606.5,42414718.0,-0.020856342176242104,2.652143387702359
2011-11-21,2608.56,2613.26,2587.74,2609.69,27971896.0,0.0012238634183772135,2.655389248974859
2011-11-22,2592.23,2611.15,2580.78,2609.48,29069078.0,-8.046932777461269e-05,2.655175571587014
2011-11-23,2613.29,2617.09,2578.16,2584.01,28531412.0,-0.009760565323359338,2.629259556975551
2011-11-24,2565.69,2604.24,2557.7,2588.92,30319601.0,0.0019001474452498002,2.6342555378056365
2011-11-25,2585.14,2598.39,2563.65,2569.97,23913766.0,-0.007319654527756847,2.614973697331069
2011-11-28,2578.34,2589.35,2562.49,2573.32,25666936.0,0.0013035171616790908,2.6183823604228795
2011-11-29,2595.09,2609.19,2580.29,2608.57,30025878.0,0.013698257503924838,2.654249636239687
2011-11-30,2600.1,2601.9,2507.18,2521.52,42352645.0,-0.03337077402561561,2.56567527142116
2011-12-01,2596.15,2630.66,2577.72,2583.61,63520252.0,0.024624036295567864,2.6288525524272757
2011-12-02,2570.56,2575.69,2543.53,2557.31,32183703.0,-0.010179554963791082,2.60209200337814
2011-12-05,2561.2,2561.2,2517.18,2521.39,32063388.0,-0.014046009283192107,2.5655429949429704
2011-12-06,2515.04,2525.67,2499.57,2516.34,26297581.0,-0.002002863499894758,2.5604045625209886
2011-12-07,2517.34,2534.53,2509.78,2528.23,23261839.0,0.00472511663765629,2.5725027727184875
2011-12-08,2525.04,2549.1,2494.69,2525.0,27777744.0,-0.0012775736384743608,2.56921621099116
2011-12-09,2506.62,2525.16,2496.97,2503.46,24029059.0,-0.008530693069306872,2.547299016066507
2011-12-12,2497.92,2502.05,2476.12,2477.69,21901249.0,-0.010293753445231757,2.521077748043837
2011-12-13,2467.02,2472.66,2418.67,2421.93,35717534.0,-0.022504833130859936,2.4643413140141863
2011-12-14,2415.94,2433.55,2392.3,2397.48,25320109.0,-0.010095254610992033,2.4394631610008264
2011-12-15,2382.44,2384.47,2340.45,2340.79,36750834.0,-0.023645661277674868,2.381780441396435
2011-12-16,2339.98,2390.38,2332.14,2390.13,36302339.0,0.021078353889071755,2.4319844524262586
2011-12-19,2370.42,2387.89,2321.66,2384.41,37909752.0,-0.00239317526661742,2.426164287385914
2011-12-20,2376.71,2412.57,2373.86,2377.07,32402327.0,-0.0030783296496825763,2.418695753925053
2011-12-21,2397.27,2404.77,2337.69,2339.11,31209525.0,-0.015969239441833816,2.380071022293677
2011-12-22,2325.27,2358.47,2294.61,2341.34,36683858.0,0.00095335405346475,2.3823400726503148
2011-12-23,2337.38,2382.71,2331.96,2359.16,33161904.0,0.007611026164503931,2.4004721252760026
2011-12-26,2345.55,2369.82,2334.79,2335.7,28224087.0,-0.009944217433323743,2.3766013085196254
2011-12-27,2332.83,2346.38,2302.41,2305.03,29277314.0,-0.013130967161878448,2.345394234780577
2011-12-28,2295.87,2309.65,2267.11,2307.93,32882020.0,0.0012581181155992827,2.3483450177555767
2011-12-29,2297.29,2323.49,2293.87,2311.36,30887700.0,0.0014861802567669447,2.351835081757042
2011-12-30,2318.67,2349.03,2318.67,2345.74,35865243.0,0.014874359684341476,2.386817122681349
2012-01-04,2361.5,2365.99,2298.3,2298.75,34344567.0,-0.02003205811385733,2.3390042633726464
2012-01-05,2290.78,2316.66,2272.15,2276.39,43016480.0,-0.009727025557368152,2.3162527091240275
2012-01-06,2274.35,2291.89,2254.57,2290.6,35198992.0,0.006242339845105693,2.3307115457015266
2012-01-09,2291.18,2368.89,2271.72,2368.57,54727341.0,0.03403911638871926,2.4100469072741926
2012-01-10,2365.77,2449.96,2361.28,2447.35,81154989.0,0.03326057494606438,2.4902064530571164
2012-01-11,2444.76,2453.15,2423.32,2435.61,58705674.0,-0.00479702535395421,2.478260869565221
2012-01-12,2426.82,2464.38,2423.32,2435.22,47121275.0,-0.00016012415780863876,2.4778640401306515
2012-01-13,2438.41,2445.79,2374.54,2394.33,45513997.0,-0.016791090743341397,2.4362580001831553
2012-01-16,2376.95,2394.5,2345.63,2345.65,30527145.0,-0.020331366185947553,2.386725546657987
2012-01-17,2347.57,2462.43,2329.25,2460.6,64205648.0,0.04900560612197036,2.503688478718753
2012-01-18,2464.92,2485.5,2414.53,2422.19,63892358.0,-0.015610013817767943,2.464605866970567
2012-01-19,2423.86,2480.21,2414.99,2468.35,55615726.0,0.019057134246281304,2.5115741918415977
2012-01-20,2476.73,2510.34,2462.59,2504.09,54529783.0,0.014479308039783811,2.547940048230043
2012-01-30,2508.88,2508.88,2460.4,2460.72,43517148.0,-0.017319665028014297,2.503810580083236
2012-01-31,2462.34,2472.84,2447.77,2464.26,30701501.0,0.0014386033356093009,2.507412570335478
2012-02-01,2458.23,2481.66,2423.45,2428.99,35015374.0,-0.014312613117122508,2.4715249442912564
2012-02-02,2437.47,2486.24,2429.71,2486.24,42066985.0,0.023569467144780365,2.5297774702632343
2012-02-03,2478.34,2514.65,2470.28,2506.09,49949240.0,0.007983943625716083,2.5499750709714224
2012-02-06,2511.17,2520.76,2488.71,2504.32,45079905.0,-0.0007062795031304026,2.548174075845302
2012-02-07,2489.03,2489.03,2441.7,2457.95,39679164.0,-0.018516004344492853,2.5009920735864264
2012-02-08,2456.42,2534.16,2451.0,2528.24,56186456.0,0.028597001566345925,2.572512947832196
2012-02-09,2525.59,2546.02,2513.13,2529.23,59299751.0,0.0003915767490429989,2.573520284089179
2012-02-10,2521.68,2560.03,2521.16,2533.62,61575877.0,0.0017357061239982041,2.5779871590065064
2012-02-13,2504.41,2553.45,2496.3,2531.98,51913973.0,-0.0006472951744933564,2.5763184403585755
2012-02-14,2528.97,2533.26,2506.54,2522.11,40430101.0,-0.0038981350563590533,2.5662756031298692
2012-02-15,2515.83,2562.07,2511.29,2549.61,58090370.0,0.01090356883720367,2.5942571658238323
2012-02-16,2544.64,2559.35,2519.04,2536.07,54395431.0,-0.005310616133447854,2.5804800618646957
2012-02-17,2551.81,2558.35,2522.86,2537.09,38994716.0,0.00040219710023770006,2.581517923462799
2012-02-20,2571.91,2574.75,2539.9,2540.71,56153329.0,0.001426831527458594,2.5852013146246953
2012-02-21,2544.84,2562.91,2520.79,2562.45,47894808.0,0.008556663294905675,2.607322011823486
2012-02-22,2564.31,2598.86,2560.34,2597.48,76376656.0,0.013670510644110179,2.6429654351387417
2012-02-23,2595.78,2614.54,2590.52,2606.26,70377126.0,0.0033801992700617234,2.651899184973396
2012-02-24,2607.34,2648.02,2602.78,2648.02,85999708.0,0.01602296010375004,2.694390459813392
2012-02-27,2658.12,2693.84,2656.57,2656.57,101514034.0,0.0032288275768310726,2.703090182032788
2012-02-28,2652.34,2671.83,2641.46,2662.46,77592536.0,0.0022171446639840386,2.7090833240061496
2012-02-29,2655.86,2666.65,2631.78,2634.14,59120206.0,-0.01063677951969233,2.680267401988221
2012-03-01,2622.74,2647.78,2621.86,2633.35,42148441.0,-0.0002999081294084993,2.679463568005376
2012-03-02,2637.96,2679.93,2637.96,2679.93,64122034.0,0.017688495642432578,2.7268592476520963
2012-03-05,2687.74,2694.61,2660.96,2662.7,71395458.0,-0.006429272406368813,2.709327526735115
2012-03-06,2654.8,2657.96,2615.6,2621.05,62447148.0,-0.015642017501032668,2.666948178145895
2012-03-07,2596.48,2628.59,2594.13,2603.0,56948733.0,-0.006886553098948922,2.6485820979049484
2012-03-08,2612.4,2645.95,2612.4,2635.79,57549413.0,0.012597003457548883,2.681946295749859
2012-03-09,2644.1,2664.41,2631.41,2664.3,55258921.0,0.010816491450381216,2.710955544928219
2012-03-12,2663.24,2666.43,2636.42,2654.4,62327216.0,-0.003715797770521334,2.7008821823583924
2012-03-13,2653.68,2681.33,2649.17,2681.07,58404469.0,0.010047468354430489,2.7280192106146837
2012-03-14,2694.48,2705.75,2595.34,2605.11,108426540.0,-0.02833197193657755,2.650729046897104
2012-03-15,2602.66,2618.25,2575.44,2585.55,72565960.0,-0.007508320186095818,2.630826524486416
2012-03-16,2591.8,2624.32,2577.25,2623.52,58091259.0,0.014685463441047375,2.669461431231499
2012-03-19,2617.66,2631.04,2598.63,2630.01,57646625.0,0.002473775690675195,2.6760650800272745
2012-03-20,2622.66,2622.66,2584.02,2584.45,58114065.0,-0.017323128048942982,2.6297072619786572
2012-03-21,2597.38,2613.27,2569.08,2587.79,58002544.0,0.0012923445994312832,2.6331057499567607
2012-03-22,2586.94,2599.24,2570.45,2583.75,44926777.0,-0.0015611776844334235,2.628995004019175
2012-03-23,2575.33,2578.83,2544.52,2552.94,43329256.0,-0.011924528301886728,2.5976454786882295
2012-03-26,2551.43,2562.93,2540.7,2555.44,31816211.0,0.0009792631240843619,2.600189257114953
2012-03-27,2565.55,2571.9,2544.37,2547.14,35944604.0,-0.0032479729518205547,2.5917439127382296
2012-03-28,2538.46,2540.42,2471.03,2474.9,50005790.0,-0.028361220820213973,2.518238891319615
2012-03-29,2463.69,2476.48,2429.73,2443.12,46131304.0,-0.01284092286557037,2.4859023799591005
2012-03-30,2447.94,2461.98,2438.49,2454.9,37027086.0,0.004821703395658128,2.4978886639058238
2012-04-05,2449.21,2517.39,2441.27,2512.83,54331687.0,0.02359770255407545,2.5568330976098705
2012-04-06,2509.45,2525.53,2502.7,2519.83,42368576.0,0.0027857037682612606,2.5639556772046976
2012-04-09,2510.53,2518.38,2491.59,2495.15,35370986.0,-0.009794311521015286,2.5388434965760793
2012-04-10,2490.28,2519.81,2459.35,2519.79,41335905.0,0.009875157806143786,2.56391497674987
2012-04-11,2494.52,2541.13,2489.33,2520.04,42510310.0,9.921461709105905e-05,2.564169354592542
2012-04-12,2522.83,2570.84,2516.57,2570.44,56488409.0,0.01999968254472151,2.6154519276752963
2012-04-13,2575.05,2593.79,2570.03,2580.45,53092643.0,0.003894274910132056,2.6256372164958988
2012-04-16,2564.23,2586.2,2559.78,2574.04,40839700.0,-0.002484062857253555,2.6191149686097788
2012-04-17,2572.36,2578.76,2541.53,2541.88,37815467.0,-0.012493978337554945,2.5863918029284023
2012-04-18,2550.91,2602.11,2546.0,2599.91,58688408.0,0.022829559223881413,2.6454379877695176
2012-04-19,2598.33,2606.86,2585.3,2596.06,46448109.0,-0.0014808204899400268,2.641520568992363
2012-04-20,2591.51,2627.38,2589.35,2626.84,61446379.0,0.011856428587937229,2.672839568982188
2012-04-23,2624.75,2632.09,2599.11,2606.04,58664938.0,-0.007918259201169509,2.651675332471845
2012-04-24,2594.8,2640.29,2559.46,2604.87,71139558.0,-0.00044895703826497435,2.650484844168138
2012-04-25,2598.23,2631.44,2593.33,2625.99,62468053.0,0.008107890221008995,2.6719746843171017
2012-04-26,2632.72,2643.77,2617.09,2631.49,58965667.0,0.002094448189063902,2.677570996855894
2012-04-27,2630.55,2637.92,2623.6,2626.16,48233586.0,-0.002025468460833957,2.6721476612501185
2012-05-02,2660.67,2697.95,2643.53,2683.49,80148654.0,0.021830353063027275,2.730481588131751
2012-05-03,2679.52,2693.88,2675.81,2691.52,59361090.0,0.0029923718739404137,2.7386522044383885
2012-05-04,2689.62,2716.03,2677.14,2715.88,63218086.0,0.009050647961003522,2.7634387814283867
2012-05-07,2699.45,2717.78,2694.32,2717.78,68547314.0,0.0006995890834646801,2.765372053032697
2012-05-08,2717.41,2717.83,2683.56,2709.12,63110840.0,-0.003186424213880601,2.756560404562525
2012-05-09,2685.19,2685.19,2655.32,2657.51,58400283.0,-0.01905046657217091,2.704046642721237
2012-05-10,2657.87,2667.68,2649.38,2657.21,46962576.0,-0.00011288762789229967,2.70374138931003
2012-05-11,2652.31,2666.57,2636.52,2636.92,41006143.0,-0.007635828557020274,2.6830960835987385
2012-05-14,2653.81,2656.28,2613.35,2615.53,52082484.0,-0.008111736419762372,2.661331515379689
2012-05-15,2597.64,2618.18,2591.6,2617.37,45767271.0,0.0007034903059799369,2.663203736301757
2012-05-16,2610.16,2612.63,2574.08,2574.65,43280274.0,-0.016321727535655972,2.619735650545899
2012-05-17,2577.96,2619.59,2571.2,2613.94,43728389.0,0.01526032664634025,2.659713672300292
2012-05-18,2595.55,2603.19,2567.3,2573.98,43422124.0,-0.015287267496576051,2.6190539179275367
2012-05-21,2572.37,2604.22,2563.97,2587.23,38602090.0,0.005147670145067229,2.6325359435891738
2012-05-22,2598.17,2627.6,2597.6,2627.52,42773529.0,0.01557263946382803,2.673531476714256
2012-05-23,2621.79,2635.78,2598.29,2616.87,43719531.0,-0.0040532517354768816,2.662694980616412
2012-05-24,2613.1,2630.41,2588.21,2595.26,42844066.0,-0.008257957024995433,2.640706559895811
2012-05-25,2595.26,2602.17,2565.65,2573.1,39273004.0,-0.008538643527045586,2.6181585079213296
2012-05-28,2562.6,2614.85,2545.34,2614.69,56339275.0,0.016163382690140393,2.660476805828309
2012-05-29,2615.15,2658.25,2612.56,2650.85,72135637.0,0.013829555320133524,2.697270016992444
2012-05-30,2646.37,2655.16,2636.52,2642.26,51855436.0,-0.0032404700379122797,2.688529594318221
2012-05-31,2623.16,2645.59,2617.23,2632.04,44107469.0,-0.0038679009635691486,2.678130628109773
2012-06-01,2633.6,2653.86,2623.29,2633.0,44191056.0,0.00036473609823550746,2.6791074390256346
2012-06-04,2598.73,2608.32,2558.92,2559.03,52478502.0,-0.028093429548043947,2.6038421229357276
2012-06-05,2565.19,2573.89,2548.76,2558.84,37779910.0,-7.424688260793122e-05,2.6036487957752965
2012-06-06,2564.23,2573.74,2547.33,2557.4,33857694.0,-0.0005627549983586722,2.6021835794015034
2012-06-07,2579.43,2584.04,2536.26,2542.18,34841186.0,-0.005951356846797595,2.586697056339608
2012-06-08,2558.84,2559.13,2520.41,2524.33,43856426.0,-0.00702153270028083,2.5685344783727992
2012-06-11,2529.6,2565.43,2523.77,2558.26,40098260.0,0.013441190335653497,2.6030586391802966
2012-06-12,2543.76,2553.92,2529.95,2540.18,37936676.0,-0.007067303557887095,2.584662033598229
2012-06-13,2546.79,2581.12,2539.63,2580.64,45014568.0,0.015928005102000764,2.625830543656329
2012-06-14,2573.33,2584.71,2558.56,2560.42,40247934.0,-0.007835265670531277,2.605256463740986
2012-06-15,2565.19,2580.17,2538.57,2568.05,42786078.0,0.0029799798470564465,2.6130200754993473
2012-06-18,2576.63,2593.22,2572.99,2581.21,35693628.0,0.005124510815599281,2.6264105251376217
2012-06-19,2577.36,2577.36,2556.1,2558.62,32700553.0,-0.008751709469589919,2.6034249432737444
2012-06-20,2563.64,2570.66,2549.44,2552.61,29850639.0,-0.0023489224660167007,2.5973096999359004
2012-06-21,2547.05,2547.05,2502.42,2512.19,35396732.0,-0.015834773036225713,2.556181890332628
2012-06-25,2501.16,2501.16,2455.01,2456.52,40106735.0,-0.02215994809309807,2.49953703232634
2012-06-26,2442.56,2465.12,2434.64,2454.92,31734008.0,-0.0006513278947454237,2.4979090141332367
2012-06-27,2452.67,2470.76,2444.34,2447.2,30007553.0,-0.0031447053264466174,2.490053826351513
2012-06-28,2451.66,2459.19,2425.24,2425.73,30543113.0,-0.00877329192546572,2.4682078572228083
2012-06-29,2418.86,2462.81,2417.49,2461.61,37994941.0,0.014791423612685817,2.5047161652031504
2012-07-02,2473.54,2473.97,2452.99,2465.24,40510078.0,0.0014746446431399551,2.5084097314787535
2012-07-03,2464.85,2490.55,2457.45,2468.72,38693354.0,0.0014116272654995932,2.5119506710487536
2012-07-04,2474.53,2481.34,2456.0,2464.92,34452142.0,-0.0015392592112510872,2.5080841278401333
2012-07-05,2450.3,2450.3,2420.0,2430.37,34726145.0,-0.014016682082988563,2.4729291099828083
2012-07-06,2435.06,2477.23,2420.36,2472.61,49610605.0,0.017380069701321332,2.515908790280736
2012-07-09,2455.89,2470.21,2414.95,2416.04,49223302.0,-0.02287865858344018,2.458348172040827
2012-07-10,2411.0,2426.53,2402.37,2406.71,35549984.0,-0.0038616910316053854,2.4488547909522933
2012-07-11,2402.18,2427.79,2402.15,2425.57,37624312.0,0.00783642399790585,2.4680450554034987
2012-07-12,2420.04,2460.56,2404.58,2449.18,56717691.0,0.009733794530770057,2.4920684988654793
2012-07-13,2441.01,2467.99,2438.98,2450.63,36725256.0,0.000592034885145365,2.4935438903529796
2012-07-16,2452.6,2452.6,2399.61,2399.73,42771870.0,-0.020770169303403696,2.4417525615848805
2012-07-17,2391.9,2421.93,2391.28,2414.2,33424329.0,0.006029845024231761,2.456475951118758
2012-07-18,2412.06,2420.78,2373.65,2414.34,41751788.0,5.799022450525548e-05,2.4566184027106552
2012-07-19,2407.44,2444.06,2401.29,2424.32,46949052.0,0.004133634865014946,2.4667731661901375
2012-07-20,2415.71,2423.8,2392.18,2398.46,37619754.0,-0.010666908658922947,2.440460322144105
2012-07-23,2379.89,2379.89,2357.51,2365.43,32390369.0,-0.013771336607656615,2.4068519215702286
2012-07-24,2353.22,2392.35,2352.8,2375.99,30310079.0,0.004464304587326495,2.41759684164471
2012-07-25,2368.38,2381.04,2357.47,2360.08,24896501.0,-0.006696156128603192,2.401408235737039
2012-07-26,2360.13,2374.87,2344.7,2347.49,31314094.0,-0.0053345649300023945,2.3885977675800576
2012-07-27,2353.94,2364.98,2341.29,2349.11,31090525.0,0.0006900987863633912,2.390246136000575
2012-07-30,2350.78,2367.03,2334.0,2335.79,30484851.0,-0.005670232556159616,2.3766928845429898
2012-07-31,2336.88,2350.07,2329.5,2332.92,32099723.0,-0.0012287063477453009,2.3737726269091106
2012-08-01,2332.13,2371.12,2331.95,2358.65,31420848.0,0.01102909658282325,2.399953194476953
2012-08-02,2354.07,2358.56,2325.61,2334.88,31516159.0,-0.010077798740805166,2.375766949195662
2012-08-03,2340.25,2354.16,2329.93,2353.74,29769785.0,0.008077502912355206,2.3949572136468675
2012-08-06,2350.12,2388.36,2348.12,2385.61,41820665.0,0.013540153118016596,2.4273853010307445
2012-08-07,2383.26,2390.78,2379.45,2388.87,38285489.0,0.00136652680027316,2.430702388099192
2012-08-08,2390.96,2405.18,2382.83,2389.79,37810451.0,0.00038511932419926787,2.4316384985602264
2012-08-09,2388.43,2412.14,2378.85,2411.7,35658951.0,0.009168169588122721,2.4539321726920345
2012-08-10,2409.94,2413.42,2395.91,2399.75,34702995.0,-0.004955010988099584,2.4417729118122944
2012-08-13,2394.5,2394.5,2350.81,2351.93,44783546.0,-0.019927075737055988,2.393115518065919
2012-08-14,2352.66,2357.85,2324.91,2357.02,39850066.0,0.0021641800563791946,2.398294650942729
2012-08-15,2350.02,2350.02,2330.15,2331.62,30580176.0,-0.010776319250579203,2.3724498621272136
2012-08-16,2327.91,2335.4,2317.06,2319.67,25902905.0,-0.00512519192664318,2.3602906012474736
2012-08-17,2318.43,2322.89,2295.16,2313.48,26065717.0,-0.0026684830169808604,2.3539922058629053
2012-08-20,2294.9,2307.41,2279.95,2301.79,27402033.0,-0.005052993758320801,2.342097497939544
2012-08-21,2301.93,2327.38,2296.55,2313.7,34895100.0,0.005174233965739683,2.354216058364457
2012-08-22,2315.14,2317.37,2285.75,2295.59,31708412.0,-0.007827289622682088,2.335788927441269
2012-08-23,2298.18,2311.65,2285.37,2302.2,31335342.0,0.0028794340452780176,2.342514677601527
2012-08-24,2295.68,2299.3,2274.57,2275.68,31869591.0,-0.011519416210581168,2.3155302760508394
2012-08-27,2268.49,2268.49,2228.15,2228.2,37386191.0,-0.02086409336989381,2.267218836170499
2012-08-28,2226.9,2250.6,2222.0,2238.41,33773615.0,0.004582173952069057,2.2776076272652395
2012-08-29,2230.2,2240.11,2214.43,2214.81,29010648.0,-0.010543198073632576,2.2535943589169656
2012-08-30,2204.51,2223.2,2188.72,2211.37,35491310.0,-0.0015531806340047805,2.250094119801793
2012-08-31,2205.57,2218.87,2203.12,2204.87,25964986.0,-0.0029393543369042874,2.243480295892311
2012-09-03,2201.12,2236.56,2197.71,2228.37,38548592.0,0.010658224747944312,2.267391813103516
2012-09-04,2231.72,2234.88,2199.51,2204.41,34852688.0,-0.010752253889614427,2.243012240661794
2012-09-05,2199.74,2209.54,2186.96,2199.88,34751824.0,-0.00205497162506052,2.2384029141525703
2012-09-06,2204.44,2218.68,2199.86,2217.82,31695884.0,0.008154990272196683,2.2566570681427414
2012-09-07,2233.91,2341.52,2233.91,2317.18,94529764.0,0.044800750286317026,2.3577569979344566
2012-09-10,2320.56,2334.5,2313.57,2326.67,65330554.0,0.004095495386633896,2.367413180842301
2012-09-11,2316.53,2316.53,2294.82,2311.89,46260719.0,-0.00635242642918854,2.352374362783509
2012-09-12,2325.93,2337.2,2298.3,2320.07,49622518.0,0.0035382306251596773,2.3606976057957505
2012-09-13,2316.68,2325.53,2298.37,2298.46,42049849.0,-0.00931437413526326,2.3387091850751487
2012-09-14,2324.01,2332.42,2298.83,2315.54,61571814.0,0.007431062537525124,2.3560882792865265
2012-09-17,2312.05,2314.99,2258.18,2258.71,48984734.0,-0.024542871209307537,2.2982631080902385
2012-09-18,2249.43,2253.14,2228.04,2235.24,33228696.0,-0.010390886833635204,2.274382116220154
2012-09-19,2237.22,2249.24,2229.49,2246.24,34349706.0,0.004921171775737809,2.2855747412977396
2012-09-20,2236.19,2236.19,2194.22,2195.95,42545779.0,-0.022388524823705347,2.234404094465761
2012-09-21,2190.33,2217.47,2186.53,2199.06,38120593.0,0.0014162435392428563,2.237568554828606
2012-09-24,2183.97,2225.8,2172.88,2215.52,37501686.0,0.00748501632515719,2.2543167919901568
2012-09-25,2209.98,2225.33,2202.38,2210.15,27877019.0,-0.0024238102115980986,2.248852755929554
2012-09-26,2208.91,2216.82,2181.08,2184.89,27454626.0,-0.011429088523403519,2.223150418705935
2012-09-27,2186.0,2266.3,2185.77,2251.72,53016900.0,0.030587352223681696,2.291150703609119
2012-09-28,2235.06,2297.03,2234.32,2293.11,57875825.0,0.01838150391700588,2.3332654992419606
2012-10-08,2291.96,2305.18,2258.11,2270.05,35534424.0,-0.010056211869469811,2.3098016870338594
2012-10-09,2281.75,2327.73,2281.75,2320.16,52548887.0,0.022074403647496688,2.3607891818191136
2012-10-10,2314.59,2325.75,2304.61,2324.12,42686238.0,0.00170677884283843,2.3648185268470443
2012-10-11,2315.9,2321.35,2300.93,2302.53,41300655.0,-0.009289537545393411,2.342850456353857
2012-10-12,2311.28,2332.15,2287.01,2304.53,36874145.0,0.0008686097466699128,2.344885479095236
2012-10-15,2306.01,2307.88,2278.46,2294.86,28651746.0,-0.004196083366239556,2.335046144140668
2012-10-16,2293.24,2315.45,2287.59,2298.16,32059679.0,0.0014379962176340744,2.3384039316639433
2012-10-17,2307.36,2312.17,2280.82,2300.8,33349409.0,0.001148745083022984,2.341090161682564
2012-10-18,2307.49,2341.12,2305.88,2336.08,50615100.0,0.015333796940194544,2.376987962840492
2012-10-19,2335.11,2342.53,2328.73,2332.47,35927732.0,-0.0015453237902811612,2.373314746792303
2012-10-22,2320.47,2347.9,2315.9,2341.59,34368286.0,0.003910018135281579,2.382594450492992
2012-10-23,2340.89,2344.04,2309.25,2312.08,37221272.0,-0.012602547841424117,2.3525676899439425
2012-10-24,2303.4,2321.43,2302.17,2307.78,37542445.0,-0.0018597972388497697,2.348192391049978
2012-10-25,2306.73,2322.92,2288.6,2291.24,44351531.0,-0.007167060985016072,2.3313627529787717
2012-10-26,2291.31,2293.18,2237.06,2247.91,40900519.0,-0.018911157277282098,2.287273985286793
2012-10-29,2241.8,2248.14,2227.65,2235.85,27581325.0,-0.005364983473537643,2.275002798156277
2012-10-30,2236.32,2257.95,2231.78,2239.88,34083125.0,0.0018024464968580123,2.279103368980156
2012-10-31,2241.43,2256.1,2233.68,2254.82,37169795.0,0.006670000178581104,2.2943049888582583
2012-11-01,2256.61,2305.63,2256.41,2297.88,50761729.0,0.019096868042681958,2.3381190284801514
2012-11-02,2297.9,2309.67,2284.72,2306.77,39833288.0,0.003868783400351683,2.3471647045655817
2012-11-05,2302.74,2318.23,2290.14,2301.88,39510372.0,-0.0021198472322770945,2.34218907396291
2012-11-06,2301.98,2304.05,2260.51,2292.21,39280627.0,-0.00420091403548406,2.332349739008342
2012-11-07,2288.76,2300.89,2277.02,2287.5,33067403.0,-0.002054785556297234,2.327557260452394
2012-11-08,2269.58,2275.4,2245.4,2245.41,35426475.0,-0.018400000000000083,2.2847302068600697
2012-11-09,2241.76,2252.2,2235.23,2240.92,30506968.0,-0.001999634810568973,2.280161580805674
2012-11-12,2242.96,2254.7,2232.74,2251.85,34721685.0,0.004877461042785969,2.2912829800873107
2012-11-13,2250.84,2250.84,2208.72,2212.44,34083704.0,-0.017501165708195376,2.251182856968435
2012-11-14,2213.09,2225.12,2206.0,2223.11,26758790.0,0.004822729655945546,2.2620397032936927
2012-11-15,2210.75,2220.99,2193.52,2193.62,28319151.0,-0.013265200552379453,2.232033292972057
2012-11-16,2189.51,2191.61,2162.98,2177.24,30247786.0,-0.007467109162024421,2.215366456720162
2012-11-19,2175.18,2176.49,2149.54,2174.99,26978666.0,-0.001033418456394375,2.2130770561361106
2012-11-20,2180.21,2184.33,2163.53,2164.88,23948916.0,-0.004648297233550314,2.2027900161784393
2012-11-21,2165.41,2195.46,2151.38,2194.9,30508482.0,0.01386681940800405,2.23333570752654
2012-11-22,2181.18,2185.58,2169.66,2177.55,22912351.0,-0.007904688140689786,2.215681885245076
2012-11-23,2184.41,2202.47,2179.73,2192.68,28667493.0,0.006948175702050419,2.231076832283609
2012-11-26,2187.24,2191.36,2172.1,2175.6,24742696.0,-0.007789554335333904,2.213697738072231
2012-11-27,2168.59,2173.46,2150.22,2150.64,31946746.0,-0.01147269718698296,2.188300654259819
2012-11-28,2142.5,2144.8,2126.03,2129.16,30009339.0,-0.009987724584309743,2.1664445100174072
2012-11-29,2128.8,2140.88,2114.48,2115.68,29670625.0,-0.006331135283398126,2.152728456740512
2012-11-30,2114.24,2142.86,2109.96,2139.66,36406911.0,0.011334417303183963,2.177128379409648
2012-12-03,2136.7,2152.61,2108.15,2108.85,40186762.0,-0.014399484030172993,2.1457788540787024
2012-12-04,2104.93,2135.66,2102.14,2131.47,36225915.0,0.010726225193826044,2.1687949612837008
2012-12-05,2128.39,2219.09,2126.79,2207.88,82487103.0,0.03584849892327835,2.246543005118091
2012-12-06,2205.61,2216.98,2191.23,2203.6,48574689.0,-0.001938511150968436,2.242188056451539
2012-12-07,2203.89,2250.53,2198.11,2246.76,76169748.0,0.01958613178435309,2.2861038472105015
2012-12-10,2254.92,2276.28,2250.44,2271.05,73375475.0,0.010811123573501336,2.310819198404551
2012-12-11,2263.21,2274.99,2254.3,2258.5,51468703.0,-0.005526078245745469,2.2980494307023966
2012-12-12,2257.73,2273.21,2247.95,2267.77,45006454.0,0.0041044941332741836,2.3074817611086886
2012-12-13,2260.6,2266.72,2242.56,2242.64,41942100.0,-0.011081370685739778,2.2819117003632594
2012-12-14,2245.64,2357.11,2245.64,2355.87,110892562.0,0.050489601541040985,2.39712451286644
2012-12-17,2359.2,2380.0,2358.66,2366.7,94088195.0,0.0045970278495841566,2.4081441610110077
2012-12-18,2361.1,2398.63,2347.08,2368.12,85784849.0,0.0005999915494148134,2.409589027157387
2012-12-19,2362.8,2387.14,2358.03,2371.11,63292530.0,0.0012626049355608515,2.4126313861557493
2012-12-20,2361.32,2391.92,2346.55,2384.82,65655462.0,0.005782102053468741,2.4265814670479036
2012-12-21,2386.38,2414.22,2365.03,2372.0,68714158.0,-0.005375667765282199,2.413536971275663
2012-12-24,2368.01,2396.73,2367.04,2381.22,53087004.0,0.003887015177065578,2.4229184261134207
2012-12-25,2373.88,2459.3,2365.41,2448.4,95502350.0,0.028212428922989252,2.4912748399963465
2012-12-26,2445.99,2458.01,2441.64,2457.62,71591828.0,0.0037657245548112783,2.5006562948341045
2012-12-27,2464.78,2479.79,2443.68,2444.59,73255067.0,-0.005301877426127644,2.4873981216740195
2012-12-28,2448.08,2481.59,2444.38,2480.05,67166321.0,0.014505499899778673,2.5234790748786717
2012-12-31,2485.56,2522.95,2485.56,2522.95,82002293.0,0.017298038346000855,2.567130312681254
2013-01-04,2551.81,2558.53,2498.89,2524.41,97988182.0,0.0005786876473969915,2.568615879282461
2013-01-07,2518.05,2545.97,2511.6,2535.99,75167993.0,0.00458721047690358,2.5803986609550464
2013-01-08,2534.65,2540.51,2502.49,2525.33,71837100.0,-0.00420348660680836,2.5695519897434957
2013-01-09,2518.1,2534.24,2504.3,2526.13,70231170.0,0.0003167902808742795,2.570365998840048
2013-01-10,2525.59,2553.35,2513.73,2530.57,71085862.0,0.0017576292589851494,2.5748837493259096
2013-01-11,2533.5,2539.79,2473.7,2483.23,74239176.0,-0.01870724777421695,2.526714761037465
2013-01-14,2474.18,2583.63,2474.0,2577.73,93554091.0,0.03805527478324611,2.62286958556763
2013-01-15,2579.13,2605.41,2576.92,2595.86,98620805.0,0.007033320014121047,2.641317066718232
2013-01-16,2591.37,2600.09,2540.52,2577.09,93536084.0,-0.007230744339063011,2.622218378290389
2013-01-17,2570.71,2575.06,2539.67,2552.76,69915239.0,-0.009440880993678902,2.5974623266415118
2013-01-18,2568.69,2607.45,2553.45,2595.44,77940303.0,0.016719158871182582,2.6408897119425427
2013-01-21,2605.65,2611.2,2582.65,2610.9,84133742.0,0.0059566008075702115,2.6566204377334035
2013-01-22,2610.39,2620.02,2578.18,2596.9,105766275.0,-0.0053621356620322524,2.6423752785437493
2013-01-23,2588.2,2611.41,2576.36,2607.46,75739444.0,0.004066386845854586,2.653120198618231
2013-01-24,2606.43,2663.4,2564.21,2582.75,111277172.0,-0.009476655442461235,2.627977492648492
2013-01-25,2580.88,2591.51,2567.11,2571.67,58487359.0,-0.0042900009679605056,2.616703466661251
2013-01-28,2577.27,2651.97,2577.27,2651.86,91274790.0,0.031182072349873913,2.698297703476848
2013-01-29,2655.38,2685.53,2646.15,2675.87,101040229.0,0.009054022459707545,2.7227281514871047
2013-01-30,2678.43,2689.68,2662.06,2688.71,99874990.0,0.004798439386068942,2.735792997486759
2013-01-31,2690.95,2696.88,2671.33,2686.88,96740101.0,-0.0006806237935663706,2.7339309516783974
2013-02-01,2677.19,2744.32,2671.27,2743.32,103879515.0,0.021005776216280525,2.7913592934401166
2013-02-04,2753.69,2768.5,2731.08,2748.03,127939179.0,0.001716897773500703,2.7961517719960645
2013-02-05,2727.93,2779.95,2725.36,2771.68,116130819.0,0.00860616514375745,2.820215915912873
2013-02-06,2771.91,2787.46,2765.74,2775.84,82779271.0,0.0015008947641863557,2.8244487632149413
2013-02-07,2771.53,2775.97,2722.87,2759.87,89978142.0,-0.0057532134416969916,2.8081991066250285
2013-02-08,2755.65,2791.3,2747.95,2771.73,77429644.0,0.004297303858515011,2.820266791481407
2013-02-18,2784.06,2787.74,2731.51,2737.47,76438227.0,-0.012360511305213762,2.7854068519215818
2013-02-19,2735.04,2740.74,2674.34,2685.61,80626431.0,-0.018944499848400076,2.732638712237621
2013-02-20,2686.09,2703.1,2665.23,2702.64,70019377.0,0.006341203674397944,2.7499669308804644
2013-02-21,2675.74,2675.74,2584.76,2610.55,100657984.0,-0.03407409051889998,2.656264308753662
2013-02-22,2607.65,2618.48,2591.15,2596.6,60204852.0,-0.005343701518837118,2.642070025132542
2013-02-25,2607.15,2628.7,2590.79,2604.96,53161942.0,0.0032195948548101594,2.650576420191507
2013-02-26,2587.38,2631.09,2564.67,2567.6,80003065.0,-0.014341870892451425,2.6125621953825444
2013-02-27,2576.05,2615.25,2569.38,2594.68,63226743.0,0.010546814145505401,2.6401164033008175
2013-02-28,2611.94,2673.71,2594.0,2673.33,86922595.0,0.03031202306257419,2.7201436726055523
2013-03-01,2671.84,2680.85,2627.0,2668.84,73343753.0,-0.0016795532164004534,2.7155750465511566
2013-03-04,2619.42,2619.57,2528.69,2545.72,110619103.0,-0.046132402092294855,2.5902990465918565
2013-03-05,2547.89,2623.17,2541.77,2622.81,89661152.0,0.030282199142089627,2.668738998158316
2013-03-06,2634.87,2658.14,2620.43,2650.2,95829652.0,0.010442998158463501,2.696608634601503
2013-03-07,2639.78,2658.97,2592.87,2619.48,94082666.0,-0.011591577994113589,2.6653506852939195
2013-03-08,2622.68,2632.62,2601.96,2606.93,59429557.0,-0.004791027226777933,2.652580917591765
2013-03-11,2600.28,2611.65,2574.17,2592.37,50946436.0,-0.005585113524336993,2.6377659520345254
2013-03-12,2590.39,2619.51,2530.25,2555.62,71935141.0,-0.014176217129499236,2.6003724091616838
2013-03-13,2551.73,2556.77,2515.06,2527.49,56430460.0,-0.011007113733653706,2.571749814304186
2013-03-14,2517.75,2546.7,2514.46,2534.27,47605756.0,0.002682503194869401,2.578648541397462
2013-03-15,2533.72,2600.09,2504.46,2539.87,81372185.0,0.0022097093048489835,2.584346605073323
2013-03-18,2526.08,2544.62,2499.83,2502.49,59812778.0,-0.014717288680129337,2.5463120300369466
2013-03-19,2507.4,2532.07,2491.85,2525.1,54536476.0,0.009035001138865795,2.5693179621282383
2013-03-20,2526.97,2610.17,2526.83,2610.17,90700622.0,0.03368975486119363,2.6558776544328
2013-03-21,2611.58,2626.54,2598.51,2614.99,69552756.0,0.0018466230168914244,2.6607820592395233
2013-03-22,2612.26,2625.53,2603.34,2618.31,55647141.0,0.0012696033254429029,2.6641601969902124
2013-03-25,2628.41,2641.61,2607.61,2613.1,56261402.0,-0.0019898331366415833,2.6588589627489196
2013-03-26,2601.96,2607.36,2554.97,2575.05,63962961.0,-0.014561249091117778,2.6201426550941815
2013-03-27,2575.73,2611.94,2566.35,2583.53,56906517.0,0.003293139939030354,2.628771151517629
2013-03-28,2535.99,2535.99,2495.08,2499.3,87578405.0,-0.032602679279900015,2.5430661687644465
2013-03-29,2502.78,2509.11,2482.49,2495.08,52402137.0,-0.0016884727723763815,2.5387722707801363
2013-04-01,2486.43,2507.83,2483.73,2493.19,47346022.0,-0.000757490741779776,2.536849174289533
2013-04-02,2495.84,2524.46,2475.0,2486.39,55684152.0,-0.002727429518007085,2.529930096968844
2013-04-03,2493.88,2507.14,2474.93,2483.55,45564221.0,-0.001142218236077075,2.5270403646760857
2013-04-08,2443.24,2473.31,2429.5,2472.3,53296772.0,-0.004529806124297875,2.515593361755828
2013-04-09,2477.29,2505.29,2477.29,2489.43,52389824.0,0.006928770780245008,2.53302333153574
2013-04-10,2487.98,2495.57,2466.19,2485.31,47504913.0,-0.0016549973287057762,2.528831184688499
2013-04-11,2502.5,2508.59,2476.4,2477.88,42989958.0,-0.0029895666938932752,2.5212710752042757
2013-04-12,2476.32,2489.12,2460.18,2462.11,39917278.0,-0.006364311427510594,2.505224920888501
2013-04-15,2453.97,2461.67,2430.15,2436.82,46539734.0,-0.010271677544870017,2.479492058323762
2013-04-16,2419.51,2461.05,2416.62,2459.59,55280613.0,0.009344145238466606,2.5026607922343636
2013-04-17,2457.88,2465.2,2437.35,2458.47,44692164.0,-0.00045536044625338334,2.501521179499191
2013-04-18,2440.71,2478.41,2434.73,2464.85,42860707.0,0.002595109966768039,2.508012902044191
2013-04-19,2469.95,2542.45,2469.32,2533.83,75520876.0,0.027985475789601866,2.5782008363943576
2013-04-22,2525.11,2539.05,2518.26,2530.67,62511883.0,-0.0012471239191262917,2.574985500462979
2013-04-23,2532.2,2532.2,2448.2,2449.47,60653982.0,-0.03208636448055269,2.4923635771629855
2013-04-24,2452.78,2511.2,2446.59,2495.58,63050916.0,0.01882448039780038,2.5392810264654817
2013-04-25,2486.86,2505.48,2456.57,2467.88,60557927.0,-0.011099624135471386,2.511095961497381
2013-04-26,2477.72,2488.59,2439.8,2447.31,47123378.0,-0.008335089226380599,2.4901657526022962
2013-05-02,2434.6,2453.75,2423.08,2449.64,47016088.0,0.0009520657374830765,2.4925365540960027
2013-05-03,2457.54,2521.12,2457.54,2492.91,62330091.0,0.017663819989875984,2.5365642711057403
2013-05-06,2502.98,2533.86,2500.46,2525.98,60418780.0,0.013265621302012587,2.570213372134445
2013-05-07,2519.36,2539.3,2507.76,2529.94,54490643.0,0.0015677083745715414,2.5742427171623756
2013-05-08,2542.27,2562.01,2531.25,2542.8,59554294.0,0.005083124500976366,2.587327913389444
2013-05-09,2542.37,2543.3,2507.79,2527.79,60240145.0,-0.005902941639138071,2.572055067715393
2013-05-10,2519.52,2546.98,2515.16,2540.84,48816728.0,0.0051626124005554885,2.5853335911028923
2013-05-13,2542.41,2547.6,2516.73,2530.77,54092147.0,-0.00396325624596594,2.5750872516000483
2013-05-14,2526.0,2526.15,2479.87,2493.34,54880064.0,-0.014789965109432979,2.537001800995138
2013-05-15,2493.97,2507.43,2491.93,2506.93,44189660.0,0.005450520185774854,2.550829780522809
2013-05-16,2501.12,2553.06,2487.76,2552.71,70796182.0,0.018261379456147697,2.5974114510729778
2013-05-17,2550.45,2598.71,2547.78,2592.05,81850801.0,0.015411072938171566,2.6374403483959057
2013-05-20,2597.15,2627.62,2590.05,2609.61,86337803.0,0.006774560675912866,2.6553078480652146
2013-05-21,2607.39,2617.4,2594.25,2614.85,71505994.0,0.002007962875678615,2.6606396076476275
2013-05-22,2613.41,2630.07,2603.75,2618.03,74191817.0,0.0012161309444136403,2.6638752938064205
2013-05-23,2604.93,2624.08,2579.35,2582.85,84825370.0,-0.013437584748837939,2.628079243785561
2013-05-24,2591.42,2608.35,2572.88,2597.23,60739669.0,0.005567493272935042,2.6427110572960775
2013-05-27,2593.52,2611.97,2589.74,2599.59,64195080.0,0.0009086603804824289,2.6451123841309054
2013-05-28,2600.63,2644.36,2585.9,2644.36,84196112.0,0.017221946537723243,2.6906663681966774
2013-05-29,2648.93,2661.23,2640.88,2642.56,79277709.0,-0.0006806940053548649,2.688834847729436
2013-05-30,2633.96,2647.44,2623.58,2634.32,70146368.0,-0.0031181884233469903,2.680450554034954
2013-05-31,2638.71,2645.56,2604.75,2606.43,62528533.0,-0.010587172401226974,2.6520721619064216
2013-06-03,2605.97,2625.94,2596.05,2602.62,59774468.0,-0.0014617695468513991,2.6481954435840946
2013-06-04,2600.5,2600.5,2556.06,2565.67,66315750.0,-0.014197232020041306,2.610598398437115
2013-06-05,2565.33,2570.03,2545.19,2560.54,45637193.0,-0.0019994777192702262,2.6053785651054775
2013-06-06,2552.82,2557.68,2525.31,2527.85,52496529.0,-0.012766838245057754,2.572116118397635
2013-06-07,2526.91,2538.89,2475.69,2484.16,61030894.0,-0.017283462230749502,2.5276610466122076
2013-06-13,2448.72,2448.72,2375.2,2399.94,69730066.0,-0.033902808192708966,2.441966238972732
2013-06-14,2404.42,2420.36,2396.49,2416.77,55964534.0,0.007012675316882877,2.4590909553414377
2013-06-17,2422.76,2427.53,2394.39,2403.84,50395711.0,-0.005350116064002708,2.4459345333184217
2013-06-18,2413.09,2424.2,2393.32,2418.75,48630379.0,0.006202575878594185,2.461105627855403
2013-06-19,2408.28,2408.28,2366.35,2400.76,54346260.0,-0.007437726098191155,2.442800598296698
2013-06-20,2386.1,2386.1,2320.23,2321.47,55201020.0,-0.03302704143687851,2.3621221217147212
2013-06-21,2283.15,2332.84,2269.56,2317.39,58705798.0,-0.0017575070967963402,2.357970675322308
2013-06-24,2308.07,2308.07,2164.33,2171.21,86597259.0,-0.06307958522303103,2.2092308631549065
2013-06-25,2146.05,2169.21,2023.17,2165.42,107554882.0,-0.0026667157944187947,2.2033394723186137
2013-06-26,2170.33,2181.02,2131.86,2168.3,79256426.0,0.0013299960284840484,2.2062699050661996
2013-06-27,2172.85,2200.21,2153.18,2160.74,75406753.0,-0.0034866024074161617,2.198577519103786
2013-06-28,2149.03,2227.46,2139.37,2200.64,79451327.0,0.018465895943056587,2.2391762227943
2013-07-01,2187.09,2213.97,2166.35,2213.32,57726227.0,0.005761960157045332,2.2520782669746437
2013-07-02,2211.8,2226.11,2191.8,2221.98,61838850.0,0.003912674172735997,2.2608899154448157
2013-07-03,2211.04,2211.04,2169.14,2203.83,65836022.0,-0.008168390354548638,2.2424220840668
2013-07-04,2187.18,2245.91,2176.08,2221.98,72581145.0,0.008235662460353232,2.260889915444816
2013-07-05,2227.35,2252.03,2225.05,2226.85,61821775.0,0.002191738899540052,2.2658451958200745
2013-07-08,2194.42,2205.21,2162.19,2163.62,54782493.0,-0.02839436872712575,2.2015079518513727
2013-07-09,2160.7,2174.79,2149.79,2162.67,41494433.0,-0.0004390789510172466,2.2005413160492178
2013-07-10,2163.1,2224.14,2157.47,2224.06,61149781.0,0.02838620778944545,2.263006339095851
2013-07-11,2232.16,2351.22,2232.16,2326.69,125793192.0,0.0461453378056349,2.367433531069722
2013-07-12,2319.02,2331.99,2274.07,2275.37,89733082.0,-0.022057085387395925,2.315214847525933
2013-07-15,2289.76,2336.04,2274.67,2307.3,74757884.0,0.01403288256415447,2.347703985592051
2013-07-16,2300.83,2317.85,2281.94,2317.85,65624157.0,0.004572443982143515,2.358438730552826
2013-07-17,2311.44,2326.93,2281.61,2282.84,67655248.0,-0.015104514959984328,2.322815657464984
2013-07-18,2272.95,2282.44,2241.93,2245.33,57144292.0,-0.01643128734383492,2.284648805950418
2013-07-19,2248.13,2257.92,2188.75,2190.48,70535282.0,-0.02442848044608137,2.228838307268095
2013-07-22,2170.09,2203.06,2159.81,2202.19,53283495.0,0.005345860268069158,2.24075336541887
2013-07-23,2211.59,2276.74,2206.76,2265.85,74809731.0,0.02890758744704125,2.305528139276968
2013-07-24,2253.38,2265.58,2217.19,2249.15,69592307.0,-0.007370302535472217,2.2885356993864523
2013-07-25,2255.22,2268.84,2227.85,2237.68,65774316.0,-0.0050997043327480895,2.2768648439646424
2013-07-26,2226.43,2238.42,2209.81,2224.01,48941098.0,-0.006109005755961405,2.2629554635273164
2013-07-29,2205.08,2205.08,2169.02,2175.97,54600925.0,-0.021600622299360328,2.214074217279389
2013-07-30,2184.01,2221.59,2162.98,2189.39,55193623.0,0.006167364439767065,2.2277292198740426
2013-07-31,2211.75,2235.38,2187.21,2193.02,48327055.0,0.001657996062830236,2.2314227861496456
2013-08-01,2206.0,2245.56,2200.63,2245.36,62603997.0,0.0238666314032705,2.284679331291538
2013-08-02,2263.5,2274.71,2244.25,2247.26,60890893.0,0.0008461894751843335,2.286612602895848
2013-08-05,2249.98,2278.33,2243.22,2278.33,55342151.0,0.013825725550225432,2.318226681183172
2013-08-06,2270.67,2302.48,2256.72,2293.64,73746895.0,0.006719834264570901,2.333804780268429
2013-08-07,2292.38,2313.88,2276.86,2280.62,73048695.0,-0.005676566505641634,2.320556782222051
2013-08-08,2277.25,2297.63,2267.07,2276.78,53098430.0,-0.001683752663749205,2.3166495385586034
2013-08-09,2288.51,2301.59,2258.33,2286.01,64600017.0,0.004053970958985964,2.326041168510068
2013-08-12,2296.22,2352.89,2293.18,2352.79,97863216.0,0.029212470636611254,2.3939905778447175
2013-08-13,2352.88,2360.83,2340.73,2359.07,78393636.0,0.0026691714942685962,2.400380549252648
2013-08-14,2362.62,2386.6,2340.83,2349.08,75942128.0,-0.0042347196140852805,2.390215610659459
2013-08-15,2348.84,2362.09,2319.78,2321.58,61951853.0,-0.0117067107122788,2.362234047965496
2013-08-16,2314.26,2423.08,2295.02,2304.14,120369563.0,-0.007512125362899469,2.34448864966067
2013-08-19,2286.2,2340.19,2284.08,2331.43,72483224.0,0.01184389837423061,2.372256534966788
2013-08-20,2325.86,2353.41,2303.67,2312.47,73086345.0,-0.008132347958120123,2.3529645193785136
2013-08-21,2320.58,2321.64,2291.05,2308.59,55007384.0,-0.001677859604665044,2.3490165752602383
2013-08-22,2302.67,2329.14,2297.02,2303.93,55338104.0,-0.0020185481181155263,2.3442749722728244
2013-08-23,2314.87,2321.04,2251.92,2286.93,68967133.0,-0.007378696401366347,2.3269772789711016
2013-08-26,2294.76,2336.38,2288.5,2335.62,70371043.0,0.02129055108814004,2.376519907609977
2013-08-27,2332.8,2345.11,2322.46,2340.88,65990333.0,0.0022520786771822454,2.3818720174198047
2013-08-28,2326.1,2345.36,2307.04,2328.06,89256174.0,-0.005476572912750832,2.3688275216475643
2013-08-29,2338.56,2342.32,2308.15,2318.31,66085415.0,-0.0041880363908146645,2.358906785783341
2013-08-30,2315.91,2334.41,2303.61,2313.91,87654515.0,-0.001897934271085422,2.3544297357523067
2013-09-02,2319.96,2329.87,2297.45,2320.34,79510249.0,0.00277884619540103,2.360972333865841
2013-09-03,2326.23,2354.86,2321.3,2354.5,80554005.0,0.014721980399424073,2.3957305222885963
2013-09-04,2352.54,2360.66,2345.44,2350.7,78725763.0,-0.001613930770864358,2.3918639790799756
2013-09-05,2350.93,2351.22,2336.75,2341.74,62951383.0,-0.0038116305781257243,2.382747077198597
2013-09-06,2336.77,2361.18,2335.93,2357.78,73340116.0,0.006849607556774107,2.3990679595844577
2013-09-09,2374.26,2449.25,2372.69,2440.61,149889640.0,0.03513050411828078,2.483348426418675
2013-09-10,2446.45,2475.2,2435.83,2474.89,154855992.0,0.014045668910641185,2.5182287162059134
2013-09-11,2483.79,2504.47,2471.62,2482.89,166914974.0,0.003232466897518771,2.5263688071714303
2013-09-12,2480.47,2527.38,2469.72,2507.46,145173175.0,0.009895726351147216,2.551369061549273
2013-09-13,2502.54,2515.78,2481.45,2488.9,110775049.0,-0.007401912692525436,2.5324840505092747
2013-09-16,2501.08,2503.69,2467.13,2478.39,105383282.0,-0.004222749005584836,2.5217900060033274
2013-09-17,2480.81,2481.71,2426.46,2427.32,99459982.0,-0.02060611929518752,2.469825700302211
2013-09-18,2426.04,2439.63,2407.24,2432.51,71040759.0,0.0021381606051118496,2.47510658431609
2013-09-23,2441.52,2473.16,2439.99,2472.29,80128352.0,0.01635347850574087,2.5155831866421208
2013-09-24,2470.72,2470.75,2420.09,2443.89,97853013.0,-0.011487325516019609,2.486685863714537
2013-09-25,2440.84,2455.04,2423.28,2429.03,90518418.0,-0.006080470070256694,2.4715656447460903
2013-09-26,2422.63,2422.63,2382.53,2384.44,86236770.0,-0.018357121978732294,2.4261948127270423
2013-09-27,2382.22,2402.2,2379.86,2394.97,65971508.0,0.0044161312509434225,2.436909207460403
2013-09-30,2406.21,2415.08,2397.22,2409.04,59513992.0,0.005874812628133164,2.4512255924460056
2013-10-08,2406.42,2446.7,2392.57,2441.81,84785506.0,0.013602928967555439,2.4845694400635026
2013-10-09,2432.94,2453.75,2424.77,2453.58,76277645.0,0.004820194855455595,2.4965455488965187
2013-10-10,2455.64,2455.98,2422.02,2429.32,90329706.0,-0.009887592823547564,2.47186072304359
2013-10-11,2442.36,2471.17,2439.63,2468.51,93388261.0,0.016132086345150176,2.5117369936609144
2013-10-14,2472.27,2483.13,2462.55,2472.54,100081301.0,0.0016325637732881315,2.515837564484793
2013-10-15,2475.32,2479.13,2449.42,2467.52,89173496.0,-0.0020303008242535947,2.5107296574039313
2013-10-16,2459.08,2459.08,2409.72,2421.37,88979834.0,-0.01870298923615621,2.4637715076466074
2013-10-17,2432.65,2440.92,2407.78,2413.33,71222474.0,-0.0033204342995907243,2.455590716226263
2013-10-18,2415.12,2435.71,2410.6,2426.05,60291630.0,0.005270725512051877,2.4685334608614347
2013-10-21,2431.92,2472.78,2423.56,2471.32,84909795.0,0.018659961666082747,2.5145962006125515
2013-10-22,2470.25,2470.25,2439.86,2445.89,90703029.0,-0.01029004742404882,2.488720886455915
2013-10-23,2451.56,2474.37,2412.48,2418.49,91545355.0,-0.011202466177955728,2.4608410748990206
2013-10-24,2412.24,2422.94,2395.47,2400.51,64560821.0,-0.007434390880259767,2.4425462204540227
2013-10-25,2400.52,2413.33,2353.99,2368.56,77070182.0,-0.013309671694764935,2.4100367321604907
2013-10-28,2372.57,2377.25,2351.86,2365.95,62876152.0,-0.0011019353531259712,2.407381027482991
2013-10-29,2369.22,2408.62,2327.9,2372.05,106737833.0,0.0025782455250535907,2.413587846844198
2013-10-30,2371.85,2407.85,2365.51,2407.47,92178126.0,0.014932231614004587,2.449628099594022
2013-10-31,2398.4,2398.4,2370.23,2373.72,82736964.0,-0.01401886627870752,2.415287090833249
2013-11-01,2373.96,2395.0,2365.15,2384.96,63055762.0,0.004735183593684189,2.4267239186397997
2013-11-04,2397.21,2404.9,2376.36,2380.45,51798461.0,-0.0018910170401181814,2.4221349423579897
2013-11-05,2366.88,2385.69,2343.8,2383.77,62084488.0,0.0013946942804932139,2.4255130801086793
2013-11-06,2371.32,2383.54,2352.79,2353.57,63776663.0,-0.01266900749652855,2.3947842367138543
2013-11-07,2351.87,2356.67,2328.25,2340.55,54821747.0,-0.0055320215672362005,2.381536238667476
2013-11-08,2329.08,2342.67,2306.04,2307.95,53788508.0,-0.013928350174104542,2.348365367982996
2013-11-11,2305.94,2325.23,2295.0,2315.89,45739457.0,0.003440282501787406,2.356444408266271
2013-11-12,2319.36,2342.53,2316.6,2340.0,52687545.0,0.01041068444528892,2.3809766074135967
2013-11-13,2325.36,2325.56,2287.55,2288.12,59848831.0,-0.022170940170940234,2.3281881175022217
2013-11-14,2291.27,2305.7,2279.01,2304.5,57310356.0,0.0071587154519867635,2.344854953754117
2013-11-15,2306.55,2377.21,2306.55,2350.73,86391771.0,0.020060750705142016,2.3918945044210953
2013-11-18,2367.88,2429.57,2361.04,2428.9,110034633.0,0.033253499976602985,2.471433368267899
2013-11-19,2427.93,2427.93,2405.08,2412.16,78648296.0,-0.006892008728231036,2.454400227922555
2013-11-20,2428.77,2435.43,2406.42,2424.85,72291801.0,0.005260845051737961,2.467312447216606
2013-11-21,2412.45,2415.38,2382.88,2409.99,87706677.0,-0.006128214116337127,2.452192228248159
2013-11-22,2415.29,2419.0,2393.58,2397.96,75000675.0,-0.004991721957352424,2.439951566458764
2013-11-25,2385.78,2418.85,2380.69,2388.63,66144734.0,-0.003890807186108125,2.4304581853702305
2013-11-26,2387.83,2399.02,2380.41,2387.42,59185864.0,-0.0005065665255816754,2.429226996611696
2013-11-27,2386.36,2422.81,2383.78,2414.48,75294088.0,0.011334411205401684,2.456760854302556
2013-11-28,2419.15,2460.56,2417.24,2439.53,90660406.0,0.010374904741393687,2.48224951413833
2013-11-29,2442.68,2446.4,2432.39,2438.94,61803746.0,-0.00024184986452313595,2.481649182429623
2013-12-02,2423.97,2464.86,2397.01,2418.79,119655123.0,-0.008261785857790693,2.461146328310228
2013-12-03,2410.69,2448.33,2406.66,2442.78,74455752.0,0.009918182231611672,2.485556426093071
2013-12-04,2439.82,2486.64,2434.69,2475.14,102650235.0,0.013247201958424215,2.518483094048585
2013-12-05,2476.45,2481.75,2460.58,2468.2,77708932.0,-0.0028038818006254074,2.5114215651359997
2013-12-06,2463.04,2470.81,2445.62,2452.29,66114089.0,-0.006445993031358843,2.495232959228329
2013-12-09,2460.03,2468.95,2445.94,2450.87,57164884.0,-0.000579050601682507,2.4937880930819496
2013-12-10,2456.23,2466.66,2444.53,2453.32,66941424.0,0.0009996450240119525,2.4962809959401393
2013-12-11,2440.5,2440.5,2400.74,2412.76,68075144.0,-0.016532698547274682,2.4550107347449703
2013-12-12,2406.77,2423.31,2402.77,2410.01,50147719.0,-0.0011397735373597229,2.452212578475574
2013-12-13,2388.66,2416.26,2386.25,2406.64,51501196.0,-0.0013983344467451975,2.44878356515635
2013-12-16,2408.68,2412.73,2367.43,2367.92,64581674.0,-0.016088820928763625,2.40938552488325
2013-12-17,2369.25,2373.29,2351.18,2356.38,48483891.0,-0.004873475455251852,2.3976434436654923
2013-12-18,2356.7,2368.58,2350.45,2357.23,40015207.0,0.00036072280362242637,2.3985083283305784
2013-12-19,2366.21,2370.99,2331.19,2332.41,48095680.0,-0.010529307704381874,2.373253696110063
2013-12-20,2335.05,2338.88,2278.1,2278.14,65204207.0,-0.023267778821047802,2.31803335402274
2013-12-23,2283.8,2295.76,2259.58,2284.6,45580285.0,0.0028356466240002653,2.3246064774773942
2013-12-24,2291.13,2312.83,2270.25,2288.25,45599168.0,0.001597653856254988,2.328320393980411
2013-12-25,2291.75,2305.61,2281.6,2305.11,44005326.0,0.0073680760406424906,2.3454756356902373
2013-12-26,2299.97,2301.49,2263.92,2265.33,51497563.0,-0.017257310930931746,2.304999033364206
2013-12-27,2268.53,2315.18,2264.39,2303.48,53389157.0,0.01684081347971378,2.343817092156013
2013-12-30,2313.38,2316.62,2295.64,2299.46,48414308.0,-0.0017451855453487486,2.339726696445841
2013-12-31,2289.01,2333.07,2287.12,2330.03,56631070.0,0.013294425647760955,2.3708320190478216
2014-01-02,2323.43,2325.99,2310.65,2321.98,45194291.0,-0.0034548911387407566,2.36264105251377
2014-01-03,2311.97,2314.84,2280.89,2290.78,59782645.0,-0.01343680824124227,2.330894697748256
2014-01-06,2286.37,2286.37,2229.33,2238.64,66300403.0,-0.022760806362898345,2.2778416548805014
2014-01-07,2222.31,2246.79,2218.65,2238.0,43753103.0,-0.0002858878604866666,2.2771904476032603
2014-01-08,2240.64,2262.58,2228.42,2241.91,51348854.0,0.0017470956210901,2.281168917062656
2014-01-09,2236.97,2258.89,2220.8,2222.22,55987041.0,-0.008782689760070683,2.2611341181737785
2014-01-10,2216.52,2224.49,2200.22,2204.85,54169293.0,-0.007816507816507778,2.2434599456649007
2014-01-13,2207.0,2222.07,2183.6,2193.68,50122772.0,-0.005066104270131766,2.2320943436542984
2014-01-14,2192.84,2214.12,2179.91,2212.85,54049947.0,0.008738740381459609,2.2516000366304176
2014-01-15,2210.02,2215.9,2193.8,2208.94,48962395.0,-0.0017669521205684324,2.2476215671710214
2014-01-16,2209.45,2227.26,2201.56,2211.84,52298902.0,0.0013128468858367714,2.2505723501460215
2014-01-17,2203.82,2205.97,2175.88,2178.49,50273155.0,-0.015077944155092782,2.2166383459335237
2014-01-20,2173.65,2182.46,2156.46,2165.99,40560154.0,-0.005737919384527834,2.203919453799904
2014-01-21,2168.42,2197.92,2168.42,2187.41,40306247.0,0.009889242332605352,2.225714547360074
2014-01-22,2190.43,2244.13,2187.53,2243.8,70641375.0,0.025779346350250032,2.2830920135532593
2014-01-23,2242.25,2248.92,2228.06,2231.89,56345951.0,-0.005307959711204346,2.270973453128346
2014-01-24,2225.76,2257.36,2222.89,2245.68,61167670.0,0.0061786199140638765,2.2850049349301553
2014-01-27,2233.01,2233.23,2211.8,2215.92,70344246.0,-0.013252110719247479,2.254723796538434
2014-01-28,2220.78,2233.26,2205.97,2219.86,53269130.0,0.0017780425286111345,2.258732791338951
2014-01-29,2225.71,2233.06,2219.93,2227.78,50222717.0,0.0035677925634949315,2.2667914813948125
2014-01-30,2223.16,2223.16,2200.22,2202.45,43632304.0,-0.011370063471258574,2.241017918375245
2014-02-07,2187.34,2212.5,2177.12,2212.48,50459315.0,0.004554019387500441,2.2512235574232617
2014-02-10,2221.54,2270.19,2221.54,2267.53,83065716.0,0.024881580850448337,2.3072375583797227
2014-02-11,2267.74,2296.52,2262.6,2285.56,99229829.0,0.007951383223154584,2.3255832883932555
2014-02-12,2286.19,2294.32,2276.44,2291.25,76592161.0,0.0024895430441556066,2.3313729280924793
2014-02-13,2288.45,2307.47,2278.26,2279.55,96217789.0,-0.005106382978723345,2.3194680450554115
2014-02-14,2278.4,2295.85,2274.43,2295.58,67082997.0,0.007032089666820118,2.335778752327565
2014-02-17,2308.79,2315.58,2293.55,2311.65,87831666.0,0.007000409482570857,2.3521301600545463
2014-02-18,2310.31,2310.31,2276.11,2282.44,87049743.0,-0.01263599593364051,2.322408652916704
2014-02-19,2280.93,2317.42,2274.15,2308.66,99352561.0,0.011487706139044151,2.3490878010561844
2014-02-20,2314.09,2331.7,2286.2,2287.44,106439533.0,-0.00919147903978923,2.327496209770152
2014-02-21,2284.03,2287.87,2250.65,2264.29,76368993.0,-0.0101204840345539,2.3039408215386885
2014-02-24,2246.72,2246.72,2194.16,2214.51,89215939.0,-0.021984816432524035,2.253289105505762
2014-02-25,2216.51,2225.21,2150.1,2157.91,93237551.0,-0.02555870147346384,2.195697961924732
2014-02-26,2147.74,2164.7,2137.08,2163.41,77993297.0,0.002548762459972931,2.2012942744635247
2014-02-27,2170.81,2180.06,2150.14,2154.11,90104296.0,-0.004298769072898723,2.1918314187161116
2014-02-28,2149.45,2180.47,2133.55,2178.97,76668057.0,0.011540729117825776,2.217126751391454
2014-03-03,2173.91,2194.22,2167.91,2190.37,82072314.0,0.005231829717710745,2.228726381017315
2014-03-04,2183.86,2188.6,2161.59,2184.27,73069250.0,-0.0027849176166583334,2.222519561656109
2014-03-05,2187.35,2189.09,2159.6,2163.98,61332015.0,-0.009289144657025017,2.2018742559448174
2014-03-06,2159.4,2181.43,2136.45,2173.63,69093767.0,0.004459375779813257,2.211693240671972
2014-03-07,2170.04,2189.39,2161.44,2168.36,64265177.0,-0.0024245156719404637,2.206330955748438
2014-03-10,2149.68,2149.68,2095.07,2097.79,71416407.0,-0.03254533380066049,2.134525178318875
2014-03-11,2092.61,2118.79,2088.73,2108.66,57621243.0,0.005181643539152958,2.14558552691827
2014-03-12,2102.8,2130.59,2090.76,2114.13,70069747.0,0.00259406447696664,2.1511513141159426
2014-03-13,2119.55,2149.44,2115.99,2140.33,69226028.0,0.012392804605203978,2.177810112028009
2014-03-14,2129.87,2140.38,2109.58,2122.84,58617737.0,-0.008171637084000927,2.160013838154649
2014-03-17,2132.79,2143.2,2118.95,2143.04,52409445.0,0.009515554634357715,2.180567567842578
2014-03-18,2146.12,2152.46,2134.92,2138.13,55354132.0,-0.0022911378229056867,2.1755715870124925
2014-03-19,2131.28,2131.28,2101.28,2120.87,59303905.0,-0.008072474545514186,2.1580093407543903
2014-03-20,2116.19,2134.79,2086.5,2086.97,67631285.0,-0.01598400656334431,2.123515705288014
2014-03-21,2079.87,2163.23,2077.76,2158.8,104024807.0,0.0344183193816876,2.1966035470446466
2014-03-24,2161.9,2186.73,2150.87,2176.55,104491984.0,0.008222160459514516,2.2146643738743865
2014-03-25,2170.78,2191.49,2164.67,2174.44,86877510.0,-0.0009694240885805838,2.2125174248822312
2014-03-26,2181.23,2186.08,2165.22,2171.05,58276176.0,-0.001559022093044593,2.2090680613355937
2014-03-27,2168.34,2186.89,2146.92,2155.71,71275132.0,-0.0070657055341886155,2.1934594369092157
2014-03-28,2154.51,2172.67,2144.58,2151.97,70086073.0,-0.0017349272397494397,2.1896539443828367
2014-03-31,2156.05,2165.25,2134.42,2146.3,55457488.0,-0.0026347950947269716,2.183884654911027
2014-04-01,2143.72,2170.1,2141.15,2163.12,48866403.0,0.007836742300703303,2.200999196166025
2014-04-02,2166.07,2182.68,2164.01,2180.73,65039257.0,0.008141018528791788,2.2189175714038685
2014-04-03,2188.64,2196.14,2160.75,2165.01,71536032.0,-0.007208595286899211,2.2029222926566288
2014-04-04,2157.98,2186.15,2155.28,2185.47,47945888.0,0.009450302769963947,2.223740575300937
2014-04-08,2179.92,2243.97,2178.91,2237.32,97219117.0,0.0237248738257676,2.2764985398711914
2014-04-09,2239.79,2246.79,2228.99,2238.62,66357268.0,0.0005810523304667914,2.277821304653088
2014-04-10,2241.45,2290.74,2229.51,2273.76,114545405.0,0.015697170578302888,2.31357665421912
2014-04-11,2269.56,2281.11,2261.13,2270.67,90615897.0,-0.0013589824783618587,2.3104325440836893
2014-04-14,2267.94,2275.83,2255.46,2268.61,62264998.0,-0.0009072212166453264,2.308336470660069
2014-04-15,2261.41,2261.47,2225.69,2229.46,68218130.0,-0.017257263258118494,2.268500900497572
2014-04-16,2223.47,2245.31,2221.15,2232.53,51678010.0,0.0013770150619434318,2.2716246604055894
2014-04-17,2238.78,2241.62,2221.95,2224.8,48333628.0,-0.003462439474497536,2.263759297510159
2014-04-18,2215.88,2228.77,2203.05,2224.48,50757995.0,-0.00014383315354193904,2.2634336938715385
2014-04-21,2209.94,2231.71,2186.75,2187.25,56278280.0,-0.016736495720348188,2.2255517455407654
2014-04-22,2184.02,2196.85,2165.08,2196.79,57094694.0,0.004361641330437704,2.235258804017144
2014-04-23,2191.23,2205.59,2187.39,2194.67,47763531.0,-0.0009650444512219192,2.2331016799112824
2014-04-24,2192.77,2209.45,2186.76,2190.47,45058911.0,-0.0019137273485309025,2.2288281321543857
2014-04-25,2195.81,2201.71,2167.64,2167.83,60245383.0,-0.010335681383447315,2.205791674721974
2014-04-28,2165.77,2171.39,2132.7,2134.97,60485187.0,-0.015158015158015181,2.1723562510811147
2014-04-29,2134.41,2159.38,2131.78,2158.47,48204931.0,0.011007180428764807,2.1962677682923197
2014-04-30,2158.76,2164.18,2153.12,2158.66,45334624.0,8.802531422724691e-05,2.196461095452751
2014-05-05,2152.59,2161.7,2131.23,2156.47,49344073.0,-0.0010145182659613283,2.1942327455509405
2014-05-06,2151.39,2173.62,2150.11,2157.33,48086519.0,0.00039879989056190723,2.1951078053297337
2014-05-07,2151.47,2153.72,2136.99,2137.32,44607470.0,-0.009275354257345825,2.1747474028022356
2014-05-08,2132.04,2168.21,2128.32,2135.5,48332452.0,-0.0008515336964048936,2.1728955321075802
2014-05-09,2138.84,2141.56,2120.6,2133.91,49181135.0,-0.0007445563099977015,2.1712776890281837
2014-05-12,2150.31,2184.33,2139.48,2180.05,83472560.0,0.021622280227376223,2.218225663671801
2014-05-13,2180.06,2185.05,2167.77,2174.85,64912518.0,-0.0023852663929727624,2.212934604544215
2014-05-14,2175.09,2184.22,2169.0,2172.37,48514206.0,-0.001140308527024847,2.2104111763449046
2014-05-15,2169.28,2171.45,2142.34,2144.08,46734032.0,-0.013022643472336615,2.1816257796680967
2014-05-16,2143.93,2150.5,2132.19,2145.95,42253197.0,0.0008721689489197271,2.183528525931286
2014-05-19,2139.36,2139.36,2105.71,2115.14,42893607.0,-0.014357277662573664,2.1521790006003405
2014-05-20,2124.71,2131.57,2110.72,2115.77,37299683.0,0.00029785262441262006,2.152820032763875
2014-05-21,2106.76,2136.1,2096.51,2135.91,38946042.0,0.00951899308525972,2.173312711769563
2014-05-22,2134.09,2160.91,2128.86,2130.87,46252736.0,-0.002359649985252177,2.1681844544612874
2014-05-23,2130.77,2148.58,2128.66,2148.41,37623105.0,0.008231379671214123,2.1860316039031824
2014-05-26,2161.89,2165.42,2147.45,2155.98,39550656.0,0.0035235360103518243,2.1937341649793023
2014-05-27,2154.4,2160.03,2145.75,2147.28,35897171.0,-0.004035287896919204,2.184881816054303
2014-05-28,2147.47,2171.17,2142.01,2169.35,50056260.0,0.010278119295108024,2.2073382920054216
2014-05-29,2171.26,2178.09,2154.93,2155.16,44891556.0,-0.006541129831516335,2.192899805655337
2014-05-30,2156.38,2166.91,2146.22,2156.46,43923863.0,0.0006032034744520853,2.1942225704372333
2014-06-03,2157.64,2169.0,2149.29,2149.92,41982954.0,-0.0030327481149662328,2.1875680460729234
2014-06-04,2149.41,2149.45,2117.31,2128.27,41817249.0,-0.010070142144824046,2.165538924897494
2014-06-05,2126.61,2150.93,2123.52,2150.6,36477424.0,0.010492089819430728,2.188259953804992
2014-06-06,2149.21,2149.78,2123.98,2134.72,35738058.0,-0.007383985864410025,2.172101873238441
2014-06-09,2128.23,2153.9,2126.67,2134.28,39311060.0,-0.0002061160245838689,2.1716541682353383
2014-06-10,2138.67,2161.53,2132.45,2161.27,50507902.0,0.012645950859305977,2.1991168001302492
2014-06-11,2156.15,2163.61,2152.08,2160.77,42563718.0,-0.00023134545892000702,2.1986080444449043
2014-06-12,2156.76,2160.99,2148.41,2153.41,43025843.0,-0.003406193162622695,2.191119160756629
2014-06-13,2150.99,2183.65,2150.57,2176.24,59252876.0,0.010601789719560939,2.2143489453494714
2014-06-16,2176.44,2196.34,2174.28,2191.86,63296875.0,0.007177517185604776,2.230242472959643
2014-06-17,2185.68,2185.68,2168.45,2169.67,49933665.0,-0.01012382177693838,2.2076638956440413
2014-06-18,2169.25,2172.55,2158.5,2160.24,49463897.0,-0.00434628307530649,2.1980687634184384
2014-06-19,2161.43,2166.41,2119.5,2126.91,53162645.0,-0.015428841239862212,2.164155109433355
2014-06-20,2124.96,2137.03,2120.81,2136.73,42393719.0,0.004617026578463745,2.1741470710935267
2014-06-23,2137.93,2147.23,2132.45,2134.11,41179258.0,-0.0012261727031491754,2.17148119130232
2014-06-24,2131.69,2145.21,2130.29,2144.82,40164356.0,0.0050184854576380555,2.1823787380824053
2014-06-25,2141.73,2141.73,2126.03,2133.37,37666100.0,-0.005338443319253039,2.1707282328880093
2014-06-26,2135.16,2151.11,2134.89,2149.08,44351166.0,0.007363935932351184,2.1867133365215423
2014-06-27,2146.37,2159.53,2138.93,2150.26,52722896.0,0.0005490721611109972,2.1879139999389565
2014-06-30,2152.31,2168.22,2152.31,2165.12,54304188.0,0.006910792183270731,2.2030342189074035
2014-07-01,2169.2,2171.15,2157.13,2164.56,53323100.0,-0.0002586461720366362,2.2024644125398174
2014-07-02,2164.0,2171.51,2155.61,2170.87,59685501.0,0.002915142107402957,2.208884909288869
2014-07-03,2169.0,2184.96,2164.84,2180.19,63690690.0,0.004293209634846917,2.218368115263696
2014-07-04,2180.45,2183.8,2174.07,2178.7,52851106.0,-0.0006834266738221517,2.216852023321368
2014-07-07,2178.55,2186.2,2171.08,2176.29,50242334.0,-0.0011061642263734406,2.2143998209180067
2014-07-08,2174.83,2180.78,2163.36,2180.47,50743599.0,0.0019206999067218344,2.2186530184474886
2014-07-09,2178.14,2178.51,2148.26,2148.71,62022046.0,-0.014565667035088659,2.186336857314388
2014-07-10,2146.6,2151.77,2139.52,2142.85,55732497.0,-0.0027272177259844987,2.180374240682147
2014-07-11,2136.32,2154.74,2134.79,2148.01,61374274.0,0.0024080080266934978,2.1856245993549055
2014-07-14,2149.54,2171.9,2145.28,2171.76,66158863.0,0.011056745545877433,2.209790494408783
2014-07-15,2170.09,2176.27,2165.21,2174.98,71815694.0,0.0014826684348177022,2.2130668810224035
2014-07-16,2172.82,2183.25,2166.77,2170.87,81560230.0,-0.001889672548713195,2.208884909288869
2014-07-17,2166.83,2166.93,2147.08,2157.07,59453568.0,-0.0063568983863611095,2.194843252373353
2014-07-18,2147.66,2176.33,2145.45,2164.14,65473295.0,0.003277594143908047,2.202037057764128
2014-07-21,2164.22,2171.94,2158.96,2166.29,54172260.0,0.000993466226769213,2.204224707211111
2014-07-22,2162.44,2197.59,2162.24,2192.7,78542583.0,0.012191350188571093,2.2310971825110224
2014-07-23,2191.39,2210.28,2190.55,2197.83,84213872.0,0.002339581338076435,2.23631701584266
2014-07-24,2199.83,2239.81,2199.83,2237.01,119435534.0,0.017826674492567696,2.2761831113462776
2014-07-25,2243.07,2260.89,2239.07,2260.45,98972838.0,0.010478272336734928,2.3000335778752405
2014-07-28,2272.38,2331.47,2272.38,2323.9,179869333.0,0.028069632152889934,2.364594674345494
2014-07-29,2326.04,2342.77,2316.22,2331.37,134269641.0,0.0032144240285725267,2.372195484284545
2014-07-30,2324.69,2339.04,2316.06,2322.01,123022832.0,-0.004014806744532029,2.362671577854891
2014-07-31,2321.97,2350.55,2316.59,2350.25,110987769.0,0.012161876994500442,2.3914060989631643
2014-08-01,2341.23,2371.5,2328.97,2329.4,126317390.0,-0.008871396659929753,2.3701909868842868
2014-08-04,2336.63,2375.62,2332.14,2375.62,116713754.0,0.01984201940413821,2.417220362437558
2014-08-05,2376.8,2380.77,2353.79,2369.35,111861789.0,-0.0026393110009176324,2.4108405661433348
2014-08-06,2358.21,2371.67,2334.33,2363.22,116341829.0,-0.002587207461962171,2.4046032214410076
2014-08-07,2363.61,2369.2,2326.27,2327.46,116729210.0,-0.015131896310965454,2.3682170148251487
2014-08-08,2329.18,2339.27,2319.29,2331.13,86739694.0,0.001576826239763518,2.3719512815555794
2014-08-11,2338.01,2367.0,2337.01,2365.35,91601171.0,0.01467957599962233,2.4067705206605763
2014-08-12,2361.17,2361.17,2344.72,2357.05,91822608.0,-0.0035089944405689577,2.398325176283853
2014-08-13,2358.46,2370.51,2335.69,2358.9,110447789.0,0.000784879404340133,2.4002075723196286
2014-08-14,2357.2,2363.18,2334.08,2335.95,97969493.0,-0.009729111026325898,2.376855686362303
2014-08-15,2337.99,2366.9,2333.12,2360.64,93592546.0,0.010569575547421772,2.4019780421046284
2014-08-18,2366.27,2379.8,2361.2,2374.56,104509554.0,0.005896705978039929,2.4161418003846276
2014-08-19,2378.89,2379.47,2358.97,2374.77,115850020.0,8.843743683040195e-05,2.4163554777724725
2014-08-20,2371.65,2375.48,2360.84,2366.14,101288088.0,-0.0036340361382365405,2.4075743546434216
2014-08-21,2365.73,2367.46,2333.3,2354.24,100690211.0,-0.005029288207798355,2.3954659693322156
2014-08-22,2352.32,2368.46,2350.99,2365.36,89823938.0,0.00472339268723676,2.406780695774284
2014-08-25,2367.02,2367.61,2338.46,2342.86,97373717.0,-0.009512294111678532,2.3838866899337687
2014-08-26,2339.6,2350.39,2317.18,2324.09,93844222.0,-0.008011575595639475,2.3647880015059255
2014-08-27,2323.79,2336.74,2322.89,2327.6,67676221.0,0.001510268535211523,2.3683594664170458
2014-08-28,2328.06,2336.36,2309.64,2311.28,70490655.0,-0.007011514005842767,2.3517536808473922
2014-08-29,2317.3,2338.77,2313.26,2338.29,63211423.0,0.011686165241770796,2.3792366629697175
2014-09-01,2340.93,2355.55,2338.53,2355.32,77320870.0,0.007283100043194102,2.3965648816125613
2014-09-02,2359.86,2387.66,2349.95,2386.46,114436733.0,0.013221133434098142,2.4282501856958345
2014-09-03,2389.69,2414.26,2389.68,2408.84,129734204.0,0.009377907025468701,2.4510220901718673
2014-09-04,2411.93,2427.3,2404.08,2426.22,111272298.0,0.007215091081184122,2.4687064377944514
2014-09-05,2433.17,2450.63,2427.99,2449.26,133551764.0,0.009496253431263701,2.4921498997751397
2014-09-09,2452.23,2454.89,2437.08,2445.22,118194344.0,-0.001649477801458521,2.4880391538375535
2014-09-10,2435.59,2437.08,2422.65,2432.43,109175517.0,-0.005230613196358647,2.4750251834064336
2014-09-11,2430.68,2461.47,2417.27,2423.45,132982583.0,-0.0036917814695592854,2.465887931297641
2014-09-12,2418.75,2438.36,2412.62,2438.36,109160170.0,0.0061523860611938375,2.481059025834623
2014-09-15,2433.0,2439.25,2418.96,2437.19,122247159.0,-0.00047983070588430987,2.479868537530916
2014-09-16,2440.34,2442.92,2386.98,2388.76,186742791.0,-0.019871245163487372,2.4305904618484204
2014-09-17,2395.36,2405.37,2379.09,2401.33,125269028.0,0.0052621443761615705,2.443380579777988
2014-09-18,2396.38,2414.95,2389.62,2408.66,115926376.0,0.0030524750867226835,2.4508389381251425
2014-09-19,2409.31,2430.15,2402.31,2425.21,101813577.0,0.006871040329477829,2.467678751310055
2014-09-22,2419.33,2419.33,2374.11,2378.92,102240870.0,-0.019087006898371617,2.4205781499608348
2014-09-23,2379.52,2402.48,2379.52,2399.46,84033341.0,0.00863417012762091,2.4414778335147984
2014-09-24,2391.42,2443.98,2387.07,2441.86,142713530.0,0.017670642561242955,2.484620315632036
2014-09-25,2453.42,2462.67,2429.59,2436.97,138661891.0,-0.0020025718100138423,2.479644685029364
2014-09-26,2430.81,2439.65,2420.5,2437.2,100299494.0,9.437949584945038e-05,2.4798787126446227
2014-09-29,2443.91,2453.67,2435.61,2447.8,123401727.0,0.004349253241424655,2.490664333173932
2014-09-30,2452.17,2454.89,2444.2,2450.99,115804229.0,0.0013032110466539848,2.4939101944464315
2014-10-08,2460.87,2478.38,2445.27,2478.38,121953604.0,0.011175076193701505,2.5217798308896193
2014-10-09,2480.2,2488.11,2461.11,2481.96,137923920.0,0.0014444919665264067,2.525422521596688
2014-10-10,2472.1,2482.14,2457.68,2466.79,147634307.0,-0.006112104949314245,2.509986874103327
2014-10-13,2457.41,2460.39,2430.55,2454.95,131593362.0,-0.004799760011999443,2.4979395394743626
2014-10-14,2451.09,2467.9,2436.34,2446.56,127393705.0,-0.0034175848795290342,2.4894026190742773
2014-10-15,2444.54,2465.5,2431.19,2463.87,135801882.0,0.007075240337453437,2.507015740900914
2014-10-16,2448.97,2480.3,2441.82,2444.4,158166603.0,-0.007902202632444011,2.487204794513588
2014-10-17,2443.22,2456.11,2410.4,2441.73,132759988.0,-0.001092292587137944,2.4844880391538466
2014-10-20,2448.45,2456.62,2441.9,2454.71,91435401.0,0.00531590306872598,2.4976953367453976
2014-10-21,2453.41,2459.25,2432.55,2433.39,96241912.0,-0.008685343686219649,2.4760019943222957
2014-10-22,2434.89,2447.47,2417.56,2418.64,88656193.0,-0.006061502677334962,2.4609937016046244
2014-10-23,2415.44,2424.66,2392.53,2395.94,103491839.0,-0.009385439751265046,2.4378961934899714
2014-10-24,2397.85,2404.99,2385.73,2390.71,74974869.0,-0.0021828593370452065,2.4325746090212648
2014-10-27,2377.54,2377.54,2361.68,2368.83,73862447.0,-0.009152092892906305,2.410311460230577
2014-10-28,2373.16,2416.77,2373.16,2416.65,101523055.0,0.02018718101341177,2.4589688539769523
2014-10-29,2423.81,2461.27,2415.7,2451.38,158584062.0,0.014371133594024865,2.4943070238810012
2014-10-30,2450.36,2474.38,2443.76,2468.93,189626353.0,0.007159232758690903,2.512164348436603
2014-10-31,2473.5,2512.19,2466.5,2508.33,239172412.0,0.015958330126816023,2.552254296441772
2014-11-03,2515.82,2524.17,2502.06,2512.55,205801228.0,0.0016823942623180876,2.556548194426082
2014-11-04,2511.04,2517.46,2498.61,2513.17,218247005.0,0.0002467612584824419,2.55717905147591
2014-11-05,2516.87,2519.4,2499.23,2503.45,190491862.0,-0.0038676253496581214,2.547288840952807
2014-11-06,2505.17,2510.99,2482.98,2506.07,149651117.0,0.001046555753061007,2.5499547207440143
2014-11-07,2508.76,2541.55,2489.42,2502.15,208760911.0,-0.0015642021172592724,2.5459660761709113
2014-11-10,2529.83,2565.73,2514.71,2565.73,226599735.0,0.025410147273344785,2.6106594491193538
2014-11-11,2578.44,2602.37,2532.57,2558.61,323711656.0,-0.002775038682947928,2.603414768160044
2014-11-12,2545.4,2594.32,2539.6,2594.32,184686261.0,0.013956796854542208,2.639750099207369
2014-11-13,2597.39,2607.52,2567.46,2579.75,219815615.0,-0.005616115205525962,2.624924958536422
2014-11-14,2569.21,2581.93,2557.67,2581.09,165049965.0,0.0005194301773427945,2.626288423773146
2014-11-17,2613.51,2614.09,2565.94,2567.1,158478095.0,-0.005420190694629068,2.612053439697199
2014-11-18,2565.27,2570.21,2534.93,2541.42,142941356.0,-0.010003505901600929,2.585923747697891
2014-11-19,2538.23,2550.5,2531.32,2537.22,122146974.0,-0.0016526194017518758,2.5816501999409946
2014-11-20,2528.78,2545.47,2522.84,2537.1,106149864.0,-4.729585924745372e-05,2.581528098576512
2014-11-21,2537.54,2585.36,2530.03,2583.46,151028139.0,0.018272831185211613,2.6286999257216808
2014-11-24,2614.16,2667.67,2602.94,2649.26,279839720.0,0.02546971890410532,2.6956521739130546
2014-11-25,2650.09,2686.06,2643.84,2685.56,222611699.0,0.013701939409495267,2.7325878366690852
2014-11-26,2695.26,2723.36,2690.31,2723.02,243962485.0,0.013948673647209642,2.770703812615117
2014-11-27,2737.03,2754.49,2718.7,2754.49,265464730.0,0.011557021248466803,2.802724895450718
2014-11-28,2753.93,2809.54,2740.37,2808.82,375323662.0,0.019724159463276436,2.858006288220283
2014-12-01,2825.61,2855.33,2808.65,2819.81,365487417.0,0.003912675073518335,2.8691887381841608
2014-12-02,2807.34,2944.51,2804.29,2923.94,361465322.0,0.0369280199729769,2.975142197214066
2014-12-03,2936.12,3028.23,2912.25,2967.55,466156685.0,0.014914806733380415,3.0195158680898384
2014-12-04,2975.4,3104.89,2968.88,3104.35,426812928.0,0.04609863355293076,3.1587114236001717
2014-12-05,3143.97,3195.8,3011.94,3124.89,524881260.0,0.006616521977225398,3.1796111071541353
2014-12-08,3108.27,3270.88,3075.7,3252.88,484462344.0,0.04095824173010887,3.3098423874886933
2014-12-09,3233.1,3387.83,3074.52,3106.91,632874567.0,-0.04487408081453981,3.1613162527091365
2014-12-10,3120.21,3229.05,3058.19,3221.55,425018708.0,0.036898397443118736,3.277963756244989
2014-12-11,3185.16,3254.42,3158.44,3183.01,367091691.0,-0.011963185423165879,3.2387488680186127
2014-12-12,3182.92,3239.45,3167.93,3193.23,301065325.0,0.0032107973270583123,3.24914783422706
2014-12-15,3176.83,3226.22,3143.3,3217.23,290193834.0,0.007515900827688604,3.27356810712361
2014-12-16,3221.36,3303.4,3207.69,3303.4,358123847.0,0.026783910382534026,3.3612470619359303
2014-12-17,3325.82,3368.19,3275.74,3360.6,448140770.0,0.017315493128291948,3.4194487123393733
2014-12-18,3359.09,3393.71,3322.23,3345.93,355970207.0,-0.00436529191215862,3.404521820531357
2014-12-19,3345.63,3397.18,3280.92,3383.17,411211590.0,0.011129939956902923,3.4424139439758368
2014-12-22,3396.25,3455.21,3357.66,3394.48,549801671.0,0.0033430185299585524,3.4539219975783357
2014-12-23,3358.8,3431.78,3316.91,3324.92,369736093.0,-0.020492093045179183,3.3831439066331694
2014-12-24,3332.15,3340.36,3188.5,3230.39,317449587.0,-0.028430759236312553,3.286958556761884
2014-12-25,3254.48,3335.78,3226.32,3335.42,309799547.0,0.03251310213317904,3.39382777602541
2014-12-26,3343.64,3453.34,3335.01,3445.84,384614124.0,0.033105276097163294,3.506181381576953
2014-12-29,3502.18,3524.28,3405.84,3455.46,425015037.0,0.0027917721078170032,3.515969840962987
2014-12-30,3450.81,3491.83,3422.17,3457.55,328233873.0,0.0006048398766012042,3.5180964397277283
2014-12-31,3462.39,3542.34,3452.5,3533.71,345934760.0,0.022027157958670163,3.595590105719446
2015-01-05,3566.09,3669.04,3551.51,3641.54,451198098.0,0.030514671549165095,3.7053083568209026
2015-01-06,3608.43,3683.23,3587.23,3641.06,420962185.0,-0.00013181236509829386,3.7048199513629716
2015-01-07,3620.92,3671.19,3601.7,3643.79,320191232.0,0.0007497816569899118,3.7075977574049537
2015-01-08,3650.07,3659.95,3552.1,3559.26,295003045.0,-0.023198373122490512,3.6215875212405644
2015-01-09,3547.57,3689.75,3536.4,3546.72,349982672.0,-0.0035232042615600534,3.6088279286521168
2015-01-12,3531.51,3560.53,3461.32,3513.58,266567175.0,-0.00934384445346681,3.575107601827465
2015-01-13,3506.45,3550.16,3494.77,3514.04,187153965.0,0.00013092059950259305,3.5755756570579824
2015-01-14,3522.91,3547.24,3471.56,3502.42,196012510.0,-0.003306735267669114,3.5637521749305696
2015-01-15,3501.72,3604.12,3482.27,3604.12,237812338.0,0.029037065800218143,3.667233081329699
2015-01-16,3616.25,3662.16,3601.26,3635.15,282681614.0,0.008609591245574588,3.6988064591621965
2015-01-19,3414.01,3497.25,3330.98,3355.16,329505275.0,-0.07702295641170243,3.4139134504828235
2015-01-20,3336.79,3419.2,3325.68,3396.22,297843232.0,0.012237866450482304,3.4556924673633374
2015-01-21,3420.49,3557.79,3409.43,3548.89,337928210.0,0.04495291824440106,3.611035928326514
2015-01-22,3551.05,3576.76,3520.05,3567.61,268853599.0,0.005274888768037389,3.630083741185823
2015-01-23,3582.09,3627.81,3548.63,3571.73,280172172.0,0.0011548347493139932,3.634275888033064
2015-01-26,3580.12,3611.62,3559.38,3607.99,239766203.0,0.01015194317599577,3.6711708503342675
2015-01-27,3614.04,3616.26,3510.02,3574.93,287669179.0,-0.009162996571498216,3.6375319244192705
2015-01-28,3547.24,3583.31,3512.39,3525.32,216220214.0,-0.013877194798219694,3.5870531853193612
2015-01-29,3474.92,3505.58,3453.9,3481.8,211618860.0,-0.012344978611870672,3.5427710904669514
2015-01-30,3496.89,3514.22,3431.94,3434.39,196479157.0,-0.013616520190706027,3.4945308763825587
2015-02-02,3360.19,3407.26,3347.09,3353.96,195183699.0,-0.02341900599524216,3.4126924368379967
2015-02-03,3388.6,3441.71,3360.72,3437.45,192846096.0,0.024892962348984415,3.497644461176869
2015-02-04,3446.14,3476.82,3399.56,3401.77,191304349.0,-0.010379787342361335,3.461339655470665
2015-02-05,3487.95,3487.95,3366.86,3366.95,250430609.0,-0.010235847808640841,3.425909909543254
2015-02-06,3352.33,3374.05,3285.94,3312.42,192664186.0,-0.016195666701317113,3.370425014499552
2015-02-09,3305.73,3376.53,3298.6,3345.92,172353820.0,0.010113451796571749,3.4045116454176525
2015-02-10,3345.08,3407.18,3339.55,3406.94,159309088.0,0.01823713657230308,3.4666001892571305
2015-02-11,3415.98,3445.66,3412.14,3434.12,144613772.0,0.00797783348107095,3.494256148312473
2015-02-12,3435.36,3453.58,3405.63,3442.87,156081691.0,0.002547959884919626,3.503159372806007
2015-02-13,3458.83,3509.5,3452.08,3469.83,201089971.0,0.007830676151001859,3.530591479359798
2015-02-16,3473.29,3504.48,3466.61,3499.48,165641343.0,0.00854508722329328,3.5607606915007435
2015-02-17,3511.54,3536.82,3511.09,3522.32,165328313.0,0.006526683964474866,3.584000651207294
2015-02-25,3529.55,3529.55,3463.96,3478.73,165539351.0,-0.012375366235889973,3.5396473305589353
2015-02-26,3473.71,3569.33,3456.87,3566.29,229328438.0,0.02517010518206364,3.6287406261765147
2015-02-27,3565.23,3594.81,3560.46,3572.84,222786438.0,0.0018366425613172144,3.6354053256545313
2015-03-02,3603.45,3608.69,3566.53,3601.26,248176125.0,0.007954456398831189,3.664322998809529
2015-03-03,3579.31,3579.31,3504.2,3507.9,261866489.0,-0.025924259842388553,3.5693281372419503
2015-03-04,3514.67,3540.91,3497.17,3530.82,199663981.0,0.006533823655178406,3.592649497858156
2015-03-05,3513.25,3517.08,3467.68,3496.34,217508805.0,-0.00976543692400067,3.557565705796779
2015-03-06,3501.18,3516.24,3472.39,3478.52,181518054.0,-0.005096758324419248,3.539433653171091
2015-03-09,3449.7,3546.71,3417.49,3537.75,233940411.0,0.017027356461943643,3.5997008516570346
2015-03-10,3523.64,3551.21,3511.99,3520.61,194267657.0,-0.004844887287117516,3.582260706763415
2015-03-11,3524.58,3568.92,3512.22,3524.65,188947825.0,0.0011475284112696382,3.586371452701001
2015-03-12,3557.69,3603.34,3536.53,3592.84,265664625.0,0.019346601790248608,3.655755553068323
2015-03-13,3604.67,3641.39,3594.74,3617.66,246864768.0,0.006908184054953637,3.6810101852888377
2015-03-16,3641.77,3705.74,3621.12,3705.67,275438307.0,0.02432788045311063,3.770561361023227
2015-03-17,3733.96,3762.58,3716.81,3757.12,371625666.0,0.01388412891595836,3.822912321045205
2015-03-18,3769.09,3846.05,3763.85,3846.05,415190011.0,0.02366972574738102,3.913399607240629
2015-03-19,3851.25,3859.13,3809.71,3839.74,391547630.0,-0.0016406442973961877,3.906979110491577
2015-03-20,3852.49,3916.86,3832.42,3892.57,401817552.0,0.013758744081630692,3.960734236205108
2015-03-23,3923.08,3972.3,3922.21,3972.06,391119922.0,0.020420955820961373,4.041616215061222
2015-03-24,3980.07,3989.86,3883.78,3973.05,468581312.0,0.00024924094802192265,4.042623551318204
2015-03-25,3961.58,3980.72,3913.99,3940.41,379968851.0,-0.008215350926869869,4.009411980178896
2015-03-26,3921.75,3992.0,3892.88,3950.0,346756315.0,0.002433756893318151,4.019169914223809
2015-03-27,3957.54,3993.03,3932.87,3971.7,298756064.0,0.005493670886075996,4.041249910967773
2015-03-30,3999.02,4101.65,3999.02,4088.18,428297020.0,0.02932749200594209,4.159769635425694
2015-03-31,4138.88,4166.02,4037.77,4051.2,436065635.0,-0.009045589969130519,4.122142064937594
2015-04-01,4057.5,4139.5,4046.94,4123.9,329512853.0,0.017945300157977906,4.196115141586726
2015-04-02,4149.95,4156.84,4068.65,4124.78,339070487.0,0.00021339023739663787,4.197010551592933
2015-04-03,4104.67,4170.56,4092.38,4170.54,321303766.0,0.011093925009333816,4.243571871915687
2015-04-07,4213.89,4260.47,4197.02,4260.04,415362654.0,0.02146005073683499,4.3346391395924035
2015-04-08,4277.45,4304.78,4204.83,4295.8,458676715.0,0.008394287377583298,4.371025346208262
2015-04-09,4316.96,4332.17,4212.61,4262.14,439699902.0,-0.007835560314725987,4.336775913470851
2015-04-10,4249.38,4351.69,4231.2,4344.42,348190170.0,0.019304856245923263,4.420496749051188
2015-04-13,4394.05,4432.02,4361.59,4421.07,434153036.0,0.017643321778280985,4.498488995614543
2015-04-14,4432.13,4474.35,4385.91,4438.18,434432126.0,0.0038701038436397273,4.515898615167042
2015-04-15,4439.31,4476.0,4379.61,4380.51,472154131.0,-0.012994065134807498,4.457218734419374
2015-04-16,4355.49,4513.77,4335.63,4513.55,422603748.0,0.030370892886901313,4.592588447175915
2015-04-17,4578.68,4630.27,4553.9,4596.14,552802663.0,0.0182982353136667,4.676624711281167
2015-04-20,4615.03,4671.17,4492.6,4521.92,686439075.0,-0.01614833316652675,4.601105017348586
2015-04-21,4520.46,4620.06,4504.56,4619.16,490314991.0,0.021504139834406466,4.700047823034439
2015-04-22,4637.06,4740.93,4632.59,4739.81,516213792.0,0.02611946760882944,4.822810569908136
2015-04-23,4764.48,4782.04,4693.97,4740.89,497430954.0,0.00022785723478357944,4.823909482188481
2015-04-24,4682.63,4730.43,4618.32,4702.64,480152936.0,-0.008068105355745425,4.784989672259605
2015-04-27,4753.87,4810.48,4735.31,4807.59,513076548.0,0.022317251586343012,4.891777490613475
2015-04-28,4811.32,4839.08,4703.57,4741.86,608638545.0,-0.013672130942946614,4.824896468218049
2015-04-29,4722.9,4797.93,4695.79,4774.33,395056980.0,0.006847523967388414,4.85793506242434
2015-04-30,4788.41,4818.73,4749.48,4749.89,399727444.0,-0.005119042881409408,4.8330670845246875
2015-05-04,4757.64,4795.92,4699.4,4787.74,377843853.0,0.007968605588760891,4.871579889905287
2015-05-05,4785.19,4785.19,4572.98,4596.84,460419626.0,-0.039872674790193186,4.677336969240648
2015-05-06,4626.23,4700.91,4511.76,4553.33,376073702.0,-0.009465197831553862,4.633065049501945
2015-05-07,4520.82,4546.34,4467.46,4470.09,297759203.0,-0.01828112612088295,4.548367403005745
2015-05-08,4515.55,4559.06,4445.59,4558.4,302407967.0,0.019755754358413258,4.638223832151341
2015-05-11,4582.09,4690.95,4535.15,4690.53,373838420.0,0.028986047736047738,4.772667609560553
2015-05-12,4692.12,4748.0,4660.02,4747.42,377053891.0,0.012128693345954566,4.830553831439083
2015-05-13,4746.71,4758.0,4678.85,4718.44,370730424.0,-0.00610436826739591,4.801066351916498
2015-05-14,4717.96,4735.28,4670.17,4700.78,337725152.0,-0.003742762438432967,4.783097101110121
2015-05-15,4690.75,4690.75,4592.05,4617.47,328431166.0,-0.017722590718986964,4.6983282288179735
2015-05-18,4582.06,4623.38,4565.06,4575.14,269180489.0,-0.00916735788213019,4.655256972496685
2015-05-19,4577.64,4740.0,4577.64,4731.22,314785952.0,0.034114803044278386,4.814070147233912
2015-05-20,4751.57,4843.1,4745.21,4754.92,363180748.0,0.005009278790671257,4.838185166719255
2015-05-21,4768.69,4841.62,4746.03,4840.98,305054537.0,0.018099147830036966,4.925752195280799
2015-05-22,4895.92,4951.99,4870.6,4951.34,455846718.0,0.022797036963590145,5.0380447501501004
2015-05-25,4949.11,5099.84,4949.11,5099.5,465736590.0,0.029923212706055358,5.1887992348314675
2015-05-26,5140.8,5199.29,5063.15,5198.92,487949359.0,0.019496029022453287,5.289960215305425
2015-05-27,5216.17,5226.84,5126.86,5181.43,470798730.0,-0.0033641602486670363,5.272163941432064
2015-05-28,5174.1,5213.18,4831.33,4834.01,571829047.0,-0.0670509878547042,4.918660141027093
2015-05-29,4839.53,4924.3,4665.52,4840.83,427878859.0,0.0014108369655834174,4.925599568575196
2015-06-01,4862.76,5079.32,4835.77,5076.18,417503741.0,0.04861769572573316,5.165070869666987
2015-06-02,5091.27,5162.56,5047.08,5161.87,412973196.0,0.01688080406920167,5.2522614190213766
2015-06-03,5176.6,5186.97,5059.5,5143.59,414258270.0,-0.00354135226187402,5.2336613111651715
2015-06-04,5156.01,5194.23,4863.46,5181.42,482767268.0,0.007354785276431519,5.272153766318358
2015-06-05,5254.9,5288.34,5104.18,5230.55,545961196.0,0.009481956683689008,5.322144099960337
2015-06-08,5259.41,5370.61,5202.6,5353.75,637313237.0,0.023553928363174048,5.447501500829292
2015-06-09,5379.47,5380.43,5251.21,5317.46,570427263.0,-0.00677842633667991,5.410576013186967
2015-06-10,5254.3,5374.83,5209.68,5309.11,442165676.0,-0.001570298601211939,5.402079793241708
2015-06-11,5305.14,5329.29,5248.16,5306.59,392338755.0,-0.0004746558274361101,5.399515664587572
2015-06-12,5329.28,5351.65,5283.09,5335.12,430131386.0,0.005376333954573376,5.428545263993345
2015-06-15,5354.01,5362.45,5207.31,5221.17,475745703.0,-0.02135846991257928,5.312599843303269
2015-06-16,5165.02,5204.3,5015.27,5064.82,411675638.0,-0.029945395380728934,5.153511940495954
2015-06-17,5072.31,5158.37,4949.29,5138.83,397124187.0,0.014612562736681767,5.22881795704069
2015-06-18,5107.69,5121.22,4926.43,4930.55,364395814.0,-0.040530626621234744,5.016890688753466
2015-06-19,4847.06,4910.45,4634.69,4637.05,358104744.0,-0.059526827635862145,4.718251101456077
2015-06-23,4641.42,4786.96,4455.33,4786.09,365087944.0,0.03214112420612247,4.869900996143651
2015-06-24,4811.6,4883.73,4744.31,4880.13,434638723.0,0.019648606691474724,4.965587765443298
2015-06-25,4906.24,4919.26,4667.22,4706.52,446135982.0,-0.03557487198086928,4.788937616377882
2015-06-26,4573.87,4650.19,4278.67,4336.19,446639790.0,-0.07868446325522904,4.412122630470412
2015-06-29,4446.84,4451.17,4000.93,4191.55,525662482.0,-0.03335647192581492,4.264949785813873
2015-06-30,4161.07,4475.77,4016.01,4473.0,527045280.0,0.06714699812718439,4.551328361094453
2015-07-01,4408.98,4526.13,4235.7,4253.02,431721411.0,-0.04917952157388772,4.327496209770161
2015-07-02,4287.73,4312.19,4000.06,4108.0,457062194.0,-0.03409812321597372,4.179936710792759
2015-07-03,4017.2,4164.63,3785.9,3885.92,429300850.0,-0.05406037000973707,3.9539677855900197
2015-07-06,4218.27,4218.27,3832.47,3998.54,648094530.0,0.028981553917733827,4.06855991615708
2015-07-07,3877.85,3960.64,3743.62,3928.0,679385007.0,-0.01764143912528071,3.9967846640686373
2015-07-08,3651.06,3762.62,3612.25,3663.04,581467097.0,-0.06745417515274954,3.7271848512907284
2015-07-09,3621.68,3930.26,3537.83,3897.63,503870610.0,0.0640424346990478,3.965882843740795
2015-07-10,3916.27,4179.11,3887.55,4106.56,500701802.0,0.053604369835002386,4.178471494418968
2015-07-13,4132.23,4278.16,4072.43,4211.81,502092186.0,0.025629724148679145,4.285564566184045
2015-07-14,4178.63,4258.51,4062.5,4112.15,454422009.0,-0.023662036036763423,4.184159382981122
2015-07-15,4068.88,4114.24,3899.51,3966.76,421956367.0,-0.035356200527704384,4.036223404796566
2015-07-16,3949.64,4067.02,3856.32,3997.36,330531345.0,0.007714104205951422,4.067359252739666
2015-07-17,4023.76,4190.19,4000.23,4151.5,331107131.0,0.03856044989693186,4.224198455417756
2015-07-20,4157.06,4221.69,4106.39,4160.61,352673472.0,0.0021943875707575167,4.233467984004738
2015-07-21,4109.76,4201.48,4081.7,4166.01,318374945.0,0.0012978866079735862,4.238962545406463
2015-07-22,4148.56,4187.43,4094.71,4157.16,318945997.0,-0.002124334795163829,4.22995756977586
2015-07-23,4158.93,4262.06,4148.82,4250.81,354471759.0,0.022527398512446117,4.325247509640939
2015-07-24,4255.2,4299.65,4154.62,4176.28,392045373.0,-0.017533128980123935,4.249412387183445
2015-07-27,4097.8,4156.31,3817.17,3818.73,365054511.0,-0.08561447029413727,3.885601196593389
2015-07-28,3690.97,3883.45,3627.42,3811.09,383527216.0,-0.002000665142599778,3.877827409721321
2015-07-29,3839.96,3934.0,3769.19,3930.38,276972845.0,0.03130075647649355,3.9992063411308796
2015-07-30,3915.78,3968.53,3802.88,3815.41,271548665.0,-0.02925162452485519,3.8822230588426994
2015-07-31,3777.16,3863.62,3757.99,3816.7,222376767.0,0.0003381025892368328,3.883535648510889
2015-08-03,3766.07,3829.24,3742.58,3829.24,245805030.0,0.003285560824796363,3.896295241099337
2015-08-04,3827.37,3948.45,3801.03,3948.16,220236556.0,0.03105577085792488,4.017297693301741
2015-08-05,3937.62,3962.28,3858.66,3866.9,200484269.0,-0.020581739341870575,3.934614719319506
2015-08-06,3802.93,3888.69,3793.24,3831.85,147278694.0,-0.009064108200367293,3.898950945776836
2015-08-07,3866.43,3926.65,3857.91,3906.95,183349153.0,0.01959888826545919,3.975366049715623
2015-08-10,3947.47,4101.73,3932.84,4084.36,306780540.0,0.04540882273896529,4.15588274198966
2015-08-11,4083.59,4110.13,4042.0,4066.67,322034191.0,-0.00433115592161315,4.137882965842161
2015-08-12,4025.67,4078.03,4015.35,4016.13,255146196.0,-0.012427858665689628,4.08645794116751
2015-08-13,4010.01,4075.7,3967.82,4075.46,242836979.0,0.0147729281671658,4.146826890790522
2015-08-14,4097.92,4113.16,4056.73,4073.54,253392996.0,-0.00047111246337838697,4.144873268958798
2015-08-17,4058.11,4081.77,4009.99,4077.87,256939638.0,0.0010629575258864765,4.149279093193884
2015-08-18,4084.31,4103.05,3816.55,3825.41,319881070.0,-0.061909771522878354,3.8923981725495946
2015-08-19,3748.27,3898.74,3668.19,3886.14,269049839.0,0.01587542250373164,3.9541916380915723
2015-08-20,3848.4,3880.82,3761.45,3761.45,212167965.0,-0.03208582295027973,3.8273181452802896
2015-08-21,3714.29,3757.78,3578.17,3589.54,217986403.0,-0.04570311980752095,3.6523977655450457
2015-08-24,3454.6,3468.15,3266.55,3275.53,255436652.0,-0.08747917560467355,3.332889020034813
2015-08-25,3070.01,3200.11,3019.56,3042.93,276081306.0,-0.07101140884070678,3.0962158752124185
2015-08-26,3062.57,3192.93,2952.01,3025.69,308270623.0,-0.005665592044509671,3.0786739791817306
2015-08-27,3092.81,3206.72,3028.4,3205.64,267294930.0,0.05947403732702283,3.2617751503373187
2015-08-28,3246.24,3353.24,3223.62,3342.29,299498426.0,0.0426279931620519,3.4008180791420486
2015-08-31,3307.4,3368.28,3205.54,3366.54,280250403.0,0.007255504459517281,3.4254927298812707
2015-09-01,3296.53,3370.5,3190.58,3362.08,352458528.0,-0.0013248023192952152,3.420954629167995
2015-09-02,3220.85,3387.02,3213.64,3365.83,347789412.0,0.0011153809546471383,3.424770296808081
2015-09-07,3347.29,3422.22,3240.24,3250.49,204224431.0,-0.03426792202814766,3.3074105353127456
2015-09-08,3221.79,3340.22,3170.81,3334.02,154599631.0,0.025697664044497914,3.3924032601064456
2015-09-09,3344.82,3426.65,3330.29,3399.31,220467421.0,0.019582965909022754,3.4588365774987677
2015-09-10,3349.28,3398.32,3337.31,3357.56,144882971.0,-0.012281904268807486,3.4163554777724783
2015-09-11,3349.88,3383.13,3315.48,3347.19,108547508.0,-0.00308855240114847,3.4058038848584276
2015-09-14,3367.64,3373.92,3187.57,3281.13,205457251.0,-0.019735957624156364,3.3385870837106744
2015-09-15,3208.74,3240.08,3131.98,3152.23,143555641.0,-0.03928524624138641,3.2074298680287883
2015-09-16,3149.16,3345.92,3131.37,3309.25,159709994.0,0.0498123550629237,3.3671995034544646
2015-09-17,3287.66,3354.91,3237.0,3237.0,169401881.0,-0.02183274155775483,3.293684306922143
2015-09-18,3254.44,3280.88,3227.83,3251.27,106903481.0,0.004408402842137837,3.3082041941818834
2015-09-21,3222.6,3312.55,3211.93,3308.25,122788668.0,0.01752545928206506,3.3661819920837748
2015-09-22,3312.37,3371.41,3303.18,3339.03,146221985.0,0.009304012695533936,3.3975009920736
2015-09-23,3290.07,3315.94,3253.33,3263.03,123171439.0,-0.022761101277916085,3.3201701279011924
2015-09-24,3278.9,3300.86,3255.9,3285.0,102011238.0,0.006733005825873439,3.342524852715242
2015-09-25,3272.67,3290.86,3201.91,3231.95,121419278.0,-0.016149162861491706,3.28854587450016
2015-09-28,3226.61,3246.55,3186.51,3242.75,74219468.0,0.0033416358545150793,3.299534997303607
2015-09-29,3197.22,3208.42,3159.04,3178.85,87150633.0,-0.01970549687765022,3.2345160207165433
2015-09-30,3195.9,3223.91,3186.77,3202.95,78559349.0,0.007581358038284192,3.2590380447501617
2015-10-08,3324.98,3337.33,3294.61,3296.48,132081768.0,0.029201205139012476,3.3542058832507573
2015-10-09,3302.36,3352.38,3293.97,3340.12,124352500.0,0.013238363345143833,3.39861007946765
2015-10-12,3351.14,3486.63,3347.25,3447.69,221400468.0,0.03220542974503915,3.508063777612727
2015-10-13,3422.48,3452.05,3413.97,3445.04,145433786.0,-0.0007686305903372714,3.5053673724804
2015-10-14,3431.14,3458.7,3403.23,3406.11,152173938.0,-0.01130030420546635,3.4657556548194552
2015-10-15,3403.39,3486.81,3402.32,3486.81,171158299.0,0.02369271691166741,3.5478688224341033
2015-10-16,3508.52,3537.54,3487.1,3534.07,208964709.0,0.013553936119260923,3.5959564098128927
2015-10-19,3548.95,3572.99,3502.5,3534.18,207606744.0,3.112558608053817e-05,3.5960683360636683
2015-10-20,3527.88,3577.8,3510.44,3577.7,179025108.0,0.012314030411580523,3.640350430916078
2015-10-21,3580.84,3601.24,3417.41,3473.25,282076050.0,-0.02919473404701345,3.5340713682475524
2015-10-22,3453.2,3530.77,3442.31,3524.53,184305580.0,0.01476426977614631,3.5862493513365137
2015-10-23,3536.84,3581.84,3515.82,3571.24,198294478.0,0.01325283087390372,3.6337773074614232
2015-10-26,3614.7,3620.76,3561.19,3589.26,204248863.0,0.005045866421747203,3.6521128623612498
2015-10-27,3569.45,3601.05,3486.1,3592.88,192056140.0,0.0010085644394666193,3.655796253523146
2015-10-28,3575.8,3598.17,3517.21,3524.92,170977098.0,-0.018915187815902623,3.5866461807710825
2015-10-29,3539.98,3561.81,3507.97,3533.31,127010446.0,0.0023801958626010755,3.595183101171168
2015-10-30,3530.22,3574.47,3497.57,3534.08,139141914.0,0.00021792596743552828,3.5959665849265985
2015-11-02,3489.23,3543.45,3474.71,3475.96,130002568.0,-0.016445581311119173,3.5368288240621206
2015-11-03,3484.72,3501.7,3452.62,3465.49,101401876.0,-0.003012117515736712,3.5261754800110006
2015-11-04,3477.16,3628.54,3477.16,3628.54,205423865.0,0.04704962357415554,3.692080709001935
2015-11-05,3630.78,3781.41,3627.3,3705.97,398046568.0,0.0213391612053333,3.770866614434429
2015-11-06,3698.34,3801.71,3694.66,3793.37,298753076.0,0.023583569213998068,3.859797108232698
2015-11-09,3796.38,3891.77,3796.38,3840.35,356804823.0,0.012384766052349283,3.907599792427694
2015-11-10,3806.67,3876.49,3798.82,3833.24,286519603.0,-0.001851393753173558,3.900365286582091
2015-11-11,3828.45,3843.11,3781.41,3833.65,232234296.0,0.00010695912596148105,3.900782466244074
2015-11-12,3841.74,3843.9,3771.27,3795.32,217537647.0,-0.009998304487890075,3.861781255405543
2015-11-13,3756.2,3793.71,3727.58,3746.24,203489891.0,-0.012931715902743446,3.811841797332099
2015-11-16,3682.73,3764.41,3680.07,3764.13,161690901.0,0.004775454856069006,3.830045075753735
2015-11-17,3790.43,3852.77,3750.16,3758.39,248533071.0,-0.0015249207652233698,3.8242045604859767
2015-11-18,3760.46,3771.85,3706.31,3715.58,185689495.0,-0.011390515619720154,3.7806448987067562
2015-11-19,3725.62,3775.23,3714.67,3774.97,154631989.0,0.01598404555950883,3.8410748990120096
2015-11-20,3778.88,3793.54,3757.03,3774.38,186951689.0,-0.0001562926327890457,3.840474567303303
2015-11-23,3774.44,3802.85,3743.41,3753.34,175626812.0,-0.005574425468553801,3.8190661280639944
2015-11-24,3745.76,3754.17,3702.74,3753.89,143383283.0,0.00014653615180071355,3.8196257593178733
2015-11-25,3747.76,3781.86,3735.72,3781.61,151944941.0,0.007384339977996257,3.8478311745133884
2015-11-26,3795.25,3805.84,3756.82,3759.43,173525468.0,-0.005865226715605298,3.8252627723114934
2015-11-27,3739.1,3742.74,3534.39,3556.99,208939358.0,-0.053848588748826254,3.619277770429097
2015-11-30,3554.89,3587.97,3455.07,3566.41,173201163.0,0.002648306573816539,3.628862727540992
2015-12-01,3562.32,3617.31,3536.12,3591.7,136536554.0,0.007091164504361425,3.654595590105731
2015-12-02,3587.76,3725.85,3573.4,3721.95,213538865.0,0.03626416460172055,3.787126446138047
2015-12-03,3709.55,3758.45,3693.14,3749.3,197762126.0,0.007348298606913106,3.8149553821264073
2015-12-04,3719.73,3726.12,3667.29,3677.59,151199522.0,-0.019126236897554216,3.741989641734258
2015-12-07,3681.58,3699.34,3658.58,3687.61,113883150.0,0.002724610410622219,3.7521851056685676
2015-12-08,3668.84,3668.84,3619.44,3623.02,125781083.0,-0.017515409709812135,3.6864640462357277
2015-12-09,3613.42,3655.16,3611.49,3635.94,113325422.0,0.0035660857516657263,3.699610293145037
2015-12-10,3634.37,3678.32,3615.99,3623.08,120215625.0,-0.00353691205025386,3.6865250969179693
2015-12-11,3605.37,3630.74,3578.15,3608.06,110322481.0,-0.0041456440376695936,3.671242076130212
2015-12-14,3573.88,3712.5,3571.0,3711.32,151769119.0,0.028619257994600966,3.7763103002676166
2015-12-15,3707.73,3717.36,3679.23,3694.39,126481710.0,-0.0045617192804716655,3.759083832761842
2015-12-16,3703.95,3713.09,3677.45,3685.44,111342723.0,-0.00242259209233453,3.7499771059941707
2015-12-17,3712.78,3768.84,3709.85,3755.89,177924075.0,0.019115763653729134,3.8216607820592503
2015-12-18,3754.96,3810.22,3750.93,3767.91,173465980.0,0.0032003067182477807,3.8338912687349387
2015-12-21,3762.1,3877.82,3759.99,3865.96,217435275.0,0.02602238376182031,3.9336582586310516
2015-12-22,3872.1,3880.47,3841.59,3876.73,180303661.0,0.0027858539664145088,3.944616856093378
2015-12-23,3877.87,3926.69,3862.96,3866.38,207017147.0,-0.002669775816216191,3.934085613406741
2015-12-24,3858.13,3867.68,3787.08,3829.4,147181397.0,-0.009564502195852476,3.8964580429186406
2015-12-25,3832.09,3848.02,3813.2,3838.2,119624013.0,0.002298010132135486,3.9054121429807083
2015-12-28,3847.53,3853.39,3727.63,3727.63,153988440.0,-0.02880777447761962,3.792905910723563
2015-12-29,3723.05,3762.05,3710.48,3761.87,101885555.0,0.009185461003372142,3.827745500055974
2015-12-30,3762.91,3765.66,3726.28,3765.18,105629955.0,0.0008798815482724542,3.831113462692956
2015-12-31,3760.9,3772.62,3727.32,3731.0,101873556.0,-0.009077919249544486,3.7963349240427866
2016-01-04,3725.86,3726.24,3468.95,3469.07,115370674.0,-0.07020369874028409,3.5298181707180674
2016-01-05,3382.18,3518.22,3377.28,3478.78,162116984.0,0.0027990210632820034,3.5396982061274627
2016-01-06,3482.41,3543.74,3468.47,3539.81,145966144.0,0.017543506631635175,3.601796925080647
2016-01-07,3481.15,3481.15,3284.74,3294.38,44102641.0,-0.06933422980329451,3.352069109372306
2016-01-08,3371.87,3418.85,3237.93,3361.56,185959451.0,0.020392304470036704,3.420425523255231
2016-01-11,3303.12,3342.48,3192.45,3192.45,174638387.0,-0.05030700032127944,3.2483541753579175
2016-01-12,3214.82,3242.25,3174.55,3215.71,128225796.0,0.007285940265313595,3.2720214898401574
2016-01-13,3240.48,3257.3,3155.88,3155.88,120666494.0,-0.018605533459173818,3.2111437845318007
2016-01-14,3076.64,3226.66,3072.04,3221.57,134537671.0,0.020815113375667105,3.277984106472399
2016-01-15,3200.89,3216.8,3101.05,3118.73,124601779.0,-0.031922323587567636,3.173343237110683
2016-01-18,3068.23,3165.62,3066.73,3130.73,101128386.0,0.0038477200655395727,3.185553373558958
2016-01-19,3132.7,3227.91,3119.22,3223.13,127653893.0,0.029513883343501357,3.2795714242106744
2016-01-20,3204.22,3225.95,3154.43,3174.38,130650504.0,-0.015125049253365552,3.229967744889558
2016-01-21,3136.38,3202.54,3081.35,3081.35,111189733.0,-0.029306510247670503,3.1353086620743067
2016-01-22,3114.9,3132.17,3053.96,3113.46,89951087.0,0.010420757135671144,3.167980952187149
2016-01-25,3129.03,3149.33,3105.1,3128.89,81540061.0,0.004955901151773245,3.1836811526368893
2016-01-26,3099.6,3106.53,2934.65,2940.51,126933921.0,-0.06020665475615938,2.9920023606263886
2016-01-27,2953.18,2963.54,2839.29,2930.35,132229366.0,-0.0034551829444553483,2.9816644451001824
2016-01-28,2909.33,2941.89,2841.84,2853.76,99222756.0,-0.02613680959612319,2.9037332492190684
2016-01-29,2855.6,2965.31,2854.37,2946.09,113304259.0,0.032353806907378324,2.9976800740748364
2016-02-01,2939.04,2944.52,2869.56,2901.05,86795342.0,-0.015288059767352702,2.951851361938978
2016-02-02,2901.53,2972.43,2901.51,2961.33,88601963.0,0.020778683580082946,3.0131869473641446
2016-02-03,2931.29,2954.71,2909.9,2948.64,77389000.0,-0.004285236701076944,3.0002747280700937
2016-02-04,2960.33,2999.21,2960.21,2984.76,91779724.0,0.012249715122904181,3.0370272387794013
2016-02-05,2982.06,2988.36,2962.85,2963.79,76850808.0,-0.0070256905077795695,3.015690025336041
2016-02-15,2888.43,2961.49,2886.02,2946.71,72919434.0,-0.005762891432928741,2.998310931124663
2016-02-16,2962.19,3042.09,2962.19,3037.04,112579643.0,0.030654526573704155,3.090222733239052
2016-02-17,3034.09,3065.78,3027.05,3063.32,128291607.0,0.008653162289597782,3.116962932060774
2016-02-18,3079.53,3093.51,3049.84,3053.7,124401464.0,-0.0031403836360550663,3.10717447267474
2016-02-19,3047.94,3065.97,3032.63,3051.59,87338012.0,-0.0006909650587810789,3.105027523682585
2016-02-22,3083.93,3128.21,3071.33,3118.87,140946968.0,0.02204752276681976,3.173485688702579
2016-02-23,3117.2,3119.22,3061.43,3089.36,112567391.0,-0.009461760188786195,3.14345892815353
2016-02-24,3077.61,3109.55,3055.25,3109.55,111782650.0,0.006535334179247565,3.1640024827277524
2016-02-25,3104.41,3104.44,2905.46,2918.75,157829752.0,-0.061359360679198005,2.969861313200182
2016-02-26,2942.1,2964.39,2902.95,2948.03,106949729.0,0.010031691648822338,2.9996540461339727
2016-02-29,2939.58,2939.87,2821.21,2877.47,129341020.0,-0.023934627530927566,2.927858443818116
2016-03-01,2881.34,2950.44,2863.32,2930.69,116045918.0,0.01849541437443314,2.982010398966215
2016-03-02,2933.92,3054.72,2933.12,3051.33,175972347.0,0.04116436743565499,3.1047629707262043
2016-03-03,3050.39,3078.44,3040.25,3058.42,173105744.0,0.00232357693202645,3.1119771263443936
2016-03-04,3047.54,3101.66,3032.42,3093.89,219172534.0,0.011597491515226821,3.1480682546627525
2016-03-07,3109.0,3130.9,3083.58,3104.84,132462037.0,0.0035392337801281037,3.159210004171804
2016-03-08,3100.15,3109.25,3001.83,3107.67,136235742.0,0.0009114801406835404,3.1620895613508555
2016-03-09,3045.92,3072.92,3020.13,3071.91,111466245.0,-0.011507013292917256,3.125703354734996
2016-03-10,3056.21,3074.16,3012.69,3013.15,76072197.0,-0.01912816456211275,3.065914386593277
2016-03-11,2990.21,3026.44,2982.17,3018.28,73333564.0,0.0017025372118879556,3.071134219924915
2016-03-14,3039.57,3106.8,3034.0,3065.69,117108655.0,0.015707621559298612,3.1193744340093073
2016-03-15,3061.34,3077.08,3028.58,3074.78,98311941.0,0.0029650747466312133,3.1286236123688753
2016-03-16,3068.87,3100.35,3064.52,3090.03,124736448.0,0.00495970443413829,3.144140660771891
2016-03-17,3096.81,3147.84,3077.57,3124.2,121661777.0,0.01105814506655256,3.178909024308353
2016-03-18,3136.22,3197.67,3130.1,3171.96,197302564.0,0.015287113501056382,3.2275053673724874
2016-03-21,3203.29,3267.78,3198.36,3249.44,233269464.0,0.024426537535151782,3.306342148373515
2016-03-22,3231.61,3249.68,3218.73,3225.79,161020897.0,-0.007278177162834187,3.282278004456707
2016-03-23,3217.73,3242.25,3202.98,3236.09,125679286.0,0.0031930162843831766,3.2927583715748097
2016-03-24,3211.5,3221.91,3181.81,3181.85,133131122.0,-0.01676096771103408,3.237568554828607
2016-03-25,3176.81,3204.44,3174.32,3197.82,97395330.0,0.005019092666216363,3.25381821141852
2016-03-28,3206.95,3229.62,3161.88,3169.73,103441933.0,-0.00878410917437511,3.22523631701585
2016-03-29,3171.31,3178.07,3122.76,3135.41,97294747.0,-0.01082742063204123,3.1903153267737836
2016-03-30,3161.29,3216.68,3161.29,3216.28,117802512.0,0.02579248009032331,3.2726014713214497
2016-03-31,3229.2,3241.93,3208.66,3218.09,121552074.0,0.0005627619485866209,3.274443166902398
2016-04-01,3213.67,3222.61,3165.86,3221.89,118122139.0,0.001180824650646617,3.2783097101110177
2016-04-05,3211.3,3271.93,3205.21,3264.49,146047772.0,0.013222052894419134,3.3216556945023936
2016-04-06,3250.52,3267.64,3236.2,3257.53,120196305.0,-0.0021320328749665496,3.3145738153623947
2016-04-07,3266.29,3270.82,3208.64,3209.29,112409467.0,-0.014808766151040875,3.26548906684033
2016-04-08,3189.85,3197.77,3163.3,3185.73,101005625.0,-0.007341187614706035,3.2415164989468837
2016-04-11,3213.51,3251.57,3213.51,3230.1,125212709.0,0.01392773398875602,3.2866634784643796
2016-04-12,3227.37,3232.26,3198.9,3218.45,92869437.0,-0.003606699482988196,3.2748094709958457
2016-04-13,3237.86,3296.52,3237.86,3261.38,195613866.0,0.013338718948562311,3.3184912341395494
2016-04-14,3277.1,3286.07,3252.05,3275.83,113157327.0,0.004430639790518054,3.3331942734460136
2016-04-15,3279.86,3282.98,3261.73,3272.21,99807529.0,-0.0011050634495685108,3.3295108822841173
2016-04-18,3252.67,3252.67,3221.66,3228.45,97090069.0,-0.013373224823590268,3.2849845847027415
2016-04-19,3243.97,3250.73,3221.58,3238.3,80871440.0,0.0030509997057412974,3.2950070717040343
2016-04-20,3244.14,3248.42,3107.37,3181.03,162207858.0,-0.017685205200259402,3.2367341955046425
2016-04-21,3160.8,3198.56,3150.94,3160.6,104752651.0,-0.006422448074994702,3.215946438201454
2016-04-22,3142.56,3175.38,3137.99,3174.9,77078492.0,0.004524457381509972,3.2304968508023153
2016-04-25,3164.74,3172.27,3137.11,3162.03,67519351.0,-0.0040536709817631245,3.217401479461541
2016-04-26,3159.77,3181.1,3150.4,3179.16,59020734.0,0.005417405906964712,3.2348314492414527
2016-04-27,3181.93,3188.83,3162.69,3165.92,60004147.0,-0.004164622101435533,3.221359598693523
2016-04-28,3169.33,3174.77,3135.64,3160.58,69870660.0,-0.001686713498761816,3.2159260879740406
2016-04-29,3153.54,3171.29,3149.4,3156.75,58029776.0,-0.0012118028969365646,3.2120290194242997
2016-05-03,3159.82,3218.49,3151.4,3213.54,98164835.0,0.017990021382751298,3.2698134901657605
2016-05-04,3203.47,3222.88,3198.29,3209.46,90862408.0,-0.001269627887003133,3.265662043773347
2016-05-05,3204.17,3217.28,3196.57,3213.92,74733681.0,0.0013896418712182612,3.2702001444866227
2016-05-06,3213.14,3216.89,3130.15,3130.35,108680240.0,-0.02600251406382237,3.1851667192380955
2016-05-09,3115.43,3115.43,3055.01,3065.62,99230477.0,-0.020678198923443025,3.11930320821336
2016-05-10,3055.21,3084.72,3055.18,3069.11,68849935.0,0.001138432030062475,3.1228543228970667
2016-05-11,3080.64,3102.88,3063.09,3082.81,81794258.0,0.00446383479249679,3.1367942286755137
2016-05-12,3059.38,3095.35,3035.02,3090.14,78765726.0,0.002377700863822163,3.144252587022668
2016-05-13,3081.68,3103.1,3064.69,3074.94,62629755.0,-0.004918870989663815,3.1287864141881867
2016-05-16,3064.53,3095.56,3053.66,3095.31,59461856.0,0.006624519502819615,3.1495131208091336
2016-05-17,3095.52,3105.2,3073.46,3086.02,65278125.0,-0.0030013148925309707,3.1400604401754273
2016-05-18,3071.53,3072.61,3039.46,3068.04,82715369.0,-0.005826274619088689,3.121765585730429
2016-05-19,3060.34,3086.98,3058.15,3062.5,60444166.0,-0.0018057130937014776,3.116128572736809
2016-05-20,3047.78,3078.53,3041.52,3078.22,56080842.0,0.0051330612244897544,3.1321238514840486
2016-05-23,3078.51,3098.48,3076.5,3087.22,59697216.0,0.0029237676319431305,3.141281453820255
2016-05-24,3083.24,3083.26,3052.59,3063.56,58734385.0,-0.007663852916215852,3.11720713478974
2016-05-25,3079.75,3089.1,3054.87,3059.23,56652803.0,-0.0014133883455847984,3.112801310554654
2016-05-26,3056.6,3072.52,3027.44,3064.21,60392981.0,0.0016278606054465072,3.117868517180688
2016-05-27,3059.73,3073.76,3052.18,3062.5,60468750.0,-0.0005580557468319869,3.116128572736809
2016-05-30,3056.31,3075.26,3037.66,3066.71,63098579.0,0.0013746938775509587,3.120412295607412
2016-05-31,3068.6,3170.93,3068.6,3169.56,138863111.0,0.03353756957782106,3.225063340082834
2016-06-01,3172.96,3181.79,3159.82,3160.55,113148482.0,-0.0028426658589835174,3.215895562632921
2016-06-02,3158.03,3168.82,3151.07,3167.1,86003427.0,0.002072424103399584,3.222560262110937
2016-06-03,3172.95,3201.75,3162.09,3189.33,101491783.0,0.0070190394998579375,3.245179539881366
2016-06-06,3192.78,3197.22,3168.55,3178.79,76693751.0,-0.0033047693402689093,3.234454970034298
2016-06-07,3182.44,3186.62,3168.18,3177.05,68928314.0,-0.0005473780904053926,3.2326845002492988
2016-06-08,3171.81,3174.97,3148.35,3163.99,76291775.0,-0.004110731653578115,3.219395801748093
2016-06-13,3134.05,3145.61,3065.77,3066.34,92975947.0,-0.030862929402431627,3.120035816400257
2016-06-14,3058.44,3078.75,3055.66,3075.98,66279457.0,0.0031438131453132012,3.129844626013704
2016-06-15,3043.96,3128.67,3042.23,3116.37,87393257.0,0.01313077458240941,3.170941910275855
2016-06-16,3104.36,3112.48,3089.48,3094.67,82974703.0,-0.0069632296550152795,3.1488619135318916
2016-06-17,3096.09,3131.05,3096.09,3110.36,85402985.0,0.005070007464446968,3.164826666938011
2016-06-20,3114.91,3118.73,3089.71,3112.67,63587141.0,0.0007426793040032909,3.167177118204304
2016-06-21,3124.9,3155.49,3097.94,3106.32,87965345.0,-0.002040049218195228,3.1607159210004254
2016-06-22,3100.45,3134.06,3096.99,3133.96,66487113.0,0.008897988616755503,3.188839935286285
2016-06-23,3129.72,3129.72,3102.48,3117.32,67751738.0,-0.005309576382595771,3.171908546078011
2016-06-24,3110.65,3130.54,3033.97,3077.16,104792208.0,-0.012882860918994599,3.1310452894311176
2016-06-27,3065.13,3120.64,3064.97,3120.54,83267259.0,0.014097414499083527,3.175184932691631
2016-06-28,3107.4,3139.43,3099.7,3136.4,92024637.0,0.005082453677889065,3.191322663030767
2016-06-29,3142.48,3158.08,3139.13,3151.39,103723668.0,0.004779364876928982,3.206575158477404
2016-06-30,3152.83,3163.72,3148.2,3153.92,79692617.0,0.0008028203427694613,3.2091494622452488
2016-07-01,3156.93,3170.26,3148.29,3154.2,71746283.0,8.877840909082835e-05,3.2094343654290416
2016-07-04,3136.39,3210.6,3134.02,3204.7,133310529.0,0.016010398833301576,3.2608186896488647
2016-07-05,3199.16,3216.7,3198.0,3207.38,130226895.0,0.0008362717259027264,3.263545620122313
2016-07-06,3197.63,3217.52,3183.45,3216.8,124897458.0,0.00293697659772163,3.2731305772342094
2016-07-07,3206.55,3220.54,3190.12,3209.95,118595202.0,-0.0021294454115892147,3.2661606243449857
2016-07-08,3199.75,3204.93,3183.96,3192.28,89734855.0,-0.005504758641100227,3.248181198424901
2016-07-11,3199.04,3235.96,3197.63,3203.33,138529511.0,0.003461475810392578,3.2594246990710207
2016-07-12,3201.91,3273.47,3200.3,3273.18,172534217.0,0.02180543372053445,3.330497868313687
2016-07-13,3274.02,3300.99,3271.78,3282.87,175196090.0,0.002960423808039847,3.340357553495669
2016-07-14,3277.48,3281.95,3259.07,3276.76,107525798.0,-0.0018611763487434985,3.334140559020756
2016-07-15,3278.84,3285.03,3265.29,3276.28,102665026.0,-0.00014648616316115248,3.333652153562825
2016-07-18,3269.71,3281.64,3251.77,3262.02,110312518.0,-0.004352497344549344,3.3191424414167914
2016-07-19,3260.43,3264.73,3226.2,3248.23,88886861.0,-0.004227441891833883,3.305110959614982
2016-07-20,3246.86,3254.51,3232.26,3237.61,72701255.0,-0.003269472912940219,3.294304988858259
2016-07-21,3238.34,3271.37,3238.3,3252.52,86004825.0,0.004605248933627015,3.309476083395241
2016-07-22,3251.24,3253.77,3220.89,3225.16,86029128.0,-0.008411939050336437,3.281636972293174
2016-07-25,3220.17,3243.79,3218.14,3230.89,70203185.0,0.0017766560418708277,3.2874673124472253
2016-07-26,3228.23,3269.75,3228.01,3269.59,81051089.0,0.011978123674900809,3.326845002492912
2016-07-27,3270.08,3276.51,3157.41,3218.24,160188665.0,-0.015705333084576445,3.2745957936080026
2016-07-28,3204.46,3235.78,3195.27,3221.14,112779964.0,0.0009011136521825946,3.2775465765830023
2016-07-29,3217.19,3225.42,3198.68,3203.93,88044837.0,-0.0053428289363393056,3.260035205893435
2016-08-01,3196.43,3199.98,3156.75,3176.81,87003497.0,-0.008464604407711795,3.2324402975203337
2016-08-02,3173.76,3189.05,3165.54,3189.05,62167639.0,0.0038529216415210676,3.2448946366975746
2016-08-03,3179.68,3197.16,3173.54,3193.51,72864102.0,0.0013985356140544525,3.2494327374108503
2016-08-04,3190.55,3201.55,3170.42,3201.29,73504373.0,0.0024361908996684,3.257348975874815
2016-08-05,3201.35,3224.87,3192.86,3205.11,77196366.0,0.0011932689634490679,3.261235869310849
2016-08-08,3199.57,3234.48,3187.25,3234.18,86676051.0,0.009069891516983786,3.290814924856795
2016-08-09,3232.6,3257.33,3229.17,3256.98,91065259.0,0.007049700387733671,3.3140141841085176
2016-08-10,3255.18,3261.86,3242.75,3243.34,90430372.0,-0.004187928694680321,3.300135329012312
2016-08-11,3239.56,3274.03,3232.61,3233.36,101041213.0,-0.003077074867266494,3.2899805655328302
2016-08-12,3231.81,3294.23,3231.14,3294.23,116254044.0,0.018825617933047933,3.3519164826667045
2016-08-15,3303.47,3417.91,3302.38,3393.42,220543421.0,0.030110223026321714,3.452843435525403
2016-08-16,3403.38,3418.69,3372.02,3378.25,196389740.0,-0.004470416276205147,3.437407788032042
2016-08-17,3377.77,3394.39,3356.92,3373.05,138847688.0,-0.0015392584918226815,3.4321167289044565
2016-08-18,3369.95,3394.79,3349.69,3364.49,142380169.0,-0.002537762559108314,3.4234068315713535
2016-08-19,3358.55,3374.04,3341.19,3365.02,119961508.0,0.0001575275896199546,3.4239461125978194
2016-08-22,3364.68,3372.83,3335.47,3336.79,107951008.0,-0.008389251772649153,3.395221766603253
2016-08-23,3332.62,3359.65,3324.96,3341.83,92924516.0,0.001510433680273593,3.4003500239115287
2016-08-24,3341.93,3348.13,3323.73,3329.86,81191429.0,-0.0035818698138444516,3.388170412804375
2016-08-25,3314.08,3315.08,3279.81,3308.97,100589153.0,-0.006273537025580755,3.366914600270669
2016-08-26,3312.5,3328.95,3301.74,3307.09,81530691.0,-0.0005681526275547188,3.365001678893773
2016-08-29,3306.58,3315.08,3297.07,3307.78,77036333.0,0.0002086426435325972,3.365703761739549
2016-08-30,3310.32,3325.12,3304.6,3311.99,75725987.0,0.001272756954815435,3.3699874846101516
2016-08-31,3310.57,3333.97,3304.66,3327.79,79570805.0,0.0047705458047881955,3.3860641642670473
2016-09-01,3326.74,3329.35,3301.21,3301.58,84947219.0,-0.007876097950892391,3.3593951912412736
2016-09-02,3298.72,3320.43,3295.76,3314.11,82791803.0,0.0037951526238952926,3.372144608716014
2016-09-05,3321.01,3338.42,3314.63,3319.68,78292477.0,0.0016806925539585293,3.3778121470507543
2016-09-06,3322.02,3347.95,3300.13,3342.63,98283998.0,0.006913316946211667,3.40116403300808
2016-09-07,3344.07,3357.36,3337.75,3340.82,102940106.0,-0.0005414897849896905,3.3993223374271317
2016-09-08,3338.01,3343.4,3328.23,3339.56,71916158.0,-0.0003771529145539798,3.3980402731000625
2016-09-09,3339.37,3344.95,3318.04,3318.04,82657036.0,-0.006443962677717963,3.3761434284028233
2016-09-12,3271.87,3276.72,3234.57,3262.6,122917682.0,-0.016708659329001452,3.3197325980117935
2016-09-13,3265.34,3269.22,3246.39,3260.33,67180288.0,-0.0006957641145098892,3.317422847200328
2016-09-14,3245.74,3255.0,3231.34,3238.73,70432697.0,-0.006625096232589889,3.2954446015934336
2016-09-19,3242.74,3264.9,3242.74,3263.12,58831082.0,0.00753072963785173,3.320261703924552
2016-09-20,3264.66,3265.04,3252.39,3257.4,52784206.0,-0.0017529235823383615,3.3144415388842074
2016-09-21,3257.71,3270.9,3254.32,3266.64,59142979.0,0.0028366181617240915,3.3238433439493793
2016-09-22,3281.47,3303.2,3277.98,3291.12,75753542.0,0.007493938726030436,3.3487520223038603
2016-09-23,3292.28,3293.92,3275.02,3275.67,57993986.0,-0.0046944505214030485,3.333031471626706
2016-09-26,3267.69,3267.69,3220.28,3220.28,70452186.0,-0.016909517747514258,3.276671516804211
2016-09-27,3214.87,3240.78,3214.44,3240.75,58460550.0,0.006356590110176752,3.297499974562226
2016-09-28,3243.65,3243.65,3228.0,3230.89,44727498.0,-0.0030425055928412492,3.2874673124472267
2016-09-29,3234.86,3257.77,3234.8,3244.39,55452556.0,0.004178415235430499,3.301203715951536
2016-09-30,3240.18,3260.94,3239.04,3253.28,44978022.0,0.002740114474523825,3.3102493920369667
2016-10-10,3265.36,3294.64,3258.96,3293.87,80519260.0,0.01247663896129425,3.3515501785732558
2016-10-11,3296.87,3308.0,3292.88,3306.56,87713163.0,0.0038526110623673393,3.3644623978673063
2016-10-12,3299.14,3302.56,3289.75,3300.01,68669781.0,-0.0019809106745377614,3.35779769838929
2016-10-13,3299.16,3307.41,3292.4,3302.65,81224198.0,0.000799997575764877,3.3604839284079104
2016-10-14,3298.73,3306.69,3285.73,3305.85,82316271.0,0.0009689188984602914,3.363739964794117
2016-10-17,3305.96,3309.01,3271.54,3277.88,86113509.0,-0.008460758957605452,3.3352801717559295
2016-10-18,3272.68,3321.33,3272.68,3321.33,102860714.0,0.013255518810938671,3.379491040812391
2016-10-19,3323.3,3332.52,3309.83,3316.24,101167725.0,-0.0015325185994767843,3.374311907935581
2016-10-20,3317.18,3324.9,3312.17,3318.6,79238871.0,0.0007116493378043209,3.3767132347704085
2016-10-21,3315.72,3341.56,3309.18,3327.74,109785176.0,0.0027541734466340895,3.386013288698511
2016-10-24,3332.51,3382.83,3330.97,3367.58,153014345.0,0.01197208916561987,3.4265509417067834
2016-10-25,3367.48,3373.91,3356.59,3367.45,111191693.0,-3.8603388783697845e-05,3.4264186652285935
2016-10-26,3365.2,3367.83,3349.57,3354.8,98024786.0,-0.003756551693417709,3.413547146389371
2016-10-27,3351.46,3352.35,3335.13,3345.7,77629851.0,-0.002712531298438181,3.4042877929160955
2016-10-28,3347.14,3370.75,3337.29,3340.13,93133309.0,-0.0016648235047971305,3.398620254581355
2016-10-31,3332.41,3340.47,3317.33,3336.28,71352863.0,-0.0011526497471655572,3.3947028358041997
2016-11-01,3338.71,3359.39,3334.46,3359.05,74938199.0,0.0068249667294111305,3.417871569714801
2016-11-02,3350.71,3356.4,3331.38,3333.35,91197104.0,-0.007650972745270268,3.391721527488079
2016-11-03,3326.9,3379.99,3324.84,3365.09,126223504.0,0.00952195239023812,3.424017338393766
2016-11-04,3362.21,3377.64,3348.43,3354.17,104069655.0,-0.0032450840839324258,3.412906114225836
2016-11-07,3353.44,3362.74,3342.31,3356.59,99877988.0,0.0007214899662211227,3.4153684917429046
2016-11-08,3367.7,3383.92,3361.13,3371.12,103148282.0,0.004328797976517862,3.4301529319590243
2016-11-09,3370.6,3373.1,3322.08,3353.05,139110059.0,-0.005360236360616,3.4117665014906637
2016-11-10,3374.91,3403.02,3374.91,3390.61,134705535.0,0.011201741697857148,3.449984228573764
2016-11-11,3387.95,3422.67,3382.89,3417.22,198781496.0,0.007848145318983812,3.4770602061478133
2016-11-14,3409.22,3452.62,3408.14,3430.25,213247105.0,0.0038130410099437295,3.4903183793078982
2016-11-15,3428.87,3434.92,3415.99,3429.87,134566320.0,-0.00011077909773338224,3.489931724987036
2016-11-16,3432.43,3435.64,3419.24,3429.59,129808511.0,-8.16357471273843e-05,3.4896468218032433
2016-11-17,3423.47,3437.67,3412.88,3436.53,121561731.0,0.002023565499083002,3.4967083507158288
2016-11-18,3437.49,3443.12,3413.27,3417.46,115951205.0,-0.005549202247616125,3.4773044088767784
2016-11-21,3412.65,3463.14,3412.08,3441.11,146434529.0,0.006920344349311991,3.5013685527935863
2016-11-22,3443.22,3469.22,3443.22,3468.36,168523446.0,0.007918956383260012,3.529095737644877
2016-11-23,3473.9,3492.96,3465.76,3474.73,162388504.0,0.0018366028901266596,3.5355772850761693
2016-11-24,3468.81,3508.16,3467.01,3488.74,145746301.0,0.004031967951466653,3.5498326193795298
2016-11-25,3490.04,3521.3,3463.95,3521.3,153621506.0,0.009332882358674022,3.5829627896091827
2016-11-28,3538.68,3553.36,3528.32,3535.08,207375483.0,0.0039133274642886295,3.5969840962972843
2016-11-29,3525.9,3583.72,3521.38,3564.04,236918356.0,0.008192176697557008,3.626451225592454
2016-11-30,3557.64,3567.07,3527.02,3538.0,178560178.0,-0.007306315305103173,3.5999552294996975
2016-12-01,3543.96,3575.97,3543.25,3565.04,180170761.0,0.007642736009044748,3.6274687369631438
2016-12-02,3559.77,3562.55,3516.79,3528.95,196355480.0,-0.010123308574377932,3.5907467515949567
2016-12-05,3473.69,3496.88,3457.34,3469.41,180852355.0,-0.016871874070190862,3.5301641245840996
2016-12-06,3466.24,3477.59,3456.81,3459.15,115529090.0,-0.0029572751562945143,3.519724457920825
2016-12-07,3458.37,3475.75,3445.76,3475.75,114345103.0,0.0047988667736293955,3.5366151466742717
2016-12-08,3481.81,3484.34,3466.51,3470.14,117383922.0,-0.0016140401352227052,3.530906907884703
2016-12-09,3464.87,3507.93,3461.76,3493.7,150303308.0,0.006789351438270419,3.554879475778149
2016-12-12,3489.27,3495.8,3400.79,3409.18,187467751.0,-0.024192117239602684,3.468879414727467
2016-12-13,3394.21,3416.21,3370.6,3405.04,121105097.0,-0.001214368264509269,3.464666917652812
2016-12-14,3399.41,3412.28,3378.27,3378.95,124007744.0,-0.0076621713694994265,3.438120045991521
2016-12-15,3363.86,3378.04,3327.14,3340.43,114960660.0,-0.011399991121502251,3.3989255079925584
2016-12-16,3335.36,3356.29,3330.49,3346.03,90775422.0,0.0016764308786594295,3.4046235716684206
2016-12-19,3342.35,3344.86,3325.0,3328.98,81640678.0,-0.005095590894283686,3.3872750027981633
2016-12-20,3328.3,3329.1,3289.27,3309.06,87569592.0,-0.005983814862210113,3.367006176294027
2016-12-21,3313.75,3342.48,3313.75,3338.54,108254995.0,0.008908874423552371,3.3970024115019557
2016-12-22,3335.12,3340.36,3322.72,3335.67,92277249.0,-0.0008596572154294657,3.3940821538680765
2016-12-23,3333.4,3334.89,3300.88,3307.6,97444713.0,-0.008415101014189075,3.3655206096928203
2016-12-26,3293.22,3322.42,3267.05,3322.4,89793982.0,0.00447454347563192,3.380579777979026
2016-12-27,3319.21,3330.23,3315.83,3316.39,75486359.0,-0.0018089333012281106,3.3744645346411817
2016-12-28,3315.75,3320.55,3293.17,3301.89,69000437.0,-0.004372224014666526,3.359710619766183
2016-12-29,3297.04,3312.11,3288.1,3297.76,70087923.0,-0.0012507987849381674,3.3555082978052355
2016-12-30,3302.6,3313.55,3295.75,3310.08,71744116.0,0.003735869196060282,3.3680440378921306
2017-01-03,3313.95,3345.26,3313.95,3342.23,86567896.0,0.00971275618716172,3.4007570284598003
2017-01-04,3340.56,3369.57,3338.15,3368.31,90050827.0,0.0078031733303811635,3.427293725007384
2017-01-05,3368.34,3373.41,3361.46,3367.79,88336357.0,-0.00015438008971857542,3.4267646190946257
2017-01-06,3366.85,3368.87,3346.89,3347.67,87459114.0,-0.005974244237318849,3.4062922903163515
2017-01-09,3345.75,3366.22,3344.35,3363.9,83707942.0,0.004848148114957596,3.4228064998626433
2017-01-10,3361.64,3370.51,3354.09,3358.27,83819160.0,-0.0016736526056065903,3.417077910845661
2017-01-11,3355.8,3366.63,3334.3,3334.5,91071438.0,-0.007078049114573881,3.39289166556437
2017-01-12,3332.69,3343.13,3315.96,3317.62,81239135.0,-0.005062228220123033,3.37571607362713
2017-01-13,3317.96,3338.17,3309.37,3319.91,84180589.0,0.0006902538566804228,3.378046174666009
2017-01-16,3314.15,3322.78,3264.21,3319.45,157779135.0,-0.0001385579729571429,3.377578119435492
2017-01-17,3305.6,3327.38,3292.2,3326.36,69453328.0,0.0020816701562007545,3.3846091230069573
2017-01-18,3323.34,3350.96,3320.41,3339.37,70623227.0,0.0039111821931479,3.397846945939628
2017-01-19,3330.95,3346.5,3324.68,3329.29,66159808.0,-0.0030185334359474902,3.387590431323077
2017-01-20,3326.98,3358.41,3326.37,3354.89,65300462.0,0.007689327153837633,3.4136387224127303
2017-01-23,3359.05,3378.74,3355.85,3364.08,75557498.0,0.0027392850436229743,3.4229896519093677
2017-01-24,3363.14,3371.32,3355.9,3364.45,66194226.0,0.00010998549380514255,3.4233661311165227
2017-01-25,3361.66,3376.44,3357.22,3375.9,58376931.0,0.0034032308401077405,3.4350166363109187
2017-01-26,3378.26,3395.88,3378.26,3387.96,65316647.0,0.0035723806984804263,3.447287823441435
2017-02-03,3390.93,3392.48,3362.57,3364.49,55188861.0,-0.00692747257936932,3.4234068315713504
2017-02-06,3368.11,3381.33,3358.75,3373.21,68521360.0,0.0025917746820469656,3.4322795307237635
2017-02-07,3371.77,3376.71,3354.63,3365.68,63754462.0,-0.0022322950542659203,3.424617670102471
2017-02-08,3361.78,3383.69,3347.43,3383.29,75402879.0,0.005232226474293444,3.442536045340314
2017-02-09,3381.9,3406.59,3379.79,3396.29,97558515.0,0.003842413745200668,3.4557636931592786
2017-02-10,3398.32,3422.33,3398.03,3413.49,123768720.0,0.005064349628565168,3.4732648887351387
2017-02-13,3416.92,3439.54,3416.87,3436.27,120144538.0,0.006673521820775852,3.496443797759447
2017-02-14,3438.51,3440.67,3424.4,3435.8,94809465.0,-0.00013677621374330595,3.4959655674152232
2017-02-15,3435.39,3448.03,3417.08,3421.71,127643338.0,-0.004100937190756215,3.481628832202207
2017-02-16,3421.83,3440.93,3418.35,3440.93,108276962.0,0.005617074503683872,3.5011854007468606
2017-02-17,3443.62,3457.56,3419.61,3421.44,114600036.0,-0.0056641663736256564,3.481354104132121
2017-02-20,3421.64,3472.6,3421.64,3471.39,132628862.0,0.014599116161616132,3.532178797098065
2017-02-21,3475.06,3490.09,3472.02,3482.82,114842009.0,0.0032926291773613947,3.543808952065047
2017-02-22,3483.2,3489.95,3473.52,3489.76,102815994.0,0.0019926381495454226,3.5508704809776326
2017-02-23,3487.57,3492.96,3460.12,3473.32,99536330.0,-0.004710925679702882,3.5341425940434963
2017-02-24,3468.96,3473.85,3455.25,3473.85,95535133.0,0.0001525917565901036,3.5346818750699613
2017-02-27,3471.13,3472.84,3441.39,3446.22,98672160.0,-0.007953711300142552,3.5065680358978084
2017-02-28,3445.03,3460.91,3441.36,3452.81,75215260.0,0.0019122400775342108,3.5132734358306528
2017-03-01,3452.21,3472.7,3449.11,3458.44,103260354.0,0.0016305559819393967,3.519002024847635
2017-03-02,3463.48,3468.47,3434.0,3435.1,89898077.0,-0.006748707509744323,3.4952533094557405
2017-03-03,3424.66,3428.88,3412.83,3427.86,80994652.0,-0.00210765334342522,3.487886527131948
2017-03-06,3427.25,3449.03,3425.9,3446.48,83070882.0,0.005431960465129837,3.506832588854188
2017-03-07,3446.16,3454.04,3440.06,3453.96,80334720.0,0.002170330308024493,3.514443573906946
2017-03-08,3452.2,3457.04,3441.26,3448.73,79587690.0,-0.0015142039861492096,3.5091219894382397
2017-03-09,3442.9,3443.05,3414.68,3426.94,84570381.0,-0.006318267884119599,3.4869504166709144
2017-03-10,3423.98,3436.24,3423.94,3427.89,70016199.0,0.00027721524158574873,3.4879170524730694
2017-03-13,3425.67,3458.1,3412.69,3458.1,91684124.0,0.008813001584064839,3.5186560709816015
2017-03-14,3456.66,3465.39,3448.9,3456.69,77077963.0,-0.0004077383534309975,3.5172213799489294
2017-03-15,3452.21,3463.92,3445.27,3463.64,79104954.0,0.0020105939497032654,3.5242930839752216
2017-03-16,3472.27,3492.13,3472.27,3481.51,106333913.0,0.005159312168701247,3.5424760121694447
2017-03-17,3485.31,3488.5,3441.47,3445.81,103755560.0,-0.010254171322213734,3.5061508562358266
2017-03-20,3449.05,3454.06,3429.83,3449.61,88734322.0,0.0011027886041308221,3.510017399444447
2017-03-21,3449.77,3466.7,3445.64,3466.35,87707855.0,0.0048527224816716785,3.5270505397897898
2017-03-22,3450.75,3464.33,3433.5,3450.05,104935894.0,-0.00470235261874874,3.51046510444755
2017-03-23,3452.41,3470.82,3435.69,3461.98,94318062.0,0.003457920899696987,3.5226040150998763
2017-03-24,3464.2,3499.32,3461.11,3489.6,125645833.0,0.00797809346096745,3.5507076791583225
2017-03-27,3488.76,3505.98,3474.52,3478.04,107015377.0,-0.0033127005960568168,3.5389452477131513
2017-03-28,3480.25,3482.29,3461.47,3469.81,84194820.0,-0.002366275258478878,3.5305711291323765
2017-03-29,3472.97,3483.06,3455.55,3465.19,104851706.0,-0.0013314850092656094,3.5258702265997908
2017-03-30,3461.62,3467.3,3422.37,3436.76,116376922.0,-0.008204456321298403,3.4969423783310862
2017-03-31,3434.82,3456.31,3430.82,3456.05,91577491.0,0.005612844656013305,3.5165701726716883
2017-04-05,3476.42,3504.54,3475.15,3503.89,143399017.0,0.013842392326499864,3.565247916645477
2017-04-06,3507.99,3517.78,3495.72,3514.05,136767004.0,0.0028996344063312307,3.575585832171683
2017-04-07,3514.45,3526.81,3506.39,3517.46,140293204.0,0.0009703902904056871,3.5790555459457343
2017-04-10,3519.46,3522.8,3502.08,3505.14,141887380.0,-0.0035025273919249145,3.5665198058588388
2017-04-11,3503.83,3520.13,3466.14,3517.33,165945832.0,0.0034777498188374167,3.5789232694675444
2017-04-12,3514.57,3523.1,3498.0,3509.44,181824537.0,-0.0022431787748092846,3.570895104752804
2017-04-13,3500.28,3518.44,3496.57,3514.57,129981813.0,0.0014617716786724522,3.5761149380844417
2017-04-14,3516.81,3517.47,3476.95,3486.5,135474078.0,-0.007986752291176513,3.5475533939091854
2017-04-17,3475.74,3480.57,3453.68,3479.94,117164961.0,-0.001881543094794158,3.540878519317462
2017-04-18,3474.89,3489.08,3462.63,3462.74,110927823.0,-0.004942613953114239,3.523377323741601
2017-04-19,3452.99,3459.35,3418.51,3445.88,121349264.0,-0.004868976590792218,3.506222082031775
2017-04-20,3444.52,3465.61,3440.72,3461.55,114184208.0,0.004547459574912649,3.5221664852104806
2017-04-21,3461.39,3475.56,3449.54,3466.79,104419110.0,0.00151377273186859,3.5274982447928935
2017-04-24,3458.23,3458.23,3403.98,3431.26,114660791.0,-0.010248673845257406,3.491346065792293
2017-04-25,3427.73,3449.67,3422.65,3440.97,94072148.0,0.0028298642481185965,3.5012261012016883
2017-04-26,3440.25,3466.57,3439.15,3445.18,111940029.0,0.0012234922129514825,3.505509824072291
2017-04-27,3435.1,3449.27,3399.54,3446.72,123298425.0,0.00044700131778308005,3.507076791583153
2017-04-28,3439.57,3439.9,3417.24,3439.75,101632351.0,-0.0020222124222448734,3.499984737329447
2017-05-02,3427.92,3436.31,3418.67,3426.58,92797462.0,-0.0038287666254814834,3.4865841125774653
2017-05-03,3421.76,3432.22,3403.08,3413.13,91669624.0,-0.003925196551663679,3.472898584641691
2017-05-04,3404.94,3421.4,3391.28,3404.39,103482075.0,-0.0025606994166645913,3.4640055352618635
2017-05-05,3393.48,3395.45,3366.56,3382.55,109895333.0,-0.006415246196822211,3.4417830869260038
2017-05-08,3369.11,3374.16,3339.57,3358.81,123749287.0,-0.007018373712140313,3.4176273669858332
2017-05-09,3342.6,3358.05,3327.59,3352.53,76771668.0,-0.0018697098079378804,3.4112373955779027
2017-05-10,3350.65,3369.43,3336.0,3337.7,92082628.0,-0.004423524919985877,3.3961477019505764
2017-05-11,3322.95,3359.6,3312.89,3356.65,109252890.0,0.005677562393265001,3.4154295424251444
2017-05-12,3350.94,3387.27,3349.17,3385.38,93386466.0,0.008559128893390833,3.444662644105056
2017-05-15,3391.59,3406.58,3391.59,3399.19,82977611.0,0.004079305720480431,3.458714476134279
2017-05-16,3390.93,3428.85,3373.55,3428.65,105242416.0,0.00866677061299903,3.488690361114794
2017-05-17,3423.19,3433.97,3408.15,3409.97,99736837.0,-0.0054482084785557605,3.4696832487103126
2017-05-18,3387.67,3409.93,3383.94,3398.11,85759589.0,-0.0034780364636638472,3.4576155638539343
2017-05-19,3395.23,3405.94,3392.38,3403.85,71473525.0,0.0016891742762887851,3.463456079121692
2017-05-22,3400.59,3424.18,3391.17,3411.24,92539559.0,0.0021710709931401784,3.470975488151088
2017-05-23,3405.03,3434.77,3401.53,3424.19,116911033.0,0.003796273495854985,3.4841522604015185
2017-05-24,3409.72,3424.17,3383.89,3424.17,83553161.0,-5.840797385636698e-06,3.4841319101741046
2017-05-25,3414.4,3490.42,3413.22,3485.66,130721631.0,0.017957636449124736,3.5466986843578057
2017-05-26,3479.62,3498.31,3473.04,3480.43,103241153.0,-0.0015004332034679324,3.541377099889099
2017-05-31,3495.07,3515.08,3474.92,3492.88,104829744.0,0.0035771442034462364,3.5540451164541844
2017-06-01,3485.22,3499.81,3476.43,3497.74,103127724.0,0.0013914019376559672,3.5589902217157356
2017-06-02,3491.59,3498.12,3470.2,3486.51,82668010.0,-0.0032106445876478595,3.547563569022892
2017-06-05,3480.17,3484.12,3462.31,3468.75,79738152.0,-0.005093919134033786,3.5294925670794455
2017-06-06,3464.38,3492.88,3460.45,3492.88,64089388.0,0.006956396396396336,3.5540451164541844
2017-06-07,3493.88,3537.09,3491.13,3533.87,104419968.0,0.011735301527679098,3.5957529075387495
2017-06-08,3531.24,3562.27,3528.18,3560.98,90224905.0,0.007671476313503289,3.6233376407981437
2017-06-09,3561.24,3590.89,3560.63,3576.17,101188265.0,0.00426567967244984,3.638793638518919
2017-06-12,3570.22,3603.69,3565.9,3574.39,90381167.0,-0.0004977392014362536,3.636982468279091
2017-06-13,3569.16,3584.41,3559.21,3582.27,75177138.0,0.00220457196892343,3.6450004578801254
2017-06-14,3571.25,3571.25,3530.27,3535.3,83810783.0,-0.013111797826517724,3.597207948798837
2017-06-15,3530.75,3542.28,3508.95,3528.79,82632535.0,-0.0018414278844794962,3.5905839497756475
2017-06-16,3522.97,3536.14,3514.39,3518.76,76452707.0,-0.002842334057849838,3.5803783107276312
2017-06-19,3520.06,3554.91,3520.06,3553.67,79797141.0,0.009921108572337856,3.6158996326784036
2017-06-20,3560.79,3563.7,3539.51,3546.49,80509559.0,-0.0020204464680176892,3.608593901036852
2017-06-21,3567.13,3587.99,3545.57,3587.96,87859824.0,0.01169325163753454,3.6507900975793484
2017-06-22,3583.56,3635.53,3581.34,3590.34,135526987.0,0.0006633295800400063,3.6532117746415897
2017-06-23,3583.44,3623.24,3569.32,3622.88,105129134.0,0.00906320849835951,3.6863215946438284
2017-06-26,3627.02,3671.94,3627.02,3668.09,134637995.0,0.012479022214370916,3.732323283712704
2017-06-27,3665.58,3676.53,3648.76,3674.72,97558702.0,0.00180748018723631,3.7390693841003757
2017-06-28,3664.16,3672.19,3644.03,3646.17,97920858.0,-0.00776929942961635,3.710019434467189
2017-06-29,3649.25,3669.13,3644.73,3668.83,85589498.0,0.006214740398829521,3.733076242127015
2017-06-30,3654.73,3669.76,3646.23,3666.8,81510028.0,-0.0005533099107889461,3.731010694044515
2017-07-03,3667.23,3667.6,3633.78,3650.85,88820860.0,-0.00434984182393372,3.714781387682016
2017-07-04,3646.83,3646.85,3611.69,3619.98,95071413.0,-0.008455565142364119,3.683370811668829
2017-07-05,3611.9,3660.73,3610.46,3659.68,88232425.0,0.010966911419399983,3.7237660130852044
2017-07-06,3654.56,3666.77,3629.56,3660.1,102379245.0,0.00011476413238309391,3.724193367860894
2017-07-07,3647.64,3657.11,3631.87,3655.93,103735497.0,-0.0011393131335210027,3.719950345445118
2017-07-10,3647.94,3667.85,3641.53,3653.69,120591910.0,-0.0006127031972712471,3.717671119974774
2017-07-11,3646.88,3701.21,3645.99,3670.81,118760826.0,0.00468567393511754,3.735090914640979
2017-07-12,3672.63,3691.58,3640.59,3658.82,122287792.0,-0.0032663090707499842,3.722890953306411
2017-07-13,3656.35,3690.48,3652.57,3686.92,125669549.0,0.007680071717111048,3.7514830228227884
2017-07-14,3682.62,3703.09,3672.74,3703.09,105514005.0,0.004385774576068924,3.7679361816868386
2017-07-17,3700.62,3716.47,3621.37,3663.56,178821600.0,-0.010674868825764516,3.7277139572034796
2017-07-18,3648.49,3667.54,3622.04,3667.18,124622056.0,0.0009881099258644,3.7313973483653755
2017-07-19,3660.87,3731.05,3658.2,3729.75,182477787.0,0.017062156752600144,3.795063034829422
2017-07-20,3725.14,3750.19,3723.07,3747.88,142410039.0,0.004860915610966021,3.8135105159800244
2017-07-21,3738.18,3751.69,3722.07,3728.6,117941226.0,-0.005144241544553285,3.793892896753129
2017-07-24,3724.38,3755.19,3719.85,3743.47,134868722.0,0.0039880920452717294,3.8090232908352832
2017-07-25,3742.64,3752.16,3713.28,3719.56,121672059.0,-0.006387122108631793,3.784694593962096
2017-07-26,3722.88,3738.53,3684.18,3705.39,136325210.0,-0.003809590381658068,3.7702764578394246
2017-07-27,3700.86,3716.69,3672.5,3712.19,145002904.0,0.0018351644496261699,3.777195535160114
2017-07-28,3703.49,3725.54,3696.78,3721.89,111411392.0,0.002613012803762693,3.7870653954558025
2017-07-31,3722.43,3746.52,3713.66,3737.87,148429039.0,0.004293517540819414,3.803325227159422
2017-08-01,3738.74,3770.4,3737.1,3770.38,152546539.0,0.008697466739078674,3.83640452182054
2017-08-02,3768.19,3784.35,3759.28,3760.85,172293383.0,-0.002527596687867062,3.826707638457868
2017-08-03,3755.11,3766.35,3718.44,3727.83,146153944.0,-0.008779930069000352,3.7931094129976985
2017-08-04,3724.72,3738.73,3707.0,3707.58,157470060.0,-0.005432114661881093,3.7725048077412344
2017-08-07,3701.22,3730.78,3689.96,3726.79,124231530.0,0.005181277275203788,3.792051201172181
2017-08-08,3724.33,3737.33,3718.81,3732.21,137241928.0,0.0014543346955422365,3.7975661128013183
2017-08-09,3728.03,3739.0,3713.57,3731.04,124679989.0,-0.0003134871831971253,3.7963756244976112
2017-08-10,3724.96,3746.86,3688.18,3715.92,130085128.0,-0.004052489386337288,3.780990852572785
2017-08-11,3687.93,3700.49,3645.09,3647.35,150387421.0,-0.018453034510969024,3.7112200978846013
2017-08-14,3651.38,3698.37,3651.38,3694.68,115308451.0,0.012976544614583085,3.759378911059338
2017-08-15,3695.78,3719.29,3692.28,3706.06,106444857.0,0.003080104366278036,3.7709581904577854
2017-08-16,3701.13,3707.14,3679.73,3701.42,104134141.0,-0.0012520034753888964,3.766236937697786
2017-08-17,3707.07,3722.62,3704.41,3721.28,108656251.0,0.005365508372462413,3.7864447135196806
2017-08-18,3707.19,3733.49,3700.41,3724.67,96561705.0,0.000910976868174318,3.789894077066318
2017-08-21,3731.84,3744.26,3728.62,3740.99,100313073.0,0.004381596221947115,3.8064998626359716
2017-08-22,3745.75,3758.29,3734.56,3752.3,100292856.0,0.003023263895385986,3.8180079162384706
2017-08-23,3747.61,3772.46,3741.72,3756.09,104961573.0,0.00101004717106834,3.8218642843333837
2017-08-24,3755.89,3765.71,3729.09,3734.65,89947372.0,-0.005708063438309541,3.800048840545799
2017-08-25,3736.29,3795.97,3736.29,3795.75,129940900.0,0.016360301500810026,3.8622187852949317
2017-08-28,3805.66,3866.94,3805.66,3842.71,185576325.0,0.012371731541856112,3.9100011192625144
2017-08-29,3839.18,3847.93,3825.76,3834.54,128227070.0,-0.0021261037132648264,3.9016880513639807
2017-08-30,3834.27,3854.71,3827.86,3834.3,141352857.0,-6.258899372535431e-05,3.9014438486350156
2017-08-31,3835.84,3840.2,3800.89,3822.09,132944935.0,-0.003184414365073218,3.8890200347988957
2017-09-01,3825.34,3843.62,3818.16,3830.54,158645511.0,0.0022108322933263036,3.897618005881222
2017-09-04,3828.54,3847.09,3813.55,3845.62,149566320.0,0.003936781759229735,3.912962077351221
2017-09-05,3845.55,3865.29,3841.95,3857.05,124964155.0,0.0029722125431010937,3.924592232318203
2017-09-06,3846.75,3858.25,3831.38,3849.45,131398723.0,-0.001970417806354652,3.916859145900962
2017-09-07,3851.69,3858.16,3828.84,3829.87,123884181.0,-0.005086440920131441,3.8969362732628605
2017-09-08,3830.07,3843.02,3813.98,3825.99,106036504.0,-0.0010130892171275052,3.892988329144585
2017-09-11,3828.34,3850.74,3817.51,3825.65,123883997.0,-8.886588830592235e-05,3.892642375278551
2017-09-12,3832.24,3849.39,3822.0,3837.93,144190242.0,0.00320991204109089,3.905137414910618
2017-09-13,3835.55,3847.78,3822.94,3842.61,95410785.0,0.0012194073367675085,3.9098993681254455
2017-09-14,3843.57,3854.49,3820.09,3829.96,115358583.0,-0.003292033279463702,3.8970278492862223
2017-09-15,3826.14,3843.3,3818.52,3831.3,122427006.0,0.00034987310572431873,3.898391314522946
2017-09-18,3832.96,3862.36,3832.96,3843.14,117934405.0,0.003090334873280476,3.91043864915191
2017-09-19,3849.88,3857.3,3820.29,3832.12,112432987.0,-0.002867446931415496,3.899225673846911
2017-09-20,3830.15,3850.94,3827.89,3842.44,101129542.0,0.002693026314416036,3.9097263911924274
2017-09-21,3843.26,3860.8,3837.38,3837.82,111098192.0,-0.0012023609997813267,3.9050254886598417
2017-09-22,3826.46,3842.25,3816.82,3837.73,100619802.0,-2.34508132220812e-05,3.9049339126364795
2017-09-25,3829.22,3835.39,3811.12,3817.79,103948976.0,-0.005195779796911215,3.884644735904929
2017-09-26,3810.33,3821.69,3808.38,3820.78,81869407.0,0.0007831756068301665,3.887687094903291
2017-09-27,3818.96,3832.57,3818.81,3821.2,85655811.0,0.00010992519851948934,3.88811444967898
2017-09-28,3821.59,3827.33,3813.75,3822.54,93544069.0,0.0003506751805715247,3.889477914915704
2017-09-29,3825.2,3852.22,3825.2,3836.5,93306028.0,0.0036520219539886156,3.90368237365053
2017-10-09,3910.12,3918.84,3876.03,3882.21,135535851.0,0.011914505408575637,3.9501928184047506
2017-10-10,3883.0,3900.74,3855.47,3889.86,112532586.0,0.001970527096679442,3.9579767803905255
2017-10-11,3886.82,3913.07,3885.5,3902.69,104418151.0,0.003298319219714907,3.971031451276473
2017-10-12,3902.02,3917.44,3897.55,3912.95,94340921.0,0.002628955925271903,3.9814711179397473
2017-10-13,3912.98,3927.17,3908.89,3921.0,90142068.0,0.0020572713681494825,3.9896620844737987
2017-10-16,3926.28,3947.42,3913.32,3913.45,121355033.0,-0.0019255292017342773,3.981979873625092
2017-10-17,3910.79,3924.61,3900.48,3913.07,82241227.0,-9.71010233935532e-05,3.9815932193042305
2017-10-18,3914.82,3944.41,3914.82,3944.16,100969841.0,0.007945168371636502,4.013227647818969
2017-10-19,3940.58,3944.03,3923.65,3931.25,106527252.0,-0.0032731937852419346,4.000091576023367
2017-10-20,3918.53,3928.96,3910.2,3926.85,72980180.0,-0.0011192368839427758,3.995614525992333
2017-10-23,3930.89,3936.27,3920.66,3930.8,81484980.0,0.0010058953104905566,3.9996336959065566
2017-10-24,3926.23,3959.5,3922.03,3959.4,93058154.0,0.007275872595909227,4.028734521108278
2017-10-25,3958.17,3978.09,3954.0,3976.95,88205458.0,0.004432489771177384,4.04659184566388
2017-10-26,3980.05,4013.6,3973.55,3993.58,129895465.0,0.0041815964495404145,4.063513059758447
2017-10-27,3992.55,4024.46,3991.35,4021.97,126672846.0,0.007108909800229268,4.092400207572323
2017-10-30,4022.16,4033.34,3960.27,4009.72,157387603.0,-0.00304577110222104,4.079935693281376
2017-10-31,3995.39,4009.28,3983.26,4006.72,109178779.0,-0.0007481819179394611,4.0768831591693075
2017-11-01,4007.91,4032.46,3991.32,3996.62,130417380.0,-0.002520765114607415,4.066606294325343
2017-11-02,3994.09,3999.23,3971.38,3997.13,126100579.0,0.00012760782861520603,4.067125225124395
2017-11-03,3992.35,3999.34,3963.03,3992.7,129404439.0,-0.00110829520180733,4.06261764975224
2017-11-06,3989.18,4021.64,3975.41,4020.89,122081159.0,0.007060385202995567,4.091301295291979
2017-11-07,4022.4,4064.22,4021.36,4054.25,152116663.0,0.008296670637595094,4.125245474618183
2017-11-08,4051.49,4089.15,4040.58,4048.01,150827719.0,-0.0015391256089288818,4.11889620366508
2017-11-09,4043.07,4076.61,4038.4,4075.9,121056335.0,0.006889805114117742,4.147274595793611
2017-11-10,4070.28,4116.71,4067.66,4111.91,141817165.0,0.008834858558845804,4.183915180252142
2017-11-13,4115.55,4137.65,4115.55,4128.07,151446309.0,0.00393004710706224,4.200358164002486
2017-11-14,4129.27,4133.55,4086.89,4099.35,143236936.0,-0.0069572463645236615,4.171135237436283
2017-11-15,4084.21,4102.81,4055.72,4073.67,120635696.0,-0.006264407771963909,4.145005545436974
2017-11-16,4063.49,4107.62,4062.27,4105.01,121384414.0,0.007693308490869466,4.1768943517943855
2017-11-17,4094.08,4122.38,4081.37,4120.85,191784119.0,0.0038586994915967843,4.1930117319061075
2017-11-20,4093.73,4144.51,4060.96,4143.83,137447258.0,0.005576519407403779,4.216394143204553
2017-11-21,4131.85,4220.26,4129.98,4217.7,180350821.0,0.017826503500384838,4.2915577081573915
2017-11-22,4228.37,4260.64,4191.15,4227.57,186477003.0,0.0023401379898997376,4.301600545386098
2017-11-23,4213.38,4214.19,4086.9,4102.4,178147228.0,-0.02960802541412677,4.174238647116884
2017-11-24,4089.47,4116.59,4057.49,4104.2,130858040.0,0.0004387675507020461,4.176070167584125
2017-11-27,4088.93,4088.93,4037.15,4049.95,143455268.0,-0.013218166756006067,4.1208701757242165
2017-11-28,4034.21,4056.48,4010.3,4055.82,102058095.0,0.0014494006098841883,4.126842967470165
2017-11-29,4061.35,4069.24,4004.69,4053.75,124553642.0,-0.0005103776794828097,4.124736718932838
2017-11-30,4034.01,4052.8,3988.0,4006.1,107983345.0,-0.01175454825778599,4.07625230211948
2017-12-01,4003.56,4027.11,3984.38,3998.14,97386913.0,-0.0019869698709468198,4.068152911608791
2017-12-04,3989.05,4032.99,3982.32,4018.86,102647219.0,0.005182409820566614,4.089235747209479
2017-12-05,4007.94,4045.93,4006.54,4040.17,154087076.0,0.005302498718542159,4.110918914518874
2017-12-06,4027.12,4031.75,3964.81,4015.82,109286205.0,-0.006026974112475436,4.086142512642583
2017-12-07,4003.58,4017.95,3955.99,3971.06,90254045.0,-0.01114591789472641,4.0405987036905175
2017-12-08,3962.83,4014.14,3955.44,4003.38,89282861.0,0.008138884831757842,4.0734846711912045
2017-12-11,4006.88,4069.5,4005.27,4069.5,97148946.0,0.016516043942868208,4.140762523021198
2017-12-12,4068.51,4070.15,4015.45,4016.02,84338718.0,-0.013141663595036213,4.08634601491672
2017-12-13,4013.83,4052.69,4004.74,4050.09,77546131.0,0.008483523488428846,4.121012627316114
2017-12-14,4050.9,4057.62,4013.85,4026.15,80768862.0,-0.005910979756005408,4.096653405101806
2017-12-15,4018.73,4020.27,3974.93,3980.86,89044389.0,-0.011248959924493596,4.0505703151232755
2017-12-18,3983.3,4008.07,3967.93,3985.29,77853375.0,0.0011128248669884933,4.05507789049543
2017-12-19,3985.82,4035.63,3985.82,4035.33,77528985.0,0.012556175334793584,4.105994159484736
2017-12-20,4036.02,4044.85,4015.63,4030.49,90604503.0,-0.00119940624434689,4.101069404450597
2017-12-21,4023.08,4080.78,4014.65,4067.85,96836089.0,0.009269344422142334,4.13908362925956
2017-12-22,4064.91,4076.8,4048.49,4054.6,73473684.0,-0.0032572489152746797,4.125601603597923
2017-12-25,4057.42,4086.93,4026.45,4041.54,91926962.0,-0.0032210329009026983,4.112312905096718
2017-12-26,4040.62,4056.86,4015.3,4053.62,91118790.0,0.0029889596539933727,4.124604442454648
2017-12-27,4045.28,4047.74,3986.74,3991.21,105153577.0,-0.015396115077387584,4.061101557809912
2017-12-28,3993.0,4036.7,3980.24,4018.9,118542886.0,0.006937745696167452,4.089276447664306
2017-12-29,4022.88,4043.14,4012.88,4030.86,90486683.0,0.00297593868969126,4.101445883657754
2018-01-02,4045.21,4087.78,4045.21,4087.4,146935435.0,0.014026783366328788,4.158975976556542
2018-01-03,4091.46,4140.05,4088.73,4111.39,151852218.0,0.005869256740226092,4.183386074339385
2018-01-04,4114.12,4137.64,4105.89,4128.81,134543794.0,0.0042370098677089185,4.201111122416797
2018-01-05,4133.34,4151.28,4123.28,4138.75,149009872.0,0.0024074733397758674,4.211225185441451
2018-01-08,4140.85,4166.32,4127.31,4160.16,173877666.0,0.005173059498640775,4.233010103887914
2018-01-09,4157.54,4191.28,4153.5,4189.3,139034294.0,0.007004538286988993,4.262660385229808
2018-01-10,4187.2,4211.05,4175.14,4207.81,151121666.0,0.004418399255245564,4.281494520701273
2018-01-11,4197.11,4211.8,4181.96,4205.59,121578539.0,-0.000527590361732222,4.279235645458342
2018-01-12,4205.14,4227.39,4199.02,4225.0,111354794.0,0.004615285845743333,4.298985541163426
2018-01-15,4229.84,4262.93,4216.36,4225.24,170907897.0,5.680473372771111e-05,4.299229743892391
2018-01-16,4215.62,4260.21,4213.13,4258.47,161494963.0,0.007864642008501344,4.333041646740405
2018-01-17,4261.78,4283.34,4230.54,4248.12,214311032.0,-0.0024304503730213645,4.322510404053768
2018-01-18,4259.38,4292.64,4246.68,4271.42,172032846.0,0.005484779149364849,4.346218418990834
2018-01-19,4281.94,4316.57,4269.62,4285.4,209490570.0,0.0032729162667215483,4.360443227953074
2018-01-22,4276.48,4338.48,4275.9,4336.6,174643195.0,0.011947542819807033,4.412539810132381
2018-01-23,4346.89,4383.57,4346.79,4382.61,201867585.0,0.010609694230502953,4.459355508297808
2018-01-24,4389.45,4397.82,4349.09,4389.89,219818889.0,0.0016611106167330192,4.466762991076428
2018-01-25,4381.98,4392.2,4336.24,4365.08,195374950.0,-0.005651622250215982,4.441518533969619
2018-01-26,4352.22,4403.34,4351.49,4381.3,177227237.0,0.0037158540049666566,4.458022568402204
2018-01-29,4387.06,4395.91,4287.11,4302.02,191100354.0,-0.018095085933398702,4.377354266933936
2018-01-30,4286.68,4308.51,4251.57,4256.1,139034730.0,-0.010674055443721797,4.330630144791871
2018-01-31,4234.11,4287.86,4232.77,4275.9,145210164.0,0.004652146331147966,4.350776869931523
2018-02-01,4276.34,4287.39,4214.29,4245.9,190002934.0,-0.007016066792955855,4.320251528810836
2018-02-02,4213.94,4271.76,4181.78,4271.23,146066827.0,0.005965755199133227,4.346025091830402
2018-02-05,4204.46,4274.15,4200.14,4274.15,161347799.0,0.0006836438215689356,4.348996225032815
2018-02-06,4182.33,4211.52,4131.56,4148.89,214910450.0,-0.029306411801176657,4.221542750740241
2018-02-07,4205.74,4212.57,4048.42,4050.5,203127493.0,-0.023714776723412823,4.121429806978094
2018-02-08,4022.88,4071.67,3974.68,4012.05,159269985.0,-0.009492655227749669,4.0823064947750805
2018-02-09,3896.17,3911.29,3759.15,3840.65,206349828.0,-0.042721302077491585,3.907905045838888
2018-02-12,3846.27,3907.84,3828.07,3890.1,116182637.0,0.012875424732792684,3.9582209831194874
2018-02-13,3925.6,3986.98,3925.6,3935.63,112565885.0,0.011704069304131037,4.004548275826983
2018-02-14,3945.09,3971.4,3923.13,3966.96,71081338.0,0.007960606052906272,4.036426907070687
2018-02-22,4020.97,4058.79,4009.92,4052.73,105811571.0,0.021621090205094173,4.123698857334731
2018-02-23,4061.75,4085.2,4035.23,4071.09,99458746.0,0.004530279589313846,4.142380366100592
2018-02-26,4093.4,4128.74,4048.98,4118.42,137881001.0,0.011625879064329103,4.190539179275328
2018-02-27,4120.87,4120.87,4051.81,4058.98,125934470.0,-0.014432719343826061,4.13005830340154
2018-02-28,4016.79,4051.71,3991.71,4023.64,109343593.0,-0.008706620875195248,4.094099451561371
2018-03-01,3994.87,4061.03,3986.89,4049.09,110199852.0,0.006325118549373343,4.119995115945422
2018-03-02,4014.95,4044.42,4006.94,4016.46,96165000.0,-0.008058600821419182,4.086793719919821
2018-03-05,4021.66,4042.83,3995.87,4018.1,87952548.0,0.00040831976417043947,4.088462438567752
2018-03-06,4034.99,4067.55,3998.93,4066.56,138762444.0,0.012060426569771687,4.137771039591367
2018-03-07,4063.5,4089.7,4027.94,4036.65,106952426.0,-0.007355110953729871,4.107337274494043
2018-03-08,4038.95,4078.23,4029.71,4077.6,91155810.0,0.01014455055553487,4.149004365123781
2018-03-09,4088.07,4110.67,4076.45,4108.87,113701808.0,0.0076687267019814875,4.180821945685243
2018-03-12,4130.71,4139.53,4112.77,4127.67,140906739.0,0.004575467220914842,4.199951159454207
2018-03-13,4124.33,4130.28,4087.56,4091.25,111766430.0,-0.008823379775999562,4.162893395333692
2018-03-14,4076.06,4089.09,4066.49,4073.34,99013409.0,-0.004377635197066909,4.144669766684642
2018-03-15,4058.71,4098.99,4058.71,4096.16,88161156.0,0.005602282156657701,4.167889376163778
2018-03-16,4096.89,4110.04,4055.82,4056.42,84896188.0,-0.009701769462130305,4.127453474292575
2018-03-19,4054.62,4074.52,4033.52,4074.25,81502882.0,0.004395501452019168,4.14559570203197
2018-03-20,4045.74,4080.19,4040.31,4077.7,80605280.0,0.0008467816162482933,4.149106116260848
2018-03-21,4097.02,4110.12,4046.24,4061.05,97609488.0,-0.004083184147926411,4.132164551938867
2018-03-22,4062.07,4072.38,4003.72,4020.35,89095259.0,-0.010022038635328356,4.0907518391518005
2018-03-23,3896.74,3928.51,3834.94,3904.94,180080449.0,-0.028706455905580297,3.973320851860518
2018-03-26,3862.69,3883.9,3829.92,3879.89,115139128.0,-0.006414951318074125,3.9478321920247437
2018-03-27,3927.49,3936.78,3881.87,3913.27,113700711.0,0.008603336692535102,3.9817967215783616
2018-03-28,3865.05,3907.28,3835.88,3842.72,101494908.0,-0.018028400800353728,3.9100112943762126
2018-03-29,3854.59,3913.96,3794.26,3894.05,116629066.0,0.013357725777574325,3.9622401530337084
2018-03-30,3893.75,3915.35,3879.21,3898.5,97512270.0,0.0011427690964420645,3.9667680786332773
2018-04-02,3897.01,3937.02,3882.89,3886.92,111242666.0,-0.0029703732204694466,3.954985296960692
2018-04-03,3850.15,3878.15,3839.93,3862.48,95137369.0,-0.006287754829016334,3.9301173190610386
2018-04-04,3873.63,3898.61,3852.5,3854.86,88730609.0,-0.001972825749259499,3.9223638824163842
2018-04-09,3851.95,3870.67,3827.41,3852.93,84105462.0,-0.0005006666908785595,3.9204000854709533
2018-04-10,3860.72,3927.42,3851.8,3927.17,106173722.0,0.019268452839786843,3.9959401296309465
2018-04-11,3934.17,3958.71,3924.96,3938.34,111933021.0,0.0028442873621463693,4.00730573164155
2018-04-12,3935.67,3937.78,3896.18,3898.64,82699490.0,-0.010080389199510487,3.966910530225174
2018-04-13,3920.74,3929.95,3866.19,3871.14,71544203.0,-0.007053741817659498,3.938928967531211
2018-04-16,3862.47,3869.16,3789.61,3808.86,99217770.0,-0.01608828407135876,3.875558359364665
2018-04-17,3812.87,3822.63,3745.44,3748.64,90610790.0,-0.015810504980492968,3.814283824621739
2018-04-18,3785.31,3789.66,3708.11,3766.28,106676706.0,0.004705706602928128,3.8322327252007033
2018-04-19,3774.78,3824.03,3767.8,3811.84,99054060.0,0.012096817018384165,3.8785905432493197
2018-04-20,3801.21,3815.44,3750.1,3760.85,99282925.0,-0.013376741940899994,3.8267076384578584
2018-04-23,3754.69,3787.4,3735.18,3766.33,90356291.0,0.0014571174069690773,3.832283600769237
2018-04-24,3769.88,3854.43,3769.88,3843.49,114219525.0,0.020486786872100815,3.9107947781316432
2018-04-25,3824.59,3838.69,3817.03,3828.7,78172612.0,-0.003848065169936743,3.895745784959144
2018-04-26,3823.39,3828.71,3744.89,3755.49,87150641.0,-0.019121372789719704,3.821253777510961
2018-04-27,3771.04,3776.98,3714.64,3756.88,89531726.0,0.00037012480395381964,3.82266811831622
2018-05-02,3769.93,3787.3,3744.55,3763.65,83301035.0,0.0018020272140713,3.829556670295789
2018-05-03,3756.17,3797.53,3732.37,3793.0,93961118.0,0.007798280924102841,3.8594206290255273
2018-05-04,3784.32,3801.52,3770.94,3774.6,71554288.0,-0.004851041392037958,3.8406984198048395
2018-05-07,3782.54,3834.59,3776.03,3834.19,87286195.0,0.015787103269220726,3.9013319223842315
2018-05-08,3834.61,3892.07,3833.73,3878.68,94215157.0,0.011603493827901046,3.94660100326621
2018-05-09,3876.13,3878.94,3855.74,3871.62,66712966.0,-0.0018202068745036826,3.939417372989142
2018-05-10,3882.84,3894.49,3867.31,3893.06,70667809.0,0.005537733558562019,3.961232816776726
2018-05-11,3902.15,3903.34,3871.95,3872.84,73356604.0,-0.005193857787961109,3.940658736861383
2018-05-14,3886.87,3919.3,3886.87,3909.29,81975999.0,0.009411697875460812,3.9777470263230175
2018-05-15,3920.14,3924.34,3892.92,3924.1,76049555.0,0.0037884117064734824,3.9928163697229295
2018-05-16,3909.82,3923.34,3889.19,3892.84,71913646.0,-0.0079661578451109,3.961008964275174
2018-05-17,3895.49,3899.51,3858.85,3864.05,59030123.0,-0.007395628898182349,3.931714811913021
2018-05-18,3860.16,3903.06,3841.9,3903.06,72613956.0,0.010095625056611546,3.971407930483621
2018-05-21,3925.54,3937.46,3913.6,3921.24,92641737.0,0.004657883814237929,3.9899062872027566
2018-05-22,3918.82,3918.82,3881.17,3906.21,75368778.0,-0.003832971202986757,3.9746130913012925
2018-05-23,3898.27,3898.27,3854.58,3854.58,83722319.0,-0.013217415346333139,3.92207897923259
2018-05-24,3853.29,3859.1,3823.92,3827.22,68345022.0,-0.007098049592951794,3.8942398681305233
2018-05-25,3823.74,3841.12,3804.14,3816.5,70836386.0,-0.0028009887072077966,3.8833321462367314
2018-05-28,3816.26,3846.55,3799.32,3833.26,71521132.0,0.004391458142277038,3.9003856368094887
2018-05-29,3824.19,3841.78,3800.67,3804.01,81552662.0,-0.007630580758936301,3.8706234292168187
2018-05-30,3755.18,3767.89,3722.07,3723.37,87913285.0,-0.02119868244300105,3.788571312284412
2018-05-31,3749.3,3804.79,3742.53,3802.38,92666894.0,0.02122002379564747,3.8689648856825944
2018-06-01,3789.67,3802.54,3753.84,3770.59,77821813.0,-0.008360553127251924,3.836618199208373
2018-06-04,3785.19,3813.41,3776.62,3807.58,76624341.0,0.009810135814289023,3.87425594481018
2018-06-05,3811.29,3845.56,3800.93,3845.32,78687360.0,0.009911807499776826,3.912656823940005
2018-06-06,3839.68,3848.33,3830.9,3837.35,73117237.0,-0.0020726493503792076,3.904547258315609
2018-06-07,3846.94,3859.85,3827.69,3831.01,80256147.0,-0.0016521818442414293,3.898096236225437
2018-06-08,3819.45,3819.46,3759.27,3779.62,83337335.0,-0.013414217138561502,3.8458063268857
2018-06-11,3770.21,3792.55,3756.51,3779.98,68709834.0,9.524767040081095e-05,3.8461726309791486
2018-06-12,3783.19,3830.47,3765.26,3825.95,73206244.0,0.012161440007619095,3.892947628689748
2018-06-13,3814.62,3817.45,3782.07,3788.34,66377970.0,-0.009830238241482436,3.854679026038114
2018-06-14,3774.64,3808.16,3759.25,3773.37,68471322.0,-0.003951598853323635,3.839446880818891
2018-06-15,3763.04,3780.34,3737.43,3753.43,85488893.0,-0.00528440094663396,3.8191577040873406
2018-06-19,3702.67,3712.82,3583.02,3621.12,160706542.0,-0.03525042427859315,3.684530774631404
2018-06-20,3602.55,3649.34,3578.17,3635.44,86718098.0,0.003954577589254216,3.6991015374596787
2018-06-21,3633.56,3673.56,3589.49,3592.97,93908552.0,-0.011682217283189966,3.6558878295464927
2018-06-22,3567.89,3609.08,3542.46,3608.9,75117864.0,0.0044336579487165295,3.6720967856815774
2018-06-25,3625.8,3631.03,3559.03,3560.48,79877078.0,-0.01341683061320631,3.622828885112788
2018-06-26,3521.59,3541.78,3478.21,3531.11,84985269.0,-0.00824888779041022,3.592944576155636
2018-06-27,3525.13,3537.66,3441.78,3459.26,81491817.0,-0.020347709360512667,3.5198363841715907
2018-06-28,3434.94,3477.06,3416.95,3423.53,75918051.0,-0.010328798644796855,3.4834807028968524
2018-06-29,3431.96,3512.38,3425.22,3510.98,77257031.0,0.025543810044018844,3.572462072263655
2018-07-02,3504.46,3506.9,3383.5,3407.96,84351449.0,-0.02934223493155752,3.467638050855216
2018-07-03,3410.48,3422.04,3319.29,3409.28,95278693.0,0.00038732848977107714,3.4689811658645264
2018-07-04,3398.78,3418.33,3359.09,3363.75,75157997.0,-0.01335472592453546,3.42265387315703
2018-07-05,3365.55,3398.49,3330.71,3342.44,81587981.0,-0.006335191378669669,3.4009707058476355
2018-07-06,3347.06,3396.25,3295.73,3365.12,86097579.0,0.006785462117494978,3.4240478637348746
2018-07-09,3378.91,3459.32,3378.91,3459.18,76601545.0,0.02795145492582729,3.5197549832619353
2018-07-10,3464.91,3474.14,3437.27,3467.52,69548823.0,0.002410976011655963,3.528241028093486
2018-07-11,3398.93,3427.57,3375.14,3407.53,72040950.0,-0.017300549095607187,3.4672005209658194
2018-07-12,3403.33,3499.1,3403.33,3481.06,96353564.0,0.021578680158355068,3.5420181320526227
2018-07-13,3488.5,3499.76,3474.91,3492.69,72955897.0,0.003340936381447168,3.5538517892937427
2018-07-16,3488.97,3506.24,3459.73,3472.09,68281999.0,-0.005898032748397286,3.532891055057538
2018-07-17,3466.42,3467.19,3420.97,3449.38,61983076.0,-0.006540729070963036,3.5097833718291778
2018-07-18,3456.61,3479.26,3430.16,3431.32,66530330.0,-0.005235723521328506,3.491407116474524
2018-07-19,3444.8,3466.51,3417.96,3428.34,68477716.0,-0.0008684704428616463,3.488374932589869
2018-07-20,3426.46,3505.93,3398.95,3492.89,101984727.0,0.01882835424724494,3.5540552915678805
2018-07-23,3471.86,3527.53,3464.65,3525.75,119036627.0,0.009407682463518752,3.5874907152087396
2018-07-24,3530.66,3596.51,3530.66,3581.71,156912435.0,0.015871800326171748,3.6444306515125278
2018-07-25,3589.51,3589.98,3566.31,3577.75,96758501.0,-0.001105617149350424,3.640401306484597
2018-07-26,3583.32,3593.92,3528.64,3536.25,90349641.0,-0.01159946893997621,3.5981745846009803
2018-07-27,3533.77,3545.41,3512.7,3521.23,70178104.0,-0.00424743725698129,3.582891563813223
2018-07-30,3520.85,3550.9,3489.55,3515.08,82116995.0,-0.0017465487911895172,3.576633868883482
2018-07-31,3510.47,3528.15,3493.15,3517.66,67980817.0,0.0007339804499471025,3.579259048219861
2018-08-01,3530.03,3543.61,3446.78,3447.39,90348617.0,-0.019976347913101322,3.5077585242015052
2018-08-02,3434.35,3434.35,3322.1,3370.96,101308727.0,-0.02217039557462308,3.4299901301397018
2018-08-03,3366.66,3381.34,3315.2,3315.28,70796910.0,-0.016517549896765238,3.373335097019707
2018-08-06,3312.82,3344.25,3257.69,3273.27,77975083.0,-0.012671629545619179,3.3305894443370376
2018-08-07,3284.98,3368.96,3263.5,3368.87,91783916.0,0.029206267738377756,3.42786353137496
2018-08-08,3362.15,3368.16,3311.77,3314.51,79284865.0,-0.016135974377164963,3.3725516132642754
2018-08-09,3303.48,3408.39,3299.62,3397.53,91957572.0,0.025047442910113293,3.457025407258923
2018-08-10,3398.41,3424.04,3380.57,3405.02,68967299.0,0.0022045427119112837,3.4646465674253877
2018-08-13,3369.98,3396.19,3336.7,3390.34,76191532.0,-0.004311281578375459,3.4497095005036646
2018-08-14,3386.48,3391.73,3356.61,3372.91,60651446.0,-0.005141077296082486,3.4319742773125452
2018-08-15,3371.96,3372.14,3288.71,3291.98,68174055.0,-0.02399411783889871,3.349627082082639
2018-08-16,3251.86,3315.2,3231.56,3276.73,76547366.0,-0.004632470428131419,3.334110033679623
2018-08-17,3305.9,3311.57,3224.1,3229.62,67395413.0,-0.014377138183493954,3.2861750730064374
2018-08-20,3238.22,3267.25,3209.01,3267.25,70904228.0,0.011651525566475307,3.3244640258854856
2018-08-21,3271.84,3331.71,3270.03,3326.65,75205583.0,0.01818042696457267,3.384904201304446
2018-08-22,3328.97,3328.97,3299.39,3307.95,50787057.0,-0.005621270647648613,3.3658767386725508
2018-08-23,3308.46,3336.11,3285.81,3320.03,61112334.0,0.003651808521894395,3.378168276030481
2018-08-24,3308.48,3353.04,3291.87,3325.33,63765897.0,0.0015963711171282924,3.3835610862951353
2018-08-27,3339.39,3406.57,3339.26,3406.57,94270082.0,0.024430658009881867,3.466223710049956
2018-08-28,3408.15,3416.59,3388.81,3400.17,75445363.0,-0.0018787225860616985,3.4597116372775427
2018-08-29,3393.05,3398.71,3377.12,3386.57,67020404.0,-0.0039998000099994435,3.445873482636165
2018-08-30,3385.81,3402.56,3349.47,3351.09,68385290.0,-0.010476676991764577,3.409772179204099
2018-08-31,3333.38,3356.58,3310.87,3334.5,76205630.0,-0.004950628004619428,3.392891665564359
2018-09-03,3320.69,3325.61,3291.78,3321.82,66429855.0,-0.0038026690658269358,3.379989621384015
2018-09-04,3324.19,3370.96,3307.96,3363.9,67088807.0,0.012667754423779654,3.4228064998626317
2018-09-05,3349.7,3354.2,3298.14,3298.14,64301888.0,-0.019548738071880956,3.3558949521260857
2018-09-06,3286.66,3311.5,3253.76,3262.88,62300288.0,-0.010690874250334992,3.3200175011955717
2018-09-07,3273.89,3316.62,3253.73,3277.64,63947408.0,0.004523611043004916,3.3350359690269498
2018-09-10,3271.38,3277.88,3227.85,3230.07,63817051.0,-0.01451349141455427,3.2866329531232474
2018-09-11,3229.71,3245.62,3209.11,3224.21,58491305.0,-0.0018142021689933063,3.2806703364910064
2018-09-12,3216.99,3225.6,3194.98,3202.02,54627899.0,-0.006882306053265785,3.2580917591754046
2018-09-13,3239.69,3249.59,3191.4,3236.57,67290327.0,0.010790063772243785,3.293246777032729
2018-09-14,3242.83,3254.1,3227.94,3242.09,60130640.0,0.0017055092273610128,3.2988634397989354
2018-09-17,3224.93,3230.79,3200.51,3204.92,52259547.0,-0.011464826701294561,3.261042542150404
2018-09-18,3193.64,3270.11,3193.64,3269.43,70425035.0,0.020128427542653204,3.326682200673588
2018-09-19,3262.0,3335.99,3258.31,3312.48,89170666.0,0.013167432855268446,3.370486065181774
2018-09-20,3314.88,3332.31,3303.07,3310.13,64561057.0,-0.0007094382456648285,3.3680949134606535
2018-09-21,3320.7,3410.49,3307.77,3410.49,108416005.0,0.03031905091340814,3.470212354623058
2018-09-25,3375.97,3394.38,3367.03,3379.8,69054693.0,-0.008998706930675504,3.438984930656596
2018-09-26,3388.56,3448.26,3383.24,3417.24,93173343.0,0.011077578554943956,3.477080556375213
2018-09-27,3415.95,3423.71,3394.73,3403.59,69765241.0,-0.0039944516627452575,3.463191526165301
2018-09-28,3409.96,3444.99,3404.7,3438.87,84377756.0,0.010365525812450871,3.499089327323228
2018-10-08,3361.56,3364.46,3285.25,3290.9,97888989.0,-0.04302866930125293,3.3485281698022935
2018-10-09,3290.17,3309.8,3276.13,3288.69,66723274.0,-0.0006715488164331651,3.3462794696730698
2018-10-10,3295.43,3315.73,3256.58,3281.6,64492828.0,-0.002155873615330206,3.3390653140548805
2018-10-11,3179.54,3209.52,3099.04,3124.11,120941342.0,-0.047991833252072125,3.1788174482849807
2018-10-12,3123.37,3184.12,3094.97,3170.73,98611151.0,0.014922649970711577,3.226253828386528
2018-10-15,3173.85,3183.13,3120.23,3126.45,69605023.0,-0.013965238288974557,3.181198424892394
2018-10-16,3128.58,3166.09,3089.37,3100.97,68887721.0,-0.008149818484223359,3.1552722351672235
2018-10-17,3140.68,3149.13,3062.55,3118.25,76837138.0,0.005572449910834498,3.1728548316527396
2018-10-18,3097.79,3097.79,3043.38,3044.39,73771968.0,-0.023686362543093087,3.097701441813608
2018-10-19,3017.75,3137.75,3009.5,3134.95,98839688.0,0.029746517364726666,3.1898472715432553
2018-10-22,3159.56,3297.38,3159.56,3270.27,145862045.0,0.04316496275857684,3.3275369102249677
2018-10-23,3273.13,3276.02,3163.57,3183.43,121013241.0,-0.026554382359866402,3.2391762227942853
2018-10-24,3169.46,3245.4,3164.29,3188.2,110909744.0,0.0014983838187112575,3.2440297520324743
2018-10-25,3107.84,3197.32,3099.89,3194.31,106951817.0,0.0019164418794304083,3.2502467465073877
2018-10-26,3204.28,3218.1,3151.92,3173.64,101299354.0,-0.006470881035340992,3.229214786475234
2018-10-29,3157.49,3158.81,3062.58,3076.89,91839789.0,-0.030485499300487717,3.1307705613610186
2018-10-30,3061.93,3146.63,3050.77,3110.26,116070101.0,0.010845366587690863,3.1647249158009294
2018-10-31,3116.66,3168.92,3106.03,3153.82,111207455.0,0.01400526001041702,3.2090477111081666
2018-11-01,3185.2,3217.8,3173.1,3177.03,132653379.0,0.007359329321267483,3.232664150021871
2018-11-02,3258.61,3290.25,3222.44,3290.25,153466104.0,0.03563705725158406,3.347866787411344
2018-11-05,3269.47,3279.88,3230.36,3262.84,109706683.0,-0.008330673960945223,3.319976800740743
2018-11-06,3254.98,3254.98,3213.9,3243.15,83869138.0,-0.006034620146865954,3.2999420018518655
2018-11-07,3243.88,3270.5,3218.42,3221.91,91615528.0,-0.006549188289163399,3.2783300603384187
2018-11-08,3251.73,3253.57,3207.71,3212.77,76414540.0,-0.0028368266028535594,3.269030006410316
2018-11-09,3193.3,3193.3,3166.31,3167.44,84282762.0,-0.014109319994895397,3.222906215976958
2018-11-12,3160.25,3206.51,3152.44,3205.14,88062391.0,0.011902356477154985,3.2612663946519547
2018-11-13,3164.92,3254.77,3161.1,3237.38,126493464.0,0.010058842983457827,3.294070961242986
2018-11-14,3233.64,3239.24,3200.23,3204.94,113808659.0,-0.010020448634389556,3.2610628923778164
2018-11-15,3201.28,3242.38,3198.78,3242.37,98558810.0,0.01167884578182421,3.2991483429827264
2018-11-16,3242.88,3282.39,3223.72,3257.67,126876835.0,0.004718770528965077,3.314716266954277
2018-11-19,3258.79,3294.6,3251.07,3294.6,115956595.0,0.011336323200324072,3.3522929618738426
2018-11-20,3268.08,3278.78,3213.68,3218.41,109361154.0,-0.02312572087658593,3.2747687705410047
2018-11-21,3187.1,3230.26,3185.24,3226.49,84119726.0,0.0025105564548955073,3.2829902624161766
2018-11-22,3232.97,3235.45,3199.7,3214.43,65098291.0,-0.003737807958493544,3.2707190752856605
2018-11-23,3208.59,3212.2,3139.39,3143.48,84638255.0,-0.02207234253040191,3.198526643535236
2018-11-26,3148.67,3169.44,3131.64,3141.24,59379140.0,-0.0007125860511281168,3.196247418064891
2018-11-27,3152.77,3162.01,3126.29,3137.24,55407832.0,-0.0012733824858972564,3.192177372582133
2018-11-28,3137.75,3179.41,3126.62,3178.93,74881955.0,0.013288750621565537,3.2345974216261815
2018-11-29,3198.83,3204.86,3137.65,3137.65,80498466.0,-0.012985501410851974,3.1925945522441164
2018-11-30,3136.2,3175.15,3132.42,3172.69,70921044.0,0.011167593581183466,3.228248150673079
2018-12-03,3260.69,3273.64,3228.36,3260.95,121487157.0,0.027818664918413116,3.3180537042501403
2018-12-04,3256.23,3267.94,3243.7,3267.71,79415039.0,0.002073015532283673,3.3249320811160024
2018-12-05,3224.26,3266.9,3219.98,3252.0,76153052.0,-0.004807648169513179,3.3089469774824694
2018-12-06,3218.11,3223.52,3179.89,3181.67,76328771.0,-0.021626691266912634,3.2373854027818725
2018-12-07,3187.49,3193.82,3176.71,3181.56,53361924.0,-3.4573038687257807e-05,3.2372734765310964
2018-12-10,3153.52,3170.15,3134.38,3144.76,63437273.0,-0.011566652836973002,3.1998290580897204
2018-12-11,3148.23,3161.96,3143.61,3159.82,53223877.0,0.0047889187092178265,3.215152779332305
2018-12-12,3181.57,3182.21,3160.28,3170.61,53309914.0,0.0034147514731852624,3.2261317270220458
2018-12-13,3178.89,3234.08,3169.42,3219.69,90442755.0,0.015479671104298598,3.27607118509549
2018-12-14,3207.35,3210.72,3165.91,3165.91,84301250.0,-0.01670347145222062,3.221349423579805
2018-12-17,3158.28,3167.51,3134.37,3161.2,66497007.0,-0.0014877239087656147,3.216556945023857
2018-12-18,3139.95,3165.0,3114.47,3128.43,63820319.0,-0.010366316588637181,3.18321309740636
2018-12-19,3133.74,3137.01,3086.76,3091.13,55522299.0,-0.011922913410240876,3.1452599232796397
2018-12-20,3083.54,3097.72,3044.29,3067.42,69749463.0,-0.007670334149647573,3.1211347286805897
2018-12-21,3055.33,3057.4,3007.61,3029.4,76758101.0,-0.012394781281989453,3.082448946366972
2018-12-24,3015.5,3040.35,3007.33,3038.2,57299615.0,0.002904865649963506,3.09140304642904
2018-12-25,3006.88,3030.14,2964.88,3017.28,78689425.0,-0.0068856559805146045,3.0701167085542145
2018-12-26,3012.87,3029.06,2996.48,3002.03,55647032.0,-0.005054221020256655,3.0545996601511987
2018-12-27,3042.95,3047.23,2990.51,2990.51,80541785.0,-0.0038374033570617305,3.0428779291608548
2018-12-28,2994.79,3024.35,2984.82,3010.65,71053779.0,0.006734637235789265,3.063370608166543
2019-01-02,3017.07,3018.78,2958.49,2969.54,68663021.0,-0.013654858585355312,3.021540715717495
2019-01-03,2963.02,3000.44,2953.25,2964.84,70867103.0,-0.0015827367201654008,3.016758412275254
2019-01-04,2940.19,3036.81,2935.83,3035.87,103318972.0,0.02395744795671928,3.089032244935334
2019-01-07,3055.15,3061.75,3035.91,3054.3,101164359.0,0.006070747429896661,3.107784979497143
2019-01-08,3049.87,3055.51,3038.53,3047.7,86170585.0,-0.002160887928494337,3.1010694044505915
2019-01-09,3065.23,3117.96,3062.85,3078.48,107364350.0,0.010099419234176565,3.1323884044404164
2019-01-10,3077.48,3092.54,3062.57,3072.69,85271756.0,-0.0018807983160520347,3.126497013604124
2019-01-11,3082.26,3102.83,3071.03,3094.78,71786424.0,0.007189140459987975,3.148973839782657
2019-01-14,3092.5,3097.41,3064.38,3067.78,66121702.0,-0.008724368129560123,3.1215010327740385
2019-01-15,3071.52,3129.37,3064.67,3127.99,88772962.0,0.019626570353806105,3.1827653924032564
2019-01-16,3126.13,3135.01,3117.29,3128.65,80214341.0,0.0002109981170017594,3.183436949907912
2019-01-17,3132.63,3141.71,3110.06,3111.42,80174871.0,-0.005507167628210241,3.1659052289909306
2019-01-18,3124.5,3171.69,3120.35,3168.17,103963834.0,0.018239260530561685,3.2236489992775637
2019-01-21,3170.88,3199.21,3170.88,3185.64,93915022.0,0.005514224299832282,3.24142492292351
2019-01-22,3181.95,3181.95,3135.34,3143.32,72990528.0,-0.013284614708504283,3.1983638417159277
2019-01-23,3136.1,3157.63,3131.87,3141.05,59870478.0,-0.0007221663718616211,3.1960540909044624
2019-01-24,3146.6,3165.63,3125.3,3158.78,72934636.0,0.005644609286703517,3.2140945675067885
2019-01-25,3165.18,3203.17,3164.41,3184.47,83967729.0,0.00813288674741508,3.2402344346198033
2019-01-28,3203.12,3228.87,3174.72,3183.78,82622431.0,-0.00021667655842250166,3.2395323517740278
2019-01-29,3177.26,3200.99,3148.23,3193.97,77658334.0,0.003200598031270818,3.2499007926413537
2019-01-30,3181.66,3202.9,3167.89,3168.48,63746517.0,-0.00798066356290128,3.223964427802477
2019-01-31,3182.7,3216.07,3178.01,3201.63,86247839.0,0.010462429934858353,3.257694929740836
2019-02-01,3225.73,3247.5,3207.72,3247.4,82019641.0,0.014295843054943802,3.3042664251772975
2019-02-11,3239.81,3307.06,3239.81,3306.47,98818434.0,0.0181899365646363,3.3643708218439303
2019-02-12,3306.35,3335.36,3298.63,3330.34,122232462.0,0.0072191793665148385,3.3886588182622908
2019-02-13,3337.78,3405.58,3329.14,3397.03,163828332.0,0.020024982434226013,3.4565166515735783
2019-02-14,3392.85,3415.4,3381.98,3402.14,151127290.0,0.001504255187619652,3.461716134677802
2019-02-15,3391.24,3395.03,3335.87,3338.7,143668603.0,-0.018647086833581183,3.397165213321256
2019-02-18,3366.42,3445.74,3366.42,3445.74,182886089.0,0.032060382783718255,3.506079630439867
2019-02-19,3454.72,3480.79,3419.07,3439.61,179083785.0,-0.0017790082826909526,3.4998422857375404
2019-02-20,3449.93,3463.77,3421.5,3451.93,147390311.0,0.0035818014251614017,3.5123780258244355
2019-02-21,3450.14,3500.25,3431.63,3442.71,180143287.0,-0.0026709695735428474,3.502996570986678
2019-02-22,3439.38,3520.12,3417.98,3520.12,187237974.0,0.022485193350587185,3.5817621261917574
2019-02-25,3575.85,3729.48,3574.69,3729.48,342557122.0,0.05947524516209679,3.794788306759325
2019-02-26,3734.71,3762.11,3679.27,3684.69,358038698.0,-0.012009717172367207,3.7492139724661393
2019-02-27,3682.81,3737.63,3638.33,3678.39,286236007.0,-0.0017097774846731584,3.7428036508307945
2019-02-28,3675.26,3695.46,3650.05,3669.37,184810220.0,-0.002452159776423879,3.7336256982671747
2019-03-01,3699.22,3749.71,3668.77,3749.71,204711004.0,0.021894766676568533,3.815372561788375
2019-03-04,3783.04,3886.58,3764.78,3794.1,323490126.0,0.011838248824575626,3.8605398915332843
2019-03-05,3785.38,3816.16,3770.79,3816.01,230853166.0,0.005774755541498644,3.8828335656650927
2019-03-06,3822.86,3855.16,3787.52,3848.09,318077371.0,0.008406686565286758,3.915475330436814
2019-03-07,3841.15,3845.18,3778.8,3808.85,329846548.0,-0.01019726669594534,3.875548184250955
2019-03-08,3721.4,3774.54,3656.19,3657.58,317990077.0,-0.0397153996613151,3.7216292392067443
2019-03-11,3663.98,3731.91,3650.81,3729.95,230912865.0,0.019786306793016184,3.795266537103548
2019-03-12,3758.32,3804.72,3723.68,3755.35,274926382.0,0.00680974275794588,3.8211113259190634
2019-03-13,3758.71,3763.09,3708.81,3724.19,233682248.0,-0.008297495572982538,3.7894056716083764
2019-03-14,3710.29,3747.82,3673.85,3698.49,190817237.0,-0.006900829442106904,3.7632556293816544
2019-03-15,3713.94,3782.24,3713.94,3745.0,175174544.0,0.012575402393949942,3.810580083232426
2019-03-18,3753.64,3851.75,3733.68,3851.75,216928060.0,0.02850467289719627,3.9191994220535373
2019-03-19,3856.59,3868.34,3815.22,3833.96,181727110.0,-0.004618679820860616,3.90109789476897
2019-03-20,3825.34,3855.15,3790.51,3835.44,175632090.0,0.00038602385001418327,3.902603811597591
2019-03-21,3840.28,3864.07,3823.47,3836.89,196310310.0,0.00037805310472838194,3.9040792030850904
2019-03-22,3838.13,3845.58,3786.59,3833.8,171356993.0,-0.0008053397413008145,3.90093509294966
2019-03-25,3776.44,3807.18,3741.61,3742.83,198586329.0,-0.023728415671135705,3.80837208355803
2019-03-26,3766.53,3770.84,3687.55,3700.44,173046579.0,-0.011325654651693995,3.7652397765544996
2019-03-27,3724.41,3750.26,3703.45,3743.39,138758454.0,0.011606727848580078,3.808941889925616
2019-03-28,3731.06,3755.72,3710.08,3728.4,133272129.0,-0.004004391741175728,3.79368939447898
2019-03-29,3739.77,3876.38,3739.77,3872.34,215639103.0,0.038606372706791126,3.940149981176036
2019-04-01,3901.17,3982.91,3901.17,3973.93,271382704.0,0.026234783102723425,4.043518961324389
2019-04-02,3986.34,3988.1,3956.51,3971.29,226000341.0,-0.0006643297692712213,4.040832731305768
2019-04-03,3947.87,4026.5,3939.78,4022.16,231917368.0,0.012809439753833196,4.092593534732746
2019-04-04,4039.74,4072.11,4021.71,4062.23,260410939.0,0.009962308809197129,4.133365215356277
2019-04-08,4097.1,4122.6,4017.49,4057.23,267505576.0,-0.0012308510350226287,4.12827765850283
2019-04-09,4063.81,4084.24,4038.28,4075.43,182956808.0,0.00448581914261692,4.146796365449379
2019-04-10,4062.44,4115.38,4035.47,4085.85,194687613.0,0.002556785418961871,4.157398833931964
2019-04-11,4083.46,4097.13,3990.24,3997.58,169049641.0,-0.021603827844879242,4.067583105241196
2019-04-12,3986.78,4006.93,3961.46,3988.62,135862118.0,-0.0022413560203923266,4.058466203359818
2019-04-15,4056.49,4085.39,3974.23,3975.52,182645571.0,-0.0032843439585621415,4.045136804403785
2019-04-16,3958.1,4085.79,3943.49,4085.79,202041966.0,0.027737251982130617,4.157337783249723
2019-04-17,4080.72,4106.62,4057.5,4087.24,180367117.0,0.0003548885282895764,4.158813174737223
2019-04-18,4085.11,4094.05,4056.24,4072.08,146562123.0,-0.0037091044323308564,4.143387702357569
2019-04-19,4076.3,4120.64,4046.2,4120.61,150794910.0,0.011917742284041521,4.192767529177134
2019-04-22,4125.97,4126.09,4015.47,4025.61,189353745.0,-0.023054838968016744,4.096103948961626
2019-04-23,4021.63,4061.09,4005.28,4019.01,155611650.0,-0.0016395030815204992,4.089388373915075
2019-04-24,4033.63,4044.34,3967.81,4030.09,145498695.0,0.0027568978430010382,4.1006623999023155
2019-04-25,4013.6,4022.56,3938.33,3941.82,159722071.0,-0.021902736663449218,4.010846671211548
2019-04-26,3921.89,3943.83,3887.25,3889.27,142008068.0,-0.013331405289942255,3.957376448681811
2019-04-29,3896.58,3953.23,3875.45,3900.33,153870927.0,0.0028437213153111873,3.968630124441638
2019-04-30,3887.18,3923.11,3885.15,3913.21,116233376.0,0.003302284678476042,3.98173567089612
2019-05-06,3775.08,3791.61,3647.14,3684.62,197472882.0,-0.05841495856343004,3.749142746670192
2019-05-07,3702.27,3738.18,3671.83,3720.67,132847654.0,0.009783912588001042,3.785824031583551
2019-05-08,3648.55,3722.93,3642.5,3667.46,112867355.0,-0.014301187689313988,3.7316822515491594
2019-05-09,3637.35,3656.9,3584.82,3599.7,101037394.0,-0.018476002464921315,3.662735681071234
2019-05-10,3643.06,3732.92,3589.29,3730.45,148003847.0,0.03632247131705424,3.7957752927888952
2019-05-13,3675.76,3702.9,3658.0,3668.73,103391860.0,-0.01654492085405246,3.7329744909899354
2019-05-14,3630.44,3683.26,3630.44,3645.15,102313460.0,-0.006427292278254337,3.7089815728690754
2019-05-15,3674.99,3741.04,3674.99,3727.09,110161769.0,0.022479184670040953,3.7923564545833783
2019-05-16,3720.04,3745.14,3707.9,3743.96,116258274.0,0.004526319461027217,3.8095218714069112
2019-05-17,3744.88,3745.36,3637.58,3648.76,128453245.0,-0.025427622089979507,3.712654788917265
2019-05-20,3635.74,3644.5,3583.83,3617.79,108963477.0,-0.008487815038533686,3.681142461767009
2019-05-21,3619.44,3690.09,3610.68,3666.78,111022920.0,0.013541416168434406,3.730990343817091
2019-05-22,3663.15,3679.27,3634.75,3649.38,98346128.0,-0.004745307872302207,3.713285645967092
2019-05-23,3629.53,3631.47,3578.11,3583.96,99897781.0,-0.01792633269212851,3.646720052096581
2019-05-24,3584.9,3623.39,3580.79,3593.91,80934048.0,0.0027762586636010944,3.656844290234942
2019-05-27,3592.6,3648.03,3556.26,3637.2,108830871.0,0.012045376762356286,3.700892357472093
2019-05-28,3633.02,3683.23,3627.79,3672.26,117886240.0,0.009639282964918117,3.736566306128469
2019-05-29,3642.54,3693.23,3637.35,3663.91,93355441.0,-0.0022738041424082978,3.728070086183211
2019-05-30,3648.85,3650.97,3612.62,3641.18,94202561.0,-0.006203755004899114,3.704942052727437
2019-05-31,3641.0,3668.18,3627.54,3629.79,89222267.0,-0.003128106822513521,3.693352598215283
2019-06-03,3640.61,3672.81,3613.13,3632.01,100723180.0,0.0006116056300777828,3.695611473458214
2019-06-04,3632.56,3636.13,3584.46,3598.47,87097094.0,-0.00923455607225765,3.6614841420852855
2019-06-05,3627.79,3634.45,3593.95,3597.11,88642020.0,-0.00037793840159838776,3.660100326621148
2019-06-06,3601.04,3601.04,3557.02,3564.68,85534403.0,-0.009015570833252329,3.627102432869685
2019-06-10,3578.01,3623.73,3568.28,3610.74,92375061.0,0.012921215929620589,3.673969006603646
2019-06-11,3617.52,3723.14,3617.52,3719.28,143482806.0,0.03006032004519854,3.784409690778292
2019-06-12,3706.86,3711.88,3683.94,3691.1,119178853.0,-0.00757673528209768,3.7557362203522597
2019-06-13,3689.58,3697.59,3654.27,3685.39,96331718.0,-0.001546964319579569,3.749926230425622
2019-06-14,3690.48,3709.65,3650.91,3654.88,101817004.0,-0.008278635368305642,3.718881958505883
2019-06-17,3654.44,3683.77,3645.5,3654.82,72976678.0,-1.6416407652264375e-05,3.7188209078236416
2019-06-18,3661.13,3675.65,3638.78,3667.62,70692266.0,0.003502224459754455,3.7318450533684677
2019-06-19,3761.34,3771.35,3715.13,3715.94,125595715.0,0.013174756381522768,3.781011202800188
2019-06-20,3718.94,3845.79,3717.19,3828.52,168872073.0,0.030296506402148538,3.8955626329124193
2019-06-21,3832.73,3856.09,3817.31,3833.94,153635155.0,0.001415690658531199,3.9010775445415566
2019-06-24,3836.31,3853.55,3819.77,3841.27,100084621.0,0.001911871338622806,3.9085359028887106
2019-06-25,3837.43,3838.06,3755.01,3801.31,124075912.0,-0.010402809487487175,3.867876148515956
2019-06-26,3779.51,3809.76,3771.72,3794.33,81820283.0,-0.0018362090963378597,3.8607739191485426
2019-06-27,3807.54,3854.08,3805.83,3834.82,105316358.0,0.010671185690227292,3.9019729545477633
2019-06-28,3832.06,3835.23,3803.05,3825.59,84766139.0,-0.002406892631205637,3.8925813245962986
2019-07-01,3899.33,3936.67,3886.91,3935.81,158370340.0,0.028811242187479547,4.004731427873702
2019-07-02,3931.05,3942.43,3918.94,3937.17,131863496.0,0.0003455451355629524,4.00611524333784
2019-07-03,3927.44,3927.44,3878.84,3893.53,111992603.0,-0.011084103556615488,3.9617110471209473
2019-07-04,3895.2,3906.89,3854.69,3873.1,99342256.0,-0.005247166453064556,3.940923289817759
2019-07-05,3875.37,3900.31,3857.93,3893.2,74006527.0,0.005189641372543852,3.9613752683686188
2019-07-08,3875.75,3875.75,3775.03,3802.79,109539086.0,-0.023222541867872204,3.869382065344575
2019-07-09,3798.1,3811.1,3774.76,3793.13,74842732.0,-0.002540240192069443,3.859552905503714
2019-07-10,3807.95,3810.4,3774.23,3786.74,72833948.0,-0.0016846245712645036,3.853051007845007
2019-07-11,3806.19,3830.74,3774.41,3785.22,75311965.0,-0.0004014006770995948,3.851504390561559
2019-07-12,3783.07,3820.24,3774.52,3808.73,75465967.0,0.006210999624856717,3.8754260828864706
2019-07-15,3792.64,3844.87,3745.86,3824.19,101205222.0,0.004059095814090252,3.8911568086773314
2019-07-16,3819.25,3828.33,3799.87,3806.85,80730952.0,-0.004534293536670564,3.873513161509574
2019-07-17,3800.11,3820.27,3787.9,3804.64,95183885.0,-0.0005805324612212504,3.87126446138035
2019-07-18,3793.19,3793.39,3768.0,3768.4,87496445.0,-0.00952521132091333,3.8343898493065605
2019-07-19,3787.51,3828.15,3787.51,3807.96,88086149.0,0.01049782401019006,3.87464259913104
2019-07-22,3813.5,3816.54,3765.44,3781.68,92101377.0,-0.00690133299719542,3.847902400309318
2019-07-23,3783.54,3792.96,3768.76,3789.91,71313346.0,0.002176281441052641,3.856276518890093
2019-07-24,3803.59,3840.06,3803.57,3819.83,90940684.0,0.00789464657472072,3.8867204591011246
2019-07-25,3821.39,3851.07,3812.95,3851.07,93740417.0,0.008178374430275692,3.9185075143214667
2019-07-26,3835.23,3863.59,3832.52,3858.57,83259300.0,0.0019475106918336316,3.9261388496016383
2019-07-29,3857.94,3862.75,3842.43,3854.27,84814370.0,-0.0011144024858951163,3.9217635507076727
2019-07-30,3861.57,3890.73,3861.57,3870.32,94123955.0,0.004164212678406054,3.93809460820724
2019-07-31,3856.75,3856.75,3830.09,3835.36,82151155.0,-0.00903284482936817,3.902522410687933
2019-08-01,3819.32,3831.26,3791.55,3803.47,84114180.0,-0.008314734470818985,3.8700739730766425
2019-08-02,3729.13,3754.53,3720.06,3747.44,108335897.0,-0.014731284853041982,3.8130628109769065
2019-08-05,3724.41,3739.5,3675.69,3675.69,101325981.0,-0.01914640394509315,3.7400563701299303
2019-08-06,3609.11,3649.9,3575.86,3636.33,129833871.0,-0.010708193563657487,3.700007122579589
2019-08-07,3654.63,3659.08,3621.43,3621.43,84238716.0,-0.0040975379022256675,3.6848462031563143
2019-08-08,3651.36,3675.46,3646.94,3669.29,88457707.0,0.013215773879379222,3.733544297357517
2019-08-09,3686.75,3689.18,3628.12,3633.53,85295580.0,-0.009745754628279535,3.697158090741658
2019-08-12,3647.87,3699.1,3643.32,3699.1,82083056.0,0.01804581219915602,3.7638763113177722
2019-08-13,3675.59,3686.43,3658.01,3665.75,76500302.0,-0.009015706523208378,3.7299423071052753
2019-08-14,3712.07,3717.56,3680.61,3682.4,91202590.0,0.004542044602059647,3.7468838714272565
2019-08-15,3618.01,3694.3,3612.11,3694.0,88598832.0,0.0031501194872909366,3.7586870033272555
2019-08-16,3697.94,3738.1,3687.08,3710.54,88319169.0,0.004477531131564794,3.775516641398461
2019-08-19,3736.03,3791.09,3720.69,3791.09,139327013.0,0.021708430578837534,3.8574771823075054
2019-08-20,3786.03,3799.9,3778.73,3787.73,108602088.0,-0.0008862886399426673,3.854058344101988
2019-08-21,3778.31,3792.6,3775.45,3781.76,82299880.0,-0.0015761419108542007,3.8479838012189713
2019-08-22,3793.86,3797.33,3771.2,3793.51,85807792.0,0.0031070189541377857,3.859939559824574
2019-08-23,3796.88,3829.36,3788.03,3820.86,87954583.0,0.007209681798650891,3.8877684958129337
2019-08-26,3756.36,3778.87,3753.16,3765.91,93859269.0,-0.014381579016242485,3.8318562459935417
2019-08-27,3791.46,3848.24,3790.87,3816.95,124731478.0,0.013553165104848386,3.8837900263535365
2019-08-28,3818.81,3822.59,3790.14,3802.58,88750812.0,-0.0037647860202517647,3.8691683879567274
2019-08-29,3805.49,3808.6,3774.4,3790.19,84083387.0,-0.003258314092011161,3.856561422073884
2019-08-30,3816.68,3828.97,3778.92,3799.59,96695150.0,0.002480086750268562,3.8661260289583663
2019-09-02,3803.69,3855.78,3799.82,3848.32,110289349.0,0.012825067967859649,3.9157093580520685
2019-09-03,3852.58,3856.68,3833.76,3853.61,97714631.0,0.001374625810743435,3.9210919932030164
2019-09-04,3848.65,3886.0,3846.42,3886.0,126628615.0,0.00840510586177623,3.9540491864996508
2019-09-05,3909.21,3970.0,3909.21,3925.32,181656231.0,0.010118373648996482,3.994057733595165
2019-09-06,3946.69,3948.54,3922.34,3948.51,121882376.0,0.0059077985998594595,4.017653822281456
2019-09-09,3980.96,3985.24,3954.88,3972.95,146809754.0,0.006189676612190276,4.042521800181109
2019-09-10,3976.87,3976.92,3938.74,3959.26,130889386.0,-0.003445802237631912,4.028592069516369
2019-09-11,3969.68,3971.22,3922.95,3930.1,131594875.0,-0.007365012653879788,3.9989214379470615
2019-09-12,3944.69,3975.93,3933.44,3972.38,110241273.0,0.010757995979746138,4.041941818699817
2019-09-16,3981.36,3982.2,3943.37,3957.72,110259805.0,-0.003690482783620941,4.027025102005507
2019-09-17,3947.16,3947.16,3879.49,3891.22,113694317.0,-0.016802603519197934,3.959360595854651
2019-09-18,3902.99,3923.15,3902.51,3910.08,82056152.0,0.004846808969937388,3.978550860305856
2019-09-19,3923.96,3924.38,3897.07,3924.38,85984238.0,0.0036572141746460396,3.993101272906717
2019-09-20,3933.46,3942.22,3921.41,3935.65,103455955.0,0.0028717912128795042,4.004568626054389
2019-09-23,3925.19,3925.19,3868.21,3890.66,94036225.0,-0.011431402690788128,3.9587907894870646
2019-09-24,3895.87,3927.01,3886.14,3901.08,87783230.0,0.0026782088386032576,3.9693932579696503
2019-09-25,3887.55,3889.84,3867.23,3870.98,89520835.0,-0.007715812031539926,3.9387661657118946
2019-09-26,3884.7,3890.75,3840.25,3841.14,102698301.0,-0.007708642255966236,3.908403626410518
2019-09-27,3843.46,3859.5,3832.25,3852.65,74003947.0,0.002996506245541708,3.920115182287155
2019-09-30,3842.07,3857.23,3813.55,3814.53,65931313.0,-0.009894488209414298,3.8813276488364687
2019-10-08,3818.59,3861.64,3818.59,3837.68,76657860.0,0.006068899707172282,3.904883037067932
2019-10-09,3822.61,3845.34,3805.07,3843.24,75854512.0,0.0014487919784869074,3.9105404002889657
2019-10-10,3838.49,3877.14,3829.43,3874.64,79222694.0,0.008170189735743794,3.942490257328618
2019-10-11,3885.52,3922.37,3868.84,3911.73,93412577.0,0.009572502219561185,3.9802297540674942
2019-10-14,3944.86,3983.81,3934.73,3953.24,122393611.0,0.010611673096047047,4.022466651064819
2019-10-15,3953.16,3953.16,3928.15,3936.25,85273949.0,-0.004297740587467458,4.005179132876803
2019-10-16,3939.28,3964.05,3919.02,3922.69,83229707.0,-0.003444903143855149,3.9913816786902525
2019-10-17,3929.39,3935.81,3913.92,3925.22,64863745.0,0.0006449655720945913,3.993955982458097
2019-10-18,3935.42,3940.54,3864.97,3869.38,82321140.0,-0.014225954214031278,3.9371381475187914
2019-10-21,3865.34,3884.74,3856.04,3880.84,74182918.0,0.0029617147966858326,3.948798827826894
2019-10-22,3896.31,3897.44,3870.55,3895.88,68918566.0,0.0038754496449222575,3.9641021988420655
2019-10-23,3892.68,3901.42,3862.2,3871.08,70198625.0,-0.006365699148844439,3.938867916848964
2019-10-24,3877.92,3890.2,3852.58,3870.67,71334575.0,-0.00010591359517242438,3.9384507371869812
2019-10-25,3871.77,3899.72,3849.03,3896.79,77453620.0,0.0067481857146178825,3.9650281341893927
2019-10-28,3904.98,3927.8,3897.82,3926.59,97406020.0,0.007647319973619338,3.995349973035942
2019-10-29,3929.71,3932.37,3910.23,3910.23,82257075.0,-0.004166465049826984,3.978703487011461
2019-10-30,3904.72,3908.1,3883.45,3891.23,77872923.0,-0.004859049211938915,3.959370770968359
2019-10-31,3906.86,3907.15,3878.88,3886.75,86714539.0,-0.0011513069132382814,3.9548123200276697
2019-11-01,3883.81,3956.08,3876.42,3952.39,100689612.0,0.016888145622949713,4.0216017663997325
2019-11-04,3964.01,3985.36,3964.01,3978.12,104193855.0,0.00650998509762446,4.047782333967575
2019-11-05,3982.12,4030.64,3970.87,4002.81,112911880.0,0.006206449277548209,4.0729046897099
2019-11-06,4006.33,4007.5,3973.78,3984.88,97312952.0,-0.0044793532543387915,4.054660710833437
2019-11-07,3984.55,4005.38,3975.55,3991.88,87254898.0,0.0017566400995763232,4.061783290428264
2019-11-08,4017.67,4022.04,3971.57,3973.01,97106948.0,-0.0047270960048898525,4.042582850863352
2019-11-11,3948.62,3948.62,3897.55,3902.98,94155621.0,-0.017626434365883847,3.971326529573961
2019-11-12,3905.96,3914.88,3877.74,3903.69,76543069.0,0.00018191228240982404,3.9720489626471505
2019-11-13,3905.28,3908.42,3882.43,3899.98,76749078.0,-0.0009503828428999439,3.968273995461892
2019-11-14,3905.93,3916.95,3895.14,3905.86,87008446.0,0.001507700039487414,3.974256962321547
2019-11-15,3908.49,3915.11,3877.09,3877.09,83730917.0,-0.007365855407003852,3.944983160186808
2019-11-18,3874.44,3913.1,3868.32,3907.93,76645993.0,0.007954419422814496,3.976363210858874
2019-11-19,3904.1,3947.04,3902.38,3947.04,82161025.0,0.010007855821368317,4.016158080566543
2019-11-20,3940.13,3943.23,3901.99,3907.86,76815333.0,-0.009926425878633016,3.9762919850629257
2019-11-21,3894.54,3901.83,3875.97,3889.6,69130538.0,-0.004672634127118269,3.9577122274341336
2019-11-22,3894.17,3918.84,3833.5,3849.99,91042639.0,-0.010183566433566438,3.91740860204112
2019-11-25,3850.97,3878.25,3839.42,3878.21,106066289.0,0.00732988916854338,3.94612277292198
2019-11-26,3893.43,3899.11,3869.59,3891.65,111513537.0,0.0034655163077812468,3.959798125744048
2019-11-27,3883.43,3889.98,3862.7,3875.62,76437305.0,-0.00411907545642598,3.943487418471894
2019-11-28,3877.9,3887.69,3852.01,3862.3,65230119.0,-0.003436869455725744,3.9299341670143093
2019-11-29,3857.19,3861.66,3804.83,3828.67,74144331.0,-0.008707246977189831,3.895715259618019
2019-12-02,3835.51,3854.75,3829.31,3836.06,77412173.0,0.00193017418581376,3.9032346686474146
2019-12-03,3829.21,3851.12,3811.63,3851.09,73611240.0,0.003918082616017449,3.918527864548879
2019-12-04,3841.66,3852.99,3831.07,3849.82,79683385.0,-0.00032977676450041127,3.9172356251081033
2019-12-05,3863.61,3883.4,3859.82,3879.36,89051193.0,0.007673086014410968,3.947292910998273
2019-12-06,3885.06,3902.39,3878.7,3902.39,78648887.0,0.0059365462344302955,3.970726197865253
2019-12-09,3909.53,3911.97,3885.25,3895.45,95353806.0,-0.001778397341116622,3.9636646689526676
2019-12-10,3886.44,3900.96,3882.09,3900.38,86262928.0,0.0012655790730211613,3.9686810000101675
2019-12-11,3907.16,3909.39,3890.34,3902.75,99765480.0,0.0006076331024156278,3.971092501958702
2019-12-12,3908.45,3908.45,3886.12,3891.02,84708330.0,-0.0030055729934020947,3.959157093580513
2019-12-13,3928.0,3969.46,3925.28,3968.22,148571349.0,0.01984055594676959,4.0377089713977465
2019-12-16,3970.71,3987.59,3953.51,3987.55,148486670.0,0.00487120169748656,4.057377466193176
2019-12-17,3987.74,4067.14,3984.52,4041.8,201162937.0,0.013604845080312566,4.112577458053085
2019-12-18,4039.72,4057.64,4025.34,4032.78,151351764.0,-0.002231678954921046,4.103399505489465
2019-12-19,4034.62,4038.54,4014.9,4027.15,117900558.0,-0.0013960592940850391,4.097670916472483
2019-12-20,4032.15,4046.73,4014.93,4017.25,121267662.0,-0.002458314192418931,4.087597553902656
2019-12-23,4014.69,4032.17,3964.38,3967.1,122816246.0,-0.012483664198145505,4.036569358662574
2019-12-24,3971.56,3994.51,3963.67,3992.96,95989045.0,0.0065186156134204865,4.062882202708607
2019-12-25,3988.66,4000.56,3976.36,3990.87,94938890.0,-0.0005234212213496292,4.060755603943866
2019-12-26,3993.67,4025.99,3993.54,4025.99,108860640.0,0.008800086196744106,4.096490603282484
2019-12-27,4029.25,4066.8,4019.72,4022.03,150926411.0,-0.0009836090005189702,4.092461258254554
2019-12-30,4015.52,4083.69,4001.5,4081.63,155971488.0,0.01481838772957933,4.153104935947652
2019-12-31,4077.75,4098.14,4069.01,4096.58,123264258.0,0.0036627523807890583,4.168316730939461
2020-01-02,4121.35,4172.66,4121.35,4152.24,182116772.0,0.013586943255105455,4.224951413832042
2020-01-03,4161.22,4164.3,4131.86,4144.96,142826244.0,-0.0017532705238617607,4.217543931053423
2020-01-06,4120.52,4170.64,4102.38,4129.3,175309953.0,-0.0037780822975371775,4.201609702988424
2020-01-07,4137.4,4161.25,4135.1,4160.23,139489031.0,0.007490373671082073,4.233081329683852
2020-01-08,4139.63,4149.81,4101.98,4112.32,167585850.0,-0.011516190210637323,4.184332359914115
2020-01-09,4145.53,4165.66,4143.59,4164.37,136886324.0,0.012657088942494843,4.237293826758507
2020-01-10,4177.58,4180.98,4148.48,4163.19,113031719.0,-0.00028335618592978395,4.236093163341093
2020-01-13,4166.93,4203.99,4148.6,4203.99,119691982.0,0.00980017726791238,4.277607627265227
2020-01-14,4215.16,4223.51,4188.08,4189.89,129320783.0,-0.0033539565983742303,4.263260716938505
2020-01-15,4186.88,4193.87,4150.88,4166.73,104633136.0,-0.005527591416481292,4.239695153593334
2020-01-16,4174.82,4175.29,4142.18,4149.04,100267642.0,-0.004245535467860773,4.221695377445836
2020-01-17,4162.19,4177.03,4141.65,4154.85,98725682.0,0.0014003239303550519,4.2276071185095425
2020-01-20,4170.74,4185.96,4149.49,4185.83,122409147.0,0.007456346197816988,4.259129620773505
2020-01-21,4165.02,4165.02,4113.33,4114.31,130527507.0,-0.01708621707044944,4.186357207541788
2020-01-22,4093.8,4141.18,4046.49,4131.93,126758763.0,0.004282613609572383,4.204285757893338
2020-01-23,4093.32,4103.52,3972.39,4003.9,160357603.0,-0.030985520083834928,4.074013777103953
2020-02-03,3639.91,3732.16,3639.91,3688.36,157559647.0,-0.07880816204200902,3.752948239196567
2020-02-04,3652.0,3786.86,3652.0,3785.64,213933328.0,0.02637486579401127,3.8519317453372475
2020-02-05,3801.1,3866.01,3781.61,3828.53,174925524.0,0.011329656280047784,3.895572808026123
2020-02-06,3841.75,3914.92,3806.96,3899.78,176462235.0,0.01861027600671794,3.968070493187754
2020-02-07,3879.55,3899.88,3849.71,3899.87,151731759.0,2.3078224925532353e-05,3.9681620692111164
2020-02-10,3872.37,3920.17,3861.01,3916.01,148406969.0,0.004138599491777972,3.984584702734046
2020-02-11,3926.42,3970.52,3915.71,3952.46,143441674.0,0.009307943544577313,4.021672992195681
2020-02-12,3945.67,3984.43,3940.67,3984.43,126710321.0,0.008088633408054768,4.054202830716626
2020-02-13,3985.88,3999.55,3950.14,3959.92,145001843.0,-0.006151444497707215,4.029263627021026
2020-02-14,3954.23,4001.56,3954.02,3987.73,143239803.0,0.007022869148871624,4.057560618239902
2020-02-17,3999.65,4077.45,3999.65,4077.42,182778969.0,0.022491492653715195,4.148821213077049
2020-02-18,4069.83,4076.39,4027.79,4057.51,163236220.0,-0.004882989733704157,4.12856256168662
2020-02-19,4049.59,4085.17,4042.85,4051.31,169046441.0,-0.0015280307380635128,4.122253991188345
2020-02-20,4062.9,4148.53,4055.81,4144.66,212232624.0,0.023041929647447335,4.217238677642216
2020-02-21,4134.87,4184.44,4130.17,4149.49,217213604.0,0.0011653549386438922,4.222153257562646
2020-02-24,4131.84,4149.01,4097.18,4132.84,212869303.0,-0.004012541300256078,4.205211693240665
2020-02-25,4066.3,4126.71,4020.91,4123.85,244167831.0,-0.002175259627761994,4.196064266018166
2020-02-26,4070.1,4132.78,4061.13,4073.02,261094061.0,-0.012325860542939382,4.144344163046015
2020-02-27,4084.08,4110.53,4067.44,4084.88,181290981.0,0.0029118442826208124,4.156411847902394
2020-02-28,3988.73,4031.15,3928.07,3940.05,230275093.0,-0.03545514188911303,4.0090456760854245
2020-03-02,3968.84,4092.54,3968.84,4069.67,219313559.0,0.0328980596692936,4.140935499954207
2020-03-03,4125.14,4147.65,4067.91,4091.36,219369777.0,0.0053296704646814685,4.163005321584464
2020-03-04,4078.5,4115.26,4060.73,4115.05,182424730.0,0.005790250674592379,4.1871101659561
2020-03-05,4150.21,4215.85,4127.04,4206.73,231823115.0,0.022279194663491264,4.280395608420919
2020-03-06,4158.2,4181.31,4135.39,4138.51,172475717.0,-0.016216871536799182,4.210980982712478
2020-03-09,4063.08,4063.08,3995.13,3997.13,208102035.0,-0.0341620534926822,4.067125225124387
2020-03-10,3975.23,4093.0,3954.75,4082.73,197416402.0,0.021415365524763974,4.154224198455413
2020-03-11,4090.93,4091.27,4028.4,4028.43,161656111.0,-0.013299924315347877,4.098973331026969
2020-03-12,3976.11,3987.43,3926.27,3950.91,157060458.0,-0.019243228751647634,4.020095849571114
2020-03-13,3771.01,3937.18,3765.15,3895.31,188296722.0,-0.01407270730034349,3.9635222173607745
2020-03-16,3899.86,3899.86,3720.51,3727.84,185968260.0,-0.04299272715136915,3.7931195881113933
2020-03-17,3739.78,3786.89,3618.31,3709.68,166246129.0,-0.004871453710459717,3.7746415816196706
2020-03-18,3729.69,3775.85,3636.26,3636.26,155037547.0,-0.01979146449289415,3.699935896783643
2020-03-19,3623.79,3647.99,3503.19,3589.09,180807407.0,-0.012972119705411678,3.6519398854282157
2020-03-20,3629.51,3663.95,3588.78,3653.22,139603000.0,0.0178680389736674,3.7171928896305375
2020-03-23,3542.68,3585.8,3523.79,3530.31,137108790.0,-0.0336442918849672,3.592130567059083
2020-03-24,3598.65,3627.76,3545.45,3625.11,143103021.0,0.026853165869286322,3.688590645000454
2020-03-25,3711.48,3732.65,3685.99,3722.52,153495958.0,0.026870908744837996,3.7877064276193244
2020-03-26,3692.61,3736.25,3681.27,3698.05,112310665.0,-0.006573503970428551,3.762807924378551
2020-03-27,3746.39,3758.78,3709.92,3710.06,124060995.0,0.003247657549248828,3.7750282359405323
2020-03-30,3657.46,3690.64,3637.59,3674.11,126876673.0,-0.009689870244686039,3.7384487021642423
2020-03-31,3708.14,3716.07,3676.2,3686.16,111453025.0,0.00327970583352144,3.750709714181051
2020-04-01,3682.3,3731.78,3670.97,3675.08,119352620.0,-0.0030058380536927,3.7394356881938107
2020-04-02,3656.32,3734.53,3652.32,3734.53,115168209.0,0.016176518606397794,3.7999267391813056
2020-04-03,3721.48,3738.83,3698.98,3713.22,99825083.0,-0.005706206671254543,3.778243571871911
2020-04-07,3779.91,3803.63,3772.21,3798.02,142778030.0,0.02283732178540454,3.864528536106386
2020-04-08,3776.42,3793.0,3767.29,3780.34,111389513.0,-0.004655057108703953,3.8465389350725947
2020-04-09,3798.49,3801.72,3785.31,3792.81,100485032.0,0.003298645095414665,3.8592273018650936
2020-04-10,3794.84,3824.74,3758.96,3769.18,102444956.0,-0.006230209264371345,3.8351835081756986
2020-04-13,3751.71,3769.88,3740.19,3753.26,79053343.0,-0.004223730360449651,3.818984727154321
2020-04-14,3777.83,3825.76,3764.98,3825.7,110637585.0,0.01930055471776515,3.8926932508470724
2020-04-15,3820.85,3829.8,3793.44,3797.36,108461984.0,-0.007407794651959065,3.8638569786017305
2020-04-16,3777.8,3807.36,3774.56,3802.38,95947965.0,0.0013219710535741225,3.8689648856825922
2020-04-17,3831.92,3863.45,3821.42,3839.49,132004301.0,0.009759676833982933,3.906724732648882
2020-04-20,3845.46,3853.8,3831.55,3853.46,100013115.0,0.0036385040721553796,3.9209393664974153
2020-04-21,3838.23,3838.23,3780.0,3808.05,102921888.0,-0.011784214705744978,3.874734175154402
2020-04-22,3789.13,3839.38,3782.21,3839.38,85899464.0,0.008227307939759232,3.9066128063981065
2020-04-23,3851.91,3857.47,3826.56,3829.75,95508450.0,-0.0025082174726127615,3.8968141718983658
2020-04-24,3826.31,3827.21,3787.07,3796.97,94844135.0,-0.008559305437691789,3.8634601491671616
2020-04-27,3808.02,3842.87,3793.77,3822.77,95462735.0,0.006794891716289664,3.889711942530953
2020-04-28,3835.35,3859.68,3768.2,3849.15,122093476.0,0.006900755211535214,3.9165538924897443
2020-04-29,3837.51,3880.74,3833.72,3867.03,95854590.0,0.004645181403686527,3.9347469957976737
2020-04-30,3880.41,3921.7,3880.41,3912.58,132917125.0,0.011779065587802506,3.9810946387325834
2020-05-06,3867.26,3937.69,3865.99,3936.25,139855675.0,0.006049716555316387,4.005179132876806
2020-05-07,3937.59,3941.48,3915.9,3924.89,105514646.0,-0.0028859955541442606,3.9936202037057718
2020-05-08,3943.0,3979.66,3935.98,3963.62,116943341.0,0.009867792473164938,4.033028419092579
2020-05-11,3974.76,3998.1,3944.5,3960.18,122673803.0,-0.0008678934913034508,4.029528179977407
2020-05-12,3961.34,3970.11,3930.21,3960.24,98250554.0,1.5150826477627888e-05,4.029589230659648
2020-05-13,3946.64,3972.53,3932.57,3968.25,88190669.0,0.002022604690624874,4.0377394967388724
2020-05-14,3952.2,3952.2,3924.05,3925.22,88530004.0,-0.010843570843570904,3.9939559824581004
2020-05-15,3941.13,3945.2,3907.4,3912.82,92618382.0,-0.0031590586005370014,3.98133884146155
2020-05-18,3914.66,3946.43,3898.4,3922.91,112801762.0,0.002578702828139212,3.9916055311918073
2020-05-19,3963.78,3966.85,3944.07,3956.25,94015291.0,0.008498792987858605,4.025529360290598
2020-05-20,3955.71,3955.71,3923.92,3935.22,100791150.0,-0.005315639810426598,4.004131096164996
2020-05-21,3950.6,3951.74,3907.58,3913.79,94861033.0,-0.005445692998104268,3.9823258274911186
2020-05-22,3907.58,3907.58,3818.15,3824.06,103378360.0,-0.022926626109218917,3.891024532199144
2020-05-25,3828.32,3835.63,3800.18,3829.32,79033326.0,0.00137550143041687,3.8963766420089714
2020-05-26,3850.0,3874.75,3844.48,3872.77,77448076.0,0.01134666207055024,3.9405875110654325
2020-05-27,3873.7,3873.7,3838.42,3845.61,83711831.0,-0.007013068165679814,3.912951902237504
2020-05-28,3848.49,3885.42,3818.43,3856.63,93064054.0,0.0028656051965747498,3.924164877542503
2020-05-29,3838.38,3872.3,3830.42,3867.02,93813832.0,0.002694061914158219,3.9347368206839675
2020-06-01,3901.73,3976.32,3901.73,3971.34,136456652.0,0.026976845219316203,4.040883606874303
2020-06-02,3969.95,3991.78,3958.98,3983.57,144303060.0,0.003079565083825564,4.053327770937836
2020-06-03,4001.17,4018.68,3982.93,3983.65,136597483.0,2.00824888227924e-05,4.05340917184749
2020-06-04,3998.16,3999.81,3968.57,3982.19,104277737.0,-0.0003664980608236723,4.051923605246284
2020-06-05,3988.22,4001.25,3967.93,4001.25,102443942.0,0.004786311049949976,4.071317371971627
2020-06-08,4023.61,4050.22,4016.1,4021.95,137925813.0,0.0051733833177132205,4.092379857344901
2020-06-09,4027.56,4052.16,4016.34,4047.03,115304479.0,0.006235781150934372,4.117899042521796
2020-06-10,4046.23,4046.23,4024.42,4039.71,112265728.0,-0.0018087338122030339,4.110450859288348
2020-06-11,4031.74,4043.01,3979.75,3995.88,127308941.0,-0.010849788722457787,4.065853335911025
2020-06-12,3931.62,4011.06,3927.25,4003.08,134166649.0,0.0018018559115888788,4.07317941777999
2020-06-15,3982.97,4007.14,3954.99,3954.99,131297860.0,-0.012013249797655834,4.024247295963528
2020-06-16,3995.58,4014.57,3987.86,4014.57,111051539.0,0.015064513437454963,4.084870623429213
2020-06-17,4018.61,4018.61,3992.13,4017.59,105605799.0,0.0007522598933384916,4.087943507768695
2020-06-18,4009.78,4047.56,4000.9,4044.38,138148761.0,0.006668176692992578,4.115202637389468
2020-06-19,4047.05,4109.36,4043.49,4098.71,152946990.0,0.013433455807812411,4.170484030159033
2020-06-22,4097.51,4126.94,4088.78,4102.05,155829465.0,0.0008148905387304062,4.173882518137136
2020-06-23,4098.04,4124.73,4080.75,4121.79,129229510.0,0.004812228032325283,4.193968192594547
2020-06-24,4128.1,4144.68,4123.36,4138.99,121712465.0,0.004172944279063229,4.211469388170408
2020-06-29,4127.93,4137.37,4092.54,4109.72,130865854.0,-0.007071773548619209,4.1816868303503245
2020-06-30,4130.0,4174.42,4129.78,4163.96,125933521.0,0.01319797942438905,4.236876647096527
2020-07-01,4172.64,4247.78,4163.5,4247.78,169990456.0,0.020129876367688482,4.322164450187727
2020-07-02,4239.41,4340.1,4238.12,4335.84,252939368.0,0.02073082880940169,4.411766501490651
2020-07-03,4353.19,4419.6,4348.45,4419.6,290485539.0,0.019318056016827345,4.49699325389961
2020-07-06,4465.81,4678.11,4465.81,4670.09,405821025.0,0.05667707484840245,4.751869677143639
2020-07-07,4739.61,4796.32,4688.06,4698.13,406008553.0,0.006004166943249567,4.780400695977775
2020-07-08,4692.86,4803.36,4670.65,4774.0,348074847.0,0.016148978423330185,4.857599283671993
2020-07-09,4770.08,4854.12,4757.29,4840.77,351046893.0,0.0139861751152075,4.925538517892936
2020-07-10,4796.09,4821.37,4734.47,4753.13,316949651.0,-0.018104557745978522,4.836363821365702
2020-07-13,4742.37,4878.08,4741.87,4852.96,321645446.0,0.021003002232213186,4.937941981501641
2020-07-14,4836.17,4860.44,4729.93,4806.69,297241985.0,-0.009534387260558552,4.890861730379835
2020-07-15,4821.52,4837.48,4723.36,4744.47,272389006.0,-0.012944458660741454,4.827552172895531
2020-07-16,4741.53,4772.56,4513.65,4516.25,284657133.0,-0.048102317013280826,4.5953357278767575
2020-07-17,4524.77,4601.37,4485.82,4544.7,207375563.0,0.006299474121228776,4.624283926372875
2020-07-20,4597.2,4681.94,4534.23,4680.3,246068914.0,0.02983695293418709,4.762258468238381
2020-07-21,4697.5,4714.29,4661.44,4691.04,200415659.0,0.0022947246971347646,4.773186540359586
2020-07-22,4682.66,4790.45,4675.35,4714.45,224199211.0,0.004990364609979814,4.797006481547429
2020-07-23,4668.74,4731.4,4607.66,4712.44,234314569.0,-0.0004263487787546927,4.794961283692343
2020-07-24,4679.03,4691.7,4479.39,4505.59,243905203.0,-0.04389445807267567,4.584489056665206
2020-07-27,4535.01,4558.12,4482.44,4528.45,171420551.0,0.005073697340414851,4.60774936659917
2020-07-28,4567.67,4590.25,4537.69,4568.26,162768498.0,0.008791087458181135,4.648256494266322
2020-07-29,4559.16,4680.56,4548.85,4679.01,186695305.0,0.02424336618318579,4.760945878570192
2020-07-30,4689.76,4704.63,4649.77,4656.15,166967566.0,-0.004885648887264726,4.737685568636228
2020-07-31,4652.18,4741.81,4621.96,4695.05,184839026.0,0.0083545418425095,4.777266760956053
2020-08-03,4735.9,4771.37,4720.02,4771.31,214776239.0,0.016242638523551456,4.854862178084839
2020-08-04,4778.49,4807.08,4747.77,4775.8,239974985.0,0.0009410413492310088,4.859430804139235
2020-08-05,4761.76,4786.7,4711.27,4777.11,196700548.0,0.00027429959378522106,4.860763744034838
2020-08-06,4779.24,4791.86,4691.16,4762.76,227854406.0,-0.003003908220660545,4.846162455865443
2020-08-07,4742.29,4749.02,4637.84,4707.93,213518216.0,-0.01151223240306043,4.790372307410534
2020-08-10,4681.76,4757.66,4646.29,4724.87,203788832.0,0.0035981843400390012,4.807608950030015
2020-08-11,4730.38,4791.53,4674.86,4681.78,205546511.0,-0.009119827635469369,4.7637643850670015
2020-08-12,4668.89,4681.62,4566.27,4647.64,202887239.0,-0.007292098304490957,4.72902654687166
2020-08-13,4666.49,4671.77,4626.1,4635.71,152550092.0,-0.0025668941656411537,4.716887636219333
2020-08-14,4627.61,4708.07,4617.63,4704.63,147292921.0,0.014867194022059271,4.787014519887259
2020-08-17,4727.12,4838.09,4721.36,4815.23,268001556.0,0.02350875626776161,4.899551277485524
2020-08-18,4816.57,4825.39,4788.83,4812.76,189139854.0,-0.0005129557674294905,4.897038024399921
2020-08-19,4804.67,4809.05,4738.01,4740.68,192442948.0,-0.014976853198580442,4.823695804800617
2020-08-20,4708.13,4721.44,4662.8,4679.15,158368639.0,-0.012979150670368145,4.761088330162087
2020-08-21,4717.79,4739.48,4684.81,4718.84,142657864.0,0.008482309821228329,4.801473356464756
2020-08-24,4746.4,4769.47,4716.61,4755.85,151143512.0,0.00784302921904545,4.8391314522939775
2020-08-25,4769.21,4802.41,4746.31,4761.95,141701351.0,0.001282630865145018,4.845338271655184
2020-08-26,4761.72,4786.42,4689.88,4706.13,151305180.0,-0.01172208864015789,4.788540786943292
2020-08-27,4718.06,4731.94,4679.36,4731.35,119042850.0,0.005358967984309793,4.814202423712083
2020-08-28,4727.29,4850.49,4719.35,4844.27,159399765.0,0.023866338360087447,4.929099807690348
2020-08-31,4870.93,4901.21,4816.21,4816.22,202567029.0,-0.005790346120261747,4.900558613742506
2020-09-01,4803.39,4842.13,4791.78,4842.12,138395402.0,0.005377661319457827,4.926912158243365
2020-09-02,4859.08,4863.55,4797.52,4843.89,157989524.0,0.00036554236574071197,4.928713153369486
2020-09-03,4841.5,4877.01,4800.06,4817.1,145671201.0,-0.00553067885521763,4.9014540237487125
2020-09-04,4737.24,4778.2,4726.56,4770.22,120032796.0,-0.009731996429387046,4.853753090690785
2020-09-07,4759.52,4789.3,4655.56,4669.37,148607791.0,-0.021141582568518946,4.751137068956742
2020-09-08,4683.83,4707.9,4639.05,4694.39,139199227.0,0.0053583245705524085,4.776595203451395
2020-09-09,4634.25,4645.2,4558.03,4584.59,162277107.0,-0.023389620376662368,4.6648724549496805
2020-09-10,4632.1,4647.75,4572.21,4581.98,150652878.0,-0.0005692984541694202,4.66221675027218
2020-09-11,4572.26,4630.88,4563.11,4627.28,115302424.0,0.009886555593869861,4.708310015364417
2020-09-14,4652.05,4666.99,4625.99,4651.05,107235179.0,0.00513692709323843,4.732496260645709
2020-09-15,4649.45,4691.5,4630.54,4688.48,101915925.0,0.0080476451553948,4.770581711250618
2020-09-16,4683.01,4690.68,4638.46,4657.36,108753641.0,-0.00663754564379071,4.738916757394759
2020-09-17,4642.05,4664.95,4601.64,4632.71,105983631.0,-0.005292698009172536,4.713835102107262
2020-09-18,4636.64,4737.8,4631.7,4737.09,160426475.0,0.022531088714812686,4.820042938979839
2020-09-21,4750.75,4752.98,4688.72,4691.43,124535827.0,-0.009638828901287422,4.773583369794154
2020-09-22,4654.22,4706.21,4622.11,4635.76,119672947.0,-0.011866317945701033,4.716938511787865
2020-09-23,4639.66,4665.96,4623.55,4652.33,95826528.0,0.003574386939789731,4.733798675200191
2020-09-24,4623.95,4631.95,4562.21,4563.07,112593683.0,-0.019186085251906126,4.6429756102524395
2020-09-25,4582.48,4599.54,4554.72,4570.02,93015155.0,0.0015230973883813004,4.6500473142787335
2020-09-28,4582.65,4613.63,4571.15,4581.91,85048389.0,0.002601739160878802,4.662145524476232
2020-09-29,4608.29,4616.68,4586.35,4591.8,85993858.0,0.002158488490607624,4.672208711932352
2020-09-30,4607.58,4634.72,4563.41,4587.4,89081200.0,-0.0009582298880614903,4.667731661901317
2020-10-09,4663.61,4695.4,4655.09,4681.14,111337512.0,0.020434232898809856,4.763113177789757
2020-10-12,4705.19,4823.27,4704.16,4823.16,155784558.0,0.030338763634499166,4.907620142655088
2020-10-13,4812.9,4845.92,4795.37,4839.2,116516338.0,0.0033256205475249434,4.923941025040949
2020-10-14,4830.46,4830.46,4795.91,4807.1,111906923.0,-0.006633327822780477,4.891278910041815
2020-10-15,4810.78,4833.89,4796.26,4798.74,109964962.0,-0.001739094256412499,4.882772514982849
2020-10-16,4798.92,4825.55,4765.97,4791.68,116716102.0,-0.001471219528459411,4.875588884705782
2020-10-19,4823.49,4849.61,4747.34,4755.49,129246361.0,-0.007552674636035928,4.838765148200526
2020-10-20,4751.37,4793.47,4739.46,4793.47,98048156.0,0.00798655869321574,4.877410230059317
2020-10-21,4801.63,4801.63,4758.86,4792.83,103805703.0,-0.00013351496932290097,4.876759022782075
2020-10-22,4780.6,4791.81,4725.5,4777.98,101350891.0,-0.0030983782024399664,4.8616489789273345
2020-10-23,4775.47,4802.46,4717.1,4718.49,106825184.0,-0.01245086835859499,4.801117227485013
2020-10-26,4684.05,4713.39,4639.3,4691.24,108343275.0,-0.005775152644172166,4.773390042633722
2020-10-27,4680.14,4708.46,4671.85,4699.28,92656304.0,0.0017138325901040474,4.781570834054066
2020-10-28,4703.0,4753.31,4685.6,4737.27,108463402.0,0.008084217156670848,4.820226091026563
2020-10-29,4683.61,4803.03,4679.25,4772.92,117117250.0,0.007525431313815778,4.856500371391646
2020-10-30,4776.47,4778.51,4683.47,4695.33,139802303.0,-0.01625629593624034,4.777551664139843
2020-11-02,4702.75,4738.02,4695.44,4720.83,142867693.0,0.005430928177572181,4.803498204092427
2020-11-03,4743.17,4793.4,4734.17,4777.56,136055408.0,0.012016954645687417,4.861221624151646
2020-11-04,4781.45,4825.46,4770.56,4813.66,114661806.0,0.0075561583737304705,4.89795378463354
2020-11-05,4861.34,4885.11,4838.0,4885.11,139244594.0,0.014843175463161051,4.970654972069309
2020-11-06,4897.63,4897.63,4845.43,4885.72,153639034.0,0.0001248692455237954,4.971275654005431
2020-11-09,4918.86,4997.8,4918.86,4981.35,197131984.0,0.01957336892003636,5.068580266384474
2020-11-10,4995.41,4995.41,4928.93,4953.88,176267214.0,-0.005514569343651909,5.040629229031632
2020-11-11,4937.76,4957.58,4901.71,4904.9,164470515.0,-0.009887199528450519,4.990791522095257
2020-11-12,4916.77,4926.34,4891.51,4908.46,118114619.0,0.0007258048074374468,4.994413862574912
2020-11-13,4886.98,4886.98,4825.76,4856.85,133693079.0,-0.010514499456041104,4.941900100733624
2020-11-16,4880.96,4904.17,4848.62,4904.17,148770980.0,0.00974294038317014,4.990048738794654
2020-11-17,4903.12,4909.29,4865.39,4894.79,151487464.0,-0.0019126580032911011,4.980504482137586
2020-11-18,4889.67,4911.09,4870.72,4891.67,164216616.0,-0.0006374124324025621,4.977329846661035
2020-11-19,4880.92,4939.79,4870.2,4927.99,133681378.0,0.007424867172151739,5.014285859644479
2020-11-20,4928.22,4947.43,4922.59,4943.29,129400341.0,0.0031047140923581296,5.02985378361603
2020-11-23,4954.6,5029.65,4940.45,5005.03,205915187.0,0.012489657697606127,5.092674935642403
2020-11-24,4997.05,5001.06,4960.98,4974.29,156637911.0,-0.006141821327744212,5.061396636107406
2020-11-25,4992.75,5004.77,4910.7,4910.7,170340527.0,-0.012783733960022414,4.996693088045257
2020-11-26,4908.32,4925.29,4867.82,4919.59,137202338.0,0.0018103325391491953,5.005738764130687
2020-11-27,4930.59,4980.77,4917.35,4980.77,162952922.0,0.012435995682567036,5.067990109789474
2020-11-30,4994.11,5055.19,4960.25,4960.25,262638950.0,-0.004119844923576199,5.047110776462924
2020-12-01,4963.13,5072.55,4963.13,5067.1,204065638.0,0.02154125296104037,5.155831866421105
2020-12-02,5072.98,5090.61,5043.31,5067.14,195435476.0,7.89406169210416e-06,5.155872566875932
2020-12-03,5065.45,5072.3,5033.79,5057.06,177865748.0,-0.0019892878428462435,5.145616052259382
2020-12-04,5049.52,5072.39,5017.85,5065.92,144347167.0,0.001752006106314763,5.154631203003692
2020-12-07,5065.73,5067.87,5014.61,5022.23,139896217.0,-0.008624297264860137,5.110176131218265
2020-12-08,5029.11,5043.06,4998.92,5009.88,123073029.0,-0.002459066988170444,5.0976098657902496
2020-12-09,5022.38,5033.64,4942.52,4942.7,138916965.0,-0.013409502822422925,5.029253451907325
2020-12-10,4931.29,4962.74,4919.77,4940.52,125914270.0,-0.00044105448439102357,5.0270352771192215
2020-12-11,4957.82,4957.82,4849.35,4889.63,159357697.0,-0.010300535166338887,4.975254123464829
2020-12-14,4903.63,4937.26,4887.66,4934.84,120801552.0,0.0092460983755418,5.021255812533705
2020-12-15,4931.6,4954.19,4904.79,4945.1,118342633.0,0.0020790947629507617,5.03169547919698
2020-12-16,4957.3,4968.86,4938.19,4953.87,106778968.0,0.0017734727305815934,5.0406190539179265
2020-12-17,4960.73,5021.62,4950.37,5017.48,133385479.0,0.012840466140613183,5.105342952207489
2020-12-18,5014.32,5027.44,4979.0,4999.97,128049618.0,-0.003489799660387094,5.087526328106716
2020-12-21,4995.76,5048.51,4970.0,5046.84,140811782.0,0.009374056244337403,5.135217086050935
2020-12-22,5034.98,5055.13,4960.95,4964.77,162344970.0,-0.016261660761981656,5.051709927858443
2020-12-23,4977.3,5028.45,4968.15,5007.12,140292819.0,0.008530103106488163,5.094801534407146
2020-12-24,5006.0,5033.04,4979.24,5000.02,114418667.0,-0.0014179807953472734,5.0875772036752505
2020-12-25,4985.77,5042.1,4973.68,5042.01,121006979.0,0.008397966408134394,5.130302506130506
2020-12-28,5042.94,5089.34,5037.86,5064.41,136914407.0,0.004442672664274783,5.153094760833953
2020-12-29,5071.45,5077.42,5034.31,5042.94,141198662.0,-0.004239388201192296,5.131248791705247
2020-12-30,5037.98,5113.71,5036.63,5113.71,148626448.0,0.01403348046972619,5.203258071408949
2020-12-31,5122.48,5215.62,5122.48,5211.29,171602509.0,0.019082036329787888,5.302546830960837
2021-01-04,5212.93,5284.43,5190.94,5267.72,211711382.0,0.010828412926549902,5.3599649976088495
2021-01-05,5245.84,5368.5,5234.38,5368.5,224931159.0,0.019131616714631816,5.462509793546944
2021-01-06,5386.51,5433.47,5341.43,5417.67,193773444.0,0.009158982956132933,5.51254082764375
2021-01-07,5428.39,5513.66,5413.35,5513.66,219872080.0,0.017717948859934163,5.610211744116241
2021-01-08,5526.29,5547.47,5442.69,5495.43,204324956.0,-0.003306333723878452,5.591662511828571
2021-01-11,5504.24,5555.69,5412.5,5441.16,231835983.0,-0.009875478352012523,5.536442169741248
2021-01-12,5419.5,5596.35,5417.63,5596.35,224220186.0,0.02852149174073193,5.694349759358563
2021-01-13,5609.26,5644.72,5535.14,5577.97,261569886.0,-0.003284283506213903,5.675647900365288
2021-01-14,5556.21,5568.02,5458.68,5470.46,243683380.0,-0.019274036970439057,5.566255252902453
2021-01-15,5471.39,5500.63,5390.27,5458.08,238637435.0,-0.0022630638008503956,5.553658462133316
2021-01-18,5438.16,5541.46,5410.77,5518.52,207051869.0,0.011073491044469863,5.615156849377794
2021-01-19,5525.97,5532.48,5415.72,5437.52,211043425.0,-0.014677848408631289,5.532738428351939
2021-01-20,5439.91,5496.05,5426.54,5476.43,170913260.0,0.007155835748650086,5.57232979578547
2021-01-21,5492.96,5593.11,5490.56,5564.97,209950197.0,0.016167466762105898,5.662420252546324
2021-01-22,5562.38,5573.66,5513.88,5569.78,199300020.0,0.0008643352974049279,5.66731448223934
2021-01-25,5564.12,5655.48,5543.27,5625.92,197047019.0,0.010079392722872393,5.724437570589853
2021-01-26,5600.9,5600.9,5506.0,5512.97,171904590.0,-0.020076716341504985,5.609509661270466
2021-01-27,5505.77,5534.99,5449.64,5528.0,160190841.0,0.0027262981659612606,5.62480285717193
2021-01-28,5450.37,5462.24,5360.38,5377.14,170485585.0,-0.02729015918958022,5.4713010917897025
2021-01-29,5413.97,5430.2,5288.1,5351.96,182178784.0,-0.0046827867602480255,5.445680155475739
2021-02-01,5356.85,5422.3,5342.05,5417.65,166313706.0,0.012274008026965655,5.512520477416336
2021-02-02,5429.7,5503.21,5411.52,5501.09,165210565.0,0.015401511725563699,5.597421626186674
2021-02-03,5499.3,5532.89,5473.12,5485.2,188054317.0,-0.0028885184572512435,5.581253370506416
2021-02-04,5453.98,5510.05,5411.57,5473.95,180575654.0,-0.002050973528768374,5.569806367586158
2021-02-05,5494.7,5550.77,5477.65,5483.41,189699598.0,0.0017281853140784786,5.579432025152881
2021-02-08,5506.14,5576.49,5479.85,5564.56,164033775.0,0.014799185178566043,5.662003072884341
2021-02-09,5584.17,5686.25,5555.05,5686.25,164887260.0,0.021868755121698724,5.785824031583554
2021-02-10,5709.68,5823.42,5707.33,5807.72,170169786.0,0.021362057595075923,5.909421137781217
2021-02-18,5922.07,5930.91,5747.66,5768.38,218848686.0,-0.006773742535797211,5.869392240458289
2021-02-19,5734.02,5787.89,5667.32,5778.84,214475780.0,0.0018133340729979963,5.880035409395703
2021-02-22,5785.51,5785.51,5597.33,5597.33,282124382.0,-0.03140941780703399,5.695346920501839
2021-02-23,5542.68,5644.75,5541.11,5579.67,233807727.0,-0.0031550757236039617,5.677377669695461
2021-02-24,5591.48,5598.83,5379.73,5437.57,225428610.0,-0.025467455960657248,5.532789303920473
2021-02-25,5494.47,5527.63,5444.16,5469.56,230736028.0,0.005883142653795748,5.565339492668833
2021-02-26,5343.9,5416.32,5318.86,5336.76,212264543.0,-0.024279832381398192,5.430213982641257
2021-03-01,5389.25,5421.56,5345.94,5418.78,177463523.0,0.015368875497492773,5.513670265265215
2021-03-02,5453.28,5454.97,5305.05,5349.63,196511115.0,-0.012761175024636473,5.443309353982032
2021-03-03,5327.35,5452.4,5316.48,5452.21,194709054.0,0.01917515790811697,5.547685670387368
2021-03-04,5388.48,5392.37,5254.78,5280.71,212775211.0,-0.03145513470684369,5.373182470314108
2021-03-05,5191.97,5307.82,5174.25,5262.8,202627956.0,-0.0033915893885481108,5.3549588416650575
2021-03-08,5299.79,5326.26,5079.8,5080.02,230231635.0,-0.034730561678194105,5.168978113330418
2021-03-09,5066.15,5094.31,4917.91,4971.0,230711004.0,-0.021460545430923572,5.058049023697841
2021-03-10,5047.06,5055.28,4981.62,5003.61,169928490.0,0.0065600482800241,5.091230069496027
2021-03-11,5024.56,5138.41,5020.58,5128.22,189600766.0,0.02490401929806696,5.218022161397655
2021-03-12,5153.67,5153.67,5086.82,5146.38,201020589.0,0.003541189730549732,5.236500167889377
2021-03-15,5116.12,5120.88,4992.4,5035.54,204153084.0,-0.021537469055918912,5.123719207562146
2021-03-16,5054.41,5084.31,5009.95,5079.36,161390054.0,0.008702145152257756,5.168306555825763
2021-03-17,5062.77,5123.55,5020.13,5100.86,149162376.0,0.004232816732816724,5.190183050295588
2021-03-18,5114.59,5160.46,5111.13,5141.77,142901518.0,0.008020216198837193,5.231809440470499
2021-03-19,5068.53,5089.92,4980.76,5007.09,164174849.0,-0.026193314753479857,5.0947710090660285
2021-03-22,5008.4,5071.34,4996.54,5057.15,167402632.0,0.0099978230868627,5.145707628282747
2021-03-23,5057.06,5064.02,4966.53,5009.25,158013967.0,-0.009471738034268262,5.096968833626717
2021-03-24,4985.4,5024.33,4919.89,4928.69,159385982.0,-0.01608224784149337,5.014998117603965
2021-03-25,4904.07,4950.76,4883.66,4926.35,132945189.0,-0.00047477118666405804,5.012617140996552
2021-03-26,4953.95,5050.83,4953.95,5037.99,145926697.0,0.022661808438295905,5.126212110420334
2021-03-29,5052.26,5086.65,5010.39,5046.88,143388215.0,0.001764592625233652,5.135257786505765
2021-03-30,5043.1,5106.04,5032.79,5094.73,138618560.0,0.009481105158038128,5.18394570559326
2021-03-31,5085.95,5085.95,5015.61,5048.36,141335743.0,-0.0091015618099487,5.136763703334385
2021-04-01,5059.94,5115.43,5056.87,5110.78,120324890.0,0.01236441141281519,5.200276763092827
2021-04-02,5129.85,5169.83,5116.35,5161.56,127002254.0,0.009935861062303708,5.251945990496443
2021-04-06,5178.64,5181.15,5125.33,5140.34,109834210.0,-0.00411116019188007,5.23035439921041
2021-04-07,5141.66,5141.66,5065.19,5103.74,145763748.0,-0.007120151585303769,5.193113483043171
2021-04-08,5078.26,5129.13,5062.07,5112.21,141771047.0,0.0016595672977073317,5.201731804352913
2021-04-09,5100.04,5100.04,5022.09,5035.34,128416509.0,-0.015036549750499284,5.123515705288006
2021-04-12,5026.98,5045.6,4933.01,4947.75,152644314.0,-0.017395051774060977,5.034391884329307
2021-04-13,4949.81,4994.54,4924.2,4939.64,132919358.0,-0.0016391288969732631,5.026139867113015
2021-04-14,4945.69,4987.12,4940.27,4980.63,120860838.0,0.008298175575548017,5.06784765819758
2021-04-15,4969.91,4969.91,4900.3,4948.97,108829384.0,-0.006356625567448315,5.035633248201549
2021-04-16,4966.9,4979.17,4917.96,4966.18,111239924.0,0.00347749127596253,5.053144618891117
2021-04-19,4966.41,5088.21,4940.75,5087.02,154769824.0,0.02433258560905971,5.176100692925244
2021-04-20,5065.78,5119.86,5058.92,5083.37,136541700.0,-0.0007175124139477962,5.172386776422226
2021-04-21,5055.24,5110.56,5047.99,5098.75,124637277.0,0.0030255519468385117,5.188036101303433
2021-04-22,5114.28,5119.22,5067.14,5089.24,121167645.0,-0.001865163030154493,5.178359568168174
2021-04-23,5088.83,5149.98,5086.49,5135.45,122056991.0,0.00907994120929656,5.225378768607739
2021-04-26,5156.59,5181.11,5072.96,5077.24,151381967.0,-0.011334936568363041,5.1661494317199
2021-04-27,5076.64,5095.98,5042.61,5090.52,123961837.0,0.002615594299265167,5.179661982722658
2021-04-28,5073.97,5119.45,5059.26,5119.24,120620318.0,0.005641859770710855,5.208884909288861
2021-04-29,5128.28,5170.59,5113.65,5164.17,140092480.0,0.008776693415428971,5.254601695173944
2021-04-30,5156.36,5163.25,5094.93,5123.49,160121621.0,-0.007877354928284785,5.2132093326142925
2021-05-06,5098.8,5132.9,5037.41,5061.12,158822630.0,-0.012173342780019025,5.149747148424384
2021-05-07,5073.46,5093.75,4996.04,4996.05,172258321.0,-0.012856838012139549,5.083537683533614
2021-05-10,5001.44,5019.39,4953.7,4992.42,170820585.0,-0.000726573993454882,5.079844117258011
2021-05-11,4956.08,5033.49,4925.92,5023.06,151526497.0,0.0061373041530961014,5.111020665655939
2021-05-12,5003.82,5051.17,4995.4,5044.55,126619086.0,0.004278268625101056,5.132886985012058
2021-05-13,4992.35,5022.08,4975.45,4992.97,132279406.0,-0.010224896175080045,5.08040374851189
2021-05-14,5007.63,5112.98,4981.29,5110.59,159426180.0,0.023557121312565377,5.200083435932397
2021-05-17,5115.31,5206.69,5115.31,5184.99,153889634.0,0.014558006022787895,5.2757862819117
2021-05-18,5190.93,5201.67,5156.79,5187.6,118404261.0,0.0005033760913715213,5.2784419865892005
2021-05-19,5173.17,5193.56,5151.64,5172.27,118729983.0,-0.002955123756650413,5.26284353727653
2021-05-20,5167.05,5201.59,5152.04,5186.41,138454775.0,0.0027338093332327507,5.27723114805808
2021-05-21,5199.13,5216.16,5123.12,5134.15,124768485.0,-0.010076334111649543,5.224056003825843
2021-05-24,5138.81,5155.59,5092.39,5155.59,126742336.0,0.004175959019506736,5.245871447613427
2021-05-25,5165.04,5324.36,5161.52,5318.48,182996839.0,0.03159483201728608,5.411613874785051
2021-05-26,5326.12,5344.28,5308.74,5320.59,169607096.0,0.0003967298927514129,5.413760823777206
2021-05-27,5311.37,5378.48,5286.05,5338.23,148462855.0,0.0033154217859296953,5.43170972435617
2021-05-28,5338.73,5360.28,5288.65,5321.09,164605806.0,-0.003210802082338038,5.414269579462552
2021-05-31,5318.08,5331.63,5281.69,5331.57,144603269.0,0.0019695212822936625,5.4249330986273785
2021-06-01,5320.47,5343.75,5269.26,5341.68,143831474.0,0.0018962519483005646,5.435220138585051
2021-06-02,5348.34,5352.64,5266.79,5289.97,137754319.0,-0.009680475056536575,5.382604625606693
2021-06-03,5285.71,5314.37,5255.07,5255.29,141968878.0,-0.006555802773928865,5.347317331271179
2021-06-04,5228.28,5334.49,5221.23,5282.28,144732087.0,0.005135777473745495,5.37477996316609
2021-06-07,5284.89,5286.84,5242.95,5277.63,127704971.0,-0.0008803016879074255,5.370048535292384
2021-06-08,5276.97,5319.04,5201.14,5232.12,130559532.0,-0.00862318881770796,5.323741592812302
2021-06-09,5224.95,5253.36,5215.35,5236.45,121820321.0,0.0008275804071771198,5.328147417047388
2021-06-10,5236.47,5299.53,5229.52,5271.47,138991967.0,0.00668773692100566,5.363780665248937
2021-06-11,5275.75,5276.1,5213.6,5224.7,180807173.0,-0.008872287995568717,5.316191658441785
2021-06-15,5218.56,5225.5,5137.41,5166.56,142880058.0,-0.01112791165042959,5.257033547349894
2021-06-16,5163.25,5164.52,5076.02,5080.49,125147985.0,-0.01665905360626807,5.169456343674643
2021-06-17,5074.38,5123.37,5073.82,5101.89,120452518.0,0.004212192131074044,5.1912310870074
2021-06-18,5104.93,5128.03,5064.92,5102.47,148585805.0,0.00011368336048023231,5.1918212436024005
2021-06-21,5088.09,5123.78,5058.57,5090.39,132184516.0,-0.0023674808475110387,5.1795297062444705
2021-06-22,5106.07,5125.82,5086.28,5122.16,130416753.0,0.006241172090939884,5.211856042491277
2021-06-23,5127.19,5171.03,5109.76,5147.39,136356058.0,0.004925656363721664,5.237527854373775
2021-06-24,5156.56,5160.43,5120.58,5155.97,126685625.0,0.001666864177767735,5.246258101934291
2021-06-25,5159.8,5251.61,5157.48,5239.97,154931061.0,0.016291793784680708,5.331729057072216
2021-06-28,5253.61,5260.64,5226.22,5251.76,133193783.0,0.002250012881753083,5.343725516132645
2021-06-29,5248.52,5248.52,5182.68,5190.54,125162997.0,-0.011657044495559599,5.28143347001903
2021-06-30,5189.38,5231.43,5186.63,5224.04,103752671.0,0.006454049097011083,5.31552010093713
2021-07-01,5241.2,5252.26,5190.88,5229.66,127240620.0,0.0010757957442897315,5.321238514840405
2021-07-02,5186.66,5186.66,5074.36,5081.12,130426424.0,-0.028403376127702384,5.170097375838177
2021-07-05,5073.78,5098.23,5048.0,5085.79,131211589.0,0.0009190887048524665,5.174849153939297
2021-07-06,5089.78,5092.21,5028.51,5083.1,140655220.0,-0.000528924709828682,5.172112048352142
2021-07-07,5052.42,5152.77,5045.41,5140.49,148549060.0,0.011290354311345396,5.230507025916016
2021-07-08,5149.31,5151.22,5078.93,5088.26,173901008.0,-0.010160509990292721,5.1773624070249005
2021-07-09,5063.15,5081.41,5006.41,5069.44,160653226.0,-0.0036987103646434205,5.158212843028522
2021-07-12,5108.38,5159.41,5070.32,5132.71,206212039.0,0.012480668476202661,5.222590787452052
2021-07-13,5128.61,5154.05,5114.94,5142.1,166482209.0,0.001829442925861846,5.2321452192228275
2021-07-14,5130.75,5130.75,5075.13,5083.09,188352720.0,-0.011475856167713627,5.172101873238436
2021-07-15,5073.26,5153.81,5067.68,5151.46,181077103.0,0.01345047992461268,5.241669125652481
2021-07-16,5140.9,5140.9,5090.63,5094.77,169955982.0,-0.011004647226223185,5.18398640604809
2021-07-19,5083.73,5120.82,5047.62,5113.49,153199589.0,0.003674356251606836,5.203034218907398
2021-07-20,5080.22,5114.0,5067.86,5108.99,129300044.0,-0.0008800251882764565,5.198455417739295
2021-07-21,5122.78,5160.54,5122.3,5144.04,167976469.0,0.006860455784802877,5.234119191281964
2021-07-22,5150.39,5171.21,5137.88,5151.75,185556864.0,0.0014988219376210754,5.241964203949981
2021-07-23,5145.43,5145.43,5080.0,5089.23,216536847.0,-0.012135682049788987,5.178349393054469
2021-07-26,5067.31,5067.31,4859.6,4925.3,228111710.0,-0.03221115964497567,5.011548754057328
2021-07-27,4924.28,4940.86,4749.03,4751.31,236631225.0,-0.035325766958357874,4.83451195067105
2021-07-28,4714.29,4785.66,4663.9,4760.48,192634393.0,0.0019299940437478291,4.843842529940273
2021-07-29,4845.76,4857.97,4800.01,4850.27,173322054.0,0.018861543373777545,4.93520487591449
2021-07-30,4825.7,4825.7,4761.04,4811.17,182349776.0,-0.008061406890750522,4.895420181320527
2021-08-02,4794.82,4938.82,4761.46,4933.74,227194918.0,0.025476131585456363,5.020136550025947
2021-08-03,4909.23,4957.03,4890.85,4934.46,203533360.0,0.00014593391625838947,5.020869158212845
2021-08-04,4927.74,4979.29,4919.66,4978.85,175466461.0,0.008995918499693945,5.066036487957755
2021-08-05,4946.17,4997.14,4921.94,4948.67,167381829.0,-0.006061640740331664,5.035327994790343
2021-08-06,4943.04,4944.35,4891.8,4921.56,154179688.0,-0.005478239607813795,5.007743261530949
2021-08-09,4890.26,5002.89,4884.04,4985.56,182436871.0,0.01300400685961356,5.072863989255081
2021-08-10,4977.82,5043.76,4941.24,5043.15,167051902.0,0.011551360328629023,5.131462469093093
2021-08-11,5037.08,5059.79,5009.98,5015.34,182266074.0,-0.005514410636209388,5.103165477874217
2021-08-12,4998.07,5016.26,4962.98,4973.35,168223733.0,-0.008372313741441206,5.060440175418963
2021-08-13,4958.76,4993.74,4921.28,4945.98,158314321.0,-0.005503332763630353,5.032590889203188
2021-08-16,4935.92,4973.38,4931.37,4941.07,161953373.0,-0.000992725405278616,5.027594908373103
2021-08-17,4935.0,4967.56,4823.39,4837.4,187573472.0,-0.020981285430078933,4.922109504573715
2021-08-18,4838.47,4909.54,4818.9,4894.24,197474378.0,0.011750113697440723,4.97994485088371
2021-08-19,4886.56,4893.47,4839.57,4862.14,201711719.0,-0.006558730262512524,4.947282735884575
2021-08-20,4817.49,4835.15,4720.83,4769.27,177635810.0,-0.019100642926777045,4.852786454888635
2021-08-23,4777.73,4843.82,4764.01,4835.88,167579093.0,0.01396649801751626,4.920562887290267
2021-08-24,4844.59,4906.2,4842.75,4888.39,197883163.0,0.01085841666873466,4.973992409365177
2021-08-25,4890.52,4899.77,4865.76,4898.16,189448016.0,0.0019986130402851465,4.983933495456814
2021-08-26,4892.2,4892.2,4798.7,4801.61,197617387.0,-0.019711483495843396,4.885692772616736
2021-08-27,4794.97,4863.47,4793.59,4827.04,183310211.0,0.005296140252956771,4.9115680867733715
2021-08-30,4847.03,4849.16,4787.2,4813.27,219635757.0,-0.0028526799032118078,4.897556955198977
2021-08-31,4803.09,4821.76,4740.75,4805.61,235118658.0,-0.0015914336822993036,4.889762818099494
2021-09-01,4804.69,4906.4,4763.3,4869.46,326721080.0,0.013286554672559792,4.954730919118023
2021-09-02,4865.82,4892.71,4845.62,4869.41,267858013.0,-1.026807900672555e-05,4.954680043549488
2021-09-03,4875.07,4886.55,4828.7,4843.06,268091896.0,-0.005411333200531332,4.927868618931819
2021-09-06,4841.06,4944.45,4837.79,4933.73,240507245.0,0.018721634668990017,5.020126374912241
2021-09-07,4932.98,5005.96,4915.61,4992.83,244178519.0,0.011978766572147359,5.080261296919995
2021-09-08,4986.8,5013.98,4955.89,4972.13,264615315.0,-0.004145945285539465,5.059198811546722
2021-09-09,4952.49,4970.15,4929.95,4970.01,256530217.0,-0.00042637662329825243,5.05704168744086
2021-09-10,4967.98,5042.8,4962.37,5013.52,288304352.0,0.008754509548270617,5.101313607179563
2021-09-13,5006.77,5029.72,4964.96,4991.66,249915298.0,-0.00436020999218123,5.079070808616288
2021-09-14,4989.84,5000.98,4907.32,4917.16,245590402.0,-0.014924894724400284,5.003266211499915
2021-09-15,4903.85,4903.85,4843.12,4867.32,187984730.0,-0.010135932123420899,4.952553444784747
2021-09-16,4866.79,4879.53,4806.14,4807.7,216752099.0,-0.012249040539763167,4.891889416864235
2021-09-17,4797.11,4857.96,4786.09,4855.94,201958127.0,0.010033903945753542,4.940974165386299
2021-09-22,4770.73,4830.85,4765.23,4821.77,191220376.0,-0.007036742628615533,4.906205801849837
2021-09-23,4848.22,4877.34,4837.56,4853.2,228151064.0,0.006518353218838646,4.93818618423061
2021-09-24,4845.64,4897.06,4838.54,4849.43,207693290.0,-0.0007768070551388284,4.934350166363111
2021-09-27,4870.85,4922.56,4852.2,4877.37,215967030.0,0.005761501867229679,4.962779434060177
2021-09-28,4869.08,4901.31,4846.63,4883.83,176890880.0,0.0013244843019906138,4.969352557514832
2021-09-29,4846.02,4868.07,4799.88,4833.93,188171366.0,-0.01021739085922313,4.9185787401174235
2021-09-30,4843.95,4876.07,4843.95,4866.38,146113896.0,0.006712964399567145,4.9515969840963
2021-10-08,4915.73,4937.09,4891.63,4929.94,168968077.0,0.013061043321729748,5.016270006817328
2021-10-11,4941.29,4983.73,4930.71,4936.19,163511624.0,0.0012677639078770842,5.022629452884137
2021-10-12,4920.66,4925.49,4840.77,4883.84,168079337.0,-0.01060534541822733,4.969362732628539
2021-10-13,4880.14,4953.38,4869.83,4940.11,131142813.0,0.011521671471628858,5.0266180974572405
2021-10-14,4934.26,4953.92,4903.25,4913.61,119557013.0,-0.005364253022705934,4.999654046133967
2021-10-15,4896.56,4939.82,4881.01,4932.11,142822001.0,0.0037650525784505007,5.0184780064917245
2021-10-18,4922.51,4922.51,4844.94,4874.78,141245199.0,-0.011623828341217002,4.9601440796100915
2021-10-19,4869.39,4928.14,4868.81,4922.72,135266493.0,0.009834289957700859,5.00892357472095
2021-10-20,4926.77,4944.02,4898.37,4910.18,141533183.0,-0.0025473721844834207,4.996163982132503
2021-10-21,4914.74,4946.18,4893.85,4928.02,148898154.0,0.003633268026834058,5.014316384985604
2021-10-22,4934.87,4989.89,4934.87,4959.73,143926228.0,0.006434632976326959,5.046581670550169
2021-10-25,4940.9,4981.65,4930.11,4979.52,141861490.0,0.003990136559853141,5.066718220576116
2021-10-26,4983.24,5002.57,4953.48,4963.1,140888943.0,-0.003297506586980248,5.0500106838693934
2021-10-27,4949.23,4949.23,4884.94,4898.16,147111593.0,-0.013084564082932126,4.983933495456813
2021-10-28,4882.59,4898.66,4846.28,4864.14,156649472.0,-0.006945465235925208,4.949317758625955
2021-10-29,4861.27,4908.77,4855.76,4908.77,159887353.0,0.009175311565867705,4.99472929109983
2021-11-01,4878.13,4908.21,4858.25,4890.69,171583974.0,-0.003683203735355467,4.976332685517762
2021-11-02,4886.19,4911.23,4797.9,4839.85,185437688.0,-0.01039526120036216,4.924602407431905
2021-11-03,4835.81,4858.71,4804.37,4821.11,142763820.0,-0.0038720208270919265,4.905534244345182
2021-11-04,4841.09,4873.94,4834.74,4868.74,132592970.0,0.009879467591488389,4.9539983109311265
2021-11-05,4858.9,4889.68,4841.74,4842.35,147789359.0,-0.005420293546174015,4.927146185858629
2021-11-08,4841.15,4866.08,4827.69,4848.18,137398264.0,0.0012039608867595586,4.9330782771497494
2021-11-09,4858.25,4870.79,4818.54,4846.74,118375526.0,-0.0002970186750492765,4.931613060775956
2021-11-10,4832.8,4832.8,4754.0,4821.19,135118179.0,-0.0052715846115121145,4.905615645254837
2021-11-11,4814.77,4898.65,4809.11,4898.65,160484863.0,0.016066572775601085,4.984432076028451
2021-11-12,4902.93,4909.08,4875.35,4888.38,132662969.0,-0.0020964959733803523,4.973982234251469
2021-11-15,4894.41,4906.33,4863.4,4882.38,121823149.0,-0.001227400488505448,4.967877166027332
2021-11-16,4880.9,4915.37,4876.5,4883.32,127254406.0,0.00019252905345346072,4.968833626715781
2021-11-17,4883.25,4891.52,4864.52,4885.75,108459223.0,0.00049761228017009,4.9713061793465565
2021-11-18,4871.42,4871.42,4830.41,4837.62,114480565.0,-0.009851097579696044,4.922333357075267
2021-11-19,4832.06,4892.81,4829.57,4890.06,127198312.0,0.01084004117727333,4.975691653354229
2021-11-22,4895.39,4919.0,4893.27,4912.4,138092836.0,0.0045684511028492025,4.998422857375433
2021-11-23,4905.76,4927.52,4896.88,4913.35,154304411.0,0.00019338816057334896,4.999389493177588
2021-11-24,4914.03,4935.49,4899.61,4916.66,137150673.0,0.0006736747840068169,5.002757455814571
2021-11-25,4917.61,4921.33,4891.73,4896.44,115984031.0,-0.00411254794921756,4.982183375899228
2021-11-26,4886.95,4886.95,4850.81,4860.13,120368974.0,-0.007415591736036675,4.945237538029491
2021-11-29,4820.01,4858.53,4818.71,4851.42,133626862.0,-0.001792133132241358,4.9363750139907845
2021-11-30,4857.18,4871.25,4810.22,4832.03,129630596.0,-0.003996767956598313,4.916645468513114
2021-12-01,4831.89,4844.52,4823.93,4843.85,123086789.0,0.0024461768656238725,4.928672452914665
2021-12-02,4839.91,4866.85,4830.32,4856.16,148088521.0,0.002541366887909291,4.941198017887853
2021-12-03,4856.98,4901.02,4853.35,4901.02,144059626.0,0.0092377516391553,4.9868435779769875
2021-12-06,4909.43,4943.9,4888.69,4892.62,173615683.0,-0.0017139289372417599,4.978296482463194
2021-12-07,4930.83,4934.1,4895.22,4922.1,179053460.0,0.006025401523110485,5.008292717671123
2021-12-08,4934.41,4995.93,4915.79,4995.93,157490559.0,0.014999695252026601,5.083415582169135
2021-12-09,5000.69,5114.5,4999.41,5078.69,220568776.0,0.016565484304223554,5.167624823207403
2021-12-10,5046.27,5060.06,5035.81,5055.12,193695154.0,-0.00464096056266472,5.14364208020025
2021-12-13,5090.02,5143.84,5079.73,5083.8,211801596.0,0.005673455823007156,5.172824306311626
2021-12-14,5066.35,5075.21,5038.86,5049.7,159107790.0,-0.006707580943388858,5.138127168571112
2021-12-15,5036.28,5060.37,5003.78,5005.9,150529752.0,-0.008673782600946645,5.093560170534908
2021-12-16,5006.61,5034.73,4987.22,5034.73,144053867.0,0.005759204139115903,5.122895023351888
2021-12-17,5021.34,5022.11,4954.76,4954.76,149005399.0,-0.015883672014189276,5.041524639037844
2021-12-20,4934.97,4971.67,4872.68,4880.42,169675690.0,-0.015003753965883382,4.965882843740781
2021-12-21,4876.51,4917.8,4872.95,4913.49,143339898.0,0.00677605615910104,4.999531944769485
2021-12-22,4924.58,4936.67,4903.17,4914.45,133256740.0,0.0001953804729428743,5.000508755685347
2021-12-23,4924.29,4948.74,4906.75,4948.74,139555406.0,0.0069773830235326795,5.035399220586292
2021-12-24,4953.06,4964.91,4905.98,4921.34,142673323.0,-0.0055367628931808355,5.007519409029398
2021-12-27,4918.15,4939.69,4894.16,4919.32,124100952.0,-0.00041045731447131306,5.005464036060605
2021-12-28,4923.69,4959.15,4913.6,4955.96,130457757.0,0.007448183895335303,5.0427456526826715
2021-12-29,4958.65,4958.65,4883.48,4883.48,113587002.0,-0.01462481537381266,4.968996428535091
2021-12-30,4882.16,4940.18,4878.65,4921.51,121617178.0,0.007787479420413357,5.007692385962415
2021-12-31,4937.46,4950.36,4923.14,4940.37,121313737.0,0.003832157203784936,5.02688265041362
2022-01-04,4957.98,4961.45,4874.53,4917.77,151534776.0,-0.004574556156724974,5.003886893436037
2022-01-05,4907.93,4916.28,4851.98,4868.12,178816100.0,-0.010096039465042228,4.953367453881299
2022-01-06,4842.16,4857.56,4786.43,4818.23,157665826.0,-0.010248309408971035,4.902603811597596
2022-01-07,4824.32,4856.65,4818.19,4822.37,187139413.0,0.000859236690652132,4.906816308672252
2022-01-10,4812.23,4844.39,4780.82,4844.04,156211696.0,0.004493641093487266,4.928865780075095
2022-01-11,4840.01,4850.88,4791.89,4797.77,146928004.0,-0.009551944244886368,4.88178552895329
2022-01-12,4818.89,4852.73,4810.92,4845.58,143200204.0,0.009965046261075416,4.930432747585958
2022-01-13,4853.03,4853.06,4765.24,4765.92,142519653.0,-0.016439724449911042,4.849377791796827
2022-01-14,4743.91,4764.05,4723.94,4726.73,146863126.0,-0.008222966394736075,4.809501521179502
2022-01-17,4728.76,4775.24,4726.71,4767.28,115295691.0,0.00857886953559861,4.8507616072609645
2022-01-18,4766.78,4826.3,4747.92,4813.35,150870802.0,0.00966379151214114,4.897638356108633
2022-01-19,4815.81,4828.75,4755.93,4780.38,133927360.0,-0.006849699273894561,4.864091006216998
2022-01-20,4778.26,4845.0,4777.57,4823.51,164971315.0,0.009022295298700023,4.907976271634839
2022-01-21,4808.77,4818.31,4762.56,4779.31,138952585.0,-0.009163451511451148,4.8630022690503605
2022-01-24,4753.94,4801.1,4746.45,4786.74,114463880.0,0.0015546177167833353,4.870562378534584
2022-01-25,4761.95,4781.39,4678.25,4678.45,133667586.0,-0.022622912462343936,4.76037607220261
2022-01-26,4697.1,4718.99,4648.13,4712.31,107070842.0,0.007237439750344743,4.794829007214159
2022-01-27,4708.1,4708.44,4616.03,4619.88,121263804.0,-0.019614583930174456,4.700780431221322
2022-01-28,4641.81,4660.52,4559.83,4563.77,126480112.0,-0.012145337108323107,4.643687868211931
2022-02-07,4638.58,4672.65,4615.01,4634.09,144849720.0,0.015408313740613577,4.715239267798821
2022-02-08,4626.44,4626.44,4522.47,4608.77,155830708.0,-0.005463855902669068,4.689475879892961
2022-02-09,4608.15,4659.46,4595.28,4652.06,148335547.0,0.00939296167958048,4.733523947130113
2022-02-10,4657.21,4657.21,4608.09,4639.86,151576666.0,-0.0026224941208842223,4.7211103084077
2022-02-11,4617.87,4662.6,4595.88,4601.4,155974584.0,-0.00828904320388979,4.681976821090979
2022-02-14,4579.42,4593.63,4530.06,4551.69,143673894.0,-0.010803233798409195,4.631396330854001
2022-02-15,4553.81,4601.45,4550.54,4600.1,115025600.0,0.010635610070105939,4.680654056309083
2022-02-16,4619.85,4643.1,4607.22,4617.99,107258955.0,0.003889045890306697,4.69885733473072
2022-02-17,4616.9,4650.16,4606.95,4629.17,110014643.0,0.002420966697632476,4.710233111855029
2022-02-18,4604.57,4651.34,4598.1,4651.24,104550228.0,0.00476759332666532,4.732689587806147
2022-02-21,4646.05,4646.67,4613.3,4634.31,112516512.0,-0.0036398895778329,4.715463120300373
2022-02-22,4601.92,4602.07,4550.8,4574.15,123317237.0,-0.0129814362871713,4.654249636239688
2022-02-23,4582.01,4625.3,4579.29,4623.05,122952916.0,0.01069051080528638,4.7040059422664084
2022-02-24,4592.07,4610.88,4488.48,4529.32,184403058.0,-0.02027449411103066,4.608634601491675
2022-02-25,4564.63,4611.86,4561.9,4573.42,149722583.0,0.0097365608965585,4.653506852939085
2022-02-28,4563.74,4581.65,4530.68,4581.65,135406978.0,0.001799528580362031,4.661880971519859
2022-03-01,4597.86,4623.43,4583.92,4619.69,123139220.0,0.008302685713662106,4.70058710406089
2022-03-02,4594.02,4594.02,4558.44,4578.6,113298325.0,-0.008894536213468696,4.658777561839257
2022-03-03,4595.02,4599.4,4544.43,4551.63,138285877.0,-0.005890446861486098,4.631335280171759
2022-03-04,4513.36,4539.39,4481.49,4496.43,127266806.0,-0.0121275235465097,4.575168652509695
2022-03-07,4462.52,4462.52,4338.3,4352.78,162197706.0,-0.031947567292274215,4.429003144110138
2022-03-08,4361.64,4383.65,4252.54,4265.39,167863277.0,-0.02007682446620307,4.340082825425577
2022-03-09,4280.98,4304.48,4068.19,4226.35,194232900.0,-0.009152738671024174,4.300359181513857
2022-03-10,4326.2,4335.67,4288.51,4292.84,145266383.0,0.01573225123333377,4.3680135125510064
2022-03-11,4231.2,4316.04,4176.45,4306.52,152399921.0,0.0031867015775104424,4.38193306810204
2022-03-14,4248.15,4280.36,4174.76,4174.76,130187236.0,-0.030595469195545455,4.247865769899982
2022-03-15,4125.49,4163.42,3983.81,3983.81,202524699.0,-0.04573915626287506,4.053571973666808
2022-03-16,4053.1,4168.59,3942.86,4156.08,196021982.0,0.04324252411636098,4.2288586574955005
2022-03-17,4237.67,4302.74,4217.8,4237.7,179407344.0,0.01963869800388829,4.311907935571183
2022-03-18,4218.47,4283.37,4194.94,4265.9,149458305.0,0.006654553177431133,4.340601756224629
2022-03-21,4280.14,4287.82,4223.02,4258.75,127036360.0,-0.0016760824210599878,4.333326549924199
2022-03-22,4252.57,4283.33,4236.69,4255.29,126382470.0,-0.0008124449662459954,4.329805960581613
2022-03-23,4269.61,4287.58,4241.96,4276.52,117089078.0,0.004989084175226699,4.3514077269813525
2022-03-24,4249.53,4273.96,4216.85,4251.31,108918272.0,-0.0058949800304920474,4.325756265326269
2022-03-25,4249.07,4254.84,4173.93,4174.57,108808046.0,-0.018050906661711497,4.2476724427395505
2022-03-28,4128.84,4174.12,4091.3,4148.47,118449021.0,-0.006252140939066675,4.221115395964553
2022-03-29,4155.42,4177.21,4124.72,4134.14,100266972.0,-0.003454285555879566,4.206534458022571
2022-03-30,4162.17,4254.1,4160.73,4254.1,138346024.0,0.029016917666068398,4.328595122050492
2022-03-31,4234.72,4247.36,4214.54,4222.6,134029185.0,-0.0074046214240379715,4.296543513873771
2022-04-01,4198.82,4290.67,4190.08,4276.16,133803053.0,0.012684128262208105,4.351041422887904
2022-04-06,4258.83,4277.52,4236.73,4263.84,159062195.0,-0.002881089575693996,4.338505682801008
2022-04-07,4240.02,4278.11,4205.74,4209.1,134880353.0,-0.012838192802731796,4.282807110369461
2022-04-08,4213.21,4237.81,4175.53,4230.77,142843793.0,0.005148369010002263,4.304856581772305
2022-04-11,4203.79,4203.79,4089.09,4100.07,148197071.0,-0.030892721655868982,4.1718678456231775
2022-04-12,4102.97,4179.97,4075.8,4179.97,144285684.0,0.019487472165109487,4.253167004141274
2022-04-13,4154.41,4194.04,4139.74,4139.74,125097489.0,-0.009624470989026301,4.212232521698433
2022-04-14,4172.64,4217.06,4155.55,4191.57,124791316.0,0.012520109958596315,4.264970136041273
2022-04-15,4162.37,4211.32,4152.97,4188.75,124762263.0,-0.0006727789348620616,4.262100753975929
2022-04-18,4152.93,4171.74,4119.99,4166.38,117504610.0,-0.005340495374515086,4.239339024613603
2022-04-19,4161.93,4186.94,4115.42,4134.9,110217471.0,-0.0075557198335246545,4.207307766664295
2022-04-20,4130.54,4136.17,4060.5,4070.79,117331658.0,-0.015504607124718794,4.142075112689387
2022-04-21,4048.73,4086.44,3978.37,3995.83,132783828.0,-0.018414116178923523,4.065802460342497
2022-04-22,3967.2,4037.08,3953.72,4013.25,122101811.0,0.00435954482548051,4.083527508419909
2022-04-25,3933.45,3958.21,3814.91,3814.91,168364502.0,-0.04942129197034828,3.88171430315734
2022-04-26,3822.49,3871.85,3773.9,3784.12,157577611.0,-0.008070963666246378,3.850385128053808
2022-04-27,3758.08,3895.73,3757.09,3895.54,172734046.0,0.02944409796729497,3.96375624497604
2022-04-28,3883.42,3943.43,3873.58,3921.11,153056586.0,0.006563916684208193,3.9897740107245725
2022-04-29,3939.62,4017.43,3898.57,4016.24,179458377.0,0.024260987322467287,4.08656986741827
2022-05-05,3995.35,4039.7,3988.93,4010.21,154170716.0,-0.001501404298547837,4.080434273853013
2022-05-06,3928.85,3947.24,3902.05,3908.82,123005551.0,-0.02528296523124718,3.9772687959787976
2022-05-09,3883.95,3914.11,3854.94,3877.44,92936694.0,-0.00802799821941147,3.945339289166559
2022-05-10,3820.63,3932.68,3808.57,3919.87,136416918.0,0.01094278699348017,3.988512296624917
2022-05-11,3917.93,4033.3,3916.52,3976.42,165632256.0,0.014426498837971646,4.046052564637412
2022-05-12,3949.95,3985.93,3935.59,3958.74,113376066.0,-0.004446210410369189,4.02806296360362
2022-05-13,3983.82,4003.85,3957.14,3988.6,109968357.0,0.007542804023502381,4.058445853132411
2022-05-16,4015.0,4018.03,3947.75,3956.54,112425294.0,-0.008037908037908048,4.025824438588103
2022-05-17,3961.76,4005.89,3955.1,4005.89,109661454.0,0.012473019355295323,4.076038624731633
2022-05-18,4015.01,4017.34,3964.75,3991.91,108074233.0,-0.0034898611794133005,4.061813815769393
2022-05-19,3938.3,3999.6,3933.75,3999.6,116293420.0,0.0019263961361855042,4.069638478209996
2022-05-20,4020.82,4077.6,4020.82,4077.6,147069173.0,0.019501950195019546,4.1490043651237825
2022-05-23,4080.97,4080.97,4029.08,4053.98,130477810.0,-0.00579262311163431,4.124970746548095
2022-05-24,4052.87,4055.78,3959.15,3959.15,145554336.0,-0.023391827290711875,4.028480143265603
2022-05-25,3959.77,3983.62,3946.81,3983.18,107734015.0,0.006069484611595843,4.052930941503273
2022-05-26,3987.68,4015.75,3938.24,3993.04,126263689.0,0.002475409095245462,4.062963603618272
2022-05-27,4022.71,4051.14,3983.38,4001.3,112769337.0,0.002068599362891499,4.071368247540168
2022-05-30,4020.86,4040.82,4003.38,4029.02,111152241.0,0.006927748481743379,4.099573662735682
2022-05-31,4031.76,4096.2,4020.38,4091.52,135415513.0,0.015512457123568524,4.163168123403779
2022-06-01,4086.62,4094.9,4058.85,4083.18,114850879.0,-0.0020383622712342175,4.154682078572228
2022-06-02,4064.0,4091.15,4057.91,4089.57,113893638.0,0.0015649567249056417,4.161183976230935
2022-06-06,4090.53,4166.62,4063.91,4166.09,167871011.0,0.018711013627349615,4.239043946316101
2022-06-07,4165.69,4198.09,4155.17,4179.13,142992881.0,0.0031300331965944395,4.252312294589893
2022-06-08,4187.15,4224.81,4158.03,4219.81,157374057.0,0.009734083409705052,4.293704657149545
2022-06-09,4211.72,4227.45,4160.88,4175.67,168449154.0,-0.010460186596079057,4.248791705247307
2022-06-10,4145.65,4241.35,4140.22,4238.99,184796214.0,0.015164033556291479,4.3132205252393705
2022-06-13,4194.46,4218.23,4156.71,4189.35,168475622.0,-0.011710336660383569,4.262711260798341
2022-06-14,4143.22,4224.09,4102.93,4222.31,171385904.0,0.007867568954611048,4.296248435576269
2022-06-15,4228.29,4348.42,4228.29,4278.22,257046590.0,0.013241566820058281,4.353137496311523
2022-06-16,4282.08,4302.92,4241.08,4250.06,184074416.0,-0.00658217669965544,4.324484376112904
2022-06-17,4219.23,4318.77,4218.68,4309.04,158649098.0,0.013877451141866226,4.384497196756175
2022-06-20,4322.83,4368.36,4297.89,4330.43,165666382.0,0.004963982696842173,4.406261764975226
2022-06-21,4327.92,4357.34,4287.14,4325.57,164667615.0,-0.0011222903961040087,4.401316659713674
2022-06-22,4331.9,4333.18,4269.25,4270.62,158565854.0,-0.012703528089939575,4.345404409894282
2022-06-23,4277.96,4343.88,4260.9,4343.88,170882360.0,0.017154417859701843,4.419947292911
2022-06-24,4354.55,4400.69,4346.12,4394.77,168972199.0,0.01171533283608217,4.471728446565392
2022-06-27,4414.33,4472.69,4414.33,4444.26,177385676.0,0.01126111264070695,4.5220850843008185
2022-06-28,4442.58,4497.89,4407.35,4490.52,174756489.0,0.010408931970676827,4.569155160308918
2022-06-29,4472.73,4503.13,4414.0,4421.36,187276688.0,-0.015401334366621389,4.498784073912027
2022-06-30,4418.07,4515.0,4418.07,4485.01,156666289.0,0.014396022943166997,4.563548672656419
2022-07-01,4489.52,4500.99,4449.29,4466.72,144779599.0,-0.004078028811529966,4.544938389686507
2022-07-04,4447.22,4496.03,4427.82,4496.03,146345651.0,0.006561861947916858,4.5747616479614175
2022-07-05,4505.46,4530.32,4439.45,4489.54,154962415.0,-0.001443495706211828,4.568157999165643
2022-07-06,4475.48,4484.36,4393.42,4423.97,149800235.0,-0.014605059761133576,4.501439778589528
2022-07-07,4425.28,4457.34,4391.19,4443.47,132660906.0,0.0044078056587182335,4.5212812503179745
2022-07-08,4468.06,4479.49,4426.89,4428.78,123195739.0,-0.003305974834982739,4.506334008282544
2022-07-11,4406.15,4406.15,4330.58,4354.62,134448578.0,-0.01674501781528992,4.430875365032207
2022-07-12,4352.65,4370.34,4296.62,4313.62,130187838.0,-0.009415287671484585,4.389157398833934
2022-07-13,4313.36,4341.47,4284.94,4321.46,131113179.0,0.0018174989915662465,4.39713468798014
2022-07-14,4308.82,4352.1,4292.76,4322.07,145250926.0,0.00014115599820430091,4.39775536991626
2022-07-15,4299.47,4344.86,4248.53,4248.53,150214453.0,-0.017014995129648547,4.3229275837157495
2022-07-18,4262.15,4300.78,4217.51,4292.59,122601192.0,0.010370645846916604,4.367759134708333
2022-07-19,4288.44,4288.44,4238.82,4269.34,103805730.0,-0.0054163104326292455,4.3441019953398
2022-07-20,4291.28,4303.37,4269.97,4283.8,94490144.0,0.003386940370174285,4.358815209759971
2022-07-21,4270.36,4283.15,4236.05,4236.06,117156344.0,-0.011144311125636075,4.310239216923251
2022-07-22,4251.79,4275.47,4207.31,4238.23,103840624.0,0.000512268475894917,4.312447216597647
2022-07-25,4233.93,4234.84,4201.92,4212.64,83636664.0,-0.006037897896055466,4.286409100621702
2022-07-26,4220.09,4259.99,4214.53,4245.98,85823274.0,0.00791427703292924,4.320332929720491
2022-07-27,4236.15,4242.1,4217.28,4225.04,78904940.0,-0.004931723653903153,4.299026241618252
2022-07-28,4242.27,4267.92,4223.03,4225.67,107531930.0,0.00014911101433368046,4.299667273781787
2022-07-29,4226.42,4243.51,4160.87,4170.1,114179286.0,-0.013150577304900657,4.243124166912568
2022-08-01,4160.65,4196.57,4129.45,4188.68,107749029.0,0.004455528644397022,4.262029528179981
2022-08-02,4144.38,4144.38,4071.43,4107.02,142224425.0,-0.019495401892720365,4.178939549649471
2022-08-03,4114.83,4150.98,4058.18,4066.98,116666124.0,-0.009749161192300071,4.13819839436706
2022-08-04,4089.44,4108.16,4064.66,4101.54,89532644.0,0.008497705914462417,4.173363587338092
2022-08-05,4109.63,4159.49,4097.86,4156.91,102571004.0,0.013499807389419471,4.229703191933173
2022-08-08,4142.11,4155.73,4135.08,4148.07,90208138.0,-0.0021265795987885916,4.220708391416277
2022-08-09,4143.67,4161.81,4131.43,4156.29,84136959.0,0.0019816444756237672,4.229072334883346
2022-08-10,4149.21,4160.79,4092.55,4109.74,85565839.0,-0.0111998922115637,4.181707180577747
2022-08-11,4130.74,4193.81,4116.06,4193.54,121385051.0,0.02039058431920271,4.266974633441532
2022-08-12,4185.42,4202.47,4175.05,4191.15,106808295.0,-0.0005699242167716001,4.264542781265584
2022-08-15,4180.0,4219.92,4174.3,4185.68,105898495.0,-0.0013051310499503366,4.258976994067913
2022-08-16,4190.53,4208.8,4170.52,4177.84,93906139.0,-0.0018730528850748884,4.250999704921706
2022-08-17,4182.57,4222.79,4155.17,4216.96,112864659.0,0.009363690328016316,4.2908047497430815
2022-08-18,4205.79,4211.91,4173.54,4180.1,101052650.0,-0.008740893914099157,4.253299280619465
2022-08-19,4174.55,4185.66,4151.07,4151.07,117402978.0,-0.0069448099327769075,4.223760925528346
2022-08-22,4135.16,4183.65,4134.2,4181.4,112442720.0,0.007306549877501345,4.25462204540136
2022-08-23,4175.53,4187.39,4147.41,4161.08,103153512.0,-0.004859616396422184,4.233946214348949
2022-08-24,4168.58,4174.16,4079.09,4082.42,119069679.0,-0.018903746142828304,4.153908769930507
2022-08-25,4093.29,4119.62,4058.75,4116.24,111320745.0,0.008284301958152218,4.1883210044872285
2022-08-26,4127.81,4139.79,4102.68,4107.55,99000493.0,-0.0021111499815364976,4.1794788306759365
2022-08-29,4063.88,4092.95,4059.6,4089.52,94354432.0,-0.00438947791262434,4.161133100662403
2022-08-30,4088.53,4093.14,4048.52,4075.79,93301662.0,-0.0033573622332205844,4.147162669542835
2022-08-31,4057.14,4112.85,4046.62,4078.84,132449765.0,0.0007483211843593018,4.150266079223438
2022-09-01,4066.19,4090.89,4041.13,4043.74,97387071.0,-0.008605387806337239,4.1145514301122335
2022-09-02,4054.84,4056.18,4004.91,4023.61,86789278.0,-0.004978064860747589,4.094068926220253
2022-09-05,4010.41,4017.0,3982.74,4015.43,93767109.0,-0.002033000216223768,4.085745683208013
2022-09-06,4024.47,4054.0,4009.58,4052.28,113506265.0,0.009177099339298778,4.123240977217924
2022-09-07,4032.72,4067.54,4028.37,4054.98,107678059.0,0.0006662915691906246,4.125988257918786
2022-09-08,4059.17,4067.76,4036.02,4037.68,100886049.0,-0.004266358896961364,4.108385311205857
2022-09-09,4050.59,4099.01,4042.25,4093.79,118427114.0,0.013896594083731229,4.165477874215249
2022-09-13,4112.01,4128.11,4097.14,4111.11,111789737.0,0.004230798355558063,4.1831011711555925
2022-09-14,4058.04,4089.06,4047.92,4065.36,90793681.0,-0.01112838138604888,4.136550025946545
2022-09-15,4078.65,4088.81,3998.86,4027.12,123951196.0,-0.009406301040990273,4.0976403911313755
2022-09-16,4013.58,4019.41,3932.68,3932.68,137193655.0,-0.02345100220504981,4.001546617283452
2022-09-19,3928.42,3953.65,3910.31,3928.0,97719575.0,-0.0011900281741712426,3.9967846640686253
2022-09-20,3945.65,3957.55,3921.69,3932.84,84824134.0,0.0012321792260692188,4.001709419102763
2022-09-21,3921.32,3924.39,3884.23,3903.73,86458391.0,-0.007401775815949807,3.9720896631019897
2022-09-22,3875.18,3900.27,3860.23,3869.34,80946919.0,-0.008809523199606484,3.9370974470639757
2022-09-23,3865.1,3888.4,3829.69,3856.02,94342462.0,-0.0034424475491944273,3.923544195606391
2022-09-26,3829.6,3893.32,3827.95,3836.68,104526031.0,-0.005015534151793899,3.9038655256972543
2022-09-27,3844.07,3893.03,3827.93,3892.3,88860160.0,0.014496908785721185,3.960459508135009
2022-09-28,3879.44,3879.44,3828.05,3828.71,86592213.0,-0.0163373840659764,3.8957559600728593
2022-09-29,3864.32,3873.18,3808.65,3827.14,85654142.0,-0.00041005978514963015,3.894158467220876
2022-09-30,3833.35,3848.6,3801.28,3804.89,78559966.0,-0.005813740809063717,3.8715188392230333
2022-10-10,3806.56,3807.46,3715.71,3720.94,102647595.0,-0.022063712748594533,3.786098759653644
2022-10-11,3732.02,3739.81,3706.06,3727.69,83944625.0,0.0018140577380985068,3.792966961405799
2022-10-12,3722.87,3784.31,3661.53,3784.31,108089319.0,0.015189031276742426,3.8505784552142424
2022-10-13,3756.42,3783.6,3749.64,3752.67,99018915.0,-0.008360837246420005,3.8183843954456247
2022-10-14,3783.32,3863.23,3780.84,3842.47,116242293.0,0.023929628770981592,3.9097569165335475
2022-10-17,3822.24,3849.62,3809.12,3846.41,104192019.0,0.0010253821109860173,3.913765911334065
2022-10-18,3865.83,3870.22,3831.17,3838.27,88346907.0,-0.002116259057146741,3.905483368776652
2022-10-19,3827.47,3840.49,3776.53,3776.53,81574844.0,-0.016085371795105496,3.8426622167502784
2022-10-20,3746.58,3804.25,3726.79,3754.93,90290895.0,-0.005719536187982155,3.8206839711433833
2022-10-21,3753.89,3768.69,3724.69,3742.89,98750038.0,-0.0032064512520872945,3.8084331342402806
2022-10-24,3727.92,3762.16,3619.99,3633.37,130056864.0,-0.0292608118325679,3.696995288922359
2022-10-25,3621.94,3670.73,3594.7,3627.45,110953882.0,-0.0016293413552707081,3.690971621607877
2022-10-26,3633.31,3700.88,3633.31,3656.9,121301548.0,0.008118650842878772,3.720937331474685
2022-10-27,3667.66,3685.08,3631.06,3631.14,117998675.0,-0.007044217780087014,3.6947262385657216
2022-10-28,3605.16,3618.86,3533.5,3541.33,118772162.0,-0.024733279355794613,3.603343542364091
2022-10-31,3504.51,3553.39,3495.95,3508.7,138465655.0,-0.009214052347564339,3.5701421463384904
2022-11-01,3519.82,3634.17,3517.62,3634.17,149286698.0,0.03575968307350319,3.6978092980189112
2022-11-02,3620.37,3703.47,3610.8,3677.81,141592919.0,0.012008243973176791,3.742213494235804
2022-11-03,3645.06,3670.16,3628.5,3647.9,110566035.0,-0.008132557146780295,3.711779729138479
2022-11-04,3646.77,3782.88,3646.77,3767.17,149734949.0,0.032695523451848896,3.8331383103206234
2022-11-07,3754.52,3792.79,3746.37,3775.3,129826371.0,0.002158118693873723,3.8414106777643298
2022-11-08,3773.66,3779.12,3723.34,3749.33,99016451.0,-0.006878923529256009,3.8149859074675216
2022-11-09,3750.78,3760.41,3711.27,3714.27,89434525.0,-0.009351004046056266,3.779311958811145
2022-11-10,3685.83,3701.53,3665.06,3685.69,103509302.0,-0.007694647938895072,3.750231483836837
2022-11-11,3787.76,3828.9,3747.09,3788.44,189685586.0,0.027878090669589684,3.8547807771751903
2022-11-14,3818.14,3848.41,3781.78,3794.02,169665048.0,0.0014729017748729145,3.8604584906236377
2022-11-15,3788.93,3871.64,3775.5,3865.97,151515650.0,0.018964053958598015,3.933668433744752
2022-11-16,3860.81,3877.68,3829.31,3834.39,120610964.0,-0.008168713156077256,3.9015354246583756
2022-11-17,3821.27,3821.74,3776.57,3818.66,105940632.0,-0.004102347439879583,3.8855299707974287
2022-11-18,3823.82,3840.3,3801.57,3801.57,115078777.0,-0.004475391891396341,3.8681407014723446
2022-11-21,3769.63,3769.87,3734.0,3769.13,95866966.0,-0.008533316498183674,3.835132632607175
2022-11-22,3766.08,3809.86,3751.04,3769.57,144486334.0,0.0001167378148272391,3.835580337610278
2022-11-23,3760.22,3791.18,3753.21,3773.53,144527911.0,0.001050517698305109,3.839609682638209
2022-11-24,3791.54,3804.9,3751.38,3756.81,101073447.0,-0.004430864469078144,3.822596892520279
2022-11-25,3751.28,3790.57,3743.41,3775.78,142929711.0,0.005049496780513252,3.84189908322226
2022-11-28,3701.9,3736.08,3672.13,3733.24,127825748.0,-0.011266546250046416,3.7986141495131256
2022-11-29,3766.57,3854.77,3766.57,3848.42,178701392.0,0.030852557028211436,3.9158111091891503
2022-11-30,3836.56,3867.66,3833.83,3853.04,157511400.0,0.001200492669718889,3.9205120117217356
2022-12-01,3921.3,3944.56,3893.87,3894.77,169964585.0,0.010830409235305094,3.962972761220611
2022-12-02,3886.4,3898.11,3865.88,3870.95,116786350.0,-0.006115893878200773,3.9387356403707856
2022-12-05,3907.64,3947.48,3900.67,3946.88,201747221.0,0.019615339903641393,4.015995278747245
2022-12-06,3929.01,3988.9,3923.0,3968.2,155108323.0,0.005401735041349109,4.037688621170346
2022-12-07,3956.67,3999.59,3944.18,3958.44,143001356.0,-0.0024595534499268767,4.027757710192416
2022-12-08,3953.2,3971.49,3941.3,3959.18,115199986.0,0.0001869423308171747,4.028510668606726
2022-12-09,3961.99,4003.32,3944.44,3998.24,153774954.0,0.009865679256815696,4.0682546627458605
2022-12-12,3976.17,3983.43,3950.32,3953.44,125935368.0,-0.011204930169274374,4.022670153338968
2022-12-13,3953.55,3964.4,3939.98,3945.68,100994100.0,-0.0019628475454288585,4.0147742651024165
2022-12-14,3952.79,3972.74,3935.77,3954.89,98528006.0,0.002334198414468469,4.024145544826467
2022-12-15,3954.67,3963.5,3926.5,3951.99,88864725.0,-0.0007332694461793521,4.021194761851468
2022-12-16,3931.23,3960.47,3929.49,3954.23,93178567.0,0.0005668030536514213,4.023473987321812
2022-12-19,3952.77,3966.57,3878.44,3893.22,106919075.0,-0.015429046868796203,3.9613956185960415
2022-12-20,3881.23,3881.27,3811.48,3829.02,83096822.0,-0.01649020605051854,3.8960713885977714
2022-12-21,3839.0,3853.73,3821.4,3830.54,64839215.0,0.0003969684148945607,3.897618005881219
2022-12-22,3859.2,3882.13,3821.34,3836.03,83705173.0,0.0014332182929821524,3.9032041433063047
2022-12-23,3811.62,3848.34,3805.95,3828.22,65278148.0,-0.0020359590514152925,3.8952573795012184
2022-12-26,3830.57,3856.81,3827.52,3843.49,73005712.0,0.003988798971845897,3.910794778131648
2022-12-27,3860.91,3891.85,3856.58,3887.85,77515350.0,0.011541593707802056,3.9559315825354373
2022-12-28,3874.91,3884.72,3854.94,3871.26,84424656.0,-0.004267139935954289,3.9390510688956977
2022-12-29,3854.24,3868.29,3838.48,3856.7,79394815.0,-0.003761049374105707,3.924236103338457
2022-12-30,3873.94,3887.55,3868.76,3871.63,78773272.0,0.003871185210153838,3.9394275481028527
2023-01-03,3864.84,3893.99,3831.25,3887.9,115051875.0,0.004202364378827594,3.955982458103972
2023-01-04,3886.25,3905.9,3873.65,3892.95,110660743.0,0.0012989017207232223,3.9611208905259545
2023-01-05,3913.49,3974.88,3912.26,3968.58,116502395.0,0.01942742650175311,4.038075275491206
2023-01-06,3969.55,4000.41,3966.47,3980.89,110953038.0,0.0031018651507592754,4.050600840464395
2023-01-09,3998.53,4023.09,3990.71,4013.12,117054425.0,0.008096179497549594,4.08339523194172
2023-01-10,4014.71,4030.46,4002.23,4017.47,101751141.0,0.0010839446615102943,4.08782140640422
2023-01-11,4019.88,4043.4,4008.02,4010.03,99997889.0,-0.00185191177532118,4.080251121806291
2023-01-12,4021.75,4030.29,4003.51,4017.87,90552627.0,0.0019550975927860037,4.088228410952497
2023-01-13,4032.29,4074.38,4027.89,4074.38,95871896.0,0.014064666104179668,4.145727978510164
2023-01-16,4077.88,4177.1,4076.64,4137.96,151395455.0,0.0156048282192629,4.210421351458607
2023-01-17,4138.84,4148.58,4118.16,4137.24,95479040.0,-0.00017399878200863306,4.209688743271711
2023-01-18,4140.1,4151.46,4125.77,4130.31,84200645.0,-0.0016750297299648054,4.202637389472833
2023-01-19,4125.58,4156.01,4105.98,4156.01,94608398.0,0.006222293241911592,4.228787431699555
2023-01-20,4166.84,4189.83,4161.67,4181.53,123553809.0,0.006140504955473913,4.254754321879552
2023-01-30,4267.62,4268.15,4197.86,4201.35,164607064.0,0.004739891857765022,4.274921397246619
2023-01-31,4200.58,4212.73,4153.05,4156.86,124550835.0,-0.010589453389981962,4.229652316364639
2023-02-01,4170.13,4195.93,4137.77,4195.93,141008954.0,0.0093989213011747,4.269406485617481
2023-02-02,4207.41,4207.41,4170.56,4181.15,133823736.0,-0.003522461051542969,4.254367667558689
2023-02-03,4162.03,4162.03,4103.17,4141.63,117041221.0,-0.009451945039044118,4.214155618189038
2023-02-06,4103.83,4105.94,4065.22,4086.88,110192717.0,-0.013219432928581298,4.158446870643783
2023-02-07,4098.31,4107.34,4077.96,4094.23,91360072.0,0.0017984379281994478,4.165925579218351
2023-02-08,4099.86,4111.47,4072.65,4076.14,84786099.0,-0.0044184132303266566,4.147518798522577
2023-02-09,4067.56,4130.86,4064.75,4130.86,102289961.0,0.013424465302958044,4.2031970207267095
2023-02-10,4124.1,4125.29,4092.35,4106.31,96716733.0,-0.005943072386863535,4.178217116576281
2023-02-13,4098.88,4146.45,4092.27,4143.57,128892577.0,0.009073840016949442,4.216129590248174
2023-02-14,4151.25,4152.05,4125.26,4145.29,102499890.0,0.00041510098779551363,4.21787970980576
2023-02-15,4146.85,4153.72,4115.97,4123.69,121664508.0,-0.0052107331453288275,4.195901464198865
2023-02-16,4125.41,4167.9,4068.86,4093.49,159310585.0,-0.007323537899308619,4.16517262080404
2023-02-17,4086.22,4104.64,4032.93,4034.51,116142589.0,-0.014408243332706183,4.10515980016077
2023-02-20,4039.96,4134.86,4035.48,4133.49,161794481.0,0.024533338621046896,4.205873075631623
2023-02-21,4130.06,4151.8,4116.27,4144.35,145776173.0,0.0026273197709443252,4.216923249117313
2023-02-22,4118.97,4134.88,4101.86,4106.95,104290295.0,-0.009024334334696738,4.178868323853522
2023-02-23,4106.21,4132.39,4088.21,4103.65,103564906.0,-0.000803515991185666,4.175510536330247
2023-02-24,4100.99,4102.61,4048.24,4061.05,100989425.0,-0.010381002278459284,4.132164551938872
2023-02-27,4040.46,4067.03,4034.52,4043.84,93787630.0,-0.004237820268157222,4.114653181249304
2023-02-28,4058.13,4074.26,4026.45,4069.46,110323591.0,0.006335562237872905,4.140721822566371
2023-03-01,4068.73,4135.48,4061.22,4126.94,156015794.0,0.014124724164876756,4.1992083761536065
2023-03-02,4119.99,4137.25,4113.83,4117.74,148217637.0,-0.002229254605106923,4.189847271543263
2023-03-03,4126.02,4135.21,4100.38,4130.55,160331741.0,0.003110929781870775,4.202881592201797
2023-03-06,4131.15,4132.84,4088.45,4109.01,162971807.0,-0.0052148019028942505,4.180964397277143
2023-03-07,4103.64,4124.96,4046.57,4048.85,195912068.0,-0.01464099624970494,4.119750913216459
2023-03-08,4030.74,4037.29,4011.52,4034.11,117936493.0,-0.0036405399063931254,4.1047527956124945
2023-03-09,4035.84,4043.85,4000.89,4019.85,116539629.0,-0.003534856511101636,4.090243083466461
2023-03-10,3991.8,4004.36,3966.43,3967.14,123855409.0,-0.013112429568267525,4.036610059117414
2023-03-13,3962.64,4008.69,3962.64,4008.69,143561370.0,0.010473540132186043,4.078887656569566
2023-03-14,3999.88,4001.94,3946.94,3984.7,150544174.0,-0.005984498676625094,4.054477558786723
2023-03-15,4011.84,4018.75,3986.9,3986.9,142026007.0,0.0005521118277411752,4.0567160838022405
2023-03-16,3958.2,3981.32,3936.48,3939.15,152515644.0,-0.011976723770347864,4.008129915851813
2023-03-17,3971.16,4004.22,3945.25,3958.82,177433818.0,0.0049934630567507465,4.028144364513277
2023-03-20,3962.66,3979.55,3935.02,3939.08,205264970.0,-0.004986334311739449,4.008058690055864
2023-03-21,3948.16,3982.7,3948.16,3982.38,145090679.0,0.010992414472414946,4.052116932406722
2023-03-22,3993.78,4016.45,3986.71,3999.44,149228970.0,0.004283870449329319,4.069475676390686
2023-03-23,3985.99,4039.09,3984.0,4039.09,158887421.0,0.009913887944312139,4.109820002238528
2023-03-24,4035.16,4037.84,4017.0,4027.05,159442330.0,-0.0029808694532679203,4.097569165335425
2023-03-27,4023.3,4023.3,3987.03,4012.48,168482279.0,-0.0036180330514893333,4.082744024664478
2023-03-28,4015.7,4023.78,3994.6,3999.51,131895117.0,-0.003232414865619204,4.069546902186635
2023-03-29,4013.59,4017.76,3992.67,4006.14,133743510.0,0.001657703068625782,4.076293002574306
2023-03-30,4009.56,4040.5,3983.9,4038.53,149901037.0,0.008085089387789735,4.109250195870941
2023-03-31,4045.45,4063.57,4039.96,4050.93,138842546.0,0.0030704241394763354,4.121867336867491
2023-04-03,4059.62,4094.94,4059.06,4090.57,182124313.0,0.009785407301533322,4.162201487601626
2023-04-04,4089.29,4103.16,4080.07,4103.11,197146631.0,0.0030655874364695634,4.174961080190073
2023-04-06,4084.13,4098.83,4078.4,4096.64,150703374.0,-0.0015768526800401528,4.168377781621712
2023-04-07,4096.9,4131.31,4092.18,4123.28,128676738.0,0.006502890173410325,4.195484284536882
2023-04-10,4132.01,4132.3,4099.05,4104.81,152453002.0,-0.004479443549795126,4.176690849520246
2023-04-11,4108.51,4116.12,4083.49,4100.15,153901333.0,-0.0011352535196514912,4.171949246532832
2023-04-12,4102.4,4108.25,4090.28,4097.29,165965278.0,-0.0006975354560198044,4.16903916401266
2023-04-13,4081.39,4088.88,4059.57,4068.98,156444295.0,-0.006909445023417948,4.140233417108438
2023-04-14,4078.97,4098.22,4075.2,4092.0,150695682.0,0.005657437490476758,4.163656528861712
2023-04-17,4090.07,4149.38,4089.51,4149.38,188773095.0,0.01402248289345076,4.22204133131188
2023-04-18,4139.31,4169.67,4138.46,4162.03,170184130.0,0.003048648231783968,4.234912850151103
2023-04-19,4159.39,4159.39,4118.63,4124.56,162554592.0,-0.00900281833624439,4.196786699091366
2023-04-20,4122.95,4125.82,4094.0,4113.02,162706677.0,-0.0027978741974901133,4.185044617873608
2023-04-21,4114.26,4114.26,4031.91,4032.57,180802435.0,-0.019559836810907894,4.103185828101632
2023-04-24,4031.3,4033.64,3967.91,3982.64,170099217.0,-0.012381682153068674,4.052381485363101
2023-04-25,3985.11,3991.69,3925.44,3962.67,172555409.0,-0.005014261896631345,4.03206178329043
2023-04-26,3950.26,3975.66,3934.66,3959.23,162702006.0,-0.000868101557788048,4.0285615441752585
2023-04-27,3948.03,3999.13,3942.82,3988.42,153828195.0,0.007372645691207547,4.058262701085686
2023-04-28,3993.26,4030.45,3993.26,4029.09,179508488.0,0.010197020373982735,4.099644888531631
2023-05-04,4013.47,4035.78,4001.13,4030.25,227582846.0,0.00028790620214480533,4.100825201721631
2023-05-05,4031.09,4047.6,3998.39,4016.88,206626924.0,-0.0033174120712113897,4.0872210746955115
2023-05-08,4028.11,4070.77,4018.96,4062.66,255583085.0,0.011396905060643947,4.13380274524568
2023-05-09,4065.44,4092.85,4026.39,4027.88,279306048.0,-0.008560893601728847,4.098413699773097
2023-05-10,4017.94,4019.06,3984.63,3996.87,207552709.0,-0.007698839091532128,4.066860672168013
2023-05-11,4005.78,4018.06,3988.48,3990.66,144804619.0,-0.0015537157825998849,4.060541926556031
2023-05-12,3987.77,3999.38,3937.53,3937.76,144421728.0,-0.013255952649436353,4.006715575046553
2023-05-15,3938.83,3998.89,3923.03,3998.89,176257362.0,0.015524054284669297,4.068916045136806
2023-05-16,4002.52,4005.02,3966.99,3978.21,136833271.0,-0.005171435073232811,4.047873909990946
2023-05-17,3971.7,3982.6,3945.71,3960.17,118448185.0,-0.00453470279346746,4.029518004863705
2023-05-18,3965.52,3982.72,3939.55,3956.07,136533947.0,-0.0010353090902662787,4.025346208243878
2023-05-19,3946.22,3967.28,3928.32,3944.54,120212479.0,-0.0029145085905962764,4.013614302139827
2023-05-22,3941.0,3985.4,3935.8,3969.33,109116605.0,0.006284636484862549,4.038838409019221
2023-05-23,3968.23,3971.94,3913.19,3913.19,118685077.0,-0.01414344486349084,3.981715320668709
2023-05-24,3903.78,3903.78,3859.09,3859.09,137258265.0,-0.01382503788469247,3.9266679555144033
2023-05-25,3851.41,3861.38,3817.84,3850.5,124150770.0,-0.0022259133629949357,3.9179275328401797
2023-05-26,3848.42,3859.63,3815.57,3850.95,100326439.0,0.0001168679392287153,3.91838541295699
2023-05-29,3862.08,3866.72,3819.18,3833.94,131859967.0,-0.00441709188641759,3.9010775445415606
2023-05-30,3827.79,3844.01,3789.27,3837.75,137619629.0,0.0009937557708257216,3.9049542628638876
2023-05-31,3827.16,3827.16,3781.4,3798.54,126387368.0,-0.010216923978893844,3.8650576420191496
2023-06-01,3788.59,3832.21,3786.73,3806.87,134561881.0,0.0021929478167928007,3.873533511736994
2023-06-02,3821.62,3865.28,3821.62,3861.83,125015110.0,0.01443705721498234,3.929455936670092
2023-06-05,3860.56,3860.56,3832.46,3844.25,116163989.0,-0.004552245955932843,3.9115680867733693
2023-06-06,3840.46,3867.85,3802.84,3808.16,125781258.0,-0.009388047083306317,3.8748461014051827
2023-06-07,3815.48,3823.11,3780.1,3789.34,98862432.0,-0.00494201924288884,3.8556965374088055
2023-06-08,3791.08,3834.39,3777.78,3820.19,118700934.0,0.008141259427763226,3.887086763194579
2023-06-09,3822.41,3836.7,3811.22,3836.7,134319863.0,0.004321774571421688,3.9038858759246633
2023-06-12,3827.33,3859.72,3813.86,3844.43,126758543.0,0.0020147522610576285,3.9117512388200932
2023-06-13,3838.13,3867.3,3833.46,3864.91,110924946.0,0.005327187645502773,3.9325898716918157
2023-06-14,3872.72,3891.67,3862.06,3864.02,124955759.0,-0.00023027703103040142,3.9316842865719024
2023-06-15,3871.77,3925.5,3871.77,3925.5,128369938.0,0.015910890730379323,3.994240885641897
2023-06-16,3932.21,3968.01,3928.54,3963.35,139760076.0,0.009642083810979418,4.032753691022497
2023-06-19,3957.03,3957.03,3922.47,3930.91,134905848.0,-0.008184995016841778,3.9997456221573273
2023-06-20,3926.09,3937.49,3918.47,3924.24,122520318.0,-0.0016968081182220374,3.992958821314828
2023-06-21,3909.1,3920.13,3864.03,3864.03,118346575.0,-0.015343098281450529,3.9316944616856095
2023-06-26,3833.44,3841.29,3801.05,3809.7,133990419.0,-0.014060449841228007,3.876413068916045
2023-06-27,3811.69,3851.9,3806.32,3845.43,116992681.0,0.009378691235530257,3.912768750190783
2023-06-28,3836.61,3846.85,3808.16,3840.8,107021541.0,-0.0012040265978056075,3.9080576725444907
2023-06-29,3836.73,3840.71,3817.38,3821.84,98289274.0,-0.004936471568423251,3.8887656569562163
2023-06-30,3816.33,3860.03,3813.55,3842.45,101268429.0,0.005392690431833769,3.909736566306128
2023-07-03,3853.29,3897.33,3853.29,3892.88,133158051.0,0.013124438834597685,3.9610496647300026
2023-07-04,3888.03,3899.98,3878.4,3899.01,109494527.0,0.0015746696533158744,3.96728700943233
2023-07-05,3895.19,3899.52,3864.13,3868.81,97636384.0,-0.0077455559231702775,3.936558166037505
2023-07-06,3857.03,3876.89,3836.46,3842.75,100121842.0,-0.006735921381510024,3.910041819717335
2023-07-07,3831.6,3844.84,3819.08,3825.7,100906920.0,-0.0044369266801119744,3.8926932508470777
2023-07-10,3841.56,3865.46,3831.92,3844.33,92033441.0,0.004869697048906163,3.911649487683025
2023-07-11,3853.8,3870.65,3844.52,3869.49,86510716.0,0.006544703498398974,3.9372500737695746
2023-07-12,3864.6,3874.04,3838.56,3843.44,111522024.0,-0.0067321533328681404,3.9107439025631114
2023-07-13,3855.66,3901.1,3855.66,3898.42,120300232.0,0.014304893532876894,3.966686677723624
2023-07-14,3904.6,3908.49,3893.79,3899.1,122364846.0,0.0001744296407262258,3.967378585455693
2023-07-17,3881.62,3881.62,3852.26,3867.17,98340144.0,-0.008189069272396154,3.9348894473895752
2023-07-18,3871.04,3871.04,3844.51,3854.94,91438615.0,-0.003162519361703753,3.922445283326042
2023-07-19,3848.48,3860.01,3830.41,3850.87,79585700.0,-0.001055788157532933,3.9183040120473356
2023-07-20,3857.77,3875.62,3818.71,3823.69,92042076.0,-0.0070581453022303675,3.890648052991993
2023-07-21,3816.98,3849.51,3808.8,3821.91,79507563.0,-0.0004655189097443335,3.8888368827521655
2023-07-24,3803.35,3828.79,3798.8,3805.22,75483545.0,-0.004366926484401845,3.8718546179753566
2023-07-25,3866.64,3915.81,3866.64,3915.12,163066320.0,0.02888137873762897,3.9836791176141406
2023-07-26,3908.17,3912.98,3893.4,3907.01,107881717.0,-0.00207145630274419,3.9754271003978485
2023-07-27,3914.23,3935.36,3894.69,3902.35,110667109.0,-0.0011927279428515236,3.9706854974104346
2023-07-28,3889.79,4000.92,3886.55,3992.74,179735481.0,0.02316296590515976,4.062658350207065
2023-07-31,4018.89,4064.36,4002.08,4014.63,199606830.0,0.005482450647926074,4.08493167411146
2023-08-01,4009.18,4031.7,3983.03,3998.0,142286859.0,-0.004142349357226016,4.068010460016892
2023-08-02,3985.7,4008.33,3958.51,3969.9,125855690.0,-0.007028514257128582,4.039418390500515
2023-08-03,3962.13,4005.0,3962.13,4004.98,129006640.0,0.008836494622030733,4.075112689384305
2023-08-04,4033.72,4058.24,4011.62,4020.58,178267189.0,0.003895150537580605,4.0909858667670616
2023-08-07,4002.97,4002.97,3977.02,3990.15,121310662.0,-0.0075685597600345655,4.060022995756978
2023-08-08,3980.04,4002.29,3963.46,3979.73,109871699.0,-0.0026114306479706473,4.049420527274393
2023-08-09,3967.36,3982.11,3961.84,3967.57,94640269.0,-0.003055483663464531,4.037047589006808
2023-08-10,3962.86,3976.46,3945.39,3975.72,97176849.0,0.002054154053992674,4.045340306677928
2023-08-11,3977.98,3977.98,3884.25,3884.25,126082931.0,-0.023007153421267024,3.9522685416009535
2023-08-14,3840.89,3859.47,3814.07,3855.91,115966336.0,-0.007296131814378604,3.923432269355611
2023-08-15,3858.37,3865.28,3811.68,3846.54,103097111.0,-0.0024300359707565278,3.9138981878122503
2023-08-16,3830.83,3852.42,3817.63,3818.33,94616946.0,-0.007333863680086483,3.885194192045098
2023-08-17,3801.2,3836.15,3782.5,3831.1,98415493.0,0.003344394015184715,3.898187812248804
2023-08-18,3832.46,3844.2,3784.0,3784.0,95549638.0,-0.012294119182480245,3.850263026689325
2023-08-21,3773.23,3782.11,3729.56,3729.56,98708369.0,-0.014386892177589816,3.794869707668985
2023-08-22,3748.07,3770.06,3704.68,3758.23,120318327.0,0.007687233882817335,3.824041758666655
2023-08-23,3751.77,3756.17,3695.03,3696.63,97081638.0,-0.016390694555681762,3.761363058232178
2023-08-24,3711.54,3748.86,3701.57,3723.43,119614521.0,0.007249846481795608,3.7886323629666583
2023-08-25,3703.51,3734.22,3695.84,3709.15,105182610.0,-0.00383517348251472,3.7741023005932113
2023-08-28,3911.55,3911.55,3740.53,3752.62,197990379.0,0.011719666230807446,3.8183335198770862
2023-08-29,3743.05,3810.38,3742.08,3790.11,152486146.0,0.009990353406420072,3.8564800211642383
2023-08-30,3803.12,3813.7,3780.24,3788.51,129671661.0,-0.0004221513359770057,3.854852002971135
2023-08-31,3786.93,3794.0,3762.0,3765.27,118961646.0,-0.006134337773953447,3.831205038716309
2023-09-01,3778.91,3808.53,3778.91,3791.49,105319045.0,0.006963644041463102,3.8578841868557894
2023-09-04,3812.99,3854.26,3804.59,3848.95,142385201.0,0.015154991836982212,3.916350390215612
2023-09-05,3839.58,3839.58,3814.33,3820.32,104052333.0,-0.0074383922888059395,3.88721903967277
2023-09-06,3808.1,3817.52,3790.89,3812.03,93442393.0,-0.002169975290028048,3.8787838704097535
2023-09-07,3802.23,3802.23,3756.85,3758.47,95103903.0,-0.014050256687381912,3.8242859613956197
2023-09-08,3747.65,3753.26,3724.99,3739.99,71638166.0,-0.004916894374572656,3.8054823512652765
2023-09-11,3740.58,3788.32,3734.72,3767.54,105358016.0,0.007366329856496989,3.8335147895277744
2023-09-12,3764.33,3775.09,3755.42,3760.6,79385378.0,-0.0018420507811462983,3.826453260615189
2023-09-13,3759.61,3768.82,3719.11,3736.65,81576901.0,-0.006368664574801897,3.802083863287174
2023-09-14,3736.94,3748.82,3717.31,3733.51,100386075.0,-0.0008403248899414573,3.798888877583209
2023-09-15,3740.79,3749.02,3699.38,3708.78,109395689.0,-0.006623793695476943,3.773725821386056
2023-09-18,3698.93,3737.53,3691.11,3727.71,86727741.0,0.005104104314626268,3.792987311633209
2023-09-19,3723.42,3724.07,3702.69,3720.5,83199038.0,-0.0019341633335211439,3.785651054650537
2023-09-20,3715.96,3718.52,3705.13,3705.69,75448209.0,-0.003980647762397482,3.7705817112506246
2023-09-21,3698.31,3708.46,3672.44,3672.44,83031005.0,-0.008972687947453761,3.7367494581751965
2023-09-22,3672.64,3740.42,3664.77,3738.93,110231166.0,0.0181051290150418,3.804403789212346
2023-09-25,3738.06,3738.06,3711.2,3714.6,92596479.0,-0.0065072092817998195,3.7796477375634687
2023-09-26,3711.71,3723.85,3692.62,3692.89,78044525.0,-0.005844505464922212,3.757557565705798
2023-09-27,3694.96,3731.14,3694.39,3700.5,91629210.0,0.0020607166744746053,3.765300827236746
2023-09-28,3711.21,3716.06,3685.3,3689.52,85221719.0,-0.0029671665991082286,3.754128552386575
2023-10-09,3678.93,3694.17,3642.0,3684.73,102148058.0,-0.0012982718619224398,3.749254672920972
2023-10-10,3696.25,3701.26,3655.59,3657.13,99163730.0,-0.007490372428916037,3.72117135908994
2023-10-11,3674.75,3689.53,3658.36,3667.55,102091587.0,0.0028492287668198113,3.731773827572525
2023-10-12,3697.93,3711.5,3682.84,3702.38,114363225.0,0.009496803042903235,3.7672137486136426
2023-10-13,3677.96,3678.19,3652.31,3663.41,98287987.0,-0.010525661871553016,3.7275613304978696
2023-10-16,3664.04,3664.04,3615.77,3626.6,91853118.0,-0.010048015373654628,3.6901067369427865
2023-10-17,3635.3,3645.57,3619.13,3639.4,90745188.0,0.0035294766447913073,3.703130882487613
2023-10-18,3631.07,3632.06,3608.98,3610.58,94545879.0,-0.007918887728746493,3.6738062047843396
2023-10-19,3588.52,3588.52,3532.31,3533.54,111737520.0,-0.021337292069418146,3.5954171287864156
2023-10-20,3518.35,3535.66,3501.73,3510.59,98518605.0,-0.006494903128307583,3.57206524282909
2023-10-23,3500.2,3505.35,3450.65,3474.24,96561652.0,-0.010354384875476907,3.5350787045045236
2023-10-24,3481.76,3495.0,3453.1,3487.13,115547289.0,0.0037101639495258354,3.5481944260727127
2023-10-25,3524.3,3531.83,3500.92,3504.46,128009617.0,0.004969702878871773,3.5658278981267633
2023-10-26,3484.78,3515.57,3478.05,3514.14,105143566.0,0.002762194460772749,3.575677408195038
2023-10-27,3501.17,3576.59,3494.55,3562.39,120225108.0,0.013730244099552147,3.6247723318308096
2023-10-30,3554.11,3592.72,3554.02,3583.77,144010426.0,0.006001588820988113,3.6465267249361526
2023-10-31,3581.68,3581.68,3554.58,3572.51,112587267.0,-0.0031419427027961078,3.6350695469021885
2023-11-01,3605.76,3606.41,3564.64,3571.03,97645538.0,-0.0004142745576639628,3.633563630073568
2023-11-02,3580.07,3597.17,3553.74,3554.19,90359643.0,-0.004715726275052345,3.6164287385911558
2023-11-03,3558.53,3596.1,3558.53,3584.14,97542101.0,0.008426673869432966,3.6469032041433085
2023-11-06,3608.32,3635.79,3600.63,3632.61,152982463.0,0.013523467275273982,3.696221980280632
2023-11-07,3623.78,3628.46,3606.3,3619.76,110288591.0,-0.0035374014826804467,3.6831469591672716
2023-11-08,3610.64,3627.05,3591.82,3611.07,110594230.0,-0.0024007116493911518,3.674304785355979
2023-11-09,3603.11,3624.41,3601.37,3612.83,111872057.0,0.00048739016413401615,3.6760956053683924
2023-11-10,3596.07,3599.45,3576.1,3586.49,102107034.0,-0.007290683480817073,3.649294355864429
2023-11-13,3593.91,3599.39,3562.77,3579.41,96707649.0,-0.001974074931200165,3.6420903753599467
2023-11-14,3581.1,3600.15,3568.88,3582.06,100884158.0,0.0007403454759304928,3.6447867804922747
2023-11-15,3616.88,3620.6,3596.92,3607.25,104929218.0,0.007032266349530802,3.670417891919945
2023-11-16,3600.98,3605.29,3572.36,3572.36,87464780.0,-0.009672187954813172,3.634916920196586
2023-11-17,3561.31,3573.68,3547.03,3568.07,87319207.0,-0.001200886808720325,3.6305517964163276
2023-11-20,3569.73,3586.97,3545.1,3576.32,91080445.0,0.0023121743687763985,3.6389462652245164
2023-11-21,3587.88,3615.06,3575.68,3581.07,108594314.0,0.0013281809234073627,3.643779444235292
2023-11-22,3569.44,3574.38,3544.42,3544.42,84784381.0,-0.010234371291262145,3.6064876524995193
2023-11-23,3541.44,3562.07,3529.94,3561.52,84800167.0,0.004824484682966368,3.6238870969383106
2023-11-24,3560.65,3560.65,3534.0,3538.01,85018403.0,-0.006601114131045138,3.599965404613399
2023-11-27,3534.44,3534.44,3492.86,3511.94,99102314.0,-0.007368548986577239,3.573438883179522
2023-11-28,3510.66,3521.05,3501.11,3518.52,89335789.0,0.001873608319048703,3.580134107998659
2023-11-29,3518.88,3519.2,3482.24,3488.31,98841412.0,-0.008585996384843586,3.5493950894901274
2023-11-30,3485.52,3505.13,3481.45,3496.2,101350820.0,0.002261840260756598,3.557423254204868
2023-12-01,3494.22,3494.22,3452.17,3482.88,108530941.0,-0.003809850695040251,3.543870002747283
2023-12-04,3481.04,3488.13,3459.61,3460.14,97156826.0,-0.006529079382579961,3.5207317941778022
2023-12-05,3450.09,3450.09,3393.81,3394.26,100472007.0,-0.019039692035582312,3.453698145076774
2023-12-06,3387.88,3420.28,3382.95,3399.6,105805519.0,0.0015732442417493164,3.459131655796256
2023-12-07,3394.31,3404.41,3369.77,3391.28,97713248.0,-0.0024473467466760157,3.450665961192119
2023-12-08,3391.86,3409.38,3383.45,3399.46,129522054.0,0.0024120685994668545,3.4589892042043595
2023-12-11,3378.05,3426.61,3346.89,3419.45,139626249.0,0.0058803457019642735,3.4793292565044434
2023-12-12,3410.0,3427.55,3406.1,3426.8,105590013.0,0.002149468481773553,3.4868079650790125
2023-12-13,3418.64,3418.64,3369.61,3369.61,95285367.0,-0.01668903933699084,3.4286164897892757
2023-12-14,3387.38,3399.14,3350.76,3351.96,83655135.0,-0.005237994901487131,3.4106574140966046
2023-12-15,3365.94,3388.5,3339.52,3341.55,97787783.0,-0.003105645652096034,3.4000651207277266
2023-12-18,3329.19,3352.35,3314.91,3329.37,90526826.0,-0.003645015037931576,3.3876718322327273
2023-12-19,3325.66,3345.78,3313.19,3334.04,83808118.0,0.0014026677719809477,3.392423610333848
2023-12-20,3334.33,3338.54,3297.37,3297.5,92412868.0,-0.010959676548571662,3.3552437448488512
2023-12-21,3285.6,3339.36,3283.99,3330.87,102546198.0,0.010119787717968176,3.389198099288762
2023-12-22,3329.47,3359.06,3315.9,3337.23,105220133.0,0.0019094110547694942,3.3956694716063476
2023-12-25,3330.33,3348.88,3330.33,3347.45,74542693.0,0.00306242003098367,3.4060684378147945
2023-12-26,3345.4,3345.42,3315.94,3324.79,74732935.0,-0.006769331879490359,3.383011630154969
2023-12-27,3326.93,3341.27,3309.67,3336.36,94403928.0,0.0034799190324803497,3.3947842367138477
2023-12-28,3335.56,3423.4,3331.21,3414.54,148064851.0,0.02343272308743649,3.4743332756743577
2023-12-29,3411.11,3432.54,3409.58,3431.11,114928932.0,0.004852776655127844,3.491193439086684
2024-01-02,3426.27,3426.27,3386.35,3386.35,116180726.0,-0.013045341012092315,3.4456496301346187
2024-01-03,3379.75,3392.85,3362.66,3378.3,105613851.0,-0.00237719078063392,3.437458663600568
2024-01-04,3375.02,3375.02,3323.86,3347.05,106721013.0,-0.00925021460497888,3.405661433266519
2024-01-05,3341.31,3372.54,3313.55,3329.11,126400574.0,-0.005359943831134917,3.387407279276348
2024-01-08,3322.61,3333.52,3283.34,3286.06,117429485.0,-0.012931384063608609,3.343603414768162
2024-01-09,3286.71,3304.6,3273.84,3292.5,109330465.0,0.001959793795609288,3.3501561879954025
2024-01-10,3281.67,3312.92,3268.25,3277.13,94199366.0,-0.004668185269551928,3.334517038227904
2024-01-11,3275.31,3311.11,3266.79,3295.67,108789735.0,0.0056573892399751635,3.3533816990404883
2024-01-12,3284.36,3310.47,3279.7,3284.17,96853555.0,-0.0034894270360806834,3.3416803182775583
2024-01-15,3270.1,3306.92,3261.27,3280.92,88851530.0,-0.0009895955446885818,3.3383734063228174
2024-01-16,3272.57,3300.88,3260.44,3300.88,113276665.0,0.006083659461370683,3.3586829332817816
2024-01-17,3291.14,3291.14,3229.08,3229.08,108769728.0,-0.02175177528416672,3.2856256168662705
2024-01-18,3214.28,3279.25,3171.63,3274.73,174909168.0,0.014137153616510023,3.3320750109382495
2024-01-19,3261.24,3286.94,3251.81,3269.78,118501408.0,-0.0015115750000762596,3.3270383296533366
2024-01-22,3262.47,3281.42,3193.18,3218.9,148705628.0,-0.015560679923419918,3.2752673511126513
2024-01-23,3208.43,3249.53,3188.13,3231.93,122012000.0,0.004047966696697491,3.288525524272736
2024-01-24,3245.96,3281.49,3190.47,3277.11,154371954.0,0.013979263164734412,3.3344966880004905
2024-01-25,3274.34,3344.24,3269.79,3342.92,196833614.0,0.020081718343296417,3.401459111305571
2024-01-26,3326.65,3351.97,3315.13,3333.82,180664005.0,-0.002722171036100174,3.3921997578322958
2024-01-29,3335.39,3351.37,3303.96,3303.96,184164795.0,-0.008956692322920845,3.3618168683035052
2024-01-30,3283.9,3300.2,3244.97,3245.04,143649350.0,-0.017833145679729823,3.3018650983424758
2024-01-31,3231.54,3252.15,3201.93,3215.35,153143469.0,-0.009149347927914664,3.2716551857467024
2024-02-01,3202.26,3251.76,3191.9,3217.71,145516792.0,0.0007339791935558893,3.27405651258153
2024-02-02,3219.87,3235.41,3108.35,3179.63,173758089.0,-0.011834503420134146,3.2353096795856713
2024-02-05,3164.25,3233.85,3111.52,3200.42,203042970.0,0.006538496617531031,3.2564637409823076
2024-02-06,3185.25,3314.51,3182.82,3311.69,202713099.0,0.03476731179032755,3.369682231198936
2024-02-07,3314.03,3343.63,3289.67,3343.63,216647933.0,0.009644622534114022,3.402181544378761
2024-02-08,3351.41,3367.21,3336.98,3364.93,189977578.0,0.006370322075109902,3.4238545365744484
2024-02-19,3393.19,3403.81,3364.14,3403.81,183319800.0,0.011554475130240549,3.463415378666859
2024-02-20,3395.19,3415.89,3380.1,3410.85,140734581.0,0.002068270555642071,3.4705786587165135
2024-02-21,3390.36,3500.13,3383.69,3456.87,188879362.0,0.013492238005189394,3.5174045319956475
2024-02-22,3450.35,3486.68,3448.41,3486.67,141020784.0,0.008620515090240755,3.5477263708421973
2024-02-23,3491.34,3507.56,3472.97,3489.74,144821273.0,0.0008804962901565183,3.5508501307502143
2024-02-26,3485.54,3492.61,3445.39,3453.36,151248331.0,-0.010424845403955496,3.513833067084528
2024-02-27,3440.05,3494.79,3437.44,3494.79,139528246.0,0.011997011606087904,3.5559885631721966
2024-02-28,3499.83,3521.66,3450.26,3450.26,189837548.0,-0.012741824258395984,3.5106787818353906
2024-02-29,3437.9,3516.08,3437.9,3516.08,155944532.0,0.019076823195933068,3.577651380254178
2024-03-01,3515.06,3544.36,3503.46,3537.8,162709570.0,0.006177333849059163,3.5997517272255553
2024-03-04,3538.37,3548.69,3519.76,3540.87,163244613.0,0.0008677709310871418,3.602875487133572
2024-03-05,3524.96,3570.69,3519.08,3565.51,166422389.0,0.006958741778150701,3.6279469673073637
2024-03-06,3556.53,3577.39,3545.1,3551.05,143076613.0,-0.004055520809084778,3.6132337528871927
2024-03-07,3548.1,3569.92,3522.9,3529.72,148110510.0,-0.006006674082313812,3.5915302353503837
2024-03-08,3529.55,3548.51,3511.58,3544.91,125792664.0,0.004303457498045171,3.6069862330711584
2024-03-11,3545.94,3589.26,3542.28,3589.26,148202825.0,0.01251089590426857,3.6521128623612413
2024-03-12,3592.58,3605.7,3574.21,3597.49,180685560.0,0.0022929517504999275,3.6604869809420157
2024-03-13,3594.42,3594.42,3563.37,3572.36,144590590.0,-0.006985425949759372,3.634916920196587
2024-03-14,3571.79,3597.46,3545.61,3562.22,140962722.0,-0.002838459729702536,3.6245993548977946
2024-03-15,3554.91,3572.81,3533.68,3569.99,138316044.0,0.0021812240681373662,3.6325054182480527
2024-03-18,3577.06,3604.05,3573.4,3603.53,160379438.0,0.009394984299676112,3.6666327496209816
2024-03-19,3593.34,3610.74,3577.19,3577.63,145571786.0,-0.0071873968025797375,3.640279205120122
2024-03-20,3568.72,3589.55,3568.43,3585.38,129528966.0,0.002166238543393151,3.6481649182429656
2024-03-21,3593.07,3601.11,3575.03,3581.09,130743377.0,-0.0011965258912584043,3.643799794462707
2024-03-22,3571.27,3575.72,3522.84,3545.0,139227358.0,-0.010077937164382988,3.6070778090945206
2024-03-25,3536.71,3564.96,3525.76,3525.76,137015724.0,-0.005427362482369524,3.5875008903224535
2024-03-26,3526.68,3547.65,3518.6,3543.75,126209535.0,0.005102445997458682,3.6058059198811585
2024-03-27,3538.72,3542.96,3502.79,3502.79,128626763.0,-0.011558377425044064,3.564128654137714
2024-03-28,3498.48,3551.21,3489.39,3520.96,143334717.0,0.005187293557421313,3.5826168357431434
2024-03-29,3516.88,3538.24,3516.88,3537.48,128643290.0,0.004691902208488585,3.599426123586935
2024-04-01,3551.58,3600.92,3551.58,3595.65,162776561.0,0.01644390922351513,3.6586147600199475
2024-04-02,3593.22,3596.19,3568.75,3580.68,141272972.0,-0.004163364064911801,3.6433826148007245
2024-04-03,3578.68,3582.43,3558.87,3567.8,135592331.0,-0.0035970821184801993,3.6302770683462433
2024-04-08,3553.56,3567.82,3535.77,3536.41,155304283.0,-0.008798138909131725,3.5983373864202974
2024-04-09,3533.38,3543.71,3518.86,3533.49,129670942.0,-0.0008256961155522768,3.595366253217884
2024-04-10,3528.97,3531.23,3490.05,3504.71,128790274.0,-0.008144921876105382,3.5660822759694386
2024-04-11,3485.03,3520.59,3484.93,3504.24,126534395.0,-0.0001341052469392423,3.5656040456252143
2024-04-12,3505.75,3516.7,3470.06,3475.84,128921116.0,-0.008104467730520648,3.5367067226976308
2024-04-15,3473.5,3552.41,3473.5,3549.08,183941250.0,0.02107116553120969,3.6112292554869345
2024-04-16,3533.36,3545.5,3503.62,3511.11,176153065.0,-0.010698547229140987,3.572594348741852
2024-04-17,3509.13,3565.94,3498.03,3565.4,168466398.0,0.015462346665299664,3.627835041056589
2024-04-18,3550.56,3602.79,3547.6,3569.8,178574105.0,0.0012340831323274237,3.6323120910876234
2024-04-19,3550.61,3560.95,3529.32,3541.66,147281505.0,-0.007882794554316841,3.603679321116419
2024-04-22,3536.18,3558.16,3528.02,3530.9,150579042.0,-0.003038123365879164,3.5927308987677997
2024-04-23,3525.67,3533.76,3499.98,3506.22,143113504.0,-0.0069897193350138,3.567618718139181
2024-04-24,3514.01,3524.54,3495.65,3521.62,121739851.0,0.004392194443018527,3.5832883932478006
2024-04-25,3510.64,3543.97,3505.2,3530.28,115187722.0,0.002459095529898203,3.5921000417179725
2024-04-26,3531.96,3588.4,3531.96,3584.27,197216133.0,0.015293404489162166,3.6470354806215015
2024-04-29,3584.54,3645.82,3578.76,3623.91,222721381.0,0.011059434696604864,3.687369631355636
2024-04-30,3619.26,3630.71,3604.39,3604.39,191296899.0,-0.005386447235168679,3.6675078093997757
2024-05-06,3654.05,3668.26,3645.74,3657.88,208018007.0,0.014840236489392256,3.721934492617961
2024-05-07,3657.0,3665.68,3648.38,3659.01,164834286.0,0.000308922107887577,3.72308428046684
2024-05-08,3650.75,3650.94,3628.7,3630.22,130035336.0,-0.007868248515308873,3.693790128104687
2024-05-09,3630.41,3669.76,3630.41,3664.56,146559017.0,0.009459481794491742,3.728731468574167
2024-05-10,3669.09,3674.61,3641.76,3666.28,150720536.0,0.00046936057807767106,3.7304815881317532
2024-05-13,3646.35,3673.62,3634.6,3664.69,157267455.0,-0.0004336820973848132,3.7288637450523567
2024-05-14,3668.23,3675.78,3646.71,3657.05,133406490.0,-0.0020847602389287845,3.7210899581802885
2024-05-15,3651.05,3656.53,3624.0,3626.06,123522764.0,-0.00847404328625534,3.6895572808026187
2024-05-16,3636.6,3657.48,3626.33,3640.36,154630503.0,0.003943674401416519,3.70410769340348
2024-05-17,3638.56,3677.97,3627.45,3677.97,164570417.0,0.010331395796020049,3.7423762960551143
2024-05-20,3682.06,3703.03,3677.44,3690.96,184609423.0,0.003531839574548057,3.7555937687603724
2024-05-21,3682.29,3684.61,3665.15,3676.16,130678283.0,-0.004009796909205221,3.7405346004741666
2024-05-22,3675.65,3691.88,3667.09,3684.45,151914605.0,0.0022550705083566047,3.7489697697371835
2024-05-23,3672.84,3674.37,3633.51,3641.79,142572990.0,-0.011578390261775762,3.705562734663567
2024-05-24,3630.83,3650.87,3599.67,3601.48,124791177.0,-0.011068732683652827,3.66454685131107
2024-05-27,3606.65,3638.15,3603.71,3635.71,131272644.0,0.0095044259582171,3.6993762655297737
2024-05-28,3633.25,3638.97,3605.92,3609.17,123532238.0,-0.007299812141232431,3.6723715137516724
2024-05-29,3609.07,3633.2,3602.82,3613.52,115906321.0,0.0012052632599739432,3.676797688214172
2024-05-30,3607.05,3624.04,3586.75,3594.31,122602995.0,-0.005316146029356372,3.6572512947832254
2024-05-31,3599.82,3614.64,3579.92,3579.92,112462019.0,-0.004003550055504346,3.642609306159003
2024-06-03,3577.38,3600.6,3567.87,3588.75,141054591.0,0.0024665355650406173,3.651593931562192
2024-06-04,3583.81,3622.5,3580.28,3615.67,124545096.0,0.007501219087425959,3.678985337661155
2024-06-05,3610.36,3623.32,3594.11,3594.79,110906766.0,-0.005774863303343536,3.6577397002411565
2024-06-06,3602.16,3625.01,3584.17,3592.25,137893517.0,-0.0007065781311286212,3.655155221359605
2024-06-07,3594.63,3603.07,3552.09,3574.11,131103026.0,-0.005049759899784179,3.6366975650952966
2024-06-11,3555.82,3565.31,3525.89,3542.88,134522306.0,-0.00873783963000585,3.6049206849886613
2024-06-12,3539.09,3551.17,3531.57,3544.12,122813729.0,0.0003499977419498812,3.6061823990883157
2024-06-13,3548.22,3551.08,3520.18,3526.13,123245462.0,-0.00507601322754303,3.5878773695296107
2024-06-14,3514.8,3547.15,3503.52,3541.53,171516942.0,0.004367394282116743,3.6035470446382303
2024-06-17,3521.44,3540.79,3520.74,3536.2,137433438.0,-0.0015049992517359723,3.5981237090324543
2024-06-18,3533.49,3551.71,3532.78,3545.59,123671838.0,0.002655392794525202,3.6076781408032295
2024-06-19,3543.36,3543.36,3524.84,3528.75,106642797.0,-0.004749562132113416,3.590543249320817
2024-06-20,3525.17,3533.99,3500.13,3503.28,111617396.0,-0.0072178533475025786,3.564627234709354
2024-06-21,3496.34,3505.51,3473.83,3495.62,109186615.0,-0.0021865223447741222,3.5568330976098714
2024-06-24,3473.64,3505.78,3471.22,3476.81,117990184.0,-0.005381019676051757,3.5376937087272005
2024-06-25,3475.16,3483.22,3440.65,3457.9,118448118.0,-0.005438893698534009,3.5184525687074606
2024-06-26,3451.54,3487.4,3442.3,3480.26,105898861.0,0.006466352410422482,3.541204122956079
2024-06-27,3467.29,3471.14,3452.58,3454.12,114918101.0,-0.007510933091205874,3.514606375726254
2024-06-28,3443.67,3484.68,3443.67,3461.66,135409153.0,0.002182900420367506,3.522278411461253
2024-07-01,3458.26,3479.95,3443.81,3478.18,121829770.0,0.004772276884500437,3.5390876993050444
2024-07-02,3472.45,3488.32,3464.52,3471.79,121650121.0,-0.0018371677141493237,3.5325858016463383
2024-07-03,3471.56,3478.7,3454.99,3463.41,103857108.0,-0.002413740462412828,3.5240590563599596
2024-07-04,3468.3,3483.31,3444.93,3445.81,104429909.0,-0.005081696940298697,3.5061508562358235
2024-07-05,3443.36,3451.04,3399.67,3431.06,116609659.0,-0.004280561029191943,3.4911425635181526
2024-07-08,3420.8,3428.04,3395.91,3401.76,115528218.0,-0.008539634981609145,3.461329480356948
2024-07-09,3396.8,3448.93,3384.81,3439.81,131629443.0,0.011185386388222529,3.500045788011686
2024-07-10,3425.88,3447.51,3423.65,3428.97,127203456.0,-0.0031513368470933445,3.489015964753411
2024-07-11,3451.04,3473.98,3438.12,3468.17,145892466.0,0.011432004362826209,3.5289024104844424
2024-07-12,3459.96,3479.1,3457.36,3472.4,130874589.0,0.0012196633959695724,3.5332064835824593
2024-07-15,3462.61,3481.46,3460.79,3476.25,118517083.0,0.001108743232346443,3.537123902359614
2024-07-16,3466.85,3500.29,3464.37,3498.28,120659017.0,0.006337288745055902,3.5595396778559056
2024-07-17,3494.21,3514.48,3486.22,3501.58,131802062.0,0.0009433207176097191,3.562897465379181
2024-07-18,3483.3,3522.8,3475.72,3520.93,123768199.0,0.005526076799616142,3.582586310402024
2024-07-19,3500.81,3545.34,3493.07,3539.02,132447975.0,0.00513784710289622,3.600993091097799
2024-07-22,3538.4,3540.19,3494.01,3514.92,132126337.0,-0.006809794801950764,3.5764710670641806
2024-07-23,3509.79,3509.79,3439.88,3439.88,128897660.0,-0.02134899229569942,3.5001170138076354
2024-07-24,3432.35,3451.42,3408.41,3418.17,127036263.0,-0.006311266672093252,3.4780268419499647
2024-07-25,3404.61,3415.86,3383.8,3399.27,131022242.0,-0.00552927443632123,3.4587958770439315
2024-07-26,3403.71,3420.82,3388.66,3409.29,124195558.0,0.002947691710278866,3.4689913409782407
2024-07-29,3404.37,3408.5,3388.84,3390.74,109787786.0,-0.005441015578023678,3.4501165050519487
2024-07-30,3380.69,3380.69,3352.8,3369.38,104952164.0,-0.006299509841509399,3.42838246217402
2024-07-31,3364.03,3445.0,3364.03,3442.08,171959177.0,0.02157666989179008,3.502355538823151
2024-08-01,3443.14,3448.34,3419.19,3419.27,136323464.0,-0.006626807046901884,3.479146104457722
2024-08-02,3393.92,3419.1,3380.96,3384.39,116615255.0,-0.010201007817458141,3.44365530784807
2024-08-05,3362.11,3409.03,3343.32,3343.32,142812516.0,-0.012135126270908403,3.4018661158538497
2024-08-06,3367.35,3376.8,3318.63,3342.98,119340279.0,-0.0001016953208188287,3.4015201619878153
2024-08-07,3338.59,3362.38,3329.97,3341.49,95084377.0,-0.0004457101149274445,3.4000040700454877
2024-08-08,3332.43,3364.79,3320.84,3342.94,92495695.0,0.0004339381533389197,3.401479461532988
2024-08-09,3358.13,3366.67,3331.63,3331.63,91511626.0,-0.003383249475013006,3.389971407930489
2024-08-12,3327.56,3338.08,3319.89,3325.86,79938754.0,-0.001731884993231514,3.38410036732161
2024-08-13,3328.01,3335.01,3310.19,3334.39,84489679.0,0.0025647501698808917,3.392779739313592
2024-08-14,3332.79,3332.79,3309.1,3309.24,78742407.0,-0.007542608992949229,3.3671893283407495
2024-08-15,3301.45,3356.76,3297.97,3341.95,104766399.0,0.009884444766774303,3.4004721252760053
2024-08-16,3342.03,3356.91,3335.62,3345.63,96519083.0,0.001101153518155762,3.4042165671201436
2024-08-19,3344.26,3375.96,3343.71,3356.97,105571110.0,0.003389496148707316,3.415755146063763
2024-08-20,3361.64,3362.33,3321.64,3332.7,101668331.0,-0.007229733956514384,3.391060145097127
2024-08-21,3322.91,3339.44,3307.99,3321.64,89954751.0,-0.003318630539802525,3.3798064693373004
2024-08-22,3322.87,3327.7,3305.25,3313.14,100366504.0,-0.0025589768909334287,3.371157622686439
2024-08-23,3305.93,3336.24,3305.64,3327.19,89525774.0,0.004240690100629774,3.385453657444628
2024-08-26,3330.72,3336.53,3311.57,3324.22,93990772.0,-0.0008926451450023132,3.3824316486736796
2024-08-27,3315.69,3320.57,3299.56,3305.33,95808157.0,-0.005682536053570386,3.363210858881354
2024-08-28,3298.91,3305.35,3274.59,3286.5,92696650.0,-0.0056968593151062175,3.3440511197712692
2024-08-29,3273.54,3290.79,3269.53,3277.68,130702333.0,-0.0026837060702875615,3.3350766694817873
2024-08-30,3273.75,3351.63,3273.65,3321.43,188695443.0,0.013347855800444286,3.379592791949456
2024-09-02,3307.54,3307.76,3264.76,3265.01,147612353.0,-0.016986659360576528,3.3221848004151506
2024-09-03,3261.74,3281.59,3261.19,3273.43,122897306.0,0.002578858870263767,3.3307522461563566
2024-09-04,3253.9,3272.99,3249.98,3252.16,104832482.0,-0.006497771450741263,3.3091097793017896
2024-09-05,3252.96,3266.88,3247.17,3257.76,97109450.0,0.0017219325002459929,3.3148078429776513
2024-09-06,3261.15,3274.81,3231.07,3231.35,88400417.0,-0.008106797308580216,3.2879353676777394
2024-09-09,3214.8,3222.93,3180.93,3192.95,108673069.0,-0.011883578071084866,3.2488629310432597
2024-09-10,3193.46,3205.1,3171.79,3195.76,97290078.0,0.0008800638907595637,3.251722137994898
2024-09-11,3187.05,3197.34,3174.03,3186.13,102482110.0,-0.0030133677122187175,3.2419235034951575
2024-09-12,3189.43,3201.55,3171.88,3172.47,92868657.0,-0.004287332908575747,3.2280242981715377
2024-09-13,3174.03,3188.91,3159.25,3159.25,88336677.0,-0.0041671000829006655,3.2145727978510217
2024-09-18,3158.82,3179.9,3145.79,3171.01,84722814.0,0.0037224024689404,3.226538731570331
2024-09-19,3178.4,3213.84,3149.79,3196.04,125439272.0,0.007893384126823833,3.2520070411786905
2024-09-20,3192.43,3207.99,3173.22,3201.05,118064098.0,0.001567564861516102,3.257104773145845
2024-09-23,3200.87,3230.16,3198.02,3212.76,95344855.0,0.0036581746614392507,3.26901983129662
2024-09-24,3244.65,3351.97,3222.49,3351.91,204072217.0,0.04331166971700329,3.4106065385280733
2024-09-25,3403.7,3465.49,3393.44,3401.53,241564255.0,0.014803500093976352,3.46109545274169
2024-09-26,3399.32,3545.32,3391.68,3545.32,243134010.0,0.04227215400128759,3.607403412733143
2024-09-27,3617.92,3708.5,3596.58,3703.68,265487774.0,0.04466733609377993,3.768536513395543
2024-09-30,3846.65,4038.7,3796.5,4017.85,510217707.0,0.08482644288923447,4.088208060725085
2024-10-08,4450.37,4450.37,4094.35,4256.1,589867894.0,0.05929788319623697,4.330630144791876
2024-10-09,4168.84,4197.6,3942.51,3955.98,482269295.0,-0.07051526044970757,4.025254632220522
2024-10-10,3979.61,4098.5,3912.77,3997.79,395053099.0,0.010568809751313246,4.067796782629053
2024-10-11,3969.76,3978.24,3847.12,3887.17,274096505.0,-0.02767028783402825,3.955239674803373
2024-10-14,3915.22,3979.54,3868.78,3961.34,307578993.0,0.019080719392257084,4.030708493167419
2024-10-15,3942.53,3967.87,3855.99,3855.99,242486448.0,-0.02659453619229868,3.923513670265272
2024-10-16,3806.14,3877.75,3805.09,3831.59,218866407.0,-0.006327817240189826,3.898686392820447
2024-10-17,3853.84,3882.07,3787.75,3788.22,212313820.0,-0.011319060755456745,3.85455692467364
2024-10-18,3780.31,3998.21,3765.16,3925.23,312958834.0,0.03616738204222569,3.993966157571818
2024-10-21,3946.9,3979.26,3896.17,3935.2,291185634.0,0.002539978549027655,4.004110745937593
2024-10-22,3923.74,3965.91,3917.52,3957.78,223433396.0,0.00573795486887585,4.027086152687764
2024-10-23,3955.32,4012.18,3939.1,3973.21,245873949.0,0.00389865025342484,4.042786353137505
2024-10-24,3950.9,3957.98,3914.09,3928.83,174724062.0,-0.011169809801143238,3.997629198506301
2024-10-25,3931.32,3992.89,3921.94,3956.42,210694885.0,0.0070224468862232214,4.025702337223627
2024-10-28,3953.11,3964.16,3917.2,3964.16,216160415.0,0.001956314041481999,4.033577875232764
2024-10-29,3970.01,3991.31,3921.58,3924.65,217293984.0,-0.00996680255085558,3.993376000976819
2024-10-30,3904.16,3926.06,3864.31,3889.45,219436626.0,-0.008968952645458939,3.957559600728546
2024-10-31,3888.42,3923.9,3859.11,3891.04,300636718.0,0.0004087981591227585,3.9591774438079423
2024-11-01,3882.46,3933.22,3879.96,3890.02,307986481.0,-0.00026214071302277375,3.9581395822098386
2024-11-04,3897.71,3944.76,3891.21,3944.76,229239060.0,0.014071907085310587,4.013838154641386
2024-11-05,3937.62,4046.7,3925.41,4044.57,316862794.0,0.025301919508411208,4.115395964549911
2024-11-06,4051.29,4091.7,4002.5,4024.28,335807938.0,-0.005016602506570544,4.09475065883862
2024-11-07,3987.27,4146.15,3984.67,4145.7,341436414.0,0.03017185682904766,4.218296889467748
2024-11-08,4192.08,4200.91,4094.16,4104.05,332350385.0,-0.010046554261041507,4.175917540878528
2024-11-11,4066.93,4132.51,4048.04,4131.13,289594227.0,0.0065983601564307826,4.203471748796801
2024-11-12,4133.35,4181.71,4060.79,4085.74,297778086.0,-0.010987308557222963,4.1572869076812005
2024-11-13,4059.59,4121.07,4059.59,4110.89,240484099.0,0.006155555664335122,4.182877318654044
2024-11-14,4101.22,4118.17,4034.94,4039.62,230152784.0,-0.017336878388864774,4.110359283264998
2024-11-15,4025.65,4049.07,3968.83,3968.83,247399463.0,-0.01752392551774673,4.038329653333883
2024-11-18,3982.1,4034.06,3931.19,3950.38,306777946.0,-0.004648725191051195,4.019556568544661
2024-11-19,3954.6,3979.15,3896.75,3976.89,242946465.0,0.0067107468142304505,4.046530794981641
2024-11-20,3966.12,4001.08,3958.34,3985.77,184599372.0,0.0022329005831189797,4.055566295953365
2024-11-21,3979.46,3999.57,3966.07,3989.3,166125927.0,0.0008856507023737858,4.059158111091899
2024-11-22,3984.24,3990.26,3865.7,3865.7,216285809.0,-0.030982879201865043,3.933393705674668
2024-11-25,3875.61,3889.71,3812.32,3848.09,190702953.0,-0.004555449207129247,3.9154753304368253
2024-11-26,3836.26,3875.23,3833.28,3840.18,149892441.0,-0.0020555652284640624,3.9074268154946705
2024-11-27,3829.34,3907.16,3817.91,3907.04,174136096.0,0.017410642209479743,3.975457625738975
2024-11-28,3904.25,3908.39,3866.01,3872.55,150117291.0,-0.008827654695114373,3.940363658563892
2024-11-29,3869.89,3962.7,3869.89,3916.58,187656713.0,0.011369769273475994,3.985164684215353
2024-12-02,3909.7,3955.13,3902.17,3947.63,197289784.0,0.007927834998902039,4.016758412275264
2024-12-03,3946.7,3963.95,3922.84,3951.89,182496867.0,0.0010791284897520015,4.021093010714401
2024-12-04,3948.13,3957.37,3917.75,3930.56,174626318.0,-0.0053974174382384055,3.999389493177593
2024-12-05,3916.56,3936.34,3910.08,3921.59,138534038.0,-0.0022821175608563893,3.9902624161825075
2024-12-06,3923.9,3995.12,3923.9,3973.14,192057907.0,0.013145178358777931,4.0427151273415545
2024-12-09,3970.66,3995.51,3948.42,3966.57,175959958.0,-0.0016536039505277156,4.036030077636124
2024-12-10,4094.05,4098.38,3988.97,3995.64,253463795.0,0.007328750028361863,4.065609133182069
2024-12-11,3988.02,4005.33,3977.35,3988.83,177252846.0,-0.0017043577499474827,4.058679880747673
2024-12-12,3987.15,4031.74,3981.35,4028.5,181621777.0,0.00994527217254193,4.099044556822928
2024-12-13,4000.99,4000.99,3931.74,3933.18,230353079.0,-0.02366141243639075,4.002055372968798
2024-12-16,3930.78,3938.76,3901.65,3911.84,178511251.0,-0.005425635236627757,3.9803416803182836
2024-12-17,3908.13,3955.95,3908.13,3922.03,160939090.0,0.00260491226635029,3.99071012118561
2024-12-18,3934.54,3956.14,3933.97,3941.89,157738321.0,0.005063704255194201,4.010917897007504
2024-12-19,3911.89,3954.35,3899.75,3945.46,161081040.0,0.0009056569310661455,4.014550412600866
2024-12-20,3937.47,3958.63,3923.26,3927.74,154986496.0,-0.004491238030546518,3.996520111112247
2024-12-23,3928.15,3965.85,3928.15,3933.57,190067362.0,0.0014843141348461764,4.002452202403368
2024-12-24,3934.94,3985.86,3934.73,3983.69,161494589.0,0.012741606225388002,4.053449872302329
2024-12-25,3987.96,4007.76,3969.48,3985.63,159390747.0,0.00048698568412697263,4.055423844361466
2024-12-26,3981.73,3991.53,3965.55,3987.48,143425286.0,0.0004641675218222119,4.057306240397242
2024-12-27,3987.02,4007.13,3970.94,3981.03,169268666.0,-0.001617562972102582,4.0507432920562945
2024-12-30,3976.7,4005.78,3976.7,3999.05,164612485.0,0.004526466768650428,4.0690788469561205
2024-12-31,3995.87,4004.35,3934.91,3934.91,183928397.0,-0.016038809217189143,4.003815667640091
2025-01-02,3931.82,3934.2,3796.34,3820.4,217898724.0,-0.02910104678378911,3.887300440582429
2025-01-03,3825.24,3835.94,3767.67,3775.16,175342676.0,-0.011841691969427304,3.8412682261724327
2025-01-06,3775.99,3788.85,3743.07,3768.97,150946670.0,-0.0016396656035770896,3.8349698307878644
2025-01-07,3760.87,3797.6,3749.06,3796.11,146455779.0,0.007200906348418856,3.8625850893883795
2025-01-08,3781.26,3810.74,3731.19,3789.22,169166968.0,-0.0018150158978533781,3.855574436044328
2025-01-09,3780.73,3795.26,3768.68,3779.88,129794002.0,-0.00246488723272853,3.8460708798420877
2025-01-10,3778.89,3786.81,3732.48,3732.48,137523171.0,-0.012540080637480577,3.797840840871402
2025-01-13,3704.44,3737.89,3704.11,3722.51,136446199.0,-0.0026711462620027104,3.7876962525056275
2025-01-14,3728.56,3826.64,3718.88,3820.54,170664657.0,0.026334381908980742,3.887442892174326
2025-01-15,3810.04,3816.83,3790.17,3796.03,141475520.0,-0.006415323488302649,3.862503688478725
2025-01-16,3812.19,3842.95,3776.29,3800.38,144505871.0,0.0011459340416171138,3.8669298629412245
2025-01-17,3788.37,3831.64,3780.21,3812.34,126621961.0,0.003147053715681025,3.8790992989346718
2025-01-20,3835.3,3858.67,3821.98,3829.68,139581277.0,0.004548387604463411,3.896742946102429
2025-01-21,3850.36,3850.91,3817.12,3832.61,141218406.0,0.0007650769777109989,3.8997242544185498
2025-01-22,3823.94,3823.94,3783.14,3797.02,137255062.0,-0.0092861000727964,3.8635110247357076
2025-01-23,3829.05,3864.26,3801.85,3803.74,180569551.0,0.0017698089554438745,3.870348701146741
2025-01-24,3793.85,3847.6,3793.48,3832.86,148971722.0,0.007655623149847246,3.899978632261221
2025-01-27,3836.96,3852.0,3817.08,3817.08,146670772.0,-0.004117030102847585,3.8839223028317393
2025-02-05,3844.7,3844.7,3785.16,3795.08,157168308.0,-0.005763567962945526,3.8615370526765687
2025-02-06,3789.61,3843.49,3788.32,3842.83,167288176.0,0.012582079956153791,3.910123220626996
2025-02-07,3844.06,3919.35,3833.87,3892.7,221857707.0,0.01297741508211403,3.960866512683285
2025-02-10,3898.1,3906.37,3878.83,3901.06,188903040.0,0.002147609628278646,3.96937290774225
2025-02-11,3905.16,3905.16,3872.91,3883.14,166574909.0,-0.004593623271623604,3.951139103979493
2025-02-12,3875.96,3920.72,3867.35,3919.86,164228540.0,0.009456264775413725,3.988502121511214
2025-02-13,3913.9,3939.2,3904.98,3905.14,172485874.0,-0.0037552361563933934,3.973524354134663
2025-02-14,3900.83,3942.04,3900.83,3939.01,172976452.0,0.008673184572128179,4.007987464259919
2025-02-17,3954.41,3955.9,3921.7,3947.4,213588246.0,0.0021299768215872206,4.016524384660005
2025-02-18,3942.58,3965.42,3901.87,3912.78,209425101.0,-0.008770329837361257,3.981298141006732
2025-02-19,3906.22,3943.67,3904.15,3940.16,182829517.0,0.00699758228165126,4.009157602336212
2025-02-20,3934.65,3940.68,3916.18,3928.9,163895236.0,-0.0028577519694631404,3.9977004243022476
2025-02-21,3938.05,3981.05,3927.79,3978.44,227400330.0,0.012609127236631101,4.048107937606209
2025-02-24,3972.48,3995.95,3949.23,3969.72,220810618.0,-0.0021918138767960116,4.039235238453795
2025-02-25,3933.64,3955.43,3915.65,3925.65,178108580.0,-0.011101538647562026,3.994393512347506
2025-02-26,3931.84,3960.33,3925.37,3959.94,191062501.0,0.008734859195292488,4.029283977248451
2025-02-27,3961.06,3973.93,3933.46,3968.12,202887963.0,0.002065687863957555,4.037607220260692
2025-02-28,3950.19,3972.48,3886.4,3890.05,198104147.0,-0.019674304204509885,3.9581701075509574
2025-03-03,3899.7,3930.0,3872.59,3888.47,177623166.0,-0.00040616444518715156,3.9565624395852677
2025-03-04,3865.99,3890.42,3855.73,3885.22,149850967.0,-0.0008358043137789428,3.9532555276305263
2025-03-05,3887.8,3906.42,3877.02,3902.57,158652751.0,0.004465641585289948,3.9709093499119907
2025-03-06,3923.38,3964.49,3917.08,3956.24,193960915.0,0.013752475932526487,4.0255191851769
2025-03-07,3944.91,3967.07,3935.05,3944.01,166732375.0,-0.0030913190301902205,4.013075021113367
2025-03-10,3945.58,3949.14,3905.13,3928.8,152765232.0,-0.0038564810941148497,3.9975986731651787
2025-03-11,3890.43,3941.42,3889.43,3941.42,144754402.0,0.0032121767460802086,4.010439666663281
2025-03-12,3946.86,3953.61,3921.47,3927.23,156732190.0,-0.003600225299511317,3.996001180313196
2025-03-13,3925.74,3939.29,3897.38,3911.58,156536443.0,-0.003984997058995798,3.980077127361904
2025-03-14,3919.62,4014.16,3919.62,4006.56,216139003.0,0.024281748040433815,4.076720357349999
2025-03-17,4020.64,4021.73,3992.26,3996.79,162202911.0,-0.0024385008585918744,4.066779271258362
2025-03-18,4011.78,4016.87,3995.96,4007.72,140208496.0,0.0027346945924102695,4.077900670539998
2025-03-19,4004.83,4025.3,3989.51,4010.17,144419428.0,0.0006113201521065204,4.080393573398188
2025-03-20,4011.06,4012.04,3969.93,3974.99,133754670.0,-0.008772695421889964,4.044597523377329
2025-03-21,3966.51,3983.15,3904.77,3914.7,165905294.0,-0.015167333754298795,3.9832517628384543
2025-03-24,3916.11,3938.18,3907.2,3934.85,152234674.0,0.005147265435410109,4.003754616957849
2025-03-25,3937.9,3946.36,3921.53,3932.3,140475399.0,-0.0006480551990545314,4.001159962962591
2025-03-26,3930.21,3942.03,3916.86,3919.36,131164187.0,-0.003290695013096645,3.987993365825868
2025-03-27,3911.38,3952.99,3903.65,3932.41,126793738.0,0.0033296252449379615,4.001271889213367
2025-03-28,3930.78,3934.23,3907.38,3915.17,126356214.0,-0.004384079991659018,3.983729993182679
2025-03-31,3905.98,3928.45,3872.4,3887.31,166798523.0,-0.00711591067565398,3.9553821263952673
2025-04-01,3892.78,3905.26,3882.4,3887.68,140380274.0,9.518150083209775e-05,3.955758605602422
2025-04-02,3884.42,3900.49,3877.16,3884.39,113043175.0,-0.0008462630669190396,3.9524109931928533
2025-04-03,3843.42,3883.7,3843.42,3861.5,142599789.0,-0.005892817147608698,3.9291201579177693
2025-04-07,3675.2,3707.78,3514.12,3589.44,312578586.0,-0.07045448659847209,3.6522960144079653
2025-04-08,3597.99,3650.76,3583.87,3650.76,280197312.0,0.01708344477132928,3.71468981165865
2025-04-09,3606.1,3686.79,3587.34,3686.79,262305708.0,0.009869177924596517,3.751350746344595
2025-04-10,3749.13,3756.14,3708.82,3735.12,227252227.0,0.013108964709137139,3.8005270708900216
2025-04-11,3730.31,3762.37,3708.46,3750.52,168759691.0,0.004123026837156596,3.8161967459986412
2025-04-14,3772.04,3776.63,3754.03,3759.14,164462403.0,0.002298347962415903,3.8249676940139854
2025-04-15,3756.48,3764.49,3737.85,3761.23,134006040.0,0.0005559782290631698,3.8270942927787273
2025-04-16,3757.88,3775.17,3721.6,3772.82,156359006.0,0.0030814387846529456,3.8388872495650195
2025-04-17,3755.09,3779.13,3749.5,3772.22,122371002.0,-0.00015903223583435544,3.838276742742605
2025-04-18,3760.04,3782.04,3754.41,3772.52,102948509.0,7.952876555461508e-05,3.8385819961538123
2025-04-21,3768.14,3790.18,3763.14,3784.88,121355730.0,0.0032763245787961193,3.851158436695535
2025-04-22,3780.11,3799.23,3778.08,3783.95,125688257.0,-0.00024571452727706333,3.8502121511207936
2025-04-23,3803.43,3807.95,3780.52,3786.88,131986870.0,0.0007743231279484508,3.853193459436915
2025-04-24,3787.46,3807.26,3775.21,3784.36,117164560.0,-0.000665455467297571,3.8506293307827772
2025-04-25,3792.08,3801.58,3780.78,3786.99,124591133.0,0.0006949655952392941,3.8533053856876904
2025-04-28,3786.39,3792.01,3772.8,3781.62,125145091.0,-0.0014180127225051908,3.8478413496270876
2025-04-29,3776.0,3785.32,3768.03,3775.08,111514694.0,-0.0017294175512082566,3.8411868252627777
2025-04-30,3775.83,3787.56,3768.76,3770.57,143681658.0,-0.001194676669103667,3.836597848980968
2025-05-06,3794.38,3809.09,3782.78,3808.54,158520459.0,0.010070095502801912,3.8752327557260506
2025-05-07,3861.58,3863.68,3814.99,3831.63,161172299.0,0.006062690689870642,3.898727093275273
2025-05-08,3820.55,3867.33,3816.26,3852.9,124959833.0,0.00555116229907382,3.9203695601298403
2025-05-09,3848.62,3853.66,3836.53,3846.16,119389526.0,-0.00174933167224689,3.9135115334913926
2025-05-12,3866.53,3890.73,3859.03,3890.61,153332460.0,0.011556981508829667,3.9587399139185444
2025-05-13,3915.59,3915.59,3890.69,3896.26,147320299.0,0.0014522144342403731,3.9644888531629405
2025-05-14,3894.84,3960.52,3890.65,3943.21,172033779.0,0.012050017195977647,4.012261012016816
2025-05-15,3934.03,3936.47,3904.91,3907.2,138081749.0,-0.00913215375290699,3.975620427558284
2025-05-16,3898.67,3903.85,3874.86,3889.09,118405345.0,-0.004635032760032631,3.9571932966350967
2025-05-19,3882.57,3885.59,3866.57,3877.15,98643414.0,-0.003070126944863749,3.945044210869063
2025-05-20,3883.1,3911.47,3881.74,3898.17,104885234.0,0.005421508066492109,3.9664322998809576
2025-05-21,3899.44,3928.63,3899.44,3916.38,109791343.0,0.004671422744518594,3.9849611819412147
2025-05-22,3912.6,3923.02,3903.09,3913.87,107597052.0,-0.0006408979721069796,3.9824072284007834
2025-05-23,3910.37,3931.55,3882.27,3882.27,120277419.0,-0.00807385017897888,3.950253869086993
2025-05-26,3875.79,3884.54,3849.04,3860.11,109601207.0,-0.005708000731530771,3.9277058171125123
2025-05-27,3857.63,3865.43,3834.85,3839.4,98572425.0,-0.0053651320817282855,3.906633156625531
2025-05-28,3843.07,3849.74,3833.96,3836.24,89031026.0,-0.0008230452674897748,3.903417820694152
2025-05-29,3838.01,3869.79,3831.46,3858.7,108471886.0,0.0058546910516548145,3.9262711260798397
2025-05-30,3850.49,3858.61,3829.25,3840.23,111672228.0,-0.004786586155959172,3.9074776910632036
2025-06-03,3833.46,3863.3,3832.72,3852.01,131403090.0,0.0030675246013911472,3.919463975009927
2025-06-04,3855.49,3875.86,3855.49,3868.74,116803873.0,0.0043431870633772185,3.936486940241563
2025-06-05,3872.64,3883.13,3861.27,3877.56,122878184.0,0.0022798120318243686,3.9454613905310456
2025-06-06,3878.1,3889.46,3869.39,3873.98,110987971.0,-0.0009232610198165458,3.941818699823977
2025-06-09,3877.8,3894.65,3871.99,3885.25,136306293.0,0.0029091528608820028,3.9532860529716483
2025-06-10,3887.55,3897.46,3850.47,3865.47,145563859.0,-0.005091049482015331,3.9331596780594085
2025-06-11,3870.67,3911.61,3870.67,3894.63,142414772.0,0.007543713959751397,3.9628303096287167
2025-06-12,3885.52,3900.04,3870.38,3892.2,133998697.0,-0.0006239360350021039,3.960357756997941
2025-06-13,3881.49,3889.16,3853.82,3864.18,172539536.0,-0.007199013411438249,3.931847088391219
2025-06-16,3853.62,3876.17,3853.62,3873.8,137341835.0,0.0024895320611360017,3.941635547777253
2025-06-17,3875.18,3880.42,3860.41,3870.38,122342526.0,-0.000882854045123671,3.9381556588894946
2025-06-18,3871.65,3881.35,3854.66,3874.97,127528621.0,0.0011859300637147019,3.9428260360809597
2025-06-19,3870.05,3872.94,3834.95,3843.09,130280658.0,-0.008227160468339045,3.9103877735833765
2025-06-20,3839.78,3856.48,3839.78,3846.64,118151020.0,0.0009237358479763369,3.913999938949324
2025-06-23,3831.17,3867.59,3827.08,3857.9,133800892.0,0.0029272299981282224,3.9254571169832886
2025-06-24,3862.39,3914.16,3862.39,3904.03,163656188.0,0.011957282459369223,3.972394916513199
2025-06-25,3907.07,3963.04,3902.18,3960.07,187213671.0,0.014354397891409576,4.029416253726643
2025-06-26,3953.16,3964.48,3945.26,3946.02,165316263.0,-0.003547917082273866,4.015120218968454
2025-06-27,3949.79,3969.26,3918.2,3921.76,194557913.0,-0.0061479668121295905,3.990435393115525
2025-06-30,3920.31,3940.36,3911.6,3936.08,145170236.0,0.003651421810615618,4.0050061559438
2025-07-01,3935.91,3946.25,3924.72,3942.76,128959362.0,0.0016971199772362056,4.011803131900006
2025-07-02,3943.32,3952.14,3929.7,3943.68,147063062.0,0.0002333390822670811,4.0127392423610395
2025-07-03,3949.4,3971.62,3945.14,3968.07,141004006.0,0.006184578870496615,4.037556344692158
2025-07-04,3967.46,4013.85,3958.38,3982.2,157197133.0,0.003560925084486799,4.051933780360001
2025-07-07,3977.29,3979.75,3956.57,3965.17,131135273.0,-0.004276530560996417,4.034605561717157
2025-07-08,3965.43,4002.27,3965.43,3998.45,156402895.0,0.008393082768204163,4.068468340133706
2025-07-09,3997.5,4016.74,3987.43,3991.4,173293796.0,-0.0017631832335028852,4.061294884970345
2025-07-10,3993.42,4032.98,3992.52,4010.02,209778904.0,0.004665029814100219,4.080240946692585
2025-07-11,4011.47,4065.94,4010.11,4014.81,262052773.0,0.0011945077580659547,4.085114826158187
2025-07-14,4021.21,4034.92,4017.67,4017.67,207917175.0,0.0007123624779254989,4.088024908678359
2025-07-15,4023.99,4042.66,3994.26,4019.06,191042931.0,0.00034597167014704944,4.089439249483617
2025-07-16,4019.39,4027.86,3993.92,4007.2,151027308.0,-0.0029509387767289175,4.077371564627239
2025-07-17,4005.07,4034.59,4005.07,4034.49,161249041.0,0.006810241565182729,4.1051394499333576
2025-07-18,4039.87,4064.64,4039.32,4058.55,186211063.0,0.005963579039730105,4.1296207735121495
2025-07-21,4069.77,4086.12,4063.44,4085.61,223268476.0,0.00666740584691583,4.157154631203009
2025-07-22,4087.34,4119.2,4068.34,4118.96,257596985.0,0.008162795763668074,4.191088635415507
2025-07-23,4129.15,4155.68,4113.91,4119.77,300506154.0,0.00019665158195292243,4.191912819625766
2025-07-24,4116.83,4152.43,4111.88,4149.04,319632392.0,0.007104765557300441,4.221695377445849
2025-07-25,4145.32,4150.5,4117.8,4127.16,273594963.0,-0.005273509052696523,4.199432228655161
2025-07-28,4128.2,4146.12,4112.97,4135.82,222759815.0,0.002098295195727795,4.208243877125333
2025-07-29,4132.68,4153.33,4117.58,4152.02,230807880.0,0.0039169983219773385,4.224727561330504
2025-07-30,4148.94,4185.21,4127.43,4151.24,249853048.0,-0.0001878603667614387,4.223933902461366
2025-07-31,4141.56,4141.82,4063.67,4075.59,267087406.0,-0.018223470577465872,4.1469591672687
2025-08-01,4069.93,4085.35,4040.46,4054.93,196221826.0,-0.005069204704104213,4.125937382350253
2025-08-04,4037.94,4070.7,4037.94,4070.7,162275902.0,0.0038890930299659843,4.141983536666028
2025-08-05,4080.39,4106.3,4075.58,4103.45,178851999.0,0.008045299334266787,4.175307034056111
2025-08-06,4100.43,4116.71,4098.35,4113.49,176676155.0,0.002446721661041318,4.185522848217834
2025-08-07,4120.28,4129.74,4094.82,4114.67,198641902.0,0.0002868610352766421,4.186723511635249
2025-08-08,4109.27,4122.21,4097.42,4104.97,173171201.0,-0.002357418699433955,4.1768536513395595
2025-08-11,4110.29,4134.25,4103.6,4122.51,190443716.0,0.004272869229251297,4.194700800781455
2025-08-12,4123.58,4153.29,4121.22,4143.83,177287823.0,0.005171606618298075,4.216394143204556
2025-08-13,4150.5,4186.75,4147.2,4176.58,213934999.0,0.007903316497057,4.249717640594639
2025-08-14,4179.97,4220.31,4165.94,4173.31,221103595.0,-0.0007829372357286424,4.246390378412484
2025-08-15,4162.42,4214.73,4157.5,4202.35,261327566.0,0.006958505359055511,4.275938908617309
2025-08-18,4218.25,4272.96,4203.42,4239.41,301479102.0,0.00881887515318791,4.313647880015064
2025-08-19,4241.77,4264.23,4215.21,4223.37,250818771.0,-0.0037835453518295648,4.297326997629203
2025-08-20,4208.4,4272.15,4190.56,4271.4,246481773.0,0.01137243480916883,4.346198068763423
2025-08-21,4284.37,4308.45,4273.65,4288.07,259030014.0,0.0039027016903123712,4.363159983312818
2025-08-22,4287.36,4378.39,4287.36,4378.0,290434897.0,0.020972138980940302,4.4546647808789315
2025-08-25,4416.29,4472.65,4404.78,4469.22,358090006.0,0.020835998172681558,4.547482168113234
2025-08-26,4453.35,4476.8,4435.53,4452.59,270621395.0,-0.003721007245112151,4.530560954018666
2025-08-27,4458.84,4494.91,4386.13,4386.13,333133898.0,-0.014926144109383532,4.462937148322638
2025-08-28,4378.04,4464.8,4364.17,4463.78,296834536.0,0.017703533638993685,4.541946906256682
2025-08-29,4455.8,4516.84,4452.36,4496.76,351938947.0,0.007388356953075714,4.575504431262025
2025-09-01,4516.88,4528.13,4487.53,4523.71,320366708.0,0.00599320399576575,4.602926362702108
2025-09-02,4521.98,4548.89,4454.42,4490.45,303932566.0,-0.0073523722785059364,4.569083934512974
2025-09-03,4501.34,4510.73,4427.52,4459.83,254320217.0,-0.006818915698872052,4.537927736342459
2025-09-04,4461.25,4465.5,4327.51,4365.21,307934609.0,-0.02121605532049431,4.441650810447812
2025-09-05,4365.61,4466.56,4350.3,4460.32,249625657.0,0.02178818430270235,4.538426316914096
2025-09-08,4467.17,4482.76,4438.07,4467.57,267638382.0,0.0016254439143379429,4.545803274351595
2025-09-09,4448.74,4472.09,4412.69,4436.26,221375460.0,-0.007008284145519683,4.513944993335305
2025-09-10,4438.3,4466.63,4414.59,4445.36,203597646.0,0.0020512774273824252,4.52320434680858
2025-09-11,4438.84,4548.03,4427.92,4548.03,253264051.0,0.023095992225601547,4.6276722392372776
2025-09-12,4544.59,4564.67,4517.79,4522.0,266442003.0,-0.005723357145841157,4.601186418258228
2025-09-15,4534.89,4566.91,4522.5,4533.06,231885678.0,0.002445820433436552,4.612440094018055
2025-09-16,4539.92,4552.42,4494.79,4523.34,249269206.0,-0.002144246932535676,4.6025498834949525
2025-09-17,4517.29,4556.03,4503.8,4551.02,235716472.0,0.006119371968501319,4.630714598235641
2025-09-18,4546.03,4573.83,4454.99,4498.11,309859826.0,-0.011625965168248209,4.576878071612454
2025-09-19,4499.09,4533.09,4491.84,4501.92,225044000.0,0.0008470224160814777,4.580754789934782
2025-09-22,4512.03,4523.87,4487.13,4522.61,196459956.0,0.004595816895902161,4.60180710019435
2025-09-23,4536.76,4560.73,4459.73,4519.78,252827062.0,-0.0006257448685603739,4.598927543015298
2025-09-24,4495.27,4567.49,4494.11,4566.07,220482608.0,0.010241648929815161,4.646028144364518
2025-09-25,4563.98,4613.95,4558.84,4593.49,229823333.0,0.006005164178385369,4.673928306148826
2025-09-26,4576.91,4597.85,4550.05,4550.05,208482114.0,-0.00945686177612226,4.6297276122060715
2025-09-29,4555.03,4647.57,4541.43,4620.05,274358877.0,0.015384446324765655,4.700953408154342
2025-09-30,4629.9,4647.5,4616.22,4640.69,247980359.0,0.004467484118137133,4.721954842845374
2025-10-09,4662.11,4726.34,4651.99,4709.48,347678696.0,0.014823226718440496,4.791949450035109
2025-10-10,4679.5,4692.59,4600.96,4616.83,319020899.0,-0.019673084926573603,4.697677021540721
2025-10-13,4490.87,4601.81,4490.87,4593.98,315010354.0,-0.004949283382754022,4.674426886720464
2025-10-14,4634.05,4641.45,4520.93,4539.06,372954030.0,-0.011954775597629808,4.618545162242193
2025-10-15,4544.24,4608.82,4526.83,4606.29,284771855.0,0.014811436729190497,4.686952451693652
2025-10-16,4588.92,4645.1,4586.28,4618.42,248235518.0,0.0026333556940618674,4.699294864620117
2025-10-17,4610.7,4618.56,4509.33,4514.23,256905617.0,-0.02255966326146186,4.59328035490797
2025-10-20,4558.24,4570.44,4520.5,4538.22,218420405.0,0.0053143060942841824,4.617690452690813
2025-10-21,4556.12,4615.46,4547.93,4607.87,215711175.0,0.015347426964757105,4.688560119659342
2025-10-22,4576.03,4603.49,4567.24,4592.57,185333960.0,-0.0033204061746534563,4.672992195687791
2025-10-23,4578.7,4611.34,4541.69,4606.34,200463917.0,0.002998321201418852,4.687003327262187
2025-10-24,4622.79,4660.68,4622.79,4660.68,208814483.0,0.011796784431891805,4.742294895145458
2025-10-27,4699.38,4720.43,4687.69,4716.02,262200674.0,0.011873803822618267,4.79860397439942
2025-10-28,4697.73,4734.32,4679.23,4691.97,220906645.0,-0.005099639102463582,4.774132825934335
2025-10-29,4701.04,4747.84,4697.27,4747.84,246211324.0,0.011907578266698193,4.830981186214761
2025-10-30,4735.98,4761.83,4706.45,4709.91,273289118.0,-0.007988896003235268,4.792386979924506
2025-10-31,4702.49,4706.14,4640.67,4640.67,281464740.0,-0.014700917851933393,4.72193449261796
2025-11-03,4636.73,4653.4,4595.73,4653.4,239869809.0,0.002743138383035193,4.734887412366838
2025-11-04,4649.35,4665.32,4595.07,4618.7,233224032.0,-0.007456913224738848,4.69957976780391
2025-11-05,4562.11,4642.61,4558.76,4627.26,203045871.0,0.0018533353541041464,4.708289665137014
2025-11-06,4642.01,4698.09,4642.01,4693.4,224241008.0,0.014293556013709852,4.775587867194421
2025-11-07,4673.76,4701.37,4666.04,4678.79,212497377.0,-0.003112881919290822,4.760722026068647
2025-11-10,4688.12,4695.18,4654.21,4695.05,236026764.0,0.0034752574917873424,4.777266760956059
2025-11-11,4706.34,4707.13,4648.49,4652.17,186638858.0,-0.009133023077496527,4.73363587338089
2025-11-12,4643.56,4669.61,4620.99,4645.91,209460592.0,-0.001345608608455895,4.727266252200373
2025-11-13,4643.79,4703.49,4643.79,4702.07,207367474.0,0.012088051641120812,4.784409690778299
2025-11-14,4663.32,4684.26,4628.02,4628.14,192092676.0,-0.015722862483969702,4.709185075143219
2025-11-17,4616.81,4624.9,4580.26,4598.05,188955466.0,-0.006501531932914806,4.67856815799917
2025-11-18,4584.79,4606.62,4552.8,4568.19,177713185.0,-0.00649405726340524,4.648185268470378
2025-11-19,4568.04,4607.86,4568.04,4588.29,172924974.0,0.0043999921194171066,4.6686372470212385
2025-11-20,4619.54,4620.65,4560.18,4564.95,194562593.0,-0.005086862425871086,4.644888531629344
2025-11-21,4513.39,4527.04,4453.18,4453.61,222851013.0,-0.024390190473061124,4.531598815616767
2025-11-24,4473.16,4478.81,4421.81,4448.05,185833729.0,-0.0012484254346473156,4.525941452395733
2025-11-25,4475.84,4510.77,4467.35,4490.4,169571929.0,0.009521026067602634,4.569033058944436
2025-11-26,4490.2,4538.14,4485.7,4517.63,156200368.0,0.006064047746303425,4.596739893568314
2025-11-27,4520.01,4559.22,4509.86,4515.4,150311772.0,-0.0004936216556027384,4.594470843211676
2025-11-28,4511.5,4531.72,4492.43,4526.66,142902096.0,0.002493688266820282,4.60592802124564
2025-12-01,4539.19,4576.97,4531.29,4576.49,200382317.0,0.011008116359523257,4.656630612847101
2025-12-02,4571.91,4575.49,4539.43,4554.33,148493132.0,-0.004842138844398214,4.63408256087262
2025-12-03,4554.59,4569.82,4523.5,4531.05,169762790.0,-0.005111619052637795,4.610394896162966
2025-12-04,4533.6,4557.42,4514.19,4546.57,147198110.0,0.0034252546319284427,4.626186672636067
2025-12-05,4547.91,4593.83,4535.02,4584.54,196799968.0,0.008351350578568173,4.664821579381151
2025-12-08,4593.14,4640.63,4592.74,4621.75,199620990.0,0.008116408625510996,4.70268317748451
2025-12-09,4611.38,4628.7,4584.25,4598.22,184160344.0,-0.005091145129009544,4.678741134932185
2025-12-10,4586.25,4598.54,4549.08,4591.83,169111106.0,-0.0013896681759464347,4.6722392372734785
2025-12-11,4597.19,4610.28,4547.14,4552.18,168419405.0,-0.008634901553411067,4.631894911425637
2025-12-12,4558.74,4583.68,4530.78,4580.95,212826520.0,0.006320048855712912,4.661168713560375
2025-12-15,4550.0,4595.05,4548.44,4552.06,167589967.0,-0.00630655213438247,4.631772810061154
2025-12-16,4542.42,4553.08,4484.27,4497.55,165165201.0,-0.011974798223222116,4.576308265244865
2025-12-17,4499.77,4594.66,4498.93,4579.88,178424830.0,0.01830552189525414,4.660079976393738
2025-12-18,4553.98,4571.97,4544.14,4552.79,151681328.0,-0.005915002139794123,4.632515593361758
2025-12-19,4561.37,4591.09,4546.85,4568.18,154876220.0,0.003380344799562618,4.648175093356671
2025-12-22,4587.67,4615.87,4587.67,4611.62,165252856.0,0.009509257516122416,4.692375787299426
2025-12-23,4616.03,4644.53,4607.8,4620.73,169256412.0,0.0019754446376760715,4.701645315886408
2025-12-24,4623.68,4639.43,4602.14,4634.06,153711241.0,0.0028848255578666215,4.715208742457701
2025-12-25,4629.32,4651.15,4621.92,4642.54,139434186.0,0.001829928831305505,4.723837238881148
2025-12-26,4639.79,4676.13,4635.11,4657.24,175396565.0,0.003166370133590668,4.738794656030285
2025-12-29,4658.27,4672.04,4629.06,4639.37,200397133.0,-0.003837036528072435,4.720611727836062
2025-12-30,4617.32,4664.33,4616.63,4651.28,180374974.0,0.0025671589030407116,4.732730288260975
2025-12-31,4656.48,4667.05,4622.1,4629.94,170760224.0,-0.0045879843827936195,4.7110165956104595
2026-01-05,4661.62,4721.64,4661.62,4717.75,234144839.0,0.018965688540240278,4.800364269070711
2026-01-06,4719.21,4790.69,4718.01,4790.69,296970686.0,0.015460759896136933,4.874581548448808
2026-01-07,4796.93,4802.6,4751.07,4776.67,259095564.0,-0.0029265095424666487,4.860316039031741
2026-01-08,4761.01,4765.49,4717.01,4737.65,238804957.0,-0.008168870782365167,4.820612745347433
2026-01-09,4725.96,4771.43,4719.13,4758.92,254688038.0,0.004489567612635081,4.842255212202001
2026-01-12,4769.65,4795.93,4737.57,4789.92,294833165.0,0.006514083027241435,4.873798064693377
2026-01-13,4798.05,4836.95,4745.52,4761.03,301449497.0,-0.006031415973544507,4.844402161194155
2026-01-14,4767.7,4818.1,4720.25,4741.93,364951023.0,-0.004011736956078704,4.824967694013984
2026-01-15,4721.8,4769.55,4720.94,4751.43,254003636.0,0.002003403677405702,4.834634052035535
2026-01-16,4778.43,4792.55,4715.36,4731.87,325278929.0,-0.0041166554068986505,4.814731529624847
2026-01-19,4720.19,4761.63,4715.09,4734.46,267612492.0,0.0005473523152581539,4.817366884074934
2026-01-20,4736.91,4748.23,4684.97,4718.88,282719579.0,-0.00329076600076883,4.801514056919591
2026-01-21,4714.55,4758.28,4714.24,4723.07,266353332.0,0.0008879225578950489,4.80577742956278
2026-01-22,4741.75,4757.76,4700.45,4723.71,274199932.0,0.00013550508461657174,4.806428636840021
2026-01-23,4729.59,4734.79,4684.62,4702.5,314635445.0,-0.004490114761490416,4.784847220667696
2026-01-26,4715.38,4754.18,4693.16,4706.96,363004481.0,0.0009484316852736985,4.789385321380971
2026-01-27,4705.17,4736.99,4675.64,4705.69,301475697.0,-0.00026981321277441683,4.788093081940194
2026-01-28,4725.6,4739.63,4697.91,4717.99,382255602.0,0.0026138568413984764,4.800608471799676
2026-01-29,4733.09,4770.96,4696.05,4753.87,415513055.0,0.007604933456832219,4.837116779780017
2026-01-30,4723.08,4738.87,4645.47,4706.34,319786531.0,-0.00999816991209257,4.788754464331142
2026-02-02,4674.28,4716.61,4601.76,4605.98,304773500.0,-0.021324426199552216,4.686637023168736
2026-02-03,4648.36,4662.13,4578.21,4660.11,265549405.0,0.011752113556724009,4.741714913664162
2026-02-04,4647.97,4701.48,4641.84,4698.68,264881032.0,0.008276628663272056,4.78096032723166
2026-02-05,4664.75,4687.02,4639.43,4670.42,237856351.0,-0.0060144551235666865,4.7522054558959725
2026-02-06,4622.97,4678.26,4606.64,4643.6,202716477.0,-0.005742524226943102,4.724915800934078
2026-02-09,4693.67,4719.96,4679.9,4719.06,207251938.0,0.0162503230252391,4.8016972089663135
2026-02-10,4718.26,4732.09,4713.87,4724.3,187000958.0,0.001110390628642044,4.807028968548726
2026-02-11,4715.67,4723.7,4703.69,4713.82,173391681.0,-0.0022183180577017847,4.796365449383899
2026-02-12,4720.01,4726.04,4707.74,4719.58,197841439.0,0.001221938894569563,4.8022263148790705
2026-02-13,4693.41,4703.63,4658.4,4660.41,189167756.0,-0.012537132541454943,4.742020167075369
2026-02-24,4727.3,4727.37,4698.35,4707.54,218488890.0,0.010112844148905342,4.789975477975968
2026-02-25,4713.58,4766.56,4713.34,4735.89,284268354.0,0.006022253661147836,4.818821925335017
2026-02-26,4741.39,4742.15,4706.69,4726.87,234847644.0,-0.0019046050478369603,4.809643972771397
2026-02-27,4698.3,4721.01,4692.89,4710.65,261420865.0,-0.003431446178972619,4.793139938338812
2026-03-02,4681.01,4735.41,4667.28,4728.67,349260752.0,0.0038253744175433813,4.811475493238639
2026-03-03,4737.32,4744.6,4651.4,4655.9,370624272.0,-0.01538910518179537,4.737431190793559
2026-03-04,4609.19,4639.42,4575.82,4602.62,303035666.0,-0.011443544749672352,4.683218184963219
2026-03-05,4651.94,4671.53,4630.3,4647.69,259317825.0,0.00979224876266116,4.729077422440198
2026-03-06,4621.49,4671.71,4612.79,4660.44,238527926.0,0.0027432982836634867,4.742050692416489
2026-03-09,4600.25,4625.98,4548.97,4615.46,322787617.0,-0.009651449219386876,4.696283030962873
2026-03-10,4648.79,4677.6,4648.79,4674.76,263903748.0,0.012848123480649898,4.756621455244765
2026-03-11,4681.03,4711.87,4674.71,4704.5,270175443.0,0.006361823922511389,4.786882243409073
2026-03-12,4700.72,4704.38,4654.31,4687.56,302986816.0,-0.003600807737272782,4.769645600789592
2026-03-13,4669.06,4707.42,4659.5,4669.14,310772009.0,-0.003929549701763846,4.75090304134149
2026-03-16,4669.22,4673.69,4621.81,4671.56,296215070.0,0.000518296731303769,4.753365418858559
2026-03-17,4685.57,4720.86,4637.37,4637.44,263021913.0,-0.007303770046836799,4.71864793089063
2026-03-18,4648.75,4662.29,4604.52,4658.33,234690705.0,0.0045046404913056115,4.739903743424335
2026-03-19,4611.44,4634.55,4570.39,4583.25,254130449.0,-0.01611736394802432,4.6635089897129625
2026-03-20,4602.82,4628.71,4563.07,4567.02,257873703.0,-0.0035411552937325563,4.646994780166671
2026-03-23,4499.1,4514.72,4397.57,4418.0,328081945.0,-0.032629592162942256,4.495365235706511
2026-03-24,4458.91,4474.83,4394.29,4474.72,255532517.0,0.012838388411045676,4.553078480652023
2026-03-25,4506.62,4542.18,4502.03,4537.47,262639279.0,0.014023223799477957,4.6169273191627935
2026-03-26,4525.33,4541.05,4468.96,4477.53,213736788.0,-0.013210004694246047,4.55593768760366
2026-03-27,4431.5,4519.89,4431.42,4502.57,192400388.0,0.0055923690070194265,4.581416172325727
2026-03-30,4461.74,4496.41,4447.14,4491.95,209293092.0,-0.002358652947094586,4.570610201569004
2026-03-31,4491.92,4523.17,4450.05,4450.05,224541585.0,-0.009327797504424473,4.527976475137112
2026-04-01,4517.27,4532.11,4492.05,4526.07,216483196.0,0.017082954124110872,4.605327689536932
2026-04-02,4514.44,4519.69,4459.61,4478.91,190992161.0,-0.010419635577885389,4.557341853295212
2026-04-03,4492.85,4494.46,4437.6,4440.79,168321705.0,-0.00851099932796151,4.518554319844526
2026-04-07,4445.86,4458.93,4420.69,4440.62,162638787.0,-3.828147694440176e-05,4.518381342911509
2026-04-08,4517.34,4595.56,4513.77,4595.56,253339213.0,0.034891524156536846,4.676034554686151
2026-04-09,4562.67,4579.2,4552.42,4566.22,184939783.0,-0.006384423225896385,4.646180771070118
2026-04-10,4594.95,4655.1,4590.11,4636.57,208678605.0,0.015406616413575991,4.717762695998128
2026-04-13,4615.13,4653.4,4615.13,4646.15,196712277.0,0.0020661825444239224,4.727510454929334
2026-04-14,4676.12,4701.28,4654.85,4701.28,204700332.0,0.011865738299452255,4.78360585679545
2026-04-15,4726.64,4731.27,4672.56,4685.25,201688500.0,-0.0034097096960826745,4.767295149523297
2026-04-16,4694.43,4739.22,4689.41,4736.61,192057600.0,0.010962061789658861,4.819554533521912
2026-04-17,4729.0,4738.32,4714.47,4728.67,182915336.0,-0.0016763043611358608,4.811475493238637
2026-04-20,4727.17,4763.04,4720.69,4757.44,221633494.0,0.006084163200223314,4.840749295373376
2026-04-21,4750.51,4776.83,4722.01,4768.0,205614058.0,0.0022196811730679222,4.851494215447858
2026-04-22,4751.28,4801.45,4750.35,4799.63,204481830.0,0.006633808724832324,4.88367810010277
2026-04-23,4816.03,4823.47,4759.86,4786.33,232865736.0,-0.00277104693486796,4.870145198872598
2026-04-24,4771.73,4786.44,4735.61,4769.37,193798314.0,-0.003543424711626608,4.852888206025703
2026-04-27,4776.34,4795.17,4762.64,4770.95,192796550.0,0.0003312806513229294,4.854495873991393
2026-04-28,4757.08,4778.19,4743.44,4758.21,216724233.0,-0.002670327712510079,4.841532779128808
2026-04-29,4737.58,4813.61,4737.11,4810.35,233298110.0,0.010957902236345296,4.894585821996563
2026-04-30,4820.97,4829.27,4797.54,4807.31,250633370.0,-0.0006319706466265673,4.891492587429666
2026-05-06,4857.65,4892.8,4834.28,4877.09,274443880.0,0.014515394264151826,4.962494530876384
2026-05-07,4895.8,4901.86,4866.87,4900.51,257833972.0,0.0048020438417171185,4.986324647177934
2026-05-08,4871.12,4887.21,4849.99,4871.91,251720996.0,-0.005836127260223978,4.957223821976212
2026-05-11,4902.28,4960.4,4889.57,4951.84,305734801.0,0.016406296503835405,5.038553505835431
2026-05-12,4965.02,4971.3,4926.79,4948.05,273812001.0,-0.0007653720637177397,5.034697137740517
2026-05-13,4919.42,5001.12,4919.42,4998.34,268454537.0,0.010163599801942258,5.085867784572496
2026-05-14,5027.64,5030.52,4913.6,4914.6,280695379.0,-0.016753562182644566,5.000661382390952
2026-05-15,4911.62,4935.62,4832.69,4859.59,276967769.0,-0.011193179505961881,4.944688081889319
2026-05-18,4836.33,4868.6,4806.15,4833.52,239077587.0,-0.00536465010422682,4.918161560455442
2026-05-19,4818.71,4854.52,4773.53,4852.88,232280852.0,0.00400536255151529,4.937860580591992
2026-05-20,4829.61,4866.21,4825.64,4850.7,220023206.0,-0.00044921778407880364,4.935642405803888
2026-05-21,4886.24,4937.93,4780.71,4783.1,287342507.0,-0.013936132929267875,4.866858637145273
2026-05-22,4818.84,4851.35,4785.35,4845.1,286940435.0,0.0129623047814178,4.929944342128026
2026-05-25,4873.2,4922.44,4857.13,4921.6,264743236.0,0.015789147798807024,5.007783961985778
2026-05-26,4900.12,4952.74,4892.68,4947.85,302799476.0,0.005333631339401901,5.034493635466379
2026-05-27,4940.95,4974.21,4891.34,4908.17,301709175.0,-0.008019644896268163,4.994118784277417
2026-05-28,4889.27,4922.33,4843.23,4914.21,267432731.0,0.0012306012220439921,5.000264552956382
2026-05-29,4937.51,4954.07,4878.79,4892.12,332518610.0,-0.004495127395858112,4.977787726777849
2026-06-01,4897.9,4918.79,4836.69,4844.26,296134051.0,-0.009783079728215904,4.9290896325766465
2026-06-02,4860.61,4930.28,4832.0,4914.56,281731662.0,0.014512020411786342,5.000620681936123
2026-06-03,4921.34,4991.85,4904.9,4938.81,304035947.0,0.0049343176194815985,5.025295332675345
2026-06-04,4897.32,4938.78,4889.75,4904.75,264808910.0,-0.006896398120195046,4.990638895389658
2026-06-05,4886.96,4924.34,4798.91,4816.92,301929336.0,-0.017907130842550578,4.9012708717019935
2026-06-08,4703.77,4779.86,4677.57,4713.64,299647565.0,-0.02144108683557122,4.796182297337175
2026-06-09,4743.45,4802.5,4715.39,4801.81,258391601.0,0.01870528933053861,4.885896274890874
2026-06-10,4753.12,4786.52,4718.99,4748.59,259297109.0,-0.011083320664499463,4.831744319742775
2026-06-11,4730.07,4766.17,4685.5,4722.41,247177059.0,-0.005513215501864788,4.805105872058122
2026-06-12,4784.64,4809.86,4757.56,4777.32,335922063.0,0.011627537634385732,4.860977421422685
2026-06-15,4829.29,4892.55,4803.18,4891.71,331316076.0,0.023944387229660302,4.977370547115866
2026-06-16,4894.88,4908.28,4866.06,4884.23,282584743.0,-0.0015291176296224895,4.969759562063107
2026-06-17,4859.7,4933.93,4859.7,4931.39,276053950.0,0.00965556495087272,5.017745398304828
2026-06-18,4916.04,4976.89,4916.04,4941.6,334459902.0,0.0020704101683297615,5.028134189399568
2026-06-22,4949.35,5061.51,4928.46,5059.66,375100124.0,0.023891047434029256,5.148261581823177
2026-06-23,5048.03,5064.27,4892.09,4919.39,342719336.0,-0.027723206697683134,5.005535261856552
2026-06-24,4900.38,4953.23,4892.27,4943.02,312249025.0,0.004803441077044113,5.0295790555459465
2026-06-25,4950.98,5032.0,4944.88,5020.1,346664289.0,0.015593705872118724,5.108008831998698
2026-06-26,4981.83,4981.98,4845.19,4868.22,341179238.0,-0.03025437740284065,4.953469205018366
2026-06-29,4866.04,4928.6,4827.15,4926.92,323216134.0,0.012057795251652514,5.013197122477844
2026-06-30,4914.49,4987.56,4914.49,4979.43,306150226.0,0.010657774025151667,5.066626644552753
2026-07-01,4972.69,5017.38,4925.63,4958.98,342934747.0,-0.004106895769194652,5.04581853702215
2026-07-02,4865.17,4896.99,4800.48,4812.3,343243758.0,-0.029578663354157375,4.896569969169405
2026-07-03,4809.5,4890.97,4809.5,4842.17,301067568.0,0.006207011200465518,4.926963033811902
2026-07-06,4868.54,4878.32,4789.8,4842.0,294050543.0,-3.510822627050825e-05,4.926790056878885
2026-07-07,4813.87,4839.51,4756.73,4792.26,246305999.0,-0.010272614622056975,4.876179041300786
2026-07-08,4804.48,4830.05,4751.4,4755.53,243928749.0,-0.007664442246455794,4.838805848655358
2026-07-09,4774.4,4882.85,4734.87,4876.31,281627705.0,0.02539780003490688,4.961700872007245
2026-07-10,4887.54,4906.49,4780.75,4780.79,304130286.0,-0.019588582350178796,4.864508185878977
2026-07-13,4745.44,4775.24,4670.25,4695.38,278634853.0,-0.017865248212115548,4.777602539708381
2026-07-14,4691.12,4796.5,4649.04,4796.5,283250986.0,0.02153606310884304,4.8804932895125095
2026-07-15,4797.94,4826.86,4772.04,4786.78,278692669.0,-0.0020264776399459006,4.870603078989406
2026-07-16,4711.53,4771.06,4673.35,4698.43,251560977.0,-0.018457083885200398,4.780705949388984
2026-07-17,4661.62,4663.53,4492.09,4529.1,302629886.0,-0.0360396983673269,4.60841074899012
2026-07-20,4575.67,4628.8,4521.18,4598.32,333116058.0,0.015283389635909916,4.678842886069251
2026-07-21,4630.85,4739.23,4566.28,4739.23,345403590.0,0.03064380034447356,4.822220413313118
2026-07-22,4710.66,4772.08,4692.83,4717.24,285556357.0,-0.004639994260670965,4.799845338271655
2026-07-23,4735.17,4737.51,4698.87,4728.0,247331675.0,0.002280994819004345,4.810793760620275
2026-07-24,4685.41,4704.08,4642.94,4649.19,221261212.0,-0.01666878172588837,4.730603689496229
2026-07-27,4656.03,4702.52,4615.53,4702.43,204786941.0,0.011451457135544185,4.784775994871743
2026-07-28,4623.8,4646.49,4552.23,4569.52,215705045.0,-0.028264110257887887,4.649538558593393
2026-07-29,4582.09,4626.71,4516.32,4600.26,248082357.0,0.006727183599152697,4.68081685812839
2026-07-30,4566.05,4596.21,4478.21,4549.72,274651130.0,-0.01098633555494688,4.629391833453739
2026-07-31,4623.85,4635.59,4588.2,4588.2,279243698.0,0.008457663328732323,4.668545670997873
2026-08-03,4561.82,4572.59,4529.19,4543.18,232042584.0,-0.009812126759949358,4.6227373090894295
2026-08-04,4566.94,4613.69,4555.25,4600.93,242073611.0,0.012711360764926738,4.6814985907467515
2026-08-05,4550.19,4679.86,4550.19,4658.15,276921919.0,0.012436616075445439,4.7397205913776075
2026-08-06,4621.8,4675.65,4611.07,4651.31,247510730.0,-0.0014683941049556948,4.732760813602091
2026-08-07,4656.1,4706.73,4649.58,4694.44,239072020.0,0.009272656520420863,4.776646079019931
2026-08-10,4698.82,4714.46,4659.47,4702.02,213075996.0,0.0016146760849005126,4.7843588152097585
2026-08-11,4689.45,4715.88,4660.47,4663.79,209699098.0,-0.008130548147392114,4.745459355508296
2026-08-12,4660.47,4700.43,4657.69,4690.92,184939148.0,0.005817157290529895,4.773064438995104
2026-08-13,4716.97,4727.23,4661.88,4663.95,215499615.0,-0.005749405233941407,4.745622157327606
2026-08-14,4672.98,4676.71,4637.13,4665.88,178430696.0,0.0004138123264616489,4.747585954273037
2026-08-17,4672.28,4742.4,4662.72,4741.1,190569286.0,0.016121289017291485,4.824123159576307
2026-08-18,4734.07,4744.01,4687.53,4725.81,204245514.0,-0.003224989981227999,4.808565410718463
2026-08-19,4660.06,4674.38,4568.07,4588.7,244070090.0,-0.0290130157581453,4.669054426683216
2026-08-20,4613.3,4631.13,4569.23,4592.75,200874189.0,0.0008826029158586213,4.673175347734509
2026-08-21,4585.44,4629.0,4579.26,4618.9,171075891.0,0.005693756463992061,4.699783270078041
2026-08-24,4620.95,4621.39,4527.49,4563.13,206616872.0,-0.012074303405572695,4.643036660934684
2026-08-25,4542.24,4573.38,4523.02,4552.03,171510168.0,-0.002432540821760587,4.63174228472003
2026-08-26,4549.43,4612.04,4542.84,4590.79,184578169.0,0.008514882371161825,4.671181025447957
2026-08-27,4594.48,4631.35,4584.99,4630.28,202017250.0,0.008602005319345851,4.711362549476488
2026-08-28,4615.84,4643.34,4608.46,4609.18,180989495.0,-0.004556959838281749,4.689893059554938
