date,open,high,low,close,amount,daily_return,return,net_value
2008-05-26,3811.3201,3811.3201,3703.3,3708.1399,975000.0,-0.03531082,-0.03531082,1.0
2008-05-27,3693.8999,3752.3601,3669.71,3718.9099,924000.0,0.0029044199999999996,0.0029044199999999996,1.0029044211627507
2008-05-28,3719.26,3833.47,3687.23,3806.97,991000.0,0.023679009999999997,0.023679009999999997,1.0266522037100057
2008-05-29,3798.5601,3807.52,3703.52,3708.52,879000.0,-0.025860460000000002,-0.025860460000000002,1.000102504223209
2008-05-30,3707.8301,3742.5801,3661.01,3734.0,944000.0,0.00687067,0.00687067,1.0069738738821585
2008-06-02,3723.78,3780.49,3705.3999,3755.8501,953000.0,0.00585166,0.00585166,1.012866343041696
2008-06-03,3768.1201,3771.8,3735.49,3757.3,857000.0,0.00038604,0.00038604,1.0132573477068652
2008-06-04,3736.1299,3736.1299,3659.3601,3675.0601,839000.0,-0.02188803,-0.02188803,0.9910791391662435
2008-06-05,3635.23,3655.9299,3596.0901,3613.75,755000.0,-0.01668275,-0.01668275,0.9745452160529327
2008-06-06,3630.29,3649.9299,3586.5601,3603.4099,556000.0,-0.00286132,-0.00286132,0.9717567290274026
2008-06-10,3465.79,3468.96,3307.3401,3326.5701,810000.0,-0.07682717,-0.07682717,0.8970994055537117
2008-06-11,3280.1399,3297.3501,3225.72,3256.8799,701000.0,-0.02094957,-0.02094957,0.8783055623117132
2008-06-12,3248.52,3268.6799,3152.0901,3199.28,768000.0,-0.01768561,-0.01768561,0.8627721947599658
2008-06-13,3199.8201,3225.6001,3091.55,3096.49,642000.0,-0.0321291,-0.0321291,0.835052097144447
2008-06-16,3091.49,3115.6299,3013.1599,3048.6399,619000.0,-0.01545301,-0.01545301,0.822148026292104
2008-06-17,3048.9399,3080.99,2920.8899,2925.24,594000.0,-0.040477030000000004,-0.040477030000000004,0.7888699129177946
2008-06-18,2909.0801,3110.27,2861.3899,3093.8701,1006000.0,0.05764659,0.05764659,0.8343455704031015
2008-06-19,3073.7,3073.7,2854.8701,2854.8701,999000.0,-0.07724953,-0.07724953,0.769892770226927
2008-06-20,2893.47,3009.1201,2784.79,2903.52,1171000.0,0.01704102,0.01704102,0.7830125287344202
2008-06-23,2856.1699,2901.9399,2818.02,2826.27,606000.0,-0.02660564,-0.02660564,0.7621799813971419
2008-06-24,2810.3401,2868.3,2786.3201,2860.47,749000.0,0.01210075,0.01210075,0.7714029343930632
2008-06-25,2856.6899,2999.8301,2856.6899,2999.8301,1022000.0,0.0487193,0.0487193,0.8089851464342
2008-06-26,2988.8,3042.22,2947.73,3010.76,992000.0,0.00364351,0.00364351,0.8119326889473615
2008-06-27,2912.4299,2913.6299,2800.21,2825.0701,939000.0,-0.06167542,-0.06167542,0.761856395979019
2008-06-30,2804.9099,2835.3501,2753.5701,2795.79,554000.0,-0.01036438,-0.01036438,0.7539602267972684
2008-07-01,2801.26,2801.26,2708.6599,2715.8501,592000.0,-0.02859296,-0.02859296,0.7324022753294718
2008-07-02,2723.74,2758.6899,2700.28,2736.01,625000.0,0.00742305,0.00742305,0.7378389364435792
2008-07-03,2697.71,2845.4199,2669.22,2816.71,1164000.0,0.02949551,0.02949551,0.759601869390095
2008-07-04,2799.3,2825.97,2744.8101,2772.3999,944000.0,-0.01573115,-0.01573115,0.7476524550759263
2008-07-07,2779.96,2920.74,2779.96,2920.74,1207000.0,0.05350603,0.05350603,0.7876563664709629
2008-07-08,2938.48,2979.0701,2903.8501,2958.4099,1297000.0,0.01289738,0.01289738,0.7978150716481868
2008-07-09,2978.55,3058.9099,2978.55,3058.9099,1616000.0,0.03397095,0.03397095,0.8249176089607623
2008-07-10,3013.96,3073.8201,2998.95,2998.95,1418000.0,-0.01960172,-0.01960172,0.8087478037168985
2008-07-11,2986.47,3004.8601,2938.6599,2971.0,1023000.0,-0.009319929999999999,-0.009319929999999999,0.8012103318971325
2008-07-14,2945.77,3007.54,2945.77,3007.54,845000.0,0.01229889,0.01229889,0.8110643290454063
2008-07-15,3022.6299,3037.6599,2908.6101,2908.6101,1016000.0,-0.03289396,-0.03289396,0.7843852115719797
2008-07-16,2874.21,2874.21,2745.77,2786.24,824000.0,-0.04207168,-0.04207168,0.7513848115601032
2008-07-17,2826.3201,2838.4099,2739.26,2740.4399,619000.0,-0.01643796,-0.01643796,0.7390335785335391
2008-07-18,2767.22,2821.3301,2698.8101,2821.3301,729000.0,0.02951723,0.02951723,0.7608478040432077
2008-07-21,2805.15,2921.11,2786.5,2918.47,930000.0,0.0,0.0,0.7870441997077833
2008-07-22,2915.28,2939.17,2902.48,2921.41,854000.0,0.0010073600000000001,0.0010073600000000001,0.7878370500530467
2008-07-23,2934.3,2950.86,2885.53,2885.97,941000.0,-0.01213111,-0.01213111,0.7782796975917763
2008-07-24,2902.78,2955.52,2889.62,2952.94,1041000.0,0.02320536,0.02320536,0.7963399654905146
2008-07-25,2919.68,2935.75,2901.24,2909.39,790000.0,-0.01474803,-0.01474803,0.7845955326550651
2008-07-28,2926.85,2953.2,2924.3,2939.05,815000.0,0.01019463,0.01019463,0.7925941521246272
2008-07-29,2906.24,2906.24,2865.83,2887.27,880000.0,-0.01761795,-0.01761795,0.7786302776764167
2008-07-30,2915.21,2915.21,2842.87,2865.88,761000.0,-0.007408430000000001,-0.007408430000000001,0.7728618868991431
2008-07-31,2877.42,2877.42,2783.25,2783.51,650000.0,-0.028741560000000003,-0.028741560000000003,0.7506485933823587
2008-08-01,2765.61,2797.16,2702.91,2777.88,751000.0,-0.00202267,-0.00202267,0.749130311938878
2008-08-04,2759.8,2759.8,2683.91,2687.55,544000.0,-0.03251755,-0.03251755,0.7247703895961423
2008-08-05,2683.85,2695.04,2575.85,2582.16,769000.0,-0.03921421,-0.03921421,0.6963491318113428
2008-08-06,2597.73,2614.61,2550.19,2590.76,598000.0,0.00333058,0.00333058,0.6986683539097325
2008-08-07,2589.28,2612.05,2562.19,2592.37,508000.0,0.00062148,0.00062148,0.69910253386071
2008-08-08,2591.63,2591.63,2450.83,2455.95,624000.0,-0.05262372,-0.05262372,0.6623131991325354
2008-08-11,2449.03,2451.26,2310.3,2326.84,643000.0,-0.05257023,-0.05257023,0.6274952031879919
2008-08-12,2310.76,2377.0,2298.09,2360.44,559000.0,0.01444012,0.01444012,0.6365563499910022
2008-08-13,2350.22,2398.05,2300.95,2376.11,510000.0,0.006638659999999999,0.006638659999999999,0.6407821883958585
2008-08-14,2360.38,2396.96,2345.39,2375.97,382000.0,-5.8979999999999994e-05,-5.8979999999999994e-05,0.6407444336175125
2008-08-15,2374.71,2400.0,2342.03,2368.55,375000.0,-0.0031229,-0.0031229,0.6387434303651812
2008-08-18,2376.1,2378.26,2227.33,2228.15,423000.0,-0.05927683,-0.05927683,0.600880781224031
2008-08-19,2199.78,2267.42,2188.66,2262.47,341000.0,0.01540294,0.01540294,0.6101360954585343
2008-08-20,2251.57,2422.51,2223.46,2418.71,852000.0,0.06905726,0.06905726,0.6522704280925323
2008-08-21,2377.53,2413.26,2312.2,2318.93,707000.0,-0.041253399999999996,-0.041253399999999996,0.6253620582114499
2008-08-22,2297.75,2311.75,2239.3,2273.85,434000.0,-0.01943993,-0.01943993,0.6132050195840777
2008-08-25,2269.93,2290.74,2232.31,2254.34,322000.0,-0.00858016,-0.00858016,0.6079436215445917
2008-08-26,2232.55,2232.65,2148.0,2167.12,392000.0,-0.0386898,-0.0386898,0.5844223946351107
2008-08-27,2160.91,2191.2,2118.82,2157.4,355000.0,-0.00448531,-0.00448531,0.5818011343099542
2008-08-28,2155.26,2182.46,2144.64,2173.05,333000.0,0.00725417,0.00725417,0.5860215791750468
2008-08-29,2179.4,2256.54,2179.4,2233.28,515000.0,0.027716789999999998,0.027716789999999998,0.6022642241734192
2008-09-01,2217.11,2220.77,2164.96,2177.14,403000.0,-0.02513797,-0.02513797,0.5871245580567227
2008-09-02,2162.96,2190.66,2140.49,2172.64,290000.0,-0.00206693,-0.00206693,0.5859110116098909
2008-09-03,2165.13,2175.86,2123.78,2142.43,395000.0,-0.01390473,-0.01390473,0.5777640697968272
2008-09-04,2136.85,2173.51,2127.23,2152.82,345000.0,0.0048497,0.0048497,0.5805660137040677
2008-09-05,2099.9,2127.47,2082.82,2088.46,357000.0,-0.02989572,-0.02989572,0.5632096027444919
2008-09-08,2090.49,2100.68,2013.85,2018.23,327000.0,-0.03362764,-0.03362764,0.5442701878642713
2008-09-09,2027.51,2056.31,2011.1,2042.64,285000.0,0.01209477,0.01209477,0.5508530031458629
2008-09-10,2030.73,2086.08,2013.93,2051.7,356000.0,0.00443541,0.00443541,0.5532962766588174
2008-09-11,2051.41,2064.94,2008.25,2011.46,318000.0,-0.019613000000000002,-0.019613000000000002,0.5424444746542599
2008-09-12,2009.81,2043.87,2009.81,2024.09,288000.0,0.00627902,0.00627902,0.5458504950150344
2008-09-16,2019.58,2020.58,1979.91,1997.32,412000.0,-0.01322571,-0.01322571,0.5386312420413264
2008-09-17,1992.17,2016.52,1954.07,1959.53,395000.0,-0.01892031,-0.01892031,0.5284401486578216
2008-09-18,1924.78,1953.86,1833.46,1914.64,606000.0,-0.022908559999999998,-0.022908559999999998,0.5163343486582046
2008-09-19,2069.61,2079.88,2051.15,2079.88,575000.0,0.08630336,0.08630336,0.5608957741858661
2008-09-22,2207.62,2252.23,2095.72,2163.63,1812000.0,0.04026675,0.04026675,0.5834812219463457
2008-09-23,2098.44,2125.72,2061.74,2072.69,988000.0,-0.04203119,-0.04203119,0.5589567966408171
2008-09-24,2038.2,2094.32,2018.08,2094.09,586000.0,0.010324819999999998,0.010324819999999998,0.5647278841879726
2008-09-25,2097.75,2196.08,2093.23,2175.2,1227000.0,0.03873275,0.03873275,0.5866013846996441
2008-09-26,2188.11,2218.44,2161.41,2203.04,908000.0,0.01279886,0.01279886,0.5941091920507098
2008-10-06,2161.4,2161.4,2079.89,2080.21,760000.0,-0.05575481,-0.05575481,0.560984767591967
2008-10-07,2010.32,2085.88,1985.77,2053.11,627000.0,-0.01302746,-0.01302746,0.5536765212121582
2008-10-08,2006.16,2032.26,1989.16,2005.1,497000.0,-0.0233841,-0.0233841,0.5407293290094044
2008-10-09,2039.52,2044.9,1969.32,1969.52,492000.0,-0.01774473,-0.01774473,0.5311342217697881
2008-10-10,1900.85,1903.73,1865.19,1875.45,531000.0,-0.047762940000000004,-0.047762940000000004,0.5057657074912411
2008-10-13,1852.21,1912.23,1800.03,1911.66,545000.0,0.01930741,0.01930741,0.5155307112334139
2008-10-14,1965.57,1973.33,1867.38,1867.38,693000.0,-0.02316313,-0.02316313,0.5035894141965895
2008-10-15,1848.99,1852.91,1818.11,1839.04,426000.0,-0.01517632,-0.01517632,0.49594676835143137
2008-10-16,1774.72,1790.93,1750.33,1750.46,472000.0,-0.04816648,-0.04816648,0.4720587807380191
2008-10-17,1760.07,1781.71,1744.08,1774.74,354000.0,0.01387066,0.01387066,0.4786065380111468
2008-10-20,1772.65,1831.36,1753.21,1828.09,433000.0,0.03006073,0.03006073,0.49299380533080744
2008-10-21,1835.04,1861.16,1817.71,1817.95,601000.0,-0.00554678,-0.00554678,0.4902592806706133
2008-10-22,1796.72,1821.07,1775.49,1775.59,436000.0,-0.023300960000000003,-0.023300960000000003,0.47883576345110385
2008-10-23,1740.36,1784.18,1731.79,1783.39,399000.0,0.00439293,0.00439293,0.48093924395894555
2008-10-24,1777.57,1790.68,1739.13,1748.09,394000.0,-0.01979379,-0.01979379,0.471419646276021
2008-10-27,1713.96,1713.96,1628.69,1629.95,446000.0,-0.06758234,-0.06758234,0.4395600068918651
2008-10-28,1601.09,1671.97,1594.12,1665.35,452000.0,0.02171847,0.02171847,0.44910657227360806
2008-10-29,1686.27,1689.66,1621.39,1621.55,400000.0,-0.026300729999999998,-0.026300729999999998,0.4372947201911125
2008-10-30,1630.52,1668.84,1610.11,1651.19,461000.0,0.01827874,0.01827874,0.44528794612091094
2008-10-31,1642.44,1649.08,1609.03,1615.56,359000.0,-0.02157831,-0.02157831,0.4356793550318854
2008-11-03,1606.79,1620.27,1592.34,1596.1,280000.0,-0.012045410000000001,-0.012045410000000001,0.43043144084180857
2008-11-04,1589.71,1591.91,1555.37,1568.82,301000.0,-0.01709168,-0.01709168,0.42307465260412636
2008-11-05,1579.27,1633.15,1579.27,1618.69,476000.0,0.03178822,0.03178822,0.4365234440049039
2008-11-06,1583.72,1615.28,1572.68,1603.55,397000.0,-0.00935318,-0.00935318,0.43244053440378555
2008-11-07,1578.97,1625.5,1571.55,1617.39,340000.0,0.00863083,0.00863083,0.43617286392026366
2008-11-10,1640.94,1722.4,1640.94,1722.4,826000.0,0.06492559,0.06492559,0.4644916444495527
2008-11-11,1723.92,1755.52,1707.07,1717.48,1058000.0,-0.0028565,-0.0028565,0.46316483366768335
2008-11-12,1696.19,1731.12,1690.65,1730.1,633000.0,0.0073479700000000005,0.0073479700000000005,0.46656815725857587
2008-11-13,1713.4,1822.57,1702.21,1810.39,1235000.0,0.04640774,0.04640774,0.488220522639936
2008-11-14,1827.45,1872.43,1797.29,1872.43,1445000.0,0.03426888,0.03426888,0.5049512829869229
2008-11-17,1862.55,1922.64,1844.72,1922.54,1397000.0,0.02676201,0.02676201,0.5184647968648648
2008-11-18,1905.34,1919.7,1772.31,1776.58,1384000.0,-0.07592043999999999,-0.07592043999999999,0.4791027436694068
2008-11-19,1759.79,1878.75,1759.79,1875.0,1250000.0,0.0553986,0.0553986,0.505644352846558
2008-11-20,1838.64,1899.69,1821.91,1851.81,1408000.0,-0.012367969999999999,-0.012367969999999999,0.4993905434905517
2008-11-21,1802.73,1877.23,1763.14,1839.85,1233000.0,-0.006458589999999999,-0.006458589999999999,0.4961652067118611
2008-11-24,1840.83,1851.1,1772.35,1775.12,772000.0,-0.0351822,-0.0351822,0.478709015266657
2008-11-25,1800.5,1814.38,1737.18,1766.74,661000.0,-0.00472081,-0.00472081,0.4764491221056681
2008-11-26,1764.31,1813.0,1750.41,1791.66,792000.0,0.014105099999999999,0.014105099999999999,0.4831694726512341
2008-11-27,1908.26,1912.86,1819.69,1821.41,1369000.0,0.01660471,0.01660471,0.49119236304973285
2008-11-28,1804.55,1828.86,1786.15,1798.44,765000.0,-0.01261116,-0.01261116,0.48499788263112725
2008-12-01,1792.59,1828.03,1764.33,1827.94,727000.0,0.016403110000000002,0.016403110000000002,0.49295335378257976
2008-12-02,1793.42,1851.57,1783.8,1837.74,912000.0,0.00536125,0.00536125,0.4955961882667911
2008-12-03,1851.34,1919.0,1851.34,1919.0,1396000.0,0.044217360000000004,0.044217360000000004,0.5175101403266905
2008-12-04,1941.88,2010.66,1932.44,1943.79,2194000.0,0.012918210000000001,0.012918210000000001,0.5241954328637924
2008-12-05,1933.14,1970.21,1919.67,1969.9,1297000.0,0.01343251,0.01343251,0.5312366990252984
2008-12-08,1992.61,2039.21,1980.91,2039.21,1960000.0,0.0351845,0.0351845,0.549928011076389
2008-12-09,2048.55,2061.53,2002.9,2004.64,1714000.0,-0.01695262,-0.01695262,0.5406052775948395
2008-12-10,1988.98,2028.66,1958.59,2028.44,1455000.0,0.01187242,0.01187242,0.5470235899136384
2008-12-11,2021.99,2039.55,1979.61,1981.51,1331000.0,-0.023135970000000002,-0.023135970000000002,0.5343676488581243
2008-12-12,1967.12,1976.91,1879.31,1902.68,1100000.0,-0.039782769999999995,-0.039782769999999995,0.5131090118795141
2008-12-15,1931.87,1943.45,1889.54,1924.41,829000.0,0.01142072,0.01142072,0.5189690928327704
2008-12-16,1909.93,1947.84,1872.43,1947.67,785000.0,0.01208683,0.01208683,0.5252417795779496
2008-12-17,1955.24,1987.88,1947.98,1961.41,1125000.0,0.00705458,0.00705458,0.5289471413956092
2008-12-18,1959.15,1989.79,1937.71,1988.22,953000.0,0.013668709999999999,0.013668709999999999,0.5361771814488444
2008-12-19,1986.97,2021.1,1981.96,2001.14,1154000.0,0.0064983,0.0064983,0.5396614081361925
2008-12-22,1998.95,2005.63,1950.65,1973.24,969000.0,-0.013942069999999999,-0.013942069999999999,0.5321374201658357
2008-12-23,1977.47,1977.47,1876.05,1876.42,1034000.0,-0.04906649,-0.04906649,0.5060272941697804
2008-12-24,1848.75,1865.3,1823.27,1838.65,724000.0,-0.02012877,-0.02012877,0.4958415943260393
2008-12-25,1843.0,1853.34,1801.33,1823.21,589000.0,-0.0083975,-0.0083975,0.49167778162846554
2008-12-26,1810.41,1819.02,1789.03,1804.81,521000.0,-0.01009204,-0.01009204,0.48671572504586463
2008-12-29,1782.99,1791.76,1748.1,1783.93,485000.0,-0.011569089999999999,-0.011569089999999999,0.48108486953256535
2008-12-30,1778.42,1783.35,1741.44,1746.51,480000.0,-0.02097618,-0.02097618,0.470993556634689
2008-12-31,1743.82,1751.79,1708.58,1711.02,566000.0,-0.02032052,-0.02032052,0.46142272032400933
2009-01-05,1729.75,1776.25,1725.77,1776.05,854000.0,0.03800658,0.03800658,0.47895981486566885
2009-01-06,1772.48,1839.13,1762.63,1833.28,1364000.0,0.03222318,0.03222318,0.49439342889948673
2009-01-07,1827.32,1844.51,1815.6,1821.68,1189000.0,-0.00632744,-0.00632744,0.4912651758365427
2009-01-08,1789.18,1803.07,1770.6,1784.42,1359000.0,-0.02045365,-0.02045365,0.48121701125677596
2009-01-09,1786.2,1827.18,1786.2,1822.58,1066000.0,0.02138505,0.02138505,0.49150788512590904
2009-01-12,1817.83,1862.95,1812.21,1838.33,1158000.0,0.008641600000000001,0.008641600000000001,0.49575529768982013
2009-01-13,1817.27,1840.77,1796.0,1797.3,995000.0,-0.022319119999999998,-0.022319119999999998,0.48469045086459656
2009-01-14,1795.69,1867.08,1795.69,1867.08,1089000.0,0.03882485,0.03882485,0.5035085111001341
2009-01-15,1850.47,1885.23,1842.27,1861.71,1270000.0,-0.00287615,-0.00287615,0.5020603456735815
2009-01-16,1870.06,1910.98,1870.06,1885.97,1480000.0,0.01303104,0.01303104,0.5086027094069455
2009-01-19,1902.74,1923.52,1876.59,1895.27,1312000.0,0.00493118,0.00493118,0.5111107053970644
2009-01-20,1891.98,1908.31,1876.44,1908.31,1037000.0,0.00688031,0.00688031,0.5146272933229946
2009-01-21,1879.72,1916.3,1873.98,1896.28,1134000.0,-0.0063040200000000005,-0.0063040200000000005,0.5113830791551311
2009-01-22,1905.19,1924.93,1892.18,1924.44,1228000.0,0.014850080000000002,0.014850080000000002,0.5189771831424159
2009-01-23,1920.66,1939.91,1908.49,1918.79,1216000.0,-0.0029358699999999997,-0.0029358699999999997,0.5174535081591717
2009-02-02,1940.57,1959.98,1923.94,1957.42,1129000.0,0.020132479999999998,0.020132479999999998,0.5278711302127517
2009-02-03,1957.8,2012.54,1950.48,2012.17,1662000.0,0.02797049,0.02797049,0.5426359453158712
2009-02-04,2021.76,2062.2,2021.76,2061.96,1991000.0,0.024744389999999998,0.024744389999999998,0.5560631625575939
2009-02-05,2062.31,2108.59,2038.28,2055.04,2438000.0,-0.0033559899999999997,-0.0033559899999999997,0.5541969977993548
2009-02-06,2062.66,2149.46,2062.66,2143.17,2160000.0,0.04288475,0.04288475,0.577963630768084
2009-02-09,2179.31,2231.9,2167.44,2227.32,2875000.0,0.03926434,0.03926434,0.6006569493238375
2009-02-10,2222.08,2279.73,2186.72,2279.73,2788000.0,0.02353048,0.02353048,0.6147907202746045
2009-02-11,2238.91,2314.31,2222.59,2269.87,3421000.0,-0.004325010000000001,-0.004325010000000001,0.612131705171102
2009-02-12,2270.34,2283.8,2171.89,2250.85,2835000.0,-0.008379339999999999,-0.008379339999999999,0.6070024488558265
2009-02-13,2251.13,2332.34,2230.58,2328.57,3000000.0,0.03452916,0.03452916,0.6279617443775517
2009-02-16,2354.11,2404.27,2320.86,2404.27,3729000.0,0.032509199999999995,0.032509199999999995,0.6483762923831433
2009-02-17,2403.77,2408.52,2320.37,2320.76,3569000.0,-0.03473404,-0.03473404,0.6258555670998281
2009-02-18,2260.67,2304.27,2203.75,2206.94,2528000.0,-0.04904431,-0.04904431,0.5951609323046306
2009-02-19,2230.59,2272.18,2211.06,2255.84,2090000.0,0.02215744,0.02215744,0.608348137026869
2009-02-20,2265.66,2330.8,2236.47,2330.67,2097000.0,0.03317161,0.03317161,0.6285280660527398
2009-02-23,2321.37,2396.57,2290.44,2386.71,2562000.0,0.0240446,0.0240446,0.6436407644706177
2009-02-24,2355.14,2395.09,2290.61,2291.96,3182000.0,-0.039699,-0.039699,0.618088869840105
2009-02-25,2320.82,2337.13,2217.39,2277.21,2450000.0,-0.00643554,-0.00643554,0.6141111342643787
2009-02-26,2277.93,2311.47,2107.58,2137.43,2240000.0,-0.061382149999999996,-0.061382149999999996,0.576415684855903
2009-02-27,2109.68,2123.25,2013.96,2038.24,1850000.0,-0.04640617,-0.04640617,0.5496664243978497
2009-03-02,2014.73,2078.19,2006.05,2068.41,1188000.0,0.01480195,0.01480195,0.557802579131386
2009-03-03,2019.03,2091.13,2004.89,2069.97,1425000.0,0.00075423,0.00075423,0.5582232752329543
2009-03-04,2076.63,2210.85,2076.63,2205.13,2140000.0,0.06529559,0.06529559,0.5946728169560161
2009-03-05,2237.96,2252.91,2174.68,2220.92,2622000.0,0.00716059,0.00716059,0.5989310165994546
2009-03-06,2178.88,2213.67,2164.07,2196.22,1766000.0,-0.0111215,-0.0111215,0.5922699949912892
2009-03-09,2210.15,2230.05,2105.87,2107.41,1643000.0,-0.04043769,-0.04043769,0.5683199816705944
2009-03-10,2079.8,2147.55,2074.16,2147.55,1113000.0,0.01904714,0.01904714,0.5791448159763336
2009-03-11,2193.51,2204.44,2125.0,2135.67,1573000.0,-0.00553194,-0.00553194,0.5759410533566978
2009-03-12,2123.54,2141.53,2074.84,2133.84,1094000.0,-0.0008568,-0.0008568,0.5754475444683196
2009-03-13,2147.09,2158.48,2109.29,2111.7,975000.0,-0.01037572,-0.01037572,0.5694768959499074
2009-03-16,2107.1,2144.15,2092.82,2140.61,1050000.0,0.01369047,0.01369047,0.5772732576783308
2009-03-17,2148.33,2227.63,2142.1,2222.98,2056000.0,0.03847963,0.03847963,0.5994865511951154
2009-03-18,2235.37,2296.36,2232.69,2255.13,2590000.0,0.014462520000000001,0.014462520000000001,0.6081566663652577
2009-03-19,2259.89,2311.17,2250.72,2309.85,2490000.0,0.02426477,0.02426477,0.6229133911587316
2009-03-20,2320.59,2353.74,2293.45,2337.32,2859000.0,0.011892529999999998,0.011892529999999998,0.630321418024169
2009-03-23,2350.24,2410.85,2340.23,2392.71,3039000.0,0.023698039999999997,0.023698039999999997,0.6452588263997268
2009-03-24,2420.53,2425.58,2385.95,2410.78,2876000.0,0.007552130000000001,0.007552130000000001,0.6501318895762267
2009-03-25,2393.78,2414.88,2339.42,2339.57,2499000.0,-0.02953814,-0.02953814,0.6309281912475848
2009-03-26,2342.76,2408.89,2304.69,2408.63,2502000.0,0.02951817,0.02951817,0.6495520840516292
2009-03-27,2430.26,2469.65,2411.5,2437.81,34816640.0,0.01211484,0.01211484,0.6574212585668625
2009-03-30,2433.27,2433.74,2395.79,2409.32,23706140.0,-0.01168671,-0.01168671,0.6497381611734768
2009-03-31,2360.84,2408.2,2338.87,2407.3,20361640.0,-0.00083842,-0.00083842,0.6491934136573434
2009-04-01,2422.03,2476.58,2422.02,2466.31,31402550.0,0.024512939999999997,0.024512939999999997,0.6651070527301303
2009-04-02,2473.5,2513.58,2459.49,2489.71,33530860.0,0.009487820000000001,0.009487820000000001,0.6714174942536553
2009-04-03,2508.65,2515.02,2449.72,2464.08,29763900.0,-0.01029432,-0.01029432,0.664505673046478
2009-04-07,2466.98,2491.68,2452.0,2480.84,23063980.0,0.006801730000000001,0.006801730000000001,0.6690254593684559
2009-04-08,2469.19,2470.37,2395.23,2395.23,25831250.0,-0.03450851,-0.03450851,0.6459384124099524
2009-04-09,2391.23,2430.4,2374.35,2430.24,20967240.0,0.014616549999999999,0.014616549999999999,0.6553798037663033
2009-04-10,2446.47,2501.78,2430.5,2500.34,28498310.0,0.02884493,0.02884493,0.6742841606380601
2009-04-13,2523.02,2581.23,2518.26,2575.46,38303430.0,0.03004386,0.03004386,0.6945422959905045
2009-04-14,2571.15,2607.58,2553.69,2598.09,29804050.0,0.00878683,0.00878683,0.7006450862331273
2009-04-15,2583.73,2636.42,2567.19,2626.86,35217800.0,0.01107353,0.01107353,0.7084036931832048
2009-04-16,2634.85,2664.73,2598.99,2641.09,36914380.0,0.00541711,0.00541711,0.712241196725075
2009-04-17,2630.8,2630.81,2555.47,2587.04,30715750.0,-0.02046505,-0.02046505,0.6976651555136849
2009-04-20,2579.18,2642.03,2576.0,2641.19,23660880.0,0.02093122,0.02093122,0.7122681644238935
2009-04-21,2608.57,2634.86,2564.37,2614.96,28845400.0,-0.00993112,-0.00993112,0.7051945370238054
2009-04-22,2623.64,2645.16,2495.9,2506.66,28790510.0,-0.04141557,-0.04141557,0.6759885192033881
2009-04-23,2482.05,2546.74,2473.23,2533.95,20135430.0,0.010887009999999999,0.010887009999999999,0.6833480042109522
2009-04-24,2540.78,2544.15,2499.23,2501.48,18241470.0,-0.01281397,-0.01281397,0.6745915924045908
2009-04-27,2495.1,2501.18,2408.45,2420.1,16160420.0,-0.0325327,-0.0325327,0.6526452791061091
2009-04-28,2402.62,2445.69,2399.81,2433.68,12853260.0,0.005611270000000001,0.005611270000000001,0.6563074926056591
2009-04-29,2431.38,2500.61,2424.96,2493.77,18188530.0,0.02469104,0.02469104,0.6725123828256857
2009-04-30,2512.74,2528.83,2495.24,2513.34,19004740.0,0.00784758,0.00784758,0.6777899614844629
2009-05-04,2531.5,2624.72,2531.5,2624.54,25674860.0,0.044243889999999994,0.044243889999999994,0.707778042570616
2009-05-05,2645.47,2653.3,2616.16,2636.42,25453470.0,0.0045264599999999995,0.0045264599999999995,0.7109818051902519
2009-05-06,2633.52,2684.78,2622.66,2681.29,26480080.0,0.01701934,0.01701934,0.7230822116501052
2009-05-07,2705.7,2720.97,2632.86,2668.45,33525650.0,-0.00478877,-0.00478877,0.719619559121812
2009-05-08,2645.09,2671.91,2612.75,2657.41,26419910.0,-0.00413725,-0.00413725,0.7166423251722513
2009-05-11,2668.06,2680.95,2576.49,2578.07,28377670.0,-0.02985608,-0.02985608,0.695246152929667
2009-05-12,2554.1,2656.31,2549.8,2656.31,21147450.0,0.030348280000000002,0.030348280000000002,0.716345680485248
2009-05-13,2659.26,2694.1,2653.16,2682.98,27019940.0,0.01004021,0.01004021,0.7235379657601375
2009-05-14,2653.94,2688.57,2642.38,2680.6,21367540.0,-0.00088703,-0.00088703,0.7228961345282576
2009-05-15,2684.74,2693.73,2654.26,2680.08,16694030.0,-0.00019399,-0.00019399,0.7227559024944016
2009-05-18,2667.0,2719.91,2628.87,2715.47,18873900.0,0.01320479,0.01320479,0.7322997711062627
2009-05-19,2733.81,2752.37,2720.45,2745.82,28450410.0,0.011176740000000001,0.011176740000000001,0.7404844676976724
2009-05-20,2751.06,2767.8,2730.75,2732.1,25797730.0,-0.00499667,-0.00499667,0.7367844994197764
2009-05-21,2717.46,2732.91,2661.9,2675.0,24187360.0,-0.02089971,-0.02089971,0.7213859433944226
2009-05-22,2657.8,2683.72,2635.88,2659.98,17606000.0,-0.00561496,-0.00561496,0.7173353950318865
2009-05-25,2594.99,2678.64,2574.46,2669.27,21956580.0,0.0034925200000000003,0.0034925200000000003,0.7198406942521235
2009-05-26,2668.57,2682.71,2633.52,2637.59,19834370.0,-0.01186839,-0.01186839,0.7112973272664281
2009-05-27,2649.34,2665.3,2618.71,2656.95,16124810.0,0.00733998,0.00733998,0.7165182737576864
2009-06-01,2687.51,2746.4,2687.51,2738.32,26128410.0,0.030625390000000002,0.030625390000000002,0.7384618902862862
2009-06-02,2759.41,2785.89,2751.22,2764.97,28299850.0,0.00973221,0.00973221,0.7456487820214118
2009-06-03,2763.96,2809.5,2758.78,2809.5,26959600.0,0.01610507,0.01610507,0.7576574983052824
2009-06-04,2792.93,2830.02,2771.02,2827.82,33632310.0,0.00652076,0.00652076,0.7625979807288286
2009-06-05,2839.05,2863.84,2809.92,2812.59,31261280.0,-0.00538577,-0.00538577,0.7584908001987736
2009-06-08,2806.61,2814.34,2760.17,2786.86,22209920.0,-0.00914814,-0.00914814,0.7515520112927778
2009-06-09,2784.11,2791.53,2716.36,2779.93,22483290.0,-0.00248673,-0.00248673,0.7496831497646569
2009-06-10,2793.0,2825.22,2783.3,2823.9,24952010.0,0.01581693,0.01581693,0.7615408469351439
2009-06-11,2819.54,2828.14,2779.02,2789.35,21336660.0,-0.01223478,-0.01223478,0.752223506993358
2009-06-12,2784.47,2797.3,2710.27,2730.47,19733940.0,-0.0211089,-0.0211089,0.7363449259290351
2009-06-15,2717.14,2735.43,2686.11,2735.21,16443320.0,0.00173596,0.00173596,0.7376231948530313
2009-06-16,2708.95,2748.5,2701.12,2737.19,14833240.0,0.0007238899999999999,0.0007238899999999999,0.7381571552896372
2009-06-17,2734.25,2776.17,2715.93,2774.59,17144280.0,0.0136637,0.0136637,0.74824307464775
2009-06-18,2779.52,2805.7,2779.52,2799.83,19901430.0,0.00909684,0.00909684,0.755049721829535
2009-06-19,2810.88,2818.59,2774.22,2807.65,23238430.0,0.0027929599999999997,0.0027929599999999997,0.7571585958771404
2009-06-22,2823.11,2837.31,2796.25,2805.28,23581270.0,-0.00084408,-0.00084408,0.7565194614151425
2009-06-23,2766.15,2848.88,2756.0,2821.13,27099430.0,0.00565001,0.00565001,0.760793841677872
2009-06-24,2825.22,2901.45,2824.7,2901.45,30943200.0,0.02847089,0.02847089,0.7824542973688775
2009-06-25,2908.8,2912.21,2872.1,2889.41,22326400.0,-0.00414966,-0.00414966,0.7792073864311322
2009-06-26,2893.2,2902.26,2873.23,2883.28,19416410.0,-0.0021215,-0.0021215,0.7775542664935592
2009-06-29,2882.92,2920.32,2864.09,2920.32,22500360.0,0.012846489999999999,0.012846489999999999,0.7875431021359254
2009-06-30,2926.96,2929.11,2878.95,2887.43,22610810.0,-0.011262509999999998,-0.011262509999999998,0.7786734259945262
2009-07-01,2871.76,2928.78,2866.21,2928.78,22243410.0,0.014320729999999999,0.014320729999999999,0.789824569455969
2009-07-02,2940.86,2956.27,2924.19,2955.37,26080740.0,0.009078899999999999,0.009078899999999999,0.7969952805718036
2009-07-03,2933.81,2990.22,2928.67,2981.11,27589310.0,0.00870957,0.00870957,0.8039367662476812
2009-07-06,2990.14,3065.37,2986.39,3059.13,37564070.0,0.02617138,0.02617138,0.8249769648658617
2009-07-07,3056.5,3095.97,3035.08,3051.88,35808150.0,-0.00236995,-0.00236995,0.8230218067015217
2009-07-08,3031.01,3090.27,3006.58,3081.03,26184660.0,0.009551539999999999,0.009551539999999999,0.8308828909071095
2009-07-09,3082.32,3140.06,3077.69,3140.06,29700130.0,0.01915919,0.01915919,0.84680192351966
2009-07-10,3142.2,3162.11,3126.0,3139.72,28516750.0,-0.00010831,-0.00010831,0.8467102333436771
2009-07-13,3128.56,3150.65,3106.2,3109.83,24018990.0,-0.00951992,-0.00951992,0.8386495881668325
2009-07-14,3118.82,3192.25,3118.82,3192.25,29083360.0,0.02650303,0.02650303,0.8608763655330264
2009-07-15,3207.67,3292.68,3207.67,3283.58,44027050.0,0.028609939999999997,0.028609939999999997,0.885505964863947
2009-07-16,3303.68,3329.45,3267.85,3278.04,39947130.0,-0.00168719,-0.00168719,0.884011954349403
2009-07-17,3274.11,3335.53,3273.15,3330.01,31628310.0,0.01585398,0.01585398,0.8980270674253688
2009-07-20,3350.95,3427.46,3350.95,3424.19,38053140.0,0.02828218,0.02828218,0.9234252461726161
2009-07-21,3434.52,3434.98,3336.59,3346.05,35545470.0,-0.02281996,-0.02281996,0.9023526863158534
2009-07-22,3334.32,3442.26,3333.98,3417.05,34098020.0,0.02121905,0.02121905,0.9214997524769765
2009-07-23,3426.96,3442.47,3399.85,3442.41,30553480.0,0.00742157,0.00742157,0.9283387608973437
2009-07-24,3460.28,3475.43,3384.2,3463.41,37946910.0,0.00610038,0.00610038,0.9340019776492251
2009-07-27,3478.18,3562.64,3477.55,3562.64,40057810.0,0.02865095,0.02865095,0.9607620251868059
2009-07-28,3572.82,3618.14,3552.76,3617.76,46866000.0,0.015471710000000001,0.015471710000000001,0.9756266207755538
2009-07-29,3606.31,3627.08,3301.07,3419.17,47803240.0,-0.054893109999999995,-0.054893109999999995,0.9220714676919283
2009-07-30,3430.74,3496.98,3360.96,3484.7,35462560.0,0.01916548,0.01916548,0.9397434007276801
2009-07-31,3527.56,3618.04,3495.79,3618.04,40822340.0,0.03826444,0.03826444,0.9757021303322455
2009-08-03,3641.77,3759.75,3639.98,3758.84,48309020.0,0.038916110000000004,0.038916110000000004,1.0136726502686697
2009-08-04,3776.93,3829.61,3724.29,3817.93,51567270.0,0.015720229999999998,0.015720229999999998,1.0296078635005113
2009-08-05,3810.02,3810.02,3691.59,3771.13,43875700.0,-0.012257960000000002,-0.012257960000000002,1.0169869804534613
2009-08-06,3728.43,3728.43,3605.64,3642.41,35121240.0,-0.034133,-0.034133,0.9822741585343098
2009-08-07,3630.08,3674.16,3470.5,3489.27,33475690.0,-0.04204356,-0.04204356,0.9409758245636849
2009-08-10,3529.04,3564.96,3437.88,3523.36,27601610.0,0.009769980000000001,0.009769980000000001,0.9501691130909058
2009-08-11,3536.75,3544.17,3465.66,3527.79,21826020.0,0.0012573,0.0012573,0.9513637821485645
2009-08-12,3511.58,3511.58,3330.39,3338.38,27209250.0,-0.053690879999999996,-0.053690879999999996,0.9002842638164757
2009-08-13,3345.79,3383.04,3289.12,3376.01,25611450.0,0.01127197,0.01127197,0.9104322088818709
2009-08-14,3381.59,3395.25,3273.84,3274.83,29051850.0,-0.02997027,-0.02997027,0.8831462912173297
2009-08-17,3197.29,3223.88,3035.37,3039.82,25934620.0,-0.07176249999999999,-0.07176249999999999,0.8197695022240127
2009-08-18,3004.63,3124.64,3000.16,3110.45,23959610.0,0.023234889999999998,0.023234889999999998,0.8388167878995072
2009-08-19,3108.34,3108.34,2896.46,2930.22,23176490.0,-0.057943379999999996,-0.057943379999999996,0.7902129043189551
2009-08-20,2930.63,3053.18,2930.63,3048.18,22722210.0,0.04025635,0.04025635,0.8220240018452377
2009-08-21,3037.65,3135.42,3011.56,3128.59,27153970.0,0.02637973,0.02637973,0.8437087284651801
2009-08-24,3148.03,3191.98,3108.99,3175.45,25258380.0,0.01497795,0.01497795,0.8563457921315212
2009-08-25,3147.57,3147.57,2976.8,3080.72,26194620.0,-0.02983199,-0.02983199,0.8307992910407721
2009-08-26,3050.21,3182.92,3033.22,3149.57,21898880.0,0.0223487,0.0223487,0.8493665516772978
2009-08-27,3122.49,3192.68,3093.18,3135.69,21952450.0,-0.00440699,-0.00440699,0.8456234350812923
2009-08-28,3132.16,3152.56,3004.37,3019.75,21573950.0,-0.0369743,-0.0369743,0.814357085071143
2009-08-31,2975.96,2975.96,2773.29,2777.81,21318200.0,-0.08011919,-0.08011919,0.7491114345497051
2009-09-01,2739.62,2813.99,2707.99,2750.69,17757030.0,-0.00976313,-0.00976313,0.7417977946301325
2009-09-02,2730.9,2800.64,2716.42,2777.47,15016130.0,0.00973575,0.00973575,0.7490197443737222
2009-09-03,2784.76,2963.15,2781.69,2956.07,24309110.0,0.06430316,0.06430316,0.797184054463533
2009-09-04,2955.17,2999.7,2939.33,2985.74,25122560.0,0.01003695,0.01003695,0.8051853707029769
2009-09-07,3000.19,3045.18,2967.34,2993.94,24195340.0,0.00274637,0.00274637,0.8073967220060926
2009-09-08,2966.54,3071.92,2924.93,3071.92,25783250.0,0.02604594,0.02604594,0.8284261335447457
2009-09-09,3093.49,3136.64,3056.3,3133.0,32287190.0,0.019883360000000003,0.019883360000000003,0.8448980039830751
2009-09-10,3112.92,3147.41,3081.42,3093.76,22341800.0,-0.01252473,-0.01252473,0.8343158789667025
2009-09-11,3074.25,3154.29,3072.49,3130.25,22896680.0,0.01179471,0.01179471,0.8441563922655668
2009-09-14,3136.08,3198.68,3127.27,3190.23,24195010.0,0.0191614,0.0191614,0.8603316180168931
2009-09-15,3197.24,3247.19,3166.75,3218.46,27254270.0,0.00884889,0.00884889,0.8679445993933508
2009-09-16,3208.98,3210.53,3120.88,3173.87,25293620.0,-0.0138544,-0.0138544,0.8559197024901891
2009-09-17,3185.58,3239.67,3185.58,3232.69,24448210.0,0.01853252,0.01853252,0.871782102935221
2009-09-18,3231.06,3239.2,3088.98,3115.92,25976610.0,-0.036121629999999995,-0.036121629999999995,0.8402919210248783
2009-09-21,3071.94,3126.5,3004.9,3125.98,19233510.0,0.0032286,0.0032286,0.8430048715260177
2009-09-22,3117.66,3146.52,3038.58,3038.58,20018990.0,-0.027959200000000003,-0.027959200000000003,0.8194351027586634
2009-09-23,3033.54,3064.17,2928.64,2949.85,17557230.0,-0.029201130000000002,-0.029201130000000002,0.7955066635970234
2009-09-24,2925.42,2969.46,2850.25,2930.88,15271850.0,-0.00643091,-0.00643091,0.7903908911311571
2009-09-25,2912.65,2929.89,2877.09,2894.14,11109830.0,-0.012535480000000002,-0.012535480000000002,0.7804829585852464
2009-09-28,2901.41,2929.04,2796.85,2807.81,11650020.0,-0.02982919,-0.02982919,0.75720174419525
2009-09-29,2811.36,2825.33,2735.97,2788.8,11332790.0,-0.00677041,-0.00677041,0.7520751846498565
2009-09-30,2810.64,2860.78,2810.64,2826.99,10039970.0,0.013694040000000001,0.013694040000000001,0.762374148828635
2009-10-09,2903.49,2987.35,2895.51,2987.21,16423440.0,0.05667511,0.05667511,0.8055817958756086
2009-10-12,2996.32,2996.32,2953.66,2973.69,16128460.0,-0.004525970000000001,-0.004525970000000001,0.8019357629953497
2009-10-13,2972.25,3028.25,2965.84,3027.45,15053540.0,0.01807855,0.01807855,0.8164335978801662
2009-10-14,3035.22,3103.18,3029.92,3054.79,22667940.0,0.00903073,0.00903073,0.8238065667371395
2009-10-15,3083.98,3114.06,3058.9,3078.35,18751030.0,0.0077125,0.0077125,0.8301601565787741
2009-10-16,3091.82,3106.4,3033.08,3084.12,16533740.0,0.0018743899999999999,0.0018743899999999999,0.8317161928006006
2009-10-19,3083.09,3181.62,3068.87,3178.54,24643930.0,0.03061486,0.03061486,0.8571790940250124
2009-10-20,3199.67,3212.04,3177.93,3210.07,26475420.0,0.00991966,0.00991966,0.8656820094624801
2009-10-21,3205.33,3230.56,3185.94,3195.68,24385200.0,-0.00448281,-0.00448281,0.8618013576025003
2009-10-22,3195.66,3210.92,3168.3,3173.63,18936640.0,-0.00689995,-0.00689995,0.8558549800130248
2009-10-23,3179.96,3263.77,3179.96,3238.48,27241620.0,0.02043405,0.02043405,0.8733435326968111
2009-10-26,3245.66,3259.91,3220.67,3256.79,22328130.0,0.00565391,0.00565391,0.8782813183504754
2009-10-27,3224.75,3233.08,3151.16,3151.27,23220210.0,-0.03240001,-0.03240001,0.849825002557212
2009-10-28,3135.88,3182.79,3106.58,3182.43,19184930.0,0.00988805,0.00988805,0.8582281375090512
2009-10-29,3118.18,3145.07,3093.95,3102.95,20012020.0,-0.02497462,-0.02497462,0.836794210488121
2009-10-30,3157.62,3180.82,3128.57,3131.57,18357850.0,0.009223519999999999,0.009223519999999999,0.8445123658899709
2009-11-02,3061.63,3227.95,3048.28,3227.95,23027450.0,0.03077686,0.03077686,0.8705038340112248
2009-11-03,3239.64,3288.41,3234.76,3282.5,26506500.0,0.01689929,0.01689929,0.8852147137167073
2009-11-04,3295.29,3331.87,3272.84,3307.98,27080540.0,0.007762369999999999,0.007762369999999999,0.8920860833756569
2009-11-05,3312.72,3340.08,3285.56,3336.09,23497690.0,0.00849767,0.00849767,0.8996667035135325
2009-11-06,3357.39,3387.45,3353.48,3362.9,29251410.0,0.0080363,0.0080363,0.9068967435667677
2009-11-09,3364.99,3397.14,3355.29,3397.14,24879960.0,0.01018169,0.01018169,0.9161304836422164
2009-11-10,3423.26,3435.7,3391.64,3393.02,24865150.0,-0.0012127499999999999,-0.0012127499999999999,0.9150194144508949
2009-11-11,3389.0,3405.44,3350.7,3381.18,19472850.0,-0.0034895399999999997,-0.0034895399999999997,0.9118264389107864
2009-11-12,3391.95,3423.7,3383.27,3397.56,24636380.0,0.0048445,0.0048445,0.9162437479772539
2009-11-13,3386.4,3407.96,3332.29,3407.42,23694910.0,0.0029020400000000003,0.0029020400000000003,0.9189027630807565
2009-11-16,3432.38,3524.51,3432.38,3524.51,37398720.0,0.03436327,0.03436327,0.9504792416273183
2009-11-17,3551.39,3555.8,3509.7,3525.33,31847890.0,0.00023268,0.00023268,0.9507003767576299
2009-11-18,3531.12,3555.98,3505.56,3533.48,28783000.0,0.00231181,0.00231181,0.9528982442113362
2009-11-19,3541.66,3561.58,3507.71,3561.46,29190280.0,0.00791853,0.00791853,0.9604438063407478
2009-11-20,3550.41,3571.08,3521.88,3547.11,28112100.0,-0.00402921,-0.00402921,0.9565739415602955
2009-11-23,3553.1,3608.76,3548.14,3608.12,31638630.0,0.01719992,0.01719992,0.973026934609452
2009-11-24,3627.11,3675.63,3477.6,3495.15,52000860.0,-0.03130999,-0.03130999,0.9425615252542117
2009-11-25,3481.45,3630.41,3466.85,3629.85,38204430.0,0.03853918,0.03853918,0.9788870155627083
2009-11-26,3643.84,3670.66,3477.38,3492.8,45175350.0,-0.0377564,-0.0377564,0.9419277843319773
2009-11-27,3434.96,3483.65,3358.49,3371.14,29246990.0,-0.0348317,-0.0348317,0.9091188819494107
2009-11-30,3408.53,3520.23,3408.53,3520.22,27589690.0,0.044222460000000005,0.044222460000000005,0.9493223273480053
2009-12-01,3522.48,3606.65,3504.06,3606.65,32915690.0,0.024552420000000002,0.024552420000000002,0.9726305094368203
2009-12-02,3623.94,3649.13,3601.07,3633.56,32014180.0,0.00746126,0.00746126,0.9798875171888741
2009-12-03,3631.58,3667.05,3606.25,3666.5,31843950.0,0.009065469999999999,0.009065469999999999,0.9887706771796825
2009-12-04,3657.22,3706.73,3558.27,3652.57,37890500.0,-0.0037992399999999997,-0.0037992399999999997,0.9850140767342678
2009-12-07,3662.53,3684.18,3646.24,3684.18,26435370.0,0.00865414,0.00865414,0.9935385663307902
2009-12-08,3685.79,3685.79,3601.35,3649.2,25950130.0,-0.00949464,-0.00949464,0.9841052652840848
2009-12-09,3602.25,3634.99,3579.84,3591.62,22782820.0,-0.01577876,-0.01577876,0.9685772643044023
2009-12-10,3612.07,3636.25,3568.64,3604.62,17629510.0,0.00361954,0.00361954,0.9720830651508051
2009-12-11,3624.6,3645.83,3600.32,3608.58,18357090.0,0.00109858,0.00109858,0.973150986024017
2009-12-14,3614.2,3627.07,3521.98,3625.09,21823410.0,0.00457521,0.00457521,0.9776033530989486
2009-12-15,3617.88,3658.31,3602.7,3625.37,20061370.0,7.725000000000001e-05,7.725000000000001e-05,0.9776788626556403
2009-12-16,3614.35,3647.44,3581.05,3591.38,17201830.0,-0.009375660000000001,-0.009375660000000001,0.968512541827238
2009-12-17,3601.72,3613.12,3478.31,3482.58,18533530.0,-0.03029471,-0.03029471,0.9391716855127283
2009-12-18,3452.32,3460.83,3380.33,3384.58,16423600.0,-0.02814006,-0.02814006,0.9127433406706149
2009-12-21,3381.87,3402.21,3355.13,3395.59,12834620.0,0.00325299,0.00325299,0.91571248431053
2009-12-22,3403.75,3408.5,3284.61,3284.61,14165690.0,-0.03268356,-0.03268356,0.8857837321617774
2009-12-23,3281.11,3321.53,3273.07,3318.34,12673420.0,0.0102691,0.0102691,0.8948799369732517
2009-12-24,3331.88,3460.37,3325.21,3452.86,19367640.0,0.04053834,0.04053834,0.9311568854238752
2009-12-25,3449.92,3463.86,3428.42,3444.69,14925020.0,-0.0023662,-0.0023662,0.9289536244304051
2009-12-28,3452.51,3511.13,3452.35,3504.75,16424080.0,0.01743555,0.01743555,0.945150424340786
2009-12-29,3513.96,3519.1,3468.08,3518.88,16570970.0,0.00403164,0.00403164,0.9489609601838377
2009-12-30,3520.26,3559.3,3516.1,3555.85,22961450.0,0.01050624,0.01050624,0.9589309184370308
2009-12-31,3557.791,3566.224,3522.082,3566.118,18873920.0,0.0028875899999999998,0.0028875899999999998,0.9616999617517127
2010-01-04,3584.427,3589.03,3532.205,3532.205,19862020.0,-0.00950974,-0.00950974,0.9525544060514005
2010-01-05,3540.734,3578.465,3512.607,3569.853,26424860.0,0.01065848,0.01065848,0.9627072053025831
2010-01-06,3564.9,3612.671,3554.882,3559.64,26962190.0,-0.00286094,-0.00286094,0.9599529942222513
2010-01-07,3557.276,3579.074,3466.22,3480.283,26665620.0,-0.022293530000000002,-0.022293530000000002,0.9385522374708678
2010-01-08,3467.004,3481.416,3428.896,3478.916,19893980.0,-0.00039276999999999997,-0.00039276999999999997,0.9381835890280191
2010-01-11,3591.882,3591.882,3462.894,3476.133,26895160.0,-0.00079995,-0.00079995,0.9374330779699007
2010-01-12,3470.773,3541.68,3440.872,3541.391,30940210.0,0.01877318,0.01877318,0.9550316588648664
2010-01-13,3456.022,3497.575,3421.943,3427.69,37698570.0,-0.03210636,-0.03210636,0.924369115631263
2010-01-14,3440.645,3480.749,3422.056,3478.36,27770180.0,0.0147826,0.0147826,0.9380336486225884
2010-01-15,3480.952,3505.534,3454.534,3483.317,23823540.0,0.0014250399999999998,0.0014250399999999998,0.9393704374530205
2010-01-18,3473.956,3517.716,3464.971,3515.623,26138740.0,0.00927454,0.00927454,0.9480826222333197
2010-01-19,3520.132,3549.704,3516.024,3520.878,26047290.0,0.00149472,0.00149472,0.949499774806231
2010-01-20,3528.648,3534.399,3403.221,3407.733,29614920.0,-0.03213546,-0.03213546,0.9189871719780583
2010-01-21,3413.617,3433.905,3374.94,3412.384,22974030.0,0.00136487,0.00136487,0.920241439650106
2010-01-22,3370.861,3391.829,3290.613,3370.2,28018910.0,-0.01236206,-0.01236206,0.908865385580517
2010-01-25,3342.952,3377.477,3320.392,3321.609,17643440.0,-0.01441786,-0.01441786,0.8957615110476279
2010-01-26,3318.32,3333.357,3214.183,3238.798,17369930.0,-0.02493093,-0.02493093,0.8734292899790538
2010-01-27,3237.428,3248.556,3175.586,3196.601,15808200.0,-0.0130286,-0.0130286,0.8620497301086186
2010-01-28,3194.267,3216.099,3173.8,3197.591,14330650.0,0.0003097,0.0003097,0.8623167103269216
2010-01-29,3186.078,3238.927,3171.082,3197.697,14589770.0,3.314e-05,3.314e-05,0.8623452960876692
2010-02-01,3189.6,3190.72,3110.927,3139.104,16068630.0,-0.0183235,-0.0183235,0.8465441123189553
2010-02-02,3153.809,3191.649,3130.447,3132.729,12976240.0,-0.00203083,-0.00203083,0.844824921519277
2010-02-03,3149.057,3223.809,3088.019,3222.636,20257900.0,0.02869925,0.02869925,0.8690707704960107
2010-02-04,3201.631,3231.749,3186.79,3205.026,16164140.0,-0.0054645,-0.0054645,0.8643217587340757
2010-02-05,3138.97,3160.271,3114.255,3135.65,16063940.0,-0.02164599,-0.02164599,0.8456126480017649
2010-02-08,3132.356,3154.069,3122.456,3139.114,9167970.0,0.00110475,0.00110475,0.8465468090888372
2010-02-09,3137.581,3173.163,3133.716,3162.011,11217540.0,0.00729409,0.00729409,0.8527216030873053
2010-02-10,3185.471,3196.059,3173.552,3195.416,9954930.0,0.01056449,0.01056449,0.8617301628776196
2010-02-11,3197.376,3220.495,3188.528,3205.462,10718040.0,0.00314385,0.00314385,0.8644393379009243
2010-02-12,3216.827,3242.756,3215.476,3242.185,10067970.0,0.01145643,0.01145643,0.8743426859380359
2010-02-22,3239.433,3257.0,3224.457,3225.162,11104700.0,-0.00525046,-0.00525046,0.8697519745681654
2010-02-23,3221.266,3221.266,3162.22,3207.471,13147500.0,-0.00548536,-0.00548536,0.8649811189701877
2010-02-24,3185.724,3257.621,3170.709,3256.449,16591620.0,0.01526998,0.01526998,0.8781893584975043
2010-02-25,3263.685,3292.056,3256.653,3289.596,19959710.0,0.01017887,0.01017887,0.887128341624867
2010-02-26,3283.944,3295.286,3266.431,3270.348,16407030.0,-0.005851189999999999,-0.005851189999999999,0.8819375989562853
2010-03-01,3277.348,3316.513,3276.23,3311.506,18382300.0,0.012585269999999999,0.012585269999999999,0.8930369644359966
2010-03-02,3314.301,3325.862,3278.31,3291.089,16592620.0,-0.006165469999999999,-0.006165469999999999,0.8875309693682268
2010-03-03,3291.714,3318.133,3280.627,3316.442,19797740.0,0.00770346,0.00770346,0.8943680900496769
2010-03-04,3319.067,3324.0,3224.706,3234.442,20920970.0,-0.02472529,-0.02472529,0.8722545770185207
2010-03-05,3235.237,3256.213,3220.196,3240.109,14202750.0,0.00175208,0.00175208,0.8737828365105642
2010-03-08,3251.704,3280.258,3241.368,3272.288,15557800.0,0.009931520000000001,0.009931520000000001,0.8824607723133638
2010-03-09,3270.892,3310.634,3242.663,3290.518,17804230.0,0.0055710199999999994,0.0055710199999999994,0.8873769838079734
2010-03-10,3287.327,3308.984,3251.047,3264.735,15359710.0,-0.00783553,-0.00783553,0.8804239020216039
2010-03-11,3266.844,3283.509,3234.973,3260.343,13902520.0,-0.0013453100000000002,-0.0013453100000000002,0.879239480689496
2010-03-12,3261.837,3268.825,3213.002,3216.46,12506870.0,-0.01345964,-0.01345964,0.8674052454169812
2010-03-15,3214.575,3216.896,3154.17,3167.839,11560960.0,-0.01511626,-0.01511626,0.8542932805744464
2010-03-16,3166.986,3179.786,3143.0,3170.747,9719300.0,0.00091796,0.00091796,0.855077501256088
2010-03-17,3182.275,3235.875,3178.022,3235.27,14532710.0,0.02034945,0.02034945,0.8724778695647378
2010-03-18,3239.323,3246.896,3216.974,3227.63,12862940.0,-0.00236151,-0.00236151,0.8704175373750057
2010-03-19,3230.123,3254.953,3209.511,3252.421,14764240.0,0.007680869999999999,0.007680869999999999,0.8771030995890958
2010-03-22,3253.418,3268.67,3243.934,3259.211,14770340.0,0.00208769,0.00208769,0.8789342063388708
2010-03-23,3262.078,3269.425,3236.878,3239.65,18149620.0,-0.00600177,-0.00600177,0.8736590547729874
2010-03-24,3245.187,3261.54,3232.225,3239.42,16913580.0,-7.099e-05,-7.099e-05,0.8735970290657049
2010-03-25,3232.814,3232.965,3196.362,3206.937,17394300.0,-0.010027379999999999,-0.010027379999999999,0.864837111458497
2010-03-26,3204.953,3251.214,3194.581,3242.888,17389520.0,0.011210359999999999,0.011210359999999999,0.8745322688607299
2010-03-29,3258.865,3320.884,3254.284,3312.585,26802220.0,0.02149227,0.02149227,0.893327945906248
2010-03-30,3316.26,3323.419,3300.569,3314.984,18734430.0,0.00072419,0.00072419,0.8939749010009034
2010-03-31,3315.293,3316.781,3284.444,3291.28,17917540.0,-0.0071505200000000005,-0.0071505200000000005,0.8875824776729703
2010-04-01,3296.77,3338.498,3296.77,3337.0,20758740.0,0.013891240000000001,0.013891240000000001,0.8999121095727807
2010-04-02,3347.68,3364.539,3343.793,3359.072,23312280.0,0.006614330000000001,0.006614330000000001,0.9058644200559963
2010-04-06,3378.395,3399.441,3354.325,3369.905,22526190.0,0.003225,0.003225,0.9087858308690026
2010-04-07,3369.492,3374.882,3338.139,3356.129,18145860.0,-0.0040879900000000005,-0.0040879900000000005,0.9050707606797682
2010-04-08,3350.446,3350.446,3310.494,3318.016,21121560.0,-0.01135618,-0.01135618,0.8947925616290798
2010-04-09,3318.288,3345.504,3309.608,3344.601,18943410.0,0.00801231,0.00801231,0.9019619243599736
2010-04-12,3353.644,3358.866,3303.709,3317.907,23851680.0,-0.00798125,-0.00798125,0.8947631668373677
2010-04-13,3315.177,3362.998,3288.518,3354.006,25885580.0,0.01088009,0.01088009,0.9044982364338519
2010-04-14,3357.873,3368.349,3345.068,3364.329,20091890.0,0.0030778100000000003,0.0030778100000000003,0.9072821119828839
2010-04-15,3370.731,3379.814,3327.911,3353.279,21118050.0,-0.00328447,-0.00328447,0.9043021812634415
2010-04-16,3350.458,3350.458,3308.361,3317.018,15869420.0,-0.01081359,-0.01081359,0.8945234239948714
2010-04-19,3274.827,3274.827,3141.251,3143.721,26538450.0,-0.052244849999999995,-0.052244849999999995,0.8477892109734048
2010-04-20,3143.585,3164.539,3105.938,3147.308,19498480.0,0.00114105,0.00114105,0.8487565423300237
2010-04-21,3153.526,3206.592,3131.927,3205.629,22379180.0,0.01853038,0.01853038,0.8644843739579512
2010-04-22,3191.905,3191.905,3142.955,3163.851,24146900.0,-0.01303265,-0.01303265,0.8532178087455654
2010-04-23,3159.457,3191.794,3136.645,3147.013,23837250.0,-0.00532204,-0.00532204,0.8486769876185092
2010-04-26,3154.916,3165.517,3121.47,3126.164,17750000.0,-0.00662497,-0.00662497,0.8430544920918437
2010-04-27,3116.243,3116.592,3019.247,3060.534,19252920.0,-0.02099382,-0.02099382,0.8253555913572732
2010-04-28,3032.418,3074.632,3017.892,3054.76,13811900.0,-0.00188658,-0.00188658,0.823798476427494
2010-04-29,3070.541,3086.818,3020.59,3020.634,15041840.0,-0.01117141,-0.01117141,0.8145954795286985
2010-04-30,3022.188,3029.941,2976.761,3027.912,17079710.0,0.00240945,0.00240945,0.8165581886487076
2010-05-04,2975.018,3020.791,2963.708,2993.491,12025920.0,-0.01136795,-0.01136795,0.8072756370383976
2010-05-05,2963.737,3016.279,2924.845,3016.192,17127280.0,0.0075834299999999995,0.0075834299999999995,0.8133975743471814
2010-05-06,2996.701,2996.701,2880.43,2884.159,17937740.0,-0.04377472,-0.04377472,0.7777913125661737
2010-05-07,2820.216,2860.728,2792.265,2814.398,17120110.0,-0.02418764,-0.02418764,0.7589783761934117
2010-05-10,2816.79,2840.838,2771.385,2829.743,13459100.0,0.00545231,0.00545231,0.7631165695771078
2010-05-11,2883.164,2890.135,2775.382,2786.484,15319440.0,-0.015287269999999999,-0.015287269999999999,0.7514506127452203
2010-05-12,2765.001,2809.088,2740.529,2807.71,13224650.0,0.007617509999999999,0.007617509999999999,0.7571747764964315
2010-05-13,2804.118,2873.827,2799.219,2872.369,13770160.0,0.02302907,0.02302907,0.7746118208754745
2010-05-14,2855.086,2874.357,2839.322,2857.077,11542560.0,-0.005323830000000001,-0.005323830000000001,0.7704879203721521
2010-05-17,2818.313,2818.717,2705.45,2709.947,13009520.0,-0.05149665,-0.05149665,0.7308103451005179
2010-05-18,2707.59,2768.249,2682.053,2758.276,12190680.0,0.01783388,0.01783388,0.7438435642625025
2010-05-19,2741.04,2791.231,2710.42,2749.248,11590680.0,-0.003273,-0.003273,0.74140892041317
2010-05-20,2732.544,2784.403,2718.493,2723.606,10973210.0,-0.00932695,-0.00932695,0.7344938630821346
2010-05-21,2653.314,2761.449,2643.94,2760.475,13025490.0,0.01353688,0.01353688,0.744436583959521
2010-05-24,2773.471,2863.033,2773.471,2854.714,17781880.0,0.03413869,0.03413869,0.7698506736490713
2010-05-25,2836.62,2843.902,2783.111,2795.504,14874310.0,-0.0207412,-0.0207412,0.7538830991786475
2010-05-26,2796.984,2820.079,2779.751,2792.135,10325840.0,-0.00120511,-0.00120511,0.7529745574054528
2010-05-27,2785.632,2841.635,2751.078,2836.703,13117150.0,0.01596193,0.01596193,0.7649935214148743
2010-05-28,2864.092,2872.556,2821.721,2839.178,15853690.0,0.0008725299999999999,0.0008725299999999999,0.7656609719606318
2010-05-31,2826.636,2850.056,2765.907,2768.06,13524060.0,-0.02504877,-0.02504877,0.746482083914903
2010-06-01,2750.98,2769.18,2697.075,2729.066,13212930.0,-0.01408717,-0.01408717,0.7359662994376236
2010-06-02,2717.356,2740.011,2685.61,2738.656,11922050.0,0.0035140500000000003,0.0035140500000000003,0.7385525017543162
2010-06-03,2750.678,2768.277,2717.488,2719.057,11787140.0,-0.007156470000000001,-0.007156470000000001,0.7332671024628816
2010-06-04,2706.717,2719.925,2688.769,2716.926,8776860.0,-0.0007836799999999999,-0.0007836799999999999,0.7326924208010598
2010-06-07,2668.786,2685.313,2644.525,2665.252,10737530.0,-0.01901932,-0.01901932,0.7187571321135968
2010-06-08,2660.462,2683.221,2644.54,2669.737,8878070.0,0.0016828099999999999,0.0016828099999999999,0.7199666334056058
2010-06-09,2678.263,2746.03,2659.84,2741.269,14574010.0,0.02679364,0.02679364,0.739257167724443
2010-06-10,2722.599,2740.06,2714.193,2721.796,11585800.0,-0.007103699999999999,-0.007103699999999999,0.7340057477335199
2010-06-11,2733.276,2744.508,2725.492,2732.152,11127730.0,0.0038049100000000003,0.0038049100000000003,0.736798522623162
2010-06-17,2749.913,2756.104,2712.431,2712.536,9545580.0,-0.007179769999999999,-0.007179769999999999,0.7315085388229284
2010-06-18,2711.128,2719.011,2656.061,2664.329,11066800.0,-0.01777185,-0.01777185,0.7185082202535024
2010-06-21,2664.919,2728.26,2646.58,2727.321,11656000.0,0.0236427,0.0236427,0.7354957130932411
2010-06-22,2719.643,2747.362,2714.118,2735.716,10150340.0,0.0030781199999999997,0.0030781199999999997,0.7377596514090528
2010-06-23,2721.782,2735.984,2685.136,2710.577,9692610.0,-0.00918924,-0.00918924,0.7309802416030744
2010-06-24,2703.536,2730.615,2691.072,2706.849,7536460.0,-0.00137527,-0.00137527,0.7299748857911214
2010-06-25,2695.225,2703.275,2661.073,2678.083,7534070.0,-0.01062716,-0.01062716,0.7222173575489965
2010-06-28,2674.534,2690.552,2650.566,2659.308,6859070.0,-0.00701058,-0.00701058,0.7171541720958262
2010-06-29,2660.324,2668.273,2543.449,2544.542,10757540.0,-0.04315638,-0.04315638,0.6862044228698059
2010-06-30,2524.739,2529.783,2496.396,2508.115,8306230.0,-0.014315739999999999,-0.014315739999999999,0.676380899221197
2010-07-01,2503.387,2523.033,2470.096,2471.833,7124510.0,-0.01446584,-0.01446584,0.6665964787358751
2010-07-02,2471.405,2483.755,2415.718,2477.458,9095020.0,0.0022756399999999998,0.0022756399999999998,0.6681134117944147
2010-07-05,2450.958,2472.518,2418.517,2456.857,7182280.0,-0.00831541,-0.00831541,0.662557796160819
2010-07-06,2447.39,2510.267,2444.676,2508.859,9520810.0,0.02116605,0.02116605,0.6765815389004066
2010-07-07,2505.963,2524.797,2490.576,2524.369,8049920.0,0.0061821,0.0061821,0.6807642289871534
2010-07-08,2531.223,2539.116,2499.325,2511.81,7351490.0,-0.00497504,-0.00497504,0.6773773556925401
2010-07-09,2513.294,2600.584,2490.832,2589.267,13517510.0,0.03083714,0.03083714,0.6982657261663725
2010-07-12,2587.335,2639.393,2577.389,2624.101,13590280.0,0.013453219999999998,0.013453219999999998,0.707659654372803
2010-07-13,2602.833,2602.833,2566.373,2581.401,10501220.0,-0.01627231,-0.01627231,0.6961444469773106
2010-07-14,2587.273,2625.302,2587.273,2601.818,10841300.0,0.007909359999999999,0.007909359999999999,0.7016504420450804
2010-07-15,2599.869,2623.031,2548.248,2549.285,8278260.0,-0.020190959999999997,-0.020190959999999997,0.6874835008247665
2010-07-16,2540.307,2569.342,2523.664,2565.283,7542510.0,0.006275500000000001,0.006275500000000001,0.6917977932817475
2010-07-19,2543.504,2641.248,2535.978,2629.503,13919760.0,0.025034260000000003,0.025034260000000003,0.7091164494629774
2010-07-20,2630.779,2691.802,2630.353,2687.561,17431390.0,0.0220795,0.0220795,0.7247733560430123
2010-07-21,2689.038,2714.31,2677.125,2691.444,17056660.0,0.00144483,0.00144483,0.725820511788134
2010-07-22,2682.411,2722.938,2679.661,2722.027,13866200.0,0.01136305,0.01136305,0.7340680431177906
2010-07-23,2726.373,2745.619,2705.714,2729.958,16060140.0,0.0029136,0.0029136,0.7362068513110845
2010-07-26,2733.912,2749.39,2710.151,2748.928,13624730.0,0.00694881,0.00694881,0.7413226237769508
2010-07-27,2739.45,2749.843,2717.189,2735.355,13063430.0,-0.00493756,-0.00493756,0.7376622980163181
2010-07-28,2735.868,2800.235,2722.235,2796.912,18086720.0,0.02250426,0.02250426,0.7542628043780116
2010-07-29,2797.241,2826.759,2788.335,2814.005,18911780.0,0.006111299999999999,0.006111299999999999,0.758872393137055
2010-07-30,2805.858,2809.798,2774.4,2797.416,13582540.0,-0.00589511,-0.00589511,0.7543987215800569
2010-08-02,2795.977,2850.911,2794.349,2850.128,16655570.0,0.01884307,0.01884307,0.7686139349812557
2010-08-03,2857.485,2863.206,2803.932,2804.779,19969340.0,-0.01591117,-0.01591117,0.7563843532440617
2010-08-04,2796.73,2820.184,2762.709,2819.538,17115400.0,0.0052621,0.0052621,0.7603645159126817
2010-08-05,2820.061,2822.42,2775.734,2792.482,15571550.0,-0.009595949999999999,-0.009595949999999999,0.7530681353203529
2010-08-06,2790.225,2845.054,2769.342,2844.06,18745990.0,0.01847035,0.01847035,0.7669775350169501
2010-08-09,2842.236,2866.986,2836.962,2862.36,19805830.0,0.00643448,0.00643448,0.7719126239007326
2010-08-10,2863.777,2876.309,2782.63,2784.16,20600520.0,-0.02732018,-0.02732018,0.7508238834246788
2010-08-11,2775.105,2807.693,2770.965,2795.641,14034680.0,0.004123760000000001,0.004123760000000001,0.7539200449260288
2010-08-12,2767.834,2800.054,2756.928,2762.229,15233660.0,-0.011951499999999999,-0.011951499999999999,0.7449095973967972
2010-08-13,2764.918,2795.102,2744.953,2794.507,13713910.0,0.01168552,0.01168552,0.7536142312214272
2010-08-16,2791.695,2860.211,2784.501,2855.919,19863110.0,0.021975920000000003,0.021975920000000003,0.7701756344198339
2010-08-17,2857.912,2869.819,2842.504,2863.67,17582430.0,0.002714,0.002714,0.7722659007552547
2010-08-18,2869.461,2886.198,2848.016,2859.729,18190960.0,-0.0013761799999999999,-0.0013761799999999999,0.7712031037448182
2010-08-19,2861.791,2892.829,2853.095,2877.188,21272030.0,0.00610512,0.00610512,0.7759113942815372
2010-08-20,2872.109,2879.639,2821.976,2829.285,21020480.0,-0.01664927,-0.01664927,0.7629930575165192
2010-08-23,2827.451,2847.079,2819.628,2827.727,14694720.0,-0.00055062,-0.00055062,0.7625729007689273
2010-08-24,2824.471,2869.178,2802.185,2845.736,15067560.0,0.00636873,0.00636873,0.7674295136491479
2010-08-25,2828.61,2833.853,2775.406,2776.739,15526980.0,-0.024245770000000003,-0.024245770000000003,0.7488226104953591
2010-08-26,2791.72,2807.561,2774.673,2789.492,11735020.0,0.0045927699999999995,0.0045927699999999995,0.7522618011256803
2010-08-27,2786.965,2802.161,2773.301,2799.104,10731280.0,0.00344581,0.00344581,0.7548539363361129
2010-08-30,2814.776,2854.695,2814.776,2848.475,17182870.0,0.01763818,0.01763818,0.7681681589197861
2010-08-31,2838.943,2848.899,2827.939,2840.616,17894380.0,-0.00275907,-0.00275907,0.7660487674696416
2010-09-01,2845.331,2873.484,2809.047,2831.916,20026550.0,-0.0030627,-0.0030627,0.7637025776724335
2010-09-02,2858.9,2871.825,2847.928,2862.423,18131300.0,0.01077259,0.01077259,0.7719296135509881
2010-09-03,2869.278,2872.201,2831.044,2856.763,18308930.0,-0.0019774,-0.0019774,0.770403241797862
2010-09-06,2873.43,2907.91,2870.883,2903.182,24105730.0,0.01624879,0.01624879,0.7829213779124137
2010-09-07,2908.052,2925.438,2892.059,2917.274,20229300.0,0.004854,0.004854,0.7867216660299143
2010-09-08,2906.598,2920.783,2889.945,2919.393,17872050.0,0.0007264099999999999,0.0007264099999999999,0.787293111567878
2010-09-09,2923.299,2923.299,2869.749,2875.055,22664150.0,-0.01518745,-0.01518745,0.7753361732657389
2010-09-10,2879.162,2888.161,2838.737,2883.877,19736150.0,0.00306847,0.00306847,0.7777152636555055
2010-09-13,2882.059,2910.32,2870.824,2901.064,20614860.0,0.00595969,0.00595969,0.7823502020514381
2010-09-14,2906.22,2916.869,2882.619,2893.783,18509460.0,-0.00250977,-0.00250977,0.7803866839004644
2010-09-15,2892.61,2892.843,2839.68,2845.574,17135690.0,-0.0166595,-0.0166595,0.767385825977062
2010-09-16,2843.73,2851.269,2767.182,2788.767,20350370.0,-0.01996324,-0.01996324,0.7520662853092462
2010-09-17,2795.936,2804.108,2775.272,2785.074,13835770.0,-0.00132428,-0.00132428,0.7510703681918797
2010-09-20,2788.673,2796.569,2751.649,2764.838,12103220.0,-0.0072659099999999996,-0.0072659099999999996,0.7456131846589715
2010-09-21,2774.447,2779.595,2753.054,2771.342,9260700.0,0.0023524500000000003,0.0023524500000000003,0.7473671637901256
2010-09-27,2782.991,2816.057,2780.731,2814.171,12060680.0,0.015454190000000001,0.015454190000000001,0.7589171595170937
2010-09-28,2808.921,2813.488,2788.31,2791.569,14432510.0,-0.00803143,-0.00803143,0.7528219202301402
2010-09-29,2790.517,2822.651,2786.271,2793.862,15187740.0,0.0008213900000000001,0.0008213900000000001,0.753440289564048
2010-09-30,2781.09,2843.194,2777.761,2842.846,14410560.0,0.017532680000000002,0.017532680000000002,0.7666501471532937
2010-10-08,2871.2,2950.833,2869.861,2942.422,29175520.0,0.03502693,0.03502693,0.7935035029287865
2010-10-11,2977.281,3043.104,2976.449,3028.517,45599050.0,0.029259900000000002,0.029259900000000002,0.8167213432265594
2010-10-12,3018.011,3074.682,3001.586,3067.466,42677800.0,0.012860739999999999,0.012860739999999999,0.8272249922393704
2010-10-13,3072.027,3099.826,3053.148,3095.412,42571290.0,0.00911047,0.00911047,0.8347613853511837
2010-10-14,3110.484,3141.761,3086.269,3107.136,45295720.0,0.0037874999999999996,0.0037874999999999996,0.8379230783606627
2010-10-15,3092.101,3199.829,3086.403,3199.776,51074100.0,0.0298152,0.0298152,0.8629059545461054
2010-10-18,3210.213,3243.695,3154.472,3164.601,54351740.0,-0.010992900000000002,-0.010992900000000002,0.853420066486704
2010-10-19,3165.509,3226.323,3148.444,3226.323,37634670.0,0.019503859999999998,0.019503859999999998,0.8700650695514481
2010-10-20,3154.731,3277.611,3151.016,3240.866,52371470.0,0.0045076,0.0045076,0.8739869819906201
2010-10-21,3252.788,3269.356,3205.309,3234.965,42916160.0,-0.00182077,-0.00182077,0.8723956180833414
2010-10-22,3230.935,3261.099,3216.748,3240.655,39190630.0,0.00175889,0.00175889,0.8739300801461132
2010-10-25,3246.573,3333.579,3229.468,3332.546,46115350.0,0.02835565,0.02835565,0.8987109682674054
2010-10-26,3344.389,3353.981,3295.382,3322.14,43125330.0,-0.0031225399999999996,-0.0031225399999999996,0.895904709528354
2010-10-27,3309.831,3338.403,3272.637,3279.79,39374980.0,-0.012747759999999999,-0.012747759999999999,0.8844838890787264
2010-10-28,3269.762,3292.919,3246.043,3268.08,33292140.0,-0.00357034,-0.00357034,0.881325971547082
2010-10-29,3269.56,3274.961,3226.635,3250.079,33900900.0,-0.00550812,-0.00550812,0.876471516082767
2010-11-01,3259.247,3356.234,3258.602,3356.234,44732150.0,0.03266222,0.03266222,0.9050990767635276
2010-11-02,3369.283,3409.901,3341.856,3347.103,53831670.0,-0.00272057,-0.00272057,0.902636656184412
2010-11-03,3346.147,3351.269,3288.955,3291.641,38517580.0,-0.01657012,-0.01657012,0.8876798310657049
2010-11-04,3298.569,3353.458,3290.505,3353.123,38538770.0,0.0186782,0.0186782,0.9042601116532847
2010-11-05,3396.686,3411.974,3373.096,3398.016,46440670.0,0.01338843,0.01338843,0.9163667206838663
2010-11-08,3408.924,3431.859,3389.82,3431.215,42213250.0,0.00977011,0.00977011,0.9253197270146145
2010-11-09,3428.142,3429.521,3389.494,3419.135,38780990.0,-0.00352064,-0.00352064,0.9220620289973418
2010-11-10,3407.146,3411.422,3375.44,3401.233,37817700.0,-0.00523586,-0.00523586,0.9172342715548569
2010-11-11,3390.699,3462.703,3390.076,3416.33,50698720.0,0.00443873,0.00443873,0.9213055850454832
2010-11-12,3393.462,3411.649,3213.545,3220.107,51012160.0,-0.05743682,-0.05743682,0.8683887573928912
2010-11-15,3222.876,3248.575,3159.383,3247.149,35803310.0,0.00839786,0.00839786,0.8756813625073854
2010-11-16,3241.683,3241.683,3099.366,3110.595,36860800.0,-0.04205349,-0.04205349,0.838855891062794
2010-11-17,3065.879,3100.638,3022.634,3034.465,25738640.0,-0.02447438,-0.02447438,0.8183253819522829
2010-11-18,3063.852,3083.963,3030.267,3074.661,20756920.0,0.013246420000000002,0.013246420000000002,0.8291653181693603
2010-11-19,3092.368,3109.639,3016.107,3108.645,25612170.0,0.01105297,0.01105297,0.8383300209358336
2010-11-22,3081.701,3125.734,3069.144,3099.427,26469000.0,-0.0029652800000000003,-0.0029652800000000003,0.8358441384587458
2010-11-23,3084.206,3084.206,2999.52,3050.584,27334260.0,-0.015758730000000002,-0.015758730000000002,0.822672305324834
2010-11-24,3009.092,3086.646,3008.537,3085.959,27422470.0,0.01159614,0.01159614,0.8322121287818725
2010-11-25,3102.492,3120.25,3079.064,3119.441,25967820.0,0.010849770000000002,0.010849770000000002,0.841241453700277
2010-11-26,3116.121,3133.953,3081.701,3106.029,26150420.0,-0.00429945,-0.00429945,0.8376245459347421
2010-11-29,3099.72,3111.73,3068.939,3093.386,21283520.0,-0.0040704899999999995,-0.0040704899999999995,0.8342150197731213
2010-11-30,3091.109,3107.895,2969.9,3040.729,27708790.0,-0.01702244,-0.01702244,0.8200146386062726
2010-12-01,3033.087,3060.753,3014.386,3049.239,15572810.0,0.0027986699999999996,0.0027986699999999996,0.8223095897757255
2010-12-02,3098.528,3106.609,3072.003,3074.927,20839330.0,0.00842439,0.00842439,0.8292370522482175
2010-12-03,3082.083,3088.361,3051.203,3075.64,14917760.0,0.00023184,0.00023184,0.8294293319407933
2010-12-06,3086.955,3095.703,3056.666,3081.402,16770140.0,0.0018735,0.0018735,0.8309832107467142
2010-12-07,3071.136,3127.009,3031.838,3116.318,17841840.0,0.011331210000000001,0.011331210000000001,0.8403992524661759
2010-12-08,3116.269,3130.38,3087.844,3091.848,18415260.0,-0.00785228,-0.00785228,0.833800256565293
2010-12-09,3079.701,3099.253,3046.826,3047.542,17234720.0,-0.01432991,-0.01432991,0.8218519479267758
2010-12-10,3032.291,3095.247,3024.582,3081.719,16925330.0,0.01121461,0.01121461,0.8310686983519688
2010-12-13,3096.575,3182.843,3095.191,3182.285,28167380.0,0.03263306,0.03263306,0.8581890343457645
2010-12-14,3195.175,3199.0,3168.712,3185.703,24012350.0,0.00107406,0.00107406,0.8591107902913803
2010-12-15,3187.77,3209.228,3167.455,3174.132,26379100.0,-0.0036320999999999997,-0.0036320999999999997,0.8559903578610937
2010-12-16,3172.135,3189.833,3155.75,3163.437,18406980.0,-0.00336945,-0.00336945,0.8531061624724569
2010-12-17,3161.386,3170.686,3144.394,3162.037,15264720.0,-0.00044253,-0.00044253,0.8527286146889981
2010-12-20,3175.207,3186.77,3064.023,3121.119,22747920.0,-0.01294046,-0.01294046,0.8416939716864512
2010-12-21,3127.321,3186.051,3119.16,3182.318,24717330.0,0.0196081,0.0196081,0.8581979336863746
2010-12-22,3188.814,3203.988,3146.957,3159.343,22960750.0,-0.00721961,-0.00721961,0.8520021048828281
2010-12-23,3157.508,3185.302,3132.119,3136.341,19518620.0,-0.00728061,-0.00728061,0.8457989948006006
2010-12-24,3122.193,3132.364,3086.441,3110.879,15915360.0,-0.00811843,-0.00811843,0.8389324793274385
2010-12-27,3116.783,3169.896,3053.181,3061.573,23323540.0,-0.01584951,-0.01584951,0.8256357857479972
2010-12-28,3046.275,3055.952,2995.833,3005.527,17727170.0,-0.01830624,-0.01830624,0.8105214692681902
2010-12-29,3008.788,3019.713,2979.14,3018.102,14760830.0,0.00418394,0.00418394,0.8139126573946144
2010-12-30,3016.809,3045.704,2990.411,3028.513,16641950.0,0.0034494799999999996,0.0034494799999999996,0.8167202645186067
2010-12-31,3032.545,3093.546,3032.545,3092.597,20356470.0,0.02116022,0.02116022,0.8340022446294435
2011-01-04,3123.978,3153.137,3109.082,3146.59,29518610.0,0.01745884,0.01745884,0.8485629142525071
2011-01-05,3124.937,3148.855,3115.203,3142.044,23301940.0,-0.00144478,-0.00144478,0.8473369626642188
2011-01-06,3141.327,3159.975,3118.755,3121.485,17416930.0,-0.006543139999999999,-0.006543139999999999,0.8417926734641269
2011-01-07,3118.212,3164.311,3101.46,3123.606,22775680.0,0.00067944,0.00067944,0.8423646583560669
2011-01-10,3116.727,3135.699,3067.892,3071.844,17593560.0,-0.01657122,-0.01657122,0.8284056380936436
2011-01-11,3063.16,3096.296,3052.653,3096.296,15186900.0,0.00796001,0.00796001,0.8349997798087391
2011-01-12,3105.808,3123.068,3071.841,3106.441,14710100.0,0.0032765,0.0032765,0.8377356528538742
2011-01-13,3119.096,3126.382,3092.904,3113.754,14723940.0,0.0023541400000000002,0.0023541400000000002,0.8397078006684698
2011-01-14,3105.217,3105.217,3059.393,3065.763,14238610.0,-0.01541258,-0.01541258,0.8267657323284917
2011-01-17,3045.21,3058.545,2961.782,2969.294,19138730.0,-0.031466560000000005,-0.031466560000000005,0.8007502629552892
2011-01-18,2959.709,2974.292,2947.182,2970.488,10893890.0,0.00040215,0.00040215,0.8010722572791819
2011-01-19,2972.808,3034.29,2966.083,3032.853,16144860.0,0.02099486,0.02099486,0.8178906626473289
2011-01-20,3025.054,3025.054,2939.164,2939.79,15486860.0,-0.03068496,-0.03068496,0.792793713095884
2011-01-21,2933.161,3011.621,2932.607,2972.076,15994750.0,0.01098238,0.01098238,0.8015005043364194
2011-01-24,2973.911,2980.197,2928.677,2931.854,14523230.0,-0.013533280000000002,-0.013533280000000002,0.7906535565176491
2011-01-25,2929.36,2940.929,2903.18,2921.17,12028190.0,-0.00364414,-0.00364414,0.7877723275758824
2011-01-26,2923.526,2955.857,2922.986,2948.591,10299620.0,0.00938704,0.00938704,0.7951671402688987
2011-01-27,2931.174,3010.059,2918.22,3005.359,17670540.0,0.01925252,0.01925252,0.8104761635341752
2011-01-28,3000.144,3019.264,2987.988,3010.689,13244030.0,0.00177352,0.00177352,0.8119135418812002
2011-01-31,3010.791,3044.457,3005.02,3043.73,13925420.0,0.01097457,0.01097457,0.8208239392478153
2011-02-01,3051.335,3056.898,3036.784,3050.239,12395980.0,0.0021385,0.0021385,0.8225792667639104
2011-02-09,3028.435,3057.61,3003.0,3010.939,14167460.0,-0.01288425,-0.01288425,0.8119809611282465
2011-02-10,3006.527,3071.385,3000.182,3070.761,17630610.0,0.01986823,0.01986823,0.8281135779154395
2011-02-11,3067.808,3089.394,3060.314,3081.107,18612000.0,0.00336918,0.00336918,0.8309036560351997
2011-02-14,3086.14,3197.254,3086.14,3189.709,35429720.0,0.03524774,0.03524774,0.8601911163060487
2011-02-15,3193.408,3222.671,3178.994,3180.445,32959790.0,-0.00290431,-0.00290431,0.8576928286875045
2011-02-16,3177.644,3219.819,3169.099,3218.932,28931310.0,0.01210108,0.01210108,0.868071886931774
2011-02-17,3223.204,3235.952,3191.178,3219.116,28136280.0,5.719e-05,5.719e-05,0.8681215074976001
2011-02-18,3213.309,3213.309,3174.919,3181.392,22288700.0,-0.01171871,-0.01171871,0.8579482127953154
2011-02-21,3164.721,3230.406,3162.803,3229.137,24942080.0,0.01500754,0.01500754,0.8708239405962003
2011-02-22,3244.233,3247.64,3145.542,3148.132,32529680.0,-0.025085609999999998,-0.025085609999999998,0.848978756168288
2011-02-23,3138.02,3164.98,3132.401,3155.915,20850810.0,0.00247225,0.00247225,0.8510776521673306
2011-02-24,3152.681,3183.977,3144.004,3177.443,22505080.0,0.0068215,0.0068215,0.8568832583689736
2011-02-25,3178.514,3202.3,3149.227,3189.082,21451520.0,0.00366298,0.00366298,0.8600220288344568
2011-02-28,3194.421,3230.01,3166.442,3226.029,24932040.0,0.01158547,0.01158547,0.8699857845169218
2011-03-01,3225.278,3252.605,3216.991,3234.712,27628860.0,0.0026915,0.0026915,0.8723273898053306
2011-03-02,3216.156,3234.05,3184.973,3218.097,21552380.0,-0.00513647,-0.00513647,0.8678467066466398
2011-03-03,3224.991,3239.028,3194.467,3195.847,25287970.0,-0.00691402,-0.00691402,0.8618463936595273
2011-03-04,3197.626,3248.333,3188.566,3244.78,25066550.0,0.01531147,0.01531147,0.8750424977223756
2011-03-07,3260.175,3333.59,3260.175,3332.314,45374640.0,0.02697685,0.02697685,0.8986484032061465
2011-03-08,3341.508,3346.407,3314.123,3339.786,35396980.0,0.0022422600000000003,0.0022422600000000003,0.9006634296618636
2011-03-09,3343.54,3351.72,3318.482,3331.703,27718810.0,-0.00242022,-0.00242022,0.8984836305663656
2011-03-10,3325.49,3325.49,3270.599,3273.941,32082480.0,-0.01733707,-0.01733707,0.8829065483748334
2011-03-11,3256.25,3290.102,3239.305,3245.988,24853720.0,-0.00853799,-0.00853799,0.8753682675241028
2011-03-14,3247.784,3268.926,3230.209,3267.281,26510200.0,0.006559779999999999,0.006559779999999999,0.8811104996335224
2011-03-15,3254.078,3254.078,3153.806,3208.24,32582840.0,-0.01807038,-0.01807038,0.8651885005741018
2011-03-16,3210.122,3260.678,3210.122,3256.083,28549510.0,0.01491254,0.01491254,0.8780906567198287
2011-03-17,3226.271,3272.091,3202.323,3216.4,28792800.0,-0.012187380000000001,-0.012187380000000001,0.8673890647976901
2011-03-18,3251.567,3261.437,3222.539,3228.815,19611240.0,0.00385992,0.00385992,0.8707371046060047
2011-03-21,3237.17,3247.295,3199.076,3214.358,19399160.0,-0.0044775,-0.0044775,0.8668383843878167
2011-03-22,3225.847,3234.779,3184.087,3226.934,17340930.0,0.0039125,0.0039125,0.8702298421912291
2011-03-23,3228.115,3266.212,3221.671,3264.17,20740260.0,0.01153908,0.01153908,0.8802715345232794
2011-03-24,3268.755,3271.411,3252.466,3254.459,18963750.0,-0.00297501,-0.00297501,0.8776527012910165
2011-03-25,3259.37,3301.671,3254.986,3290.881,26783670.0,0.01119145,0.01119145,0.8874748765546844
2011-03-28,3304.115,3323.456,3285.731,3289.86,31489980.0,-0.00031025,-0.00031025,0.8871995363497478
2011-03-29,3289.331,3315.906,3260.933,3262.825,30436470.0,-0.00821772,-0.00821772,0.8799088189741707
2011-03-30,3264.247,3273.571,3233.594,3253.769,23740320.0,-0.0027754800000000003,-0.0027754800000000003,0.877466624169169
2011-03-31,3254.633,3267.969,3216.951,3234.105,18155930.0,-0.00604347,-0.00604347,0.8721636958735025
2011-04-01,3241.307,3284.61,3230.515,3284.052,20561830.0,0.015443849999999999,0.015443849999999999,0.8856332524023702
2011-04-06,3277.984,3326.543,3276.222,3318.966,32093080.0,0.0106314,0.0106314,0.8950487547678554
2011-04-07,3322.429,3333.231,3305.78,3323.145,23579650.0,0.00125911,0.00125911,0.8961757349014798
2011-04-08,3318.93,3355.867,3312.358,3354.884,27614590.0,0.0095509,0.0095509,0.9047350128294782
2011-04-11,3365.775,3397.582,3346.486,3349.291,34314260.0,-0.00166713,-0.00166713,0.9032267094345604
2011-04-12,3336.493,3380.532,3334.108,3354.872,31628670.0,0.00166634,0.00166634,0.9047317767056199
2011-04-13,3337.062,3384.347,3324.824,3384.347,23982640.0,0.00878569,0.00878569,0.9126805059323679
2011-04-14,3390.622,3395.64,3366.657,3373.716,25666260.0,-0.00314119,-0.00314119,0.9098135698709748
2011-04-15,3364.286,3394.958,3336.591,3374.3,25002200.0,0.00017309999999999998,0.00017309999999999998,0.9099710612320749
2011-04-18,3361.568,3397.227,3357.809,3381.894,26106470.0,0.00225054,0.00225054,0.9120189882803504
2011-04-19,3351.549,3351.549,3298.004,3302.782,25963070.0,-0.02339283,-0.02339283,0.8906843023910721
2011-04-20,3310.458,3320.951,3291.247,3302.15,19359400.0,-0.00019138,-0.00019138,0.8905138665345393
2011-04-21,3319.982,3344.454,3310.469,3334.369,26209010.0,0.00975697,0.00975697,0.8992025894168664
2011-04-22,3334.27,3340.313,3302.545,3312.343,18582040.0,-0.00660571,-0.00660571,0.8932626840751072
2011-04-25,3300.117,3301.107,3244.925,3246.792,23288590.0,-0.01978993,-0.01978993,0.8755850878226034
2011-04-26,3241.378,3255.193,3207.741,3221.611,18482030.0,-0.00775563,-0.00775563,0.8687943515831211
2011-04-27,3234.513,3249.602,3192.93,3212.627,18256860.0,-0.00278871,-0.00278871,0.8663715735212687
2011-04-28,3228.77,3246.606,3167.666,3171.228,19271800.0,-0.01288632,-0.01288632,0.8552072158874049
2011-04-29,3175.806,3214.105,3163.951,3211.36,16044270.0,0.012655060000000001,0.012655060000000001,0.8660298927772385
2011-05-03,3213.966,3239.766,3193.91,3238.868,18662420.0,0.00856578,0.00856578,0.8734481673682268
2011-05-04,3220.321,3220.699,3138.662,3150.833,25021820.0,-0.02718077,-0.02718077,0.8497071537133752
2011-05-05,3138.371,3161.575,3125.535,3149.977,15971680.0,-0.00027166,-0.00027166,0.849476310211489
2011-05-06,3110.558,3162.512,3097.199,3139.582,18854670.0,-0.00330003,-0.00330003,0.8466730179193077
2011-05-09,3143.884,3166.773,3137.287,3149.756,14593420.0,0.0032405800000000003,0.0032405800000000003,0.8494167115971002
2011-05-10,3158.568,3176.377,3145.908,3175.498,14106800.0,0.00817268,0.00817268,0.856358736626954
2011-05-11,3178.574,3183.706,3146.544,3162.882,13963310.0,-0.00397291,-0.00397291,0.8529564917440143
2011-05-12,3138.455,3156.255,3118.32,3119.91,15911540.0,-0.0135864,-0.0135864,0.8413679322077356
2011-05-13,3126.028,3148.191,3100.684,3147.315,14539920.0,0.008783919999999999,0.008783919999999999,0.848758430068941
2011-05-16,3138.778,3156.175,3114.12,3117.003,12203410.0,-0.00963107,-0.00963107,0.8405839812030824
2011-05-17,3113.241,3156.266,3089.634,3133.571,16269400.0,0.0053154000000000005,0.0053154000000000005,0.8450519895433287
2011-05-18,3126.324,3166.908,3123.618,3155.831,13075370.0,0.00710372,0.00710372,0.851054999300323
2011-05-19,3165.535,3168.825,3134.131,3136.968,12635070.0,-0.0059772,-0.0059772,0.8459680822721926
2011-05-20,3134.949,3143.151,3123.501,3131.782,9086240.0,-0.0016531999999999999,-0.0016531999999999999,0.8445695374114661
2011-05-23,3125.786,3125.786,3022.639,3024.919,16196060.0,-0.03412212,-0.03412212,0.8157510454230704
2011-05-24,3018.904,3025.703,3000.312,3020.201,12100470.0,-0.00155972,-0.00155972,0.8144787093928144
2011-05-25,3017.544,3028.833,2987.569,2990.188,11064420.0,-0.009937399999999999,-0.009937399999999999,0.8063848939464231
2011-05-26,3010.066,3021.242,2984.925,2986.453,10850810.0,-0.00124912,-0.00124912,0.8053776503955528
2011-05-27,2989.823,3008.568,2974.008,2975.505,12419350.0,-0.0036658899999999998,-0.0036658899999999998,0.8024252267289053
2011-05-30,2973.509,3000.748,2961.656,2972.079,11639600.0,-0.0011513299999999999,-0.0011513299999999999,0.8015013133673841
2011-05-31,2975.694,3018.832,2967.346,3016.729,11509840.0,0.015023120000000001,0.015023120000000001,0.8135423908898366
2011-06-01,3008.897,3020.716,3000.321,3019.598,12225930.0,0.000951,0.000951,0.8143160941689389
2011-06-02,2986.17,3000.955,2945.697,2983.692,13606830.0,-0.011890989999999999,-0.011890989999999999,0.8046330722311744
2011-06-03,2977.447,3013.397,2976.059,3004.333,11119110.0,0.006917980000000001,0.006917980000000001,0.8101994749442976
2011-06-07,2991.825,3016.709,2988.869,3013.262,10901990.0,0.00297203,0.00297203,0.8126074207717999
2011-06-08,3007.901,3019.489,2976.114,3012.634,11113940.0,-0.00020839,-0.00020839,0.8124380636232198
2011-06-09,3003.574,3009.286,2962.1,2962.1,11041360.0,-0.016774,-0.016774,0.7988102067022875
2011-06-10,2958.324,2978.583,2937.968,2976.089,10851250.0,0.00472267,0.00472267,0.8025827180900051
2011-06-13,2953.174,2963.077,2927.839,2957.099,8304700.0,-0.00638085,-0.00638085,0.7974615520843753
2011-06-14,2953.07,2999.332,2947.048,2991.676,13445910.0,0.01169285,0.01169285,0.8067861733048421
2011-06-15,2982.213,3001.933,2972.349,2972.591,12512970.0,-0.006379350000000001,-0.006379350000000001,0.8016393879853346
2011-06-16,2942.601,2946.895,2915.322,2917.304,10860430.0,-0.01859896,-0.01859896,0.7867297563395599
2011-06-17,2921.82,2932.469,2895.781,2897.141,10058950.0,-0.00691146,-0.00691146,0.7812922592267891
2011-06-20,2890.805,2902.284,2870.987,2879.402,9730740.0,-0.00612294,-0.00612294,0.7765084591333784
2011-06-21,2887.302,2918.642,2879.222,2917.443,11809610.0,0.01321143,0.01321143,0.7867672414409176
2011-06-22,2920.539,2924.354,2899.045,2910.709,9954570.0,-0.00230823,-0.00230823,0.7849512366024809
2011-06-23,2899.36,2965.778,2889.705,2957.599,14433200.0,0.01610952,0.01610952,0.7975963905784677
2011-06-24,2942.361,3042.614,2939.397,3023.329,25962680.0,0.0222241,0.0222241,0.8153222590118566
2011-06-27,3018.582,3043.366,3013.591,3029.922,19997240.0,0.0021807099999999998,0.0021807099999999998,0.8171002393949591
2011-06-28,3032.607,3033.847,3001.381,3028.385,15037660.0,-0.00050731,-0.00050731,0.8166857458641191
2011-06-29,3021.923,3027.57,2986.927,2988.481,14342800.0,-0.013176680000000001,-0.013176680000000001,0.8059245553275917
2011-06-30,2991.34,3045.166,2991.34,3027.747,16738860.0,0.013139149999999999,0.013139149999999999,0.8165136919456571
2011-07-01,3034.08,3055.703,3016.613,3040.566,17528050.0,0.00423379,0.00423379,0.8199706812571984
2011-07-04,3059.018,3111.71,3059.018,3105.163,26169360.0,0.02124511,0.02124511,0.837391005662974
2011-07-05,3102.388,3108.084,3083.509,3106.895,19225260.0,0.00055776,0.00055776,0.8378580862065101
2011-07-06,3104.209,3104.209,3072.413,3100.139,20138520.0,-0.00217455,-0.00217455,0.8360361484743335
2011-07-07,3105.851,3123.729,3085.997,3088.252,20245490.0,-0.0038343300000000004,-0.0038343300000000004,0.8328304981157804
2011-07-08,3089.18,3105.296,3076.472,3091.478,15048500.0,0.00104463,0.00104463,0.8337004760796646
2011-07-11,3083.694,3100.34,3067.394,3090.612,14832260.0,-0.00028011,-0.00028011,0.8334669358078965
2011-07-12,3064.054,3064.163,3028.288,3031.067,16769980.0,-0.01926646,-0.01926646,0.8174090195464307
2011-07-13,3033.786,3080.631,3033.786,3077.216,16020010.0,0.01522539,0.01522539,0.8298543428741725
2011-07-14,3082.788,3096.943,3066.738,3087.312,17738700.0,0.00328087,0.00328087,0.8325770017468865
2011-07-15,3078.811,3095.669,3063.884,3095.395,17156480.0,0.0026181399999999997,0.0026181399999999997,0.8347568008423846
2011-07-18,3093.241,3096.593,3072.75,3082.143,16568860.0,-0.00428118,-0.00428118,0.8311830413949592
2011-07-19,3067.572,3074.102,3049.792,3055.526,15859990.0,-0.00863594,-0.00863594,0.8240050490004435
2011-07-20,3074.471,3080.547,3034.073,3053.627,12737060.0,-0.00062147,-0.00062147,0.8234929323998805
2011-07-21,3057.147,3063.569,3027.888,3028.752,13937330.0,-0.00814605,-0.00814605,0.8167847173187829
2011-07-22,3035.958,3053.889,3032.721,3038.886,12729400.0,0.00334594,0.00334594,0.819517623917048
2011-07-25,3024.593,3024.705,2936.746,2946.378,17454520.0,-0.03044144,-0.03044144,0.7945703450940457
2011-07-26,2943.686,2954.837,2933.016,2950.707,10022450.0,0.0014693,0.0014693,0.7957377767758977
2011-07-27,2935.341,2976.969,2925.912,2973.334,12113800.0,0.007668319999999999,0.007668319999999999,0.8018397579875559
2011-07-28,2948.634,2965.044,2932.828,2960.748,13241010.0,-0.00423294,-0.00423294,0.7984456034142616
2011-07-29,2959.986,2974.023,2931.252,2951.428,11523900.0,-0.00314788,-0.00314788,0.795932213884379
2011-08-01,2949.61,2974.319,2941.083,2959.937,9797830.0,0.00288302,0.00288302,0.7982268953768438
2011-08-02,2943.386,2943.386,2900.377,2934.924,12433320.0,-0.0084505,-0.0084505,0.7914814648713766
2011-08-03,2907.82,2947.031,2904.587,2929.498,12407630.0,-0.00184878,-0.00184878,0.7900181975334857
2011-08-04,2935.125,2954.295,2925.088,2933.075,9310240.0,0.001221,0.001221,0.7909828321202228
2011-08-05,2859.557,2886.498,2845.882,2865.935,13937730.0,-0.02289062,-0.02289062,0.7728767191334933
2011-08-08,2836.058,2854.038,2717.459,2746.912,17316230.0,-0.04153023,-0.04153023,0.7407789549687701
2011-08-09,2675.712,2755.952,2647.402,2744.392,16018700.0,-0.0009174000000000001,-0.0009174000000000001,0.7400993689585443
2011-08-10,2792.623,2803.964,2764.756,2768.425,14590980.0,0.00875712,0.00875712,0.7465805160155905
2011-08-11,2725.278,2809.014,2722.008,2807.847,13405490.0,0.01423982,0.01423982,0.757211722243813
2011-08-12,2824.143,2836.76,2812.738,2818.149,12791670.0,0.003669,0.003669,0.759989934576093
2011-08-15,2825.53,2855.293,2812.645,2854.622,11076380.0,0.01294224,0.01294224,0.7698258633661582
2011-08-16,2858.69,2865.772,2830.31,2836.865,11233560.0,-0.0062204700000000005,-0.0062204700000000005,0.7650372090869602
2011-08-17,2831.877,2850.245,2824.378,2830.64,9177810.0,-0.00219436,-0.00219436,0.7633584698355097
2011-08-18,2830.889,2832.476,2780.265,2783.316,9683890.0,-0.01671847,-0.01671847,0.7505962760466507
2011-08-19,2735.128,2756.598,2725.707,2749.611,10985790.0,-0.0121096,-0.0121096,0.741506813159881
2011-08-22,2750.315,2770.884,2716.08,2724.363,8002810.0,-0.00918241,-0.00918241,0.7346980085621904
2011-08-23,2735.6,2766.874,2726.327,2766.476,7092550.0,0.015457939999999998,0.015457939999999998,0.7460549155656182
2011-08-24,2780.118,2788.29,2751.981,2758.434,9239080.0,-0.0029069400000000002,-0.0029069400000000002,0.7438861732266359
2011-08-25,2767.943,2849.309,2761.318,2848.054,16444410.0,0.0324894,0.0324894,0.7680546249077603
2011-08-26,2834.243,2846.814,2823.699,2841.147,10459930.0,-0.00242516,-0.00242516,0.7661919659503676
2011-08-29,2819.907,2819.907,2794.643,2800.212,11353240.0,-0.01440794,-0.01440794,0.7551527384390216
2011-08-30,2821.331,2850.023,2791.028,2793.629,10889490.0,-0.0023509,-0.0023509,0.7533774548258009
2011-08-31,2794.308,2806.388,2772.547,2800.044,8528790.0,0.00229631,0.00229631,0.7551074327050066
2011-09-01,2804.058,2820.91,2778.876,2786.223,8187290.0,-0.00493601,-0.00493601,0.751380227051304
2011-09-02,2782.702,2789.595,2746.571,2755.317,7821010.0,-0.011092439999999999,-0.011092439999999999,0.7430455900544637
2011-09-05,2731.832,2731.832,2692.037,2693.57,8654300.0,-0.02241006,-0.02241006,0.7263938450650149
2011-09-06,2678.157,2693.709,2661.573,2675.203,7430740.0,-0.0068189,-0.0068189,0.7214406878230242
2011-09-07,2688.897,2732.512,2685.492,2731.767,8746860.0,0.021143890000000002,0.021143890000000002,0.7366946969827108
2011-09-08,2742.015,2745.066,2715.682,2716.222,7536690.0,-0.00569052,-0.00569052,0.7325025682013777
2011-09-09,2730.921,2758.122,2704.086,2715.186,7577140.0,-0.00038136999999999996,-0.00038136999999999996,0.7322231828416182
2011-09-13,2681.1,2696.766,2666.656,2691.593,6874350.0,-0.00868928,-0.00868928,0.7258606936593734
2011-09-14,2700.301,2710.355,2655.687,2709.302,7587430.0,0.00657937,0.00657937,0.7306364034431387
2011-09-15,2708.536,2725.991,2698.988,2699.376,7169670.0,-0.0036636800000000003,-0.0036636800000000003,0.7279595896584161
2011-09-16,2715.145,2726.869,2699.102,2704.852,6183650.0,0.00202865,0.00202865,0.7294363408457162
2011-09-19,2690.719,2690.719,2656.088,2656.135,6258450.0,-0.01801098,-0.01801098,0.7162984870123158
2011-09-20,2652.288,2682.554,2649.122,2672.123,5561710.0,0.00601929,0.00601929,0.7206100826994148
2011-09-21,2674.715,2756.727,2659.441,2749.629,13258140.0,0.02900535,0.02900535,0.7415116673456683
2011-09-22,2725.173,2733.896,2673.69,2674.248,10037240.0,-0.02741492,-0.02741492,0.7211831462993076
2011-09-23,2635.518,2671.568,2627.204,2665.012,10014280.0,-0.00345371,-0.00345371,0.7186924096364325
2011-09-26,2643.279,2673.926,2615.538,2623.655,7997180.0,-0.01551848,-0.01551848,0.7075393784360725
2011-09-27,2643.68,2662.836,2625.851,2649.114,9256420.0,0.00970363,0.00970363,0.71440508487827
2011-09-28,2666.228,2670.076,2612.261,2620.315,8681880.0,-0.01087121,-0.01087121,0.7066386572955351
2011-09-29,2605.134,2625.683,2592.605,2600.161,8718840.0,-0.00769146,-0.00769146,0.701203587275658
2011-09-30,2606.973,2616.723,2585.404,2594.997,7692570.0,-0.00198596,-0.00198596,0.6998109753086715
2011-10-10,2601.501,2607.772,2578.266,2583.162,6396010.0,-0.00456068,-0.00456068,0.696619348153504
2011-10-11,2648.245,2661.001,2538.248,2564.082,13308030.0,-0.00738633,-0.00738633,0.6914739112189375
2011-10-12,2547.933,2644.672,2527.941,2641.663,15065090.0,0.03025686,0.03025686,0.7123957216393049
2011-10-13,2629.798,2660.239,2622.574,2654.475,12236470.0,0.00484998,0.00484998,0.7158508232119289
2011-10-14,2648.07,2658.376,2627.407,2651.248,8189550.0,-0.0012157,-0.0012157,0.7149805755710565
2011-10-17,2655.44,2676.585,2644.663,2656.82,8110900.0,0.00210166,0.00210166,0.7164832157492225
2011-10-18,2638.704,2642.733,2584.691,2586.787,8899520.0,-0.026359689999999998,-0.026359689999999998,0.6975969272356741
2011-10-19,2595.263,2612.121,2578.298,2580.768,6908480.0,-0.00232684,-0.00232684,0.6959737414437897
2011-10-20,2566.999,2572.44,2501.292,2517.915,9341270.0,-0.02435439,-0.02435439,0.6790237337054085
2011-10-21,2520.631,2530.56,2498.033,2499.055,6270660.0,-0.00749037,-0.00749037,0.6739376257082424
2011-10-24,2506.234,2563.897,2490.493,2561.239,9252580.0,0.02488304,0.02488304,0.690707219541528
2011-10-25,2557.517,2618.551,2548.747,2610.322,11999330.0,0.01916377,0.01916377,0.7039437751526042
2011-10-26,2597.34,2654.638,2595.42,2627.943,14069440.0,0.00675054,0.00675054,0.7086957533614091
2011-10-27,2632.167,2654.103,2626.958,2635.585,10725150.0,0.00290792,0.00290792,0.7107566249051175
2011-10-28,2667.346,2697.125,2664.826,2683.705,16148540.0,0.01825785,0.01825785,0.7237334815765716
2011-10-31,2679.322,2688.926,2661.464,2673.532,11245280.0,-0.0037906899999999998,-0.0037906899999999998,0.7209900575757673
2011-11-01,2653.633,2700.04,2650.046,2678.399,12168540.0,0.0018204200000000001,0.0018204200000000001,0.7223025754772628
2011-11-02,2641.996,2714.171,2635.193,2713.339,13681300.0,0.01304518,0.01304518,0.7317250894444408
2011-11-03,2720.908,2752.176,2718.666,2719.561,19575950.0,0.0022930900000000002,0.0022930900000000002,0.7334030196649269
2011-11-04,2743.909,2751.471,2722.029,2735.905,12995350.0,0.00600979,0.00600979,0.7378106203598198
2011-11-07,2724.358,2749.481,2717.491,2723.134,10570840.0,-0.00466792,-0.00466792,0.7343665755437112
2011-11-08,2729.284,2746.373,2718.015,2721.661,11066750.0,-0.00054097,-0.00054097,0.733969341340115
2011-11-09,2734.871,2747.798,2704.288,2742.7,9820480.0,0.00773023,0.00773023,0.7396430754945356
2011-11-10,2714.432,2724.762,2694.009,2694.965,11256900.0,-0.01740433,-0.01740433,0.7267700444635328
2011-11-11,2702.722,2710.901,2685.215,2692.008,8204050.0,-0.00109724,-0.00109724,0.7259726096094702
2011-11-14,2714.011,2753.117,2713.005,2752.09,12129430.0,0.02231867,0.02231867,0.7421753424135913
2011-11-15,2748.209,2761.291,2742.085,2751.116,10499090.0,-0.00035395999999999995,-0.00035395999999999995,0.7419126770270992
2011-11-16,2752.819,2753.271,2670.453,2680.037,12567180.0,-0.02583637,-0.02583637,0.7227443063839095
2011-11-17,2682.766,2699.663,2674.74,2676.325,8355230.0,-0.00138511,-0.00138511,0.7217432654037674
2011-11-18,2659.717,2661.506,2613.625,2619.951,9591320.0,-0.021063969999999998,-0.021063969999999998,0.7065404948718359
2011-11-21,2621.294,2626.006,2599.419,2619.686,6619450.0,-0.00010111,-0.00010111,0.7064690304699669
2011-11-22,2604.446,2617.96,2587.811,2611.857,6609560.0,-0.00298857,-0.00298857,0.7043577293294678
2011-11-23,2616.714,2619.685,2583.028,2587.489,7344420.0,-0.009329730000000001,-0.009329730000000001,0.6977862404813798
2011-11-24,2570.706,2603.52,2560.738,2588.302,7190330.0,0.00031419999999999994,0.00031419999999999994,0.6980054878727742
2011-11-25,2583.606,2597.44,2561.968,2568.596,5747410.0,-0.00761351,-0.00761351,0.6926912331436038
2011-11-28,2576.742,2591.997,2563.958,2575.374,6284130.0,0.00263883,0.00263883,0.6945191037695206
2011-11-29,2594.517,2611.236,2583.546,2609.281,7465450.0,0.01316585,0.01316585,0.7036630414079037
2011-11-30,2602.117,2604.499,2512.224,2526.561,9551670.0,-0.03170221,-0.03170221,0.6813553609452545
2011-12-01,2592.874,2623.744,2573.588,2578.674,14292860.0,0.02062608,0.02062608,0.6954090378305305
2011-12-02,2568.759,2570.854,2533.108,2543.992,8037550.0,-0.013449599999999999,-0.013449599999999999,0.6860561005263043
2011-12-05,2547.604,2547.746,2507.297,2512.21,7248850.0,-0.01249296,-0.01249296,0.677485226487814
2011-12-06,2507.721,2516.415,2491.53,2509.033,5907580.0,-0.00126462,-0.00126462,0.6766284626963508
2011-12-07,2509.354,2523.327,2499.393,2513.497,4504450.0,0.00177922,0.00177922,0.6778323007716078
2011-12-08,2513.614,2532.815,2482.222,2510.784,5681200.0,-0.00107943,-0.00107943,0.6771006671026625
2011-12-09,2497.046,2511.988,2490.62,2498.055,5158440.0,-0.00506973,-0.00506973,0.6736679487200576
2011-12-12,2496.057,2499.78,2478.61,2479.999,4908640.0,-0.00722799,-0.00722799,0.6687986610213923
2011-12-13,2472.38,2477.916,2439.919,2441.798,7657340.0,-0.015403610000000002,-0.015403610000000002,0.6584967303957436
2011-12-14,2436.84,2455.814,2416.521,2420.205,5501330.0,-0.00884308,-0.00884308,0.6526735951898686
2011-12-15,2407.529,2409.583,2359.931,2361.291,8432070.0,-0.02434259,-0.02434259,0.6367858451079476
2011-12-16,2358.656,2401.764,2344.162,2401.103,7791920.0,0.01686027,0.01686027,0.647522225361562
2011-12-19,2380.517,2397.596,2330.445,2390.877,7875790.0,-0.00425891,-0.00425891,0.6447645084803839
2011-12-20,2381.787,2409.479,2373.267,2377.081,6553130.0,-0.00577022,-0.00577022,0.641044044751386
2011-12-21,2397.376,2403.838,2347.9,2349.594,6354640.0,-0.01156337,-0.01156337,0.6336314333771496
2011-12-22,2337.462,2367.495,2308.333,2352.024,6983810.0,0.00103419,0.00103419,0.6342867484584387
2011-12-23,2349.066,2389.618,2342.756,2372.515,6903740.0,0.00871206,0.00871206,0.639812699623334
2011-12-26,2360.042,2385.051,2349.357,2357.666,5123820.0,-0.00625871,-0.00625871,0.6358082660257776
2011-12-27,2353.571,2368.762,2327.015,2327.015,5748800.0,-0.013000620000000001,-0.013000620000000001,0.6275423966609242
2011-12-28,2319.493,2333.386,2292.48,2332.737,6435680.0,0.00245902,0.00245902,0.6290854883873178
2011-12-29,2321.114,2345.437,2318.464,2336.476,6282520.0,0.0016028400000000001,0.0016028400000000001,0.6300938106461409
2011-12-30,2342.352,2365.625,2342.352,2363.779,7466310.0,0.011685540000000001,0.011685540000000001,0.6374568014545513
2012-01-04,2380.35,2385.239,2321.955,2321.955,8317510.0,-0.017693689999999998,-0.017693689999999998,0.626177831100709
2012-01-05,2314.525,2345.095,2303.08,2306.653,10047450.0,-0.0065901399999999995,-0.0065901399999999995,0.6220512338275046
2012-01-06,2305.09,2325.653,2294.833,2325.18,8155700.0,0.00803192,0.00803192,0.627047539387605
2012-01-09,2325.849,2403.109,2310.331,2402.595,14088830.0,0.03329422,0.03329422,0.6479245834279337
2012-01-10,2400.576,2475.95,2396.152,2471.191,19142610.0,0.02855077,0.02855077,0.6664233461094604
2012-01-11,2469.844,2477.826,2447.874,2458.86,13340580.0,-0.00498982,-0.00498982,0.6630979591681533
2012-01-12,2453.582,2483.334,2450.266,2460.444,10642540.0,0.00064419,0.00064419,0.663525127517438
2012-01-13,2463.731,2470.749,2406.938,2424.644,10421430.0,-0.01455024,-0.01455024,0.653870691340421
2012-01-16,2412.792,2432.439,2393.61,2393.766,8172090.0,-0.01273504,-0.01273504,0.6455436052992499
2012-01-17,2396.153,2498.818,2375.858,2498.609,15611270.0,0.043798250000000004,0.043798250000000004,0.6738173497715121
2012-01-18,2496.4,2513.174,2453.527,2461.433,14791020.0,-0.01487859,-0.01487859,0.6637918380587529
2012-01-19,2465.267,2518.93,2459.681,2506.632,13486400.0,0.01836287,0.01836287,0.675980968247719
2012-01-20,2514.657,2541.175,2503.362,2537.116,12951120.0,0.01216129,0.01216129,0.6842018015555453
2012-01-30,2539.731,2540.157,2485.553,2485.843,10046240.0,-0.02020915,-0.02020915,0.6703746533403445
2012-01-31,2487.812,2498.746,2474.014,2490.308,6976290.0,0.0017962100000000001,0.0017962100000000001,0.6715787610925898
2012-02-01,2486.901,2505.45,2454.646,2458.769,8253540.0,-0.01266472,-0.01266472,0.6630734185622283
2012-02-02,2467.165,2514.976,2459.895,2514.976,10295040.0,0.022859820000000003,0.022859820000000003,0.6782311530371332
2012-02-03,2506.883,2542.758,2500.669,2532.523,12600750.0,0.00697696,0.00697696,0.6829631751488124
2012-02-06,2537.731,2548.51,2516.716,2530.728,11823770.0,-0.00070875,-0.00070875,0.6824791049550207
2012-02-07,2514.96,2517.771,2469.555,2484.624,9426490.0,-0.018217689999999998,-0.018217689999999998,0.6700459170917472
2012-02-08,2483.171,2556.102,2479.276,2549.035,13421580.0,0.0259238,0.0259238,0.6874160815777204
2012-02-09,2546.458,2563.449,2532.879,2549.198,14366850.0,6.398e-05,6.398e-05,0.6874600389267945
2012-02-10,2540.457,2571.672,2532.879,2546.27,13259030.0,-0.0011485900000000001,-0.0011485900000000001,0.6866704247053893
2012-02-13,2521.285,2562.396,2512.295,2543.172,12264940.0,-0.00121664,-0.00121664,0.6858349653959928
2012-02-14,2540.078,2543.153,2522.172,2535.418,10201650.0,-0.0030490099999999996,-0.0030490099999999996,0.6837438900296076
2012-02-15,2528.604,2571.148,2521.111,2558.803,14587500.0,0.00922334,0.00922334,0.6900502863983098
2012-02-16,2554.578,2565.704,2532.628,2547.815,13262950.0,-0.00429421,-0.00429421,0.6870870756521349
2012-02-17,2562.583,2568.311,2536.806,2548.544,9322740.0,0.00028613,0.00028613,0.6872836701765216
2012-02-20,2581.083,2582.714,2546.027,2547.051,12658090.0,-0.00058579,-0.00058579,0.6868810424331616
2012-02-21,2551.608,2565.753,2529.751,2565.02,10647770.0,0.007054820000000001,0.007054820000000001,0.6917268682338549
2012-02-22,2565.112,2597.943,2557.005,2597.123,18943720.0,0.012515700000000001,0.012515700000000001,0.7003843085855526
2012-02-23,2594.613,2609.355,2587.18,2601.798,17019460.0,0.00180009,0.00180009,0.7016450485053165
2012-02-24,2602.924,2643.298,2598.286,2642.963,22459460.0,0.01582167,0.01582167,0.7127463017239453
2012-02-27,2653.749,2683.89,2649.605,2649.987,26597870.0,0.00265769,0.00265769,0.7146405128889555
2012-02-28,2645.102,2664.037,2636.622,2654.778,18335420.0,0.00180794,0.00180794,0.7159325353393489
2012-02-29,2648.838,2654.268,2623.943,2625.788,13558330.0,-0.01091993,-0.01091993,0.7081145994518707
2012-03-01,2618.5,2640.961,2617.458,2628.857,9712060.0,0.00116873,0.00116873,0.7089422381286099
2012-03-02,2633.559,2671.601,2633.559,2671.601,16456220.0,0.01625959,0.01625959,0.7204693113115824
2012-03-05,2677.148,2686.014,2654.858,2657.203,17961420.0,-0.00538935,-0.00538935,0.7165865020356972
2012-03-06,2649.162,2651.698,2608.989,2616.561,17693570.0,-0.015294970000000001,-0.015294970000000001,0.7056262898818894
2012-03-07,2594.563,2626.352,2592.968,2599.228,14362610.0,-0.00662435,-0.00662435,0.7009519786456816
2012-03-08,2608.176,2636.998,2607.258,2626.786,14141600.0,0.01060233,0.01060233,0.7083837370860792
2012-03-09,2634.964,2650.076,2622.256,2649.614,15469860.0,0.00869052,0.00869052,0.7145399233723625
2012-03-12,2647.553,2650.239,2617.584,2635.598,16868730.0,-0.0052898699999999995,-0.0052898699999999995,0.7107601307059639
2012-03-13,2632.92,2661.471,2630.176,2660.882,14600970.0,0.00959334,0.00959334,0.7175786436752292
2012-03-14,2673.95,2682.225,2576.556,2584.819,26034110.0,-0.02858563,-0.02858563,0.6970662029229263
2012-03-15,2583.621,2600.743,2563.765,2569.299,16031610.0,-0.006004300000000001,-0.006004300000000001,0.6928808160662978
2012-03-16,2574.719,2604.768,2565.782,2603.492,14573420.0,0.013308249999999999,0.013308249999999999,0.7021018813233018
2012-03-19,2596.347,2608.932,2577.929,2607.306,13479100.0,0.00146494,0.00146494,0.7031304293562387
2012-03-20,2603.323,2603.831,2564.931,2567.052,13378930.0,-0.01543889,-0.01543889,0.6922748518738465
2012-03-21,2580.078,2589.941,2551.916,2569.756,13848690.0,0.00105339,0.00105339,0.6930040584498982
2012-03-22,2570.353,2582.968,2555.222,2569.402,11033780.0,-0.00013776,-0.00013776,0.6929085927960809
2012-03-23,2561.906,2567.199,2535.472,2543.334,10954500.0,-0.0101456,-0.0101456,0.6858786530680786
2012-03-26,2543.75,2552.623,2534.046,2545.498,8465390.0,0.0008508799999999999,0.0008508799999999999,0.6864622340705107
2012-03-27,2555.488,2559.364,2535.795,2539.48,9361530.0,-0.0023642,-0.0023642,0.6848393179556144
2012-03-28,2534.402,2536.135,2469.509,2472.659,12144900.0,-0.026312890000000002,-0.026312890000000002,0.6668192319281158
2012-03-29,2463.892,2475.199,2434.566,2445.047,10326630.0,-0.011166849999999999,-0.011166849999999999,0.6593729109303562
2012-03-30,2450.614,2467.554,2448.208,2463.928,8500190.0,0.00772208,0.00772208,0.6644646821442739
2012-04-05,2460.273,2516.41,2446.842,2510.98,13645600.0,0.01909634,0.01909634,0.6771535237923466
2012-04-06,2507.342,2521.875,2500.403,2517.627,11097730.0,0.00264716,0.00264716,0.6789460667328112
2012-04-09,2509.527,2514.991,2491.37,2493.413,7649990.0,-0.00961773,-0.00961773,0.6724161081409037
2012-04-10,2486.785,2515.168,2460.993,2515.168,9430510.0,0.00872494,0.00872494,0.6782829310188647
2012-04-11,2491.379,2531.047,2486.061,2512.143,9468240.0,-0.00120266,-0.00120266,0.6774671581296056
2012-04-12,2515.012,2564.359,2513.003,2564.356,15488510.0,0.0207842,0.0207842,0.6915478027137002
2012-04-13,2568.188,2589.423,2561.88,2574.552,15884860.0,0.00397606,0.00397606,0.6942974292852327
2012-04-16,2559.28,2581.333,2555.398,2568.833,10811500.0,-0.00222136,-0.00222136,0.6927551465898036
2012-04-17,2566.513,2575.387,2535.463,2536.745,10266620.0,-0.012491229999999999,-0.012491229999999999,0.6841017513929288
2012-04-18,2545.518,2593.415,2537.942,2592.213,15478080.0,0.02186573,0.02186573,0.699060194573565
2012-04-19,2589.355,2594.943,2576.692,2586.156,13913320.0,-0.00233657,-0.00233657,0.6974267610561294
2012-04-20,2583.775,2620.694,2581.07,2618.956,17852460.0,0.012682929999999999,0.012682929999999999,0.706272166268592
2012-04-23,2615.749,2621.756,2592.863,2596.465,14742540.0,-0.00858776,-0.00858776,0.700206861127327
2012-04-24,2584.825,2635.31,2557.807,2600.88,19530440.0,0.0017003099999999998,0.0017003099999999998,0.701397485030163
2012-04-25,2594.172,2622.46,2588.543,2616.998,16778100.0,0.006197200000000001,0.006197200000000001,0.7057441387257261
2012-04-26,2623.358,2629.192,2602.012,2615.11,16590600.0,-0.00072141,-0.00072141,0.7052349885720332
2012-04-27,2613.948,2621.498,2601.964,2604.706,12044750.0,-0.00397844,-0.00397844,0.7024292691869581
2012-05-02,2640.677,2673.554,2626.935,2658.564,22844280.0,0.020677150000000002,0.020677150000000002,0.7169535324166166
2012-05-03,2655.153,2667.455,2646.922,2664.436,18264960.0,0.00220874,0.00220874,0.7185370756912381
2012-05-04,2661.437,2679.588,2645.535,2678.973,17338980.0,0.00545589,0.00545589,0.7224573700684809
2012-05-07,2661.211,2677.636,2656.699,2677.454,19953860.0,-0.00056693,-0.00056693,0.7220477307234282
2012-05-08,2676.306,2677.161,2646.405,2664.14,17318750.0,-0.00497271,-0.00497271,0.7184572513027353
2012-05-09,2643.398,2643.398,2611.795,2614.857,15147360.0,-0.01849864,-0.01849864,0.7051667602940224
2012-05-10,2617.535,2625.653,2605.727,2615.847,10902800.0,0.0003786,0.0003786,0.7054337405123253
2012-05-11,2609.116,2626.315,2595.517,2596.556,11346800.0,-0.00737467,-0.00737467,0.7002314017332517
2012-05-14,2614.709,2615.844,2576.105,2578.03,13371320.0,-0.007134789999999999,-0.007134789999999999,0.6952353658501396
2012-05-15,2561.952,2573.375,2551.136,2572.067,11467930.0,-0.00231306,-0.00231306,0.6936272819695934
2012-05-16,2565.145,2570.245,2533.78,2534.97,11280850.0,-0.014422999999999998,-0.014422999999999998,0.6836230747389007
2012-05-17,2537.7,2584.299,2535.127,2579.289,12374080.0,0.017483079999999998,0.017483079999999998,0.6955748891782643
2012-05-18,2561.286,2564.725,2534.074,2541.662,11819770.0,-0.014588110000000001,-0.014588110000000001,0.6854277531438335
2012-05-21,2539.406,2561.621,2526.14,2547.595,10217940.0,0.00233425,0.00233425,0.6870277467147342
2012-05-22,2557.797,2583.495,2557.209,2582.709,11731790.0,0.0137832,0.0137832,0.6964971844778564
2012-05-23,2576.541,2589.726,2557.961,2575.872,12927430.0,-0.00264719,-0.00264719,0.6946534029096366
2012-05-24,2572.699,2584.624,2548.517,2554.494,12500610.0,-0.00829939,-0.00829939,0.6888882482562214
2012-05-25,2552.947,2559.349,2529.123,2536.899,9346010.0,-0.00688785,-0.00688785,0.6841432816491092
2012-05-28,2525.07,2567.475,2509.451,2567.316,13747220.0,0.01198983,0.01198983,0.6923460465987272
2012-05-29,2565.127,2606.321,2562.972,2599.089,18711520.0,0.01237604,0.01237604,0.7009144935443239
2012-05-30,2595.372,2600.86,2585.239,2592.052,13192440.0,-0.00270753,-0.00270753,0.6990167765784673
2012-05-31,2572.988,2594.052,2567.2,2580.99,12259180.0,-0.00426767,-0.00426767,0.6960336097351666
2012-06-01,2581.08,2598.859,2571.53,2581.398,11803190.0,0.00015806000000000001,0.00015806000000000001,0.6961436379463461
2012-06-04,2548.282,2553.709,2509.749,2509.972,14303720.0,-0.02766951,-0.02766951,0.6768816893882564
2012-06-05,2516.889,2526.764,2503.303,2513.039,10323060.0,0.0012219800000000001,0.0012219800000000001,0.6777087887110192
2012-06-06,2516.213,2524.872,2497.421,2506.671,8930850.0,-0.00253405,-0.00253405,0.6759914856502581
2012-06-07,2520.002,2523.283,2479.538,2484.364,8891320.0,-0.00889901,-0.00889901,0.6699758010748192
2012-06-08,2498.115,2498.688,2462.52,2466.244,10503920.0,-0.0072936599999999996,-0.0072936599999999996,0.6650892540489101
2012-06-11,2464.745,2496.039,2458.982,2489.797,9101050.0,0.00955024,0.00955024,0.6714409561516274
2012-06-12,2477.072,2480.142,2455.006,2465.273,9312990.0,-0.00984987,-0.00984987,0.6648273976933826
2012-06-13,2470.849,2499.311,2459.44,2498.487,12392480.0,0.013472789999999998,0.013472789999999998,0.6737844491789535
2012-06-14,2485.615,2498.589,2473.537,2474.978,11469230.0,-0.009409309999999999,-0.009409309999999999,0.6674446128637164
2012-06-15,2481.387,2500.342,2464.46,2492.958,10748640.0,0.0072647,0.0072647,0.6722934051112797
2012-06-18,2502.24,2515.686,2498.177,2503.991,8858950.0,0.00442565,0.00442565,0.6752687513219229
2012-06-19,2501.011,2501.738,2483.874,2485.795,8112690.0,-0.00726682,-0.00726682,0.6703617088449118
2012-06-20,2491.005,2497.453,2481.005,2483.43,6670680.0,-0.0009514,-0.0009514,0.6697239227678545
2012-06-21,2477.684,2477.684,2431.894,2437.788,9975680.0,-0.01837855,-0.01837855,0.6574153256731226
2012-06-25,2427.046,2427.046,2392.036,2393.649,9948260.0,-0.01810623,-0.01810623,0.6455120530916322
2012-06-26,2384.044,2400.5,2376.454,2393.148,7665350.0,-0.00020929,-0.00020929,0.6453769449205516
2012-06-27,2391.161,2403.319,2380.071,2383.361,6361950.0,-0.00408954,-0.00408954,0.6427376162371867
2012-06-28,2388.283,2392.623,2360.927,2361.881,7439290.0,-0.00901247,-0.00901247,0.6369449545309765
2012-06-29,2355.582,2396.068,2353.976,2394.097,9084220.0,0.0136399,0.0136399,0.6456328683823391
2012-07-02,2405.448,2405.448,2379.907,2388.617,10194360.0,-0.00228896,-0.00228896,0.6441550384870862
2012-07-03,2389.12,2406.216,2380.172,2389.582,10014120.0,0.00040404000000000004,0.00040404000000000004,0.6444152767806846
2012-07-04,2395.87,2402.407,2385.447,2391.793,7871930.0,0.0009252399999999999,0.0009252399999999999,0.6450115326015612
2012-07-05,2380.732,2380.804,2348.162,2356.069,8295050.0,-0.014936020000000001,-0.014936020000000001,0.6353775918756464
2012-07-06,2355.186,2386.436,2336.576,2380.699,13740880.0,0.0104538,0.0104538,0.6420197360946387
2012-07-09,2364.385,2369.313,2313.312,2316.022,12233580.0,-0.02716723,-0.02716723,0.6245778375298083
2012-07-10,2312.515,2327.411,2305.736,2310.771,9050400.0,-0.0022672400000000002,-0.0022672400000000002,0.6231617636648499
2012-07-11,2307.268,2330.926,2306.661,2330.64,9442640.0,0.00859838,0.00859838,0.6285199757430943
2012-07-12,2325.367,2363.182,2308.867,2353.33,16037350.0,0.0097356,0.0097356,0.6346389466050081
2012-07-13,2345.299,2368.024,2341.721,2352.192,9914780.0,-0.00048364999999999997,-0.00048364999999999997,0.6343320541924538
2012-07-16,2356.111,2356.111,2316.795,2317.424,9683220.0,-0.014781029999999999,-0.014781029999999999,0.6249559246672435
2012-07-17,2312.395,2348.225,2312.358,2339.048,9002300.0,0.00933106,0.00933106,0.6307874198597523
2012-07-18,2336.419,2349.114,2313.811,2348.462,9149630.0,0.0040246399999999995,0.0040246399999999995,0.6333261590265243
2012-07-19,2341.023,2373.227,2334.864,2354.588,11567090.0,0.00260851,0.00260851,0.6349782002561446
2012-07-20,2348.21,2350.032,2323.731,2328.55,8230010.0,-0.01105834,-0.01105834,0.627956350837788
2012-07-23,2312.587,2312.587,2282.491,2291.452,8200550.0,-0.01593186,-0.01593186,0.6179518739301072
2012-07-24,2279.605,2311.329,2278.598,2297.45,7443830.0,0.00261757,0.00261757,0.6195693965052397
2012-07-25,2290.721,2304.095,2280.273,2282.379,5405050.0,-0.0065599,-0.0065599,0.6155050946163061
2012-07-26,2281.53,2296.534,2271.593,2273.676,6082200.0,-0.00381308,-0.00381308,0.6131580957881335
2012-07-27,2281.422,2298.14,2274.333,2280.953,7381770.0,0.00320048,0.00320048,0.6151205352311545
2012-07-30,2283.304,2294.635,2268.744,2270.862,6761320.0,-0.004423949999999999,-0.004423949999999999,0.6123992247433815
2012-07-31,2272.968,2285.678,2266.708,2271.364,6483900.0,0.00022103999999999998,0.00022103999999999998,0.6125346025914502
2012-08-01,2270.732,2300.1,2270.24,2293.204,7237080.0,0.00961541,0.00961541,0.618424348013407
2012-08-02,2285.669,2292.07,2264.56,2273.244,6757060.0,-0.008704070000000001,-0.008704070000000001,0.6130415953292377
2012-08-03,2278.159,2291.083,2272.457,2290.907,6496670.0,0.00776999,0.00776999,0.6178048999715464
2012-08-06,2288.933,2318.134,2287.269,2314.635,9027030.0,0.010357479999999999,0.010357479999999999,0.6242037955471961
2012-08-07,2311.708,2315.531,2304.953,2313.215,7820780.0,-0.00061345,-0.00061345,0.6238208542239736
2012-08-08,2316.631,2326.901,2311.572,2317.827,7976900.0,0.00199368,0.00199368,0.6250646044934821
2012-08-09,2317.904,2331.709,2304.305,2330.753,8185190.0,0.005576790000000001,0.005576790000000001,0.6285504492427592
2012-08-10,2333.275,2338.172,2321.709,2324.635,7828650.0,-0.00262487,-0.00262487,0.6269005654290444
2012-08-13,2320.804,2320.973,2277.789,2279.048,10577420.0,-0.019610350000000002,-0.019610350000000002,0.6146068005686623
2012-08-14,2279.91,2285.223,2259.413,2283.712,8424210.0,0.00204639,0.00204639,0.6158645740415565
2012-08-15,2279.145,2279.145,2252.644,2254.08,6096020.0,-0.012975289999999999,-0.012975289999999999,0.6078735055276636
2012-08-16,2250.971,2259.247,2245.738,2248.07,5137250.0,-0.0026662799999999996,-0.0026662799999999996,0.6062527468286728
2012-08-17,2247.38,2254.114,2235.798,2249.495,5322680.0,0.0006339000000000001,0.0006339000000000001,0.6066370365368361
2012-08-20,2232.68,2244.174,2221.351,2239.026,5199170.0,-0.00465404,-0.00465404,0.6038137881475291
2012-08-21,2238.602,2256.129,2232.43,2247.255,6484560.0,0.00367526,0.00367526,0.6060329600833021
2012-08-22,2248.351,2251.882,2229.697,2238.304,6379450.0,-0.00398305,-0.00398305,0.6036190813620598
2012-08-23,2239.119,2252.022,2229.458,2242.05,6047870.0,0.0016736300000000002,0.0016736300000000002,0.6046292913598001
2012-08-24,2234.475,2237.079,2217.663,2218.826,5737400.0,-0.01035843,-0.01035843,0.5983663129861956
2012-08-27,2213.75,2213.959,2171.731,2172.266,7480230.0,-0.02098399,-0.02098399,0.5858101524163098
2012-08-28,2173.166,2202.656,2170.997,2190.389,7939100.0,0.00834281,0.00834281,0.5906975084731836
2012-08-29,2181.82,2192.816,2169.001,2169.636,6383350.0,-0.00947454,-0.00947454,0.5851009019373837
2012-08-30,2158.334,2181.718,2154.063,2175.378,8355620.0,0.0026465,0.0026465,0.5866493872035411
2012-08-31,2169.927,2180.316,2167.644,2168.274,5289510.0,-0.00326564,-0.00326564,0.584733601879476
2012-09-03,2164.446,2190.746,2161.098,2180.966,8363470.0,0.00585357,0.00585357,0.5881563422135179
2012-09-04,2182.063,2185.151,2151.92,2156.702,7033070.0,-0.011125419999999999,-0.011125419999999999,0.5816128997722012
2012-09-05,2151.929,2157.03,2135.022,2145.612,6824620.0,-0.00514204,-0.00514204,0.5786221819732313
2012-09-06,2148.94,2160.95,2142.023,2159.027,5979600.0,0.00625231,0.00625231,0.5822398987697309
2012-09-07,2173.19,2273.402,2173.19,2253.372,19858030.0,0.04369791,0.04369791,0.6076825742200287
2012-09-10,2254.126,2267.103,2245.81,2260.052,14143250.0,0.0029644199999999997,0.0029644199999999997,0.6094840165011034
2012-09-11,2250.461,2250.461,2230.17,2248.611,9955230.0,-0.00506224,-0.00506224,0.6063986420792807
2012-09-12,2259.539,2268.639,2234.515,2254.182,10278070.0,0.00247744,0.00247744,0.6079010125804584
2012-09-13,2252.821,2259.865,2238.318,2238.318,8611890.0,-0.0070374800000000005,-0.0070374800000000005,0.6036228568398944
2012-09-14,2256.983,2270.712,2242.682,2257.251,12164200.0,0.00845852,0.00845852,0.6087286512571978
2012-09-17,2252.898,2254.48,2206.112,2207.477,9073620.0,-0.02205068,-0.02205068,0.5953057488472859
2012-09-18,2200.273,2202.219,2180.776,2185.799,6666450.0,-0.00982025,-0.00982025,0.5894596910974151
2012-09-19,2186.141,2196.635,2180.13,2191.776,6933270.0,0.0027343800000000002,0.0027343800000000002,0.5910715504557958
2012-09-20,2184.669,2184.669,2146.661,2147.603,8287720.0,-0.02015391,-0.02015391,0.5791591088567074
2012-09-21,2143.568,2169.314,2142.193,2153.71,7189890.0,0.0028436,0.0028436,0.5808060262235522
2012-09-24,2139.886,2175.35,2129.153,2164.305,7930250.0,0.00491941,0.00491941,0.5836632539133704
2012-09-25,2159.968,2175.873,2155.766,2163.769,7116850.0,-0.0002476,-0.0002476,0.5835187070477033
2012-09-26,2162.611,2169.641,2139.877,2143.016,6383850.0,-0.0095911,-0.0095911,0.5779221005119035
2012-09-27,2144.362,2227.716,2144.228,2209.712,13214570.0,0.031122399999999998,0.031122399999999998,0.595908476915879
2012-09-28,2193.406,2246.576,2191.215,2242.933,13778390.0,0.01503417,0.01503417,0.6048674161403673
2012-10-08,2240.602,2254.814,2212.376,2224.8,8098770.0,-0.00808453,-0.00808453,0.5999773633136118
2012-10-09,2237.163,2279.225,2237.163,2268.591,12521220.0,0.01968313,0.01968313,0.6117867883032136
2012-10-10,2264.28,2271.9,2252.966,2269.546,9055240.0,0.00042089,0.00042089,0.6120443298269301
2012-10-11,2263.48,2267.246,2246.867,2247.982,8756170.0,-0.00950144,-0.00950144,0.6062290152537125
2012-10-12,2256.222,2277.475,2237.49,2254.35,8126250.0,0.0028328399999999997,0.0028328399999999997,0.6079463183144734
2012-10-15,2255.246,2258.219,2234.252,2249.712,6228780.0,-0.0020574400000000002,-0.0020574400000000002,0.6066955564432722
2012-10-16,2248.393,2265.447,2240.747,2248.541,7390430.0,-0.00052047,-0.00052047,0.6063797646901079
2012-10-17,2256.111,2267.593,2236.898,2255.416,7933330.0,0.00305754,0.00305754,0.6082337939838786
2012-10-18,2261.244,2291.552,2259.681,2285.284,11122730.0,0.013242750000000001,0.013242750000000001,0.6162885062669831
2012-10-19,2284.996,2289.632,2274.699,2276.184,7519950.0,-0.00398194,-0.00398194,0.6138344456745012
2012-10-22,2267.228,2293.951,2263.35,2287.457,7459970.0,0.00495256,0.00495256,0.6168745143623087
2012-10-23,2287.175,2292.202,2257.417,2260.238,8141630.0,-0.01189924,-0.01189924,0.6095341764209057
2012-10-24,2252.323,2269.341,2251.262,2258.601,6984260.0,-0.00072424,-0.00072424,0.6090927151912472
2012-10-25,2257.002,2272.63,2240.374,2241.499,7685380.0,-0.00757197,-0.00757197,0.6044806993393101
2012-10-26,2242.701,2245.676,2200.441,2209.896,7724000.0,-0.014099060000000002,-0.014099060000000002,0.595958097481705
2012-10-29,2205.031,2210.821,2189.419,2197.639,6027860.0,-0.0055464500000000005,-0.0055464500000000005,0.5926526666375236
2012-10-30,2198.278,2217.321,2191.637,2201.966,6451150.0,0.001969,0.001969,0.5938195589653993
2012-10-31,2202.08,2214.648,2193.971,2213.338,7210760.0,0.0051644,0.0051644,0.5968863256750373
2012-11-01,2214.414,2260.288,2214.294,2253.334,10898350.0,0.018070489999999998,0.018070489999999998,0.6076723264944777
2012-11-02,2254.352,2269.417,2245.37,2266.616,8834870.0,0.0058943699999999995,0.0058943699999999995,0.6112541762515487
2012-11-05,2264.011,2279.641,2257.598,2265.328,8646370.0,-0.0005682899999999999,-0.0005682899999999999,0.6109068322907666
2012-11-06,2266.582,2268.959,2226.91,2257.553,8502540.0,-0.00343213,-0.00343213,0.6088100937076295
2012-11-07,2254.311,2264.603,2240.27,2252.915,6632360.0,-0.00205441,-0.00205441,0.6075593318364283
2012-11-08,2236.56,2237.986,2211.629,2211.83,7270970.0,-0.01823636,-0.01823636,0.5964796527768544
2012-11-09,2208.063,2216.666,2200.684,2206.79,6123940.0,-0.00227867,-0.00227867,0.5951204807564029
2012-11-12,2210.028,2220.614,2202.766,2219.914,6941600.0,0.00594711,0.00594711,0.5986597215493408
2012-11-13,2219.759,2219.769,2178.201,2184.225,7447420.0,-0.016076729999999997,-0.016076729999999997,0.5890352195180122
2012-11-14,2184.159,2196.562,2178.531,2195.235,5740850.0,0.00504069,0.00504069,0.5920043631579273
2012-11-15,2183.732,2192.175,2165.826,2166.314,5829280.0,-0.013174509999999999,-0.013174509999999999,0.5842050349826337
2012-11-16,2163.022,2167.071,2141.053,2152.695,6883180.0,-0.006286669999999999,-0.006286669999999999,0.5805323040805446
2012-11-19,2151.979,2157.306,2135.394,2156.483,6649960.0,0.00175958,0.00175958,0.5815538405117887
2012-11-20,2160.753,2163.729,2142.113,2144.27,5272340.0,-0.00566334,-0.00566334,0.5782602754550873
2012-11-21,2145.283,2172.454,2134.679,2171.962,6700500.0,0.01291437,0.01291437,0.5857281706119016
2012-11-22,2161.271,2164.241,2150.948,2156.538,5559050.0,-0.00710133,-0.00710133,0.5815686727461388
2012-11-23,2165.333,2179.927,2159.293,2172.451,6784130.0,0.00737888,0.00737888,0.5858600426591241
2012-11-26,2165.464,2170.459,2155.919,2158.84,5222460.0,-0.006265199999999999,-0.006265199999999999,0.5821894691729403
2012-11-27,2152.66,2156.915,2134.526,2135.117,6710330.0,-0.01098884,-0.01098884,0.5757919219822316
2012-11-28,2129.781,2132.429,2117.413,2121.601,5941040.0,-0.00633027,-0.00633027,0.5721469678099255
2012-11-29,2122.29,2131.95,2100.348,2101.963,6078270.0,-0.0092563,-0.0092563,0.5668510511159517
2012-11-30,2101.129,2124.469,2094.886,2122.615,6653450.0,0.00982515,0.00982515,0.5724204202759448
2012-12-03,2120.407,2130.782,2094.379,2095.633,7174580.0,-0.012711650000000001,-0.012711650000000001,0.5651439957807416
2012-12-04,2094.518,2121.407,2089.095,2116.31,7020060.0,0.009866709999999999,0.009866709999999999,0.5707201068654394
2012-12-05,2115.72,2198.429,2113.711,2188.238,17710320.0,0.03398745,0.03398745,0.5901174332715979
2012-12-06,2185.595,2197.46,2176.351,2188.368,11000510.0,5.935e-05,5.935e-05,0.590152491280062
2012-12-07,2190.131,2238.965,2185.677,2233.744,16448810.0,0.02073508,0.02073508,0.6023893542959369
2012-12-10,2243.487,2259.983,2238.739,2254.457,15684470.0,0.00927283,0.00927283,0.6079751737522092
2012-12-11,2246.808,2259.84,2237.336,2245.709,10432890.0,-0.00388033,-0.00388033,0.6056160394595683
2012-12-12,2246.315,2263.079,2236.444,2252.039,9014570.0,0.00281874,0.00281874,0.6073230947947784
2012-12-13,2244.961,2250.607,2226.839,2227.787,7897800.0,-0.01076889,-0.01076889,0.6007828884773198
2012-12-14,2232.399,2344.716,2232.399,2341.72,23405260.0,0.05114172,0.05114172,0.6315079967721822
2012-12-17,2347.033,2371.477,2343.277,2356.291,20371830.0,0.0062223700000000005,0.0062223700000000005,0.6354374601670234
2012-12-18,2350.953,2391.15,2340.649,2359.989,17953280.0,0.00156942,0.00156942,0.6364347256693309
2012-12-19,2358.014,2381.306,2353.339,2364.719,13672880.0,0.00200424,0.00200424,0.6377102978234451
2012-12-20,2354.915,2384.713,2341.479,2375.138,13684810.0,0.004406,0.004406,0.6405200623633428
2012-12-21,2378.0,2400.544,2353.06,2356.816,15880420.0,-0.00771409,-0.00771409,0.6355790405858204
2012-12-24,2357.268,2390.858,2356.136,2371.53,12684470.0,0.006243220000000001,0.006243220000000001,0.6395470677899721
2012-12-25,2365.25,2452.958,2358.967,2444.262,21946190.0,0.03066878,0.03066878,0.6591612144946312
2012-12-26,2439.934,2450.349,2435.67,2448.067,16268870.0,0.00155668,0.00155668,0.6601873354346743
2012-12-27,2454.909,2469.913,2432.996,2434.654,16923700.0,-0.00547895,-0.00547895,0.6565701579921512
2012-12-28,2440.311,2481.813,2438.285,2480.315,17604430.0,0.018754569999999998,0.018754569999999998,0.6688838789496588
2012-12-31,2484.254,2530.932,2484.254,2530.559,21536760.0,0.02025716,0.02025716,0.6824335295440175
2013-01-04,2562.026,2570.604,2509.51,2533.882,30726760.0,0.00131315,0.00131315,0.6833296661757556
2013-01-07,2528.33,2570.517,2522.001,2557.825,23620980.0,0.00944909,0.00944909,0.689786542303865
2013-01-08,2558.143,2565.296,2520.785,2539.622,23465830.0,-0.00711655,-0.00711655,0.6848776120879365
2013-01-09,2529.149,2544.772,2514.139,2536.052,22424770.0,-0.00140575,-0.00140575,0.6839148652401168
2013-01-10,2535.785,2562.287,2523.789,2539.103,22089670.0,0.00120306,0.00120306,0.6847376497310687
2013-01-11,2540.868,2546.632,2477.504,2488.882,22748760.0,-0.01977901,-0.01977901,0.6711942017074383
2013-01-14,2480.217,2596.897,2480.217,2589.423,30702580.0,0.040396049999999996,0.040396049999999996,0.6983077957765292
2013-01-15,2588.217,2605.597,2581.774,2595.637,27521790.0,0.0023997099999999998,0.0023997099999999998,0.6999835685811099
2013-01-16,2591.47,2595.0,2531.513,2563.553,25616480.0,-0.012360739999999999,-0.012360739999999999,0.6913312520921877
2013-01-17,2557.366,2565.058,2528.416,2545.128,21228790.0,-0.00718731,-0.00718731,0.6863624535848823
2013-01-18,2561.596,2601.297,2547.379,2585.712,24423270.0,0.01594576,0.01594576,0.6973070244733754
2013-01-21,2592.656,2611.919,2571.236,2610.977,28171430.0,0.00977106,0.00977106,0.7041204135798651
2013-01-22,2606.732,2630.662,2582.66,2604.441,33568160.0,-0.0025033300000000002,-0.0025033300000000002,0.702357804785089
2013-01-23,2594.019,2618.314,2580.698,2617.532,23635950.0,0.00502644,0.00502644,0.7058881462374168
2013-01-24,2617.475,2685.233,2581.211,2602.12,38831390.0,-0.00588794,-0.00588794,0.7017318844955122
2013-01-25,2602.786,2609.855,2586.771,2590.988,18497530.0,-0.00427808,-0.00427808,0.6987298402630385
2013-01-28,2599.691,2691.906,2599.691,2691.189,34988080.0,0.03867286,0.03867286,0.7257517441561468
2013-01-29,2693.769,2742.142,2678.915,2725.57,38548000.0,0.01277543,0.01277543,0.7350235086869296
2013-01-30,2728.62,2738.351,2705.542,2737.058,34277190.0,0.00421491,0.00421491,0.7381215579271968
2013-01-31,2739.278,2751.136,2719.125,2747.543,30830170.0,0.0038307000000000003,0.0038307000000000003,0.7409491211483148
2013-02-01,2737.237,2830.303,2729.993,2827.135,37494740.0,0.02896844,0.02896844,0.7624132519919219
2013-02-04,2834.989,2870.583,2818.506,2838.89,47937660.0,0.00415788,0.00415788,0.7655833049880345
2013-02-05,2812.711,2855.043,2807.462,2846.054,38496010.0,0.0025235400000000003,0.0025235400000000003,0.7675152709313907
2013-02-06,2844.583,2862.278,2831.193,2849.304,29757520.0,0.00114193,0.00114193,0.7683917211429914
2013-02-07,2844.605,2848.054,2757.613,2802.762,37828140.0,-0.01633451,-0.01633451,0.755840414758893
2013-02-08,2795.339,2816.057,2771.977,2792.694,30340050.0,-0.00359212,-0.00359212,0.7531253068418481
2013-02-18,2809.372,2814.814,2767.145,2770.001,27655770.0,-0.00812589,-0.00812589,0.7470055269489698
2013-02-19,2767.612,2778.033,2725.937,2736.572,26815080.0,-0.01206821,-0.01206821,0.737990494910939
2013-02-20,2738.426,2741.022,2695.851,2736.205,27715620.0,-0.00013409,-0.00013409,0.7378915234562752
2013-02-21,2709.353,2709.353,2601.37,2628.509,39591400.0,-0.03935964,-0.03935964,0.7088483905367217
2013-02-22,2626.073,2633.979,2593.448,2600.307,23173390.0,-0.010729329999999999,-0.010729329999999999,0.701242960115933
2013-02-25,2614.17,2641.507,2605.826,2620.091,20432040.0,0.0076083999999999995,0.0076083999999999995,0.7065782496501817
2013-02-26,2599.409,2659.474,2586.558,2588.941,34283300.0,-0.011888959999999999,-0.011888959999999999,0.6981778114682242
2013-02-27,2597.242,2646.669,2595.662,2624.575,24928620.0,0.013763939999999999,0.013763939999999999,0.7077874812652024
2013-02-28,2644.15,2713.671,2620.043,2712.248,34143730.0,0.03340468,0.03340468,0.7314308718503312
2013-03-01,2711.198,2720.539,2655.844,2704.466,29520030.0,-0.0028692,-0.0028692,0.7293322455282768
2013-03-04,2657.267,2659.756,2555.654,2575.145,41111530.0,-0.04781759,-0.04781759,0.6944573477392263
2013-03-05,2578.838,2687.97,2578.587,2685.241,35301980.0,0.0427533,0.0427533,0.7241477054304235
2013-03-06,2698.281,2725.545,2674.398,2712.165,34516940.0,0.01002669,0.01002669,0.7314084886603118
2013-03-07,2699.8,2722.528,2645.61,2673.226,33006380.0,-0.01435715,-0.01435715,0.7209075364173827
2013-03-08,2675.977,2688.84,2655.168,2667.832,22321570.0,-0.0020177999999999997,-0.0020177999999999997,0.7194528987431137
2013-03-11,2662.688,2663.866,2618.723,2638.263,18976680.0,-0.011083570000000001,-0.011083570000000001,0.7114788198794765
2013-03-12,2635.192,2663.192,2568.483,2592.094,25696400.0,-0.01749975,-0.01749975,0.699028103011971
2013-03-13,2588.999,2598.807,2556.081,2567.676,19227780.0,-0.00942017,-0.00942017,0.6924431303144738
2013-03-14,2560.666,2592.842,2553.198,2577.333,18293420.0,0.0037609799999999997,0.0037609799999999997,0.6950474009893748
2013-03-15,2577.459,2658.815,2550.383,2589.293,30099450.0,0.00464044,0.00464044,0.6982727377680653
2013-03-18,2577.605,2600.134,2552.441,2555.556,21823580.0,-0.01302945,-0.01302945,0.6891746452176737
2013-03-19,2559.594,2591.077,2547.086,2586.034,19261690.0,0.01192618,0.01192618,0.697393860463571
2013-03-20,2588.73,2680.555,2587.44,2680.098,33437190.0,0.036373829999999996,0.036373829999999996,0.7227607566801889
2013-03-21,2680.626,2692.213,2662.4,2679.444,24656880.0,-0.00024395,-0.00024395,0.722584387929916
2013-03-22,2677.131,2691.26,2666.003,2680.529,18859050.0,0.00040492,0.00040492,0.7228769874620965
2013-03-25,2693.075,2709.962,2668.154,2672.025,19622370.0,-0.0031725599999999996,-0.0031725599999999996,0.7205836543545727
2013-03-26,2661.244,2661.901,2602.376,2620.309,22276220.0,-0.01935454,-0.01935454,0.7066370392336061
2013-03-27,2622.373,2661.776,2610.489,2629.942,19186190.0,0.0036762099999999996,0.0036762099999999996,0.7092348376607905
2013-03-28,2560.295,2560.295,2507.333,2519.016,35985130.0,-0.04217803,-0.04217803,0.6793206480694
2013-03-29,2520.429,2528.906,2499.627,2522.285,20107930.0,0.00129765,0.00129765,0.6802022221437761
2013-04-01,2510.085,2530.268,2506.859,2515.214,14387650.0,-0.00280333,-0.00280333,0.6782953361603212
2013-04-02,2519.146,2543.111,2495.141,2509.638,17835120.0,-0.00221698,-0.00221698,0.6767916172742026
2013-04-03,2517.323,2536.592,2505.519,2515.17,15134130.0,0.0022042999999999997,0.0022042999999999997,0.6782834703728411
2013-04-08,2469.387,2499.31,2458.789,2497.337,16055370.0,-0.007090180000000001,-0.007090180000000001,0.673474320642541
2013-04-09,2505.113,2531.485,2504.87,2512.941,14640410.0,0.00624826,0.00624826,0.677682360366177
2013-04-10,2511.97,2516.511,2485.395,2503.299,14034820.0,-0.0038368799999999995,-0.0038368799999999995,0.6750821348460989
2013-04-11,2521.714,2528.146,2497.072,2500.001,13074540.0,-0.0013175,-0.0013175,0.6741927401390655
2013-04-12,2499.166,2512.456,2481.126,2483.286,12046240.0,-0.006686029999999999,-0.006686029999999999,0.6696850892815559
2013-04-15,2475.248,2485.541,2453.616,2461.53,12868330.0,-0.00876092,-0.00876092,0.6638179967266068
2013-04-16,2447.136,2468.553,2422.838,2466.086,17691810.0,0.00185084,0.00185084,0.6650466450847768
2013-04-17,2461.037,2463.449,2428.319,2446.399,13585720.0,-0.0079831,-0.0079831,0.659737514218382
2013-04-18,2424.421,2461.372,2417.145,2458.149,14740820.0,0.00480298,0.00480298,0.6629062188295538
2013-04-19,2463.075,2557.544,2460.425,2546.202,26441830.0,0.03582085,0.03582085,0.6866520866701928
2013-04-22,2533.73,2552.379,2532.934,2551.28,18485870.0,0.00199439,0.00199439,0.6880215064161954
2013-04-23,2557.155,2557.155,2472.27,2474.715,19640280.0,-0.030010400000000003,-0.030010400000000003,0.6673736878158238
2013-04-24,2478.967,2538.51,2467.231,2520.552,18606210.0,0.0185221,0.0185221,0.6797348719232519
2013-04-25,2509.881,2530.434,2479.464,2496.104,16670640.0,-0.00969946,-0.00969946,0.6731418089161091
2013-04-26,2505.536,2515.542,2468.23,2474.5,13417390.0,-0.008655089999999999,-0.008655089999999999,0.667315707263364
2013-05-02,2460.888,2482.462,2447.024,2481.071,13494390.0,0.0026555,0.0026555,0.6690877547527265
2013-05-03,2489.563,2555.204,2489.147,2523.522,20198010.0,0.01710992,0.01710992,0.6805358125781608
2013-05-06,2531.603,2561.09,2527.664,2549.819,17337040.0,0.0104208,0.0104208,0.6876275083364572
2013-05-07,2543.662,2554.157,2527.395,2547.792,16341520.0,-0.000795,-0.000795,0.6870808730814066
2013-05-08,2558.014,2578.704,2541.872,2553.751,17391030.0,0.00233888,0.00233888,0.6886878782540001
2013-05-09,2554.899,2556.362,2519.437,2539.818,18117390.0,-0.00545584,-0.00545584,0.6849304687776209
2013-05-10,2534.271,2560.787,2530.129,2554.392,16175250.0,0.0057382,0.0057382,0.6888607412034264
2013-05-13,2555.813,2560.186,2534.249,2547.477,16687290.0,-0.00270712,-0.00270712,0.6869959248301284
2013-05-14,2542.253,2543.588,2508.912,2522.442,16383740.0,-0.00982743,-0.00982743,0.6802445614309212
2013-05-15,2523.265,2536.622,2520.657,2536.504,13212560.0,0.00557476,0.00557476,0.6840367592387763
2013-05-16,2530.708,2576.089,2511.952,2574.46,22122690.0,0.014963919999999999,0.014963919999999999,0.6942726190023197
2013-05-17,2571.496,2613.956,2563.508,2606.193,24468850.0,0.012326140000000001,0.012326140000000001,0.702830278868389
2013-05-20,2611.148,2649.22,2601.427,2629.804,27607950.0,0.00905951,0.00905951,0.709197622236421
2013-05-21,2624.593,2633.461,2603.936,2623.323,21409780.0,-0.00246443,-0.00246443,0.7074498456759951
2013-05-22,2623.042,2634.957,2612.306,2625.846,21912410.0,0.00096174,0.00096174,0.7081302407171854
2013-05-23,2610.997,2622.794,2577.147,2579.435,20341340.0,-0.01767464,-0.01767464,0.6956142620185393
2013-05-24,2588.359,2605.421,2569.467,2589.423,15867800.0,0.0038721800000000002,0.0038721800000000002,0.6983077957765292
2013-05-27,2586.91,2605.357,2584.59,2591.84,16651670.0,0.00093341,0.00093341,0.6989596050569721
2013-05-28,2592.744,2640.685,2581.196,2639.607,23874720.0,0.0184297,0.0184297,0.7118412657515969
2013-05-29,2644.159,2655.223,2630.528,2632.814,23018250.0,-0.0025734800000000004,-0.0025734800000000004,0.7100093499708573
2013-05-30,2626.933,2643.482,2621.109,2632.26,20753850.0,-0.0002104,-0.0002104,0.709859948919403
2013-05-31,2636.283,2645.831,2609.676,2613.037,19677380.0,-0.00730281,-0.00730281,0.7046759481755259
2013-06-03,2607.859,2625.589,2596.298,2603.853,18194820.0,-0.00351471,-0.00351471,0.7021992347160365
2013-06-04,2600.581,2600.581,2566.199,2573.512,17751190.0,-0.01165237,-0.01165237,0.6940169652175205
2013-06-05,2571.132,2574.44,2544.716,2557.732,14894080.0,-0.00613171,-0.00613171,0.6897614623439638
2013-06-06,2549.864,2552.08,2520.091,2522.91,16106560.0,-0.013614409999999999,-0.013614409999999999,0.6803707702613916
2013-06-07,2524.176,2534.907,2482.155,2489.33,18107040.0,-0.013309960000000001,-0.013309960000000001,0.671315016998145
2013-06-13,2448.16,2448.16,2372.24,2405.334,20683050.0,-0.03374245,-0.03374245,0.648663228698572
2013-06-14,2407.481,2415.382,2397.356,2413.09,15900560.0,0.00322454,0.00322454,0.6507548434189336
2013-06-17,2419.303,2425.295,2393.932,2399.703,14529960.0,-0.00554774,-0.00554774,0.6471446775781032
2013-06-18,2406.526,2417.06,2387.581,2406.49,12870380.0,0.00282831,0.00282831,0.6489749752969136
2013-06-19,2396.186,2396.186,2349.698,2378.691,14811800.0,-0.01155171,-0.01155171,0.6414782247023635
2013-06-20,2365.361,2365.361,2297.862,2300.602,15726540.0,-0.03282851,-0.03282851,0.6204194183719982
2013-06-21,2263.58,2308.294,2244.476,2294.817,17550560.0,-0.00251463,-0.00251463,0.618859336995349
2013-06-24,2285.826,2285.826,2143.589,2147.479,23465600.0,-0.06420464,-0.06420464,0.5791256689101724
2013-06-25,2121.966,2148.566,2004.133,2143.501,26403580.0,-0.0018524199999999998,-0.0018524199999999998,0.5780528938511732
2013-06-26,2146.736,2146.736,2093.597,2126.246,19915160.0,-0.008049859999999999,-0.008049859999999999,0.573399617420044
2013-06-27,2129.693,2157.144,2114.514,2129.996,18896990.0,0.00176367,0.00176367,0.5744109061257371
2013-06-28,2117.075,2194.798,2106.547,2182.977,19033620.0,0.024873729999999997,0.024873729999999997,0.5886986626367575
2013-07-01,2170.541,2189.116,2146.946,2187.501,13771470.0,0.00207236,0.00207236,0.5899186813313058
2013-07-02,2187.252,2192.112,2158.818,2188.531,16056810.0,0.00047086999999999997,0.00047086999999999997,0.5901964486291361
2013-07-03,2172.296,2172.296,2133.346,2166.894,14876490.0,-0.00988652,-0.00988652,0.5843614476357809
2013-07-04,2152.36,2200.488,2138.812,2178.009,15457290.0,0.00512946,0.00512946,0.5873589073594553
2013-07-05,2179.609,2197.37,2173.732,2182.857,12177310.0,0.00222584,0.00222584,0.5886663013981753
2013-07-08,2152.597,2160.204,2123.705,2127.632,11968470.0,-0.02529935,-0.02529935,0.5737733897256682
2013-07-09,2125.653,2143.843,2119.935,2137.565,9529080.0,0.00466851,0.00466851,0.5764520912493081
2013-07-10,2137.615,2188.322,2131.544,2186.992,13427670.0,0.02312304,0.02312304,0.5897814157443197
2013-07-11,2201.488,2330.71,2201.341,2309.521,32433550.0,0.0560263,0.0560263,0.6228246674296188
2013-07-12,2298.691,2309.134,2245.804,2250.824,22445410.0,-0.02541524,-0.02541524,0.6069954372541339
2013-07-15,2265.449,2311.186,2246.616,2276.716,18782940.0,0.01150338,0.01150338,0.6139779138322154
2013-07-16,2267.111,2282.535,2247.711,2282.256,15318440.0,0.00243335,0.00243335,0.6154719243467593
2013-07-17,2275.737,2293.309,2249.613,2249.85,15358950.0,-0.01419911,-0.01419911,0.6067327718676417
2013-07-18,2240.503,2250.447,2203.209,2206.849,14513200.0,-0.01911282,-0.01911282,0.5951363916987059
2013-07-19,2209.672,2216.615,2157.932,2158.992,16506070.0,-0.02168575,-0.02168575,0.5822304600751445
2013-07-22,2133.707,2165.067,2122.02,2163.491,13560140.0,0.00208385,0.00208385,0.583443736844988
2013-07-23,2170.469,2235.467,2161.676,2215.465,17796110.0,0.02402327,0.02402327,0.5974599286289064
2013-07-24,2200.068,2212.394,2164.761,2196.635,16628480.0,-0.008499379999999999,-0.008499379999999999,0.592381910941386
2013-07-25,2206.722,2220.303,2182.954,2189.697,15214850.0,-0.00315846,-0.00315846,0.5905108919973596
2013-07-26,2181.187,2192.323,2169.767,2179.257,12056190.0,-0.004767759999999999,-0.004767759999999999,0.5876954642407101
2013-07-29,2159.914,2159.914,2122.684,2130.956,12968970.0,-0.02216399,-0.02216399,0.5746697960343945
2013-07-30,2141.162,2185.478,2129.136,2154.577,12881480.0,0.01108463,0.01108463,0.5810398361723085
2013-07-31,2171.715,2195.532,2147.869,2153.896,11267790.0,-0.00031602999999999997,-0.00031602999999999997,0.5808561861433545
2013-08-01,2167.648,2200.488,2160.503,2198.352,14783680.0,0.020639829999999998,0.020639829999999998,0.5928449463300993
2013-08-02,2214.67,2224.481,2189.213,2193.627,14969660.0,-0.0021493799999999998,-0.0021493799999999998,0.591570722560926
2013-08-05,2194.54,2215.257,2185.409,2215.024,13863470.0,0.00975415,0.00975415,0.5973410010771169
2013-08-06,2204.991,2229.304,2189.116,2219.651,16915160.0,0.0020889,0.0020889,0.598588796501448
2013-08-07,2214.553,2238.898,2200.985,2205.555,17296230.0,-0.006350519999999999,-0.006350519999999999,0.5947874296759946
2013-08-08,2199.081,2217.545,2187.516,2195.759,12375190.0,-0.00444147,-0.00444147,0.592145673899736
2013-08-09,2207.333,2216.012,2173.776,2200.098,14611730.0,0.00197602,0.00197602,0.5933158023514701
2013-08-12,2210.219,2277.578,2208.76,2277.054,27189570.0,0.034978470000000005,0.034978470000000005,0.614069064654222
2013-08-13,2277.846,2292.95,2270.363,2291.72,20506530.0,0.006440789999999999,0.006440789999999999,0.6180241473629405
2013-08-14,2296.403,2322.177,2275.844,2281.626,19369720.0,-0.00440455,-0.00440455,0.615302027844203
2013-08-15,2280.47,2302.898,2260.197,2261.879,16321910.0,-0.00865482,-0.00865482,0.609976716358517
2013-08-16,2253.762,2403.831,2234.432,2258.742,32624250.0,-0.00138688,-0.00138688,0.6091307396465814
2013-08-19,2237.759,2293.887,2234.47,2282.075,18570870.0,0.01033009,0.01033009,0.6154231128118979
2013-08-20,2276.601,2313.325,2264.835,2271.931,19464900.0,-0.0044451000000000004,-0.0044451000000000004,0.612687509443751
2013-08-21,2280.482,2282.106,2247.914,2264.841,15025050.0,-0.0031206299999999997,-0.0031206299999999997,0.6107754995975205
2013-08-22,2257.253,2289.228,2249.543,2258.253,14283110.0,-0.00290887,-0.00290887,0.608998867599359
2013-08-23,2269.522,2277.18,2203.075,2235.38,18115300.0,-0.01012865,-0.01012865,0.6028305458486073
2013-08-26,2242.326,2286.682,2233.412,2283.494,19804230.0,0.02152386,0.02152386,0.6158057844581323
2013-08-27,2279.31,2295.479,2268.652,2287.422,18592150.0,0.00172027,0.00172027,0.6168650756677222
2013-08-28,2272.144,2292.798,2255.554,2276.859,20031160.0,-0.00461796,-0.00461796,0.6140164776415258
2013-08-29,2289.887,2295.818,2261.357,2270.207,14814300.0,-0.0029215,-0.0029215,0.6122225863161204
2013-08-30,2268.197,2287.776,2257.154,2271.285,20991590.0,0.00047479,0.00047479,0.6125132981093836
2013-09-02,2279.344,2291.179,2259.302,2278.916,20607810.0,0.00335982,0.00335982,0.614571203206222
2013-09-03,2286.904,2313.998,2280.838,2312.026,20838120.0,0.014528779999999998,0.014528779999999998,0.6235002082850217
2013-09-04,2309.681,2324.641,2307.049,2313.874,19730020.0,0.0007993599999999999,0.0007993599999999999,0.6239985713591873
2013-09-05,2318.28,2319.1,2303.259,2309.524,16208040.0,-0.00188001,-0.00188001,0.6228254764605833
2013-09-06,2304.703,2342.743,2304.626,2334.439,21009640.0,0.01078795,0.01078795,0.6295444786212083
2013-09-09,2360.593,2459.874,2360.593,2452.795,47765280.0,0.050699959999999995,0.050699959999999995,0.6614623682348123
2013-09-10,2459.755,2487.009,2442.465,2486.61,52035060.0,0.013786389999999999,0.013786389999999999,0.6705814955902824
2013-09-11,2492.68,2516.556,2480.765,2488.303,46391810.0,0.00068079,0.00068079,0.6710380587312792
2013-09-12,2484.086,2560.298,2469.41,2529.421,48843210.0,0.016524479999999998,0.016524479999999998,0.682126637131463
2013-09-13,2515.592,2529.26,2478.491,2491.181,33821310.0,-0.01511808,-0.01511808,0.6718141891032752
2013-09-16,2506.058,2508.683,2456.278,2479.948,33129610.0,-0.0045090700000000004,-0.0045090700000000004,0.668784907494995
2013-09-17,2489.759,2497.464,2423.862,2425.654,30146320.0,-0.02189318,-0.02189318,0.6541430650984877
2013-09-18,2427.161,2443.59,2403.51,2428.381,21425170.0,0.00112425,0.00112425,0.6548784742452678
2013-09-23,2436.729,2454.147,2425.386,2452.333,23208750.0,0.00986332,0.00986332,0.6613377774662709
2013-09-24,2451.634,2451.634,2388.361,2406.801,28366430.0,-0.0185668,-0.0185668,0.6490588448402391
2013-09-25,2405.392,2429.129,2385.329,2390.45,23299630.0,-0.006793700000000001,-0.006793700000000001,0.644649356406429
2013-09-26,2385.951,2385.951,2344.03,2347.964,23522210.0,-0.01777315,-0.01777315,0.6331918598864082
2013-09-27,2344.641,2362.871,2340.314,2360.041,16148310.0,0.00514356,0.00514356,0.6364487488727165
2013-09-30,2371.384,2377.941,2356.784,2368.538,14282830.0,0.00360039,0.00360039,0.638740194241323
2013-10-08,2360.651,2393.429,2341.928,2386.911,19056010.0,0.00775702,0.00775702,0.6436949695452429
2013-10-09,2379.761,2405.507,2371.325,2398.346,19831480.0,0.00479074,0.00479074,0.6467787259051364
2013-10-10,2401.008,2401.277,2354.078,2357.408,20381110.0,-0.01706926,-0.01706926,0.6357386893628257
2013-10-11,2373.903,2409.026,2370.526,2405.467,24564810.0,0.02038641,0.02038641,0.6486990957380007
2013-10-14,2407.67,2410.859,2394.175,2401.931,26225530.0,-0.00147004,-0.00147004,0.647745517907779
2013-10-15,2404.611,2406.231,2376.43,2389.817,23558650.0,-0.0050434500000000005,-0.0050434500000000005,0.644478650872908
2013-10-16,2383.75,2383.75,2342.601,2353.481,21480000.0,-0.01520449,-0.01520449,0.634679667830224
2013-10-17,2366.433,2373.402,2345.088,2349.474,20198190.0,-0.00170252,-0.00170252,0.6335990721385674
2013-10-18,2351.149,2372.998,2346.497,2357.616,17585660.0,0.00346539,0.00346539,0.6357947821763682
2013-10-21,2362.548,2396.648,2349.611,2393.2,22986380.0,0.01509321,0.01509321,0.6453909681239373
2013-10-22,2390.752,2390.752,2365.783,2371.287,22147450.0,-0.009156290000000001,-0.009156290000000001,0.639481536281843
2013-10-23,2377.738,2410.437,2355.322,2358.857,23779290.0,-0.0052419499999999996,-0.0052419499999999996,0.6361294513187056
2013-10-24,2352.983,2361.14,2332.614,2336.712,16762190.0,-0.00938803,-0.00938803,0.6301574544153525
2013-10-25,2336.335,2358.447,2309.041,2322.347,20825710.0,-0.00614752,-0.00614752,0.6262835444800775
2013-10-28,2329.429,2330.108,2306.411,2320.844,15432720.0,-0.0006471599999999999,-0.0006471599999999999,0.6258782199668357
2013-10-29,2324.198,2380.099,2306.591,2346.504,29676230.0,0.01105628,0.01105628,0.6327981314836584
2013-10-30,2346.095,2377.246,2332.763,2375.87,23247600.0,0.012514879999999999,0.012514879999999999,0.6407174659186942
2013-10-31,2367.683,2367.683,2339.53,2343.251,18668400.0,-0.013729340000000001,-0.013729340000000001,0.6319208722410932
2013-11-01,2349.848,2370.831,2338.271,2362.659,14864640.0,0.00828249,0.00828249,0.6371547632277844
2013-11-04,2376.48,2383.022,2350.965,2354.873,12894240.0,-0.0032953900000000005,-0.0032953900000000005,0.6350550581977773
2013-11-05,2341.497,2352.68,2313.348,2349.796,16241150.0,-0.00215602,-0.00215602,0.6336859081287628
2013-11-06,2335.344,2345.739,2320.376,2321.497,17570550.0,-0.0120431,-0.0120431,0.6260543190401203
2013-11-07,2321.643,2329.124,2307.452,2321.377,13488750.0,-5.1739999999999996e-05,-5.1739999999999996e-05,0.6260219578015381
2013-11-08,2311.998,2323.017,2289.608,2293.031,13292850.0,-0.012210829999999999,-0.012210829999999999,0.618377693894451
2013-11-11,2293.082,2304.491,2281.516,2298.477,11868780.0,0.00237504,0.00237504,0.6198463547721055
2013-11-12,2303.335,2323.012,2301.358,2321.29,13416100.0,0.00992526,0.00992526,0.625998495903566
2013-11-13,2302.958,2303.697,2257.918,2259.538,15267930.0,-0.02660243,-0.02660243,0.6093454025291763
2013-11-14,2260.838,2266.024,2241.427,2257.902,12788680.0,-0.00072404,-0.00072404,0.608904210976506
2013-11-15,2260.945,2324.379,2260.153,2297.48,21505850.0,0.01752861,0.01752861,0.6195774868148852
2013-11-18,2312.593,2389.525,2302.738,2387.371,34412590.0,0.03912596,0.03912596,0.6438190209598079
2013-11-19,2386.979,2386.979,2361.61,2368.061,24522930.0,-0.008088419999999999,-0.008088419999999999,0.6386115583179588
2013-11-20,2384.009,2390.934,2358.228,2376.083,19355850.0,0.00338757,0.00338757,0.6407749071171776
2013-11-21,2363.714,2370.616,2333.72,2367.185,23488910.0,-0.0037448,-0.0037448,0.6383753212763089
2013-11-22,2373.192,2376.759,2349.916,2359.396,19944010.0,-0.0032904299999999996,-0.0032904299999999996,0.6362748072153372
2013-11-25,2346.218,2373.527,2339.696,2343.851,16753130.0,-0.00658852,-0.00658852,0.6320826784340041
2013-11-26,2343.834,2354.857,2337.366,2340.898,14157890.0,-0.00125995,-0.00125995,0.6312863222878943
2013-11-27,2340.129,2375.495,2337.42,2363.175,20260920.0,0.00951648,0.00951648,0.6372939165536877
2013-11-28,2368.006,2403.534,2363.995,2381.878,23156820.0,0.007914299999999999,0.007914299999999999,0.6423376852637086
2013-11-29,2389.31,2393.246,2374.07,2379.225,16195370.0,-0.00111376,-0.00111376,0.6416222322140542
2013-12-02,2379.568,2424.058,2363.982,2403.245,40243080.0,0.01009573,0.01009573,0.6480998734702539
2013-12-03,2394.985,2415.197,2387.668,2409.972,22950890.0,0.00279905,0.00279905,0.6499139905697733
2013-12-04,2406.242,2445.195,2400.599,2431.09,29000180.0,0.008762830000000001,0.008762830000000001,0.6556090292062605
2013-12-05,2431.025,2436.709,2415.841,2423.704,20229390.0,-0.00303814,-0.00303814,0.6536171949715274
2013-12-06,2419.662,2423.823,2398.903,2409.666,19009510.0,-0.005792,-0.005792,0.6498314694113887
2013-12-09,2414.375,2422.667,2401.797,2403.982,16767860.0,-0.0023588700000000003,-0.0023588700000000003,0.6482986254105461
2013-12-10,2409.659,2419.337,2400.223,2408.324,17099950.0,0.00180619,0.00180619,0.6494695628932446
2013-12-11,2397.72,2398.086,2355.809,2364.866,19852560.0,-0.01804492,-0.01804492,0.6377499403407083
2013-12-12,2358.973,2370.813,2354.016,2356.75,13581550.0,-0.0034318900000000004,-0.0034318900000000004,0.6355612419046002
2013-12-13,2338.512,2357.421,2334.329,2345.688,14028210.0,-0.00469376,-0.00469376,0.6325780750612996
2013-12-16,2347.469,2350.624,2316.81,2324.413,14738830.0,-0.00906979,-0.00906979,0.6268406971376673
2013-12-17,2323.795,2329.767,2308.536,2311.245,10791040.0,-0.0056650699999999995,-0.0056650699999999995,0.6232895905572494
2013-12-18,2311.014,2319.995,2302.689,2309.801,9556620.0,-0.0006248100000000001,-0.0006248100000000001,0.6229001769863105
2013-12-19,2316.509,2324.309,2288.409,2290.559,11347340.0,-0.00833056,-0.00833056,0.6177110523796581
2013-12-20,2291.263,2294.114,2246.507,2249.011,15199560.0,-0.01813884,-0.01813884,0.6065065128745547
2013-12-23,2254.139,2261.469,2228.504,2250.554,10053630.0,0.00068607,0.00068607,0.6069226244673239
2013-12-24,2256.947,2279.114,2241.05,2259.251,11043480.0,0.0038643899999999997,0.0038643899999999997,0.6092680052335674
2013-12-25,2261.149,2273.488,2254.046,2273.159,10030440.0,0.006156,0.006156,0.613018672785242
2013-12-26,2268.398,2268.694,2226.147,2227.46,11822710.0,-0.02010373,-0.02010373,0.6006947041021834
2013-12-27,2228.175,2270.886,2224.186,2263.491,12943090.0,0.01617583,0.01617583,0.610411435663471
2013-12-30,2273.559,2277.853,2252.243,2254.5,12050680.0,-0.00397217,-0.00397217,0.6079867698627012
2013-12-31,2245.011,2275.685,2241.533,2273.679,16363500.0,0.00850697,0.00850697,0.6131589048190981
2014-01-02,2267.854,2270.698,2258.464,2270.203,10641870.0,-0.00152883,-0.00152883,0.6122215076081676
2014-01-03,2260.696,2264.036,2237.188,2241.645,12770960.0,-0.01257943,-0.01257943,0.6045200721795853
2014-01-06,2240.666,2240.666,2187.456,2189.621,14607190.0,-0.02320792,-0.02320792,0.5904903965462576
2014-01-07,2177.756,2200.027,2172.588,2190.438,10070150.0,0.00037308,0.00037308,0.5907107226456046
2014-01-08,2191.882,2204.976,2177.01,2183.662,10992700.0,-0.0030933899999999997,-0.0030933899999999997,0.5888833913736641
2014-01-09,2178.389,2193.04,2157.253,2159.867,11114380.0,-0.01089691,-0.01089691,0.5824664274398061
2014-01-10,2153.341,2157.067,2131.772,2139.323,9856630.0,-0.00951167,-0.00951167,0.5769261833945369
2014-01-13,2139.944,2156.014,2124.739,2135.31,8685670.0,-0.0018758,-0.0018758,0.5758439696409512
2014-01-14,2135.428,2163.601,2126.988,2163.462,8887610.0,0.01318397,0.01318397,0.5834359162123306
2014-01-15,2161.525,2166.885,2148.21,2159.004,8616670.0,-0.0020605899999999997,-0.0020605899999999997,0.5822336961990026
2014-01-16,2159.372,2177.487,2151.782,2166.068,9775750.0,0.00327198,0.00327198,0.5841386944435403
2014-01-17,2159.143,2159.607,2139.373,2144.964,10104620.0,-0.009743,-0.009743,0.5784474312848876
2014-01-20,2141.087,2148.249,2127.349,2134.881,7561020.0,-0.00470078,-0.00470078,0.5757282782130199
2014-01-21,2136.633,2159.528,2136.633,2155.966,8222810.0,0.00987641,0.00987641,0.5814144175088971
2014-01-22,2159.008,2205.218,2158.112,2205.193,13066010.0,0.022832940000000003,0.022832940000000003,0.5946898066062718
2014-01-23,2204.013,2206.829,2193.717,2197.732,11445680.0,-0.0033834599999999996,-0.0033834599999999996,0.5926777465974248
2014-01-24,2196.192,2227.273,2192.935,2215.619,11982120.0,0.00813883,0.00813883,0.5975014588850869
2014-01-27,2207.376,2209.26,2193.682,2196.815,12083720.0,-0.008487,-0.008487,0.5924304527992593
2014-01-28,2199.34,2215.553,2192.267,2205.045,10353910.0,0.00374632,0.00374632,0.5946498944120204
2014-01-29,2210.154,2230.701,2208.429,2226.97,11527060.0,0.00994313,0.00994313,0.6005625623779728
2014-01-30,2221.756,2223.276,2206.812,2208.278,8168820.0,-0.00839342,-0.00839342,0.5955217601148219
2014-02-07,2199.106,2231.621,2190.873,2231.441,9537030.0,0.0104891,0.0104891,0.6017682881921471
2014-02-10,2237.882,2294.36,2237.882,2293.499,16263380.0,0.02781078,0.02781078,0.6185039027249214
2014-02-11,2296.89,2317.258,2285.544,2309.501,23133070.0,0.00697709,0.00697709,0.6228192738898551
2014-02-12,2310.998,2325.098,2305.746,2322.895,18346180.0,0.00579954,0.00579954,0.6264313274696027
2014-02-13,2321.03,2333.234,2305.192,2306.389,23220240.0,-0.00710583,-0.00710583,0.6219800391026239
2014-02-14,2305.825,2332.784,2302.259,2331.385,15130690.0,0.01083776,0.01083776,0.628720885099292
2014-02-17,2343.897,2363.503,2333.721,2363.46,18969420.0,0.0137579,0.0137579,0.6373707744953204
2014-02-18,2364.812,2366.326,2352.241,2359.613,19613890.0,-0.00162767,-0.00162767,0.6363333271217733
2014-02-19,2362.068,2389.798,2352.714,2375.026,22301710.0,0.006531940000000001,0.006531940000000001,0.6404898585406661
2014-02-20,2382.698,2399.259,2362.525,2367.487,22256500.0,-0.0031742,-0.0031742,0.6384567637267408
2014-02-21,2363.843,2363.843,2321.574,2338.198,16230900.0,-0.01237137,-0.01237137,0.6305581944197952
2014-02-24,2325.627,2325.627,2283.124,2308.623,18430410.0,-0.01264861,-0.01264861,0.6225824974942288
2014-02-25,2309.684,2323.596,2233.739,2244.059,19702350.0,-0.027966440000000002,-0.027966440000000002,0.6051710724290634
2014-02-26,2235.053,2256.234,2211.1,2255.976,15606210.0,0.00531046,0.00531046,0.6083848130972621
2014-02-27,2256.978,2292.775,2252.292,2259.419,21207000.0,0.00152611,0.00152611,0.6093133109675823
2014-02-28,2253.179,2278.455,2231.047,2276.905,16817410.0,0.00773919,0.00773919,0.6140288827829824
2014-03-03,2275.308,2306.903,2268.77,2306.769,18318890.0,0.01311606,0.01311606,0.622082516358134
2014-03-04,2294.205,2299.679,2273.634,2293.364,16003340.0,-0.00581117,-0.00581117,0.6184674963315165
2014-03-05,2294.137,2298.714,2272.998,2277.638,13931270.0,-0.00685721,-0.00685721,0.6142265560153218
2014-03-06,2272.135,2282.204,2245.201,2276.158,15051540.0,-0.0006497899999999999,-0.0006497899999999999,0.6138274340728083
2014-03-07,2275.932,2290.713,2256.897,2266.782,14503880.0,-0.00411921,-0.00411921,0.6112989426315873
2014-03-10,2248.925,2248.925,2180.561,2183.049,15829800.0,-0.03693911,-0.03693911,0.5887180793799068
2014-03-11,2176.758,2193.848,2168.671,2186.901,12571510.0,0.0017644199999999998,0.0017644199999999998,0.5897568751383948
2014-03-12,2187.684,2208.158,2168.557,2199.33,15116790.0,0.0056834799999999994,0.0056834799999999994,0.5931086904245441
2014-03-13,2204.767,2240.923,2204.642,2236.443,17394820.0,0.0168747,0.0168747,0.6031172124870477
2014-03-14,2231.015,2241.006,2209.839,2227.848,14108190.0,-0.0038432500000000003,-0.0038432500000000003,0.6007993387735991
2014-03-17,2229.338,2262.387,2223.404,2260.829,11931870.0,0.01480406,0.01480406,0.6096935555209231
2014-03-18,2263.946,2286.147,2259.92,2272.467,14923270.0,0.00514764,0.00514764,0.6128320563094181
2014-03-19,2265.208,2265.208,2238.274,2262.611,12989770.0,-0.00433712,-0.00433712,0.6101741199138684
2014-03-20,2258.37,2273.054,2215.037,2216.311,15052420.0,-0.0204631,-0.0204631,0.5976880753609107
2014-03-21,2207.149,2274.3,2199.8,2269.929,26699920.0,0.024192420000000003,0.024192420000000003,0.612147616113405
2014-03-24,2273.794,2297.713,2266.607,2289.062,24820640.0,0.00842892,0.00842892,0.6173073459283454
2014-03-25,2287.939,2311.96,2283.13,2293.288,17777710.0,0.0018462,0.0018462,0.6184470008804145
2014-03-26,2301.347,2310.282,2288.857,2297.357,14745730.0,0.00177424,0.00177424,0.6195443165453385
2014-03-27,2290.89,2300.196,2267.341,2267.341,18534850.0,-0.01306539,-0.01306539,0.6114496920679826
2014-03-28,2266.675,2278.933,2240.076,2245.66,17537510.0,-0.00956237,-0.00956237,0.6056028252871473
2014-03-31,2247.483,2259.357,2231.127,2244.316,12759440.0,-0.00059849,-0.00059849,0.6052403794150268
2014-04-01,2240.953,2277.058,2239.978,2276.691,11470970.0,0.01442533,0.01442533,0.6139711719075107
2014-04-02,2280.961,2299.24,2278.091,2295.762,15226250.0,0.00837665,0.00837665,0.6191141817491838
2014-04-03,2298.329,2300.204,2260.748,2267.889,15683480.0,-0.01214109,-0.01214109,0.6115974750575079
2014-04-04,2260.659,2282.791,2255.458,2282.756,9909590.0,0.0065555200000000004,0.0065555200000000004,0.6156067628408518
2014-04-08,2275.378,2320.572,2271.186,2317.361,27046810.0,0.0151593,0.0151593,0.6249389350169878
2014-04-09,2321.922,2331.609,2315.425,2327.568,15717210.0,0.00440459,0.00440459,0.6276915280353905
2014-04-10,2328.205,2367.291,2317.645,2356.328,30357160.0,0.01235614,0.01235614,0.6354474382155861
2014-04-11,2347.627,2363.54,2341.754,2355.586,25105810.0,-0.00031487,-0.00031487,0.6352473378903529
2014-04-14,2352.873,2364.795,2345.482,2363.55,16535200.0,0.0033809499999999998,0.0033809499999999998,0.6373950454242571
2014-04-15,2356.023,2356.025,2317.032,2321.47,16570190.0,-0.01780376,-0.01780376,0.6260470377614393
2014-04-16,2315.616,2329.025,2309.467,2321.45,12487610.0,-8.62e-06,-8.62e-06,0.6260416442216756
2014-04-17,2324.776,2327.517,2309.046,2315.487,12051660.0,-0.0025686100000000003,-0.0025686100000000003,0.6244335603411295
2014-04-18,2308.454,2315.562,2298.201,2315.232,12085660.0,-0.00011018,-0.00011018,0.6243647927091424
2014-04-21,2298.52,2318.804,2274.434,2274.789,13097870.0,-0.01746817,-0.01746817,0.6134582462759833
2014-04-22,2272.06,2284.519,2242.725,2272.016,13813970.0,-0.0012189899999999999,-0.0012189899999999999,0.6127104319877468
2014-04-23,2265.232,2274.745,2252.512,2259.769,12794640.0,-0.0053904,-0.0053904,0.6094076979134471
2014-04-24,2257.784,2272.233,2251.056,2253.867,9839120.0,-0.0026118200000000004,-0.0026118200000000004,0.6078160643291802
2014-04-25,2253.593,2259.403,2219.77,2220.516,13854440.0,-0.01479716,-0.01479716,0.598822067096228
2014-04-28,2214.954,2216.99,2176.507,2179.485,14305690.0,-0.01847814,-0.01847814,0.5877569505940161
2014-04-29,2177.175,2205.013,2175.248,2204.475,10749400.0,0.01146601,0.01146601,0.594496178528755
2014-04-30,2205.534,2221.649,2200.345,2215.102,9996280.0,0.00482063,0.00482063,0.5973620358821952
2014-05-05,2212.139,2220.242,2194.364,2219.356,10552030.0,0.00192041,0.00192041,0.5985092417899336
2014-05-06,2215.628,2232.801,2213.388,2223.852,10310750.0,0.00202586,0.00202586,0.5997217095288125
2014-05-07,2219.125,2219.125,2195.655,2196.705,11000240.0,-0.012207190000000001,-0.012207190000000001,0.5924007883305589
2014-05-08,2191.532,2226.212,2188.866,2195.756,11596650.0,-0.00043200000000000004,-0.00043200000000000004,0.5921448648687715
2014-05-09,2196.294,2200.087,2173.371,2185.543,10499740.0,-0.0046513100000000005,-0.0046513100000000005,0.5893906537884399
2014-05-12,2201.437,2243.651,2194.578,2243.144,17851640.0,0.026355499999999997,0.026355499999999997,0.6049243179848742
2014-05-13,2248.467,2251.653,2229.607,2239.207,14287380.0,-0.00175513,-0.00175513,0.6038625996823905
2014-05-14,2236.473,2243.15,2229.1,2235.184,10973630.0,-0.00179659,-0.00179659,0.602777689158923
2014-05-15,2229.788,2231.697,2199.995,2201.861,10598560.0,-0.01490839,-0.01490839,0.5937912428816399
2014-05-16,2196.889,2200.476,2176.931,2196.808,10115460.0,-0.00229487,-0.00229487,0.5924285650603419
2014-05-19,2191.128,2191.128,2161.503,2174.459,10753670.0,-0.010173449999999999,-0.010173449999999999,0.5864015540513992
2014-05-20,2181.827,2193.948,2169.5,2174.073,8651840.0,-0.00017751,-0.00017751,0.5862974587339598
2014-05-21,2165.519,2194.065,2151.589,2193.585,9038640.0,0.00897484,0.00897484,0.5915593961274223
2014-05-22,2191.702,2211.559,2184.413,2185.121,10468440.0,-0.00385846,-0.00385846,0.5892768500994259
2014-05-23,2178.738,2198.849,2176.555,2198.746,8303500.0,0.00623535,0.00623535,0.5929511990634442
2014-05-26,2209.316,2222.42,2208.717,2218.112,9935380.0,0.00880773,0.00880773,0.5981737636166317
2014-05-27,2216.446,2223.315,2209.567,2210.854,9515850.0,-0.00327218,-0.00327218,0.5962164480363861
2014-05-28,2208.898,2228.425,2203.244,2225.098,11159890.0,0.006442710000000001,0.006442710000000001,0.6000577270560908
2014-05-29,2225.09,2229.385,2203.534,2205.06,10646610.0,-0.00900537,-0.00900537,0.5946539395668432
2014-05-30,2203.451,2214.811,2192.143,2204.886,10124100.0,-7.894e-05,-7.894e-05,0.594607015770899
2014-06-03,2204.277,2213.764,2197.653,2198.568,9351470.0,-0.0028654,-0.0028654,0.5929031965595473
2014-06-04,2196.202,2197.317,2165.105,2175.238,9100050.0,-0.01061149,-0.01061149,0.5866116324251951
2014-06-05,2172.186,2194.967,2168.088,2194.348,7851740.0,0.00878518,0.00878518,0.5917651596694072
2014-06-06,2193.889,2193.889,2172.689,2181.368,8205800.0,-0.00591519,-0.00591519,0.5882647523627682
2014-06-09,2174.566,2190.935,2170.764,2174.475,7744270.0,-0.00315986,-0.00315986,0.5864058688832101
2014-06-10,2177.195,2201.699,2171.867,2201.625,11106340.0,0.012485729999999999,0.012485729999999999,0.5937275991124283
2014-06-11,2199.156,2210.271,2196.766,2209.183,9077100.0,0.00343297,0.00343297,0.5957658177891293
2014-06-12,2205.816,2205.914,2192.336,2198.449,8933370.0,-0.00485887,-0.00485887,0.5928711049979533
2014-06-13,2194.453,2227.983,2193.879,2226.232,14933550.0,0.01263753,0.01263753,0.6003635407606924
2014-06-16,2229.581,2249.954,2229.581,2248.837,17236520.0,0.01015392,0.01015392,0.6064595890786105
2014-06-17,2245.581,2245.581,2227.618,2230.038,11485400.0,-0.00835936,-0.00835936,0.6013899313777239
2014-06-18,2224.862,2225.538,2206.082,2208.656,10671620.0,-0.00958821,-0.00958821,0.5956236980163558
2014-06-19,2208.852,2212.697,2156.467,2163.068,11302680.0,-0.02064056,-0.02064056,0.5833296634789858
2014-06-20,2160.328,2180.798,2160.328,2180.247,9313270.0,0.00794194,0.00794194,0.5879624444590129
2014-06-23,2179.322,2190.89,2176.297,2179.51,8854090.0,-0.00033806000000000005,-0.00033806000000000005,0.5877636925187208
2014-06-24,2175.923,2190.702,2173.8,2189.654,8124300.0,0.00465428,0.00465428,0.5904992958868677
2014-06-25,2186.083,2186.266,2171.358,2182.068,7456870.0,-0.00346445,-0.00346445,0.5884535262544976
2014-06-26,2183.636,2202.877,2183.226,2202.674,9091290.0,0.00944332,0.00944332,0.5940104902730342
2014-06-27,2197.179,2219.043,2191.268,2212.916,10234360.0,0.00464978,0.00464978,0.5967725219860233
2014-06-30,2219.855,2232.869,2214.622,2232.077,11822880.0,0.00865866,0.00865866,0.6019398027566328
2014-07-01,2233.191,2240.536,2225.182,2238.463,11445800.0,0.0028610099999999998,0.0028610099999999998,0.6036619600031812
2014-07-02,2237.186,2258.774,2231.282,2258.169,12782370.0,0.00880339,0.00880339,0.6089762147323513
2014-07-03,2256.119,2281.275,2252.779,2275.202,14117530.0,0.00754282,0.00754282,0.6135696228721037
2014-07-04,2275.896,2279.17,2263.307,2267.22,12863980.0,-0.0035082299999999998,-0.0035082299999999998,0.6114170611524122
2014-07-07,2264.931,2274.539,2255.205,2266.724,10947720.0,-0.0002187,-0.0002187,0.6112833013662726
2014-07-08,2265.876,2278.538,2249.897,2277.43,11863150.0,0.00472303,0.00472303,0.6141704632017794
2014-07-09,2271.655,2272.017,2241.992,2243.19,13094990.0,-0.015034490000000001,-0.015034490000000001,0.6049367231263308
2014-07-10,2241.78,2251.347,2234.923,2238.559,11444970.0,-0.00206441,-0.00206441,0.6036878489940469
2014-07-11,2232.085,2256.74,2230.552,2247.163,11202980.0,0.00384355,0.00384355,0.6060081498003891
2014-07-14,2247.905,2284.599,2247.86,2284.319,15434030.0,0.016534629999999998,0.016534629999999998,0.6160282679733847
2014-07-15,2283.546,2288.454,2271.821,2288.454,16234820.0,0.00181017,0.00181017,0.617143382319529
2014-07-16,2286.792,2296.153,2271.993,2278.058,16764070.0,-0.0045428000000000005,-0.0045428000000000005,0.6143398203503595
2014-07-17,2273.063,2273.063,2251.199,2264.924,13230880.0,-0.00576545,-0.00576545,0.6107978827875399
2014-07-18,2255.056,2283.983,2252.601,2272.447,14408870.0,0.0033215,0.0033215,0.6128266627696544
2014-07-21,2271.391,2274.633,2260.212,2265.662,11280010.0,-0.00298573,-0.00298573,0.6109969044048202
2014-07-22,2264.841,2305.98,2263.941,2305.307,18442550.0,0.017498100000000003,0.017498100000000003,0.6216882486014079
2014-07-23,2306.468,2319.656,2294.632,2304.73,19648040.0,-0.00025025,-0.00025025,0.6215326449792253
2014-07-24,2310.453,2334.924,2305.751,2331.59,30598760.0,0.011654340000000001,0.011654340000000001,0.6287761688818698
2014-07-25,2335.397,2358.1,2332.712,2358.1,22946340.0,0.011369929999999999,0.011369929999999999,0.6359253058386497
2014-07-28,2369.378,2410.283,2368.67,2409.371,42091390.0,0.021742499999999998,0.021742499999999998,0.6497519146998741
2014-07-29,2416.107,2443.383,2406.996,2433.99,32320290.0,0.01021798,0.01021798,0.6563910924719965
2014-07-30,2423.578,2435.471,2412.294,2423.9,28856010.0,-0.00414549,-0.00414549,0.6536700516612116
2014-07-31,2419.487,2450.504,2418.187,2450.504,22070980.0,0.0109757,0.0109757,0.6608445382548808
2014-08-01,2440.703,2467.795,2426.976,2432.271,29630230.0,-0.00744047,-0.00744047,0.6559275177293068
2014-08-04,2435.477,2472.017,2433.43,2471.797,28890010.0,0.016250709999999998,0.016250709999999998,0.6665867703643005
2014-08-05,2472.249,2475.322,2454.917,2471.395,25093480.0,-0.00016268,-0.00016268,0.6664783602150501
2014-08-06,2462.136,2485.479,2447.072,2478.583,24543800.0,0.0029084700000000002,0.0029084700000000002,0.6684167984061227
2014-08-07,2477.419,2484.579,2445.396,2447.287,23381630.0,-0.01262653,-0.01262653,0.6599769873838902
2014-08-08,2444.407,2459.417,2438.089,2452.53,18505420.0,0.00214234,0.00214234,0.6613909038329433
2014-08-11,2455.19,2495.585,2455.19,2495.585,20765990.0,0.01755531,0.01755531,0.6730018465592412
2014-08-12,2494.059,2498.582,2484.492,2498.136,19513420.544,0.00102222,0.00102222,0.6736897925561006
2014-08-13,2499.32,2511.705,2474.925,2503.209,22820492.288,0.00203071,0.00203071,0.6750578639171623
2014-08-14,2501.063,2514.637,2479.867,2483.613,22117400.576,-0.00782833,-0.00782833,0.6697732736566924
2014-08-15,2480.636,2504.629,2471.968,2501.629,20371087.36,0.0072539,0.0072539,0.6746317742758303
2014-08-18,2502.972,2520.741,2502.972,2520.741,20221901.568,0.00763985,0.00763985,0.6797858408740188
2014-08-19,2523.691,2523.884,2501.535,2520.106,21929288.448,-0.00025191,-0.00025191,0.6796145959865215
2014-08-20,2512.553,2517.698,2499.543,2505.371,18703536.64,-0.00584692,-0.00584692,0.675640905565618
2014-08-21,2505.348,2507.185,2461.375,2484.306,19498515.456,-0.00840801,-0.00840801,0.6699601598095045
2014-08-22,2481.623,2497.106,2473.965,2494.776,17403221.76,0.00421444,0.00421444,0.6727836778757996
2014-08-25,2494.166,2494.662,2471.516,2477.726,18055906.048,-0.0068342,-0.0068342,0.6681856852272483
2014-08-26,2472.827,2486.58,2443.537,2453.83,17885167.872,-0.00964433,-0.00964433,0.6617414839175836
2014-08-27,2451.582,2459.625,2445.275,2455.415,11303664.128,0.00064591,0.00064591,0.6621689219438565
2014-08-28,2455.611,2457.414,2424.695,2431.74,13729697.024,-0.00964197,-0.00964197,0.6557843192485806
2014-08-29,2434.003,2463.569,2432.432,2462.89,11754751.488,0.01280972,0.01280972,0.6641847574305381
2014-09-01,2464.207,2489.557,2463.416,2489.368,15108328.192,0.0107508,0.0107508,0.671325264723696
2014-09-02,2493.003,2522.986,2488.115,2522.322,23829896.704,0.013237939999999998,0.013237939999999998,0.6802122001923391
2014-09-03,2526.784,2544.957,2526.618,2541.32,26347800.832,0.00753197,0.00753197,0.6853355236138745
2014-09-04,2540.641,2558.141,2534.174,2557.466,24290590.208,0.0063533899999999996,0.0063533899999999996,0.6896897282651067
2014-09-05,2563.018,2578.578,2557.474,2576.948,28575611.392,0.00761767,0.00761767,0.6949435753489235
2014-09-09,2581.672,2588.715,2568.262,2584.559,22973362.176,0.00295353,0.00295353,0.6969960869059983
2014-09-10,2577.536,2580.197,2561.855,2576.875,21404142.08,-0.00297307,-0.00297307,0.6949238889287861
2014-09-11,2575.205,2605.141,2557.825,2568.824,26488182.272,-0.0031243399999999998,-0.0031243399999999998,0.69275271949691
2014-09-12,2564.071,2585.525,2555.042,2585.525,19308602.112,0.00650139,0.00650139,0.6972565948765849
2014-09-15,2585.057,2598.868,2576.409,2598.566,23404895.232,0.00504386,0.00504386,0.7007734524795032
2014-09-16,2597.373,2605.592,2541.024,2542.442,34744611.584,-0.02159808,-0.02159808,0.6856381011946178
2014-09-17,2541.669,2550.937,2518.686,2550.392,21890517.248,0.00312699,0.00312699,0.6877820332506872
2014-09-18,2548.323,2565.744,2538.972,2563.515,23787337.216,0.0051454100000000004,0.0051454100000000004,0.6913210043666367
2014-09-19,2563.08,2583.993,2556.406,2583.847,21491696.64,0.00793131,0.00793131,0.6968040768904108
2014-09-22,2577.487,2577.506,2537.701,2544.382,22246568.192,-0.015273680000000001,-0.015273680000000001,0.6861612745516964
2014-09-23,2543.971,2565.924,2543.745,2565.646,17216469.504,0.0083572,0.0083572,0.6918956860284586
2014-09-24,2559.651,2604.452,2555.528,2603.934,29511288.064,0.01492337,0.01492337,0.7022210785520795
2014-09-25,2611.23,2626.092,2593.472,2602.482,28655453.696,-0.00055767,-0.00055767,0.701829507565235
2014-09-26,2596.765,2608.378,2587.926,2605.587,19336671.744,0.00119308,0.00119308,0.7026668546135489
2014-09-29,2611.599,2627.098,2609.856,2626.362,24408665.088,0.00797331,0.00797331,0.7082693940430889
2014-09-30,2629.765,2633.489,2619.856,2629.076,21513685.248,0.00103332,0.00103332,0.7090012973890224
2014-10-08,2635.469,2648.56,2621.994,2648.56,25436999.936,0.007411020000000001,0.007411020000000001,0.7142556838268157
2014-10-09,2649.474,2660.848,2631.707,2660.51,28088994.56,0.00451187,0.00451187,0.7174783238356245
2014-10-10,2653.56,2658.98,2632.087,2644.903,27472732.416,-0.00586614,-0.00586614,0.7132694750810237
2014-10-13,2632.455,2632.708,2600.467,2631.657,23694462.464,-0.00500816,-0.00500816,0.7096973336955276
2014-10-14,2626.152,2648.915,2610.148,2623.58,22834902.272,-0.0030691299999999998,-0.0030691299999999998,0.7075191526619586
2014-10-15,2622.235,2641.957,2610.096,2641.369,28098664.448,0.00678036,0.00678036,0.7123164366047786
2014-10-16,2628.294,2659.268,2616.116,2616.311,36916599.296,-0.0094867,-0.0094867,0.7055588706348431
2014-10-17,2610.787,2619.889,2560.375,2597.965,29271631.872,-0.00701214,-0.00701214,0.7006113766096042
2014-10-20,2602.4,2621.284,2599.819,2620.934,22211097.088,0.008841149999999999,0.008841149999999999,0.7068055873512216
2014-10-21,2621.269,2626.877,2595.456,2598.18,22051128.064,-0.0086817,-0.0086817,0.7006693571620639
2014-10-22,2597.791,2607.496,2574.852,2576.214,20233308.672,-0.00845431,-0.00845431,0.6947456324395959
2014-10-23,2572.124,2580.703,2540.12,2546.072,23656194.304,-0.01170015,-0.01170015,0.6866170286617288
2014-10-24,2546.892,2562.046,2542.426,2547.772,17608353.536,0.0006676799999999999,0.0006676799999999999,0.6870754795416429
2014-10-27,2541.789,2546.321,2524.738,2541.561,18315549.184,-0.00243779,-0.00243779,0.685400515768027
2014-10-28,2546.795,2599.478,2546.795,2599.268,23568435.456,0.022705350000000003,0.022705350000000003,0.700962765725209
2014-10-29,2604.576,2652.227,2597.457,2645.347,37331011.84,0.01772763,0.01772763,0.7133892116637779
2014-10-30,2641.677,2675.487,2636.497,2668.807,40435177.984,0.00886839,0.00886839,0.7197158338065939
2014-10-31,2669.263,2696.305,2658.794,2691.591,60829547.52,0.00853722,0.00853722,0.7258601543053971
2014-11-03,2699.228,2722.402,2693.117,2714.204,44982456.064,0.00840136,0.00840136,0.7319583600392208
2014-11-04,2714.376,2720.131,2697.876,2712.735,41800843.52,-0.00054122,-0.00054122,0.7315622045435772
2014-11-05,2717.031,2724.424,2704.374,2705.874,39183451.648,-0.00252921,-0.00252921,0.7297119507276411
2014-11-06,2707.113,2721.3,2683.085,2720.474,34466877.184,0.0053957,0.0053957,0.7336492347551397
2014-11-07,2721.465,2750.059,2693.559,2707.88,57206841.856,-0.00462943,-0.00462943,0.7302529227659399
2014-11-10,2722.732,2768.249,2715.061,2768.249,62120163.072,0.022293880000000002,0.022293880000000002,0.7465330528656698
2014-11-11,2773.195,2788.619,2699.34,2725.344,87897477.12,-0.01549898,-0.01549898,0.7349625616875998
2014-11-12,2711.771,2768.699,2706.126,2768.277,49630270.72,0.01575328,0.01575328,0.7465406038213391
2014-11-13,2768.783,2777.29,2732.115,2753.058,55974322.944,-0.005497640000000001,-0.005497640000000001,0.7424363897381542
2014-11-14,2743.671,2745.242,2719.469,2741.094,38762174.976,-0.00434575,-0.00434575,0.7392099742515108
2014-11-17,2769.06,2771.817,2739.164,2748.558,42647276.8,0.00272304,0.00272304,0.7412228432913224
2014-11-18,2749.813,2753.25,2725.554,2736.908,39341795.584,-0.00423864,-0.00423864,0.7380811063789691
2014-11-19,2732.104,2739.311,2719.018,2725.609,29679198.208,-0.00412841,-0.00412841,0.7350340260894687
2014-11-20,2717.935,2730.099,2709.082,2726.814,25739895.04,0.00044213,0.00044213,0.7353589868602314
2014-11-21,2725.74,2764.257,2721.304,2763.069,38564468.224,0.01329578,0.01329578,0.7451361260668725
2014-11-24,2787.216,2825.984,2770.963,2810.727,69659561.984,0.0172482,0.0172482,0.7579883919697851
2014-11-25,2812.614,2860.177,2809.561,2860.049,58021306.112,0.01754778,0.01754778,0.7712894003810373
2014-11-26,2866.479,2880.119,2848.229,2879.971,69525172.224,0.00696557,0.00696557,0.7766619053396556
2014-11-27,2889.841,2894.656,2860.607,2889.639,75363606.528,0.0033569700000000004,0.0033569700000000004,0.7792691424614265
2014-11-28,2886.337,2923.83,2871.988,2923.64,112277155.84,0.011766509999999999,0.011766509999999999,0.788438429736699
2014-12-01,2931.999,2957.336,2918.537,2935.196,107078930.432,0.00395266,0.00395266,0.7915548170121628
2014-12-02,2924.319,3014.764,2919.622,2999.535,114152656.896,0.021919780000000003,0.021919780000000003,0.8089055647549867
2014-12-03,3005.474,3061.944,2981.393,3032.116,145209663.488,0.01086204,0.01086204,0.8176919107070366
2014-12-04,3040.747,3134.983,3029.251,3133.915,143928922.112,0.033573610000000004,0.033573610000000004,0.8451447584272642
2014-12-05,3154.305,3177.947,3011.949,3109.272,199841660.928,-0.00786335,-0.00786335,0.8384991084074255
2014-12-08,3085.174,3200.383,3057.39,3188.328,179014443.008,0.02542586,0.02542586,0.8598186923853655
2014-12-09,3173.697,3290.133,3048.126,3069.593,227311886.336,-0.03724048,-0.03724048,0.8277985951932395
2014-12-10,3075.401,3203.624,3044.482,3199.791,155911741.44,0.042415390000000004,0.042415390000000004,0.8629099997009282
2014-12-11,3188.21,3260.851,3174.295,3225.456,128368640.0,0.008020850000000001,0.008020850000000001,0.8698312596026919
2014-12-12,3233.101,3251.033,3214.162,3241.767,106925400.064,0.005056969999999999,0.005056969999999999,0.8742299609569746
2014-12-15,3241.013,3276.505,3204.83,3268.462,102428749.824,0.00823465,0.00823465,0.8814289881565687
2014-12-16,3271.124,3319.108,3257.253,3318.859,139015610.368,0.01541917,0.01541917,0.8950198993301196
2014-12-17,3329.521,3360.522,3286.398,3346.578,209377189.888,0.00835197,0.00835197,0.9024950757656149
2014-12-18,3353.202,3372.007,3321.48,3348.444,154545418.24,0.00055765,0.00055765,0.9029982930255679
2014-12-19,3349.23,3425.679,3314.633,3423.909,168071647.232,0.022537289999999998,0.022537289999999998,0.9233494669389362
2014-12-22,3452.901,3496.666,3388.827,3439.213,234362753.024,0.00446973,0.00446973,0.9274766035661168
2014-12-23,3401.576,3438.726,3323.32,3330.992,157382774.784,-0.03146678,-0.03146678,0.8982918902277662
2014-12-24,3332.254,3345.554,3235.698,3275.203,136536051.712,-0.01674848,-0.01674848,0.8832468807339227
2014-12-25,3294.641,3374.244,3272.528,3373.73,137423138.816,0.03008275,0.03008275,0.9098173453488095
2014-12-26,3379.125,3439.346,3361.979,3433.282,170756751.36,0.01765168,0.01765168,0.9258771493491926
2014-12-29,3460.288,3473.955,3382.131,3419.233,202838364.16,-0.00409202,-0.00409202,0.9220884573421839
2014-12-30,3413.056,3432.685,3356.798,3383.051,157855145.984,-0.01058187,-0.01058187,0.9123310045556803
2014-12-31,3387.772,3455.241,3374.174,3448.805,164770729.984,0.01943627,0.01943627,0.9300633452367856
2015-01-05,3470.706,3592.207,3470.706,3582.306,194965667.84,0.03870934,0.03870934,0.9660654928364488
2015-01-06,3559.168,3633.98,3534.315,3605.596,195005640.704,0.00650141,0.00650141,0.9723462698912735
2015-01-07,3580.706,3604.411,3545.795,3596.046,144830816.256,-0.00264867,-0.00264867,0.9697708546541083
2015-01-08,3593.229,3600.525,3512.893,3517.596,131966812.16,-0.02181561,-0.02181561,0.9486146949310084
2015-01-09,3501.57,3605.667,3492.473,3499.416,165322620.928,-0.00516828,-0.00516828,0.9437119672858082
2015-01-12,3468.419,3473.629,3391.897,3423.422,123067031.552,-0.02171617,-0.02171617,0.9232181342456901
2015-01-13,3413.546,3453.906,3412.09,3451.444,85920862.208,0.008185369999999999,0.008185369999999999,0.9307750228086055
2015-01-14,3455.952,3484.107,3419.931,3442.533,91433664.512,-0.00258186,-0.00258186,0.9283719311668904
2015-01-15,3441.938,3532.656,3436.389,3532.47,116114325.504,0.02612524,0.02612524,0.9526258704532695
2015-01-16,3538.524,3572.022,3523.925,3559.573,136291135.488,0.00767254,0.00767254,0.9599349258640429
2015-01-19,3391.793,3459.589,3266.684,3294.75,135364202.496,-0.07439741,-0.07439741,0.8885182568219715
2015-01-20,3302.477,3387.05,3301.06,3372.581,140002811.904,0.023622749999999998,0.023622749999999998,0.9095074864893852
2015-01-21,3387.578,3500.466,3375.357,3493.485,154438541.312,0.03584912,0.03584912,0.942112513068884
2015-01-22,3494.095,3524.468,3463.001,3517.125,105380384.768,0.00676685,0.00676685,0.9484876770695733
2015-01-23,3526.592,3550.432,3485.37,3502.09,115989901.312,-0.00427477,-0.00427477,0.9444330835522144
2015-01-26,3499.776,3555.577,3493.182,3555.092,90159136.768,0.015134380000000001,0.015134380000000001,0.9587265032799868
2015-01-27,3556.915,3567.975,3482.419,3550.807,111275040.768,-0.00120536,-0.00120536,0.9575709373856147
2015-01-28,3528.864,3558.015,3506.465,3519.709,89326645.248,-0.00875798,-0.00875798,0.9491845224070429
2015-01-29,3479.591,3515.713,3470.091,3497.688,85338005.504,-0.00625648,-0.00625648,0.9432459654502248
2015-01-30,3502.254,3516.643,3452.75,3452.854,76022710.272,-0.012818179999999998,-0.012818179999999998,0.931155267361946
2015-02-02,3393.794,3417.141,3365.72,3373.148,73279664.128,-0.02308411,-0.02308411,0.9096603933416859
2015-02-03,3394.113,3431.32,3373.509,3430.602,75849125.888,0.01703278,0.01703278,0.9251544150208572
2015-02-04,3438.383,3456.948,3403.693,3406.78,76842917.888,-0.00694398,-0.00694398,0.9187301698083182
2015-02-05,3469.672,3470.814,3358.178,3358.178,104068370.432,-0.014266270000000001,-0.014266270000000001,0.905623328828559
2015-02-06,3343.792,3350.104,3260.836,3280.883,69682151.424,-0.02301692,-0.02301692,0.8847786460268124
2015-02-09,3271.132,3302.913,3252.014,3281.781,71973699.584,0.00027369,0.00027369,0.8850208159622025
2015-02-10,3282.67,3343.21,3280.073,3342.439,65972803.072,0.01848324,0.01848324,0.9013788827115179
2015-02-11,3346.26,3364.837,3345.563,3357.999,46726269.696,0.0046553,0.0046553,0.9055750566476739
2015-02-12,3359.251,3371.823,3334.946,3365.303,54587651.072,0.00217509,0.00217509,0.9075447773693759
2015-02-13,3379.999,3437.794,3379.999,3408.902,73256644.608,0.012955479999999998,0.012955479999999998,0.9193024243772464
2015-02-16,3410.181,3435.524,3401.81,3435.294,54373053.952,0.00774204,0.00774204,0.9264197394494204
2015-02-17,3441.978,3464.644,3441.978,3459.155,55273933.568,0.006945860000000001,0.006945860000000001,0.9328545020644987
2015-02-25,3466.388,3476.264,3436.784,3449.994,60485804.544,-0.0026483699999999997,-0.0026483699999999997,0.9303839911757374
2015-02-26,3447.735,3520.323,3438.896,3518.721,89994412.032,0.019920919999999998,0.019920919999999998,0.9489180815427163
2015-02-27,3517.161,3533.642,3509.752,3522.465,76101120.0,0.00106406,0.00106406,0.9499277521864804
2015-03-02,3550.111,3568.121,3528.042,3567.614,86043152.384,0.01281742,0.01281742,0.9621033985260372
2015-03-03,3555.63,3555.63,3512.521,3514.876,93479550.976,-0.014782439999999999,-0.014782439999999999,0.9478811735231457
2015-03-04,3514.569,3545.365,3511.872,3544.691,69806948.352,0.008482499999999999,0.008482499999999999,0.9559215929258763
2015-03-05,3539.815,3540.498,3494.54,3520.051,80702464.0,-0.00695121,-0.00695121,0.9492767519370021
2015-03-06,3518.635,3542.784,3504.777,3513.854,61821025.536,-0.0017604900000000002,-0.0017604900000000002,0.9476055636412207
2015-03-09,3501.359,3581.659,3478.413,3581.555,101851844.608,0.01926686,0.01926686,0.965862965418322
2015-03-10,3567.979,3602.898,3561.572,3582.017,79074353.152,0.00012904,0.00012904,0.9659875561868633
2015-03-11,3581.794,3611.927,3578.308,3593.485,71950499.84,0.00320155,0.00320155,0.969080211887367
2015-03-12,3617.44,3650.326,3606.328,3640.545,129014030.336,0.01309587,0.01309587,0.9817712109513451
2015-03-13,3647.026,3678.414,3644.418,3669.452,111010078.72,0.00794029,0.00794029,0.9895667636488041
2015-03-16,3687.364,3746.74,3678.949,3746.276,106414292.992,0.020936089999999997,0.020936089999999997,1.0102844285891155
2015-03-17,3768.258,3810.868,3757.205,3804.431,138206498.816,0.015523420000000001,0.015523420000000001,1.0259674938370043
2015-03-18,3828.312,3904.802,3825.784,3904.784,148344086.528,0.026377929999999997,0.026377929999999997,1.0530303886323167
2015-03-19,3924.256,3937.768,3890.87,3926.79,145234051.072,0.00563568,0.00563568,1.058964900434312
2015-03-20,3928.873,3963.738,3914.007,3958.916,169637212.16,0.008181230000000001,0.008181230000000001,1.067628543356738
2015-03-23,3979.758,4040.16,3979.758,4040.16,167798906.88,0.020521750000000002,0.020521750000000002,1.0895381805848263
2015-03-24,4044.642,4069.412,3947.03,4060.453,177528152.064,0.00502281,0.00502281,1.095010735706061
2015-03-25,4052.086,4075.547,4016.45,4050.846,152644255.744,-0.00236598,-0.00236598,1.0924199488805695
2015-03-26,4031.073,4097.907,3997.329,4057.969,140115685.376,0.00175841,0.00175841,1.09434085806741
2015-03-27,4062.269,4105.076,4042.467,4095.962,123163615.232,0.009362549999999999,0.009362549999999999,1.1045866958795163
2015-03-30,4116.301,4208.214,4116.301,4198.233,183116120.064,0.02496874,0.02496874,1.1321668311381672
2015-03-31,4230.587,4243.593,4157.926,4167.372,190439215.104,-0.00735091,-0.00735091,1.1238443296057952
2015-04-01,4167.123,4255.226,4167.123,4249.998,134924431.36,0.01982688,0.01982688,1.1461266604315548
2015-04-02,4276.306,4327.742,4251.705,4326.28,137650409.472,0.01794865,0.01794865,1.16669816044427
2015-04-03,4319.727,4421.495,4301.32,4419.574,134476824.576,0.021564589999999998,0.021564589999999998,1.1918574053799857
2015-04-07,4470.882,4556.684,4467.687,4556.684,178573430.784,0.03102332,0.03102332,1.228832817230008
2015-04-08,4578.844,4617.32,4490.116,4589.571,208200982.528,0.00721725,0.00721725,1.2377016843404425
2015-04-09,4591.968,4612.203,4432.634,4553.795,210715643.904,-0.00779504,-0.00779504,1.228053720411142
2015-04-10,4548.904,4689.969,4529.252,4676.602,160107835.392,0.02696808,0.02696808,1.2611719422991565
2015-04-13,4717.287,4791.385,4704.792,4779.299,212089364.48,0.0219597,0.0219597,1.288866959954774
2015-04-14,4775.798,4852.131,4734.357,4805.145,204835024.896,0.00540795,0.00540795,1.2958370313913994
2015-04-15,4799.687,4803.176,4676.924,4687.281,227751333.888,-0.024528759999999997,-0.024528759999999997,1.2640518228559823
2015-04-16,4632.48,4794.94,4583.773,4793.88,202689888.256,0.02274221,0.02274221,1.292799120119497
2015-04-17,4835.408,4879.34,4811.106,4842.848,260858298.368,0.01021474,0.01021474,1.306004662876932
2015-04-20,4833.82,4889.018,4710.582,4738.438,328694865.92,-0.021559659999999998,-0.021559659999999998,1.2778476885405536
2015-04-21,4715.839,4832.766,4709.015,4832.083,215186083.84,0.019762850000000002,0.019762850000000002,1.303101590099122
2015-04-22,4845.732,4973.452,4845.732,4971.092,251026796.544,0.02876788,0.02876788,1.3405891185497072
2015-04-23,4992.861,5018.72,4935.249,4990.335,223815237.632,0.00387101,0.00387101,1.345778512833348
2015-04-24,4917.099,4972.94,4852.64,4935.638,217951215.616,-0.010960540000000001,-0.010960540000000001,1.3310279906106024
2015-04-27,4963.265,5019.13,4947.871,5014.771,253516627.968,0.01603294,0.01603294,1.3523683397166324
2015-04-28,5020.992,5027.356,4869.366,4910.566,332984582.144,-0.02077963,-0.02077963,1.324266649162832
2015-04-29,4885.896,4964.405,4858.083,4948.894,200485666.816,0.00780524,0.00780524,1.3346028287659806
2015-04-30,4960.247,5002.133,4948.043,4955.857,202618597.376,0.0014069599999999999,0.0014069599999999999,1.3364805896347114
2015-05-04,4957.749,5042.418,4923.361,5038.727,173302620.16,0.016721649999999998,0.016721649999999998,1.3588287216455883
2015-05-05,5043.261,5043.261,4808.739,4824.972,229258731.52,-0.0424224,-0.0424224,1.3011839170361397
2015-05-06,4829.932,4890.342,4682.594,4723.29,177581355.008,-0.021074139999999998,-0.021074139999999998,1.2737626215235298
2015-05-07,4695.297,4716.846,4582.187,4591.621,121167278.08,-0.02787653,-0.02787653,1.2382545221662213
2015-05-08,4634.549,4713.34,4597.45,4712.642,124540649.472,0.026356920000000002,0.026356920000000002,1.2708911009533377
2015-05-11,4754.195,4885.992,4715.546,4885.748,160072134.656,0.03673225,0.03673225,1.317573805670061
2015-05-12,4892.405,4964.0,4871.292,4963.807,160788762.624,0.015976900000000002,0.015976900000000002,1.3386245216907808
2015-05-13,4966.713,4981.065,4903.019,4945.74,151734284.288,-0.0036397200000000004,-0.0036397200000000004,1.3337522675452453
2015-05-14,4949.681,4978.471,4906.918,4958.943,134659072.0,0.0026695,0.0026695,1.3373128128202498
2015-05-15,4955.413,4955.413,4842.739,4880.275,126142504.96,-0.01586386,-0.01586386,1.3160978635137255
2015-05-18,4849.935,4917.075,4828.434,4881.529,110192635.904,0.00025693,0.00025693,1.3164360384569094
2015-05-19,4897.712,5031.487,4897.031,5030.69,145429311.488,0.030556230000000004,0.030556230000000004,1.3566613276915467
2015-05-20,5054.681,5176.545,5054.372,5099.421,158961459.2,0.01366233,0.01366233,1.3751964967664785
2015-05-21,5111.202,5260.883,5098.121,5260.283,132981989.376,0.03154521,0.03154521,1.4185772764398668
2015-05-22,5329.631,5390.547,5289.474,5385.919,192402407.424,0.02388384,0.02388384,1.4524584145274562
2015-05-25,5380.854,5557.304,5373.876,5556.777,214314405.888,0.03172307,0.03172307,1.49853488537474
2015-05-26,5603.593,5682.21,5514.465,5680.533,213523828.736,0.02227125,0.02227125,1.531909030724542
2015-05-27,5677.692,5711.574,5582.44,5696.358,200904269.824,0.00278578,0.00278578,1.536176669062567
2015-05-28,5684.37,5749.709,5349.73,5355.662,240610762.752,-0.05980940999999999,-0.05980940999999999,1.4442987978959478
2015-05-29,5335.975,5455.887,5141.133,5369.283,174029152.256,0.0025433099999999996,0.0025433099999999996,1.4479720681520134
2015-06-01,5413.556,5674.915,5408.529,5674.199,183073734.656,0.05678896,0.05678896,1.5302008966813792
2015-06-02,5727.413,5847.712,5686.505,5846.394,184892481.536,0.030346980000000003,0.030346980000000003,1.5766379256618661
2015-06-03,5882.08,5891.787,5734.828,5863.527,192263077.888,0.00293049,0.00293049,1.581258301500437
2015-06-04,5878.129,5914.872,5557.272,5906.891,243178577.92,0.00739559,0.00739559,1.5929525744160837
2015-06-05,6001.519,6056.774,5874.615,6018.419,258886991.872,0.01888097,0.01888097,1.6230291095543616
2015-06-08,6068.755,6138.016,5972.184,6124.155,326051794.944,0.01756871,0.01756871,1.651543675577073
2015-06-09,6132.834,6132.834,5990.764,6085.037,327659671.552,-0.0063874399999999994,-0.0063874399999999994,1.6409944511532588
2015-06-10,6011.948,6157.176,5948.791,6089.129,229969776.64,0.00067244,0.00067244,1.642097969388911
2015-06-11,6081.023,6113.706,6032.272,6113.091,205091241.984,0.0039352,0.0039352,1.648559969379796
2015-06-12,6142.363,6232.1,6142.363,6226.616,241791676.416,0.01857087,0.01857087,1.679175049463479
2015-06-15,6240.648,6267.348,6130.758,6149.733,239475474.432,-0.01234753,-0.01234753,1.6584414735808646
2015-06-16,6090.764,6093.089,5841.348,5880.947,203447201.792,-0.043706959999999996,-0.043706959999999996,1.5859560746346166
2015-06-17,5892.431,6039.786,5724.897,6030.065,211602255.872,0.02535615,0.02535615,1.626169767758762
2015-06-18,6011.382,6077.886,5877.884,5884.323,192707076.096,-0.02416918,-0.02416918,1.5868665041467287
2015-06-19,5724.197,5791.211,5477.859,5478.305,164251013.12,-0.06899996,-0.06899996,1.4773727927579001
2015-06-23,5444.162,5525.223,5147.178,5524.289,166462500.864,0.00839382,0.00839382,1.4897736193825912
2015-06-24,5573.866,5677.782,5510.082,5674.466,196538118.144,0.02718481,0.02718481,1.5302729004372246
2015-06-25,5698.908,5705.779,5430.412,5482.015,213670404.096,-0.03391521,-0.03391521,1.4783732943840657
2015-06-26,5323.236,5360.725,5010.848,5056.831,207901868.032,-0.07755981,-0.07755981,1.3637109538396865
2015-06-29,5188.371,5198.195,4681.367,4864.337,236887523.328,-0.03806616,-0.03806616,1.3117997516760358
2015-06-30,4803.436,5127.218,4586.258,5118.203,242576736.256,0.052189269999999996,0.052189269999999996,1.380261569958566
2015-07-01,5054.842,5180.447,4828.456,4829.26,198481612.8,-0.05645406,-0.05645406,1.3023402919614764
2015-07-02,4826.554,4844.433,4503.547,4579.486,212893241.344,-0.051720949999999995,-0.051720949999999995,1.2349819919145983
2015-07-03,4416.633,4584.513,4231.186,4274.738,178215084.032,-0.06654634,-0.06654634,1.1527984691192477
2015-07-06,4599.992,4599.992,4137.814,4330.588,303799283.712,0.013065150000000001,0.013065150000000001,1.1678599289093703
2015-07-07,4188.572,4264.479,4069.853,4179.854,307377299.456,-0.0348068,-0.0348068,1.1272104377723182
2015-07-08,3882.924,4050.15,3848.88,3971.306,328765304.832,-0.04989363,-0.04989363,1.070969841240348
2015-07-09,3891.877,4257.199,3869.157,4232.975,250628317.184,0.06588996,0.06588996,1.1415359490616845
2015-07-10,4307.217,4534.312,4268.702,4482.914,281543553.024,0.0590457,0.0590457,1.208938745811613
2015-07-13,4583.573,4722.208,4512.177,4679.814,247711019.008,0.0439223,0.0439223,1.2620381447852063
2015-07-14,4677.544,4809.428,4564.937,4631.633,207789375.488,-0.010295529999999999,-0.010295529999999999,1.2490448378174728
2015-07-15,4567.471,4585.368,4355.38,4408.947,175160848.384,-0.04807938,-0.04807938,1.1889915480265456
2015-07-16,4364.766,4532.869,4246.465,4441.683,133071810.56,0.00742498,0.00742498,1.1978196939117642
2015-07-17,4457.129,4666.714,4442.315,4623.906,131440758.784,0.04102559,0.04102559,1.2469610437297687
2015-07-20,4621.487,4714.667,4568.917,4646.224,134127583.232,0.00482673,0.00482673,1.2529796947520777
2015-07-21,4587.026,4727.598,4553.237,4692.005,123968741.376,0.00985333,0.00985333,1.2653257769481674
2015-07-22,4670.303,4721.294,4594.967,4710.574,119170072.576,0.00395765,0.00395765,1.2703334089417715
2015-07-23,4703.363,4836.18,4686.18,4817.911,124171190.272,0.022786369999999997,0.022786369999999997,1.2992797278225667
2015-07-24,4817.84,4878.262,4695.136,4725.451,138460753.92,-0.01919088,-0.01919088,1.2743453934949973
2015-07-27,4617.25,4706.874,4330.533,4331.509,135035088.896,-0.08336608999999999,-0.08336608999999999,1.1681083014154887
2015-07-28,4173.336,4372.788,4086.9,4281.75,132641570.816,-0.01148763,-0.01148763,1.1546894441603996
2015-07-29,4314.286,4469.521,4243.181,4466.385,90585554.944,0.04312133,0.04312133,1.204481254873906
2015-07-30,4452.022,4524.035,4332.039,4346.517,85999005.696,-0.026837740000000002,-0.026837740000000002,1.1721556136541664
2015-07-31,4287.253,4397.792,4282.123,4346.63,73250373.632,2.595e-05,2.595e-05,1.1721860871538314
2015-08-03,4292.857,4375.299,4250.225,4374.042,86545813.504,0.0063065199999999995,0.0063065199999999995,1.1795784727539542
2015-08-04,4368.251,4535.292,4329.171,4534.82,74329272.32,0.03675727,0.03675727,1.2229365995603347
2015-08-05,4518.62,4580.666,4456.229,4485.827,68119828.224,-0.01080366,-0.01080366,1.2097243148781953
2015-08-06,4410.909,4520.837,4391.233,4456.464,51034827.008,-0.00654579,-0.00654579,1.201805789474124
2015-08-07,4485.832,4556.832,4474.421,4556.832,60321673.984,0.022521930000000003,0.022521930000000003,1.2288727294242594
2015-08-10,4588.67,4790.244,4575.263,4767.977,116110131.2,0.046335930000000004,0.046335930000000004,1.2858136770945454
2015-08-11,4760.033,4846.784,4738.173,4781.974,111486824.448,0.0029356399999999998,0.0029356399999999998,1.2895883458981685
2015-08-12,4717.493,4785.978,4707.05,4710.595,85588914.176,-0.014926660000000001,-0.014926660000000001,1.2703390721585235
2015-08-13,4688.127,4826.378,4672.193,4826.281,84942950.4,0.02455858,0.02455858,1.3015369242136738
2015-08-14,4842.185,4892.805,4797.737,4811.524,90652999.68,-0.0030575999999999997,-0.0030575999999999997,1.2975573008990302
2015-08-17,4799.756,4882.916,4761.733,4882.902,84851576.832,0.01483479,0.01483479,1.3168063049616872
2015-08-18,4887.785,4894.292,4514.421,4527.854,111492071.424,-0.07271245999999999,-0.07271245999999999,1.2210580296606393
2015-08-19,4400.313,4627.562,4288.067,4601.635,88302280.704,0.01629486,0.01629486,1.2409550675259042
2015-08-20,4547.361,4595.477,4438.655,4438.655,66305788.16,-0.03541784,-0.03541784,1.1970031119915405
2015-08-21,4369.178,4416.92,4185.246,4199.154,70430105.6,-0.053958009999999994,-0.053958009999999994,1.1324152036442854
2015-08-24,4029.022,4039.638,3827.495,3836.111,88131604.48,-0.08645617,-0.08645617,1.0345108608226998
2015-08-25,3558.591,3699.67,3504.317,3520.751,90303967.232,-0.08220828,-0.08220828,0.9494655258287316
2015-08-26,3538.654,3667.703,3385.108,3476.709,91703934.976,-0.01250926,-0.01250926,0.9375884119150951
2015-08-27,3529.125,3650.754,3453.585,3649.974,86252601.344,0.049835960000000006,0.049835960000000006,0.98431399527294
2015-08-28,3711.63,3862.369,3674.936,3851.774,93653610.496,0.05528801,0.05528801,1.0387348114886388
2015-08-31,3809.789,3809.789,3695.188,3784.07,95977865.216,-0.01757732,-0.01757732,1.020476600680573
2015-09-01,3713.01,3713.01,3571.68,3680.818,120235036.672,-0.02728595,-0.02728595,0.9926319122965129
2015-09-02,3506.405,3721.271,3492.922,3685.147,123599925.248,0.00117606,0.00117606,0.993799343978365
2015-09-07,3684.645,3787.281,3585.871,3608.919,72029691.904,-0.02068521,-0.02068521,0.9732424065230116
2015-09-08,3581.901,3737.499,3524.626,3731.149,53292210.688,0.03386886,0.03386886,1.0062050247888434
2015-09-09,3743.954,3849.612,3722.506,3818.834,73467600.896,0.02350082,0.02350082,1.0298516514978304
2015-09-10,3760.7,3821.315,3743.707,3758.217,50347555.584,-0.01587315,-0.01587315,1.0135046415050306
2015-09-11,3753.588,3796.282,3714.685,3767.508,39048752.384,0.00247219,0.00247219,1.0160102104022557
2015-09-14,3795.917,3807.065,3539.807,3603.188,70386020.352,-0.043615060000000004,-0.043615060000000004,0.9716968877037244
2015-09-15,3511.625,3564.992,3417.444,3432.072,47825706.496,-0.04749,-0.04749,0.9255508401934889
2015-09-16,3436.185,3673.659,3421.347,3641.679,50703351.296,0.061073,0.061073,0.9820770246559468
2015-09-17,3623.231,3709.684,3556.515,3556.737,57106809.088,-0.023325,-0.023325,0.9591701219255508
2015-09-18,3583.956,3612.543,3546.891,3588.558,37735907.072,0.008947,0.008947,0.9677515133665804
2015-09-21,3554.02,3668.93,3537.482,3668.085,38665069.312,0.022161,0.022161,0.9891981152059554
2015-09-22,3678.048,3727.768,3659.982,3695.389,43657130.496,0.007443999999999999,0.007443999999999999,0.9965613756913541
2015-09-23,3637.202,3681.25,3599.199,3625.717,39078276.352,-0.018854,-0.018854,0.9777724405705405
2015-09-24,3639.873,3671.088,3619.984,3663.573,30139666.176,0.010441,0.010441,0.9879813326352654
2015-09-25,3651.969,3676.344,3564.734,3595.044,35215475.456,-0.018706,-0.018706,0.9695006383119471
2015-09-28,3597.587,3638.381,3548.635,3638.052,22910105.6,0.011963,0.011963,0.9810989062198004
2015-09-29,3587.303,3615.098,3558.316,3575.997,27559460.608,-0.017057,-0.017057,0.9643641007179906
2015-09-30,3605.446,3621.597,3577.912,3591.527,28102870.528,0.0043430000000000005,0.0043430000000000005,0.9685521843445011
2015-10-08,3705.793,3735.763,3677.193,3708.493,43503038.976,0.032567,0.032567,1.000095222944528
2015-10-09,3707.023,3754.047,3694.468,3742.892,35768494.848,0.009276,0.009276,1.009371841661098
2015-10-12,3758.559,3908.733,3756.083,3882.209,66909587.712,0.037222,0.037222,1.046942430624044
2015-10-13,3848.906,3903.665,3834.251,3896.913,44102045.184,0.003788,0.003788,1.050907761058314
2015-10-14,3870.725,3898.035,3828.275,3830.143,44450666.496,-0.017134,-0.017134,1.0329014285572127
2015-10-15,3816.321,3939.258,3815.944,3939.184,46860176.896,0.028469,0.028469,1.0623072770258748
2015-10-16,3972.75,4009.18,3932.578,4008.526,62598454.528,0.017603,0.017603,1.0810072187405873
2015-10-19,4031.262,4079.932,3997.629,4042.381,64874507.264,0.008446,0.008446,1.090137133175585
2015-10-20,4035.977,4086.98,4001.472,4086.98,57931688.448,0.011033,0.011033,1.10216445717164
2015-10-21,4084.994,4105.857,3851.464,3891.042,91270594.56,-0.047942,-0.047942,1.0493244874606806
2015-10-22,3868.2,3978.428,3851.595,3969.129,52921943.808,0.020068000000000003,0.020068000000000003,1.0703827544370697
2015-10-23,3985.958,4064.485,3969.299,4047.31,53684765.44,0.019697,0.019697,1.0914663710503478
2015-10-26,4099.697,4110.479,4040.175,4074.162,60078187.008,0.006634999999999999,0.006634999999999999,1.0987077375370868
2015-10-27,4066.23,4103.691,3949.783,4088.056,48594982.656,0.0034100000000000003,0.0034100000000000003,1.102454629610927
2015-10-28,4070.816,4116.736,4006.117,4020.222,48591960.064,-0.016593,-0.016593,1.0841613607943972
2015-10-29,4035.126,4068.027,3997.508,4035.468,36650604.288,0.003792,0.003792,1.0882728561562631
2015-10-30,4026.097,4061.484,3977.963,4016.334,41533455.36,-0.004741,-0.004741,1.0831128566643344
2015-11-02,3945.852,4026.637,3934.211,3942.018,37738550.016,-0.018503000000000002,-0.018503000000000002,1.0630715416103906
2015-11-03,3942.625,3964.464,3902.337,3923.939,30721950.976,-0.004586,-0.004586,1.0581960513409971
2015-11-04,3938.248,4102.117,3938.248,4101.781,64412337.152,0.045321999999999994,0.045321999999999994,1.1061559462737638
2015-11-05,4105.254,4222.849,4094.769,4165.039,136250028.032,0.015422,0.015422,1.1232151731923599
2015-11-06,4154.023,4250.163,4153.135,4244.145,99900399.616,0.018993,0.018993,1.1445482410197092
2015-11-09,4241.264,4333.883,4240.195,4303.965,128968204.288,0.014095,0.014095,1.1606803184529257
2015-11-10,4275.354,4336.859,4263.596,4309.279,92264026.112,0.001235,0.001235,1.16211338196814
2015-11-11,4313.767,4334.718,4281.365,4331.564,69731409.92,0.005171,0.005171,1.1681231336498388
2015-11-12,4331.993,4336.181,4258.125,4297.396,63853095.168,-0.007888,-0.007888,1.1589088103175393
2015-11-13,4261.574,4305.78,4218.566,4256.176,69831319.552,-0.009592,-0.009592,1.147792724864561
2015-11-16,4186.803,4311.315,4180.515,4311.116,58183181.824,0.012908,0.012908,1.1626087785954353
2015-11-17,4348.542,4399.819,4299.179,4308.746,83355136.0,-0.00055,-0.00055,1.1619696441334373
2015-11-18,4305.589,4321.889,4251.257,4259.605,69327577.088,-0.011405,-0.011405,1.1487174472570465
2015-11-19,4267.921,4332.966,4249.773,4332.19,50330884.864,0.01704,0.01704,1.1682919514444423
2015-11-20,4338.915,4374.809,4328.434,4360.778,55957855.744,0.006599000000000001,0.006599000000000001,1.1760014771826706
2015-11-23,4371.677,4414.064,4341.125,4356.678,60972517.12,-0.00094,-0.00094,1.1748958015311126
2015-11-24,4353.409,4371.56,4293.957,4371.35,47073467.904,0.003368,0.003368,1.1788525023017606
2015-11-25,4364.647,4433.5,4359.456,4432.567,54123610.88,0.014004,0.014004,1.1953613184874712
2015-11-26,4454.701,4463.442,4402.235,4409.698,55729299.2,-0.005159,-0.005159,1.1891940754446724
2015-11-27,4383.655,4404.944,4144.494,4183.035,68158767.872,-0.051401,-0.051401,1.1280682802717341
2015-11-30,4182.137,4236.011,4040.734,4232.351,56058688.768,0.01179,0.01179,1.1413676706210572
2015-12-01,4229.632,4280.332,4194.869,4237.51,48156639.744,0.001219,0.001219,1.1427589342031028
2015-12-02,4214.74,4312.78,4169.449,4312.528,82090659.84,0.017703,0.017703,1.1629895625027524
2015-12-03,4308.375,4377.529,4299.713,4369.735,73871577.088,0.013265,0.013265,1.1784169739658419
2015-12-04,4345.316,4353.701,4279.011,4305.063,54321667.072,-0.0148,-0.0148,1.1609764237859526
2015-12-07,4308.276,4333.508,4285.908,4323.667,41027047.168,0.004321,0.004321,1.1659934944741432
2015-12-08,4300.557,4300.557,4226.542,4232.056,44704829.44,-0.021188,-0.021188,1.1412881159095425
2015-12-09,4213.58,4264.488,4210.085,4253.747,36835704.832,0.005124999999999999,0.005124999999999999,1.14713767946026
2015-12-10,4261.02,4294.614,4235.529,4245.696,40877888.0,-0.001893,-0.001893,1.1449665100283837
2015-12-11,4232.821,4238.544,4179.717,4205.227,36898906.624,-0.009532,-0.009532,1.1340529519935318
2015-12-14,4172.501,4302.088,4166.727,4299.712,41498395.904,0.022468,0.022468,1.1595333822221756
2015-12-15,4296.416,4322.497,4273.079,4295.22,38265295.36,-0.001045,-0.001045,1.1583219931912494
2015-12-16,4304.757,4317.218,4278.657,4287.303,32424732.928,-0.001843,-0.001843,1.15618696047579
2015-12-17,4306.954,4381.124,4306.48,4380.81,52574302.72,0.02181,0.02181,1.181403646609989
2015-12-18,4374.745,4426.58,4364.566,4377.742,60819701.504,-0.0007000000000000001,-0.0007000000000000001,1.180576277610238
2015-12-21,4366.506,4507.898,4362.683,4497.0,78639407.104,0.027242000000000002,0.027242000000000002,1.2127374158671844
2015-12-22,4509.872,4529.122,4479.149,4520.012,57850072.064,0.005117,0.005117,1.2189432227192938
2015-12-23,4520.921,4564.908,4503.627,4513.839,66422607.36,-0.001366,-0.001366,1.2172785066712288
2015-12-24,4502.919,4504.746,4409.719,4457.308,44985339.136,-0.012524,-0.012524,1.2020333968521522
2015-12-25,4462.534,4483.23,4445.339,4478.345,32076159.232,0.004719999999999999,0.004719999999999999,1.2077065916525964
2015-12-28,4489.282,4495.11,4367.535,4367.535,47753903.104,-0.024744000000000002,-0.024744000000000002,1.1778236845918353
2015-12-29,4364.553,4410.815,4349.126,4410.329,32830612.48,0.009798,0.009798,1.189364241624217
2015-12-30,4413.778,4418.55,4374.717,4417.866,32572810.496,0.001709,0.001709,1.1913967970841661
2015-12-31,4416.642,4429.299,4374.582,4375.169,33464878.336,-0.009665,-0.009665,1.1798823987196383
2016-01-04,4368.298,4370.964,4065.072,4065.485,31699062.528,-0.070782,-0.070782,1.0963677503106073
2016-01-05,3966.604,4125.997,3952.488,4079.851,42040024.832,0.003534,0.003534,1.1002419299228705
2016-01-06,4084.165,4181.144,4083.042,4181.093,35304694.272,0.024815,0.024815,1.127544567560679
2016-01-07,4119.503,4119.625,3881.985,3889.615,9807151.872,-0.069713,-0.069713,1.0489396583985409
2016-01-08,3992.286,4039.936,3833.264,3984.156,44443770.88,0.024306,0.024306,1.074435190538523
2016-01-11,3918.728,3944.003,3758.796,3758.796,40412855.296,-0.056563999999999996,-0.056563999999999996,1.0136607844811896
2016-01-12,3769.8,3797.028,3717.704,3757.789,28104880.64,-0.000268,-0.000268,1.0133892197540875
2016-01-13,3779.86,3816.903,3686.239,3686.239,25708038.912,-0.019039999999999998,-0.019039999999999998,0.9940938312494628
2016-01-14,3607.313,3770.771,3598.033,3763.708,29950231.552,0.021016,0.021016,1.0149854378471534
2016-01-15,3739.732,3757.877,3607.801,3627.11,26924162.816,-0.036293,-0.036293,0.978148100615082
2016-01-18,3569.082,3677.43,3565.163,3637.35,21416688.64,0.002823,0.002823,0.9809095929740946
2016-01-19,3637.363,3757.134,3628.699,3752.644,27692351.232,0.031697,0.031697,1.0120017316498764
2016-01-20,3735.895,3755.001,3669.73,3707.212,30998023.68,-0.012107000000000001,-0.012107000000000001,0.9997497667226632
2016-01-21,3656.151,3731.34,3600.065,3600.065,25682305.024,-0.028902,-0.028902,0.9708546864696233
2016-01-22,3636.788,3659.595,3570.113,3640.385,20547942.656,0.011200000000000002,0.011200000000000002,0.9817280626332356
2016-01-25,3659.954,3687.795,3638.032,3665.445,17429152.512,0.006884,0.006884,0.9884861679571475
2016-01-26,3636.086,3639.308,3434.632,3437.772,26986116.864,-0.062112999999999995,-0.062112999999999995,0.9270879990261424
2016-01-27,3455.518,3467.391,3309.879,3419.926,27823748.352,-0.005191,-0.005191,0.922275343494996
2016-01-28,3390.428,3427.14,3321.21,3330.711,20515795.712,-0.026087,-0.026087,0.8982161109940862
2016-01-29,3328.264,3453.29,3328.264,3430.869,24151705.344,0.030071,0.030071,0.9252264187767025
2016-02-01,3423.943,3438.961,3349.885,3388.877,18837542.912,-0.012239,-0.012239,0.9139021426888451
2016-02-02,3390.329,3467.932,3390.329,3461.02,18965832.192,0.021288,0.021288,0.9333574496474634
2016-02-03,3426.371,3457.504,3400.491,3447.939,16731393.024,-0.00378,-0.00378,0.9298298049650175
2016-02-04,3456.094,3504.185,3456.094,3487.772,19136494.08,0.011553,0.011553,0.940571848435384
2016-02-05,3490.922,3501.207,3471.842,3476.317,15888436.736,-0.0032840000000000005,-0.0032840000000000005,0.9374826985357267
2016-02-15,3381.988,3468.978,3377.747,3453.892,15278081.792,-0.006451,-0.006451,0.9314351920756818
2016-02-16,3467.474,3561.785,3467.229,3556.873,20838591.744,0.029816,0.029816,0.959206797995944
2016-02-17,3550.234,3594.532,3544.058,3592.924,23614596.864,0.010136000000000001,0.010136000000000001,0.9689289230969953
2016-02-18,3610.046,3626.555,3585.142,3593.351,24158677.76,0.000119,0.000119,0.9690440751709503
2016-02-19,3585.613,3610.465,3574.125,3594.199,17207017.472,0.000236,0.000236,0.969272761256931
2016-02-22,3631.81,3680.908,3625.319,3675.166,27108710.656,0.022527,0.022527,0.9911076979592922
2016-02-23,3678.92,3681.71,3614.095,3649.7,20929193.728,-0.006928999999999999,-0.006928999999999999,0.9842401037781772
2016-02-24,3629.842,3675.668,3608.831,3675.668,22939015.936,0.007115,0.007115,0.991243075807361
2016-02-25,3668.3,3668.3,3427.561,3447.183,33010539.008,-0.062161,-0.062161,0.9296259291619499
2016-02-26,3478.172,3501.424,3423.451,3483.463,21873465.856,0.010524,0.010524,0.9394098102932956
2016-02-29,3475.508,3478.519,3338.035,3395.02,27027306.752,-0.025389,-0.025389,0.9155587684272646
2016-03-01,3400.834,3473.829,3379.7,3462.303,22319991.808,0.019818,0.019818,0.9337034452233045
2016-03-02,3466.083,3621.211,3465.404,3618.93,36850944.768,0.045237999999999993,0.045237999999999993,0.97594214285173
2016-03-03,3615.015,3652.67,3608.491,3622.675,36554661.632,0.001035,0.001035,0.9769520831724823
2016-03-04,3609.162,3646.995,3566.782,3629.478,55979377.92,0.001878,0.001878,0.9787866957231036
2016-03-07,3649.643,3684.61,3634.054,3667.601,28264986.112,0.010504,0.010504,0.989067591543674
2016-03-08,3669.611,3670.841,3558.988,3664.487,28361604.608,-0.000849,-0.000849,0.9882278174024663
2016-03-09,3596.67,3614.867,3561.297,3610.143,26792431.616,-0.014830000000000001,-0.014830000000000001,0.9735724911565499
2016-03-10,3598.357,3623.111,3558.06,3559.588,17343515.648,-0.014004,-0.014004,0.9599389710188658
2016-03-11,3532.416,3565.755,3515.828,3558.536,18714715.136,-0.00029600000000000004,-0.00029600000000000004,0.9596552708272954
2016-03-14,3583.67,3664.105,3583.526,3621.368,25741306.368,0.017657,0.017657,0.9765996153489246
2016-03-15,3614.976,3628.637,3574.705,3626.728,24087615.744,0.00148,0.00148,0.9780450840055953
2016-03-16,3620.652,3649.167,3620.623,3636.612,39627952.128,0.002725,0.002725,0.9807105713568143
2016-03-17,3641.545,3699.088,3621.803,3681.23,29759612.672,0.012269,0.012269,0.992743019215645
2016-03-18,3689.242,3754.414,3684.041,3738.711,43086950.144,0.015615,0.015615,1.0082443221734971
2016-03-21,3760.816,3808.705,3753.664,3797.979,47409453.824,0.015853,0.015853,1.0242275379092358
2016-03-22,3778.081,3802.929,3761.48,3782.139,31272195.072,-0.004171,-0.004171,1.019955854416388
2016-03-23,3773.5,3794.888,3754.842,3780.231,22795229.184,-0.000504,-0.000504,1.0194413107229314
2016-03-24,3759.689,3772.114,3727.639,3727.639,25149746.688,-0.013912,-0.013912,1.0052584585603148
2016-03-25,3724.995,3762.534,3724.684,3755.709,17840677.12,0.00753,0.00753,1.012828291618663
2016-03-28,3766.405,3797.975,3731.878,3742.039,24512069.12,-0.00364,-0.00364,1.0091418071901763
2016-03-29,3740.511,3746.25,3683.824,3702.018,20908024.32,-0.010695,-0.010695,0.9983490644460312
2016-03-30,3729.009,3789.711,3729.009,3789.711,28381715.456,0.023687999999999997,0.023687999999999997,1.0219978485709236
2016-03-31,3801.881,3809.165,3777.547,3793.308,26619258.368,0.000949,0.000949,1.0229678766974244
2016-04-01,3784.524,3796.799,3732.844,3796.799,26560911.104,0.00092,0.00092,1.0239093190631776
2016-04-05,3788.474,3861.628,3786.377,3857.543,32275740.672,0.015999,0.015999,1.040290578033477
2016-04-06,3848.641,3866.874,3828.638,3856.493,26950509.312,-0.000272,-0.000272,1.040007417195883
2016-04-07,3865.012,3870.159,3798.224,3800.115,26585231.872,-0.014619,-0.014619,1.0248035679559986
2016-04-08,3778.443,3787.9,3747.348,3774.298,21226781.44,-0.006794,-0.006794,1.0178413171520309
2016-04-11,3797.2,3845.648,3797.2,3831.98,27333130.752,0.015283,0.015283,1.0333968251845083
2016-04-12,3829.016,3831.906,3793.447,3816.392,19281980.16,-0.004068,-0.004068,1.029193100292683
2016-04-13,3836.248,3904.145,3836.248,3868.985,38132256.0,0.013781000000000002,0.013781000000000002,1.043376222132288
2016-04-14,3884.697,3894.056,3854.279,3882.551,20489863.424,0.0035060000000000004,0.0035060000000000004,1.0470346601540033
2016-04-15,3885.31,3887.457,3860.217,3872.146,21533430.784,-0.00268,-0.00268,1.0442286710919402
2016-04-18,3856.294,3856.294,3813.641,3831.481,22228887.552,-0.010502000000000001,-0.010502000000000001,1.033262256367404
2016-04-19,3846.696,3855.721,3818.473,3840.951,16893581.312,0.0024720000000000002,0.0024720000000000002,1.0358160974455144
2016-04-20,3850.464,3855.777,3677.846,3754.127,34852187.392,-0.022605,-0.022605,1.0124016626233545
2016-04-21,3735.881,3778.505,3727.07,3736.361,22683569.408,-0.004732,-0.004732,1.0076105812512628
2016-04-22,3716.212,3756.047,3711.687,3755.87,17080497.664,0.005221,0.005221,1.0128717096137607
2016-04-25,3742.83,3761.085,3717.573,3758.974,16495525.632,0.000826,0.000826,1.0137087869850865
2016-04-26,3756.089,3780.083,3743.546,3778.833,14168899.328,0.0052829999999999995,0.0052829999999999995,1.0190643022934491
2016-04-27,3780.687,3791.371,3759.441,3764.983,15333336.064,-0.003665,-0.003665,1.015329276007089
2016-04-28,3765.158,3772.433,3720.118,3757.616,17252972.288,-0.001957,-0.001957,1.0133425656351314
2016-04-29,3744.93,3770.452,3739.928,3751.259,16081738.24,-0.001692,-0.001692,1.0116282290212406
2016-05-03,3753.639,3818.445,3740.862,3817.756,24430299.392,0.017727,0.017727,1.029560939704567
2016-05-04,3806.424,3821.936,3794.367,3805.686,18446542.336,-0.003162,-0.003162,1.0263059384571764
2016-05-05,3800.788,3811.45,3781.908,3807.252,15285494.272,0.00041099999999999996,0.00041099999999999996,1.0267282526206738
2016-05-06,3805.015,3810.061,3702.112,3702.303,22529445.12,-0.027566,-0.027566,0.9984259223876639
2016-05-09,3690.318,3690.318,3601.498,3613.311,20096425.984,-0.024037000000000003,-0.024037000000000003,0.9744268278551195
2016-05-10,3605.158,3637.614,3604.004,3624.839,16051599.104,0.00319,0.00319,0.9775356641749142
2016-05-11,3638.296,3664.204,3614.452,3645.756,18391807.232,0.00577,0.00577,0.9831764977367763
2016-05-12,3616.421,3653.833,3576.897,3650.118,17307452.672,0.001196,0.001196,0.9843528287592385
2016-05-13,3641.707,3668.351,3626.029,3642.225,14956023.808,-0.002162,-0.002162,0.9822242682914957
2016-05-16,3629.255,3665.295,3615.722,3665.295,13002744.32,0.006333999999999999,0.006333999999999999,0.9884457164089198
2016-05-17,3669.506,3670.432,3636.1,3648.904,14268836.864,-0.004472,-0.004472,0.9840254408955822
2016-05-18,3631.24,3631.496,3564.32,3599.615,18515407.872,-0.013508,-0.013508,0.9707333318249399
2016-05-19,3590.332,3624.497,3590.332,3596.537,11456819.2,-0.0008550000000000001,-0.0008550000000000001,0.9699032660553071
2016-05-20,3579.317,3610.739,3570.619,3610.313,11552004.096,0.00383,0.00383,0.9736183362445414
2016-05-23,3609.073,3632.356,3608.687,3628.115,12814693.632,0.004931,0.004931,0.9784191259882077
2016-05-24,3624.732,3624.732,3584.625,3598.549,11768903.168,-0.008149,-0.008149,0.970445856155535
2016-05-25,3612.205,3623.634,3589.439,3600.113,10361922.816,0.00043499999999999995,0.00043499999999999995,0.970867630965056
2016-05-26,3599.465,3611.292,3561.458,3607.812,11060472.064,0.0021390000000000003,0.0021390000000000003,0.972943874097091
2016-05-27,3603.357,3629.332,3595.008,3617.151,10265204.992,0.002589,0.002589,0.9754623874897491
2016-05-30,3611.35,3632.024,3590.864,3617.972,12660741.12,0.00022700000000000002,0.00022700000000000002,0.975683792297049
2016-05-31,3621.188,3720.903,3621.188,3720.265,26934992.896,0.028274,0.028274,1.0032698604494399
2016-06-01,3721.404,3732.116,3711.389,3718.369,21080110.08,-0.0005099999999999999,-0.0005099999999999999,1.0027585528798415
2016-06-02,3716.446,3729.991,3706.891,3726.486,15280405.504,0.002183,0.002183,1.0049475209929377
2016-06-03,3727.409,3749.955,3713.931,3744.392,19025850.368,0.004805,0.004805,1.0097763571433753
2016-06-06,3746.005,3752.962,3729.268,3744.234,16498011.392,-4.2e-05,-4.2e-05,1.009733748179242
2016-06-07,3742.085,3744.571,3725.838,3736.477,13793623.296,-0.002072,-0.002072,1.0076418637818922
2016-06-08,3726.943,3726.943,3689.789,3711.112,15091005.184,-0.006788,-0.006788,1.000801506976584
2016-06-13,3680.468,3688.459,3606.418,3606.909,17612877.824,-0.028079,-0.028079,0.9727003557767602
2016-06-14,3598.153,3620.674,3597.747,3616.086,12571861.248,0.0025440000000000003,0.0025440000000000003,0.9751751814973323
2016-06-15,3586.941,3674.617,3583.753,3667.381,17342885.632,0.014185000000000001,0.014185000000000001,0.9890082626062732
2016-06-16,3655.734,3667.62,3638.559,3647.141,16966563.584,-0.005519,-0.005519,0.9835500003654123
2016-06-17,3653.186,3687.996,3653.072,3675.942,22700576.0,0.007897,0.007897,0.9913169673021236
2016-06-20,3676.467,3682.01,3648.947,3676.925,15760392.192,0.00026700000000000004,0.00026700000000000004,0.9915820597815094
2016-06-21,3686.738,3708.169,3657.639,3666.446,20149614.336,-0.0028499999999999997,-0.0028499999999999997,0.9887561146223204
2016-06-22,3660.79,3697.816,3658.098,3697.816,15878523.648,0.008556000000000001,0.008556000000000001,0.9972158817416785
2016-06-23,3687.307,3691.36,3661.181,3673.012,14928799.488,-0.0067079999999999996,-0.0067079999999999996,0.9905268137267421
2016-06-24,3662.785,3679.319,3573.897,3622.301,21968025.344,-0.013806,-0.013806,0.9768512239789011
2016-06-27,3606.813,3671.119,3606.263,3671.119,16916087.552,0.013477,0.013477,0.9900163151881082
2016-06-28,3656.425,3692.264,3649.012,3691.74,19816905.984,0.005617,0.005617,0.9955773243614675
2016-06-29,3697.802,3705.35,3688.777,3703.204,23699417.344,0.003105,0.003105,0.9986689013540185
2016-06-30,3702.487,3710.686,3693.874,3703.502,18806461.696,8e-05,8e-05,0.9987492650964975
2016-07-01,3706.876,3724.621,3700.647,3706.908,15612213.248,0.00092,0.00092,0.999667784918255
2016-07-04,3689.017,3765.358,3686.88,3761.782,24946319.872,0.014803,0.014803,1.0144660399679095
2016-07-05,3758.583,3771.668,3751.7,3767.149,27149070.08,0.0014269999999999999,0.0014269999999999999,1.0159133963634974
2016-07-06,3756.061,3780.774,3742.165,3779.894,42266601.728,0.0033829999999999997,0.0033829999999999997,1.019350429577913
2016-07-07,3763.873,3769.934,3739.264,3761.173,29622467.072,-0.004953,-0.004953,1.0143018066821048
2016-07-08,3742.479,3742.718,3722.199,3732.621,22442922.496,-0.007591,-0.007591,1.0066019893154516
2016-07-11,3740.233,3778.079,3735.393,3743.671,27242752.512,0.00296,0.00296,1.0095819200348939
2016-07-12,3742.389,3829.647,3742.247,3829.647,38346407.168,0.022966,0.022966,1.032767668771073
2016-07-13,3825.942,3851.197,3825.401,3841.245,37953474.048,0.003029,0.003029,1.0358953824800408
2016-07-14,3835.724,3837.502,3808.296,3824.845,22777241.344,-0.004269,-0.004269,1.0314726798738094
2016-07-15,3827.817,3840.873,3818.346,3831.728,23451991.552,0.0018,0.0018,1.0333288665834857
2016-07-18,3826.285,3853.046,3810.967,3837.384,31194441.728,0.001476,0.001476,1.0348541596286591
2016-07-19,3831.995,3833.413,3790.901,3816.879,24648361.984,-0.005344,-0.005344,1.029324432985929
2016-07-20,3814.601,3822.358,3799.394,3805.188,19038938.112,-0.003063,-0.003063,1.0261716393170603
2016-07-21,3805.125,3847.353,3805.037,3826.635,21982657.28,0.0056359999999999995,0.0056359999999999995,1.0319554016826604
2016-07-22,3822.584,3825.783,3780.349,3784.728,21777621.76,-0.010950999999999999,-0.010950999999999999,1.0206540481387987
2016-07-25,3780.644,3813.886,3780.644,3799.63,19545891.84,0.003938,0.003938,1.024672774616729
2016-07-26,3794.859,3850.929,3793.751,3850.929,22611568.128,0.013501,0.013501,1.0385069344336226
2016-07-27,3850.392,3868.809,3733.397,3795.175,37246308.352,-0.014478,-0.014478,1.0234713636343655
2016-07-28,3781.558,3848.428,3774.052,3844.056,32648030.72,0.01288,0.01288,1.0366534444938282
2016-07-29,3835.716,3866.405,3831.655,3840.535,28483423.744,-0.000916,-0.000916,1.0357039118184295
2016-08-01,3832.057,3833.065,3777.941,3806.071,25414112.256,-0.008974,-0.008974,1.0264097640976275
2016-08-02,3797.448,3820.773,3786.346,3820.773,19045320.192,0.0038629999999999997,0.0038629999999999997,1.0303745551779209
2016-08-03,3808.537,3834.753,3798.317,3830.018,20655961.088,0.00242,0.00242,1.0328677189336897
2016-08-04,3827.566,3838.07,3800.761,3837.963,24551873.536,0.002074,0.002074,1.035010302604818
2016-08-05,3838.941,3863.845,3829.138,3840.735,29147466.496,0.000722,0.000722,1.0357578472160665
2016-08-08,3835.543,3880.988,3823.772,3880.961,27893370.112,0.010473,0.010473,1.0466058737427895
2016-08-09,3879.314,3909.166,3876.312,3905.854,27996160.768,0.0064139999999999996,0.0064139999999999996,1.0533189430096743
2016-08-10,3905.355,3920.394,3887.156,3888.135,25092484.096,-0.004537,-0.004537,1.0485405364560274
2016-08-11,3883.186,3916.005,3871.995,3872.529,29350824.448,-0.004014,-0.004014,1.0443319573784149
2016-08-12,3871.412,3946.36,3869.995,3946.197,40863776.768,0.019023,0.019023,1.064198521744015
2016-08-15,3958.055,4059.278,3957.744,4043.628,64547222.016,0.02469,0.02469,1.0904734203798514
2016-08-16,4057.876,4071.106,4017.944,4026.585,69884436.48,-0.004215,-0.004215,1.0858773154702173
2016-08-17,4022.588,4040.193,4005.027,4026.446,40952077.568,-3.4e-05,-3.4e-05,1.0858398303688594
2016-08-18,4020.175,4049.427,4002.085,4017.647,45201395.2,-0.002185,-0.002185,1.0834669425498211
2016-08-19,4012.86,4029.872,3994.727,4022.516,33198831.104,0.001212,0.001212,1.0847799998052932
2016-08-22,4018.696,4025.743,3995.068,3997.928,29416857.6,-0.0061129999999999995,-0.0061129999999999995,1.0781491820198046
2016-08-23,3990.122,4018.979,3979.923,4000.904,27476110.08,0.000744,0.000744,1.0789517407366427
2016-08-24,4001.376,4006.306,3981.326,3989.043,20819117.056,-0.0029649999999999998,-0.0029649999999999998,1.0757531019797824
2016-08-25,3974.458,3974.743,3930.154,3969.468,27508659.712,-0.004907,-0.004907,1.0704741749360642
2016-08-26,3970.035,3985.891,3954.335,3962.144,19748003.84,-0.001845,-0.001845,1.0684990606745985
2016-08-29,3957.484,3968.77,3944.411,3961.375,20386504.448,-0.000194,-0.000194,1.0682916790706845
2016-08-30,3962.008,3979.801,3957.776,3969.119,20225185.28,0.001955,0.001955,1.0703800576671878
2016-08-31,3965.541,3992.26,3961.422,3986.494,26340832.512,0.004378,0.004378,1.0750656953368993
2016-09-01,3985.758,3986.827,3950.809,3951.59,24401382.144,-0.008756,-0.008756,1.0656528897412958
2016-09-02,3954.317,3969.87,3938.767,3960.57,23445271.552,0.002272,0.002272,1.0680745890951957
2016-09-05,3969.499,3988.725,3965.563,3976.522,19164420.096,0.004028,0.004028,1.07237647641072
2016-09-06,3983.106,4015.056,3962.76,4009.481,35019454.976,0.008288,0.008288,1.081264760264304
2016-09-07,4008.926,4033.405,4005.741,4012.749,29565881.856,0.0008150000000000001,0.0008150000000000001,1.0821460646616918
2016-09-08,4009.632,4019.34,4002.057,4018.293,22330502.656,0.001381,0.001381,1.0836411538841886
2016-09-09,4016.345,4022.901,3984.782,3984.962,21247081.728,-0.008295,-0.008295,1.074652550191
2016-09-12,3936.098,3940.961,3883.583,3912.034,34250895.36,-0.018301,-0.018301,1.0549855467966567
2016-09-13,3916.85,3924.153,3897.101,3918.393,19824191.488,0.0016259999999999998,0.0016259999999999998,1.056700422764524
2016-09-14,3900.422,3909.14,3873.292,3880.154,20502605.824,-0.009759,-0.009759,1.0463882444133243
2016-09-19,3884.691,3919.791,3884.691,3919.303,18029129.472,0.010089999999999998,0.010089999999999998,1.0569458288237723
2016-09-20,3919.346,3924.622,3912.287,3923.156,15542431.232,0.000983,0.000983,1.0579848942592485
2016-09-21,3919.754,3932.978,3916.78,3926.527,18781563.648,0.0008590000000000001,0.0008590000000000001,1.0588939753864195
2016-09-22,3941.661,3972.832,3940.251,3962.785,29590970.368,0.009234,0.009234,1.068671923624025
2016-09-23,3966.541,3968.509,3942.447,3944.339,19911508.992,-0.004655,-0.004655,1.0636974618999677
2016-09-26,3934.278,3934.355,3882.37,3883.81,20562283.52,-0.015346,-0.015346,1.047374183482128
2016-09-27,3878.903,3907.886,3874.076,3907.886,19188930.56,0.006199,0.006199,1.053866926649666
2016-09-28,3914.106,3914.106,3892.586,3901.613,16560485.632,-0.001605,-0.001605,1.0521752429027824
2016-09-29,3903.945,3926.777,3903.812,3914.986,16547254.528,0.003428,0.003428,1.0557816332657783
2016-09-30,3909.814,3932.139,3907.769,3925.195,15682774.528,0.0026079999999999996,0.0026079999999999996,1.0585347656381574
2016-10-10,3940.985,3977.027,3928.259,3977.027,24508183.04,0.013205,0.013205,1.0725126632897535
2016-10-11,3977.019,3988.073,3971.965,3987.301,22424923.392,0.002583,0.002583,1.0752833246663644
2016-10-12,3977.708,3981.181,3963.587,3978.846,17084304.384,-0.002121,-0.002121,1.0730032057312615
2016-10-13,3978.255,3993.692,3972.492,3989.81,20331272.704,0.002756,0.002756,1.07595994422972
2016-10-14,3984.53,3990.709,3968.635,3990.182,20755455.744,9.3e-05,9.3e-05,1.0760602640693249
2016-10-17,3992.216,3997.042,3952.515,3961.753,21728469.76,-0.007125,-0.007125,1.0683936169722184
2016-10-18,3960.432,4015.456,3960.079,4014.971,24634283.776,0.013432999999999999,0.013432999999999999,1.0827452869294387
2016-10-19,4017.038,4029.411,3998.304,4007.936,22142258.176,-0.0017519999999999999,-0.0017519999999999999,1.0808481093175584
2016-10-20,4007.984,4015.759,3999.326,4012.677,19979873.792,0.001183,0.001183,1.0821266479185427
2016-10-21,4012.197,4038.082,3999.587,4031.254,28310661.888,0.0046300000000000004,0.0046300000000000004,1.087136437328052
2016-10-24,4034.305,4083.507,4031.821,4070.314,35463679.744,0.009689,0.009689,1.0976700204865517
2016-10-25,4071.84,4086.283,4068.486,4086.008,28106148.864,0.003856,0.003856,1.1019023311391245
2016-10-26,4080.9,4080.9,4051.722,4058.087,24913500.16,-0.0068330000000000005,-0.0068330000000000005,1.0943726799520157
2016-10-27,4053.166,4056.96,4036.307,4052.552,20401667.328,-0.001364,-0.001364,1.0928800178224127
2016-10-28,4048.499,4067.093,4027.211,4028.794,23097629.184,-0.005862000000000001,-0.005862000000000001,1.0864730319371174
2016-10-31,4023.452,4035.433,4007.766,4031.485,19121516.544,0.000668,0.000668,1.087198732712323
2016-11-01,4033.721,4058.215,4027.168,4058.215,22296523.776,0.0066300000000000005,0.0066300000000000005,1.0944071986065036
2016-11-02,4048.851,4049.198,4018.297,4020.395,20356201.216,-0.009319,-0.009319,1.084208014913353
2016-11-03,4012.196,4059.923,4010.823,4048.245,25573606.4,0.006927,0.006927,1.0917185190343006
2016-11-04,4048.055,4063.151,4028.37,4034.309,27789090.56,-0.003442,-0.003442,1.087960300526957
2016-11-07,4033.93,4054.256,4024.784,4041.996,23208968.96,0.001905,0.001905,1.0900333075351336
2016-11-08,4051.596,4074.983,4047.798,4062.192,26993994.752,0.004996,0.004996,1.0954797039885145
2016-11-09,4061.909,4067.04,3999.109,4040.182,40938444.544,-0.005417999999999999,-0.005417999999999999,1.0895441134785664
2016-11-10,4060.753,4095.516,4060.753,4092.104,34434875.392,0.012851,0.012851,1.103546282059099
2016-11-11,4088.709,4114.722,4083.29,4111.701,36827096.832,0.004789,0.004789,1.1088311419965573
2016-11-14,4104.009,4132.344,4098.325,4113.848,41836539.648,0.000522,0.000522,1.1094101384901902
2016-11-15,4114.141,4117.485,4100.344,4116.473,30266730.752,0.000638,0.000638,1.1101180405841753
2016-11-16,4115.692,4117.687,4104.169,4113.777,23934648.064,-0.000655,-0.000655,1.109390991424029
2016-11-17,4107.882,4133.061,4099.152,4132.837,29775546.368,0.004633,0.004633,1.114531034818832
2016-11-18,4138.888,4147.801,4116.605,4121.281,32795224.832,-0.0027960000000000003,-0.0027960000000000003,1.111414647543368
2016-11-21,4117.092,4178.698,4116.066,4153.436,53661368.064,0.007802,0.007802,1.1200861110984512
2016-11-22,4151.334,4179.322,4151.334,4178.857,56815186.432,0.00612,0.00612,1.1269415698150977
2016-11-23,4184.259,4210.626,4182.109,4193.837,58455372.288,0.0035849999999999996,0.0035849999999999996,1.1309813310981067
2016-11-24,4188.669,4239.213,4186.107,4217.781,48551680.0,0.005709,0.005709,1.1374384769032042
2016-11-25,4216.97,4255.364,4190.089,4254.822,52975279.36,0.008782,0.008782,1.1474275822225586
2016-11-28,4266.213,4298.565,4266.213,4279.067,81958203.392,0.005698,0.005698,1.1539659008010996
2016-11-29,4271.273,4333.689,4262.641,4297.085,74919649.28,0.0042109999999999995,0.0042109999999999995,1.158824940774214
2016-11-30,4288.632,4292.236,4235.756,4250.247,49427582.72,-0.0109,-0.0109,1.146193810001613
2016-12-01,4261.121,4301.101,4261.121,4292.486,69754605.568,0.009938,0.009938,1.1575846963055518
2016-12-02,4290.001,4299.029,4233.421,4247.61,67246047.744,-0.010455,-0.010455,1.1454826717837694
2016-12-05,4189.713,4212.313,4169.895,4181.426,62524527.36,-0.015581000000000001,-0.015581000000000001,1.1276343699977447
2016-12-06,4178.98,4192.904,4171.823,4175.428,40260765.44,-0.001434,-0.001434,1.126016847422612
2016-12-07,4173.896,4196.034,4157.29,4196.034,31396510.72,0.004935,0.004935,1.1315738114411487
2016-12-08,4201.552,4207.924,4188.422,4193.676,35446865.664,-0.000562,-0.000562,1.1309379131030088
2016-12-09,4189.041,4243.305,4186.705,4230.097,59822600.192,0.008685,0.008685,1.1407598186896886
2016-12-12,4229.666,4236.623,4113.995,4126.779,70812561.408,-0.024425,-0.024425,1.1128973316244084
2016-12-13,4113.246,4133.733,4077.089,4120.14,41018633.728,-0.001609,-0.001609,1.1111069460998493
2016-12-14,4115.476,4128.505,4087.366,4089.389,45161884.416,-0.007463999999999999,-0.007463999999999999,1.1028141090361774
2016-12-15,4074.294,4085.808,4026.267,4044.91,44762011.392,-0.010877,-0.010877,1.0908191462787042
2016-12-16,4041.464,4065.174,4033.701,4055.275,33726194.688,0.002562,0.002562,1.0936143482612402
2016-12-19,4052.412,4066.157,4037.876,4051.578,29537451.264,-0.000912,-0.000912,1.0926173524359206
2016-12-20,4046.476,4047.295,4002.078,4025.666,31043420.672,-0.006395,-0.006395,1.0856294823180754
2016-12-21,4029.189,4066.647,4029.189,4065.085,34611750.656,0.009792,0.009792,1.0962598795153333
2016-12-22,4062.893,4076.031,4055.327,4072.162,30217817.344,0.0017410000000000001,0.0017410000000000001,1.0981683835607172
2016-12-23,4068.408,4068.509,4017.531,4028.85,30069490.176,-0.010636000000000001,-0.010636000000000001,1.0864881338484558
2016-12-26,4015.883,4041.16,3977.381,4040.773,29460100.864,0.002959,0.002959,1.0897034925785836
2016-12-27,4037.21,4057.852,4035.197,4043.084,27363701.248,0.000572,0.000572,1.0903267160982788
2016-12-28,4042.354,4047.207,4017.862,4026.908,23511048.96,-0.004001,-0.004001,1.0859644211374009
2016-12-29,4022.368,4037.489,4011.988,4021.232,24408152.064,-0.0014099999999999998,-0.0014099999999999998,1.084433734552464
2016-12-30,4025.65,4045.362,4021.886,4040.73,26295677.696,0.004849,0.004849,1.0896918964680917
2017-01-03,4045.25,4081.874,4044.877,4081.799,28057616.64,0.010164,0.010164,1.1007672606958545
2017-01-04,4080.014,4117.044,4077.521,4115.525,32312599.552,0.008262,0.008262,1.109862386799376
2017-01-05,4116.207,4121.931,4107.932,4120.05,28507656.704,0.001099,0.001099,1.1110826751709124
2017-01-06,4117.577,4122.75,4097.462,4102.328,29536143.104,-0.004301,-0.004301,1.106303459586301
2017-01-09,4101.79,4126.23,4100.451,4125.822,26770955.264,0.0057269999999999995,0.0057269999999999995,1.1126392507467153
2017-01-10,4123.404,4129.322,4110.218,4114.378,24170310.144,-0.002774,-0.002774,1.109553067293928
2017-01-11,4110.239,4118.506,4080.756,4082.061,25747325.184,-0.007855,-0.007855,1.100837916066759
2017-01-12,4079.762,4090.337,4054.531,4057.212,21424502.784,-0.006087,-0.006087,1.094136712587354
2017-01-13,4055.251,4073.97,4043.343,4059.986,28751065.088,0.000684,0.000684,1.0948847965525788
2017-01-16,4053.855,4066.163,3999.454,4063.006,54607306.24,0.000744,0.000744,1.095699221056897
2017-01-17,4045.516,4071.785,4035.606,4071.577,21980007.424,0.002109,0.002109,1.0980106225226292
2017-01-18,4068.847,4105.418,4066.567,4096.878,27962491.904,0.006214,0.006214,1.1048337200006935
2017-01-19,4088.977,4106.844,4080.808,4087.673,22837366.784,-0.0022470000000000003,-0.0022470000000000003,1.102351343324452
2017-01-20,4084.253,4126.146,4083.935,4123.691,22165253.376,0.008811,0.008811,1.1120645690848934
2017-01-23,4127.168,4146.703,4119.497,4128.523,24796551.68,0.001172,0.001172,1.1133676482918027
2017-01-24,4125.113,4150.804,4123.538,4144.199,23379184.896,0.003797,0.003797,1.117595104758588
2017-01-25,4139.851,4153.404,4131.924,4150.065,19964769.536,0.0014149999999999998,0.0014149999999999998,1.11917702997128
2017-01-26,4152.057,4170.009,4151.88,4157.874,20882478.848,0.001882,0.001882,1.1212829375720155
2017-02-03,4158.855,4160.262,4127.01,4131.771,16171794.944,-0.006278000000000001,-0.006278000000000001,1.1142435591494269
2017-02-06,4135.869,4153.753,4126.734,4144.054,23174276.096,0.002973,0.002973,1.1175560015953012
2017-02-07,4140.966,4149.59,4128.037,4146.86,21924069.12,0.000677,0.000677,1.1183127152241477
2017-02-08,4141.152,4161.949,4123.271,4161.752,22982942.464,0.0035909999999999996,0.0035909999999999996,1.1223287449321964
2017-02-09,4161.036,4191.362,4158.644,4179.773,34615292.928,0.00433,0.00433,1.1271885939362751
2017-02-10,4181.637,4213.994,4180.207,4206.285,43103980.288,0.006343,0.006343,1.1343382702470313
2017-02-13,4209.969,4240.701,4209.135,4237.655,43676317.696,0.007458,0.007458,1.1427980373663895
2017-02-14,4238.741,4241.956,4217.01,4228.752,30381976.576,-0.002101,-0.002101,1.14039710314058
2017-02-15,4229.138,4256.858,4217.565,4225.672,43888171.008,-0.000728,-0.000728,1.1395664980169706
2017-02-16,4224.743,4248.336,4219.629,4248.336,32824886.784,0.005363,0.005363,1.1456784572771916
2017-02-17,4250.948,4258.678,4215.496,4218.558,33068441.088,-0.007009,-0.007009,1.1376480159230238
2017-02-20,4219.158,4295.371,4219.158,4293.092,51162981.888,0.017668,0.017668,1.157748120560392
2017-02-21,4295.964,4312.406,4289.511,4300.006,38206331.136,0.001611,0.001611,1.159612667256702
2017-02-22,4298.574,4324.947,4296.161,4324.54,35145867.52,0.005706,0.005706,1.1662289224848286
2017-02-23,4322.014,4329.726,4284.94,4302.672,31522979.328,-0.005057000000000001,-0.005057000000000001,1.1603316261072025
2017-02-24,4296.992,4297.778,4272.677,4296.513,27172609.792,-0.001431,-0.001431,1.1586706855369722
2017-02-27,4295.571,4295.571,4252.111,4256.862,34590038.016,-0.009229000000000001,-0.009229000000000001,1.1479777232784556
2017-02-28,4256.901,4278.612,4256.854,4275.43,23728945.152,0.0043619999999999996,0.0043619999999999996,1.1529850855950716
2017-03-01,4275.648,4295.115,4271.019,4278.946,29857583.36,0.0008219999999999999,0.0008219999999999999,1.1539332698855294
2017-03-02,4281.759,4288.749,4255.935,4257.545,28129603.328,-0.005001,-0.005001,1.1481619126613858
2017-03-03,4247.943,4259.62,4235.026,4259.201,24741446.912,0.00038899999999999997,0.00038899999999999997,1.1486084977538198
2017-03-06,4257.455,4283.95,4257.341,4280.972,30341948.928,0.005112,0.005112,1.1544796354635918
2017-03-07,4277.273,4286.191,4268.748,4285.91,27284574.208,0.001153,0.001153,1.1558113004312485
2017-03-08,4282.931,4282.931,4264.264,4274.547,29832030.208,-0.002651,-0.002651,1.1527469608145042
2017-03-09,4267.534,4267.647,4228.861,4240.955,30325051.392,-0.007859,-0.007859,1.1436879714273995
2017-03-10,4236.559,4253.69,4235.987,4244.692,25871116.544,0.000881,0.000881,1.1446957543322462
2017-03-13,4240.344,4285.474,4223.694,4285.474,34031569.152,0.009608,0.009608,1.1556937212644
2017-03-14,4283.331,4295.11,4276.023,4283.668,28422498.816,-0.000421,-0.000421,1.155206684623738
2017-03-15,4278.985,4301.397,4276.647,4298.082,28656811.776,0.0033650000000000004,0.0033650000000000004,1.1590938087314344
2017-03-16,4304.079,4325.591,4304.079,4314.323,35301758.976,0.0037790000000000002,0.0037790000000000002,1.1634736326965442
2017-03-17,4316.628,4319.623,4262.243,4268.775,35842137.856,-0.010557,-0.010557,1.1511903852387013
2017-03-20,4279.344,4290.861,4262.034,4289.302,32330002.688,0.004809,0.004809,1.1567260447751715
2017-03-21,4290.774,4331.387,4286.899,4331.325,43012369.408,0.009797,0.009797,1.1680586808496625
2017-03-22,4308.787,4325.752,4290.325,4307.376,42268982.272,-0.005528999999999999,-0.005528999999999999,1.1616001866596242
2017-03-23,4309.875,4328.794,4280.658,4316.121,38008561.152,0.00203,0.00203,1.1639585119213005
2017-03-24,4315.573,4364.06,4313.764,4354.31,51559188.736,0.008848,0.008848,1.1742572064230912
2017-03-27,4357.986,4382.489,4336.992,4341.285,46542194.176,-0.0029909999999999997,-0.0029909999999999997,1.1707446636519836
2017-03-28,4340.984,4341.949,4313.646,4326.361,31472048.128,-0.003438,-0.003438,1.1667200042803132
2017-03-29,4328.558,4342.735,4302.053,4319.62,34376028.928,-0.001558,-0.001558,1.1649021117029592
2017-03-30,4315.846,4321.903,4264.061,4290.816,39682827.008,-0.0066679999999999994,-0.0066679999999999994,1.1571343357352832
2017-03-31,4287.763,4325.218,4284.415,4323.96,34717549.824,0.007724,0.007724,1.1660725098316813
2017-04-05,4352.991,4382.421,4343.242,4382.421,56848879.616,0.01352,0.01352,1.1818380962379549
2017-04-06,4387.225,4400.641,4374.049,4400.048,53986966.272,0.004022,0.004022,1.1865916925086888
2017-04-07,4394.886,4416.281,4381.675,4407.746,45171042.304,0.0017499999999999998,0.0017499999999999998,1.1886676659637356
2017-04-10,4412.734,4417.04,4399.305,4405.848,44695760.128,-0.000431,-0.000431,1.1881558190401607
2017-04-11,4410.508,4430.274,4352.532,4421.567,54200003.072,0.003568,0.003568,1.1923948716174382
2017-04-12,4419.537,4446.396,4399.701,4423.273,55161315.84,0.000386,0.000386,1.1928549405592814
2017-04-13,4410.425,4454.046,4407.337,4450.622,47756288.768,0.006182999999999999,0.006182999999999999,1.2002303365091485
2017-04-14,4450.521,4454.585,4389.864,4397.729,36407507.968,-0.011885,-0.011885,1.1859663115730883
2017-04-17,4379.328,4382.377,4345.132,4375.876,37385851.136,-0.004969,-0.004969,1.1800730603502851
2017-04-18,4367.91,4401.386,4365.363,4365.363,46020615.424,-0.002403,-0.002403,1.1772379461734979
2017-04-19,4349.943,4355.76,4306.792,4347.306,46469250.048,-0.004136,-0.004136,1.1723683887978442
2017-04-20,4344.813,4376.491,4340.435,4366.188,49580310.784,0.0043430000000000005,0.0043430000000000005,1.1774604296887503
2017-04-21,4361.489,4379.913,4351.313,4369.349,41862926.08,0.000724,0.000724,1.1783128786484027
2017-04-24,4356.833,4356.833,4285.99,4315.195,42793711.616,-0.012394,-0.012394,1.1637087910302413
2017-04-25,4313.358,4348.587,4305.408,4335.374,35967482.112,0.0046760000000000005,0.0046760000000000005,1.1691506029748229
2017-04-26,4331.91,4361.281,4327.554,4339.48,45514668.8,0.000947,0.000947,1.1702578966883097
2017-04-27,4325.192,4336.623,4272.93,4329.63,48849771.264,-0.00227,-0.00227,1.1676015783546894
2017-04-28,4311.896,4313.17,4279.936,4302.844,41825307.392,-0.006187000000000001,-0.006187000000000001,1.1603780105491706
2017-05-02,4284.955,4292.885,4270.591,4281.133,35776868.352,-0.005046,-0.005046,1.1545230534586894
2017-05-03,4270.173,4282.946,4241.173,4254.324,32865411.584,-0.006262,-0.006262,1.1472932830824423
2017-05-04,4245.627,4276.318,4229.399,4251.87,36362737.92,-0.000577,-0.000577,1.146631495753437
2017-05-05,4233.913,4238.134,4210.329,4229.099,41342629.888,-0.005356,-0.005356,1.1404906810554802
2017-05-08,4213.705,4219.129,4176.271,4194.235,43661736.448,-0.008244,-0.008244,1.131088662539404
2017-05-09,4178.262,4201.162,4162.456,4192.616,29968261.888,-0.000386,-0.000386,1.1306520554955328
2017-05-10,4189.674,4203.486,4145.408,4147.821,32462300.672,-0.010684,-0.010684,1.1185718748097935
2017-05-11,4126.476,4170.81,4103.088,4170.477,38914483.968,0.005462,0.005462,1.124681676654109
2017-05-12,4162.396,4206.567,4158.839,4202.116,38584658.944,0.007586000000000001,0.007586000000000001,1.133213986883289
2017-05-15,4203.76,4232.946,4203.76,4228.944,35672935.168,0.006384,0.006384,1.1404488811223115
2017-05-16,4218.275,4278.248,4198.826,4278.077,40568659.712,0.011618,0.011618,1.1536989205827968
2017-05-17,4273.761,4290.775,4261.709,4265.525,38932512.512,-0.002934,-0.002934,1.1503139350271006
2017-05-18,4235.261,4257.559,4227.485,4245.369,30219446.528,-0.004725,-0.004725,1.1448783256532473
2017-05-19,4238.838,4265.012,4238.749,4261.365,30103234.304,0.003768,0.003768,1.1491920787562517
2017-05-22,4255.037,4269.515,4224.771,4248.441,36660310.784,-0.003033,-0.003033,1.145706773360951
2017-05-23,4240.434,4275.912,4237.076,4259.538,49234357.248,0.0026119999999999997,0.0026119999999999997,1.148699378898838
2017-05-24,4242.666,4266.975,4210.637,4266.975,35516497.152,0.0017460000000000002,0.0017460000000000002,1.150704966659969
2017-05-25,4254.487,4336.512,4251.086,4325.164,58154412.544,0.013637,0.013637,1.1663972009254557
2017-05-26,4315.682,4342.864,4315.675,4331.277,43135781.376,0.0014130000000000002,0.0014130000000000002,1.1680457363542298
2017-05-31,4350.195,4359.694,4311.693,4338.307,43777276.16,0.001623,0.001623,1.1699415655811691
2017-06-01,4325.182,4338.537,4317.646,4330.892,41461345.28,-0.001709,-0.001709,1.1679419107137785
2017-06-02,4324.038,4343.592,4311.009,4338.468,34040982.528,0.001749,0.001749,1.1699849835762668
2017-06-05,4333.042,4337.339,4310.424,4316.498,34528062.976,-0.005064,-0.005064,1.1640601801458461
2017-06-06,4308.949,4339.004,4301.923,4338.875,28653482.752,0.005183999999999999,0.005183999999999999,1.1700947421104582
2017-06-07,4336.493,4397.545,4333.004,4397.441,46109868.032,0.013498000000000001,0.013498000000000001,1.1858886446004908
2017-06-08,4395.268,4438.487,4392.413,4437.768,41646035.712,0.009171,0.009171,1.1967639085030206
2017-06-09,4433.581,4462.043,4432.057,4450.951,48731079.168,0.0029709999999999997,0.0029709999999999997,1.2003190602382612
2017-06-12,4442.577,4494.525,4435.821,4462.274,46792420.352,0.0025440000000000003,0.0025440000000000003,1.203372612775478
2017-06-13,4458.936,4477.892,4446.56,4477.016,33585869.312,0.003304,0.003304,1.2073481909352988
2017-06-14,4458.479,4459.406,4403.612,4413.182,38583069.184,-0.014258,-0.014258,1.1901336300715082
2017-06-15,4402.821,4415.618,4373.825,4391.986,34082570.496,-0.004803,-0.004803,1.1844175566299426
2017-06-16,4377.191,4390.86,4356.571,4362.857,29596571.136,-0.006632,-0.006632,1.1765621356411067
2017-06-19,4361.846,4398.082,4358.958,4393.378,32638269.952,0.006996,0.006996,1.1847929469974958
2017-06-20,4399.447,4406.584,4378.96,4387.902,33621237.248,-0.001246,-0.001246,1.1833161958101959
2017-06-21,4404.651,4439.062,4379.967,4439.062,38593790.72,0.011659,0.011659,1.1971128705257317
2017-06-22,4439.191,4489.136,4435.66,4438.041,63888633.856,-0.00023,-0.00023,1.196837530320795
2017-06-23,4427.19,4475.028,4405.745,4475.028,47584411.136,0.008334000000000001,0.008334000000000001,1.2068120730827874
2017-06-26,4476.921,4534.413,4475.917,4525.731,65256493.568,0.01133,0.01133,1.2204855054147228
2017-06-27,4522.376,4536.117,4500.571,4534.924,45258388.736,0.002031,0.002031,1.222964645967106
2017-06-28,4523.798,4542.392,4506.539,4509.997,48576916.992,-0.005496999999999999,-0.005496999999999999,1.2162424076826228
2017-06-29,4509.626,4526.136,4501.972,4525.372,36809984.512,0.0034089999999999997,0.0034089999999999997,1.2203886913759645
2017-06-30,4505.155,4528.142,4495.805,4527.244,34128545.792,0.000414,0.000414,1.2208935266978465
2017-07-03,4529.378,4532.958,4494.624,4518.922,36387785.728,-0.001838,-0.001838,1.2186492748021722
2017-07-04,4514.147,4514.248,4469.026,4483.804,42092486.4,-0.007771,-0.007771,1.2091787583310976
2017-07-05,4469.266,4515.129,4461.524,4514.095,37870866.432,0.006756,0.006756,1.2173475439802042
2017-07-06,4511.678,4524.321,4482.865,4515.578,38622553.6,0.000329,0.000329,1.2177474749536823
2017-07-07,4504.766,4517.468,4490.736,4517.368,36862059.008,0.00039600000000000003,0.00039600000000000003,1.2182301967625333
2017-07-10,4500.978,4518.724,4491.995,4506.216,41403485.44,-0.0024690000000000003,-0.0024690000000000003,1.215222758990296
2017-07-11,4497.614,4554.322,4497.171,4526.76,52105581.312,0.0045590000000000006,0.0045590000000000006,1.2207630030355652
2017-07-12,4526.932,4540.882,4483.096,4505.91,52387260.416,-0.004606,-0.004606,1.2151402378319114
2017-07-13,4502.005,4523.716,4497.266,4517.2,52546012.16,0.002506,0.002506,1.218184891028518
2017-07-14,4511.687,4544.457,4503.469,4544.457,42155868.672,0.006034,0.006034,1.225535476695472
2017-07-17,4542.733,4558.762,4445.577,4489.014,69357133.824,-0.012199999999999999,-0.012199999999999999,1.2105837754395405
2017-07-18,4472.816,4489.526,4442.423,4489.526,50254144.768,0.000114,0.000114,1.210721850057491
2017-07-19,4480.713,4551.653,4478.018,4549.809,63097965.056,0.013428,0.013428,1.2269787879362373
2017-07-20,4547.745,4589.207,4544.19,4588.113,52443702.272,0.008419,0.008419,1.237308495291669
2017-07-21,4577.512,4600.73,4569.382,4585.493,45289026.048,-0.000571,-0.000571,1.2366019415826248
2017-07-24,4579.653,4628.962,4578.399,4615.173,55146235.392,0.006473,0.006473,1.2446059545919503
2017-07-25,4611.884,4619.006,4578.575,4592.287,45758774.528,-0.004959,-0.004959,1.2384341270403525
2017-07-26,4589.271,4610.868,4538.66,4568.775,49595898.112,-0.00512,-0.00512,1.2320934816941507
2017-07-27,4561.015,4570.78,4530.641,4564.185,44211128.576,-0.001005,-0.001005,1.2308556643183823
2017-07-28,4554.081,4584.481,4545.453,4581.279,33188279.808,0.003745,0.003745,1.235465522754414
2017-07-31,4577.468,4607.776,4570.249,4599.886,44441159.168,0.004062,0.004062,1.2404834024735691
2017-08-01,4604.258,4633.749,4602.518,4627.979,48285032.192,0.0061070000000000004,0.0061070000000000004,1.2480594381026455
2017-08-02,4625.311,4642.006,4604.638,4606.673,51415410.432,-0.004604,-0.004604,1.2423137001923794
2017-08-03,4601.402,4613.738,4557.318,4569.541,47367053.568,-0.008060000000000001,-0.008060000000000001,1.2323000542671003
2017-08-04,4566.956,4579.339,4547.425,4548.567,43182238.208,-0.00459,-0.00459,1.2266438491169116
2017-08-07,4540.573,4578.688,4519.734,4577.637,40128540.416,0.006391,0.006391,1.2344833591634445
2017-08-08,4579.708,4584.643,4560.878,4572.197,34441047.04,-0.001188,-0.001188,1.2330163163477192
2017-08-09,4570.17,4593.41,4554.848,4584.554,40634300.672,0.0027029999999999997,0.0027029999999999997,1.2363487148907193
2017-08-10,4579.616,4600.428,4533.301,4572.053,41439970.048,-0.002727,-0.002727,1.2329774828614206
2017-08-11,4539.341,4549.731,4486.212,4492.212,49384867.328,-0.017463,-0.017463,1.2114462024477557
2017-08-14,4489.65,4534.009,4489.65,4528.796,40542087.168,0.008144,0.008144,1.2213120653835094
2017-08-15,4531.452,4570.518,4531.452,4556.896,39726622.208,0.0062050000000000004,0.0062050000000000004,1.228889988751503
2017-08-16,4550.661,4551.346,4529.27,4541.249,31153950.72,-0.003434,-0.003434,1.224670352917375
2017-08-17,4541.534,4563.682,4539.129,4563.46,33335828.736,0.0048909999999999995,0.0048909999999999995,1.2306601485019484
2017-08-18,4542.326,4580.522,4535.66,4574.265,31999385.6,0.0023680000000000003,0.0023680000000000003,1.2335740083592854
2017-08-21,4579.312,4593.323,4570.704,4592.575,31201844.224,0.004003,0.004003,1.2385117940129495
2017-08-22,4593.974,4596.012,4577.534,4593.609,36576604.672,0.000225,0.000225,1.238790640018733
2017-08-23,4587.924,4603.484,4576.47,4591.574,34708244.992,-0.000443,-0.000443,1.2382418473477765
2017-08-24,4589.445,4605.764,4576.148,4588.269,31976756.736,-0.0007199999999999999,-0.0007199999999999999,1.237350564901826
2017-08-25,4584.982,4646.955,4584.556,4646.541,51571951.616,0.0127,0.0127,1.2530651823573322
2017-08-28,4655.952,4702.211,4655.952,4679.791,66510905.856,0.007156,0.007156,1.262031942214478
2017-08-29,4675.271,4687.359,4665.59,4676.54,41894676.992,-0.0006950000000000001,-0.0006950000000000001,1.261155222325889
2017-08-30,4679.812,4694.222,4673.531,4681.083,47454051.84,0.0009710000000000001,0.0009710000000000001,1.2623803648832126
2017-08-31,4681.877,4683.585,4628.78,4653.353,49449864.448,-0.0059240000000000004,-0.0059240000000000004,1.2549022220008474
2017-09-01,4662.324,4680.527,4650.392,4663.478,54419158.272,0.002176,0.002176,1.2576327015062188
2017-09-04,4665.586,4671.215,4647.943,4669.584,50859716.096,0.0013089999999999998,0.0013089999999999998,1.2592793491960752
2017-09-05,4667.79,4683.239,4663.21,4672.39,41696871.936,0.000601,0.000601,1.260036062824922
2017-09-06,4662.6,4669.999,4643.871,4664.502,38702955.52,-0.001688,-0.001688,1.25790885074212
2017-09-07,4665.706,4676.19,4652.393,4654.155,42677272.064,-0.002218,-0.002218,1.2551185029453715
2017-09-08,4653.083,4666.547,4636.871,4649.426,38583150.08,-0.001016,-0.001016,1.2538432004682456
2017-09-11,4653.66,4678.168,4644.503,4657.847,42687497.728,0.0018110000000000001,0.0018110000000000001,1.2561141503857498
2017-09-12,4661.658,4688.294,4658.029,4677.323,48496708.608,0.004181000000000001,0.004181000000000001,1.2613663794076377
2017-09-13,4676.229,4692.084,4669.634,4686.919,38312426.24,0.002052,0.002052,1.2639541997862593
2017-09-14,4689.761,4699.727,4660.056,4675.253,43506440.96,-0.002489,-0.002489,1.260808148042095
2017-09-15,4668.643,4674.015,4649.05,4666.91,48210514.432,-0.001784,-0.001784,1.258558232929669
2017-09-18,4665.008,4693.256,4665.008,4676.923,42645728.0,0.0021449999999999998,0.0021449999999999998,1.2612585086123638
2017-09-19,4679.793,4690.773,4650.477,4663.188,42491549.44,-0.0029370000000000004,-0.0029370000000000004,1.2575544951796451
2017-09-20,4661.178,4695.319,4659.562,4685.911,40279025.92,0.004873,0.004873,1.2636823653821692
2017-09-21,4684.974,4706.515,4679.608,4683.821,37098157.312,-0.000446,-0.000446,1.2631187404768627
2017-09-22,4675.472,4694.683,4666.803,4690.049,38602597.12,0.00133,0.00133,1.264798288759278
2017-09-25,4680.269,4684.54,4658.058,4668.803,43459523.84,-0.00453,-0.00453,1.259068731468303
2017-09-26,4660.343,4671.095,4651.122,4666.409,27728317.184,-0.000513,-0.000513,1.2584231247585884
2017-09-27,4664.168,4682.135,4663.418,4673.302,28699842.816,0.001477,0.001477,1.2602820082381465
2017-09-28,4672.276,4672.276,4657.396,4663.262,32903726.336,-0.0021479999999999997,-0.0021479999999999997,1.2575744512767708
2017-09-29,4665.18,4694.177,4664.787,4672.25,31309100.8,0.0019270000000000001,0.0019270000000000001,1.259998308046576
2017-10-09,4743.735,4754.292,4710.388,4719.965,55573432.064,0.010212,0.010212,1.2728659455378153
2017-10-10,4723.062,4740.846,4682.195,4726.093,48561164.032,0.001298,0.001298,1.2745185261214118
2017-10-11,4719.708,4752.554,4717.597,4739.612,45403489.536,0.0028610000000000003,0.0028610000000000003,1.2781642893246827
2017-10-12,4739.225,4747.022,4724.817,4740.299,35087069.696,0.000145,0.000145,1.2783495574155657
2017-10-13,4742.518,4751.915,4736.393,4741.516,32815219.968,0.000257,0.000257,1.2786777543101864
2017-10-16,4741.27,4749.825,4706.354,4708.883,42019515.904,-0.006882,-0.006882,1.269877385154751
2017-10-17,4706.176,4717.291,4692.323,4708.794,29923763.968,-1.9e-05,-1.9e-05,1.2698533839028026
2017-10-18,4710.677,4742.158,4708.429,4740.829,41166832.128,0.006803,0.006803,1.2784924862193034
2017-10-19,4736.937,4745.195,4726.418,4740.432,40788291.072,-8.4e-05,-8.4e-05,1.2783854244549941
2017-10-20,4731.617,4744.918,4718.45,4742.305,28488040.448,0.000395,0.000395,1.2788905294538644
2017-10-23,4745.484,4753.211,4731.555,4746.499,31502226.688,0.000884,0.000884,1.2800215547423115
2017-10-24,4738.301,4775.73,4732.834,4775.134,38200323.328,0.006032999999999999,0.006032999999999999,1.2877437552989843
2017-10-25,4771.817,4789.395,4767.239,4787.008,31783783.68,0.002487,0.002487,1.290945899856691
2017-10-26,4787.168,4818.228,4782.309,4791.846,56912474.112,0.001011,0.001011,1.292250597125529
2017-10-27,4788.975,4808.246,4783.511,4806.627,51612043.264,0.003085,0.003085,1.2962366926878892
2017-10-30,4806.029,4815.696,4732.901,4786.042,56738372.864,-0.004283,-0.004283,1.2906853918861045
2017-10-31,4771.508,4773.14,4742.078,4767.552,44430245.12,-0.0038629999999999997,-0.0038629999999999997,1.2856990643745667
2017-11-01,4766.125,4785.201,4738.064,4744.364,58001457.664,-0.004864,-0.004864,1.2794457943725368
2017-11-02,4741.521,4745.778,4714.438,4744.382,43672939.52,4e-06,4e-06,1.2794506485583241
2017-11-03,4737.929,4740.159,4691.129,4724.28,47034172.16,-0.004237,-0.004237,1.2740296017418327
2017-11-06,4720.569,4758.61,4705.123,4757.076,47544085.504,0.006942,0.006942,1.2828739282463426
2017-11-07,4757.21,4804.905,4753.492,4786.6,58559226.624,0.006206000000000001,0.006206000000000001,1.2908358716455115
2017-11-08,4786.159,4829.449,4777.583,4788.848,56693099.264,0.00047,0.00047,1.291442105514951
2017-11-09,4785.764,4815.037,4780.649,4814.414,43519064.32,0.005339,0.005339,1.2983366673948844
2017-11-10,4810.277,4849.25,4806.202,4841.376,58634464.768,0.005600000000000001,0.005600000000000001,1.3056076983503238
2017-11-13,4849.639,4882.528,4849.639,4867.814,67049774.848,0.005461000000000001,0.005461000000000001,1.3127374185639544
2017-11-14,4866.558,4867.983,4816.065,4836.049,57677212.16,-0.006526,-0.006526,1.3041711290342632
2017-11-15,4824.212,4836.581,4793.957,4814.782,49032906.752,-0.004398,-0.004398,1.2984359085265365
2017-11-16,4809.437,4832.261,4802.806,4827.468,51389566.464,0.002635,0.002635,1.3018570307986492
2017-11-17,4820.968,4836.47,4797.866,4835.368,83973378.048,0.0016370000000000002,0.0016370000000000002,1.3039874790053094
2017-11-20,4809.664,4858.262,4766.675,4857.332,59851670.016,0.004542,0.004542,1.309910664373801
2017-11-21,4847.725,4922.276,4842.518,4921.267,84917678.08,0.013163000000000001,0.013163000000000001,1.3271524626133981
2017-11-22,4933.266,4957.715,4890.859,4928.323,87471648.768,0.001434,0.001434,1.3290553034420303
2017-11-23,4919.481,4919.481,4782.149,4798.55,79732736.0,-0.026332,-0.026332,1.2940585116543202
2017-11-24,4781.436,4805.627,4736.828,4798.516,61600633.088,-7e-06,-7e-06,1.2940493426367219
2017-11-27,4780.802,4780.954,4736.178,4756.489,59469069.312,-0.008758,-0.008758,1.282715627854278
2017-11-28,4737.9,4763.194,4714.56,4760.788,40058792.704,0.000904,0.000904,1.2838749692264846
2017-11-29,4764.494,4776.917,4710.7,4755.959,57065781.248,-0.0010140000000000001,-0.0010140000000000001,1.28257269905054
2017-11-30,4744.202,4760.07,4703.953,4725.781,47240960.0,-0.006345,-0.006345,1.2744343869010983
2017-12-01,4721.07,4738.385,4698.45,4718.134,42647810.56,-0.001618,-0.001618,1.2723721669724488
2017-12-04,4710.961,4742.927,4700.028,4724.024,41318368.512,0.001248,0.001248,1.2739605644328575
2017-12-05,4713.429,4744.287,4711.205,4735.602,70091710.464,0.002451,0.002451,1.2770828846020614
2017-12-06,4721.534,4724.911,4655.884,4708.701,42751351.296,-0.005681,-0.005681,1.2698283039429015
2017-12-07,4697.137,4709.541,4645.698,4660.838,37642790.144,-0.010165,-0.010165,1.2569207542574108
2017-12-08,4650.286,4689.914,4637.609,4675.839,36584393.216,0.003219,0.003219,1.2609661787571713
2017-12-11,4678.91,4725.177,4673.803,4725.177,43180944.384,0.010551999999999999,0.010551999999999999,1.2742715020002346
2017-12-12,4723.963,4723.963,4677.284,4677.611,35175903.232,-0.010065999999999999,-0.010065999999999999,1.261444046380235
2017-12-13,4674.382,4713.811,4667.937,4713.319,34814328.832,0.007633999999999999,0.007633999999999999,1.271073672274339
2017-12-14,4714.381,4720.358,4688.818,4702.398,32164301.568,-0.002317,-0.002317,1.2681285298863725
2017-12-15,4697.14,4697.14,4657.543,4664.858,35371685.888,-0.007983,-0.007983,1.258004855749914
2017-12-18,4664.91,4682.882,4645.898,4664.144,34027991.296,-0.000153,-0.000153,1.25781230638035
2017-12-19,4662.886,4705.063,4662.319,4703.623,34892381.952,0.008464000000000001,0.008464000000000001,1.2684588841968987
2017-12-20,4701.88,4711.329,4679.596,4690.553,38611775.488,-0.002779,-0.002779,1.264934205961323
2017-12-21,4683.799,4729.871,4663.63,4716.31,39623053.056,0.005491,0.005491,1.2718802761459997
2017-12-22,4713.903,4730.158,4711.624,4716.902,30995879.936,0.000125,0.000125,1.2720399249230052
2017-12-25,4718.264,4754.301,4693.698,4710.802,42314424.32,-0.0012929999999999999,-0.0012929999999999999,1.2703948952950777
2017-12-26,4709.008,4731.368,4689.699,4730.761,36883306.752,0.004237,0.004237,1.2757773783022588
2017-12-27,4723.611,4736.64,4690.879,4696.675,40157748.736,-0.0072050000000000005,-0.0072050000000000005,1.2665851684829905
2017-12-28,4695.506,4731.524,4684.632,4718.555,43385662.72,0.004659,0.004659,1.2724857009844748
2017-12-29,4726.138,4752.654,4725.554,4750.787,36814517.76,0.006831,0.006831,1.2811779296676482
2018-01-02,4764.313,4836.078,4764.313,4836.078,65691489.536,0.017953,0.017953,1.3041789496669207
2018-01-03,4831.815,4885.721,4827.547,4859.702,60938057.728,0.004885,0.004885,1.310549798835799
2018-01-04,4866.008,4888.516,4855.632,4877.633,56011530.24,0.00369,0.00369,1.3153853769109412
2018-01-05,4878.538,4934.672,4867.185,4912.432,62394455.296,0.007134000000000001,0.007134000000000001,1.3247698664227852
2018-01-08,4918.987,4973.155,4911.362,4952.718,73608019.968,0.008201,0.008201,1.3356340735687993
2018-01-09,4945.268,4959.303,4938.781,4949.164,56527887.36,-0.000718,-0.000718,1.3346756415527903
2018-01-10,4950.567,4967.376,4929.404,4963.994,72219000.832,0.002996,0.002996,1.3386749512875713
2018-01-11,4957.983,4966.267,4922.619,4950.749,52462706.944,-0.002668,-0.002668,1.3351030795790633
2018-01-12,4948.905,4984.493,4948.905,4974.829,53156379.136,0.004864,0.004864,1.341596901454554
2018-01-15,4976.59,5005.786,4947.785,4956.674,81557876.736,-0.003649,-0.003649,1.3367009157340584
2018-01-16,4948.279,5028.377,4947.316,5027.227,82584293.376,0.014234,0.014234,1.3557274362814629
2018-01-17,5033.734,5062.44,4998.46,5020.78,106681602.048,-0.0012820000000000002,-0.0012820000000000002,1.353988828738635
2018-01-18,5024.311,5061.918,5020.331,5061.046,96275521.536,0.008020000000000001,0.008020000000000001,1.3648476423448856
2018-01-19,5066.486,5101.299,5043.112,5058.976,103207489.536,-0.00040899999999999997,-0.00040899999999999997,1.3642894109793429
2018-01-22,5052.403,5110.677,5051.25,5108.898,93304774.656,0.009868,0.009868,1.3777522255835062
2018-01-23,5110.284,5170.052,5110.284,5169.57,104455782.4,0.011876,0.011876,1.394114067810656
2018-01-24,5174.934,5188.81,5136.387,5177.354,107715559.424,0.0015060000000000002,0.0015060000000000002,1.396213233486687
2018-01-25,5169.07,5176.866,5117.829,5156.279,85671464.96,-0.004071,-0.004071,1.3905297909606917
2018-01-26,5143.041,5211.123,5139.452,5190.286,90879410.176,0.006595,0.006595,1.399700696297893
2018-01-29,5198.302,5223.384,5115.915,5139.461,93718069.248,-0.009792,-0.009792,1.385994363373399
2018-01-30,5121.174,5142.775,5072.715,5077.635,68854730.752,-0.01203,-0.01203,1.3693213139018838
2018-01-31,5055.361,5092.192,5034.071,5071.809,72155697.152,-0.001147,-0.001147,1.367750175768719
2018-02-01,5071.602,5086.295,4987.771,5020.177,87918260.224,-0.01018,-0.01018,1.3538262135147596
2018-02-02,4987.115,5062.706,4936.703,5061.521,66537552.384,0.008236,0.008236,1.3649757389142734
2018-02-05,5004.075,5098.937,4997.14,5098.937,93531287.552,0.007391999999999999,0.007391999999999999,1.375065973104197
2018-02-06,5001.207,5033.255,4939.295,4952.917,119539314.688,-0.028637000000000003,-0.028637000000000003,1.3356877392894482
2018-02-07,5013.716,5038.155,4847.253,4852.493,117362221.056,-0.020276000000000002,-0.020276000000000002,1.3086056974279747
2018-02-08,4821.3,4872.262,4757.128,4807.159,84849266.688,-0.009342,-0.009342,1.2963801608456034
2018-02-09,4685.379,4705.599,4524.742,4620.225,100816662.528,-0.038887,-0.038887,1.2459683627362603
2018-02-12,4623.628,4692.191,4607.906,4672.71,57259698.176,0.011359999999999999,0.011359999999999999,1.260122359461141
2018-02-13,4701.587,4771.51,4701.587,4724.104,54766136.576,0.010999000000000002,0.010999000000000002,1.2739821385919123
2018-02-14,4729.249,4746.326,4696.199,4736.559,32376935.168,0.002636,0.002636,1.2773409654797545
2018-02-22,4792.314,4839.726,4784.576,4839.244,48230182.4,0.021679,0.021679,1.3050327470115137
2018-02-23,4844.374,4872.339,4816.791,4853.354,44380162.304,0.002916,0.002916,1.3088378893148018
2018-02-26,4875.468,4907.281,4825.174,4899.069,56214475.52,0.009419,0.009419,1.3211661728296713
2018-02-27,4898.92,4898.982,4813.812,4822.355,58986969.856,-0.015659,-0.015659,1.30047817235806
2018-02-28,4780.285,4815.894,4744.423,4789.775,46133244.16,-0.006756,-0.006756,1.2916920960829983
2018-03-01,4759.138,4817.877,4749.822,4796.381,40244650.24,0.001379,0.001379,1.2934735822669474
2018-03-02,4763.274,4799.726,4749.104,4783.914,38417560.576,-0.002599,-0.002599,1.290111519255247
2018-03-05,4786.831,4808.785,4756.335,4777.4,35785687.552,-0.001362,-0.001362,1.288354843354211
2018-03-06,4791.836,4841.904,4760.045,4841.26,52497978.112,0.013367,0.013367,1.3055764158196943
2018-03-07,4840.106,4869.58,4815.872,4822.203,47709469.184,-0.003936,-0.003936,1.3004371814558562
2018-03-08,4820.264,4868.146,4820.264,4867.404,41898320.128,0.009373,0.009373,1.3126268509987986
2018-03-09,4877.131,4884.783,4858.864,4884.411,41328855.808,0.0034939999999999997,0.0034939999999999997,1.317213247536858
2018-03-12,4898.103,4904.666,4874.694,4894.363,57572043.264,0.0020369999999999997,0.0020369999999999997,1.3198970729232735
2018-03-13,4889.768,4900.571,4860.512,4864.383,44995035.136,-0.006125,-0.006125,1.311812156817492
2018-03-14,4847.631,4859.11,4829.994,4845.202,36282732.032,-0.0039429999999999995,-0.0039429999999999995,1.306639482507119
2018-03-15,4830.043,4862.565,4828.104,4851.276,35602186.752,0.0012540000000000001,0.0012540000000000001,1.3082775005333536
2018-03-16,4851.656,4863.819,4812.182,4813.08,37017802.24,-0.007873,-0.007873,1.2979769182926457
2018-03-19,4807.815,4807.815,4776.207,4791.605,32752043.52,-0.004462,-0.004462,1.2921856049713765
2018-03-20,4765.412,4795.362,4753.066,4790.336,30967839.232,-0.000265,-0.000265,1.2918433848733701
2018-03-21,4797.75,4824.585,4766.581,4781.544,37727102.464,-0.001835,-0.001835,1.289472384793249
2018-03-22,4780.792,4790.621,4722.632,4743.82,40184533.248,-0.007890000000000001,-0.007890000000000001,1.2792990900909644
2018-03-23,4623.485,4648.198,4531.643,4607.289,68751593.472,-0.028780999999999998,-0.028780999999999998,1.2424798212171013
2018-03-26,4556.005,4568.811,4516.127,4568.444,50630166.784,-0.008431,-0.008431,1.2320042186110616
2018-03-27,4603.564,4617.461,4558.677,4586.774,50177255.936,0.004012,0.004012,1.2369473978044896
2018-03-28,4541.229,4579.877,4514.943,4521.301,48436272.64,-0.014274,-0.014274,1.2192908363570643
2018-03-29,4532.507,4617.524,4492.296,4599.434,56364585.984,0.017281,0.017281,1.2403615084749096
2018-03-30,4602.264,4618.925,4584.563,4601.868,38304868.864,0.0005290000000000001,0.0005290000000000001,1.2410179022641514
2018-04-02,4601.053,4634.059,4575.281,4578.513,43174817.536,-0.005075,-0.005075,1.2347195962050945
2018-04-03,4529.294,4551.002,4514.99,4533.215,36272445.952,-0.009894,-0.009894,1.2225037679942983
2018-04-04,4543.374,4572.507,4528.101,4529.756,39395454.72,-0.0007630000000000001,-0.0007630000000000001,1.221570955292167
2018-04-09,4520.722,4538.915,4490.006,4520.915,34279264.768,-0.0019520000000000002,-0.0019520000000000002,1.2191867410396247
2018-04-10,4529.798,4597.212,4522.817,4597.204,43591341.056,0.016875,0.016875,1.2397601287912572
2018-04-11,4606.292,4644.409,4600.25,4622.608,46441838.336,0.005526,0.005526,1.2466110029991047
2018-04-12,4620.662,4620.662,4577.316,4580.812,30878817.28,-0.009042,-0.009042,1.2353395836009315
2018-04-13,4598.521,4609.883,4554.761,4559.849,27719372.544,-0.004576,-0.004576,1.229686344897613
2018-04-16,4554.172,4557.76,4468.813,4483.786,44160583.168,-0.016680999999999998,-0.016680999999999998,1.2091739041453102
2018-04-17,4488.441,4499.079,4428.562,4432.05,31891571.968,-0.011538999999999999,-0.011538999999999999,1.1952218954845797
2018-04-18,4468.288,4478.586,4395.807,4450.495,38646140.672,0.004162,0.004162,1.2001960875316489
2018-04-19,4450.93,4494.162,4442.759,4492.198,35282742.272,0.00937,0.00937,1.211442426969921
2018-04-20,4483.178,4484.511,4419.532,4429.921,35811691.776,-0.013863,-0.013863,1.1946477531767343
2018-04-23,4425.797,4456.53,4404.185,4431.924,29383166.976,0.000452,0.000452,1.1951879161840684
2018-04-24,4436.3,4541.055,4436.3,4521.882,48317031.424,0.020297999999999997,0.020297999999999997,1.2194475186871994
2018-04-25,4504.642,4519.206,4496.175,4508.583,29071470.08,-0.0029409999999999996,-0.0029409999999999996,1.2158610844213293
2018-04-26,4499.655,4504.827,4427.699,4440.742,47811197.696,-0.015047,-0.015047,1.1975659278658823
2018-04-27,4442.305,4450.407,4390.253,4440.904,48438265.6,3.6e-05,3.6e-05,1.1976096155379683
2018-05-02,4442.249,4467.428,4436.538,4461.712,41625047.296,0.004686,0.004686,1.2032210543081183
2018-05-03,4456.067,4500.974,4438.135,4494.896,38401296.896,0.007438,0.007438,1.2121700154840436
2018-05-04,4486.322,4502.75,4479.918,4482.604,32040763.136,-0.002735,-0.002735,1.2088551459452757
2018-05-07,4491.843,4549.745,4486.624,4549.22,40573895.424,0.014861,0.014861,1.2268199481901965
2018-05-08,4546.008,4598.784,4543.118,4586.675,45800210.688,0.008233,0.008233,1.2369206997826592
2018-05-09,4585.554,4588.164,4565.571,4581.576,28573523.968,-0.001112,-0.001112,1.2355456168199048
2018-05-10,4590.426,4610.554,4582.308,4608.942,30371005.952,0.005973000000000001,0.005973000000000001,1.2429255972785709
2018-05-11,4615.89,4620.044,4586.633,4588.778,31449097.984,-0.004375,-0.004375,1.237487830488812
2018-05-14,4595.029,4620.11,4594.252,4608.963,37669307.136,0.004399,0.004399,1.2429312604953227
2018-05-15,4617.271,4628.461,4592.436,4628.163,31948576.512,0.004166,0.004166,1.2481090586684713
2018-05-16,4615.603,4628.855,4598.361,4601.881,31306976.768,-0.005679,-0.005679,1.2410214080649977
2018-05-17,4602.278,4608.89,4580.115,4585.076,26822744.32,-0.0036520000000000003,-0.0036520000000000003,1.2364894862785516
2018-05-18,4581.897,4628.816,4564.127,4628.816,31063617.792,0.00954,0.00954,1.2482851577417562
2018-05-21,4648.837,4663.198,4641.405,4650.224,34703079.424,0.004625000000000001,0.004625000000000001,1.254058402704817
2018-05-22,4651.928,4651.928,4612.705,4637.424,32436213.76,-0.002753,-0.002753,1.250606537256051
2018-05-23,4624.613,4626.538,4591.507,4591.507,35549373.184,-0.009901,-0.009901,1.2382237789895683
2018-05-24,4590.216,4598.3,4558.479,4561.819,29533708.288,-0.0064659999999999995,-0.0064659999999999995,1.230217608564337
2018-05-25,4557.332,4567.101,4533.252,4551.375,28003666.688,-0.002289,-0.002289,1.2274011020997346
2018-05-28,4545.442,4576.774,4527.061,4564.434,30433460.992,0.002869,0.002869,1.2309228138884405
2018-05-29,4556.094,4574.924,4544.368,4551.263,38038793.984,-0.002886,-0.002886,1.227370898277058
2018-05-30,4501.423,4513.601,4458.654,4466.281,34741240.064,-0.018672,-0.018672,1.2044532084671347
2018-05-31,4487.022,4563.518,4487.022,4559.616,48487935.744,0.020898,0.020898,1.2296235101593658
2018-06-01,4542.068,4558.498,4506.141,4527.092,32804883.2,-0.0071330000000000005,-0.0071330000000000005,1.2208525357956423
2018-06-04,4535.272,4560.175,4531.623,4559.679,42572252.16,0.0071979999999999995,0.0071979999999999995,1.2296404998096215
2018-06-05,4554.092,4579.538,4537.607,4579.528,37856722.176,0.004353,0.004353,1.2349933183481023
2018-06-06,4572.582,4581.659,4561.607,4578.864,30180715.008,-0.000145,-0.000145,1.2348142528279473
2018-06-07,4578.821,4584.048,4545.311,4549.356,33973065.728,-0.006444,-0.006444,1.2268566242605894
2018-06-08,4532.455,4532.455,4466.204,4486.994,34270689.024,-0.013708,-0.013708,1.210039027923407
2018-06-11,4476.227,4499.856,4461.783,4480.976,33692246.016,-0.001341,-0.001341,1.2084161118085106
2018-06-12,4482.741,4540.402,4470.255,4535.467,40546649.344,0.012159999999999999,0.012159999999999999,1.2231110805716903
2018-06-13,4526.443,4533.952,4496.263,4501.392,32477504.256,-0.007513,-0.007513,1.2139218371992921
2018-06-14,4484.829,4514.247,4466.855,4481.238,32702508.032,-0.004477,-0.004477,1.2084867671794153
2018-06-15,4474.825,4485.554,4438.562,4460.991,35901575.936,-0.0045179999999999994,-0.0045179999999999994,1.2030266171996369
2018-06-19,4407.521,4410.215,4240.309,4291.981,66947767.296,-0.037886,-0.037886,1.1574485094265186
2018-06-20,4272.662,4328.824,4258.855,4315.139,32648486.656,0.005396,0.005396,1.163693689118903
2018-06-21,4312.168,4357.403,4273.292,4276.177,36286522.624,-0.009029,-0.009029,1.1531865343052454
2018-06-22,4251.187,4293.627,4229.759,4291.5,27674118.912,0.0035830000000000002,0.0035830000000000002,1.1573187947952017
2018-06-25,4313.439,4323.038,4250.415,4252.127,32001073.152,-0.009174999999999999,-0.009174999999999999,1.1467008027394006
2018-06-26,4213.883,4221.206,4148.142,4202.356,34962341.12,-0.011705,-0.011705,1.133278709360453
2018-06-27,4199.067,4215.98,4129.094,4151.267,37650579.712,-0.012157,-0.012157,1.1195011817110783
2018-06-28,4126.725,4157.545,4091.884,4096.881,30953922.048,-0.013101,-0.013101,1.1048345290316581
2018-06-29,4105.611,4188.134,4097.492,4187.021,26614770.944,0.022002,0.022002,1.1291432127466388
2018-07-02,4180.767,4186.635,4052.587,4076.231,35582200.832,-0.026459999999999997,-0.026459999999999997,1.0992656992256413
2018-07-03,4074.791,4092.322,3987.586,4082.466,40896316.928,0.00153,0.00153,1.1009471352469737
2018-07-04,4067.437,4088.303,4036.592,4042.291,27485120.256,-0.009840999999999999,-0.009840999999999999,1.0901128622466483
2018-07-05,4044.382,4075.511,3992.645,4003.205,31329275.904,-0.009669,-0.009669,1.0795722674864558
2018-07-06,4000.309,4044.938,3939.637,4014.883,30953606.144,0.0029170000000000003,0.0029170000000000003,1.0827215553544782
2018-07-09,4022.55,4109.284,4020.217,4108.554,30953318.656,0.023331,0.023331,1.1079824685147397
2018-07-10,4116.136,4127.399,4088.429,4121.381,26159605.248,0.0031219999999999998,0.0031219999999999998,1.1114416152421867
2018-07-11,4056.338,4072.372,4019.995,4052.954,22778331.136,-0.016603,-0.016603,1.092988427971663
2018-07-12,4047.499,4143.902,4047.499,4128.179,31918816.768,0.018561,0.018561,1.113274879407867
2018-07-13,4127.446,4139.429,4107.989,4133.142,24517030.4,0.001202,0.001202,1.1146132863002283
2018-07-16,4126.635,4140.984,4089.923,4107.222,24021933.824,-0.006271,-0.006271,1.1076232587664774
2018-07-17,4092.449,4093.226,4049.08,4079.326,20615474.432,-0.006792,-0.006792,1.1001003495040733
2018-07-18,4084.15,4125.644,4084.116,4087.355,23857445.632,0.001968,0.001968,1.1022655860422095
2018-07-19,4093.918,4112.063,4071.196,4081.913,22729187.328,-0.001331,-0.001331,1.1007980038725076
2018-07-20,4081.129,4164.805,4055.005,4154.685,39320417.792,0.017828,0.017828,1.120422937656694
2018-07-23,4139.107,4196.127,4127.37,4195.714,41132778.496,0.009875,0.009875,1.1314875148049295
2018-07-24,4202.822,4260.714,4202.81,4250.761,52282498.304,0.01312,0.01312,1.14633242397354
2018-07-25,4254.76,4255.7,4228.784,4244.133,29294985.472,-0.001559,-0.001559,1.1445450048958508
2018-07-26,4247.138,4261.463,4206.786,4216.181,28023313.92,-0.006586,-0.006586,1.1370069937221083
2018-07-27,4208.851,4225.231,4195.88,4201.062,21660834.816,-0.0035859999999999998,-0.0035859999999999998,1.132929747337742
2018-07-30,4197.71,4238.001,4183.152,4204.868,26630988.288,0.000906,0.000906,1.1339561379547736
2018-07-31,4202.777,4219.74,4179.593,4207.781,23761501.952,0.000693,0.000693,1.134741707021356
2018-08-01,4214.701,4229.828,4129.255,4129.255,32402304.256,-0.018662,-0.018662,1.1135650518471538
2018-08-02,4119.897,4119.897,3989.091,4046.94,37532688.384,-0.019935,-0.019935,1.0913665905647194
2018-08-03,4042.575,4057.339,3995.061,3995.218,27537642.752,-0.012781,-0.012781,1.0774183573818237
2018-08-06,3994.234,4011.738,3928.545,3943.289,28589575.168,-0.012998000000000001,-0.012998000000000001,1.0634143010623736
2018-08-07,3953.633,4043.761,3935.259,4043.761,31952518.656,0.025478999999999998,0.025478999999999998,1.0905092874192799
2018-08-08,4035.218,4036.782,3984.992,3988.708,27322196.224,-0.013614,-0.013614,1.0756627601887405
2018-08-09,3972.881,4073.08,3966.168,4059.248,30675614.464,0.017685,0.017685,1.0946857749352985
2018-08-10,4057.873,4076.184,4025.185,4049.151,26006984.96,-0.002487,-0.002487,1.0919628463855962
2018-08-13,4012.618,4033.288,3971.669,4025.896,26091696.384,-0.005743000000000001,-0.005743000000000001,1.085691508025358
2018-08-14,4021.76,4035.973,4005.87,4023.039,21179208.192,-0.0007099999999999999,-0.0007099999999999999,1.084921040870114
2018-08-15,4022.22,4023.055,3939.139,3942.071,23900987.904,-0.020125999999999998,-0.020125999999999998,1.0630858344907643
2018-08-16,3909.498,3960.739,3881.739,3919.103,24933820.672,-0.0058260000000000004,-0.0058260000000000004,1.0568918934261353
2018-08-17,3943.096,3951.447,3868.931,3875.75,22290793.728,-0.011062,-0.011062,1.0452005869573582
2018-08-20,3881.369,3912.003,3855.09,3912.003,24804478.464,0.009354,0.009354,1.054977186810023
2018-08-21,3914.491,3968.646,3906.405,3961.262,26731360.256,0.012592,0.012592,1.0682612055710197
2018-08-22,3958.436,3958.436,3927.581,3935.273,16408036.864,-0.006561,-0.006561,1.061252570325084
2018-08-23,3933.762,3961.712,3908.572,3945.733,20766650.368,0.0026579999999999998,0.0026579999999999998,1.0640733916214973
2018-08-24,3937.103,3977.258,3919.846,3956.01,22630306.816,0.002605,0.002605,1.066844862029073
2018-08-27,3966.027,4039.032,3966.027,4039.032,32804832.512,0.020985999999999998,0.020985999999999998,1.089233984942154
2018-08-28,4040.07,4047.165,4024.254,4034.718,26044589.824,-0.0010680000000000002,-0.0010680000000000002,1.0880705984151244
2018-08-29,4026.95,4035.554,3999.808,4010.281,20596706.56,-0.006057,-0.006057,1.0814805018548517
2018-08-30,4009.645,4031.56,3988.129,3990.226,21046880.256,-0.005001,-0.005001,1.076072129856805
2018-08-31,3980.835,3995.257,3947.434,3970.523,33194547.712,-0.0049380000000000005,-0.0049380000000000005,1.0707586841585992
2018-09-03,3959.291,3966.113,3926.354,3960.533,23017987.84,-0.002516,-0.002516,1.0680646110466328
2018-09-04,3964.853,4008.535,3951.101,3999.418,22619193.088,0.009818,0.009818,1.0785510007322
2018-09-05,3984.948,3990.576,3933.507,3934.871,22949404.16,-0.016139,-0.016139,1.0611441601758338
2018-09-06,3924.293,3946.085,3892.6,3897.031,22740049.152,-0.009617,-0.009617,1.0509395829429196
2018-09-07,3906.64,3948.992,3886.602,3910.131,20709747.456,0.003362,0.003362,1.054472351488141
2018-09-10,3907.155,3916.438,3872.415,3874.418,18937167.104,-0.009133,-0.009133,1.044841377209096
2018-09-11,3873.723,3887.027,3850.034,3865.674,20393298.176,-0.0022570000000000003,-0.0022570000000000003,1.0424833216244078
2018-09-12,3859.453,3882.483,3839.301,3858.468,16664145.664,-0.0018640000000000002,-0.0018640000000000002,1.040540029247548
2018-09-13,3886.871,3902.001,3856.317,3893.639,20566507.776,0.009115,0.009115,1.0500248385989968
2018-09-14,3899.295,3914.23,3881.866,3902.84,18104688.64,0.002363,0.002363,1.0525061365672854
2018-09-17,3892.217,3892.217,3861.127,3866.847,15233545.984,-0.009222000000000001,-0.009222000000000001,1.0427996527315488
2018-09-18,3852.665,3925.965,3852.665,3925.443,22964510.72,0.015153000000000002,0.015153000000000002,1.058601645531227
2018-09-19,3920.253,4000.285,3913.262,3980.147,34711906.048,0.013935999999999999,0.013935999999999999,1.07335405549289
2018-09-20,3979.177,3998.104,3970.759,3977.714,22804718.848,-0.000611,-0.000611,1.0726979313806364
2018-09-21,3986.629,4082.448,3977.724,4082.448,42127342.848,0.02633,0.02633,1.1009422810611864
2018-09-25,4047.129,4061.399,4035.798,4049.12,26251124.224,-0.008164,-0.008164,1.0919544863989623
2018-09-26,4055.624,4116.704,4055.624,4076.532,39177532.16,0.006770000000000001,0.006770000000000001,1.099346871999085
2018-09-27,4077.489,4086.813,4059.359,4065.034,25111410.944,-0.002821,-0.002821,1.0962461259889358
2018-09-28,4071.512,4112.472,4068.666,4108.73,31101586.176,0.010749,0.010749,1.10802993166466
2018-10-08,4030.77,4041.815,3954.668,3963.25,36600277.76,-0.035408,-0.035408,1.068797323423531
2018-10-09,3963.035,3983.531,3946.226,3954.86,23837009.152,-0.002117,-0.002117,1.0665347334926603
2018-10-10,3959.622,3989.087,3935.362,3960.96,24472954.112,0.001542,0.001542,1.0681797631205878
2018-10-11,3865.534,3880.99,3745.308,3770.539,36045067.264,-0.048074000000000006,-0.048074000000000006,1.016827601353444
2018-10-12,3767.388,3825.725,3723.121,3812.271,30443684.352,0.011068,0.011068,1.0280817614243734
2018-10-15,3815.783,3818.608,3730.399,3737.971,22357558.784,-0.01949,-0.01949,1.0080447612022405
2018-10-16,3736.389,3768.329,3689.077,3700.23,21743834.88,-0.010097,-0.010097,0.9978668819911568
2018-10-17,3739.498,3752.829,3673.633,3728.169,24266413.824,0.0075509999999999996,0.0075509999999999996,1.0054013873640528
2018-10-18,3709.396,3709.396,3651.09,3651.09,22978919.936,-0.020675,-0.020675,0.9846149547917542
2018-10-19,3629.802,3753.575,3613.088,3752.419,32504136.192,0.027753,0.027753,1.011941054327535
2018-10-22,3778.55,3932.93,3778.55,3904.412,46360144.128,0.040505000000000006,0.040505000000000006,1.052930068792712
2018-10-23,3900.816,3904.499,3795.292,3812.22,37740873.728,-0.023612,-0.023612,1.028068007897976
2018-10-24,3793.141,3869.838,3785.863,3811.732,37113528.576,-0.000128,-0.000128,1.0279364055277418
2018-10-25,3734.15,3825.486,3717.175,3821.601,33006866.944,0.002589,0.002589,1.030597847724138
2018-10-26,3835.944,3860.277,3798.665,3823.639,31167033.6,0.000533,0.000533,1.0311474494260586
2018-10-29,3812.158,3813.437,3712.789,3729.133,37804713.472,-0.024716000000000002,-0.024716000000000002,1.0056613559806629
2018-10-30,3732.235,3791.024,3703.18,3765.161,38035217.664,0.009661,0.009661,1.015377278510986
2018-10-31,3772.408,3823.713,3763.984,3808.414,34722372.864,0.011488,0.011488,1.0270416172809447
2018-11-01,3827.744,3857.212,3809.007,3815.733,42338988.288,0.001922,0.001922,1.0290153831574693
2018-11-02,3875.969,3916.026,3843.07,3916.026,53604570.624,0.026284000000000002,0.026284000000000002,1.0560620973334904
2018-11-05,3899.507,3914.157,3866.251,3903.146,34471400.192,-0.0032890000000000003,-0.0032890000000000003,1.05258865772567
2018-11-06,3898.014,3898.239,3865.258,3894.794,25079292.672,-0.00214,-0.00214,1.0503363155203502
2018-11-07,3897.776,3918.926,3873.304,3876.548,25378504.448,-0.004685,-0.004685,1.0454157891939297
2018-11-08,3901.159,3907.606,3865.594,3871.178,22381647.872,-0.0013850000000000002,-0.0013850000000000002,1.0439676237673772
2018-11-09,3855.774,3855.774,3826.395,3830.23,29172128.512,-0.010578,-0.010578,1.0329248904551849
2018-11-12,3824.267,3892.293,3822.843,3891.636,27178308.352,0.016032,0.016032,1.0494846755916625
2018-11-13,3849.758,3941.736,3846.45,3925.068,30893402.368,0.008591,0.008591,1.0585005166606578
2018-11-14,3917.034,3933.331,3889.085,3893.833,27837103.104,-0.007958,-0.007958,1.0500771559347046
2018-11-15,3888.923,3929.153,3888.886,3929.084,22993510.656,0.009053,0.009053,1.059583539445208
2018-11-16,3931.877,3977.271,3925.317,3957.739,31464283.136,0.007292999999999999,0.007292999999999999,1.0673111335416443
2018-11-19,3964.48,3999.46,3957.482,3999.46,32067858.688,0.010542000000000001,0.010542000000000001,1.0785623271657037
2018-11-20,3974.421,3985.975,3908.683,3911.214,27801062.656,-0.022064,-0.022064,1.054764411666345
2018-11-21,3878.407,3930.773,3873.867,3924.04,22848892.16,0.0032790000000000002,0.0032790000000000002,1.0582232887168037
2018-11-22,3932.209,3935.703,3896.605,3911.123,17590842.112,-0.003292,-0.003292,1.0547398710604203
2018-11-23,3906.089,3909.308,3815.878,3822.982,21200863.232,-0.022536,-0.022536,1.030970271644821
2018-11-26,3825.905,3849.176,3809.286,3822.075,16962806.016,-0.000237,-0.000237,1.0307256746165374
2018-11-27,3832.448,3840.11,3804.686,3813.211,15663697.152,-0.002319,-0.002319,1.0283352577932672
2018-11-28,3815.057,3855.662,3794.396,3855.168,18054359.552,0.011003,0.011003,1.0396500951865382
2018-11-29,3871.369,3878.663,3813.627,3813.627,20734300.16,-0.010775,-0.010775,1.028447443420352
2018-11-30,3814.475,3847.576,3802.86,3846.948,20980943.616,0.008737,0.008737,1.0374333503436588
2018-12-03,3923.293,3958.093,3906.955,3945.492,41357457.152,0.025616,0.025616,1.0640083994673448
2018-12-04,3940.05,3959.843,3931.044,3957.116,25550663.68,0.002946,0.002946,1.0671431247780052
2018-12-05,3910.863,3960.516,3905.242,3943.365,22880357.12,-0.003475,-0.003475,1.0634347965134756
2018-12-06,3916.126,3921.026,3875.856,3879.012,24951467.52,-0.016319,-0.016319,1.0460802732928172
2018-12-07,3883.635,3901.037,3883.635,3901.037,16046653.952,0.005678,0.005678,1.0520199089575881
2018-12-10,3882.395,3894.17,3855.527,3864.74,19582209.536,-0.009304,-0.009304,1.0422314433174433
2018-12-11,3874.321,3884.07,3866.128,3880.998,15614703.616,0.004207,0.004207,1.0466158517913522
2018-12-12,3901.258,3916.575,3895.333,3907.649,17024261.376,0.006867,0.006867,1.0538030132034661
2018-12-13,3916.257,3973.459,3906.586,3956.963,32289373.952,0.01262,0.01262,1.067101864198813
2018-12-14,3948.725,3953.48,3898.876,3898.876,24271116.288,-0.01468,-0.01468,1.0514371369861208
2018-12-17,3890.635,3927.151,3880.35,3924.75,18738651.648,0.0066359999999999995,0.0066359999999999995,1.058414759378415
2018-12-18,3901.711,3926.071,3871.869,3896.488,18875085.568,-0.007201,-0.007201,1.0507931483383353
2018-12-19,3901.369,3912.114,3870.461,3870.461,18649267.968,-0.00668,-0.00668,1.0437742653668487
2018-12-20,3873.74,3890.314,3843.179,3867.28,22653254.4,-0.0008219999999999999,-0.0008219999999999999,1.0429164228674328
2018-12-21,3856.823,3864.002,3824.397,3839.932,22046514.432,-0.007072,-0.007072,1.0355412965945539
2018-12-24,3831.722,3872.884,3824.232,3867.235,15888709.12,0.00711,0.00711,1.0429042874029646
2018-12-25,3841.22,3854.332,3781.308,3843.105,19265709.568,-0.00624,-0.00624,1.0363969816780645
2018-12-26,3839.927,3860.07,3826.658,3841.532,14856007.936,-0.00040899999999999997,-0.00040899999999999997,1.0359727797756497
2018-12-27,3882.628,3890.348,3823.409,3823.924,21524469.248,-0.0045839999999999995,-0.0045839999999999995,1.0312243073676912
2018-12-28,3821.577,3845.802,3813.405,3836.87,20357427.712,0.003386,0.003386,1.034715545656732
2019-01-02,3839.106,3840.639,3772.091,3779.246,18313816.32,-0.015018,-0.015018,1.0191756788895694
2019-01-03,3774.349,3808.212,3751.401,3756.758,16154984.96,-0.0059499999999999996,-0.0059499999999999996,1.013111182779269
2019-01-04,3736.338,3831.029,3727.625,3830.927,21711114.24,0.019743,0.019743,1.0331128553159497
2019-01-07,3853.004,3885.601,3841.329,3883.356,21973118.208,0.013686,0.013686,1.0472517501294922
2019-01-08,3878.86,3896.135,3867.065,3890.527,15676986.624,0.0018470000000000001,0.0018470000000000001,1.0491856038117655
2019-01-09,3908.14,3963.352,3908.129,3923.412,28174273.536,0.008453,0.008453,1.0580539315682236
2019-01-10,3915.432,3935.47,3901.748,3907.759,17916361.472,-0.0039900000000000005,-0.0039900000000000005,1.0538326776721665
2019-01-11,3915.922,3923.42,3890.775,3923.141,16214793.984,0.003936,0.003936,1.0579808491044256
2019-01-14,3923.112,3932.302,3910.577,3917.073,14808079.616,-0.001547,-0.001547,1.05634444914012
2019-01-15,3914.962,3957.116,3903.549,3954.308,21192497.152,0.009506,0.009506,1.0663858717951822
2019-01-16,3953.39,3967.407,3949.901,3959.031,17134529.024,0.001194,0.001194,1.0676595562103792
2019-01-17,3965.194,3977.697,3947.671,3950.537,18713174.016,-0.0021449999999999998,-0.0021449999999999998,1.0653689198727372
2019-01-18,3955.12,3996.235,3948.64,3994.556,25914124.288,0.011142,0.011142,1.0772398312156453
2019-01-21,3998.143,4016.622,3991.603,4000.715,22371655.168,0.001542,0.001542,1.0789007717858756
2019-01-22,4002.969,4003.158,3953.627,3962.708,16813338.112,-0.0095,-0.0095,1.0686511584959348
2019-01-23,3958.764,3988.24,3957.825,3979.625,14120803.84,0.004269,0.004269,1.0732132841050577
2019-01-24,3989.508,4004.522,3968.744,3994.164,16544178.176,0.003653,0.003653,1.077134117836277
2019-01-25,4001.481,4032.683,4001.481,4013.569,23962555.392,0.004858,0.004858,1.0823671997920035
2019-01-28,4031.164,4060.996,4003.643,4014.527,23028821.504,0.000239,0.000239,1.0826255503466846
2019-01-29,4010.552,4032.284,3961.998,4025.018,22222150.656,0.002613,0.002613,1.0854547316297316
2019-01-30,4010.87,4034.09,3995.648,4000.739,19674813.696,-0.006031999999999999,-0.006031999999999999,1.078907244033592
2019-01-31,4011.102,4042.597,3992.147,4012.068,25499116.288,0.002832,0.002832,1.081962414632738
2019-02-01,4026.765,4065.237,4018.62,4065.237,22127942.656,0.013252,0.013252,1.0963008704175374
2019-02-11,4060.724,4128.45,4060.649,4126.998,26062852.864,0.015192,0.015192,1.1129563908848206
2019-02-12,4124.666,4172.313,4121.218,4163.674,26201588.48,0.008887,0.008887,1.1228470641034876
2019-02-13,4166.501,4225.731,4156.182,4216.608,33223691.008,0.012713,0.012713,1.1371221457960634
2019-02-14,4208.078,4233.941,4198.129,4216.826,26384590.08,5.2e-05,5.2e-05,1.1371809353794877
2019-02-15,4205.718,4207.876,4156.211,4159.938,30028579.072,-0.013491,-0.013491,1.1218395508756291
2019-02-18,4185.623,4260.647,4185.623,4260.311,34262167.04,0.024127999999999997,0.024127999999999997,1.148907839210705
2019-02-19,4276.807,4293.705,4232.234,4255.219,36175777.792,-0.0011949999999999999,-0.0011949999999999999,1.1475346439868679
2019-02-20,4256.321,4261.481,4224.035,4258.248,26707308.8,0.000712,0.000712,1.1483514955840797
2019-02-21,4257.956,4290.624,4219.504,4230.379,32277465.344,-0.006545,-0.006545,1.1408358676003567
2019-02-22,4228.88,4287.542,4210.663,4287.409,36375017.728,0.013481,0.013481,1.1562155462365376
2019-02-25,4313.777,4473.77,4309.864,4470.263,80898510.848,0.042649,0.042649,1.2055270622340866
2019-02-26,4464.085,4525.25,4429.7,4453.777,70059286.528,-0.0036880000000000003,-0.0036880000000000003,1.2010811674068715
2019-02-27,4455.88,4505.355,4400.668,4444.22,57683454.464,-0.0021460000000000003,-0.0021460000000000003,1.1985038644307893
2019-02-28,4444.113,4469.971,4421.971,4440.866,41002033.152,-0.000755,-0.000755,1.1975993678124173
2019-03-01,4459.707,4502.177,4417.111,4502.034,50320586.752,0.013774,0.013774,1.2140949698257069
2019-03-04,4524.59,4633.259,4518.913,4555.798,84340559.872,0.011942,0.011942,1.2285938834184762
2019-03-05,4549.793,4608.017,4535.25,4608.017,54570615.552,0.011462000000000002,0.011462000000000002,1.2426761460644997
2019-03-06,4612.754,4664.839,4578.682,4664.234,59309856.256,0.012199999999999999,0.012199999999999999,1.2578365773092866
2019-03-07,4656.765,4678.467,4608.059,4658.764,65659806.72,-0.001173,-0.001173,1.2563614441839155
2019-03-08,4584.953,4611.689,4465.049,4469.647,62153305.856,-0.040594,-0.040594,1.2053609412093649
2019-03-11,4471.038,4562.819,4457.933,4562.26,47741006.592,0.020720000000000002,0.020720000000000002,1.2303365361161267
2019-03-12,4584.898,4648.12,4553.887,4598.854,56393196.288,0.008021,0.008021,1.2402050958217623
2019-03-13,4595.644,4620.21,4539.512,4557.102,49993739.008,-0.009079,-0.009079,1.228945542211069
2019-03-14,4545.518,4582.118,4468.184,4493.975,41215986.944,-0.013852,-0.013852,1.2119216429779254
2019-03-15,4508.272,4597.468,4507.922,4574.033,46413971.2,0.017815,0.017815,1.2335114432980268
2019-03-18,4589.657,4703.502,4565.687,4703.471,64587727.872,0.028298,0.028298,1.2684178932946946
2019-03-19,4704.174,4720.914,4656.5,4679.067,46746237.44,-0.005189,-0.005189,1.261836696075032
2019-03-20,4662.763,4692.888,4617.961,4685.049,44297219.584,0.001278,0.001278,1.2634499038183538
2019-03-21,4689.712,4732.662,4688.771,4705.451,45566600.448,0.004355,0.004355,1.2689518537313007
2019-03-22,4698.432,4736.415,4653.722,4734.398,38912674.304,0.0061519999999999995,0.0061519999999999995,1.276758193508287
2019-03-25,4663.673,4727.3,4651.249,4662.445,48737204.992,-0.015198,-0.015198,1.2573541251774238
2019-03-26,4682.053,4695.668,4576.697,4592.351,39351637.76,-0.015034,-0.015034,1.238451386367596
2019-03-27,4613.722,4659.909,4578.455,4659.766,39948207.616,0.01468,0.01468,1.2566316605260766
2019-03-28,4654.312,4674.756,4607.337,4612.975,37378196.224,-0.010041,-0.010041,1.2440132045719203
2019-03-29,4608.214,4749.028,4602.18,4742.955,61670173.952,0.028176999999999997,0.028176999999999997,1.2790658194961846
2019-04-01,4765.898,4883.555,4765.898,4881.109,79507771.392,0.029127999999999998,0.029127999999999998,1.3163227741218717
2019-04-02,4905.134,4914.033,4870.077,4885.608,61224610.816,0.0009220000000000001,0.0009220000000000001,1.3175360508917153
2019-04-03,4858.112,4960.236,4846.371,4954.019,59408734.208,0.014003000000000002,0.014003000000000002,1.3359849233304277
2019-04-04,4977.487,5026.571,4966.266,5021.842,72680738.816,0.01369,0.01369,1.3542752257000874
2019-04-08,5055.856,5092.49,4986.025,5071.996,80397889.536,0.009987000000000001,0.009987000000000001,1.3678006053655096
2019-04-09,5067.409,5095.189,5029.649,5066.939,61536211.456,-0.000997,-0.000997,1.3664368488362588
2019-04-10,5040.522,5106.835,5013.346,5080.54,59102491.904,0.002684,0.002684,1.3701047255525607
2019-04-11,5080.84,5105.743,5007.255,5018.39,54195785.472,-0.012233,-0.012233,1.3533443007368735
2019-04-12,5015.529,5041.064,4973.025,4993.349,41091573.248,-0.00499,-0.00499,1.346591319275737
2019-04-15,5036.083,5055.22,4939.675,4940.217,63277518.592,-0.010641000000000001,-0.010641000000000001,1.3322628415395006
2019-04-16,4911.096,5011.659,4857.992,5011.659,66928826.624,0.014461,0.014461,1.3515291049294011
2019-04-17,4999.908,5052.152,4978.917,5032.023,55831307.264,0.004063,0.004063,1.3570208071167973
2019-04-18,5030.405,5030.405,4966.033,4968.623,37754187.008,-0.012599,-0.012599,1.339923286065879
2019-04-19,4966.777,4993.73,4921.751,4993.678,36983256.064,0.005043,0.005043,1.3466800430048498
2019-04-22,4993.161,4998.781,4882.844,4891.721,54861860.096,-0.020417,-0.020417,1.319184586320489
2019-04-23,4884.249,4902.523,4840.284,4854.264,42887485.952,-0.007657000000000001,-0.007657000000000001,1.3090832953740499
2019-04-24,4863.502,4897.669,4821.583,4897.192,38022144.512,0.008843,0.008843,1.3206599891228483
2019-04-25,4868.987,4884.034,4766.071,4769.561,40859575.552,-0.026062,-0.026062,1.28624084544383
2019-04-26,4758.3,4772.747,4697.391,4705.722,44050045.184,-0.013385000000000001,-0.013385000000000001,1.2690249361950987
2019-04-29,4712.643,4749.963,4667.112,4672.429,43778319.36,-0.0070750000000000006,-0.0070750000000000006,1.2600465802274612
2019-04-30,4663.087,4737.841,4662.985,4735.737,39960168.96,0.013549,0.013549,1.2771192909954665
2019-05-06,4614.685,4614.685,4430.362,4475.765,63279962.112,-0.054896,-0.054896,1.2070108250230798
2019-05-07,4494.456,4544.753,4474.833,4534.706,43482728.96,0.013169,0.013169,1.2229058563836817
2019-05-08,4443.596,4531.8,4429.824,4471.703,32954778.112,-0.013892999999999999,-0.013892999999999999,1.2059153970970728
2019-05-09,4437.035,4465.236,4389.498,4400.122,32262148.096,-0.016008,-0.016008,1.1866116486058145
2019-05-10,4436.418,4521.107,4365.264,4521.107,38575199.744,0.027496,0.027496,1.2192385190213562
2019-05-13,4469.44,4495.956,4450.949,4480.791,26756846.848,-0.008917000000000001,-0.008917000000000001,1.2083662215656965
2019-05-14,4438.044,4488.57,4429.616,4455.791,29279023.104,-0.005579,-0.005579,1.2016242968610757
2019-05-15,4482.115,4547.248,4482.115,4535.731,33292432.384,0.017941,0.017941,1.223182275296571
2019-05-16,4535.15,4558.314,4527.406,4556.426,29733106.944,0.004563,0.004563,1.2287632405670563
2019-05-17,4557.162,4557.887,4426.234,4441.824,29888956.928,-0.025152,-0.025152,1.1978577183670982
2019-05-20,4430.023,4438.732,4361.704,4406.027,29762611.2,-0.008059,-0.008059,1.1882040912210459
2019-05-21,4405.816,4499.208,4403.526,4490.169,27805420.544,0.019097,0.019097,1.2108952523608938
2019-05-22,4479.739,4491.007,4446.439,4460.095,27642242.304,-0.006697999999999999,-0.006697999999999999,1.2027849866182234
2019-05-23,4443.023,4443.168,4384.312,4403.775,27732704.512,-0.012627999999999999,-0.012627999999999999,1.1875967786436534
2019-05-24,4390.244,4425.428,4373.211,4399.022,24861610.752,-0.0010789999999999999,-0.0010789999999999999,1.186315003918811
2019-05-27,4394.717,4460.955,4357.769,4449.315,31000493.056,0.011433,0.011433,1.1998778686855907
2019-05-28,4448.402,4507.544,4439.331,4489.733,37427305.984,0.009084,0.009084,1.2107776731940454
2019-05-29,4464.315,4498.704,4455.84,4477.011,26351233.792,-0.0028339999999999997,-0.0028339999999999997,1.207346842550358
2019-05-30,4460.942,4468.944,4421.62,4468.904,27139827.2,-0.0018110000000000001,-0.0018110000000000001,1.2051605712071436
2019-05-31,4466.211,4488.703,4448.628,4469.512,25593990.912,0.000136,0.000136,1.2053245348159598
2019-06-03,4472.899,4490.969,4414.839,4425.707,29018204.416,-0.009800999999999999,-0.009800999999999999,1.1935113343485235
2019-06-04,4415.924,4418.604,4357.532,4377.469,24686113.024,-0.010899,-0.010899,1.1805026557924634
2019-06-05,4398.755,4408.324,4355.642,4358.389,26206071.808,-0.004359,-0.004359,1.175357218857897
2019-06-06,4351.734,4351.734,4297.51,4303.801,22093493.248,-0.012525,-0.012525,1.1606360914268634
2019-06-10,4316.063,4364.159,4310.281,4341.986,27754893.056,0.008872,0.008872,1.1709337072207011
2019-06-11,4353.691,4461.085,4351.67,4460.801,41002422.016,0.027364000000000003,0.027364000000000003,1.202975378571882
2019-06-12,4445.291,4447.111,4409.371,4416.996,25862181.888,-0.00982,-0.00982,1.1911621781044452
2019-06-13,4404.521,4409.638,4363.929,4402.203,22488982.528,-0.0033489999999999995,-0.0033489999999999995,1.1871728464182272
2019-06-14,4404.167,4411.485,4343.182,4357.244,23741712.896,-0.010213000000000002,-0.010213000000000002,1.175048438706425
2019-06-17,4351.774,4374.763,4333.215,4355.131,20110781.696,-0.000485,-0.000485,1.1744786112303909
2019-06-18,4355.131,4369.402,4331.467,4350.505,21374428.416,-0.001062,-0.001062,1.1732310854830477
2019-06-19,4416.979,4432.031,4371.985,4373.749,34721236.992,0.005343,0.005343,1.179499457396416
2019-06-20,4374.459,4464.284,4363.922,4446.137,47629032.96,0.016551,0.016551,1.1990208352171394
2019-06-21,4441.421,4469.027,4434.019,4449.95,40316293.632,0.000858,0.000858,1.2000491135730882
2019-06-24,4449.728,4468.017,4443.112,4465.885,29274007.296,0.0035809999999999995,0.0035809999999999995,1.2043464163798134
2019-06-25,4459.209,4460.175,4377.659,4413.815,38662371.072,-0.011659,-0.011659,1.1903043356050291
2019-06-26,4401.353,4432.114,4390.033,4416.457,24240019.2,0.000599,0.000599,1.1910168222078137
2019-06-27,4422.712,4458.601,4421.331,4438.916,32824380.928,0.005084999999999999,0.005084999999999999,1.197073497685457
2019-06-28,4425.823,4425.823,4388.58,4406.907,23769754.624,-0.0072109999999999995,-0.0072109999999999995,1.1884414069706486
2019-07-01,4465.374,4488.853,4449.973,4486.765,43618951.68,0.018121,0.018121,1.2099772718931128
2019-07-02,4485.148,4512.13,4472.286,4511.872,37353493.248,0.005596,0.005596,1.2167480520354694
2019-07-03,4501.777,4513.35,4484.386,4501.219,36334313.472,-0.0023610000000000003,-0.0023610000000000003,1.2138751830803363
2019-07-04,4506.987,4529.862,4473.735,4491.013,33700993.536,-0.002267,-0.002267,1.2111228597389219
2019-07-05,4488.544,4515.065,4470.544,4508.121,27230853.632,0.0038090000000000003,0.0038090000000000003,1.215736493652788
2019-07-08,4492.086,4492.658,4368.552,4391.985,35362886.144,-0.025762,-0.025762,1.1844172869529543
2019-07-09,4389.19,4412.524,4384.185,4404.033,25820165.632,0.0027429999999999998,0.0027429999999999998,1.1876663553066054
2019-07-10,4416.615,4420.072,4353.682,4367.015,23722949.888,-0.008405000000000001,-0.008405000000000001,1.1776834525579793
2019-07-11,4384.343,4406.473,4348.931,4360.974,25293066.496,-0.0013830000000000001,-0.0013830000000000001,1.1760543338723548
2019-07-12,4356.916,4383.855,4341.922,4374.953,24695542.784,0.003205,0.003205,1.1798241484901906
2019-07-15,4369.319,4412.215,4309.94,4400.413,29513291.776,0.0058189999999999995,0.0058189999999999995,1.1866901246093762
2019-07-16,4397.385,4405.406,4387.189,4399.202,23354860.8,-0.000275,-0.000275,1.1863635457766843
2019-07-17,4391.748,4407.728,4378.615,4394.823,21594828.8,-0.000995,-0.000995,1.1851826302454231
2019-07-18,4376.462,4376.462,4330.648,4330.775,21221570.304,-0.014574,-0.014574,1.1679103585061608
2019-07-19,4338.364,4379.019,4338.364,4356.663,27365760.768,0.005978,0.005978,1.1748917563762897
2019-07-22,4357.674,4357.674,4288.675,4303.891,25322009.088,-0.012113,-0.012113,1.1606603623557998
2019-07-23,4307.056,4325.156,4296.005,4324.948,24091568.64,0.004893,0.004893,1.166338950696008
2019-07-24,4333.878,4370.064,4332.985,4348.961,27052920.576,0.0055520000000000005,0.0055520000000000005,1.1728147042132904
2019-07-25,4351.375,4362.65,4336.463,4361.796,26514013.44,0.0029509999999999996,0.0029509999999999996,1.1762760083566426
2019-07-26,4355.555,4378.966,4348.766,4372.99,24090977.792,0.002566,0.002566,1.1792947725623835
2019-07-29,4375.984,4377.367,4354.777,4368.119,24299885.056,-0.001114,-0.001114,1.1779811759529353
2019-07-30,4374.296,4408.935,4374.29,4393.858,27036402.944,0.005892,0.005892,1.1849223919518248
2019-07-31,4384.665,4384.967,4348.602,4350.954,27813312.512,-0.009764,-0.009764,1.1733521704507426
2019-08-01,4339.586,4349.731,4306.506,4320.212,26096779.264,-0.007066,-0.007066,1.1650617604799647
2019-08-02,4250.705,4256.994,4227.161,4253.139,31026890.752,-0.015525,-0.015525,1.1469737158514435
2019-08-05,4240.382,4244.512,4184.158,4184.158,30038084.608,-0.016218999999999997,-0.016218999999999997,1.1283711275294657
2019-08-06,4122.426,4122.426,4047.944,4109.813,38368275.712,-0.017768,-0.017768,1.1083219918428644
2019-08-07,4126.958,4133.402,4098.547,4099.143,27307866.88,-0.002596,-0.002596,1.1054445383789322
2019-08-08,4113.653,4134.349,4113.59,4129.196,24161320.192,0.007331,0.007331,1.113549140904851
2019-08-09,4139.96,4147.396,4085.619,4091.685,24710652.16,-0.009084,-0.009084,1.1034332874010497
2019-08-12,4094.751,4151.973,4092.15,4151.973,23824810.24,0.014734,0.014734,1.1196915736647368
2019-08-13,4123.535,4129.765,4107.344,4117.793,20555878.4,-0.008232,-0.008232,1.1104740142085792
2019-08-14,4159.24,4169.926,4134.498,4138.504,25491971.328,0.00503,0.00503,1.1160592943108754
2019-08-15,4074.895,4150.538,4063.998,4146.776,23650522.624,0.001999,0.001999,1.1182900623571401
2019-08-16,4145.223,4172.368,4137.168,4151.948,23462237.696,0.001247,0.001247,1.1196848317400323
2019-08-19,4184.1,4232.761,4171.394,4232.761,38799996.672,0.019464,0.019464,1.141478238186213
2019-08-20,4232.881,4240.54,4215.467,4230.376,26969255.936,-0.0005639999999999999,-0.0005639999999999999,1.1408350585693923
2019-08-21,4222.97,4236.406,4216.46,4222.684,23929259.264,-0.001818,-0.001818,1.1387607031762745
2019-08-22,4228.653,4230.448,4197.836,4220.395,22701703.68,-0.000542,-0.000542,1.1381434125503194
2019-08-23,4218.883,4234.494,4211.21,4229.048,28875240.704,0.0020499999999999997,0.0020499999999999997,1.1404769275290827
2019-08-26,4161.603,4192.403,4154.573,4181.744,31245477.632,-0.011185,-0.011185,1.1277201272799873
2019-08-27,4197.313,4261.031,4197.313,4236.442,40264870.656,0.013080000000000001,0.013080000000000001,1.1424709191797213
2019-08-28,4241.418,4263.32,4224.616,4240.369,32948612.864,0.0009270000000000001,0.0009270000000000001,1.143529940712323
2019-08-29,4246.091,4247.142,4204.393,4219.564,30705302.784,-0.004906,-0.004906,1.1379193109731378
2019-08-30,4239.979,4249.557,4184.391,4196.773,33606728.192,-0.005401,-0.005401,1.1317731027354172
2019-09-02,4199.884,4265.384,4195.266,4257.869,35960063.232,0.014558,0.014558,1.1482492880055577
2019-09-03,4261.377,4265.145,4239.508,4265.145,30142318.08,0.001709,0.001709,1.1502114577715907
2019-09-04,4262.752,4319.398,4257.746,4319.398,39030183.424,0.01272,0.01272,1.1648422434115822
2019-09-05,4337.3,4391.744,4337.3,4343.921,48854093.824,0.005677,0.005677,1.1714555321928388
2019-09-06,4358.332,4373.762,4351.698,4373.762,32975040.0,0.00687,0.00687,1.1795029631972622
2019-09-09,4412.512,4416.928,4375.179,4401.274,38509494.528,0.0062900000000000005,0.0062900000000000005,1.1869223164962035
2019-09-10,4400.614,4400.614,4364.433,4381.248,30456914.432,-0.00455,-0.00455,1.1815217651308139
2019-09-11,4389.906,4389.906,4358.581,4365.517,31596319.232,-0.0035909999999999996,-0.0035909999999999996,1.1772794764296783
2019-09-12,4378.288,4399.376,4365.41,4393.291,30658679.552,0.006362,0.006362,1.1847694850995238
2019-09-16,4409.716,4409.974,4379.549,4393.729,30979091.712,0.0001,0.0001,1.1848876036203488
2019-09-17,4385.833,4386.258,4310.393,4320.941,27909746.944,-0.016566,-0.016566,1.1652583550043514
2019-09-18,4329.287,4356.071,4326.569,4346.586,25004844.8,0.005935,0.005935,1.1721742213663513
2019-09-19,4355.694,4355.694,4326.615,4355.527,23082239.488,0.002057,0.002057,1.1745854033177119
2019-09-20,4362.033,4373.051,4352.948,4367.623,29974362.88,0.002777,0.002777,1.1778474161667956
2019-09-23,4351.527,4351.527,4283.577,4309.999,26832695.808,-0.013193,-0.013193,1.1623075493996329
2019-09-24,4309.196,4337.895,4292.703,4312.85,23719525.12,0.0006619999999999999,0.0006619999999999999,1.163076398492948
2019-09-25,4299.297,4299.301,4255.677,4255.694,23875231.232,-0.013253,-0.013253,1.1476627405562558
2019-09-26,4264.52,4272.182,4225.505,4227.694,32929802.496,-0.006579000000000001,-0.006579000000000001,1.1401117848870805
2019-09-27,4233.031,4233.81,4212.135,4216.999,25183224.32,-0.00253,-0.00253,1.1372275894984436
2019-09-30,4213.068,4231.344,4193.307,4193.894,20918039.552,-0.005479,-0.005479,1.1309967026864332
2019-10-08,4202.125,4240.968,4199.046,4225.816,31172886.528,0.007612,0.007612,1.1396053315032693
2019-10-09,4214.538,4262.855,4205.709,4262.855,32587429.632,0.008765,0.008765,1.149593897468647
2019-10-10,4264.056,4287.317,4257.55,4287.317,25396426.496,0.005738,0.005738,1.1561907359536245
2019-10-11,4299.549,4324.004,4280.85,4312.579,33300623.36,0.005892,0.005892,1.1630033160291497
2019-10-14,4335.956,4382.149,4335.956,4360.775,41710455.296,0.011175999999999998,0.011175999999999998,1.176000668151706
2019-10-15,4356.716,4356.716,4319.798,4330.187,28097686.528,-0.007014,-0.007014,1.1677517884371083
2019-10-16,4336.139,4360.693,4308.042,4312.49,29552778.496,-0.004087,-0.004087,1.1629793147772012
2019-10-17,4315.809,4318.445,4289.513,4298.544,20918304.256,-0.0032340000000000003,-0.0032340000000000003,1.1592183994999756
2019-10-18,4306.84,4312.127,4230.68,4241.191,25942268.416,-0.013342,-0.013342,1.143751615196611
2019-10-21,4236.704,4262.021,4220.282,4257.18,26509740.544,0.00377,0.00377,1.1480634805606984
2019-10-22,4269.278,4276.972,4249.384,4276.563,22515202.816,0.004553,0.004553,1.153290629622685
2019-10-23,4276.701,4289.054,4246.768,4258.827,21896567.552,-0.0041470000000000005,-0.0041470000000000005,1.1485076385602389
2019-10-24,4256.736,4275.667,4244.671,4265.679,23739929.088,0.001609,0.001609,1.1503554652832813
2019-10-25,4271.523,4290.093,4244.646,4289.398,24085104.128,0.005560000000000001,0.005560000000000001,1.1567519337660372
2019-10-28,4279.045,4311.687,4279.045,4311.234,27093277.696,0.005091,0.005091,1.1626406004800414
2019-10-29,4312.508,4312.645,4281.79,4282.057,25673532.672,-0.006768,-0.006768,1.1547722349957723
2019-10-30,4264.893,4265.989,4234.241,4246.294,28729903.104,-0.008352,-0.008352,1.1451277768673183
2019-10-31,4250.331,4253.468,4213.304,4220.221,34425137.152,-0.00614,-0.00614,1.138096488754375
2019-11-01,4217.894,4273.983,4204.671,4273.983,40145059.584,0.01273914,0.01273914,1.1525948629931682
2019-11-04,4279.564,4291.864,4273.277,4283.271,36408578.304,0.00217315,0.00217315,1.1550996228594286
2019-11-05,4286.176,4323.366,4269.723,4301.949,41772496.384,0.0043606899999999995,0.0043606899999999995,1.160136649644745
2019-11-06,4303.975,4304.138,4256.649,4270.668,32831511.552,-0.00727136,-0.00727136,1.1517008837773353
2019-11-07,4272.67,4300.51,4268.657,4283.193,25283683.584,0.0029327999999999997,0.0029327999999999997,1.1550785880543504
2019-11-08,4304.515,4313.289,4274.479,4274.701,30397313.28,-0.00198263,-0.00198263,1.1527884910706847
2019-11-11,4252.387,4252.387,4191.579,4197.006,30602758.656,-0.01817554,-0.01817554,1.1318359374736644
2019-11-12,4200.002,4211.533,4178.073,4208.515,22505922.048,0.00274219,0.00274219,1.1349396499306836
2019-11-13,4210.96,4211.085,4174.224,4188.021,22583337.984,-0.00486965,-0.00486965,1.1294128897348235
2019-11-14,4194.193,4200.321,4178.273,4189.982,23491724.544,0.00046824,0.00046824,1.129941726308654
2019-11-15,4194.295,4194.295,4146.258,4146.258,23939601.664,-0.01043537,-0.01043537,1.1181503696772606
2019-11-18,4142.02,4190.11,4137.88,4188.182,26479429.12,0.01011129,0.01011129,1.1294563077299213
2019-11-19,4187.373,4232.829,4184.218,4232.608,27009973.248,0.01060747,0.01060747,1.1414369776070208
2019-11-20,4229.568,4231.856,4195.237,4198.801,25662821.376,-0.00798727,-0.00798727,1.1323200076674562
2019-11-21,4189.113,4203.303,4173.453,4195.594,20905758.72,-0.00076379,-0.00076379,1.1314551535663473
2019-11-22,4202.23,4228.182,4164.975,4180.086,26991385.6,-0.0036962600000000003,-0.0036962600000000003,1.1272730028335771
2019-11-25,4182.586,4235.134,4182.586,4235.134,33422781.696,0.01316911,0.01316911,1.1421181816791754
2019-11-26,4240.249,4240.278,4206.135,4226.166,32381482.24,-0.00211752,-0.00211752,1.139699718449134
2019-11-27,4218.558,4226.271,4197.833,4204.76,22392644.608,-0.00506511,-0.00506511,1.1339270128400496
2019-11-28,4203.296,4212.172,4183.116,4191.528,18513082.368,-0.00314691,-0.00314691,1.1303586469323879
2019-11-29,4193.257,4201.369,4165.408,4183.414,21736329.728,-0.00193581,-0.00193581,1.128170487850256
2019-12-02,4188.685,4212.848,4188.685,4197.952,24088915.968,0.00347515,0.00347515,1.1320910519044873
2019-12-03,4189.162,4214.648,4178.29,4214.648,21896763.648,0.00397718,0.00397718,1.1365935788992212
2019-12-04,4203.178,4209.828,4181.772,4193.253,20514667.776,-0.00507634,-0.00507634,1.1308238397370065
2019-12-05,4202.838,4214.434,4196.002,4212.48,21794232.064,0.00458522,0.00458522,1.1360089191888363
2019-12-06,4218.609,4220.976,4200.173,4219.051,21097449.216,0.00155989,0.00155989,1.137780966678199
2019-12-09,4224.82,4237.471,4215.397,4237.099,28484629.76,0.0042777399999999995,0.0042777399999999995,1.1426480969609587
2019-12-10,4229.56,4235.556,4220.453,4234.707,22889041.92,-0.00056454,-0.00056454,1.1420030296052208
2019-12-11,4240.804,4262.5,4238.684,4261.168,28524390.4,0.0062486,0.0062486,1.1491389523895794
2019-12-12,4264.365,4273.724,4256.129,4266.672,24976537.856,0.00129166,0.00129166,1.1506232545325485
2019-12-13,4290.301,4309.106,4283.799,4306.338,41675275.008,0.00929671,0.00929671,1.1613202619458882
2019-12-16,4316.664,4338.628,4303.877,4338.628,33819827.712,0.00749825,0.00749825,1.1700281318943764
2019-12-17,4343.269,4396.283,4324.919,4372.293,42028788.224,0.00775937,0.00775937,1.1791068077016187
2019-12-18,4372.176,4386.629,4355.79,4363.925,32081651.712,-0.00191387,-0.00191387,1.1768501506644882
2019-12-19,4360.7,4372.759,4355.287,4369.594,25445717.76,0.0012990599999999999,0.0012990599999999999,1.178378949510508
2019-12-20,4374.431,4377.964,4344.931,4349.854,25142110.72,-0.00451758,-0.00451758,1.1730555257637394
2019-12-23,4342.177,4353.854,4292.34,4295.549,27959960.576,-0.012484329999999998,-0.012484329999999998,1.1584107169203621
2019-12-24,4297.869,4319.727,4287.81,4319.645,20116494.848,0.005609530000000001,0.005609530000000001,1.164908853627664
2019-12-25,4317.562,4323.934,4298.2,4313.728,19207001.344,-0.0013697899999999999,-0.0013697899999999999,1.163313174888574
2019-12-26,4317.856,4362.726,4316.906,4362.726,23067432.96,0.01135862,0.01135862,1.1765268079556543
2019-12-27,4361.384,4390.297,4351.989,4354.552,28408783.104,-0.0018736,-0.0018736,1.1743224682542317
2019-12-30,4352.276,4412.595,4344.143,4412.57,35663943.424,0.013323529999999998,0.013323529999999998,1.189968587754739
2019-12-31,4408.342,4442.073,4396.544,4440.591,29118053.888,0.00635027,0.00635027,1.1975252066406665
2020-01-02,4473.168,4517.238,4473.168,4503.087,48123435.52,0.014073800000000001,0.014073800000000001,1.2143789396942657
2020-01-03,4509.482,4511.377,4481.203,4501.637,34207825.408,-0.000322,-0.000322,1.2139879080613976
2020-01-06,4483.592,4528.475,4464.781,4485.778,44159347.456,-0.00352294,-0.00352294,1.2097111007057744
2020-01-07,4491.889,4522.303,4489.674,4522.221,31822366.976,0.00812412,0.00812412,1.219538939186194
2020-01-08,4506.288,4512.537,4457.299,4469.477,34107079.936,-0.011663300000000001,-0.011663300000000001,1.2053150961213734
2020-01-09,4505.291,4525.893,4496.519,4525.872,33178996.736,0.01261781,0.01261781,1.220523529870057
2020-01-10,4534.615,4537.63,4488.598,4508.797,27331021.056,-0.00377275,-0.00377275,1.215918795296801
2020-01-13,4508.107,4540.443,4489.721,4540.443,31878747.392,0.007018720000000001,0.007018720000000001,1.2244529932648982
2020-01-14,4544.025,4568.384,4542.867,4545.163,28467863.808,0.00103955,0.00103955,1.2257258686491304
2020-01-15,4545.843,4545.843,4504.827,4521.727,25323749.632,-0.00515625,-0.00515625,1.2194057187540308
2020-01-16,4537.179,4538.145,4493.63,4498.103,26833110.784,-0.00522455,-0.00522455,1.2130348695851523
2020-01-17,4519.276,4523.495,4491.366,4499.995,24659874.304,0.00042062,0.00042062,1.213545098446798
2020-01-20,4501.148,4506.532,4477.637,4505.394,29292843.008,0.0011997800000000001,0.0011997800000000001,1.215001084506008
2020-01-21,4493.96,4493.96,4421.053,4422.562,32135242.496,-0.01838507,-0.01838507,1.192663200220682
2020-01-22,4406.45,4448.172,4355.184,4438.048,31811599.872,0.00350159,0.00350159,1.1968394180597122
2020-01-23,4409.172,4416.057,4290.87,4318.038,40089578.24,-0.02704117,-0.02704117,1.1644754827076507
2020-02-03,3901.66,3957.218,3901.66,3933.385,54659910.144,-0.08908049999999999,-0.08908049999999999,1.060743420171391
2020-02-04,3841.428,4016.703,3841.428,4015.71,45432308.48,0.02092981,0.02092981,1.0829445782237073
2020-02-05,4023.78,4107.38,4007.997,4062.176,36785907.2,0.011571050000000001,0.011571050000000001,1.0954753891567035
2020-02-06,4065.585,4120.571,4032.773,4113.113,36231680.256,0.012539340000000001,0.012539340000000001,1.1092119259038744
2020-02-07,4099.291,4127.139,4068.915,4127.115,30909363.2,0.00340423,0.00340423,1.1129879430924383
2020-02-10,4109.839,4190.438,4094.55,4189.888,34611097.344,0.0152099,0.0152099,1.1299163766717646
2020-02-11,4192.397,4225.858,4176.921,4204.231,33780456.192,0.00342324,0.00342324,1.1337843537132997
2020-02-12,4194.083,4231.599,4185.907,4231.003,26595211.008,0.00636787,0.00636787,1.1410041460409839
2020-02-13,4231.068,4250.33,4203.178,4205.112,31364488.448,-0.00611935,-0.00611935,1.1340219391398907
2020-02-14,4197.11,4236.913,4196.571,4236.913,29698290.944,0.00756246,0.00756246,1.1425979370411563
2020-02-17,4238.194,4324.819,4238.194,4324.798,38737345.536,0.0207427,0.0207427,1.1662984991477803
2020-02-18,4324.394,4342.285,4293.813,4333.747,34490673.152,0.00206923,0.00206923,1.1687118385150463
2020-02-19,4326.808,4349.604,4312.846,4316.454,30366390.528,-0.00399031,-0.00399031,1.164048314358366
2020-02-20,4325.384,4381.253,4308.801,4377.59,38648668.416,0.014163479999999999,0.014163479999999999,1.1805352867080339
2020-02-21,4379.506,4413.506,4374.007,4394.183,39077378.304,0.00379044,0.00379044,1.1850100369729848
2020-02-24,4379.536,4384.946,4330.287,4363.599,42931538.432,-0.00696011,-0.00696011,1.1767622359663399
2020-02-25,4292.073,4324.573,4223.831,4320.083,44651510.528,-0.0099725,-0.0099725,1.1650269721484887
2020-02-26,4271.685,4374.216,4264.544,4318.041,51689476.608,-0.00047267999999999995,-0.00047267999999999995,1.1644762917386153
2020-02-27,4330.112,4348.722,4307.538,4323.534,39297267.456,0.0012721,0.0012721,1.1659576274347145
2020-02-28,4233.489,4270.546,4174.139,4189.414,49918014.976,-0.031020919999999997,-0.031020919999999997,1.129788549779365
2020-03-02,4214.998,4364.438,4214.998,4354.648,54210374.4,0.039440840000000005,0.039440840000000005,1.1743483572450975
2020-03-03,4405.545,4419.755,4327.318,4353.843,51140094.208,-0.00018486,-0.00018486,1.1741312672696087
2020-03-04,4331.829,4410.622,4324.781,4409.942,42922319.616,0.012884940000000001,0.012884940000000001,1.1892598766297895
2020-03-05,4436.918,4470.039,4420.064,4464.608,54550736.128,0.01239608,0.01239608,1.2040020388659014
2020-03-06,4419.02,4425.714,4396.138,4411.636,36744488.192,-0.011864870000000001,-0.011864870000000001,1.1897167094477747
2020-03-09,4354.645,4354.645,4274.3639,4274.9411,46778550.501,-0.03098526,-0.03098526,1.1528532405155478
2020-03-10,4234.6985,4351.3552,4223.0634,4351.1167,41741072.183,0.0178191,0.0178191,1.1733960468967202
2020-03-11,4360.6663,4375.4055,4313.0862,4313.0862,32282288.218,-0.0087404,-0.0087404,1.163140096197557
2020-03-12,4261.9288,4279.5486,4212.2083,4235.8481,33392127.299,-0.01790785,-0.01790785,1.1423107580164384
2020-03-13,4059.8965,4197.1802,4047.0418,4169.3959,42401787.237,-0.01568805,-0.01568805,1.1243901288621825
2020-03-16,4191.9762,4191.9971,4030.1225,4040.0484,40654450.995,-0.031023079999999998,-0.031023079999999998,1.089508084632945
2020-03-17,4042.7494,4091.6695,3940.9537,4025.3744,37157899.307,-0.00363213,-0.00363213,1.0855508445083208
2020-03-18,4052.5762,4082.879,3966.9283,3967.0998,38934686.743,-0.01447681,-0.01447681,1.0698355258926449
2020-03-19,3961.2971,3984.6773,3860.7182,3927.0576,44968919.114,-0.010093570000000001,-0.010093570000000001,1.0590370659963504
2020-03-20,3965.1936,3989.9745,3922.6935,3981.6434,34715275.058,0.01389992,0.01389992,1.0737576001380098
2020-03-23,3892.0727,3922.9286,3860.4473,3866.5652,30643744.529,-0.02890219,-0.02890219,1.0427236577562782
2020-03-24,3925.4249,3964.7357,3888.1884,3962.0932,32761288.564,0.02470617,0.02470617,1.0684853610835987
2020-03-25,4030.0175,4052.2855,3996.6573,4044.2634,37297833.29,0.02073909,0.02073909,1.090644773138144
2020-03-26,4019.7384,4031.0839,4000.5771,4004.6053,26334988.894,-0.009806009999999999,-0.009806009999999999,1.0799498961730112
2020-03-27,4041.5969,4072.6308,4025.2461,4033.9435,30695524.462,0.00732612,0.00732612,1.0878617335877754
2020-03-30,3991.4671,3999.9455,3953.857,3982.0273,30026876.236,-0.012869839999999999,-0.012869839999999999,1.073861129133774
2020-03-31,4010.1559,4014.2408,3964.2756,3975.1352,25231221.314,-0.0017308000000000002,-0.0017308000000000002,1.0720024883635053
2020-04-01,3970.8065,4005.0791,3947.4815,3950.9549,24711961.713,-0.00608289,-0.00608289,1.0654816178860997
2020-04-02,3931.6508,4005.2169,3923.0133,4005.2169,22371528.183,0.0137339,0.0137339,1.080114830618985
2020-04-03,3997.6674,4011.389,3969.3075,3984.0784,19729892.389,-0.0052777399999999995,-0.0052777399999999995,1.07441426360424
2020-04-07,4033.8167,4062.9116,4027.2745,4057.7078,31861878.951,0.01848091,0.01848091,1.0942704184380962
2020-04-08,4040.3734,4061.8541,4021.1224,4054.2861,21989715.351,-0.00084326,-0.00084326,1.0933476646876241
2020-04-09,4064.9856,4073.4426,4056.6393,4065.4533,19184585.195,0.00275442,0.00275442,1.0963592015500818
2020-04-10,4070.1353,4079.3845,4012.4887,4023.0803,24472982.475,-0.0104227,-0.0104227,1.084932178529726
2020-04-13,4010.3984,4025.5759,3989.0611,4012.5881,19673601.579,-0.0026079999999999996,-0.0026079999999999996,1.082102673634293
2020-04-14,4026.1235,4063.9074,4026.1235,4063.7087,24169350.591,0.01274006,0.01274006,1.0958887230764944
2020-04-15,4066.8946,4068.2203,4035.666,4041.3918,21395432.833,-0.00549176,-0.00549176,1.0898703686988724
2020-04-16,4020.0695,4035.7179,4010.0274,4029.002,18704827.181,-0.00306573,-0.00306573,1.0865291247506599
2020-04-17,4044.6615,4062.2185,4037.0416,4040.9176,28323769.529,0.0029574600000000003,0.0029574600000000003,1.0897424878710753
2020-04-20,4051.435,4064.7661,4033.8885,4064.3126,24880866.552,0.00578953,0.00578953,1.0960515810096594
2020-04-21,4047.6074,4049.5223,4009.6763,4039.7047,23591416.406,-0.00605463,-0.00605463,1.0894153966521056
2020-04-22,4019.4955,4056.6477,4008.1346,4056.4417,19533137.435,0.00414312,0.00414312,1.0939289804033552
2020-04-23,4065.5984,4068.2881,4041.3545,4043.8565,22045247.417,-0.0031025199999999997,-0.0031025199999999997,1.0905350415716515
2020-04-24,4049.4049,4052.9893,4010.2016,4019.4197,19300265.667,-0.00604294,-0.00604294,1.0839449989467764
2020-04-27,4025.494,4064.3357,4025.3927,4042.9854,24340245.947,0.00586296,0.00586296,1.0903001259472438
2020-04-28,4047.0036,4047.0036,3937.5424,4018.5063,25038080.223,-0.00605471,-0.00605471,1.0836986759857685
2020-04-29,4008.527,4053.9494,4007.5929,4053.9494,28664494.191,0.00881997,0.00881997,1.0932568644457021
2020-04-30,4050.1968,4093.3795,4049.5454,4090.1243,30059742.961,0.00892337,0.00892337,1.1030124025255896
2020-05-06,4052.7593,4096.8225,4044.7247,4094.1991,34615742.344,0.00099625,0.00099625,1.1041112823170451
2020-05-07,4088.7349,4104.6998,4075.2843,4100.4833,26420187.185,0.0015348999999999998,0.0015348999999999998,1.1058059864461962
2020-05-08,4111.0897,4139.9772,4106.5118,4132.8085,29163800.922,0.00788327,0.00788327,1.1145233490246687
2020-05-11,4138.0768,4155.1399,4121.3859,4134.9394,28966592.243,0.00051561,0.00051561,1.1150980037187916
2020-05-12,4138.7651,4139.1485,4097.1282,4121.5079,24292431.187,-0.0032482899999999996,-0.0032482899999999996,1.111475837251987
2020-05-13,4106.357,4127.7901,4085.8718,4125.9122,21030984.232,0.00106861,0.00106861,1.1126635756110494
2020-05-14,4112.912,4112.912,4079.628,4082.3725,23001804.47,-0.01055275,-0.01055275,1.1009219204485785
2020-05-15,4096.9355,4103.6361,4064.9748,4067.6979,21488246.927,-0.0035946299999999997,-0.0035946299999999997,1.0969645185177614
2020-05-18,4069.1821,4087.1371,4048.3396,4064.5841,27114964.702,-0.0007654900000000001,-0.0007654900000000001,1.0961247983119515
2020-05-19,4094.2452,4101.0736,4076.0697,4089.5434,23592543.727,0.006140679999999999,0.006140679999999999,1.102855747163153
2020-05-20,4085.4107,4085.4107,4050.5168,4057.0651,22257681.402,-0.007941789999999999,-0.007941789999999999,1.0940970970377897
2020-05-21,4069.7435,4072.9889,4031.6177,4034.8766,19452244.87,-0.0054691,-0.0054691,1.0881133691854505
2020-05-22,4029.5713,4029.7952,3961.1357,3965.2171,23050356.55,-0.01726434,-0.01726434,1.0693278050269894
2020-05-25,3972.9055,3991.7449,3956.487,3985.3853,19969155.288,0.0050862799999999994,0.0050862799999999994,1.0747667044600986
2020-05-26,3992.0863,4018.5439,3992.0863,4016.3524,19008709.218,0.007770160000000001,0.007770160000000001,1.0831178187209172
2020-05-27,4019.1145,4041.5508,4009.2406,4033.7463,21472732.933,0.00433077,0.00433077,1.0878085532857051
2020-05-28,4022.0671,4043.1771,3994.4876,4026.004,25093453.338,-0.00191938,-0.00191938,1.085720633140082
2020-05-29,4014.1737,4019.6264,3999.2757,4002.1808,22455860.288,-0.005917329999999999,-0.005917329999999999,1.079296064315157
2020-06-01,4020.1251,4085.0417,4019.7322,4082.1947,29722231.403,0.01999258,0.01999258,1.1008739718800793
2020-06-02,4078.9311,4095.1674,4068.9515,4091.5298,28368840.666,0.00228678,0.00228678,1.1033914335324835
2020-06-03,4103.9164,4116.3019,4090.3625,4091.7063,29522185.472,4.3140000000000004e-05,4.3140000000000004e-05,1.103439031520898
2020-06-04,4112.4921,4113.1914,4085.6774,4104.4761,22902590.743,0.0031209,0.0031209,1.1068827527246208
2020-06-05,4108.2247,4108.2247,4064.7823,4088.8884,22554323.256,-0.0037977300000000005,-0.0037977300000000005,1.102679108735892
2020-06-08,4099.5846,4105.7559,4088.0215,4092.0723,28019649.798,0.0007786700000000001,0.0007786700000000001,1.1035377332985736
2020-06-09,4098.3186,4107.684,4089.3891,4107.684,25666000.97,0.00381511,0.00381511,1.1077478495350188
2020-06-10,4094.4798,4094.5394,4071.3237,4080.9793,24888334.742,-0.006501160000000001,-0.006501160000000001,1.1005462064686393
2020-06-11,4076.0595,4087.6363,4035.4445,4043.1587,28906822.838,-0.009267530000000001,-0.009267530000000001,1.0903468609692961
2020-06-12,3987.0313,4041.4846,3978.7789,4035.6883,29003598.779,-0.00184766,-0.00184766,1.0883322659967603
2020-06-15,4009.7116,4037.2284,4000.3754,4001.99,28484836.279,-0.00835008,-0.00835008,1.0792446099458113
2020-06-16,4025.5495,4070.1585,4020.7477,4070.1585,24924013.448,0.01703365,0.01703365,1.097628085714889
2020-06-17,4069.8495,4080.5392,4055.8763,4076.7745,25433223.995,0.00162549,0.00162549,1.0994122686687198
2020-06-18,4068.3114,4110.5633,4060.8916,4108.186,31418777.403,0.00770499,0.00770499,1.1078832273830876
2020-06-19,4104.2351,4121.4729,4096.6457,4115.0278,33854069.367,0.00166541,0.00166541,1.1097283034008505
2020-06-22,4110.9031,4115.3821,4080.3274,4083.9572,29445733.358,-0.00755052,-0.00755052,1.101349277571755
2020-06-23,4085.1699,4086.0288,4063.1929,4083.4126,26390199.049,-0.00013335,-0.00013335,1.1012024114839896
2020-06-24,4078.1412,4089.1354,4072.9518,4082.3144,30242251.686,-0.00026894,-0.00026894,1.100906252215565
2020-06-29,4071.2268,4074.0553,4049.5729,4060.7957,31399239.063,-0.0052712,-0.0052712,1.095103154009912
2020-06-30,4067.7002,4093.4987,4067.6053,4089.5372,26731445.24,0.0070777999999999995,0.0070777999999999995,1.1028540751658265
2020-07-01,4096.4671,4163.2222,4087.6332,4162.9478,49531587.346,0.01795083,0.01795083,1.1226512246746676
2020-07-02,4159.7564,4258.1633,4156.6186,4256.9824,64730767.712,0.02258846,0.02258846,1.148010192387833
2020-07-03,4261.997,4298.9479,4261.997,4298.9479,65832435.68,0.00985804,0.00985804,1.1593273220355036
2020-07-06,4341.7737,4529.3245,4341.7737,4526.0218,102260849.69,0.052820809999999996,0.052820809999999996,1.2205639274828872
2020-07-07,4567.5697,4604.0227,4484.9232,4503.7753,94960967.551,-0.00491524,-0.00491524,1.2145645583652331
2020-07-08,4494.2391,4572.7965,4465.2175,4556.2766,74341575.092,0.01165718,0.01165718,1.2287229508250215
2020-07-09,4545.5978,4592.9409,4506.2042,4592.6054,74361940.872,0.00797335,0.00797335,1.2385199921933907
2020-07-10,4550.658,4567.2362,4475.6709,4487.6148,70632455.089,-0.02286079,-0.02286079,1.2102064433976722
2020-07-13,4494.4979,4614.4703,4494.4979,4608.9599,74611631.167,0.02704,0.02704,1.2429304244966592
2020-07-14,4613.8173,4636.6168,4510.1858,4584.5846,67217417.846,-0.0052886800000000005,-0.0052886800000000005,1.2363569670065577
2020-07-15,4598.1034,4608.1962,4473.4115,4498.9915,62545648.816,-0.01866976,-0.01866976,1.2132744775891546
2020-07-16,4496.5379,4528.8426,4353.5389,4355.2638,63666026.811,-0.03194665,-0.03194665,1.1745144243344217
2020-07-17,4362.574,4423.5349,4335.7861,4378.3546,47670881.625,0.0053018100000000006,0.0053018100000000006,1.1807414817331998
2020-07-20,4411.3262,4568.2735,4411.3262,4568.2735,67424867.326,0.04337677,0.04337677,1.231958238684576
2020-07-21,4574.4773,4578.2493,4535.7061,4558.6545,47904252.818,-0.00210561,-0.00210561,1.229364215735226
2020-07-22,4561.9261,4607.6936,4540.8415,4553.9856,48146749.521,-0.00102418,-0.00102418,1.22810512084509
2020-07-23,4515.9697,4543.6973,4421.7178,4499.9809,50479145.54,-0.01185878,-0.01185878,1.2135412960012646
2020-07-24,4479.7618,4496.3337,4315.7161,4331.9042,53508417.621,-0.03735054,-0.03735054,1.1682148777612194
2020-07-27,4348.9303,4362.3215,4284.4787,4320.2699,35720154.621,-0.00268572,-0.00268572,1.1650773747775807
2020-07-28,4342.5905,4379.9643,4333.9015,4361.5218,30507953.992,0.00954845,0.00954845,1.1762020629264824
2020-07-29,4354.9653,4434.8699,4321.0733,4433.8222,39273409.642,0.01657687,0.01657687,1.1956998170430408
2020-07-30,4440.4128,4460.1741,4425.1383,4431.1343,36965376.168,-0.00060623,-0.00060623,1.1949749522664987
2020-07-31,4428.0049,4502.1816,4411.2773,4468.8955,42437651.45,0.00852179,0.00852179,1.2051582789527437
2020-08-03,4494.8383,4555.8482,4492.8057,4555.7665,48345013.872,0.01943903,0.01943903,1.2285853885933482
2020-08-04,4570.2389,4591.0843,4532.6517,4568.5499,58285683.047,0.00280598,0.00280598,1.2320327774041102
2020-08-05,4557.6244,4578.7235,4506.4239,4565.9072,40374242.453,-0.00057845,-0.00057845,1.2313201020274342
2020-08-06,4570.2418,4580.1849,4507.527,4564.0939,43727422.359,-0.00039714,-0.00039714,1.2308310967447587
2020-08-07,4555.8418,4555.8418,4475.6342,4529.1729,40160313.042,-0.00765124,-0.00765124,1.221413706640356
2020-08-10,4526.881,4603.1163,4521.5128,4587.9794,46854213.741,0.012983940000000001,0.012983940000000001,1.2372724664460475
2020-08-11,4601.1905,4634.9879,4537.8682,4541.7668,53990346.09,-0.010072540000000001,-0.010072540000000001,1.2248099916618573
2020-08-12,4530.1566,4536.8203,4440.5237,4513.0017,47792724.03,-0.00633346,-0.00633346,1.2170527061290217
2020-08-13,4529.1494,4549.7687,4518.786,4529.9908,32974421.504,0.00376448,0.00376448,1.2216342754489924
2020-08-14,4526.5803,4568.3963,4499.9892,4563.8757,35795867.726,0.007480130000000001,0.007480130000000001,1.2307722532259366
2020-08-17,4577.1926,4676.3955,4565.3569,4658.8365,66329092.106,0.02080705,0.02080705,1.256380995765559
2020-08-18,4663.4354,4674.2538,4639.0775,4666.2255,41255863.986,0.0015860199999999998,0.0015860199999999998,1.2583736390312565
2020-08-19,4660.3067,4678.7151,4616.4003,4621.7577,41011382.895,-0.00952972,-0.00952972,1.2463816966560513
2020-08-20,4606.5193,4613.2293,4570.5451,4586.651,35466430.825,-0.0075959600000000006,-0.0075959600000000006,1.2369142275349427
2020-08-21,4597.0328,4609.0932,4550.8523,4582.3947,31312284.525,-0.00092798,-0.00092798,1.2357664013701315
2020-08-24,4593.8369,4624.9726,4584.667,4608.7511,36443325.997,0.0057516699999999995,0.0057516699999999995,1.2428741159415264
2020-08-25,4618.8772,4640.774,4591.306,4605.1796,32785202.58,-0.0007749399999999999,-0.0007749399999999999,1.2419109645782243
2020-08-26,4602.8216,4605.1981,4514.7722,4528.4295,34372705.01,-0.01666604,-0.01666604,1.2212132287673396
2020-08-27,4534.9149,4556.5838,4515.3734,4555.3381,32025004.886,0.00594215,0.00594215,1.2284698589716099
2020-08-28,4554.7655,4637.5533,4539.5091,4635.4796,43835195.831,0.017592879999999998,0.017592879999999998,1.2500821773202244
2020-08-31,4651.4108,4669.8542,4609.3172,4610.9184,52775286.952,-0.00529852,-0.00529852,1.2434585868780192
2020-09-01,4605.6455,4619.7309,4576.0323,4619.7309,36856744.711,0.00191122,0.00191122,1.245835115336398
2020-09-02,4629.7138,4633.6062,4577.3672,4615.7821,37228109.854,-0.0008547699999999999,-0.0008547699999999999,1.244770214845454
2020-09-03,4625.8559,4649.9176,4596.1416,4608.6977,38619205.051,-0.00153482,-0.00153482,1.242859715190357
2020-09-04,4552.9325,4600.8499,4538.0276,4595.5079,33354317.767,-0.00286194,-0.00286194,1.2393027296515968
2020-09-07,4592.2399,4632.3859,4534.6889,4542.9461,41787492.145,-0.011437649999999999,-0.011437649999999999,1.2251280217340235
2020-09-08,4548.4941,4575.7562,4518.367,4569.3497,36946118.883,0.005812,0.005812,1.2322484650592604
2020-09-09,4536.9553,4555.4897,4484.0244,4500.0898,35168840.732,-0.015157499999999999,-0.015157499999999999,1.213570663825278
2020-09-10,4532.196,4538.3736,4451.1876,4458.3036,35576857.136,-0.00928564,-0.00928564,1.202301887261589
2020-09-11,4442.3554,4481.3376,4427.3611,4476.8604,27169994.436,0.0041623,0.0041623,1.207306229195937
2020-09-14,4491.0555,4501.941,4467.3582,4496.2244,26572605.082,0.00432535,0.00432535,1.2125282543951483
2020-09-15,4494.8729,4516.9709,4480.0781,4516.8913,26580921.111,0.0045965,0.0045965,1.2181016417422654
2020-09-16,4514.2064,4533.8665,4496.709,4515.3066,27169261.865,-0.00035084,-0.00035084,1.2176742846190889
2020-09-17,4512.6919,4553.5769,4495.7573,4532.6955,31006401.966,0.0038511,0.0038511,1.222363670798936
2020-09-18,4534.6483,4603.7892,4523.5594,4602.2442,48051600.289,0.01534378,0.01534378,1.2411193547471064
2020-09-21,4612.0481,4612.5757,4564.0927,4574.1727,32741765.446,-0.006099520000000001,-0.006099520000000001,1.233549117173276
2020-09-22,4535.767,4562.9954,4498.7464,4508.2597,27496404.345,-0.01440982,-0.01440982,1.215773897851049
2020-09-23,4523.4878,4532.7487,4503.6305,4514.7264,22958309.521,0.0014344100000000001,0.0014344100000000001,1.217517818030544
2020-09-24,4494.3339,4494.8977,4426.3655,4429.3824,27802165.14,-0.01890347,-0.01890347,1.194502505150898
2020-09-25,4437.6412,4448.2539,4386.7263,4403.5915,23644506.002,-0.00582269,-0.00582269,1.1875472929163218
2020-09-28,4413.5057,4426.179,4395.7005,4399.771,22993065.664,-0.00086759,-0.00086759,1.1865169919829615
2020-09-29,4414.2745,4441.5449,4403.6652,4417.6347,23673498.986,0.00406014,0.00406014,1.1913344207967989
2020-09-30,4428.5794,4437.2096,4378.8562,4395.7497,26555597.582,-0.00495401,-0.00495401,1.185432539910374
2020-10-09,4451.6542,4502.1805,4450.4947,4492.4739,30738981.459,0.02200403,0.02200403,1.2115168308509612
2020-10-12,4514.7336,4604.4827,4514.3905,4603.8462,45327690.639,0.02479086,0.02479086,1.2415513772821785
2020-10-13,4599.0203,4617.2137,4584.4893,4612.9617,34103140.132,0.00197997,0.00197997,1.2440096178679774
2020-10-14,4615.6835,4618.4956,4596.7751,4612.2124,32994467.343,-0.00016243,-0.00016243,1.2438075489007305
2020-10-15,4606.3108,4609.6866,4584.4352,4593.67,35801960.083,-0.00402028,-0.00402028,1.2388070903150121
2020-10-16,4590.005,4619.3657,4587.913,4605.4378,40718197.484,0.0025617400000000003,0.0025617400000000003,1.2419805951765734
2020-10-19,4625.3527,4651.6152,4566.4699,4572.3537,45199974.894,-0.0071836999999999995,-0.0071836999999999995,1.2330585747317677
2020-10-20,4561.4466,4576.8356,4542.4242,4576.6986,30536289.344,0.00095025,0.00095025,1.234230294277732
2020-10-21,4577.7377,4578.9946,4536.1861,4561.5778,30668735.681,-0.00330387,-0.00330387,1.2301525624747869
2020-10-22,4547.2639,4547.4905,4512.9414,4524.9512,33822158.376,-0.008029370000000001,-0.008029370000000001,1.2202752112993365
2020-10-23,4526.938,4549.4848,4482.1738,4488.6403,35014667.272,-0.00802459,-0.00802459,1.2104829971490558
2020-10-26,4487.6513,4498.4494,4448.4805,4495.5415,33906988.239,0.00153748,0.00153748,1.2123440919799169
2020-10-27,4479.3623,4482.9923,4454.6941,4479.0469,29702973.382,-0.0036691000000000002,-0.0036691000000000002,1.2078958779306035
2020-10-28,4479.6004,4484.6285,4432.4964,4478.5753,36689620.415,-0.00010529,-0.00010529,1.2077686982629756
2020-10-29,4435.586,4517.668,4428.8443,4502.0625,38795557.591,0.00524435,0.00524435,1.2141026556198702
2020-10-30,4508.8875,4514.0726,4429.2504,4433.7703,44224814.406,-0.015169090000000001,-0.015169090000000001,1.1956858208073542
2020-11-02,4433.9195,4479.5691,4426.1054,4476.9854,44589677.694,0.00974681,0.00974681,1.2073399388194603
2020-11-03,4500.1359,4534.852,4495.7144,4532.8826,40968002.768,0.012485459999999999,0.012485459999999999,1.2224141273634255
2020-11-04,4543.666,4576.3781,4522.8096,4558.1244,40773183.771,0.0055686,0.0055686,1.2292212599637893
2020-11-05,4584.9728,4640.6951,4582.5612,4636.8434,49479053.829,0.01727004,0.01727004,1.250449962796711
2020-11-06,4638.5796,4646.7219,4613.7685,4644.214,46453772.268,0.0015895699999999998,0.0015895699999999998,1.2524376440058262
2020-11-09,4670.7685,4725.3358,4670.7685,4720.2692,53045365.655,0.016376329999999998,0.016376329999999998,1.272947981277621
2020-11-10,4734.6641,4736.6385,4686.4974,4705.1057,49233981.6,-0.00321242,-0.00321242,1.2688587342672804
2020-11-11,4693.9365,4756.8245,4692.99,4726.2945,50925236.708,0.0045033600000000005,0.0045033600000000005,1.2745728660345312
2020-11-12,4728.3227,4752.8383,4716.8997,4752.8383,37075047.3,0.0056162,0.0056162,1.2817311180735118
2020-11-13,4742.078,4742.8592,4679.1915,4721.1943,39823462.009,-0.00665792,-0.00665792,1.273197459459391
2020-11-16,4736.5227,4821.3795,4736.5227,4819.8287,43927105.624,0.020891829999999997,0.020891829999999997,1.2997968873828087
2020-11-17,4823.8756,4852.3607,4811.299,4852.2649,50504222.13,0.00672974,0.00672974,1.3085441841069696
2020-11-18,4843.8433,4877.6616,4831.926,4870.8953,52918852.292,0.00383953,0.00383953,1.3135683742676483
2020-11-19,4861.7941,4864.2095,4824.0282,4850.4348,42479024.479,-0.00420056,-0.00420056,1.3080506482508925
2020-11-20,4845.7261,4875.4238,4823.2708,4875.3424,39492064.79,0.00513513,0.00513513,1.3147676548018052
2020-11-23,4882.2378,4969.4004,4879.0819,4943.5634,56867484.071,0.013993070000000002,0.013993070000000002,1.3331652886127623
2020-11-24,4935.5869,4936.9096,4905.6152,4924.3242,43302864.828,-0.00389177,-0.00389177,1.3279769191016768
2020-11-25,4940.974,4947.1259,4856.1272,4856.1272,46879329.173,-0.01384901,-0.01384901,1.3095857575384358
2020-11-26,4853.2197,4858.2845,4801.8955,4837.0044,45174330.417,-0.0039378699999999996,-0.0039378699999999996,1.304428778428775
2020-11-27,4852.1023,4871.6093,4814.7967,4871.0568,53830041.599,0.00703998,0.00703998,1.3136119271012403
2020-11-30,4879.0994,4911.5126,4817.8177,4817.8177,81292311.596,-0.010929679999999999,-0.010929679999999999,1.299254566959569
2020-12-01,4823.2388,4888.9065,4807.3255,4883.2179,55022788.688,0.013574649999999999,0.013574649999999999,1.3168914959222546
2020-12-02,4889.7051,4905.5281,4869.5175,4891.2809,50118847.243,0.0016511700000000002,0.0016511700000000002,1.3190659014779889
2020-12-03,4889.2788,4889.2788,4834.3983,4856.698,40721759.504,-0.00707032,-0.00707032,1.3097396891632918
2020-12-04,4855.2385,4855.6412,4811.5689,4849.947,41518766.248,-0.00139004,-0.00139004,1.307919099816056
2020-12-07,4858.9214,4869.0058,4800.9369,4800.9369,45960303.358,-0.01010529,-0.01010529,1.2947022036574185
2020-12-08,4807.4913,4818.29,4770.5739,4786.7612,37390620.538,-0.00295269,-0.00295269,1.2908793435760069
2020-12-09,4796.2248,4801.9315,4727.4821,4727.4821,40569127.19,-0.01238397,-0.01238397,1.2748931344256995
2020-12-10,4727.9037,4753.4861,4717.2782,4735.4139,36046199.72,0.00167781,0.00167781,1.2770321583605837
2020-12-11,4751.4869,4754.2162,4626.8342,4706.9426,44896534.759,-0.006012420000000001,-0.006012420000000001,1.2693541039268772
2020-12-14,4693.6898,4698.3514,4654.9513,4674.2224,38056552.579,-0.0069514799999999995,-0.0069514799999999995,1.2605302189380718
2020-12-15,4674.8712,4674.8712,4631.161,4664.899,34250461.204,-0.00199464,-0.00199464,1.2580159125064294
2020-12-16,4660.9153,4668.5049,4631.8678,4645.7717,29539879.655,-0.00410026,-0.00410026,1.2528577198503217
2020-12-17,4641.71,4695.069,4603.8753,4692.568,34632345.556,0.01007288,0.01007288,1.2654776050925156
2020-12-18,4702.0629,4735.795,4698.8832,4713.2918,36102022.967,0.004416300000000001,0.004416300000000001,1.2710663370602602
2020-12-21,4722.3045,4742.0995,4684.0475,4728.4945,37718871.708,0.0032255,0.0032255,1.2751661554085378
2020-12-22,4709.2087,4709.2087,4613.8,4620.2651,43206054.274,-0.02288877,-0.02288877,1.2459791767834865
2020-12-23,4620.3266,4649.5758,4608.6419,4622.761,37067172.255,0.00054021,0.00054021,1.246652263578297
2020-12-24,4624.0034,4624.0034,4567.7171,4580.1054,28185466.405,-0.0092273,-0.0092273,1.2351490298410803
2020-12-25,4570.4894,4632.0755,4552.8163,4612.8617,27954064.781,0.00715187,0.00715187,1.243982650169159
2020-12-28,4617.3598,4619.9556,4570.9253,4582.1406,37617174.999,-0.00665988,-0.00665988,1.2356978764474338
2020-12-29,4583.3824,4592.6885,4540.313,4543.6309,34706593.228,-0.0084043,-0.0084043,1.2253126965355325
2020-12-30,4542.7646,4580.6351,4534.0278,4562.0025,33425021.176,0.00404337,0.00404337,1.230267094291669
2020-12-31,4562.3269,4599.761,4562.1471,4595.5919,39501892.393,0.00736286,0.00736286,1.2393253825186046
2021-01-04,4595.0693,4620.8785,4571.4549,4611.3054,55840142.869,0.00341925,0.00341925,1.243562951872447
2021-01-05,4602.0117,4622.8843,4561.4464,4621.5191,57153149.027,0.00221493,0.00221493,1.2463173517266704
2021-01-06,4631.6493,4646.6673,4596.9695,4632.2019,52785173.292,0.00231153,0.00231153,1.2491982570560511
2021-01-07,4639.7937,4641.6781,4566.6354,4600.7744,55320430.181,-0.00678457,-0.00678457,1.2407229835098725
2021-01-08,4598.9729,4631.9964,4560.623,4614.1771,55707796.787,0.0029131400000000003,0.0029131400000000003,1.2443373832794171
2021-01-11,4610.1733,4622.9276,4553.5703,4562.9926,65575141.901,-0.011092880000000001,-0.011092880000000001,1.2305341014776707
2021-01-12,4551.1434,4600.7916,4548.3095,4600.2092,50812286.514,0.008156179999999999,0.008156179999999999,1.2405705620761505
2021-01-13,4600.1332,4605.5773,4567.2031,4593.3933,62113001.98,-0.00148165,-0.00148165,1.2387324706923812
2021-01-14,4575.9491,4600.6956,4558.9402,4576.9088,56013143.237,-0.0035887400000000004,-0.0035887400000000004,1.2342869803806484
2021-01-15,4582.5659,4614.6443,4571.7239,4603.7158,68738224.68,0.00585701,0.00585701,1.2415162114029192
2021-01-18,4602.6011,4644.2139,4597.6846,4638.6807,57479618.739,0.00759493,0.00759493,1.250945440327103
2021-01-19,4633.3442,4693.3323,4620.1213,4663.3179,58931610.973,0.00531125,0.00531125,1.2575895262204104
2021-01-20,4656.4881,4669.5003,4633.8639,4656.5359,47044642.312,-0.00145433,-0.00145433,1.2557605768865407
2021-01-21,4655.0971,4693.9246,4643.4441,4676.9502,48972322.559,0.00438401,0.00438401,1.2612658438264426
2021-01-22,4669.1208,4669.1208,4611.1962,4626.2076,48872852.767,-0.01084951,-0.01084951,1.2475817322857747
2021-01-25,4611.3388,4611.3388,4553.1217,4559.4781,50153810.556,-0.01442423,-0.01442423,1.2295863217026952
2021-01-26,4549.5115,4566.711,4520.2528,4530.2734,39770380.953,-0.006405269999999999,-0.006405269999999999,1.2217104861658536
2021-01-27,4528.1541,4560.9884,4525.7563,4533.9075,43440102.595,0.00080218,0.00080218,1.2226905193086162
2021-01-28,4503.5393,4507.5779,4461.4724,4469.6817,41463790.442,-0.01416566,-0.01416566,1.2053702990008548
2021-01-29,4483.4135,4490.7891,4398.1468,4431.6174,47791188.423,-0.00851611,-0.00851611,1.195105233219491
2021-02-01,4425.1869,4484.5748,4413.9326,4482.1023,45677613.49,0.01139198,0.01139198,1.2087198490003033
2021-02-02,4485.9648,4513.852,4481.6894,4512.3273,49515646.551,0.0067434899999999996,0.0067434899999999996,1.21687083596819
2021-02-03,4510.3738,4511.6565,4461.4909,4475.7413,46265729.276,-0.00810801,-0.00810801,1.2070044336784596
2021-02-04,4463.4552,4463.4552,4391.59,4431.3025,47908820.565,-0.00992881,-0.00992881,1.1950203119359115
2021-02-05,4432.598,4474.6922,4429.5442,4447.2495,59238607.595,0.00359872,0.00359872,1.199320850866495
2021-02-08,4454.1729,4501.0902,4442.0058,4492.1841,49949906.102,0.01010391,0.01010391,1.2114386784597853
2021-02-09,4493.907,4551.7572,4484.6613,4548.4678,50420874.868,0.01252925,0.01252925,1.2266170971596837
2021-02-10,4559.3867,4588.4052,4546.7027,4581.2664,53140995.088,0.00721091,0.00721091,1.235462124824363
2021-02-18,4648.8502,4698.3608,4648.8502,4692.4479,66750283.03,0.024268730000000002,0.024268730000000002,1.2654452168862345
2021-02-19,4685.921,4776.3217,4676.3196,4774.448,58467444.93,0.01747491,0.01747491,1.2875587568850895
2021-02-22,4788.0887,4909.2514,4788.0887,4826.0832,76657460.036,0.0108149,0.0108149,1.301483582105411
2021-02-23,4815.1775,4828.9355,4777.8554,4789.9579,60208730.815,-0.0074854299999999995,-0.0074854299999999995,1.2917414200041375
2021-02-24,4789.7232,4810.3778,4709.7266,4737.7627,56559666.498,-0.0108968,-0.0108968,1.2776655756704325
2021-02-25,4777.533,4833.6564,4764.6232,4805.2054,72399083.78,0.01423514,0.01423514,1.2958533198814854
2021-02-26,4725.4134,4772.7788,4698.258,4705.6248,67564029.166,-0.02072348,-0.02072348,1.2689987235918472
2021-03-01,4728.8477,4803.1688,4728.8477,4801.196,51933230.193,0.02030999,0.02030999,1.2947720769650573
2021-03-02,4826.5484,4830.3639,4731.8128,4759.4813,54708467.426,-0.008688399999999999,-0.008688399999999999,1.2835225823060237
2021-03-03,4759.3718,4872.0351,4759.3718,4870.2766,63464021.362,0.02327886,0.02327886,1.3134015251150584
2021-03-04,4843.0489,4877.5395,4816.353,4832.9155,61687155.946,-0.007671249999999999,-0.007671249999999999,1.303326096191786
2021-03-05,4785.8276,4820.0757,4758.6038,4802.386,55386318.001,-0.00631699,-0.00631699,1.2950929925809973
2021-03-08,4829.8077,4860.4625,4758.052,4760.4053,53508983.763,-0.00874163,-0.00874163,1.2837717638431063
2021-03-09,4754.9264,4798.3544,4647.0505,4721.3376,57799975.584,-0.0082068,-0.0082068,1.2732361041717977
2021-03-10,4742.486,4753.7033,4691.1885,4696.0511,42459288.938,-0.00535579,-0.00535579,1.2664169170100619
2021-03-11,4700.5062,4806.3252,4697.0699,4803.3034,48950667.469,0.022838829999999997,0.022838829999999997,1.295340394249958
2021-03-12,4813.3259,4852.6588,4788.2075,4843.1182,55679336.834,0.00828905,0.00828905,1.3060775295991394
2021-03-15,4833.672,4884.2521,4813.7779,4854.5476,52106630.02,0.00235993,0.00235993,1.309159775767899
2021-03-16,4851.2453,4887.4044,4816.6708,4886.4327,44920371.443,0.0065680899999999995,0.0065680899999999995,1.3177584535038713
2021-03-17,4873.8547,4873.8547,4826.9034,4863.2756,38129995.646,-0.00473906,-0.00473906,1.3115135165207763
2021-03-18,4860.4769,4903.9499,4859.3149,4880.9697,36002951.065,0.00363831,0.00363831,1.3162852081174174
2021-03-19,4836.367,4873.8321,4807.8175,4832.374,46287739.766,-0.009956159999999999,-0.009956159999999999,1.303180066102684
2021-03-22,4834.6137,4900.6426,4834.6137,4898.5712,41053860.033,0.01369869,0.01369869,1.321031927624953
2021-03-23,4896.6797,4899.1425,4807.4598,4828.3428,39062712.079,-0.01433651,-0.01433651,1.3020929442279134
2021-03-24,4805.3998,4820.9141,4741.1937,4753.1943,39332716.481,-0.01556404,-0.01556404,1.2818271230813054
2021-03-25,4745.1063,4769.2186,4723.7357,4735.6196,32618168.319,-0.0036974499999999997,-0.0036974499999999997,1.2770876309170536
2021-03-26,4746.8584,4797.8308,4744.7358,4794.539,36607859.403,0.01244175,0.01244175,1.2929768372547108
2021-03-29,4817.0243,4855.1013,4795.0531,4848.197,45719303.558,0.01119148,0.01119148,1.3074471650867325
2021-03-30,4833.4187,4842.1203,4796.1896,4841.7385,38752472.171,-0.0013321399999999999,-0.0013321399999999999,1.3057054562585408
2021-03-31,4836.7847,4836.7847,4796.7891,4827.1964,42701289.262,-0.0030034899999999997,-0.0030034899999999997,1.3017837865286581
2021-04-01,4823.3384,4871.1846,4812.1405,4865.1097,30217294.063,0.007854100000000001,0.007854100000000001,1.3120081310848062
2021-04-02,4864.8153,4866.4858,4826.8607,4836.8336,32035138.413,-0.00581202,-0.00581202,1.304382717599193
2021-04-06,4844.9661,4867.4712,4844.5281,4857.8954,27934470.247,0.00435446,0.00435446,1.3100626003889444
2021-04-07,4855.7106,4900.6779,4837.2024,4899.5453,37402940.63,0.00857365,0.00857365,1.3212946199791435
2021-04-08,4894.7192,4916.7341,4870.4068,4888.8475,31489281.494,-0.00218343,-0.00218343,1.3184096694949399
2021-04-09,4885.8104,4903.3272,4865.1479,4893.5398,29903899.462,0.0009597999999999999,0.0009597999999999999,1.3196750748265995
2021-04-12,4892.3815,4913.1155,4859.5003,4871.1468,36472556.459,-0.00457603,-0.00457603,1.313636198030177
2021-04-13,4859.8249,4861.4691,4821.6614,4828.8053,30123659.563,-0.00869231,-0.00869231,1.3022176698349488
2021-04-14,4816.7731,4873.5104,4814.1516,4864.066,30583516.451,0.007302159999999999,0.007302159999999999,1.3117266692122376
2021-04-15,4860.0056,4871.6296,4839.7111,4869.2945,31564072.821,0.00107492,0.00107492,1.313136675344962
2021-04-16,4875.1589,4929.4132,4865.7255,4928.3477,29042842.12,0.01212767,0.01212767,1.3290619644636386
2021-04-19,4918.4963,4963.2943,4908.7664,4958.2629,40518686.698,0.00607003,0.00607003,1.3371294055005851
2021-04-20,4949.9047,4983.7214,4939.6427,4955.3885,35393082.243,-0.00057972,-0.00057972,1.336354245965747
2021-04-21,4938.9045,4962.7341,4915.9886,4950.1738,33088891.427,-0.00105233,-0.00105233,1.3349479613754593
2021-04-22,4964.8636,4999.974,4958.6714,4971.0541,32176097.888,0.00421809,0.00421809,1.3405788977918551
2021-04-23,4960.9517,4965.6965,4926.2778,4956.2111,33503430.602,-0.0029858899999999997,-0.0029858899999999997,1.3365760822562278
2021-04-26,4964.8457,4982.9074,4919.308,4921.2913,39825006.873,-0.0070456600000000005,-0.0070456600000000005,1.327159015764211
2021-04-27,4918.96,4928.6956,4878.0896,4922.7051,29053325.488,0.00028728,0.00028728,1.3275402850901068
2021-04-28,4912.1691,4953.0292,4892.4251,4952.5541,31552626.399,0.006063539999999999,0.006063539999999999,1.335589873510436
2021-04-29,4956.9329,4985.7892,4937.0334,4981.2588,36331744.56,0.00579594,0.00579594,1.3433308705531848
2021-04-30,4962.3954,4969.0133,4932.3473,4956.5014,43067077.924,-0.00497011,-0.00497011,1.3366543694858977
2021-05-06,4976.5749,5036.5186,4976.5749,5029.4069,41322027.987,0.014709060000000001,0.014709060000000001,1.3563153051480068
2021-05-07,5042.5279,5078.3164,5005.4812,5037.8662,45255898.753,0.00168197,0.00168197,1.358596583694159
2021-05-10,5054.1753,5082.3499,5034.0832,5080.8989,43127475.422,0.00854185,0.00854185,1.3702015126236202
2021-05-11,5042.1243,5042.1243,4950.2642,5033.7481,36916449.357,-0.00928001,-0.00928001,1.357486026889115
2021-05-12,5030.5828,5081.6264,5029.8486,5080.3761,34511886.484,0.00926308,0.00926308,1.3700605254941973
2021-05-13,5045.163,5071.5409,5005.4896,5016.7159,31648207.461,-0.01253061,-0.01253061,1.3528928344909532
2021-05-14,5034.6782,5068.1622,5023.6989,5051.4249,39410749.131,0.00691867,0.00691867,1.3622530530738606
2021-05-17,5048.8959,5069.1251,5023.8567,5043.012,38276038.408,-0.00166545,-0.00166545,1.3599842875399604
2021-05-18,5040.2357,5070.9399,5033.0636,5070.8467,28509118.493,0.00551946,0.00551946,1.3674906656029886
2021-05-19,5056.0135,5077.0624,5045.725,5068.8477,34091808.698,-0.00039421,-0.00039421,1.3669515813036073
2021-05-20,5015.7751,5017.9481,4979.242,4994.9079,36071148.294,-0.014587099999999999,-0.014587099999999999,1.3470117187326185
2021-05-21,5000.7561,5029.8677,4982.0951,5009.7341,31324798.759,0.00296826,0.00296826,1.3510100036948443
2021-05-24,5016.5157,5051.6478,5010.7279,5042.4622,32751683.019,0.0065329,0.0065329,1.3598360191318564
2021-05-25,5051.716,5109.8676,5033.7734,5105.8706,50299815.155,0.01257489,0.01257489,1.3769358054694754
2021-05-26,5115.7582,5147.411,5102.1917,5136.1392,47695727.003,0.0059282,0.0059282,1.3850985503540467
2021-05-27,5121.5125,5157.6415,5108.0201,5152.8065,41535340.268,0.0032451000000000003,0.0032451000000000003,1.3895933376192198
2021-05-28,5157.4922,5194.6003,5144.8172,5160.2055,41532952.663,0.00143592,0.00143592,1.3915886776547994
2021-05-31,5180.3795,5205.5427,5131.3749,5204.7303,42629752.945,0.008628489999999999,0.008628489999999999,1.4035959916183314
2021-06-01,5199.2331,5238.2669,5152.2351,5236.0795,43294911.272,0.00602321,0.00602321,1.4120501494563351
2021-06-02,5240.3097,5240.3097,5180.7548,5209.298,42478956.45,-0.0051148,-0.0051148,1.404827795197263
2021-06-03,5202.4257,5250.2453,5193.8846,5205.2785,41192710.275,-0.0007716000000000001,-0.0007716000000000001,1.4037438285432544
2021-06-04,5171.5532,5205.7045,5145.9214,5179.9914,39706223.414,-0.00485797,-0.00485797,1.3969244795753255
2021-06-07,5178.2565,5189.0104,5147.8364,5170.731,35247664.745,-0.0017877199999999998,-0.0017877199999999998,1.3944271627939386
2021-06-08,5177.2914,5186.3095,5131.8944,5142.3618,35916022.25,-0.0054865,-0.0054865,1.3867766423807255
2021-06-09,5145.4816,5176.3415,5134.2448,5157.3776,36290770.896,0.0029200199999999997,0.0029200199999999997,1.3908260580999114
2021-06-10,5154.8903,5198.6178,5142.1211,5169.6907,38637516.357,0.00238747,0.00238747,1.39414661782313
2021-06-11,5174.7163,5184.2411,5145.0452,5147.6327,45918452.437,-0.0042667899999999995,-0.0042667899999999995,1.3881980828177491
2021-06-15,5167.9391,5172.1035,5089.101,5105.4489,44400644.334,-0.0081948,-0.0081948,1.376822082683558
2021-06-16,5100.4982,5107.703,5032.4777,5038.7454,36496992.486,-0.01306516,-0.01306516,1.3588336837021708
2021-06-17,5032.2973,5061.3883,5014.8385,5029.8193,32976226.762,-0.00177149,-0.00177149,1.3564265199379344
2021-06-18,5031.3108,5031.5809,4983.0628,5009.934,39172142.545,-0.00395348,-0.00395348,1.3510639121247825
2021-06-21,5006.2829,5041.4187,4987.8612,5036.6107,39816527.436,0.0053247599999999996,0.0053247599999999996,1.3582580042354928
2021-06-22,5045.8023,5101.4432,5040.7172,5096.1971,40161773.344,0.01183065,0.01183065,1.3743270851242695
2021-06-23,5116.7307,5180.1766,5095.8222,5168.7381,39842504.082,0.014234340000000002,0.014234340000000002,1.3938897235241852
2021-06-24,5178.4643,5188.2023,5133.8218,5163.1286,34273834.849,-0.00108527,-0.00108527,1.3923769704589624
2021-06-25,5163.2383,5199.6319,5145.4552,5185.6348,38626690.632,0.00435902,0.00435902,1.3984463746904479
2021-06-28,5154.7485,5167.0294,5131.7754,5143.8309,39773826.955,-0.00806148,-0.00806148,1.387172824844068
2021-06-29,5142.3545,5162.5189,5113.5611,5136.9878,38907983.783,-0.00133035,-0.00133035,1.3853273982462204
2021-06-30,5137.5842,5163.8948,5124.9093,5153.3965,35946569.49,0.00319423,0.00319423,1.3897524470422489
2021-07-01,5151.2758,5185.7391,5123.2474,5129.8208,41620966.529,-0.0045747900000000005,-0.0045747900000000005,1.3833946232718999
2021-07-02,5112.1874,5118.0177,5087.4422,5095.1268,41044753.988,-0.0067632000000000005,-0.0067632000000000005,1.3740384498438152
2021-07-05,5105.8618,5121.3313,5076.9969,5102.9435,35304827.756,0.00153415,0.00153415,1.3761464339573597
2021-07-06,5102.505,5111.2705,5044.6176,5093.2563,37487534.271,-0.00189836,-0.00189836,1.3735340190374155
2021-07-07,5068.0598,5100.2161,5049.4611,5097.0188,30953639.738,0.0007387199999999999,0.0007387199999999999,1.3745486787054608
2021-07-08,5087.5635,5087.7176,4995.7624,4999.3961,42733595.366,-0.0191529,-0.0191529,1.3482220829909897
2021-07-09,4984.7202,5043.1887,4969.9013,5041.7975,37989321.246,0.0084813,0.0084813,1.3596567648378097
2021-07-12,5066.6868,5104.0164,5058.0778,5077.1501,44834815.711,0.0070119,0.0070119,1.3691905475303128
2021-07-13,5079.1655,5113.8367,5059.4048,5110.6191,38197674.046,0.00659208,0.00659208,1.378216366647871
2021-07-14,5106.5196,5113.8021,5075.3197,5076.1542,43617322.79,-0.0067437800000000004,-0.0067437800000000004,1.3689219762177796
2021-07-15,5065.3949,5104.9469,5030.024,5102.5826,41062068.342,0.00520638,0.00520638,1.3760491075323236
2021-07-16,5089.8786,5135.2904,5080.6691,5107.8824,35659517.319,0.00103865,0.00103865,1.3774783416343057
2021-07-19,5118.1662,5126.288,5083.2799,5096.5915,35154915.265,-0.00221049,-0.00221049,1.3744334457284095
2021-07-20,5059.1393,5081.1055,5034.8878,5079.3166,30227538.12,-0.0033894999999999997,-0.0033894999999999997,1.3697748027252155
2021-07-21,5099.734,5119.3371,5065.7496,5078.7577,36859017.311,-0.00011003,-0.00011003,1.369624080256519
2021-07-22,5092.9786,5138.0956,5080.6512,5134.3525,42925268.929,0.01094654,0.01094654,1.3846167184792568
2021-07-23,5126.6966,5135.7404,5046.1014,5054.1009,42135270.163,-0.015630329999999998,-0.015630329999999998,1.3629747086942432
2021-07-26,5059.0034,5060.8443,4914.1042,4951.1313,47867093.608,-0.020373480000000003,-0.020373480000000003,1.3352061770916464
2021-07-27,4949.2304,4982.8906,4803.4369,4803.4369,48899293.984,-0.029830429999999998,-0.029830429999999998,1.2953763961278806
2021-07-28,4778.3489,4802.4474,4696.0353,4750.0305,43941064.385,-0.011118369999999999,-0.011118369999999999,1.2809739190260863
2021-07-29,4796.3566,4813.7334,4766.3205,4799.0508,37784697.97,0.010320000000000001,0.010320000000000001,1.2941935658900032
2021-07-30,4817.9041,4862.1527,4787.2238,4858.4323,38492441.806,0.01237359,0.01237359,1.3102073899639008
2021-08-02,4835.4348,4878.5748,4779.3054,4870.7121,51954598.25,0.0025275199999999997,0.0025275199999999997,1.3135189694434128
2021-08-03,4847.7345,4870.1411,4806.0868,4812.4302,45132120.693,-0.01196579,-0.01196579,1.2978016821857232
2021-08-04,4823.7764,4889.8135,4819.1446,4886.6957,37444382.054,0.01543202,0.01543202,1.3178293785517639
2021-08-05,4880.8798,4914.4445,4838.5479,4856.8873,41260401.393,-0.006099909999999999,-0.006099909999999999,1.3097907390171553
2021-08-06,4859.1112,4883.8019,4831.7116,4882.5564,34406380.831,0.00528509,0.00528509,1.3167131045945706
2021-08-09,4875.6453,4953.2671,4862.352,4950.7131,50736654.817,0.013959220000000001,0.013959220000000001,1.3350933981751874
2021-08-10,4940.2876,4959.3887,4928.0524,4959.3887,43230386.3,0.0017523900000000002,0.0017523900000000002,1.3374330078538839
2021-08-11,4973.7418,5040.314,4973.7418,5036.9275,55158456.857,0.01563475,0.01563475,1.3583434379053496
2021-08-12,5032.0879,5108.9005,5016.4848,5101.5779,45894266.789,0.01283529,0.01283529,1.3757781630622945
2021-08-13,5097.6996,5130.1274,5088.7476,5108.1028,43914367.723,0.0012790000000000002,0.0012790000000000002,1.3775377784425014
2021-08-16,5118.7409,5144.4119,5091.9807,5108.3711,46148902.36,5.252e-05,5.252e-05,1.3776101327784316
2021-08-17,5101.5869,5128.3304,5001.1885,5011.6733,49420715.028,-0.01892928,-0.01892928,1.3515329613103324
2021-08-18,5018.2171,5051.208,5008.2129,5043.6715,48739829.956,0.00638473,0.00638473,1.3601621395136683
2021-08-19,5021.0004,5033.6801,4975.5633,5014.928,43225130.69,-0.00569892,-0.00569892,1.3524106790037775
2021-08-20,5012.1724,5032.8968,4959.1787,5022.0882,44972750.754,0.0014277799999999998,0.0014277799999999998,1.3543416201745786
2021-08-23,5047.8784,5088.4801,5047.8784,5080.2207,38976961.898,0.01157536,0.01157536,1.3700186176902331
2021-08-24,5099.3188,5141.5499,5088.3677,5122.6226,40279677.448,0.00834647,0.00834647,1.3814534343755476
2021-08-25,5130.6349,5186.7082,5110.4003,5184.7879,36698100.871,0.012135439999999999,0.012135439999999999,1.398217985249154
2021-08-26,5191.9804,5237.3756,5186.6552,5205.1769,44845102.864,0.00393247,0.00393247,1.4037164293612547
2021-08-27,5189.2968,5242.1002,5177.7214,5240.6388,45903507.45,0.00681281,0.00681281,1.4132796877485663
2021-08-30,5241.3901,5277.1939,5230.8198,5271.5155,58040858.765,0.00589178,0.00589178,1.421606423209653
2021-08-31,5261.2606,5385.9776,5256.4195,5385.9776,57324938.422,0.02171332,0.02171332,1.4524742175989638
2021-09-01,5408.2041,5436.9212,5303.2039,5361.02,73340100.663,-0.0046338099999999995,-0.0046338099999999995,1.4457437271986422
2021-09-02,5350.5538,5452.6899,5347.1387,5448.119,58446706.45,0.01624672,0.01624672,1.4692323231925526
2021-09-03,5428.3347,5497.3541,5399.9517,5431.9273,54924027.664,-0.0029719800000000004,-0.0029719800000000004,1.4648657943029604
2021-09-06,5457.3896,5497.4058,5415.2572,5482.7048,54750014.574,0.00934797,0.00934797,1.4785593175705156
2021-09-07,5499.4547,5597.9293,5483.7649,5592.5496,57435616.917,0.02003478,0.02003478,1.5081819324022807
2021-09-08,5583.2156,5666.6592,5576.2905,5639.6195,56213012.798,0.00841654,0.00841654,1.5208756012684417
2021-09-09,5650.1254,5749.3702,5620.7701,5746.5065,64187665.445,0.01895287,0.01895287,1.549700565504554
2021-09-10,5733.267,5770.0588,5667.5005,5668.778,74574671.618,-0.01352622,-0.01352622,1.5287389777284293
2021-09-13,5675.1271,5786.1845,5670.771,5772.5134,66305043.924,0.018299430000000002,0.018299430000000002,1.5567140279685778
2021-09-14,5764.6408,5775.268,5658.4828,5670.9439,67533369.091,-0.01759537,-0.01759537,1.5293230711171388
2021-09-15,5659.7999,5728.7294,5645.7314,5687.3106,55136475.139,0.0028860599999999998,0.0028860599999999998,1.5337367934796633
2021-09-16,5730.5541,5765.6534,5601.5444,5601.5444,59693930.925,-0.01508027,-0.01508027,1.5106076229756056
2021-09-17,5577.7467,5640.8532,5400.9005,5496.1389,49654885.964,-0.01881722,-0.01881722,1.4821821851974895
2021-09-22,5439.0246,5574.4621,5434.909,5574.2948,55357050.84,0.01422015,0.01422015,1.5032590329183642
2021-09-23,5649.9997,5685.0468,5564.6061,5581.6786,56851419.215,0.0013246199999999999,0.0013246199999999999,1.5052502738637235
2021-09-24,5576.6397,5576.6397,5401.7945,5404.9915,52441662.848,-0.03165483,-0.03165483,1.4576018288846113
2021-09-27,5418.3631,5428.6856,5212.1705,5251.9312,51849807.344,-0.028318319999999998,-0.028318319999999998,1.4163249881699447
2021-09-28,5256.0669,5347.0628,5244.5088,5335.0436,51287597.526,0.01582511,0.01582511,1.4387384898827575
2021-09-29,5301.3077,5326.6772,5166.0006,5166.0006,50047046.131,-0.0316854,-0.0316854,1.3931514827690292
2021-09-30,5180.2898,5249.7202,5174.2792,5245.3479,41499413.952,0.01535952,0.01535952,1.4145496236536275
2021-10-08,5316.7183,5326.6859,5207.6821,5244.4434,45987230.437,-0.00017244,-0.00017244,1.4143057008178144
2021-10-11,5250.3879,5301.4162,5216.843,5275.2232,48884197.483,0.00586903,0.00586903,1.4226063045787458
2021-10-12,5271.024,5297.7452,5124.7809,5187.6337,47101390.154,-0.016603939999999998,-0.016603939999999998,1.3989854320221307
2021-10-13,5192.4664,5193.0327,5082.7442,5151.1249,37262841.738,-0.00703766,-0.00703766,1.3891398487958881
2021-10-14,5138.2464,5162.5418,5091.6428,5130.9031,32012465.19,-0.00392571,-0.00392571,1.3836864946762122
2021-10-15,5127.1094,5161.1649,5088.1637,5143.6428,37027056.57,0.00248294,0.00248294,1.3871220986025903
2021-10-18,5144.2907,5221.8924,5130.1437,5220.437,40208717.634,0.014929920000000001,0.014929920000000001,1.407831727168654
2021-10-19,5209.852,5268.1057,5186.769,5257.3297,38519790.366,0.0070669800000000005,0.0070669800000000005,1.4177808393906606
2021-10-20,5178.1668,5222.9718,5170.7287,5205.6618,36563696.852,-0.009827780000000001,-0.009827780000000001,1.4038471957328253
2021-10-21,5190.8886,5291.3885,5188.7821,5243.4528,44093598.831,0.007259600000000001,0.007259600000000001,1.4140385587933184
2021-10-22,5234.5337,5267.11,5146.1208,5149.8551,44951873.534,-0.01785039,-0.01785039,1.388797412956291
2021-10-25,5144.4906,5164.5921,5102.8969,5155.3052,42120660.031,0.0010582999999999999,0.0010582999999999999,1.390267179509597
2021-10-26,5163.8747,5174.4074,5115.2567,5132.1961,38955364.568,-0.00448259,-0.00448259,1.3840351870219352
2021-10-27,5110.0792,5110.0792,5034.6401,5054.6222,37693721.644,-0.015115149999999999,-0.015115149999999999,1.3631152913081839
2021-10-28,5023.8143,5023.8143,4925.1668,4940.0066,39101307.647,-0.0226754,-0.0226754,1.3322061015011866
2021-10-29,4945.4156,4965.9903,4915.6055,4964.6733,41000705.873,0.00499325,0.00499325,1.3388581428656454
2021-11-01,4945.2035,5004.4513,4930.5859,4990.2494,41095883.929,0.00515162,0.00515162,1.3457554284831592
2021-11-02,4988.1578,4996.7515,4835.2662,4888.5758,49863714.514,-0.02037445,-0.02037445,1.31833639825725
2021-11-03,4892.4354,4954.409,4886.013,4952.7069,32981377.502,0.013118570000000001,0.013118570000000001,1.3356310801542304
2021-11-04,4953.8643,4956.6787,4922.3706,4954.035,33434959.651,0.00026816,0.00026816,1.3359892381622387
2021-11-05,4946.63,4954.0753,4881.9195,4881.9479,36281689.619,-0.01455119,-0.01455119,1.31654900614726
2021-11-08,4890.5958,4928.7376,4872.4337,4912.0163,35150384.983,0.0061591,0.0061591,1.3246577616987967
2021-11-09,4926.0284,4941.8162,4906.4751,4937.5171,31691893.858,0.00519151,0.00519151,1.3315347406391005
2021-11-10,4932.3022,4934.8812,4849.2307,4932.4344,38913227.442,-0.0010294,-0.0010294,1.3301640534112533
2021-11-11,4930.7623,5007.8901,4925.4461,5005.169,51649796.415,0.01474619,0.01474619,1.3497789012760817
2021-11-12,4990.5437,4993.8706,4951.4084,4970.9613,37246971.061,-0.0068344700000000005,-0.0068344700000000005,1.3405538717673515
2021-11-15,4963.6012,4982.2799,4940.9887,4979.0,31650352.837,0.00161713,0.00161713,1.3427217241722729
2021-11-16,4982.0399,5001.9339,4947.075,4951.6303,28546515.793,-0.005497030000000001,-0.005497030000000001,1.3353407459087505
2021-11-17,4961.9284,4994.587,4958.2214,4992.9592,25457741.736,0.00834652,0.00834652,1.3464861991857426
2021-11-18,5002.2203,5018.2627,4986.498,4989.2881,29749368.72,-0.00073526,-0.00073526,1.3454961879944172
2021-11-19,4985.6749,5063.4508,4969.205,5059.4292,36151127.595,0.01405834,0.01405834,1.3644116285903882
2021-11-22,5068.3793,5083.1641,5050.171,5067.4266,36789463.64,0.0015806899999999998,0.0015806899999999998,1.3665683433356977
2021-11-23,5072.5792,5119.7936,5060.5692,5095.6041,35654940.725,0.005560509999999999,0.005560509999999999,1.3741671666702757
2021-11-24,5108.2,5127.0711,5086.2588,5120.1412,33704127.774,0.0048153499999999995,0.0048153499999999995,1.3807842578970657
2021-11-25,5132.8872,5132.8872,5082.1565,5097.9714,27932552.309,-0.00432992,-0.00432992,1.3748055730044058
2021-11-26,5079.6473,5100.8571,5058.112,5061.096,30545015.073,-0.0072333499999999995,-0.0072333499999999995,1.3648611261942947
2021-11-29,5000.9684,5029.8392,4983.8002,5029.2862,31729653.554,-0.00628516,-0.00628516,1.356282755135533
2021-11-30,5040.89,5071.461,5023.8041,5044.1175,30771032.059,0.0029489900000000003,0.0029489900000000003,1.3602824154503987
2021-12-01,5049.3943,5103.4783,5036.3422,5103.4783,34411452.703,0.01176832,0.01176832,1.3762906572106408
2021-12-02,5097.7025,5124.8469,5079.4706,5114.324,45150114.543,0.00212516,0.00212516,1.379215492921397
2021-12-03,5118.2053,5159.2561,5072.1731,5150.0489,41400146.722,0.00698526,0.00698526,1.3888496763566012
2021-12-06,5147.6962,5176.037,5091.7992,5092.9239,47809188.128,-0.01109213,-0.01109213,1.3734443784065427
2021-12-07,5137.9928,5151.2658,5060.9392,5119.5989,55962122.437,0.00523766,0.00523766,1.3806380120663733
2021-12-08,5128.8188,5128.9606,5087.5548,5124.2078,43235278.573,0.0009002499999999999,0.0009002499999999999,1.3818809263372183
2021-12-09,5121.8593,5144.3193,5109.3443,5130.746,51961298.339,0.0012759400000000001,0.0012759400000000001,1.3836441284213683
2021-12-10,5115.9326,5128.3404,5090.1559,5118.5648,47795584.723,-0.0023741599999999997,-0.0023741599999999997,1.3803591390928913
2021-12-13,5141.2264,5153.002,5112.7669,5117.0872,47945387.798,-0.00028867,-0.00028867,1.3799606643751494
2021-12-14,5101.7936,5102.1915,5060.8686,5064.5912,37662639.814,-0.01025896,-0.01025896,1.3658037012033983
2021-12-15,5063.8157,5107.7008,5052.4489,5087.3927,32544092.894,0.00450214,0.00450214,1.371952741049495
2021-12-16,5104.8288,5163.4723,5103.9393,5162.8637,39320565.648,0.01483491,0.01483491,1.3923055330247922
2021-12-17,5162.056,5177.9795,5127.7641,5129.7383,36404589.114,-0.00641609,-0.00641609,1.3833723749203743
2021-12-20,5123.6066,5152.4378,5079.0257,5084.1384,33028691.76,-0.008889320000000001,-0.008889320000000001,1.371075131226845
2021-12-21,5078.0566,5190.4507,5077.9302,5186.4851,37161144.984,0.02013059,0.02013059,1.3986756810335015
2021-12-22,5191.7949,5191.7949,5150.29,5166.8515,29502482.948,-0.0037855299999999996,-0.0037855299999999996,1.3933809509182757
2021-12-23,5162.4443,5197.0173,5148.3666,5186.9166,33045114.986,0.0038834299999999998,0.0038834299999999998,1.398792046653903
2021-12-24,5189.2173,5189.6619,5140.7098,5156.0637,30384606.926,-0.00594822,-0.00594822,1.3904717295051354
2021-12-27,5159.5512,5204.6185,5159.5512,5186.5718,31351696.516,0.005916940000000001,0.005916940000000001,1.398699062028377
2021-12-28,5187.8864,5188.3154,5139.802,5160.6195,30482106.838,-0.00500375,-0.00500375,1.3917003239279078
2021-12-29,5157.2478,5162.0807,5139.0359,5145.0328,25172441.308,-0.0030203200000000004,-0.0030203200000000004,1.3874969496161673
2021-12-30,5144.3967,5166.5845,5143.2331,5158.3534,25272917.719,0.00258902,0.00258902,1.3910892089049822
2021-12-31,5160.572,5217.7138,5156.2729,5209.9023,28159297.16,0.00999329,0.00999329,1.404990761001223
2022-01-04,5235.9328,5284.0567,5230.3987,5272.7556,41075424.301,0.0120642,0.0120642,1.421940849642701
2022-01-05,5257.4126,5272.9902,5223.6084,5258.0069,47402969.547,-0.00279715,-0.00279715,1.4179634646470594
2022-01-06,5242.0675,5284.4363,5237.6589,5281.6173,38731914.308,0.0044903700000000005,0.0044903700000000005,1.4243306462088983
2022-01-07,5277.5235,5347.4737,5277.5235,5296.2818,48082318.089,0.00277652,0.00277652,1.4282853244021347
2022-01-10,5293.7861,5348.7702,5289.3235,5347.8286,40959920.815,0.00973264,0.00973264,1.4421863101767007
2022-01-11,5340.9912,5400.6136,5338.6183,5371.9026,44903401.181,0.00450164,0.00450164,1.4486785139902625
2022-01-12,5365.8796,5366.3964,5306.7839,5347.7161,37025144.957,-0.00450241,-0.00450241,1.4421559715155299
2022-01-13,5346.2273,5386.6419,5329.9491,5331.4973,38212552.093,-0.00303285,-0.00303285,1.4377821343795578
2022-01-14,5309.7882,5310.2257,5233.3304,5235.9777,38883923.752,-0.01791609,-0.01791609,1.4120226963389382
2022-01-17,5238.6126,5267.4137,5234.0559,5251.1609,28016548.488,0.0028997800000000002,0.0028997800000000002,1.4161172559859458
2022-01-18,5257.6672,5321.216,5237.5283,5303.1783,38948507.383,0.00990589,0.00990589,1.4301451517511514
2022-01-19,5305.4758,5363.2069,5301.0429,5338.3387,43797117.086,0.00663006,0.00663006,1.4396271025265255
2022-01-20,5340.9052,5375.8519,5300.3883,5318.1383,47729881.743,-0.0037840200000000004,-0.0037840200000000004,1.4341795194943965
2022-01-21,5314.4053,5322.0046,5262.9882,5276.7259,36471540.273,-0.00778701,-0.00778701,1.4230115481888912
2022-01-24,5258.0784,5286.1143,5209.6806,5252.3922,32515562.564,-0.00461151,-0.00461151,1.416449309261498
2022-01-25,5224.2794,5229.0253,5070.317,5070.7303,32227466.288,-0.03458651,-0.03458651,1.367459275201564
2022-01-26,5078.8549,5121.6001,5053.5176,5102.6572,25696096.524,0.00629631,0.00629631,1.3760692254356421
2022-01-27,5104.7932,5114.1908,5033.8784,5033.8934,28680598.972,-0.01347608,-0.01347608,1.357525210955498
2022-01-28,5056.4053,5065.5253,4973.5842,5009.7414,32383866.463,-0.00479788,-0.00479788,1.351011972336858
2022-02-07,5050.9756,5147.7148,5050.9756,5140.6036,38833412.541,0.02612155,0.02612155,1.3863024963000992
2022-02-08,5154.024,5254.5345,5149.9947,5254.5345,44082715.645,0.02216294,0.02216294,1.4170270382732861
2022-02-09,5252.3887,5302.7395,5237.5577,5278.9268,41058395.022,0.00464214,0.00464214,1.4236050802721871
2022-02-10,5264.9083,5336.7453,5239.9362,5336.1947,39113931.648,0.010848400000000001,0.010848400000000001,1.4390489150638572
2022-02-11,5332.5888,5382.1909,5321.111,5325.3022,48401733.197,-0.00204125,-0.00204125,1.4361114584700538
2022-02-14,5310.1813,5317.1907,5227.5884,5242.9059,38455941.734,-0.01547261,-0.01547261,1.4138910724484801
2022-02-15,5241.2749,5247.9044,5187.3549,5221.0933,31455090.965,-0.0041604,-0.0041604,1.4080087161759998
2022-02-16,5232.2654,5271.0461,5228.1708,5268.1763,26256436.713,0.009017840000000001,0.009017840000000001,1.420705917810706
2022-02-17,5263.5659,5264.9561,5229.8109,5244.6059,27176180.353,-0.00447411,-0.00447411,1.4143495233283943
2022-02-18,5228.9014,5345.8989,5220.6878,5345.1594,35596738.948,0.019172750000000002,0.019172750000000002,1.4414664883598376
2022-02-21,5347.6333,5386.7711,5316.8285,5379.5403,31392376.611,0.00643216,0.00643216,1.4507382259229216
2022-02-22,5347.0077,5364.0574,5297.4886,5334.1764,31556275.511,-0.00843267,-0.00843267,1.4385046259986038
2022-02-23,5332.8965,5345.29,5289.5797,5319.447,32221297.9,-0.00276133,-0.00276133,1.4345324457688342
2022-02-24,5302.8696,5318.4725,5171.3525,5216.4932,40343440.986,-0.01935423,-0.01935423,1.4067681750626506
2022-02-25,5230.7986,5280.4307,5187.3999,5215.192,37563375.37,-0.00024944,-0.00024944,1.4064172713656244
2022-02-28,5214.2298,5220.985,5155.8982,5219.1452,30944098.564,0.00075802,0.00075802,1.4074833584353168
2022-03-01,5230.2904,5268.7262,5206.7513,5263.5754,29880445.683,0.00851293,0.00851293,1.4194651609557665
2022-03-02,5260.5652,5303.5971,5253.2934,5298.648,28759573.876,0.00666327,0.00666327,1.4289234340915777
2022-03-03,5311.6507,5364.4613,5311.4,5355.0094,39855622.091,0.01063694,0.01063694,1.4441228066934584
2022-03-04,5336.9492,5365.8654,5282.299,5329.2221,36362940.482,-0.00481555,-0.00481555,1.4371685652960395
2022-03-07,5344.163,5356.6645,5253.2988,5271.5195,41055138.612,-0.010827580000000002,-0.010827580000000002,1.4216075019176058
2022-03-08,5253.7505,5255.8257,5088.2142,5090.0852,41324895.577,-0.034417840000000005,-0.034417840000000005,1.3726788463401827
2022-03-09,5107.3567,5142.7129,4866.5369,5024.8136,47731643.468,-0.01282328,-0.01282328,1.3550765978381776
2022-03-10,5078.095,5132.5889,5024.8915,5087.3541,32655721.188,0.01244633,0.01244633,1.3719423315177508
2022-03-11,5048.5401,5126.2478,4969.5334,5120.3066,33946698.18,0.006477340000000001,0.006477340000000001,1.3808288624709115
2022-03-14,5078.2452,5150.3537,5009.3136,5009.3136,32315738.205,-0.021677019999999998,-0.021677019999999998,1.3508966045213127
2022-03-15,4974.1202,4974.7536,4699.8654,4699.8654,50113388.973,-0.06177457,-0.06177457,1.2674455459460954
2022-03-16,4759.5623,4829.1248,4606.2018,4811.543,43790934.8,0.023761869999999997,0.023761869999999997,1.2975624247618056
2022-03-17,4876.718,4958.5541,4862.735,4896.5771,41944946.219,0.017672939999999998,0.017672939999999998,1.3204941647428137
2022-03-18,4887.5244,5034.2832,4875.524,5025.4993,41153365.505,0.02632905,0.02632905,1.355261515348976
2022-03-21,5028.1661,5066.4449,4994.5298,5046.455,33590073.074,0.00416987,0.00416987,1.3609127854102807
2022-03-22,5035.2121,5153.9862,5027.2612,5131.9307,37865983.693,0.01693777,0.01693777,1.3839636147492709
2022-03-23,5123.4572,5162.224,5086.0847,5145.7513,40654128.255,0.0026930599999999997,0.0026930599999999997,1.387690712532178
2022-03-24,5123.4924,5153.7888,5108.4714,5128.4379,29616220.508,-0.0033645999999999997,-0.0033645999999999997,1.3830216869649388
2022-03-25,5119.3995,5189.4007,5111.8258,5124.2886,30520995.599,-0.0008090799999999999,-0.0008090799999999999,1.3819027162378636
2022-03-28,5105.0607,5206.4535,5072.9535,5187.1653,37343917.237,0.012270330000000001,0.012270330000000001,1.3988591153208647
2022-03-29,5178.678,5197.4013,5148.224,5177.7105,32262034.839,-0.0018227299999999998,-0.0018227299999999998,1.3963093733329748
2022-03-30,5175.7204,5244.5809,5171.9664,5244.3886,43762747.515,0.01287791,0.01287791,1.4142909225188618
2022-03-31,5242.1622,5348.4804,5240.246,5303.2837,50527436.545,0.01123012,0.01123012,1.4301735757057061
2022-04-01,5270.6932,5363.4888,5262.0846,5357.4278,49352673.363,0.01020954,0.01020954,1.4447749935216847
2022-04-06,5365.1235,5453.7463,5339.5853,5447.7716,61150305.44,0.01686328,0.01686328,1.4691386374068571
2022-04-07,5408.2743,5442.1196,5342.3424,5342.5239,48134743.329,-0.0193194,-0.0193194,1.4407557546574767
2022-04-08,5349.5557,5400.783,5285.1459,5399.535,47446941.926,0.010671189999999999,0.010671189999999999,1.4561303363985807
2022-04-11,5371.4048,5376.7214,5262.605,5280.0061,47967217.568,-0.02213689,-0.02213689,1.4238961426455348
2022-04-12,5269.9605,5301.3244,5203.9344,5264.8159,44521062.565,-0.0028769299999999998,-0.0028769299999999998,1.4197996952596097
2022-04-13,5245.9713,5323.9267,5205.3733,5254.4667,41631567.805,-0.00196573,-0.00196573,1.4170087541734873
2022-04-14,5274.7247,5399.2111,5259.6024,5379.7854,42360439.613,0.02384994,0.02384994,1.4508043237527257
2022-04-15,5368.9812,5439.6585,5325.4371,5347.8981,51723392.381,-0.00592724,-0.00592724,1.4422050527273795
2022-04-18,5297.792,5341.2713,5263.416,5276.5601,43802546.489,-0.01333945,-0.01333945,1.42296683574425
2022-04-19,5278.1851,5346.5607,5238.9264,5338.5267,39171974.74,0.011743749999999999,0.011743749999999999,1.4396778018003042
2022-04-20,5321.4683,5331.9383,5166.5332,5182.9115,42122120.747,-0.02914947,-0.02914947,1.3977119633485242
2022-04-21,5176.6512,5207.7207,5047.2979,5062.8475,38839903.726,-0.023165360000000003,-0.023165360000000003,1.3653334654391005
2022-04-22,5039.0126,5154.2582,5014.333,5128.399,37808320.736,0.01294756,0.01294756,1.3830111965300986
2022-04-25,5057.9999,5057.9999,4858.6673,4859.1573,47056873.305,-0.05250015,-0.05250015,1.3104029057803346
2022-04-26,4857.6133,4899.5016,4753.8386,4766.7064,39540021.392,-0.01902612,-0.01902612,1.2854710255133577
2022-04-27,4720.6684,4820.8503,4675.2166,4820.5909,45571279.827,0.011304350000000001,0.011304350000000001,1.3000024351832034
2022-04-28,4806.5296,4905.7999,4796.0614,4883.1703,44636330.783,0.012981689999999999,0.012981689999999999,1.316878659297617
2022-04-29,4910.5239,5020.6255,4881.077,5019.2283,53019833.746,0.02786264,0.02786264,1.3535703709560687
2022-05-05,5022.9494,5067.2259,4999.9503,5052.006,46331662.094,0.00653043,0.00653043,1.3624097623716949
2022-05-06,4952.8746,4995.3522,4905.3742,4921.834,33630257.127,-0.0257664,-0.0257664,1.3273053694656989
2022-05-09,4897.783,4942.8679,4879.1917,4934.0392,27769535.124,0.0024798100000000003,0.0024798100000000003,1.3305968310418925
2022-05-10,4856.3177,4930.9977,4816.3221,4930.6719,38092889.857,-0.00068246,-0.00068246,1.3296887477195778
2022-05-11,4923.4742,4978.7479,4916.6312,4923.273,40004286.959,-0.00150059,-0.00150059,1.3276934346516969
2022-05-12,4909.2481,4951.668,4869.0558,4911.5352,29369478.121,-0.00238415,-0.00238415,1.324528020099781
2022-05-13,4920.3562,5028.3112,4920.3562,5028.3112,37743072.729,0.02377587,0.02377587,1.3560198200720528
2022-05-16,5081.0284,5093.7274,5033.1272,5078.7809,39843701.071,0.01003711,0.01003711,1.3696303367626448
2022-05-17,5065.8236,5071.2044,4994.2652,5040.8226,36109396.47,-0.0074739,-0.0074739,1.3593938567420285
2022-05-18,5027.8082,5041.6578,4987.9161,5006.19,30854796.319,-0.006870429999999999,-0.006870429999999999,1.3500542414810184
2022-05-19,4935.531,5024.278,4926.6645,5024.2502,31617217.639,0.00360757,0.00360757,1.3549246618230344
2022-05-20,5021.5815,5072.3274,5020.2838,5070.655,39794175.379,0.00923616,0.00923616,1.3674389685243535
2022-05-23,5081.7755,5092.41,5057.1433,5084.9867,36286473.541,0.0028264,0.0028264,1.3713038982159222
2022-05-24,5080.7772,5085.4132,4951.5297,4951.5297,37526672.357,-0.0262453,-0.0262453,1.3353136164037391
2022-05-25,4943.8912,5031.2878,4932.8213,5031.2878,28296238.722,0.01610777,0.01610777,1.3568225405950838
2022-05-26,5027.3598,5091.4468,4994.9453,5081.9916,33476382.095,0.0100777,0.0100777,1.3704961886686098
2022-05-27,5081.2826,5093.3846,5039.0776,5074.4263,31378535.035,-0.00148865,-0.00148865,1.3684560013498952
2022-05-30,5076.9815,5079.7123,5033.9529,5072.0614,31724080.241,-0.00046604,-0.00046604,1.3678182422405367
2022-05-31,5062.7977,5077.5437,5040.7238,5070.5271,34313888.102,-0.0003025,-0.0003025,1.3674044768375648
2022-06-01,5057.378,5095.0753,5044.1671,5093.2163,30518736.622,0.00447472,0.00447472,1.373523231957888
2022-06-02,5074.2898,5074.2898,5029.8912,5054.2338,31113092.474,-0.00765381,-0.00765381,1.363010548765973
2022-06-06,5053.7653,5074.7912,5019.3663,5073.1216,43420870.053,0.00373703,0.00373703,1.3681041537834104
2022-06-07,5063.3103,5100.5123,5044.5824,5087.4234,36323226.696,0.0028191300000000004,0.0028191300000000004,1.3719610201330321
2022-06-08,5090.8919,5127.2195,5029.138,5125.1709,38443345.544,0.00741977,0.00741977,1.382140652244539
2022-06-09,5115.3173,5153.5789,5072.5138,5100.7594,41449858.893,-0.00476306,-0.00476306,1.375557432447465
2022-06-10,5054.2693,5142.896,5045.5808,5134.1267,41273233.948,0.0065416300000000005,0.0065416300000000005,1.3845558254153247
2022-06-13,5099.8572,5122.3216,5032.1856,5071.6427,40165615.283,-0.01217033,-0.01217033,1.3677053284855838
2022-06-14,5032.9185,5144.4366,5013.1087,5143.2939,38426887.61,0.014127810000000001,0.014127810000000001,1.3870280083014126
2022-06-15,5134.3181,5214.9512,5119.6982,5137.3642,53520764.761,-0.0011529,-0.0011529,1.3854289046645731
2022-06-16,5126.9988,5160.4408,5045.0638,5058.3695,40643577.01,-0.0153765,-0.0153765,1.3641258518860089
2022-06-17,5032.2436,5065.0715,4999.9302,5056.8537,32207563.004,-0.00029966,-0.00029966,1.3637170755073182
2022-06-20,5036.9139,5051.102,5005.7104,5035.0745,40697607.297,-0.00430687,-0.00430687,1.357843726446243
2022-06-21,5028.3424,5064.182,4998.6573,5037.4703,36618588.214,0.00047582,0.00047582,1.3584898185745364
2022-06-22,5044.3561,5044.3561,4966.9849,4970.5763,30538343.102,-0.01327928,-0.01327928,1.3404500461269002
2022-06-23,4973.6803,5039.9466,4958.1594,5039.9466,33007244.698,0.01395619,0.01395619,1.3591576197003787
2022-06-24,5038.6755,5052.5618,5012.7192,5033.9618,34508973.204,-0.0011874700000000001,-0.0011874700000000001,1.35754365686149
2022-06-27,5042.1165,5090.0448,5039.2602,5079.5629,37864400.998,0.009058690000000001,0.009058690000000001,1.3698412241674052
2022-06-28,5081.5707,5125.7771,5074.2775,5125.1371,36368351.272,0.00897207,0.00897207,1.3821315371623384
2022-06-29,5107.4626,5145.9136,5090.3324,5091.243,45355676.305,-0.00661331,-0.00661331,1.372991078357103
2022-06-30,5089.917,5123.9051,5083.6141,5106.4698,40881294.443,0.00299078,0.00299078,1.3770973959207957
2022-07-01,5109.6496,5136.3496,5072.7603,5125.9429,36607140.357,0.00381342,0.00381342,1.3823488428794177
2022-07-04,5127.9782,5143.8105,5110.5589,5143.8105,36938361.019,0.00348572,0.00348572,1.387167323433509
2022-07-05,5150.8609,5173.8239,5108.3963,5151.2179,38414337.498,0.00144006,0.00144006,1.3891649287557892
2022-07-06,5125.6491,5125.6491,5021.1633,5050.6118,36980464.837,-0.01953055,-0.01953055,1.3620337787147674
2022-07-07,5049.2665,5094.9254,5032.8175,5081.066,30879558.055,0.006029799999999999,0.006029799999999999,1.370246575648346
2022-07-08,5092.5358,5099.2137,5064.4143,5070.861,30875357.741,-0.00200844,-0.00200844,1.3674945219839196
2022-07-11,5048.7124,5048.7124,4979.3563,4997.901,34369334.68,-0.01438809,-0.01438809,1.3478188889259544
2022-07-12,4994.6858,5032.976,4982.496,4997.9361,33324979.016,7.0200000000000006e-06,7.0200000000000006e-06,1.3478283545882397
2022-07-13,4989.7801,5020.1071,4971.7098,5004.2743,35396719.082,0.0012681600000000002,0.0012681600000000002,1.3495376212747527
2022-07-14,4977.6999,4982.5887,4926.0082,4937.89,37356811.538,-0.01326552,-0.01326552,1.3316353031879946
2022-07-15,4908.4162,4920.4759,4813.9362,4813.9362,41711265.144,-0.02510258,-0.02510258,1.2982078157299297
2022-07-18,4829.2559,4932.1107,4829.2559,4932.1107,33073788.005,0.02454841,0.02454841,1.330076758970178
2022-07-19,4940.2711,4958.5863,4918.229,4951.3882,28306945.014,0.00390857,0.00390857,1.335275457109911
2022-07-20,4957.9447,4972.0606,4945.831,4968.2179,25263746.967,0.00339899,0.00339899,1.3398140399179652
2022-07-21,4961.5763,4961.5763,4896.2076,4896.2076,32122939.017,-0.01449419,-0.01449419,1.3203945190956792
2022-07-22,4893.8415,4906.0805,4841.6134,4874.2956,25334706.672,-0.0044753,-0.0044753,1.3144853569305732
2022-07-25,4881.6649,4901.4267,4860.5857,4869.8414,22745213.936,-0.00091381,-0.00091381,1.3132841616898003
2022-07-26,4870.9269,4949.0462,4857.5592,4938.786,25579929.32,0.01415746,0.01415746,1.331876933769408
2022-07-27,4934.1908,4954.6441,4907.562,4943.2277,23166154.782,0.00089935,0.00089935,1.3330747580478288
2022-07-28,4954.9618,4968.7213,4939.6035,4962.8899,25417997.028,0.0039776,0.0039776,1.3383772009249166
2022-07-29,4968.0206,4976.1209,4918.2899,4921.7183,28418824.738,-0.00829589,-0.00829589,1.327274167838166
2022-08-01,4918.2483,4946.6024,4889.9519,4937.8859,27756077.482,0.00328495,0.00328495,1.3316341975123431
2022-08-02,4897.1975,4897.1975,4756.3516,4798.7797,31300061.939,-0.028171210000000002,-0.028171210000000002,1.2941204564585063
2022-08-03,4800.0923,4853.5604,4734.7714,4736.1082,27697380.932,-0.01305988,-0.01305988,1.2772193950934805
2022-08-04,4753.1875,4764.1045,4705.0574,4762.2823,22641497.128,0.0055265,0.0055265,1.2842779475499293
2022-08-05,4768.3072,4800.6991,4733.7968,4797.1442,21460350.152,0.007320419999999999,0.007320419999999999,1.2936793997443299
2022-08-08,4794.2707,4876.8677,4785.9355,4873.2309,23365633.172,0.01586083,0.01586083,1.3141982318412526
2022-08-09,4874.41,4890.4425,4854.0627,4883.649,21256445.153,0.00213782,0.00213782,1.3170077536718612
2022-08-10,4883.1815,4884.6679,4846.444,4862.6151,18862880.624,-0.004307,-0.004307,1.3113353948700803
2022-08-11,4885.5453,4926.0132,4876.6704,4923.7214,22368934.986,0.012566550000000001,0.012566550000000001,1.3278143578131991
2022-08-12,4924.5692,4965.1849,4922.4593,4957.3534,22701915.699,0.00683061,0.00683061,1.3368841342798312
2022-08-15,4956.6507,4989.1605,4943.6091,4969.8452,24493933.464,0.00251985,0.00251985,1.3402528852808384
2022-08-16,4976.3774,5003.4424,4969.067,4996.1046,25213933.744,0.00528375,0.00528375,1.347334441184379
2022-08-17,5001.9442,5019.6215,4982.387,5012.0491,28353308.414,0.00319139,0.00319139,1.3516343059224922
2022-08-18,5006.8076,5010.18,4958.8397,4969.3372,22096440.699,-0.008521840000000001,-0.008521840000000001,1.3401158893708405
2022-08-19,4972.3108,5032.4249,4970.7051,5006.9979,27771103.997,0.00757862,0.00757862,1.350272113519773
2022-08-22,5007.4232,5054.5982,4997.5126,5050.9213,26747324.091,0.0087724,0.0087724,1.3621172437426106
2022-08-23,5043.0122,5087.5133,5021.1088,5075.6273,26141923.076,0.00489138,0.00489138,1.3687798834127052
2022-08-24,5076.1571,5081.6827,4979.4336,4984.4626,28803019.709,-0.01796127,-0.01796127,1.3441948616879313
2022-08-25,5001.6474,5076.227,4997.7346,5073.6245,31253120.805,0.01788797,0.01788797,1.3682397743407684
2022-08-26,5069.0505,5095.9414,5037.6221,5051.2158,26686776.062,-0.0044167,-0.0044167,1.362196663615631
2022-08-29,5010.0736,5093.7643,4985.3465,5090.8457,29367782.068,0.00784562,0.00784562,1.3728839356896971
2022-08-30,5088.6025,5103.4579,5031.2108,5060.863,26881270.763,-0.00588953,-0.00588953,1.364798291456048
2022-08-31,5056.7486,5062.4971,4996.9244,5009.623,33456441.392,-0.01012476,-0.01012476,1.3509800425814569
2022-09-01,5018.2657,5098.2703,5000.5016,5043.0279,29018391.526,0.00666815,0.00666815,1.3599885754040726
2022-09-02,5039.4976,5058.7648,5020.094,5040.1258,22164453.885,-0.00057547,-0.00057547,1.3592059458166612
2022-09-05,5050.3348,5115.8301,5037.2267,5115.8301,27504805.799,0.01502032,0.01502032,1.3796216534333021
2022-09-06,5122.971,5201.739,5113.5425,5201.739,31783678.711,0.01679276,0.01679276,1.402789306843574
2022-09-07,5180.9807,5194.6039,5156.3347,5187.116,25353522.252,-0.00281118,-0.00281118,1.3988458202453473
2022-09-08,5180.0673,5188.6152,5144.4993,5168.4662,23941274.764,-0.00359541,-0.00359541,1.3938163983510978
2022-09-09,5168.8282,5230.5849,5165.9242,5222.8554,33267660.782,0.01052328,0.01052328,1.4084839139968803
2022-09-13,5227.3356,5228.9239,5174.1453,5187.6275,28142572.695,-0.0067449499999999996,-0.0067449499999999996,1.3989837600248036
2022-09-14,5129.0657,5173.0907,5123.7601,5144.5946,22631482.095,-0.00829529,-0.00829529,1.3873787771599448
2022-09-15,5173.7723,5206.6156,5074.9705,5134.2684,36731592.057,-0.0020071900000000003,-0.0020071900000000003,1.3845940386445506
2022-09-16,5115.9224,5134.9884,4975.1508,4975.1508,37168477.309,-0.03099129,-0.03099129,1.341683683509352
2022-09-19,4969.6455,4999.4328,4931.6238,4975.774,26102333.532,0.00012526,0.00012526,1.3418517462083888
2022-09-20,5001.6831,5016.4708,4968.1474,4980.3913,24143184.025,0.00092796,0.00092796,1.3430969257659346
2022-09-21,4970.8266,5036.0903,4938.6605,5020.6196,22215404.318,0.008077339999999999,0.008077339999999999,1.3539455725497302
2022-09-22,4995.6335,5027.7759,4987.8599,5015.0548,23819071.119,-0.00110839,-0.00110839,1.3524448740458794
2022-09-23,5006.421,5052.4402,4950.4873,4962.2136,24311748.363,-0.010536509999999999,-0.010536509999999999,1.3381948183778072
2022-09-26,4934.4032,4962.1469,4865.7294,4872.4905,25614397.044,-0.01808127,-0.01808127,1.3139985629992006
2022-09-27,4883.8008,4930.363,4826.7324,4930.363,23040669.207,0.0118774,0.0118774,1.3296054444979275
2022-09-28,4925.8583,4927.7125,4869.6435,4869.6435,20933976.508,-0.012315419999999999,-0.012315419999999999,1.3132307926138385
2022-09-29,4904.8634,4921.6683,4823.2974,4846.587,23251814.446,-0.00473474,-0.00473474,1.307012985135755
2022-09-30,4858.0305,4918.0915,4844.3332,4869.9909,24141922.421,0.00482894,0.00482894,1.313324478399534
2022-10-10,4886.7044,4952.7719,4847.247,4856.0239,29705892.89,-0.00286797,-0.00286797,1.3095578999055564
2022-10-11,4857.268,4864.7888,4791.5573,4856.6655,22005463.901,0.00013212,0.00013212,1.3097309246611757
2022-10-12,4848.6358,4924.6696,4788.6066,4924.6696,23105253.546,0.014002220000000001,0.014002220000000001,1.328070065533396
2022-10-13,4897.1128,4905.7996,4831.0005,4878.2975,26629190.081,-0.00941629,-0.00941629,1.3155645772695899
2022-10-14,4891.2949,4959.6333,4891.2949,4934.5125,26660549.489,0.01152349,0.01152349,1.3307244691604003
2022-10-17,4912.6068,4940.8123,4859.2638,4935.9049,25119713.389,0.00028218,0.00028218,1.331099967398749
2022-10-18,4942.3173,4967.6705,4923.542,4941.3127,23245254.219,0.0010956,0.0010956,1.3325583266154548
2022-10-19,4929.0351,4956.4872,4900.4653,4901.7465,22159247.216,-0.00800722,-0.00800722,1.3218882329655361
2022-10-20,4880.8329,4907.1768,4844.5388,4855.4973,22089480.531,-0.00943525,-0.00943525,1.3094158880035782
2022-10-21,4864.2591,4912.0536,4860.4888,4878.474,23068871.196,0.0047321,0.0047321,1.3156121752580048
2022-10-24,4876.2082,4901.1113,4755.5074,4772.9081,30937588.896,-0.021639119999999998,-0.021639119999999998,1.2871434812909834
2022-10-25,4765.4536,4784.3958,4709.3812,4753.564,24026657.346,-0.0040529,-0.0040529,1.2819268226638376
2022-10-26,4758.7633,4786.6189,4725.6021,4741.7555,29338287.081,-0.00248414,-0.00248414,1.2787423419488568
2022-10-27,4740.0996,4787.8118,4737.8074,4754.4951,27656172.836,0.0026866800000000003,0.0026866800000000003,1.2821779189075364
2022-10-28,4737.4238,4738.2108,4617.9718,4628.8304,30186108.249,-0.02643071,-0.02643071,1.248289041090386
2022-10-31,4595.0158,4614.5599,4547.5011,4561.9989,35269503.049,-0.0144381,-0.0144381,1.2302661234545114
2022-11-01,4573.3595,4622.2285,4541.7094,4622.1442,37958157.771,0.01318398,0.01318398,1.2464859268119846
2022-11-02,4613.8911,4697.7138,4604.3175,4679.5331,29963764.635,0.012416080000000001,0.012416080000000001,1.261962392519225
2022-11-03,4647.0392,4670.5543,4637.9239,4654.3345,21914273.901,-0.00538485,-0.00538485,1.2551669099647507
2022-11-04,4656.7145,4768.4578,4656.2874,4750.5437,29335046.146,0.02067088,0.02067088,1.2811123172564227
2022-11-07,4742.2558,4803.4974,4736.2619,4784.9273,24896361.659,0.007237820000000001,0.007237820000000001,1.290384782947375
2022-11-08,4790.0389,4799.6709,4770.6041,4790.0193,21486038.688,0.00106417,0.00106417,1.2917579781712119
2022-11-09,4793.5522,4831.867,4793.5522,4795.2336,23230592.783,0.00108858,0.00108858,1.293164154890704
2022-11-10,4773.6011,4811.0825,4734.9944,4793.4693,21634283.766,-0.00036793,-0.00036793,1.2926883637804494
2022-11-11,4866.0839,4938.9683,4848.4257,4900.0226,43097802.329,0.02222885,0.02222885,1.3214233368056043
2022-11-14,4948.4909,4985.4432,4900.2188,4914.2351,50224162.385,0.0029005,0.0029005,1.3252561210001812
2022-11-15,4907.4767,4962.6541,4893.8361,4961.8809,34802953.741,0.009695470000000001,0.009695470000000001,1.3381050968438382
2022-11-16,4960.1295,4965.8644,4934.6854,4943.7381,27614645.065,-0.0036564400000000004,-0.0036564400000000004,1.333212401182598
2022-11-17,4933.2465,4936.5678,4890.9555,4924.1986,27792828.552,-0.00395237,-0.00395237,1.3279430476719607
2022-11-18,4920.3052,4935.2481,4890.2535,4891.5442,24185761.045,-0.00663141,-0.00663141,1.319136907428978
2022-11-21,4866.4275,4894.857,4827.6243,4894.16,23617823.218,0.00053476,0.00053476,1.3198423284946719
2022-11-22,4899.6671,4937.4784,4877.3932,4899.1869,29393587.561,0.00102712,0.00102712,1.3211979677465782
2022-11-23,4890.9366,4923.6709,4880.2804,4910.7696,28938307.951,0.00236421,0.00236421,1.3243215553976266
2022-11-24,4931.6946,4952.3012,4919.5309,4945.974,24921276.642,0.00716882,0.00716882,1.3338153719604808
2022-11-25,4942.4603,5018.8399,4935.2006,5007.6149,41139697.878,0.01246284,0.01246284,1.350438504221483
2022-11-28,4948.6245,4990.0054,4919.8129,4986.3839,32371766.659,-0.0042397400000000005,-0.0042397400000000005,1.344712992085331
2022-11-29,5042.0512,5134.6687,5037.0452,5129.6265,53460997.28,0.028726750000000002,0.028726750000000002,1.3833422250330956
2022-11-30,5128.0291,5180.4381,5099.6174,5120.0521,49743508.046,-0.0018664900000000002,-0.0018664900000000002,1.3807602296774184
2022-12-01,5149.9377,5165.7479,5086.9076,5093.5771,41805038.498,-0.00517085,-0.00517085,1.3736205314152252
2022-12-02,5083.9401,5086.959,5045.7194,5077.2213,33640457.958,-0.00321106,-0.00321106,1.3692097485318717
2022-12-05,5113.3422,5161.145,5113.3422,5151.1459,44067565.857,0.01456005,0.01456005,1.3891455120126401
2022-12-06,5137.1924,5148.6266,5103.9028,5125.573,33620931.635,-0.00496451,-0.00496451,1.3822490893614883
2022-12-07,5120.2032,5123.9174,5068.5792,5095.9529,34673161.773,-0.00577889,-0.00577889,1.3742612300037547
2022-12-08,5096.2051,5123.9155,5078.3109,5106.7151,30474675.647,0.00211191,0.00211191,1.3771635476859976
2022-12-09,5109.6506,5158.5749,5092.8264,5151.5545,45473969.214,0.00878048,0.00878048,1.3892557020300125
2022-12-12,5156.2634,5165.4988,5074.3628,5077.8586,37838611.351,-0.01430557,-0.01430557,1.3693816136764418
2022-12-13,5074.7985,5115.0555,5074.2895,5101.5963,26009424.069,0.00467475,0.00467475,1.375783125118877
2022-12-14,5099.2942,5103.7595,5070.8733,5082.2494,24741197.735,-0.00379232,-0.00379232,1.3705657113961638
2022-12-15,5076.9188,5085.5751,5025.6831,5030.6117,24087706.152,-0.0101604,-0.0101604,1.356640211983372
2022-12-16,5016.9328,5101.0786,5016.659,5083.3404,28484528.466,0.01048157,0.01048157,1.3708599289902734
2022-12-19,5076.2475,5090.5562,4959.719,4978.9303,25904753.958,-0.02053966,-0.02053966,1.3427029276861964
2022-12-20,4965.5146,4980.9215,4913.3904,4928.7312,21112288.688,-0.01008231,-0.01008231,1.3291653855886074
2022-12-21,4934.5976,4969.418,4920.8496,4930.9022,15597169.753,0.00044048,0.00044048,1.3297508543299568
2022-12-22,4962.3495,4974.5226,4881.0636,4896.1758,19878887.718,-0.00704261,-0.00704261,1.320385943367455
2022-12-23,4882.9685,4923.1996,4870.8074,4890.0072,16266747.552,-0.00125988,-0.00125988,1.318722413898138
2022-12-26,4887.9248,4892.9541,4870.5852,4877.9674,19192548.371,-0.00246212,-0.00246212,1.3154755568957903
2022-12-27,4895.1347,4935.3182,4895.106,4928.713,20646509.03,0.01040302,0.01040302,1.3291604774674224
2022-12-28,4919.0527,4948.3488,4898.7681,4936.895,20500285.642,0.0016600699999999998,0.0016600699999999998,1.3313669745847507
2022-12-29,4926.167,4926.2076,4884.7136,4892.7946,20606211.182,-0.008932820000000001,-0.008932820000000001,1.3194741115350044
2022-12-30,4909.3442,4934.6138,4896.1463,4925.8579,21509555.228,0.00675755,0.00675755,1.3283905226984558
2023-01-03,4925.9635,4961.9449,4914.431,4957.7815,27865570.675,0.006480820000000001,0.006480820000000001,1.336999582998473
2023-01-04,4957.7888,5012.8184,4945.9862,4996.9112,33240590.83,0.00789258,0.00789258,1.347551962643049
2023-01-05,5004.5537,5017.8176,4992.16,5010.5086,26990465.577,0.0027211600000000002,0.0027211600000000002,1.3512188685221935
2023-01-06,5013.5504,5019.3212,4988.9742,5000.1082,24821685.853,-0.00207572,-0.00207572,1.3484141199742758
2023-01-09,5012.4186,5016.6553,4986.0728,4997.3119,26153572.247,-0.0005592500000000001,-0.0005592500000000001,1.3476600222122146
2023-01-10,4996.6556,4996.6556,4966.1458,4968.9988,24065045.719,-0.00566567,-0.00566567,1.340024630678039
2023-01-11,4972.8098,5014.8169,4968.0471,4995.8475,28697313.203,0.00540324,0.00540324,1.347265107230717
2023-01-12,4991.519,4991.519,4958.3843,4976.5391,21813111.414,-0.00386489,-0.00386489,1.3420580760720489
2023-01-13,4980.2143,5019.2458,4977.0811,5019.2458,22772044.74,0.00858161,0.00858161,1.3535750903033619
2023-01-16,5029.8165,5062.0235,5017.5946,5038.5611,32941169.93,0.0038482499999999997,0.0038482499999999997,1.3587839822332484
2023-01-17,5044.0479,5044.0479,5016.8,5030.9612,21712978.076,-0.0015083499999999999,-0.0015083499999999999,1.3567344640907426
2023-01-18,5036.3428,5049.8984,5030.0312,5036.7192,20727125.232,0.00114451,0.00114451,1.3582872641887107
2023-01-19,5035.1082,5057.0592,5015.1213,5057.0592,21380163.427,0.0040383400000000005,0.0040383400000000005,1.3637724941283902
2023-01-20,5063.0695,5106.6742,5059.654,5106.6742,26566635.06,0.00981104,0.00981104,1.3771525178971809
2023-01-30,5147.5287,5151.2477,5085.481,5088.4584,35940448.688,-0.0035670600000000004,-0.0035670600000000004,1.3722401358158036
2023-01-31,5078.6534,5105.5017,5071.6017,5099.7113,26545975.312,0.00221146,0.00221146,1.3752747839961486
2023-02-01,5106.7994,5117.2224,5076.9502,5115.4126,29326506.547,0.00307886,0.00307886,1.379509063290735
2023-02-02,5122.5409,5134.1155,5094.1614,5123.7449,29393365.679,0.00162886,0.00162886,1.3817560928593875
2023-02-03,5113.7078,5113.7078,5052.631,5078.3412,25630006.329,-0.00886143,-0.00886143,1.3695117597909399
2023-02-06,5059.2155,5067.4194,5037.4492,5049.7994,24280134.251,-0.0056203,-0.0056203,1.361814693129566
2023-02-07,5056.0699,5081.3169,5053.3327,5076.7373,22575516.317,0.005334449999999999,0.005334449999999999,1.3690792248695902
2023-02-08,5082.3689,5085.1394,5051.7052,5054.0931,19570655.771,-0.00446038,-0.00446038,1.3629726052137352
2023-02-09,5052.6691,5092.2998,5048.1775,5091.4248,19626070.344,0.00738643,0.00738643,1.3730401056335548
2023-02-10,5089.7429,5104.9011,5071.1701,5093.7288,20225760.993,0.00045253000000000003,0.00045253000000000003,1.3736614414143327
2023-02-13,5093.2399,5115.2877,5071.0244,5111.8712,30892413.839,0.00356171,0.00356171,1.378554029204777
2023-02-14,5122.6403,5141.0324,5116.6064,5138.1849,23241448.726,0.005147570000000001,0.005147570000000001,1.3856502285687764
2023-02-15,5139.4718,5139.4718,5098.467,5106.61,23649250.629,-0.00614515,-0.00614515,1.377135204634539
2023-02-16,5109.5314,5146.4579,5037.7942,5062.7955,30028250.006,-0.00857996,-0.00857996,1.365319442235715
2023-02-17,5062.066,5109.7172,5062.066,5069.2342,25012232.242,0.0012717700000000002,0.0012717700000000002,1.3670558114595406
2023-02-20,5088.7949,5182.7456,5088.3174,5182.7456,39702222.849,0.022392219999999997,0.022392219999999997,1.3976672239361843
2023-02-21,5202.2199,5250.6043,5193.7021,5241.1907,37517621.828,0.01127686,0.01127686,1.4134285224783456
2023-02-22,5230.6115,5259.9261,5217.9052,5244.3046,26100659.503,0.00059412,0.00059412,1.4142682696518543
2023-02-23,5264.7316,5286.8312,5231.7483,5251.396,30836743.121,0.0013522100000000002,0.0013522100000000002,1.4161806570458682
2023-02-24,5253.2966,5254.1986,5201.0197,5230.0646,25256521.977,-0.00406204,-0.00406204,1.4104280693401021
2023-02-27,5222.5216,5256.6655,5212.7404,5222.782,24201304.442,-0.0013924500000000002,-0.0013924500000000002,1.4084641197059475
2023-02-28,5225.8548,5249.2792,5201.227,5245.9443,26180883.975,0.00443486,0.00443486,1.4147104590093809
2023-03-01,5252.8064,5282.0949,5245.8658,5281.4776,31541488.17,0.006773479999999999,0.006773479999999999,1.424292972333649
2023-03-02,5277.4346,5319.1925,5269.907,5304.9916,33051337.087,0.00445216,0.00445216,1.4306341570338272
2023-03-03,5308.5308,5333.2252,5290.9113,5327.927,34650501.627,0.00432336,0.00432336,1.4368193066286414
2023-03-06,5336.4912,5342.9397,5295.6582,5302.978,38657236.993,-0.00468268,-0.00468268,1.4300911354504182
2023-03-07,5306.6495,5360.2398,5268.9256,5271.2937,49302968.585,-0.0059748100000000005,-0.0059748100000000005,1.4215466088536735
2023-03-08,5257.3787,5268.6576,5237.1712,5267.1538,27163239.908,-0.00078537,-0.00078537,1.420430173090287
2023-03-09,5275.6757,5289.1584,5241.7968,5250.3011,25331103.658,-0.00319958,-0.00319958,1.4158853877115045
2023-03-10,5230.8281,5230.8281,5154.3875,5156.6232,28363588.817,-0.01784239,-0.01784239,1.3906226137800248
2023-03-13,5150.4869,5219.0596,5150.1977,5219.0596,30121788.209,0.012108,0.012108,1.407460274085128
2023-03-14,5209.0893,5229.837,5154.2945,5175.8748,29570279.335,-0.00827444,-0.00827444,1.3958143272857637
2023-03-15,5196.3293,5248.6716,5185.5617,5238.4384,28650548.834,0.01208754,0.01208754,1.4126862905037645
2023-03-16,5214.5109,5239.2335,5185.407,5189.8522,35584303.904,-0.00927494,-0.00927494,1.3995837104204187
2023-03-17,5213.639,5265.5002,5208.5929,5220.7732,36445653.568,0.00595797,0.00595797,1.4079223925720816
2023-03-20,5229.3392,5263.828,5192.6498,5196.1273,37330787.846,-0.00472074,-0.00472074,1.4012759604889773
2023-03-21,5207.6251,5222.8721,5182.7567,5195.3517,27782631.75,-0.00014926999999999999,-0.00014926999999999999,1.401066799016941
2023-03-22,5205.0712,5244.6969,5197.5395,5219.8761,25813367.099,0.00472045,0.00472045,1.4076804653459811
2023-03-23,5215.3631,5224.9519,5192.0384,5224.2042,26134351.157,0.00082916,0.00082916,1.408847654318544
2023-03-24,5226.4624,5226.4755,5178.2049,5181.6082,28838842.623,-0.008153589999999999,-0.008153589999999999,1.3973604933298227
2023-03-27,5178.2845,5178.2845,5112.816,5139.553,36411349.992,-0.00811624,-0.00811624,1.386019173656312
2023-03-28,5151.6723,5161.1933,5124.9609,5141.399,28573185.928,0.00035917999999999996,0.00035917999999999996,1.3865169973765015
2023-03-29,5155.2108,5158.8176,5123.0624,5126.5222,28159993.735,-0.00289353,-0.00289353,1.3825050667586734
2023-03-30,5130.2604,5161.2479,5096.4221,5158.6573,31672532.986,0.0062683999999999995,0.0062683999999999995,1.3911711637416915
2023-03-31,5163.2468,5196.6444,5157.2684,5175.8851,28463080.149,0.00333959,0.00333959,1.3958171049587422
2023-04-03,5181.8541,5209.7396,5177.7742,5199.3675,32685069.104,0.00453689,0.00453689,1.4021497678660937
2023-04-04,5199.2658,5227.6188,5188.1858,5217.9849,31845841.809,0.0035807,0.0035807,1.407170452225926
2023-04-06,5212.9496,5212.9496,5184.0318,5185.4373,22990218.145,-0.00623758,-0.00623758,1.3983931134852812
2023-04-07,5191.9322,5217.2928,5186.3459,5205.3899,26101547.862,0.0038478099999999997,0.0038478099999999997,1.403773870559738
2023-04-10,5205.5753,5215.3904,5190.8492,5206.9005,27891103.619,0.0002902,0.0002902,1.40418124461809
2023-04-11,5206.4135,5241.7083,5191.3799,5240.3212,32643650.184,0.00641854,0.00641854,1.4131940383371189
2023-04-12,5250.9613,5295.208,5246.9653,5292.2625,33136847.436,0.00991185,0.00991185,1.4272014116835234
2023-04-13,5293.8212,5311.8828,5279.2071,5293.2456,31575041.766,0.00018575999999999998,0.00018575999999999998,1.427466531130608
2023-04-14,5304.2664,5311.696,5265.5785,5287.0289,29653201.438,-0.00117446,-0.00117446,1.4257900301981594
2023-04-17,5285.0426,5359.7568,5278.0788,5359.7568,44578139.14,0.01375591,0.01375591,1.445403071227167
2023-04-18,5357.0853,5383.2628,5342.9302,5379.556,43153512.94,0.00369405,0.00369405,1.4507424598516359
2023-04-19,5379.9155,5397.5095,5366.3685,5374.9389,37419013.421,-0.00085827,-0.00085827,1.449497334229488
2023-04-20,5371.3309,5391.1565,5331.4156,5383.531,36767872.573,0.00159855,0.00159855,1.4518144258796708
2023-04-21,5383.4601,5417.92,5318.2422,5318.818,38342766.979,-0.012020550000000001,-0.012020550000000001,1.4343628189432658
2023-04-24,5330.3355,5355.0229,5297.5005,5314.8677,39846271.062,-0.0007427,-0.0007427,1.4332975139368391
2023-04-25,5326.9593,5357.3844,5263.1034,5332.1421,41673326.359,0.0032502,0.0032502,1.4379560221015393
2023-04-26,5309.9763,5372.378,5276.7043,5345.3802,39407213.743,0.0024827,0.0024827,1.4415260330388289
2023-04-27,5343.6563,5378.2042,5318.8427,5357.9061,38518895.814,0.00234331,0.00234331,1.4449039800251333
2023-04-28,5339.9475,5417.2679,5339.9475,5414.9459,46309690.051,0.010645910000000001,0.010645910000000001,1.4602863014957983
2023-05-04,5387.8547,5528.4456,5384.1168,5523.839,75039427.681,0.02010973,0.02010973,1.489652264737908
2023-05-05,5538.5833,5579.4924,5484.2025,5537.914,64443829.574,0.00254805,0.00254805,1.4934479683466095
2023-05-08,5527.982,5670.0044,5527.9289,5653.0053,88063381.644,0.02078243,0.02078243,1.5244854434968862
2023-05-09,5663.1008,5715.6051,5600.8646,5607.7164,84351931.253,-0.00801147,-0.00801147,1.5122720693466825
2023-05-10,5588.4524,5600.0066,5477.2429,5499.4512,60779408.954,-0.01930647,-0.01930647,1.4830754362854541
2023-05-11,5502.4132,5533.7894,5473.4518,5495.8546,40383953.448,-0.00065399,-0.00065399,1.4821055160297483
2023-05-12,5487.1088,5534.7226,5458.3499,5463.1357,39139460.019,-0.00595338,-0.00595338,1.4732819816210276
2023-05-15,5457.9936,5461.7814,5353.0568,5461.7814,47299437.535,-0.0002479,-0.0002479,1.472916758075929
2023-05-16,5459.5474,5479.2628,5410.0613,5423.5172,37801533.58,-0.00700581,-0.00700581,1.4625977838646271
2023-05-17,5407.6486,5432.3598,5379.4924,5396.7055,30691335.164,-0.0049436,-0.0049436,1.4553672853605117
2023-05-18,5405.0768,5464.3684,5401.2467,5426.5123,36346666.684,0.00552315,0.00552315,1.4634054934119396
2023-05-19,5414.3659,5414.5009,5354.16,5360.5872,30217150.391,-0.01214871,-0.01214871,1.4456270109981557
2023-05-22,5346.9187,5384.5853,5334.6628,5355.0149,29371190.725,-0.00103949,-0.00103949,1.4441242899168933
2023-05-23,5356.1072,5364.8019,5287.3933,5287.3933,30844863.337,-0.01262771,-0.01262771,1.425888300492654
2023-05-24,5276.1265,5276.1265,5206.3986,5211.9924,37192048.651,-0.014260509999999999,-0.014260509999999999,1.4055544128742283
2023-05-25,5197.7931,5216.5505,5137.0855,5188.2419,29813243.262,-0.00455689,-0.00455689,1.3991494495663446
2023-05-26,5186.2868,5243.9089,5164.8563,5233.144,26189101.761,0.00865459,0.00865459,1.4112585126575188
2023-05-29,5220.5887,5295.166,5218.914,5268.174,33448524.926,0.006693869999999999,0.006693869999999999,1.4207052975536332
2023-05-30,5254.1236,5273.7008,5203.0246,5262.09,32472740.533,-0.00115486,-0.00115486,1.4190645827575168
2023-05-31,5239.5638,5252.2299,5196.4567,5214.2105,32451525.527,-0.00909895,-0.00909895,1.4061525834017212
2023-06-01,5205.5828,5241.7711,5178.4172,5195.6708,31635381.49,-0.0035556100000000003,-0.0035556100000000003,1.4011528529438708
2023-06-02,5200.7646,5229.8217,5197.9095,5225.2303,32374535.658,0.005689260000000001,0.005689260000000001,1.4091243698761204
2023-06-05,5221.2981,5259.6159,5206.0051,5252.5754,27433745.154,0.00523328,0.00523328,1.4164987140857332
2023-06-06,5243.3506,5291.1181,5198.9414,5209.3483,31786624.08,-0.0082297,-0.0082297,1.4048413599497687
2023-06-07,5212.0564,5259.5847,5211.4829,5247.881,25801555.924,0.00739684,0.00739684,1.4152327424323985
2023-06-08,5240.7016,5302.1616,5212.4171,5295.1971,32837497.717,0.00901623,0.00901623,1.4279928057730509
2023-06-09,5293.6605,5307.7181,5269.8526,5284.1484,31740045.322,-0.00208655,-0.00208655,1.425013225633693
2023-06-12,5275.1286,5277.6618,5245.1724,5252.3151,33180681.039,-0.0060243,-0.0060243,1.4164285171657087
2023-06-13,5247.1824,5268.6796,5229.6832,5243.4003,24597026.988,-0.0016973099999999998,-0.0016973099999999998,1.4140244007514389
2023-06-14,5245.7418,5267.6129,5213.9165,5214.8935,29889384.931,-0.0054367,-0.0054367,1.4063367727846514
2023-06-15,5213.6499,5219.6102,5188.3951,5216.5775,27634001.639,0.00032292000000000003,0.00032292000000000003,1.4067909088327548
2023-06-16,5212.4697,5228.2571,5196.7502,5197.7652,30826241.096,-0.0036062499999999996,-0.0036062499999999996,1.401717664427925
2023-06-19,5196.9788,5197.542,5131.1162,5132.5413,30880605.603,-0.01254845,-0.01254845,1.3841282795182566
2023-06-20,5129.6246,5131.0902,5089.9041,5090.2633,24735040.981,-0.00823724,-0.00823724,1.372726875811778
2023-06-21,5073.7857,5095.4986,5040.6996,5040.6996,24444109.445,-0.00973696,-0.00973696,1.3593606864724816
2023-06-26,5017.9251,5017.9251,4964.635,4974.2752,27870321.982,-0.013177620000000001,-0.013177620000000001,1.3414475543384974
2023-06-27,4981.5253,5072.6914,4973.0299,5060.8202,26896899.637,0.01739851,0.01739851,1.3647867492809536
2023-06-28,5053.0468,5084.6346,5032.538,5084.6346,23699777.225,0.00470564,0.00470564,1.3712089449483824
2023-06-29,5070.9038,5084.0088,5049.355,5067.4507,21203857.414,-0.00337957,-0.00337957,1.366574842551113
2023-06-30,5056.1425,5091.4154,5052.7865,5072.5473,21345711.879,0.00100575,0.00100575,1.3679492782890958
2023-07-03,5082.1119,5131.4649,5082.1119,5125.9614,26752012.605,0.01053003,0.01053003,1.3823538319036992
2023-07-04,5123.2963,5123.2963,5081.752,5100.7727,24738046.025,-0.00491395,-0.00491395,1.375561019151408
2023-07-05,5087.8977,5103.0177,5071.2297,5086.7693,19216579.784,-0.0027453499999999997,-0.0027453499999999997,1.3717846244150604
2023-07-06,5067.573,5085.932,5045.3282,5054.0354,20230000.487,-0.006435110000000001,-0.006435110000000001,1.362957044851517
2023-07-07,5045.6231,5090.1312,5041.1934,5072.59,19564407.825,0.00367124,0.00367124,1.3679607934964912
2023-07-10,5092.1481,5103.3081,5070.4509,5093.4076,20050033.415,0.0041039399999999995,0.0041039399999999995,1.3735748211657277
2023-07-11,5101.9515,5108.2739,5072.112,5103.3483,20784712.721,0.0019516800000000001,0.0019516800000000001,1.3762555992021768
2023-07-12,5095.9265,5102.6976,5060.7611,5064.7159,23392954.703,-0.00757001,-0.00757001,1.3658373299238251
2023-07-13,5065.7748,5120.0109,5065.5854,5113.901,24329008.271,0.00971132,0.00971132,1.3791014195553948
2023-07-14,5108.8114,5133.2273,5099.2633,5111.7184,23699090.91,-0.0004268,-0.0004268,1.3785128225609826
2023-07-17,5077.2231,5077.2715,5037.6695,5060.9423,20055913.739,-0.00993327,-0.00993327,1.3648196768412106
2023-07-18,5060.6326,5072.9139,5033.9993,5056.1214,19982455.204,-0.0009525699999999999,-0.0009525699999999999,1.3635195910488707
2023-07-19,5047.8543,5077.1312,5043.5909,5076.3131,18809177.214,0.0039935199999999995,0.0039935199999999995,1.3689648278912023
2023-07-20,5073.4458,5088.3981,5043.7519,5048.749,21658140.5,-0.005429939999999999,-0.005429939999999999,1.3615314244211767
2023-07-21,5041.6675,5061.0395,5028.8989,5046.854,18983948.42,-0.00037534,-0.00037534,1.3610203865285666
2023-07-24,5045.3721,5068.0749,5023.7905,5048.471,17828218.099,0.0003204,0.0003204,1.3614564542184613
2023-07-25,5087.9365,5133.9154,5087.9365,5132.8386,42832258.129,0.01671152,0.01671152,1.3842084544868438
2023-07-26,5131.8038,5149.2123,5120.8356,5141.997,27436570.766,0.00178428,0.00178428,1.3866782642154358
2023-07-27,5139.2775,5194.3252,5133.9952,5147.4536,32612683.183,0.0010611800000000001,0.0010611800000000001,1.3881497836691652
2023-07-28,5139.6936,5246.4311,5137.3202,5241.7957,45014670.153,0.01832792,0.01832792,1.4135916770561971
2023-07-31,5263.4586,5315.8481,5261.7692,5278.6579,49736447.514,0.00703236,0.00703236,1.4235325641300642
2023-08-01,5278.3919,5305.5032,5264.5774,5283.4628,34202490.773,0.0009102499999999999,0.0009102499999999999,1.4248283350905935
2023-08-02,5272.5332,5281.5503,5221.7947,5235.2922,32555968.308,-0.00911724,-0.00911724,1.4118378327635372
2023-08-03,5227.8403,5267.5667,5206.2162,5264.085,30611843.8,0.00549975,0.00549975,1.4196025883489454
2023-08-04,5288.7151,5310.6733,5247.8006,5248.909,34244811.316,-0.00288293,-0.00288293,1.4155099703762524
2023-08-07,5234.9707,5234.9707,5188.1584,5203.1077,28101407.348,-0.00872587,-0.00872587,1.4031584137373025
2023-08-08,5196.4728,5214.2753,5171.9531,5195.8537,21869331.503,-0.0013941700000000001,-0.0013941700000000001,1.4012021768650098
2023-08-09,5189.3137,5191.6251,5163.8785,5172.8763,19715348.852,-0.00442226,-0.00442226,1.3950057008366916
2023-08-10,5164.1385,5196.0521,5156.4337,5185.8257,20944404.472,0.0025033300000000002,0.0025033300000000002,1.3984978560274923
2023-08-11,5189.1146,5194.3666,5105.884,5105.884,25533450.806,-0.015415419999999999,-0.015415419999999999,1.376939419141117
2023-08-14,5071.0227,5111.817,5039.7857,5103.1855,24264161.076,-0.00052851,-0.00052851,1.3762116957885002
2023-08-15,5105.9454,5143.2469,5094.3241,5137.0411,21876133.235,0.006634210000000001,0.006634210000000001,1.3853417720296908
2023-08-16,5126.2764,5164.4389,5100.1334,5134.5093,21088676.978,-0.00049285,-0.00049285,1.3846590038310043
2023-08-17,5116.7456,5141.6971,5090.233,5134.9776,22437916.892,9.121e-05,9.121e-05,1.3847852935645713
2023-08-18,5131.9776,5182.2936,5112.6633,5112.6633,22741352.751,-0.00434555,-0.00434555,1.3787676403471185
2023-08-21,5108.55,5129.4333,5059.3748,5059.3748,23272962.431,-0.010422849999999999,-0.010422849999999999,1.364396958162231
2023-08-22,5073.9764,5107.3874,5048.3469,5099.7647,24334753.966,0.00798318,0.00798318,1.3752891847473174
2023-08-23,5098.138,5137.1112,5082.2102,5085.6213,24016848.713,-0.0027733400000000004,-0.0027733400000000004,1.3714750352326242
2023-08-24,5092.5999,5110.5033,5056.7075,5061.5614,24028514.778,-0.00473097,-0.00473097,1.364986633864596
2023-08-25,5056.6493,5108.9597,5044.8471,5071.8677,24287734.707,0.00203619,0.00203619,1.3677660058079253
2023-08-28,5286.1618,5288.8955,5128.8353,5141.9299,50185791.045,0.01381389,0.01381389,1.3866601688895286
2023-08-29,5134.6611,5164.1256,5109.5454,5151.0754,38626690.481,0.00177861,0.00177861,1.3891264997849728
2023-08-30,5149.8064,5164.8155,5108.4601,5113.6297,31209209.812,-0.00726949,-0.00726949,1.3790282561885003
2023-08-31,5113.1159,5136.6458,5055.0578,5060.8994,32557096.571,-0.01031172,-0.01031172,1.3648081076984178
2023-09-01,5070.8057,5129.1633,5070.8057,5114.916,36009780.015,0.01067332,0.01067332,1.3793751416984026
2023-09-04,5138.1072,5206.7829,5138.1072,5194.1615,44922670.022,0.01549302,0.01549302,1.4007458294656034
2023-09-05,5190.6556,5190.6556,5144.5289,5153.7671,30382274.215,-0.00777689,-0.00777689,1.3898523893340702
2023-09-06,5144.6002,5164.4936,5125.4232,5152.7007,25743645.84,-0.00020691999999999998,-0.00020691999999999998,1.3895648057938699
2023-09-07,5146.8439,5167.6434,5122.4404,5125.6082,25802295.187,-0.00525792,-0.00525792,1.3822585819914721
2023-09-08,5113.5354,5115.3419,5079.8695,5092.095,18655038.758,-0.00653839,-0.00653839,1.3732208431510364
2023-09-11,5099.5157,5140.6744,5099.5157,5129.3779,27577092.831,0.00732172,0.00732172,1.3832751833338328
2023-09-12,5129.7769,5137.5252,5117.1996,5122.7665,19246592.05,-0.00128893,-0.00128893,1.3814922408941475
2023-09-13,5131.309,5164.1634,5116.5237,5136.9986,23222040.002,0.0027782099999999997,0.0027782099999999997,1.3853303107576929
2023-09-14,5137.095,5189.6016,5128.2513,5188.4465,33533623.821,0.01001517,0.01001517,1.3992046254781272
2023-09-15,5194.795,5222.2518,5162.4814,5176.4278,32450696.256,-0.00231644,-0.00231644,1.3959634586602303
2023-09-18,5172.6126,5187.896,5136.3417,5182.1694,25639772.152,0.00110918,0.00110918,1.397511836055592
2023-09-19,5180.3695,5222.5424,5175.8635,5216.8452,28284673.04,0.0066913699999999994,0.0066913699999999994,1.4068631013624917
2023-09-20,5212.8637,5237.8279,5191.2884,5223.7886,24950337.351,0.00133096,0.00133096,1.4087355765622542
2023-09-21,5220.4954,5236.1696,5188.3113,5189.7566,23886155.711,-0.006514809999999999,-0.006514809999999999,1.399557929300348
2023-09-22,5190.255,5214.9215,5166.7233,5211.9694,27885328.579,0.00428012,0.00428012,1.4055482103035002
2023-09-25,5206.6869,5232.1101,5192.1272,5201.5588,26141205.01,-0.00199744,-0.00199744,1.402740711050303
2023-09-26,5199.5174,5206.5315,5175.5574,5178.0539,19740404.236,-0.00451882,-0.00451882,1.3964019804107175
2023-09-27,5181.6373,5191.9935,5160.2086,5160.2086,22165393.368,-0.00344633,-0.00344633,1.3915895136534626
2023-09-28,5175.6912,5184.741,5156.784,5161.125,19648101.502,0.00017759,0.00017759,1.3918366456454352
2023-10-09,5141.9527,5153.8995,5100.1715,5142.7127,26091226.015,-0.0035675,-0.0035675,1.3868712720358798
2023-10-10,5145.0979,5157.993,5088.0844,5091.6277,23556218.294,-0.00993347,-0.00993347,1.3730948230944577
2023-10-11,5098.6059,5105.1348,5067.8071,5075.7901,25233206.178,-0.00311052,-0.00311052,1.3688237868263815
2023-10-12,5099.7487,5131.6717,5099.0386,5127.166,29469221.358,0.01012175,0.01012175,1.3826786848036667
2023-10-13,5108.9964,5129.3776,5098.2626,5120.7103,25351308.597,-0.0012591199999999999,-0.0012591199999999999,1.3809377310710418
2023-10-16,5125.1435,5136.8779,5102.883,5130.5163,24629427.171,0.00191497,0.00191497,1.3835821836171822
2023-10-17,5132.3876,5143.1024,5117.1728,5140.4928,22684961.219,0.0019445399999999998,0.0019445399999999998,1.3862726160898082
2023-10-18,5132.8473,5135.9095,5090.8629,5093.106,24556851.009,-0.00921834,-0.00921834,1.3734934865860913
2023-10-19,5077.1515,5077.1515,5007.4255,5008.1936,28810485.706,-0.01667203,-0.01667203,1.3505945662945456
2023-10-20,4994.7826,5015.7258,4975.5378,4982.368,23051683.896,-0.0051566699999999995,-0.0051566699999999995,1.3436299962684797
2023-10-23,4972.8755,4980.0312,4894.8594,4915.646,22375291.197,-0.01339162,-0.01339162,1.325636608262811
2023-10-24,4931.2096,4962.2412,4915.3758,4953.0429,25857001.966,0.00760773,0.00760773,1.3357216916222605
2023-10-25,5001.2765,5019.2634,4983.6844,4997.211,30340760.139,0.00891737,0.00891737,1.347632811804107
2023-10-26,4980.0389,5027.9714,4973.5282,5021.195,25254275.569,0.00479948,0.00479948,1.3541007446887319
2023-10-27,5016.3206,5061.9313,5012.3079,5041.4708,28600492.802,0.00403804,0.00403804,1.3595686613657698
2023-10-30,5033.56,5043.3715,4982.2801,4989.67,34926485.921,-0.01027494,-0.01027494,1.345599177636205
2023-10-31,4985.8158,5009.2171,4973.5278,4998.8946,29447423.939,0.0018487400000000002,0.0018487400000000002,1.3480868399814148
2023-11-01,5001.6001,5002.9032,4971.1664,4992.9413,23146880.733,-0.00119092,-0.00119092,1.3464813719676543
2023-11-02,4994.0477,5025.0532,4994.0477,5001.1963,21881191.583,0.0016533300000000002,0.0016533300000000002,1.3487075555051198
2023-11-03,5004.9714,5019.8071,4976.1672,4977.7857,22162517.7,-0.004681,-0.004681,1.3423942554055202
2023-11-06,4991.2956,5001.8894,4959.1525,4969.887,35091186.974,-0.0015867899999999998,-0.0015867899999999998,1.3402641577789445
2023-11-07,4968.9306,4980.4344,4947.2181,4967.4888,24474991.073,-0.00048255,-0.00048255,1.3396174184258798
2023-11-08,4962.5878,4980.3163,4946.0303,4961.33,25240236.046,-0.00123982,-0.00123982,1.337956531791047
2023-11-09,4961.6711,5005.5744,4959.4843,4993.8853,29414585.959,0.00656181,0.00656181,1.3467359470445006
2023-11-10,4981.2248,4989.0393,4953.0967,4975.8006,26903421.044,-0.00362137,-0.00362137,1.3418589196162742
2023-11-13,4983.6495,4993.5201,4944.5725,4984.6953,24660763.956,0.00178759,0.00178759,1.344257615523082
2023-11-14,4980.5869,4990.8465,4963.7048,4977.8441,23809446.345,-0.0013744500000000002,-0.0013744500000000002,1.3424100045416303
2023-11-15,5002.6157,5006.8993,4988.6574,5002.0913,23372998.182,0.00487102,0.00487102,1.3489489164095454
2023-11-16,4994.2866,5009.5154,4982.5179,4995.8553,22338611.836,-0.00124668,-0.00124668,1.3472672107112247
2023-11-17,4984.9631,4990.9091,4959.8336,4982.9461,19911086.929,-0.00258398,-0.00258398,1.343785896535349
2023-11-20,4987.7106,5004.5114,4970.7914,4995.5161,19685838.353,0.0025226,0.0025226,1.3471757362768324
2023-11-21,5003.0807,5049.5605,5003.0649,5014.0273,27333378.84,0.00370556,0.00370556,1.3521677809405195
2023-11-22,5006.6929,5034.9302,4998.8014,4998.8014,19772638.57,-0.00303666,-0.00303666,1.3480617060861162
2023-11-23,5000.6804,5042.0593,4990.6749,5037.9512,22584740.815,0.00783184,0.00783184,1.3586195062381548
2023-11-24,5036.6982,5057.1891,5028.7333,5041.0734,23030276.281,0.00061974,0.00061974,1.3594614917306653
2023-11-27,5041.5888,5041.5888,5001.6504,5027.7528,28826274.928,-0.00264241,-0.00264241,1.3558692324418504
2023-11-28,5022.8519,5030.4315,4992.7381,5027.3766,21497912.171,-7.482e-05,-7.482e-05,1.3557677799588952
2023-11-29,5027.1714,5030.1319,4986.5142,4992.1274,26314187.402,-0.00701145,-0.00701145,1.3462618818669705
2023-11-30,4991.0011,5011.5423,4985.8108,5008.6145,25711773.542,0.00330262,0.00330262,1.3507080733388726
2023-12-01,5008.9186,5027.5363,5000.5278,5023.6238,26738942.746,0.0029966999999999997,0.0029966999999999997,1.3547557361576352
2023-12-04,5025.0865,5038.6894,5012.9718,5024.1428,23490805.919,0.00010331,0.00010331,1.354895698514503
2023-12-05,5018.3844,5018.3844,4956.7595,4959.3167,24889049.035,-0.01290292,-0.01290292,1.3374135911107345
2023-12-06,4954.5674,4971.5322,4918.3908,4957.1893,26946677.289,-0.00042897,-0.00042897,1.3368398802860701
2023-12-07,4953.2881,4978.2077,4931.2581,4964.688,26134355.728,0.00151269,0.00151269,1.3388621071173716
2023-12-08,4957.7359,4986.2528,4939.7649,4963.7549,34852204.909,-0.00018795,-0.00018795,1.3386104715196965
2023-12-11,4952.2166,5044.0987,4900.3479,5039.6988,38065304.372,0.01529969,0.01529969,1.3590907937427064
2023-12-12,5035.3618,5078.7925,5009.8629,5078.0651,31030749.152,0.00761282,0.00761282,1.369437301974502
2023-12-13,5066.8501,5074.5544,5034.3241,5036.1163,24610030.437,-0.00826078,-0.00826078,1.358124675932534
2023-12-14,5045.715,5059.3447,5028.4355,5031.5238,20846557.799,-0.0009119099999999999,-0.0009119099999999999,1.3568861843642954
2023-12-15,5039.4135,5049.5335,4996.5309,5001.821,24693241.103,-0.00590334,-0.00590334,1.348876022719639
2023-12-18,4988.549,5027.038,4974.5435,4990.6419,22432793.118,-0.00223501,-0.00223501,1.3458612767010218
2023-12-19,4995.111,4995.111,4957.6528,4981.9427,18864616.153,-0.0017431,-0.0017431,1.3435153026454043
2023-12-20,4985.0712,5010.1705,4959.6461,4959.6461,26037791.677,-0.00447548,-0.00447548,1.3375024227106425
2023-12-21,4948.1346,4956.7937,4909.4025,4954.7063,27877318.398,-0.000996,-0.000996,1.336170272324407
2023-12-22,4955.6391,4978.2107,4932.3904,4943.319,28352826.223,-0.00229828,-0.00229828,1.3330993795568502
2023-12-25,4936.5444,4955.0597,4911.6403,4951.0593,19569445.619,0.00156581,0.00156581,1.335186760348497
2023-12-26,4956.4218,4981.4998,4917.7815,4921.8706,23818034.917,-0.00589545,-0.00589545,1.3273152396434664
2023-12-27,4924.1902,4953.6358,4902.9768,4950.1365,23185752.173,0.00574292,0.00574292,1.3349379024238
2023-12-28,4950.9455,4960.8236,4924.745,4943.7964,35745967.674,-0.00128079,-0.00128079,1.3332281233510095
2023-12-29,4935.5262,4975.8751,4933.9823,4969.6698,26179154.193,0.00523351,0.00523351,1.3402055839371108
2024-01-02,4970.2634,5042.2218,4968.392,5020.9933,33939023.612,0.010327349999999999,0.010327349999999999,1.354046350840215
2024-01-03,5014.1135,5074.7529,5012.4149,5074.1832,31735446.24,0.0105935,0.0105935,1.3683904428740674
2024-01-04,5074.3017,5100.0157,5056.4629,5096.1593,32707800.308,0.00433096,0.00433096,1.3743168913341162
2024-01-05,5092.5583,5166.3539,5077.3376,5099.2457,40531404.665,0.00060563,0.00060563,1.3751492223904498
2024-01-08,5092.0029,5092.2539,5044.1768,5046.0217,32427755.078,-0.010437620000000002,-0.010437620000000002,1.3607959343713003
2024-01-09,5040.9095,5084.8795,5014.8822,5074.4042,28808910.025,0.00562473,0.00562473,1.3684500414884562
2024-01-10,5064.1301,5077.6071,5046.523,5046.523,24859338.006,-0.00549448,-0.00549448,1.3609311234454773
2024-01-11,5041.285,5049.2825,5013.5187,5020.5794,29617919.798,-0.00514089,-0.00514089,1.3539347315348051
2024-01-12,5013.6381,5059.6257,5012.3689,5032.4176,23510205.267,0.00235794,0.00235794,1.3571272216563348
2024-01-15,5018.1864,5064.0866,5013.8392,5057.5149,25384118.198,0.00498713,0.00498713,1.363895385931906
2024-01-16,5052.3307,5081.6717,5027.2522,5075.1494,28593066.615,0.00348679,0.00348679,1.3686510047800515
2024-01-17,5066.042,5085.8264,5004.1065,5004.1065,30485949.902,-0.013998189999999999,-0.013998189999999999,1.3494923694761354
2024-01-18,4991.4224,4991.4224,4842.9832,4971.3035,45341722.971,-0.0065552200000000005,-0.0065552200000000005,1.3406461552327085
2024-01-19,4958.9364,4978.6869,4926.2141,4942.0795,31160889.739,-0.00587854,-0.00587854,1.3327651149299948
2024-01-22,4931.3302,4931.3302,4751.0691,4778.6825,39668495.507,-0.0330624,-0.0330624,1.2887007040915581
2024-01-23,4770.1715,4855.1128,4734.0954,4835.9292,31223087.153,0.0119796,0.0119796,1.3041388217310785
2024-01-24,4846.8616,4945.5239,4817.6857,4943.458,36046875.592,0.0222354,0.0222354,1.3331368646582076
2024-01-25,4955.6505,5085.8927,4950.7738,5085.8927,45349066.315,0.028812769999999998,0.028812769999999998,1.3715482255672178
2024-01-26,5084.0661,5168.4735,5081.1504,5152.4047,47761774.621,0.01307774,0.01307774,1.3894849814053671
2024-01-29,5168.2906,5213.4767,5158.8168,5166.2084,50776320.705,0.00267908,0.00267908,1.3932075216471742
2024-01-30,5146.9299,5187.5363,5094.8154,5098.2721,38908509.104,-0.01315013,-0.01315013,1.3748866648747529
2024-01-31,5074.5574,5138.2492,5053.8113,5079.3378,42509220.123,-0.00371387,-0.00371387,1.369780519877365
2024-02-01,5053.6147,5081.7596,5009.1454,5028.7856,37777994.298,-0.00995252,-0.00995252,1.3561477548352476
2024-02-02,5029.8904,5108.7568,4923.5157,5024.7982,47543789.482,-0.00079292,-0.00079292,1.3550724448125595
2024-02-05,5008.149,5078.8917,4907.3229,5020.678,58801630.981,-0.00081997,-0.00081997,1.3539613216858404
2024-02-06,4985.0414,5167.7826,4970.2292,5139.1514,58149843.103,0.02359709,0.02359709,1.385910871377857
2024-02-07,5135.0568,5240.3177,5094.5691,5240.3177,67434600.047,0.01968541,0.01968541,1.41319309446766
2024-02-08,5228.1083,5295.3556,5209.613,5244.2155,56138257.36,0.00074381,0.00074381,1.414244241432207
2024-02-19,5267.6006,5349.7215,5212.5383,5348.8828,55378746.645,0.01995862,0.01995862,1.4424706036576451
2024-02-20,5333.9059,5414.8638,5312.9972,5410.1912,41885787.439,0.011461909999999999,0.011461909999999999,1.459004068320076
2024-02-21,5386.168,5487.6493,5371.1292,5411.4537,52597383.897,0.00023336,0.00023336,1.4593445355176593
2024-02-22,5398.7774,5490.3956,5396.3171,5490.3956,41662335.58,0.01458793,0.01458793,1.4806333493512474
2024-02-23,5489.9922,5513.8787,5440.4724,5470.9763,43208227.039,-0.00353696,-0.00353696,1.4753964110145898
2024-02-26,5461.0505,5465.601,5354.3931,5374.6779,46698995.76,-0.017601679999999998,-0.017601679999999998,1.4494269485355715
2024-02-27,5358.5246,5408.296,5345.349,5402.8901,35701398.728,0.0052491,0.0052491,1.4570351296616397
2024-02-28,5394.9242,5430.7705,5350.7435,5352.3587,46725278.099,-0.00935266,-0.00935266,1.4434079739008767
2024-02-29,5331.0761,5414.0184,5329.0225,5414.0184,38399887.328,0.0115201,0.0115201,1.460036176089257
2024-03-01,5405.8461,5433.1602,5391.4617,5414.2425,37397338.899,4.139e-05,4.139e-05,1.4600966107023092
2024-03-04,5404.9514,5441.9121,5384.4067,5439.7557,43543477.867,0.0047122399999999995,0.0047122399999999995,1.4669769336372664
2024-03-05,5427.8038,5479.8533,5417.8777,5469.1493,43532400.065,0.0054034800000000004,0.0054034800000000004,1.4749037111571761
2024-03-06,5464.3402,5504.2212,5459.959,5467.6202,37619345.422,-0.00027959,-0.00027959,1.4744913480745427
2024-03-07,5467.276,5537.4955,5467.2526,5493.8044,36495715.404,0.00478896,0.00478896,1.481552624268572
2024-03-08,5490.3117,5526.6839,5468.2972,5524.1934,33548334.398,0.0055315,0.0055315,1.4897478382625207
2024-03-11,5518.7837,5529.3627,5435.7148,5482.4938,42602676.246,-0.00754854,-0.00754854,1.4785024157260087
2024-03-12,5468.6971,5469.3571,5365.3159,5379.1772,57415930.186,-0.018844819999999998,-0.018844819999999998,1.4506403062085116
2024-03-13,5365.5404,5375.2313,5314.9561,5356.5324,41624379.281,-0.00420971,-0.00420971,1.444533524746464
2024-03-14,5345.5825,5386.9779,5345.0593,5370.8322,35613109.479,0.0026696,0.0026696,1.4483898517421092
2024-03-15,5365.4622,5375.0883,5324.4072,5370.6004,38649637.185,-4.316000000000001e-05,-4.316000000000001e-05,1.448327340616248
2024-03-18,5361.5183,5366.0866,5324.7622,5357.7926,37297075.547,-0.0023848,-0.0023848,1.4448733716869742
2024-03-19,5352.4348,5378.4615,5333.3033,5338.3232,35286515.769,-0.00363385,-0.00363385,1.4396229225332084
2024-03-20,5328.5334,5368.2402,5309.2215,5359.2121,33576590.54,0.00391301,0.00391301,1.4452561781717026
2024-03-21,5358.6598,5379.6083,5337.4712,5365.8258,30316152.315,0.00123408,0.00123408,1.4470397408684605
2024-03-22,5359.7376,5377.4602,5312.3712,5347.7352,33573778.87,-0.00337145,-0.00337145,1.4421611223460042
2024-03-25,5328.4621,5418.115,5323.5643,5352.3645,38086987.569,0.0008656600000000001,0.0008656600000000001,1.4434095380274081
2024-03-26,5355.0521,5367.0153,5306.4407,5348.7607,36110527.633,-0.00067331,-0.00067331,1.4424376760973876
2024-03-27,5345.5684,5381.498,5330.6982,5330.6982,34280913.61,,,1.4375666354982992
2024-03-28,5321.6766,5357.3909,5288.5591,5325.6544,38101362.23,-0.0009461799999999999,-0.0009461799999999999,1.4362064387052926
2024-03-29,5317.6756,5381.6358,5314.9522,5380.7251,36605051.483,0.010340640000000002,0.010340640000000002,1.4510577392185229
2024-04-01,5369.6998,5399.0248,5360.9343,5396.8299,42366311.517,0.0029930499999999997,0.0029930499999999997,1.4554008331778419
2024-04-02,5391.0761,5434.5215,5388.9502,5416.8936,43089014.4,0.0037176799999999997,0.0037176799999999997,1.460811551365686
2024-04-03,5413.3721,5471.9749,5411.3988,5470.4836,40524574.398,0.00989312,0.00989312,1.475263541162511
2024-04-08,5455.3423,5516.773,5432.7296,5461.6517,45415125.735,-0.00161446,-0.00161446,1.4728817809705617
2024-04-09,5457.1173,5480.1042,5419.416,5441.7507,36795296.973,-0.00364377,-0.00364377,1.467514939228695
2024-04-10,5436.461,5486.4514,5429.501,5454.4099,40351173.878,0.00232631,0.00232631,1.4709288341575244
2024-04-11,5431.987,5530.8185,5422.6899,5502.4367,36846737.894,0.00880513,0.00880513,1.48388055693368
2024-04-12,5492.4211,5519.7467,5469.2855,5483.8509,34370188.588,-0.00337774,-0.00337774,1.4788683943666743
2024-04-15,5486.1469,5591.438,5457.3231,5585.2625,50029058.103,0.018492770000000002,0.018492770000000002,1.506216769221679
2024-04-16,5578.3177,5641.2776,5536.7827,5566.742,53573973.126,-0.00331596,-0.00331596,1.501222216562002
2024-04-17,5555.8794,5669.0568,5536.002,5669.0568,48635748.9,0.01837966,0.01837966,1.5288141636727353
2024-04-18,5663.7697,5742.6803,5660.4793,5693.4158,54232652.065,0.00429683,0.00429683,1.5353832254279294
2024-04-19,5659.1091,5748.3114,5655.5531,5710.2691,43782356.816,0.00296014,0.00296014,1.539928172612905
2024-04-22,5708.5678,5741.4368,5592.5378,5594.3976,46939996.879,-0.02029178,-0.02029178,1.5086802954764462
2024-04-23,5564.3603,5567.2742,5490.8981,5501.328,41071047.72,-0.01663621,-0.01663621,1.4835815660568794
2024-04-24,5500.4199,5509.6794,5451.1152,5509.2218,33939900.753,0.00143489,0.00143489,1.4857103422662128
2024-04-25,5501.3006,5539.1895,5493.6899,5536.7855,32143774.413,0.005003189999999999,0.005003189999999999,1.493143637865443
2024-04-26,5523.1176,5554.1365,5459.5752,5502.1408,56326937.445,-0.00625719,-0.00625719,1.483800759512876
2024-04-29,5470.3802,5503.7662,5427.316,5495.3081,65462673.12,-0.00124183,-0.00124183,1.4819581375557056
2024-04-30,5482.7842,5536.1135,5469.7897,5499.6595,56543811.635,0.00079184,0.00079184,1.4831316100020928
2024-05-06,5532.2343,5557.4981,5494.5873,5554.3174,63056094.103,0.00993842,0.00993842,1.4978715878546005
2024-05-07,5548.5719,5562.736,5528.608,5556.497,46308536.338,0.00039242,0.00039242,1.4984593758180482
2024-05-08,5550.1637,5588.3389,5544.9598,5563.1492,41621735.909,0.00119719,0.00119719,1.5002533210788513
2024-05-09,5562.458,5613.9135,5560.6447,5602.7265,38701997.957,0.00711419,0.00711419,1.510926408143339
2024-05-10,5602.7778,5632.7664,5576.6526,5628.2981,43698691.695,0.0045641300000000004,0.0045641300000000004,1.517822480214406
2024-05-13,5610.6344,5653.7702,5569.583,5644.1629,42518217.266,0.00281876,0.00281876,1.5221008516965608
2024-05-14,5638.8817,5644.0314,5597.3824,5627.962,39350641.291,-0.00287038,-0.00287038,1.5177318417786774
2024-05-15,5616.7998,5658.9058,5595.8754,5621.3279,35168264.958,-0.00117877,-0.00117877,1.5159427776713603
2024-05-16,5623.4489,5660.0171,5617.4298,5633.5526,47069767.065,0.0021747,0.0021747,1.5192394979488233
2024-05-17,5633.348,5691.0164,5609.6337,5689.0775,53826478.835,0.00985611,0.00985611,1.5342132857500872
2024-05-20,5690.5338,5759.6265,5688.5202,5742.413,61117265.335,0.00937507,0.00937507,1.5485966427534192
2024-05-21,5728.5409,5770.8488,5720.4771,5757.0172,42128586.465,0.00254322,0.00254322,1.5525350594242682
2024-05-22,5756.7697,5806.6297,5752.8434,5754.615,47866151.464,-0.00041725999999999997,-0.00041725999999999997,1.5518872413632505
2024-05-23,5732.5132,5733.8052,5662.3588,5675.4423,41724732.386,-0.01375812,-0.01375812,1.5305361860807893
2024-05-24,5654.6905,5721.7515,5647.6181,5650.8707,36684800.523,-0.00432946,-0.00432946,1.5239097909979071
2024-05-27,5658.2772,5735.2603,5658.2772,5732.4452,40975513.193,0.014435739999999999,0.014435739999999999,1.5459085564705906
2024-05-28,5731.1354,5747.364,5697.4385,5705.0825,35255183.297,-0.004773299999999999,-0.004773299999999999,1.5385294659459856
2024-05-29,5694.2745,5755.9879,5687.0027,5716.2082,33341731.086,0.00195014,0.00195014,1.5415298112134335
2024-05-30,5701.2121,5743.7886,5651.9683,5664.7676,36089732.61,-0.00899908,-0.00899908,1.5276574651350128
2024-05-31,5674.2439,5709.3341,5669.4873,5669.4873,33525153.626,0.00083317,0.00083317,1.5289302596161487
2024-06-03,5663.6464,5674.4433,5600.9476,5634.7944,41478118.125,-0.00611923,-0.00611923,1.5195743828327513
2024-06-04,5622.5778,5671.9583,5598.7947,5663.5283,37759592.958,0.00509937,0.00509937,1.5273232544435553
2024-06-05,5662.0276,5668.9189,5589.747,5591.3914,33016490.418,-0.0127371,-0.0127371,1.507869592514565
2024-06-06,5582.9637,5636.874,5579.884,5596.0987,39088403.266,0.00084188,0.00084188,1.5091390430010474
2024-06-07,5600.1417,5633.3276,5589.2401,5629.323,35822535.276,0.00593705,0.00593705,1.5180988721595967
2024-06-11,5621.5092,5626.5765,5517.046,5535.7516,39559084.873,-0.01662214,-0.01662214,1.4928648188273586
2024-06-12,5525.4421,5605.3215,5511.4409,5597.6489,37051043.32,0.01118137,0.01118137,1.5095570962681317
2024-06-13,5584.508,5591.2656,5513.0494,5528.935,33168988.439,-0.01227549,-0.01227549,1.4910265386696981
2024-06-14,5504.8862,5527.7329,5485.8588,5514.7118,50661912.132,-0.0025724999999999997,-0.0025724999999999997,1.4871908689313476
2024-06-17,5500.0873,5522.8836,5436.0809,5442.6937,39358863.806,-0.013059270000000001,-0.013059270000000001,1.4677692446285535
2024-06-18,5440.7282,5469.4749,5412.4641,5460.8694,29133182.924,0.0033394699999999998,0.0033394699999999998,1.4726708126627044
2024-06-19,5452.9621,5469.5922,5431.5135,5438.202,28147233.855,-0.00415088,-0.00415088,1.4665579365007237
2024-06-20,5430.8819,5450.6632,5407.0087,5421.5287,29465570.759,-0.00306596,-0.00306596,1.4620615311736216
2024-06-21,5408.8488,5442.9558,5397.5824,5417.796,29917648.647,-0.0006885,-0.0006885,1.461054907879824
2024-06-24,5400.8694,5401.3839,5322.8517,5347.6185,33175711.97,-0.01295315,-0.01295315,1.442129651041483
2024-06-25,5342.5603,5389.7893,5340.1447,5360.9035,31327838.256,0.00248428,0.00248428,1.4457123098295186
2024-06-26,5340.99,5372.0781,5313.2974,5368.9598,27524607.484,0.00150279,0.00150279,1.4478849085494319
2024-06-27,5354.1703,5371.8037,5321.7708,5334.2483,32735896.211,-0.006465220000000001,-0.006465220000000001,1.4385240157740542
2024-06-28,5319.2164,5382.5326,5317.3244,5354.8331,33481574.261,0.00385899,0.00385899,1.4440752626404412
2024-07-01,5353.7304,5475.1958,5353.5286,5471.4649,35638834.221,0.021780659999999997,0.021780659999999997,1.4755281751910168
2024-07-02,5472.6892,5487.8362,5427.7368,5464.4834,35899738.656,-0.00127598,-0.00127598,1.4736454252980045
2024-07-03,5456.3713,5471.7059,5411.1609,5419.5076,30698181.898,-0.00823057,-0.00823057,1.4615164870128012
2024-07-04,5418.9801,5441.6565,5376.5465,5384.2881,29719450.198,-0.00649865,-0.00649865,1.4520185983274254
2024-07-05,5382.5152,5394.283,5328.5964,5365.1284,35617459.046,-0.0035584500000000003,-0.0035584500000000003,1.4468516681369006
2024-07-08,5347.2924,5365.5632,5316.9837,5326.1849,33722350.907,-0.00725863,-0.00725863,1.4363495023475248
2024-07-09,5318.0515,5390.0185,5287.4412,5382.263,33229468.03,0.01052876,0.01052876,1.4514724754586523
2024-07-10,5351.5876,5355.9243,5268.3836,5273.2027,35350830.527,-0.020262910000000002,-0.020262910000000002,1.4220614222241184
2024-07-11,5292.2268,5298.6348,5253.7617,5283.2287,35100482.253,0.00190131,0.00190131,1.4247652037076592
2024-07-12,5260.8591,5289.3204,5244.614,5254.1366,35940769.176,-0.0055065,-0.0055065,1.4169197337996875
2024-07-15,5246.7929,5311.0667,5228.0793,5300.0384,33141621.971,0.008736319999999999,0.008736319999999999,1.42929839297595
2024-07-16,5283.6018,5289.1753,5242.5174,5263.4867,31048464.864,-0.0068965,-0.0068965,1.4194412406069146
2024-07-17,5251.2019,5261.4136,5214.207,5227.974,33763956.009,-0.0067469900000000005,-0.0067469900000000005,1.4098642826286032
2024-07-18,5211.3464,5239.7128,5174.3494,5235.4347,31081053.388,0.00142707,0.00142707,1.4118762617343537
2024-07-19,5222.6479,5222.6479,5174.2101,5199.048,34054733.748,-0.00695008,-0.00695008,1.4020636060683687
2024-07-22,5190.6795,5190.6795,5107.3511,5151.023,35976500.054,-0.009237269999999999,-0.009237269999999999,1.3891123687107922
2024-07-23,5144.7523,5147.0625,5087.1029,5087.1029,34432471.502,-0.0124092,-0.0124092,1.3718745886583188
2024-07-24,5078.6124,5100.351,5051.6336,5075.7172,34240754.99,-0.00223815,-0.00223815,1.3688041273739429
2024-07-25,5064.7398,5073.6726,5023.7329,5063.5377,35577671.005,-0.0023995600000000002,-0.0023995600000000002,1.3655195964963458
2024-07-26,5057.368,5080.8167,5027.9856,5062.3531,35569416.884,-0.00023395,-0.00023395,1.365200137136142
2024-07-29,5059.2971,5071.9367,5032.6741,5067.1545,28938802.535,0.00094845,0.00094845,1.3664949642272126
2024-07-30,5057.3889,5057.3889,5013.3337,5035.2247,28251541.795,-0.006301330000000001,-0.006301330000000001,1.3578842319298685
2024-07-31,5036.9957,5119.0769,5028.7691,5114.863,40235503.675,0.01581624,0.01581624,1.3793608488180287
2024-08-01,5116.5644,5133.8208,5105.2653,5105.844,35270246.816,-0.00176329,-0.00176329,1.3769286320615897
2024-08-02,5085.1072,5118.3839,5067.4347,5092.7985,26600455.205,-0.00255501,-0.00255501,1.3734105609122245
2024-08-05,5073.6284,5111.4709,5026.322,5034.1085,35293555.673,-0.01152412,-0.01152412,1.3575832184756569
2024-08-06,5053.7212,5075.0737,4982.1122,5018.3054,32008052.427,-0.00313921,-0.00313921,1.353321486063673
2024-08-07,5011.7998,5057.8066,4998.7371,5031.8537,26285632.852,0.00269978,0.00269978,1.3569751508026975
2024-08-08,5032.434,5066.1707,5019.3338,5055.4244,22639088.51,0.0046843,0.0046843,1.3633316261881057
2024-08-09,5059.3287,5073.7437,5034.2404,5034.2404,25976267.955,-0.00419035,-0.00419035,1.357618788870398
2024-08-12,5036.6531,5078.6603,5022.9113,5062.3355,23566278.826,0.0055808,0.0055808,1.36519539082115
2024-08-13,5069.4911,5076.3605,5035.0667,5070.0426,23528991.746,0.00152244,0.00152244,1.3672738183367892
2024-08-14,5062.1236,5071.263,5046.021,5047.3326,21394645.172,-0.004479250000000001,-0.004479250000000001,1.3611494539351117
2024-08-15,5045.2099,5110.6408,5035.9578,5092.5403,27975106.126,0.00895675,0.00895675,1.373340930313875
2024-08-16,5092.3181,5109.9553,5080.4595,5092.8593,27008739.987,6.264e-05,6.264e-05,1.3734269572731062
2024-08-19,5090.8774,5141.3543,5090.0713,5135.8034,29695800.27,0.00843222,0.00843222,1.3850079928214143
2024-08-20,5141.0829,5141.8155,5054.5436,5076.7441,31324726.712,-0.01149953,-0.01149953,1.36908105867311
2024-08-21,5065.5557,5066.8336,5009.6078,5036.835,27569219.528,-0.00786116,-0.00786116,1.3583184927839427
2024-08-22,5035.0583,5054.4183,5021.4441,5028.8785,29064645.694,-0.0015796599999999999,-0.0015796599999999999,1.35617280782745
2024-08-23,5020.7899,5048.0834,5005.5474,5034.1147,27723704.091,0.00104123,0.00104123,1.3575848904729835
2024-08-26,5034.359,5040.4693,4994.6711,5028.4443,26580521.661,-0.0011263900000000001,-0.0011263900000000001,1.3560557140791802
2024-08-27,5020.7406,5031.9855,5009.5519,5027.4893,28836025.491,-0.00018992,-0.00018992,1.3557981725554638
2024-08-28,5013.0475,5031.3293,4987.0133,5001.4171,27667609.367,-0.00518593,-0.00518593,1.348767100184111
2024-08-29,4997.0866,4997.858,4926.3956,4928.9106,37807825.115,-0.01449719,-0.01449719,1.3292137656402878
2024-08-30,4929.6871,4998.948,4903.6866,4946.0986,56986887.593,0.00348718,0.00348718,1.3338489737132087
2024-09-02,4932.503,4992.6862,4907.975,4964.3011,44197726.231,0.00368017,0.00368017,1.338757769090643
2024-09-03,4960.1522,4975.5653,4904.3804,4928.7821,38618291.077,-0.00715488,-0.00715488,1.329179112147306
2024-09-04,4906.3576,4944.2477,4890.73,4922.3766,30137270.131,-0.0012996099999999999,-0.0012996099999999999,1.327451696199488
2024-09-05,4921.9941,4938.6064,4902.3213,4922.9052,28180520.545,0.00010739,0.00010739,1.3275942474554425
2024-09-06,4916.2251,4940.6224,4872.7309,4875.41,24242767.645,-0.0096478,-0.0096478,1.3147858849662062
2024-09-09,4863.1334,4863.1334,4778.4056,4793.0864,31712666.26,-0.01688547,-0.01688547,1.2925851044616736
2024-09-10,4793.3906,4809.179,4747.8981,4797.0928,28317502.176,0.00083587,0.00083587,1.2936655383471374
2024-09-11,4779.3114,4779.3114,4686.9232,4703.9782,32669440.23,-0.019410629999999998,-0.019410629999999998,1.268554673463102
2024-09-12,4701.7236,4739.6026,4693.6953,4717.8606,26413501.815,0.0029511999999999997,0.0029511999999999997,1.272298437283879
2024-09-13,4720.2092,4749.0937,4696.5703,4696.5703,24028020.573,-0.0045127,-0.0045127,1.2665569333023277
2024-09-18,4696.732,4758.8599,4685.3816,4750.4738,24810426.496,0.0114772,0.0114772,1.2810934668349485
2024-09-19,4759.4491,4788.278,4711.3983,4765.3502,31511670.353,0.00313156,0.00313156,1.2851052895819814
2024-09-20,4757.6607,4772.6333,4734.1402,4759.7892,30652981.07,-0.00116697,-0.00116697,1.2836056158506857
2024-09-23,4756.9095,4824.0102,4751.7831,4810.4077,25692278.47,0.01063461,0.01063461,1.2972562604771194
2024-09-24,4840.8075,5025.9754,4840.8075,5025.9754,55104335.886,0.04481277,0.04481277,1.3553899085630507
2024-09-25,5093.4215,5200.0603,5087.2759,5093.9793,65726415.788,0.01353049,0.01353049,1.373728995499873
2024-09-26,5091.3306,5279.0662,5079.7401,5279.0662,67990005.345,0.036334439999999996,0.036334439999999996,1.4236426732443401
2024-09-27,5355.479,5395.0669,5262.6397,5355.8896,69221937.838,0.01455246,0.01455246,1.4443601763784588
2024-09-30,5511.0395,5750.1125,5431.2722,5699.2907,153885633.743,0.06411654,0.06411654,1.5369675507658165
2024-10-08,6209.6679,6209.6679,5608.3643,5753.6297,187481656.83,0.00953434,0.00953434,1.5516215286267923
2024-10-09,5655.6494,5655.6494,5313.8236,5313.8236,114912251.536,-0.07643976000000001,-0.07643976000000001,1.4330159441934753
2024-10-10,5329.0658,5593.9012,5329.0658,5478.7381,108190993.883,0.031035,0.031035,1.4774895898614826
2024-10-11,5482.6226,5517.2122,5337.8971,5382.6171,69205514.886,-0.01754437,-0.01754437,1.4515679680801687
2024-10-14,5432.0299,5564.0032,5419.0148,5524.007,82594222.043,0.026267870000000002,0.026267870000000002,1.489697570471923
2024-10-15,5498.3597,5522.4552,5400.9686,5400.9686,60638251.614,-0.0222734,-0.0222734,1.4565169453288427
2024-10-16,5375.2986,5515.7745,5372.98,5474.8487,66751169.126,0.01367905,0.01367905,1.4764407081836366
2024-10-17,5489.599,5520.1932,5383.4212,5383.4212,57489528.514,-0.01669955,-0.01669955,1.451784815346368
2024-10-18,5371.3646,5498.4954,5317.5364,5430.0753,67473012.192,0.00866625,0.00866625,1.4643663525208421
2024-10-21,5442.2315,5442.4355,5364.2579,5394.9871,63469154.537,-0.006461829999999999,-0.006461829999999999,1.454903872424015
2024-10-22,5390.6485,5442.6231,5377.1123,5429.9226,47042650.798,0.00647555,0.00647555,1.4643251728447462
2024-10-23,5429.925,5457.3503,5417.0614,5439.0771,46619333.676,0.00168594,0.00168594,1.4667939308330844
2024-10-24,5427.7315,5437.9924,5392.3398,5411.0452,36813797.448,-0.005153799999999999,-0.005153799999999999,1.4592343724679857
2024-10-25,5406.7618,5432.0422,5396.9724,5416.0412,42699069.653,0.0009232999999999999,0.0009232999999999999,1.4605816787009571
2024-10-28,5418.1448,5469.8608,5401.8556,5469.8608,55887883.756,0.00993707,0.00993707,1.4750955863342696
2024-10-29,5468.1028,5475.5281,5378.5431,5386.3328,53718131.585,-0.015270589999999999,-0.015270589999999999,1.452570006865167
2024-10-30,5368.3348,5399.955,5307.4286,5339.5949,47056579.229,-0.00867713,-0.00867713,1.4399658707590832
2024-10-31,5328.2406,5340.164,5268.6292,5319.4112,60269297.735,-0.00378001,-0.00378001,1.434522791332657
2024-11-01,5318.9616,5398.569,5310.0673,5360.4175,61915564.323,0.0077088,0.0077088,1.4455812468132605
2024-11-04,5379.416,5406.5488,5323.58,5406.5488,45147281.426,0.00860592,0.00860592,1.4580217968583116
2024-11-05,5408.5765,5475.9018,5391.5048,5475.9018,56856647.712,0.01282759,0.01282759,1.4767247050198942
2024-11-06,5479.5764,5486.2511,5430.6637,5455.843,63799389.565,-0.0036631000000000003,-0.0036631000000000003,1.4713153082492922
2024-11-07,5429.7917,5564.8524,5423.8689,5564.8524,73809010.993,0.0199803,0.0199803,1.5007126349251276
2024-11-08,5580.8309,5597.0788,5467.4426,5489.2792,72089434.139,-0.013580449999999999,-0.013580449999999999,1.4803322819616378
2024-11-11,5460.5194,5463.7121,5390.2091,5449.7675,61565572.518,-0.0071979800000000005,-0.0071979800000000005,1.4696768857075753
2024-11-12,5449.9488,5497.7552,5397.5239,5421.2598,62046909.848,-0.00523099,-0.00523099,1.4619890150314985
2024-11-13,5407.4449,5454.8076,5404.2592,5443.0658,52841426.142,0.00402231,0.00402231,1.467869591435857
2024-11-14,5440.6371,5449.0961,5369.5507,5372.7974,50249199.788,-0.012909710000000001,-0.012909710000000001,1.4489198209592902
2024-11-15,5359.1496,5415.8898,5356.6248,5356.6248,48263304.608,-0.0030100900000000004,-0.0030100900000000004,1.4445584429001719
2024-11-18,5399.6724,5523.4624,5399.6724,5444.9964,80085141.342,0.01649763,0.01649763,1.4683902298292466
2024-11-19,5436.7347,5465.9401,5380.2638,5449.5065,57145433.629,0.0008283,0.0008283,1.4696065000136591
2024-11-20,5432.3876,5466.5706,5419.1665,5465.7674,43441130.232,0.0029839199999999997,0.0029839199999999997,1.4739916905508337
2024-11-21,5455.2656,5478.1049,5435.6793,5461.1526,37405833.569,-0.00084431,-0.00084431,1.4727471851857585
2024-11-22,5456.4483,5476.1462,5312.3291,5312.3291,48182723.49,-0.0272513,-0.0272513,1.4326129119346334
2024-11-25,5321.4506,5366.1423,5288.3456,5320.6061,42365977.146,0.00155807,0.00155807,1.4348450283658392
2024-11-26,5310.3211,5346.0156,5301.1958,5322.6275,37111244.322,0.00037991999999999995,0.00037991999999999995,1.4353901534297557
2024-11-27,5310.9145,5380.4305,5259.8763,5380.4305,40213795.555,0.010859859999999999,0.010859859999999999,1.4509782923778038
2024-11-28,5373.7023,5390.1187,5349.3992,5358.4271,34630977.326,-0.00408952,-0.00408952,1.4450444817359775
2024-11-29,5358.7965,5420.5127,5358.7965,5392.2418,44237875.97,0.00631056,0.00631056,1.4541635281883512
2024-12-02,5405.7424,5429.2683,5376.5509,5420.6133,52048045.728,0.00526154,0.00526154,1.461814668858637
2024-12-03,5414.5776,5475.9073,5393.6368,5475.9073,54073271.631,0.010200689999999998,0.010200689999999998,1.4767261882433291
2024-12-04,5456.5522,5506.8497,5432.1266,5483.936,54329093.304,0.00146619,0.00146619,1.4788913438783686
2024-12-05,5473.2303,5485.922,5460.3523,5474.808,38265831.773,-0.0016645,-0.0016645,1.4764297323302176
2024-12-06,5477.784,5558.9355,5477.784,5549.6856,49951467.511,0.01367675,0.01367675,1.496622497980726
2024-12-09,5547.424,5590.4807,5529.5693,5558.7796,48541357.251,0.0016386500000000002,0.0016386500000000002,1.4990749405112789
2024-12-10,5656.4676,5670.735,5551.7736,5559.8859,67150053.753,0.00019902,0.00019902,1.4993732841633078
2024-12-11,5545.677,5601.0918,5545.4708,5587.8027,51445718.771,0.00502111,0.00502111,1.5069018027070662
2024-12-12,5587.0105,5612.8697,5567.7978,5609.6793,49673316.516,0.003915060000000001,0.003915060000000001,1.5128014183067904
2024-12-13,5592.2455,5592.2455,5506.8599,5511.5625,70148161.714,-0.01749063,-0.01749063,1.486341575192457
2024-12-16,5508.8248,5593.0872,5508.8248,5557.6935,60362094.924,0.00836986,0.00836986,1.4987820443344115
2024-12-17,5554.1994,5592.3805,5527.1614,5537.6366,52815466.741,-0.0036088500000000003,-0.0036088500000000003,1.493373159950087
2024-12-18,5552.5607,5611.7765,5552.5607,5571.9799,52744040.664,0.0062017999999999995,0.0062017999999999995,1.5026347576584151
2024-12-19,5538.6808,5554.8582,5487.7965,5518.3695,43995008.758,-0.00962143,-0.00962143,1.488177266451031
2024-12-20,5509.259,5523.6444,5469.829,5472.4159,44987375.688,-0.00832739,-0.00832739,1.4757846380067807
2024-12-23,5470.7654,5526.6539,5469.0341,5475.1306,56433035.477,0.0004960699999999999,0.0004960699999999999,1.4765167301266062
2024-12-24,5473.5907,5539.3652,5472.4652,5537.9309,47966173.23,0.0114701,0.0114701,1.4934525258877098
2024-12-25,5537.2642,5564.0535,5519.2341,5559.4571,48360061.121,0.0038870500000000004,0.0038870500000000004,1.499257646670774
2024-12-26,5555.0386,5556.5576,5523.0108,5533.8031,39221739.847,-0.004614480000000001,-0.004614480000000001,1.4923393532158806
2024-12-27,5527.6286,5549.2057,5490.6162,5545.5551,44973921.448,0.00212368,0.00212368,1.4955085971810285
2024-12-30,5541.1334,5616.4069,5540.9402,5612.2925,51359428.214,0.012034389999999999,0.012034389999999999,1.513506138212315
2024-12-31,5612.9777,5652.107,5580.623,5581.4952,56703209.734,-0.0054874699999999995,-0.0054874699999999995,1.5052008151040903
2025-01-02,5586.2251,5614.6521,5441.937,5470.1941,67313115.74,-0.019941089999999998,-0.019941089999999998,1.4751854696744315
2025-01-03,5482.1942,5515.9963,5415.3559,5424.4086,53091512.18,-0.008369999999999999,-0.008369999999999999,1.462838173931895
2025-01-06,5420.6709,5460.8538,5386.9638,5444.2594,49048946.563,0.00365953,0.00365953,1.4681914778889544
2025-01-07,5432.4677,5452.1978,5381.5252,5428.6272,40717149.178,-0.00287132,-0.00287132,1.4639758332742516
2025-01-08,5412.3768,5437.4626,5349.4062,5416.2977,48116345.718,-0.0022711999999999997,-0.0022711999999999997,1.4606508508484266
2025-01-09,5395.0191,5395.2127,5334.8391,5336.2342,38823644.584,-0.01478196,-0.01478196,1.4390595673048905
2025-01-10,5332.4471,5351.6066,5255.7158,5255.7158,36888243.691,-0.01508899,-0.01508899,1.417345607699429
2025-01-13,5234.3482,5263.6812,5192.1258,5214.9822,37187874.754,-0.00775034,-0.00775034,1.4063606931335035
2025-01-14,5223.2246,5316.5595,5213.8953,5310.8584,40336827.604,0.01838476,0.01838476,1.43221629798811
2025-01-15,5301.6131,5358.7946,5298.0863,5312.6242,38824609.678,0.00033249,0.00033249,1.4326924936138468
2025-01-16,5331.7738,5383.7394,5330.577,5355.6674,37339230.653,0.00810206,0.00810206,1.444300254151684
2025-01-17,5345.6189,5359.5137,5311.0219,5340.4342,33667698.979,-0.00284431,-0.00284431,1.4401922106552667
2025-01-20,5349.2254,5362.1228,5320.3273,5328.874,37562309.121,-0.00216466,-0.00216466,1.4370746907364524
2025-01-21,5344.4928,5346.7501,5286.1532,5295.8678,32334160.415,-0.006193840000000001,-0.006193840000000001,1.4281736781290264
2025-01-22,5282.1479,5282.1479,5224.5413,5242.8423,35405735.1,-0.010012620000000002,-0.010012620000000002,1.4138739209920317
2025-01-23,5269.8542,5325.4801,5269.8542,5296.1683,47846323.38,0.0101712,0.0101712,1.428254716063976
2025-01-24,5285.6151,5348.9478,5274.0801,5330.3763,39136020.482,0.006459009999999999,0.006459009999999999,1.4374798264758024
2025-01-27,5338.538,5416.65,5338.538,5397.8404,40738810.61,0.01265654,0.01265654,1.4556733417744028
2025-02-05,5411.3345,5411.3345,5277.8831,5291.4642,40124330.798,-0.01970718,-0.01970718,1.4269861285438556
2025-02-06,5285.6897,5300.5238,5257.991,5295.7993,34001784.611,0.00081926,0.00081926,1.4281552052553355
2025-02-07,5289.0713,5347.8009,5270.0128,5331.4266,45312181.911,0.006727459999999999,0.006727459999999999,1.437763068216493
2025-02-10,5329.356,5340.0697,5314.3304,5325.3482,37732114.582,-0.00114011,-0.00114011,1.4361238636115106
2025-02-11,5331.6752,5347.0135,5324.3737,5345.533,39972142.948,0.00379032,0.00379032,1.4415672396826236
2025-02-12,5339.0852,5350.1799,5313.6698,5346.7393,36901621.483,0.00022567,0.00022567,1.441892551033471
2025-02-13,5343.4709,5372.0305,5341.5794,5348.7055,40080675.46,0.00036774,0.00036774,1.44242278992764
2025-02-14,5347.7444,5362.3174,5327.1204,5359.117,38905894.904,0.00194655,0.00194655,1.4452305318901264
2025-02-17,5355.8645,5357.243,5313.3836,5336.5732,43849473.696,-0.00420663,-0.00420663,1.439150987803885
2025-02-18,5329.4705,5361.6783,5303.7961,5318.6352,48078955.067,-0.00336133,-0.00336133,1.4343135219898255
2025-02-19,5312.2783,5314.5919,5289.1693,5303.698,43037506.013,-0.00280846,-0.00280846,1.4302853028819114
2025-02-20,5298.2954,5298.5556,5277.2776,5291.0318,34699044.585,-0.00238818,-0.00238818,1.4268695202141644
2025-02-21,5296.6898,5297.4828,5247.9563,5257.0009,49962504.06,-0.00643181,-0.00643181,1.4176921695969453
2025-02-24,5248.8034,5274.3319,5233.5331,5261.4535,50133357.842,0.00084698,0.00084698,1.418892933354537
2025-02-25,5246.6868,5262.012,5217.958,5226.6236,44267676.71,-0.006619819999999999,-0.006619819999999999,1.4095001108237581
2025-02-26,5228.4677,5292.4447,5228.4677,5292.164,44146826.705,0.01253972,0.01253972,1.4271748485001872
2025-02-27,5307.4934,5350.6692,5297.3591,5350.6692,50365849.884,0.01105506,0.01105506,1.4429523546293386
2025-02-28,5354.3527,5367.9732,5309.5798,5311.6501,50517380.22,-0.00729238,-0.00729238,1.4324298012596557
2025-03-03,5316.4961,5336.2377,5294.1218,5305.0725,43061468.921,-0.00123833,-0.00123833,1.4306559739021714
2025-03-04,5291.7812,5318.2724,5278.457,5305.5876,38821399.582,9.71e-05,9.71e-05,1.4307948845187852
2025-03-05,5307.2955,5331.8589,5290.8026,5330.7352,45734789.297,0.0047398299999999996,0.0047398299999999996,1.4375766135468622
2025-03-06,5340.7854,5341.5431,5306.469,5329.4738,46537743.909,-0.00023663,-0.00023663,1.4372364429939657
2025-03-07,5322.2716,5353.9119,5319.3457,5336.689,41663973.959,0.00135383,0.00135383,1.439182216399117
2025-03-10,5339.5861,5355.3713,5327.6068,5352.3357,40387394.488,0.00293191,0.00293191,1.4434017713301484
2025-03-11,5325.113,5386.4321,5322.3011,5386.4321,39571495.266,0.00637038,0.00637038,1.4525967857900939
2025-03-12,5390.5004,5390.5271,5363.2889,5364.7665,37391504.857,-0.00402225,-0.00402225,1.4467540720348764
2025-03-13,5363.9989,5404.6928,5362.5317,5402.2814,47747017.544,0.00699283,0.00699283,1.4568709772789317
2025-03-14,5401.6954,5447.9342,5399.813,5443.3782,59859556.14,0.0076073,0.0076073,1.467953838526966
2025-03-17,5452.3389,5474.3292,5440.8554,5463.4737,44272899.491,0.00369173,0.00369173,1.4733731324430341
2025-03-18,5470.3562,5471.8903,5436.1876,5454.0976,35223881.421,-0.00171614,-0.00171614,1.4708446140341145
2025-03-19,5449.7235,5467.7011,5431.4503,5462.3245,36634076.512,0.00150839,0.00150839,1.473063219648212
2025-03-20,5461.6738,5477.0786,5441.6773,5447.2799,39791813.432,-0.0027542499999999998,-0.0027542499999999998,1.4690060372317668
2025-03-21,5440.1362,5476.5491,5402.6813,5424.09,46001306.909,-0.00425715,-0.00425715,1.4627522548434593
2025-03-24,5432.0549,5458.1323,5415.6991,5454.4541,45876713.512,0.00559801,0.00559801,1.4709407538804022
2025-03-25,5452.26,5489.9317,5450.5972,5489.0255,40491128.524,0.0063382,0.0063382,1.4802638649097353
2025-03-26,5482.2548,5490.1151,5461.4643,5481.3787,36446118.859,-0.00139311,-0.00139311,1.4782016989164837
2025-03-27,5476.7451,5491.4585,5460.8813,5476.233,32836197.666,-0.00093876,-0.00093876,1.476814022038381
2025-03-28,5472.5902,5474.569,5425.9138,5436.4717,33891077.956,-0.0072607,-0.0072607,1.4660913144080674
2025-03-31,5425.4479,5457.715,5395.1671,5407.9902,47056340.121,-0.005238969999999999,-0.005238969999999999,1.4584105092690813
2025-04-01,5418.2257,5463.6536,5413.4915,5460.5135,40187566.975,0.00971217,0.00971217,1.4725748346226095
2025-04-02,5454.1458,5493.0465,5454.1458,5480.3406,33804071.289,0.0036309999999999997,0.0036309999999999997,1.4779217472350492
2025-04-03,5443.9024,5496.1423,5443.8159,5487.7522,36427946.04,0.0013524,0.0013524,1.4799204852006798
2025-04-07,5297.8652,5334.6581,5040.6433,5121.6285,89772009.861,-0.06671650999999999,-0.06671650999999999,1.381185348481593
2025-04-08,5131.3026,5253.1059,5131.3026,5252.4983,73797841.262,0.02555238,0.02555238,1.4164779219899444
2025-04-09,5217.3988,5271.0846,5137.4244,5268.1457,60771913.725,0.00297904,0.00297904,1.4206976656948676
2025-04-10,5308.4377,5338.5439,5272.829,5317.9582,50335717.261,0.00945541,0.00945541,1.4341309506688245
2025-04-11,5306.7981,5317.1795,5280.5406,5294.0132,37520612.112,-0.004502669999999999,-0.004502669999999999,1.427673535186739
2025-04-14,5310.2895,5344.529,5300.5499,5341.428,41833561.982,0.00895631,0.00895631,1.4404602156461248
2025-04-15,5341.2488,5369.2224,5327.0232,5367.0496,39400480.65,0.0047967700000000005,0.0047967700000000005,1.4473697715666014
2025-04-16,5360.4464,5391.4484,5338.5974,5391.4484,43810835.845,0.00454604,0.00454604,1.4539495664659254
2025-04-17,5371.0542,5389.097,5354.302,5380.304,31387245.341,-0.00206705,-0.00206705,1.4509441782387984
2025-04-18,5372.3919,5389.3858,5361.8805,5382.3435,29394986.828,0.00037907,0.00037907,1.4514941844562013
2025-04-21,5375.5577,5412.8414,5368.9568,5375.0356,33214820.558,-0.00135775,-0.00135775,1.4495234119942455
2025-04-22,5372.1354,5409.6837,5372.1354,5395.8835,32068964.076,0.00387865,0.00387865,1.455145610876224
2025-04-23,5403.8889,5408.8549,5371.8464,5371.8464,29877150.204,-0.00445471,-0.00445471,1.4486633581435264
2025-04-24,5376.3054,5414.7507,5375.123,5400.7061,32412767.652,0.0053724,0.0053724,1.456446155119444
2025-04-25,5396.3278,5408.6976,5382.83,5392.2779,32506501.552,-0.00156057,-0.00156057,1.4541732635276248
2025-04-28,5389.6695,5403.6377,5372.571,5391.3773,40773491.725,-0.00016702,-0.00016702,1.4539303924320655
2025-04-29,5372.0424,5400.1216,5364.174,5377.2308,33417687.761,-0.0026239099999999997,-0.0026239099999999997,1.4501154069187088
2025-04-30,5369.7129,5370.9939,5339.4635,5341.7697,48553220.144,-0.00659468,-0.00659468,1.4405523642729876
2025-05-06,5360.2434,5361.2427,5325.2038,5355.2618,42640206.442,0.00252577,0.00252577,1.4441908731652762
2025-05-07,5393.0143,5402.9711,5370.3825,5391.5036,42500914.472,0.00676751,0.00676751,1.4539644526356732
2025-05-08,5375.7013,5400.4972,5363.0754,5394.128,36568847.205,0.00048677,0.00048677,1.4546721929234654
2025-05-09,5402.7229,5428.6682,5400.6477,5421.8433,36630184.363,0.00513805,0.00513805,1.4621463715541045
2025-05-12,5433.3876,5443.3583,5414.4957,5440.6068,39623527.021,0.00346072,0.00346072,1.4672064557219104
2025-05-13,5464.6692,5479.9077,5442.396,5478.6417,43001140.945,0.006990929999999999,0.006990929999999999,1.4774635929998219
2025-05-14,5476.601,5510.8445,5454.018,5509.5627,51680252.731,0.00564392,0.00564392,1.485802275151485
2025-05-15,5503.3168,5520.3687,5486.8143,5486.9433,40444194.389,-0.00410548,-0.00410548,1.479702343484937
2025-05-16,5479.8573,5488.044,5434.6028,5456.4608,37633938.895,-0.00555546,-0.00555546,1.4714819146925928
2025-05-19,5457.6515,5479.2434,5453.4741,5470.9617,31671853.336,0.00265757,0.00265757,1.4753924737305621
2025-05-20,5478.4103,5498.5534,5469.6964,5486.8581,31487487.74,0.0029056,0.0029056,1.4796793670055437
2025-05-21,5489.0652,5538.4162,5489.0652,5528.7956,34710566.021,0.00764326,0.00764326,1.4909889456975451
2025-05-22,5523.4844,5529.4611,5506.3775,5519.0537,32052051.604,-0.00176203,-0.00176203,1.4883617794463473
2025-05-23,5518.1466,5542.1657,5464.7734,5464.7734,35794091.534,-0.00983507,-0.00983507,1.473723631624578
2025-05-26,5456.5892,5466.3511,5419.8403,5427.8603,33489358.162,-0.00675474,-0.00675474,1.4637690179920126
2025-05-27,5432.1896,5439.6964,5396.0886,5413.7524,30422977.782,-0.0025991599999999997,-0.0025991599999999997,1.4599644420103999
2025-05-28,5412.3894,5436.3576,5400.2526,5431.0191,29739732.22,0.0031894099999999997,0.0031894099999999997,1.464620873662291
2025-05-29,5430.0941,5448.0891,5418.8441,5440.6604,31809581.07,0.0017752299999999998,0.0017752299999999998,1.4672209104084772
2025-05-30,5437.2744,5459.0318,5432.678,5445.7952,37370070.41,0.0009437800000000001,0.0009437800000000001,1.4686056478074085
2025-06-03,5440.692,5475.4672,5416.564,5465.689,49947982.564,0.00365306,0.00365306,1.4739705478749603
2025-06-04,5462.1541,5482.4065,5450.4648,5480.8722,35462229.049,0.00277791,0.00277791,1.478065107521968
2025-06-05,5479.8874,5491.7459,5439.5832,5449.4941,34999656.303,-0.00572502,-0.00572502,1.4696031560190055
2025-06-06,5456.0605,5471.6899,5444.2689,5448.3034,31717537.024,-0.00021850000000000003,-0.00021850000000000003,1.4692820516291738
2025-06-09,5447.8263,5462.0101,5427.8628,5458.8793,36429243.432,0.00194114,0.00194114,1.4721341284885177
2025-06-10,5456.1645,5483.7689,5426.7765,5454.5726,43303886.843,-0.0007889300000000001,-0.0007889300000000001,1.4709727106035024
2025-06-11,5451.5222,5479.5046,5451.3633,5471.4803,37176180.659,0.00309973,0.00309973,1.475532328216635
2025-06-12,5468.0591,5476.3011,5453.2327,5471.5999,38106286.858,2.186e-05,2.186e-05,1.4755645815844218
2025-06-13,5451.6575,5454.8886,5409.6341,5416.3064,57012789.902,-0.010105550000000001,-0.010105550000000001,1.460653197038224
2025-06-16,5413.0058,5430.3867,5402.199,5428.601,43341696.724,0.00226992,0.00226992,1.4639687677371611
2025-06-17,5426.056,5433.5127,5413.7432,5426.0202,35760942.77,-0.00047541,-0.00047541,1.4632727853660537
2025-06-18,5422.2872,5424.5109,5388.75,5419.9498,37804254.062,-0.0011187600000000001,-0.0011187600000000001,1.4616357381769767
2025-06-19,5412.1422,5414.4116,5368.786,5384.7423,37892303.192,-0.006495910000000001,-0.006495910000000001,1.452141085615459
2025-06-20,5374.6981,5403.9094,5371.5144,5393.71,41537451.769,0.0016653899999999999,0.0016653899999999999,1.454559467942404
2025-06-23,5383.4702,5418.6827,5353.6751,5407.4346,47604981.408,0.00254456,0.00254456,1.4582606767344455
2025-06-24,5398.2891,5430.4898,5390.7839,5424.751,53144949.636,0.0032023299999999998,0.0032023299999999998,1.4629305113326496
2025-06-25,5413.743,5447.3674,5390.4105,5443.2012,49369695.012,0.00340111,0.00340111,1.4679061057000573
2025-06-26,5436.3322,5454.8328,5423.3214,5444.7023,42671581.589,0.00027578,0.00027578,1.4683109178270215
2025-06-27,5452.6007,5474.834,5406.5471,5416.1974,60928729.439,-0.00523535,-0.00523535,1.4606238022465117
2025-06-30,5405.7126,5417.1276,5389.5134,5410.2588,41972512.239,-0.0010964500000000001,-0.0010964500000000001,1.4590222984844772
2025-07-01,5414.6888,5456.4391,5409.3951,5454.3266,38792767.182,0.00814523,0.00814523,1.470906370064409
2025-07-02,5456.7522,5495.3432,5455.5953,5493.4691,43969040.021,0.007176409999999999,0.007176409999999999,1.4814622015744336
2025-07-03,5490.423,5499.985,5467.6686,5493.1321,37701660.955,-6.135e-05,-6.135e-05,1.4813713204294152
2025-07-04,5490.9875,5544.4865,5489.9755,5520.9383,47048881.674,0.00506199,0.00506199,1.4888700126982803
2025-07-07,5518.1308,5545.7904,5500.6954,5545.0804,36510545.466,0.004372829999999999,0.004372829999999999,1.4953805815147372
2025-07-08,5543.2558,5555.6235,5518.4263,5542.3522,37892590.922,-0.000492,-0.000492,1.4946448487555715
2025-07-09,5551.6343,5576.5641,5551.6343,5560.319,43396779.374,0.00324173,0.00324173,1.4994900812668908
2025-07-10,5552.5057,5611.9582,5552.5057,5594.9169,57974331.063,0.00622229,0.00622229,1.5088203387364107
2025-07-11,5594.6724,5613.201,5553.971,5553.971,74580686.252,-0.00731841,-0.00731841,1.4977781717458933
2025-07-14,5553.5692,5602.9699,5553.5242,5581.2078,53539950.666,0.00490402,0.00490402,1.505123309937686
2025-07-15,5574.1527,5582.4515,5501.2487,5516.3349,45305588.04,-0.01162345,-0.01162345,1.4876285816508703
2025-07-16,5510.5415,5518.0409,5468.1127,5492.5995,41014809.372,-0.00430275,-0.00430275,1.4812276904655082
2025-07-17,5491.0829,5506.4586,5474.8614,5487.8946,35810661.18,-0.00085659,-0.00085659,1.4799588872037972
2025-07-18,5493.1346,5511.6871,5491.7725,5506.7441,38072895.308,0.00343474,0.00343474,1.4850421635925872
2025-07-21,5526.7557,5579.1618,5526.7557,5575.8675,56499124.773,0.0125525,0.0125525,1.5036831539176825
2025-07-22,5585.1569,5667.7085,5545.2625,5667.6115,86648322.012,0.016453759999999998,0.016453759999999998,1.5284243995217117
2025-07-23,5702.0349,5702.0349,5642.2869,5647.0878,80050932.896,-0.0036212299999999996,-0.0036212299999999996,1.5228896299193027
2025-07-24,5641.0753,5672.4319,5612.2213,5670.7501,69346032.842,0.00419018,0.00419018,1.5292708077168287
2025-07-25,5665.5751,5688.3042,5627.5972,5633.8343,58061630.906,-0.006509859999999999,-0.006509859999999999,1.519315465956395
2025-07-28,5605.17,5614.0118,5566.8427,5572.5303,57602048.359,-0.010881400000000001,-0.010881400000000001,1.5027831878727123
2025-07-29,5574.0262,5577.2991,5536.0807,5570.4572,50513742.396,-0.00037202,-0.00037202,1.502224120508506
2025-07-30,5571.6923,5626.1505,5562.1319,5581.4768,56919820.71,0.00197822,0.00197822,1.5051958530475078
2025-07-31,5563.8899,5564.5213,5470.3625,5484.7119,60812044.117,-0.01733679,-0.01733679,1.4791005862535014
2025-08-01,5483.5435,5510.2261,5472.7712,5484.5934,47528499.861,-2.161e-05,-2.161e-05,1.4790686295304014
2025-08-04,5462.637,5511.786,5462.3198,5510.342,43160488.237,0.00469471,0.00469471,1.4860124344283774
2025-08-05,5510.5194,5567.8825,5509.3405,5567.8825,45216794.385,0.01044227,0.01044227,1.5015297831670265
2025-08-06,5567.4043,5606.3963,5561.4362,5603.2021,44278247.05,0.0063434500000000005,0.0063434500000000005,1.5110546665189197
2025-08-07,5600.899,5618.4886,5576.1198,5612.6762,43150510.748,0.00169084,0.00169084,1.5136096132726815
2025-08-08,5611.2953,5630.5607,5604.9196,5615.6102,38090531.254,0.00052275,0.00052275,1.5144008455560158
2025-08-11,5622.1641,5627.5596,5582.6506,5591.6955,44047723.566,-0.0042586099999999995,-0.0042586099999999995,1.507951601286672
2025-08-12,5597.2207,5639.9927,5597.2207,5623.0435,43902488.19,0.005606170000000001,0.005606170000000001,1.51640543551229
2025-08-13,5627.8687,5628.259,5588.3496,5593.7015,51600174.555,-0.005218169999999999,-0.005218169999999999,1.5084925733249708
2025-08-14,5592.1049,5605.0148,5540.1311,5540.1311,48292954.895,-0.00957691,-0.00957691,1.494045869197114
2025-08-15,5536.2658,5558.9136,5518.7228,5553.4158,62679815.694,0.0023979,0.0023979,1.4976284470820531
2025-08-18,5568.5238,5568.5238,5531.8073,5542.7569,63976976.342,-0.0019193399999999998,-0.0019193399999999998,1.49475398703269
2025-08-19,5544.0682,5553.5903,5525.0762,5537.4535,52905858.161,-0.00095682,-0.00095682,1.4933237820935503
2025-08-20,5533.4116,5581.1808,5518.4622,5579.2691,51858019.904,0.00755141,0.00755141,1.5046004871606922
2025-08-21,5580.1141,5617.9587,5572.6948,5609.1951,53392226.081,0.00536379,0.00536379,1.5126708407091112
2025-08-22,5606.2748,5606.2748,5555.6902,5599.4007,55422435.333,-0.0017461299999999998,-0.0017461299999999998,1.5100295164160338
2025-08-25,5602.9527,5640.4806,5593.3943,5640.4806,66446763.616,0.007336479999999999,0.007336479999999999,1.5211078201229677
2025-08-26,5636.5578,5649.8239,5614.7415,5634.0366,52618060.794,-0.00114246,-0.00114246,1.5193700216111048
2025-08-27,5631.6441,5633.0329,5532.4293,5532.4293,72461238.505,-0.01803455,-0.01803455,1.491968870969512
2025-08-28,5535.1761,5552.2644,5472.1411,5544.1885,65373429.924,0.0021255,0.0021255,1.4951400566089752
2025-08-29,5538.0354,5593.064,5532.0106,5538.0382,92197299.868,-0.00110932,-0.00110932,1.4934814622285422
2025-09-01,5543.4714,5558.6961,5504.8328,5524.751,83989760.46,-0.00239926,-0.00239926,1.4898982101511327
2025-09-02,5524.6185,5544.3667,5487.1884,5542.1747,71955535.069,0.0031537500000000003,0.0031537500000000003,1.4945969810901685
2025-09-03,5553.829,5555.9003,5479.7622,5495.4712,56792703.892,-0.008426930000000001,-0.008426930000000001,1.4820021218724784
2025-09-04,5484.4447,5496.9976,5438.4597,5493.0759,74670561.005,-0.00043587,-0.00043587,1.4813561645826792
2025-09-05,5491.4157,5513.5572,5460.0149,5510.0368,54530685.505,0.00308769,0.00308769,1.4859301290115834
2025-09-08,5503.2537,5558.0454,5495.6945,5552.5865,58353437.521,0.007722219999999999,0.007722219999999999,1.4974048039557515
2025-09-09,5548.044,5575.0667,5541.8143,5565.0272,51851994.155,0.00224052,0.00224052,1.5007597744626626
2025-09-10,5555.3703,5555.3703,5522.5857,5537.7853,45083202.676,-0.0048952,-0.0048952,1.49341326091823
2025-09-11,5533.0365,5560.1906,5505.0453,5559.8135,53990001.478,0.0039778,0.0039778,1.4993537595493633
2025-09-12,5556.2841,5565.6523,5524.2839,5529.9497,60777564.132,-0.0053713699999999994,-0.0053713699999999994,1.491300179909609
2025-09-15,5525.5732,5528.1394,5496.8125,5511.138,56176244.642,-0.00340179,-0.00340179,1.4862270973109726
2025-09-16,5524.1905,5542.1315,5490.3573,5508.9665,62308474.657,-0.00039401999999999997,-0.00039401999999999997,1.4856414937311293
2025-09-17,5496.7698,5530.736,5487.5888,5522.2891,56757813.366,0.00241835,0.00241835,1.4892342923739204
2025-09-18,5521.5233,5522.5122,5400.6676,5424.126,69865308.58,-0.017775799999999998,-0.017775799999999998,1.4627619632150342
2025-09-19,5422.1009,5474.2292,5415.2539,5468.7315,56153830.827,0.00822354,0.00822354,1.4747910401115125
2025-09-22,5464.7108,5464.7621,5418.1855,5434.0415,45460462.192,-0.006343339999999999,-0.006343339999999999,1.4654359453913808
2025-09-23,5423.6447,5457.1288,5400.7104,5454.0584,63930998.663,0.00368361,0.00368361,1.4708340426961777
2025-09-24,5437.9746,5471.9636,5432.2629,5467.0362,49915655.26,0.00237948,0.00237948,1.4743338567134425
2025-09-25,5465.2086,5465.2086,5421.5528,5440.5069,47042338.564,-0.00485259,-0.00485259,1.467179514990791
2025-09-26,5433.8281,5469.0138,5419.4582,5455.0131,47065311.779,0.00266633,0.00266633,1.4710915033167977
2025-09-29,5448.8739,5493.9288,5413.9141,5474.3919,59545130.873,0.0035524800000000002,0.0035524800000000002,1.4763175197354337
2025-09-30,5471.9269,5472.0954,5446.0573,5461.0845,49439533.597,-0.00243085,-0.00243085,1.472728820182863
2025-10-09,5465.3814,5502.7329,5435.5638,5502.3826,63798001.311,0.00756225,0.00756225,1.483865967408619
2025-10-10,5486.6082,5565.1611,5482.7684,5559.0517,68423354.473,0.010299009999999999,0.010299009999999999,1.499148319619764
2025-10-13,5452.6212,5543.0417,5452.6212,5534.3194,68810384.872,-0.00444901,-0.00444901,1.4924785874448805
2025-10-14,5543.2521,5612.9649,5532.1685,5596.2901,86148493.314,0.01119753,0.01119753,1.509190659176586
2025-10-15,5598.4907,5623.5061,5576.381,5620.1955,63636049.316,0.00427165,0.00427165,1.5156373954499396
2025-10-16,5608.3587,5648.6312,5605.5321,5639.6007,67493808.824,0.0034527600000000005,0.0034527600000000005,1.520870531341064
2025-10-17,5634.6891,5668.5137,5588.7867,5596.3198,64499492.879,-0.007674459999999999,-0.007674459999999999,1.5091986685831351
2025-10-20,5609.0776,5641.6341,5560.7742,5637.9361,61842946.552,0.00743637,0.00743637,1.5204216270265314
2025-10-21,5631.0634,5649.6045,5607.7258,5640.3589,58328618.573,0.00042972999999999997,0.00042972999999999997,1.5210750004335059
2025-10-22,5624.8277,5653.9187,5624.362,5645.9038,51569323.804,0.00098308,0.00098308,1.5225703323652917
2025-10-23,5644.6362,5697.7265,5644.1856,5691.9018,64664988.826,0.008147149999999999,0.008147149999999999,1.5349749344678176
2025-10-24,5668.6841,5675.5361,5637.8856,5655.0767,60716565.15,-0.006469740000000001,-0.006469740000000001,1.5250440524102122
2025-10-27,5654.9993,5700.7589,5630.9162,5681.4978,66594479.832,0.0046721,0.0046721,1.5321692150827426
2025-10-28,5676.3244,5682.1628,5640.2559,5651.6502,53736173.923,-0.00525347,-0.00525347,1.524120004210197
2025-10-29,5657.7295,5658.5278,5609.0129,5653.7533,60427995.104,0.00037212000000000004,0.00037212000000000004,1.5246871618840487
2025-10-30,5648.9135,5681.1374,5626.8338,5630.5531,59473176.652,-0.0041034999999999995,-0.0041034999999999995,1.518430601822763
2025-10-31,5631.905,5648.9116,5616.6349,5627.6697,65453492.672,-0.0005121,-0.0005121,1.517653015195031
2025-11-03,5636.5032,5681.1139,5636.3544,5678.4308,61456130.403,0.009019909999999999,0.009019909999999999,1.5313421157599798
2025-11-04,5675.589,5725.8265,5670.3712,5699.4485,62521212.469,0.00370132,0.00370132,1.5370101057945522
2025-11-05,5679.8945,5737.8887,5670.5346,5723.3919,51755694.352,0.004201,0.004201,1.5434670897934566
2025-11-06,5717.3857,5749.8228,5697.2062,5745.9004,52077545.044,0.00393272,0.00393272,1.5495371142820151
2025-11-07,5742.5977,5776.3441,5741.5213,5752.944,47169701.972,0.00122585,0.00122585,1.5514366111159938
2025-11-10,5759.9625,5795.9985,5739.9204,5795.3924,51991979.358,0.00737855,0.00737855,1.5628839677812587
2025-11-11,5788.3869,5791.4281,5748.3018,5782.5897,44506966.54,-0.00220912,-0.00220912,1.5594313742046249
2025-11-12,5783.8921,5817.0196,5775.287,5786.4201,61078213.604,0.0006624,0.0006624,1.560464344940168
2025-11-13,5785.1343,5808.1434,5762.5663,5801.9877,53292671.434,0.00269037,0.00269037,1.564662568421434
2025-11-14,5792.92,5828.7321,5767.5602,5767.5602,51330385.983,-0.00593374,-0.00593374,1.5553782639107008
2025-11-17,5763.713,5767.4226,5717.685,5739.3217,51093630.409,-0.0048960900000000005,-0.0048960900000000005,1.5477629902798435
2025-11-18,5730.9756,5732.2772,5643.586,5659.7759,43743930.109,-0.01385979,-0.01385979,1.5263113185130905
2025-11-19,5661.6065,5684.0375,5647.1779,5668.6614,46914943.466,0.00156994,0.00156994,1.528707533391607
2025-11-20,5669.8093,5708.3587,5651.6706,5656.0404,56576297.232,-0.00222645,-0.00222645,1.525303940123726
2025-11-21,5641.6957,5654.4188,5552.2539,5554.5184,61978690.014,-0.01794931,-0.01794931,1.4979257929292258
2025-11-24,5567.3102,5581.1066,5527.1668,5527.1668,52814408.042,-0.00492421,-0.00492421,1.4905496958191895
2025-11-25,5542.3936,5567.2469,5521.746,5554.2173,44253962.788,0.0048941,0.0048941,1.4978445931880833
2025-11-26,5555.0049,5573.7051,5528.6425,5530.7929,40974522.135,-0.0042174099999999996,-0.0042174099999999996,1.4915275715460465
2025-11-27,5532.3613,5559.4791,5509.495,5539.999,39121753.425,0.0016645199999999998,0.0016645199999999998,1.4940102448669748
2025-11-28,5536.8185,5550.5782,5516.7652,5545.8415,38028752.501,0.0010546,0.0010546,1.495585832670445
2025-12-01,5560.0468,5592.7115,5555.9107,5591.822,50522384.689,0.00829099,0.00829099,1.5079857154256775
2025-12-02,5586.8031,5589.0541,5565.8482,5584.8627,39135767.12,-0.0012445499999999999,-0.0012445499999999999,1.5061089523618025
2025-12-03,5582.0137,5610.6022,5562.2962,5573.9,39371291.333,-0.00196293,-0.00196293,1.5031525644434287
2025-12-04,5578.0916,5585.0428,5545.7944,5552.9572,33737946.411,-0.0037573,-0.0037573,1.4975047732152715
2025-12-05,5549.3098,5562.6343,5520.5748,5557.9653,45839835.134,0.0009018800000000001,0.0009018800000000001,1.4988553425398
2025-12-08,5557.2585,5557.5225,5511.0812,5527.4237,46487299.169,-0.0054951,-0.0054951,1.4906189758374542
2025-12-09,5522.8079,5522.8079,5474.6043,5476.8405,42410728.734,-0.00915132,-0.00915132,1.4769778508087033
2025-12-10,5475.7106,5490.545,5459.027,5481.5776,44376623.361,0.00086493,0.00086493,1.4782553376694336
2025-12-11,5481.0536,5481.0536,5426.7022,5435.6228,44894523.899,-0.0083835,-0.0083835,1.4658623856127975
2025-12-12,5439.7201,5439.9469,5408.855,5426.7244,70549871.109,-0.00163705,-0.00163705,1.4634626919011335
2025-12-15,5408.6535,5480.9534,5407.5564,5457.0324,55638112.823,0.00558495,0.00558495,1.4716360620590394
2025-12-16,5450.5058,5460.6977,5407.6079,5414.3168,49466442.819,-0.00782762,-0.00782762,1.4601166477025311
2025-12-17,5410.9509,5449.8146,5394.67,5429.6808,48922547.664,0.00283766,0.00283766,1.4642599649490031
2025-12-18,5429.6429,5482.1749,5428.0741,5473.7057,45283926.734,0.00810819,0.00810819,1.4761324673861416
2025-12-19,5467.5901,5498.0489,5447.4835,5483.3469,46574582.151,0.00176137,0.00176137,1.4787324771646289
2025-12-22,5485.5015,5487.7828,5456.0501,5458.2256,45066435.766,-0.0045813799999999995,-0.0045813799999999995,1.4719578406413414
2025-12-23,5458.9119,5478.342,5449.3753,5459.1338,44804208.429,0.00016639,0.00016639,1.4722027612820108
2025-12-24,5460.0915,5477.0696,5440.7781,5472.2364,42045986.118,0.00240012,0.00240012,1.4757362309874014
2025-12-25,5474.2662,5490.9456,5466.143,5486.4444,40900187.076,0.0025963799999999997,0.0025963799999999997,1.4795678016355316
2025-12-26,5484.433,5519.316,5482.8537,5513.7509,44960681.576,0.00497708,0.00497708,1.4869317363134007
2025-12-29,5516.3988,5531.1507,5497.8989,5501.7422,57864759.342,-0.0021779499999999997,-0.0021779499999999997,1.4836932662653854
2025-12-30,5486.1531,5514.1045,5473.4921,5499.2122,56062576.635,-0.00045985,-0.00045985,1.4830109834852778
2025-12-31,5505.0957,5524.7429,5491.7858,5503.9812,46338308.47,0.0008672199999999999,0.0008672199999999999,1.4842970730419314
2026-01-05,5518.8819,5531.876,5495.7407,5525.1164,70124192.091,0.00383998,0.00383998,1.4899967501226152
2026-01-06,5530.8632,5591.0408,5519.9249,5591.0408,76465434.096,0.01193177,0.01193177,1.5077750437625073
2026-01-07,5601.0126,5607.3506,5563.0246,5592.9103,73069027.152,0.00033437,0.00033437,1.508279204891919
2026-01-08,5593.5441,5593.8065,5559.8604,5574.5975,68597405.4,-0.0032742900000000004,-0.0032742900000000004,1.5033406641426876
2026-01-09,5570.6575,5593.5652,5564.1955,5592.677,70899038.092,0.0032431900000000004,0.0032431900000000004,1.5082162892505753
2026-01-12,5587.0551,5612.522,5575.7945,5611.1655,76091153.988,0.00330584,0.00330584,1.5132022122466307
2026-01-13,5612.9808,5634.7385,5580.8206,5591.9684,75805931.254,-0.00342123,-0.00342123,1.5080251961367477
2026-01-14,5593.3041,5615.695,5532.7433,5552.3081,91233674.185,-0.00709237,-0.00709237,1.497329725882241
2026-01-15,5537.6384,5577.98,5531.6444,5541.7041,64676267.057,-0.0019098399999999999,-0.0019098399999999999,1.494470071099529
2026-01-16,5552.3645,5562.3469,5480.3234,5493.3899,75260100.015,-0.00871829,-0.00871829,1.4814408431569692
2026-01-19,5483.2196,5540.3346,5481.6433,5538.8923,61018189.806,0.00828312,0.00828312,1.4937117933441508
2026-01-20,5542.3244,5612.6447,5534.8932,5611.8413,72017983.443,0.01317032,0.01317032,1.513384459955246
2026-01-21,5599.0907,5605.8674,5568.4076,5577.5405,72251410.95,-0.006112220000000001,-0.006112220000000001,1.5041343235189157
2026-01-22,5580.924,5629.6807,5576.8232,5618.1484,76476369.802,0.00728061,0.00728061,1.5150853396874264
2026-01-23,5622.4408,5629.835,5595.2124,5611.477,77283449.666,-0.0011874700000000001,-0.0011874700000000001,1.5132862166284502
2026-01-26,5616.0386,5662.1007,5598.4855,5648.09,102567721.242,0.00652466,0.00652466,1.5231599001968614
2026-01-27,5637.619,5662.0015,5596.6007,5599.9241,85176073.602,-0.00852782,-0.00852782,1.5101706653516498
2026-01-28,5603.0269,5714.0931,5583.3698,5687.3191,116860214.043,0.015606459999999999,0.015606459999999999,1.533739085734063
2026-01-29,5699.9454,5759.201,5675.6999,5757.6384,125646738.482,0.01236423,0.01236423,1.5527025827693286
2026-01-30,5733.1998,5780.8382,5646.0599,5700.0072,98324576.644,-0.010009520000000001,-0.010009520000000001,1.537160774327851
2026-02-02,5639.2594,5657.9758,5519.4482,5521.8717,96517733.34,-0.031251799999999996,-0.031251799999999996,1.489121729199052
2026-02-03,5554.1841,5571.1733,5503.0345,5563.8039,70248598.283,0.007593839999999999,0.007593839999999999,1.500429878603016
2026-02-04,5578.0473,5717.8688,5577.3282,5712.025,79019103.966,0.02664025,0.02664025,1.5404016984364586
2026-02-05,5687.0306,5703.7219,5643.7716,5686.5133,74160615.187,-0.00446631,-0.00446631,1.5335217800169836
2026-02-06,5646.6151,5708.0773,5632.4642,5671.1173,61096697.189,-0.00270746,-0.00270746,1.52936983310689
2026-02-09,5691.7268,5715.8792,5675.4181,5709.0636,52868432.537,0.00669115,0.00669115,1.5396030770036482
2026-02-10,5709.7916,5736.484,5681.6676,5730.0051,47533612.121,0.00366811,0.00366811,1.5452505176517208
2026-02-11,5723.1855,5781.6913,5703.7401,5770.1328,49711168.907,0.00700308,0.00700308,1.5560720349305053
2026-02-12,5771.048,5782.3027,5737.5089,5751.6415,55848772.503,-0.00320466,-0.00320466,1.551085356838883
2026-02-13,5733.6715,5734.6093,5663.4286,5668.2221,54359936.0,-0.01450358,-0.01450358,1.5285890642906972
2026-02-24,5721.5824,5765.257,5712.5192,5754.4118,61404305.534,0.01520577,0.01520577,1.5518324429992514
2026-02-25,5758.5957,5849.2099,5758.5957,5785.569,74798599.63,0.005414489999999999,0.005414489999999999,1.5602348228555238
2026-02-26,5790.8157,5807.5321,5743.2814,5768.9179,63966509.913,-0.00287804,-0.00287804,1.5557444043575595
2026-02-27,5760.6575,5832.7656,5759.6591,5826.709,58199663.874,0.010017670000000001,0.010017670000000001,1.5713293341494476
2026-03-02,5866.5045,5909.3184,5809.2898,5905.2525,111700391.573,0.01347991,0.01347991,1.592510708670943
2026-03-03,5918.2662,6015.8822,5882.5218,5952.0941,150923050.102,0.00793219,0.00793219,1.6051428102807017
2026-03-04,5905.632,5905.632,5809.9565,5856.1523,126274897.85,-0.016119,-0.016119,1.5792695146156701
2026-03-05,5850.8935,5880.3033,5800.9694,5849.5206,86990839.307,-0.00113243,-0.00113243,1.5774810977331248
2026-03-06,5817.0996,5870.9443,5791.6508,5860.5058,70415400.935,0.0018779699999999999,0.0018779699999999999,1.5804435533837329
2026-03-09,5929.213,5947.3687,5860.5887,5864.5076,118144758.361,0.00068284,0.00068284,1.5815227467550508
2026-03-10,5794.586,5836.8098,5794.586,5820.4882,75617831.84,-0.00750607,-0.00750607,1.5696517275413475
2026-03-11,5811.0902,5911.6779,5787.7461,5905.1798,74518094.031,0.0145506,0.0145506,1.592491103153902
2026-03-12,5930.4674,6003.8444,5893.5378,5976.5321,84666831.06,0.012083,0.012083,1.6117331765179626
2026-03-13,5977.9148,6023.0952,5940.628,5954.4609,83724991.732,-0.0036929800000000002,-0.0036929800000000002,1.6057810817763374
2026-03-16,5962.7325,5978.1884,5894.519,5912.3653,74781662.166,-0.00706959,-0.00706959,1.5944288671525042
2026-03-17,5899.9067,5946.225,5867.8395,5868.4806,73554010.905,-0.00742253,-0.00742253,1.5825941734291091
2026-03-18,5864.5922,5869.5978,5780.8152,5833.4001,64857789.046,-0.00597778,-0.00597778,1.5731337698450913
2026-03-19,5836.4556,5860.2912,5785.1354,5799.1901,80578658.66,-0.0058645,-0.0058645,1.5639081200792881
2026-03-20,5772.3239,5839.0165,5768.4948,5772.6458,69841331.96,-0.00457724,-0.00457724,1.5567497332018136
2026-03-23,5757.8848,5759.5112,5600.6288,5626.1198,100840433.589,-0.02538281,-0.02538281,1.5172350428310433
2026-03-24,5642.7715,5712.7877,5618.9161,5712.7877,73170564.134,0.015404560000000001,0.015404560000000001,1.5406073810753471
2026-03-25,5693.9955,5731.5442,5644.3797,5726.7812,70237526.634,0.0024495,0.0024495,1.5443811060095116
2026-03-26,5718.1864,5775.6612,5716.5998,5729.3351,60543183.717,0.00044595999999999997,0.00044595999999999997,1.545069834069637
2026-03-27,5698.3496,5765.2622,5695.0557,5742.4535,53829102.553,0.00228969,0.00228969,1.5486075646714406
2026-03-30,5741.8503,5801.4618,5734.4138,5795.5141,63672206.892,0.00924006,0.00924006,1.5629167874707208
2026-03-31,5790.4836,5830.6508,5727.8494,5727.8494,72407421.022,-0.01167536,-0.01167536,1.5446691749682906
2026-04-01,5746.8993,5768.633,5725.4017,5731.251,63984420.633,0.00059387,0.00059387,1.5455865082113003
2026-04-02,5730.3983,5768.6512,5716.7846,5744.6375,55087004.269,0.0023357,0.0023357,1.5491965392136364
2026-04-03,5746.1043,5746.2224,5638.3297,5649.4273,44474161.44,-0.01657375,-0.01657375,1.523520539233161
2026-04-07,5654.9713,5682.2818,5630.9751,5677.9813,48004495.458,0.00505432,0.00505432,1.5312208959537907
2026-04-08,5656.7896,5724.754,5646.3317,5723.6461,73916856.35,0.00804244,0.00804244,1.5435356416838533
2026-04-09,5702.9625,5719.0366,5674.8581,5680.3388,47048182.456,-0.00756638,-0.00756638,1.5318566594534366
2026-04-10,5694.2524,5718.1107,5674.6806,5692.53,44860344.163,0.00214621,0.00214621,1.5351443455517952
2026-04-13,5699.7227,5704.8746,5658.4147,5688.0892,48374613.226,-0.00078011,-0.00078011,1.5339467639826643
2026-04-14,5687.3523,5700.4724,5658.2804,5700.236,47669879.34,0.00213548,0.00213548,1.5372224764227476
2026-04-15,5699.0274,5730.454,5680.9344,5720.5908,53221639.036,0.00357087,0.00357087,1.5427116975818522
2026-04-16,5721.5179,5747.1955,5713.8864,5734.5086,52346518.726,0.0024329300000000002,0.0024329300000000002,1.5464650079680111
2026-04-17,5725.015,5726.1645,5685.5439,5695.3235,47303949.407,-0.006833209999999999,-0.006833209999999999,1.5358976882182898
2026-04-20,5697.6844,5713.2435,5686.3455,5702.5138,53848863.485,0.00126249,0.00126249,1.5378367466664349
2026-04-21,5700.3845,5764.0033,5698.1104,5752.8395,52166267.987,0.00882518,0.00882518,1.5514084298707285
2026-04-22,5750.8533,5774.6476,5742.8755,5752.3753,49490035.611,-8.069e-05,-8.069e-05,1.551283245812813
2026-04-23,5748.9695,5790.158,5733.2791,5781.3231,62490542.314,0.00503232,0.00503232,1.5590898013313896
2026-04-24,5756.0762,5786.5781,5750.9823,5776.3372,55337474.185,-0.00086242,-0.00086242,1.557745218835999
2026-04-27,5755.3654,5796.6681,5754.2527,5763.8706,60334643.185,-0.00215822,-0.00215822,1.554383263695094
2026-04-28,5737.8936,5829.5609,5737.6143,5828.8751,65150460.487,0.011277919999999999,0.011277919999999999,1.571913481473555
2026-04-29,5822.7987,5893.1975,5821.8996,5884.2729,90373827.653,0.00950403,0.00950403,1.5868529933296205
2026-04-30,5879.405,5900.1403,5836.7873,5865.0714,76319382.628,-0.0032631900000000004,-0.0032631900000000004,1.5816747906409894
2026-05-06,5851.8844,5883.9128,5810.647,5881.8356,80127089.541,0.00285831,0.00285831,1.5861957096063177
2026-05-07,5861.2783,5861.2783,5779.6765,5787.1972,74382443.793,-0.01608994,-0.01608994,1.5606739109276861
2026-05-08,5791.7941,5820.7317,5750.2839,5767.6711,57891397.85,-0.0033740199999999997,-0.0033740199999999997,1.5554081710886904
2026-05-11,5763.2045,5795.1405,5750.3837,5783.4605,71222274.396,0.00273757,0.00273757,1.559666208925936
2026-05-12,5786.7662,5813.6826,5767.1409,5774.7235,62054618.556,-0.00151069,-0.00151069,1.5573100410801652
2026-05-13,5772.5947,5791.5696,5728.4239,5748.0787,60232285.017,-0.00461404,-0.00461404,1.550124551665378
2026-05-14,5743.2783,5751.7396,5694.3058,5694.3058,61477059.155,-0.009354930000000001,-0.009354930000000001,1.535623237947414
2026-05-15,5695.4925,5720.949,5657.2652,5680.3708,66232122.653,-0.0024471799999999998,-0.0024471799999999998,1.5318652891170583
2026-05-18,5678.2588,5691.0343,5622.8751,5654.2014,57897293.28,-0.00460699,-0.00460699,1.524808004142454
2026-05-19,5639.1043,5665.3184,5632.1425,5662.3624,51557674.021,0.00144335,0.00144335,1.5270088380430307
2026-05-20,5647.9447,5664.684,5634.5745,5643.5763,50614752.3,-0.0033177099999999998,-0.0033177099999999998,1.5219426591752916
2026-05-21,5628.5556,5664.1649,5554.6652,5554.6741,59413734.719,-0.01575281,-0.01575281,1.4979677816362862
2026-05-22,5563.2534,5567.6459,5514.288,5545.1377,51237334.714,-0.00171682,-0.00171682,1.4953960340061603
2026-05-25,5591.632,5618.2494,5558.0517,5572.2261,56955308.329,0.00488507,0.00488507,1.5027011521329061
2026-05-26,5547.4618,5581.5207,5537.4384,5577.2612,56031656.68,0.00090361,0.00090361,1.5040590027361156
2026-05-27,5567.0327,5576.8214,5500.7592,5527.1603,57795930.425,-0.00898307,-0.00898307,1.4905479429187662
2026-05-28,5511.4883,5560.4875,5502.2992,5513.8769,53150766.187,-0.0024032999999999997,-0.0024032999999999997,1.486965715613912
2026-05-29,5506.0597,5596.9235,5505.2696,5578.6947,70413133.843,0.01175539,0.01175539,1.5044455846986786
2026-06-01,5581.5711,5727.5937,5568.4898,5726.102,74176298.755,0.02642326,0.02642326,1.5441979413991365
2026-06-02,5732.2766,5792.5666,5691.5812,5708.5511,73019820.084,-0.0030650699999999996,-0.0030650699999999996,1.5394648675472034
2026-06-03,5682.5728,5730.8394,5626.8095,5706.4679,64461823.957,-0.00036492999999999996,-0.00036492999999999996,1.5389030764454166
2026-06-04,5681.7746,5729.6093,5660.4689,5681.5155,59966390.389,-0.0043726500000000005,-0.0043726500000000005,1.5321739883654337
2026-06-05,5666.1744,5737.9538,5665.4779,5683.8457,63620736.896,0.00041014000000000003,0.00041014000000000003,1.5328023896833018
2026-06-08,5632.9527,5690.0125,5608.7299,5633.6247,70971775.295,-0.00883574,-0.00883574,1.5192589416596716
2026-06-09,5601.0339,5633.1847,5582.2809,5629.9739,64070746.871,-0.00064804,-0.00064804,1.5182744049112062
2026-06-10,5597.4528,5624.936,5570.074,5588.9842,63141840.583,-0.00728062,-0.00728062,1.5072204260686064
2026-06-11,5587.5648,5604.9841,5538.4047,5566.7432,56382650.101,-0.00397944,-0.00397944,1.5012225401743877
2026-06-12,5548.048,5659.7539,5539.6437,5649.5033,85092924.908,0.01486688,0.01486688,1.523541034684263
2026-06-15,5629.0402,5632.5144,5563.9574,5590.6994,84182981.01,-0.010408679999999998,-0.010408679999999998,1.5076829760387411
2026-06-16,5565.2231,5565.2231,5489.3466,5493.6702,62286894.062,-0.017355469999999998,-0.017355469999999998,1.4815164336167574
2026-06-17,5481.286,5482.3014,5420.1771,5434.1544,53428118.658,-0.010833520000000001,-0.010833520000000001,1.4654663919233468
2026-06-18,5410.3679,5412.8741,5314.6443,5316.6517,71648668.665,-0.021623,-0.021623,1.433778617683761
2026-06-22,5302.5895,5375.6392,5243.1119,5373.3271,76013600.96,0.01065998,0.01065998,1.4490626688599317
2026-06-23,5362.7041,5422.4865,5329.6632,5342.6871,72928035.072,-0.00570224,-0.00570224,1.4407997659419485
2026-06-24,5340.8526,5340.8526,5252.2542,5262.823,65764450.019,-0.014948300000000001,-0.014948300000000001,1.4192622559898562
2026-06-25,5229.9713,5272.2431,5191.0737,5198.5078,67511386.583,-0.01222067,-0.01222067,1.4019179265593513
2026-06-26,5196.0311,5196.0311,5085.171,5085.7304,60627737.459,-0.02169419,-0.02169419,1.3715044569920354
2026-06-29,5083.7063,5125.791,4998.1484,5120.7122,61490935.426,0.00687842,0.00687842,1.3809382434573194
2026-06-30,5103.914,5104.4617,4995.4854,5022.4598,58883911.218,-0.01918725,-0.01918725,1.354441832143388
2026-07-01,5015.7812,5133.6193,5004.0313,5108.2124,57078190.623,0.01707383,0.01707383,1.3775673350404067
2026-07-02,5104.7822,5185.2626,5103.0986,5154.9399,62877839.22,0.00914752,0.00914752,1.3901686665058133
2026-07-03,5168.939,5228.7495,5168.3693,5207.4591,57531196.476,0.01018813,0.01018813,1.40433188618369
2026-07-06,5198.1513,5320.5215,5179.1471,5314.9215,62503729.696,0.02063624,0.02063624,1.4333120225588036
2026-07-07,5313.8705,5319.9041,5216.5595,5239.3719,52044061.557,-0.01421462,-0.01421462,1.412938033972235
2026-07-08,5231.8424,5311.1382,5210.6979,5264.7879,53160984.934,0.0048509600000000005,0.0048509600000000005,1.4197921443039407
2026-07-09,5239.8932,5242.1257,5184.149,5200.4369,51823030.422,-0.012222900000000002,-0.012222900000000002,1.4024381604372584
2026-07-10,5169.1718,5215.1846,5139.2901,5184.0974,54470435.427,-0.00314195,-0.00314195,1.3980317732888123
2026-07-13,5170.8068,5221.8779,5149.402,5198.1145,63737128.463,0.0027038699999999997,0.0027038699999999997,1.401811862599898
2026-07-14,5195.8297,5312.2475,5195.8297,5307.4975,69684948.938,0.02104282,0.02104282,1.4313099405985195
2026-07-15,5286.751,5384.2092,5271.8162,5378.8412,67460194.272,0.01344206,0.01344206,1.4505496947404815
2026-07-16,5357.8567,5403.0441,5304.3884,5321.0747,54972461.992,-0.01073958,-0.01073958,1.4349713990025026
2026-07-17,5312.2988,5362.0897,5280.408,5281.8147,73704308.951,-0.00737821,-0.00737821,1.424383880446366
2026-07-20,5297.871,5450.5115,5297.871,5450.5115,93257592.847,0.031939169999999996,0.031939169999999996,1.4698775253867848
2026-07-21,5434.9261,5501.5563,5377.1512,5391.0897,92506936.51,-0.01090206,-0.01090206,1.4538528333302636
2026-07-22,5378.637,5452.5882,5342.7648,5452.5882,72597832.899,0.011407430000000001,0.011407430000000001,1.4704375635881484
2026-07-23,5429.5354,5508.9972,5420.6057,5505.6897,61037583.415,0.00973877,0.00973877,1.4847578161762451
2026-07-24,5495.4401,5513.6841,5403.7703,5404.2835,60203162.408,-0.01841844,-0.01841844,1.4574108975769764
2026-07-27,5377.7666,5446.8588,5363.3446,5433.9958,57957038.858,0.00549792,0.00549792,1.4654236211530205
2026-07-28,5407.2207,5442.4919,5365.2818,5437.9221,62497401.131,0.00072254,0.00072254,1.4664824539117307
2026-07-29,5442.351,5536.8951,5439.8242,5519.1242,66420296.38,0.01493256,0.01493256,1.4883807916740142
2026-07-30,5516.5916,5583.0014,5516.3258,5579.5974,76656964.129,0.010957030000000001,0.010957030000000001,1.504689022115913
2026-07-31,5509.5615,5579.3532,5478.9039,5569.4095,81544046.167,-0.00182592,-0.00182592,1.5019415799279847
2026-08-03,5544.0333,5601.3634,5540.989,5549.1553,69181596.806,-0.00363669,-0.00363669,1.4964794882738917
2026-08-04,5544.2203,5545.0113,5442.6247,5459.3401,68452472.379,-0.01618538,-0.01618538,1.4722583956446735
2026-08-05,5449.8169,5465.0102,5415.1232,5447.9752,65647589.012,-0.00208174,-0.00208174,1.4691935436416517
2026-08-06,5452.5165,5529.8812,5433.5491,5513.6663,66181183.026,0.01205789,0.01205789,1.4869089216402003
2026-08-07,5505.6065,5520.4446,5471.0447,5506.753,59969426.369,-0.00125385,-0.00125385,1.485044563717782
2026-08-10,5496.737,5578.8836,5492.1523,5561.232,56996869.523,0.00989313,0.00989313,1.4997362963571035
2026-08-11,5577.5507,5593.9876,5526.5433,5531.3096,58827857.741,-0.00538053,-0.00538053,1.4916669136458416
2026-08-12,5520.7662,5541.3919,5497.8208,5513.6822,50047102.564,-0.0031868400000000002,-0.0031868400000000002,1.4869132095043125
2026-08-13,5497.8805,5509.5114,5458.9078,5464.4234,51808273.92,-0.00893392,-0.00893392,1.4736292446787134
2026-08-14,5456.978,5491.7606,5432.3154,5478.3945,45034523.107,0.00255674,0.00255674,1.4773969288483426
2026-08-17,5483.0083,5501.6017,5453.5467,5500.0632,45527562.0,0.0039553,0.0039553,1.483240478602223
2026-08-18,5502.8047,5546.0112,5497.3886,5534.8334,52782115.921,0.00632178,0.00632178,1.4926172014168075
2026-08-19,5548.3813,5579.4192,5535.0174,5553.3329,73041853.371,0.00334238,0.00334238,1.4976060908597326
2026-08-20,5528.7509,5611.2751,5528.3367,5585.0951,57954778.276,0.00571948,0.00571948,1.5061716252938566
2026-08-21,5576.1585,5593.6727,5555.7781,5579.3428,53740931.873,-0.00102994,-0.00102994,1.5046203623547214
2026-08-24,5592.0447,5663.96,5588.0978,5653.4024,70267436.852,0.01327389,0.01327389,1.5245925322288945
2026-08-25,5648.1519,5675.6081,5607.5814,5619.1613,58277195.344,-0.00605672,-0.00605672,1.515358495508759
2026-08-26,5579.2118,5672.1383,5577.4939,5658.9661,59496021.247,0.00708376,0.00708376,1.5260929340880585
2026-08-27,5636.9533,5682.5851,5607.6393,5676.0467,59473249.877,0.00301833,0.00301833,1.5306991788524482
2026-08-28,5667.8132,5697.8055,5631.0494,5691.5182,53426808.696,0.0027257500000000003,0.0027257500000000003,1.53487148637515
