date,open,high,low,close,amount,daily_return,return,net_value
2022-08-17,28952.6504,29222.7695,28944.7109,29222.7695,,,,1.0
2022-08-18,28957.4004,28999.6406,28846.5195,28942.1406,,-0.009603090494212041,-0.009603090494212041,0.990396909505788
2022-08-19,29095.7109,29150.8008,28913.0508,28930.3301,,-0.00040807278781584966,-0.00040807278781584966,0.9899927554778818
2022-08-22,28654.0703,28828.2109,28586.3594,28794.5,,-0.0046950760509988365,-0.0046950760509988365,0.9853446642009752
2022-08-23,28580.1992,28580.1992,28395.3008,28452.75,,-0.011868586014690319,-0.011868586014690319,0.9736500162997899
2022-08-24,28481.3398,28515.6094,28282.2109,28313.4707,,-0.0048951085571692365,-0.0048951085571692365,0.9688838937733127
2022-08-25,28415.1094,28534.7109,28357.0293,28479.0098,,0.005846655175340221,0.005846655175340221,0.9745486238051463
2022-08-26,28639.4707,28792.9297,28608.6992,28641.3809,,0.005701430672635288,0.005701430672635288,0.9801049452208834
2022-08-29,28161.0605,28179.0898,27788.1191,27878.9609,,-0.02661952657457245,-0.02661952657457245,0.9540150155857062
2022-08-30,28086.7207,28233.8008,27944.25,28195.5801,,0.011356922560194826,0.011356922560194826,0.9648496902389762
2022-08-31,27928.0898,28104.8008,27906.1699,28091.5293,,-0.0036903230801057507,-0.0036903230801057507,0.9612890831582543
2022-09-01,27797.0,27832.7793,27589.6992,27661.4707,,-0.015309191443699577,-0.015309191443699577,0.9465725245514462
2022-09-02,27755.5996,27772.3691,27570.7402,27650.8398,,-0.00038432157549739276,-0.00038432157549739276,0.946208736307488
2022-09-05,27567.2891,27673.4395,27511.6797,27619.6094,,-0.0011294557498394697,-0.0011294557498394697,0.9451400354097171
2022-09-06,27650.1504,27813.7793,27557.9902,27626.5098,,0.0002498369871950512,0.0002498369871950512,0.9453761663486413
2022-09-07,27546.0098,27546.0098,27268.6992,27430.3008,,-0.00710220007595741,-0.00710220007595741,0.9386619156681916
2022-09-08,27732.6797,28083.7891,27718.3008,28065.2793,,0.023148798280768323,0.023148798280768323,0.9603908110078342
2022-09-09,28204.7109,28286.0195,28091.3809,28214.75,,0.005325822643781786,0.005325822643781786,0.9655056821359796
2022-09-12,28483.5898,28612.8906,28438.3691,28542.1094,,0.011602420719659001,0.011602420719659001,0.9767078852673428
2022-09-13,28556.2109,28659.7598,28530.3594,28614.6309,,0.0025408598567000507,0.0025408598567000507,0.9791895631247408
2022-09-14,28132.6992,28141.9199,27795.6406,27818.6191,,-0.027818349388529118,-0.027818349388529118,0.9519501257401357
2022-09-15,27873.9609,27946.1992,27801.4395,27875.9102,,0.002059451613829255,0.002059451613829255,0.9539106209628763
2022-09-16,27631.3906,27654.9902,27525.6797,27567.6504,,-0.011058286448347054,-0.011058286448347054,0.9433620040701481
2022-09-20,27788.6797,27907.4492,27627.8594,27688.4199,,0.004380841248625256,0.004380841248625256,0.9474947232499644
2022-09-21,27440.8398,27467.3398,27297.5,27313.1309,,-0.013554005658517165,-0.013554005658517165,0.9346523744096192
2022-09-22,27053.5801,27197.0703,26955.1797,27153.8301,,-0.005832388845615655,-0.005832388845615655,0.9292011183265844
2022-09-26,26779.4395,26779.4395,26424.5996,26431.5508,,-0.02659953668930104,-0.02659953668930104,0.9044847990879168
2022-09-27,26585.3809,26680.1992,26523.7695,26571.8691,,0.005308742610743877,0.005308742610743877,0.9092864760816048
2022-09-28,26422.8594,26516.3203,25938.3594,26173.9805,,-0.014974053895215,-0.014974053895215,0.8956707713825688
2022-09-29,26280.5,26458.6699,26221.7793,26422.0508,,0.009477744510430819,0.009477744510430819,0.9041597101191933
2022-09-30,26240.0,26273.6504,25805.5898,25937.2109,,-0.018349820900351976,-0.018349820900351976,0.8875685413731919
2022-10-03,25778.9492,26223.8398,25621.9609,26215.7891,,0.010740484051043664,0.010740484051043664,0.8971014571360186
2022-10-04,26653.4902,26994.4395,26633.5195,26992.2109,,0.029616571793370072,0.029616571793370072,0.9236705268472244
2022-10-05,27211.3203,27216.8008,27030.5508,27120.5293,,0.004753904764429606,0.004753904764429606,0.9280615685655667
2022-10-06,27137.9805,27399.1895,27137.9805,27311.3008,,0.0070342100587248435,0.0070342100587248435,0.9345897485862865
2022-10-07,26975.9199,27198.9102,26921.9004,27116.1094,,-0.007146909677769764,-0.007146909677769764,0.9279103200673708
2022-10-11,26757.1191,26759.6191,26369.5605,26401.25,,-0.02636290440692801,-0.02636290440692801,0.9034479090012328
2022-10-12,26353.2207,26495.75,26313.4102,26396.8301,,-0.00016741252781593552,-0.00016741252781593552,0.9032966605030369
2022-10-13,26398.2891,26408.3105,26237.4199,26237.4199,,-0.0060389902649712335,-0.0060389902649712335,0.8978416607638781
2022-10-14,26599.3203,27180.1602,26595.3496,27090.7598,,0.03252377342179136,0.03252377342179136,0.9270428595072072
2022-10-17,26785.0195,26814.9199,26649.1309,26775.7891,,-0.011626499305493754,-0.011626499305493754,0.9162645963449838
2022-10-18,27167.7305,27229.8809,26910.0996,27156.1406,,0.01420505287741447,0.01420505287741447,0.929280183385767
2022-10-19,27225.1699,27371.3809,27192.7891,27257.3809,,0.0037280813018032433,0.0037280813018032433,0.9327446154615838
2022-10-20,26981.75,27092.5508,26872.4492,27006.9609,,-0.009187236327610648,-0.009187236327610648,0.924175270246032
2022-10-21,26903.5,26985.3809,26869.3809,26890.5801,,-0.004309289017410234,-0.004309289017410234,0.9201927319037986
2022-10-24,27233.0,27308.9707,26974.9004,26974.9004,,0.0031356817029022377,0.0031356817029022377,0.9230781634163729
2022-10-25,27113.1992,27337.8008,27073.1797,27250.2793,,0.010208708685352619,0.010208708685352619,0.9325015994805009
2022-10-26,27410.6406,27578.0508,27404.9004,27431.8398,,0.006662702352559169,0.006662702352559169,0.9387145800811248
2022-10-27,27407.2305,27450.2598,27330.7891,27345.2402,,-0.0031569009089941202,-0.0031569009089941202,0.9357511511699808
2022-10-28,27097.3809,27265.4609,26981.0801,27105.1992,,-0.008778163886817847,-0.008778163886817847,0.9275369742077321
2022-10-31,27404.3008,27602.9902,27392.9902,27587.4609,,0.0177922212060333,0.0177922212060333,0.944039917229611
2022-11-01,27614.6406,27682.9707,27526.1797,27678.9199,,0.003315238047152169,0.003315238047152169,0.9471696342812409
2022-11-02,27562.3008,27692.5508,27546.8809,27663.3906,,-0.0005610515170427766,-0.0005610515170427766,0.9466382233210305
2022-11-04,27371.8906,27389.3008,27032.0195,27199.7402,,-0.01676043282995099,-0.01676043282995099,0.9307721569647942
2022-11-07,27406.7793,27578.0098,27357.5293,27527.6406,,0.012055276910328594,0.012055276910328594,0.9419928730574287
2022-11-08,27718.8398,27943.2695,27704.6406,27872.1094,,0.012513560642752664,0.012513560642752664,0.9537805579994737
2022-11-09,27884.5508,27926.5195,27688.8594,27716.4297,,-0.005585501182052588,-0.005585501182052588,0.9484532155653489
2022-11-10,27459.0801,27485.3809,27370.6191,27446.0996,,-0.009753424338056038,-0.009753424338056038,0.9392025488891462
2022-11-11,27868.6895,28329.5391,27837.0898,28263.5703,,0.029784585493524807,0.029784585493524807,0.9671763075022715
2022-11-14,28277.6406,28305.0391,27963.4707,27963.4707,,-0.010617894229732139,-0.010617894229732139,0.9569069317677096
2022-11-15,27940.2598,28038.6309,27903.2695,27990.1699,,0.000954788491258407,0.000954788491258407,0.9578205754933666
2022-11-16,28020.4902,28069.25,27743.1504,28028.3008,,0.0013622961252550692,0.0013622961252550692,0.9591254107520508
2022-11-17,27952.2109,28029.6191,27910.0098,27930.5703,,-0.003486850690570642,-0.003486850690570642,0.9557810836512262
2022-11-18,28009.8203,28045.4395,27877.7793,27899.7695,,-0.0011027630180541204,-0.0011027630180541204,0.9547270836188199
2022-11-21,27982.0,28007.0605,27846.3008,27944.7891,,0.001613619065921057,0.001613619065921057,0.9562676494436985
2022-11-22,28059.5098,28203.3496,28038.1602,28115.7402,,0.0061174589433561355,0.0061174589433561355,0.9621175775280301
2022-11-24,28373.7207,28502.2891,28363.6602,28383.0898,,0.009508894238537735,0.009508894238537735,0.9712662518177821
2022-11-25,28398.7695,28399.8809,28263.5996,28283.0293,,-0.0035253561435726333,-0.0035253561435726333,0.9678421923698916
2022-11-28,28220.5605,28238.5,28046.3203,28162.8301,,-0.004249870080218043,-0.004249870080218043,0.9637289887941661
2022-11-29,27991.5,28055.9102,27899.9805,28027.8398,,-0.00479320790988258,-0.00479320790988258,0.9591096353820949
2022-11-30,27886.6699,27972.8906,27802.7109,27968.9902,,-0.0020996837580040673,-0.0020996837580040673,0.9570958084585378
2022-12-01,28273.1309,28423.4609,28226.0801,28226.0801,,0.009191962175309376,0.009191962175309376,0.9658933969280359
2022-12-02,27983.1797,27983.1797,27662.1191,27777.9004,,-0.01587821257546851,-0.01587821257546851,0.9505567362463712
2022-12-05,27752.9902,27854.1094,27700.8594,27820.4004,,0.001529993245997785,0.001529993245997785,0.9520110816327658
2022-12-06,27704.0605,27934.0703,27698.3105,27885.8691,,0.0023532623204085557,0.0023532623204085557,0.9542514134397837
2022-12-07,27670.2891,27786.25,27646.7793,27686.4004,,-0.007153038669323819,-0.007153038669323819,0.9474256161791921
2022-12-08,27622.3008,27643.6406,27415.6602,27574.4297,,-0.004044249103614006,-0.004044249103614006,0.9435939909802185
2022-12-09,27633.9609,27952.8008,27633.9609,27901.0098,,0.011843584928249662,0.011843584928249662,0.9547695265501787
2022-12-12,27741.0996,27865.7207,27734.6602,27842.3301,,-0.0021031389337027306,-0.0021031389337027306,0.9527615135861781
2022-12-13,28067.3691,28116.5605,27907.4902,27954.8496,,0.004041310464888204,0.004041310464888204,0.9566119186615767
2022-12-14,28005.0293,28195.6895,27993.7793,28156.2109,,0.007203090085664332,0.007203090085664332,0.9635024804887161
2022-12-15,27991.1406,28163.1699,27987.5391,28051.6992,,-0.003711852435371532,-0.003711852435371532,0.9599261014600277
2022-12-16,27706.6992,27713.0391,27488.8301,27527.1191,,-0.018700475014362006,-0.018700475014362006,0.9419750273840404
2022-12-19,27279.9199,27349.5801,27165.7793,27237.6406,,-0.010516120446472765,-0.010516120446472765,0.9320691045385003
2022-12-20,27257.3496,27339.4902,26416.9102,26568.0293,,-0.02458404198196229,-0.02458404198196229,0.9091550785424359
2022-12-21,26547.1699,26616.2793,26269.8008,26387.7207,,-0.0067866757433904246,-0.0067866757433904246,0.9029849378239116
2022-12-22,26552.4297,26585.2793,26399.3105,26507.8691,,0.004553193561731117,0.004553193561731117,0.9070964030291517
2022-12-23,26207.7695,26291.9805,26106.3809,26235.25,,-0.010284459266474921,-0.010284459266474921,0.8977674070214324
2022-12-26,26299.5391,26438.6504,26294.8496,26405.8691,,0.006503429546125927,0.006503429546125927,0.9036059741018044
2022-12-27,26570.7793,26620.4902,26447.8691,26447.8691,,0.0015905554875299543,0.0015905554875299543,0.9050432095424769
2022-12-28,26309.3398,26354.2695,26199.6699,26340.5,,-0.00405965031035338,-0.00405965031035338,0.9013690505959745
2022-12-29,26074.9004,26126.6992,25953.9199,26093.6699,,-0.00937074467075416,-0.00937074467075416,0.8929225513687196
2022-12-30,26288.0,26321.3691,26067.9199,26094.5,,3.1812313223023025e-05,3.1812313223023025e-05,0.8929509573006077
2023-01-04,25834.93,25840.68,25661.89,25716.86,,-0.014472015175611697,-0.014472015175611697,0.8800281574954764
2023-01-05,25825.5,25947.1,25750.46,25820.8,,0.004041706491383357,0.004041706491383357,0.8835849730122259
2023-01-06,25740.08,26034.06,25719.61,25973.85,,0.005927391870120147,0.005927391870120147,0.888822327397819
2023-01-10,26176.61,26316.66,26132.8,26175.56,,0.0077658876138886335,0.0077658876138886335,0.8957248217011055
2023-01-11,26362.21,26479.99,26332.05,26446.0,,0.010331775136807053,0.010331775136807053,0.9049792491433778
2023-01-12,26524.94,26547.61,26381.93,26449.82,,0.00014444528473123164,0.00014444528473123164,0.9051099691286961
2023-01-13,26391.78,26409.21,26090.84,26119.52,,-0.012487797648528365,-0.012487797648528365,0.8938071389845511
2023-01-16,25836.67,25938.04,25748.1,25822.32,,-0.01137846331019865,-0.01137846331019865,0.8836369872472217
2023-01-17,25915.51,26198.69,25895.3,26138.68,,0.012251416603930254,0.012251416603930254,0.8944627921046293
2023-01-18,26251.34,26816.68,26211.84,26791.12,,0.02496070956911356,0.02496070956911356,0.9167892180787314
2023-01-19,26541.08,26592.87,26368.97,26405.23,,-0.014403653150745432,-0.014403653150745432,0.9035841041691822
2023-01-20,26346.69,26553.53,26320.96,26553.53,,0.00561631161705467,0.00561631161705467,0.9086589140704134
2023-01-23,26880.21,26938.28,26788.76,26906.04,,0.013275447746495583,0.013275447746495583,0.9207217680035427
2023-01-24,27150.43,27381.0,27150.43,27299.19,,0.014611960734467022,0.014611960734467022,0.9341753183249795
2023-01-25,27175.88,27473.9,27175.88,27395.01,,0.003509994252576698,0.003509994252576698,0.9374542683231991
2023-01-26,27444.64,27502.15,27284.08,27362.75,,-0.0011775867210852553,-0.0011775867210852553,0.936350334625197
2023-01-27,27428.41,27452.67,27326.91,27382.56,,0.0007239769394524753,0.0007239769394524753,0.9370282306747142
2023-01-30,27384.77,27486.42,27337.25,27433.4,,0.0018566562074546766,0.0018566562074546766,0.9387679699557567
2023-01-31,27458.56,27494.17,27302.22,27327.11,,-0.0038744741811077565,-0.0038744741811077565,0.9351307376941121
2023-02-01,27483.41,27547.67,27322.79,27346.88,,0.0007234574018255557,0.0007234574018255557,0.9358072649479715
2023-02-02,27453.67,27472.44,27338.43,27402.05,,0.0020174147836973244,0.0020174147836973244,0.937695176358969
2023-02-03,27455.03,27612.57,27445.69,27509.46,,0.003919779724509631,0.003919779724509631,0.9413707348990314
2023-02-06,27764.66,27821.22,27656.47,27693.65,,0.006695514924684121,0.006695514924684121,0.9476736967042088
2023-02-07,27744.9,27814.96,27662.11,27685.47,,-0.0002953745714270317,-0.0002953745714270317,0.9473937779921922
2023-02-08,27690.74,27719.45,27458.53,27606.46,,-0.0028538435504256165,-0.0028538435504256165,0.9446900643691557
2023-02-09,27453.4,27635.38,27424.69,27584.35,,-0.0008008994996099306,-0.0008008994996099306,0.943933462569316
2023-02-10,27711.25,27814.02,27609.33,27670.98,,0.0031405488981977037,0.0031405488981977037,0.9468979317651601
2023-02-13,27550.35,27570.32,27266.94,27427.32,,-0.008805615124581778,-0.008805615124581778,0.9385599130157736
2023-02-14,27705.37,27721.82,27553.18,27602.77,,0.00639690644218982,0.00639690644218982,0.9445637929697253
2023-02-15,27686.01,27720.27,27444.13,27501.86,,-0.003655792516475742,-0.003655792516475742,0.9411106637240526
2023-02-16,27654.72,27727.66,27597.12,27696.44,,0.007075157825688905,0.007075157825688905,0.9477691702013391
2023-02-17,27484.6,27608.59,27466.61,27513.13,,-0.006618540144509466,-0.006618540144509466,0.941496321900633
2023-02-20,27497.13,27531.94,27426.48,27531.94,,0.0006836735769431002,0.0006836735769431002,0.9421399980587055
2023-02-21,27486.09,27538.29,27359.12,27473.1,,-0.0021371541562272833,-0.0021371541562272833,0.9401264996461064
2023-02-22,27265.99,27300.53,27046.08,27104.32,,-0.013423312258172504,-0.013423312258172504,0.927506888079174
2023-02-24,27144.72,27465.9,27128.32,27453.48,,0.01288207931429386,0.01288207931429386,0.9394551053759638
2023-02-27,27322.73,27456.22,27292.74,27423.96,,-0.0010752735172371297,-0.0010752735172371297,0.9384449341805198
2023-02-28,27515.34,27585.17,27400.36,27445.56,,0.0007876324207007901,0.0007876324207007901,0.9391840838357228
2023-03-01,27363.57,27530.76,27305.37,27516.53,,0.0025858463081094296,0.0025858463081094296,0.9416126695315445
2023-03-02,27564.82,27617.8,27408.54,27498.87,,-0.0006417960404164758,-0.0006417960404164758,0.9410083462486333
2023-03-03,27683.26,27961.21,27655.34,27927.47,,0.015586094992267041,0.015586094992267041,0.9556749917217806
2023-03-06,28182.31,28288.62,28153.82,28237.78,,0.011111282189185001,0.011111282189185001,0.9662937662359483
2023-03-07,28202.59,28398.27,28202.59,28309.16,,0.0025278191132589445,0.0025278191132589445,0.9687363820872625
2023-03-08,28237.21,28469.41,28232.68,28444.19,,0.0047698342162041385,0.0047698342162041385,0.9733570940290242
2023-03-09,28648.11,28734.79,28558.88,28623.15,,0.006291618780496222,0.006291618780496222,0.9794810858019464
2023-03-10,28385.29,28424.24,28118.74,28143.97,,-0.016740994614499072,-0.016740994614499072,0.9630835982195323
2023-03-13,27886.21,27906.97,27631.53,27832.96,,-0.011050679772612093,-0.011050679772612093,0.9524408697813532
2023-03-14,27455.95,27455.95,27104.75,27222.04,,-0.02194951596955541,-0.02194951596955541,0.9315352537000301
2023-03-15,27421.66,27424.94,27105.99,27229.48,,0.00027330795193880597,0.00027330795193880597,0.9317898496923778
2023-03-16,26796.67,27057.54,26632.92,27010.61,,-0.008037979425240538,-0.008037979425240538,0.9243001420519025
2023-03-17,27232.23,27356.15,27071.71,27333.79,,0.011964927856127572,0.011964927856127572,0.935359326568962
2023-03-20,27253.73,27367.18,26945.67,26945.67,,-0.014199274963333064,-0.014199274963333064,0.9220779023014913
2023-03-22,27298.15,27520.97,27267.26,27466.61,,0.01933297631864428,0.01933297631864428,0.9399044125506312
2023-03-23,27232.97,27461.97,27175.63,27419.61,,-0.001711168578867217,-0.001711168578867217,0.9382960776527359
2023-03-24,27368.62,27397.29,27257.44,27385.25,,-0.0012531177503983804,-0.0012531177503983804,0.9371202821827
2023-03-27,27482.39,27543.48,27359.72,27476.87,,0.0033455966259208214,0.0033455966259208214,0.9402555086368525
2023-03-28,27573.82,27603.45,27432.76,27518.25,,0.001505993950548179,0.001505993950548179,0.9416715277448293
2023-03-29,27549.37,27897.72,27505.48,27883.78,,0.0132831847955448,0.0132831847955448,0.9541799246645668
2023-03-30,27827.89,27876.38,27630.55,27782.93,,-0.003616798009452027,-0.003616798009452027,0.9507288486123809
2023-03-31,28009.22,28124.62,27986.62,28041.48,,0.009306073909411294,0.009306073909411294,0.9595764015453772
2023-04-03,28203.35,28258.91,28120.71,28188.15,,0.0052304657243484876,0.0052304657243484876,0.9645954330235539
2023-04-04,28213.93,28287.42,28139.12,28287.42,,0.0035216926261565362,0.0035216926261565362,0.9679924416472573
2023-04-05,28111.04,28133.57,27788.77,27813.26,,-0.01676222151048068,-0.01676222151048068,0.951766737919895
2023-04-06,27589.14,27609.86,27427.66,27472.63,,-0.01224703612593403,-0.01224703612593403,0.9401104162971275
2023-04-07,27554.37,27591.15,27456.25,27518.31,,0.0016627457946327695,0.0016627457946327695,0.941673580938316
2023-04-10,27658.52,27737.49,27597.18,27633.66,,0.004191754508180212,0.004191754508180212,0.9456208454164483
2023-04-11,27895.9,28068.39,27854.82,27923.37,,0.01048395326569107,0.01048395326569107,0.9555346901668578
2023-04-12,27985.93,28121.46,27983.97,28082.7,,0.0057059731687114645,0.0057059731687114645,0.9609869454707228
2023-04-13,27952.58,28163.87,27952.01,28156.97,,0.002644688722950539,0.002644688722950539,0.9635284568083119
2023-04-14,28321.54,28515.51,28282.82,28493.47,,0.011950859769357391,0.011950859769357391,0.9750434502794132
2023-04-17,28537.99,28599.75,28414.98,28514.78,,0.0007478906570521637,0.0007478906570521637,0.9757726761660971
2023-04-18,28567.54,28698.22,28520.76,28658.83,,0.005051766136719316,0.005051766136719316,0.9807020515286891
2023-04-19,28619.84,28677.22,28531.54,28606.76,,-0.0018168920364161067,-0.0018168920364161067,0.9789202217811697
2023-04-20,28472.0,28694.25,28442.45,28657.57,,0.0017761536084477392,0.0017761536084477392,0.9806589344654688
2023-04-21,28590.55,28778.37,28527.8,28564.37,,-0.0032521947953019215,-0.0032521947953019215,0.9774696405828339
2023-04-24,28631.78,28680.65,28567.24,28593.52,,0.0010205021150475613,0.0010205021150475613,0.9784671504184435
2023-04-25,28697.73,28806.69,28609.77,28620.07,,0.0009285320590119994,0.0009285320590119994,0.9793756885362971
2023-04-26,28478.52,28551.61,28319.77,28416.47,,-0.007113888959740411,-0.007113888959740411,0.9724085186381805
2023-04-27,28340.59,28459.73,28241.67,28457.68,,0.0014502153152731179,0.0014502153152731179,0.9738187203646116
2023-04-28,28705.91,28879.24,28499.51,28856.44,,0.014012386111587505,0.014012386111587505,0.9874642442770525
2023-05-01,29058.05,29145.89,29016.83,29123.18,,0.009243690489887157,0.009243690489887157,0.99659205812098
2023-05-02,29278.8,29278.8,29083.13,29157.95,,0.0011938943480760411,0.0011938943480760411,0.9977818837465081
2023-05-08,29095.46,29144.12,28931.81,28949.88,,-0.0071359612044056275,-0.0071359612044056275,0.9906617509336342
2023-05-09,29020.63,29262.36,29020.63,29242.82,,0.01011886750480473,0.01011886750480473,1.0006861259334097
2023-05-10,29189.41,29195.16,29070.11,29122.18,,-0.004125457120756515,-0.004125457120756515,0.9965578382295355
2023-05-11,29110.79,29165.59,29028.71,29126.72,,0.00015589492270162708,0.00015589492270162708,0.9967131965366939
2023-05-12,29199.3,29426.06,29141.52,29388.3,,0.0089807571879017,0.0089807571879017,1.0056644357407671
2023-05-15,29547.04,29629.47,29475.97,29626.34,,0.008099822038021953,0.008099822038021953,1.0138101387002352
2023-05-16,29838.01,29916.56,29779.07,29842.99,,0.007312749398001861,0.007312749398001861,1.0212238781817036
2023-05-17,29912.44,30115.32,29912.44,30093.59,,0.00839728190774447,0.00839728190774447,1.0297993829777154
2023-05-18,30432.54,30667.13,30381.9,30573.93,,0.01596153865324812,0.01596153865324812,1.0462365656342052
2023-05-19,30847.36,30924.57,30679.16,30808.35,,0.00766731656676134,0.00766731656676134,1.0542583925866438
2023-05-22,30735.71,31086.82,30689.27,31086.82,,0.009038783316860588,0.009038783316860588,1.0637876057572162
2023-05-23,31245.72,31352.53,30828.73,30957.77,,-0.00415127697204154,-0.00415127697204154,1.059371528766293
2023-05-24,30728.69,30856.92,30566.83,30682.68,,-0.008885975960154724,-0.008885975960154724,1.0499579788288034
2023-05-25,30599.27,30889.98,30558.14,30801.13,,0.003860484155882027,0.003860484155882027,1.054011324970414
2023-05-26,30909.61,31101.6,30864.49,30916.31,,0.0037394731946522874,0.0037394731946522874,1.0579527720670008
2023-05-29,31388.01,31560.43,31164.0,31233.54,,0.010260926999373421,0.010260926999373421,1.068808348229965
2023-05-30,31196.24,31374.83,31064.19,31328.16,,0.0030294356643529863,0.0030294356643529863,1.0720462343584514
2023-05-31,31057.09,31142.78,30785.98,30887.88,,-0.014053809735394607,-0.014053809735394607,1.0569799005532314
2023-06-01,30886.01,31185.05,30853.44,31148.01,,0.008421749890248131,0.008421749890248131,1.0658815209147101
2023-06-02,31300.72,31555.54,31257.01,31524.22,,0.012078139181283198,0.012078139181283198,1.0787553862750758
2023-06-05,31864.12,32217.43,31798.72,32217.43,,0.021989758985313523,0.021989758985313523,1.1024769572233735
2023-06-06,31988.37,32534.47,31933.87,32506.78,,0.008981163301976514,0.008981163301976514,1.1123784828128627
2023-06-07,32618.78,32708.53,31913.74,31913.74,,-0.018243578724192244,-0.018243578724192244,1.0920847183905689
2023-06-08,31877.79,32035.95,31420.45,31641.27,,-0.00853770194279957,-0.00853770194279957,1.082760824568664
2023-06-09,31927.38,32304.04,31898.75,32265.17,,0.019717919034223375,0.019717919034223375,1.1041106148409376
2023-06-12,32412.12,32517.68,32280.54,32434.0,,0.005232577420171802,0.005232577420171802,1.1098879591135262
2023-06-13,32668.95,33127.36,32638.21,33018.65,,0.018025837084540974,0.018025837084540974,1.1298946186466003
2023-06-14,33331.47,33665.52,33203.95,33502.42,,0.014651416699350106,0.014651416699350106,1.1464491755307449
2023-06-15,33493.69,33767.13,33386.01,33485.49,,-0.0005053366294136552,-0.0005053366294136552,1.1458698327685881
2023-06-16,33399.15,33772.76,33186.93,33706.08,,0.006587629447859511,0.006587629447859511,1.1534183986223483
2023-06-19,33768.69,33772.89,33231.56,33370.42,,-0.009958440732354634,-0.009958440732354634,1.1419321498600603
2023-06-20,33269.57,33474.74,33089.02,33388.91,,0.0005540835266684141,0.0005540835266684141,1.1425648756528708
2023-06-21,33200.63,33657.87,33154.68,33575.14,,0.005577600466741606,0.005577600466741606,1.148937646036595
2023-06-22,33438.01,33641.46,33232.19,33264.88,,-0.009240765637909543,-0.009240765637909543,1.1383205825169993
2023-06-23,33458.35,33533.47,32575.56,32781.54,,-0.014530038887859975,-0.014530038887859975,1.121780740186176
2023-06-26,32647.08,32884.73,32392.72,32698.81,,-0.002523676434969202,-0.002523676434969202,1.1189497285669656
2023-06-27,32629.96,32689.1,32306.99,32538.33,,-0.0049078238627032755,-0.0049078238627032755,1.1134581203879395
2023-06-28,32807.84,33193.99,32642.87,33193.99,,0.02015038878762354,0.02015038878762354,1.135894734412493
2023-06-29,33306.84,33527.98,33185.2,33234.14,,0.0012095563082352712,0.0012095563082352712,1.137268663053993
2023-06-30,33068.36,33232.89,32918.77,33189.04,,-0.0013570382744971798,-0.0013570382744971798,1.1357253459498424
2023-07-03,33517.6,33762.81,33510.55,33753.33,,0.01700229955431065,0.01700229955431065,1.1550352884931048
2023-07-04,33512.26,33576.45,33338.78,33422.52,,-0.009800810764449164,-0.009800810764449164,1.1437150062043229
2023-07-05,33165.06,33389.22,33041.14,33338.7,,-0.002507889889810766,-0.002507889889810766,1.1408466949034382
2023-07-06,33058.4,33079.45,32637.72,32773.02,,-0.01696766820541895,-0.01696766820541895,1.121489186711068
2023-07-07,32450.64,32730.25,32327.9,32388.42,,-0.011735262725253826,-0.011735262725253826,1.1083282164614823
2023-07-10,32393.46,32558.98,32065.63,32189.73,,-0.00613459995887411,-0.00613459995887411,1.1015290662303585
2023-07-11,32434.67,32468.7,32084.42,32203.57,,0.00042995079486529697,0.00042995079486529697,1.1020026695279515
2023-07-12,32280.05,32312.03,31791.71,31943.93,,-0.008062460155815021,-0.008062460155815021,1.0931178169132807
2023-07-13,32106.05,32484.4,31952.98,32419.33,,0.014882326626686204,0.014882326626686204,1.1093859533060344
2023-07-14,32587.9,32780.63,32225.37,32391.26,,-0.0008658414594010511,-0.0008658414594010511,1.1084254009531849
2023-07-18,32457.18,32714.59,32338.3,32493.89,,0.0031684472910284978,0.0031684472910284978,1.1119373884121422
2023-07-19,32812.36,32896.03,32671.03,32896.03,,0.012375865124181873,0.012375865124181873,1.1256985755576658
2023-07-20,32803.35,32861.02,32462.86,32490.52,,-0.012327019400213302,-0.012327019400213302,1.111822067377974
2023-07-21,32336.86,32462.44,32080.95,32304.25,,-0.005733056903983069,-0.005733056903983069,1.1054479281985918
2023-07-24,32648.14,32793.77,32554.46,32700.94,,0.012279808384345614,0.012279808384345614,1.1190226169357425
2023-07-25,32705.39,32715.56,32509.94,32682.51,,-0.0005635923615651128,-0.0005635923615651128,1.118391944336419
2023-07-26,32704.96,32724.25,32488.52,32668.34,,-0.000433565231066968,-0.000433565231066968,1.1179070484746492
2023-07-27,32523.69,32938.59,32503.69,32891.16,,0.006820671022770064,0.006820671022770064,1.125531924686331
2023-07-28,32444.42,32846.97,32037.55,32759.23,,-0.004011108151856124,-0.004011108151856124,1.1210172944080472
2023-07-31,33128.83,33402.08,33025.93,33172.22,,0.012606828670881587,0.012606828670881587,1.1351497673757445
2023-08-01,33292.31,33488.77,33203.88,33476.58,,0.009175147156265107,0.009175147156265107,1.1455649335358171
2023-08-02,33123.12,33158.58,32628.29,32707.69,,-0.022967997328281586,-0.022967997328281586,1.1192536012029934
2023-08-03,32375.85,32467.06,32142.25,32159.28,,-0.01676700494593164,-0.01676700494593164,1.100487070535871
2023-08-04,32019.06,32294.7,31934.35,32192.75,,0.0010407571313786335,0.0010407571313786335,1.1016324103025212
2023-08-07,31921.28,32306.87,31830.23,32254.56,,0.0019199975149684079,0.0019199975149684079,1.1037475417927107
2023-08-08,32430.61,32539.88,32238.59,32377.29,,0.0038050433799128314,0.0038050433799128314,1.107947349069704
2023-08-09,32346.32,32407.85,32175.64,32204.33,,-0.005342015962423008,-0.005342015962423008,1.1020286766454495
2023-08-10,32015.96,32504.85,32015.96,32473.65,,0.008362850585619919,0.008362850585619919,1.111244777809304
2023-08-14,32456.72,32613.99,32031.54,32059.91,,-0.012740791380088212,-0.012740791380088212,1.097086639923023
2023-08-15,32372.53,32403.93,32217.52,32238.89,,0.005582673189038934,0.005582673189038934,1.1032113160937742
2023-08-16,31965.58,31997.28,31766.82,31766.82,,-0.014642873870657436,-0.014642873870657436,1.087057131939531
2023-08-17,31621.98,31704.08,31309.68,31626.0,,-0.004432927186290625,-0.004432927186290625,1.0822382868263052
2023-08-18,31321.26,31644.89,31275.25,31450.76,,-0.005541010560930926,-0.005541010560930926,1.0762415930495568
2023-08-21,31552.85,31758.7,31409.86,31565.64,,0.0036526939253613833,0.0036526939253613833,1.0801727741787102
2023-08-22,31792.6,31906.1,31693.76,31856.71,,0.009221102439234574,0.009221102439234574,1.0901331579814844
2023-08-23,31717.91,32039.6,31717.91,32010.26,,0.00482002064871101,0.00482002064871101,1.0953876223127996
2023-08-24,32130.52,32297.91,32063.14,32287.21,,0.008651913480240525,0.008651913480240525,1.1048648212483763
2023-08-25,31840.91,31885.53,31572.06,31624.28,,-0.02053227888070852,-0.02053227888070852,1.0821794286130204
2023-08-28,31915.68,32205.48,31881.93,32169.99,,0.01725604503881195,0.01725604503881195,1.1008535655732425
2023-08-29,32280.57,32389.12,32186.57,32226.97,,0.001771215968671358,0.001771215968671358,1.1028034149877548
2023-08-30,32432.95,32557.45,32300.56,32333.46,,0.003304375186373276,0.003304375186373276,1.106447491227688
2023-08-31,32361.02,32692.76,32359.15,32619.34,,0.008841614847282075,0.008841614847282075,1.1162302737938647
2023-09-01,32521.15,32845.46,32499.44,32710.62,,0.0027983398805739856,0.0027983398805739856,1.119353865484926
2023-09-04,32797.32,32939.18,32714.94,32939.18,,0.006987333165803689,0.006987333165803689,1.1271751638734995
2023-09-05,32941.41,33036.76,32784.32,33036.76,,0.0029624295443906323,0.0029624295443906323,1.1305143408806617
2023-09-06,33115.06,33282.15,33088.22,33241.02,,0.006182809694412983,0.006182809694412983,1.1375040959071316
2023-09-07,33118.55,33322.45,32986.35,32991.08,,-0.007519023182802287,-0.007519023182802287,1.1289511762394733
2023-09-08,32916.25,32920.43,32512.8,32606.84,,-0.011646784524786735,-0.011646784524786735,1.1158025251508075
2023-09-11,32690.54,32746.14,32391.69,32467.76,,-0.0042653627275750505,-0.0042653627275750505,1.1110432226486953
2023-09-12,32629.16,32799.69,32486.48,32776.37,,0.009505121388109439,0.009505121388109439,1.1216038233474073
2023-09-13,32742.29,32872.44,32616.65,32706.52,,-0.0021311084784557677,-0.0021311084784557677,1.1192135639300034
2023-09-14,32925.54,33244.45,32851.24,33168.1,,0.014112782405465207,0.014112782405465207,1.1350087814229928
2023-09-15,33428.44,33634.31,33391.46,33533.09,,0.011004248057621568,0.011004248057621568,1.14749869960135
2023-09-19,33296.23,33337.23,33128.86,33242.59,,-0.008663084732125736,-0.008663084732125736,1.1375578211366995
2023-09-20,33261.35,33267.14,32988.65,33023.78,,-0.006582218774168869,-0.006582218774168869,1.1300701666897108
2023-09-21,32865.56,32939.89,32550.65,32571.03,,-0.013709817592050366,-0.013709817592050366,1.114577110838177
2023-09-22,32189.32,32535.67,32154.53,32402.41,,-0.005176993174609401,-0.005176993174609401,1.108806952742792
2023-09-25,32517.26,32722.22,32388.28,32678.62,,0.008524365934509115,0.008524365934509115,1.1182588289586994
2023-09-26,32640.05,32643.41,32315.05,32315.05,,-0.011125622807817481,-0.011125622807817481,1.1058175030261934
2023-09-27,32023.37,32371.9,31960.32,32371.9,,0.0017592422106726957,0.0017592422106726957,1.1077629038548178
2023-09-28,32119.37,32164.45,31674.42,31872.52,,-0.0154263419817805,-0.0154263419817805,1.090674174465223
2023-09-29,32018.64,32027.46,31717.74,31857.62,,-0.00046748735274149134,-0.00046748735274149134,1.0901642980826989
2023-10-02,32101.97,32401.58,31759.88,31759.88,,-0.003068025797281715,-0.003068025797281715,1.0868196458929056
2023-10-03,31607.97,31607.97,31157.4,31237.94,,-0.016433941186175804,-0.016433941186175804,1.0689589157523212
2023-10-04,30765.03,30830.85,30487.67,30526.88,,-0.022762704582952598,-0.022762704582952598,1.0446265197417377
2023-10-05,30733.65,31083.9,30565.32,31075.36,,0.017967116193990273,0.017967116193990273,1.0633954458012613
2023-10-06,31003.95,31160.45,30928.16,30994.67,,-0.0025965909968541645,-0.0025965909968541645,1.060634242760598
2023-10-10,31314.67,31818.26,31314.67,31746.53,,0.02425771914977637,0.02425771914977637,1.0863628103421203
2023-10-11,31847.1,32037.07,31804.09,31936.51,,0.005984276076786976,0.005984276076786976,1.0928639053187619
2023-10-12,32120.94,32494.66,32120.94,32494.66,,0.017476862687876737,0.017476862687876737,1.1119637377285545
2023-10-13,32328.39,32533.08,32249.03,32315.99,,-0.00549844189783788,-0.00549844189783788,1.1058496697241513
2023-10-16,31983.04,31999.79,31564.31,31659.03,,-0.020329254960160692,-0.020329254960160692,1.0833685698407196
2023-10-17,32063.79,32260.77,31901.39,32040.29,,0.012042693664335413,0.012042693664335413,1.0964152456528804
2023-10-18,32033.81,32101.47,31866.95,32042.25,,6.117297939556288e-05,6.117297939556288e-05,1.0964823166401119
2023-10-19,31579.54,31669.42,31399.17,31430.62,,-0.0190882350646413,-0.0190882350646413,1.0755524044358629
2023-10-20,31164.89,31428.97,31093.9,31259.36,,-0.005448826653753569,-0.005448826653753569,1.0696919058270642
2023-10-23,31151.98,31177.41,30974.26,30999.55,,-0.008311430560318578,-0.008311430560318578,1.0608012358308476
2023-10-24,31157.01,31210.26,30551.67,31062.35,,0.0020258358589075875,0.0020258358589075875,1.0629502450135673
2023-10-25,31302.51,31466.92,31195.58,31269.92,,0.00668236627299601,0.00668236627299601,1.0700532678807189
2023-10-26,30902.92,30943.33,30567.61,30601.78,,-0.021366859908819702,-0.021366859908819702,1.0471895896109369
2023-10-27,30713.79,31081.48,30687.33,30991.69,,0.012741415695426861,0.012741415695426861,1.0605322674840931
2023-10-30,30663.48,30762.5,30538.29,30696.96,,-0.009509968639980548,-0.009509968639980548,1.050446638878632
2023-10-31,30694.96,30973.66,30552.65,30858.85,,0.005273812129930722,0.005273812129930722,1.0559864971045951
2023-11-01,31311.22,31601.65,31301.51,31601.65,,0.024070890522492006,0.024070890522492006,1.0814050324696296
2023-11-02,31987.02,32087.13,31878.36,31949.89,,0.0110196777699898,0.0110196777699898,1.0933217674662903
2023-11-06,32450.82,32766.54,32395.5,32708.48,,0.023743117738433517,0.023743117738433517,1.1192806349172346
2023-11-07,32551.77,32591.11,32250.93,32271.82,,-0.013350054787015453,-0.013350054787015453,1.1043381771190441
2023-11-08,32457.23,32512.17,32049.34,32166.48,,-0.003264148101966402,-0.003264148101966402,1.1007334537542721
2023-11-09,32316.39,32723.71,32193.2,32646.46,,0.014921744623595634,0.014921744623595634,1.1171583172498418
2023-11-10,32491.24,32598.93,32248.24,32568.11,,-0.0023999539306864826,-0.0023999539306864826,1.114477188755159
2023-11-13,32818.15,32913.31,32499.28,32585.11,,0.0005219830073037723,0.0005219830073037723,1.1150589269097169
2023-11-14,32760.51,32836.27,32667.4,32695.93,,0.0034009398771401855,0.0034009398771401855,1.1188511752796053
2023-11-15,33112.31,33556.52,33096.93,33519.7,,0.025194878995642433,0.025194878995642433,1.1470404952549074
2023-11-16,33399.59,33614.13,33233.84,33424.41,,-0.0028428058723674043,-0.0028428058723674043,1.1437796817991535
2023-11-17,33344.85,33599.63,33263.67,33585.2,,0.004810556117520015,0.004810556117520015,1.1492818981445272
2023-11-20,33559.62,33853.46,33352.69,33388.03,,-0.005870740683396214,-0.005870740683396214,1.1425347621483994
2023-11-21,33453.15,33460.32,33254.73,33354.14,,-0.001015034430003836,-0.001015034430003836,1.1413750500273425
2023-11-22,33182.99,33593.5,33182.99,33451.83,,0.0029288717982236534,0.0029288717982236534,1.1447179912225638
2023-11-24,33752.05,33817.86,33622.57,33625.53,,0.005192541035871523,0.005192541035871523,1.1506619863664873
2023-11-27,33710.03,33811.41,33397.04,33447.67,,-0.005289433356143403,-0.005289433356143403,1.1445756364741542
2023-11-28,33520.39,33545.85,33298.04,33408.39,,-0.0011743717873322623,-0.0011743717873322623,1.143231479138211
2023-11-29,33244.43,33516.23,33179.07,33321.22,,-0.002609224808498678,-0.002609224808498678,1.1402485312009871
2023-11-30,33260.14,33486.89,33161.07,33486.89,,0.004971906790927738,0.004971906790927738,1.1459177406166106
2023-12-01,33537.44,33551.57,33397.42,33431.51,,-0.001653781524650344,-0.001653781524650344,1.14402264302841
2023-12-04,33318.07,33324.38,33023.04,33231.27,,-0.005989558952018803,-0.005989558952018803,1.1371704519655468
2023-12-05,33022.38,33089.82,32726.68,32775.82,,-0.013705464762556407,-0.013705464762556407,1.1215850024071128
2023-12-06,32928.92,33452.13,32914.09,33445.9,,0.020444339760225638,0.020444339760225638,1.1445150672662974
2023-12-07,33165.72,33195.87,32814.69,32858.31,,-0.017568371609076316,-0.017568371609076316,1.1244078012523762
2023-12-08,32600.47,32604.35,32205.38,32307.86,,-0.01675223101857637,-0.01675223101857637,1.105571462006707
2023-12-11,32665.09,32933.08,32650.1,32791.8,,0.014979017489861635,0.014979017489861635,1.1221318362723973
2023-12-12,33107.65,33172.13,32800.24,32843.7,,0.0015827127513583505,0.0015827127513583505,1.123907848638371
2023-12-13,32973.47,33104.47,32864.38,32926.35,,0.002516464344760161,0.002516464344760161,1.1267361226662653
2023-12-14,33032.3,33120.55,32515.04,32686.25,,-0.007292032065503773,-0.007292032065503773,1.1185199267304218
2023-12-15,32760.56,33122.33,32732.66,32970.55,,0.008697846953994448,0.008697846953994448,1.1282486418681161
2023-12-18,32769.23,32790.58,32541.23,32758.98,,-0.006416938752917489,-0.006416938752917489,1.121008739435186
2023-12-19,32774.21,33219.39,32654.43,33219.39,,0.014054466897321038,0.014054466897321038,1.1367639196551853
2023-12-20,33467.32,33824.06,33467.32,33675.94,,0.013743479335412312,0.013743479335412312,1.1523870110942087
2023-12-21,33276.81,33337.84,33097.79,33140.47,,-0.01590066973631621,-0.01590066973631621,1.1340632858223791
2023-12-22,33257.95,33375.19,33151.7,33169.05,,0.0008623897005686221,0.0008623897005686221,1.1350412903198652
2023-12-25,33414.51,33414.51,33221.57,33254.03,,0.002562026949822105,0.002562026949822105,1.1379492966948257
2023-12-26,33295.68,33312.26,33181.36,33305.85,,0.0015583073690617066,0.0015583073690617066,1.1397225714694839
2023-12-27,33532.97,33755.75,33521.52,33681.24,,0.01127099293367384,0.01127099293367384,1.1525683765188648
2023-12-28,33477.47,33571.73,33411.24,33539.62,,-0.004204714553264544,-0.004204714553264544,1.1477221554924835
2023-12-29,33458.64,33652.71,33305.17,33464.17,,-0.0022495782599804004,-0.0022495782599804004,1.1451402646829898
2024-01-04,33193.05,33299.39,32693.18,33288.29,,-0.00525577057491633,-0.00525577057491633,1.139121670175717
2024-01-05,33397.52,33568.04,33257.43,33377.42,,0.002677518130249412,0.002677518130249412,1.1421716891001723
2024-01-09,33704.83,33990.28,33600.32,33763.18,,0.011557514031941496,0.011557514031941496,1.155372354423834
2024-01-10,33896.33,34539.02,33885.74,34441.72,,0.020097040622358397,0.020097040622358397,1.1785919195646395
2024-01-11,34871.33,35157.56,34849.57,35049.86,,0.017657074036952825,0.017657074036952825,1.1994024043477467
2024-01-12,35601.65,35839.65,35362.24,35577.11,,0.015042856091293855,0.015042856091293855,1.217444842111902
2024-01-15,35634.12,36008.23,35544.32,35901.79,,0.009126092591556834,0.009126092591556834,1.2285553564661282
2024-01-16,35909.2,35955.68,35587.53,35619.18,,-0.007871752355523287,-0.007871752355523287,1.2188844729449755
2024-01-17,35850.18,36239.22,35476.52,35477.75,,-0.003970613585152716,-0.003970613585152716,1.2140447536979684
2024-01-18,35371.25,35728.09,35371.25,35466.17,,-0.0003264017588489043,-0.0003264017588489043,1.21364848735504
2024-01-19,35913.72,36076.23,35790.07,35963.27,,0.01401617372273356,0.01401617372273356,1.230659195392141
2024-01-22,36294.1,36571.8,36225.91,36546.95,,0.016229892331815154,0.016229892331815154,1.250632661630514
2024-01-23,36605.3,36984.51,36436.07,36517.57,,-0.0008038974524549047,-0.0008038974524549047,1.249627281219872
2024-01-24,36415.66,36471.39,36104.89,36226.48,,-0.007971231382591926,-0.007971231382591926,1.2396662130192693
2024-01-25,36213.14,36312.36,35912.54,36236.47,,0.0002757651309206466,0.0002757651309206466,1.2400080697348006
2024-01-26,36003.0,36060.4,35687.58,35751.07,,-0.013395344524452901,-0.013395344524452901,1.223397734427601
2024-01-29,35814.29,36186.87,35813.77,36026.94,,0.007716412403880657,0.007716412403880657,1.2328379758804175
2024-01-30,36196.64,36249.03,36039.31,36065.86,,0.0010803026846020192,0.0010803026846020192,1.2341698140554407
2024-01-31,35747.89,36292.53,35704.58,36286.71,,0.006123519583340009,0.006123519583340009,1.2417272770809762
2024-02-01,36008.56,36146.36,35924.6,36011.46,,-0.007585421770119116,-0.007585421770119116,1.2323082519608555
2024-02-02,36249.99,36441.09,36083.61,36158.02,,0.0040698155531599944,0.0040698155531599944,1.237323519250973
2024-02-05,36419.34,36452.62,36213.0,36354.16,,0.005424522692337952,0.005424522692337952,1.2440354087589134
2024-02-06,36249.08,36294.48,36065.98,36160.66,,-0.0053226370792228694,-0.0053226370792228694,1.237413859764387
2024-02-07,36002.99,36195.5,35854.63,36119.92,,-0.0011266387283861423,-0.0011266387283861423,1.2360197413869345
2024-02-08,36258.84,36956.97,36206.2,36863.28,,0.020580333511259097,0.020580333511259097,1.261457439891178
2024-02-09,36915.44,37287.26,36807.03,36897.42,,0.0009261248592093985,0.0009261248592093985,1.262625706985096
2024-02-13,37248.36,38010.69,37184.1,37963.97,,0.028905815094930842,0.028905815094930842,1.2991229322053135
2024-02-14,37712.87,37825.85,37594.47,37703.32,,-0.006865720313233847,-0.006865720313233847,1.2902035175002835
2024-02-15,38017.83,38188.74,37935.36,38157.94,,0.012057824085518254,0.012057824085518254,1.3057605645488188
2024-02-16,38517.37,38865.06,38361.55,38487.24,,0.008629920797611046,0.008629920797611046,1.317029174801519
2024-02-19,38473.41,38555.84,38281.7,38470.38,,-0.0004380672659302087,-0.0004380672659302087,1.3164522274317634
2024-02-20,38510.37,38742.33,38288.04,38363.61,,-0.0027753819951868985,-0.0027753819951868985,1.3127985696222257
2024-02-21,38191.97,38339.7,38095.15,38262.16,,-0.0026444330968852237,-0.0026444330968852237,1.309326961635173
2024-02-22,38508.07,39156.97,38508.07,39098.68,,0.021862853534666993,0.021862853534666993,1.3379525852263936
2024-02-26,39320.64,39388.08,39181.03,39233.71,,0.0034535692765074177,0.0034535692765074177,1.3425732971681552
2024-02-27,39260.78,39426.29,39113.03,39239.52,,0.0001480869385026562,0.0001480869385026562,1.342772114737448
2024-02-28,39189.22,39283.95,39075.47,39208.03,,-0.0008025072681826506,-0.0008025072681826506,1.3416945303558583
2024-02-29,38935.53,39250.12,38876.81,39166.19,,-0.001067128340801582,-0.001067128340801582,1.3402627700978171
2024-03-01,39254.69,39990.23,39224.64,39910.82,,0.019012061168063532,0.019012061168063532,1.3657439278641952
2024-03-04,40201.76,40314.64,40001.55,40109.23,,0.004971333588235094,0.004971333588235094,1.3725334965257145
2024-03-05,39881.73,40226.99,39840.34,40097.63,,-0.0002892102391396367,-0.0002892102391396367,1.3721365457849573
2024-03-06,39792.37,40147.77,39769.04,40090.78,,-0.0001708330392593549,-0.0001708330392593549,1.3719021395285618
2024-03-07,40331.06,40472.11,39518.4,39598.71,,-0.012273894396666707,-0.012273894396666707,1.355063557545427
2024-03-08,39809.56,39989.33,39551.6,39688.94,,0.0022786095809688156,0.0022786095809688156,1.3581512183504716
2024-03-11,39232.14,39241.28,38496.66,38820.49,,-0.021881410791016465,-0.021881410791016465,1.3284329536254256
2024-03-12,38470.39,38841.8,38271.38,38797.51,,-0.0005919554338442712,-0.0005919554338442712,1.3276465805200293
2024-03-13,39059.95,39147.8,38452.57,38695.97,,-0.002617178267368181,-0.002617178267368181,1.3241718927427464
2024-03-14,38591.73,38840.33,38400.17,38807.38,,0.0028791111839294725,0.0028791111839294725,1.327984330848587
2024-03-15,38548.16,38808.68,38519.94,38707.64,,-0.002570129702133883,-0.002570129702133883,1.3245712388759048
2024-03-18,38960.99,39769.11,38935.47,39740.44,,0.02668207103300535,0.02668207103300535,1.3599135427598676
2024-03-19,39622.58,40003.6,39407.5,40003.6,,0.0066219699630905016,0.0066219699630905016,1.3689188493924234
2024-03-21,40511.55,40823.32,40452.19,40815.66,,0.020299673029427368,0.020299673029427368,1.3967074544389095
2024-03-22,40942.88,41087.75,40714.14,40888.43,,0.0017828941146607047,0.0017828941146607047,1.3991976359393317
2024-03-25,40798.96,40837.18,40414.12,40414.12,,-0.011600103012025631,-0.011600103012025631,1.3829667992282526
2024-03-26,40345.04,40529.53,40280.85,40398.03,,-0.00039812817896334174,-0.00039812817896334174,1.3824162011749093
2024-03-27,40517.17,40979.36,40452.21,40762.73,,0.009027667933312777,0.009027667933312777,1.3948961955847479
2024-03-28,40324.42,40482.02,40054.06,40168.07,,-0.014588326149892361,-0.014588326149892361,1.3745469949383136
2024-03-29,40277.45,40521.71,40268.11,40369.44,,0.005013185846370005,0.005013185846370005,1.3814378544785089
2024-04-01,40646.7,40697.22,39706.45,39803.09,,-0.014029176525609643,-0.014029176525609643,1.3620574189588703
2024-04-02,39892.59,40151.05,39707.87,39838.91,,0.0008999301310528285,0.0008999301310528285,1.3632831754704156
2024-04-03,39503.72,39625.9,39217.04,39451.85,,-0.009715627259882509,-0.009715627259882509,1.350038024287876
2024-04-04,39928.33,40243.02,39773.14,39773.14,,0.008143851302283789,0.008143851302283789,1.3610325332101052
2024-04-05,39237.39,39274.76,38774.24,38992.08,,-0.019637876214953054,-0.019637876214953054,1.3343047447984013
2024-04-08,39391.98,39617.36,39197.0,39347.04,,0.009103387149390407,0.009103387149390407,1.3464514374655696
2024-04-09,39496.95,39773.13,39476.13,39773.13,,0.010829022970978208,0.010829022970978208,1.3610321910111907
2024-04-10,39582.33,39708.7,39510.48,39581.81,,-0.004810282721022907,-0.004810282721022907,1.3544852413800137
2024-04-11,39090.68,39473.48,39065.31,39442.63,,-0.0035162616363425547,-0.0035162616363425547,1.3497225168887568
2024-04-12,39722.02,39774.82,39457.73,39523.55,,0.0020515873307638266,0.0020515873307638266,1.3524915905044526
2024-04-15,39056.93,39232.8,38820.95,39232.8,,-0.007356373605103772,-0.007356373605103772,1.3425421570669407
2024-04-16,38750.67,38764.82,38322.32,38471.2,,-0.019412328459860295,-0.019412328459860295,1.316480287742748
2024-04-17,38587.47,38587.61,37961.8,37961.8,,-0.013241073842250706,-0.013241073842250706,1.2990486750408787
2024-04-18,37745.04,38216.75,37644.91,38079.7,,0.003105753678697809,0.003105753678697809,1.3030832002421946
2024-04-19,37724.47,37749.48,36733.06,37068.35,,-0.026558770158378264,-0.026558770158378264,1.2684749130297182
2024-04-22,37240.93,37511.8,37052.63,37438.61,,0.009988575159131763,0.009988575159131763,1.2811451700359886
2024-04-23,37797.06,37817.78,37397.27,37552.16,,0.0030329651661746837,0.0030329651661746837,1.2850308387095208
2024-04-24,37871.92,38460.08,37857.47,38460.08,,0.024177570611118027,0.024177570611118027,1.3160997625498845
2024-04-25,38065.91,38129.53,37604.23,37628.48,,-0.021622419922163405,-0.021622419922163405,1.2876425008245713
2024-04-26,37725.61,38097.54,37550.7,37934.76,,0.008139579382425266,0.008139579382425266,1.2981233691762173
2024-04-30,38312.66,38608.17,38182.11,38405.66,,0.012413417140374694,0.012413417140374694,1.3142375160574704
2024-05-01,38107.38,38433.34,38036.24,38274.05,,-0.003426838648261765,-0.003426838648261765,1.309733836144449
2024-05-02,38004.01,38355.6,37958.19,38236.07,,-0.0009923172488932597,-0.0009923172488932597,1.3084341646673838
2024-05-07,38636.23,38863.14,38541.97,38835.1,,0.015666620549653842,0.015666620549653842,1.3289329062394308
2024-05-08,38677.57,38749.35,38159.85,38202.37,,-0.016292735180287843,-0.016292735180287843,1.3072809543257016
2024-05-09,38242.92,38429.81,38072.24,38073.98,,-0.0033607862548841183,-0.0033607862548841183,1.302887462463132
2024-05-10,38361.79,38741.88,38126.91,38229.11,,0.004074436137225357,0.004074436137225357,1.3081959942229295
2024-05-13,38211.61,38273.4,37969.58,38179.46,,-0.0012987485191259251,-0.0012987485191259251,1.3064969766127061
2024-05-14,38287.99,38477.68,38084.71,38356.06,,0.0046255237763970225,0.0046255237763970225,1.312540209441819
2024-05-15,38533.09,38816.6,38335.61,38385.73,,0.0007735413908520616,0.0007735413908520616,1.3135555136209798
2024-05-16,38645.96,38949.38,38513.33,38920.26,,0.013925226900725729,0.013925226900725729,1.3318470721948514
2024-05-17,38561.04,38842.49,38539.56,38787.38,,-0.00341416013151008,-0.00341416013151008,1.3272999330196955
2024-05-20,38761.71,39437.16,38703.7,39069.68,,0.007278140467337657,0.007278140467337657,1.3369602083745007
2024-05-21,39232.16,39346.15,38942.28,38946.93,,-0.0031418225078885254,-0.0031418225078885254,1.3327597166996783
2024-05-22,38823.91,38854.99,38592.94,38617.1,,-0.008468703438242797,-0.008468703438242797,1.3214729699045122
2024-05-23,38803.13,39129.47,38617.43,39103.22,,0.01258820574305175,0.01258820574305175,1.338107943533552
2024-05-24,38506.03,38740.82,38367.7,38646.11,,-0.011689830146980218,-0.011689830146980218,1.3224656889553197
2024-05-27,38766.21,38900.02,38667.93,38900.02,,0.006570130861812462,0.006570130861812462,1.331154461592013
2024-05-28,38879.15,38981.97,38756.13,38855.37,,-0.0011478143198896396,-0.0011478143198896396,1.3296265434390127
2024-05-29,38880.5,39141.99,38524.24,38556.87,,-0.007682335800688556,-0.007682335800688556,1.3194119058428053
2024-05-30,38112.77,38138.03,37617.0,38054.13,,-0.013038921468469966,-0.013038921468469966,1.3022081976179567
2024-05-31,38173.22,38526.93,38087.61,38487.9,,0.011398762762412584,0.011398762762412584,1.3170517599298726
2024-06-03,38734.95,39032.5,38734.95,38923.03,,0.011305631120430037,0.011305631120430037,1.331941861294153
2024-06-04,38702.54,38895.06,38591.79,38837.46,,-0.0021984413854727602,-0.0021984413854727602,1.32901366518324
2024-06-05,38654.09,38656.41,38343.98,38490.17,,-0.008942139882474276,-0.008942139882474276,1.3171294390834516
2024-06-06,38841.66,39011.93,38693.5,38703.51,,0.005542713892923823,0.005542713892923823,1.3244299107242385
2024-06-07,38597.55,38747.27,38560.85,38683.93,,-0.0005058972687490559,-0.0005058972687490559,1.3237598852497536
2024-06-10,38689.78,39081.54,38689.78,39038.16,,0.009157032390452624,0.009157032390452624,1.3358815973961675
2024-06-11,39175.59,39336.66,39074.88,39134.79,,0.0024752703508565954,0.0024752703508565954,1.3391882655064573
2024-06-12,38865.15,38945.99,38809.36,38876.71,,-0.006594643793923605,-0.006594643793923605,1.3303567959224398
2024-06-13,39182.06,39252.44,38689.79,38720.47,,-0.004018858591686381,-0.004018858591686381,1.3250102800831387
2024-06-14,38587.57,39025.7,38554.75,38814.56,,0.0024299808344268037,0.0024299808344268037,1.3282300296691592
2024-06-17,38440.98,38442.7,37950.2,38102.44,,-0.018346723497573936,-0.018346723497573936,1.3038613605736447
2024-06-18,38433.48,38519.02,38332.89,38482.11,,0.00996445372002408,0.00996445372002408,1.3168536267584086
2024-06-19,38653.91,38797.97,38453.41,38570.76,,0.0023036678602084137,0.0023036678602084137,1.3198872201349705
2024-06-20,38410.32,38637.62,38263.08,38633.02,,0.0016141761272008281,0.0016141761272008281,1.32201775057631
2024-06-21,38608.66,38795.68,38532.13,38596.47,,-0.0009460818750384181,-0.0009460818750384181,1.3207670135440106
2024-06-24,38497.42,38905.47,38416.07,38804.65,,0.005393757512021091,0.005393757512021091,1.3278909105449435
2024-06-25,38833.9,39215.07,38758.07,39173.15,,0.009496284594758597,0.009496284594758597,1.3405009405422714
2024-06-26,39364.73,39788.63,39233.56,39667.07,,0.012608636272548823,0.012608636272548823,1.3574028293245786
2024-06-27,39434.47,39439.24,39193.51,39341.54,,-0.008206555210657052,-0.008206555210657052,1.3462632280626243
2024-06-28,39593.01,39783.7,39485.73,39583.08,,0.006139566473503555,0.006139566473503555,1.3545287006421485
2024-07-01,39839.82,39942.69,39537.1,39631.06,,0.0012121340734474462,0.0012121340734474462,1.3561705710336591
2024-07-02,39543.61,40113.48,39457.62,40074.69,,0.011193997839068714,0.011193997839068714,1.3713515414752186
2024-07-03,40225.83,40694.21,40172.85,40580.76,,0.01262817004947503,0.01262817004947503,1.3886692019385776
2024-07-04,40747.59,40971.23,40604.15,40913.65,,0.008203148487115453,0.008203148487115453,1.4000606616015638
2024-07-05,41009.36,41100.13,40746.89,40912.37,,-3.128540230457055e-05,-3.128540230457055e-05,1.400016860140515
2024-07-08,40863.14,41112.24,40780.7,40780.7,,-0.0032183420320065492,-0.0032183420320065492,1.3955111270340068
2024-07-09,40953.41,41769.35,40942.44,41580.17,,0.019604126461782112,0.019604126461782112,1.4228689036472058
2024-07-10,41444.33,41889.16,41430.38,41831.99,,0.006056252295264741,0.006056252295264741,1.43148615671078
2024-07-11,42343.72,42426.77,42102.46,42224.02,,0.00937153599434315,0.00937153599434315,1.4449013807537987
2024-07-12,41668.86,41754.76,41188.29,41190.68,,-0.0244728000791965,-0.0244728000791965,1.4095405981284561
2024-07-16,41366.79,41520.07,41220.65,41275.08,,0.0020490072026002615,0.0020490072026002615,1.4124287569663787
2024-07-17,41416.18,41466.45,41054.72,41097.69,,-0.0042977506039963975,-0.0042977506039963975,1.4063584904230246
2024-07-18,40521.71,40587.63,40104.22,40126.35,,-0.02363490502750898,-0.02363490502750898,1.3731193410672455
2024-07-19,39965.91,40212.9,39824.58,40063.79,,-0.0015590752709877531,-0.0015590752709877531,1.3709785446584726
2024-07-22,39947.95,39973.2,39519.39,39599.0,,-0.011601248908303496,-0.011601248908303496,1.355073481313946
2024-07-23,39864.09,39927.89,39519.91,39594.39,,-0.00011641708123943939,-0.00011641708123943939,1.3549157276143864
2024-07-24,39336.74,39643.27,39096.5,39154.85,,-0.011101067600738368,-0.011101067600738368,1.3398747165288356
2024-07-25,38524.2,38557.79,37825.58,37869.51,,-0.03282709549391705,-0.03282709549391705,1.2958905212594585
2024-07-26,37792.87,38105.96,37611.19,37667.41,,-0.005336747161502675,-0.005336747161502675,1.2889746811985088
2024-07-29,38139.12,38719.7,38010.01,38468.63,,0.02127090766261852,0.02127090766261852,1.3163923426217354
2024-07-30,38241.35,38531.16,38076.7,38525.95,,0.001490045265454043,0.001490045265454043,1.3183538267993387
2024-07-31,38140.77,39188.37,37954.38,39101.82,,0.014947587275589536,0.014947587275589536,1.3380600356855294
2024-08-01,38781.56,38781.56,37737.88,38126.33,,-0.02494743211441308,-0.02494743211441308,1.3046788737802557
2024-08-02,37444.17,37471.52,35880.15,35909.7,,-0.05813908655776745,-0.05813908655776745,1.2288260358074548
2024-08-05,35249.36,35301.18,31156.12,31458.42,,-0.12395759363069025,-0.12395759363069025,1.0765037174180223
2024-08-06,32077.33,34911.8,32077.33,34675.46,,0.10226324144696397,0.10226324144696397,1.1865904769908957
2024-08-07,34122.35,35849.77,33739.46,35089.62,,0.011943893462408317,0.011943893462408317,1.2007629872315835
2024-08-08,34645.79,35379.65,34207.16,34831.15,,-0.007365995983997564,-0.007365995983997564,1.1919181718899026
2024-08-09,35272.34,35671.31,34445.57,35025.0,,0.005565420607703153,0.005565420607703153,1.1985516978464346
2024-08-13,35490.58,36232.51,35476.79,36232.51,,0.03447566024268389,0.03447566024268389,1.23987255896468
2024-08-14,36535.6,36683.89,36074.71,36442.43,,0.005793691908178467,0.005793691908178467,1.2470559985767264
2024-08-15,36381.4,36885.16,36381.4,36726.64,,0.007798876200077798,0.007798876200077798,1.2567816339241906
2024-08-16,37304.93,38143.55,37304.93,38062.67,,0.03637768116005158,0.03637768116005158,1.3025004354908936
2024-08-19,37863.76,38125.27,37318.04,37388.62,,-0.01770895210451595,-0.01770895210451595,1.279434517662674
2024-08-20,37847.85,38236.39,37738.3,38062.92,,0.018034899389172354,0.018034899389172354,1.3025089904637546
2024-08-21,37653.34,38026.02,37605.83,37951.8,,-0.0029193766531836474,-0.0029193766531836474,1.298706476126433
2024-08-22,38033.78,38408.19,37883.86,38211.01,,0.006829979078726067,0.006829979078726067,1.3075766141877827
2024-08-23,38278.18,38424.27,38053.47,38364.27,,0.004010885867711922,0.004010885867711922,1.312821154750579
2024-08-26,38156.41,38204.81,37825.31,38110.22,,-0.006622047024483879,-0.006622047024483879,1.3041275913290835
2024-08-27,38066.31,38365.64,37911.32,38288.62,,0.004681159017187575,0.004681159017187575,1.3102324199627966
2024-08-28,38221.38,38399.91,38141.49,38371.76,,0.002171402364462338,0.002171402364462338,1.313077461737499
2024-08-29,38119.95,38401.15,37970.2,38362.53,,-0.00024054148154795119,-0.00024054148154795119,1.3127616121394654
2024-08-30,38388.04,38669.79,38316.87,38647.75,,0.007434858962638735,0.007434858962638735,1.3225218095772888
2024-09-02,39025.31,39080.64,38476.51,38700.87,,0.0013744655251599625,0.0013744655251599625,1.324339570210825
2024-09-03,38745.76,38967.56,38581.55,38686.31,,-0.00037621893254613514,-0.00037621893254613514,1.3238413285913917
2024-09-04,38039.91,38080.02,36879.33,37047.61,,-0.04235865348749979,-0.04235865348749979,1.2677651924811577
2024-09-05,36536.25,37099.96,36359.23,36657.09,,-0.010541030851922817,-0.010541030851922817,1.25440164047422
2024-09-06,36815.0,36898.28,36235.61,36391.47,,-0.0072460743610579526,-0.0072460743610579526,1.2453121529087106
2024-09-09,35805.82,36248.12,35247.87,36215.75,,-0.004828604065733044,-0.004828604065733044,1.2392990335840688
2024-09-10,36386.12,36537.03,36001.58,36159.16,,-0.0015625798167923088,-0.0015625798167923088,1.2373625299272202
2024-09-11,36029.9,36056.87,35253.43,35619.77,,-0.014917105375235717,-0.014917105375235717,1.2189046626809277
2024-09-12,36185.62,36902.21,36172.26,36833.27,,0.03406815933960261,0.03406815933960261,1.260430500948926
2024-09-13,36882.41,36887.4,36441.34,36581.76,,-0.006828337532887918,-0.006828337532887918,1.2518238560516999
2024-09-16,36859.18,36859.18,36558.24,36558.24,,-0.0006429433684984609,-0.0006429433684984609,1.2510190042049232
2024-09-17,36601.93,36663.18,35828.54,36203.22,,-0.009711080183291032,-0.009711080183291032,1.2388702583442683
2024-09-18,36546.04,36675.07,36127.45,36380.17,,0.00488768678587137,0.00488768678587137,1.2449254681353867
2024-09-19,36958.93,37394.52,36958.93,37155.33,,0.021307212143318877,0.021307212143318877,1.2714513591875678
2024-09-20,37714.07,37974.72,37654.11,37723.91,,0.015302784284246806,0.015302784284246806,1.2909081050651277
2024-09-24,38171.36,38427.15,37902.99,37940.59,,0.005743837263952667,0.005743837263952667,1.298322871143339
2024-09-25,37947.35,38109.24,37868.84,37870.26,,-0.0018536875678526465,-0.0018536875678526465,1.295916186178042
2024-09-26,38266.79,38925.63,38240.65,38925.63,,0.02786804209952609,0.02786804209952609,1.3320308330119088
2024-09-27,39108.27,39829.56,38917.98,39829.56,,0.023221974827382308,0.023221974827382308,1.3629632194854084
2024-09-30,39117.83,39126.36,37797.91,37919.55,,-0.047954584484488305,-0.047954584484488305,1.2976028846273453
2024-10-01,38232.47,38718.13,38232.47,38651.97,,0.019315102631755954,0.019315102631755954,1.322666217519185
2024-10-02,38136.2,38213.54,37651.07,37808.76,,-0.021815446922886395,-0.021815446922886395,1.2938116628542002
2024-10-03,38459.13,38856.75,38457.62,38552.06,,0.019659465160983824,0.019659465160983824,1.3192473081649567
2024-10-04,38594.73,38735.29,38501.82,38635.62,,0.002167458755770957,0.002167458755770957,1.3221067222940661
2024-10-07,39239.92,39560.78,39195.93,39332.74,,0.018043453165757173,0.018043453165757173,1.345962093017912
2024-10-08,39021.13,39117.09,38817.54,38937.54,,-0.010047609192748719,-0.010047609192748719,1.3324383919190137
2024-10-09,39385.49,39456.28,39115.63,39277.96,,0.008742719750657102,0.008742719750657102,1.3440875273645778
2024-10-10,39575.8,39616.59,39282.19,39380.89,,0.002620553613273291,0.002620553613273291,1.3476097807909686
2024-10-11,39636.87,39668.93,39415.26,39605.8,,0.005711145685127983,0.005711145685127983,1.3553061765757692
2024-10-15,40047.15,40257.34,39910.55,39910.55,,0.007694580086754943,0.007694580086754943,1.365734688493505
2024-10-16,39362.63,39362.63,39062.85,39180.3,,-0.018297167039792783,-0.018297167039792783,1.3407456127661002
2024-10-17,39263.82,39299.74,38911.19,38911.19,,-0.006868502793495712,-0.006868502793495712,1.3315366977794492
2024-10-18,39092.47,39186.64,38893.52,38981.75,,0.001813360115689111,0.001813360115689111,1.3339512533197786
2024-10-21,38960.2,39119.67,38775.59,38954.6,,-0.0006964797629660513,-0.0006964797629660513,1.3330221832670583
2024-10-22,38933.6,38995.03,38200.82,38411.96,,-0.013930062174942082,-0.013930062174942082,1.3144531013735712
2024-10-23,38397.28,38514.33,37987.62,38104.86,,-0.007994905753312187,-0.007994905753312187,1.3039441727109404
2024-10-24,37804.52,38320.39,37712.19,38143.29,,0.0010085327698357016,0.0010085327698357016,1.3052592431391556
2024-10-25,37954.78,38028.14,37713.0,37913.92,,-0.006013377451184798,-0.006013377451184798,1.2974102266385121
2024-10-28,37757.95,38740.17,37757.95,38605.53,,0.01824158514867369,0.01824158514867369,1.3210770457604986
2024-10-29,38524.3,38903.68,38416.85,38903.68,,0.007722986836341983,0.007722986836341983,1.3312797063947002
2024-10-30,39102.89,39417.88,39094.3,39277.39,,0.009606032128580022,0.009606032128580022,1.3440680220264545
2024-10-31,39179.72,39249.21,38832.21,39081.25,,-0.004993712667771488,-0.004993712667771488,1.3373561325185144
2024-11-01,38504.35,38512.83,37946.66,38053.67,,-0.026293427154965632,-0.026293427154965632,1.3021924564678922
2024-11-04,38504.35,38512.83,37946.66,38053.67,,0.0,0.0,1.3021924564678922
2024-11-05,38274.22,38620.19,38159.73,38474.9,,0.011069365977053103,0.011069365977053103,1.316606901341093
2024-11-06,38677.95,39664.53,38662.17,39480.67,,0.026140938637917,0.026140938637917,1.3510242415593088
2024-11-07,39745.23,39884.01,39020.22,39381.41,,-0.002514141730624031,-0.002514141730624031,1.34762757513452
2024-11-08,39783.45,39818.41,39377.87,39500.37,,0.0030207145960492454,0.0030207145960492454,1.351698373420767
2024-11-11,39417.21,39598.74,39315.61,39533.32,,0.0008341694014510903,0.0008341694014510903,1.352825918843866
2024-11-12,39642.78,39866.72,39137.89,39376.09,,-0.003977151425683556,-0.003977151425683556,1.3474455253120345
2024-11-13,39317.15,39377.24,38600.26,38721.66,,-0.016619984361067708,-0.016619984361067708,1.3250510017539578
2024-11-14,38911.04,39084.44,38535.7,38535.7,,-0.004802480058964553,-0.004802480058964553,1.3186874707409235
2024-11-15,38749.56,39101.64,38642.91,38642.91,,0.002782095563334863,0.002782095563334863,1.322356185302697
2024-11-18,38259.59,38548.3,38150.39,38220.85,,-0.010922055300700784,-0.010922055300700784,1.3079133379195973
2024-11-19,38396.72,38560.1,38246.36,38414.43,,0.0050647748545624705,0.0050647748545624705,1.3145376245054392
2024-11-20,38475.7,38520.45,38180.15,38352.34,,-0.0016163197006958674,-0.0016163197006958674,1.312412911445645
2024-11-21,38352.87,38374.69,37945.21,38026.17,,-0.008504565823102328,-0.008504565823102328,1.3012514094531664
2024-11-22,38146.98,38420.63,38085.13,38283.85,,0.006776385841645416,0.006776385841645416,1.310069191080606
2024-11-25,38679.93,39053.64,38672.17,38780.14,,0.012963429749097921,0.012963429749097921,1.3270521810056368
2024-11-26,38596.76,38596.76,38020.08,38442.0,,-0.008719411533841814,-0.008719411533841814,1.3154810669125663
2024-11-27,38327.86,38332.45,37988.99,38134.97,,-0.007986837313355144,-0.007986837313355144,1.3049745336423368
2024-11-28,37935.94,38478.32,37801.62,38349.06,,0.005614007300910329,0.005614007300910329,1.3123006702017068
2024-11-29,38205.08,38270.06,37986.97,38208.03,,-0.003677534729664811,-0.003677534729664811,1.3074746389112777
2024-12-02,38216.95,38552.41,37958.55,38513.02,,0.007982353447691493,0.007982353447691493,1.3179113636029602
2024-12-03,38748.65,39427.37,38746.05,39248.86,,0.019106265880993067,0.019106265880993067,1.3430917285235406
2024-12-04,39354.0,39417.08,39062.03,39276.39,,0.0007014216463865353,0.0007014216463865353,1.3440338021350098
2024-12-05,39610.43,39632.3,39323.04,39395.6,,0.0030351567442934435,0.0030351567442934435,1.3481131553941184
2024-12-06,39371.56,39468.47,38940.44,39091.17,,-0.007727512717156215,-0.007727512717156215,1.3376955938416446
2024-12-09,39332.55,39332.55,38972.78,39160.5,,0.0017735463021444353,0.0017735463021444353,1.3400680589154974
2024-12-10,39375.49,39465.14,39171.69,39367.58,,0.005287981511982842,0.005287981511982842,1.3471543140358413
2024-12-11,39357.77,39401.93,39112.8,39372.23,,0.00011811749668133587,0.00011811749668133587,1.3473134365310586
2024-12-12,39849.97,40091.55,39827.59,39849.14,,0.012112852129533946,0.012112852129533946,1.3636332449598934
2024-12-13,39624.05,39734.99,39247.41,39470.44,,-0.009503341853801528,-0.009503341853801528,1.3506741720698308
2024-12-16,39551.22,39632.17,39371.42,39457.49,,-0.00032809363158869953,-0.00032809363158869953,1.3502310244756233
2024-12-17,39589.65,39796.22,39364.68,39364.68,,-0.002352151644719358,-0.002352151644719358,1.347055076350652
2024-12-18,39176.88,39382.69,39081.71,39081.71,,-0.007188423734169835,-0.007188423734169835,1.337371873668579
2024-12-19,38522.27,38913.07,38355.52,38813.58,,-0.006860754045818318,-0.006860754045818318,1.3281964941755435
2024-12-20,38950.28,39039.68,38701.9,38701.9,,-0.0028773434452580293,-0.0028773434452580293,1.3243748166990128
2024-12-23,39040.72,39210.17,38847.13,39161.34,,0.011871251799007165,0.011871251799007165,1.3400968036243108
2024-12-24,39210.23,39245.75,38995.76,39036.85,,-0.003178900415562902,-0.003178900415562902,1.335836769338375
2024-12-25,39168.52,39180.59,38927.16,39130.43,,0.0023972221119277215,0.0023972221119277215,1.339039066779759
2024-12-26,39129.31,39592.28,39110.92,39568.06,,0.011183879144696318,0.011183879144696318,1.3540147178726507
2024-12-27,39672.15,40398.23,39669.39,40281.16,,0.0180221117739916,0.0180221117739916,1.3784169224617813
2024-12-30,40325.78,40325.78,39864.46,39894.54,,-0.009598035409109418,-0.009598035409109418,1.3651868280314774
2025-01-06,39945.42,39993.5,39232.78,39307.05,,-0.014726075297521901,-0.014726075297521901,1.345082984006701
2025-01-07,39584.36,40288.8,39584.36,40083.3,,0.019748365751182106,0.019748365751182106,1.3716461747405566
2025-01-08,39879.36,40105.72,39705.81,39981.06,,-0.0025506881918406776,-0.0025506881918406776,1.3681475330392625
2025-01-09,39888.91,39930.07,39385.05,39605.09,,-0.009403702653206336,-0.009403702653206336,1.3552818804528435
2025-01-10,39550.25,39591.46,39166.05,39190.4,,-0.010470623851631111,-0.010470623851631111,1.3410912336696905
2025-01-14,39010.96,39054.35,38305.91,38474.3,,-0.018272331999673375,-0.018272331999673375,1.3165863694062263
2025-01-15,38721.61,38774.99,38316.01,38444.58,,-0.000772463696545489,-0.000772463696545489,1.3155693542324933
2025-01-16,38732.65,38932.54,38426.2,38572.6,,0.003329988258422789,0.003329988258422789,1.3199501847352284
2025-01-17,38454.1,38503.94,38055.68,38451.46,,-0.0031405712863534774,-0.0031405712863534774,1.315804787085632
2025-01-20,38671.77,39032.93,38671.77,38902.5,,0.011730113759009342,0.011730113759009342,1.3312393269227956
2025-01-21,39163.53,39238.21,38643.84,39027.98,,0.0032254996465523877,0.0032254996465523877,1.3355332389012617
2025-01-22,39355.22,39694.57,39332.63,39646.25,,0.01584171151056224,0.01584171151056224,1.3566903711847025
2025-01-23,39810.06,40036.07,39677.22,39958.87,,0.007885235047450978,0.007885235047450978,1.3673881936481074
2025-01-24,40060.49,40279.79,39806.69,39931.98,,-0.0006729419525627334,-0.0006729419525627334,1.3664680207671627
2025-01-27,40127.74,40255.68,39520.79,39565.8,,-0.009170093744412355,-0.009170093744412355,1.353937380917986
2025-01-28,39400.02,39448.55,38886.05,39016.87,,-0.013873850648792652,-0.013873850648792652,1.3351530559073124
2025-01-29,39273.8,39448.24,39129.14,39414.78,,0.010198409047163404,0.010198409047163404,1.3487694929120253
2025-01-30,39302.85,39600.93,39221.36,39513.97,,0.002516568657747298,0.002516568657747298,1.3521637639444133
2025-01-31,39574.38,39681.82,39458.95,39572.49,,0.001480995202456148,0.001480995202456148,1.3541663119917502
2025-02-03,38932.66,38948.61,38401.82,38520.09,,-0.026594232508492688,-0.026594232508492688,1.3181532982354736
2025-02-04,39078.66,39192.51,38590.96,38798.37,,0.007224282186256703,0.007224282186256703,1.3276760096266715
2025-02-05,38979.21,39118.95,38682.18,38831.48,,0.0008533863664890173,0.0008533863664890173,1.3288090302324016
2025-02-06,38977.58,39190.13,38851.51,39066.53,,0.006053078584694616,0.006053078584694616,1.33685241571645
2025-02-07,38907.76,39007.94,38753.2,38787.02,,-0.007154717862067672,-0.007154717862067672,1.3272876138587755
2025-02-10,38736.37,38895.74,38606.32,38801.17,,0.0003648127646826982,0.0003648127646826982,1.3277718253227162
2025-02-11,39093.5,39099.0,39053.5,39062.5,,0.006735106183653805,0.006735106183653805,1.3367145095539286
2025-02-12,39049.12,39102.65,38794.24,38963.7,,-0.002529280000000078,-0.002529280000000078,1.3333335842792038
2025-02-13,39225.5,39581.47,39112.17,39461.47,,0.012775224118859452,0.012775224118859452,1.350367219643573
2025-02-14,39419.25,39543.93,39133.94,39149.43,,-0.007907460112357767,-0.007907460112357767,1.339689244717206
2025-02-17,39094.09,39238.75,39021.23,39174.25,,0.0006339811333140322,0.0006339811333140322,1.3405385824228604
2025-02-18,39187.99,39508.55,39151.71,39270.4,,0.00245441839984184,0.00245441839984184,1.3438288249852568
2025-02-19,39230.62,39298.05,38994.7,39164.61,,-0.002693886489569808,-0.002693886489569808,1.3402087026693348
2025-02-20,38942.91,38967.01,38468.72,38678.04,,-0.012423716207055291,-0.012423716207055291,1.3235583300891451
2025-02-21,38523.07,38808.81,38456.53,38776.94,,0.0025570065080857685,0.0025570065080857685,1.3269426773530142
2025-02-25,38359.67,38485.95,38131.79,38237.79,,-0.013903882049486116,-0.013903882049486116,1.3084930228806686
2025-02-26,38143.68,38175.24,37742.76,38142.37,,-0.0024954371055440072,-0.0024954371055440072,1.3052277608390268
2025-02-27,38251.11,38369.96,38061.94,38256.17,,0.0029835587038768985,0.0029835587038768985,1.3091219844854198
2025-02-28,37853.48,37925.28,36840.12,37155.5,,-0.028771045298052522,-0.028771045298052522,1.2714571765691134
2025-03-03,37617.5,37827.62,37372.26,37785.47,,0.016954959561841454,0.016954959561841454,1.293014681582456
2025-03-04,37532.01,37587.49,36816.16,37331.18,,-0.012022875459799742,-0.012022875459799742,1.2774689270980972
2025-03-05,37345.74,37606.34,37178.72,37418.24,,0.002332098797841242,0.002332098797841242,1.2804481108472625
2025-03-06,37654.95,37874.38,37580.88,37704.93,,0.007661771371395343,0.007661771371395343,1.2902586115255092
2025-03-07,37198.3,37221.65,36813.62,36887.17,,-0.021688410507591516,-0.021688410507591516,1.262274953097789
2025-03-10,36972.59,37113.48,36705.02,37028.27,,0.0038251782394800316,0.0038251782394800316,1.2671033797806193
2025-03-11,36584.37,36793.11,35987.13,36793.11,,-0.00635082330338399,-0.00635082330338399,1.259056230108512
2025-03-12,36763.1,36956.33,36658.86,36819.09,,0.000706110464703702,0.000706110464703702,1.259945262888242
2025-03-13,37081.64,37326.27,36776.94,36790.03,,-0.000789264482093377,-0.000789264482093377,1.2589508328428625
2025-03-14,36606.78,37154.39,36594.04,37053.1,,0.007150578567073795,0.007150578567073795,1.2679530596851882
2025-03-17,37453.83,37563.27,37377.55,37396.52,,0.009268320329473001,0.009268320329473001,1.279704854805086
2025-03-18,37868.57,38004.2,37822.87,37845.42,,0.0120037907270516,0.0120037907270516,1.2950661640745584
2025-03-19,37839.39,38128.58,37751.88,37751.88,,-0.0024716332914260786,-0.0024716332914260786,1.2918652354288322
2025-03-20,37919.5,37919.5,37865.0,37872.5,,0.0031950726692286935,0.0031950726692286935,1.2959928387348776
2025-03-21,37619.37,37968.02,37619.37,37677.06,,-0.005160472638458091,-0.005160472638458091,1.2893049031509487
2025-03-24,37841.68,37841.68,37608.49,37608.49,,-0.0018199403031977646,-0.0018199403031977646,1.286958445194594
2025-03-25,37953.15,38115.65,37686.26,37780.54,,0.004574764900159511,0.004574764900159511,1.292845977517634
2025-03-26,38106.66,38220.69,37873.28,38027.29,,0.006531140105461741,0.006531140105461741,1.3012897357315842
2025-03-27,37750.66,37859.06,37556.75,37799.97,,-0.005977812250097192,-0.005977812250097192,1.2935108700084024
2025-03-28,37357.52,37359.95,36864.93,37120.33,,-0.017979908449662796,-0.017979908449662796,1.2702536629870076
2025-03-31,36440.18,36440.18,35541.72,35617.56,,-0.04048374569945912,-0.04048374569945912,1.218829036720835
2025-04-01,35961.19,36052.54,35537.86,35624.48,,0.00019428618917194385,0.00019428618917194385,1.2190658383696318
2025-04-02,35751.02,35778.9,35426.33,35725.87,,0.002846076630451888,0.002846076630451888,1.2225353931631977
2025-04-03,35041.67,35044.73,34102.0,34735.93,,-0.027709332201007353,-0.027709332201007353,1.1886597538265495
2025-04-04,34304.66,34320.11,33259.76,33780.58,,-0.027503222167939656,-0.027503222167939656,1.1559677805349695
2025-04-07,33154.97,33158.87,30792.74,31136.58,,-0.07826982248380576,-0.07826982248380576,1.0654903875554986
2025-04-08,31729.11,33257.16,31703.69,33012.58,,0.06025067621427915,0.06025067621427915,1.1296869039055317
2025-04-09,32529.23,32565.84,31258.18,31714.03,,-0.03933500501929876,-0.03933500501929876,1.0852506638701716
2025-04-10,32321.21,34639.39,32320.66,34609.0,,0.09128357386305064,0.09128357386305064,1.1843162230054889
2025-04-11,33951.25,33953.29,32626.58,33585.58,,-0.02957092085873614,-0.02957092085873614,1.1492949017032763
2025-04-14,34006.37,34325.59,33887.7,33982.36,,0.011813998745890286,0.011813998745890286,1.162872670230657
2025-04-15,34349.01,34459.0,34266.31,34267.54,,0.008392001026414908,0.008392001026414908,1.1726314988728226
2025-04-16,34249.82,34329.27,33658.47,33920.4,,-0.010130286562735402,-0.010130286562735402,1.1607524057567509
2025-04-17,33987.01,34379.13,33931.53,34377.6,,0.013478614638978259,0.013478614638978259,1.176397740125213
2025-04-18,34353.88,34758.97,34224.57,34730.28,,0.010259005864283743,0.010259005864283743,1.1884664114398877
2025-04-21,34556.23,34610.6,34216.98,34279.92,,-0.012967358742860702,-0.012967358742860702,1.1730551411289063
2025-04-22,34111.14,34340.57,34109.85,34220.6,,-0.0017304591142569548,-0.0017304591142569548,1.171025217168414
2025-04-23,34787.93,35142.12,34682.28,34868.63,,0.018936839213806955,0.018936839213806955,1.1932007334212453
2025-04-24,35194.71,35287.95,34960.65,35039.15,,0.004890355600435159,0.004890355600435159,1.1990359093103753
2025-04-25,35387.67,35835.28,35337.98,35705.74,,0.019024148702237342,0.019024148702237342,1.2218465467484183
2025-04-28,35962.8,36075.26,35773.49,35839.99,,0.0037598996687926434,0.0037598996687926434,1.226440567174853
2025-04-29,35946.5,35946.5,35921.0,35926.0,,0.002399833258882156,0.002399833258882156,1.2293838200380016
2025-04-30,35946.88,36056.52,35793.33,36045.38,,0.003322941602182272,0.003322941602182272,1.2334689906786556
2025-05-01,36197.04,36544.15,36040.05,36452.3,,0.01128910279209161,0.01128910279209161,1.2473937489052844
2025-05-02,36636.55,36976.51,36606.58,36830.69,,0.010380414953240269,0.010380414953240269,1.2603422136289992
2025-05-06,36961.0,36965.5,36943.0,36949.5,,0.003225842361356701,0.003225842361356701,1.2644078789315298
2025-05-07,36903.66,36942.38,36731.39,36779.66,,-0.004596543931582153,-0.004596543931582153,1.2585959725685825
2025-05-08,36863.38,36977.35,36606.71,36928.63,,0.004050336517520625,0.004050336517520625,1.2636937097970813
2025-05-09,37332.57,37557.41,37219.03,37503.33,,0.015562451138859013,0.015562451138859013,1.283359881410282
2025-05-12,37697.28,37726.44,37417.39,37644.26,,0.0037577996407252012,0.0037577996407252012,1.2881824907115667
2025-05-13,38149.53,38494.06,38124.2,38183.26,,0.014318251972545104,0.014318251972545104,1.3066270122001955
2025-05-14,38199.03,38325.88,37851.8,38128.13,,-0.0014438264307449211,-0.0014438264307449211,1.3047404695848557
2025-05-15,37832.36,37876.84,37633.36,37755.51,,-0.009772837010364688,-0.009772837010364688,1.2919894536347762
2025-05-16,37748.58,37786.43,37479.21,37753.72,,-4.741029852328715e-05,-4.741029852328715e-05,1.2919282000290904
2025-05-19,37572.36,37656.23,37445.93,37498.63,,-0.006756685169037713,-0.006756685169037713,1.2831990479204922
2025-05-20,37723.6,37921.81,37455.7,37529.49,,0.0008229633989296214,0.0008229633989296214,1.284255073770472
2025-05-21,37590.15,37659.94,37298.98,37298.98,,-0.006142103183389813,-0.006142103183389813,1.276367046593582
2025-05-22,36931.89,37100.45,36855.83,36985.87,,-0.008394599530603841,-0.008394599530603841,1.2656524563833693
2025-05-23,37161.74,37373.91,37111.63,37160.47,,0.0047207217242692945,0.0047207217242692945,1.271627249429593
2025-05-26,37209.26,37531.53,37167.01,37531.53,,0.009985341950734083,0.009985341950734083,1.284324882349019
2025-05-27,37523.37,37769.05,37411.68,37724.11,,0.005131152393734073,0.005131152393734073,1.2909149490434164
2025-05-28,38094.79,38178.73,37709.71,37722.4,,-4.532910120347289e-05,-4.532910120347289e-05,1.2908564330290462
2025-05-29,38046.97,38454.07,38035.32,38432.98,,0.01883708353657254,0.01883708353657254,1.3151724034917363
2025-05-30,37912.49,38114.47,37748.17,37965.1,,-0.012173919378617115,-0.012173919378617115,1.2991616006826459
2025-06-02,37651.18,37651.18,37320.72,37470.67,,-0.01302327664091496,-0.01302327664091496,1.2822422597557017
2025-06-03,37598.31,37729.45,37446.81,37446.81,,-0.0006367647015652622,-0.0006367647015652622,1.281425773145834
2025-06-04,37686.66,37868.42,37672.47,37747.45,,0.008028454226141069,0.008028454226141069,1.2917136413097328
2025-06-05,37590.39,37732.88,37527.88,37554.49,,-0.005111868483831383,-0.005111868483831383,1.2851105710565864
2025-06-06,37590.44,37756.15,37590.42,37741.61,,0.00498262657807369,0.00498262657807369,1.2915137971436965
2025-06-09,38028.71,38178.01,38018.22,38088.57,,0.009193036545075861,0.009193036545075861,1.303386730679308
2025-06-10,38278.17,38495.7,38139.1,38211.51,,0.003227739975536048,0.003227739975536048,1.307593724133505
2025-06-11,38431.1,38529.64,38288.28,38421.19,,0.005487351847650146,0.005487351847650146,1.3147689509716047
2025-06-12,38324.93,38407.57,38102.05,38173.09,,-0.006457374172950003,-0.006457374172950003,1.306278995904204
2025-06-13,38130.25,38141.59,37540.2,37834.25,,-0.008876410057451323,-0.008876410057451323,1.2946839278871225
2025-06-16,38056.86,38342.52,38055.52,38311.33,,0.012609738530564352,0.012609738530564352,1.311009553697503
2025-06-17,38366.68,38581.25,38333.35,38536.74,,0.005883638077821773,0.005883638077821773,1.3187230594280257
2025-06-18,38364.16,38885.15,38364.16,38885.15,,0.009040982708968137,0.009040982708968137,1.3306456118062322
2025-06-19,38858.52,38870.55,38488.34,38488.34,,-0.01020466682011012,-0.01020466682011012,1.317066816682108
2025-06-20,38472.25,38646.16,38362.54,38403.23,,-0.0022113190644229563,-0.0022113190644229563,1.31415436172126
2025-06-23,38260.69,38368.22,38026.32,38354.09,,-0.0012795798686726645,-0.0012795798686726645,1.312472796255673
2025-06-24,38779.18,38990.11,38665.61,38790.56,,0.011380011883999952,0.011380011883999952,1.3274087522744893
2025-06-25,38904.18,38944.77,38711.11,38942.07,,0.0039058471958126617,0.0039058471958126617,1.3325934080272577
2025-06-26,39072.14,39615.59,39056.14,39584.58,,0.01649912292798006,0.01649912292798006,1.3545800304793152
2025-06-27,39866.36,40267.84,39847.31,40150.79,,0.014303802137094701,0.014303802137094701,1.373955675214151
2025-06-30,40550.79,40852.54,40322.54,40487.39,,0.008383396690326617,0.008383396690326617,1.385474090674397
2025-07-01,40340.64,40345.87,39885.38,39986.33,,-0.012375705126954295,-0.012375705126954295,1.3683278718671754
2025-07-02,39631.17,39943.62,39444.7,39762.48,,-0.005598163172264137,-0.005598163172264137,1.3606677491673063
2025-07-03,39796.75,39865.89,39667.82,39785.9,,0.0005889974669588405,0.0005889974669588405,1.3614691790249382
2025-07-04,39994.64,40012.66,39693.4,39810.88,,0.0006278606239897844,0.0006278606239897844,1.3623239919132237
2025-07-07,39729.56,39829.38,39524.25,39587.68,,-0.005606507567780361,-0.005606507567780361,1.3546861121427933
2025-07-08,39542.07,39816.27,39510.48,39688.81,,0.0025545826378305936,0.0025545826378305936,1.3581467697645837
2025-07-09,39942.8,39971.06,39573.34,39821.28,,0.0033377166007244607,0.0033377166007244607,1.3626798787842473
2025-07-10,39795.75,39795.75,39530.95,39646.36,,-0.0043926262541033045,-0.0043926262541033045,1.3566941353727613
2025-07-11,39886.54,39957.8,39497.7,39569.68,,-0.0019340993725527333,-0.0019340993725527333,1.354070154096791
2025-07-14,39416.1,39608.02,39288.9,39459.62,,-0.002781422543725376,-0.002781422543725376,1.3503039128444005
2025-07-15,39525.83,39678.02,39379.32,39678.02,,0.00553477200236574,0.00553477200236574,1.3577775371358967
2025-07-16,39734.74,39923.61,39520.96,39663.4,,-0.00036846596679962484,-0.00036846596679962484,1.357277242322977
2025-07-17,39492.02,39910.96,39370.43,39901.19,,0.005995199604673429,0.005995199604673429,1.365414390309584
2025-07-18,40072.39,40087.59,39745.42,39819.11,,-0.0020570815055892533,-0.0020570815055892533,1.3626056216198126
2025-07-21,39788.5,39816.0,39788.5,39790.5,,-0.0007184992331571438,-0.0007184992331571438,1.361626590525583
2025-07-22,39864.63,40275.89,39586.53,39774.92,,-0.00039155074703767223,-0.00039155074703767223,1.3610934446168765
2025-07-23,40189.18,41342.59,40087.86,41171.32,,0.03510755018489031,0.03510755018489031,1.408878101030089
2025-07-24,41657.98,42065.83,41554.18,41826.34,,0.01590961863743967,0.01590961863743967,1.431292814324118
2025-07-25,41760.58,41773.7,41389.79,41456.23,,-0.008848730249885417,-0.008848730249885417,1.4186276903015644
2025-07-28,41515.91,41534.21,40997.87,40998.27,,-0.011046831803084967,-0.011046831803084967,1.4029563488156043
2025-07-29,40767.77,40792.85,40563.53,40674.55,,-0.00789594292637208,-0.00789594292637208,1.3918786855571648
2025-07-30,40744.53,40744.53,40556.61,40654.7,,-0.00048802015019233647,-0.00048802015019233647,1.3911994207119895
2025-07-31,40693.0,41151.25,40639.32,41069.82,,0.010210873527538133,0.010210873527538133,1.405404782048464
2025-08-01,41029.84,41064.73,40588.17,40799.6,,-0.0065795272538325955,-0.0065795272538325955,1.3961578829823094
2025-08-04,40118.81,40332.25,39850.52,40290.7,,-0.012473161501583396,-0.012473161501583396,1.3787433802261624
2025-08-05,40521.0,40649.38,40421.88,40549.54,,0.006424311317500209,0.006424311317500209,1.3876008569276777
2025-08-06,40430.46,40850.89,40423.13,40794.86,,0.006049883673156398,0.006049883673156398,1.395995680696862
2025-08-07,40668.19,41164.11,40668.19,41059.15,,0.006478512243944579,0.006478512243944579,1.4050396558067504
2025-08-08,41283.7,42033.92,41248.05,41820.48,,0.01854227376845352,0.01854227376845352,1.431092285760253
2025-08-11,42225.5,42252.0,42197.0,42217.0,,0.009481478930897014,0.009481478930897014,1.444661157115858
2025-08-12,42098.32,42999.71,42083.58,42718.17,,0.011871284079872924,0.011871284079872924,1.4618111401111384
2025-08-13,43090.91,43451.46,43008.2,43274.67,,0.013027243442310432,0.013027243442310432,1.4808545097000474
2025-08-14,43129.18,43199.83,42606.73,42649.26,,-0.014452103274270933,-0.014452103274270933,1.4594530473916925
2025-08-15,42866.38,43405.43,42736.86,43378.31,,0.01709408322676631,0.01709408322676631,1.4844010592493637
2025-08-18,43452.9,43835.12,43390.22,43714.31,,0.007745806602424077,0.007745806602424077,1.495898942774743
2025-08-19,43846.55,43876.42,43411.97,43546.29,,-0.003843592635912496,-0.003843592635912496,1.4901493166142246
2025-08-20,43400.66,43425.78,42724.15,42888.55,,-0.015104386619388177,-0.015104386619388177,1.4676415252154662
2025-08-21,42783.26,42926.11,42564.3,42610.17,,-0.006490776675826204,-0.006490776675826204,1.4581153918351237
2025-08-22,42629.81,42720.57,42331.39,42633.29,,0.0005425934700566959,0.0005425934700566959,1.4589065557253225
2025-08-25,42977.27,43201.42,42681.37,42807.82,,0.0040937492743347015,0.0040937492743347015,1.464878953379145
2025-08-26,42619.66,42703.27,42137.62,42394.4,,-0.009657581255013592,-0.009657581255013592,1.4507317658581267
2025-08-27,42476.09,42628.04,42270.18,42520.27,,0.0029690242107447418,0.0029690242107447418,1.4550390235942559
2025-08-28,42308.14,42828.79,42299.79,42828.79,,0.007255833511875753,0.007255833511875753,1.465596544502738
2025-08-29,42774.29,42807.03,42611.31,42718.47,,-0.00257583742151013,-0.00257583742151013,1.461821406078572
2025-09-01,42362.71,42454.99,41835.17,42188.79,,-0.01239932048128134,-0.01239932048128134,1.4436958139782063
2025-09-02,42299.63,42473.67,42084.78,42310.49,,0.0028846525344765617,0.0028846525344765617,1.4478603747670118
2025-09-03,42085.66,42293.54,41863.2,41938.89,,-0.008782691951806698,-0.008782691951806698,1.4351442631062057
2025-09-04,42093.7,42608.8,42066.59,42580.27,,0.015293203992761795,0.015293203992761795,1.4570922170809306
2025-09-05,42983.47,43220.94,42783.54,43018.75,,0.01029772709285326,0.01029772709285326,1.4720969550815504
2025-09-08,43451.07,43838.6,43343.58,43643.81,,0.014529943338660312,0.014529943338660312,1.4934864404278998
2025-09-09,43907.55,44185.73,43452.74,43459.29,,-0.004227861866321847,-0.004227861866321847,1.487172186058546
2025-09-10,43513.16,43848.77,43509.02,43837.67,,0.00870653892412876,0.00870653892412876,1.5001203085833463
2025-09-11,43876.22,44396.95,43870.54,44372.5,,0.01220023783198343,0.01220023783198343,1.5184221331246515
2025-09-12,44803.3,44888.02,44548.57,44768.12,,0.008915882584934476,0.008915882584934476,1.5319602065779565
2025-09-15,44917.5,44948.0,44915.0,44938.0,,0.003794664596145525,0.003794664596145525,1.5377734817365618
2025-09-16,44948.85,45055.38,44616.32,44902.27,,-0.0007950954648627828,-0.0007950954648627828,1.5365508050152468
2025-09-17,44751.84,45033.34,44612.07,44790.38,,-0.002491856202370135,-0.002491856202370135,1.5327219413615125
2025-09-18,44910.5,45508.67,44815.4,45303.43,,0.011454468571153065,0.011454468571153065,1.5502784566671548
2025-09-19,45634.29,45852.75,44495.46,45045.81,,-0.005686545146802446,-0.005686545146802446,1.5414627282332019
2025-09-22,45193.77,45757.74,45193.77,45493.66,,0.009942101163238126,0.009942101163238126,1.5567881066166576
2025-09-23,45521.5,45530.5,45461.5,45464.0,,-0.0006519589762618017,-0.0006519589762618017,1.5557731446364111
2025-09-24,45484.41,45693.28,45205.47,45630.31,,0.0036580591237023175,0.0036580591237023175,1.5614642547825592
2025-09-25,45600.07,45824.69,45503.31,45754.93,,0.002731079407525483,0.002731079407525483,1.565728737654383
2025-09-26,45634.2,45766.77,45354.99,45354.99,,-0.008740916006209631,-0.008740916006209631,1.5520428342700372
2025-09-29,45113.29,45152.7,44890.2,45043.75,,-0.006862309968539204,-0.006862309968539204,1.5413922352568261
2025-09-30,45054.96,45126.23,44733.6,44932.63,,-0.002466934924379105,-0.002466934924379105,1.5375897209195042
2025-10-01,44831.95,44874.42,44357.65,44550.85,,-0.008496720534720503,-0.008496720534720503,1.5245252507637923
2025-10-02,44736.03,45125.96,44659.22,44936.73,,0.0086615631351592,0.0086615631351592,1.5377300224744272
2025-10-03,45042.54,45778.66,45042.54,45769.5,,0.018532056070835523,0.018532056070835523,1.5662273214727305
2025-10-06,46636.07,48150.04,46592.99,47944.76,,0.0475264095085155,0.0475264095085155,1.640664482536469
2025-10-07,48281.12,48527.33,47904.38,47950.88,,0.00012764690030775405,0.00012764690030775405,1.6408739082721095
2025-10-08,47925.22,48181.12,47728.27,47734.99,,-0.0045023157030694705,-0.0045023157030694705,1.633486175908139
2025-10-09,48035.42,48597.08,47995.22,48580.44,,0.01771132663901276,0.01771132663901276,1.6624173831299598
2025-10-10,48510.72,48510.72,47962.61,48088.8,,-0.010120122419640443,-0.010120122419640443,1.6455935157001462
2025-10-13,47117.5,47202.0,47112.5,47187.5,,-0.01874240987506448,-0.01874240987506448,1.6147511275411457
2025-10-14,47446.73,47865.65,46544.05,46847.32,,-0.007209112582781452,-0.007209112582781452,1.6031102048695283
2025-10-15,47002.3,47774.83,46910.83,47672.67,,0.017617870136434677,0.017617870136434677,1.631353592273313
2025-10-16,48107.44,48317.34,47937.72,48277.74,,0.012692177719435538,0.012692177719435538,1.6520590219896851
2025-10-17,47820.97,48140.9,47494.31,47582.15,,-0.014408089525317358,-0.014408089525317358,1.6282560076997494
2025-10-20,48332.71,49185.5,48254.83,49185.5,,0.03369645970179991,0.03369645970179991,1.6831224706474177
2025-10-21,49675.43,49945.95,49127.2,49316.06,,0.0026544408413047282,0.0026544408413047282,1.6875902196744221
2025-10-22,49252.03,49458.28,48613.7,49307.79,,-0.0001676938506440795,-0.0001676938506440795,1.6873072211721754
2025-10-23,48866.58,48866.58,48399.05,48641.61,,-0.013510644058474353,-0.013510644058474353,1.6645106138896248
2025-10-24,49095.27,49435.31,48965.78,49299.65,,0.013528335102394928,0.013528335102394928,1.6870286712558167
2025-10-27,49905.8,50549.6,49838.98,50512.32,,0.02459794339310717,0.02459794339310717,1.728526107013916
2025-10-28,50357.15,50485.8,50107.77,50219.18,,-0.005803336690930028,-0.005803336690930028,1.7184948880358517
2025-10-29,50453.64,51412.97,50365.62,51307.65,,0.021674388152096435,0.021674388152096435,1.7557422132765343
2025-10-30,51146.27,51657.28,50972.56,51325.61,,0.0003500452661542308,0.0003500452661542308,1.756356802526879
2025-10-31,51629.8,52411.34,51613.03,52411.34,,0.021153767095997367,0.021153767095997367,1.7935103652650033
2025-11-03,52391.0,52431.0,52348.5,52431.0,,0.0003751096613824334,0.0003751096613824334,1.7941831283308038
2025-11-04,52294.31,52636.87,51497.2,51497.2,,-0.017810074192748604,-0.017810074192748604,1.7622285936998545
2025-11-05,51291.39,51422.42,49073.58,50212.27,,-0.02495145367126761,-0.02495145367126761,1.7182584285859697
2025-11-06,50792.55,51248.28,50594.19,50883.68,,0.013371432918687143,0.013371432918687143,1.7412340059007756
2025-11-07,50524.31,50642.79,49640.56,50276.37,,-0.011935260971690731,-0.011935260971690731,1.7204519236275673
2025-11-10,50645.27,50969.5,50392.44,50911.76,,0.012637945022681674,0.012637945022681674,1.7421949004525394
2025-11-11,51314.04,51513.16,50581.17,50842.93,,-0.0013519469764942116,-0.0013519469764942116,1.7398395453244089
2025-11-12,50988.53,51072.26,50537.5,51063.31,,0.00433452596063999,0.00433452596063999,1.7473809250009655
2025-11-13,51013.15,51338.89,50954.27,51281.83,,0.004279393560660427,0.004279393560660427,1.7548586556794352
2025-11-14,50767.74,50767.74,50246.6,50376.53,,-0.017653426174534026,-0.017653426174534026,1.7238793879546563
2025-11-17,50282.39,50398.16,49845.86,50323.91,,-0.0010445340320184293,-0.0010445340320184293,1.7220787372668427
2025-11-18,49812.95,49971.55,48661.52,48702.98,,-0.03220993758235402,-0.03220993758235402,1.6666106886275787
2025-11-19,48822.88,49087.11,48235.3,48537.7,,-0.0033936321761010024,-0.0033936321761010024,1.6609548249696182
2025-11-20,49129.29,50574.82,49113.39,49823.94,,0.0264998135469956,0.0264998135469956,1.7049698181412958
2025-11-21,49251.26,49459.59,48490.03,48625.88,,-0.024045870318565865,-0.024045870318565865,1.6639723349972013
2025-11-25,49113.82,49182.32,48511.95,48659.52,,0.0006918126725932172,0.0006918126725932172,1.665123492145397
2025-11-26,49012.25,49749.59,48964.19,49559.07,,0.018486618856906167,0.018486618856906167,1.6959059954943696
2025-11-27,49868.79,50322.14,49865.17,50167.1,,0.012268793583091853,0.012268793583091853,1.716712716089418
2025-11-28,50218.96,50258.25,49989.54,50253.91,,0.0017304169465646169,0.0017304169465646169,1.719683344865722
2025-12-01,50318.59,50366.74,49215.96,49303.28,,-0.018916538036542918,-0.018916538036542918,1.6871528894617602
2025-12-02,49494.58,49636.79,49243.55,49303.45,,3.448046458576215e-06,3.448046458576215e-06,1.6871587068433058
2025-12-03,49540.64,50138.6,49521.23,49864.68,,0.011383179067590676,0.011383179067590676,1.706363936518748
2025-12-04,49942.94,51028.42,49910.06,51028.42,,0.02333796185997783,0.02333796185997783,1.7461869929884641
2025-12-05,50530.34,50634.85,50215.41,50491.87,,-0.010514728851098942,-0.010514728851098942,1.7278263102338745
2025-12-08,50643.09,50678.05,50224.65,50581.94,,0.001783851538871506,0.001783851538871506,1.730908495856288
2025-12-09,50677.36,50793.69,50417.11,50655.1,,0.0014463660349919305,0.0014463660349919305,1.7334120231143733
2025-12-10,50878.66,51107.77,50329.27,50602.8,,-0.0010324725447190541,-0.0010324725447190541,1.7316223227918217
2025-12-11,50818.39,50875.98,49926.27,50148.82,,-0.008971440315555745,-0.008971440315555745,1.716087176473811
2025-12-12,50480.23,51127.69,50457.42,50836.55,,0.013713782298367283,0.013713782298367283,1.7396212224169925
2025-12-15,50352.09,50432.1,49965.68,50168.11,,-0.01314880730498047,-0.01314880730498047,1.716747278179777
2025-12-16,50051.24,50051.24,49355.87,49383.29,,-0.01564380240754537,-0.01564380240754537,1.6898908229762413
2025-12-17,49413.19,49571.5,49077.81,49512.28,,0.0026120171418306803,0.0026120171418306803,1.6943048467736777
2025-12-18,49058.31,49169.79,48643.78,49001.5,,-0.010316228620455337,-0.010316228620455337,1.6768260106216148
2025-12-19,49387.71,49766.96,49257.15,49507.21,,0.010320296317459565,0.010320296317459565,1.6941313519240537
2025-12-22,50084.55,50590.88,49982.2,50402.39,,0.018081810709995594,0.018081810709995594,1.7247643143474134
2025-12-23,50374.48,50544.56,50264.42,50412.87,,0.00020792664792290694,0.00020792664792290694,1.7251229388097526
2025-12-24,50475.48,50636.95,50323.92,50344.1,,-0.0013641357851675862,-0.0013641357851675862,1.7227696368751086
2025-12-25,50450.18,50510.11,50283.76,50407.79,,0.0012650936256681788,0.0012650936256681788,1.7249491017612142
2025-12-26,50527.13,50941.89,50527.13,50750.39,,0.006796568546250548,0.006796568546250548,1.7366728365701274
2025-12-29,50691.22,50707.23,50347.65,50526.92,,-0.004403315915404771,-0.004403315915404771,1.729025717429007
2025-12-30,50312.85,50534.64,50198.97,50339.48,,-0.0037097056381033555,-0.0037097056381033555,1.722611540976635
2026-01-05,51010.28,52033.24,50995.67,51832.8,,0.02966498660693362,0.02966498660693362,1.773712789268656
2026-01-06,52157.22,52523.77,52024.62,52518.08,,0.013220972048586965,0.013220972048586965,1.797162996477798
2026-01-07,52144.64,52404.11,51830.4,51961.98,,-0.010588734393945809,-0.010588734393945809,1.7781333148454668
2026-01-08,51769.83,51866.19,51052.83,51117.26,,-0.016256501388130395,-0.016256501388130395,1.7492270881444008
2026-01-09,51367.98,51986.91,51189.14,51939.89,,0.01609299872489256,0.01609299872489256,1.777377397443456
2026-01-13,52808.29,53814.79,52741.64,53549.16,,0.03098331552107636,0.03098331552107636,1.8324464421484763
2026-01-14,53827.24,54487.32,53792.68,54341.23,,0.014791455178755353,0.014791455178755353,1.8595509915649853
2026-01-15,54039.4,54153.61,53709.87,54110.5,,-0.00424594732213468,-0.00424594732213468,1.851655436011977
2026-01-16,54071.28,54130.6,53706.79,53936.17,,-0.003221740697276876,-0.003221740697276876,1.8456898823364432
2026-01-19,53390.05,53583.57,53091.45,53583.57,,-0.006537357027760704,-0.006537357027760704,1.833623948613084
2026-01-20,53348.59,53408.35,52852.9,52991.1,,-0.011056934056465462,-0.011056934056465462,1.8133496895289134
2026-01-21,52228.08,52848.78,52194.81,52774.64,,-0.00408483688770378,-0.00408483688770378,1.8059424518268197
2026-01-22,53327.39,53922.53,53242.38,53688.89,,0.017323661516213118,0.017323661516213118,1.8372279875800273
2026-01-23,53898.45,54050.84,53603.68,53846.87,,0.0029425082172493955,0.0029425082172493955,1.8426340460304422
2026-01-26,53023.28,53138.67,52656.0,52885.25,,-0.0178584196258762,-0.0178584196258762,1.8097275140195046
2026-01-27,52847.54,53334.03,52637.66,53333.54,,0.008476654643780668,0.008476654643780668,1.8250679491551958
2026-01-28,53023.88,53507.18,52788.1,53358.71,,0.0004719356712492573,0.0004719356712492573,1.8259292638228557
2026-01-29,53301.26,53742.69,52990.42,53375.6,,0.00031653688779198497,0.00031653688779198497,1.8265072377893548
2026-01-30,53434.73,53590.24,52923.12,53322.85,,-0.0009882792886637404,-0.0009882792886637404,1.824702138515653
2026-02-02,53575.37,54247.15,52655.18,52655.18,,-0.012521273712864156,-0.012521273712864156,1.80185454359485
2026-02-03,53332.18,54782.83,53307.74,54720.66,,0.03922653003939969,0.03922653003939969,1.8725350449758025
2026-02-04,54250.41,54459.41,53965.51,54293.36,,-0.007808750844744972,-0.007808750844744972,1.857912885361533
2026-02-05,54289.05,54459.08,53653.06,53818.04,,-0.008754661711855682,-0.008754661711855682,1.841647486560095
2026-02-06,53435.37,54253.68,52950.15,54253.68,,0.008094683492747112,0.008094683492747112,1.856555040069012
2026-02-09,55130.63,57337.07,55018.57,56363.94,,0.0388961633570295,0.0388961633570295,1.9287679081888527
2026-02-10,56812.01,57960.19,56812.01,57650.54,,0.02282665122416927,0.02282665122416927,1.97279522052145
2026-02-12,57864.74,58015.08,57554.49,57639.84,,-0.00018560103686804386,-0.00018560103686804386,1.9724290676829928
2026-02-13,57197.33,57407.25,56652.48,56941.97,,-0.012107424309297121,-0.012107424309297121,1.9485480320405635
2026-02-16,57212.97,57219.2,56748.18,56806.41,,-0.0023806693024494008,-0.0023806693024494008,1.9439091835563362
2026-02-17,56819.37,56926.24,56135.12,56566.49,,-0.004223467034794259,-0.004223467034794259,1.9356991472009524
2026-02-18,56734.27,57392.89,56734.27,57143.84,,0.01020657283137072,0.01020657283137072,1.9554560015264808
2026-02-19,57472.08,57709.82,57362.01,57467.83,,0.005669727480687392,0.005669727480687392,1.9665429041556108
2026-02-20,56979.74,56979.74,56680.88,56825.7,,-0.011173729719740622,-0.011173729719740622,1.944569285262302
2026-02-24,56764.14,57421.67,56732.93,57321.09,,0.00871771047255021,0.00871771047255021,1.961521477285033
2026-02-25,57695.4,58875.17,57656.5,58583.12,,0.022016852784900065,0.022016852784900065,2.004708006884837
2026-02-26,58995.39,59332.43,58577.84,58753.39,,0.002906468620995195,0.002906468620995195,2.0105346278011056
2026-02-27,58606.03,58924.17,58130.57,58850.27,,0.0016489261300496327,0.0016489261300496327,2.0138498508842564
2026-03-02,57976.2,58365.21,57285.77,58057.24,,-0.013475384225085096,-0.013475384225085096,1.9867124503719609
2026-03-03,57729.8,57890.76,56091.54,56279.05,,-0.030628221389786936,-0.030628221389786936,1.9258629816041224
2026-03-04,55470.88,55701.27,53618.2,54245.54,,-0.0361326283936918,-0.0361326283936918,1.8562764901526532
2026-03-05,55204.16,56619.98,54910.33,55278.06,,0.019034191566716707,0.019034191566716707,1.8916092124670114
2026-03-06,54674.6,55686.56,54513.43,55620.84,,0.006201013566684566,0.006201013566684566,1.9033391068563847
2026-03-09,54608.63,54608.63,51407.66,52728.72,,-0.051997057218121756,-0.051997057218121756,1.8043710744116845
2026-03-10,53524.09,54694.89,53487.19,54248.39,,0.028820536512170092,0.028820536512170092,1.85637401684327
2026-03-11,54917.93,55745.38,54882.58,55025.37,,0.014322637040472541,0.014322637040472541,1.8829621880978804
2026-03-12,54387.9,54733.08,53796.01,54452.96,,-0.010402656083911888,-0.010402656083911888,1.863374380036088
2026-03-13,53587.3,54065.31,53286.69,53819.61,,-0.01163113997843268,-0.01163113997843268,1.841701211789663
2026-03-16,53627.86,53983.51,53113.95,53751.15,,-0.0012720270548225443,-0.0012720270548225443,1.839358518021367
2026-03-17,54286.26,54388.43,53482.59,53700.39,,-0.0009443518882852331,-0.0009443518882852331,1.83762151633164
2026-03-18,54148.84,55239.4,54148.84,55239.4,,0.02865919595742228,0.02865919595742228,1.890286271463764
2026-03-19,54287.8,54333.02,53190.18,53372.53,,-0.03379598619825708,-0.03379598619825708,1.8264021827226198
2026-03-23,52468.72,52479.81,50688.76,51515.49,,-0.03479392863707231,-0.03479392863707231,1.7628544755143758
2026-03-24,52380.6,52701.99,51645.15,52252.28,,0.014302300143121949,0.014302300143121949,1.7880673493318284
2026-03-25,53015.8,54022.88,53015.8,53749.62,,0.02865597443786183,0.02865597443786183,1.8393061615874569
2026-03-26,53855.13,54175.8,53176.77,53603.65,,-0.002715740129883737,-0.002715740129883737,1.8343110840332915
2026-03-27,53239.59,53714.9,52516.92,53373.07,,-0.004301572747378191,-0.004301572747378191,1.826420661464
2026-03-30,52054.68,52054.68,50566.99,51885.85,,-0.027864614120941544,-0.027864614120941544,1.7755281545097907
2026-03-31,51382.53,52169.01,50558.91,51063.72,,-0.015844975075092638,-0.015844975075092638,1.7473949551564578
2026-04-01,51959.47,53739.68,51902.84,53739.68,,0.05240432933597483,0.05240432933597483,1.8389660158664975
2026-04-02,54066.83,54258.48,52273.07,52463.27,,-0.02375172312153706,-0.02375172312153706,1.7952874042277205
2026-04-03,53039.4,53426.31,52925.1,53123.49,,0.012584423349897955,0.012584423349897955,1.8178800609572614
2026-04-06,53205.93,54039.34,53205.93,53413.68,,0.0054625552651002,0.0054625552651002,1.8278103312555645
2026-04-07,53571.28,53916.35,53156.94,53429.56,,0.00029730211436462817,0.00029730211436462817,1.8283537431317043
2026-04-08,54386.65,56424.63,54380.02,56308.42,,0.05388140946696929,0.05388140946696929,1.9268680198158494
2026-04-09,56199.86,56406.49,55763.05,55895.32,,-0.0073363805981414565,-0.0073363805981414565,1.9127317826600934
2026-04-10,56265.77,57012.77,56251.18,56924.11,,0.018405655428755052,0.018405655428755052,1.9479368647793633
2026-04-13,56421.46,56765.72,56232.78,56502.77,,-0.007401784586531179,-0.007401784586531179,1.9335186557181037
2026-04-14,57085.65,57979.82,57010.18,57877.39,,0.024328364786363688,0.024328364786363688,1.980558002895653
2026-04-15,58265.18,58585.95,58028.75,58134.24,,0.004437829694808215,0.004437829694808215,1.9893473820131935
2026-04-16,58479.83,59688.1,58428.19,59518.34,,0.02380868830486138,0.02380868830486138,2.0367111337616373
2026-04-17,59255.09,59381.25,58475.9,58475.9,,-0.017514601381691697,-0.017514601381691697,2.001038950124149
2026-04-20,58821.16,59169.13,58687.96,58824.89,,0.005968099678671068,0.005968099678671068,2.0129813500393934
2026-04-21,59031.51,59611.91,59004.76,59349.17,,0.008912553852629346,0.008912553852629346,2.0309221547259577
2026-04-22,59104.11,59708.21,59005.48,59585.86,,0.003988092841062496,0.003988092841062496,2.039021660831976
2026-04-23,59758.64,60013.98,58621.48,59140.23,,-0.007478787752664751,-0.007478787752664751,2.0237722506075273
2026-04-24,59407.44,59763.68,59225.37,59716.18,,0.00973871762081413,0.00973871762081413,2.0434811970850335
2026-04-27,59880.71,60903.95,59608.63,60537.36,,0.013751381953768682,0.013751381953768682,2.071581887541494
2026-04-28,60531.78,60634.66,59701.84,59917.46,,-0.010239957606344219,-0.010239957606344219,2.0503689768349984
2026-04-30,59484.71,59560.57,58928.2,59284.92,,-0.010556856048303809,-0.010556856048303809,2.0287235267006434
2026-05-01,59379.12,59706.7,59263.5,59513.12,,0.0038492081966208236,0.0038492081966208236,2.036532505928297
2026-05-07,60241.31,63091.14,60213.02,62833.84,,0.05579811644894428,0.05579811644894428,2.1501671838461442
2026-05-08,62654.01,62724.36,62137.95,62713.65,,-0.0019128227719330537,-0.0019128227719330537,2.1460542950934203
2026-05-11,63203.44,63385.04,62380.62,62417.88,,-0.004716198148250084,-0.004716198148250084,2.1359330778008565
2026-05-12,62618.72,63218.51,62158.43,62742.57,,0.005201874847399424,0.005201874847399424,2.1470439343539978
2026-05-13,62398.02,63347.91,62318.87,63272.11,,0.00843988379819316,0.00843988379819316,2.1651647356695607
2026-05-14,63263.46,63799.32,62654.05,62654.05,,-0.009768284952090256,-0.009768284952090256,2.1440147895633235
2026-05-15,62878.71,63235.77,60937.3,61409.29,,-0.01986719134676851,-0.01986719134676851,2.1014192374887672
2026-05-18,61299.87,61478.55,60376.98,60815.95,,-0.009662056017908704,-0.009662056017908704,2.0811152070990397
2026-05-19,61202.84,61456.31,60256.33,60550.59,,-0.004363329027993523,-0.004363329027993523,2.072034616705306
2026-05-20,60567.27,60567.27,59292.25,59804.41,,-0.012323249038531103,-0.012323249038531103,2.046500418107189
2026-05-21,60374.84,62043.53,60282.35,61684.14,,0.03143129411359458,0.03143129411359458,2.11082457465231
2026-05-22,61913.36,63432.41,61842.56,63339.07,,0.02682910064078059,0.02682910064078059,2.16745609960069
2026-05-25,63658.95,65408.87,63562.51,65158.19,,0.0287203459097205,0.0287203459097205,2.2297061885253555
2026-05-26,65247.24,65317.69,64605.69,64996.09,,-0.002487791634482317,-0.002487791634482317,2.2241591441221886
2026-05-27,65777.87,66428.81,64999.41,64999.41,,5.1079995735170414e-05,5.1079995735170414e-05,2.224272754161785
2026-05-28,64770.76,65165.75,63875.04,64693.12,,-0.004712196618400055,-0.004712196618400055,2.213791543611224
2026-05-29,65133.97,66505.02,65133.97,66329.5,,0.025294498085731476,0.025294498085731476,2.269788289573307
2026-06-01,66363.43,67231.28,66244.84,66934.33,,0.009118567153378221,0.009118567153378221,2.290485506515733
2026-06-02,66629.6,66748.06,65551.13,66734.24,,-0.002989347917578211,-0.002989347917578211,2.283638448436587
2026-06-03,67238.53,68786.49,67238.53,68402.13,,0.024993017077889812,0.024993017077889812,2.3407134631780884
2026-06-04,67860.84,68051.94,66920.8,67470.69,,-0.013617119817760148,-0.013617119817760148,2.308839687490948
2026-06-05,67115.0,67115.0,65862.21,66588.12,,-0.013080791081282905,-0.013080791081282905,2.2786382378987042
2026-06-08,65947.56,66115.18,63406.66,64024.6,,-0.03849815853038041,-0.03849815853038041,2.190914861782693
2026-06-09,64625.26,65485.16,63918.96,65416.63,,0.02174211162584383,0.02174211162584383,2.2385499772702926
2026-06-10,64952.38,65098.86,63733.04,64179.27,,-0.018915067926917106,-0.018915067926917106,2.1962076523924265
2026-06-11,63329.17,64395.5,62335.75,64217.27,,0.0005920914962105339,0.0005920914962105339,2.1975080082673206
2026-06-12,65176.23,67065.94,64998.11,66020.04,,0.028072977876512084,0.028072977876512084,2.259198601966867
2026-06-15,66783.22,69682.23,66783.22,69317.5,,0.04994634962353861,0.04994634962353861,2.3720373252097136
2026-06-16,69288.91,70020.68,69095.67,69404.5,,0.0012550943124030045,0.0012550943124030045,2.3750144557653923
2026-06-17,69005.88,70125.75,68985.63,69902.25,,0.007171725176321475,0.007171725176321475,2.3920474067319324
2026-06-18,70163.71,71398.58,70092.94,71053.49,,0.01646928389286484,0.01646928389286484,2.4314427145585915
2026-06-19,71551.03,71952.99,70517.98,71250.06,,0.002766507317233602,0.002766507317233602,2.438169318619852
2026-06-22,71067.15,72831.73,71009.52,72353.96,,0.015493320286326995,0.015493320286326995,2.475944656785525
2026-06-23,72404.37,72618.44,69788.38,69788.38,,-0.035458736467223084,-0.035458736467223084,2.388150787693138
2026-06-24,69615.08,70218.71,68461.1,69174.97,,-0.008789572132208878,-0.008789572132208878,2.3671599640821177
2026-06-25,70114.09,72594.22,69982.67,72366.34,,0.046134750763173304,0.046134750763173304,2.4763682990416087
2026-06-26,71587.71,71786.28,68639.84,69360.88,,-0.041531187013188586,-0.041531187013188586,2.37352178410058
2026-06-29,69609.88,69609.88,67997.57,69468.11,,0.0015459723117698942,0.0015459723117698942,2.377191183060182
2026-06-30,70085.6,70667.0,69302.19,70062.32,,0.008553709032821155,0.008553709032821155,2.3975249847554663
2026-07-01,70774.28,71962.34,70126.14,70474.96,,0.005889613703913943,0.005889613703913943,2.411645480761158
2026-07-02,70039.89,70081.39,68676.26,68733.15,,-0.024715303137454958,-0.024715303137454958,2.3520409316440727
2026-07-03,68676.06,69788.03,67609.49,69744.07,,0.014707895680614369,0.014707895680614369,2.386634504303229
2026-07-06,69973.34,70384.59,68904.41,69737.69,,-9.147731126113445e-05,-9.147731126113445e-05,2.3864161813958122
2026-07-07,69460.08,69957.51,68003.92,68256.96,,-0.021232851274540332,-0.021232851274540332,2.3357457615370785
2026-07-08,67704.16,68432.68,66819.05,66819.05,,-0.021066130105999448,-0.021066130105999448,2.2865406374300017
2026-07-09,67046.37,68447.89,67008.89,67743.85,,0.013840364387102122,0.013840364387102122,2.3181871930379496
2026-07-10,68526.72,69374.86,68271.91,68557.73,,0.012014079506848185,0.012014079506848185,2.3460380782868646
2026-07-13,68410.63,69078.21,66653.11,67242.73,,-0.019180915120731057,-0.019180915120731057,2.3010389210372413
2026-07-14,67002.94,67800.18,66268.6,67743.5,,0.007447199124723358,0.007447199124723358,2.318175216075944
2026-07-15,67989.74,68798.24,67833.17,68751.51,,0.014879803966432181,0.014879803966432181,2.3526692088509953
2026-07-16,67900.43,68069.82,66499.49,66835.54,,-0.027868042461903775,-0.027868042461903775,2.287104923439922
2026-07-17,66339.85,66441.77,62704.6,64141.12,,-0.040314180150261225,-0.040314180150261225,2.1949021635338157
2026-07-21,64544.05,66232.19,64203.47,66232.19,,0.0326010833611885,0.0326010833611885,2.266458351936835
2026-07-22,66449.27,67592.2,65955.6,66115.6,,-0.001760322284375615,-0.001760322284375615,2.2624686547933113
2026-07-23,66421.01,67022.37,66208.66,66422.6,,0.004643382197242474,0.004643382197242474,2.2729741614667978
2026-07-24,65584.25,65720.81,64201.03,64611.15,,-0.027271591295733755,-0.027271591295733755,2.210986539109512
2026-07-27,65164.98,65220.69,64123.4,64931.19,,0.004953324619667132,0.004953324619667132,2.2219382731674355
2026-07-28,64539.92,64573.18,61923.6,62364.92,,-0.039522916490518756,-0.039522916490518756,2.1341207923499517
2026-07-29,62734.68,63138.04,60448.9,61434.19,,-0.014923934801808425,-0.014923934801808425,2.1022713127857373
2026-07-30,61258.34,62924.84,61049.7,61867.43,,0.007052099164976289,0.007052099164976289,2.1170967385551873
2026-07-31,61957.1,65364.73,61948.23,64362.02,,0.04032153913618197,0.04032153913618197,2.2024613375539235
2026-08-03,63834.95,63905.12,62703.47,63754.9,,-0.009432892255401448,-0.009432892255401448,2.18168575706009
2026-08-04,63995.28,64240.5,62864.43,63957.53,,0.0031782655137095883,0.0031782655137095883,2.188619733663505
2026-08-05,64565.27,66302.52,64555.52,66300.44,,0.03663227770053035,0.03663227770053035,2.2687938595279276
2026-08-06,65896.0,65983.13,64942.07,65683.26,,-0.009308837166088324,-0.009308837166088324,2.2476740269261613
2026-08-07,65746.13,65990.72,64651.49,65606.71,,-0.0011654415447709399,-0.0011654415447709399,2.245054494236079
2026-08-10,65905.1,67006.84,65848.58,66970.22,,0.020783087583571724,0.020783087583571724,2.291713658419679
2026-08-12,66994.05,67569.36,66735.76,67524.06,,0.008269944461881673,0.008269944461881673,2.310666003097345
2026-08-13,68033.17,68799.71,68006.17,68308.59,,0.011618525307868,0.011618525307868,2.3375125345323617
2026-08-14,68811.17,69608.24,68471.15,68713.8,,0.005932050420013102,0.005932050420013102,2.3513787767446206
2026-08-17,68882.06,69225.57,68492.04,69220.25,,0.007370426319021739,0.007370426319021739,2.3687094407667284
2026-08-18,68847.35,69093.2,67368.96,67460.73,,-0.025419151187694444,-0.025419151187694444,2.3084988573721597
2026-08-19,66812.27,66833.51,65133.98,65326.42,,-0.03163781358428819,-0.03163781358428819,2.235463000863077
2026-08-20,65732.79,66325.32,65652.25,66216.79,,0.0136295544742846,0.0136295544742846,2.265931365608588
2026-08-21,65427.69,66125.88,65260.22,66016.36,,-0.0030268758120106654,-0.0030268758120106654,2.2590726727663513
2026-08-24,65978.95,66257.73,65470.95,65528.09,,-0.007396196942697331,-0.007396196942697331,2.2423641263707057
2026-08-25,65195.26,65904.24,64609.47,65856.43,,0.005010675574398604,0.005010675574398604,2.253599885527619
2026-08-26,65604.49,66442.34,65390.55,66262.16,,0.006160825905686229,0.006160825905686229,2.267483922083429
2026-08-27,66775.78,66954.69,65782.59,66131.98,,-0.001964620531537231,-0.001964620531537231,2.263029176615173
2026-08-28,66104.49,66842.82,66012.2,66405.56,,0.004136879010729677,0.004136879010729677,2.2723910545165817
