date,open,high,low,close,amount,daily_return,return,net_value
2020-08-17,7037.86,7117.17,7004.77,7075.03,,,,1.0
2020-08-18,7147.73,7196.01,7075.06,7196.01,,0.01709957413608154,0.01709957413608154,1.0170995741360815
2020-08-20,7183.25,7183.25,7060.78,7167.6,,-0.003948021195078866,-0.003948021195078866,1.0130840434598865
2020-08-21,7205.57,7208.73,7104.01,7168.87,,0.00017718622690998664,0.00017718622690998664,1.0132635479990897
2020-08-24,7247.6,7332.19,7198.76,7329.91,,0.02246379136460841,0.02246379136460841,1.0360252889387043
2020-08-25,7348.1,7355.49,7153.69,7223.67,,-0.014494038808116283,-0.014494038808116283,1.0210090981946367
2020-08-26,7311.5,7326.57,7219.82,7275.44,,0.007166717194999173,0.007166717194999173,1.0283263816549189
2020-08-27,7352.09,7574.23,7311.0,7540.86,,0.036481642347404364,0.036481642347404364,1.065841416926854
2020-08-28,7521.87,7745.92,7430.02,7580.9,,0.005309739207464359,0.005309739207464359,1.0715007568872499
2020-08-31,7746.63,7771.28,7543.86,7543.86,,-0.004885963408038596,-0.004885963408038596,1.0662654433974132
2020-09-01,7556.9,7683.66,7526.33,7674.71,,0.017345231751384693,0.017345231751384693,1.0847600646216342
2020-09-02,7874.07,7909.39,7764.78,7909.39,,0.03057835410067611,0.03057835410067611,1.1179302419919068
2020-09-03,7889.48,7889.48,7678.15,7706.06,,-0.025707418650490088,-0.025707418650490088,1.0891911412389772
2020-09-04,7342.83,7622.35,7290.83,7588.02,,-0.015317814810681507,-0.015317814810681507,1.0725071130440438
2020-09-07,7481.19,7487.95,7213.81,7240.96,,-0.045737886826866636,-0.045737886826866636,1.0234529040866258
2020-09-08,7301.72,7326.01,7007.09,7123.28,,-0.016251988686583063,-0.016251988686583063,1.0068197590681593
2020-09-09,6984.19,7086.74,6906.75,7015.64,,-0.015111016273402056,-0.015111016273402056,0.9916056893044978
2020-09-10,7133.84,7200.8,6994.63,6999.72,,-0.002269215638202704,-0.002269215638202704,0.9893555221673972
2020-09-11,7001.26,7195.96,6986.97,7178.27,,0.02550816318367022,0.02550816318367022,1.0145921642735085
2020-09-14,7235.43,7345.08,7232.97,7317.31,,0.019369569548094434,0.019369569548094434,1.0342443777623558
2020-09-15,7327.13,7374.48,7281.24,7348.72,,0.0042925610641069145,0.0042925610641069145,1.03868393490911
2020-09-16,7401.88,7464.42,7370.02,7430.09,,0.011072676602183806,0.011072676602183806,1.0501849462122423
2020-09-17,7403.11,7433.0,7245.87,7301.56,,-0.01729857915583788,-0.01729857915583788,1.0320182387919203
2020-09-18,7314.72,7371.82,7237.95,7371.82,,0.009622601197552205,0.009622601197552205,1.0419489387324152
2020-09-21,7408.78,7422.87,7188.84,7195.75,,-0.023884196846911565,-0.023884196846911565,1.0170628251752996
2020-09-22,7202.01,7319.08,7144.89,7233.32,,0.005221137476982829,0.005221137476982829,1.0223730500082686
2020-09-23,7270.29,7327.99,7235.37,7298.62,,0.009027666410444946,0.009027666410444946,1.0316026928507724
2020-09-24,7218.71,7223.84,7051.11,7054.28,,-0.033477561511628284,-0.033477561511628284,0.9970671502452993
2020-09-25,7110.42,7134.45,6860.75,6918.77,,-0.01920961458859005,-0.01920961458859005,0.9779138745701432
2020-09-28,6921.46,6998.21,6897.62,6978.59,,0.008646045467619157,0.008646045467619157,0.9863689623930924
2020-09-29,7063.95,7078.74,6965.7,6977.3,,-0.0001848510945621218,-0.0001848510945621218,0.986186631010752
2020-09-30,7017.17,7143.14,6981.22,7087.64,,0.015814140140168798,0.015814140140168798,1.001782324597917
2020-10-05,7255.73,7255.73,7049.82,7092.06,,0.0006236208385301811,0.0006236208385301811,1.0024070569312074
2020-10-06,7154.8,7350.2,7141.42,7336.35,,0.03444556306630231,0.03444556306630231,1.0369355324288378
2020-10-07,7358.22,7494.59,7300.09,7494.59,,0.02156930898880227,0.02156930898880227,1.0593015153292638
2020-10-08,7527.52,7527.52,7438.45,7511.11,,0.0022042566704782995,0.0022042566704782995,1.0616364877604758
2020-10-09,7567.75,7597.29,7467.87,7503.27,,-0.0010437871366547613,-0.0010437871366547613,1.0605283652507482
2020-10-12,7575.67,7749.98,7575.67,7748.85,,0.032729729837790655,0.032729729837790655,1.0952391721307189
2020-10-14,7878.84,7878.84,7725.8,7819.84,,0.009161359427527938,0.009161359427527938,1.1052730518457166
2020-10-15,7766.27,7769.07,7504.74,7541.04,,-0.03565290338421245,-0.03565290338421245,1.0658668585150877
2020-10-16,7661.68,7675.58,7540.76,7604.61,,0.008429871741828743,0.008429871741828743,1.0748519794262357
2020-10-19,7687.37,7723.86,7559.62,7570.71,,-0.004457822294634428,-0.004457822294634428,1.0700604803089175
2020-10-20,7592.77,7644.48,7516.3,7644.48,,0.009744132320482324,0.009744132320482324,1.0804872912199666
2020-10-21,7707.12,7732.2,7609.39,7618.06,,-0.0034560885763320615,-0.0034560885763320615,1.0767530314359093
2020-10-22,7624.14,7624.14,7495.48,7620.34,,0.00029928879531015973,0.00029928879531015973,1.0770752915535342
2020-10-23,7600.35,7600.35,7441.65,7484.48,,-0.017828600823585394,-0.017828600823585394,1.0578725461234793
2020-10-27,7457.47,7603.44,7449.86,7547.66,,0.00844146821155256,0.00844146821155256,1.0668025435934547
2020-10-28,7577.04,7694.83,7520.69,7656.45,,0.014413738827663058,0.014413738827663058,1.0821791568374974
2020-10-29,7508.24,7729.82,7485.71,7675.42,,0.0024776495634399875,0.0024776495634399875,1.084860417553
2020-10-30,7691.83,7778.82,7509.78,7534.39,,-0.018374238803870013,-0.018374238803870013,1.0649269331720148
2020-11-02,7601.14,7643.02,7474.7,7585.76,,0.006818070208736149,0.006818070208736149,1.0721876797695558
2020-11-03,7626.98,7774.11,7626.98,7714.73,,0.01700159245744648,0.01700159245744648,1.090416577738893
2020-11-04,7594.79,7817.48,7574.61,7758.72,,0.005702079009894057,0.005702079009894057,1.0966342192188585
2020-11-05,8062.58,8181.62,8045.11,8181.62,,0.054506413429019185,0.054506413429019185,1.1564078173520111
2020-11-06,8200.2,8229.28,8020.85,8152.54,,-0.003554308315468102,-0.003554308315468102,1.1522975874307246
2020-11-09,8325.85,8524.94,8324.45,8394.19,,0.029641068918398572,0.029641068918398572,1.1864529196342632
2020-11-10,8214.52,8214.52,7841.11,7961.74,,-0.051517775985532976,-0.051517775985532976,1.1253295039031637
2020-11-11,7724.61,7827.5,7450.35,7465.44,,-0.06233562010314331,-0.06233562010314331,1.0551813914569974
2020-11-12,7679.1,7812.5,7672.13,7706.58,,0.03230084228123187,0.03230084228123187,1.0892646391605407
2020-11-13,7772.01,7939.72,7714.36,7939.72,,0.030252070308749213,0.030252070308749213,1.1222171496092597
2020-11-16,8075.93,8079.54,7890.32,8075.83,,0.017142921916641907,0.017142921916641907,1.1414552305785277
2020-11-17,8044.21,8044.21,7838.9,7933.13,,-0.017670010389025048,-0.017670010389025048,1.1212857047955982
2020-11-18,7940.06,7986.66,7885.91,7972.21,,0.004926176679318273,0.004926176679318273,1.1268093562854151
2020-11-19,7946.25,7946.25,7799.56,7903.37,,-0.008634995816718338,-0.008634995816718338,1.1170793622076514
2020-11-20,7975.98,8038.46,7949.21,7997.52,,0.011912639797959645,0.011912639797959645,1.1303867262753657
2020-11-23,8100.09,8105.54,8038.79,8088.86,,0.011421040522561876,0.011421040522561876,1.1432969188823228
2020-11-24,8186.2,8186.2,8044.51,8107.1,,0.0022549531083491114,0.0022549531083491114,1.1458749998233224
2020-11-25,8131.23,8159.03,7869.31,7921.35,,-0.022912015393913965,-0.022912015393913965,1.1196206941878692
2020-11-26,7983.53,8057.14,7936.82,8057.14,,0.01714228004064955,0.01714228004064955,1.1388135456669441
2020-11-27,8075.11,8139.55,8042.46,8090.05,,0.004084575916516231,0.004084575916516231,1.143465116048978
2020-11-30,8095.44,8143.4,7993.32,8019.36,,-0.008737894079764663,-0.008737894079764663,1.133473638981036
2020-12-01,8041.66,8049.23,7941.87,7985.36,,-0.004239739829612343,-0.004239739829612343,1.1286680056480325
2020-12-02,7998.06,7998.06,7820.79,7848.25,,-0.01717017141368704,-0.01717017141368704,1.1092885825219116
2020-12-03,7895.37,7942.15,7869.1,7940.19,,0.011714713471155935,0.011714713471155935,1.1222835804229805
2020-12-04,7969.58,8012.79,7928.56,7952.8,,0.0015881232061198958,0.0015881232061198958,1.1240659050208974
2020-12-07,7974.95,8011.29,7847.39,7944.79,,-0.0010071924353687312,-0.0010071924353687312,1.1229337543445046
2020-12-08,7939.81,8136.73,7916.24,8085.11,,0.017661889112235762,0.017661889112235762,1.1427668857941238
2020-12-09,8144.8,8206.08,8066.77,8101.77,,0.002060578025530946,0.002060578025530946,1.1451216461272957
2020-12-10,8004.56,8044.07,7955.62,8025.83,,-0.00937326041099662,-0.00937326041099662,1.1343881227358754
2020-12-11,8123.04,8143.59,8037.63,8080.6,,0.006824216311583919,0.006824216311583919,1.1421294326667166
2020-12-14,8056.27,8156.09,8005.06,8128.81,,0.005966141128133984,0.005966141128133984,1.148943538048602
2020-12-15,8149.85,8149.85,8028.9,8094.42,,-0.004230631543854502,-0.004230631543854502,1.1440827812744256
2020-12-16,8158.8,8173.26,8085.68,8146.4,,0.006421707793764053,0.006421707793764053,1.151429746587647
2020-12-17,8205.81,8332.66,8186.12,8332.66,,0.022864087204163885,0.022864087204163885,1.177756136723095
2020-12-18,8324.89,8345.77,8221.54,8253.83,,-0.009460364397443355,-0.009460364397443355,1.1666141344983696
2020-12-21,8243.12,8277.37,8159.95,8159.95,,-0.011374113593325741,-0.011374113593325741,1.1533449328130057
2020-12-22,8164.53,8253.32,8091.29,8186.66,,0.003273304370737584,0.003273304370737584,1.1571201818225505
2020-12-23,8207.8,8480.35,8204.42,8426.07,,0.029243916322407415,0.029243916322407415,1.1909589075947382
2020-12-24,8348.44,8352.8,8122.62,8142.81,,-0.03361709551427883,-0.03361709551427883,1.1509223282445447
2020-12-28,8063.45,8070.26,7768.81,7795.78,,-0.042617966033838495,-0.042617966033838495,1.1018723595518323
2020-12-29,7908.69,8072.71,7908.69,7997.83,,0.02591786838520327,0.02591786838520327,1.13043054234399
2020-12-30,8078.28,8311.5,8078.28,8295.37,,0.037202591202863955,0.037202591202863955,1.1724854876940454
2020-12-31,8332.26,8445.6,8332.01,8425.9,,0.0157352836582334,0.0157352836582334,1.1909348794280732
2021-01-04,8376.85,8544.87,8360.83,8489.69,,0.007570704613157231,0.007570704613157231,1.199951095613729
2021-01-05,8422.18,8504.65,8385.74,8463.55,,-0.003079028798460448,-0.003079028798460448,1.19625641163359
2021-01-06,8574.37,8699.84,8510.4,8609.6,,0.01725635223989941,0.01725635223989941,1.2168994336419776
2021-01-07,8559.09,8559.09,8301.0,8400.85,,-0.024246190299200943,-0.024246190299200943,1.1873942583989043
2021-01-08,8450.05,8694.4,8450.05,8630.32,,0.02731509311557745,0.02731509311557745,1.2198280431319726
2021-01-11,8730.59,8839.76,8614.55,8665.47,,0.004072850137654127,0.004072850137654127,1.224796219945357
2021-01-12,8685.24,8758.24,8619.41,8726.64,,0.007059051615203815,0.007059051615203815,1.2334421196800578
2021-01-13,8781.51,8813.34,8600.12,8669.71,,-0.006523702135071474,-0.006523702135071474,1.225395510690414
2021-01-14,8774.84,8901.83,8711.66,8895.21,,0.026010097223551965,0.026010097223551965,1.2572681670607757
2021-01-15,8814.55,8818.39,8640.52,8775.54,,-0.013453308016336707,-0.013453308016336707,1.2403537511501719
2021-01-18,8715.32,9122.71,8688.63,9116.24,,0.03882382166795417,0.03882382166795417,1.2885090239900043
2021-01-19,9228.15,9526.28,9228.15,9374.79,,0.028361473589989084,0.028361473589989084,1.3250530386443593
2021-01-20,9493.74,9885.22,9474.55,9885.22,,0.05444708628139927,0.05444708628139927,1.3971983157668588
2021-01-21,9915.87,9981.71,9736.29,9809.84,,-0.007625525784959675,-0.007625525784959675,1.3865439439832765
2021-01-22,9811.68,9952.94,9707.08,9765.76,,-0.004493447395676142,-0.004493447395676142,1.3803135817091943
2021-01-25,9841.33,10228.7,9841.33,10206.61,,0.04514241595124191,0.04514241595124191,1.4426242715578592
2021-01-26,10142.51,10279.96,9843.29,9967.45,,-0.023431874050247825,-0.023431874050247825,1.408820881324885
2021-01-27,10055.5,10057.24,9603.17,9807.73,,-0.01602415863636142,-0.01602415863636142,1.3862457120323164
2021-01-28,9564.89,9791.85,9339.48,9372.88,,-0.04433747666381527,-0.04433747666381527,1.3247830751247698
2021-01-29,9543.2,9709.45,9283.93,9358.11,,-0.0015758230127771444,-0.0015758230127771444,1.3226954514680505
2021-02-01,9438.36,9792.88,9385.43,9765.89,,0.04357503812201391,0.04357503812201391,1.380331956189585
2021-02-02,9987.0,10096.4,9951.12,9976.44,,0.021559734955032273,0.021559734955032273,1.4100915473149938
2021-02-03,10056.56,10137.86,9907.63,10125.72,,0.014963253425069434,0.014963253425069434,1.4311911044900163
2021-02-04,10034.24,10042.8,9678.4,9897.37,,-0.022551482758756736,-0.022551482758756736,1.3989156229726236
2021-02-05,9935.47,9996.24,9770.24,9795.16,,-0.010326985855838577,-0.010326985855838577,1.3844690411206737
2021-02-08,9930.31,9947.75,9727.46,9756.81,,-0.003915198934984265,-0.003915198934984265,1.3790485694053594
2021-02-09,9810.07,9970.91,9780.07,9961.71,,0.021000716422683308,0.021000716422683308,1.4080095773445482
2021-02-10,10100.71,10219.76,10021.7,10214.73,,0.025399253742580452,0.025399253742580452,1.443771969871506
2021-02-11,10219.06,10411.2,10094.85,10411.2,,0.01923398856357439,0.01923398856357439,1.4715414634284238
2021-02-16,10620.97,10785.98,10585.65,10694.68,,0.027228369448286438,0.027228369448286438,1.511609138053125
2021-02-17,10658.24,10945.22,10555.63,10945.22,,0.023426600889414173,0.023426600889414173,1.5470210020310868
2021-02-18,10964.67,11001.78,10565.4,10591.53,,-0.03231456288681256,-0.03231456288681256,1.4970296945737334
2021-02-19,10517.13,10560.97,10214.36,10560.97,,-0.002885324405444867,-0.002885324405444867,1.4927102782603041
2021-02-22,10686.39,10686.39,9977.41,9977.41,,-0.05525628801142313,-0.05525628801142313,1.4102286492071412
2021-02-23,9786.09,10000.12,9637.21,9863.82,,-0.011384718078138567,-0.011384718078138567,1.3941735936102038
2021-02-24,9931.55,9988.84,9201.58,9360.95,,-0.05098126283731852,-0.05098126283731852,1.3230968631935132
2021-02-25,9606.37,9665.98,9380.89,9496.79,,0.014511347673046071,0.014511347673046071,1.3422967817804308
2021-02-26,9052.15,9184.17,8937.09,8954.44,,-0.05710877043716878,-0.05710877043716878,1.2656398630111816
2021-03-01,9209.95,9312.06,9130.98,9298.79,,0.03845578282952378,0.03845578282952378,1.3143110347235278
2021-03-02,9570.95,9629.89,9221.54,9257.99,,-0.004387667642779425,-0.004387667642779425,1.3085442747239235
2021-03-03,9282.48,9368.76,9117.0,9366.51,,0.011721766819795754,0.011721766819795754,1.323882725585616
2021-03-04,9149.65,9150.36,8807.47,8819.62,,-0.05838780933346566,-0.05838780933346566,1.2465841134242541
2021-03-05,8500.51,8774.2,8384.91,8634.22,,-0.021021313843453737,-0.021021313843453737,1.2203792775436995
2021-03-08,8736.53,8748.88,8023.24,8081.63,,-0.06399999073454221,-0.06399999073454221,1.1422750150882752
2021-03-09,8029.83,8324.1,7706.83,8063.12,,-0.0022903795397710702,-0.0022903795397710702,1.1396587717649254
2021-03-10,8526.69,8526.69,8174.61,8216.58,,0.019032334877814083,0.019032334877814083,1.1613491391555937
2021-03-11,8232.88,8652.11,8219.81,8640.16,,0.05155186221031127,0.05155186221031127,1.2212188499554066
2021-03-12,8836.77,8894.41,8449.29,8456.43,,-0.021264652506435056,-0.021264652506435056,1.1952500554767966
2021-03-15,8549.04,8607.84,8171.97,8264.42,,-0.022705799019207884,-0.022705799019207884,1.1681109479394434
2021-03-16,8405.94,8549.58,8405.94,8530.82,,0.03223456697505678,0.03223456697505678,1.2057644985250946
2021-03-17,8523.48,8643.75,8402.95,8574.04,,0.005066335944258649,0.005066335944258649,1.2118733065442833
2021-03-18,8689.32,8819.38,8643.42,8676.33,,0.011930198599493291,0.011930198599493291,1.2263311957687812
2021-03-19,8516.42,8597.79,8387.79,8551.32,,-0.01440816566451486,-0.01440816566451486,1.208662012740582
2021-03-22,8529.34,8646.1,8441.96,8508.85,,-0.004966484706454555,-0.004966484706454555,1.2026592113390333
2021-03-23,8580.99,8584.66,8223.0,8295.42,,-0.025083295627493785,-0.025083295627493785,1.1724925548018879
2021-03-24,8283.7,8328.41,7981.65,8040.99,,-0.03067114142502736,-0.03067114142502736,1.1365308698337675
2021-03-25,7812.59,7995.82,7642.57,7944.8,,-0.011962457359106282,-0.011962457359106282,1.122935167766073
2021-03-26,7985.26,8206.02,7955.34,8124.16,,0.022575772832544416,0.022575772832544416,1.1482862970192353
2021-03-29,8110.96,8160.82,7906.57,7981.07,,-0.01761289782574449,-0.01761289782574449,1.128061647795133
2021-03-30,8077.65,8239.15,8045.83,8180.32,,0.024965324198384486,0.024965324198384486,1.1562240725481023
2021-03-31,8283.46,8343.46,8151.33,8183.8,,0.00042541123085659827,0.00042541123085659827,1.1567159432539509
2021-04-01,8336.0,8569.73,8308.08,8569.64,,0.047146802219018014,0.047146802219018014,1.2112514010541298
2021-04-07,8650.5,8669.17,8421.21,8451.85,,-0.013745034797260969,-0.013745034797260969,1.1946027083984097
2021-04-08,8375.56,8524.03,8338.03,8458.11,,0.0007406662446682866,0.0007406662446682866,1.1954875103003098
2021-04-09,8503.03,8503.03,8246.54,8305.93,,-0.017992199202895187,-0.017992199202895187,1.1739780608704133
2021-04-12,8365.23,8374.97,8137.17,8169.5,,-0.016425613989041632,-0.016425613989041632,1.1546947504109524
2021-04-13,8175.37,8233.38,8018.65,8038.81,,-0.01599730705673541,-0.01599730705673541,1.136222743931828
2021-04-14,8191.8,8293.81,8176.63,8225.67,,0.023244733984258747,0.023244733984258747,1.1626339393613878
2021-04-15,8212.39,8212.39,8023.97,8142.92,,-0.010059970798731332,-0.010059970798731332,1.1509378758817985
2021-04-16,8135.42,8250.13,8117.83,8232.13,,0.010955529466088132,0.010955529466088132,1.1635470096946585
2021-04-19,8206.45,8406.12,8145.27,8346.39,,0.013879761374030908,0.013879761374030908,1.1796967645366874
2021-04-20,8272.34,8354.44,8249.22,8311.69,,-0.004157486050855419,-0.004157486050855419,1.1747921916938868
2021-04-21,8161.73,8222.84,8113.46,8185.0,,-0.015242387528890067,-0.015242387528890067,1.1568855538421745
2021-04-22,8263.03,8314.54,8200.21,8279.74,,0.011574832009773939,0.011574832009773939,1.170276309782432
2021-04-23,8312.99,8506.39,8299.72,8467.75,,0.022707234768241547,0.022707234768241547,1.196850048692373
2021-04-26,8527.83,8612.36,8461.7,8485.24,,0.0020654837471583143,0.0020654837471583143,1.1993221230157327
2021-04-27,8486.64,8571.05,8418.32,8508.83,,0.0027801217172407355,0.0027801217172407355,1.2026563844958962
2021-04-28,8531.36,8565.31,8487.53,8532.76,,0.002812372558859577,0.002812372558859577,1.2060387023093895
2021-04-29,8585.77,8599.89,8468.4,8500.13,,-0.0038240850557148542,-0.0038240850557148542,1.2014267077312746
2021-04-30,8435.37,8440.3,8300.33,8313.18,,-0.02199378127158047,-0.02199378127158047,1.175002791507598
2021-05-03,8314.65,8323.99,8188.44,8227.89,,-0.010259611845286787,-0.010259611845286787,1.1629477189496016
2021-05-04,8231.32,8295.95,8187.8,8284.12,,0.006834072891105825,0.006834072891105825,1.1708953884294484
2021-05-05,8180.23,8240.29,8096.39,8107.9,,-0.02127202406532025,-0.02127202406532025,1.1459880735488048
2021-05-06,8164.63,8232.76,8065.8,8136.87,,0.0035730583751649725,0.0035730583751649725,1.1500827558328375
2021-05-07,8158.71,8158.71,7934.46,7954.82,,-0.02237346793054329,-0.02237346793054329,1.1243514161777406
2021-05-10,7987.35,8045.17,7841.34,7886.02,,-0.008648844348457807,-0.008648844348457807,1.114627075786251
2021-05-11,7673.06,7673.06,7533.21,7649.68,,-0.029969490313237923,-0.029969490313237923,1.0812222704356025
2021-05-12,7755.31,7868.98,7723.66,7861.18,,0.02764821535018469,0.02764821535018469,1.1111161366100215
2021-05-13,7699.22,7738.78,7597.26,7599.62,,-0.03327235860265254,-0.03327235860265254,1.074146682063539
2021-05-14,7548.11,7590.53,7433.44,7565.31,,-0.004514699419181367,-0.004514699419181367,1.069297232661911
2021-05-17,7628.91,7738.08,7602.06,7699.96,,0.017798345342094235,0.017798345342094235,1.0883289540821734
2021-05-18,7764.25,7825.64,7741.87,7817.69,,0.015289689816570418,0.015289689816570418,1.1049691662084824
2021-05-20,7810.78,7939.08,7795.83,7915.72,,0.012539509752881095,0.012539509752881095,1.1188249378447865
2021-05-21,8016.44,8048.64,7945.27,8025.31,,0.01384460289146161,0.01384460289146161,1.134314624814312
2021-05-24,7961.23,7998.24,7800.37,7876.61,,-0.018528879258246866,-0.018528879258246866,1.113297046090264
2021-05-25,7884.97,8024.63,7846.99,8004.37,,0.016220175938633563,0.016220175938633563,1.131354920049809
2021-05-26,8044.39,8092.55,7993.66,8072.46,,0.008506603267964818,0.008506603267964818,1.1409789075099328
2021-05-27,8082.33,8132.89,8033.36,8123.88,,0.006369805486803326,0.006369805486803326,1.1482467212153165
2021-05-28,8135.72,8136.36,7942.25,7957.63,,-0.02046435939477198,-0.02046435939477198,1.1247485876384977
2021-05-31,8036.81,8105.52,7991.08,8104.35,,0.01843765040596268,0.01843765040596268,1.1454863088919764
2021-06-01,8141.8,8311.71,8132.19,8305.74,,0.02484961779784922,0.02484961779784922,1.1739512058606112
2021-06-02,8338.03,8338.03,8201.54,8235.1,,-0.008504961628945651,-0.008504961628945651,1.1639667959005122
2021-06-03,8227.63,8316.21,8140.48,8164.34,,-0.008592488251508823,-0.008592488251508823,1.1539654248815907
2021-06-04,8080.0,8195.37,8059.76,8095.64,,-0.008414642212352774,-0.008414642212352774,1.1442552187057864
2021-06-07,8106.01,8120.51,7988.96,8042.73,,-0.006535616702323832,-0.006535616702323832,1.1367768051866918
2021-06-08,8079.96,8100.21,7935.76,7981.01,,-0.007674011187743357,-0.007674011187743357,1.128053167265722
2021-06-09,7970.55,8009.22,7926.25,7972.09,,-0.0011176530288773412,-0.0011176530288773412,1.1267923952265928
2021-06-10,7991.27,8048.2,7933.71,7969.17,,-0.00036627785185572304,-0.00036627785185572304,1.1263796761285818
2021-06-11,8017.11,8065.26,7958.83,7991.12,,0.002754364632703288,0.002754364632703288,1.1294821364715062
2021-06-15,8036.32,8038.7,7850.64,7961.02,,-0.0037666810159275865,-0.0037666810159275865,1.1252277375502295
2021-06-16,7922.42,7931.53,7816.77,7830.67,,-0.016373530025047045,-0.016373530025047045,1.1068037874044352
2021-06-17,7776.48,7901.52,7747.45,7901.52,,0.00904775708847394,0.00904775708847394,1.1168178792174734
2021-06-18,7991.03,8075.46,7973.41,8041.45,,0.017709250878311877,0.017709250878311877,1.1365958872259199
2021-06-21,7955.06,7992.79,7885.41,7955.95,,-0.010632410821431404,-0.010632410821431404,1.1245111328149846
2021-06-22,7961.52,7961.52,7808.26,7812.23,,-0.0180644674740289,-0.0180644674740289,1.104197438032065
2021-06-23,7868.36,8030.9,7836.94,8020.23,,0.026624920157240606,0.026624920157240606,1.1335966066574983
2021-06-24,8045.78,8080.01,8004.0,8039.76,,0.0024350922604465808,0.0024350922604465808,1.1363570189808383
2021-06-25,8105.22,8243.81,8095.3,8235.63,,0.02436266754231453,0.02436266754231453,1.1640417072436442
2021-06-28,8284.5,8316.61,8231.2,8276.631,,0.004978489805880004,0.004978489805880004,1.169836877016776
2021-06-29,8299.52,8330.92,8168.09,8201.05,,-0.009131855703123692,-0.009131855703123692,1.1591540954596657
2021-06-30,8249.78,8260.28,8145.77,8155.37,,-0.0055700184732442315,-0.0055700184732442315,1.152697585734619
2021-07-02,8137.63,8137.63,7856.77,7892.4,,-0.03224501156906434,-0.03224501156906434,1.1155288387469735
2021-07-05,7832.43,7842.1,7665.73,7712.19,,-0.02283335867416758,-0.02283335867416758,1.0900575686604863
2021-07-06,7700.96,7709.41,7570.7,7646.94,,-0.008460631804973695,-0.008460631804973695,1.080834992925825
2021-07-07,7555.25,7608.42,7499.8,7603.77,,-0.005645395413067078,-0.005645395413067078,1.0747332520144792
2021-07-08,7548.54,7559.8,7301.85,7321.98,,-0.037059248241333,-0.037059248241333,1.0349044456348595
2021-07-09,7295.5,7450.48,7152.11,7429.49,,0.014683186788273073,0.014683186788273073,1.0501001409181303
2021-07-12,7520.26,7555.22,7410.21,7514.15,,0.011395129409959459,0.011395129409959459,1.0620661679173091
2021-07-13,7554.72,7721.17,7524.66,7659.59,,0.019355482656055578,0.019355482656055578,1.0826229712100162
2021-07-14,7677.74,7706.21,7642.65,7667.56,,0.001040525667822978,0.001040525667822978,1.083749468200135
2021-07-15,7670.52,7705.1,7634.88,7661.25,,-0.0008229475869768743,-0.0008229475869768743,1.0828575991903922
2021-07-16,7639.31,7675.81,7583.68,7614.35,,-0.00612171643008641,-0.00612171643008641,1.0762286520339843
2021-07-19,7509.75,7511.47,7408.19,7431.99,,-0.02394951637368925,-0.02394951637368925,1.050453496310263
2021-07-20,7403.79,7465.83,7274.06,7337.55,,-0.012707229153968158,-0.012707229153968158,1.0371051430170615
2021-07-21,7380.33,7404.26,7277.52,7327.7,,-0.0013424099324707006,-0.0013424099324707006,1.035712922772059
2021-07-22,7417.24,7490.13,7405.44,7490.13,,0.02216657341321282,0.02216657341321282,1.058671129309699
2021-07-23,7495.42,7495.42,7233.42,7268.14,,-0.02963766984017635,-0.02963766984017635,1.0272945839098917
2021-07-26,7038.32,7038.32,6752.62,6790.96,,-0.06565366104670523,-0.06565366104670523,0.9598489335027555
2021-07-27,6667.97,6773.97,6118.1,6249.65,,-0.0797103796812233,-0.0797103796812233,0.8833390105766336
2021-07-28,6397.65,6493.05,6204.56,6443.31,,0.030987335290776352,0.030987335290776352,0.9107113326727944
2021-07-29,6827.16,6958.77,6736.9,6958.77,,0.07999925504127536,0.07999925504127536,0.9835675608442651
2021-07-30,6824.84,6824.84,6614.99,6780.97,,-0.025550492400237435,-0.025550492400237435,0.9584369253557936
2021-08-02,6791.01,6821.6,6672.2,6796.25,,0.0022533649315656934,0.0022533649315656934,0.9605966335125081
2021-08-03,6838.76,6838.76,6557.67,6696.66,,-0.014653669302924444,-0.014653669302924444,0.9465203681115133
2021-08-04,6645.89,6932.31,6610.04,6859.4,,0.02430166680106205,0.02430166680106205,0.9695223907177779
2021-08-05,6835.52,6914.53,6680.42,6715.33,,-0.021003294748811796,-0.021003294748811796,0.9491592261799597
2021-08-06,6755.31,6755.31,6644.74,6697.1,,-0.0027146841629525076,-0.0027146841629525076,0.9465825586605288
2021-08-09,6609.65,6749.9,6558.23,6664.91,,-0.00480655806244501,-0.00480655806244501,0.9420327546314291
2021-08-10,6773.14,6837.15,6682.62,6830.15,,0.024792532832401237,0.024792532832401237,0.9653881326298263
2021-08-11,6798.28,6884.37,6764.44,6820.68,,-0.001386499564431154,-0.001386499564431154,0.964049622404428
2021-08-12,6804.51,6825.77,6680.94,6719.19043,,-0.014879685016743305,-0.014879685016743305,0.9497048676825398
2021-08-13,6634.41,6669.37,6531.95,6589.54004,,-0.01929553736431311,-0.01929553736431311,0.9313798019231014
2021-08-16,6562.4,6562.4,6389.74,6420.14014,,-0.025707393683277346,-0.025707393683277346,0.9074364546864113
2021-08-17,6367.53,6393.18,6180.97,6218.89014,,-0.03134666776915562,-0.03134666776915562,0.878991345619736
2021-08-18,6242.54,6298.71,6193.32,6226.68994,,0.0012542109322419837,0.0012542109322419837,0.8800937861747583
2021-08-19,6209.67,6259.03,6012.44,6044.02979,,-0.02933503221777578,-0.02933503221777578,0.8542762066026575
2021-08-20,6020.96,6021.9,5769.65,5895.06006,,-0.024647418225249962,-0.024647418225249962,0.8332205036586418
2021-08-23,6010.78,6158.63,5990.78,6021.27002,,0.021409444300046765,0.021409444300046765,0.8510592916213783
2021-08-24,6171.4,6446.18018,6171.01,6446.18018,,0.07056819551168392,0.07056819551168392,0.9111170101045508
2021-08-25,6609.64,6671.2,6410.07,6458.97022,,0.0019841269779710125,0.0019841269779710125,0.9129247819443875
2021-08-26,6492.16,6492.16,6268.7,6337.02979,,-0.01887923706822736,-0.01887923706822736,0.8956894585605997
2021-08-27,6336.68,6460.35,6282.02,6322.27979,,-0.002327588868727748,-0.002327588868727748,0.8936046617470172
2021-08-30,6327.87,6416.95,6287.59,6391.16992,,0.010896406405323189,0.010896406405323189,0.9033417413071041
2021-08-31,6401.96,6607.78,6297.45,6607.77979,,0.03389205305309728,0.03389205305309728,0.9339578475285617
2021-09-01,6633.47,6759.26,6584.32,6693.66016,,0.012996857148594554,0.012996857148594554,0.9460963642556993
2021-09-02,6824.57,6907.8,6747.02,6801.47022,,0.016106294228119156,0.016106294228119156,0.9613344706665555
2021-09-03,6778.13,6778.13,6669.79,6728.83984,,-0.010678629421390085,-0.010678629421390085,0.9510687361042992
2021-09-06,6687.53,6780.16,6669.47,6778.48975,,0.00737867317109453,0.00737867317109453,0.9580863614712588
2021-09-07,6814.06,6933.33,6812.59,6887.93994,,0.01614669255788148,0.01614669255788148,0.9735562873938345
2021-09-08,6930.72,6958.01,6807.11,6871.27979,,-0.0024187420542463034,-0.0024187420542463034,0.9712015058593391
2021-09-09,6732.15,6740.81,6545.34,6560.39014,,-0.04524479565690909,-0.04524479565690909,0.9272596921850509
2021-09-10,6618.74,6749.6,6618.74,6748.35986,,0.02865221671100171,0.02865221671100171,0.9538277378329137
2021-09-13,6648.44,6648.44,6498.6,6595.02979,,-0.022721086779743827,-0.022721086779743827,0.9321557350286853
2021-09-14,6621.27,6631.16,6457.14,6502.3501,,-0.01405296002461276,-0.01405296002461276,0.9190561877476138
2021-09-15,6425.22,6433.48,6282.82,6298.08984,,-0.031413297785980454,-0.031413297785980454,0.89018560203985
2021-09-16,6303.82,6342.91,6161.18,6232.93018,,-0.010345940063630321,-0.010345940063630321,0.880975795155639
2021-09-17,6240.24,6462.64,6214.06,6452.18994,,0.035177637751109936,0.035177637751109936,0.91196644254512
2021-09-20,6379.63,6379.63,6156.93,6271.37012,,-0.028024565563238957,-0.028024565563238957,0.8864089791845405
2021-09-21,6147.52,6272.61,6124.65,6242.60986,,-0.004585961193436905,-0.004585961193436905,0.8823439420044862
2021-09-23,6369.07,6440.99,6247.32,6300.49023,,0.009271822410507058,0.009271822410507058,0.8905248783397386
2021-09-24,6289.86,6317.54,6129.89,6159.95996,,-0.02230465644258295,-0.02230465644258295,0.8706620268747978
2021-09-27,6148.61,6236.89,6078.66,6103.89014,,-0.009102302671460838,-0.009102302671460838,0.8627369975816358
2021-09-28,6150.98,6272.47,6129.13,6231.54981,,0.02091447700924709,0.02091447700924709,0.8807806906825838
2021-09-29,6111.29,6179.43018,6016.25,6179.43018,,-0.008363831083619377,-0.008363831083619377,0.8734139897640011
2021-09-30,6057.5,6146.34,6035.75,6101.52002,,-0.012607984511607606,-0.012607984511607606,0.8624019997088351
2021-10-04,6054.19,6071.09,5936.81,5973.79981,,-0.020932523302611306,-0.020932523302611306,0.8443497497537114
2021-10-05,5852.97,5970.05,5824.6,5955.22022,,-0.003110179549187131,-0.003110179549187131,0.8417236704296661
2021-10-06,5998.92,6009.03,5855.22,5866.1499,,-0.014956679469361411,-0.014956679469361411,0.8291342792892752
2021-10-07,5987.7,6189.27,5975.23,6172.04004,,0.0521449579732014,0.0521449579732014,0.8723694514369551
2021-10-08,6301.87,6301.87,6134.75,6206.77002,,0.005626985530703177,0.005626985530703177,0.8772782617176181
2021-10-11,6303.67,6448.16,6303.67,6403.68994,,0.03172663387969399,0.03172663387969399,0.9051113479377473
2021-10-12,6270.39,6317.78,6179.36,6199.75,,-0.031847253991188706,-0.031847253991188706,0.8762860369496667
2021-10-15,6282.22,6318.91016,6223.04,6318.91016,,0.01922015565143753,0.01922015565143753,0.8931283909750207
2021-10-18,6346.49,6346.49,6206.04,6324.27002,,0.0008482253844861454,0.0008482253844861454,0.893885965147851
2021-10-19,6349.32,6521.01,6334.29,6518.58984,,0.03072604733597384,0.03072604733597384,0.9213515476259464
2021-10-20,6612.97,6735.2,6612.94,6691.33008,,0.02649963323969473,0.02649963323969473,0.9457670257228591
2021-10-21,6704.99,6713.93,6555.14,6636.18018,,-0.008241993645604073,-0.008241993645604073,0.9379720199066295
2021-10-22,6673.86,6784.89,6666.01,6754.33984,,0.017805372487640803,0.017805372487640803,0.9546729611040519
2021-10-25,6722.5,6794.8,6685.84,6744.74023,,-0.0014212506665934876,-0.0014212506665934876,0.9533161315217039
2021-10-26,6749.35,6770.79,6616.45,6654.18994,,-0.013425319124558799,-0.013425319124558799,0.9405175582294352
2021-10-27,6532.77,6532.77,6395.62,6441.62012,,-0.03194525883942545,-0.03194525883942545,0.9104724813887715
2021-10-28,6484.06,6540.83,6409.0,6445.16992,,0.0005510725460167176,0.0005510725460167176,0.9109742177771685
2021-10-29,6424.23,6442.69,6362.01,6375.8501,,-0.01075531302672006,-0.01075531302672006,0.9011764049057036
2021-11-01,6339.81,6339.81,6236.14,6279.39014,,-0.015128956686105144,-0.015128956686105144,0.8875425461093452
2021-11-02,6463.03,6532.05,6287.79,6314.31006,,0.005561036855722401,0.005561036855722401,0.8924782029192809
2021-11-03,6309.58,6343.64,6189.94,6273.43994,,-0.006472618482722958,-0.006472618482722958,0.8867015320076382
2021-11-04,6322.65,6383.19,6313.69,6375.31982,,0.016239874928969167,0.016239874928969167,0.9011014539867676
2021-11-05,6295.68,6353.68,6244.66,6276.52002,,-0.015497230380514426,-0.015497230380514426,0.8871368771581181
2021-11-08,6238.31,6239.69,6164.09,6193.97998,,-0.013150605707778817,-0.013150605707778817,0.8754704898777815
2021-11-09,6240.55,6260.78,6151.64,6221.8501,,0.004499549577168471,0.004499549577168471,0.8794097127503346
2021-11-10,6209.09,6355.5,6152.22,6349.93994,,0.0205870983616272,0.0205870983616272,0.8975142070068961
2021-11-11,6281.34,6504.59,6272.93,6464.52979,,0.018045816351453414,0.018045816351453414,0.913710583559363
2021-11-12,6576.31,6604.1,6495.25,6565.52979,,0.015623719478597975,0.015623719478597975,0.9279861414015206
2021-11-15,6603.57,6642.87,6564.11,6601.1499,,0.0054253215108786,0.0054253215108786,0.9330207645762634
2021-11-16,6612.39,6724.95,6588.83,6712.31055,,0.01683958881164016,0.01683958881164016,0.9487324506044498
2021-11-17,6672.32,6683.52,6601.91,6672.27979,,-0.005963782471298251,-0.005963782471298251,0.9430744166455831
2021-11-18,6546.19,6546.75,6448.35,6474.54981,,-0.029634545646054056,-0.029634545646054056,0.9151268347978737
2021-11-19,6371.12,6457.97022,6341.95,6457.97022,,-0.0025607324812596532,-0.0025607324812596532,0.9127834397875345
2021-11-22,6456.97,6460.13,6380.03,6410.89014,,-0.007290228724529446,-0.007290228724529446,0.9061290397355206
2021-11-23,6315.78,6340.53,6281.36,6323.47998,,-0.013634637014697026,-0.013634637014697026,0.8937742991902509
2021-11-24,6317.25,6369.53,6269.61,6292.16016,,-0.00495294048515349,-0.00495294048515349,0.8893474882792017
2021-11-25,6302.97,6370.38,6267.05,6358.54004,,0.010549617033270176,0.010549617033270176,0.898729763690048
2021-11-26,6292.96,6292.96,6149.86,6151.99023,,-0.032483841998421914,-0.032483841998421914,0.8695355680470613
2021-11-29,6098.72,6221.93,6071.83,6099.3501,,-0.008556601690181909,-0.008556601690181909,0.8620952985358366
2021-11-30,6076.79,6127.12,5922.26,6028.62988,,-0.011594714000758732,-0.011594714000758732,0.8520995501079148
2021-12-01,6036.58,6117.35,6011.06,6058.79981,,0.005004442236550055,0.005004442236550055,0.8563638330862202
2021-12-02,5986.14,6044.63,5961.03,6017.56006,,-0.00680658732640993,-0.00680658732640993,0.8505349178731397
2021-12-03,5948.62,5948.62,5855.73,5925.52002,,-0.01529524243751379,-0.01529524243751379,0.8375257801026992
2021-12-06,5773.63,5835.55,5710.19,5727.49023,,-0.0334198162071182,-0.0334198162071182,0.8095358224629436
2021-12-07,5846.18,5968.5,5796.26,5968.5,,0.042079472914264615,0.042079472914264615,0.8436006631774
2021-12-08,5999.53,6018.52,5950.8,5970.22998,,0.0002898517215381702,0.0002898517215381702,0.8438451822819126
2021-12-09,6024.76,6118.93,6024.76,6103.16016,,0.022265504083646803,0.022265504083646803,0.8626338206339762
2021-12-10,6058.03,6122.97,6004.99,6035.22998,,-0.011130328914717547,-0.011130328914717547,0.8530324224773606
2021-12-13,6089.33,6160.95,6019.73,6022.22998,,-0.0021540189923301423,-0.0021540189923301423,0.851194974438271
2021-12-14,5938.33,5979.35,5863.06,5884.81982,,-0.02281715584697752,-0.02281715584697752,0.8317731260503489
2021-12-15,5863.61,5904.96,5757.09,5795.43994,,-0.015188210129430835,-0.015188210129430835,0.8191399810318826
2021-12-16,5743.2,5834.93,5681.4,5822.14014,,0.004607104943960438,0.004607104943960438,0.8229138448882903
2021-12-17,5775.4,5775.4,5662.9,5680.47022,,-0.02433296289566822,-0.02433296289566822,0.8028899128342919
2021-12-20,5644.12,5687.6,5474.31,5498.49023,,-0.03203607852027435,-0.03203607852027435,0.7771684685435963
2021-12-21,5467.21,5656.57,5456.11,5612.68994,,0.020769284880588046,0.020769284880588046,0.7933097018669886
2021-12-22,5729.24,5750.26,5632.31,5685.29004,,0.012934992094004727,0.012934992094004727,0.8035711565887353
2021-12-23,5667.56,5708.37,5589.86,5638.31006,,-0.008263427137307544,-0.008263427137307544,0.7969309048866224
2021-12-24,5692.18,5693.69,5614.74,5619.39014,,-0.0033556011994131385,-0.0033556011994131385,0.7942567225863354
2021-12-28,5635.13,5660.66,5528.96,5569.41992,,-0.008892463195303235,-0.008892463195303235,0.7871938239131142
2021-12-29,5559.33,5559.8,5455.47,5471.87012,,-0.01751525318636782,-0.01751525318636782,0.7734059247805309
2021-12-30,5470.58,5534.31,5427.94,5475.7002,,0.0006999581342403971,0.0006999581342403971,0.7739472765486507
2021-12-31,5693.66,5723.5,5668.34,5670.95996,,0.03565932261959848,0.03565932261959848,0.8015457121736587
2022-01-03,5704.38,5741.8,5609.79,5640.47022,,-0.005376468925024858,-0.005376468925024858,0.7972362265601701
2022-01-04,5665.89,5678.69,5550.56,5581.8999,,-0.010383942777026145,-0.010383942777026145,0.7889577712037971
2022-01-05,5501.75,5505.46,5306.25,5323.47022,,-0.04629779907016962,-0.04629779907016962,0.7524307628377548
2022-01-06,5285.43,5410.44,5230.94,5396.6499,,0.013746612073656017,0.013746612073656017,0.7627741366467705
2022-01-07,5470.06,5517.49,5399.22,5503.91016,,0.019875341552172854,0.019875341552172854,0.7779345331397889
2022-01-10,5499.95,5643.25,5460.7,5625.5,,0.02209153791856222,0.02209153791856222,0.7951203033768055
2022-01-11,5597.18,5664.76,5564.64,5619.66992,,-0.0010363665451958992,-0.0010363665451958992,0.7942962672949797
2022-01-12,5750.01,5902.24,5750.01,5899.81982,,0.04985166459741097,0.04985166459741097,0.8338932584031445
2022-01-13,5920.51,5923.45,5750.24,5796.77979,,-0.017464945226073003,-0.017464945226073003,0.819329358320742
2022-01-14,5649.35,5769.05,5606.3,5769.04981,,-0.0047836869787318825,-0.0047836869787318825,0.8154099431380504
2022-01-17,5752.41,5778.48,5678.19,5724.5,,-0.007722209283542392,-0.007722209283542392,0.809113176905257
2022-01-18,5749.82,5834.81,5677.01,5698.54004,,-0.0045348868896847305,-0.0045348868896847305,0.8054439401670381
2022-01-19,5716.16,5750.48,5612.36,5642.91016,,-0.009762128476682563,-0.009762128476682563,0.7975810929423621
2022-01-20,5692.56,5902.63,5652.66,5896.70996,,0.04497675717027527,0.04497675717027527,0.8334537040832336
2022-01-21,5840.58,5908.29,5789.56,5870.56982,,-0.004433004196801371,-0.004433004196801371,0.829759000315193
2022-01-24,5749.7,5760.65,5688.93,5703.62988,,-0.0284367523287542,-0.0284367523287542,0.8061633491306751
2022-01-25,5592.17,5638.12,5490.94,5552.68018,,-0.026465549689560164,-0.026465549689560164,0.7848277929563551
2022-01-26,5581.67,5665.59,5526.26,5597.02979,,0.007987063645361836,0.007987063645361836,0.7910962624893463
2022-01-27,5471.5,5485.77,5322.15,5383.62988,,-0.0381273493275438,-0.0381273493275438,0.7609338589377007
2022-01-28,5360.71,5373.83,5228.19,5291.7002,,-0.01707578010544819,-0.01707578010544819,0.7479403196876905
2022-01-31,5332.84,5450.47,5304.62,5416.29004,,0.02354438749194432,0.02354438749194432,0.7655501163952662
2022-02-04,5555.18,5591.66,5463.49,5581.62988,,0.030526400687360677,0.030526400687360677,0.7889196059946036
2022-02-07,5583.0,5591.34,5451.68,5529.50977,,-0.009337793999339983,-0.009337793999339983,0.7815528372317856
2022-02-08,5497.32,5503.4,5387.09,5436.91992,,-0.016744676083644827,-0.016744676083644827,0.7684659881300857
2022-02-09,5559.83,5648.36,5559.83,5635.5,,0.036524370953030294,0.036524370953030294,0.7965337249453359
2022-02-10,5721.07,5726.59,5579.84,5666.99023,,0.005587832490462352,0.005587832490462352,0.8009846219733344
2022-02-11,5619.98,5665.52,5536.2,5597.04981,,-0.012341722353736984,-0.012341722353736984,0.7910990921593266
2022-02-14,5499.94,5536.33,5451.81,5502.18018,,-0.016949934915801657,-0.016949934915801657,0.7776900140352763
2022-02-15,5464.63,5549.66,5460.1,5490.27979,,-0.002162849926881316,-0.002162849926881316,0.7760079872452837
2022-02-16,5597.02,5626.48,5572.77,5616.37988,,0.022967880476634228,0.022967880476634228,0.793831245945247
2022-02-17,5608.52,5676.45,5576.31,5662.27979,,0.008172508088964747,0.008172508088964747,0.8003188382240075
2022-02-18,5611.48,5664.61,5446.92,5479.8999,,-0.03220962170080244,-0.03220962170080244,0.7745408712047865
2022-02-21,5395.85,5459.28,5298.32,5327.43994,,-0.027821668786322196,-0.027821668786322196,0.7529918516246574
2022-02-22,5207.5,5269.3,5160.34,5226.7002,,-0.01890959656693947,-0.01890959656693947,0.7387530794922424
2022-02-23,5234.98,5325.61,5200.68,5299.24023,,0.013878743226940715,0.013878743226940715,0.7490060437906271
2022-02-24,5163.46,5210.72,5015.99,5069.79004,,-0.04329869566981315,-0.04329869566981315,0.7165750590456861
2022-02-25,5157.11,5209.67,5107.35,5112.62012,,0.008448097389058606,0.008448097389058606,0.7226287549310745
2022-02-28,5134.83,5144.02,5028.61,5118.02002,,0.001056190343357688,0.001056190343357688,0.7233919884438653
2022-03-01,5136.66,5190.18,5100.91,5155.68994,,0.007360252568922254,0.007360252568922254,0.728716336185147
2022-03-02,5131.28,5162.07,5007.11,5015.74023,,-0.027144710335315403,-0.027144710335315403,0.7089355423227888
2022-03-03,5025.97,5052.16,4933.19,4957.60986,,-0.011589589439324088,-0.011589589439324088,0.7007192704483232
2022-03-04,4763.47,4803.8,4718.51,4737.93018,,-0.04431161107945658,-0.04431161107945658,0.6696692706603364
2022-03-07,4568.66,4613.66,4455.17,4527.83008,,-0.04434427946762198,-0.04434427946762198,0.639973269371296
2022-03-08,4515.12,4579.12,4367.79,4382.31982,,-0.03213686411129635,-0.03213686411129635,0.6194065353786485
2022-03-09,4431.96,4471.21,4233.0,4393.91016,,0.0026447955594441908,0.0026447955594441908,0.6210447390329088
2022-03-10,4553.79,4586.42,4385.19,4436.6499,,0.009727040026690004,0.009727040026690004,0.6270856660678471
2022-03-11,4229.75,4320.2,4040.32,4246.97022,,-0.04275290687236788,-0.04275290687236788,0.6002759309854517
2022-03-14,4073.27,4073.27,3749.9,3778.6001,,-0.11028335395297406,-0.11028335395297406,0.5340754880191321
2022-03-15,3569.09,3841.87,3463.44,3472.41992,,-0.0810300566074722,-0.0810300566074722,0.49079932099227846
2022-03-16,3689.86,4247.54,3608.91,4243.39014,,0.22202678183000413,0.22202678183000413,0.5997699147565453
2022-03-17,4705.18,4735.01,4405.93,4572.79004,,0.07762658844279624,0.07762658844279624,0.6463280070897226
2022-03-18,4442.71,4547.76,4300.88,4484.93018,,-0.019213622150034193,-0.019213622150034193,0.6339097049765161
2022-03-21,4631.51,4631.51,4370.11,4416.33008,,-0.015295689619855057,-0.015295689619855057,0.6242136188821814
2022-03-22,4440.63,4660.39,4423.63,4653.7002,,0.05374827417791206,0.05374827417791206,0.6577640236154476
2022-03-23,4753.59,4883.76,4710.96,4749.12012,,0.02050409693344646,0.02050409693344646,0.6712508809149925
2022-03-24,4722.12,4752.7,4581.33,4609.02002,,-0.02950022245383843,-0.02950022245383843,0.6514488306056653
2022-03-25,4550.94,4634.92,4333.99,4379.33008,,-0.04983487574436707,-0.04983487574436707,0.6189839590786187
2022-03-28,4380.77,4550.83,4301.62,4494.00977,,0.026186582857440133,0.026186582857440133,0.6351930338104573
2022-03-29,4537.06,4611.37,4520.1,4607.08984,,0.025162399680319414,0.025162399680319414,0.6511760148013507
2022-03-30,4685.52,4713.32,4578.03,4622.56982,,0.003360034324835226,0.003360034324835226,0.6533639885625927
2022-03-31,4645.45,4645.45,4514.61,4557.99023,,-0.01397049531206418,-0.01397049531206418,0.6442361700233074
2022-04-01,4420.86,4524.25,4379.43,4524.25,,-0.007402435788020578,-0.007402435788020578,0.6394672531423895
2022-04-04,4606.19,4773.69,4606.19,4769.99023,,0.054316235840194516,0.054316235840194516,0.674200707276153
2022-04-06,4638.08,4648.96,4568.08,4587.72998,,-0.03820977427872008,-0.03820977427872008,0.6484396504325777
2022-04-07,4519.06,4652.87,4470.85,4474.12988,,-0.02476172322591652,-0.02476172322591652,0.6323831672798561
2022-04-08,4419.93,4448.93,4338.98,4422.74023,,-0.011485954001853926,-0.011485954001853926,0.625119643308933
2022-04-11,4365.71,4365.71,4169.65,4191.02979,,-0.052390696253937774,-0.052390696253937774,0.5923691899539648
2022-04-12,4246.92,4315.06,4119.72,4249.58984,,0.013972711465742194,0.013972711465742194,0.600646193726387
2022-04-13,4213.07,4317.42,4186.76,4268.91016,,0.004546396411753584,0.004546396411753584,0.6033769694262782
2022-04-14,4314.95,4344.74,4276.52,4320.1001,,0.011991336917710926,0.011991336917710926,0.610612265955056
2022-04-19,4215.98,4247.04,4140.37,4156.41992,,-0.03788805264026163,-0.03788805264026163,0.5874773562797614
2022-04-20,4149.6,4227.24,4121.28,4134.04004,,-0.005384412650972115,-0.005384412650972115,0.584314135770449
2022-04-21,4054.04,4088.92,3946.62,3990.08008,,-0.03482306862223805,-0.03482306862223805,0.563966524523571
2022-04-22,3864.43,4026.73,3847.02,4001.08008,,0.0027568369003760917,0.0027568369003760917,0.5655212882489544
2022-04-25,3885.68,3927.52,3780.07,3806.18994,,-0.04870938249253931,-0.04870938249253931,0.5379750955119625
2022-04-26,3884.85,4028.24,3884.85,3915.27002,,0.02865860130984421,0.02865860130984421,0.5533927092888652
2022-04-27,3865.45,4010.34,3846.9,3981.13989,,0.016823838372199917,0.016823838372199917,0.5627028987862949
2022-04-28,4041.69,4073.87,3960.94,4066.88989,,0.02153905724724492,0.02153905724724492,0.5748229887364436
2022-04-29,4053.99,4515.73,4032.58,4471.75,,0.0995503003401943,0.0995503003401943,0.6320467899076047
2022-05-03,4379.76,4489.5,4266.7,4409.93018,,-0.013824525074076055,-0.013824525074076055,0.6233090432125377
2022-05-04,4370.05,4375.4,4239.39,4264.91016,,-0.03288487891660907,-0.03288487891660907,0.602811600798866
2022-05-05,4353.86,4382.82,4251.05,4258.87988,,-0.001413928963042932,-0.001413928963042932,0.6019592680172382
2022-05-06,4098.85,4114.23,4023.01,4036.26001,,-0.05227192977323425,-0.05227192977323425,0.5704936954330936
2022-05-10,3796.93,3946.26,3755.89,3906.42993,,-0.03216593571235271,-0.03216593571235271,0.5521432319014902
2022-05-11,3872.67,4141.88,3864.22,4019.28003,,0.0288882949450473,0.0288882949450473,0.568093708436572
2022-05-12,3917.92,3995.37,3854.92,3864.94995,,-0.03839744403178591,-0.03839744403178591,0.5462803620620691
2022-05-13,3952.22,4046.42,3949.0,4038.96997,,0.04502516779033572,0.04502516779033572,0.5708767270244791
2022-05-16,4134.58,4158.94,3997.25,4039.36011,,9.65939343193778e-05,9.65939343193778e-05,0.5709318702535537
2022-05-17,4130.09,4287.7,4121.4,4272.9502,,0.057828488582069015,0.057828488582069015,0.6039479973936507
2022-05-18,4265.55,4286.74,4173.91,4260.37012,,-0.0029441204346356553,-0.0029441204346356553,0.6021699017530667
2022-05-19,4077.38,4143.75,4043.16,4090.71997,,-0.03982051916184215,-0.03982051916184215,0.5781911836416241
2022-05-20,4220.73,4304.95,4201.8,4284.41992,,0.04735106568538838,0.04735106568538838,0.6055691523569512
2022-05-23,4243.12,4264.23,4142.39,4177.6499,,-0.02492053113225179,-0.02492053113225179,0.5904780474429084
2022-05-24,4140.7,4194.97,4001.61,4032.34009,,-0.034782668121615457,-0.034782668121615457,0.5699396454856023
2022-05-25,4015.37,4090.63,3992.21,4043.68994,,0.002814705542359075,0.002814705542359075,0.5715438577645607
2022-05-26,4063.05,4063.05,3961.26,4033.79004,,-0.002448234198688448,-0.002448234198688448,0.5701445845459313
2022-05-27,4213.23,4232.66,4135.35,4186.9502,,0.03796929400916471,0.03796929400916471,0.5917925719042888
2022-05-30,4257.67,4352.02002,4250.95,4352.02002,,0.0394248348117443,0.0394248348117443,0.6151238962944326
2022-05-31,4350.57,4505.18,4325.26,4483.6001,,0.030234254299225327,0.030234254299225327,0.6337217086005289
2022-06-01,4456.29,4485.75,4373.37,4433.37988,,-0.01120086958691946,-0.01120086958691946,0.6266234743880945
2022-06-02,4355.9,4421.73,4327.89,4397.74023,,-0.00803893439422565,-0.00803893439422565,0.621586089387607
2022-06-06,4471.36,4619.65,4420.2,4601.9502,,0.046435205200831,0.046435205200831,0.6504495669983026
2022-06-07,4579.5,4672.38,4531.98,4599.47998,,-0.0005367767778104993,-0.0005367767778104993,0.650100420775601
2022-06-08,4697.41,4831.14,4696.69,4818.35986,,0.047587962324384225,0.047587962324384225,0.6810373751065366
2022-06-09,4883.67,4903.9,4683.01,4749.56982,,-0.014276650561338533,-0.014276650561338533,0.6713144424829294
2022-06-10,4628.2,4843.17,4604.66,4826.41992,,0.016180433789264814,0.016180433789264814,0.6821766013713016
2022-06-13,4630.92,4721.65,4575.93,4598.6499,,-0.04719233381582755,-0.04719233381582755,0.6499830954780405
2022-06-14,4504.59,4650.08,4468.36,4595.74023,,-0.0006327226606226422,-0.0006327226606226422,0.6495718364445099
2022-06-15,4653.61,4744.38,4653.61,4703.72022,,0.023495668727124608,0.023495668727124608,0.66483396112808
2022-06-16,4764.45,4781.43,4503.3,4547.22022,,-0.03327153671567651,-0.03327153671567651,0.6427139135805785
2022-06-17,4493.71,4671.36,4492.68,4653.35986,,0.023341653771938864,0.023341653771938864,0.6577159192257842
2022-06-20,4625.93,4673.01,4537.66,4657.37012,,0.0008617988121812914,0.0008617988121812914,0.6582827380237256
2022-06-21,4677.1,4766.03,4632.11,4760.14014,,0.022066105409720205,0.022066105409720205,0.6728084743103564
2022-06-22,4737.49,4756.0,4552.33,4552.33008,,-0.04365629033770435,-0.04365629033770435,0.6434361522141956
2022-06-23,4608.18,4692.79,4553.88,4655.91016,,0.022753200708152566,0.022753200708152566,0.6580763841284066
2022-06-24,4724.53,4864.47,4720.23,4844.58008,,0.04052267194090353,0.04052267194090353,0.684743397554498
2022-06-27,4906.36,5128.06,4906.36,5072.89014,,0.04712690392765695,0.04712690392765695,0.7170132338661462
2022-06-28,5027.5,5137.77,4924.22,5103.89014,,0.006110914911317211,0.006110914911317211,0.7213948407285906
2022-06-29,4987.51,5066.63,4876.22,4937.22998,,-0.03265355550932769,-0.03265355550932769,0.697838734252717
2022-06-30,4903.15,4964.36,4810.34,4870.29981,,-0.013556218825358402,-0.013556218825358402,0.6883786796663761
2022-07-04,4851.48,4905.18,4787.33,4884.18018,,0.0028500031910765333,0.0028500031910765333,0.6903405611000943
2022-07-05,4959.25,4991.98,4841.57,4861.3999,,-0.004664094926981166,-0.004664094926981166,0.6871207471911781
2022-07-06,4868.24,4904.78,4703.9,4801.75,,-0.012270107628874594,-0.012270107628874594,0.6786897016691096
2022-07-07,4720.86,4796.04,4643.87,4780.04004,,-0.004521259957307233,-0.004521259957307233,0.6756211690975162
2022-07-08,4868.37,4882.92,4778.4,4808.47022,,0.005947686580466405,0.005947686580466405,0.6796395520584365
2022-07-11,4736.94,4736.94,4588.58,4622.91992,,-0.038588218603961666,-0.038588218603961666,0.653413472451707
2022-07-12,4546.39,4599.99,4492.28,4524.10986,,-0.02137395016784127,-0.02137395016784127,0.6394474454525281
2022-07-13,4558.24,4630.52,4533.67,4547.1001,,0.005081715676992893,0.005081715676992893,0.6426969355606973
2022-07-14,4564.58,4638.63,4531.42,4587.72998,,0.00893533881077313,0.00893533881077313,0.6484396504325777
2022-07-15,4507.4,4557.25,4422.41,4440.10986,,-0.032177159650533804,-0.032177159650533804,0.6275747042768723
2022-07-18,4454.81,4585.37,4391.29,4574.3999,,0.0302447561511463,0.0302447561511463,0.6465555481743541
2022-07-19,4544.06,4567.0,4478.91,4506.74023,,-0.014790939025685068,-0.014790939025685068,0.6369923844845888
2022-07-20,4599.84,4633.07,4575.24,4576.85986,,0.015558835526670478,0.015558835526670478,0.6469032442265262
2022-07-21,4567.56,4633.87,4548.39,4582.35986,,0.0012016972702328932,0.0012016972702328932,0.647680626089218
2022-07-22,4640.0,4664.23,4565.87,4597.64014,,0.003334587519715493,0.003334587519715493,0.6498403738217365
2022-07-25,4562.04,4565.21,4479.99,4534.33984,,-0.013767997945137278,-0.013767997945137278,0.6408933728902916
2022-07-26,4558.8,4614.74,4529.18,4596.33984,,0.013673434763989745,0.013673434763989745,0.6496565866151804
2022-07-27,4527.1,4569.2,4510.62,4536.62012,,-0.01299288609608118,-0.01299288609608118,0.6412156725837205
2022-07-28,4558.05,4600.49,4539.93,4552.54004,,0.003509202793907429,0.003509202793907429,0.6434658284134485
2022-07-29,4561.53,4562.62,4297.33,4331.18994,,-0.04862123079756586,-0.04862123079756586,0.6121797278598112
2022-08-01,4303.36,4356.91,4246.86,4324.02979,,-0.0016531600089559895,-0.0016531600089559895,0.6111676968154198
2022-08-02,4242.0,4242.0,4119.96,4194.04004,,-0.0300621772543338,-0.0300621772543338,0.5927946651816317
2022-08-03,4269.76,4313.24,4219.65,4246.12988,,0.012419967263831877,0.012419967263831877,0.6001571555173618
2022-08-04,4341.78,4390.28,4315.11,4381.12012,,0.031791359147026244,0.031791359147026244,0.619236967193072
2022-08-05,4429.22,4429.4,4367.79,4415.85986,,0.00792941965718108,0.00792941965718108,0.6241471569731859
2022-08-08,4354.26,4389.16,4310.69,4335.54004,,-0.018188942255065066,-0.018188942255065066,0.6127945803763376
2022-08-09,4326.54,4371.16,4264.81,4295.24023,,-0.009295222654661428,-0.009295222654661428,0.6070985183101698
2022-08-10,4281.78,4281.78,4130.75,4173.77002,,-0.028280190046553133,-0.028280190046553133,0.5899296568353773
2022-08-11,4244.46,4326.8501,4233.19,4326.8501,,0.03667669259841011,0.03667669259841011,0.6115663255138141
2022-08-12,4357.47,4365.12,4302.65,4350.06982,,0.0053664257978338625,0.0053664257978338625,0.6148482508201378
2022-08-15,4310.36,4394.62,4300.07,4308.31006,,-0.009599790745427605,-0.009599790745427605,0.6089458362720723
2022-08-16,4339.33,4352.06,4160.45,4221.02979,,-0.020258586031294157,-0.020258586031294157,0.5966094546595562
2022-08-17,4262.89,4281.12,4186.66,4238.8999,,0.004233590116406338,0.004233590116406338,0.5991352545501575
2022-08-18,4249.91,4249.91,4165.24,4192.64014,,-0.01091315225443279,-0.01091315225443279,0.5925968002962533
2022-08-19,4155.54,4242.34,4154.62,4192.31006,,-7.872843577760857e-05,-7.872843577760857e-05,0.5925501460771191
2022-08-22,4133.36,4196.68,4125.73,4152.04004,,-0.009605687419026454,-0.009605687419026454,0.5868582945938039
2022-08-23,4151.34,4182.1,4101.66,4141.04004,,-0.002649300077559036,-0.002649300077559036,0.5853035308684204
2022-08-24,4145.94,4148.08,4012.51,4026.44995,,-0.027671814059542332,-0.027671814059542332,0.5691071203938358
2022-08-25,4072.77,4279.61,4072.77,4268.54004,,0.06012494703926463,0.06012494703926463,0.6033246558671836
2022-08-26,4350.33,4357.65,4272.64,4302.16992,,0.007878543877967381,0.007878543877967381,0.6080779756410928
2022-08-29,4249.02,4275.15,4212.69,4249.16992,,-0.012319364642854436,-0.012319364642854436,0.6005868413278813
2022-08-30,4259.3,4259.3,4123.69,4227.43018,,-0.005116232207536653,-0.005116232207536653,0.597514099586857
2022-08-31,4123.27,4354.36,4123.27,4273.68018,,0.010940452717305371,0.010940452717305371,0.6040511743413103
2022-09-01,4232.42,4289.51,4179.99,4204.02979,,-0.016297520419508937,-0.016297520419508937,0.5942066379930544
2022-09-02,4204.34,4230.45,4116.74,4143.52979,,-0.014390954161150216,-0.014390954161150216,0.5856554375034452
2022-09-05,4089.62,4089.62,4025.95,4063.90991,,-0.019215471840495657,-0.019215471840495657,0.5744017919358646
2022-09-06,4081.27,4101.6,4019.75,4066.83008,,0.0007185616966594033,0.0007185616966594033,0.5748145350620422
2022-09-07,3988.26,4029.55,3957.09,4014.01001,,-0.012988019897797187,-0.012988019897797187,0.5673488324431133
2022-09-08,4031.91,4056.71,3958.82,3974.05005,,-0.009955122159747698,-0.009955122159747698,0.5617008055089519
2022-09-09,3979.51,4090.94,3968.79,4077.32007,,0.02598608943035341,0.02598608943035341,0.576297212874009
2022-09-13,4104.6,4111.11,4060.35,4069.29004,,-0.0019694382246523423,-0.0019694382246523423,0.5751622311142144
2022-09-14,3965.24,3982.4,3934.36,3953.37012,,-0.02848652193884904,-0.02848652193884904,0.5587778595991819
2022-09-15,3939.94,3980.81,3935.0,3963.31006,,0.0025142953222907494,0.0025142953222907494,0.5601827921577718
2022-09-16,3911.31,3937.29,3858.17,3858.45996,,-0.026455184785618258,-0.026455184785618258,0.5453630528775143
2022-09-19,3828.01,3828.01,3760.2,3778.77002,,-0.020653302308727417,-0.020653302308727417,0.5340995048784245
2022-09-20,3829.1,3884.82,3829.1,3853.97998,,0.01990329117727052,0.01990329117727052,0.5447298428416558
2022-09-21,3815.11,3815.11,3733.82,3737.32007,,-0.03026998339519138,-0.03026998339519138,0.5282408795439737
2022-09-22,3626.1,3682.8,3606.66,3673.80005,,-0.01699614130186078,-0.01699614130186078,0.5192628229138251
2022-09-23,3652.48,3668.02,3589.52,3589.62988,,-0.02291092842682063,-0.02291092842682063,0.5073660295433376
2022-09-26,3556.83,3699.93,3556.83,3647.38989,,0.0160907981967211,0.0160907981967211,0.5155299539365911
2022-09-27,3649.0,3673.82,3581.78,3667.40991,,0.005488862064044309,0.005488862064044309,0.5183596267436322
2022-09-28,3613.9,3613.9,3507.51,3526.22998,,-0.038495814066227374,-0.038495814066227374,0.4984049509330703
2022-09-29,3612.59,3618.91,3439.6,3482.52002,,-0.012395663427488657,-0.012395663427488657,0.4922268909107099
2022-09-30,3488.52,3514.56,3385.26,3450.12012,,-0.009303578964062864,-0.009303578964062864,0.48764741916288695
2022-10-03,3423.37,3497.26,3393.9,3427.12988,,-0.006663605671793249,-0.006663605671793249,0.4843979290547178
2022-10-05,3597.35,3709.39,3586.29,3685.51001,,0.07539257018178724,0.07539257018178724,0.520917933916888
2022-10-06,3694.59,3700.02,3635.94,3660.71997,,-0.006726352643931621,-0.006726352643931621,0.5174140561948147
2022-10-07,3608.88,3610.46,3536.61,3539.87012,,-0.0330125906899128,-0.0330125906899128,0.5003328777404478
2022-10-10,3441.51,3447.33,3382.9,3398.87988,,-0.039829212716990914,-0.039829212716990914,0.4804050131236193
2022-10-11,3374.65,3385.43,3261.57,3278.23999,,-0.03549401398674901,-0.03549401398674901,0.4633535108685052
2022-10-12,3250.28,3374.29,3159.67,3269.54004,,-0.0026538478044739744,-0.0026538478044739744,0.4621238411709915
2022-10-13,3260.37,3279.15,3155.52,3157.75,,-0.03419136595127914,-0.03419136595127914,0.4463231958027033
2022-10-14,3216.45,3318.32,3189.43,3206.62988,,0.015479338136331178,0.015479338136331178,0.45323198346862137
2022-10-17,3159.34,3248.77,3092.21,3200.12012,,-0.00203009397517373,-0.00203009397517373,0.4523118799496257
2022-10-18,3266.05,3344.05,3217.08,3336.25,,0.04253899069263678,0.04253899069263678,0.4715527708009719
2022-10-19,3308.93,3313.34,3194.73,3196.58008,,-0.041864344698388845,-0.041864344698388845,0.4518115230606796
2022-10-20,3091.04,3182.74,3042.61,3120.83008,,-0.023697200790915307,-0.023697200790915307,0.44110485467906146
2022-10-21,3149.37,3164.32,3093.74,3101.37012,,-0.006235507701848442,-0.006235507701848442,0.4383543419603875
2022-10-24,3001.7,3062.62,2768.4,2801.98999,,-0.09653157102061716,-0.09653157102061716,0.3960393086672424
2022-10-25,2835.19,2973.28,2720.38,2884.79004,,0.029550444610974447,0.029550444610974447,0.40774244632178236
2022-10-26,2863.73,3023.87,2854.1,2956.40991,,0.02482671841171502,0.02482671841171502,0.41786535322111706
2022-10-27,3083.97,3094.81,2978.61,2989.17993,,0.011084396615352876,0.011084396615352876,0.4224971385280345
2022-10-28,2977.91,2977.91,2797.41,2822.91992,,-0.05562060962987936,-0.05562060962987936,0.39899759011622565
2022-10-31,2828.48,2959.34,2792.13,2852.57007,,0.010503362064907762,0.010503362064907762,0.40318840626824204
2022-11-01,2903.05,3117.99,2893.08,3075.15991,,0.07803133123387207,0.07803133123387207,0.4346497343474162
2022-11-02,3047.88,3174.72,3011.33,3156.59009,,0.026479982304399963,0.026479982304399963,0.44615925162154796
2022-11-03,3060.43,3119.91,3023.92,3035.38989,,-0.03839592615587295,-0.03839592615587295,0.4290285539425275
2022-11-04,3077.12,3366.3,3077.12,3264.22998,,0.07539067411204958,0.07539067411204958,0.46137330583757247
2022-11-07,3205.11,3455.1,3189.79,3396.63989,,0.04056390352741013,0.04056390352741013,0.48008840810569003
2022-11-08,3399.08,3419.07,3314.51,3343.76001,,-0.01556829152118333,-0.01556829152118333,0.47261425181235983
2022-11-09,3346.92,3398.7,3244.05,3280.47998,,-0.018924812130880153,-0.018924812130880153,0.4636701158864344
2022-11-10,3202.02,3209.83,3159.0,3172.76001,,-0.03283664910523254,-0.03283664910523254,0.4484447429904891
2022-11-11,3487.19,3508.35,3363.12,3491.69995,,0.10052444527627546,0.10052444527627546,0.4935244020166699
2022-11-14,3685.72,3685.72,3513.27,3554.38989,,0.017953988285849043,0.017953988285849043,0.5023851333492579
2022-11-15,3549.26,3829.29,3513.41,3813.86011,,0.0729999319236192,0.0729999319236192,0.539059213883192
2022-11-16,3780.72,3869.42,3712.02,3805.25,,-0.002257584114693678,-0.002257584114693678,0.5378422423650501
2022-11-17,3730.33,3761.79,3591.14,3721.61011,,-0.021980130083437355,-0.021980130083437355,0.5260203999134986
2022-11-18,3833.6,3885.43,3711.67,3742.69995,,0.005666859068157448,0.005666859068157448,0.5290012833867843
2022-11-21,3636.57,3667.3,3555.64,3631.96997,,-0.02958558833977598,-0.02958558833977598,0.5133504691852897
2022-11-22,3609.66,3641.55,3487.87,3515.37012,,-0.03210374836882257,-0.03210374836882257,0.4968699948975482
2022-11-23,3541.25,3595.99,3486.39,3555.02002,,0.011279011497087987,0.011279011497087987,0.5024741972825557
2022-11-24,3595.06,3619.88,3539.47,3582.94995,,0.007856476150027492,0.007856476150027492,0.5064218738295103
2022-11-25,3577.43,3577.43,3485.68,3500.31006,,-0.023064762598763222,-0.023064762598763222,0.49474137353481185
2022-11-28,3343.27,3451.94,3313.73,3432.86011,,-0.019269707209880638,-0.019269707209880638,0.4852078521221818
2022-11-29,3534.84,3698.25,3496.19,3695.80005,,0.07659500578950174,0.07659500578950174,0.5223723503645921
2022-11-30,3679.27,3814.59,3642.24,3798.18994,,0.02770439109659084,0.02770439109659084,0.5368443582571382
2022-12-01,3950.8,4018.9,3830.26,3839.27002,,0.010815699227511466,0.010815699227511466,0.5426507053680338
2022-12-02,3858.03,3932.58,3818.84,3878.81006,,0.010298843216034026,0.010298843216034026,0.5482393799036894
2022-12-05,4064.58,4241.07,4007.06,4238.2002,,0.09265474061392953,0.09265474061392953,0.5990363574430073
2022-12-06,4120.38,4279.14,4116.88,4161.20996,,-0.01816578650531897,-0.01816578650531897,0.5881543908647737
2022-12-07,4153.9,4316.84,3990.76,4004.31006,,-0.037705355295266196,-0.037705355295266196,0.5659778205887466
2022-12-08,4067.4,4286.2,4067.4,4270.20996,,0.06640342431425017,0.06640342431425017,0.6035606859617557
2022-12-09,4279.14,4390.86,4224.38,4369.52979,,0.02325876969290741,0.02325876969290741,0.6175987649522334
2022-12-12,4258.59,4307.6,4156.2,4192.66992,,-0.04047572130181065,-0.04047572130181065,0.5926010094656843
2022-12-13,4167.7,4279.56,4160.17,4223.2002,,0.007281822939211979,0.007281822939211979,0.5969162250902117
2022-12-14,4269.27,4289.49,4162.17,4237.66016,,0.0034239342951347673,0.0034239342951347673,0.5989600270246205
2022-12-15,4225.64,4235.97,4118.62,4136.41992,,-0.02389059909891411,-0.02389059909891411,0.5846505131427006
2022-12-16,4123.38,4210.57,4048.5,4149.22022,,0.003094535914525798,0.003094535914525798,0.5864597351530665
2022-12-19,4170.91,4283.35,4099.94,4125.06006,,-0.005822819401955059,-0.005822819401955059,0.5830448860287518
2022-12-20,4057.24,4078.48,3945.61,3996.36011,,-0.031199533613578412,-0.031199533613578412,0.5648541575088728
2022-12-21,4017.03,4048.39,3981.93,4024.84009,,0.007126479900731564,0.007126479900731564,0.5688795793092044
2022-12-22,4134.12,4235.63,4120.16,4210.52979,,0.046135919899366495,0.046135919899366495,0.5951253620125992
2022-12-23,4113.64,4197.5,4105.37,4124.33008,,-0.020472414232699188,-0.020472414232699188,0.5829417090810922
2022-12-28,4165.23,4263.34,4165.23,4212.43994,,0.021363435586125634,0.021363435586125634,0.5953953467335121
2022-12-29,4119.4,4158.15,4074.33,4107.43018,,-0.02492848835727257,-0.02492848835727257,0.5805530407644915
2022-12-30,4203.15,4211.3,4122.14,4128.79004,,0.005200297768664486,0.005200297768664486,0.5835720894469706
2023-01-03,4081.29,4246.03,4018.85,4233.37012,,0.025329474007353525,0.025329474007353525,0.5983536635180345
2023-01-04,4288.39,4427.17,4255.29,4427.16992,,0.04577908250554774,0.04577908250554774,0.6257457452477234
2023-01-05,4565.78,4601.0,4460.83,4494.22022,,0.015145183313858501,0.015145183313858501,0.6352227792673671
2023-01-06,4552.38,4553.32,4395.15,4431.12012,,-0.014040277714740146,-0.014040277714740146,0.6263040750357242
2023-01-09,4497.42,4583.81,4468.35,4570.72022,,0.031504472056605115,0.031504472056605115,0.646035454266625
2023-01-10,4545.12,4574.07,4491.58,4558.58008,,-0.002656067187590927,-0.002656067187590927,0.6443195406945271
2023-01-11,4588.27,4642.08,4517.94,4547.12012,,-0.0025139319259255277,-0.0025139319259255277,0.6426997652306774
2023-01-12,4574.46,4598.36,4420.88,4487.06982,,-0.013206226889823203,-0.013206226889823203,0.634212126309005
2023-01-13,4492.79,4564.11,4448.52,4554.77979,,0.015090019258938048,0.015090019258938048,0.64378239950926
2023-01-16,4577.34,4589.18,4456.44,4506.72022,,-0.010551458515187462,-0.010551458515187462,0.6369895562280302
2023-01-17,4493.5,4567.33,4444.64,4500.54004,,-0.0013713254203298053,-0.0013713254203298053,0.6361160362570901
2023-01-18,4477.82,4537.48,4432.79,4524.66992,,0.005361552121642799,0.005361552121642799,0.6395266055408952
2023-01-19,4444.74,4490.92,4413.42,4449.91016,,-0.016522699185093193,-0.016522699185093193,0.6289598998166793
2023-01-20,4487.51,4577.66,4485.33,4568.79004,,0.02671511912051705,0.02671511912051705,0.6457626384623104
2023-01-26,4662.35,4763.61,4659.24,4763.60986,,0.0426414473622867,0.0426414473622867,0.6732988920188324
2023-01-27,4786.67,4825.59,4762.27,4813.22998,,0.010416495359256928,0.010416495359256928,0.6803123068029394
2023-01-30,4774.34,4784.45,4557.74,4580.22022,,-0.0484102693966848,-0.0484102693966848,0.647378204756729
2023-01-31,4614.81,4646.59,4471.37,4542.58008,,-0.008217976034348928,-0.008217976034348928,0.6420580661848784
2023-02-01,4572.9,4695.7002,4530.68,4695.7002,,0.033707742583153344,0.033707742583153344,0.6637003942032755
2023-02-02,4763.32,4804.85,4687.52,4696.54981,,0.0001809336124143357,0.0001809336124143357,0.6638204799131595
2023-02-03,4654.74,4694.24,4584.69,4634.18994,,-0.013277804457055287,-0.013277804457055287,0.655006401386284
2023-02-06,4515.83,4533.55,4433.92,4464.81982,,-0.036547945205716026,-0.036547945205716026,0.6310672633190247
2023-02-07,4485.97,4578.67,4478.58,4516.31006,,0.011532434023283855,0.011532434023283855,0.6383450048975057
2023-02-08,4496.99,4530.58,4409.08,4431.58008,,-0.018760886403800248,-0.018760886403800248,0.6263690867741903
2023-02-09,4386.78,4575.11,4379.17,4571.70996,,0.031620748687903655,0.031620748687903655,0.6461753462529488
2023-02-10,4509.61,4527.4,4353.31,4362.22022,,-0.045823060043817865,-0.045823060043817865,0.6165656145627652
2023-02-13,4287.53,4395.22,4265.21,4374.8999,,0.0029067033209067006,0.0029067033209067006,0.6183577878821716
2023-02-14,4395.85,4397.43,4327.6,4330.6001,,-0.010125900252026532,-0.010125900252026532,0.612096358602013
2023-02-15,4342.08,4356.18,4246.88,4288.75,,-0.009663810796106453,-0.009663810796106453,0.6061811752034973
2023-02-16,4328.19,4474.15,4319.61,4367.1001,,0.018268749635674597,0.018268749635674597,0.6172553473271492
2023-02-17,4359.49,4403.88,4254.33,4257.62988,,-0.025067027888826976,-0.025067027888826976,0.6017825903211719
2023-02-20,4248.18,4342.52,4224.14,4311.60986,,0.012678410646629334,0.012678410646629334,0.609412237121256
2023-02-21,4305.53,4311.12,4151.73,4158.04004,,-0.035617744876388135,-0.035617744876388135,0.5877063475349221
2023-02-22,4116.53,4162.04,4072.38,4100.58008,,-0.013819001127271524,-0.013819001127271524,0.5795848328558324
2023-02-23,4090.38,4197.92,4079.31,4149.12012,,0.011837359362092847,0.011837359362092847,0.5864455868031655
2023-02-24,4092.76,4116.15,4009.57,4010.65991,,-0.03337098131543126,-0.03337098131543126,0.5668753220834399
2023-02-27,3962.54,4043.42,3947.39,3989.83008,,-0.005193616628541231,-0.005193616628541231,0.5639311889843577
2023-02-28,4001.54,4033.59,3906.8,3925.06006,,-0.01623377905858092,-0.01623377905858092,0.5547764546581427
2023-03-01,3939.23,4207.14,3939.23,4185.62012,,0.06638371286476574,0.06638371286476574,0.5916045755283016
2023-03-02,4102.27,4152.55,4097.52,4126.31006,,-0.014169957688372259,-0.014169957688372259,0.5832215637248181
2023-03-03,4232.78,4254.13,4156.67,4211.31006,,0.020599518398770167,0.020599518398770167,0.595235647057327
2023-03-06,4188.75,4234.54,4140.99,4177.25,,-0.008087758800642608,-0.008087758800642608,0.5904215247143828
2023-03-07,4175.43,4253.97,4080.41,4122.6001,,-0.013082745825603093,-0.013082745825603093,0.5826971899765796
2023-03-08,4042.62,4042.62,3954.04,3989.28003,,-0.03233883150587413,-0.03233883150587413,0.5638534437309807
2023-03-09,3988.32,4007.13,3930.93994,3930.93994,,-0.01462421528728819,-0.01462421528728819,0.55560752957938
2023-03-10,3819.32,3840.06,3754.31,3782.21997,,-0.037833182971500734,-0.037833182971500734,0.5345871282524597
2023-03-13,3832.17,3958.69,3828.27,3891.47998,,0.02888779892936788,0.02888779892936788,0.550030173723645
2023-03-14,3871.84,3913.14,3765.19,3790.62012,,-0.025918123829073436,-0.025918123829073436,0.5357744235713489
2023-03-15,3876.08,3939.65,3839.55,3866.26001,,0.019954489662762587,0.019954489662762587,0.5464655287680759
2023-03-16,3804.69,3896.2,3785.73,3811.81006,,-0.014083364765733908,-0.014083364765733908,0.5387694553945355
2023-03-17,3904.43,3991.28,3879.63,3979.80005,,0.0440709236178467,0.0440709236178467,0.5625135229108569
2023-03-20,3965.79,3973.83,3821.51,3870.27002,,-0.027521490683935168,-0.027521490683935168,0.5470323122304782
2023-03-21,3911.79,3980.55,3870.78,3965.16992,,0.024520227144254836,0.024520227144254836,0.5604456687816165
2023-03-22,4012.63,4072.6,3992.78,4009.12988,,0.011086526148165632,0.011086526148165632,0.5666590643431901
2023-03-23,4010.85,4202.77,3990.55,4198.99023,,0.04735699657602521,0.04735699657602521,0.5934943357130642
2023-03-24,4182.93,4293.35,4171.28,4224.8501,,0.006158592562383491,0.006158592562383491,0.5971494255148034
2023-03-27,4209.71,4209.71,4081.0,4105.68994,,-0.02820458884446564,-0.02820458884446564,0.5803070714894496
2023-03-28,4136.67,4176.55,4089.92,4144.12012,,0.009360224605757583,0.009360224605757583,0.5857388760189003
2023-03-29,4316.6,4341.13,4232.35,4246.3501,,0.024668681659739233,0.024668681659739233,0.6001882818871439
2023-03-30,4278.02,4310.61,4198.73,4270.31982,,0.0056447818563052365,0.0056447818563052365,0.6035762138111075
2023-03-31,4356.89,4360.77,4278.04,4303.70996,,0.007819119271492925,0.007819119271492925,0.6082956482163326
2023-04-03,4279.53,4314.8,4233.85,4302.52002,,-0.0002764916806801132,-0.0002764916806801132,0.608127459530207
2023-04-04,4278.8,4278.8,4185.52,4233.41992,,-0.01606037849418296,-0.01606037849418296,0.5983607023574459
2023-04-06,4168.31,4241.3,4157.12,4237.62988,,0.0009944583999594858,0.0009944583999594858,0.5989557471841109
2023-04-11,4276.91,4309.98,4178.29,4248.14014,,0.002480221325983356,0.002480221325983356,0.6004412900015973
2023-04-12,4240.2,4247.83,4143.1,4166.77002,,-0.01915429277716829,-0.01915429277716829,0.5889402617374061
2023-04-13,4075.12,4159.8501,4054.23,4159.8501,,-0.0016607396056862456,-0.0016607396056862456,0.5879621853193555
2023-04-14,4170.78,4196.16,4114.62,4164.02979,,0.0010047693785888434,0.0010047693785888434,0.5885529517189326
2023-04-17,4138.5,4281.95,4124.24,4254.00977,,0.021608870382265,0.021608870382265,0.6012709161657265
2023-04-18,4228.41,4242.1,4180.76,4202.66992,,-0.01206857830042063,-0.01206857830042063,0.5940144310342148
2023-04-19,4202.32,4202.32,4086.07,4102.02002,,-0.02394903761559275,-0.02394903761559275,0.5797883570811714
2023-04-20,4098.37,4120.57,4081.62,4098.3501,,-0.0008946616501399607,-0.0008946616501399607,0.5792696426728933
2023-04-21,4070.64,4079.6,3944.45,3969.93994,,-0.03133215973911052,-0.03133215973911052,0.5611198736966487
2023-04-24,3972.71,4008.2,3901.52,3961.16992,,-0.0022091064682455697,-0.0022091064682455697,0.5598803001542043
2023-04-25,3939.09,3939.09,3785.22,3824.09009,,-0.034605894917024815,-0.034605894917024815,0.5405051413209556
2023-04-26,3797.36,3922.77,3795.37,3872.01001,,0.012531064612026466,0.012531064612026466,0.5472782461699809
2023-04-27,3850.03,3869.82,3820.18,3861.97998,,-0.002590393613161157,-0.002590393613161157,0.5458605800964802
2023-04-28,3887.97,3957.65,3884.58,3901.52002,,0.010238281970586405,0.010238281970586405,0.5514492546321359
2023-05-02,3968.87,4016.54,3863.86,3898.59009,,-0.000750971412418866,-0.000750971412418866,0.5510351320065074
2023-05-03,3837.92,3851.45,3785.0,3835.06006,,-0.016295642407483824,-0.016295642407483824,0.5420556605413687
2023-05-04,3851.72,3895.46,3827.63,3856.0,,0.005460133523958577,0.005460133523958577,0.5450153568253421
2023-05-05,3910.71,3948.28,3883.2,3895.53003,,0.010251563796680463,0.010251563796680463,0.5506026165260076
2023-05-08,3908.8,3943.58,3885.24,3914.34009,,0.0048286266195207705,0.0048286266195207705,0.5532612709769429
2023-05-09,3916.91,3916.91,3790.57,3798.69995,,-0.0295426910644343,-0.0295426910644343,0.5369164441705548
2023-05-10,3805.6,3829.21,3760.57,3811.65991,,0.0034116829890709077,0.0034116829890709077,0.538748232869684
2023-05-11,3868.9,3886.91,3801.67,3862.8501,,0.013429894379008323,0.013429894379008323,0.5459835647340011
2023-05-12,3928.93,3933.05,3859.85,3874.11011,,0.0029149487317667866,0.0029149487317667866,0.547575078833588
2023-05-15,3847.93,3955.58,3829.09,3925.5,,0.013264953380480948,0.013264953380480948,0.5548386367266287
2023-05-16,3990.85,3993.05,3935.16,3958.25,,0.008342886256527793,0.008342886256527793,0.559467592363566
2023-05-17,3975.2,3977.27,3859.15,3870.09009,,-0.02227244615676116,-0.02227244615676116,0.5470068805361956
2023-05-18,3911.7,3957.68,3896.6,3917.09009,,0.012144420131573685,0.012144420131573685,0.5536499619082887
2023-05-19,3868.3,3872.17,3810.1,3821.72998,,-0.02434463027629785,-0.02434463027629785,0.5401715582831451
2023-05-22,3836.6,3942.63,3821.81,3903.58008,,0.021417028525913873,0.021417028525913873,0.5517404279557826
2023-05-23,3924.48,3947.79,3840.69,3852.44995,,-0.013098265938481735,-0.013098265938481735,0.544513585101406
2023-05-24,3813.79,3827.51,3762.13,3775.92993,,-0.01986269023430154,-0.01986269023430154,0.5336980804321678
2023-05-25,3747.29,3768.22,3651.21,3691.15991,,-0.022450104099256962,-0.022450104099256962,0.521716502968892
2023-05-29,3735.81,3751.16,3639.9,3647.26001,,-0.01189325335948388,-0.01189325335948388,0.5155115964172591
2023-05-30,3667.76,3709.86,3621.72,3702.12988,,0.015044134459720082,0.015044134459720082,0.5232670221893052
2023-05-31,3656.46,3656.46,3563.99,3626.72998,,-0.020366627439877938,-0.020366627439877938,0.5126098376968014
2023-06-01,3617.57,3723.34,3611.29,3630.87012,,0.0011415627915039028,0.0011415627915039028,0.5131950140140749
2023-06-02,3727.17,3843.89,3724.82,3824.28003,,0.05326819842291686,0.05326819842291686,0.5405319878502282
2023-06-05,3814.52,3852.59,3785.55,3840.77002,,0.004311920118464707,0.004311920118464707,0.5428627186033134
2023-06-06,3847.5,3908.98,3810.8,3834.34009,,-0.0016741252317939992,-0.0016741252317939992,0.5419538984286992
2023-06-07,3923.57,3946.97,3892.05,3921.02002,,0.02260621853185696,0.02260621853185696,0.5542054266907702
2023-06-08,3907.6,3914.13,3850.49,3894.30005,,-0.006814545670185135,-0.006814545670185135,0.5504287684999215
2023-06-09,3915.95,3949.71,3865.57,3934.21997,,0.010250858816079234,0.010250858816079234,0.5560711360941226
2023-06-12,3949.34,3957.61,3895.71,3944.66992,,0.002656168206069953,0.002656168206069953,0.557548154566129
2023-06-13,3943.79,4059.79,3937.85,4038.19995,,0.02371048323353775,0.02371048323353775,0.5707678907368591
2023-06-14,4058.42,4117.16,4033.76,4052.68994,,0.003588229948841448,0.003588229948841448,0.5728159371762381
2023-06-15,4128.66,4199.19,4104.38,4198.31982,,0.035934128234838436,0.035934128234838436,0.5933995785176882
2023-06-16,4218.9,4271.28,4182.73,4233.49023,,0.008377258405244836,0.008377258405244836,0.5983706401244943
2023-06-19,4205.11,4220.51,4110.64,4178.25,,-0.013048389626258872,-0.013048389626258872,0.5905628668712359
2023-06-20,4168.84,4175.88,4050.5,4075.16992,,-0.0246706348351583,-0.0246706348351583,0.5759933060354514
2023-06-21,3986.52,4016.67,3950.66,3961.58008,,-0.02787364508226431,-0.02787364508226431,0.5599382730532592
2023-06-23,3944.81,3944.81,3847.03,3879.33008,,-0.02076191780528136,-0.02076191780528136,0.5483128806520963
2023-06-26,3864.16,3922.1,3849.9,3872.61011,,-0.0017322501208765217,-0.0017322501208765217,0.5473630655983085
2023-06-27,3889.34,3992.84,3886.63,3972.16992,,0.025708709932588558,0.025708709932588558,0.5614350638795877
2023-06-28,3967.29,4019.51,3918.97,4001.96997,,0.0075022092710475,0.0075022092710475,0.5656470672209164
2023-06-29,3995.81,4000.01,3901.49,3933.43994,,-0.01712407402197469,-0.01712407402197469,0.5559608849715125
2023-06-30,3920.82,3946.53,3888.11,3911.31006,,-0.005626088191904688,-0.005626088191904688,0.5528330000014134
2023-07-03,3942.62,4072.98,3942.62,4054.3501,,0.03657087722674701,0.03657087722674701,0.5730505877713593
2023-07-04,4037.24,4096.53,4014.25,4074.41992,,0.004950194113724882,0.004950194113724882,0.5758872994178117
2023-07-05,4064.18,4088.44,3998.08,4016.53003,,-0.014208130515913964,-0.014208130515913964,0.5677050175052262
2023-07-06,3977.15,4050.7,3908.62,3948.82007,,-0.01685782491211696,-0.01685782491211696,0.5581347457183927
2023-07-07,3915.6,3950.35,3851.82,3901.20996,,-0.012056793967824442,-0.012056793967824442,0.551405430082982
2023-07-10,4004.99,4025.53,3919.03,3945.11011,,0.011252957531155294,0.011252957531155294,0.5576103719701542
2023-07-11,4011.82,4045.41,3975.21,4003.05005,,0.014686520371924416,0.014686520371924416,0.5657997280576902
2023-07-12,4048.73,4115.45,4035.77,4081.37012,,0.019565098867549757,0.019565098867549757,0.5768696556763717
2023-07-13,4183.47,4239.84,4176.03,4237.08984,,0.03815378547437387,0.03815378547437387,0.598879416765724
2023-07-14,4280.46,4280.46,4200.67,4228.70996,,-0.0019777442339998785,-0.0019777442339998785,0.5976949864523543
2023-07-18,4202.4,4202.4,4119.49,4129.29004,,-0.023510697338060105,-0.023510697338060105,0.5836427605253971
2023-07-19,4064.7,4130.27,4023.9,4114.97022,,-0.0034678649020255525,-0.0034678649020255525,0.5816187662808497
2023-07-20,4132.32,4175.4,4051.03,4063.73999,,-0.012449720717541468,-0.012449720717541468,0.5743777750765722
2023-07-21,4068.09,4143.41,4047.31,4104.35986,,0.009995686264366421,0.009995686264366421,0.5801190751134624
2023-07-24,4041.43,4089.98,3989.34,4015.08008,,-0.021752424993260577,-0.021752424993260577,0.5675000784448971
2023-07-25,4191.53,4263.82,4169.77,4257.58008,,0.06039730096740681,0.06039730096740681,0.6017755514817604
2023-07-26,4212.77,4230.06,4180.19,4218.83008,,-0.009101414247503659,-0.009101414247503659,0.596298542903705
2023-07-27,4296.23,4357.52,4287.4,4341.18994,,0.029003268128779514,0.029003268128779514,0.6135931494283416
2023-07-28,4278.65,4481.41,4272.16,4466.56982,,0.028881454562663,0.028881454562663,0.6313146120935176
2023-07-31,4625.61,4688.69,4530.48,4549.9502,,0.018667654007477275,0.018667654007477275,0.6430997748419441
2023-08-01,4599.84,4661.38,4505.26,4538.1001,,-0.002604446088223189,-0.002604446088223189,0.6414248561490198
2023-08-02,4508.85,4540.52,4366.14,4388.77002,,-0.03290585855521344,-0.03290585855521344,0.620318220558782
2023-08-03,4383.01,4459.37,4367.74,4406.43994,,0.0040261667664236445,0.0040261667664236445,0.6228157251630029
2023-08-04,4511.22,4556.96,4444.18,4497.31006,,0.020622117000872908,0.020622117000872908,0.6356595039172979
2023-08-07,4459.16,4509.89,4413.77,4499.43018,,0.0004714195756385653,0.0004714195756385653,0.6359591662508852
2023-08-08,4414.35,4438.93,4361.44,4374.2002,,-0.027832408769592254,-0.027832408769592254,0.6182588907750215
2023-08-09,4310.59,4383.13,4302.39,4373.70996,,-0.0001120753457969359,-0.0001120753457969359,0.6181895991960459
2023-08-10,4337.68,4392.2,4297.86,4378.04004,,0.0009900244962743887,0.0009900244962743887,0.618801622042592
2023-08-11,4386.43,4386.43,4261.65,4273.18994,,-0.023949095723665326,-0.023949095723665326,0.6039818827623347
2023-08-14,4157.98,4215.03,4123.46,4208.43018,,-0.01515489854401364,-0.01515489854401364,0.594828598606649
2023-08-15,4170.09,4229.11,4156.42,4179.12988,,-0.006962287301152226,-0.006962287301152226,0.5906872310082079
2023-08-16,4126.57,4180.19,4114.25,4126.12988,,-0.012682065770111883,-0.012682065770111883,0.5831960966949964
2023-08-17,4049.27,4189.46,4023.75,4158.27979,,0.007791783326025481,0.007791783326025481,0.5877402343170276
2023-08-18,4110.85,4135.9,4002.09,4007.38989,,-0.036286615528581256,-0.036286615528581256,0.5664131304036873
2023-08-21,3951.17,4014.0,3911.65,3923.15991,,-0.02101866359701776,-0.02101866359701776,0.5545078833587985
2023-08-22,3956.41,4049.86,3910.3,4000.91992,,0.019820759740583727,0.019820759740583727,0.5654986508891129
2023-08-23,3989.86,4049.09,3950.67,4008.86011,,0.001984591083742604,0.001984591083742604,0.5666209344695359
2023-08-24,4057.07,4175.26,4046.99,4158.02002,,0.03720756172756556,0.03720756172756556,0.5877035178649419
2023-08-25,4087.11,4109.4,4054.98,4058.94995,,-0.023826260942341415,-0.023826260942341415,0.5737007404915598
2023-08-28,4257.21,4268.26,4118.57,4127.54004,,0.016898481342446647,0.016898481342446647,0.5833954117509043
2023-08-29,4170.47,4254.26,4153.13,4234.43018,,0.025896814801098955,0.025896814801098955,0.5985034946848282
2023-08-30,4299.73,4315.59,4175.17,4195.41016,,-0.009214939989871329,-0.009214939989871329,0.5929883208975794
2023-08-31,4240.07,4269.67,4154.95,4179.49023,,-0.00379460634189821,-0.00379460634189821,0.5907381636544298
2023-09-04,4257.6,4309.87,4236.96,4305.02002,,0.030034713109019506,0.030034713109019506,0.6084808149223395
2023-09-05,4286.28,4286.28,4184.72,4193.4502,,-0.02591621397384347,-0.02591621397384347,0.5927112959238335
2023-09-06,4167.77,4187.3,4116.76,4176.83984,,-0.003961024742824115,-0.003961024742824115,0.590363551815328
2023-09-07,4179.95,4179.95,4082.29,4091.6499,,-0.02039578802715114,-0.02039578802715114,0.5783226219535464
2023-09-11,3997.62,4107.09,3983.93,4083.13989,,-0.0020798480339190295,-0.0020798480339190295,0.5771197987853055
2023-09-12,4058.24,4111.48,4031.35,4063.95996,,-0.004697348245886301,-0.004697348245886301,0.5744088661108151
2023-09-13,4082.26,4093.64,4024.17,4041.18994,,-0.005602914453911034,-0.005602914453911034,0.5711905023724282
2023-09-14,4065.08,4089.68,4028.42,4059.1499,,0.00444422565300151,0.00444422565300151,0.5737290018558225
2023-09-15,4081.47,4128.48,4028.75,4077.90991,,0.004621659820939428,0.004621659820939428,0.5763805821318072
2023-09-18,4040.57,4062.41,3987.35,3987.3501,,-0.022207408206327828,-0.022207408206327828,0.5635806632622052
2023-09-19,3993.65,3999.45,3942.28,3984.79004,,-0.0006420454526930852,-0.0006420454526930852,0.563218818860132
2023-09-20,3963.66,3966.01,3903.63,3921.83008,,-0.01580006960667857,-0.01580006960667857,0.5543199223183506
2023-09-21,3887.64,3893.75,3827.18,3849.27002,,-0.01850158179214134,-0.01850158179214134,0.5440641269365643
2023-09-22,3821.31,3997.33,3821.31,3991.33008,,0.03690571439828494,0.03690571439828494,0.5641432022196373
2023-09-25,3976.02,3976.02,3873.99,3882.8999,,-0.027166427688686712,-0.027166427688686712,0.5488174467104733
2023-09-26,3866.42,3878.96,3794.21,3817.27002,,-0.01690228481038103,-0.01690228481038103,0.5395411779172667
2023-09-27,3823.81,3884.18,3821.12,3833.87012,,0.004348683722405378,0.004348683722405378,0.541887471855243
2023-09-28,3831.32,3845.06,3760.13,3778.12012,,-0.014541442003778715,-0.014541442003778715,0.5340076466106858
2023-09-29,3821.55,3954.89,3811.56,3920.59009,,0.03770922190795778,0.03770922190795778,0.5541446594572744
2023-10-03,3858.66,3858.66,3788.63,3817.52002,,-0.02628942777335852,-0.02628942777335852,0.5395765134564801
2023-10-04,3796.17,3796.84,3732.33,3752.41992,,-0.01705298195135596,-0.01705298195135596,0.5303751249111311
2023-10-05,3784.72,3806.8,3751.99,3757.82007,,0.0014391113241931652,0.0014391113241931652,0.5311383937594611
2023-10-06,3795.16,3848.75,3791.78,3816.1499,,0.015522251974134482,0.015522251974134482,0.5393828577405325
2023-10-09,3807.06,3859.85,3799.79,3825.47998,,0.00244489347758603,0.00244489347758603,0.540701591371344
2023-10-10,3864.33,3936.8,3864.33,3874.66992,,0.012858501484041218,0.012858501484041218,0.5476542035864159
2023-10-11,3960.67,3985.2,3935.8,3952.5,,0.02008689297590549,0.02008689297590549,0.558654874961661
2023-10-12,4038.54,4038.54,4005.26,4019.05005,,0.01683745730550279,0.01683745730550279,0.5680612025673389
2023-10-13,3908.83,3938.42,3870.11,3879.84009,,-0.03463752833831957,-0.03463752833831957,0.5483849665655128
2023-10-16,3875.47,3887.14,3794.04,3811.67993,,-0.017567775583245848,-0.017567775583245848,0.5387510625396641
2023-10-17,3855.48,3856.36,3808.43,3836.05005,,0.006393537875043931,0.006393537875043931,0.5421955878632316
2023-10-18,3818.85,3821.98,3766.63,3771.91992,,-0.016717751114847967,-0.016717751114847967,0.5331312969697655
2023-10-19,3709.98,3731.52,3692.22,3700.1499,,-0.0190274506145931,-0.0190274506145931,0.5229871675455793
2023-10-20,3667.3,3710.06,3658.92,3662.1499,,-0.010269854202393236,-0.010269854202393236,0.5176161655851635
2023-10-24,3660.8,3674.46,3586.5,3622.86011,,-0.010728613266212772,-0.010728613266212772,0.5120628619242604
2023-10-25,3786.83,3802.39,3671.09,3700.93994,,0.02155198589768359,0.02155198589768359,0.5230988335031795
2023-10-26,3699.67,3738.98,3665.31,3712.55005,,0.003137070632926786,0.003137070632926786,0.5247398314918806
2023-10-27,3739.81,3830.38,3722.65,3806.1001,,0.025198326955888417,0.025198326955888417,0.5379623973325909
2023-10-30,3763.2,3854.31006,3763.2,3854.31006,,0.012666498182746011,0.012666498182746011,0.5447764970607898
2023-10-31,3829.23,3829.23,3746.81,3759.15991,,-0.024686688024263437,-0.024686688024263437,0.531327769634899
2023-11-01,3762.02,3780.15,3711.6,3752.37012,,-0.001806198768490197,-0.001806198768490197,0.5303680860717198
2023-11-02,3813.2,3878.05,3793.55,3813.41992,,0.016269663718567307,0.016269663718567307,0.5389969964791669
2023-11-03,3865.86,3949.75,3839.98,3937.37012,,0.032503685038704155,0.032503685038704155,0.5565163850895332
2023-11-06,4025.88,4109.63,4025.88,4098.58008,,0.040943562603151795,0.040943562603151795,0.5793021485421264
2023-11-07,4052.97,4098.76,4033.41,4055.84009,,-0.010427999249925546,-0.010427999249925546,0.5732611861716488
2023-11-08,4045.74,4091.47,4006.29,4020.84009,,-0.008629531545460867,-0.008629531545460867,0.5683142106817922
2023-11-09,4037.74,4075.03,4004.71,4024.23999,,0.0008455695635485316,0.0008455695635485316,0.5687947598808769
2023-11-10,3944.23,3953.45,3885.93,3892.43994,,-0.03275153826002308,-0.03275153826002308,0.5501658565405377
2023-11-13,3915.74,3989.76,3894.84,3981.27002,,0.02282118192426097,0.02282118192426097,0.5627212916411662
2023-11-14,4004.87,4010.06,3935.25,3951.75,,-0.007414724409976037,-0.007414724409976037,0.5585488683440212
2023-11-15,4078.78,4125.87012,4036.39,4125.87012,,0.04406152211045722,0.04406152211045722,0.5831593816563322
2023-11-16,4169.7,4169.7,4009.64,4049.71997,,-0.01845674919112561,-0.01845674919112561,0.5723961552106493
2023-11-17,3983.68,4015.45,3951.92,3980.1499,,-0.017178982871746573,-0.017178982871746573,0.5625629714644319
2023-11-20,4030.11,4083.03,3999.51,4077.58008,,0.0244790227624343,0.0244790227624343,0.5763339632482124
2023-11-21,4137.24,4157.51,4019.44,4037.07007,,-0.00993481653461481,-0.00993481653461481,0.570608191060674
2023-11-22,4034.47,4071.31,4006.62,4029.82007,,-0.0017958568650754403,-0.0017958568650754403,0.5695834604234894
2023-11-23,4038.24,4122.38,4021.16,4117.12012,,0.021663510649000184,0.021663510649000184,0.581922637783868
2023-11-24,4085.35,4085.35,4018.41,4024.83008,,-0.022416164044297915,-0.022416164044297915,0.5688781644742142
2023-11-27,4063.69,4063.69,3972.03,4031.65991,,0.0016969238115014385,0.0016969238115014385,0.5698435073773539
2023-11-28,4035.51,4045.47,3978.14,4000.41992,,-0.007748666975236018,-0.007748666975236018,0.5654279798106863
2023-11-29,4004.96,4004.96,3884.03,3910.23999,,-0.022542615976174796,-0.022542615976174796,0.5526817539996297
2023-11-30,3904.16,3914.62,3850.3,3899.63989,,-0.0027108566295441783,-0.0027108566295441783,0.5511835130027717
2023-12-01,3885.26,3886.03,3818.94,3830.91992,,-0.01762213228360432,-0.01762213228360432,0.5414704842240952
2023-12-04,3842.68,3842.68,3745.6,3759.71997,,-0.018585601235955762,-0.018585601235955762,0.5314069297232662
2023-12-05,3744.05,3744.05,3647.42,3682.66992,,-0.020493560854214388,-0.020493560854214388,0.5205165094706312
2023-12-06,3691.07,3777.56,3668.18,3747.58008,,0.017625842502876354,0.017625842502876354,0.5296910514867075
2023-12-07,3719.76,3732.69,3671.15,3720.20996,,-0.0073034116458426945,-0.0073034116458426945,0.5258224996925809
2023-12-08,3720.06,3751.81,3674.49,3705.92993,,-0.0038385010936319297,-0.0038385010936319297,0.5238041294524546
2023-12-11,3657.29,3690.17,3603.52,3666.51001,,-0.010636984709530117,-0.010636984709530117,0.5182324329366801
2023-12-12,3686.25,3746.68,3666.16,3730.25,,0.017384376375942256,0.017384376375942256,0.5272415806010716
2023-12-13,3703.49,3711.11,3658.31,3686.20996,,-0.011806189933650568,-0.011806189933650568,0.5210168663595773
2023-12-14,3733.04,3771.4,3673.4,3698.57007,,0.0033530672788915084,0.0033530672788915084,0.5227638709659183
2023-12-15,3750.26,3841.38,3749.11,3780.68994,,0.022203140253065357,0.022203140253065357,0.5343708705122099
2023-12-18,3748.42,3763.03,3711.69,3730.65991,,-0.013233042326660671,-0.013233042326660671,0.5272995181645873
2023-12-19,3712.22,3730.88,3674.77,3707.76001,,-0.006138297393074366,-0.006138297393074366,0.5240627969068683
2023-12-20,3758.24,3768.85,3713.04,3726.5,,0.005054261858765674,0.005054261858765674,0.5267115475128727
2023-12-21,3679.13,3722.15,3662.72,3710.21997,,-0.004368718636790558,-0.004368718636790558,0.5244104929590405
2023-12-22,3745.31,3773.15,3527.45,3548.05005,,-0.04370897717959299,-0.04370897717959299,0.5014890466895546
2023-12-27,3641.18,3651.68,3597.56,3639.76001,,0.025847989376587277,0.025847989376587277,0.5144515302408612
2023-12-28,3647.17,3800.25,3640.94,3763.8999,,0.03410661407865723,0.03410661407865723,0.531997730044961
2023-12-29,3778.02,3792.22,3725.3,3764.29004,,0.00010365312850102448,0.00010365312850102448,0.5320528732740356
2024-01-02,3803.44,3808.23,3694.21,3714.77002,,-0.013155208412155228,-0.013155208412155228,0.5250536068398297
2024-01-03,3657.96,3661.04,3623.03,3646.38989,,-0.018407634828494723,-0.018407634828494723,0.515388611779738
2024-01-04,3665.15,3666.42,3616.47,3654.93994,,0.0023447986249216513,0.0023447986249216513,0.5165970942879394
2024-01-05,3627.15,3662.2,3572.28,3592.33008,,-0.017130202144990614,-0.017130202144990614,0.5077476816352723
2024-01-08,3589.35,3589.35,3467.22,3484.75,,-0.02994715897599254,-0.02994715897599254,0.4925420810936491
2024-01-09,3496.62,3539.58,3451.77,3454.5,,-0.008680680106176952,-0.008680680106176952,0.4882664808488445
2024-01-10,3444.34,3476.86,3407.08,3428.19995,,-0.007613272543059768,-0.007613272543059768,0.4845491750565016
2024-01-11,3434.42,3540.57,3428.99,3503.02002,,0.02182488509749847,0.02182488509749847,0.4951244051261974
2024-01-12,3476.86,3530.24,3454.61,3470.63989,,-0.009243489850223607,-0.009243489850223607,0.49054772771281535
2024-01-15,3459.51,3459.51,3380.59,3404.0,,-0.019201038457493214,-0.019201038457493214,0.4811287019277657
2024-01-16,3369.6,3413.37,3310.17,3325.92993,,-0.022934803172737994,-0.022934803172737994,0.47009410984829747
2024-01-17,3294.31,3294.31,3130.22,3160.0,,-0.04988978526074961,-0.04988978526074961,0.4466412156556227
2024-01-18,3167.4,3201.15,3123.27,3176.08008,,0.005088632911392388,0.005088632911392388,0.4489140088451922
2024-01-19,3171.01,3209.88,3101.61,3129.91992,,-0.014533688961646196,-0.014533688961646196,0.4423896322701105
2024-01-22,3144.87,3156.19,2994.07,3035.46997,,-0.03017647493038722,-0.03017647493038722,0.42903987262244825
2024-01-23,3062.22,3192.83,3047.04,3147.81006,,0.03700912580597837,0.03700912580597837,0.44491826324411343
2024-01-24,3235.1,3303.72,3150.1,3281.15991,,0.04236273709602423,0.04236273709602423,0.46376621865914347
2024-01-25,3282.02,3324.36,3220.02,3310.68994,,0.008999875291052284,0.008999875291052284,0.46794005679127865
2024-01-26,3284.66,3284.66,3175.16,3186.48999,,-0.03751482387384186,-0.03751482387384186,0.45038536797723827
2024-01-29,3212.25,3256.08,3179.87,3203.59009,,0.005366437695917714,0.005366437695917714,0.45280233299364103
2024-01-30,3150.24,3160.3,3086.48,3098.87012,,-0.03268831749944645,-0.03268831749944645,0.43800098656825487
2024-01-31,3090.45,3106.5,2984.9,3005.80005,,-0.030033549776523172,-0.030033549776523172,0.4248462621359909
2024-02-01,3029.81,3128.4,3011.06,3065.94995,,0.020011277862611143,0.020011277862611143,0.43334797873648595
2024-02-02,3137.01,3165.8,3015.98,3043.8999,,-0.007191914532068688,-0.007191914532068688,0.4302313771107684
2024-02-05,2990.29,3095.43,2987.68,3038.84009,,-0.001662278710282128,-0.001662278710282128,0.4295162126521019
2024-02-06,3050.53,3253.99,3050.53,3243.81006,,0.06745006776582296,0.06745006776582296,0.4584871103020058
2024-02-07,3269.13,3320.86,3172.02,3190.67993,,-0.016378927562731627,-0.016378927562731627,0.4509775831339231
2024-02-08,3179.11,3223.17,3148.38,3168.55005,,-0.006935788134662557,-0.006935788134662557,0.44784969816382403
2024-02-09,3125.37,3130.47,3072.76,3127.21997,,-0.013043846348584465,-0.013043846348584465,0.44200801551371516
2024-02-14,3074.87,3205.66,3052.62,3197.87012,,0.02259199886089247,0.02259199886089247,0.45199386009670633
2024-02-15,3184.07,3239.7,3156.14,3223.1001,,0.007889619982440088,0.007889619982440088,0.4555599198872655
2024-02-16,3231.28,3357.5,3205.51,3342.72998,,0.037116402310930274,0.037116402310930274,0.4724686651505365
2024-02-19,3320.13,3320.13,3236.95,3253.09009,,-0.02681637180876928,-0.02681637180876928,0.45979876975786677
2024-02-20,3275.64,3283.2,3201.99,3264.3999,,0.003476635963684638,0.003476635963684638,0.4613973226968649
2024-02-21,3240.26,3421.13,3221.56,3351.21997,,0.02659602764967617,0.02659602764967617,0.47366865864879726
2024-02-22,3346.69,3410.02002,3315.68,3410.02002,,0.017545864051412785,0.017545864051412785,0.48197958453886414
2024-02-23,3386.22,3444.28,3363.06,3399.84009,,-0.002985299188947188,-0.002985299188947188,0.4805407312760512
2024-02-26,3381.35,3425.81,3374.36,3393.29004,,-0.001926575905515704,-0.001926575905515704,0.47961493308155584
2024-02-27,3428.89,3510.57,3366.26,3503.16992,,0.032381517260458015,0.032381517260458015,0.4951455923155096
2024-02-28,3527.83,3547.16,3420.99,3426.61011,,-0.02185443805135201,-0.02185443805135201,0.48432446364185033
2024-02-29,3390.88,3468.73,3390.88,3431.30005,,0.0013686821229859092,0.0013686821229859092,0.4849873498769616
2024-03-01,3396.36,3496.17,3387.27,3488.12988,,0.016562186102028642,0.016562186102028642,0.4930198006227536
2024-03-04,3491.32,3503.62,3433.14,3474.77002,,-0.003830092473506186,-0.003830092473506186,0.4911314891950988
2024-03-05,3381.88,3401.93,3317.12,3323.88989,,-0.04342161614482909,-0.04342161614482909,0.469805766194631
2024-03-06,3320.58,3454.29,3320.58,3412.57007,,0.026679638295719954,0.026679638295719954,0.4823400141059473
2024-03-07,3428.32,3449.74,3323.52,3359.34009,,-0.015598208654511225,-0.015598208654511225,0.47481637392350284
2024-03-08,3360.96,3427.77,3360.96,3385.58008,,0.007811054938471562,0.007811054938471562,0.47852519070590516
2024-03-11,3407.11,3485.81,3407.11,3482.29004,,0.02856525549973088,0.02856525549973088,0.49219438504147683
2024-03-12,3525.98,3657.4,3501.75,3643.90991,,0.04641194964908779,0.04641194964908779,0.5150380860575856
2024-03-13,3650.75,3704.06,3640.33,3656.30005,,0.003400232252174451,0.003400232252174451,0.5167893351688968
2024-03-14,3668.56,3692.29,3574.48,3603.83008,,-0.01435056458235684,-0.01435056458235684,0.5093731164390822
2024-03-15,3534.14,3550.19,3487.71,3549.84009,,-0.014981280693456056,-0.014981280693456056,0.5017420548040079
2024-03-18,3535.49,3609.8,3522.92,3594.21997,,0.012501937798555796,0.012501937798555796,0.5080148027640873
2024-03-19,3554.15,3571.23,3514.3,3528.46997,,-0.018293259886372537,-0.018293259886372537,0.49872155595099954
2024-03-20,3538.65,3569.97,3493.75,3551.41992,,0.006504221431704593,0.006504221431704593,0.501965351383669
2024-03-21,3609.64,3647.01,3572.37,3582.8999,,0.008864054577922165,0.008864054577922165,0.5064147996545598
2024-03-22,3527.3,3531.71,3424.0,3455.87988,,-0.03545173561784409,-0.03545173561784409,0.4884615160642429
2024-03-25,3469.3,3486.44,3421.8,3437.19995,,-0.0054052602082916845,-0.0054052602082916845,0.485821254468179
2024-03-26,3468.62,3499.15,3428.88,3471.48999,,0.009976155155012156,0.009976155155012156,0.49066788268035616
2024-03-27,3437.61,3443.88,3380.95,3393.42993,,-0.022486039200706465,-0.022486039200706465,0.479634705435878
2024-03-28,3403.95,3543.21,3403.95,3477.55005,,0.02478911359162783,0.02478911359162783,0.491524424631415
2024-04-02,3558.92,3577.39,3525.09,3543.12012,,0.01885524839534658,0.01885524839534658,0.5007922397502201
2024-04-03,3543.75,3543.75,3450.01,3460.87012,,-0.023214002690938984,-0.023214002690938984,0.4891668473490572
2024-04-05,3464.55,3476.47,3381.03,3450.88989,,-0.002883734336728061,-0.002883734336728061,0.4877562201149677
2024-04-08,3427.68,3492.47,3413.12,3444.61011,,-0.0018197567004955006,-0.0018197567004955006,0.4868686224652051
2024-04-09,3461.42,3510.58,3454.19,3478.23999,,0.009763043980614672,0.009763043980614672,0.4916219422391142
2024-04-10,3514.39,3587.29,3511.17,3552.01001,,0.021209008065024237,0.021209008065024237,0.5020487559770065
2024-04-11,3480.3,3553.46,3480.3,3538.38989,,-0.003834482437170883,-0.003834482437170883,0.5001236588396092
2024-04-12,3523.71,3549.31,3472.43,3474.46997,,-0.018064690999894273,-0.018064690999894273,0.4910890794809351
2024-04-15,3408.05,3452.6,3392.27,3442.48999,,-0.00920427583951744,-0.00920427583951744,0.4865689601316178
2024-04-16,3377.33,3399.06,3318.94,3337.8501,,-0.030396570593949623,-0.030396570593949623,0.4717789323861525
2024-04-17,3340.71,3374.51,3306.29,3340.21997,,0.00070999893014978,0.00070999893014978,0.47211389492341377
2024-04-18,3333.75,3391.45,3301.86,3356.82007,,0.004969762515371068,0.004969762515371068,0.47446018886139
2024-04-19,3308.77,3308.77,3233.76,3278.06006,,-0.023462684432770442,-0.023462684432770442,0.4633280791742226
2024-04-22,3318.19,3374.11,3292.95,3336.3501,,0.01778187065919723,0.01778187065919723,0.4715669191508729
2024-04-23,3394.36,3456.89,3376.36,3449.1001,,0.0337944150405558,0.0337944150405558,0.4875032473360537
2024-04-24,3495.13,3577.58,3474.89,3573.59009,,0.036093469714027826,0.036093469714027826,0.5050989310292677
2024-04-25,3556.41,3616.17,3526.88,3554.30005,,-0.005397944228125007,-0.005397944228125007,0.5023724351698862
2024-04-26,3568.44,3738.18,3568.44,3718.27002,,0.04613284407432072,0.04613284407432072,0.5255483043888153
2024-04-29,3728.66,3805.88,3706.18,3713.32007,,-0.0013312508164750048,-0.0013312508164750048,0.5248486677795007
2024-04-30,3744.19,3760.98,3681.91,3700.66992,,-0.0034066952919574733,-0.0034066952919574733,0.523060668293986
2024-05-02,3700.23,3870.24,3683.62,3865.47998,,0.04453519594095545,0.04453519594095545,0.5463552776454659
2024-05-03,4009.96,4023.43,3922.86,3971.29004,,0.027373071532503346,0.027373071532503346,0.5613106997426159
2024-05-06,3982.25,4021.69,3952.86,4007.78003,,0.009188447489974827,0.009188447489974827,0.566468273632762
2024-05-07,4002.76,4005.32,3909.93,3922.54004,,-0.021268629855416554,-0.021268629855416554,0.55442026959603
2024-05-08,3921.1,3962.63,3859.55,3872.01001,,-0.012881966655463373,-0.012881966655463373,0.5472782461699809
2024-05-09,3874.44,3955.97,3868.67,3947.40991,,0.019473064327124368,0.019473064327124368,0.5579354306624849
2024-05-10,3975.75,4002.66,3899.83,3962.32007,,0.003777200832938199,0.003777200832938199,0.5600428648359089
2024-05-13,3925.19,4031.09,3906.36,4018.68994,,0.014226480699223165,0.014226480699223165,0.5680103038432346
2024-05-14,4072.89,4111.56,4038.68,4041.44995,,0.005663539695724751,0.005663539695724751,0.5712272527466316
2024-05-16,4091.59,4097.82,4024.42,4072.1499,,0.007596271234288077,0.007596271234288077,0.5755664498949121
2024-05-17,4135.36,4162.51,4073.61,4112.58984,,0.009930857407778548,0.009930857407778548,0.5812823182375199
2024-05-20,4124.36,4155.87,4111.51,4135.37988,,0.005541530005822581,0.005541530005822581,0.5845035116458871
2024-05-21,4079.11,4087.81,3963.82,3980.62988,,-0.03742098779084846,-0.03742098779084846,0.5626308128728783
2024-05-22,3987.62,4036.7,3957.18,3992.59009,,0.003004602377149501,0.003004602377149501,0.5643212947506937
2024-05-23,3972.81,3972.81,3882.45,3896.18994,,-0.024144765134153756,-0.024144765134153756,0.5506958896287366
2024-05-24,3865.17,3890.37,3780.16,3799.46997,,-0.024824244066499523,-0.024824244066499523,0.5370252804581748
2024-05-27,3801.72,3876.44,3751.13,3864.47998,,0.017110283937840975,0.017110283937840975,0.5462139354886127
2024-05-28,3868.15,3921.2,3839.03,3854.57007,,-0.002564357960524344,-0.002564357960524344,0.5448132474349933
2024-05-29,3821.11,3823.96,3747.54,3765.23999,,-0.023175108605562378,-0.023175108605562378,0.5321871412559381
2024-05-30,3752.11,3809.28,3735.63,3752.76001,,-0.0033145244481481706,-0.0033145244481481706,0.5304231939652553
2024-05-31,3814.42,3847.12,3684.85,3690.76001,,-0.016521173705429715,-0.016521173705429715,0.5216599802403665
2024-06-03,3744.43,3820.06,3740.46,3784.04004,,0.02527393538113043,0.02527393538113043,0.5348443808718832
2024-06-04,3756.14,3813.27,3756.14,3796.16992,,0.003205536905471096,0.003205536905471096,0.5365588442734518
2024-06-05,3797.23,3867.64,3786.23,3807.72998,,0.0030451903480654963,0.0030451903480654963,0.5381927680872025
2024-06-06,3859.91,3886.31,3813.28,3840.65991,,0.008648178881633717,0.008648178881633717,0.5428471554184222
2024-06-07,3855.81,3855.81,3755.79,3772.46997,,-0.01775474569421065,-0.01775474569421065,0.5332090422231426
2024-06-11,3723.44,3772.83,3696.64,3755.41992,,-0.00451959860133766,-0.00451959860133766,0.5307991513816902
2024-06-12,3724.16,3747.85,3682.51,3691.28003,,-0.017079285769991848,-0.017079285769991848,0.5217334809887731
2024-06-13,3743.45,3755.36,3696.78,3739.13989,,0.012965654085041134,0.012965654085041134,0.528498096827858
2024-06-14,3726.97,3735.1,3697.13,3707.62012,,-0.00842968461391258,-0.00842968461391258,0.5240430245525461
2024-06-17,3686.11,3739.72,3666.04,3709.3501,,0.0004666012007723541,0.0004666012007723541,0.5242875436570588
2024-06-18,3718.85,3751.66,3682.05,3697.20996,,-0.003272848254469163,-0.003272848254469163,0.5225716300849608
2024-06-19,3736.26,3835.05,3728.75,3832.32007,,0.03654380234332155,0.03654380234332155,0.541668384445013
2024-06-20,3838.32,3838.32,3753.25,3767.87988,,-0.016814929030706027,-0.016814929030706027,0.532560269002393
2024-06-21,3720.72,3734.62,3674.31,3701.3999,,-0.01764386926262629,-0.01764386926262629,0.5231638452416456
2024-06-24,3671.57,3678.56,3619.76,3677.51001,,-0.006454285039560248,-0.006454285039560248,0.5197871966620636
2024-06-25,3689.43,3701.59,3624.48,3655.45996,,-0.005995918417636026,-0.005995918417636026,0.5166705950363462
2024-06-26,3639.75,3709.21,3634.27,3689.67993,,0.009361330824151581,0.009361330824151581,0.5215073194035926
2024-06-27,3666.5,3668.67,3580.68,3588.86011,,-0.027324814594419267,-0.027324814594419267,0.5072572285912569
2024-06-28,3546.7,3614.55,3546.7,3554.44995,,-0.009588047164089675,-0.009588047164089675,0.5023936223591985
2024-07-02,3538.13,3596.2,3521.5,3539.12988,,-0.00431010992291514,-0.00431010992291514,0.5002282506222588
2024-07-03,3564.64,3638.23,3553.24,3626.92993,,0.024808371824997844,0.024808371824997844,0.5126380990610641
2024-07-04,3692.42,3710.87,3634.59,3649.66992,,0.0062697627025840585,0.0062697627025840585,0.5158522182944807
2024-07-05,3649.82,3666.8,3577.29,3596.80005,,-0.014486205919684969,-0.014486205919684969,0.5083794768361406
2024-07-08,3589.7,3621.36,3545.76,3566.62988,,-0.008388058713466706,-0.008388058713466706,0.5041151599357176
2024-07-09,3562.73,3624.56,3539.6,3600.8999,,0.009608515924842687,0.009608515924842687,0.5089589584779146
2024-07-10,3639.26,3679.96,3596.58,3600.48999,,-0.00011383543319265499,-0.00011383543319265499,0.5089010209143989
2024-07-11,3637.7,3703.7,3633.46,3696.48999,,0.026663037605056727,0.026663037605056727,0.5224698679722913
2024-07-12,3746.43,3787.33,3736.31,3782.08008,,0.023154422230695637,0.023154422230695637,0.5345673558981375
2024-07-15,3736.34,3747.86,3661.1,3672.58008,,-0.02895232191910646,-0.02895232191910646,0.5190903897227291
2024-07-16,3626.02,3641.16,3600.35,3622.84009,,-0.013543609374475518,-0.013543609374475518,0.5120600322542802
2024-07-17,3638.92,3678.67,3617.08,3640.87988,,0.004979460741254993,0.004979460741254993,0.5146098150820562
2024-07-18,3598.75,3640.12,3571.76,3613.12988,,-0.00762178399579605,-0.00762178399579605,0.5106875702293842
2024-07-19,3571.22,3589.28,3527.52,3536.54004,,-0.021197643744818806,-0.021197643744818806,0.4998621970507546
2024-07-22,3550.52,3625.8,3532.28,3610.70996,,0.020972453064606045,0.020972453064606045,0.5103455335171724
2024-07-23,3634.67,3639.61,3537.28,3545.09009,,-0.0181736751849213,-0.0181736751849213,0.501070679558956
2024-07-24,3539.9,3561.64,3469.42,3491.19995,,-0.01520134570120335,-0.01520134570120335,0.4934537309382434
2024-07-25,3461.91,3467.24,3408.05,3421.26001,,-0.020033209498642512,-0.020033209498642512,0.4835682689684708
2024-07-26,3443.65,3476.47,3410.75,3443.72998,,0.006567746951217535,0.006567746951217535,0.48674422299269404
2024-07-29,3491.95,3509.46,3455.01,3466.6001,,0.006641089787184695,0.006641089787184695,0.489976735080982
2024-07-30,3464.69,3464.69,3401.82,3414.04004,,-0.015161846905848875,-0.015161846905848875,0.48254778283625654
2024-07-31,3419.78,3535.14,3411.49,3516.87012,,0.03011976391466109,0.03011976391466109,0.4970820081328277
2024-08-01,3503.51,3518.85,3461.8,3476.58008,,-0.011456220623808466,-0.011456220623808466,0.4913873269795323
2024-08-02,3417.5,3435.91,3356.8,3385.6001,,-0.02616939000582441,-0.02616939000582441,0.4785280203758854
2024-08-05,3333.7,3426.32,3272.06,3339.41992,,-0.013640175636809637,-0.013640175636809637,0.47200081413082345
2024-08-06,3392.21,3409.6,3322.3,3342.52002,,0.0009283348827842097,0.0009283348827842097,0.4724389889512836
2024-08-07,3361.6,3419.36,3346.18,3382.41992,,0.011937071359710227,0.011937071359710227,0.4780785268755044
2024-08-08,3346.91,3422.3,3317.85,3366.67993,,-0.0046534701108311705,-0.0046534701108311705,0.47585380274005906
2024-08-09,3436.69,3483.23,3429.05,3436.80005,,0.020827676363045278,0.020827676363045278,0.4857647317396534
2024-08-12,3438.01,3448.67,3392.7,3429.84009,,-0.002025127996608256,-0.002025127996608256,0.48478099598164254
2024-08-13,3428.85,3453.13,3399.01,3429.68994,,-4.37775511569205e-05,-4.37775511569205e-05,0.48475977345679105
2024-08-14,3447.65,3453.13,3384.28,3395.69995,,-0.009910513951590594,-0.009910513951590594,0.4799555549587776
2024-08-15,3371.9,3434.14,3347.21,3384.37988,,-0.0033336484868164984,-0.0033336484868164984,0.4783555518492501
2024-08-16,3437.54,3469.42,3416.76,3459.09009,,0.022075007135428315,0.022075007135428315,0.4889152540695941
2024-08-19,3516.36,3563.68,3511.14,3517.09009,,0.01676741527133796,0.01676741527133796,0.4971130991670707
2024-08-20,3556.74,3556.74,3484.92,3498.08008,,-0.005405039255050759,-0.005405039255050759,0.49442618335187277
2024-08-21,3401.96,3437.84,3378.65,3434.38989,,-0.018207184667996534,-0.018207184667996534,0.48542407452689246
2024-08-22,3490.29,3513.66,3436.98,3508.61011,,0.021610889379831022,0.021610889379831022,0.4959145205038
2024-08-23,3451.18,3474.96,3435.28,3468.93994,,-0.011306519891433608,-0.011306519891433608,0.49030745311327306
2024-08-26,3490.43,3522.48,3479.4,3502.95996,,0.009807036324762652,0.009807036324762652,0.49511591611625677
2024-08-27,3455.61,3501.7,3438.76,3501.29004,,-0.00047671683920713637,-0.00047671683920713637,0.4948798860216847
2024-08-28,3478.9,3488.3,3425.73,3445.45996,,-0.015945574163287457,-0.015945574163287457,0.4869887420972067
2024-08-29,3388.7,3467.11,3365.47,3461.21997,,0.004574138194309407,0.004574138194309407,0.48921629590263227
2024-08-30,3476.13,3614.68,3470.22,3560.61011,,0.02871534917210128,0.02871534917210128,0.5032643126601584
2024-09-02,3539.86,3539.86,3477.95,3486.3999,,-0.020841992722421487,-0.020841992722421487,0.4927752815182409
2024-09-03,3486.02,3534.69,3472.02,3496.48999,,0.002894128697055187,0.002894128697055187,0.49420143660168225
2024-09-04,3467.45,3496.4,3439.94,3482.84009,,-0.0039038864801669293,-0.0039038864801669293,0.4922721302948539
2024-09-05,3479.47,3505.65,3461.11,3487.80005,,0.0014241136175734415,0.0014241136175734415,0.4929731817391587
2024-09-09,3450.98,3454.45,3410.82,3436.75,,-0.014636747883526091,-0.014636747883526091,0.4857576575647029
2024-09-10,3448.75,3467.59,3403.55,3450.72998,,0.004067790790718062,0.004067790790718062,0.48773361809066534
2024-09-11,3416.76,3457.0,3416.76,3450.91992,,5.504342591300393e-05,5.504342591300393e-05,0.487760464619938
2024-09-12,3479.79,3508.06,3473.66,3475.25,,0.007050317180353538,0.007050317180353538,0.49119933060354515
2024-09-13,3477.38,3528.77,3475.52,3479.80005,,0.0013092727141932325,0.0013092727141932325,0.49184244448433434
2024-09-16,3454.69,3497.45,3422.82,3497.44995,,0.005072101772054527,0.005072101772054527,0.49433711941857494
2024-09-17,3482.67,3545.31,3472.9,3536.57007,,0.011185326612036306,0.011185326612036306,0.4998664415557249
2024-09-19,3539.08,3669.72,3528.21,3651.56006,,0.03251455159207395,0.03251455159207395,0.516119374758835
2024-09-20,3649.32,3744.31,3638.47,3703.84009,,0.014317176533035214,0.014317176533035214,0.5235087469593769
2024-09-23,3699.23,3761.17,3688.69,3698.27002,,-0.0015038635212786255,-0.0015038635212786255,0.5227214612517544
2024-09-24,3785.98,3916.69,3755.15,3915.58008,,0.05875992256509166,0.05875992256509166,0.553436533838019
2024-09-25,4063.51,4063.51,3907.06,3924.44995,,0.00226527610693128,0.00226527610693128,0.5546902203948252
2024-09-26,3983.38,4222.65,3964.86,4209.70996,,0.07268789604515158,0.07268789604515158,0.5950094854721465
2024-09-27,4340.07,4516.58,4308.47,4453.24023,,0.05784965527648844,0.05784965527648844,0.6294305790929509
2024-09-30,4648.26,4841.82,4539.56,4751.81006,,0.06704552518605067,0.06704552518605067,0.6716310828363978
2024-10-02,4840.08,5252.53,4840.08,5157.08008,,0.08528750410533026,0.08528750410533026,0.7289128215710746
2024-10-03,5117.37,5118.05,4773.13,4978.64014,,-0.03460096357472098,-0.03460096357472098,0.7036917355827468
2024-10-04,4941.96,5233.98,4885.22,5227.12988,,0.04991116710837429,0.04991116710837429,0.7388138113901991
2024-10-07,5298.43,5451.53,5236.09,5386.47998,,0.030485200034861215,0.030485200034861215,0.7613366982189476
2024-10-08,5293.05,5293.05,4611.45,4695.81006,,-0.12822286958541718,-0.12822286958541718,0.6637159220526273
2024-10-09,4819.86,4908.88,4502.93,4640.75,,-0.011725359266341329,-0.011725359266341329,0.6559336144157693
2024-10-10,4772.82,4862.17,4675.69,4736.1001,,0.020546269460755218,0.020546269460755218,0.6694106032059228
2024-10-14,4702.61,4723.73,4512.14,4668.18018,,-0.014340896215432442,-0.014340896215432442,0.6598106552198366
2024-10-15,4654.12,4682.83,4405.29,4450.9502,,-0.046534189260878156,-0.046534189260878156,0.6291069013134927
2024-10-16,4391.14,4482.95,4368.95,4402.37012,,-0.010914541348946316,-0.010914541348946316,0.6222404880261991
2024-10-17,4449.39,4547.31,4319.17,4349.77002,,-0.011948132157502345,-0.011948132157502345,0.6148058764415133
2024-10-18,4337.24,4661.64,4329.92,4600.8501,,0.05772261035538606,0.05772261035538606,0.6502940764915485
2024-10-21,4580.65,4637.44,4483.22,4491.8999,,-0.02368044983686801,-0.02368044983686801,0.6348948202339779
2024-10-22,4508.46,4565.24,4476.88,4521.62988,,0.006618575805751981,0.006618575805751981,0.6390969197303757
2024-10-23,4527.01,4669.85,4506.28,4605.62012,,0.01857521341397339,0.01857521341397339,0.6509682814065806
2024-10-24,4543.32,4570.36,4473.35,4483.99023,,-0.026409014819051002,-0.026409014819051002,0.633776850416182
2024-10-25,4492.6,4593.12,4492.6,4538.02979,,0.012051667650488929,0.012051667650488929,0.6414149183819715
2024-10-28,4563.74,4601.07,4516.73,4574.06982,,0.007941779068841193,0.007941779068841193,0.6465088939552199
2024-10-29,4648.47,4701.0,4601.52,4623.83984,,0.010880905180411071,0.010880905180411071,0.6535434959286391
2024-10-30,4581.18,4610.33,4491.61,4513.68018,,-0.02382428107630985,-0.02382428107630985,0.6379732919860411
2024-10-31,4527.34,4578.4,4499.1499,4499.1499,,-0.0032191647215908947,-0.0032191647215908947,0.6359195508711625
2024-11-01,4504.48,4548.66,4454.93,4483.91016,,-0.003387248777819152,-0.003387248777819152,0.6337655331496829
2024-11-04,4512.24,4554.36,4501.09,4532.18018,,0.010765162163730801,0.010765162163730801,0.6405881218878224
2024-11-05,4486.17,4694.48,4486.17,4693.8501,,0.03567155620013307,0.03567155620013307,0.6634388970788816
2024-11-06,4646.37,4667.9,4525.36,4574.5,,-0.02542690913798029,-0.02542690913798029,0.646569696524255
2024-11-07,4532.54,4687.5,4508.4,4677.64014,,0.02254675702262543,0.02254675702262543,0.6611477463699802
2024-11-08,4786.41,4838.38,4658.69,4668.25977,,-0.002005363755921752,-0.002005363755921752,0.6598219046421004
2024-11-11,4524.49,4670.15,4524.49,4651.70996,,-0.003545177606943617,-0.003545177606943617,0.6574827188011924
2024-11-12,4627.54,4680.41,4442.54,4456.85986,,-0.041887843755417764,-0.041887843755417764,0.6299421854041608
2024-11-13,4393.88,4461.15,4363.62,4455.66992,,-0.0002669906699734881,-0.0002669906699734881,0.6297739967180351
2024-11-14,4388.38,4463.34,4294.34,4318.31982,,-0.03082591450131489,-0.03082591450131489,0.6103606373400536
2024-11-15,4322.0,4394.32,4288.01,4327.83984,,0.002204565756317667,0.002204565756317667,0.6117062175001378
2024-11-18,4379.19,4405.57,4318.19,4341.52979,,0.0031632293490786445,0.0031632293490786445,0.6136411845603481
2024-11-19,4381.92,4413.08,4341.87,4395.04004,,0.012325206226444063,0.012325206226444063,0.6212044387090938
2024-11-20,4372.37,4436.01,4364.57,4413.08008,,0.004104636097922665,0.004104636097922665,0.623754256872409
2024-11-21,4393.04,4417.09,4347.05,4358.1499,,-0.01244712967003292,-0.01244712967003292,0.6159903067548831
2024-11-22,4366.18,4400.54,4226.58,4246.2002,,-0.025687436772195538,-0.025687436772195538,0.6001670946978317
2024-11-25,4275.4,4287.7,4195.27,4235.31006,,-0.0025646788863135095,-0.0025646788863135095,0.5986278588218
2024-11-26,4203.9,4265.98,4203.9,4221.99023,,-0.0031449480230024696,-0.0031449480230024696,0.5967452053206842
2024-11-27,4233.08,4394.02,4188.74,4374.43994,,0.03610849426337959,0.03610849426337959,0.6182927761437055
2024-11-28,4379.81,4379.81,4301.36,4307.75,,-0.015245366473130795,-0.015245366473130795,0.6088666761837053
2024-11-29,4309.31,4431.75,4304.34,4353.54981,,0.010631956357727512,0.010631956357727512,0.615340120112565
2024-12-02,4355.64,4425.39,4343.37,4405.9502,,0.012036244510086336,0.012036244510086336,0.6227465042551057
2024-12-03,4413.91,4433.95,4342.7,4417.99023,,0.00273267500844665,0.00273267500844665,0.6244482680638811
2024-12-04,4428.08,4444.9,4381.72,4404.04004,,-0.0031575873358146156,-0.0031575873358146156,0.6224765181207712
2024-12-05,4366.96,4388.43,4347.1,4370.22022,,-0.007679271689818634,-0.007679271689818634,0.6176963518175895
2024-12-06,4387.48,4472.69,4352.64,4464.6499,,0.02160753354438505,0.02160753354438505,0.6310432464597324
2024-12-09,4429.05,4664.33,4416.38,4656.79981,,0.04303806889763062,0.04303806889763062,0.6582021291782509
2024-12-10,4854.34,4854.34,4588.16,4591.93994,,-0.013927991892784486,-0.013927991892784486,0.6490346952592427
2024-12-11,4613.12,4646.55,4511.77,4531.58008,,-0.013144740738921912,-0.013144740738921912,0.6405033024594948
2024-12-12,4551.33,4659.95,4521.73,4600.81982,,0.015279381314607487,0.015279381314607487,0.6502897966510389
2024-12-13,4554.23,4567.79,4458.21,4479.6001,,-0.0263474173609346,-0.0263474173609346,0.6331563399731167
2024-12-16,4480.32,4503.39,4391.73,4414.7002,,-0.014487878058579207,-0.014487878058579207,0.6239832481275698
2024-12-17,4387.62,4472.97,4360.96,4389.08008,,-0.0058033657642256875,-0.0058033657642256875,0.6203620451079359
2024-12-18,4453.89,4489.4,4432.4,4468.8501,,0.01817465586091571,0.01817465586091571,0.6316369117869465
2024-12-19,4393.09,4469.47,4388.02,4439.47022,,-0.0065743713354805555,-0.0065743713354805555,0.6274842961796628
2024-12-20,4432.72,4487.66,4429.6,4444.18994,,0.0010631268521044124,0.0010631268521044124,0.6281513915842053
2024-12-23,4481.46,4497.18,4437.59,4457.8501,,0.0030737120115076344,0.0030737120115076344,0.6300821480615629
2024-12-24,4468.71,4528.57,4459.54,4507.6499,,0.011171259437368963,0.011171259437368963,0.6371209592044134
2024-12-27,4524.99,4578.15,4517.96,4538.58984,,0.006863873789310748,0.006863873789310748,0.6414940770569171
2024-12-30,4546.01,4557.06,4484.78,4500.6001,,-0.008370384048627777,-0.008370384048627777,0.6361245252670307
2024-12-31,4484.54,4507.55,4468.10986,4468.10986,,-0.007219090627492153,-0.007219090627492153,0.6315322846687575
2025-01-02,4436.74,4447.02,4347.09,4357.52979,,-0.02474873569917102,-0.02474873569917102,0.6159026590699969
2025-01-03,4383.53,4453.29,4337.98,4403.12012,,0.010462425318267243,0.010462425318267243,0.622346494643839
2025-01-06,4432.58,4447.96,4377.26,4395.08008,,-0.0018259869776161564,-0.0018259869776161564,0.6212100980490541
2025-01-07,4352.61,4403.19,4275.81,4354.79981,,-0.009164854625356322,-0.009164854625356322,0.6155167978086313
2025-01-08,4351.86,4371.32,4252.04,4307.3999,,-0.010884521003963199,-0.010884521003963199,0.6088171922945911
2025-01-09,4304.76,4367.61,4296.09,4311.54004,,0.0009611691730779803,0.0009611691730779803,0.6094023686118646
2025-01-10,4335.01,4360.09,4251.77,4260.81982,,-0.011763829056311015,-0.011763829056311015,0.6022334633210036
2025-01-13,4222.99,4238.0,4168.04,4221.91992,,-0.009129674955370315,-0.009129674955370315,0.5967352675536359
2025-01-14,4227.99,4380.41,4227.43,4352.04004,,0.03082012981430493,0.03082012981430493,0.6151267259644129
2025-01-15,4329.76,4387.1,4315.24,4363.79004,,0.0026998832483167146,0.0026998832483167146,0.6167874963074361
2025-01-16,4423.63,4489.47,4361.22,4417.37012,,0.012278335921037886,0.012278335921037886,0.6243606203789949
2025-01-17,4410.14,4492.85,4392.29,4479.18994,,0.013994711405346472,0.013994711405346472,0.633098367074062
2025-01-20,4554.6,4638.85,4542.63,4595.2002,,0.0258998304501461,0.0258998304501461,0.6494955074395444
2025-01-21,4650.62,4722.07,4608.0,4693.72022,,0.021439766650428016,0.021439766650428016,0.6634205395595496
2025-01-22,4644.5,4669.78,4560.61,4581.08984,,-0.023995972218386785,-0.023995972218386785,0.6475011187231715
2025-01-23,4615.0,4659.78,4496.56,4515.47998,,-0.014321888959069051,-0.014321888959069051,0.6382276795999452
2025-01-24,4545.34,4675.81,4538.72,4657.60986,,0.031476139996085006,0.031476139996085006,0.6583166233924096
2025-01-27,4706.36,4751.66,4667.56,4687.33984,,0.0063830979608927585,0.0063830979608927585,0.6625187228888075
2025-01-28,4723.61,4731.86,4678.52,4723.62988,,0.007742139729301378,0.007742139729301378,0.6676480354146909
2025-02-03,4699.47,4741.5,4572.6,4737.45996,,0.0029278500541620733,0.0029278500541620733,0.669602808751341
2025-02-04,4828.96,4981.91,4821.49,4977.37988,,0.05064315519829754,0.05064315519829754,0.7035136077161511
2025-02-05,4975.78,4975.78,4845.33,4930.2002,,-0.00947881840194209,-0.00947881840194209,0.6968451299853146
2025-02-06,4926.54,5059.38,4918.92,5059.37988,,0.02620171083519085,0.02620171083519085,0.7151036645781008
2025-02-07,5051.92,5203.93,5038.31,5150.3501,,0.01798050791948036,0.01798050791948036,0.7279615916822967
2025-02-10,5187.88,5296.22,5187.11,5286.66016,,0.02646617362963366,0.02646617362963366,0.7472279495634648
2025-02-11,5307.29,5307.29,5133.62,5142.31006,,-0.02730459224373527,-0.02730459224373527,0.726825195087512
2025-02-12,5214.32,5281.72,5155.0,5281.18018,,0.02700539609235464,0.02700539609235464,0.7464533973707532
2025-02-13,5321.63,5503.4,5201.34,5235.27979,,-0.008691313008752699,-0.008691313008752699,0.7399657372477573
2025-02-14,5310.37,5526.22022,5300.01,5526.22022,,0.05557304321265333,0.05557304321265333,0.7810878851397097
2025-02-17,5599.12,5656.44,5394.26,5499.25977,,-0.004878641987959065,-0.004878641987959065,0.7772772369869809
2025-02-18,5519.19,5696.46,5494.27,5639.04981,,0.025419792089581783,0.025419792089581783,0.7970354627471545
2025-02-19,5576.09,5676.37,5510.92,5672.24023,,0.00588581784490394,0.00588581784490394,0.8017266682968129
2025-02-20,5610.81,5652.08,5466.24,5500.02002,,-0.030361938672685662,-0.030361938672685662,0.7773846923617285
2025-02-21,5684.94,5859.3,5605.26,5859.29981,,0.06532336040478648,0.06532336040478648,0.8281660727940378
2025-02-24,5864.55,5904.3,5740.13,5789.52002,,-0.011909236984410376,-0.011909236984410376,0.8183032467706851
2025-02-25,5540.42,5814.7,5537.54,5698.81982,,-0.01566627279751598,-0.01566627279751598,0.8054834848756824
2025-02-26,5763.62,6023.79,5760.25,5953.79004,,0.04474088110404595,0.04474088110404595,0.8415215257037779
2025-02-27,5963.87,6085.13,5764.73,5881.00977,,-0.01222419156722565,-0.01222419156722565,0.831234605365631
2025-02-28,5862.98,5862.98,5511.45,5568.14014,,-0.053199984736634676,-0.053199984736634676,0.7870129370476169
2025-03-03,5631.89,5701.09,5460.6,5535.85986,,-0.00579731816879181,-0.00579731816879181,0.7824503726485965
2025-03-04,5400.15,5590.14,5358.76,5535.64014,,-3.9690311090967434e-05,-3.9690311090967434e-05,0.7824193169498929
2025-03-05,5618.34,5770.8,5565.54,5757.93994,,0.04015792110359251,0.04015792110359251,0.8138396501498935
2025-03-06,5919.53,6090.37,5919.53,6068.77002,,0.05398286248883655,0.05398286248883655,0.8577730440718979
2025-03-07,6003.72,6195.4,5952.52,6037.43994,,-0.005162509025181339,-0.005162509025181339,0.8533447829903196
2025-03-10,6016.34,6076.28,5819.12,5885.49023,,-0.02516790419616166,-0.02516790419616166,0.8318678832457248
2025-03-11,5728.87,5991.32,5715.54,5967.22998,,0.013888350299750662,0.013888350299750662,0.8434211558113535
2025-03-12,6032.27,6075.31,5756.07,5845.35986,,-0.020423231618098336,-0.020423231618098336,0.826195770194614
2025-03-13,5867.63,5881.64,5644.68,5747.77002,,-0.016695266388611962,-0.016695266388611962,0.8124022117220705
2025-03-14,5826.21,5920.03,5714.6,5880.77979,,0.02314110855813256,0.02314110855813256,0.8312020994963979
2025-03-17,5920.63,5943.6,5822.02,5872.81006,,-0.0013552165332821886,-0.0013552165332821886,0.8300756406686615
2025-03-18,6038.3,6105.5,5980.77,6105.5,,0.0396215674647582,0.0396215674647582,0.8629645386662672
2025-03-19,6043.94,6096.9,5979.49,6041.18994,,-0.01053313569732206,-0.01053313569732206,0.8538748160785185
2025-03-20,6031.56,6031.56,5822.74,5836.27979,,-0.033918839174919335,-0.033918839174919335,0.8249123735164373
2025-03-21,5799.08,5854.78,5614.56,5639.56006,,-0.03370635697367752,-0.03370635697367752,0.7971075825826887
2025-03-24,5664.86,5762.83,5596.2,5736.83008,,0.017247802836592108,0.017247802836592108,0.8108559370066275
2025-03-25,5638.72,5671.59,5502.48,5517.52002,,-0.03822843921498886,-0.03822843921498886,0.7798581801066569
2025-03-26,5537.45,5606.98,5522.89,5573.04004,,0.010062495432504148,0.010062495432504148,0.787705499481981
2025-03-27,5588.57,5706.34,5495.53,5589.12012,,0.0028853336571397215,0.0028853336571397215,0.7899782926715505
2025-03-28,5605.34,5649.15,5455.21,5506.47022,,-0.0147876406707107,-0.0147876406707107,0.7782963775418621
2025-03-31,5439.5,5470.53,5335.85,5394.72022,,-0.020294307521016575,-0.020294307521016575,0.7625013915135342
2025-04-01,5441.99,5517.76,5395.9,5407.37988,,0.0023466759134360693,0.0023466759134360693,0.7642907351629605
2025-04-02,5398.7,5506.56,5359.83,5426.43994,,0.0035248235602045597,0.0035248235602045597,0.7669847251531089
2025-04-03,5257.91,5371.54,5250.64,5313.25977,,-0.02085716809757976,-0.02085716809757976,0.7509875958123146
2025-04-07,4721.03,4840.03,4363.55,4401.50977,,-0.17159898809163632,-0.17159898809163632,0.6221188843015506
2025-04-08,4547.38,4664.7,4415.76,4568.37988,,0.037912016267091175,0.037912016267091175,0.6457046655632557
2025-04-09,4373.62,4753.49,4296.16,4689.18994,,0.026444836719664355,0.026444836719664355,0.6627802200132014
2025-04-10,4875.02,4998.49,4765.5,4813.74023,,0.026561152692398782,0.026561152692398782,0.6803844266384736
2025-04-11,4787.95,4987.08,4746.34,4900.43018,,0.018008855039524985,0.018008855039524985,0.6926373711489563
2025-04-14,5053.59,5077.88,4977.77,5015.12012,,0.02340405551906044,0.02340405551906044,0.7088478946379025
2025-04-15,5057.81,5057.81,4916.57,4981.6001,,-0.0066837920524224215,-0.0066837920524224215,0.7041101027133454
2025-04-16,4908.68,4919.26,4735.35,4796.27979,,-0.037200960791694215,-0.037200960791694215,0.6779165303892704
2025-04-17,4790.56,4910.57,4774.46,4887.37012,,0.01899187161472904,0.01899187161472904,0.690791434099926
2025-04-22,4854.75,4919.74,4792.59,4899.20996,,0.00242253803360426,0.00242253803360426,0.6924649026223211
2025-04-23,5070.75,5079.37,4978.5,5049.3999,,0.030655950903561546,0.030655950903561546,0.7136930726795505
2025-04-24,5045.2,5064.65,4921.53,4975.89014,,-0.014558118084487592,-0.014558118084487592,0.7033030446514008
2025-04-25,5037.91,5082.97,4965.75,4982.95996,,0.0014208151307777417,0.0014208151307777417,0.7043023082587636
2025-04-28,5011.61,5016.25,4954.49,4988.93994,,0.0012000859023559851,0.0012000859023559851,0.7051475315299017
2025-04-29,5022.3,5089.21,4976.68,5019.72998,,0.00617165978550549,0.00617165978550549,0.7094994621930932
2025-04-30,5030.08,5091.46,4995.41,5087.41992,,0.013484777123410119,0.013484777123410119,0.7190669043099465
2025-05-02,5112.09,5264.91,5079.01,5244.06006,,0.030789701354158927,0.030789701354158927,0.7412067595473093
2025-05-06,5243.06,5269.04,5179.01,5239.5,,-0.0008695666998138618,-0.0008695666998138618,0.74056223083153
2025-05-07,5382.09,5396.54,5198.63,5200.04004,,-0.0075312453478385555,-0.0075312453478385555,0.7349848749757951
2025-05-08,5185.7,5293.57,5175.0,5228.91016,,0.005551903404189984,0.005551903404189984,0.7390654400052015
2025-05-09,5225.6,5225.6,5117.57,5180.25,,-0.009305985092694757,-0.009305985092694757,0.7321877080379872
2025-05-12,5291.67,5500.89,5215.13,5447.3501,,0.05156123739201779,0.05156123739201779,0.7699402122676512
2025-05-13,5431.61,5431.61,5253.63,5269.66016,,-0.03261951898410187,-0.03261951898410187,0.7448251328969631
2025-05-14,5352.68,5396.46,5319.53,5381.77979,,0.02127644413411267,0.02127644413411267,0.7606723632267284
2025-05-15,5374.16,5398.95,5274.39,5297.83984,,-0.01559706143234818,-0.01559706143234818,0.7488081096475916
2025-05-16,5247.34,5299.16,5235.53,5281.33984,,-0.0031144769374530368,-0.0031144769374530368,0.7464759640595163
2025-05-19,5227.54,5282.03,5162.83,5255.06006,,-0.004975968370935169,-0.004975968370935169,0.7427615232726928
2025-05-20,5266.61,5337.21,5243.02,5315.56006,,0.011512713329483892,0.011512713329483892,0.7513127237623021
2025-05-21,5330.25,5373.36,5317.53,5342.41016,,0.005051226906840789,0.005051226906840789,0.755107774808022
2025-05-22,5336.47,5344.69,5224.25,5251.75,,-0.01696989884430744,-0.01696989884430744,0.7422936722529798
2025-05-23,5255.49,5310.47,5217.21,5246.87012,,-0.0009291912219736576,-0.0009291912219736576,0.7416039394885958
2025-05-26,5229.96,5233.97,5138.85,5157.6499,,-0.01700446513053755,-0.01700446513053755,0.7289933611588927
2025-05-27,5130.9,5192.2,5102.18,5182.6001,,0.004837513302327734,0.004837513302327734,0.7325198762408074
2025-05-28,5209.46,5218.62,5145.35,5174.64014,,-0.0015359008695267073,-0.0015359008695267073,0.7313947983259436
2025-05-29,5177.62,5320.36,5161.15,5301.91992,,0.024596836988938886,0.024596836988938886,0.7493847969549247
2025-05-30,5234.93,5235.13,5145.07,5170.43018,,-0.02480040098380054,-0.02480040098380054,0.7307997534992785
2025-06-02,5101.67,5137.06,5009.66,5134.10986,,-0.007024622465746311,-0.007024622465746311,0.7256661611328856
2025-06-03,5162.05,5215.65,5154.64,5189.49023,,0.010786752038843384,0.010786752038843384,0.7334937420760054
2025-06-04,5171.78,5249.97,5170.12,5219.02002,,0.005690306502417197,0.005690306502417197,0.7376675462860228
2025-06-05,5269.58,5321.98,5251.68,5319.95996,,0.019340784211055784,0.019340784211055784,0.7519346151182398
2025-06-06,5327.04,5327.04,5245.45,5286.52002,,-0.006285750316060712,-0.006285750316060712,0.7472081418736034
2025-06-09,5337.75,5457.59,5335.82,5433.22998,,0.027751708013015408,0.027751708013015408,0.7679444440518274
2025-06-10,5455.63,5455.63,5335.16,5392.18994,,-0.007553525278898632,-0.007553525278898632,0.7621437562808921
2025-06-11,5403.96,5484.63,5399.42,5451.2002,,0.010943653813500598,0.010943653813500598,0.7704843937057512
2025-06-12,5389.56,5405.4,5319.98,5331.33008,,-0.02198967486096004,-0.02198967486096004,0.7535416924027177
2025-06-13,5280.57,5314.56,5192.45,5239.70996,,-0.017185227443279882,-0.017185227443279882,0.7405919070307829
2025-06-16,5207.61,5328.2,5185.65,5299.91016,,0.011489223727948472,0.011489223727948472,0.7491007331417677
2025-06-17,5314.09,5339.13,5258.11,5291.8501,,-0.0015207918165920375,-0.0015207918165920375,0.7479615068770026
2025-06-18,5261.42,5261.42,5194.49,5214.41016,,-0.014633812095319776,-0.014633812095319776,0.7370159787308324
2025-06-19,5187.07,5196.76,5071.54,5088.31982,,-0.024181131926913957,-0.024181131926913957,0.7191940981168984
2025-06-20,5103.67,5133.14014,5089.6,5133.14014,,0.00880847147693653,0.00880847147693653,0.7255290988165423
2025-06-23,5077.86,5189.03,5053.74,5187.00977,,0.010494478726621903,0.010494478726621903,0.7331431485096176
2025-06-24,5236.95,5326.63,5236.95,5297.95996,,0.021390009836052437,0.021390009836052437,0.7488250876674728
2025-06-25,5345.49,5393.06,5323.5,5359.02002,,0.01152520224029785,0.01152520224029785,0.7574554482454492
2025-06-26,5331.29,5381.72,5306.8,5345.16016,,-0.0025862676288340714,-0.0025862676288340714,0.755496465739368
2025-06-27,5363.68,5393.99,5323.86,5341.43018,,-0.0006978238047782304,-0.0006978238047782304,0.7549692623211492
2025-06-30,5351.99,5380.49,5297.63,5302.81982,,-0.007228468537241239,-0.007228468537241239,0.7495119907618766
2025-07-02,5359.67,5362.18,5256.22,5269.10986,,-0.006356987630026678,-0.006356987630026678,0.7447473523080467
2025-07-03,5277.1,5279.69,5192.12,5233.70996,,-0.0067183833589682385,-0.0067183833589682385,0.7397438540896647
2025-07-04,5194.33,5277.86,5129.52,5216.25977,,-0.0033341912588523703,-0.0033341912588523703,0.7372774065975691
2025-07-07,5192.47,5236.09,5157.28,5229.56006,,0.0025497752386669514,0.0025497752386669514,0.7391572982729402
2025-07-08,5244.31,5328.53,5235.95,5325.9502,,0.018431787548874645,0.018431787548874645,0.7527812885599072
2025-07-09,5300.65,5300.65,5217.75,5231.99023,,-0.01764191674191773,-0.01764191674191773,0.7395007837422598
2025-07-10,5218.31,5240.13,5190.39,5216.6001,,-0.0029415441014691845,-0.0029415441014691845,0.7373255095738109
2025-07-11,5202.21,5328.93,5202.21,5248.47998,,0.00611123708715966,0.00611123708715966,0.7418314805732273
2025-07-14,5240.48,5298.2,5226.63,5283.5,,0.006672411847515436,0.006672411847515436,0.746781285733064
2025-07-15,5297.89,5435.94,5273.45,5431.29004,,0.027971995836093555,0.027971995836093555,0.7676702487480619
2025-07-16,5479.44,5531.27,5414.91,5418.3999,,-0.0023733109270664965,-0.0023733109270664965,0.7658483285583242
2025-07-17,5417.48,5471.47,5401.41,5448.8501,,0.005619777159673989,0.005619777159673989,0.7701522255029307
2025-07-18,5520.07,5550.49,5473.54,5538.83008,,0.016513572285646205,0.016513572285646205,0.7828701899497246
2025-07-21,5604.06,5604.06,5537.83,5585.5,,0.008425952651719637,0.008425952651719637,0.7894666171026837
2025-07-22,5589.82,5613.47,5552.32,5606.83008,,0.0038188309014410837,0.0038188309014410837,0.7924814566157317
2025-07-23,5675.95,5759.51,5624.91,5745.74023,,0.024775166719516628,0.024775166719516628,0.8121153168255117
2025-07-24,5730.8,5802.88,5729.35,5743.0,,-0.0004769150519010612,-0.0004769150519010612,0.8117280068070383
2025-07-25,5713.59,5713.59,5641.22,5677.8999,,-0.011335556329444496,-0.011335556329444496,0.8025266182616895
2025-07-28,5699.07,5705.04,5639.12,5664.02002,,-0.002444544681036054,-0.002444544681036054,0.800564806085628
2025-07-29,5631.56,5649.42,5550.62,5644.37988,,-0.003467526585472669,-0.003467526585472669,0.7977888263371322
2025-07-30,5540.85,5591.71,5466.0,5490.75977,,-0.027216472538343917,-0.027216472538343917,0.77607582865373
2025-07-31,5458.8,5519.44,5418.1,5453.14014,,-0.006851443438764648,-0.006851443438764648,0.7707585890095167
2025-08-01,5447.96,5489.83,5397.3999,5397.3999,,-0.010221677523218786,-0.010221677523218786,0.7628801432644102
2025-08-04,5361.98,5489.99,5350.7,5481.25,,0.015535276531946307,0.015535276531946307,0.7747316972507537
2025-08-05,5489.47,5521.07,5471.26,5521.06982,,0.007264733409350077,0.007264733409350077,0.7803599164950538
2025-08-06,5503.81,5545.81,5478.02,5532.16992,,0.002010498030615482,0.002010498030615482,0.7819288285703383
2025-08-07,5546.84,5571.93,5484.33,5546.72998,,0.0026318895136177023,0.0026318895136177023,0.783986778854648
2025-08-08,5500.85,5509.05,5449.73,5460.29981,,-0.015582184514415398,-0.015582184514415398,0.7717705522096727
2025-08-11,5470.92,5477.51,5420.02,5460.02002,,-5.124077609952593e-05,-5.124077609952593e-05,0.7717310060876067
2025-08-12,5427.81,5459.43,5397.85,5439.16016,,-0.00382047317108547,-0.00382047317108547,0.7687826284835542
2025-08-13,5490.46,5630.78,5487.42,5630.77979,,0.035229635525201974,0.035229635525201974,0.7958665602831366
2025-08-14,5669.47,5669.47,5557.74,5576.02979,,-0.009723342421814052,-0.009723342421814052,0.7881280771954323
2025-08-15,5509.09,5546.76,5495.26,5543.16992,,-0.005893058544796492,-0.005893058544796492,0.7834835922957217
2025-08-18,5565.54,5671.34,5565.54,5579.18018,,0.006496329811228385,0.006496329811228385,0.7885733601129608
2025-08-19,5592.3,5594.97,5524.1,5542.02979,,-0.006658754297481861,-0.006658754297481861,0.7833224438624288
2025-08-20,5500.58,5561.76,5468.33,5541.27002,,-0.0001370923702667115,-0.0001370923702667115,0.7832150563319167
2025-08-21,5539.65,5539.65,5469.66,5498.5,,-0.007718450796591947,-0.007718450796591947,0.7771698494564687
2025-08-22,5553.03,5649.62,5524.34,5647.68018,,0.02713106847322,0.02713106847322,0.7982552978573944
2025-08-25,5731.7,5847.95,5731.7,5825.08984,,0.03141283754491897,0.03141283754491897,0.8233307618483596
2025-08-26,5780.95,5853.85,5755.81,5782.24023,,-0.007356042769633753,-0.007356042769633753,0.817274305550648
2025-08-27,5814.33,5856.4,5679.11,5697.52979,,-0.01465010733391836,-0.01465010733391836,0.8053011492530774
2025-08-28,5641.28,5675.84,5566.87,5644.02002,,-0.009391749051302356,-0.009391749051302356,0.797737962948567
2025-08-29,5689.24,5734.52,5628.2,5674.31006,,0.0053667492129130245,0.0053667492129130245,0.802019222533332
2025-09-01,5792.25,5820.39,5747.34,5798.95996,,0.021967410783329644,0.021967410783329644,0.8196375082508485
2025-09-02,5792.84,5798.76,5690.81,5728.45996,,-0.01215735243669458,-0.01215735243669458,0.8096728861927087
2025-09-03,5785.33,5799.78,5665.64,5683.74023,,-0.007806588561718786,-0.007806588561718786,0.803352103100623
2025-09-04,5725.64,5725.98,5553.61,5578.85986,,-0.018452702930795373,-0.018452702930795373,0.7885280853932775
2025-09-05,5602.56,5709.74,5585.88,5687.4502,,0.019464611538028587,0.019464611538028587,0.803876478262283
2025-09-08,5693.99,5766.43,5666.09,5753.75,,0.01165720976334872,0.01165720976334872,0.8132474349932085
2025-09-09,5786.76,5863.49,5768.89,5828.74023,,0.013033279165761469,0.013033279165761469,0.8238467158443146
2025-09-10,5869.81,5957.48,5862.38,5902.68994,,0.012687082814119455,0.012687082814119455,0.8342989273543717
2025-09-11,5845.38,5931.55,5805.07,5888.77002,,-0.0023582333040519377,-0.0023582333040519377,0.8323314558383498
2025-09-12,6004.74,6042.61,5976.52,5989.27002,,0.017066382225604304,0.017066382225604304,0.8465363426020809
2025-09-15,5982.4,6077.71,5972.97,6043.60986,,0.009072865277161002,0.009072865277161002,0.8542168527907302
2025-09-16,6070.77,6116.9,6010.44,6077.66016,,0.0056340996174100155,0.0056340996174100155,0.8590295956342235
2025-09-17,6133.1,6351.52,6133.1,6334.24023,,0.042216916254824044,0.042216916254824044,0.8952951761335288
2025-09-18,6334.32,6461.04,6179.19,6271.22022,,-0.009949103240752821,-0.009949103240752821,0.8863877919952283
2025-09-19,6298.91,6367.98,6228.73,6294.41992,,0.003699391695098253,0.003699391695098253,0.889666887631572
2025-09-22,6251.88,6284.5,6204.47,6257.91016,,-0.005800337515454501,-0.005800337515454501,0.8845065194069849
2025-09-23,6271.36,6274.09,6093.39,6167.06006,,-0.0145176421005061,-0.0145176421005061,0.87166557032267
2025-09-24,6133.64,6331.86,6114.37,6323.1499,,0.025310251316086774,0.025310251316086774,0.8937276449711168
2025-09-25,6314.74,6448.64,6304.56,6379.18994,,0.008862677761284798,0.008862677761284798,0.9016484650948478
2025-09-26,6317.6,6357.43,6172.25,6195.10986,,-0.028856340966702865,-0.028856340966702865,0.8756301895539665
2025-09-29,6236.69,6338.74,6236.69,6324.25,,0.020845496354119586,0.020845496354119586,0.8938831354778708
2025-09-30,6345.96,6475.92,6326.61,6465.66016,,0.022359988931493824,0.022359988931493824,0.913870352493205
2025-10-02,6483.22,6715.46,6481.58,6682.85986,,0.03359281103942213,0.03359281103942213,0.9445698265590393
2025-10-03,6653.26,6665.56,6561.09,6622.8501,,-0.008979652612377209,-0.008979652612377209,0.9360879176484057
2025-10-06,6548.8,6604.6,6508.43,6550.29981,,-0.010954542063393413,-0.010954542063393413,0.9258335031794919
2025-10-08,6543.4,6543.4,6405.16,6514.18994,,-0.005512704921517231,-0.005512704921517231,0.9207296562700088
2025-10-09,6540.81,6605.73,6417.81,6471.33984,,-0.006577962938550841,-0.006577962938550841,0.9146731307146401
2025-10-10,6380.88,6380.88,6241.75,6259.75,,-0.03269645007547617,-0.03269645007547617,0.8847665663608494
2025-10-13,6107.65,6199.16,5952.83,6145.50977,,-0.01824996685171143,-0.01824996685171143,0.8686196058532614
2025-10-14,6180.08,6205.98,5894.47,5923.25977,,-0.03616461584439068,-0.03616461584439068,0.8372063114926721
2025-10-15,6000.9,6095.18,5939.48,6075.27002,,0.02566327594982387,0.02566327594982387,0.8586917680914428
2025-10-16,6066.47,6094.72,5940.72,6003.56006,,-0.011803583999382528,-0.011803583999382528,0.8485561276771971
2025-10-17,5999.48,5999.48,5732.75,5760.37988,,-0.0405059960372911,-0.0405059960372911,0.8141845165320855
2025-10-20,5984.8,5984.8,5887.81,5933.16992,,0.02999629253617897,0.02999629253617897,0.8386070334684094
2025-10-21,6042.07,6115.0,5999.0,6007.93994,,0.0126020358439356,0.0126020358439356,0.8491751893631547
2025-10-22,5958.63,5979.51,5867.12,5923.08984,,-0.014122994045776105,-0.014122994045776105,0.8371822932199581
2025-10-23,5882.92,5992.66,5818.47,5951.4502,,0.004788102285478768,0.004788102285478768,0.841190807671487
2025-10-24,6032.41,6066.36,5994.59,6059.89014,,0.018220759034495604,0.018220759034495604,0.8565179426801018
2025-10-27,6184.65,6184.74,6098.81,6171.08008,,0.01834850755231665,0.01834850755231665,0.8722337686200624
2025-10-28,6198.68,6198.68,6070.05,6093.43994,,-0.01258128868747388,-0.01258128868747388,0.8612599437740901
2025-10-30,6125.63,6162.47,5991.08,6051.75977,,-0.006840170808346535,-0.006840170808346535,0.8553687786482884
2025-10-31,6012.57,6014.49,5908.08,5908.08008,,-0.0237418032870792,-0.0237418032870792,0.8350607813677116
2025-11-03,5936.28,5948.84,5855.16,5922.47998,,0.002437323090583421,0.002437323090583421,0.8370960942921797
2025-11-04,5911.07,5961.02,5798.75,5818.29004,,-0.01759228234655852,-0.01759228234655852,0.8223696634501904
2025-11-05,5716.54,5805.55,5651.15,5785.8501,,-0.005575510979511145,-0.005575510979511145,0.8177845323624069
2025-11-06,5822.19,5955.13,5792.95,5944.22022,,0.027371970801663315,0.027371970801663315,0.8401689067042826
2025-11-07,5894.98,5899.5,5817.64,5837.35986,,-0.017977187258382044,-0.017977187258382044,0.8250650329397896
2025-11-10,5858.41,5924.48,5803.22,5915.56006,,0.013396501479352008,0.013396501479352008,0.8361180178741292
2025-11-11,5962.02,5970.68,5856.72,5924.39014,,0.0014926870677398618,0.0014926870677398618,0.8373660804265142
2025-11-12,5939.69,5973.6,5876.72,5933.99023,,0.0016204351457516086,0.0016204351457516086,0.8387229778530976
2025-11-13,5885.22,6025.53,5869.96,5981.29981,,0.007972642044609568,0.007972642044609568,0.8454098159301092
2025-11-14,5848.48,5907.94,5795.8,5812.79981,,-0.028171134260531194,-0.028171134260531194,0.8215936625003711
2025-11-17,5771.51,5834.38,5721.83,5756.87988,,-0.009620136909548882,-0.009620136909548882,0.8136898189830998
2025-11-18,5684.81,5739.13,5613.99,5645.72998,,-0.019307316170717126,-0.019307316170717126,0.7979796523830994
2025-11-19,5666.89,5688.05,5579.31,5606.8999,,-0.006877778451600647,-0.006877778451600647,0.7924913251251232
2025-11-20,5646.28,5660.53,5510.11,5574.58984,,-0.00576255338533882,-0.00576255338533882,0.7879245515566718
2025-11-21,5451.51,5475.45,5361.74,5395.49023,,-0.03212785427097886,-0.03212785427097886,0.7626102263877327
2025-11-24,5456.61,5565.53,5410.07,5545.56006,,0.027813937863436555,0.027813937863436555,0.7838214198385024
2025-11-25,5624.61,5671.55,5559.13,5612.02979,,0.011986116691701687,0.011986116691701687,0.793216394842142
2025-11-26,5649.77,5669.58,5609.86,5618.35986,,0.001127946614125186,0.001127946614125186,0.7941111005889727
2025-11-27,5613.0,5679.45,5587.74,5598.04981,,-0.0036149428847725984,-0.0036149428847725984,0.7912404343161796
2025-11-28,5622.36,5631.27,5571.31,5599.10986,,0.0001893605873433124,0.0001893605873433124,0.7913902640695516
2025-12-01,5611.02,5666.28,5584.96,5644.75977,,0.008153065601752552,0.008153065601752552,0.797842520809099
2025-12-02,5687.49,5689.06,5596.5,5624.04004,,-0.0036706132491445276,-0.0036706132491445276,0.7949139494814863
2025-12-03,5595.53,5600.88,5524.25,5534.91992,,-0.015846281208196977,-0.015846281208196977,0.7823175195016842
2025-12-04,5546.3,5643.23,5501.88,5615.43018,,0.014545876212062714,0.014545876212062714,0.7936970132988836
2025-12-05,5592.19,5686.01,5552.03,5662.45996,,0.008375098343756715,0.008375098343756715,0.8003443038404078
2025-12-08,5666.99,5706.54,5644.67,5662.54981,,1.5867661870450078e-05,1.5867661870450078e-05,0.800357003433201
2025-12-09,5656.07,5668.24,5543.83,5554.68018,,-0.01904965671286518,-0.01904965671286518,0.7851104772700611
2025-12-10,5552.35,5582.96,5502.17,5581.1001,,0.0047563350442976216,0.0047563350442976216,0.7888447257467459
2025-12-11,5611.93,5626.77,5516.21,5534.58984,,-0.008333529083271562,-0.008333529083271562,0.78227086528255
2025-12-12,5591.15,5649.28,5549.64,5638.04981,,0.018693340065106145,0.018693340065106145,0.7968941205903015
2025-12-15,5562.67,5582.46,5494.31,5498.41992,,-0.0247656361162939,-0.0247656361162939,0.7771585307765481
2025-12-16,5467.76,5480.59,5348.31,5402.50977,,-0.017443220306098572,-0.017443220306098572,0.7636023833114488
2025-12-17,5407.36,5479.99,5381.73,5457.9502,,0.010261976814528007,0.010261976814528007,0.7714384532645092
2025-12-18,5397.34,5432.9,5367.13,5418.29004,,-0.007266493563829246,-0.007266493563829246,0.7658328007089723
2025-12-19,5461.92,5505.14,5432.41,5479.04004,,0.011212024375129248,0.011212024375129248,0.7744193367377947
2025-12-22,5512.54,5552.72,5498.85,5526.83008,,0.008722338156156306,0.008722338156156306,0.781174084067488
2025-12-23,5534.54,5534.54,5466.63,5488.89014,,-0.006864683634348223,-0.006864683634348223,0.775811571117013
2025-12-24,5492.83,5523.28,5484.11,5499.29981,,0.0018964981507172407,0.0018964981507172407,0.7772828963269415
2025-12-29,5547.79,5619.63,5483.00977,5483.00977,,-0.0029622025644753247,-0.0029622025644753247,0.774980426938119
2025-12-30,5503.61,5597.87,5503.61,5578.37988,,0.017393751607340358,0.017393751607340358,0.7884602439848313
2025-12-31,5566.24,5581.97,5493.15,5515.97998,,-0.011186025574149383,-0.011186025574149383,0.7796405075314169
2026-01-02,5547.85,5753.28,5530.99,5736.43994,,0.039967505465819286,0.039967505465819286,0.810800793777553
2026-01-05,5755.28,5786.6,5707.73,5741.63,,0.0009047527829604274,0.0009047527829604274,0.8115343680521496
2026-01-06,5787.01,5875.32,5784.54,5825.25977,,0.01456551014259011,0.01456551014259011,0.8233547801210737
2026-01-07,5809.01,5810.83,5687.01,5738.52002,,-0.014890280163419978,-0.014890280163419978,0.8110947967711798
2026-01-08,5713.53,5713.53,5614.59,5678.33984,,-0.010487055859395689,-0.010487055859395689,0.8025888003301752
2026-01-09,5699.97,5737.22,5661.28,5687.14014,,0.001549801570171816,0.001549801570171816,0.8038326537131292
2026-01-12,5737.43,5863.61,5698.16,5863.2002,,0.030957573695379326,0.030957573695379326,0.8287173623292058
2026-01-13,5976.22,6001.02,5827.58,5869.79004,,0.001123932285307161,0.001123932285307161,0.8296487845281222
2026-01-14,5894.63,5965.61,5837.53,5908.25977,,0.006553851115260745,0.006553851115260745,0.8350861791398764
2026-01-15,5875.78,5903.23,5788.09,5828.3501,,-0.013525077283458753,-0.013525077283458753,0.8237915740286613
2026-01-16,5883.37,5894.76,5791.76,5822.18018,,-0.0010586049043277423,-0.0010586049043277423,0.8229195042282507
2026-01-19,5777.07,5803.51,5741.51,5749.97998,,-0.012400887256635906,-0.012400887256635906,0.8127145722350294
2026-01-20,5737.11,5762.89,5662.19,5683.43994,,-0.011572221161020413,-0.011572221161020413,0.8033096594643415
2026-01-21,5643.62,5783.73,5641.33,5746.29981,,0.01106018021895383,0.01106018021895383,0.8121944090696436
2026-01-22,5795.0,5807.16,5712.75,5762.43994,,0.0028087866163739594,0.0028087866163739594,0.8144756898557322
2026-01-23,5817.51,5822.78,5757.29,5798.00977,,0.006172702947078168,0.006172702947078168,0.8195032063468282
2026-01-26,5801.15,5801.15,5686.47,5725.99023,,-0.012421424395081537,-0.012421424395081537,0.8093238092276641
2026-01-27,5734.9,5769.03,5682.78,5754.72022,,0.0050174710130443945,0.0050174710130443945,0.8133845679806305
2026-01-28,5786.66,5901.32,5772.67,5900.16016,,0.025273155677410175,0.025273155677410175,0.8339413627928081
2026-01-29,5853.59,5898.72,5805.6,5841.1001,,-0.010009907934431461,-0.010009907934431461,0.8255936865285377
2026-01-30,5789.49,5801.1,5716.52,5718.18018,,-0.021043967385527163,-0.021043967385527163,0.808219919915534
2026-02-02,5644.38,5644.38,5470.01,5526.31006,,-0.03355440261765252,-0.03355440261765252,0.7811005833190813
2026-02-03,5563.79,5579.3,5338.5,5467.25977,,-0.01068530164954229,-0.01068530164954229,0.7727542879676835
2026-02-04,5419.93,5432.47,5320.72,5366.43994,,-0.018440651119820406,-0.018440651119820406,0.7585041957419263
2026-02-05,5295.89,5421.74,5267.63,5406.12988,,0.007395953452150383,0.007395953452150383,0.7641140574668942
2026-02-06,5275.12,5397.32,5275.12,5346.2002,,-0.011085505034148402,-0.011085505034148402,0.7556434672361814
2026-02-09,5447.63,5459.9,5392.32,5417.6001,,0.013355261181577038,0.013355261181577038,0.765735283101273
2026-02-10,5461.96,5522.5,5441.48,5451.02979,,0.006170571726030527,0.006170571726030527,0.7704603075888017
2026-02-11,5462.7,5521.81,5450.21,5499.99023,,0.008981869827572764,0.008981869827572764,0.777380481778876
2026-02-12,5474.25,5476.48,5393.12,5408.97998,,-0.016547347575924687,-0.016547347575924687,0.764516896748141
2026-02-13,5323.14,5381.69,5310.84,5360.41992,,-0.00897767419727069,-0.00897767419727069,0.7576533131308277
2026-02-16,5350.25,5368.23,5253.64,5367.52002,,0.001324541753437769,0.001324541753437769,0.7586568565787001
2026-02-20,5330.61,5341.72,5211.5,5211.5,,-0.029067431405686683,-0.029067431405686683,0.7366046504396448
2026-02-23,5303.5,5420.96,5303.5,5385.3501,,0.033358936966324304,0.033358936966324304,0.7611769985427623
2026-02-24,5330.26,5330.26,5239.69,5270.7002,,-0.02128921943254891,-0.02128921943254891,0.7449721343937765
2026-02-25,5316.09,5325.58,5252.2,5260.5,,-0.0019352646921561023,-0.0019352646921561023,0.743530416125444
2026-02-26,5284.51,5284.51,5109.33,5109.33008,,-0.028736796882425697,-0.028736796882425697,0.7221637335813417
2026-02-27,5117.24,5185.26,5100.17,5137.83984,,0.005579940922509241,0.005579940922509241,0.7261933645511044
2026-03-02,5046.4,5088.25,4966.85,4989.37012,,-0.028897304046752836,-0.028897304046752836,0.7052083340989367
2026-03-03,5018.4,5031.42,4859.54,4876.52979,,-0.022616147386556262,-0.022616147386556262,0.6892592384767273
2026-03-04,4816.2,4881.69,4750.18,4829.5,,-0.00964411005884569,-0.00964411005884569,0.6826119465217816
2026-03-05,4907.05,4916.24,4769.92,4796.33008,,-0.006868189253545931,-0.006868189253545931,0.6779236384863385
2026-03-06,4818.81,4977.08,4798.23,4947.5,,0.03151783081618098,0.03151783081618098,0.6992903210304409
2026-03-09,4760.16,4947.49,4760.16,4941.72998,,-0.001166249621020743,-0.001166249621020743,0.6984747739585557
2026-03-10,5040.8,5060.53,4960.79,5060.52979,,0.02404012572131653,0.02404012572131653,0.7152661953376875
2026-03-11,5104.58,5124.55,5035.9,5054.8501,,-0.0011223508675363147,-0.0011223508675363147,0.7144634157028309
2026-03-12,5024.53,5088.59,4973.32,5027.64014,,-0.005382941029250188,-0.005382941029250188,0.710617501268546
2026-03-13,5006.29,5046.29,4963.02,4978.08008,,-0.009857519356984201,-0.009857519356984201,0.7036125754943795
2026-03-16,4988.47,5127.25,4935.85,5111.77979,,0.02685768566422908,0.02685768566422908,0.7225099808764062
2026-03-17,5137.33,5232.33,5094.32,5107.64014,,-0.0008098255734915183,-0.0008098255734915183,0.7219248738167896
2026-03-18,5112.97,5136.02,5053.74,5108.29981,,0.00012915357815312944,0.00012915357815312944,0.7220181129974008
2026-03-19,5000.99,5069.24,4981.92,4996.27979,,-0.021929022212187066,-0.021929022212187066,0.7061849617598794
2026-03-20,4948.04,4997.7,4835.87,4872.37988,,-0.024798433075742365,-0.024798433075742365,0.6886726812465813
2026-03-23,4780.04,4806.61,4657.55,4712.47998,,-0.03281761766079705,-0.03281761766079705,0.6660720844999951
2026-03-24,4773.58,4840.61,4693.49,4830.89014,,0.0251269311493183,0.0251269311493183,0.6828084319077093
2026-03-25,4878.64,4955.47,4806.72,4922.93994,,0.019054417991794637,0.019054417991794637,0.6958189491776007
2026-03-26,4889.55,4902.42,4745.55,4761.54004,,-0.03278526692730688,-0.03278526692730688,0.6730063391957348
2026-03-27,4740.78,4836.78,4722.5,4778.00977,,0.0034589082233149604,0.0034589082233149604,0.6753342063567221
2026-03-30,4645.26,4727.42,4619.67,4690.08008,,-0.01840299501940945,-0.01840299501940945,0.6629060343207025
2026-03-31,4693.61,4742.04,4623.65,4649.81982,,-0.00858413061467389,-0.00858413061467389,0.6572155623368381
2026-04-01,4777.67,4792.65,4708.89,4756.4502,,0.02293215310007435,0.02293215310007435,0.672286930232098
2026-04-02,4732.95,4742.78,4629.15,4679.1001,,-0.016262148608220617,-0.016262148608220617,0.6613541002652992
2026-04-08,4817.01,4930.67,4809.8,4923.25,,0.05217881532391244,0.05217881532391244,0.6958627737267545
2026-04-09,4868.39,4889.89,4809.96,4821.66992,,-0.020632728380642784,-0.020632728380642784,0.6815052261262498
2026-04-10,4844.15,4935.97,4844.14,4860.25977,,0.008003420109686576,0.008003420109686576,0.6869595987578851
2026-04-13,4826.86,4843.99,4791.86,4822.00977,,-0.007869949716699964,-0.007869949716699964,0.6815532612582561
2026-04-14,4888.22,4900.49,4801.9,4851.95996,,0.0062111425377722185,0.0062111425377722185,0.6857864857110147
2026-04-15,4961.5,4973.43,4905.58,4911.79004,,0.0123311157745003,0.0123311157745003,0.6942429982629049
2026-04-16,4976.17,5095.76,4976.17,5092.08008,,0.03670556732510488,0.03670556732510488,0.7197255813756267
2026-04-17,5055.58,5072.38,5000.84,5042.68018,,-0.009701320329589036,-0.009701320329589036,0.712743292961302
2026-04-20,5059.58,5103.03,5020.2,5065.62988,,0.004551091717262201,0.004551091717262201,0.7159870530584324
2026-04-21,5092.53,5092.53,5017.39,5061.5,,-0.0008152747235453672,-0.0008152747235453672,0.7154033269116881
2026-04-22,5009.76,5009.76,4940.09,4963.93994,,-0.01927493035661365,-0.01927493035661365,0.7016139776085756
2026-04-23,4962.08,4962.08,4846.09,4865.52002,,-0.019826976391660422,-0.019826976391660422,0.6877030938384714
2026-04-24,4826.62,4911.68,4775.59,4902.2002,,0.007538799521782824,0.007538799521782824,0.6928875495934294
2026-04-27,4929.58,4975.23,4900.52,4939.83984,,0.007678111554888956,0.007678111554888956,0.6982076174942015
2026-04-28,4923.78,4934.76,4813.56,4827.18994,,-0.02280436282322862,-0.02280436282322862,0.6822854376589217
2026-04-29,4878.97,4918.7,4851.53,4910.02002,,0.017159067911050485,0.017159067911050485,0.6939928198184319
2026-04-30,4876.72,4897.39,4823.75,4871.31982,,-0.007881882322752776,-0.007881882322752776,0.6885228500797876
2026-05-04,4948.43,5053.48,4948.43,4976.7002,,0.02163281900879177,0.02163281900879177,0.7034175402789812
2026-05-05,4949.12,4949.12,4859.44,4929.68018,,-0.00944803144862938,-0.00944803144862938,0.6967716292369079
2026-05-06,4971.69,5026.76,4924.43,4969.2002,,0.008016751301704206,0.008016751301704206,0.7023574741025833
2026-05-07,5089.11,5137.85,5070.3,5121.1001,,0.030568279378238694,0.030568279378238694,0.7238273335943451
2026-05-08,5079.77,5122.91,5047.17,5102.79004,,-0.0035754153682721057,-0.0035754153682721057,0.7212393502218365
2026-05-11,5078.36,5119.33,5055.72,5106.3999,,0.0007074286756272308,0.0007074286756272308,0.7217495756201742
2026-05-12,5129.54,5141.49,5059.58,5070.60986,,-0.007008859607724904,-0.007008859607724904,0.7166909341727172
2026-05-13,5055.41,5122.26,5017.71,5093.8501,,0.004583322448712401,0.004583322448712401,0.7199757598200996
2026-05-14,5258.56,5258.56,5074.02,5076.2002,,-0.0034649429515013486,-0.0034649429515013486,0.7174810848858592
2026-05-15,5069.46,5069.46,4910.76,4941.14014,,-0.026606527457289753,-0.026606527457289753,0.6983914047007576
2026-05-18,4897.71,4897.71,4804.87,4844.93994,,-0.0194692312450786,-0.0194692312450786,0.6847942609430632
2026-05-19,4838.36,4880.53,4812.67,4857.45996,,0.002584143488887136,0.002584143488887136,0.6865638675737065
2026-05-20,4840.61,4892.19,4819.85,4873.81982,,0.0033679865886120375,0.0033679865886120375,0.6888762054719202
2026-05-21,4924.69,4936.31,4756.15,4768.8999,,-0.021527246364228425,-0.021527246364228425,0.6740465976822714
2026-05-22,4843.95,4882.23,4797.92,4869.56982,,0.02110967353288329,0.02110967353288329,0.6882755013052948
2026-05-26,4962.22,4986.84,4874.2,4946.87988,,0.015876158029910048,0.015876158029910048,0.6992026719321333
2026-05-27,4979.63,5009.0,4888.21,4907.56982,,-0.007946435117401895,-0.007946435117401895,0.6936465032657105
2026-05-28,4895.28,4910.26,4814.98,4888.58008,,-0.003869479334274617,-0.003869479334274617,0.6909624524560319
2026-05-29,4939.91,4980.78,4867.56,4884.22998,,-0.0008898493895592718,-0.0008898493895592718,0.6903475999395056
2026-06-01,4894.94,5015.94,4894.94,4964.91992,,0.016520503811329634,0.016520503811329634,0.7017524900954484
2026-06-02,4995.83,5203.11,4995.83,5199.27979,,0.04720315207017456,0.04720315207017456,0.7348774196010476
2026-06-03,5162.81,5162.81,5042.33,5056.97022,,-0.0273710159383439,-0.0273710159383439,0.7147630780364183
2026-06-04,4994.94,5014.48,4962.91,4975.35986,,-0.016138192722044642,-0.016138192722044642,0.7032280937324648
2026-06-05,4959.93,4969.03,4872.39,4888.39014,,-0.017480086354999647,-0.017480086354999647,0.6909356059267594
2026-06-08,4769.69,4821.14,4709.44,4755.91016,,-0.027100942479194146,-0.027100942479194146,0.6722105998137111
2026-06-09,4743.52,4828.79,4738.26,4769.60986,,0.002880563244281209,0.002880563244281209,0.6741469449599506
2026-06-10,4751.5,4773.36,4660.87,4724.79004,,-0.009396957259728556,-0.009396957259728556,0.6678120149313854
2026-06-11,4715.42,4734.19,4590.9,4655.74023,,-0.014614365805765916,-0.014614365805765916,0.6580523658556926
2026-06-12,4713.29,4750.6,4677.13,4705.2002,,0.010623438498844173,0.010623438498844173,0.6650431446933794
2026-06-15,4788.83,4794.67,4737.97,4765.58008,,0.012832584679393522,0.012832584679393522,0.6735773671631075
2026-06-16,4765.49,4765.49,4639.81,4658.6499,,-0.02243801975939086,-0.02243801975939086,0.6584636248892232
2026-06-17,4636.78,4681.19,4617.49,4669.06982,,0.0022366823486776877,0.0022366823486776877,0.6599363988562592
2026-06-18,4628.07,4639.36,4567.28,4604.3501,,-0.01386137335594606,-0.01386137335594606,0.650788774040534
2026-06-22,4595.07,4595.07,4513.97,4549.41016,,-0.0119321812648433,-0.0119321812648433,0.6430234444235573
2026-06-23,4551.45,4559.59,4380.76,4399.22022,,-0.0330130576751515,-0.0330130576751515,0.6217952743663279
2026-06-24,4420.41,4543.67,4411.91,4479.02002,,0.018139532919313472,0.018139532919313472,0.6330743502147694
2026-06-25,4497.27,4497.27,4353.16,4405.91992,,-0.0163205566560517,-0.0163205566560517,0.6227422244145961
2026-06-26,4371.54,4371.54,4229.94,4255.58984,,-0.03412002095580546,-0.03412002095580546,0.6014942466675053
2026-06-29,4323.56,4431.39,4320.85,4393.00977,,0.032291629401953736,0.032291629401953736,0.6209174759682997
2026-06-30,4416.68,4495.05,4401.68,4472.22998,,0.018033242389078552,0.018033242389078552,0.632114631316051
2026-07-02,4528.24,4583.1,4434.25,4454.27979,,-0.004013700118346897,-0.004013700118346897,0.629577512745529
2026-07-03,4487.98,4558.09,4480.58,4499.0,,0.010039829581518056,0.010039829581518056,0.6358983636818502
2026-07-06,4523.93,4565.98,4456.14,4541.22998,,0.009386525894643283,0.009386525894643283,0.641867240138911
2026-07-07,4524.42,4651.79,4486.91,4507.04004,,-0.007528784085055307,-0.007528784085055307,0.6370347602766349
2026-07-08,4525.77,4774.2,4525.77,4731.02002,,0.04969558246924288,0.04969558246924288,0.6686925737417369
2026-07-09,4744.97,4832.0,4678.8,4731.56006,,0.00011414874545390141,0.00011414874545390141,0.6687689041601237
2026-07-10,4790.51,4862.22,4705.37,4721.66016,,-0.002092312022770604,-0.002092312022770604,0.6673696309414943
2026-07-13,4719.68,4798.85,4651.99,4676.43018,,-0.009579253581858849,-0.009579253581858849,0.6609767280138742
2026-07-14,4664.61,4706.84,4573.1,4679.45996,,0.0006478830824754311,0.0006478830824754311,0.6614049636538644
2026-07-15,4716.18,4776.56,4665.98,4740.49023,,0.0130421609591036,0.0130421609591036,0.6700311136489882
2026-07-16,4747.51,4911.48,4747.51,4834.43994,,0.019818564207862543,0.019818564207862543,0.6833101682961062
2026-07-17,4832.07,4846.95,4570.39,4623.16992,,-0.0437010331335298,-0.0437010331335298,0.6534488079909202
2026-07-20,4724.79,4790.7,4702.72,4752.1499,,0.02789860252421783,0.02789860252421783,0.6716791165549829
2026-07-21,4755.66,4844.1,4730.15,4814.83008,,0.01318985750007573,0.01318985750007573,0.6805384683881199
2026-07-22,4780.49,4780.49,4644.33,4668.22998,,-0.030447616543925804,-0.030447616543925804,0.6598176940592478
2026-07-23,4677.68,4723.85,4623.2,4698.47998,,0.006479972094262543,0.006479972094262543,0.6640932943040525
2026-07-24,4611.13,4653.92,4596.51,4629.50977,,-0.014679260163624308,-0.014679260163624308,0.6543448960640449
2026-07-27,4647.3,4726.3,4623.51,4702.04981,,0.0156690543068021,0.0156690543068021,0.6645978617758512
2026-07-28,4731.94,4787.68,4679.15,4730.60986,,0.00607395734925209,0.00607395734925209,0.6686346008426819
2026-07-29,4778.63,4876.38,4776.2,4864.72998,,0.02835154958223507,0.02835154958223507,0.6875914278808712
2026-07-30,4885.76,4914.61,4775.71,4803.77002,,-0.012531005883290591,-0.012531005883290591,0.6789752156527958
2026-07-31,4818.01,4871.52,4763.84,4829.22022,,0.005297963868803324,0.005297963868803324,0.6825724018131373
2026-08-03,4861.92,4896.77,4837.23,4875.60986,,0.009606031178259089,0.009606031178259089,0.6891292135863735
2026-08-04,4890.34,4918.52,4828.9,4885.60986,,0.0020510254690477847,0.0020510254690477847,0.6905426351549039
2026-08-05,4901.74,4948.5,4885.51,4933.06982,,0.00971423452956599,0.00971423452956599,0.6972507282654632
2026-08-06,4884.08,4890.78,4808.63,4820.77979,,-0.02276270843456263,-0.02276270843456263,0.68137941323217
2026-08-07,4833.44,4858.5,4777.94,4858.29004,,0.007780950724571634,0.007780950724571634,0.6866811928712669
2026-08-10,4899.51,4926.19,4858.49,4919.45996,,0.012590833296564519,0.012590833296564519,0.6953270812985952
2026-08-11,4932.81,4936.02,4822.74,4824.41992,,-0.019319201858083557,-0.019319201858083557,0.6818939170575956
2026-08-12,4785.75,4789.45,4755.66,4776.43994,,-0.009945232959737926,-0.009945232959737926,0.6751123231986296
2026-08-13,4762.46,4839.66,4762.46,4792.39014,,0.0033393490131481407,0.0033393490131481407,0.6773667588688671
2026-08-14,4763.76,4774.48,4695.99,4707.62012,,-0.017688463902899354,-0.017688463902899354,0.6653851814055912
2026-08-17,4761.2,4818.29,4755.74,4782.02979,,0.015806218025935292,0.015806218025935292,0.6759024046541146
2026-08-18,4768.81,4797.02,4674.08,4739.18018,,-0.00896054852891226,-0.00896054852891226,0.6698459483564028
2026-08-19,4678.8,4702.45,4658.32,4682.04981,,-0.01205490566513967,-0.01205490566513967,0.6617710186387903
2026-08-20,4761.17,4761.69,4700.52979,4700.52979,,0.003946984921119334,0.003946984921119334,0.6643830188705914
2026-08-21,4710.41,4767.79,4697.6,4766.16016,,0.013962334658451425,0.013962334658451425,0.6736593569214548
2026-08-24,4713.16,4713.16,4575.35,4594.04004,,-0.03611295345140064,-0.03611295345140064,0.6493315279228498
2026-08-25,4602.3,4604.44,4545.44,4588.54004,,-0.0011972033225901013,-0.0011972033225901013,0.648554146060158
2026-08-26,4622.98,4667.34,4619.03,4626.1499,,0.008196476367677175,0.008196476367677175,0.6538700047914991
2026-08-27,4665.28,4669.43,4612.25,4620.29004,,-0.001266681825420446,-0.001266681825420446,0.6530417595402422
2026-08-28,4580.98,4649.15,4580.98,4605.1499,,-0.0032768808600595056,-0.0032768808600595056,0.6509018194975852
