date,open,high,low,close,amount,daily_return,return,net_value
2014-02-18,3668.99,3685.1799,3658.6399,3679.4299,,,,1.0
2014-02-19,3668.72,3679.6899,3646.1299,3652.8401,,-0.007226608665652279,-0.007226608665652279,0.9927733913343477
2014-02-20,3654.8501,3676.8899,3640.6299,3671.9299,,0.005226015778790893,0.005226015778790893,0.9979616407422248
2014-02-21,3683.4199,3687.1599,3661.46,3662.6001,,-0.00254084371272989,-0.00254084371272989,0.9954259761817993
2014-02-24,3670.0701,3701.27,3668.3401,3685.8101,,0.006337028167503256,0.006337028167503256,1.0017340186315278
2014-02-25,3689.6799,3697.6001,3669.53,3679.1399,,-0.0018096971409351514,-0.0018096971409351514,0.9999211834420327
2014-02-26,3691.8401,3702.0901,3663.75,3676.6001,,-0.0006903243880451715,-0.0006903243880451715,0.9992309134629797
2014-02-27,3678.3101,3704.6499,3672.6399,3699.8,,0.006310150511065871,0.006310150511065871,1.005536210922241
2014-02-28,3703.48,3722.3799,3664.8301,3696.1001,,-0.0010000270284880042,-0.0010000270284880042,1.0045306475331952
2014-03-03,3657.3101,3678.3799,3637.6699,3668.3701,,-0.007502502434931335,-0.007502502434931335,0.9969941539041143
2014-03-04,3710.1899,3723.0,3706.8201,3719.9299,,0.014055233957991353,0.014055233957991353,1.0110071399919862
2014-03-05,3721.53,3732.98,3715.3799,3727.1899,,0.0019516496802802763,0.0019516496802802763,1.0129802717535126
2014-03-06,3735.8501,3738.3201,3709.4099,3720.9299,,-0.0016795495179893205,-0.0016795495179893205,1.0112789212263562
2014-03-07,3736.9299,3737.3601,3686.9399,3703.3999,,-0.00471118792106251,-0.00471118792106251,1.0065145961878497
2014-03-10,3702.1399,3709.77,3683.97,3706.3401,,0.00079391912280391,0.00079391912280391,1.0073136873731443
2014-03-11,3715.8899,3725.71,3681.3701,3691.5,,-0.004003976861162828,-0.004003976861162828,1.0032804266769697
2014-03-12,3678.3601,3707.2,3661.8701,3707.0601,,0.0042151158065826255,0.0042151158065826255,1.0075093698618909
2014-03-13,3719.3601,3720.6101,3636.79,3651.49,,-0.014990342347026009,-0.014990342347026009,0.9924064594898246
2014-03-14,3643.21,3656.9399,3626.8501,3627.8701,,-0.006468564887210371,-0.006468564887210371,0.9859870139121281
2014-03-17,3653.1899,3678.3201,3651.1399,3662.51,,0.009548274619865849,0.009548274619865849,0.9954014886925825
2014-03-18,3667.3999,3708.26,3664.79,3706.6201,,0.012043680426811143,0.012043680426811143,1.007389786118768
2014-03-19,3705.51,3709.01,3661.0601,3682.74,,-0.00644255395906379,-0.00644255395906379,1.0008996230638882
2014-03-20,3675.6101,3705.3101,3665.8301,3693.97,,0.003049359987400635,0.003049359987400635,1.0039517263258637
2014-03-21,3711.47,3717.3601,3643.3501,3653.0701,,-0.011072071511138426,-0.011072071511138426,0.9928359010182528
2014-03-24,3665.3799,3665.5801,3585.1499,3617.3899,,-0.009767181856159768,-0.009767181856159768,0.9831386922196833
2014-03-25,3640.26,3659.5901,3600.6499,3629.73,,0.0034113270455031763,0.0034113270455031763,0.9864924998299329
2014-03-26,3645.73,3654.6899,3582.8401,3582.8899,,-0.012904568659376836,-0.012904568659376836,0.9737622396339172
2014-03-27,3578.53,3594.0701,3543.0701,3563.1299,,-0.005515101091998487,-0.005515101091998487,0.9683918424427653
2014-03-28,3576.1799,3609.0801,3560.5801,3571.49,,0.002346279881628721,0.002346279881628721,0.9706639607402222
2014-03-31,3598.0801,3618.4199,3593.7,3595.74,,0.006789883214008752,0.006789883214008752,0.9772546556736954
2014-04-01,3615.9099,3659.1599,3614.1599,3658.3999,,0.017426148720430357,0.017426148720430357,0.9942844406411981
2014-04-02,3670.3301,3676.3601,3649.79,3665.99,,0.002074704845689501,0.002074704845689501,0.9963472873881901
2014-04-03,3670.4299,3675.7,3617.4099,3637.5801,,-0.007749584696084777,-0.007749584696084777,0.9886260096978611
2014-04-04,3659.9199,3663.78,3532.28,3539.3799,,-0.026996024087552084,-0.026996024087552084,0.9619370381264771
2014-04-07,3522.21,3551.21,3482.75,3507.75,,-0.008936565413619424,-0.008936565413619424,0.9533406248614765
2014-04-08,3511.8201,3543.98,3499.0,3538.23,,0.008689330767586156,0.008689330767586156,0.961624516885075
2014-04-09,3552.0701,3602.3501,3544.0901,3600.4399,,0.017582209183687914,0.017582209183687914,0.9785320002971112
2014-04-10,3597.5801,3599.6399,3479.1499,3487.76,,-0.03129614800680314,-0.03129614800680314,0.9479077179864196
2014-04-11,3453.24,3502.3301,3440.55,3446.8401,,-0.011732429983714598,-0.011732429983714598,0.9367864570541213
2014-04-14,3479.6599,3493.1699,3443.26,3474.6299,,0.00806239894911287,0.00806239894911287,0.9443392032010176
2014-04-15,3484.29,3505.6699,3414.1101,3487.8501,,0.0038047793234037286,0.0038047793234037286,0.9479322054756363
2014-04-16,3517.5,3533.0901,3489.29,3533.0901,,0.01297074091572914,0.01297074091572914,0.9602275885185365
2014-04-17,3526.5701,3551.02,3511.27,3534.53,,0.0004075469233009166,0.0004075469233009166,0.960618926317906
2014-04-21,3543.6499,3559.95,3525.5901,3559.95,,0.007191903874065098,0.007191903874065098,0.967527605295592
2014-04-22,3570.51,3596.9199,3566.8701,3588.8,,0.008104046405146281,0.008104046405146281,0.9753684939071675
2014-04-23,3587.6499,3588.04,3555.1899,3557.04,,-0.008849754792688458,-0.008849754792688458,0.9667367219035753
2014-04-24,3609.8201,3613.2,3552.9299,3591.03,,0.009555697996086687,0.009555697996086687,0.9759745660598127
2014-04-25,3569.9199,3573.95,3525.6001,3533.1001,,-0.016131834042043658,-0.016131834042043658,0.9602303063308802
2014-04-28,3546.96,3570.1101,3489.6001,3545.02,,0.0033737793050356846,0.0033737793050356846,0.9634699114664476
2014-04-29,3557.77,3579.03,3538.24,3573.99,,0.0081720272382102,0.0081720272382102,0.9713434138261473
2014-04-30,3556.0,3585.5,3548.1101,3582.02,,0.002246788603213812,0.002246788603213812,0.9735258171381387
2014-05-01,3589.6599,3613.03,3580.02,3594.3601,,0.0034450114739728033,0.0034450114739728033,0.9768796247483883
2014-05-02,3608.8401,3611.5601,3578.53,3587.6399,,-0.0018696512906427598,-0.0018696512906427598,0.9750532004971748
2014-05-05,3566.26,3605.26,3556.3999,3605.0901,,0.004863977569209199,0.004863977569209199,0.9797958373931787
2014-05-06,3598.27,3599.6499,3556.1001,3556.51,,-0.013475419102562669,-0.013475419102562669,0.9665926778493592
2014-05-07,3561.47,3567.55,3506.3501,3546.47,,-0.0028229922030306165,-0.0028229922030306165,0.963863994256284
2014-05-08,3533.3899,3583.6399,3524.8501,3540.4199,,-0.0017059498600016099,-0.0017059498600016099,0.962219690610222
2014-05-09,3537.6799,3556.3501,3516.24,3555.7,,0.0043159004953057245,0.0043159004953057245,0.9663725350495194
2014-05-12,3574.24,3613.3701,3572.6899,3612.73,,0.016039035914166,0.016039035914166,0.9818722188456424
2014-05-13,3614.9099,3625.77,3605.78,3611.1299,,-0.0004429060571922161,-0.0004429060571922161,0.9814373416925268
2014-05-14,3603.5801,3614.6299,3585.6799,3593.25,,-0.004951331160919947,-0.004951331160919947,0.9765779204001142
2014-05-15,3594.5901,3598.3401,3542.6299,3565.1699,,-0.007814680303346644,-0.007814680303346644,0.9689462761608801
2014-05-16,3568.2,3590.4099,3545.6299,3587.2,,0.006179256702464553,0.006179256702464553,0.9749336439321754
2014-05-19,3577.8501,3618.96,3572.28,3615.6201,,0.007922641614629855,0.007922641614629855,0.9826576937910952
2014-05-20,3612.8601,3624.6001,3585.8799,3600.3101,,-0.00423440504714534,-0.00423440504714534,0.97849672309289
2014-05-21,3605.79,3636.47,3605.51,3635.6101,,0.009804710988644993,0.009804710988644993,0.9880906006661521
2014-05-22,3639.49,3660.5901,3633.8501,3650.8601,,0.004194619219481277,0.004194619219481277,0.992235264490295
2014-05-23,3656.27,3678.1699,3646.23,3677.3301,,0.007250346295110122,0.007250346295110122,0.9994293137640698
2014-05-27,3693.1799,3723.0601,3691.0901,3723.0601,,0.012435652703574274,0.012435652703574274,1.0118578696118115
2014-05-28,3720.8899,3726.72,3708.6499,3712.26,,-0.0029008664136257467,-0.0029008664136257467,1.0089226051024915
2014-05-29,3723.27,3735.72,3717.6599,3735.72,,0.006319600459019359,0.006319600459019359,1.0152985928608125
2014-05-30,3738.71,3741.5701,3716.0901,3736.8201,,0.00029448138511445343,0.00029448138511445343,1.0155975793967429
2014-06-02,3740.71,3740.71,3707.8899,3732.96,,-0.0010329905900473557,-0.0010329905900473557,1.0145484766539512
2014-06-03,3719.1699,3735.97,3715.46,3730.0701,,-0.0007741577729202254,-0.0007741577729202254,1.0137630560647453
2014-06-04,3720.0,3750.01,3715.24,3743.5901,,0.00362459676025928,0.00362459676025928,1.017437538353428
2014-06-05,3748.3601,3782.0,3735.1899,3776.95,,0.00891120531598788,0.00891120531598788,1.0265041331538889
2014-06-06,3792.4199,3795.1399,3782.1201,3794.5701,,0.004665166337918247,0.004665166337918247,1.0312929456816122
2014-06-09,3795.8501,3804.04,3783.8999,3795.74,,0.0003083089702309305,0.0003083089702309305,1.0316109025477016
2014-06-10,3790.48,3802.46,3786.5601,3800.8601,,0.0013489069325085534,0.0013489069325085534,1.0330024496457997
2014-06-11,3789.4099,3803.95,3783.6101,3797.8501,,-0.0007919260169559905,-0.0007919260169559905,1.0321843881303459
2014-06-12,3790.5901,3794.99,3751.6899,3763.8,,-0.008965625051920778,-0.008965625051920778,1.022930209921923
2014-06-13,3782.8401,3784.8401,3759.8701,3775.5601,,0.003124528402146831,0.003124528402146831,1.026126384416238
2014-06-16,3768.3701,3789.9299,3761.4199,3779.9299,,0.001157391190779844,0.001157391190779844,1.027314014054188
2014-06-17,3775.73,3790.9199,3769.9399,3781.3201,,0.0003677845983334205,0.0003677845983334205,1.0276918443262093
2014-06-18,3786.1899,3807.49,3764.53,3804.6101,,0.00615922465807639,0.00615922465807639,1.0340216292746873
2014-06-19,3808.76,3811.24,3783.3,3800.8,,-0.001001442959949972,-0.001001442959949972,1.0329861155936142
2014-06-20,3803.1001,3807.9199,3794.51,3802.6399,,0.00048408229846352846,0.00048408229846352846,1.0334861658867316
2014-06-23,3802.25,3806.1899,3794.8501,3805.3101,,0.0007021963873046211,0.0007021963873046211,1.0342118761387464
2014-06-24,3807.49,3837.1699,3791.1201,3799.53,,-0.0015189563657374006,-0.0015189563657374006,1.0326409534259642
2014-06-25,3794.8401,3831.8501,3792.3,3827.3301,,0.007316720752303496,0.007316720752303496,1.0401964989195744
2014-06-26,3826.7,3827.7,3798.6299,3826.9099,,-0.00010978932807492736,-0.00010978932807492736,1.0400822964448921
2014-06-27,3825.02,3844.8899,3823.21,3844.4399,,0.004580719289994262,0.004580719289994262,1.0448466214833987
2014-06-30,3844.45,3860.6499,3841.7,3849.48,,0.0013110102202404939,0.0013110102202404939,1.0462164260827471
2014-07-01,3864.1399,3902.9299,3863.8101,3894.3301,,0.011650950258216719,0.011650950258216719,1.0584058416223665
2014-07-02,3895.1799,3904.3501,3890.77,3899.27,,0.0012684851754092286,0.0012684851754092286,1.059748413742031
2014-07-03,3911.1101,3923.1499,3901.3201,3923.01,,0.006088319095625572,0.006088319095625572,1.0662005002459756
2014-07-07,3917.8899,3923.9199,3904.6699,3910.71,,-0.003135347602988614,-0.003135347602988614,1.0628575910632243
2014-07-08,3903.3701,3906.22,3848.1799,3864.0701,,-0.011926197544691375,-0.011926197544691375,1.0501817414703294
2014-07-09,3873.1699,3896.3799,3863.2,3892.9099,,0.007463580953150917,0.007463580953150917,1.0580198579133142
2014-07-10,3837.29,3895.72,3837.1599,3880.04,,-0.0033059845541250077,-0.0033059845541250077,1.0545220606050953
2014-07-11,3888.76,3905.3999,3879.3999,3904.5801,,0.006324702838115037,0.006324702838115037,1.0611915992746594
2014-07-14,3923.6001,3937.73,3916.52,3929.46,,0.0063719783850764156,0.0063719783850764156,1.0679534892076623
2014-07-15,3934.79,3940.55,3887.5,3914.46,,-0.003817318410163195,-0.003817318410163195,1.0638767706921117
2014-07-16,3943.6001,3947.49,3927.0,3940.5,,0.00665225854907181,0.00665225854907181,1.0709539540351074
2014-07-17,3921.8701,3933.8799,3866.22,3878.01,,-0.0158583936048724,-0.0158583936048724,1.0539703446993243
2014-07-18,3899.3799,3942.1499,3894.5601,3939.8899,,0.015956611767375506,0.015956611767375506,1.0707881403040183
2014-07-21,3933.1101,3941.9299,3917.74,3934.1399,,-0.0014594316455390777,-0.0014594316455390777,1.0692253982063906
2014-07-22,3950.8301,3966.1001,3949.0901,3961.6201,,0.006985059173925112,0.006985059173925112,1.0766940008831258
2014-07-23,3974.6599,3990.6399,3967.96,3986.1899,,0.0062019576283953715,0.0062019576283953715,1.0833716114553507
2014-07-24,3994.1799,3997.5,3975.6599,3983.1899,,-0.0007525983646690104,-0.0007525983646690104,1.0825562677522407
2014-07-25,3959.3501,3970.4399,3945.05,3965.1699,,-0.004524012274684686,-0.004524012274684686,1.0776587699088926
2014-07-28,3966.3101,3977.0,3936.72,3967.24,,0.0005220709458124695,0.0005220709458124695,1.078221384242162
2014-07-29,3974.05,3983.4199,3957.22,3959.03,,-0.002069448785553596,-0.002069448785553596,1.0759900603079842
2014-07-30,3982.1001,3989.0,3960.29,3976.0701,,0.004304109845088222,0.004304109845088222,1.0806212397197728
2014-07-31,3938.3101,3948.8999,3889.1001,3892.5,,-0.021018266252398332,-0.021018266252398332,1.057908454785346
2014-08-01,3886.1001,3908.21,3855.3501,3879.6699,,-0.003296107899807388,-0.003296107899807388,1.054421474370255
2014-08-04,3890.6299,3922.25,3875.1001,3908.77,,0.007500663909576488,0.007500663909576488,1.0623303354685463
2014-08-05,3891.1299,3901.1699,3858.6499,3874.9399,,-0.008654922136631216,-0.008654922136631216,1.0531359491316847
2014-08-06,3851.4399,3896.6499,3849.45,3874.27,,-0.00017288010066940362,-0.00017288010066940362,1.0529538828827802
2014-08-07,3889.6899,3895.74,3845.2,3857.9399,,-0.004215013408977675,-0.004215013408977675,1.0485156681473942
2014-08-08,3864.0901,3890.6299,3848.49,3888.3301,,0.007877312966954264,0.007877312966954264,1.0567751542161463
2014-08-11,3899.98,3921.1899,3899.3701,3910.46,,0.005691363498176116,0.005691363498176116,1.0627896457546318
2014-08-12,3904.45,3916.73,3887.5801,3905.23,,-0.001337438562215243,-0.001337438562215243,1.0613682298988765
2014-08-13,3924.47,3949.6899,3921.4399,3949.2,,0.011259260017975947,0.011259260017975947,1.0733184507741267
2014-08-14,3953.27,3969.24,3949.0801,3969.1101,,0.0050415527195382115,0.0050415527195382115,1.0787296423285575
2014-08-15,3993.0,3997.0801,3951.25,3987.51,,0.004635774653870328,0.004635774653870328,1.0837303898628425
2014-08-18,4007.1899,4022.48,4003.46,4020.5,,0.008273333483803214,0.008273333483803214,1.0926964527847098
2014-08-19,4025.51,4041.5,4024.1699,4040.1299,,0.004882452431289597,0.004882452431289597,1.0980314912372702
2014-08-20,4032.9099,4046.97,4032.2,4040.71,,0.00014358449217199976,0.00014358449217199976,1.0981891515313282
2014-08-21,4041.0,4048.95,4035.75,4047.03,,0.0015640815599238245,0.0015640815599238245,1.099906808932547
2014-08-22,4052.1399,4060.8999,4040.22,4052.75,,0.0014133821592623441,0.0014133821592623441,1.1014613975931433
2014-08-25,4073.48,4079.52,4058.6001,4067.48,,0.0036345691197334773,0.0036345691197334773,1.1054647351754139
2014-08-26,4073.04,4076.54,4062.73,4071.6699,,0.0010300972592367508,0.0010300972592367508,1.106603471369301
2014-08-27,4073.3999,4078.1899,4064.0601,4073.1799,,0.0003708552110277541,0.0003708552110277541,1.1070138610331997
2014-08-28,4059.3701,4072.29,4054.6001,4066.27,,-0.0016964386964593015,-0.0016964386964593015,1.1051358798818263
2014-08-29,4081.02,4082.97,4062.1799,4082.5601,,0.004006153059191941,0.004006153059191941,1.1095632233678374
2014-09-02,4093.1201,4095.8701,4078.1899,4095.8101,,0.003245512540035911,0.003245512540035911,1.1131643247232403
2014-09-03,4103.9702,4104.4302,4063.49,4070.96,,-0.006067200234698422,-0.006067200234698422,1.1064105338710217
2014-09-04,4078.8201,4100.7798,4056.52,4066.1299,,-0.0011864768997976727,-0.0011864768997976727,1.105097803330891
2014-09-05,4067.3701,4089.98,4051.75,4089.9199,,0.005850772253980452,0.005850772253980452,1.111563478896554
2014-09-08,4086.52,4105.5,4076.6299,4095.47,,0.0013570192413792093,0.0013570192413792093,1.113071891925431
2014-09-09,4094.02,4110.8599,4053.1001,4061.8799,,-0.008201769271902859,-0.008201769271902859,1.1039427330848184
2014-09-10,4063.8501,4095.9099,4054.6101,4094.97,,0.008146498866202334,0.008146498866202334,1.112936001308246
2014-09-11,4077.6899,4092.79,4060.9199,4092.6499,,-0.0005665731372879179,-0.0005665731372879179,1.1123054416663842
2014-09-12,4087.1699,4089.6201,4057.53,4069.23,,-0.005722429372715165,-0.005722429372715165,1.1059403523355615
2014-09-15,4070.2,4070.8201,4018.3,4029.8899,,-0.009667701260435035,-0.009667701260435035,1.095248451397321
2014-09-16,4012.52,4073.1399,4009.98,4067.27,,0.00927571247045722,0.00927571247045722,1.1054076611161963
2014-09-17,4066.75,4090.95,4048.5801,4073.5701,,0.0015489751110695504,0.0015489751110695504,1.1071199100708509
2014-09-18,4084.51,4103.4199,4080.8201,4103.0801,,0.007244259771054473,0.007244259771054473,1.1151401742971105
2014-09-19,4113.02,4118.9102,4084.45,4100.0898,,-0.0007287939613951355,-0.0007287939613951355,1.1143274668719738
2014-09-22,4091.8701,4092.1399,4044.99,4061.23,,-0.009477792413229547,-0.009477792413229547,1.1037661024606014
2014-09-23,4045.6699,4069.21,4043.26,4051.5701,,-0.002378565114509623,-0.002378565114509623,1.10114072291471
2014-09-24,4055.4199,4096.27,4041.72,4094.3101,,0.010548996795094467,0.010548996795094467,1.1127566528716855
2014-09-25,4079.3701,4087.1899,4007.6299,4007.8201,,-0.021124438034139215,-0.021124438034139215,1.0892502939110214
2014-09-26,4016.97,4057.47,4015.02,4053.72,,0.011452584910185859,0.011452584910185859,1.1017250253904822
2014-09-29,4009.6599,4056.4299,4008.5801,4047.1799,,-0.0016133576073333877,-0.0016133576073333877,1.099947548939579
2014-09-30,4054.8601,4070.4399,4031.7,4049.45,,0.0005609090912908066,0.0005609090912908066,1.1005645195197222
2014-10-01,4043.3301,4043.4399,3972.9099,3984.74,,-0.015979947894158464,-0.015979947894158464,1.0829775558436376
2014-10-02,3984.8,3996.75,3934.9399,3985.8701,,0.0002836069605545166,0.0002836069605545166,1.0832846958165991
2014-10-03,4004.75,4040.5601,3995.8101,4027.3101,,0.01039672617529619,0.01039672617529619,1.0945473101688934
2014-10-06,4041.3999,4046.71,4004.21,4016.27,,-0.0027413086466820946,-0.0027413086466820946,1.0915468181633248
2014-10-07,3999.25,4007.9399,3958.4399,3958.5901,,-0.014361559357314202,-0.014361559357314202,1.0758705037429848
2014-10-08,3960.79,4048.79,3938.1599,4041.1201,,0.020848331834104394,0.020848331834104394,1.0983006090155434
2014-10-09,4031.6101,4040.54,3965.3701,3969.3201,,-0.017767351185628,-0.017767351185628,1.0787867163877751
2014-10-10,3946.3201,3969.48,3870.8501,3870.8501,,-0.0248077750141642,-0.0248077750141642,1.0520244182393583
2014-10-13,3866.8899,3893.6599,3807.8899,3808.0,,-0.01623676928228246,-0.01623676928228246,1.0349429404810784
2014-10-14,3837.22,3860.04,3801.1599,3810.45,,0.0006433823529410354,0.0006433823529410354,1.035608804505285
2014-10-15,3738.72,3801.4199,3700.23,3785.97,,-0.006424438058497017,-0.006424438058497017,1.0289555998879065
2014-10-16,3706.7,3795.0701,3704.8201,3765.28,,-0.005464913879401956,-0.005464913879401956,1.0233324461487907
2014-10-17,3815.72,3848.98,3791.1599,3815.47,,0.013329685972889083,0.013329685972889083,1.0369731463018224
2014-10-20,3813.6001,3872.3501,3804.97,3870.0801,,0.014312810741533788,0.014312810741533788,1.0518151466888932
2014-10-21,3916.6499,3971.3999,3908.8301,3971.3899,,0.026177701076522952,0.026177701076522952,1.0793492491866743
2014-10-22,3980.5,3988.3999,3947.98,3949.5901,,-0.005489211724086895,-0.005489211724086895,1.0734244726336544
2014-10-23,3989.8601,4032.22,3984.1499,4012.27,,0.015869975975481676,0.015869975975481676,1.0904596932258446
2014-10-24,4019.8401,4045.1899,4003.4299,4042.02,,0.007414755238306592,0.007414755238306592,1.098545184948353
2014-10-27,4031.8799,4052.5,4019.23,4046.01,,0.000987130197277697,0.000987130197277697,1.0996295920734895
2014-10-28,4063.0601,4107.1899,4062.21,4106.6201,,0.014980215076087378,0.014980215076087378,1.1161022798667803
2014-10-29,4091.6201,4104.0601,4062.49,4090.55,,-0.003913218074396485,-0.003913218074396485,1.1117347282523307
2014-10-30,4074.26,4109.0601,4064.45,4100.6401,,0.0024666854090524826,0.0024666854090524826,1.1144770280852476
2014-10-31,4168.5,4170.8701,4143.2002,4158.21,,0.01403924718972549,0.01403924718972549,1.130123446569807
2014-11-03,4160.6001,4179.3599,4156.79,4169.2798,,0.0026621551100112217,0.0026621551100112217,1.1331320104780362
2014-11-04,4154.8799,4165.0498,4126.7202,4156.23,,-0.003129989021125601,-0.003129989021125601,1.1295853197257542
2014-11-05,4179.23,4179.9302,4140.21,4153.27,,-0.0007121838781778411,-0.0007121838781778411,1.128780847272019
2014-11-06,4147.3101,4165.77,4133.98,4164.0801,,0.0026027924984408646,0.0026027924984408646,1.1317188295936824
2014-11-07,4170.46,4171.1299,4139.46,4160.5,,-0.0008597577169565662,-0.0008597577169565662,1.1307458255965142
2014-11-10,4162.5898,4179.98,4151.48,4175.9502,,0.0037135440451869783,0.0037135440451869783,1.1349449000237781
2014-11-11,4173.6099,4187.3101,4165.25,4187.1602,,0.002684418985647863,0.002684418985647863,1.1379915676610661
2014-11-12,4174.4702,4199.1899,4173.02,4195.3999,,0.001967849235861685,0.001967849235861685,1.140230963497905
2014-11-13,4202.77,4228.6802,4194.3301,4213.48,,0.004309505751763698,0.004309505751763698,1.1451447953934384
2014-11-14,4214.9702,4225.1802,4198.5898,4224.9902,,0.0027317561730446638,0.0027317561730446638,1.1482730517572846
2014-11-17,4215.29,4225.48,4194.1802,4213.79,,-0.0026509410601710526,-0.0026509410601710526,1.1452290475760931
2014-11-18,4215.1802,4248.1899,4214.3198,4242.1899,,0.0067397520996539395,0.0067397520996539395,1.1529476074540788
2014-11-19,4233.7002,4235.8398,4204.1602,4222.6602,,-0.004603683583330409,-0.004603683583330409,1.1476398014812024
2014-11-20,4204.54,4245.1699,4202.3599,4242.0898,,0.004601270071411312,0.004601270071411312,1.1529204021525181
2014-11-21,4284.4102,4285.27,4237.3799,4251.3198,,0.0021758143828074505,0.0021758143828074505,1.1554289429457536
2014-11-24,4262.0898,4285.0,4258.4102,4284.3198,,0.007762295370016714,0.007762295370016714,1.1643977236799647
2014-11-25,4290.6802,4302.4399,4279.8999,4288.23,,0.0009126769668312829,0.0009126769668312829,1.1654604426625983
2014-11-26,4291.8701,4319.4102,4289.5098,4317.9902,,0.006939972902572977,0.006939972902572977,1.1735487065536974
2014-11-28,4330.96,4347.0898,4326.2002,4337.79,,0.004585420318925282,0.004585420318925282,1.178929920637977
2014-12-01,4323.9502,4332.5498,4274.6802,4287.8101,,-0.011521973170669941,-0.011521973170669941,1.1653463217222864
2014-12-02,4291.3301,4312.9199,4283.8901,4305.96,,0.004232906676534087,0.004232906676534087,1.170279123947979
2014-12-03,4312.1699,4319.02,4287.04,4312.9302,,0.001618733104812753,0.001618733104812753,1.172173493507785
2014-12-04,4309.48,4327.5498,4293.9399,4311.9302,,-0.00023186092833127336,-0.00023186092833127336,1.1719017122734148
2014-12-05,4318.2798,4324.4199,4302.04,4311.5698,,-8.358205798408846e-05,-8.358205798408846e-05,1.171803762316548
2014-12-08,4301.27,4320.0801,4259.0098,4278.3398,,-0.007707169671705261,-0.007707169671705261,1.1627724718984318
2014-12-09,4228.21,4297.73,4216.8701,4294.6699,,0.0038169244995454044,0.0038169244995454044,1.1672106866338179
2014-12-10,4284.5,4297.0,4218.8599,4224.8701,,-0.016252657742100274,-0.016252657742100274,1.1482404108310367
2014-12-11,4241.6899,4296.8101,4238.29,4246.48,,0.005114926492059357,0.005114926492059357,1.1541135761276493
2014-12-12,4207.6099,4254.4302,4199.29,4199.29,,-0.0111127333697556,-0.0111127333697556,1.1412882196777276
2014-12-15,4224.1699,4236.0601,4145.0098,4157.4199,,-0.009970756961295901,-0.009970756961295901,1.129908712216531
2014-12-16,4122.23,4190.4199,4089.1899,4089.6001,,-0.016312954099247934,-0.016312954099247934,1.1114765632578025
2014-12-17,4095.75,4175.98,4089.0901,4165.1001,,0.01846146277236249,0.01846146277236249,1.1319960464527397
2014-12-18,4230.3599,4267.77,4213.21,4267.77,,0.024650043824877343,0.024650043824877343,1.1598997986073876
2014-12-19,4272.75,4300.3999,4258.3301,4281.7798,,0.0032826979898166186,0.0032826979898166186,1.1637073993446647
2014-12-22,4271.8701,4295.27,4270.54,4293.6699,,0.002776905995959922,0.002776905995959922,1.166938905399448
2014-12-23,4308.9502,4309.0298,4274.5098,4279.2998,,-0.0033468106153200505,-0.0033468106153200505,1.163033381883427
2014-12-24,4283.1899,4298.8701,4281.7998,4283.1001,,0.0008880658466601243,0.0008880658466601243,1.1640662321084034
2014-12-26,4295.7202,4322.4502,4294.7998,4314.1001,,0.007237748190848992,0.007237748190848992,1.1724914503738744
2014-12-29,4309.7002,4321.2002,4306.6699,4312.6401,,-0.0003384251561524554,-0.0003384251561524554,1.1720946497716942
2014-12-30,4301.1499,4309.1299,4277.75,4282.3501,,-0.007023539942505264,-0.007023539942505264,1.163862396182626
2014-12-31,4294.8799,4307.0098,4233.71,4236.2798,,-0.010758181588188975,-0.010758181588188975,1.1513413531808283
2015-01-02,4258.6001,4276.71,4206.46,4230.2402,,-0.0014256848662357324,-0.0014256848662357324,1.149699903237727
2015-01-05,4206.5498,4210.96,4151.8501,4160.96,,-0.016377367885634486,-0.016377367885634486,1.1308708449643246
2015-01-06,4174.7798,4176.2598,4090.3301,4110.8301,,-0.012047676497731308,-0.012047676497731308,1.1172464788634784
2015-01-07,4139.8501,4169.9702,4126.3901,4160.0,,0.011961063533129312,0.011961063533129312,1.1306099349793293
2015-01-08,4195.4902,4247.9302,4192.6299,4240.5498,,0.01936293269230771,0.01936293269230771,1.1525018590515883
2015-01-09,4250.98,4253.9702,4188.6099,4213.2798,,-0.00643076989686564,-0.00643076989686564,1.1450903847903178
2015-01-12,4221.52,4223.8799,4158.1099,4169.9702,,-0.010279307820952321,-0.010279307820952321,1.1333196482422452
2015-01-13,4212.9902,4252.7002,4134.9399,4166.2002,,-0.0009040831994433507,-0.0009040831994433507,1.1322950329886703
2015-01-14,4122.0801,4165.0,4108.3101,4145.8398,,-0.004887043114250811,-0.004887043114250811,1.1267614583444026
2015-01-15,4162.1001,4169.4399,4085.7,4089.6499,,-0.0135533215731104,-0.0135533215731104,1.111490097963274
2015-01-16,4087.8799,4143.5298,4078.8501,4142.1401,,0.01283488838494451,0.01283488838494451,1.1257559493116038
2015-01-20,4164.4302,4181.3398,4117.1499,4171.21,,0.007018087099468273,0.007018087099468273,1.1336566026166173
2015-01-21,4158.1299,4211.2798,4145.8198,4192.0898,,0.00500569379148974,0.00500569379148974,1.1393313404340166
2015-01-22,4215.0,4274.1499,4173.54,4270.3599,,0.01867090251740322,0.01867090251740322,1.1606036848262826
2015-01-23,4268.5298,4292.8799,4258.48,4278.1401,,0.0018219073291689813,0.0018219073291689813,1.162718197185928
2015-01-26,4271.1001,4282.48,4254.46,4275.71,,-0.0005680272135079045,-0.0005680272135079045,1.1620577416082856
2015-01-27,4200.8799,4209.4102,4151.1499,4165.5,,-0.02577583605997602,-0.02577583605997602,1.1321047317683643
2015-01-28,4233.7402,4235.1499,4140.3799,4140.3799,,-0.006030512543512168,-0.006030512543512168,1.1252775599828657
2015-01-29,4134.52,4189.54,4103.71,4181.3501,,0.009895275551888405,0.009895275551888405,1.1364124915112528
2015-01-30,4178.6201,4210.8501,4144.0298,4148.4302,,-0.007873031248926021,-0.007873031248926021,1.1274654804539148
2015-02-02,4162.1899,4189.0898,4094.73,4188.5898,,0.009680673908892157,0.009680673908892157,1.1383801061137215
2015-02-03,4201.9399,4229.1499,4174.23,4229.1499,,0.009683473898542294,0.009683473898542294,1.1494035801578935
2015-02-04,4202.4302,4248.8398,4198.7402,4221.2002,,-0.001879739471991826,-0.001879739471991826,1.147243000879022
2015-02-05,4229.6201,4258.0,4220.1699,4256.1802,,0.008286742713600637,0.008286742713600637,1.1567499084572856
2015-02-06,4259.98,4271.2798,4214.8901,4228.6802,,-0.006461192597061571,-0.006461192597061571,1.1492759245121098
2015-02-09,4209.8101,4235.2402,4206.7598,4216.0898,,-0.0029773828723203,-0.0029773828723203,1.1458540900588974
2015-02-10,4240.04,4286.4199,4232.9902,4281.1499,,0.015431383838171664,0.015431383838171664,1.1635362043451352
2015-02-11,4284.7598,4305.3501,4277.6499,4297.2798,,0.003767655974858508,0.003767655974858508,1.1679200084774004
2015-02-12,4321.4102,4347.9702,4317.98,4347.9702,,0.011795927274737661,0.011795927274737661,1.1816967079601108
2015-02-13,4359.7798,4384.0298,4351.02,4384.0298,,0.008293433105866388,0.008293433105866388,1.1914970305590005
2015-02-17,4379.3198,4387.3198,4370.6299,4385.3398,,0.00029881183745583684,0.00029881183745583684,1.1918530639760252
2015-02-18,4378.73,4393.1899,4374.23,4390.9102,,0.0012702322406124011,0.0012702322406124011,1.19336699416396
2015-02-19,4388.9199,4415.79,4388.4399,4411.8599,,0.004771152003974155,0.004771152003974155,1.199060729489642
2015-02-20,4406.75,4444.6201,4397.6201,4443.0498,,0.0070695581244544226,0.0070695581244544226,1.2075375590115196
2015-02-23,4441.2598,4449.4902,4430.8701,4449.4902,,0.0014495448599294303,0.0014495448599294303,1.2092879388733564
2015-02-24,4442.1299,4455.52,4428.8198,4451.0298,,0.0003460171684388502,0.0003460171684388502,1.2097063732617925
2015-02-25,4441.0801,4461.1201,4429.8999,4440.5898,,-0.0023455246244364902,-0.0023455246244364902,1.2068689771749692
2015-02-26,4443.5498,4463.8101,4430.79,4462.27,,0.004882279376491994,0.004882279376491994,1.2127612486923587
2015-02-27,4459.8599,4464.3101,4435.6499,4440.6699,,-0.004840608031338456,-0.004840608031338456,1.2068907468518424
2015-03-02,4452.7998,4483.9702,4450.8599,4483.0498,,0.00954358260225563,0.00954358260225563,1.218408808386321
2015-03-03,4466.5298,4473.6401,4433.5,4458.7798,,-0.005413725272469527,-0.005413725272469527,1.2118126778281604
2015-03-04,4442.4102,4452.3701,4421.0,4445.3599,,-0.003009769623518954,-0.003009769623518954,1.208165400841038
2015-03-05,4454.8799,4464.48,4433.9399,4452.0601,,0.0015072345435966916,0.0015072345435966916,1.2099863894675638
2015-03-06,4442.1899,4453.9302,4389.8198,4399.23,,-0.011866439089625036,-0.011866439089625036,1.1956281596776717
2015-03-09,4406.8701,4424.2202,4391.6201,4412.9902,,0.003127865558290921,0.003127865558290921,1.1993679238188504
2015-03-10,4376.0298,4381.6201,4331.5,4333.71,,-0.01796518832060856,-0.01796518832060856,1.1778210532017475
2015-03-11,4336.0498,4342.8701,4304.2798,4305.3799,,-0.006537147155670331,-0.006537147155670331,1.170121463653921
2015-03-12,4302.73,4339.2002,4300.8701,4336.23,,0.0071654768490927445,0.0071654768490927445,1.1785059419123598
2015-03-13,4328.0898,4347.8701,4289.2998,4314.8999,,-0.004919042578460875,-0.004919042578460875,1.1727088210051237
2015-03-16,4338.29,4371.46,4327.27,4370.4702,,0.012878699688954498,0.012878699688954498,1.1878117857334365
2015-03-17,4355.8301,4384.98,4349.6899,4375.6201,,0.0011783400330702687,0.0011783400330702687,1.1892114319123188
2015-03-18,4366.7998,4440.4902,4344.4902,4422.5,,0.010713887158531055,0.010713887158531055,1.2019525090014624
2015-03-19,4424.79,4440.0098,4419.8398,4426.8301,,0.00097910684002267,0.00097910684002267,1.2031293489244081
2015-03-20,4468.29,4478.6899,4456.4102,4458.54,,0.007163116560538363,0.007163116560538363,1.2117475046881583
2015-03-23,4454.1499,4466.3398,4445.52,4445.54,,-0.00291575269034261,-0.00291575269034261,1.208214348641348
2015-03-24,4444.3901,4467.79,4430.9702,4430.98,,-0.0032751926650081975,-0.0032751926650081975,1.20425721386892
2015-03-25,4437.3799,4442.54,4329.29,4329.29,,-0.02294977634744455,-0.02294977634744455,1.1766197801458318
2015-03-26,4288.1602,4340.1699,4280.9502,4315.2598,,-0.0032407623420930287,-0.0032407623420930287,1.1728066350713733
2015-03-27,4314.6001,4342.9199,4309.52,4332.8599,,0.004078572511439615,0.004078572511439615,1.1775900119744094
2015-03-30,4359.7798,4384.1802,4359.7798,4382.8198,,0.011530467440223457,0.011530467440223457,1.1911681752654129
2015-03-31,4364.1401,4377.3599,4333.6899,4333.6899,,-0.011209655482527503,-0.011209655482527503,1.1778155903989367
2015-04-01,4328.1699,4334.5601,4284.0601,4306.9502,,-0.006170192288100784,-0.006170192288100784,1.1705482417262523
2015-04-02,4316.2402,4327.79,4302.4902,4316.0098,,0.002103483806244144,0.002103483806244144,1.173010470997151
2015-04-06,4286.1602,4361.5601,4283.9102,4350.98,,0.008102437580192579,0.008102437580192579,1.1825147151193176
2015-04-07,4349.3101,4379.4199,4343.7402,4344.0801,,-0.0015858266413542044,-0.0015858266413542044,1.180639451780288
2015-04-08,4345.2202,4382.8198,4345.0898,4375.96,,0.007338699855004904,0.007338699855004904,1.189303810353881
2015-04-09,4375.7798,4405.6499,4361.23,4403.9502,,0.006396356456640495,0.006396356456640495,1.1969110214601453
2015-04-10,4402.02,4422.6299,4394.3799,4422.02,,0.004103089085794043,0.004103089085794043,1.2018220540089648
2015-04-13,4428.1299,4448.2002,4407.0698,4409.21,,-0.0028968661380999183,-0.0028968661380999183,1.1983405363966846
2015-04-14,4409.29,4418.8701,4375.1001,4397.6499,,-0.002621807534682996,-0.002621807534682996,1.1951987181492438
2015-04-15,4409.7402,4435.2798,4406.04,4424.5298,,0.006112332862149739,0.006112332862149739,1.2025041705509867
2015-04-16,4412.1499,4427.2202,4408.96,4418.8301,,-0.0012882046810940295,-0.0012882046810940295,1.2009550990494477
2015-04-17,4379.6299,4390.3101,4333.1099,4351.7998,,-0.015169241288548352,-0.015169241288548352,1.1827375213752542
2015-04-20,4373.6499,4423.8799,4373.0898,4417.3999,,0.015074245832724431,0.015074245832724431,1.2005663975280518
2015-04-21,4444.5,4448.6699,4430.98,4435.98,,0.00420611681545946,0.00420611681545946,1.2056161200407702
2015-04-22,4448.5801,4466.8398,4419.3501,4460.8101,,0.005597432810788172,0.005597432810788172,1.2123644752683016
2015-04-23,4445.1699,4496.0801,4444.29,4477.0698,,0.003645010577787433,0.003645010577787433,1.2167835566047882
2015-04-24,4529.73,4543.6401,4517.8799,4536.7798,,0.013336848132231571,0.013336848132231571,1.2330116141090228
2015-04-27,4548.5098,4562.3301,4516.3301,4525.04,,-0.002587694469985191,-0.002587694469985191,1.2298209567737655
2015-04-28,4529.4102,4537.1499,4479.0098,4515.27,,-0.0021590969361595658,-0.0021590969361595658,1.2271656541139704
2015-04-29,4490.5698,4517.0098,4463.98,4488.1499,,-0.006006307485488138,-0.006006307485488138,1.2197949198597315
2015-04-30,4459.23,4480.3599,4395.1001,4414.25,,-0.01646555967304042,-0.01646555967304042,1.1997103138179097
2015-05-01,4437.7002,4479.0601,4435.2402,4479.0601,,0.014682018462932378,0.014682018462932378,1.2173244827955547
2015-05-04,4491.1899,4510.4702,4480.8501,4482.6099,,0.00079253234400678,0.00079253234400678,1.2182892518213215
2015-05-05,4464.21,4472.23,4407.27,4409.3901,,-0.0163341895978949,-0.0163341895978949,1.1983894841969946
2015-05-06,4420.2998,4429.96,4349.9302,4379.75,,-0.006722040764776005,-0.006722040764776005,1.1903338612321435
2015-05-07,4377.8101,4413.73,4373.29,4401.5498,,0.004977407386266286,0.004977407386266286,1.1962586377851634
2015-05-08,4445.0,4466.1699,4441.73,4458.6499,,0.012972726106609267,0.012972726106609267,1.2117773734458157
2015-05-11,4457.6201,4468.75,4437.5298,4438.6299,,-0.004490148464000421,-0.004490148464000421,1.2063363131337275
2015-05-12,4412.8301,4441.3999,4380.52,4420.6499,,-0.004050799549653705,-0.004050799549653705,1.2014496865397546
2015-05-13,4436.0801,4460.54,4421.75,4426.5601,,0.0013369527408173543,0.0013369527408173543,1.2030559679911281
2015-05-14,4461.0698,4496.25,4448.3799,4495.04,,0.015470229354843879,0.015470229354843879,1.2216675197426645
2015-05-15,4505.3901,4509.1299,4482.5498,4494.29,,-0.00016685057307608275,-0.00016685057307608275,1.2214636838168869
2015-05-18,4487.1401,4521.0098,4483.7598,4512.9502,,0.00415197951178059,0.00415197951178059,1.2265351760064787
2015-05-19,4514.6699,4521.8501,4498.52,4503.7202,,-0.002045225316246624,-0.002045225316246624,1.2240266352132432
2015-05-20,4505.5898,4533.9199,4484.52,4505.2998,,0.0003507322679592306,0.0003507322679592306,1.224455940851054
2015-05-21,4499.4199,4537.2798,4495.3999,4529.4702,,0.005364881600110172,0.005364881600110172,1.2310250019982714
2015-05-22,4522.8599,4542.46,4522.6099,4527.1602,,-0.000509993420422461,-0.000509993420422461,1.2303971873468769
2015-05-26,4516.6299,4521.8501,4456.7598,4472.96,,-0.011972229301715487,-0.011972229301715487,1.2156665900877741
2015-05-27,4488.0498,4551.52,4479.7402,4546.0601,,0.01634266794248096,0.01634266794248096,1.2355338254983468
2015-05-28,4537.48,4548.2402,4523.5498,4535.6602,,-0.002287673231596621,-0.002287673231596621,1.2327073278390221
2015-05-29,4532.1499,4539.5698,4499.6499,4508.25,,-0.006043265763162831,-0.006043265763162831,1.2252577498486925
2015-06-01,4530.0298,4535.4302,4488.1699,4521.8501,,0.0030167138024732587,0.0030167138024732587,1.2289540018142484
2015-06-02,4503.7598,4531.0801,4486.1899,4508.8901,,-0.0028660835086063985,-0.0028660835086063985,1.2254317170168127
2015-06-03,4531.04,4539.3501,4512.4399,4519.8599,,0.002432926897020682,0.002432926897020682,1.2284131028016052
2015-06-04,4501.73,4526.21,4475.0498,4487.0298,,-0.007263521597207001,-0.007263521597207001,1.2194904976991137
2015-06-05,4483.4302,4493.4302,4452.3301,4477.1899,,-0.002192965154811266,-0.002192965154811266,1.216816197531036
2015-06-08,4476.6899,4477.8301,4423.7998,4431.52,,-0.010200572461757762,-0.010200572461757762,1.2044039757354803
2015-06-09,4421.02,4441.6201,4392.4502,4427.6099,,-0.0008823383398923745,-0.0008823383398923745,1.2033412839309698
2015-06-10,4440.54,4497.5098,4435.29,4485.46,,0.013065762636405687,0.013065762636405687,1.2190638555173996
2015-06-11,4498.48,4511.3198,4483.8398,4488.4702,,0.0006711017376144213,0.0006711017376144213,1.2198819713891003
2015-06-12,4467.3799,4476.21,4449.21,4453.79,,-0.00772650779769013,-0.00772650779769013,1.2104565438249006
2015-06-15,4416.1401,4437.9702,4396.1299,4432.9199,,-0.004685919183437082,-0.004685919183437082,1.2047844422854745
2015-06-16,4428.2998,4463.2002,4426.1899,4455.8999,,0.0051839420784483,0.0051839420784483,1.211029975051298
2015-06-17,4465.1699,4482.27,4441.3398,4468.98,,0.0029354564271066863,0.0029354564271066863,1.2145849007749814
2015-06-18,4483.6099,4540.6899,4483.6099,4531.8501,,0.01406810950149695,0.01406810950149695,1.2316718141579486
2015-06-19,4538.71,4539.4902,4511.3901,4511.3901,,-0.004514712434994239,-0.004514712434994239,1.2261111701027378
2015-06-22,4541.8501,4557.98,4534.7598,4544.04,,0.007237214977263928,0.007237214977263928,1.234984800226796
2015-06-23,4549.52,4551.77,4529.9902,4548.7402,,0.0010343658946665446,0.0010343658946665446,1.236262226384582
2015-06-24,4542.0698,4561.6401,4523.8999,4524.6001,,-0.005306985877100767,-0.005306985877100767,1.2297014002087658
2015-06-25,4540.3999,4546.1499,4508.6499,4514.0098,,-0.0023406046426069915,-0.0023406046426069915,1.226823155402417
2015-06-26,4514.3701,4523.9702,4469.23,4484.2798,,-0.006586162041562149,-0.006586162041562149,1.218743099304596
2015-06-29,4433.1602,4460.0801,4377.23,4379.8701,,-0.023283493594668192,-0.023283493594668192,1.1903665021583913
2015-06-30,4414.46,4420.5,4381.9399,4402.3398,,0.005130220642844963,0.005130220642844963,1.1964733449603155
2015-07-01,4433.79,4445.8999,4409.4199,4429.23,,0.006108160937508655,0.006108160937508655,1.2037815967087726
2015-07-02,4440.1699,4445.8301,4417.48,4433.3901,,0.0009392377456127754,0.0009392377456127754,1.2049122338218754
2015-07-06,4394.4399,4444.4102,4394.4399,4418.6602,,-0.00332249129170914,-0.00332249129170914,1.2009089234177284
2015-07-07,4422.75,4434.9102,4344.1499,4429.0601,,0.0023536319900767655,0.0023536319900767655,1.2037354210770532
2015-07-08,4392.5098,4403.1299,4346.4199,4351.5801,,-0.017493553541980567,-0.017493553541980567,1.1826778110380634
2015-07-09,4410.3799,4414.4302,4351.5098,4352.0298,,0.00010334177233684017,0.00010334177233684017,1.1828000310591595
2015-07-10,4405.9902,4434.1099,4394.0098,4420.1499,,0.015652489328083163,0.015652489328083163,1.2013137959225695
2015-07-13,4457.7598,4498.7402,4456.54,4494.4702,,0.016813977281630033,0.016813977281630033,1.2215126587953204
2015-07-14,4503.2002,4537.21,4500.6602,4523.4702,,0.006452373407660028,0.006452373407660028,1.2293943145920512
2015-07-15,4531.3101,4547.1802,4517.3999,4528.3599,,0.0010809621338945252,0.0010809621338945252,1.2307232432937505
2015-07-16,4567.0601,4595.02,4558.3198,4594.8999,,0.014694061750701426,0.014694061750701426,1.2488075666287324
2015-07-17,4635.48,4661.6001,4624.6802,4661.6001,,0.014516137772663917,0.014516137772663917,1.2669354293174602
2015-07-20,4670.23,4694.1299,4657.98,4679.6699,,0.0038763084804294134,0.0038763084804294134,1.27184646186628
2015-07-21,4679.54,4686.3599,4661.7598,4674.3999,,-0.001126147807989475,-0.001126147807989475,1.27041417476115
2015-07-22,4604.9702,4643.8301,4604.5298,4623.2402,,-0.010944656232771188,-0.010944656232771188,1.2565099283451493
2015-07-23,4627.5601,4641.5801,4592.5,4602.8301,,-0.004414674366259419,-0.004414674366259419,1.2509628461735336
2015-07-24,4630.9502,4632.0601,4552.3999,4557.3701,,-0.009876532266528848,-0.009876532266528848,1.238607671259072
2015-07-27,4530.3701,4551.9902,4511.9199,4519.0898,,-0.008399646980612907,-0.008399646980612907,1.2282038040730168
2015-07-28,4539.4702,4568.79,4506.1899,4560.23,,0.009103647376071056,0.009103647376071056,1.2393849384112468
2015-07-29,4570.5,4586.7798,4552.7598,4581.6001,,0.004686189073796809,0.004686189073796809,1.2451929305678577
2015-07-30,4570.77,4606.6499,4540.98,4598.5898,,0.0037082459466508677,0.0037082459466508677,1.2498104122054343
2015-07-31,4615.8398,4616.48,4584.2202,4588.9102,,-0.002104906160579789,-0.002104906160579789,1.2471796785692262
2015-08-03,4595.2598,4607.52,4549.6001,4580.46,,-0.0018414393901192705,-0.0018414393901192705,1.2448830727825526
2015-08-04,4573.25,4584.4502,4551.8999,4567.46,,-0.002838142893945128,-0.002838142893945128,1.241349916735742
2015-08-05,4592.8101,4634.7002,4590.1899,4602.2402,,0.007614779330306076,0.007614779330306076,1.2508025224233787
2015-08-06,4608.6899,4612.6201,4508.2998,4528.5098,,-0.01602054582027257,-0.01602054582027257,1.2307639833007824
2015-08-07,4519.3599,4532.46,4485.5,4520.0801,,-0.0018614732820053659,-0.0018614732820053659,1.2284729490294135
2015-08-10,4558.6802,4583.6299,4554.6201,4573.1099,,0.011732048730729305,0.011732048730729305,1.2428854535318095
2015-08-11,4548.75,4567.6899,4491.0601,4513.9902,,-0.012927679695605043,-0.012927679695605043,1.2268178284902234
2015-08-12,4475.9102,4539.1802,4436.54,4528.1899,,0.00314570908904499,0.00314570908904499,1.2306770404839076
2015-08-13,4536.96,4556.1401,4514.4502,4519.3198,,-0.0019588621934782946,-0.0019588621934782946,1.228266313756922
2015-08-14,4512.8799,4536.2002,4503.8301,4530.7402,,0.002527017450723479,0.002527017450723479,1.2313701641659214
2015-08-17,4516.8799,4568.5898,4507.98,4566.3701,,0.007864035108435363,0.007864035108435363,1.2410537023684023
2015-08-18,4556.23,4562.1499,4536.0498,4542.0698,,-0.005321579168539148,-0.005321579168539148,1.2344493368388403
2015-08-19,4525.3198,4550.6699,4486.1099,4510.8999,,-0.006862488110596643,-0.006862488110596643,1.2259779429416497
2015-08-20,4467.79,4484.3599,4385.1299,4385.1299,,-0.027881354671603464,-0.027881354671603464,1.1917960170949309
2015-08-21,4313.1899,4361.3198,4197.27,4197.27,,-0.04284021323974907,-0.04284021323974907,1.1407392215843004
2015-08-24,3847.1201,4199.79,3787.23,4038.6001,,-0.03780311964681815,-0.03780311964681815,1.097615720304931
2015-08-25,4187.2798,4207.3799,4015.9099,4016.3201,,-0.005516763098183497,-0.005516763098183497,1.0915604344031666
2015-08-26,4141.2402,4227.8599,4052.54,4219.6001,,0.05061349567231943,0.05061349567231943,1.1468081237259065
2015-08-27,4281.6299,4328.9902,4231.1401,4324.8198,,0.024935941204475842,0.024935941204475842,1.175404863671951
2015-08-28,4307.0498,4340.7002,4295.5601,4329.1201,,0.0009943304458603919,0.0009943304458603919,1.1765736045141124
2015-08-31,4299.8799,4324.73,4262.0801,4274.5801,,-0.012598403079646547,-0.012598403079646547,1.161750655991571
2015-09-01,4177.9399,4229.3101,4121.8301,4142.6299,,-0.03086857583976499,-0.03086857583976499,1.1258890677601983
2015-09-02,4207.6802,4256.23,4166.0801,4256.23,,0.02742221794903754,0.02742221794903754,1.1567634431627571
2015-09-03,4267.3398,4300.2998,4222.3799,4234.6499,,-0.005070238215509781,-0.005070238215509781,1.1508983769469288
2015-09-04,4175.6201,4210.8101,4160.4302,4184.7202,,-0.011790750399460537,-0.011790750399460537,1.1373284214492032
2015-09-08,4267.3999,4306.5,4247.1401,4303.5298,,0.028391288860841968,0.028391288860841968,1.169618641192213
2015-09-09,4346.3599,4352.96,4242.46,4253.4502,,-0.011636866090714681,-0.011636866090714681,1.1560079456874557
2015-09-10,4248.48,4326.77,4243.6899,4296.2998,,0.010074080566406796,0.010074080566406796,1.1676536628677174
2015-09-11,4273.6201,4323.23,4268.1001,4323.23,,0.006268231095045929,0.006268231095045929,1.1749727858655492
2015-09-14,4334.8599,4334.9399,4293.77,4308.7598,,-0.0033470807706275085,-0.0033470807706275085,1.1710400570479682
2015-09-15,4322.4102,4373.1899,4303.8901,4360.2798,,0.011957036918140762,0.011957036918140762,1.1850422262427123
2015-09-16,4357.3599,4388.3198,4346.4702,4383.6699,,0.005364357580905699,0.005364357580905699,1.1913992164927507
2015-09-17,4378.9902,4450.6602,4368.7998,4384.96,,0.000294296794564719,0.000294296794564719,1.1917498414632115
2015-09-18,4325.29,4374.9199,4317.0898,4323.8599,,-0.01393401536159955,-0.01393401536159955,1.1751439808650792
2015-09-21,4343.77,4372.4199,4299.9399,4336.1299,,0.002837742268198662,0.002837742268198662,1.1784787366107994
2015-09-22,4273.2998,4286.6001,4233.8999,4274.1001,,-0.014305337116399586,-0.014305337116399586,1.161620200999073
2015-09-23,4280.0098,4294.73,4255.0601,4273.5298,,-0.00013343159651302283,-0.00013343159651302283,1.161465204161112
2015-09-24,4239.8501,4275.6401,4198.1099,4261.1001,,-0.0029085324267542623,-0.0029085324267542623,1.1580870449522627
2015-09-25,4305.3799,4308.6602,4198.96,4224.7402,,-0.008532984240384178,-0.008532984240384178,1.148205106448692
2015-09-28,4206.6802,4207.02,4092.29,4103.4702,,-0.028704723665611498,-0.028704723665611498,1.1152461961566382
2015-09-29,4110.2598,4155.3101,4053.1101,4083.3701,,-0.004898317526468077,-0.004898317526468077,1.1097833661676773
2015-09-30,4137.1802,4181.0601,4125.2002,4181.0601,,0.02392386622020859,0.02392386622020859,1.1363336749532855
2015-10-01,4185.2798,4194.1802,4128.3398,4192.96,,0.0028461442111296087,0.0028461442111296087,1.1395678444641655
2015-10-02,4136.96,4267.4502,4124.54,4267.4502,,0.017765540334274688,0.017765540334274688,1.159812882968636
2015-10-05,4296.54,4339.23,4290.25,4331.4302,,0.014992559257047677,0.014992559257047677,1.1772014463436304
2015-10-06,4315.3198,4332.0298,4273.7002,4306.7002,,-0.00570943057099238,-0.00570943057099238,1.1704802964176597
2015-10-07,4331.8701,4342.5801,4279.21,4333.46,,0.006213527470521285,0.006213527470521285,1.177753107893155
2015-10-08,4316.1802,4358.0898,4275.6001,4350.1499,,0.0038514028051488403,0.0038514028051488403,1.1822891095166672
2015-10-09,4355.2402,4378.2598,4341.5098,4370.0098,,0.004565336932412345,0.004565336932412345,1.1876866576531326
2015-10-12,4378.6401,4389.77,4363.96,4382.5601,,0.0028719157563446007,0.0028719157563446007,1.1910975936788468
2015-10-13,4354.0601,4399.9302,4349.1802,4352.9399,,-0.00675865232287387,-0.00675865232287387,1.1830473791605596
2015-10-14,4356.8198,4373.71,4328.96,4346.9199,,-0.0013829733785206688,-0.0013829733785206688,1.181411256129652
2015-10-15,4361.98,4418.25,4357.2202,4418.2202,,0.016402487655684528,0.016402487655684528,1.2007893396746054
2015-10-16,4419.9502,4438.75,4405.8799,4438.6201,,0.004617221205950761,0.004617221205950761,1.2063336496776307
2015-10-19,4428.0601,4464.7798,4420.7998,4462.0698,,0.005283105891400908,0.005283105891400908,1.2127068380892376
2015-10-20,4454.6201,4463.1099,4424.3398,4438.1802,,-0.005353927901352029,-0.005353927901352029,1.2062140931126313
2015-10-21,4462.2202,4464.73,4409.8999,4413.52,,-0.005556376462586887,-0.005556376462586887,1.1995119135168197
2015-10-22,4451.3198,4504.7002,4438.6001,4503.2202,,0.020323959107469536,0.020323959107469536,1.223890744596058
2015-10-23,4623.7202,4645.96,4598.7402,4624.0898,,0.026840703903397767,0.026840703903397767,1.25674083368187
2015-10-26,4621.1401,4638.75,4606.6602,4630.8501,,0.0014619742030095306,0.0014619742030095306,1.2585781563605818
2015-10-27,4617.6001,4645.9399,4617.4399,4639.23,,0.0018095813552678752,0.0018095813552678752,1.2608556559264792
2015-10-28,4649.1001,4678.5801,4609.9302,4678.5801,,0.008482032578682297,0.008482032578682297,1.2715502746770635
2015-10-29,4657.7798,4678.2002,4653.0,4670.77,,-0.0016693312571478547,-0.0016693312571478547,1.2694276360585102
2015-10-30,4676.2998,4681.23,4648.8301,4648.8301,,-0.004697276894387925,-0.004697276894387925,1.263464782954555
2015-11-02,4658.79,4707.77,4652.4502,4703.9199,,0.0118502502382265,0.0118502502382265,1.278437156799753
2015-11-03,4692.0298,4735.3101,4685.98,4719.0498,,0.003216445075946206,0.003216445075946206,1.2825491796976483
2015-11-04,4729.0698,4737.1201,4698.8398,4717.5498,,-0.00031786059981819825,-0.00031786059981819825,1.2821415078460932
2015-11-05,4718.5098,4731.5601,4678.79,4702.8999,,-0.0031054044198960407,-0.0031054044198960407,1.2781599399406958
2015-11-06,4695.8799,4710.4702,4665.4102,4707.23,,0.0009207297820648108,0.0009207297820648108,1.2793367798636412
2015-11-09,4687.3501,4694.27,4627.1201,4655.52,,-0.010985229105014871,-0.010985229105014871,1.2652829722343673
2015-11-10,4628.8301,4647.3198,4616.71,4641.73,,-0.0029620751280202695,-0.0029620751280202695,1.2615351090124043
2015-11-11,4657.1899,4677.7798,4631.0601,4636.9399,,-0.0010319643753512464,-0.0010319643753512464,1.2602332497216484
2015-11-12,4617.7798,4639.2598,4588.0801,4588.9302,,-0.010353746443856338,-0.010353746443856338,1.2471851141939134
2015-11-13,4566.1201,4575.7998,4499.1499,4502.1401,,-0.018912926590166967,-0.018912926590166967,1.223597193684815
2015-11-16,4494.5601,4566.0298,4486.0898,4565.4702,,0.014066665761911734,0.014066665761911734,1.2408091264355925
2015-11-17,4571.54,4598.27,4554.8901,4565.8198,,7.657480712519593e-05,7.657480712519593e-05,1.2409041411551285
2015-11-18,4586.2402,4657.6299,4580.7202,4653.4399,,0.01919044198809594,0.01919044198809594,1.264717640088754
2015-11-19,4657.6099,4678.02,4648.9399,4655.3501,,0.00041049203192655703,0.00041049203192655703,1.2652367966026474
2015-11-20,4680.5098,4691.5898,4674.6099,4686.3599,,0.0066611101923357285,0.0066611101923357285,1.2736646783242154
2015-11-23,4689.98,4706.6201,4655.6001,4674.79,,-0.0024688458093029553,-0.0024688458093029553,1.2705201966206776
2015-11-24,4645.52,4682.1299,4621.6299,4669.4102,,-0.0011508110524750537,-0.0011508110524750537,1.2690580679360137
2015-11-25,4674.23,4683.5498,4666.23,4672.8799,,0.0007430702918325149,0.0007430702918325149,1.2700010672849074
2015-11-27,4680.4399,4689.5801,4665.9199,4680.46,,0.0016221474042164008,0.0016221474042164008,1.2720611962195556
2015-11-30,4692.5698,4695.0601,4654.5298,4664.5098,,-0.003407827435764954,-0.003407827435764954,1.2677262311751067
2015-12-01,4685.7402,4716.1602,4682.3999,4716.1602,,0.011073060667596835,0.011073060667596835,1.2817638406428127
2015-12-02,4720.27,4739.75,4680.0601,4686.2202,,-0.006348384857664646,-0.006348384857664646,1.2736267104857737
2015-12-03,4704.2002,4705.7798,4579.9102,4606.75,,-0.016958272682107367,-0.016958272682107367,1.2520282014341406
2015-12-04,4621.48,4722.3799,4612.1099,4716.1201,,0.0237412709610898,0.0237412709610898,1.2817529422153144
2015-12-07,4718.5498,4720.8198,4671.8701,4693.6201,,-0.004770870869043375,-0.004770870869043375,1.2756378644419888
2015-12-08,4646.4302,4708.4702,4643.6499,4694.77,,0.0002449921330447413,0.0002449921330447413,1.275950385683391
2015-12-09,4674.7998,4698.25,4595.0098,4622.1401,,-0.015470385130688102,-0.015470385130688102,1.2562109418092187
2015-12-10,4627.77,4674.0,4619.98,4643.0498,,0.004523813546889244,0.004523813546889244,1.2618938058855258
2015-12-11,4583.0801,4600.9102,4534.0498,4537.5601,,-0.022719915689898507,-0.022719915689898507,1.2332236850062015
2015-12-14,4535.5601,4571.5698,4478.25,4570.1602,,0.007184499881335071,0.007184499881335071,1.2420837804247882
2015-12-15,4607.2002,4636.77,4592.7202,4597.3301,,0.005945065120474213,0.005945065120474213,1.2494680493844983
2015-12-16,4633.8501,4673.54,4582.8701,4664.5601,,0.014623705180534907,0.014623705180534907,1.2677399017711954
2015-12-17,4680.6201,4681.1299,4597.6499,4598.1401,,-0.014239284857751167,-0.014239284857751167,1.249688192184338
2015-12-18,4578.6899,4593.3999,4519.5298,4531.6699,,-0.014455888371039394,-0.014455888371039394,1.2316228391795152
2015-12-21,4547.9199,4560.71,4519.8198,4560.5498,,0.006372904610726371,0.006372904610726371,1.2394718540499983
2015-12-22,4580.6099,4596.0801,4560.54,4589.2598,,0.006295293606924268,0.006295293606924268,1.247274693288762
2015-12-23,4612.1602,4626.1699,4605.3599,4624.5898,,0.007698409229305314,0.007698409229305314,1.256876724299055
2015-12-24,4626.3198,4635.5898,4620.7998,4622.77,,-0.0003935051709882398,-0.0003935051709882398,1.2563821368087487
2015-12-28,4610.4102,4621.6802,4580.1299,4621.3501,,-0.0003071535032027617,-0.0003071535032027617,1.2559962346340665
2015-12-29,4645.0801,4702.7402,4644.3198,4691.0801,,0.015088664241214023,0.015088664241214023,1.2749475401066888
2015-12-30,4687.1602,4688.6602,4651.73,4652.0098,,-0.008328636298493453,-0.008328636298493453,1.2643289657454813
2015-12-31,4634.1499,4642.5498,4592.8799,4593.27,,-0.012626757579057402,-0.012626757579057402,1.2483645903948328
2016-01-04,4485.0601,4497.8599,4439.1299,4497.8599,,-0.02077171601059813,-0.02077171601059813,1.2224339156454647
2016-01-05,4512.04,4522.1201,4466.0498,4484.1802,,-0.00304137974595442,-0.00304137974595442,1.2187160298936528
2016-01-06,4409.7798,4467.5498,4409.4902,4443.98,,-0.008964893962111531,-0.008964893962111531,1.2077903699157306
2016-01-07,4349.1401,4403.6099,4303.6602,4305.7202,,-0.03111170617329506,-0.03111170617329506,1.170213950807977
2016-01-08,4336.1201,4362.46,4264.8101,4270.7798,,-0.008114879364432337,-0.008114879364432337,1.1607178057665946
2016-01-11,4300.96,4311.1401,4217.6299,4283.5498,,0.002990086260125091,0.002990086260125091,1.1641884521294996
2016-01-12,4322.77,4353.1899,4273.02,4333.7202,,0.011712341945925298,0.011712341945925298,1.177823825370338
2016-01-13,4352.6401,4359.5,4177.2998,4183.1201,,-0.03475076678923561,-0.03475076678923561,1.136893544296088
2016-01-14,4201.23,4308.25,4133.3198,4272.9702,,0.02147920639428924,0.02147920639428924,1.1613131153823584
2016-01-15,4123.8701,4184.6899,4085.79,4143.0801,,-0.030398082345624466,-0.030398082345624466,1.1260114236719119
2016-01-19,4199.5601,4202.04,4101.0498,4147.0801,,0.000965465282701139,0.000965465282701139,1.1270985486093918
2016-01-20,4078.23,4178.6299,3992.9099,4134.79,,-0.0029635550082575124,-0.0029635550082575124,1.1237583300608607
2016-01-21,4146.4399,4200.3599,4099.2998,4142.6001,,0.0018888746465961503,0.0018888746465961503,1.125880968679414
2016-01-22,4226.4399,4260.5498,4209.2402,4259.77,,0.02828414454004391,0.02828414454004391,1.1577255487324274
2016-01-25,4245.4702,4268.1099,4193.3198,4196.5298,,-0.014845918911114975,-0.014845918911114975,1.1405380491146198
2016-01-26,4211.9199,4250.9702,4177.8501,4233.8501,,0.008893133560018862,0.008893133560018862,1.1506810063156794
2016-01-27,4214.9399,4226.0898,4111.9302,4128.8599,,-0.024797807555822393,-0.024797807555822393,1.1221466401629232
2016-01-28,4197.2002,4197.48,4116.5,4186.0601,,0.01385375173422565,0.01385375173422565,1.1376925811251357
2016-01-29,4186.3501,4275.46,4184.3101,4273.6602,,0.02092662262541345,0.02092662262541345,1.1615006444340739
2016-02-01,4254.4102,4301.6299,4238.2002,4286.5601,,0.003018466465817715,0.003018466465817715,1.1650065951793238
2016-02-02,4262.4502,4265.04,4180.5698,4193.1001,,-0.021803030359938247,-0.021803030359938247,1.1396059210151006
2016-02-03,4213.6699,4218.1499,4099.2402,4171.9702,,-0.005039207148906377,-0.005039207148906377,1.1338632107109854
2016-02-04,4158.0498,4200.9902,4120.5801,4167.77,,-0.0010067665392239356,-0.0010067665392239356,1.1327216751703846
2016-02-05,4150.3501,4152.73,4008.45,4024.47,,-0.03438289540929573,-0.03438289540929573,1.093775424285159
2016-02-08,3947.99,3979.0901,3888.78,3960.5901,,-0.01587287270125004,-0.01587287270125004,1.0764140662117248
2016-02-09,3903.9299,4008.0601,3902.74,3947.8,,-0.003229342011433989,-0.003229342011433989,1.0729379570460087
2016-02-10,3996.76,4045.48,3962.7,3966.27,,0.004678555144637553,0.004678555144637553,1.077957756444823
2016-02-11,3910.5701,3988.71,3902.8601,3962.22,,-0.0010211105144127819,-0.0010211105144127819,1.0768570424456245
2016-02-12,3996.6399,4022.1201,3965.74,4019.1899,,0.014378277834143471,0.014378277834143471,1.0923403921895616
2016-02-16,4077.3301,4104.3301,4049.8799,4104.3301,,0.021183423057467454,0.021183423057467454,1.115479900840073
2016-02-17,4138.4302,4204.6201,4125.8301,4199.1001,,0.023090248028539317,0.023090248028539317,1.1412366084213208
2016-02-18,4212.2202,4212.5801,4146.1001,4151.4902,,-0.011338119803335878,-0.011338119803335878,1.1282971310310872
2016-02-19,4129.75,4175.0801,4121.5898,4164.0898,,0.00303495838674972,0.00303495838674972,1.1317214658716557
2016-02-22,4203.6001,4235.1201,4199.9302,4231.27,,0.016133225561081987,0.016133225561081987,1.1499797835528816
2016-02-23,4209.3198,4217.9902,4158.5601,4162.54,,-0.016243350105287657,-0.016243350105287657,1.131300259314629
2016-02-24,4116.02,4205.98,4088.1201,4200.6602,,0.009157918001989174,0.009157918001989174,1.1416606143250616
2016-02-25,4212.48,4241.25,4173.25,4241.0601,,0.009617512028228248,0.009617512028228248,1.1526405490154874
2016-02-26,4273.5898,4275.8301,4227.29,4235.6201,,-0.0012826981631313128,-0.0012826981631313128,1.1511620591005145
2016-02-29,4228.5698,4263.3101,4200.1499,4201.1201,,-0.00814520641263361,-0.00814520641263361,1.1417856065147485
2016-03-01,4238.0801,4333.6099,4225.9302,4333.6099,,0.03153677991733694,0.03153677991733694,1.177793847900187
2016-03-02,4328.7202,4335.4302,4301.0898,4334.3901,,0.0001800346634797112,0.0001800346634797112,1.1780058916192422
2016-03-03,4330.3999,4331.4902,4296.3198,4325.8599,,-0.001968027750893775,-0.001968027750893775,1.1756875433338192
2016-03-04,4334.0298,4356.3398,4301.3501,4329.0,,0.000725890359972059,0.000725890359972059,1.1765409635878645
2016-03-07,4303.8101,4330.2798,4271.5601,4303.3301,,-0.005929752829752832,-0.005929752829752832,1.1695643664797093
2016-03-08,4272.7202,4308.8398,4258.8301,4265.5098,,-0.008788612335363322,-0.008788612335363322,1.1592855186614643
2016-03-09,4281.1001,4293.23,4258.0801,4293.23,,0.006498683932222971,0.006498683932222971,1.1668193488344483
2016-03-10,4307.8701,4335.3301,4232.0801,4286.9702,,-0.0014580630434427588,-0.0014580630434427588,1.165118052663539
2016-03-11,4337.1201,4361.8301,4320.5498,4361.8301,,0.0174621927626184,0.0174621927626184,1.185463568690356
2016-03-14,4347.9399,4378.3501,4347.5498,4367.3301,,0.001260938613817153,0.001260938613817153,1.1869583654793912
2016-03-15,4354.3799,4371.29,4339.8599,4367.0801,,-5.7243211361579505e-05,-5.7243211361579505e-05,1.1868904201707988
2016-03-16,4359.6699,4416.1099,4357.7402,4404.2002,,0.008499981486485675,0.008499981486485675,1.1969789667687378
2016-03-17,4390.0601,4413.0801,4376.8701,4400.2598,,-0.0008946913902779796,-0.0008946913902779796,1.195908039992826
2016-03-18,4408.8198,4420.8799,4387.7998,4410.8301,,0.002402199070155042,0.002402199070155042,1.1987808491744876
2016-03-21,4403.0898,4430.4399,4400.3501,4426.98,,0.00366141964978417,0.00366141964978417,1.20317008893144
2016-03-22,4403.46,4450.7598,4401.2598,4437.6201,,0.0024034669232750883,0.0024034669232750883,1.2060618684432607
2016-03-23,4431.8198,4434.7598,4394.96,4402.5601,,-0.007900631241507194,-0.007900631241507194,1.1965332183662474
2016-03-24,4380.23,4405.9902,4374.71,4405.5298,,0.0006745393435969582,0.0006745393435969582,1.1973403270979561
2016-03-28,4415.04,4417.5698,4393.0801,4398.0698,,-0.00169332641899278,-0.00169332641899278,1.1953128390895558
2016-03-29,4391.1899,4471.77,4384.27,4467.7202,,0.01583658358491702,0.01583658358491702,1.214242510775922
2016-03-30,4494.7002,4518.1699,4481.8398,4490.8799,,0.0051837847858065,0.0051837847858065,1.2205368826295617
2016-03-31,4491.0098,4504.2402,4478.1299,4483.6499,,-0.0016099294928816343,-0.0016099294928816343,1.2185719043050665
2016-04-01,4461.77,4534.3198,4452.1099,4532.0801,,0.010801512401759972,0.010801512401759972,1.2317343238418539
2016-04-04,4526.3901,4533.4302,4503.6499,4511.7002,,-0.0044968093127921716,-0.0044968093127921716,1.226195449463516
2016-04-05,4479.1099,4494.71,4465.04,4470.75,,-0.009076445283310308,-0.009076445283310308,1.2150659535598165
2016-04-06,4476.3501,4544.5898,4476.3501,4543.7798,,0.016335022088016515,0.016335022088016515,1.234914082749613
2016-04-07,4519.02,4525.6899,4459.7202,4475.29,,-0.01507330967050835,-0.01507330967050835,1.2162998403638563
2016-04-08,4506.9702,4515.9102,4459.5601,4474.9199,,-8.269855137876814e-05,-8.269855137876814e-05,1.2161992541290159
2016-04-11,4496.2598,4516.1001,4458.4702,4458.71,,-0.0036223888610832367,-0.0036223888610832367,1.2117937074980012
2016-04-12,4464.0698,4503.8901,4435.0498,4496.04,,0.008372376763682743,0.008372376763682743,1.2219393009770345
2016-04-13,4526.9199,4560.1099,4524.2598,4554.7202,,0.013051529790660155,0.013051529790660155,1.2378874781661147
2016-04-14,4554.6602,4569.73,4541.6602,4554.6201,,-2.197720070695741e-05,-2.197720070695741e-05,1.2378602728645545
2016-04-15,4550.3101,4558.9199,4531.0,4543.1602,,-0.00251610447158912,-0.00251610447158912,1.2347456870967972
2016-04-18,4535.21,4570.5801,4531.1099,4569.3101,,0.005755883316639343,0.005755883316639343,1.24185273919745
2016-04-19,4573.5801,4574.3799,4515.98,4540.96,,-0.006204459618531888,-0.006204459618531888,1.2341477140249364
2016-04-20,4539.1899,4562.3301,4523.8999,4540.4399,,-0.00011453525245752605,-0.00011453525245752605,1.2340063606049405
2016-04-21,4540.71,4558.6699,4522.8501,4540.7998,,7.926544738534602e-05,7.926544738534602e-05,1.23410417467119
2016-04-22,4478.4399,4502.3901,4440.1401,4474.1899,,-0.014669199906148567,-0.014669199906148567,1.2160008538279259
2016-04-25,4459.6699,4474.77,4452.8701,4474.1299,,-1.3410248858813922e-05,-1.3410248858813922e-05,1.2159845469538637
2016-04-26,4480.6001,4490.0601,4439.3799,4452.9702,,-0.004729344134599245,-0.004729344134599245,1.210233737568964
2016-04-27,4412.8198,4426.27,4381.1699,4416.6299,,-0.008160912462427894,-0.008160912462427894,1.200357125977587
2016-04-28,4419.1201,4447.2002,4355.2998,4363.9902,,-0.01191852185758191,-0.01191852185758191,1.1860506433347189
2016-04-29,4367.5898,4372.9702,4307.1001,4341.2998,,-0.005199461721981047,-0.005199461721981047,1.179883818414369
2016-05-02,4350.8301,4386.98,4334.5898,4381.2998,,0.009213830383241417,0.009213830383241417,1.1907550677891703
2016-05-03,4349.0801,4368.7598,4329.7598,4341.3901,,-0.009109100454618546,-0.009109100454618546,1.1799083602598326
2016-05-04,4314.5,4328.2202,4301.0698,4312.0098,,-0.00676748675499117,-0.00676748675499117,1.1719233460596707
2016-05-05,4326.9102,4333.1201,4299.6099,4309.48,,-0.0005866869783088813,-0.0005866869783088813,1.1712357938929614
2016-05-06,4290.3599,4330.2402,4282.0,4330.1699,,0.004801020076668161,0.004801020076668161,1.176858920453954
2016-05-09,4331.6602,4361.8701,4329.8999,4341.23,,0.002554195390809033,0.002554195390809033,1.1798648480842098
2016-05-10,4360.73,4404.0898,4351.1602,4402.04,,0.014007550855402728,0.014007550855402728,1.1963918649462515
2016-05-11,4395.8799,4407.9302,4360.73,4361.0298,,-0.009316180679866504,-0.009316180679866504,1.1852460621684897
2016-05-12,4376.0898,4377.8599,4312.8799,4342.8101,,-0.004177843499257983,-0.004177843499257983,1.180294289612638
2016-05-13,4337.8301,4364.2402,4318.7002,4326.5298,,-0.003748793897296876,-0.003748793897296876,1.1758696095827237
2016-05-16,4335.3301,4395.7002,4329.8901,4380.48,,0.012469624039108451,0.012469624039108451,1.1905322615332337
2016-05-17,4376.5498,4385.0601,4311.1802,4322.5601,,-0.013222272445028826,-0.013222272445028826,1.174790719616645
2016-05-18,4314.3398,4360.9102,4305.73,4338.23,,0.0036251433496552465,0.0036251433496552465,1.1790495043810998
2016-05-19,4319.8599,4331.5801,4284.3701,4315.5801,,-0.005221000269695075,-0.005221000269695075,1.1728936866007422
2016-05-20,4330.0698,4379.98,4329.5698,4362.8999,,0.010964875846007471,0.010964875846007471,1.1857543202548853
2016-05-23,4364.73,4382.3999,4353.3599,4355.1001,,-0.001787755891442866,-0.001787755891442866,1.1836344809830457
2016-05-24,4381.3398,4449.21,4380.46,4444.2998,,0.020481664703872138,0.020481664703872138,1.2078772855544821
2016-05-25,4459.2598,4488.52,4453.0498,4476.4302,,0.0072295752865276786,0.0072295752865276786,1.216609725327285
2016-05-26,4478.5698,4494.0298,4469.7598,4487.96,,0.0025756684422333365,0.0025756684422333365,1.2197433086033247
2016-05-27,4490.96,4512.54,4489.1602,4512.54,,0.005476875907984846,0.005476875907984846,1.22642369134414
2016-05-31,4513.8501,4526.8398,4497.6499,4523.8901,,0.002515235322013698,0.002515235322013698,1.229508435532363
2016-06-01,4507.1802,4530.3901,4502.7798,4520.0698,,-0.0008444723270354393,-0.0008444723270354393,1.2284701496826995
2016-06-02,4510.8101,4531.3501,4488.0801,4531.3501,,0.0024956030546252617,0.0024956030546252617,1.2315359235407637
2016-06-03,4520.98,4523.3599,4480.7998,4509.79,,-0.0047579859256515755,-0.0047579859256515755,1.2256762929496223
2016-06-06,4517.8799,4536.5498,4510.3301,4523.6299,,0.003068856864732128,0.003068856864732128,1.22943771805518
2016-06-07,4527.8599,4532.2998,4511.4199,4513.0898,,-0.0023300093581927195,-0.0023300093581927195,1.2265731166667966
2016-06-08,4521.1001,4529.0898,4505.3901,4520.6299,,0.0016707179192401167,0.0016707179192401167,1.2286223743520701
2016-06-09,4501.1499,4518.5,4494.7598,4512.6899,,-0.0017563924000943976,-0.0017563924000943976,1.2264644313511721
2016-06-10,4473.0801,4480.48,4447.3301,4461.0498,,-0.011443307903785005,-0.011443307903785005,1.2124296212301802
2016-06-13,4436.1201,4461.27,4419.73,4422.7598,,-0.008583181474459245,-0.008583181474459245,1.2020231177661518
2016-06-14,4413.71,4439.73,4392.4302,4424.9102,,0.0004862122514543987,0.0004862122514543987,1.2026075561325411
2016-06-15,4433.6802,4439.6099,4404.5801,4409.5098,,-0.003480387014407782,-0.003480387014407782,1.1984220164107489
2016-06-16,4387.8999,4428.27,4362.1602,4424.23,,0.003338284904140565,0.003338284904140565,1.2024226905369224
2016-06-17,4409.75,4409.75,4363.6299,4374.3799,,-0.011267519997830044,-0.011267519997830044,1.188874368825453
2016-06-20,4424.1099,4444.0601,4397.3599,4400.1602,,0.005893475324354025,0.005893475324354025,1.195880970581883
2016-06-21,4408.0298,4422.6699,4398.6401,4413.3999,,0.0030089131754793552,0.0030089131754793552,1.1994792725905719
2016-06-22,4415.46,4442.02,4400.8799,4404.73,,-0.001964449222016107,-0.001964449222016107,1.1971229564667067
2016-06-23,4437.6099,4467.48,4420.1602,4467.48,,0.014246049133544991,0.014246049133544991,1.2141772289234263
2016-06-24,4294.7998,4373.1499,4274.54,4299.1001,,-0.037690129558498264,-0.037690129558498264,1.168414731858324
2016-06-27,4247.71,4249.0,4179.73,4201.0601,,-0.02280477256158797,-0.02280477256158797,1.141769299640686
2016-06-28,4245.3198,4291.4302,4245.29,4290.4702,,0.0212827471808843,0.0212827471808843,1.166069286983834
2016-06-29,4323.3301,4373.96,4322.3599,4364.7402,,0.01731045702170375,0.01731045702170375,1.1862544792604963
2016-06-30,4378.75,4417.96,4359.5801,4417.7002,,0.012133597321554168,0.012133597321554168,1.200648013432733
2016-07-01,4411.77,4453.8599,4411.7598,4437.4399,,0.004468320417035043,0.004468320417035043,1.2060128934648273
2016-07-05,4414.3501,4418.04,4386.5601,4410.75,,-0.006014706813268655,-0.006014706813268655,1.1987590794976146
2016-07-06,4388.4302,4447.23,4375.7202,4444.7002,,0.007697149010939208,0.007697149010939208,1.207986106760724
2016-07-07,4451.1499,4468.3101,4438.7998,4459.5801,,0.0033477848517207143,0.0033477848517207143,1.2120301843500265
2016-07-08,4484.9199,4529.7202,4476.5,4528.3599,,0.015422931858539934,0.015422931858539934,1.2307232432937505
2016-07-11,4544.3301,4569.9702,4544.3301,4554.71,,0.005818905869208857,0.005818905869208857,1.2378847059975242
2016-07-12,4579.8501,4588.2402,4570.5601,4577.6099,,0.005027740514763845,0.005027740514763845,1.2441084690864745
2016-07-13,4589.1299,4589.9502,4565.7002,4565.77,,-0.0025864807746068808,-0.0025864807746068808,1.2408906064496568
2016-07-14,4597.1899,4604.7598,4585.71,4596.4902,,0.006728372213230083,0.006728372213230083,1.2492397803257511
2016-07-15,4602.0,4607.1699,4579.8301,4589.8301,,-0.0014489533775140506,-0.0014489533775140506,1.2474296901267232
2016-07-18,4595.0601,4627.5698,4591.8301,4619.6802,,0.00650353049015906,0.00650353049015906,1.255542387150792
2016-07-19,4601.6802,4617.4702,4595.3799,4603.2798,,-0.003550115871656989,-0.003550115871656989,1.2510850661946298
2016-07-20,4630.8501,4665.6699,4623.9302,4657.2002,,0.01171347437972381,0.01171347437972381,1.2657396190643557
2016-07-21,4662.9502,4669.5298,4634.0698,4647.02,,-0.002185905600536553,-0.002185905600536553,1.262972831742222
2016-07-22,4650.98,4670.54,4635.2202,4666.0698,,0.004099358298436329,0.004099358298436329,1.268150209900724
2016-07-25,4662.8999,4667.0898,4650.5,4665.9302,,-2.9918112240956418e-05,-2.9918112240956418e-05,1.2681122692404059
2016-07-26,4664.1001,4687.8999,4648.9199,4672.1099,,0.001324430442615876,0.001324430442615876,1.2697917957344425
2016-07-27,4711.1099,4716.0698,4685.1099,4702.8799,,0.00658588959990003,0.00658588959990003,1.2781545043160083
2016-07-28,4710.23,4725.7798,4696.0801,4721.4102,,0.003940202683041072,0.003940202683041072,1.2831906921232554
2016-07-29,4734.7002,4743.25,4715.77,4730.23,,0.0018680435773192894,0.0018680435773192894,1.285587748254152
2016-08-01,4734.4399,4767.2402,4728.73,4756.04,,0.00545639429795175,0.00545639429795175,1.2926024219132426
2016-08-02,4748.4199,4752.29,4689.5498,4719.21,,-0.007743837310031032,-0.007743837310031032,1.2825927190513944
2016-08-03,4716.5801,4734.3301,4712.1001,4734.3301,,0.0032039472708356165,0.0032039472708356165,1.2867020784931926
2016-08-04,4731.54,4749.0898,4719.0098,4743.8101,,0.0020023952279963897,0.0020023952279963897,1.2892785645950204
2016-08-05,4769.1699,4799.8599,4763.5801,4791.21,,0.009991947190297612,0.009991947190297612,1.3021609679260366
2016-08-08,4791.1001,4794.1401,4770.2202,4784.7402,,-0.001350347824453535,-0.001350347824453535,1.3004025976959093
2016-08-09,4787.9199,4811.02,4786.3799,4795.75,,0.002301023574905914,0.002301023574905914,1.3033948547300764
2016-08-10,4799.8301,4799.8799,4771.98,4783.3901,,-0.002577261116613716,-0.002577261116613716,1.3000356658513863
2016-08-11,4800.5898,4813.3599,4790.6499,4803.3101,,0.004164410508772809,0.004164410508772809,1.3054495480400372
2016-08-12,4794.3501,4807.5298,4790.4902,4807.0801,,0.0007848754133115143,0.0007848754133115143,1.3064741632936123
2016-08-15,4814.77,4837.6699,4812.4502,4827.1201,,0.004168850858133233,0.004168850858133233,1.3119206592303878
2016-08-16,4814.21,4814.96,4796.9199,4797.1899,,-0.006200425798396858,-0.006200425798396858,1.303786192529446
2016-08-17,4799.0298,4807.0498,4772.4302,4805.4502,,0.0017219039004481296,0.0017219039004481296,1.3060311870597128
2016-08-18,4802.3301,4814.54,4794.29,4808.6802,,0.0006721534644140714,0.0006721534644140714,1.3069090404467278
2016-08-19,4800.2002,4816.0,4786.27,4806.1401,,-0.0005282322579904797,-0.0005282322579904797,1.3062186889333045
2016-08-22,4797.9502,4817.3599,4791.0601,4808.5601,,0.000503522566893233,0.000503522566893233,1.30687639952048
2016-08-23,4828.79,4836.4502,4816.7598,4818.48,,0.002062966832836244,0.002062966832836244,1.3095724421873072
2016-08-24,4812.4902,4821.2998,4770.73,4783.48,,-0.007263701416214241,-0.007263701416214241,1.300060098984356
2016-08-25,4773.6802,4792.4702,4768.0,4775.4199,,-0.0016849866624297771,-0.0016849866624297771,1.2978695150572104
2016-08-26,4782.46,4815.5801,4758.1001,4783.6899,,0.001731784884508425,0.001731784884508425,1.3001171458654506
2016-08-29,4787.9302,4804.4199,4784.6201,4791.0898,,0.0015469021100216196,0.0015469021100216196,1.3021282998216652
2016-08-30,4787.77,4797.6201,4760.2798,4776.0,,-0.0031495548257099992,-0.0031495548257099992,1.2980271753512684
2016-08-31,4770.23,4775.1899,4751.6899,4771.0601,,-0.001034317420435582,-0.001034317420435582,1.2966846032316037
2016-09-01,4774.8101,4787.9399,4750.2402,4783.9399,,0.002699567754344656,0.002699567754344656,1.3001850911740431
2016-09-02,4806.1499,4816.7002,4781.6099,4798.7402,,0.0030937470598240147,0.0030937470598240147,1.3042075349770899
2016-09-06,4806.6602,4829.5098,4797.3501,4829.5098,,0.006412016220423755,0.006412016220423755,1.3125701348461618
2016-09-07,4829.9102,4839.5898,4813.9902,4831.8599,,0.00048661253363646573,0.00048661253363646573,1.313208847925055
2016-09-08,4816.48,4816.48,4791.2202,4804.0,,-0.0057658749584192925,-0.0057658749584192925,1.3056370499136292
2016-09-09,4763.04,4773.77,4681.54,4681.54,,-0.025491257285595315,-0.025491257285595315,1.2723547199526752
2016-09-12,4656.5898,4772.4399,4656.5098,4764.6499,,0.01775268394588103,0.01775268394588103,1.294942431163045
2016-09-13,4740.0,4756.2002,4701.79,4722.8501,,-0.008772900607031064,-0.008772900607031064,1.2835820299226246
2016-09-14,4726.75,4770.3901,4726.75,4746.0601,,0.00491440539262511,0.00491440539262511,1.289890072372353
2016-09-15,4749.71,4826.02,4748.6699,4819.8999,,0.01555812578100313,0.01555812578100313,1.3099583443619893
2016-09-16,4811.79,4821.8501,4794.2002,4818.0498,,-0.00038384614585051935,-0.00038384614585051935,1.3094555219002812
2016-09-19,4833.8398,4843.7598,4787.4399,4796.0698,,-0.004562011791575782,-0.004562011791575782,1.3034817703688282
2016-09-20,4813.7798,4824.21,4797.7798,4805.2202,,0.0019078955022713284,0.0019078955022713284,1.3059686773758075
2016-09-21,4826.5801,4858.5698,4797.8999,4853.75,,0.010099391490945742,0.010099391490945742,1.3191581663235383
2016-09-22,4879.2798,4895.5,4876.3701,4891.3599,,0.007748627349987158,0.007748627349987158,1.3293798313700718
2016-09-23,4881.4502,4882.4199,4853.4102,4858.9102,,-0.0066340855433680845,-0.0066340855433680845,1.3205606118491346
2016-09-26,4830.1699,4837.3398,4812.3101,4817.1699,,-0.008590465409301085,-0.008590465409301085,1.3092163815921591
2016-09-27,4813.8901,4868.3799,4811.2798,4866.71,,0.010284067414769948,0.010284067414769948,1.322680451120974
2016-09-28,4871.8398,4877.2998,4850.04,4875.27,,0.0017588884482535594,0.0017588884482535594,1.3250068984871815
2016-09-29,4868.46,4875.52,4819.02,4838.2998,,-0.007583210776018645,-0.007583210776018645,1.3149590918962744
2016-09-30,4856.1001,4889.23,4846.8999,4875.7002,,0.007730070798837252,0.007730070798837252,1.3251238187742074
2016-10-03,4864.6299,4872.1401,4848.21,4866.6201,,-0.0018623171293428165,-0.0018623171293428165,1.322656017988004
2016-10-04,4880.5698,4891.5,4841.7202,4859.4702,,-0.001469171592004992,-0.001469171592004992,1.3207128093403817
2016-10-05,4872.98,4891.3501,4870.8101,4877.75,,0.003761685790356406,0.003761685790356406,1.325680915948419
2016-10-06,4871.9502,4883.9702,4851.5298,4873.9199,,-0.0007852185946389811,-0.0007852185946389811,1.3246399666426583
2016-10-07,4883.9399,4884.6899,4840.9302,4864.52,,-0.0019286119166627147,-0.0019286119166627147,1.3220852502177036
2016-10-10,4887.73,4904.7202,4885.5898,4893.77,,0.006012926249660877,0.006012926249660877,1.3300348513230271
2016-10-11,4890.1699,4890.1699,4804.2402,4821.9102,,-0.014683934880470484,-0.014683934880470484,1.3105047061774435
2016-10-12,4824.27,4836.54,4806.3301,4819.6299,,-0.0004729038711671629,-0.0004729038711671629,1.3098849634287093
2016-10-13,4785.5898,4816.3301,4760.0698,4803.1001,,-0.003429682432669834,-0.003429682432669834,1.3053924739808196
2016-10-14,4828.8999,4845.9902,4806.73,4808.48,,0.0011200890857969714,0.0011200890857969714,1.3068546298436068
2016-10-17,4808.4702,4814.8799,4790.4502,4796.1699,,-0.002560081356270505,-0.002560081356270505,1.3035089756703884
2016-10-18,4849.9102,4860.6802,4837.3101,4839.7202,,0.00908022461839808,0.00908022461839808,1.3153451299615735
2016-10-19,4833.8101,4845.0698,4830.6802,4836.6099,,-0.0006426611191282516,-0.0006426611191282516,1.3144998087883126
2016-10-20,4831.3101,4842.3198,4805.8398,4832.71,,-0.0008063292431337299,-0.0008063292431337299,1.3134398891523928
2016-10-21,4836.54,4853.6099,4822.7798,4851.8599,,0.003962559309373059,0.003962559309373059,1.3186444726124555
2016-10-24,4884.1602,4911.5801,4880.77,4909.9702,,0.011976912194022526,0.011976912194022526,1.3344377616760683
2016-10-25,4908.1899,4911.7598,4885.8999,4891.46,,-0.003769921047585889,-0.003769921047585889,1.3294070366716322
2016-10-26,4863.52,4886.3198,4846.4399,4860.5898,,-0.006311040057569772,-0.006311040057569772,1.3210170956103824
2016-10-27,4883.0698,4885.8301,4831.6899,4836.4502,,-0.004966393173108208,-0.004966393173108208,1.3144564053251837
2016-10-28,4820.5,4848.54,4794.0698,4805.5898,,-0.006380795567790698,-0.006380795567790698,1.3060691277200307
2016-10-31,4821.3101,4823.9199,4801.1602,4801.27,,-0.0008989115134211412,-0.0008989115134211412,1.3048950871437992
2016-11-01,4810.2998,4811.02,4726.3501,4766.9399,,-0.007150212339651851,-0.007150212339651851,1.2955648101897526
2016-11-02,4764.8301,4773.6499,4717.5601,4726.9102,,-0.008397357810196016,-0.008397357810196016,1.2846854889122905
2016-11-03,4718.5298,4732.2002,4673.0498,4679.1001,,-0.010114450661660723,-0.010114450661660723,1.2716916009189356
2016-11-04,4647.5898,4697.9399,4647.5898,4660.46,,-0.003983693360182561,-0.003983693360182561,1.266625571532155
2016-11-07,4737.98,4777.0601,4731.79,4773.73,,0.024304467799315832,0.024304467799315832,1.2974102319492482
2016-11-08,4766.48,4824.9702,4757.25,4804.9199,,0.006533653977078835,0.006533653977078835,1.3058870614711262
2016-11-09,4748.8999,4832.9399,4747.3501,4825.1802,,0.004216573932897427,0.004216573932897427,1.3113934308138333
2016-11-10,4849.71,4855.79,4685.7402,4747.0298,,-0.01619636920502976,-0.01619636920502976,1.2901536186353217
2016-11-11,4729.1401,4759.8301,4711.96,4751.9502,,0.0010365218267642806,0.0010365218267642806,1.291490891020916
2016-11-14,4752.6099,4753.27,4677.4102,4702.04,,-0.01050309828583651,-0.01050309828583651,1.277926235257261
2016-11-15,4733.5698,4778.6499,4727.98,4764.4702,,0.013277258381468426,0.013277258381468426,1.2948935920752287
2016-11-16,4745.0298,4794.5698,4742.9399,4792.27,,0.005834814540345068,0.005834814540345068,1.3024490560344688
2016-11-17,4789.79,4826.75,4781.7202,4826.5898,,0.007161491318310453,0.007161491318310453,1.3117765336418012
2016-11-18,4832.8101,4840.8101,4804.4399,4808.04,,-0.0038432518131124027,-0.0038432518131124027,1.306735046100484
2016-11-21,4822.0298,4862.23,4819.5698,4859.0,,0.010598913486576711,0.010598913486576711,1.3205850178039809
2016-11-22,4876.9199,4884.6299,4861.0801,4873.8398,,0.00305408520271655,0.00305408520271655,1.3246181969657853
2016-11-23,4856.7202,4859.6699,4832.5898,4853.8599,,-0.0040994166447571034,-0.0040994166447571034,1.3191880350811958
2016-11-25,4861.4702,4870.8999,4853.04,4870.02,,0.0033293297155114754,0.0033293297155114754,1.323580047006739
2016-11-28,4861.73,4878.8701,4852.71,4857.02,,-0.002669393554851962,-0.002669393554851962,1.3200468909599283
2016-11-29,4859.8501,4896.5698,4848.8901,4873.21,,0.0033333196074958327,0.0033333196074958327,1.324447029144379
2016-11-30,4876.2998,4880.7598,4810.8101,4810.8101,,-0.01280468110342059,-0.01280468110342059,1.3074879072978125
2016-12-01,4806.77,4810.4399,4723.5698,4734.1001,,-0.015945339434620398,-0.015945339434620398,1.2866395688092873
2016-12-02,4734.3799,4759.0298,4721.4102,4739.3701,,0.0011131999511375668,0.0011131999511375668,1.2880718559144175
2016-12-05,4762.3398,4795.2798,4743.5298,4778.1401,,0.008180411991880465,0.008180411991880465,1.2986088143709436
2016-12-06,4786.0601,4796.5801,4769.3901,4788.6699,,0.002203744507198513,0.002203744507198513,1.3014706164126133
2016-12-07,4778.8599,4854.3198,4765.4399,4851.9399,,0.013212437132072985,0.013212437132072985,1.3186662151112052
2016-12-08,4849.75,4869.5601,4843.04,4859.1899,,0.0014942476925570158,0.0014942476925570158,1.320636629060388
2016-12-09,4878.54,4897.2402,4877.1802,4895.8999,,0.007554757224038422,0.007554757224038422,1.3306137181741118
2016-12-12,4878.04,4882.98,4854.27,4874.2998,,-0.004411875332663628,-0.004411875332663628,1.3247432163335955
2016-12-13,4893.6499,4960.48,4890.1499,4935.8398,,0.012625403139954638,0.012625403139954638,1.3414686334967272
2016-12-14,4943.6299,4955.25,4910.7598,4921.2202,,-0.0029619275730951022,-0.0029619275730951022,1.337495300562731
2016-12-15,4925.6499,4959.8999,4919.8101,4933.4102,,0.002477027953351918,0.002477027953351918,1.340808313809702
2016-12-16,4945.04,4952.1401,4904.3799,4914.8599,,-0.0037601373589408738,-0.0037601373589408738,1.3357666903777676
2016-12-19,4919.1602,4963.0,4911.75,4934.8501,,0.004067298032238709,0.004067298032238709,1.3411996516090712
2016-12-20,4948.3398,4961.5498,4944.3198,4953.7998,,0.0038399747947763796,0.0038399747947763796,1.346349824466013
2016-12-21,4952.0698,4957.4502,4938.2402,4948.8999,,-0.0009891195037795564,-0.0009891195037795564,1.3450181235957235
2016-12-22,4948.3599,4948.3599,4917.3301,4934.3901,,-0.0029319243252425853,-0.0029319243252425853,1.341074632241261
2016-12-23,4927.5298,4940.04,4922.9399,4940.02,,0.0011409515433327133,0.0011409515433327133,1.342604733412641
2016-12-27,4948.9199,4992.0801,4947.5898,4965.8101,,0.005220646879972035,0.005220646879972035,1.3496139986251674
2016-12-28,4976.4199,4978.4302,4922.0898,4926.29,,-0.007958439651165827,-0.007958439651165827,1.3388731770647404
2016-12-29,4923.9199,4933.71,4903.2798,4918.2798,,-0.0016260106489872639,-0.0016260106489872639,1.3366961550211895
2016-12-30,4925.3599,4927.1602,4853.9302,4863.6201,,-0.011113580809290258,-0.011113580809290258,1.321840674284894
2017-01-03,4900.8501,4928.4902,4884.52,4911.3301,,0.009809565512733931,0.009809565512733931,1.334807356976688
2017-01-04,4920.79,4944.75,4919.7998,4937.21,,0.005269427929513348,0.005269427929513348,1.3418410281440611
2017-01-05,4936.3501,4967.8999,4935.3398,4964.9502,,0.005618598358182014,0.005618598358182014,1.3493802939417328
2017-01-06,4973.8701,5020.7002,4957.8198,5007.0801,,0.008485462754490358,0.008485462754490358,1.3608304101676187
2017-01-09,5013.8198,5033.3198,5009.4502,5024.8999,,0.0035589204973973665,0.0035589204973973665,1.3656734974078457
2017-01-10,5027.5,5049.8301,5016.1899,5035.1699,,0.002043821808271229,0.002043821808271229,1.368464690684826
2017-01-11,5033.8799,5050.21,5012.6499,5050.21,,0.00298700943537189,0.00298700943537189,1.3725523076278745
2017-01-12,5029.2798,5044.3701,4995.0698,5041.4302,,-0.0017385019632847332,-0.0017385019632847332,1.3701661227463526
2017-01-13,5047.5601,5066.9502,5045.9199,5059.5098,,0.0035862045655219443,0.0035862045655219443,1.375079818751269
2017-01-17,5043.0698,5053.2002,5029.6099,5044.6499,,-0.002937023661857441,-0.002937023661857441,1.371041176786654
2017-01-18,5050.2598,5058.2002,5039.1802,5055.8501,,0.0022202135375142262,0.0022202135375142262,1.374085180967845
2017-01-19,5061.1001,5078.4102,5041.21,5051.1699,,-0.0009256999134527044,-0.0009256999134527044,1.3728131904347463
2017-01-20,5070.1499,5085.3398,5050.02,5063.2002,,0.002381685874395245,0.002381685874395245,1.3760828002185883
2017-01-23,5055.9702,5073.2402,5035.4902,5065.7002,,0.0004937588681561689,0.0004937588681561689,1.3767622533045134
2017-01-24,5079.6099,5108.2202,5068.3701,5101.0601,,0.006980259116005305,0.006980259116005305,1.386372410573714
2017-01-25,5132.8701,5153.1802,5129.0,5151.4702,,0.009882279175656095,0.009882279175656095,1.4000729297764307
2017-01-26,5164.1201,5168.2002,5148.8501,5156.9199,,0.001057892172219077,0.001057892172219077,1.401554055969377
2017-01-27,5169.4902,5172.4302,5150.1802,5168.0601,,0.002160242977595983,0.002160242977595983,1.4045817532765061
2017-01-30,5146.4102,5146.8799,5098.3398,5129.3301,,-0.007494107895533064,-0.007494107895533064,1.3940556660693548
2017-01-31,5107.4702,5116.7998,5086.3301,5116.77,,-0.002448682333780705,-0.002448682333780705,1.390642066587544
2017-02-01,5157.8301,5162.46,5128.8999,5152.6899,,0.007020034123089269,0.007020034123089269,1.400404421347992
2017-02-02,5141.27,5162.5601,5128.7598,5147.7002,,-0.0009683679974609172,-0.0009683679974609172,1.3990483145228558
2017-02-03,5153.6099,5165.4702,5147.5801,5161.6001,,0.0027002155253716964,0.0027002155253716964,1.4028260465024758
2017-02-06,5154.1802,5167.96,5148.0601,5167.96,,0.001232156671726825,0.001232156671726825,1.4045545479749457
2017-02-07,5178.8501,5196.27,5174.3398,5185.8799,,0.0034674997484500647,0.0034674997484500647,1.4094248405167333
2017-02-08,5176.5,5201.5698,5168.98,5196.5801,,0.0020633335530968466,0.0020633335530968466,1.4123329540807394
2017-02-09,5200.1699,5221.6201,5196.0698,5212.1602,,0.0029981448760887375,0.0029981448760887375,1.416567332890348
2017-02-10,5219.8101,5234.27,5212.8301,5226.6899,,0.0027876541476987704,0.0027876541476987704,1.4205162326913743
2017-02-13,5242.4902,5262.4199,5241.0,5256.8198,,0.005764623610059472,0.005764623610059472,1.42870497410482
2017-02-14,5251.3599,5271.1001,5238.6899,5271.0698,,0.0027107644055062163,0.0027107644055062163,1.4325778566945928
2017-02-15,5266.1201,5304.3398,5264.4399,5302.3901,,0.005941924730345827,0.005941924730345827,1.4410901264894325
2017-02-16,5306.3799,5316.79,5287.54,5300.6401,,-0.0003300398437301455,-0.0003300398437301455,1.4406145093292848
2017-02-17,5295.4902,5324.7202,5291.7002,5324.7202,,0.004542866436074489,0.004542866436074489,1.4471590286310387
2017-02-21,5334.5698,5353.1602,5330.4702,5350.73,,0.004884726149554375,0.004884726149554375,1.4542280041807563
2017-02-22,5345.1802,5354.73,5335.7998,5352.1299,,0.0002616278526481608,0.0002616278526481608,1.454608470730751
2017-02-23,5358.0298,5358.5298,5309.9902,5332.3701,,-0.0036919507502984894,-0.0036919507502984894,1.449238127895846
2017-02-24,5305.23,5343.3101,5304.0098,5343.3101,,0.0020516205354912387,0.0020516205354912387,1.4522114145998541
2017-02-27,5330.5601,5347.8799,5322.1299,5347.5498,,0.0007934594700016451,0.0007934594700016451,1.4533636854992127
2017-02-28,5344.1802,5347.46,5316.7002,5330.3101,,-0.003223850294951869,-0.003223850294951869,1.4486782585530436
2017-03-01,5368.6499,5398.4302,5355.3799,5390.9902,,0.011383971825579264,0.011383971825579264,1.4651699710327406
2017-03-02,5386.3398,5387.73,5355.5298,5363.2598,,-0.005143841663819093,-0.005143841663819093,1.457633368691166
2017-03-03,5355.21,5373.48,5344.48,5373.48,,0.0019055948026236447,0.0019055948026236447,1.4604110272626745
2017-03-06,5352.6099,5368.27,5338.6099,5360.3101,,-0.0024509070472021888,-0.0024509070472021888,1.4568316955841445
2017-03-07,5348.2002,5373.2598,5341.4302,5351.2798,,-0.0016846599975623988,-0.0016846599975623988,1.454377429503413
2017-03-08,5351.3501,5375.77,5348.73,5359.8101,,0.0015940672734024997,0.0015940672734024997,1.4566958049669596
2017-03-09,5355.7798,5370.6602,5336.0801,5363.98,,0.0007779939815404369,0.0007779939815404369,1.4578291055361592
2017-03-10,5390.46,5394.6602,5364.1001,5385.8999,,0.004086499203949545,0.004086499203949545,1.463786523015427
2017-03-13,5387.73,5396.3901,5382.02,5394.5698,,0.0016097402775718805,0.0016097402775718805,1.4661428391392917
2017-03-14,5382.79,5384.8799,5360.7002,5382.1699,,-0.002298589222072933,-0.002298589222072933,1.4627727790112266
2017-03-15,5392.48,5426.8398,5375.8799,5416.25,,0.006332037195629914,0.006332037195629914,1.4720351106566807
2017-03-16,5421.46,5423.6602,5399.27,5412.0801,,-0.0007698869143779596,-0.0007698869143779596,1.470901810087481
2017-03-17,5413.4702,5423.2798,5406.8101,5408.7598,,-0.0006134979413923158,-0.0006134979413923158,1.4699994148550024
2017-03-20,5406.02,5426.4702,5400.1602,5413.3101,,0.0008412834306303907,0.0008412834306303907,1.4712361010057562
2017-03-21,5433.2798,5439.5801,5328.71,5332.5298,,-0.014922533257423987,-0.014922533257423987,1.4492815313589749
2017-03-22,5332.6401,5372.27,5327.25,5367.5601,,0.0065691709777222496,0.0065691709777222496,1.4588021095333272
2017-03-23,5356.71,5375.4302,5346.29,5355.1401,,-0.0023139005001546753,-0.0023139005001546753,1.4554265866024516
2017-03-24,5376.7402,5392.2798,5345.9399,5364.0,,0.0016544665189992536,0.0016544665189992536,1.4578345411608467
2017-03-27,5320.96,5383.2202,5316.02,5374.27,,0.0019146159582401623,0.0019146159582401623,1.460625734437827
2017-03-28,5371.8999,5422.25,5363.29,5407.21,,0.00612920452452137,0.00612920452452137,1.4695782082979758
2017-03-29,5410.1401,5433.3599,5405.1001,5430.27,,0.004264676237837994,0.004264676237837994,1.4758454835625487
2017-03-30,5430.3101,5446.5098,5425.2998,5439.7402,,0.0017439648488932757,0.0017439648488932757,1.4784193062082798
2017-03-31,5430.9902,5451.5,5427.5,5436.23,,-0.0006452881701961566,-0.0006452881701961566,1.4774652997193938
2017-04-03,5440.2002,5453.4399,5403.3101,5432.2002,,-0.0007412857807707063,-0.0007412857807707063,1.4763700757011298
2017-04-04,5415.5298,5441.2402,5415.2998,5440.4102,,0.0015113581417709465,0.0015113581417709465,1.4786013996353076
2017-04-05,5447.27,5479.8599,5409.04,5418.52,,-0.004023630424044078,-0.004023630424044078,1.472652054058701
2017-04-06,5423.6499,5435.0601,5407.8701,5420.8799,,0.00043552482965814043,0.00043552482965814043,1.4732934305936904
2017-04-07,5420.9399,5434.1802,5400.0801,5418.3701,,-0.0004629875677563122,-0.0004629875677563122,1.4726113140516688
2017-04-10,5423.5698,5442.71,5406.5801,5421.6802,,0.0006109032677557025,0.0006109032677557025,1.4735109371155568
2017-04-11,5413.9102,5422.79,5359.1401,5398.3999,,-0.004293927185155533,-0.004293927185155533,1.4671837884450525
2017-04-12,5394.6099,5399.5498,5370.2402,5377.0298,,-0.003958598917431111,-0.003958598917431111,1.4613757962884413
2017-04-13,5370.6899,5398.9902,5353.5898,5353.5898,,-0.004359284004712083,-0.004359284004712083,1.4550052441548076
2017-04-17,5369.21,5399.2002,5367.5898,5399.2002,,0.008519591844709629,0.008519591844709629,1.4674012949669186
2017-04-18,5383.7402,5405.54,5377.9102,5391.6602,,-0.0013965031339271405,-0.0013965031339271405,1.4653520644597686
2017-04-19,5416.2998,5431.0,5392.2798,5399.6401,,0.0014800450518004382,0.0014800450518004382,1.4675208515319178
2017-04-20,5422.4702,5455.8799,5413.3198,5443.5298,,0.008128263955962556,0.008128263955962556,1.4794492483740485
2017-04-21,5447.2798,5450.8101,5430.2202,5442.0498,,-0.00027188240982911616,-0.00027188240982911616,1.4790470121471806
2017-04-24,5503.27,5513.5698,5494.46,5508.0298,,0.012124108088830798,0.012124108088830798,1.4969791379909154
2017-04-25,5523.48,5557.9302,5521.52,5548.1899,,0.007291191489196436,0.007291191489196436,1.5078938995413393
2017-04-26,5553.6001,5563.9702,5537.9902,5541.0898,,-0.0012797146687427707,-0.0012797146687427707,1.5059642255991885
2017-04-27,5555.27,5573.2598,5551.5498,5571.2798,,0.005448386705445563,0.005448386705445563,1.5141693010648198
2017-04-28,5598.4702,5600.0,5575.21,5583.5298,,0.0021987766616926585,0.0021987766616926585,1.5174986211858528
2017-05-01,5602.4399,5640.48,5600.3101,5629.6299,,0.008256443800120694,0.008256443800120694,1.5300277632684345
2017-05-02,5642.4102,5645.0801,5625.4902,5644.0698,,0.002564982113655523,0.002564982113655523,1.5339522571146145
2017-05-03,5624.8701,5629.7798,5608.1602,5625.1602,,-0.0033503483603267714,-0.0033503483603267714,1.5288129826851709
2017-05-04,5623.5698,5633.4902,5606.0498,5626.3198,,0.0002061452400947683,0.0002061452400947683,1.5291281402045465
2017-05-05,5640.7798,5646.0898,5619.6001,5646.0898,,0.003513842209964535,0.003513842209964535,1.5345012552080417
2017-05-08,5649.1802,5659.0698,5638.0,5659.0698,,0.0022989361593221957,0.0022989361593221957,1.5380289756301648
2017-05-09,5667.98,5691.21,5664.0,5678.3101,,0.003399905051533203,0.003399905051533203,1.5432581281138145
2017-05-10,5681.3301,5683.6401,5661.4399,5681.6802,,0.0005935040426905402,0.0005935040426905402,1.5441740580517649
2017-05-11,5662.5898,5675.5,5637.3999,5674.2202,,-0.001312991885745407,-0.001312991885745407,1.5421465700433645
2017-05-12,5683.5801,5687.4199,5672.0298,5686.8101,,0.0022187894646739093,0.0022187894646739093,1.5455682686059597
2017-05-15,5687.9702,5706.6099,5683.1001,5704.48,,0.0031071725078353207,0.0031071725078353207,1.5503706158391548
2017-05-16,5715.1499,5724.71,5699.4102,5724.4399,,0.0034989867612824632,0.0034989867612824632,1.5557953420990573
2017-05-17,5673.6201,5688.7402,5578.1602,5580.5498,,-0.025136101088248042,-0.025136101088248042,1.51668871310743
2017-05-18,5569.8101,5645.0801,5568.4702,5626.3101,,0.008199962663177018,0.008199962663177018,1.5291255039265728
2017-05-19,5640.71,5673.6299,5640.6802,5651.5601,,0.004487843640186062,0.004487843640186062,1.535987980094416
2017-05-22,5662.9502,5701.0498,5661.5898,5699.3999,,0.008464883882240093,0.008464883882240093,1.5489899399904317
2017-05-23,5714.9399,5716.5498,5690.2002,5703.3501,,0.0006930905129152176,0.0006930905129152176,1.5500635302224401
2017-05-24,5720.8301,5732.5698,5705.1699,5730.2998,,0.0047252403460205095,0.0047252403460205095,1.5573879529543422
2017-05-25,5748.29,5793.1299,5738.8198,5778.3701,,0.008388793200662992,0.008388793200662992,1.5704525584248799
2017-05-26,5782.1699,5790.1899,5771.71,5785.7402,,0.001275463473687788,0.001275463473687788,1.5724556133003105
2017-05-30,5785.3799,5799.9902,5781.3701,5794.6299,,0.0015364844760916707,0.0015364844760916707,1.5748716669394898
2017-05-31,5812.9702,5813.2598,5762.5601,5788.7998,,-0.0010061212019770727,-0.0010061212019770727,1.573287155164989
2017-06-01,5804.1699,5816.6001,5779.8901,5816.5098,,0.004786829905570444,0.004786829905570444,1.5808182131693824
2017-06-02,5834.4102,5881.46,5825.7402,5881.46,,0.011166524639913744,0.011166524639913744,1.598470458697963
2017-06-05,5881.21,5888.9199,5871.0898,5878.1201,,-0.0005678692025449239,-0.0005678692025449239,1.5975627365532905
2017-06-06,5869.48,5890.8799,5848.3198,5856.77,,-0.003632130619447449,-0.003632130619447449,1.591760180021367
2017-06-07,5871.77,5883.1899,5845.96,5877.5898,,0.0035548262950395593,0.0035548262950395593,1.597418610964704
2017-06-08,5894.75,5895.1802,5852.6499,5885.2998,,0.0013117621784357603,0.0013117621784357603,1.5995140442816969
2017-06-09,5891.6699,5897.6899,5657.7598,5741.9399,,-0.02435897997923564,-0.02435897997923564,1.5605515137005328
2017-06-12,5677.1602,5716.2002,5633.3398,5708.1802,,-0.0058794937926816004,-0.0058794937926816004,1.5513762607625707
2017-06-13,5740.21,5760.54,5709.1699,5751.8198,,0.007645098520190352,0.007645098520190352,1.5632366851179853
2017-06-14,5774.1201,5774.1899,5682.3501,5727.0698,,-0.004302985987147956,-0.004302985987147956,1.556510099567327
2017-06-15,5661.3599,5707.3701,5634.5801,5700.8901,,-0.004571220696489631,-0.004571220696489631,1.5493949483858898
2017-06-16,5694.21,5695.7402,5656.6201,5681.48,,-0.0034047490233147792,-0.0034047490233147792,1.544119647448644
2017-06-19,5729.54,5776.3701,5724.4902,5772.2202,,0.0159712258073601,0.0159712258073601,1.5687811310116275
2017-06-20,5762.9902,5772.1699,5725.0098,5726.3101,,-0.007953629350453406,-0.007953629350453406,1.556303627363576
2017-06-21,5740.5801,5784.9199,5737.0098,5782.3901,,0.009793392083324193,0.009793392083324193,1.5715451189870473
2017-06-22,5787.4302,5802.46,5767.8701,5779.8701,,-0.00043580594813197315,-0.00043580594813197315,1.570860230276435
2017-06-23,5775.0298,5810.3101,5759.7002,5803.1099,,0.0040208170076347916,0.0040208170076347916,1.5771763718069476
2017-06-26,5832.3101,5845.1499,5765.8701,5777.5898,,-0.004397659261976217,-0.004397659261976217,1.570240487527701
2017-06-27,5752.7202,5761.04,5671.6001,5671.6001,,-0.018344968000324258,-0.018344968000324258,1.5414344760311915
2017-06-28,5693.48,5757.23,5660.5298,5753.0298,,0.014357447380678456,0.014357447380678456,1.5635655404115731
2017-06-29,5723.3101,5723.6602,5599.4399,5653.02,,-0.017383848767826615,-0.017383848767826615,1.5363847535184731
2017-06-30,5676.3999,5681.8999,5637.7402,5646.9199,,-0.001079086930525719,-0.001079086930525719,1.5347268608106923
2017-07-03,5680.3599,5684.98,5592.5298,5596.96,,-0.008847283277384488,-0.008847283277384488,1.521148697519689
2017-07-05,5611.0,5663.6001,5593.6602,5648.8198,,0.009265708527486316,0.009265708527486316,1.535243217977872
2017-07-06,5606.4199,5628.8398,5579.6401,5597.8999,,-0.009014254623594065,-0.009014254623594065,1.5214041447018736
2017-07-07,5618.8501,5673.02,5618.8501,5656.4702,,0.010462905919414345,0.010462905919414345,1.5373224531332965
2017-07-10,5662.71,5708.6201,5650.2598,5694.1499,,0.006661345091149018,0.006661345091149018,1.5475630885099891
2017-07-11,5687.0298,5717.9102,5667.27,5709.7998,,0.0027484172834999487,0.0027484172834999487,1.5518164376497565
2017-07-12,5757.2002,5785.0,5749.6499,5778.9502,,0.012110827423406523,0.012110827423406523,1.570610218718938
2017-07-13,5785.3198,5806.1802,5776.6201,5793.3599,,0.002493480563303674,0.002493480563303674,1.5745265047718398
2017-07-14,5815.04,5844.7998,5799.8501,5838.0801,,0.007719216615560187,0.007719216615560187,1.5866806159291145
2017-07-17,5845.8198,5860.6401,5830.25,5839.7402,,0.00028435718105335184,0.00028435718105335184,1.5871317999562922
2017-07-18,5832.9199,5880.5498,5818.2002,5880.1001,,0.006911249236738248,0.006911249236738248,1.598100863397343
2017-07-19,5898.3999,5922.3701,5895.54,5916.1602,,0.006132565668397483,0.006132565668397483,1.6079013218868499
2017-07-20,5929.5801,5932.6099,5896.6099,5921.2202,,0.0008552844799569748,0.0008552844799569748,1.6092765349327622
2017-07-21,5905.6001,5921.52,5890.25,5921.52,,5.063145599626395e-05,5.063145599626395e-05,1.6093580149468265
2017-07-24,5920.9302,5950.5801,5912.7402,5941.3701,,0.003352196733271029,0.003352196733271029,1.614752899627195
2017-07-25,5927.1001,5945.0601,5916.29,5930.6499,,-0.0018043312938879064,-0.0018043312938879064,1.6118393504385014
2017-07-26,5944.1602,5954.3799,5939.1699,5950.73,,0.003385817800507729,0.003385817800507729,1.6172967448027749
2017-07-27,5994.02,5995.77,5847.0498,5917.0298,,-0.0056632043463573645,-0.0056632043463573645,1.6081376628482582
2017-07-28,5883.7002,5918.3101,5868.9199,5908.9199,,-0.0013706032036546745,-0.0013706032036546745,1.6059335442156406
2017-07-31,5928.6802,5932.3701,5871.79,5880.3301,,-0.004838413869851177,-0.004838413869851177,1.5981633730812483
2017-08-01,5900.6401,5905.29,5880.4502,5895.1699,,0.002523633834774053,0.002523633834774053,1.6021965522430526
2017-08-02,5934.0698,5936.1499,5859.6201,5914.23,,0.0032331722958485187,0.0032331722958485187,1.6073767297482686
2017-08-03,5915.73,5917.4702,5879.7202,5891.2002,,-0.0038939642185034096,-0.0038939642185034096,1.601117662276974
2017-08-04,5899.6899,5912.5601,5877.0601,5899.9102,,0.0014784763213444574,0.0014784763213444574,1.603484876828337
2017-08-07,5909.4502,5936.79,5903.75,5934.73,,0.005901750843597453,0.005901750843597453,1.6129482450528543
2017-08-08,5922.6401,5972.9302,5910.5,5926.3501,,-0.0014120103189192434,-0.0014120103189192434,1.6106707454869569
2017-08-09,5879.5498,5920.96,5866.1699,5919.3901,,-0.0011744159360412842,-0.0011744159360412842,1.6087791480957416
2017-08-10,5880.1299,5887.27,5783.3599,5788.1899,,-0.02216447941148525,-0.02216447941148525,1.5731213957901469
2017-08-11,5792.3198,5844.6099,5785.2598,5831.5298,,0.007487643071282024,0.007487643071282024,1.5849003673096205
2017-08-14,5878.6401,5916.3301,5878.0,5908.1699,,0.01314236617636766,0.01314236617636766,1.605729708289863
2017-08-15,5917.29,5919.75,5893.8501,5907.73,,-7.44562203602861e-05,-7.44562203602861e-05,1.6056101517248635
2017-08-16,5920.6802,5944.98,5899.5601,5917.4199,,0.0016402069830545596,0.0016402069830545596,1.6082436847077857
2017-08-17,5896.3101,5903.8701,5796.3198,5796.3198,,-0.020465017194402524,-0.020465017194402524,1.5753309500474517
2017-08-18,5803.8999,5831.0801,5770.1401,5790.9102,,-0.0009332818385900943,-0.0009332818385900943,1.5738607222820036
2017-08-21,5791.04,5804.2998,5750.5,5786.54,,-0.0007546654755585802,-0.0007546654755585802,1.5726729839315596
2017-08-22,5817.29,5879.0,5817.02,5873.3301,,0.014998617481258192,0.014998617481258192,1.596260904440658
2017-08-23,5842.1602,5864.7798,5840.71,5851.7798,,-0.003669179091432273,-0.003669179091432273,1.5904039373056136
2017-08-24,5863.9902,5871.8701,5802.77,5834.4399,,-0.0029631839530257498,-0.0029631839530257498,1.5856912778797607
2017-08-25,5854.3101,5870.4702,5815.6001,5822.5298,,-0.0020413441914107766,-0.0020413441914107766,1.58245433620029
2017-08-28,5839.27,5852.7998,5821.8701,5838.0801,,0.0026707119644111543,0.0026707119644111543,1.5866806159291145
2017-08-29,5785.29,5871.79,5785.2202,5862.1401,,0.004121217864071269,0.004121217864071269,1.5932196724280572
2017-08-30,5870.8799,5940.5698,5865.3398,5932.8999,,0.012070642938063036,0.012070642938063036,1.612450858215834
2017-08-31,5948.7402,5995.4502,5945.9502,5988.6001,,0.009388359982274386,0.009388359982274386,1.6275891273264913
2017-09-01,6001.8198,6009.6099,5972.27,5987.8999,,-0.00011692215013647811,-0.00011692215013647811,1.6273988261061856
2017-09-05,5966.6401,5980.9102,5890.25,5932.73,,-0.009213564174645028,-0.009213564174645028,1.6124046825841143
2017-09-06,5949.54,5964.3799,5909.9199,5951.1299,,0.0031014221109000317,0.0031014221109000317,1.6174054301183995
2017-09-07,5960.4399,5980.1499,5943.8901,5964.3101,,0.0022147390867741645,0.0022147390867741645,1.6209875611436433
2017-09-08,5957.1899,5958.8101,5907.96,5913.3701,,-0.008540803403230046,-0.008540803403230046,1.607143025064834
2017-09-11,5962.3501,5990.8701,5960.8701,5980.5298,,0.011357263094356362,0.011357263094356362,1.6253957712307552
2017-09-12,5998.75,6002.9702,5968.0898,5995.6401,,0.0025265821767159746,0.0025265821767159746,1.6295024672164564
2017-09-13,5982.8501,6004.4702,5974.8799,6004.3799,,0.001457692565636215,0.001457692565636215,1.6318777808486036
2017-09-14,5981.8501,5997.23,5965.0601,5968.8198,,-0.005922360109159586,-0.005922360109159586,1.622213212976282
2017-09-15,5965.6602,6009.4399,5957.8501,5988.0,,0.003213399070951972,0.003213399070951972,1.627426031407746
2017-09-18,5997.5098,6012.9502,5963.1699,5981.1201,,-0.0011489478957915633,-0.0011489478957915633,1.6255562036934037
2017-09-19,5991.9302,5998.2402,5971.1699,5991.0801,,0.0016652399272170104,0.0016652399272170104,1.6282631447877292
2017-09-20,5987.7202,5994.5298,5927.7002,5973.6001,,-0.00291767088876016,-0.00291767088876016,1.623512408810941
2017-09-21,5965.6001,5965.6001,5915.7402,5934.9102,,-0.006476814542707543,-0.006476814542707543,1.612997220031288
2017-09-22,5912.1899,5937.5898,5911.48,5932.3198,,-0.00043646827208942973,-0.00043646827208942973,1.6122931979217758
2017-09-25,5904.0601,5908.5698,5839.8901,5867.3501,,-0.010951820230595266,-0.010951820230595266,1.5946356526591252
2017-09-26,5893.1802,5908.4702,5862.9902,5881.3398,,0.0023843301936252725,0.0023843301936252725,1.5984377905935916
2017-09-27,5912.96,5957.75,5900.3501,5937.79,,0.009598187134162828,0.009598187134162828,1.6137798956300267
2017-09-28,5920.6499,5939.2202,5908.6201,5933.0698,,-0.0007949422259796446,-0.0007949422259796446,1.6124970338475535
2017-09-29,5941.7798,5980.2202,5930.8198,5979.2998,,0.0077919191174862235,0.0077919191174862235,1.6250614803124799
2017-10-02,5988.96,6005.2002,5955.8301,5981.9199,,0.000438195121107654,0.000438195121107654,1.6257735743246529
2017-10-03,5986.8501,5999.1899,5976.6499,5995.0601,,0.002196652616495154,0.002196652616495154,1.6293448341005219
2017-10-04,5983.3101,6009.8101,5976.1201,5998.8398,,0.0006304690756977482,0.0006304690756977482,1.6303720856320703
2017-10-05,6018.27,6059.21,6014.77,6057.1401,,0.00971859591916413,0.00971859591916413,1.6462170131302134
2017-10-06,6037.29,6064.6699,6037.02,6064.5698,,0.0012266019734297195,0.0012266019734297195,1.6482362661672125
2017-10-09,6071.96,6078.7998,6051.3301,6058.5298,,-0.0009959486326630573,-0.0009959486326630573,1.6465947075116176
2017-10-10,6078.27,6084.1401,6036.7202,6063.52,,0.00082366517368615,0.00082366517368615,1.6479509502273708
2017-10-11,6062.73,6082.25,6052.4399,6081.25,,0.0029240441195872435,0.0029240441195872435,1.6527696315127514
2017-10-12,6072.21,6093.7598,6063.4702,6069.9902,,-0.0018515601233298762,-0.0018515601233298762,1.6497094291699919
2017-10-13,6094.7202,6100.0601,6087.0298,6092.4502,,0.0037001707185622124,0.0037001707185622124,1.6558136356939428
2017-10-16,6108.6602,6115.5298,6095.6299,6114.5298,,0.003624091995040102,0.003624091995040102,1.6618144566363393
2017-10-17,6111.3198,6122.8198,6103.6602,6122.6099,,0.0013214589288614853,0.0013214589288614853,1.6640104761881727
2017-10-18,6128.9102,6129.4902,6106.8501,6114.3501,,-0.0013490652082865928,-0.0013490652082865928,1.6617656175485227
2017-10-19,6074.2798,6092.8701,6051.4702,6092.6201,,-0.003553934538357506,-0.003553934538357506,1.6558598113256622
2017-10-20,6114.46,6122.5601,6102.1602,6108.8198,,0.00265890532055324,0.00265890532055324,1.6602625857880864
2017-10-23,6122.2402,6122.2402,6061.0801,6067.8301,,-0.00670992128463177,-0.00670992128463177,1.649122354525629
2017-10-24,6078.02,6090.8901,6057.6899,6080.2202,,0.002041932584763595,0.002041932584763595,1.6524897511975971
2017-10-25,6069.3501,6087.5801,6011.2402,6055.04,,-0.004141330276163369,-0.004141330276163369,1.645646245359913
2017-10-26,6056.0498,6066.6099,6035.9502,6037.8701,,-0.0028356377497092966,-0.0028356377497092966,1.640979788743903
2017-10-27,6138.23,6223.52,6129.79,6213.4702,,0.029083119890240816,0.029083119890240816,1.6887046006774038
2017-10-30,6209.7998,6250.8501,6202.5298,6227.5898,,0.0022724177545745405,0.0022724177545745405,1.6925420429942148
2017-10-31,6241.8799,6258.4199,6229.1499,6248.5601,,0.0033673219774366103,0.0033673219774366103,1.6982413770133247
2017-11-01,6274.2598,6276.6602,6224.5801,6248.6499,,1.4371310920191505e-05,1.4371310920191505e-05,1.6982657829681713
2017-11-02,6238.29,6243.7402,6194.5801,6236.3901,,-0.001961991821625486,-0.001961991821625486,1.6949337993910414
2017-11-03,6266.1899,6297.6201,6237.6499,6295.5801,,0.009491067596942182,0.009491067596942182,1.7110205306534036
2017-11-06,6292.1499,6318.5801,6291.8398,6313.6099,,0.0028638822338231673,0.0028638822338231673,1.7159206919528485
2017-11-07,6314.6899,6328.5801,6299.5298,6320.7798,,0.0011356260702770626,0.0011356260702770626,1.7178693362251582
2017-11-08,6319.0298,6346.98,6308.6201,6345.8101,,0.003960001897234111,0.003960001897234111,1.7246721020558102
2017-11-09,6295.29,6315.1602,6248.29,6312.21,,-0.005294848013179587,-0.005294848013179587,1.7155402254028538
2017-11-10,6295.29,6315.1602,6248.29,6309.0698,,-0.0004974802802821809,-0.0004974802802821809,1.7146867779706851
2017-11-13,6286.0098,6325.1802,6285.9702,6316.1802,,0.0011270124163151873,0.0011270124163151873,1.7166192512595497
2017-11-14,6293.3301,6300.46,6263.77,6293.6401,,-0.0035686283934711627,-0.0035686283934711627,1.7104932750587256
2017-11-15,6261.27,6276.7998,6227.9902,6258.3599,,-0.00560569073531858,-0.00560569073531858,1.7009047787539042
2017-11-16,6293.46,6352.4702,6293.46,6339.1401,,0.01290756704484175,0.01290756704484175,1.722859321222562
2017-11-17,6343.6401,6345.5601,6308.48,6314.5098,,-0.0038854323475198127,-0.0038854323475198127,1.716165267885658
2017-11-20,6319.5698,6324.5898,6301.8799,6308.6099,,-0.0009343401446616495,-0.0009343401446616495,1.7145617857809983
2017-11-21,6336.9102,6380.0698,6336.2598,6378.6299,,0.01109911709709599,0.01109911709709599,1.7335919078115878
2017-11-22,6384.1299,6391.1602,6371.7402,6386.1201,,0.001174264711611528,0.001174264711611528,1.7356276036132663
2017-11-24,6393.3301,6410.77,6389.3999,6409.29,,0.003628165402025596,0.003628165402025596,1.7419247476354964
2017-11-27,6409.52,6420.21,6392.0098,6405.9702,,-0.0005179668886882149,-0.0005179668886882149,1.7410224882936347
2017-11-28,6419.48,6426.04,6385.3198,6422.5601,,0.002589756037266522,0.002589756037266522,1.7455313117937101
2017-11-29,6412.6899,6412.6899,6279.3599,6311.3799,,-0.017310885109506402,-0.017310885109506402,1.7153146198002032
2017-11-30,6337.3398,6374.1899,6321.4302,6365.5601,,0.008584525231954299,0.008584525231954299,1.7300397814346182
2017-12-01,6325.6099,6365.2998,6244.8398,6337.8701,,-0.004349970711925222,-0.004349970711925222,1.7225141590549122
2017-12-04,6380.6802,6380.77,6256.8101,6263.7002,,-0.011702653861586643,-0.011702653861586643,1.7023561720798106
2017-12-05,6242.4702,6337.0601,6235.77,6265.1099,,0.00022505866420630127,0.00022505866420630127,1.702739302085902
2017-12-06,6243.7202,6304.1001,6234.2202,6293.0498,,0.004459602536261986,0.004459602536261986,1.710332842596077
2017-12-07,6300.6401,6333.29,6290.6499,6316.2798,,0.0036913739344635044,0.0036913739344635044,1.716646320670493
2017-12-08,6364.6001,6377.5498,6335.23,6344.5698,,0.004478902280421471,0.004478902280421471,1.7243350117908212
2017-12-11,6351.2402,6394.4302,6347.9102,6393.8901,,0.0077736239894468095,0.0077736239894468095,1.7377393438043214
2017-12-12,6389.4702,6403.5,6371.6899,6383.6499,,-0.0016015602144927588,-0.0016015602144927588,1.7349562496081254
2017-12-13,6405.4102,6416.8301,6388.4102,6394.6699,,0.001726285146057105,0.001726285146057105,1.737951278810883
2017-12-14,6407.25,6423.6802,6386.25,6389.9102,,-0.0007443230181435334,-0.0007443230181435334,1.7366576816696522
2017-12-15,6405.1499,6470.9199,6405.0298,6466.3198,,0.011957851927246077,0.011957851927246077,1.7574243770753726
2017-12-18,6504.8901,6522.7002,6495.1802,6513.27,,0.007260729665736543,0.007260729665736543,1.7701845603852924
2017-12-19,6505.3501,6510.8701,6462.79,6480.6699,,-0.005005181728993335,-0.005005181728993335,1.7613244649667057
2017-12-20,6504.5498,6504.5498,6447.9302,6472.48,,-0.0012637428115264138,-0.0012637428115264138,1.7590986038353387
2017-12-21,6481.0801,6501.52,6467.7798,6472.6899,,3.242960967053676e-05,3.242960967053676e-05,1.759155650716433
2017-12-22,6462.5498,6467.8301,6449.0,6465.1699,,-0.0011618044609243983,-0.0011618044609243983,1.7571118558339702
2017-12-26,6427.3198,6438.2402,6407.9902,6433.1602,,-0.004951099583631935,-0.004951099583631935,1.748412220056156
2017-12-27,6437.0601,6448.9399,6425.9199,6435.1499,,0.00030928811628228026,0.00030928811628228026,1.748952983178182
2017-12-28,6449.52,6452.0698,6432.6802,6441.4199,,0.0009743362776988285,0.0009743362776988285,1.750657051517682
2017-12-29,6439.8999,6442.5298,6396.4199,6396.4199,,-0.0069860373486907434,-0.0069860373486907434,1.7384268959710307
2018-01-02,6431.5898,6513.02,6417.75,6511.3398,,0.017966284546141242,0.017966284546141242,1.7696599682467111
2018-01-03,6520.0298,6579.25,6519.2598,6575.7998,,0.00989965229583012,0.00989965229583012,1.7871789866142034
2018-01-04,6595.75,6603.1699,6576.9199,6584.5801,,0.0013352444215226633,0.0013352444215226633,1.7895653073863427
2018-01-05,6613.1201,6654.98,6605.0298,6653.29,,0.010434970636927998,0.010434970636927998,1.808239368821784
2018-01-08,6651.6802,6680.3198,6649.2002,6676.6299,,0.0035080238498548244,0.0035080238498548244,1.814582715653857
2018-01-09,6692.8701,6696.1201,6658.27,6677.9399,,0.00019620677192255798,0.00019620677192255798,1.814938749070882
2018-01-10,6640.6602,6663.5098,6619.3501,6662.6602,,-0.0022880858810964133,-0.0022880858810964133,1.810786013344078
2018-01-11,6675.6899,6708.4902,6664.7402,6708.4902,,0.006878633852586358,0.006878633852586358,1.8232417473152567
2018-01-12,6699.3198,6763.98,6695.52,6758.54,,0.007460665292467805,0.007460665292467805,1.8368443437392297
2018-01-16,6807.8501,6835.79,6719.1099,6737.1401,,-0.003166349537030211,-0.003166349537030211,1.8310282525018344
2018-01-17,6767.8501,6820.04,6738.4502,6810.2798,,0.01085619401027449,0.01085619401027449,1.8509062504492884
2018-01-18,6804.5898,6826.79,6784.7202,6811.3799,,0.00016153521328154952,0.00016153521328154952,1.8512052369852188
2018-01-19,6829.04,6843.2402,6801.5898,6834.3301,,0.003369390686900342,0.003369390686900342,1.8574426706702578
2018-01-22,6829.5498,6906.2798,6822.8501,6906.2798,,0.010527688734262464,0.010527688734262464,1.8769972489488114
2018-01-23,6928.27,6969.3999,6926.3701,6963.46,,0.008279450247584696,0.008279450247584696,1.8925377542863366
2018-01-24,6975.3799,6992.9102,6880.6802,6919.3501,,-0.0063344802727380856,-0.0063344802727380856,1.880549511216398
2018-01-25,6965.0098,6967.6001,6894.8398,6916.2998,,-0.00044083619934187634,-0.00044083619934187634,1.879720496917199
2018-01-26,6956.6602,7022.9702,6941.48,7022.9702,,0.015423044559173205,0.015423044559173205,1.9087115098999439
2018-01-29,7000.6802,7020.6401,6974.7002,6988.3198,,-0.004933866870174053,-0.004933866870174053,1.8992941814165287
2018-01-30,6910.3901,6958.79,6894.6299,6930.73,,-0.008240864993041774,-0.008240864993041774,1.8836423544854053
2018-01-31,6972.8101,6983.6099,6915.48,6949.4102,,0.00269527163805261,0.00269527163805261,1.8887192822996846
2018-02-01,6910.5698,6970.7598,6879.02,6901.5,,-0.00689413901628666,-0.00689413901628666,1.8756981890047695
2018-02-02,6866.3799,6889.0698,6764.9399,6776.4102,,-0.018125016300804098,-0.018125016300804098,1.841701128753669
2018-02-05,6687.4702,6807.96,6498.1499,6543.8501,,-0.034319070589912126,-0.034319070589912126,1.7784956577104511
2018-02-06,6378.6001,6673.4102,6370.48,6665.98,,0.01866330954005191,0.01866330954005191,1.8116882726859396
2018-02-07,6632.98,6716.25,6581.3799,6582.02,,-0.012595297315623366,-0.012595297315623366,1.788869520248232
2018-02-08,6595.8101,6606.0498,6304.1802,6306.1001,,-0.041920246368136294,-0.041920246368136294,1.7138796692389762
2018-02-09,6395.1602,6453.4302,6164.4302,6412.6802,,0.01690111135406802,0.01690111135406802,1.7428461403762576
2018-02-12,6477.04,6565.2798,6424.2998,6523.8501,,0.01733594948333761,0.01733594948333761,1.7730600330230506
2018-02-13,6482.77,6567.6201,6478.4102,6553.8599,,0.004600013725024166,0.004600013725024166,1.7812161335102485
2018-02-14,6523.2598,6684.1499,6520.3901,6675.0298,,0.018488326245728937,0.018488326245728937,1.8141478385007417
2018-02-15,6734.3398,6795.9199,6665.9199,6794.9199,,0.017960983485047377,0.017960983485047377,1.846731717867488
2018-02-16,6778.2798,6840.6001,6758.5098,6770.6602,,-0.0035702701955323546,-0.0035702701955323546,1.8401383866560415
2018-02-20,6742.1499,6838.0,6740.48,6779.6899,,0.0013336513328492394,0.0013336513328492394,1.8425924896680326
2018-02-21,6808.6001,6879.4702,6759.2202,6759.2598,,-0.0030134269120480894,-0.0030134269120480894,1.8370399718717292
2018-02-22,6793.0801,6826.0098,6744.0498,6761.8501,,0.0003832224350956981,0.0003832224350956981,1.837743966803118
2018-02-23,6816.4302,6897.5298,6789.02,6896.6001,,0.019927977995253032,0.019927977995253032,1.8743664881344797
2018-02-26,6933.8198,6989.3599,6927.46,6989.1001,,0.01341240591867865,0.01341240591867865,1.8995062523137074
2018-02-27,6984.8301,7003.1299,6900.3501,6900.3501,,-0.012698344383420657,-0.012698344383420657,1.8753856677633671
2018-02-28,6945.2002,6964.1602,6854.4199,6854.4199,,-0.00665621299417829,-0.00665621299417829,1.8629027013125048
2018-03-01,6862.9399,6892.3799,6687.4399,6750.54,,-0.015155170169834475,-0.015155170169834475,1.8346700938642695
2018-03-02,6661.9102,6820.3701,6645.0298,6811.04,,0.008962245983284323,0.008962245983284323,1.8511128585436565
2018-03-05,6777.6299,6901.6299,6753.8301,6881.2798,,0.010312639479433505,0.010312639479433505,1.8702027180895606
2018-03-06,6919.79,6937.0298,6872.0601,6913.02,,0.004612543149313586,0.004612543149313586,1.8788291088247122
2018-03-07,6855.5698,6935.48,6850.9102,6929.3901,,0.0023680099290901424,0.0023680099290901424,1.883278194809473
2018-03-08,6955.8501,6971.0,6931.3501,6966.4302,,0.005345362213046823,0.005345362213046823,1.8933449989086624
2018-03-09,7014.8398,7101.3101,7007.2998,7101.1802,,0.0193427618064701,0.0193427618064701,1.929967520240024
2018-03-12,7122.4702,7156.25,7108.04,7131.1201,,0.004216186486860396,0.004216186486860396,1.9381046232189394
2018-03-13,7172.25,7186.0898,7025.8301,7046.5098,,-0.011864938300506278,-0.011864938300506278,1.9151091314445208
2018-03-14,7077.8501,7084.0698,7012.5698,7040.98,,-0.000784757299280292,-0.000784757299280292,1.9136062355747012
2018-03-15,7050.6602,7075.5498,7010.0098,7030.9702,,-0.0014216486909492954,-0.0014216486909492954,1.910885759774904
2018-03-16,7058.1201,7061.6699,7011.6899,7019.9502,,-0.0015673512597165207,-0.0015673512597165207,1.9078907305721464
2018-03-19,6945.9702,6949.02,6806.1602,6864.8799,,-0.022089943031219805,-0.022089943031219805,1.8657455330240154
2018-03-20,6871.0898,6902.23,6845.8501,6885.9199,,0.0030648751772044402,0.0030648751772044402,1.8714638101951608
2018-03-21,6863.29,6930.7002,6828.8799,6853.4502,,-0.004715375791693344,-0.004715375791693344,1.8626391550495363
2018-03-22,6763.9399,6809.9399,6679.3501,6682.2598,,-0.02497871801855367,-0.02497871801855367,1.816112816825237
2018-03-23,6683.1899,6708.5801,6507.8398,6508.0898,,-0.02606453583262358,-0.02606453583262358,1.7687766792350086
2018-03-26,6644.3999,6760.6499,6538.79,6753.8301,,0.03775920547377831,0.03775920547377831,1.8355642813034705
2018-03-27,6791.3901,6793.5,6479.5601,6529.8398,,-0.033164929630077666,-0.033164929630077666,1.7746879210825568
2018-03-28,6488.02,6559.8799,6410.04,6460.8101,,-0.010571423207044073,-0.010571423207044073,1.7559269440083638
2018-03-29,6493.5098,6640.7598,6435.6699,6581.1299,,0.018623020664235268,0.018623020664235268,1.788627607771519
2018-04-02,6528.23,6560.96,6322.6001,6390.8398,,-0.028914502963997113,-0.028914502963997113,1.7369103295051225
2018-04-03,6448.0498,6485.27,6343.8999,6458.8301,,0.01063871136309813,0.01063871136309813,1.7553888171643113
2018-04-04,6326.54,6578.5601,6326.54,6560.0601,,0.015673117024706862,0.015673117024706862,1.7829012315195893
2018-04-05,6619.2202,6632.21,6550.2798,6594.8398,,0.005301734964287874,0.005301734964287874,1.7923537013166086
2018-04-06,6514.48,6587.3599,6402.0298,6433.21,,-0.02450852558996197,-0.02450852558996197,1.7484257547616275
2018-04-09,6488.48,6604.2598,6466.04,6472.3398,,0.006082468938523711,0.006082468938523711,1.75906050010628
2018-04-10,6585.52,6639.9702,6534.8901,6615.8701,,0.022175952504842167,0.022175952504842167,1.7980693422097809
2018-04-11,6578.8398,6650.29,6574.8799,6583.4399,,-0.00490187979960488,-0.00490187979960488,1.789255422422914
2018-04-12,6627.3198,6682.6899,6618.8101,6656.25,,0.011059583000066597,0.011059583000066597,1.8090438412755192
2018-04-13,6696.02,6703.3101,6598.3398,6628.3398,,-0.004193081690140876,-0.004193081690140876,1.8014583726680047
2018-04-16,6675.9199,6699.7598,6633.0801,6675.1802,,0.007066686593224958,0.007066686593224958,1.8141887143983908
2018-04-17,6738.6499,6834.3101,6729.79,6816.3701,,0.021151473933243015,0.021151473933243015,1.8525614797009722
2018-04-18,6824.5801,6856.96,6788.3198,6833.21,,0.002470508460214127,0.002470508460214127,1.85713824850964
2018-04-19,6793.0698,6815.04,6749.0698,6774.8901,,-0.008534773554449537,-0.008534773554449537,1.8412879940993032
2018-04-20,6754.6699,6757.6802,6642.8301,6667.75,,-0.01581429343038343,-0.01581429343038343,1.8121693254707747
2018-04-23,6699.1602,6721.6499,6613.5498,6648.7998,,-0.0028420681639234058,-0.0028420681639234058,1.8070190167232156
2018-04-24,6680.8799,6688.8901,6464.7402,6509.0498,,-0.021018831097907364,-0.021018831097907364,1.7690375892200039
2018-04-25,6514.3198,6540.7598,6426.5698,6513.9399,,0.0007512770911661804,0.0007512770911661804,1.7703666266341969
2018-04-26,6606.6099,6673.6499,6579.1201,6649.6499,,0.020833781410847907,0.020833781410847907,1.8072500579505537
2018-04-27,6748.5898,6750.7798,6619.2598,6656.3501,,0.0010076019190121688,0.0010076019190121688,1.8090710465770796
2018-04-30,6669.4399,6712.5,6593.6001,6605.5698,,-0.007628850531765097,-0.007628850531765097,1.7952699139613992
2018-05-01,6592.9302,6685.4102,6578.2598,6681.96,,0.011564513329342052,0.011564513329342052,1.816031336811173
2018-05-02,6694.52,6715.96,6637.96,6644.48,,-0.0056091326497016425,-0.0056091326497016425,1.805844976146984
2018-05-03,6608.7002,6667.29,6539.8599,6643.48,,-0.00015050086688495057,-0.00015050086688495057,1.805573194912614
2018-05-04,6618.7002,6783.3599,6612.3901,6769.1201,,0.01891179020633782,0.01891179020633782,1.8397198163769881
2018-05-07,6803.4502,6846.46,6796.0498,6821.8701,,0.0077927410388243246,0.0077927410388243246,1.8540562764900073
2018-05-08,6813.9102,6830.8701,6770.2998,6815.48,,-0.00093670795637113,-0.00093670795637113,1.8523195672242592
2018-05-09,6830.54,6895.9302,6807.3999,6893.21,,0.011404919389390145,0.011404919389390145,1.8734451225718418
2018-05-10,6909.1802,6966.9302,6906.77,6963.5498,,0.01020421545259742,0.01020421545259742,1.8925621602411828
2018-05-11,6948.8701,6969.2998,6923.6099,6952.5601,,-0.0015781749704726344,-0.0015781749704726344,1.8895753660098265
2018-05-14,6977.3501,7008.2598,6954.6401,6964.3701,,0.0016986548595243622,0.0016986548595243622,1.8927851023877367
2018-05-15,6909.3198,6912.04,6852.73,6888.54,,-0.010888292682779799,-0.010888292682779799,1.8721759042073338
2018-05-16,6892.8901,6944.54,6891.6499,6929.9702,,0.006014365888852957,0.006014365888852957,1.883435855103531
2018-05-17,6905.75,6952.98,6869.3901,6901.6299,,-0.004089526965065371,-0.004089526965065371,1.8757334933871141
2018-05-18,6876.6499,6897.9102,6857.5801,6866.25,,-0.0051263108153626336,-0.0051263108153626336,1.8661179004932258
2018-05-21,6920.3198,6948.27,6876.3501,6905.5298,,0.005720706353540939,0.005720706353540939,1.876793413023034
2018-05-22,6934.7002,6947.4302,6883.75,6893.6201,,-0.0017246612997021682,-0.0017246612997021682,1.873556580056057
2018-05-23,6847.27,6954.7002,6846.9399,6953.6299,,0.008705121420891748,0.008705121420891748,1.8898661175743556
2018-05-24,6951.52,6963.6802,6882.5698,6949.7002,,-0.0005651293003097191,-0.0005651293003097191,1.8887980988576518
2018-05-25,6951.4702,6982.52,6941.8501,6960.9199,,0.001614414964259847,0.001614414964259847,1.8918474027729133
2018-05-29,6928.5,6964.6499,6887.1201,6926.54,,-0.004938988020821822,-0.004938988020821822,1.882503591113395
2018-05-30,6955.5898,6987.6299,6938.02,6976.3701,,0.007194082471190466,0.007194082471190466,1.896046477200177
2018-05-31,6969.9302,7016.4199,6955.9902,6967.73,,-0.001238480739432224,-0.001238480739432224,1.8936982601570964
2018-06-01,7010.0801,7084.8398,7008.02,7083.9302,,0.016676909122483208,0.016676909122483208,1.925279293947141
2018-06-04,7099.5,7146.77,7099.0898,7143.5698,,0.008418998820739487,0.008418998820739487,1.941488218052476
2018-06-05,7162.4102,7179.8198,7137.1299,7166.75,,0.0032449042494131497,0.0032449042494131497,1.94778816142142
2018-06-06,7180.2402,7212.4502,7140.9199,7210.0801,,0.006045990162905079,0.006045990162905079,1.9595644694847971
2018-06-07,7212.4302,7212.4302,7115.8501,7152.8301,,-0.007940272397251147,-0.007940272397251147,1.944004993817113
2018-06-08,7121.7598,7161.9199,7100.73,7152.6201,,-2.935900854128537e-05,-2.935900854128537e-05,1.943947919757895
2018-06-11,7149.6499,7187.4502,7146.0898,7168.48,,0.0022173552877495784,0.0022173552877495784,1.9482583429568803
2018-06-12,7181.6699,7214.4902,7173.7598,7209.1802,,0.005677661094123154,0.005677661094123154,1.9593198935519873
2018-06-13,7219.5801,7261.1699,7193.02,7205.2598,,-0.0005438066314391587,-0.0005438066314391587,1.958254402400763
2018-06-14,7233.7002,7291.3101,7233.7002,7279.5898,,0.010316074931815855,0.010316074931815855,1.9784559015514875
2018-06-15,7245.1602,7268.8398,7220.9702,7255.5601,,-0.0033009689639380557,-0.0033009689639380557,1.971925080023946
2018-06-18,7201.1802,7256.4302,7186.1602,7251.4102,,-0.0005719613569185045,-0.0005719613569185045,1.970797215079434
2018-06-19,7158.7998,7229.9902,7138.02,7228.04,,-0.0032228489846016783,-0.0032228489846016783,1.9644456332759594
2018-06-20,7264.8501,7309.9902,7256.8701,7280.7002,,0.007285543522171922,0.007285543522171922,1.9787576874341322
2018-06-21,7304.0498,7308.2598,7203.9302,7217.4902,,-0.00868185727521098,-0.00868185727521098,1.9615783956096025
2018-06-22,7239.7202,7239.75,7177.46,7197.5098,,-0.002768330741896974,-0.002768330741896974,1.9561480978343955
2018-06-25,7131.04,7144.29,6976.96,7038.1699,,-0.022138198408566234,-0.022138198408566234,1.912842503127998
2018-06-26,7061.23,7108.4502,7040.0601,7068.2002,,0.004266776793779847,0.004266776793779847,1.9210041751305005
2018-06-27,7096.6001,7128.77,6968.2998,6969.6699,,-0.013939941882234796,-0.013939941882234796,1.894225488573651
2018-06-28,6963.3701,7055.25,6950.23,7031.6001,,0.00888567190248124,0.00888567190248124,1.9110569547744338
2018-06-29,7071.4902,7101.8301,7031.3999,7040.7998,,0.001308336633080165,0.001308336633080165,1.9135572605962679
2018-07-02,6979.54,7099.27,6969.1602,7097.8198,,0.008098511762825611,0.008098511762825611,1.929054226580047
2018-07-03,7121.71,7122.4502,7009.5098,7014.5498,,-0.011731771494114307,-0.011731771494114307,1.9064230031940546
2018-07-05,7064.0,7105.54,7025.25,7101.0498,,0.012331511282448915,0.012331511282448915,1.9299320799670623
2018-07-06,7114.1699,7217.0,7106.1001,7207.3301,,0.014966843353217962,0.014966843353217962,1.9588170710902795
2018-07-09,7251.1802,7277.5801,7221.3198,7276.0,,0.009527786163145091,0.009527786163145091,1.977480261276346
2018-07-10,7287.0498,7297.79,7257.4902,7282.6001,,0.0009071055525013971,0.0009071055525013971,1.9792740446013115
2018-07-11,7221.6602,7271.1201,7220.23,7243.98,,-0.005303064766662091,-0.005303064766662091,1.9687778261518176
2018-07-12,7276.3799,7368.71,7274.1602,7366.25,,0.016878842846059783,0.016878842846059783,2.002008517678241
2018-07-13,7372.2798,7387.7402,7348.96,7375.8198,,0.0012991413541489916,0.0012991413541489916,2.0046094097349156
2018-07-16,7381.0298,7390.6401,7346.3398,7357.8999,,-0.002429546882368183,-0.002429546882368183,1.9997391171931282
2018-07-17,7291.48,7418.4302,7288.2998,7403.8901,,0.006250451980190697,0.006250451980190697,2.0122383905180525
2018-07-18,7407.25,7411.25,7368.3599,7390.1299,,-0.0018585094881404807,-0.0018585094881404807,2.0084986263768743
2018-07-19,7364.6602,7388.9902,7344.3301,7352.3599,,-0.005110870919873722,-0.005110870919873722,1.9982334491547182
2018-07-20,7379.1299,7398.5898,7343.3701,7350.23,,-0.0002896893009822765,-0.0002896893009822765,1.9976545823036334
2018-07-23,7335.4199,7376.8198,7301.3301,7371.7798,,0.002931853833145537,0.002931853833145537,2.0035114135480607
2018-07-24,7455.5098,7475.9902,7375.7402,7406.25,,0.004675967125333802,0.004675967125333802,2.0128797670530427
2018-07-25,7406.1001,7511.3901,7405.6299,7508.5898,,0.013818032067510533,0.013818032067510533,2.0406938042222245
2018-07-26,7404.5601,7430.1201,7385.7202,7400.75,,-0.014362190887029058,-0.014362190887029058,2.0113849702640074
2018-07-27,7443.2402,7443.2402,7255.3198,7296.7798,,-0.014048603182109876,-0.014048603182109876,1.9831278209703085
2018-07-30,7292.7202,7299.0698,7158.7798,7193.1001,,-0.014208966536169876,-0.014208966536169876,1.9549496241251938
2018-07-31,7219.6699,7272.96,7179.4102,7231.98,,0.00540516598677665,0.00540516598677665,1.9655164513393772
2018-08-01,7269.2002,7294.7998,7234.6401,7272.8901,,0.005656832568674108,0.005656832568674108,1.9766350488155786
2018-08-02,7221.3501,7380.5601,7221.3501,7372.1499,,0.013647916940199734,0.013647916940199734,2.003611999782901
2018-08-03,7389.3599,7395.4902,7356.3301,7395.4902,,0.003166009958641691,0.003166009958641691,2.009955455327468
2018-08-06,7390.8101,7439.5498,7381.5801,7438.9902,,0.005881963037419835,0.005881963037419835,2.0217779390225643
2018-08-07,7459.3198,7478.96,7443.8799,7462.6499,,0.0031804988800765432,0.0031804988800765432,2.028208201493389
2018-08-08,7454.4199,7486.21,7435.77,7469.54,,0.000923277936433653,0.000923277936433653,2.030080801376322
2018-08-09,7467.5098,7498.3701,7458.5698,7466.96,,-0.0003454027958883499,-0.0003454027958883499,2.029379605791647
2018-08-10,7409.0498,7436.6899,7382.8301,7408.2998,,-0.007855968158393845,-0.007855968158393845,2.013436864227254
2018-08-13,7420.1802,7468.8198,7398.5298,7401.1699,,-0.0009624205543085074,-0.0009624205543085074,2.0114990912043194
2018-08-14,7430.4502,7455.4199,7390.0,7447.1699,,0.006215233621376548,0.006215233621376548,2.024001027985341
2018-08-15,7385.6699,7409.48,7308.52,7354.6602,,-0.012422128304068858,-0.012422128304068858,1.9988586275281397
2018-08-16,7409.6099,7422.8301,7361.8799,7374.29,,0.0026690288152264596,0.0026690288152264596,2.0041936388025765
2018-08-17,7352.6299,7394.9399,7312.6499,7377.54,,0.0004407203947769389,0.0004407203947769389,2.005076927814279
2018-08-20,7393.5801,7395.75,7343.4702,7371.4199,,-0.0008295583622724978,-0.0008295583622724978,2.003413599481811
2018-08-21,7393.46,7441.4199,7388.3799,7397.23,,0.0035013742739034015,0.0035013742739034015,2.010428300319025
2018-08-22,7379.8398,7434.48,7374.6899,7424.6001,,0.003700047179822752,0.003700047179822752,2.017866979881856
2018-08-23,7420.3101,7465.8701,7405.3999,7413.8398,,-0.001449276709192704,-0.001449276709192704,2.014942532265664
2018-08-24,7443.71,7489.54,7442.9902,7485.3999,,0.009652231762547814,0.009652231762547814,2.034391224575307
2018-08-27,7527.3701,7560.7598,7512.02,7559.1299,,0.00984984115544707,0.00984984115544707,2.0544296549854093
2018-08-28,7580.8501,7588.7202,7556.71,7570.25,,0.0014710820090551024,0.0014710820090551024,2.0574518894897276
2018-08-29,7585.1299,7661.9502,7583.52,7660.1802,,0.011879422740332268,0.011879422740332268,2.0818932302528714
2018-08-30,7645.1099,7691.1001,7619.73,7642.6699,,-0.0022858861727560464,-0.0022858861727560464,2.0771342593046818
2018-08-31,7634.4399,7676.46,7628.54,7654.5498,,0.0015544175210289168,0.0015544175210289168,2.0803629931908745
2018-09-04,7629.3398,7643.4502,7581.3501,7622.3198,,-0.004210567680936528,-0.004210567680936528,2.0716034840071282
2018-09-05,7600.9502,7607.1802,7498.3799,7523.2598,,-0.01299604354044559,-0.01299604354044559,2.044680834930433
2018-09-06,7527.2202,7532.2998,7405.3198,7453.1699,,-0.009316426903135833,-0.009316426903135833,2.025631715391561
2018-09-07,7402.1899,7489.3999,7400.9902,7430.2598,,-0.0030738733059070267,-0.0030738733059070267,2.01940518013402
2018-09-10,7466.7598,7473.75,7410.7402,7447.6802,,0.002344520981621745,0.002344520981621745,2.02413971794924
2018-09-11,7415.0801,7519.4502,7401.7202,7507.8701,,0.008081697707696955,0.008081697707696955,2.0404982032678487
2018-09-12,7493.3799,7501.2402,7422.9102,7488.0601,,-0.002638564564402923,-0.002638564564402923,2.035114217014978
2018-09-13,7535.23,7578.7598,7531.6602,7561.6899,,0.009832960608849861,0.009832960608849861,2.055125414945397
2018-09-14,7575.3799,7581.2998,7515.04,7545.5,,-0.002141042573036489,-0.002141042573036489,2.0507253039390694
2018-09-17,7522.5898,7533.9199,7427.79,7434.73,,-0.014680273010403644,-0.014680273010403644,2.020620096607901
2018-09-18,7440.8599,7531.2002,7436.5298,7494.3999,,0.008025832814372746,0.008025832814372746,2.0368372556846377
2018-09-19,7498.2402,7513.3398,7441.5601,7490.3198,,-0.0005444198407400513,-0.0005444198407400513,2.035728361070284
2018-09-20,7534.02,7582.4302,7523.8701,7569.0298,,0.010508229568515937,0.010508229568515937,2.0571202620275493
2018-09-21,7587.3901,7603.8599,7522.1201,7529.5498,,-0.0052159921473687865,-0.0052159921473687865,2.0463903388946205
2018-09-24,7477.4502,7554.9502,7447.23,7548.75,,0.0025499798141981334,0.0025499798141981334,2.051608592950772
2018-09-25,7552.02,7568.1699,7525.1899,7563.1899,,0.0019128862394437451,0.0019128862394437451,2.055533086796952
2018-09-26,7563.96,7637.6201,7553.2598,7563.0898,,-1.3235156240187784e-05,-1.3235156240187784e-05,2.0555058814953915
2018-09-27,7600.3501,7657.7998,7596.96,7629.5698,,0.008790058264282363,0.008790058264282363,2.073573897956311
2018-09-28,7612.6499,7649.2998,7598.6899,7627.6499,,-0.00025163935193306397,-0.00025163935193306397,2.073052105164444
2018-10-01,7673.0,7700.5601,7627.4702,7645.4502,,0.002333654563773324,0.002333654563773324,2.077889892670601
2018-10-02,7632.3701,7685.3599,7610.25,7628.2798,,-0.002245832429854766,-0.002245832429854766,2.0732233001639737
2018-10-03,7663.0898,7676.8999,7625.6001,7637.4302,,0.0011995364931423058,0.0011995364931423058,2.0757102071709532
2018-10-04,7603.0098,7608.2402,7436.2598,7490.0,,-0.019303639593328148,-0.019303639593328148,2.0356414454315326
2018-10-05,7482.04,7510.4502,7327.4399,7399.0098,,-0.01214822429906548,-0.01214822429906548,2.0109120165599568
2018-10-08,7356.54,7415.54,7267.02,7352.8198,,-0.0062427272362850506,-0.0062427272362850506,1.998358441344405
2018-10-09,7352.4399,7430.3599,7339.8599,7371.6201,,0.0025568830069790938,0.0025568830069790938,2.003468010084932
2018-10-10,7319.8101,7329.2402,7042.0601,7044.5,,-0.0443756047602073,-0.0443756047602073,1.9145629055196838
2018-10-11,7013.48,7120.1001,6892.8901,6964.0298,,-0.01142312442330895,-0.01142312442330895,1.8926926152336807
2018-10-12,7150.21,7179.04,7019.8901,7157.21,,0.02773971472666581,0.02773971472666581,1.94519536844553
2018-10-15,7129.3101,7144.1602,7047.4702,7068.6699,,-0.012370756202486732,-0.012370756202486732,1.9211318307762841
2018-10-16,7141.6699,7291.2598,7133.29,7276.4302,,0.029391710596076814,0.029391710596076814,1.977597181563372
2018-10-17,7310.0,7311.8501,7205.7598,7278.6299,,0.00030230483073978576,0.00030230483073978576,1.9781950187446158
2018-10-18,7250.9199,7251.54,7081.8901,7116.0898,,-0.022331139545919254,-0.022331139545919254,1.9340196697319874
2018-10-19,7169.4502,7227.96,7080.7402,7107.23,,-0.0012450376890972281,-0.0012450376890972281,1.9316117423517158
2018-10-22,7146.0298,7193.7202,7088.8999,7141.21,,0.004781046905756536,0.004781046905756536,1.9408468686956095
2018-10-23,7002.6899,7149.1299,6933.5601,7118.6699,,-0.003156341852431188,-0.003156341852431188,1.9347208924947856
2018-10-24,7101.8501,7117.3398,6777.4702,6789.1499,,-0.04628954630976767,-0.04628954630976767,1.8451635401451731
2018-10-25,6891.27,7063.9199,6866.75,7016.3901,,0.033471083029113835,0.033471083029113835,1.9069231621996656
2018-10-26,6804.6899,6976.9399,6743.77,6852.3999,,-0.02337244618140588,-0.02337244618140588,1.8623537032190776
2018-10-29,6954.6899,6973.1899,6574.75,6713.8999,,-0.0202118968567494,-0.0202118968567494,1.8247120022588283
2018-10-30,6673.8398,6816.27,6652.5298,6810.1201,,0.01433149159700764,0.01433149159700764,1.8508628469861594
2018-10-31,6933.1099,7030.5098,6924.0898,6967.1001,,0.02305098848403553,0.02305098848403553,1.8935270651575669
2018-11-01,6980.79,7071.8398,6932.21,7069.1699,,0.014650255993881922,0.014650255993881922,1.921267721393469
2018-11-02,7042.2998,7085.27,6909.0698,6965.29,,-0.014694780500324356,-0.014694780500324356,1.8930351139452337
2018-11-05,6946.1499,6952.9302,6859.7998,6937.0898,,-0.004048675647388755,-0.004048675647388755,1.885370828779752
2018-11-06,6939.1299,7024.7798,6928.0,6988.8501,,0.007461385320397529,0.007461385320397529,1.899438307005115
2018-11-07,7068.5,7205.96,7057.71,7203.1299,,0.030660236939407337,0.030660236939407337,1.9576755355496784
2018-11-08,7176.1899,7192.3198,7125.1401,7158.5898,,-0.006183437008403847,-0.006183437008403847,1.9455703721927138
2018-11-09,7095.4502,7104.3901,6982.8901,7039.1499,,-0.016684836446418494,-0.016684836446418494,1.9131088487376808
2018-11-12,6990.3701,6998.7998,6819.3799,6829.1001,,-0.02984022260983543,-0.02984022260983543,1.8560212548145025
2018-11-13,6858.5898,6951.4399,6811.6802,6830.9102,,0.0002650568850206536,0.0002650568850206536,1.856513206026836
2018-11-14,6896.2002,6916.1001,6736.1802,6769.8701,,-0.00893586626274201,-0.00893586626274201,1.8399236523027658
2018-11-15,6750.6299,6908.8301,6702.4199,6890.4502,,0.017811287102835305,0.017811287102835305,1.8726950607212276
2018-11-16,6823.0298,6898.1299,6797.4302,6867.02,,-0.0034003873941357288,-0.0034003873941357288,1.866327172043691
2018-11-19,6832.25,6841.4399,6623.3701,6642.9199,,-0.03263425765470329,-0.03263425765470329,1.8054209702432433
2018-11-20,6475.6802,6614.0098,6442.3599,6526.96,,-0.017456164118432316,-0.017456164118432316,1.773905245483818
2018-11-21,6608.1201,6639.3701,6566.3101,6575.6602,,0.007461390907865351,0.007461390907865351,1.7871410459538855
2018-11-23,6525.02,6591.5601,6524.5498,6527.3501,,-0.007346806028693642,-0.007346806028693642,1.7740112673433457
2018-11-26,6616.79,6679.9102,6590.8901,6678.3398,,0.02313185254150829,0.02313185254150829,1.8150474343865064
2018-11-27,6639.3901,6715.4102,6609.0801,6701.04,,0.0033990783158412974,0.0033990783158412974,1.8212169227629529
2018-11-28,6756.1299,6914.79,6713.29,6913.3301,,0.03168017203299778,0.03168017203299778,1.8789133881854903
2018-11-29,6890.8398,6938.02,6839.4502,6892.3999,,-0.003027513469955667,-0.003027513469955667,1.873224952593879
2018-11-30,6902.2402,6951.1299,6872.29,6949.0098,,0.00821338007389838,0.00821338007389838,1.8886104610934427
2018-12-03,7106.8398,7107.0,7013.2002,7062.1299,,0.01627859267085796,0.01627859267085796,1.9193543815035041
2018-12-04,7026.8101,7045.6802,6785.8501,6795.21,,-0.03779594878310011,-0.03779594878310011,1.8468105616035788
2018-12-06,6652.1299,6840.5,6630.8198,6838.8501,,0.006422185627817267,0.006422185627817267,1.8586711218496104
2018-12-07,6806.6299,6849.3799,6594.54,6613.27,,-0.03298509204054634,-0.03298509204054634,1.7973626838222956
2018-12-10,6603.3599,6710.3901,6534.3301,6682.7402,,0.010504667131388867,0.010504667131388867,1.8162433805302283
2018-12-11,6782.4102,6788.4702,6650.8301,6704.2402,,0.0032172431302954774,0.0032172431302954774,1.822086677069184
2018-12-12,6800.5498,6867.6602,6761.7798,6763.96,,0.008907765566036785,0.008907765566036785,1.8383173980295153
2018-12-13,6805.7002,6833.7798,6724.04,6767.9702,,0.0005928775451067292,0.0005928775451067292,1.839407295135586
2018-12-14,6679.9102,6710.4102,6585.3101,6594.96,,-0.025563085369377014,-0.025563085369377014,1.79238636942098
2018-12-17,6571.0,6621.6299,6399.5498,6448.3901,,-0.022224532066911773,-0.022224532066911773,1.752551421077488
2018-12-18,6503.1201,6551.04,6434.6001,6491.52,,0.0066884756243268395,0.0066884756243268395,1.7642733185377442
2018-12-19,6480.3101,6575.3901,6284.7202,6342.9702,,-0.022883669772256865,-0.022883669772256865,1.7239002705283228
2018-12-20,6312.7202,6380.9702,6161.8501,6243.1899,,-0.015730847986641927,-0.015730847986641927,1.696781857428511
2018-12-21,6293.0498,6308.3101,6013.98,6046.5601,,-0.031495085549135826,-0.031495085549135826,1.6433415676705785
2018-12-24,5994.0801,6075.1699,5895.1201,5899.3501,,-0.024346074059530154,-0.024346074059530154,1.6033326521589661
2018-12-26,5969.0801,6263.8198,5921.8599,6262.77,,0.06160337898915347,0.06160337898915347,1.7021033611755996
2018-12-27,6168.6001,6291.9902,6043.4502,6288.2998,,0.004076439019794709,0.004076439019794709,1.7090418817328195
2018-12-28,6326.6201,6388.3599,6233.6899,6285.27,,-0.00048181545033831874,-0.00048181545033831874,1.7082184389489252
2018-12-31,6354.8398,6365.3901,6273.9399,6329.96,,0.00711027529445829,0.00711027529445829,1.7203643423129218
2019-01-02,6198.6802,6394.7402,6198.6802,6360.8701,,0.004883143021440883,0.004883143021440883,1.728765127445423
2019-01-03,6274.7598,6292.6802,6139.3999,6147.1299,,-0.033602352608961494,-0.033602352608961494,1.6706745520549255
2019-01-04,6250.0498,6445.2002,6234.5898,6422.6699,,0.04482417070769884,0.04482417070769884,1.745561153373244
2019-01-07,6434.5498,6521.4399,6412.98,6488.25,,0.010210722490969104,0.010210722490969104,1.7633845939013542
2019-01-08,6555.9102,6574.73,6457.0,6551.8501,,0.009802350402650983,0.009802350402650983,1.7806699075854113
2019-01-09,6576.54,6631.0601,6549.4399,6600.6899,,0.007454352473662551,0.007454352473662551,1.793943648715797
2019-01-10,6551.0498,6625.1099,6517.54,6620.9399,,0.0030678611337278117,0.0030678611337278117,1.7994472187117903
2019-01-11,6579.8901,6604.5601,6562.04,6601.3999,,-0.0029512426173812223,-0.0029512426173812223,1.7941366133921997
2019-01-14,6536.3701,6566.8701,6512.6401,6541.04,,-0.009143500002173788,-0.009143500002173788,1.777731925263748
2019-01-15,6571.1499,6674.5298,6567.3198,6669.6401,,0.019660497413255262,0.019660497413255262,1.8126830191818573
2019-01-16,6677.3799,6720.3999,6665.0498,6668.5601,,-0.00016192777778223366,-0.00016192777778223366,1.8123894954487378
2019-01-17,6646.1899,6747.2798,6637.1001,6718.4502,,0.007481390172970004,0.007481390172970004,1.8259486884095821
2019-01-18,6771.52,6816.23,6727.9399,6784.6099,,0.00984746452388685,0.00984746452388685,1.8439296533411331
2019-01-22,6736.6499,6738.5698,6603.5601,6646.8101,,-0.020310644536836286,-0.020310644536836286,1.8064782536011896
2019-01-23,6689.0801,6712.8599,6584.5,6658.7598,,0.0017978097493713818,0.0017978097493713818,1.809725957817541
2019-01-24,6680.3398,6710.73,6656.52,6702.5498,,0.0065762996887197556,0.0065762996887197556,1.8216272580706048
2019-01-25,6755.6699,6800.9702,6733.3198,6787.3701,,0.012654930217750993,0.012654930217750993,1.8446798239042412
2019-01-28,6691.8398,6697.4902,6644.3101,6697.0898,,-0.013301219569564982,-0.013301219569564982,1.8201433325309444
2019-01-29,6695.71,6701.4702,6613.4199,6632.79,,-0.009601155415296936,-0.009601155415296936,1.8026678535171983
2019-01-30,6708.5601,6826.9199,6688.3301,6807.9102,,0.026402192742420727,0.026402192742420727,1.8502622376363251
2019-01-31,6840.9302,6936.3398,6837.9199,6906.8398,,0.014531566529770057,0.014531566529770057,1.8771494464400584
2019-02-01,6872.73,6921.9502,6857.3101,6875.52,,-0.004534606405667496,-0.004534606405667496,1.8686373125358362
2019-02-04,6876.5601,6960.9702,6872.6001,6959.96,,0.012281252908870943,0.012281252908870943,1.8915865199660415
2019-02-05,6969.3701,7029.77,6967.9399,7023.52,,0.009132236392163318,0.009132236392163318,1.9088609352226007
2019-02-06,7023.8901,7034.9399,6969.8301,6997.6201,,-0.0036875953937627326,-0.0036875953937627326,1.9018218284305404
2019-02-07,6934.3301,6954.77,6854.3501,6904.98,,-0.013238801003215395,-0.013238801003215395,1.876643987700377
2019-02-08,6843.3301,6913.6602,6836.7002,6913.1299,,0.0011802930638467046,0.0011802930638467046,1.8788589775823694
2019-02-11,6941.2598,6958.3301,6893.7998,6909.1802,,-0.0005713331091897755,-0.0005713331091897755,1.8777855232409781
2019-02-12,6960.5498,7021.7598,6948.3301,7014.6699,,0.01526804873319132,0.01526804873319132,1.9064556441203024
2019-02-13,7038.3198,7062.5801,7009.73,7015.8799,,0.0001724956437365588,0.0001724956437365588,1.90678449941389
2019-02-14,6986.5098,7047.8799,6969.6899,7022.4199,,0.000932171031034823,0.000932171031034823,1.90856194868667
2019-02-15,7066.3799,7073.9902,7022.2998,7055.1802,,0.004665101270859617,0.004665101270859617,1.9174655834590026
2019-02-19,7033.3701,7089.1001,7032.7798,7066.6099,,0.001620043666638038,0.001620043666638038,1.920571961433482
2019-02-20,7070.2402,7096.1499,7027.3701,7062.3398,,-0.000604264288028733,-0.000604264288028733,1.9194114283845982
2019-02-21,7047.0801,7063.0698,7001.7998,7035.1602,,-0.0038485262348888494,-0.0038485262348888494,1.9120245231469146
2019-02-22,7055.2002,7094.29,7050.0098,7090.6201,,0.007883246212360584,0.007883246212360584,1.9270974832269532
2019-02-25,7144.3398,7161.73,7111.7798,7115.4302,,0.0034990028587202904,0.0034990028587202904,1.933840402829797
2019-02-26,7098.9702,7144.6499,7087.1401,7123.2202,,0.001094803796965138,0.001094803796965138,1.9359575786455394
2019-02-27,7095.75,7125.7798,7045.4102,7117.0,,-0.0008732286557699975,-0.0008732286557699975,1.9342670450115111
2019-02-28,7093.2002,7125.9199,7081.9199,7097.5298,,-0.0027357313474778433,-0.0027357313474778433,1.9289754100220797
2019-03-01,7152.0801,7159.96,7101.0698,7151.5698,,0.007613916605182736,0.007613916605182736,1.9436624679274364
2019-03-04,7193.8799,7205.9399,7073.3999,7150.8301,,-0.00010343183674166312,-0.00010343183674166312,1.9434614313483727
2019-03-05,7156.6602,7178.2998,7120.6899,7156.79,,0.0008334556850959629,0.0008334556850959629,1.9450812203270946
2019-03-06,7156.2402,7162.2402,7104.5498,7112.4702,,-0.006192692533943278,-0.006192692533943278,1.9330359303760616
2019-03-07,7089.6299,7097.9102,7001.8101,7026.8799,,-0.012033836008198628,-0.012033836008198628,1.9097740929919604
2019-03-08,6940.8999,7018.9199,6940.7202,7015.6899,,-0.001592456418673005,-0.001592456418673005,1.90673286097936
2019-03-11,7050.0498,7166.9199,7049.5601,7164.02,,0.02114262490421659,0.02114262490421659,1.9470461986515901
2019-03-12,7176.23,7219.4102,7166.9502,7201.2798,,0.0052009625880440336,0.0052009625880440336,1.9571727130879706
2019-03-13,7231.0498,7292.8599,7229.8799,7256.98,,0.0077347640345817315,0.0077347640345817315,1.972310982198628
2019-03-14,7257.3101,7267.9399,7240.96,7243.0098,,-0.001925070759461911,-0.001925070759461911,1.9685141439982319
2019-03-15,7274.1401,7331.29,7265.6299,7306.9902,,0.008833399617932391,0.008833399617932391,1.9859028160857202
2019-03-18,7311.6299,7348.6899,7293.8501,7326.2798,,0.0026398831080955976,0.0026398831080955976,1.9911453673842243
2019-03-19,7357.5801,7390.29,7321.9302,7349.2798,,0.0031393832378610043,0.0031393832378610043,1.997396335774735
2019-03-20,7348.9902,7422.75,7318.4199,7380.75,,0.004282079449472009,0.004282079449472009,2.0059493455766066
2019-03-21,7356.9399,7505.4102,7356.9399,7493.27,,0.015245063171086981,0.015245063171086981,2.036530170067923
2019-03-22,7458.4399,7482.3501,7323.52,7326.0601,,-0.022314677036861186,-0.022314677036861186,1.9910856570470332
2019-03-25,7299.9302,7342.5098,7265.2798,7316.96,,-0.0012421547019522139,-0.0012421547019522139,1.9886124206361426
2019-03-26,7378.23,7417.2598,7314.3799,7351.1499,,0.00467269193763542,0.00467269193763542,1.9979045938611306
2019-03-27,7364.4702,7376.9902,7252.0601,7308.1899,,-0.005843983673901154,-0.005843983673901154,1.986228872032594
2019-03-28,7325.0601,7346.04,7277.6899,7320.4702,,0.0016803476877358392,0.0016803476877358392,1.9895664271250282
2019-03-29,7377.77,7381.6899,7333.1699,7378.77,,0.007963941988316625,0.007963941988316625,2.0054112187325543
2019-04-01,7450.8101,7481.8398,7422.4399,7478.4199,,0.013504947301514969,0.013504947301514969,2.032494191559404
2019-04-02,7473.5098,7507.0498,7461.5098,7499.6401,,0.0028375245417817663,0.0028375245417817663,2.038261443708983
2019-04-03,7538.1699,7589.6899,7520.3999,7544.9702,,0.006044303379304949,0.006044303379304949,2.0505813142411
2019-04-04,7542.1602,7571.1299,7496.2998,7540.5698,,-0.0005832229794624499,-0.0005832229794624499,2.0493853680973784
2019-04-05,7564.27,7581.8999,7554.9102,7578.8398,,0.005075213281627633,0.005075213281627633,2.0597864359367195
2019-04-08,7565.0601,7602.0801,7536.4199,7599.7402,,0.002757730807293246,0.002757730807293246,2.0654667724475466
2019-04-09,7571.8799,7596.75,7555.6201,7568.4902,,-0.004111982670144454,-0.004111982670144454,2.0569736088734834
2019-04-10,7581.3901,7613.4102,7573.2798,7611.4902,,0.005681450178795178,0.005681450178795178,2.0686602019513947
2019-04-11,7621.3999,7621.3999,7580.71,7594.8901,,-0.0021809264104419857,-0.0021809264104419857,2.064148606282729
2019-04-12,7624.1499,7630.52,7596.5601,7628.1499,,0.004379233874628463,0.004379233874628463,2.073187995781629
2019-04-15,7630.6001,7636.7998,7578.54,7629.1201,,0.00012718680318535291,0.00012718680318535291,2.073451677935215
2019-04-16,7651.1899,7670.3999,7631.6401,7654.73,,0.003356861559958846,0.003356861559958846,2.0804119681693076
2019-04-17,7705.3198,7715.0698,7659.8501,7680.7202,,0.0033953124408045987,0.0033953124408045987,2.087475616806832
2019-04-18,7688.9302,7694.1802,7647.3999,7689.7202,,0.0011717651165055187,0.0011717651165055187,2.089921647916162
2019-04-22,7658.3701,7715.3301,7653.8901,7713.4902,,0.0030911397790520656,0.0030911397790520656,2.096381887857138
2019-04-23,7724.1699,7819.3398,7719.0898,7810.71,,0.012603866405378916,0.012603866405378916,2.1228044051063453
2019-04-24,7813.02,7827.0498,7783.5898,7784.4102,,-0.003367145880464051,-0.003367145880464051,2.1156566129986607
2019-04-25,7850.71,7851.9702,7778.23,7816.9199,,0.004176257309770115,0.004176257309770115,2.1244921393936598
2019-04-26,7791.1499,7826.8901,7742.6001,7826.6802,,0.0012486120012564772,0.0012486120012564772,2.1271448057754814
2019-04-29,7825.6401,7851.8501,7812.9702,7839.04,,0.0015791880700581906,0.0015791880700581906,2.130503967476048
2019-04-30,7769.2998,7792.3198,7726.0698,7781.46,,-0.007345287178021742,-0.007345287178021742,2.114854804001022
2019-05-01,7828.1401,7851.0298,7749.7402,7751.8501,,-0.0038051856592464794,-0.0038051856592464794,2.1068073888294485
2019-05-02,7751.6299,7791.5098,7672.54,7724.0601,,-0.0035849506429439515,-0.0035849506429439515,2.0992545883263056
2019-05-03,7784.29,7847.52,7772.4399,7845.73,,0.015752065419584182,0.015752065419584182,2.132322183933984
2019-05-06,7662.9199,7804.54,7662.9199,7794.0898,,-0.0065819496719871085,-0.0065819496719871085,2.1182873466348684
2019-05-07,7713.4902,7743.0601,7572.6099,7640.1499,,-0.019750850189075186,-0.019750850189075186,2.0764493705940694
2019-05-08,7623.3198,7678.8198,7593.75,7617.5498,,-0.002958070233674448,-0.002958070233674448,2.070307087519183
2019-05-09,7525.8101,7605.0298,7472.71,7582.75,,-0.004568371840509622,-0.004568371840509622,2.060849154919353
2019-05-10,7556.04,7623.0098,7426.75,7586.5298,,0.0004984735089512693,0.0004984735089512693,2.061876433629025
2019-05-13,7385.5498,7433.9199,7303.6401,7324.1299,,-0.03458760552156537,-0.03458760552156537,1.9905610649084522
2019-05-14,7366.6401,7449.02,7337.9399,7401.8799,,0.010615595444313453,0.010615595444313453,2.0116920558807223
2019-05-15,7354.8198,7524.2202,7353.8999,7503.25,,0.013695183030462355,0.013695183030462355,2.0392425467869355
2019-05-16,7509.8999,7627.0298,7502.7598,7580.1401,,0.010247572718488529,0.010247572718488529,2.0601398330757705
2019-05-17,7513.1499,7605.6699,7496.9199,7503.6802,,-0.010086871613362414,-0.010086871613362414,2.0393594670739614
2019-05-20,7391.73,7424.5898,7351.9199,7376.7002,,-0.01692236297597005,-0.01692236297597005,2.004848685933655
2019-05-21,7442.3101,7472.71,7417.0698,7451.02,,0.010074938385052024,0.010074938385052024,2.025047412915789
2019-05-22,7442.3101,7472.71,7410.71,7420.6602,,-0.004074583077216309,-0.004074583077216309,2.0167961889965618
2019-05-23,7331.6699,7337.4702,7261.46,7307.9302,,-0.01519137070849852,-0.01519137070849852,1.986158290446028
2019-05-24,7353.9702,7371.2998,7294.1001,7300.96,,-0.0009537857928637594,-0.0009537857928637594,1.984263920886222
2019-05-28,7321.27,7362.29,7274.7002,7278.3799,,-0.0030927576647454824,-0.0030927576647454824,1.9781270734360232
2019-05-29,7222.5498,7254.2002,7176.6699,7216.8599,,-0.008452430464642169,-0.008452430464642169,1.961407091897579
2019-05-30,7234.8301,7262.77,7204.4199,7245.3999,,0.003954628522025105,0.003954628522025105,1.9691637283264998
2019-05-31,7148.71,7183.23,7125.9702,7127.96,,-0.01620889138224102,-0.01620889138224102,1.9372457673402066
2019-06-03,7110.3398,7126.4302,6936.6802,6978.02,,-0.021035471579526233,-0.021035471579526233,1.8964948890587643
2019-06-04,7056.1802,7169.79,7023.0898,7166.75,,0.02704635412337586,0.02704635412337586,1.94778816142142
2019-06-05,7230.8101,7235.23,7146.4302,7220.8999,,0.007555712142882198,0.007555712142882198,1.962505088084434
2019-06-06,7229.8599,7293.2202,7201.5898,7275.9302,,0.007620975330235424,0.007620975330235424,1.977461290946187
2019-06-07,7315.3301,7445.9902,7309.0098,7417.29,,0.019428416176944685,0.019428416176944685,2.015880231880488
2019-06-10,7472.6001,7573.0,7468.1699,7501.9302,,0.011411202743859317,0.011411202743859317,2.0388838499138138
2019-06-11,7584.75,7595.5698,7489.9902,7513.8501,,0.00158891107784509,0.00158891107784509,2.0421234550493814
2019-06-12,7493.5498,7507.52,7459.2002,7472.29,,-0.0055311324350215685,-0.0055311324350215685,2.0308281997708395
2019-06-13,7500.8501,7530.9102,7487.0898,7510.6802,,0.005137675331123415,0.005137675331123415,2.0412619357145516
2019-06-14,7476.4702,7500.7402,7454.8701,7479.1099,,-0.00420338759730432,-0.00420338759730432,2.03268172061112
2019-06-17,7500.2798,7546.9902,7492.1699,7526.52,,0.006339002987507891,0.006339002987507891,2.0455668961107265
2019-06-18,7606.6099,7689.0801,7595.5898,7635.3999,,0.014466167631255855,0.014466167631255855,2.075158409730812
2019-06-19,7652.52,7681.5601,7606.2798,7667.7402,,0.004235573830258632,0.004235573830258632,2.083947896384709
2019-06-20,7770.1699,7770.6099,7681.4302,7738.0498,,0.009169533417420661,0.009169533417420661,2.103056726260772
2019-06-21,7719.4199,7772.5298,7708.25,7728.7798,,-0.0011979762652858383,-0.0011979762652858383,2.100537314218162
2019-06-24,7737.0,7746.6802,7720.7798,7723.02,,-0.0007452405358993053,-0.0007452405358993053,2.0989719086644376
2019-06-25,7720.9102,7723.04,7584.1699,7591.54,,-0.017024428267698455,-0.017024428267698455,2.063238111969466
2019-06-26,7642.9199,7688.6401,7616.9102,7627.0498,,0.004677548955811295,0.004677548955811295,2.0728890092456984
2019-06-27,7656.6802,7672.98,7636.7202,7657.0498,,0.003933368836794626,0.003933368836794626,2.0810424462767996
2019-06-28,7674.52,7682.2598,7639.4399,7671.0698,,0.001830992401277154,0.001830992401277154,2.0848528191826676
2019-07-01,7816.5601,7820.8101,7735.6699,7768.1401,,0.012654075967344136,0.012654075967344136,2.1112347051373366
2019-07-02,7763.0298,7800.4702,7746.0098,7799.8198,,0.004078157653207182,0.004078157653207182,2.119844653107809
2019-07-03,7819.0601,7857.6899,7811.29,7857.6899,,0.007419414997254181,0.007419414997254181,2.135572660318926
2019-07-05,7806.0698,7854.71,7774.5898,7841.2998,,-0.0020858675015923422,-0.0020858675015923422,2.1311181387094775
2019-07-08,7790.46,7792.2002,7756.1099,7785.79,,-0.007079157973273742,-0.007079157973273742,2.116031616745844
2019-07-09,7748.29,7833.9199,7748.23,7826.8599,,0.005274981729535444,0.005274981729535444,2.127193644863298
2019-07-10,7869.73,7923.9302,7858.6802,7903.3999,,0.00977914527382806,0.00977914527382806,2.1479957805419803
2019-07-11,7918.6499,7934.6001,7873.1602,7896.7798,,-0.0008376268547413135,-0.0008376268547413135,2.146196561592327
2019-07-12,7908.5801,7944.0801,7900.3901,7943.2402,,0.0058834615092091536,0.0058834615092091536,2.1588236264536524
2019-07-15,7961.0698,7969.79,7940.4502,7966.9302,,0.002982410125278445,0.002982410125278445,2.1652621238958782
2019-07-16,7958.4399,7965.7598,7904.9502,7927.0801,,-0.0050019391408751,-0.0050019391408751,2.1544316145281095
2019-07-17,7927.9102,7941.1001,7887.98,7888.7598,,-0.004834100263475416,-0.004834100263475416,2.1440168760926794
2019-07-18,7850.1201,7912.3301,7827.4902,7904.1299,,0.001948354416875464,0.001948354416875464,2.14819418084307
2019-07-19,7944.8599,7950.2202,7832.3901,7834.8999,,-0.008758712328348683,-0.008758712328348683,2.129378765987633
2019-07-22,7862.3799,7918.4702,7862.27,7905.1201,,0.008962488467785024,0.008962488467785024,2.1484632986213437
2019-07-23,7946.0498,7955.0898,7895.0498,7954.5601,,0.006254174430569304,0.006254174430569304,2.161900162848598
2019-07-24,7928.7798,8010.8301,7926.9902,8010.6001,,0.007045015600548377,0.007045015600548377,2.1771307832226943
2019-07-25,7979.1401,7983.96,7921.21,7929.8701,,-0.010077896660950492,-0.010077896660950492,2.155189884172002
2019-07-26,7992.1201,8027.1802,7986.7202,8016.9502,,0.010981276982078292,0.010981276982078292,2.1788566212390674
2019-07-29,8010.0498,8010.0498,7939.98,7989.0801,,-0.003476396797375658,-0.003476396797375658,2.1712820510590514
2019-07-30,7927.5601,7983.1099,7923.4502,7952.4702,,-0.004582492545042838,-0.004582492545042838,2.1613321672468877
2019-07-31,7972.7598,7979.2002,7774.9302,7848.7798,,-0.013038766243977817,-0.013038766243977817,2.1331510623425656
2019-08-01,7866.6001,8000.9399,7769.02,7801.1499,,-0.00606844646093907,-0.00606844646093907,2.1202061493276445
2019-08-02,7740.9102,7755.0898,7645.1802,7692.7998,,-0.013888990903764165,-0.013888990903764165,2.090758625405528
2019-08-05,7510.02,7528.8999,7356.27,7415.6899,,-0.03602198252968958,-0.03602198252968958,2.0154453547273725
2019-08-06,7492.02,7541.7402,7432.3101,7521.3198,,0.014244109641100344,0.014244109641100344,2.0441535793357555
2019-08-07,7436.1401,7569.8999,7386.3901,7551.8999,,0.004065789091962202,0.004065789091962202,2.0524646766609145
2019-08-08,7608.0298,7726.46,7576.8198,7724.8301,,0.02289889991788696,0.02289889991788696,2.0994638598767708
2019-08-09,7684.5601,7709.5,7591.1401,7646.27,,-0.010169815903135482,-0.010169815903135482,2.0781126989265375
2019-08-12,7597.1899,7623.4399,7528.9502,7561.6802,,-0.011062884255983674,-0.011062884255983674,2.0551227786674233
2019-08-13,7553.4302,7778.3398,7553.3301,7728.1499,,0.022014908802940436,0.022014908802940436,2.1003661192186325
2019-08-14,7594.6401,7621.7002,7480.5801,7490.1299,,-0.030799092031069453,-0.030799092031069453,2.0356767498138773
2019-08-15,7503.1401,7523.5,7429.3599,7484.8901,,-0.0006995606311180902,-0.0006995606311180902,2.034252670502025
2019-08-16,7548.8999,7622.73,7548.8999,7604.1099,,0.015928062858264314,0.015928062858264314,2.066654374907374
2019-08-19,7715.4102,7740.7402,7688.0898,7719.3198,,0.015151004064262619,0.015151004064262619,2.0979662637410215
2019-08-20,7708.3101,7731.3101,7664.21,7664.4702,,-0.007105496523152288,-0.007105496523152288,2.0830591717483187
2019-08-21,7731.75,7754.6602,7706.5698,7733.2202,,0.008969961159220219,0.008969961159220219,2.1017441316112584
2019-08-22,7750.98,7764.79,7649.2798,7707.4302,,-0.0033349625813060557,-0.0033349625813060557,2.0947348935768555
2019-08-23,7658.48,7722.4302,7442.9302,7464.9902,,-0.031455361087798006,-0.031455361087798006,2.028844251116185
2019-08-26,7540.6899,7577.77,7506.1699,7575.02,,0.014739443328405155,0.014739443328405155,2.0587482859776727
2019-08-27,7630.46,7640.6802,7531.96,7566.0298,,-0.0011868219489850063,-0.0011868219489850063,2.0563049183244395
2019-08-28,7536.7002,7598.1499,7500.2202,7587.8999,,0.002890564877235935,0.002890564877235935,2.0622488010982356
2019-08-29,7678.6899,7723.9399,7654.3101,7702.3101,,0.015077979613305148,0.015077979613305148,2.093343346478757
2019-08-30,7743.23,7747.0801,7642.8999,7691.0,,-0.0014684036156892288,-0.0014684036156892288,2.0902694735399088
2019-09-03,7634.0298,7670.1699,7584.8198,7609.5098,,-0.010595527239630753,-0.010595527239630753,2.0681219663948482
2019-09-04,7683.7798,7724.9102,7663.6401,7719.25,,0.014421454585681781,0.014421454585681781,2.0979472934108623
2019-09-05,7803.4502,7879.9702,7803.4502,7862.54,,0.018562684198594415,0.018562684198594415,2.136890826483744
2019-09-06,7868.8701,7874.9902,7835.8901,7852.54,,-0.001271853624910002,-0.001271853624910002,2.134173014140044
2019-09-09,7876.3999,7877.4102,7795.8599,7832.3999,,-0.0025647879539613117,-0.0025647879539613117,2.1286993129017078
2019-09-10,7793.27,7817.5801,7743.6099,7814.7402,,-0.0022546984609405074,-0.0022546984609405074,2.1238997378371036
2019-09-11,7820.71,7888.3398,7812.0698,7887.5801,,0.009320834491721053,0.009320834491721053,2.143696255770493
2019-09-12,7931.96,7975.3301,7907.3301,7917.3398,,0.0037729822864176477,0.0037729822864176477,2.1517843837709747
2019-09-13,7903.73,7923.4102,7879.5898,7892.9502,,-0.0030805296496178025,-0.0030805296496178025,2.1451557481771837
2019-09-16,7833.73,7868.7402,7831.7598,7852.4102,,-0.005136229036387441,-0.005136229036387441,2.1341377369358225
2019-09-17,7849.8799,7891.21,7840.9902,7888.79,,0.004632946964487461,0.004632946964487461,2.1440250838859574
2019-09-18,7877.5801,7891.1699,7791.5801,7888.5601,,-2.914261883002478e-05,-2.914261883002478e-05,2.1439626013801756
2019-09-19,7904.3999,7950.21,7888.3101,7901.79,,0.001677099474719057,0.001677099474719057,2.147558239932768
2019-09-20,7901.46,7920.5298,7794.27,7823.5498,,-0.009901579262420301,-0.009901579262420301,2.1262940217994095
2019-09-23,7815.23,7842.98,7790.29,7818.6099,,-0.0006314141439988097,-0.0006314141439988097,2.1249514496797453
2019-09-24,7855.9702,7873.25,7684.7998,7710.04,,-0.013886087346549947,-0.013886087346549947,2.0954441882423143
2019-09-25,7706.5,7822.4302,7647.6299,7803.54,,0.012127044736473414,0.012127044736473414,2.120855733655912
2019-09-26,7794.2798,7798.1201,7718.6899,7771.9902,,-0.0040430112487409575,-0.0040430112487409575,2.1122810900677846
2019-09-27,7786.0298,7790.7998,7626.8198,7681.5801,,-0.01163281188903198,-0.01163281188903198,2.0877093214902667
2019-09-30,7705.9702,7761.8398,7693.4902,7749.4502,,0.00883543478248705,0.00883543478248705,2.1061551410450843
2019-10-01,7782.8198,7821.7202,7675.4199,7684.1401,,-0.008427707555305086,-0.008427707555305086,2.088405081450254
2019-10-02,7627.5898,7631.3398,7513.6899,7550.79,,-0.017353939187027545,-0.017353939187027545,2.052163026668887
2019-10-03,7557.1899,7640.4199,7463.5698,7638.3901,,0.011601448325274433,0.011601448325274433,2.0759710899778248
2019-10-04,7677.3301,7759.3599,7670.9199,7754.1001,,0.01514848004424385,0.01514848004424385,2.1074188966067813
2019-10-07,7725.6802,7784.79,7712.6802,7725.1299,,-0.003736113749679304,-0.003736113749679304,2.0995453398908346
2019-10-08,7671.3799,7707.1699,7603.7598,7604.27,,-0.01564503141882434,-0.01564503141882434,2.0666978870829964
2019-10-09,7678.6602,7717.9399,7655.48,7690.5298,,0.0113436003718963,0.0113436003718963,2.0901416820035084
2019-10-10,7688.4199,7772.6802,7682.6099,7740.3599,,0.006479410560245258,0.006479410560245258,2.1036845680902903
2019-10-11,7835.9302,7904.0498,7831.1099,7843.8799,,0.013374055126299744,0.013374055126299744,2.131819361472276
2019-10-14,7834.7402,7865.6699,7827.1602,7842.3301,,-0.0001975807916181349,-0.0001975807916181349,2.1313981549152494
2019-10-15,7867.96,7960.1401,7863.6499,7942.8501,,0.012817619090020216,0.012817619090020216,2.1587176045941248
2019-10-16,7911.9902,7941.7598,7898.3101,7920.21,,-0.002850374829558966,-0.002850374829558966,2.152564450269864
2019-10-17,7976.6401,7981.1401,7914.9399,7942.1401,,0.0027688786029662626,0.0027688786029662626,2.158524639917722
2019-10-18,7938.2998,7946.8101,7829.75,7868.4902,,-0.009273306573879148,-0.009273306573879148,2.1385079791844928
2019-10-21,7911.5801,7941.48,7887.7402,7940.3301,,0.009130074280323752,0.009130074280323752,2.1580327158835124
2019-10-22,7968.25,7977.0098,7871.98,7874.6201,,-0.008275474592674636,-0.008275474592674636,2.1401739709730574
2019-10-23,7858.48,7890.21,7845.0898,7889.4702,,0.0018858179583798318,0.0018858179583798318,2.1442099494815756
2019-10-24,7956.23,7969.6602,7912.7202,7966.7202,,0.00979153200933558,0.00979153200933558,2.165205049836661
2019-10-25,7926.6001,8033.29,7926.6001,8029.2202,,0.007845135567833728,0.007845135567833728,2.182191376984788
2019-10-28,8071.3901,8119.73,8070.8999,8110.6699,,0.01014416069944124,0.01014416069944124,2.2043278769898564
2019-10-29,8101.5498,8108.6099,8045.6401,8047.5098,,-0.007787285240150155,-0.007787285240150155,2.1871621470489218
2019-10-30,8056.8999,8096.3301,8017.9199,8083.1099,,0.004423741118029012,0.004423741118029012,2.1968375861706186
2019-10-31,8100.6201,8110.4399,8041.6499,8083.8301,,8.909937003331869e-05,8.909937003331869e-05,2.197033323015612
2019-11-01,8121.9502,8161.98,8111.73,8161.1699,,0.009567222349217808,0.009567222349217808,2.218052829325543
2019-11-04,8218.9297,8228.3301,8197.3203,8210.6602,,0.006064118331858381,0.006064118331858381,2.231503364148886
2019-11-05,8225.3496,8229.0898,8191.0498,8210.1797,,-5.852148162210913e-05,-5.852148162210913e-05,2.2313727732657713
2019-11-06,8204.3398,8204.3398,8157.3599,8196.0303,,-0.0017233971139510862,-0.0017233971139510862,2.227527231868176
2019-11-07,8237.6797,8271.8203,8198.9102,8219.6504,,0.0028818951535598547,0.0028818951535598547,2.23394673180212
2019-11-11,8212.3701,8245.8896,8202.3604,8241.9102,,0.002708120043645623,0.002708120043645623,2.23999652772295
2019-11-12,8249.6201,8293.1797,8238.3301,8263.79,,0.0026547001203678366,0.0026547001203678366,2.2459430467747192
2019-11-13,8235.6797,8274.6104,8233.3799,8259.8096,,-0.00048166761256041024,-0.00048166761256041024,2.244861248749433
2019-11-14,8238.8496,8264.9404,8212.5898,8257.8301,,-0.00023965443464957215,-0.00023965443464957215,2.244323257795997
2019-11-15,8303.8398,8315.9004,8284.21,8315.5195,,0.006986024088822207,0.006986024088822207,2.2600021541380637
2019-11-18,8303.2197,8340.4102,8274.6797,8328.4805,,0.0015586518677515038,0.0015586518677515038,2.2635247107167333
2019-11-19,8357.4297,8357.7998,8308.2803,8338.7402,,0.0012318813737992595,0.0012318813737992595,2.2663131046469998
2019-11-20,8315.5498,8339.2598,8226.25,8283.75,,-0.006594545300739774,-0.006594545300739774,2.251367800212745
2019-11-21,8273.9502,8282.3301,8242.2197,8265.6201,,-0.0021886102308736888,-0.0021886102308736888,2.2464404336117396
2019-11-22,8287.25,8292.1104,8229.4902,8272.0498,,0.0007778847711619186,0.0007778847711619186,2.248187905414369
2019-11-25,8309.5498,8372.8203,8309.5498,8371.9297,,0.012074383304607306,0.012074383304607306,2.275333387925124
2019-11-26,8374.2598,8398.04,8364.1201,8385.75,,0.0016507902592635126,0.0016507902592635126,2.279089486118488
2019-11-27,8407.2402,8445.6104,8399.6299,8444.71,,0.007030975166204545,0.007030975166204545,2.295113707696945
2019-11-29,8422.0195,8435.96,8402.1299,8403.6797,,-0.004858698522506866,-0.004858698522506866,2.2839624421163727
2019-12-02,8409.8701,8409.8701,8274.6104,8309.2598,,-0.01123554244933933,-0.01123554244933933,2.2583008851452773
2019-12-03,8201.6299,8258.4004,8167.3501,8254.7402,,-0.0065613064595717585,-0.0065613064595717585,2.243483480959917
2019-12-04,8291.8604,8316.46,8285.8799,8296.5303,,0.005062557874322859,0.005062557874322859,2.254841245922364
2019-12-05,8321.1904,8321.1904,8272.8301,8308.4004,,0.0014307306272358655,0.0014307306272358655,2.25806731635246
2019-12-06,8370.2305,8405.8496,8365.25,8397.3701,,0.010708403027855917,0.010708403027855917,2.2822476112399914
2019-12-09,8388.75,8425.7695,8359.8701,8362.7402,,-0.00412389826667281,-0.00412389826667281,2.2728358542718805
2019-12-10,8364.5498,8392.8896,8339.3701,8354.29,,-0.0010104582706036425,-0.0010104582706036425,2.270539248485207
2019-12-11,8371.6504,8408.0801,8361.3701,8402.6104,,0.00578390264163664,0.00578390264163664,2.2836718264424603
2019-12-12,8391.9199,8493.1104,8380.0898,8466.8896,,0.007649908414175677,0.007649908414175677,2.301141706762779
2019-12-13,8461.4199,8517.5195,8441.8799,8487.71,,0.002459037614001458,0.002459037614001458,2.306800300774856
2019-12-16,8544.2598,8584.7803,8542.4199,8570.3301,,0.009734086108031503,0.009734086108031503,2.3292548935366315
2019-12-17,8586.3301,8592.4502,8564.1504,8575.7002,,0.0006265919675603193,0.0006265919675603193,2.330714385943322
2019-12-18,8587.2002,8608.0996,8578.5596,8580.6201,,0.0005737024249052869,0.0005737024249052869,2.3320515224382996
2019-12-19,8592.6797,8642.7402,8592.6797,8641.29,,0.007070572906496597,0.007070572906496597,2.348540462749406
2019-12-20,8666.5703,8687.6602,8656.4805,8678.4902,,0.004304935952849531,0.004304935952849531,2.358650779024218
2019-12-23,8703.0596,8710.9004,8690.1396,8696.0098,,0.002018738236289064,0.002018738236289064,2.3634122775378867
2019-12-24,8705.2998,8708.2197,8684.1201,8699.5098,,0.0004024834470632843,0.0004024834470632843,2.364363511858182
2019-12-26,8717.9502,8778.3301,8716.0303,8778.3096,,0.00905795864498038,0.00905795864498038,2.3857798187702937
2019-12-27,8805.8604,8811.0996,8749.8604,8770.9805,,-0.0008349101745056542,-0.0008349101745056542,2.3837879069254724
2019-12-30,8766.3896,8768.29,8671.9199,8709.7305,,-0.0069832557488869185,-0.0069832557488869185,2.367141306320308
2019-12-31,8681.3301,8735.4297,8674.3799,8733.0703,,0.0026797384832975,0.0026797384832975,2.3734846259742572
2020-01-02,8802.2197,8873.6299,8786.9004,8872.2197,,0.015933617298374392,0.015933617298374392,2.4113028216681065
2020-01-03,8755.1699,8843.6504,8755.1699,8793.9004,,-0.008827475270928975,-0.008827475270928975,2.39001710563911
2020-01-06,8713.8896,8849.9805,8713.8896,8848.5195,,0.0062110209935968275,0.0062110209935968275,2.40486155205729
2020-01-07,8857.1396,8872.4697,8821.6797,8846.4502,,-0.00023385833076383644,-0.00023385833076383644,2.404299155149008
2020-01-08,8845.4502,8953.5498,8834.9404,8912.3701,,0.007451565148696604,0.007451565148696604,2.4222149469405574
2020-01-09,8990.04,9004.5498,8938.5303,8989.6299,,0.008668827610738505,0.008668827610738505,2.4432127107517387
2020-01-10,9021.8799,9024.8701,8951.8301,8966.6396,,-0.00255742452756591,-0.00255742452756591,2.436964378639202
2020-01-13,9007.9404,9071.5303,8991.3496,9070.6504,,0.011599752486985304,0.011599752486985304,2.4652325622510163
2020-01-14,9068.0195,9080.1602,9020.9199,9033.4199,,-0.004104501701443608,-0.004104501701443608,2.455114011004803
2020-01-15,9039.3096,9078.8701,9008.9502,9035.6699,,0.00024907510388172405,0.00024907510388172405,2.455725518782135
2020-01-16,9088.0801,9126.0703,9066.3096,9125.0,,0.009886383742283344,0.009886383742283344,2.4800037636265335
2020-01-17,9159.4805,9176.4697,9118.9805,9173.7305,,0.005340328767123204,0.005340328767123204,2.493247799068002
2020-01-21,9145.6396,9187.4199,9141.7803,9166.6299,,-0.0007740144535529625,-0.0007740144535529625,2.4913179892352346
2020-01-22,9212.3496,9242.4805,9179.2695,9188.5801,,0.002394576877157384,0.002394576877157384,2.4972836416859034
2020-01-23,9186.1396,9221.1299,9145.2305,9216.9805,,0.0030908366353579186,0.0030908366353579186,2.505002337454506
2020-01-24,9266.3496,9272.3701,9101.4404,9141.4697,,-0.008192574563871569,-0.008192574563871569,2.4844799190222373
2020-01-27,8913.1602,9001.4404,8910.9697,8952.1797,,-0.020706736029546646,-0.020706736029546646,2.4330344491683347
2020-01-28,9013.2305,9111.3203,8994.29,9090.9297,,0.015499018635651396,0.015499018635651396,2.470744095437176
2020-01-29,9141.5195,9153.0801,9067.29,9101.6104,,0.001174874336559828,0.001174874336559828,2.4736469092671123
2020-01-30,9038.9199,9140.6904,9019.7197,9136.0898,,0.003788274655219359,0.003788274655219359,2.48301776315945
2020-01-31,9169.9102,9170.2197,8961.5898,8991.5098,,-0.015825150930543597,-0.015825150930543597,2.443723632294231
2020-02-03,9033.5195,9148.5,9031.0703,9126.2305,,0.014983101058289483,0.014983101058289483,2.480338190435426
2020-02-04,9256.9404,9352.96,9224.8604,9334.0596,,0.022772720895007037,0.022772720895007037,2.5368222397714386
2020-02-05,9441.3398,9442.75,9311.8799,9367.4805,,0.0035805320977380095,0.0035805320977380095,2.545905413227196
2020-02-06,9395.6904,9448.7197,9357.8604,9445.9199,,0.00837358561888668,0.00837358561888668,2.5672237701824407
2020-02-07,9397.7695,9453.2402,9376.9102,9401.0996,,-0.004744937547056849,-0.004744937547056849,2.555042453723605
2020-02-10,9373.2002,9517.7402,9373.2002,9516.8398,,0.012311347068379108,0.012311347068379108,2.5864984681458396
2020-02-11,9567.8096,9600.0498,9493.6299,9517.8604,,0.00010724148156815438,0.00010724148156815438,2.5867758480736374
2020-02-12,9569.8203,9615.9004,9552.0303,9613.2002,,0.010016936159307432,0.010016936159307432,2.6126874166022294
2020-02-13,9540.6699,9636.4102,9532.7402,9595.7002,,-0.0018204135600962124,-0.0018204135600962124,2.6079312450007537
2020-02-14,9613.8799,9634.75,9583.0801,9623.5801,,0.002905457592349503,0.002905457592349503,2.6155084786368668
2020-02-18,9567.2803,9647.7197,9567.2803,9629.7998,,0.0006462979406178793,0.0006462979406178793,2.6171988763802787
2020-02-19,9683.9404,9736.5703,9676.0703,9718.7305,,0.009234947958107975,0.009234947958107975,2.6413685717996693
2020-02-20,9696.6602,9714.2305,9513.2305,9627.8301,,-0.009353114586313604,-0.009353114586313604,2.6166635488829395
2020-02-21,9582.54,9594.0,9406.3799,9446.6904,,-0.018814177038707802,-0.018814177038707802,2.5674331776235224
2020-02-24,9055.2998,9194.9102,9028.8701,9079.6299,,-0.038855989183259276,-0.038855989183259276,2.467673021845042
2020-02-25,9167.3301,9183.7803,8807.1104,8834.8701,,-0.026957023876050257,-0.026957023876050257,2.40115190127688
2020-02-26,8883.0098,9032.8799,8813.9199,8873.7598,,0.004401841742981638,0.004401841742981638,2.41172139194716
2020-02-27,8632.54,8786.6797,8430.5303,8436.6699,,-0.049256449335038255,-0.049256449335038255,2.2929285593944866
2020-02-28,8133.8501,8490.4697,8133.8501,8461.8301,,0.002982243029325815,0.002982243029325815,2.299766629607483
2020-03-02,8569.9102,8879.3896,8446.5,8877.9805,,0.04917971586312042,0.04917971586312042,2.4128684990030655
2020-03-03,8892.6797,9000.46,8516.5801,8594.4902,,-0.03193184531099158,-0.03193184531099158,2.3358211553371353
2020-03-04,8745.6396,8952.1104,8669.7598,8949.2803,,0.041281110542193744,0.041281110542193744,2.432246446657402
2020-03-05,8713.1904,8864.1904,8613.9102,8671.6602,,-0.031021500131133473,-0.031021500131133473,2.3567945131934707
2020-03-06,8395.9502,8571.8799,8319.9004,8530.3398,,-0.016296810154069474,-0.016296810154069474,2.3183862804398037
2020-03-09,7912.1401,8241.7695,7912.1401,7948.0298,,-0.0682634002457908,-0.0682634002457908,2.160125349853791
2020-03-10,8213.9697,8376.4404,7942.1299,8372.2695,,0.05337671230170771,0.05337671230170771,2.275425739188563
2020-03-11,8166.2598,8224.7305,7900.9902,8006.1201,,-0.04373358979903841,-0.04373358979903841,2.1759132032927164
2020-03-12,7452.7598,7808.3101,7255.6099,7263.6499,,-0.09273782940128517,-0.09273782940128517,1.974123735853753
2020-03-13,7683.04,7998.5098,7301.8799,7995.2598,,0.10072207637650599,0.10072207637650599,2.1729615775530875
2020-03-16,7502.2598,7563.4502,6993.6099,7020.3799,,-0.12193223539777909,-0.12193223539777909,1.9080075149685551
2020-03-17,7198.5298,7550.1299,6959.1499,7473.9502,,0.06460765748588626,0.06460765748588626,2.0312794109761407
2020-03-18,7023.8599,7336.8799,6837.5298,7175.1802,,-0.03997484489527381,-0.03997484489527381,1.9500793315834064
2020-03-19,7190.21,7514.1299,7037.4702,7288.52,,0.015796091086325736,0.015796091086325736,1.980882962330659
2020-03-20,7391.2202,7487.8301,6969.77,6994.29,,-0.040368963795119006,-0.040368963795119006,1.9009167697419647
2020-03-23,6952.71,7145.29,6771.9102,7006.9199,,0.0018057444000749712,0.0018057444000749712,1.9043493395539346
2020-03-24,7348.9902,7555.9102,7304.3901,7553.8198,,0.07805139887498935,0.07805139887498935,2.0529864694527813
2020-03-25,7543.96,7777.6099,7390.4102,7469.6201,,-0.011146638684708887,-0.011146638684708887,2.030102571053195
2020-03-26,7549.8301,7913.1099,7549.8301,7897.1299,,0.05723313826897303,0.05723313826897303,2.14629171220248
2020-03-27,7657.4399,7817.7402,7580.2202,7588.3701,,-0.039097723338703094,-0.039097723338703094,2.062376592634636
2020-03-30,7678.8301,7902.0898,7651.4302,7889.0098,,0.039618481444388065,0.039618481444388065,2.1440848214012718
2020-03-31,7855.7402,8011.6001,7765.4502,7813.5,,-0.009571518088366426,-0.009571518088366426,2.1235626747502376
2020-04-01,7582.7798,7701.6802,7423.9702,7486.29,,-0.04187751967748132,-0.04187751967748132,2.03463313705202
2020-04-02,7445.8799,7641.8599,7432.2798,7635.6602,,0.0199524998363676,0.0199524998363676,2.0752291543861183
2020-04-03,7631.5698,7673.4902,7439.7798,7528.1099,,-0.014085265344835562,-0.014085265344835562,2.045999001095251
2020-04-06,7819.0601,8110.6602,7763.0898,8081.6602,,0.07353111303542481,0.07353111303542481,2.1964435849151522
2020-04-07,8287.4805,8305.5898,8043.0698,8049.3101,,-0.004002902769903671,-0.004002902769903671,2.1876514348051583
2020-04-08,8134.2998,8254.4102,8058.4102,8229.54,,0.02239072638038886,0.02239072638038886,2.2366345394975458
2020-04-09,8284.3096,8334.2305,8167.9302,8238.5303,,0.0010924425909588642,0.0010924425909588642,2.2390779343289027
2020-04-13,8209.6797,8338.1504,8158.5801,8332.7402,,0.011435279906659934,0.011435279906659934,2.26468241724078
2020-04-14,8489.2695,8708.5498,8470.7402,8692.1602,,0.04313347006786561,0.04313347006786561,2.362366028498056
2020-04-15,8548.4697,8666.2402,8500.5596,8591.96,,-0.011527652240003738,-0.011527652240003738,2.335133494457932
2020-04-16,8689.0898,8793.3496,8605.5098,8757.8301,,0.019305269112053658,0.019305269112053658,2.3802138749810124
2020-04-17,8876.6602,8879.2402,8704.3799,8832.4102,,0.008515819460804597,0.008515819460804597,2.400483346618453
2020-04-20,8742.54,8855.1797,8725.3203,8726.5098,,-0.011989977548823583,-0.011989977548823583,2.371701605186173
2020-04-21,8639.7402,8663.0898,8359.8398,8403.0,,-0.037072072044198046,-0.037072072044198046,2.283777712411371
2020-04-22,8575.5703,8706.4404,8550.6104,8664.6299,,0.031135296917767397,0.031135296917767397,2.354883809581479
2020-04-23,8693.7305,8796.4902,8624.6299,8641.5,,-0.002669461969748932,-0.002669461969748932,2.3485975368086236
2020-04-24,8666.5703,8791.3604,8599.9902,8786.5996,,0.016791020077532748,0.016791020077532748,2.3880328852032213
2020-04-27,8865.5801,8887.6201,8803.8799,8837.6602,,0.005811190030782898,0.005811190030782898,2.4019101980988955
2020-04-28,8913.2803,8918.3799,8668.6699,8677.5996,,-0.018111196445412148,-0.018111196445412148,2.3584087306568877
2020-04-29,8871.04,9025.8203,8832.0,8982.7598,,0.03516643012659859,0.03516643012659859,2.4413455464934932
2020-04-30,9005.2402,9023.0303,8920.4199,9000.5098,,0.001976007418121206,0.001976007418121206,2.4461696634035612
2020-05-01,8791.8799,8887.5801,8688.5801,8718.1797,,-0.031368234274907314,-0.031368234274907314,2.369437640325747
2020-05-04,8683.9404,8840.3301,8665.4004,8834.1104,,0.01329758091588773,0.01329758091588773,2.4009454290731287
2020-05-05,8922.3896,9031.0,8900.5703,8930.6201,,0.010924665374342668,0.010924665374342668,2.4271749544678105
2020-05-06,8997.0195,9065.5801,8950.8896,8984.8604,,0.006073520023542223,0.006073520023542223,2.441916450154411
2020-05-07,9104.6699,9136.1797,9045.2305,9101.8799,,0.013024075477010122,0.013024075477010122,2.473720154309775
2020-05-08,9165.7002,9224.4902,9126.9697,9220.3496,,0.013015959483271056,0.013015959483271056,2.505917995611222
2020-05-11,9155.21,9346.2695,9155.21,9298.9199,,0.008521401401092366,0.008521401401092366,2.527271928730046
2020-05-12,9326.0596,9354.4502,9109.0898,9112.4502,,-0.020052834308208367,-0.020052834308208367,2.476592963491436
2020-05-13,9123.6904,9209.4902,8890.1602,9000.0801,,-0.012331491260166194,-0.012331491260166194,2.4460528790071523
2020-05-14,8946.4502,9097.75,8860.7695,9094.4297,,0.010483195588448346,0.010483195588448346,2.4716953297574715
2020-05-15,8976.29,9157.46,8958.0801,9152.6396,,0.006400610254868377,0.006400610254868377,2.4875156882320275
2020-05-18,9281.3604,9367.54,9248.7803,9331.9297,,0.01958889542640785,0.01958889542640785,2.536243372920354
2020-05-19,9326.2803,9422.9004,9296.25,9298.54,,-0.0035780059509020745,-0.0035780059509020745,2.527168679039109
2020-05-20,9415.25,9498.2803,9412.8301,9485.0195,,0.02005470751322247,0.02005470751322247,2.577850307733815
2020-05-21,9487.6299,9515.0498,9361.8301,9377.9902,,-0.011284035841992779,-0.011284035841992779,2.5487617524660546
2020-05-22,9363.6797,9421.9297,9325.0703,9413.9902,,0.003838775604606548,0.003838775604606548,2.5585458769033758
2020-05-26,9570.5303,9570.5303,9379.9004,9389.9805,,-0.00255042755408863,-0.00255042755408863,2.5520204910005213
2020-05-27,9366.6299,9445.0596,9182.4502,9442.0498,,0.005545197884063935,0.005545197884063935,2.566171949627305
2020-05-28,9404.8301,9568.8896,9391.8398,9416.71,,-0.0026837181053632753,-0.0026837181053632753,2.559285067504615
2020-05-29,9440.6396,9573.5498,9379.9297,9555.5195,,0.014740764024802955,0.014740764024802955,2.597010884756902
2020-06-01,9526.4297,9609.3799,9515.3398,9598.8896,,0.004538748521208058,0.004538748521208058,2.6087980640696538
2020-06-02,9603.1797,9660.0801,9511.8799,9657.3096,,0.0060861206279525515,0.0060861206279525515,2.6246755237815513
2020-06-03,9689.7197,9729.6904,9648.9297,9704.6904,,0.004906211146010975,0.004906211146010975,2.6375527360909903
2020-06-04,9672.1699,9741.9697,9577.71,9629.6602,,-0.007731333706431198,-0.007731333706431198,2.6171609357199603
2020-06-05,9673.0898,9846.6299,9659.4502,9824.3896,,0.020221835034220703,0.020221835034220703,2.670084732420096
2020-06-08,9805.6904,9904.5195,9753.8701,9901.5195,,0.007850859253383025,0.007850859253383025,2.691047191848933
2020-06-09,9861.1797,10006.9004,9859.0,9967.1699,,0.0066303358792556555,0.0066303358792556555,2.7088897385978195
2020-06-10,10038.0,10155.2002,10022.4004,10094.2998,,0.012754864347200412,0.012754864347200412,2.743441259745158
2020-06-11,9907.5596,9978.1904,9586.25,9588.4805,,-0.0501093993661651,-0.0501093993661651,2.6059690660229724
2020-06-12,9785.5801,9849.0098,9499.0898,9663.7695,,0.007852026189133943,0.007852026189133943,2.626431203377458
2020-06-15,9517.1396,9809.4102,9489.5801,9776.8896,,0.011705587555663532,0.011705587555663532,2.6571751237875194
2020-06-16,9983.6504,10010.9004,9801.4502,9949.3701,,0.017641653640028787,0.017641653640028787,2.7040520869822795
2020-06-17,9998.8604,10058.5996,9952.5,9982.4805,,0.003327889069077772,0.003327889069077772,2.713050872364765
2020-06-18,9972.3496,10018.5996,9942.1104,10012.0996,,0.002967108225255144,0.002967108225255144,2.721100787923694
2020-06-19,10104.5996,10121.7002,9937.8096,10008.5996,,-0.00034957702578186645,-0.00034957702578186645,2.7201495536033993
2020-06-22,10009.0,10134.5996,9989.4902,10130.2998,,0.012159563261977313,0.012159563261977313,2.753225384182479
2020-06-23,10192.4004,10306.9004,10172.0996,10209.7998,,0.007847744051957761,0.007847744051957761,2.7748319923148963
2020-06-24,10183.7998,10232.4004,9943.2402,10002.7002,,-0.020284393823275737,-0.020284393823275737,2.7185462073893563
2020-06-25,10003.5,10110.2998,9901.21,10101.7998,,0.00990728483494907,0.00990728483494907,2.7454796190029334
2020-06-26,10087.0996,10094.0,9837.7402,9849.3604,,-0.024989546912224547,-0.024989546912224547,2.676871327267303
2020-06-29,9850.54,9965.0801,9742.8896,9961.1602,,0.01135097056657619,0.01135097056657619,2.707256414913626
2020-06-30,9970.21,10185.4004,9956.8301,10156.9004,,0.01965034153350942,0.01965034153350942,2.7604549280854624
2020-07-01,10160.4004,10321.7998,10142.7998,10279.2002,,0.012041055359762964,0.012041055359762964,2.79369371869267
2020-07-02,10386.4004,10432.5,10328.7998,10341.9004,,0.006099715812520223,0.006099715812520223,2.8107344564439183
2020-07-06,10487.7002,10625.0996,10485.7998,10604.0996,,0.025353096612688253,0.025353096612688253,2.8819952786707526
2020-07-07,10595.9004,10704.9004,10516.5996,10524.0,,-0.007553644630044709,-0.007553644630044709,2.860225710510207
2020-07-08,10594.4004,10669.0996,10528.7998,10666.7002,,0.013559502090459752,0.013559502090459752,2.899008947011057
2020-07-09,10745.9004,10786.0,10575.0,10754.5996,,0.008240542843793497,0.008240542843793497,2.922898354443442
2020-07-10,10751.7998,10842.7998,10639.5,10836.2998,,0.007596768177217994,0.007596768177217994,2.945102935647721
2020-07-13,10951.5,11069.2998,10574.5996,10602.2002,,-0.021603278270318937,-0.021603278270318937,2.88147905739419
2020-07-14,10502.7998,10701.9004,10370.7998,10689.5,,0.008234121064795596,0.008234121064795596,2.905205504798447
2020-07-15,10752.0996,10780.4004,10571.0,10701.7002,,0.001141325599887777,0.001141325599887777,2.9085212902140083
2020-07-16,10589.9004,10658.9004,10495.0996,10626.5,,-0.007026939513779307,-0.007026939513779307,2.888083287033135
2020-07-17,10651.5996,10680.7002,10558.7998,10645.2002,,0.001759770385357351,0.001759770385357351,2.8931656504721013
2020-07-20,10673.0,10971.5,10621.9004,10952.0996,,0.028829838258936702,0.028829838258936702,2.9765751482315235
2020-07-21,11015.5,11017.4004,10800.9004,10833.0996,,-0.010865496511737294,-0.010865496511737294,2.9442331813414895
2020-07-22,10850.9004,10910.2002,10776.2002,10870.7998,,0.003480093545895402,0.003480093545895402,2.954479388233487
2020-07-23,10853.2002,10885.4004,10531.2002,10580.5996,,-0.026695386295312096,-0.026695386295312096,2.875608419663057
2020-07-24,10389.5,10543.4004,10313.9004,10483.0996,,-0.009214978704987553,-0.009214978704987553,2.849109749311979
2020-07-27,10547.0996,10689.5996,10527.5996,10674.4004,,0.018248495893333105,0.018248495893333105,2.9011017168719535
2020-07-28,10644.2998,10662.2002,10527.4004,10532.5,,-0.013293524196450468,-0.013293524196450468,2.8625358510023524
2020-07-29,10602.4004,10694.9004,10587.2002,10663.0,,0.012390220745312153,0.012390220745312153,2.8980033020876412
2020-07-30,10578.5996,10737.0,10531.7998,10715.5,,0.0049235674763199455,0.0049235674763199455,2.912271816892068
2020-07-31,10886.4004,10908.2998,10707.4004,10905.9004,,0.017768690215109073,0.017768690215109073,2.9640190726286155
2020-08-03,11018.0,11085.5,10997.7002,11055.0996,,0.01368059440557512,0.01368059440557512,3.0045686153716367
2020-08-04,11048.5,11097.9004,11002.5,11096.5,,0.0037449142475387553,0.0037449142475387553,3.0158204671870497
2020-08-05,11107.2002,11141.7002,11077.7002,11125.4004,,0.002604460866038938,0.002604460866038938,3.0236750535728376
2020-08-06,11116.5,11282.2002,11090.5,11267.0996,,0.012736548340318565,0.012736548340318565,3.062186237058083
2020-08-07,11235.2002,11276.2998,11044.5996,11139.4004,,-0.011333813007209037,-0.011333813007209037,3.027479990854018
2020-08-10,11153.5,11159.4004,10941.9004,11085.2002,,-0.004865629931033011,-0.004865629931033011,3.0127493935949152
2020-08-11,11039.7002,11090.9004,10855.0996,10876.0996,,-0.018863042275050645,-0.018863042275050645,2.9559197744194012
2020-08-12,10972.0996,11190.2998,10970.9004,11157.7002,,0.02589169006874492,0.02589169006874492,3.032453533086742
2020-08-13,11174.5996,11271.2002,11139.5996,11178.4004,,0.0018552389496897526,0.0018552389496897526,3.0380794589944493
2020-08-14,11187.7998,11213.2998,11106.9004,11164.4004,,-0.0012524153276886052,-0.0012524153276886052,3.034274521713269
2020-08-17,11232.0,11306.5,11228.0996,11288.5996,,0.011124574141930577,0.011124574141930577,3.0680295335970387
2020-08-18,11339.7998,11421.0996,11279.0996,11399.0,,0.009779813609475552,0.009779813609475552,3.098034290583984
2020-08-19,11397.2002,11440.2002,11303.4004,11318.5996,,-0.007053285375910212,-0.007053285375910212,3.07618297062814
2020-08-20,11277.0,11497.2002,11268.5,11477.0,,0.013994699485614825,0.013994699485614825,3.1192332268648464
2020-08-21,11476.9004,11574.7998,11461.5,11555.2002,,0.006813644680665698,0.006813644680665698,3.14048657374883
2020-08-24,11703.2998,11728.0996,11535.5,11626.2002,,0.0061444197219533425,0.0061444197219533425,3.159783041389102
2020-08-25,11610.5996,11723.9004,11580.9004,11721.7998,,0.008222772561580438,0.008222772561580438,3.1857652186823833
2020-08-26,11779.2998,11979.5996,11768.0,11971.9004,,0.021336365086187525,0.021336365086187525,3.253737868467069
2020-08-27,11997.9004,12048.0,11842.7998,11926.2002,,-0.0038172886904406234,-0.0038172886904406234,3.2413174117001113
2020-08-28,11992.7002,12018.0996,11928.7002,11995.9004,,0.005844292300241749,0.005844292300241749,3.26026061809195
2020-08-31,12017.5,12167.5,12000.0996,12110.7002,,0.009569919403465521,0.009569919403465521,3.291461049441382
2020-09-01,12203.4004,12300.4004,12132.7998,12292.9004,,0.015044563649589948,0.015044563649589948,3.340979644699849
2020-09-02,12417.5,12439.5,12176.2002,12420.5,,0.010379942556111521,0.010379942556111521,3.375658821492971
2020-09-03,12195.7998,12235.0,11662.0996,11771.4004,,-0.05226034378648203,-0.05226034378648203,3.1992457309758775
2020-09-04,11686.2002,11846.2002,11146.0,11622.0996,,-0.012683350742193844,-0.012683350742193844,3.158668575259444
2020-09-08,11143.9004,11400.5,11055.2002,11068.2998,,-0.047650581139400905,-0.047650581139400905,3.008156182021568
2020-09-09,11308.2002,11480.4004,11197.0996,11395.7998,,0.02958900697648259,0.02958900697648259,3.0971645362777536
2020-09-10,11501.4004,11566.2998,11095.9004,11154.0996,,-0.02120958636005532,-0.02120958636005532,3.03147495757427
2020-09-11,11251.2002,11280.4004,10945.2002,11087.4004,,-0.005979792398482675,-0.005979792398482675,3.0133473666667765
2020-09-14,11250.7998,11363.2002,11192.7998,11277.7998,,0.017172591692458328,0.017172591692458328,3.06509435062209
2020-09-15,11432.9004,11495.4004,11367.2002,11438.9004,,0.014284754372036357,0.014284754372036357,3.1088784705478423
2020-09-16,11467.9004,11486.0996,11243.0,11247.5996,,-0.016723705365945918,-0.016723705365945918,3.056886502987868
2020-09-17,10965.7002,11160.0,10936.7998,11081.0,,-0.01481201375625063,-0.01481201375625063,3.0116078580543144
2020-09-18,11147.7998,11154.0,10769.4004,10937.0,,-0.012995217038173412,-0.012995217038173412,2.97247136030503
2020-09-21,10768.0,10984.7998,10677.7998,10980.2002,,0.003949913138886263,0.003949913138886263,2.9842123639860616
2020-09-22,11082.0996,11207.0996,10943.2998,11186.4004,,0.01877927508097721,0.01877927508097721,3.0402537088694093
2020-09-23,11167.2002,11179.5996,10806.0996,10833.2998,,-0.031565167290096285,-0.031565167290096285,2.9442875919446108
2020-09-24,10746.4004,11026.4004,10728.4004,10896.5,,0.005833882673495161,0.005833882673495161,2.9614642203130437
2020-09-25,10910.5,11177.7002,10851.7002,11151.0996,,0.023365264075620562,0.023365264075620562,3.0306596138711597
2020-09-28,11332.2998,11369.4004,11243.2002,11364.5,,0.01913716204274607,0.01913716204274607,3.088657837998218
2020-09-29,11354.7002,11396.2002,11305.7998,11323.0,,-0.0036517224690924,-0.0036517224690924,3.077378916771862
2020-09-30,11328.5,11535.0,11328.5,11418.0996,,0.00839879890488393,0.00839879890488393,3.1032252034479577
2020-10-01,11555.0,11606.7002,11488.5996,11583.2002,,0.014459551570210394,0.014459551570210394,3.1480964483111906
2020-10-02,11328.9004,11479.0996,11225.2002,11255.7002,,-0.02827370625951886,-0.02827370625951886,3.0590880940550056
2020-10-05,11345.2002,11512.0996,11336.0996,11509.0996,,0.022512984132253333,0.022512984132253333,3.1279572957756305
2020-10-06,11476.7002,11536.4004,11256.2998,11291.2998,,-0.01892413894828049,-0.01892413894828049,3.068763397286085
2020-10-07,11412.7002,11519.5996,11382.5,11503.2002,,0.01876669681554266,0.01876669681554266,3.126353949561588
2020-10-08,11576.4004,11582.7998,11510.2002,11550.9004,,0.004146689544706206,0.004146689544706206,3.1393179687972856
2020-10-09,11615.5996,11727.5996,11600.9004,11725.9004,,0.015150334081315497,0.015150334081315497,3.186879684812041
2020-10-12,11900.0996,12204.7998,11880.2002,12088.0996,,0.03088881771501306,0.03088881771501306,3.285318630475879
2020-10-13,12131.0996,12187.7998,12032.7002,12083.2002,,-0.0004053077127194049,-0.0004053077127194049,3.283987065496206
2020-10-14,12105.0996,12159.2002,11913.5996,11985.4004,,-0.008093865729378424,-0.008093865729378424,3.2574069151310643
2020-10-15,11767.2998,11928.5996,11765.5,11898.5996,,-0.007242211115450203,-0.007242211115450203,3.233816086562758
2020-10-16,11952.0996,12034.0996,11824.0996,11852.2002,,-0.0038995681474987,-0.0038995681474987,3.221205600356729
2020-10-19,11913.0,11962.5,11606.5,11634.2998,,-0.018384805886083377,-0.018384805886083377,3.1619843606750058
2020-10-20,11679.0996,11801.4004,11613.7998,11677.7998,,0.0037389443926827415,0.0037389443926827415,3.173806844370102
2020-10-21,11686.2002,11789.5,11646.5,11665.4004,,-0.0010617924790935485,-0.0010617924790935485,3.170436920132654
2020-10-22,11712.5996,11739.2002,11529.7002,11662.9004,,-0.00021430897476948374,-0.00021430897476948374,3.169757467046729
2020-10-23,11680.7002,11693.0,11569.0996,11692.5996,,0.0025464677722875084,0.0025464677722875084,3.1778291522825315
2020-10-26,11584.2002,11708.0996,11360.7002,11504.5,,-0.01608706416321648,-0.01608706416321648,3.1267072108100225
2020-10-27,11560.9004,11633.5,11503.0996,11598.9004,,0.008205519579295162,0.008205519579295162,3.152363468047047
2020-10-28,11400.5,11426.0996,11136.0996,11142.7998,,-0.03932274476639175,-0.03932274476639175,3.0284038839821354
2020-10-29,11214.2998,11467.4004,11187.0996,11350.7002,,0.01865782422116191,0.01865782422116191,3.0849073113201584
2020-10-30,11265.7002,11293.7998,10960.0,11052.9004,,-0.02623624928442736,-0.02623624928442736,3.0039709140810102
2020-11-02,11152.5,11222.5,10957.0996,11084.7998,,0.002886065995853837,0.002886065995853837,3.0126405723886736
2020-11-03,11155.7998,11356.0996,11115.5996,11279.9004,,0.0176007328522072,0.0176007328522072,3.065665254283007
2020-11-04,11627.7998,11846.5,11564.9004,11777.0,,0.044069502599508814,0.044069502599508814,3.200767597175856
2020-11-05,12021.7998,12117.0,11977.0996,12078.0996,,0.02556674874755882,0.02556674874755882,3.2826008181321784
2020-11-06,12044.2998,12116.9004,11895.5,12091.2998,,0.0010929037213769366,0.0010929037213769366,3.28618838478211
2020-11-09,12194.7002,12268.7002,11818.2002,11830.4004,,-0.02157744860482247,-0.02157744860482247,3.2152808238037096
2020-11-10,11704.5,11761.9004,11512.5,11624.2998,,-0.017421270035796854,-0.017421270035796854,3.1592665483313054
2020-11-11,11734.7998,11904.0996,11714.2998,11892.9004,,0.023106819732918504,0.023106819732918504,3.232267150951836
2020-11-12,11924.0996,11976.9004,11786.0996,11827.0996,,-0.00553277987596712,-0.00553277987596712,3.2143837283053007
2020-11-13,11910.5996,11957.0996,11808.9004,11937.7998,,0.009359877209455636,0.009359877209455636,3.24446996530631
2020-11-16,11925.4004,12035.5,11891.7998,12013.4004,,0.006332875510276059,0.006332875510276059,3.265016789693425
2020-11-17,12030.2998,12047.0996,11964.2002,11977.5,,-0.002988362895155028,-0.002988362895155028,3.2552597346670473
2020-11-18,11963.4004,12027.0996,11892.5,11894.7002,,-0.006912945105406076,-0.006912945105406076,3.2327563028174553
2020-11-19,11863.0996,12000.2998,11842.7002,11985.4004,,0.007625261542951733,0.007625261542951733,3.2574069151310643
2020-11-20,11976.0,12017.4004,11903.5996,11906.4004,,-0.006591352592609234,-0.006591352592609234,3.235936197615832
2020-11-23,11959.9004,12001.7998,11817.5,11905.9004,,-4.1994220184249365e-05,-4.1994220184249365e-05,3.2358003069986467
2020-11-24,11952.7002,12094.2002,11878.2998,12079.7998,,0.014606152761029279,0.014606152761029279,3.2830629005868546
2020-11-25,12112.0996,12175.0,12081.5,12152.2002,,0.005993509925553475,0.005993509925553475,3.302739970667738
2020-11-27,12220.4004,12306.7002,12214.4004,12258.2002,,0.008722700272828066,0.008722700272828066,3.3315487815109615
2020-11-30,12278.7998,12299.5996,12090.9004,12268.2998,,0.0008239056170742387,0.0008239056170742387,3.3342936632656053
2020-12-01,12387.6191,12510.0244,12338.3604,12455.3262,,0.015244687776540866,0.015244687776540866,3.3851239291173885
2020-12-02,12390.5781,12472.2471,12318.2705,12456.4072,,8.679017977075709e-05,8.679017977075709e-05,3.3854177246317425
2020-12-03,12469.1562,12538.918,12445.3623,12467.1289,,0.0008607377575131636,0.0008607377575131636,3.3883316814922875
2020-12-04,12479.9141,12531.2139,12450.5059,12528.4824,,0.0049212212765363805,0.0049212212765363805,3.4050064114552097
2020-12-07,12523.5674,12609.9961,12523.1152,12596.4688,,0.005426547113160263,0.005426547113160263,3.4234838391675844
2020-12-08,12574.8428,12651.3525,12504.9658,12635.7217,,0.003116182846417903,0.003116182846417903,3.4341520407821875
2020-12-09,12626.9697,12643.2393,12311.3008,12364.6377,,-0.021453780514966603,-0.021453780514966603,3.3604764966442215
2020-12-10,12268.4727,12447.8477,12226.1309,12401.7432,,0.003000937099839396,0.003000937099839396,3.3705610752361395
2020-12-11,12327.0693,12378.6064,12236.8027,12375.4102,,-0.002123330533081891,-0.002123330533081891,3.3634042599914733
2020-12-14,12427.8643,12544.3096,12426.251,12462.21,,0.007013892759692109,0.007013892759692109,3.386994816778545
2020-12-15,12565.2832,12596.8398,12467.5693,12595.9219,,0.010729389089094266,0.010729389089094266,3.423335202010507
2020-12-16,12607.8701,12698.1113,12568.707,12668.1631,,0.005735284846439148,0.005735284846439148,3.442969004518879
2020-12-17,12741.6396,12760.9697,12685.9766,12752.0596,,0.006622625501245816,0.006622625501245816,3.465770498848205
2020-12-18,12786.9229,12793.4697,12611.2197,12738.1816,,-0.0010882947880826999,-0.0010882947880826999,3.4619987188776173
2020-12-21,12575.5977,12706.4395,12474.0283,12690.2568,,-0.0037622952400051535,-0.0037622952400051535,3.4489736575766803
2020-12-22,12715.4814,12761.2344,12606.417,12717.5625,,0.0021517058661886246,0.0021517058661886246,3.456394834428018
2020-12-23,12733.749,12737.5908,12649.6045,12653.1377,,-0.0050658135157582995,-0.0050658135157582995,3.4388853827599757
2020-12-24,12668.1943,12732.5488,12665.8037,12711.0088,,0.004573656066352738,0.004573656066352738,3.4546136617523273
2020-12-28,12813.9688,12861.9062,12747.0498,12838.8613,,0.010058407008576742,0.010058407008576742,3.489361572019622
2020-12-29,12909.8594,12925.5342,12816.5879,12843.4912,,0.0003606160929552349,0.0003606160929552349,3.490619891956632
2020-12-30,12900.0303,12917.4551,12828.7871,12845.3574,,0.00014530317115024616,0.00014530317115024616,3.4911270900962132
2020-12-31,12852.9629,12904.0898,12804.752,12888.2832,,0.0033417365249797104,0.0033417365249797104,3.502793517006534
2021-01-04,12950.2178,12950.2178,12537.4219,12694.665,,-0.015022807692493867,-0.015022807692493867,3.4501717236140306
2021-01-05,12663.1328,12809.667,12663.1328,12802.376,,0.008484745363505075,0.008484745363505075,3.479445552149261
2021-01-06,12601.2598,12803.292,12569.418,12623.3535,,-0.013983537118422484,-0.013983537118422484,3.4307905961192517
2021-01-07,12745.4111,12966.6826,12744.8164,12939.5703,,0.02505014218289925,0.02505014218289925,3.516732388351793
2021-01-08,13037.2422,13113.0879,12939.7275,13105.1992,,0.012800185489930893,0.012800185489930893,3.5617472152411436
2021-01-11,12961.5039,13023.2148,12883.5918,12902.4912,,-0.015467754202469375,-0.015467754202469375,3.5066549847844635
2021-01-12,12916.0977,12957.4326,12783.707,12892.0918,,-0.0008059993871570859,-0.0008059993871570859,3.503828623015756
2021-01-13,12911.8662,13008.8447,12878.0205,12973.6328,,0.006324885151686388,0.006324885151686388,3.5259899366475222
2021-01-14,13010.9355,13037.0508,12886.1602,12898.6895,,-0.005776585568230241,-0.005776585568230241,3.505621754065759
2021-01-15,12898.0879,12941.292,12758.0977,12803.9326,,-0.007346242422534455,-0.007346242422534455,3.4798686068186813
2021-01-19,12921.6104,13012.0859,12861.3018,12996.5371,,0.015042604957167471,0.015042604957167471,3.5322148955739037
2021-01-20,13155.1152,13332.2637,13138.3047,13296.4502,,0.02307638547809776,0.02307638547809776,3.613725648095646
2021-01-21,13356.7031,13433.6904,13297.793,13404.9863,,0.008162787689002915,0.008162787689002915,3.6432237233273557
2021-01-22,13356.1777,13404.7744,13336.8955,13366.3975,,-0.0028786899991088966,-0.0028786899991088966,3.632736011630497
2021-01-25,13515.6338,13563.7031,13205.5938,13483.291,,0.008745325731933429,0.008745325731933429,3.6645054713503304
2021-01-26,13507.4746,13536.3008,13440.3242,13490.1855,,0.0005113365868911757,0.0005113365868911757,3.6663792670706945
2021-01-27,13371.1553,13393.5137,13034.1426,13112.6494,,-0.027985982846566393,-0.027985982846566393,3.5637720397934474
2021-01-28,13163.3154,13401.8486,13150.0986,13201.5332,,0.006778477582112474,0.006778477582112474,3.5879289886729464
2021-01-29,13124.6973,13167.8721,12845.4346,12925.376,,-0.020918570276367565,-0.020918570276367565,3.5128746439767746
2021-02-01,13067.6475,13280.2178,12983.0986,13248.9004,,0.025030173203472117,0.025030173203472117,3.6008025047575987
2021-02-02,13371.3652,13501.2314,13363.7549,13456.1191,,0.01564044514969698,0.01564044514969698,3.6571206588281515
2021-02-03,13555.0293,13561.4541,13400.0811,13402.374,,-0.003994101092639757,-0.003994101092639757,3.6425137492088107
2021-02-04,13454.8535,13563.1289,13406.4404,13560.8906,,0.011827501605312651,0.011827501605312651,3.6855955864249514
2021-02-05,13592.7686,13642.9639,13527.8057,13603.9561,,0.00317571325293331,0.00317571325293331,3.6972999811737135
2021-02-08,13672.3281,13698.4102,13607.9619,13695.0244,,0.006694251240637383,0.006694251240637383,3.722050636159694
2021-02-09,13667.1357,13741.7861,13664.6982,13687.085,,-0.0005797287955179309,-0.0005797287955179309,3.7198928562275366
2021-02-10,13751.4229,13770.9062,13531.9268,13655.2676,,-0.0023246293860234024,-0.0023246293860234024,3.7112454839810916
2021-02-11,13723.6318,13747.1953,13637.1904,13734.3467,,0.005791105844018762,0.005791105844018762,3.7327376993919628
2021-02-12,13695.9023,13816.2539,13656.7842,13807.6963,,0.005340596214889359,0.005340596214889359,3.7526727442205106
2021-02-16,13841.0322,13879.7744,13726.7754,13773.7656,,-0.0024573758911542454,-0.0024573758911542454,3.7434510166914716
2021-02-17,13636.1533,13713.1396,13552.665,13699.7109,,-0.0053765035757542545,-0.0053765035757542545,3.723324338914569
2021-02-18,13556.0146,13669.9443,13477.168,13637.5127,,-0.004540110404811615,-0.004540110404811615,3.706420035342975
2021-02-19,13686.2266,13701.6943,13545.4482,13580.7754,,-0.004160384759898217,-0.004160384759898217,3.6909999019141524
2021-02-22,13414.0381,13447.3652,13220.7725,13223.7393,,-0.026289817001170723,-0.026289817001170723,3.5939641899414903
2021-02-23,12982.3584,13259.8457,12758.1201,13194.7061,,-0.0021955363260980354,-0.0021955363260980354,3.5860735110077786
2021-02-24,13095.8574,13312.4248,12971.8203,13302.1885,,0.008145872987652236,0.008145872987652236,3.615285210352832
2021-02-25,13197.7529,13294.5635,12773.7637,12828.3105,,-0.03562406291265541,-0.03562406291265541,3.48649406257203
2021-02-26,12958.9648,13090.3574,12764.3389,12909.4434,,0.0063245195070700255,0.0063245195070700255,3.508544462282051
2021-03-01,13106.0215,13293.7764,13051.7012,13282.9531,,0.02893305996445994,0.02893305996445994,3.6100573895972308
2021-03-02,13297.7646,13301.623,13052.1221,13059.9492,,-0.01678872900635342,-0.01678872900635342,3.5494491143858995
2021-03-03,13020.1035,13057.29,12679.8936,12683.3281,,-0.0288378686802242,-0.0288378686802242,3.447090566938101
2021-03-04,12655.915,12799.0752,12314.1611,12464.0029,,-0.01729240135323795,-0.01729240135323795,3.387482093353647
2021-03-05,12594.1641,12700.9551,12208.3887,12668.5107,,0.016407874873007433,0.016407874873007433,3.4430634756759466
2021-03-08,12629.5576,12718.5781,12287.5723,12299.0801,,-0.029161328331987924,-0.029161328331987924,3.342659171193885
2021-03-09,12635.4502,12868.5234,12592.8271,12794.4912,,0.04028033771403772,0.04028033771403772,3.4773026114725
2021-03-10,12950.249,12979.375,12726.8477,12752.0674,,-0.0033157864065748166,-0.0033157864065748166,3.4657726187418327
2021-03-11,12960.5342,13117.8643,12920.0059,13052.8994,,0.023590841434856236,0.023590841434856236,3.547533111039838
2021-03-12,12873.3857,12943.5791,12778.125,12937.293,,-0.00885676020762105,-0.00885676020762105,3.5161134609467624
2021-03-15,12936.126,13085.0078,12885.6416,13082.5381,,0.011226854025799593,0.011226854025799593,3.5555883535109607
2021-03-16,13156.6455,13297.4805,13091.7754,13152.2754,,0.005330563493638918,0.005330563493638918,3.574541642986594
2021-03-17,13024.8271,13280.291,12950.0771,13202.3779,,0.0038094168861457778,0.0038094168861457778,3.5881585622816186
2021-03-18,13006.2939,13040.3643,12781.5264,12789.1445,,-0.03129992211478805,-0.03129992211478805,3.475849478746694
2021-03-19,12792.6738,12906.0215,12704.0693,12866.9893,,0.0060867871185597,0.0060867871185597,3.497006234579982
2021-03-22,12943.1426,13167.4639,12943.1426,13086.5146,,0.017061124003577177,0.017061124003577177,3.5566690915894337
2021-03-23,13127.1719,13180.6592,12993.498,13017.79,,-0.005251558730542283,-0.005251558730542283,3.537991034969847
2021-03-24,13072.8213,13077.4863,12797.8457,12798.8809,,-0.01681614928494013,-0.01681614928494013,3.478495649557014
2021-03-25,12707.5791,12845.6582,12627.9258,12780.5107,,-0.001435297362599841,-0.001435297362599841,3.47350297392539
2021-03-26,12777.2715,12992.3008,12721.6621,12979.1172,,0.015539793726709217,0.015539793726709217,3.5274804936493016
2021-03-29,12950.5117,13013.4746,12836.5996,12965.7422,,-0.0010305015197797918,-0.0010305015197797918,3.5238454196396023
2021-03-30,12904.0146,12929.4619,12798.0273,12896.5342,,-0.005337758450881469,-0.005337758450881469,3.505035983971321
2021-03-31,12970.3311,13167.0635,12966.6465,13091.4424,,0.015113223210000193,0.015113223210000193,3.558008375156162
2021-04-01,13268.8828,13333.4062,13255.8213,13329.5146,,0.018185329983195775,0.018185329983195775,3.622711931541351
2021-04-05,13434.0361,13623.5986,13420.8115,13598.1631,,0.02015440982374561,0.02015440982374561,3.695725552483008
2021-04-06,13567.2051,13660.2881,13551.6035,13578.457,,-0.0014491736755237739,-0.0014491736755237739,3.690369804300389
2021-04-07,13553.8965,13648.7998,13532.6299,13616.7002,,0.002816461399111736,0.002816461399111736,3.7007635884026486
2021-04-08,13730.7295,13763.1787,13703.5078,13758.5049,,0.010414028209272175,0.010414028209272175,3.739303444808121
2021-04-09,13709.666,13849.3105,13674.9219,13845.0547,,0.006290639908119733,0.006290639908119733,3.7628260562866003
2021-04-12,13792.7373,13839.3887,13747.6318,13819.3506,,-0.0018565546006835687,-0.0018565546006835687,3.7558401642602295
2021-04-13,13874.5781,14002.5322,13874.5781,13986.4941,,0.012094888163558082,0.012094888163558082,3.801266631007157
2021-04-14,13988.8652,13990.543,13782.1748,13803.9141,,-0.013054021879578825,-0.013054021879578825,3.7516448132358766
2021-04-15,13934.874,14040.1094,13931.0127,14026.1943,,0.016102693655562383,0.016102693655562383,3.8120564003678936
2021-04-16,14035.9609,14050.3779,13966.543,14041.9082,,0.0011203252759730553,0.0011203252759730553,3.816327143506661
2021-04-19,13970.8281,14025.6377,13835.749,13907.6709,,-0.009559761970242775,-0.009559761970242775,3.7798439644141606
2021-04-20,13891.96,13934.8916,13730.5918,13809.3037,,-0.00707287371892007,-0.00707287371892007,3.7531096053766375
2021-04-21,13768.9219,13939.7002,13717.4424,13935.1523,,0.009113319739647574,0.009113319739647574,3.7873128932283775
2021-04-22,13920.8828,13954.0322,13716.7607,13762.3574,,-0.012399929062849147,-0.012399929062849147,3.7403504820135316
2021-04-23,13794.4854,13989.4277,13789.4473,13941.4424,,0.013012668890578283,0.013012668890578283,3.7890224243706885
2021-04-26,13954.9424,14039.3975,13919.9297,14026.1602,,0.006076688305938882,0.006076688305938882,3.812047132627802
2021-04-27,14048.127,14048.3438,13931.1758,13960.2783,,-0.004697073116275985,-0.004697073116275985,3.794141668523159
2021-04-28,13953.6123,13992.0752,13895.1455,13901.6162,,-0.004202072389917877,-0.004202072389917877,3.778198410574421
2021-04-29,14063.9365,14073.4824,13836.0996,13970.2051,,0.004933879558550736,0.004933879558550736,3.796839586480503
2021-04-30,13857.7871,13969.2051,13838.8242,13860.7598,,-0.007834194216661872,-0.007834194216661872,3.767094407750505
2021-05-03,13923.0361,13955.0,13784.6572,13799.7188,,-0.004403871135549076,-0.004403871135549076,3.750504609423324
2021-05-04,13680.6299,13705.376,13396.1084,13544.668,,-0.018482318639710282,-0.018482318639710282,3.68118658817226
2021-05-05,13649.1172,13676.8633,13478.583,13503.3711,,-0.0030489414727624675,-0.0030489414727624675,3.6699628657146044
2021-05-06,13490.9355,13617.335,13403.46,13613.7314,,0.00817279619901723,0.00817279619901723,3.699956724274051
2021-05-07,13715.5625,13814.6553,13669.7783,13719.6279,,0.007778653543876857,0.007778653543876857,3.728737405759517
2021-05-10,13647.7266,13648.4902,13358.624,13359.0811,,-0.02627963401252309,-0.02627963401252309,3.630747551407352
2021-05-11,13102.6436,13381.6592,13094.7607,13351.2676,,-0.000584883042591966,-0.000584883042591966,3.628623988732602
2021-05-12,13155.0664,13236.8857,12967.1797,13001.6338,,-0.026187311233279442,-0.026187311233279442,3.5336000829911174
2021-05-13,13133.7285,13226.6367,13006.7666,13109.1465,,0.008269168448660658,0.008269168448660658,3.5628200173075726
2021-05-14,13238.9883,13430.002,13220.1855,13393.1152,,0.021661875546207243,0.021661875546207243,3.6399973811160256
2021-05-17,13329.8643,13350.1426,13196.5684,13312.9082,,-0.005988673941966893,-0.005988673941966893,3.6181986236509083
2021-05-18,13352.2568,13400.5176,13212.8496,13217.6777,,-0.00715324544940521,-0.00715324544940521,3.5923167608112334
2021-05-19,12998.5322,13243.9756,12994.3467,13237.9062,,0.0015304125625636988,0.0015304125625636988,3.597814487510687
2021-05-20,13294.5938,13526.0107,13293.0977,13494.0918,,0.019352425990146527,0.019352425990146527,3.6674409261065146
2021-05-21,13573.2178,13573.8428,13401.5322,13411.7363,,-0.006103078385756966,-0.006103078385756966,3.6450582466593535
2021-05-24,13504.3926,13687.6055,13500.1162,13641.752,,0.017150329745150072,0.017150329745150072,3.7075721975298404
2021-05-25,13701.3037,13734.4082,13614.5439,13657.7295,,0.0011712205294451827,0.0011712205294451827,3.7119145822019872
2021-05-26,13687.7061,13726.0625,13661.0645,13702.7402,,0.003295620988832848,0.003295620988832848,3.7241476458078466
2021-05-27,13686.8643,13724.7588,13652.1338,13657.8467,,-0.003276242513887806,-0.003276242513887806,3.7119464349626554
2021-05-28,13716.9951,13765.8018,13684.8301,13686.5117,,0.0020987935089356036,0.0020987935089356036,3.719737044045872
2021-06-01,13764.2666,13773.4492,13602.1162,13654.5889,,-0.002332427772666068,-0.002332427772666068,3.7110610260573247
2021-06-02,13655.71,13712.6758,13610.1592,13675.7939,,0.0015529577752428914,0.0015529577752428914,3.7168241471321415
2021-06-03,13568.9062,13608.5381,13469.8516,13529.6836,,-0.010683862382570686,-0.010683862382570686,3.677114109443966
2021-06-04,13619.791,13784.7725,13613.5752,13770.7744,,0.01781939675219002,0.01781939675219002,3.742638064663224
2021-06-07,13744.1543,13808.415,13710.1133,13802.8916,,0.002332272613513986,0.002332272613513986,3.7513669169237334
2021-06-08,13873.4629,13913.3984,13746.417,13810.8633,,0.0005775384050688004,0.0005775384050688004,3.753533475389761
2021-06-09,13865.5098,13900.7129,13811.0459,13814.9424,,0.00029535445477901767,0.00029535445477901767,3.7546420982228796
2021-06-10,13834.2559,13962.9844,13817.8311,13960.3467,,0.010525147032100612,0.010525147032100612,3.79416025835959
2021-06-11,13959.4688,13998.6484,13934.0029,13998.2979,,0.0027184998206384314,0.0027184998206384314,3.8044746823414135
2021-06-14,14002.1445,14129.333,13963.9443,14128.1963,,0.00927958534158635,0.00927958534158635,3.839778629836106
2021-06-15,14120.8125,14126.2549,14008.9326,14030.4072,,-0.006921555867679952,-0.006921555867679952,3.8132013875301713
2021-06-16,14053.1191,14100.1074,13843.5996,13983.0117,,-0.003378055912732214,-0.003378055912732214,3.8003201800365862
2021-06-17,13946.6973,14205.4346,13946.5215,14163.8086,,0.012929753895579044,0.012929753895579044,3.849457384688862
2021-06-18,14125.1201,14140.6152,14024.6045,14049.585,,-0.008064469326421242,-0.008064469326421242,3.8184135536866726
2021-06-21,14055.0352,14150.9141,13967.8887,14137.2295,,0.006238226965422866,0.006238226965422866,3.842233684082417
2021-06-22,14140.2949,14288.4902,14128.0107,14270.416,,0.009420976012308513,0.009420976012308513,3.878431275453841
2021-06-23,14275.0879,14324.7393,14247.5801,14274.2432,,0.0002681912005930709,0.0002681912005930709,3.8794714365940224
2021-06-24,14358.3047,14429.1445,14337.6533,14365.959,,0.006425265333856789,0.006425265333856789,3.9043980699292575
2021-06-25,14396.6318,14401.707,14324.2598,14345.1816,,-0.001446293978703439,-0.001446293978703439,3.898751162510257
2021-06-28,14401.6299,14530.0674,14400.5898,14524.9775,,0.012533539484784306,0.012533539484784306,3.947616314146928
2021-06-29,14523.6289,14575.1904,14481.8447,14572.7461,,0.0032887211012890827,0.0032887211012890827,3.9605989232190564
2021-06-30,14560.0684,14582.3018,14530.873,14554.8018,,-0.0012313602307255644,-0.0012313602307255644,3.9557219992151498
2021-07-01,14530.6299,14576.6436,14483.4238,14560.0537,,0.00036083624306049167,0.00036083624306049167,3.9571493670799383
2021-07-02,14633.5127,14738.1357,14626.8203,14727.6318,,0.011509442441135942,0.011509442441135942,4.002693949951322
2021-07-06,14755.1543,14797.4531,14635.3076,14786.3564,,0.003987375621381295,0.003987375621381295,4.018654194227209
2021-07-07,14889.7607,14891.1895,14735.749,14810.5352,,0.001635210145482402,0.001635210145482402,4.025225538336795
2021-07-08,14577.6729,14763.6689,14551.7578,14722.1357,,-0.0059686904494848925,-0.0059686904494848925,4.001200213109102
2021-07-09,14709.3252,14838.7236,14685.5361,14826.0938,,0.007061346405059954,0.007061346405059954,4.029454073849864
2021-07-12,14878.707,14899.457,14813.793,14877.8906,,0.0034936241938521295,0.0034936241938521295,4.043531472090282
2021-07-13,14871.04,15002.2773,14843.7998,14874.5439,,-0.0002249445227134883,-0.0002249445227134883,4.042621901833216
2021-07-14,14984.8604,15001.1299,14871.7295,14900.4395,,0.0017409340531107098,0.0017409340531107098,4.049659839965969
2021-07-15,14903.4941,14907.5107,14717.5469,14794.6904,,-0.0070970456945247395,-0.0070970456945247395,4.0209192190344485
2021-07-16,14842.0811,14875.9707,14667.0986,14681.377,,-0.007659058549815856,-0.007659058549815856,3.9901227633117835
2021-07-19,14517.9609,14578.96,14455.0723,14549.0928,,-0.00901034010638102,-0.00901034010638102,3.9541704001481315
2021-07-20,14601.335,14790.5967,14530.7783,14728.209,,0.01231115935970939,0.01231115935970939,4.002850822079801
2021-07-21,14723.668,14843.1699,14710.1094,14842.6309,,0.007768894371338764,0.007768894371338764,4.033948547300765
2021-07-22,14865.4648,14941.3838,14865.4648,14940.165,,0.0065712137327351705,0.0065712137327351705,4.060456485391936
2021-07-23,15004.4277,15125.8398,14948.0371,15111.791,,0.011487557199000076,0.011487557199000076,4.107101211521926
2021-07-26,15088.2842,15142.3506,15048.2324,15125.9512,,0.0009370298993680581,0.0009370298993680581,4.110949688156852
2021-07-27,15103.0098,15107.7422,14787.8047,14956.9707,,-0.011171561891591963,-0.011171561891591963,4.065023959282388
2021-07-28,15005.1709,15078.8506,14913.5488,15018.0986,,0.004086917145595503,0.004086917145595503,4.081637375398835
2021-07-29,15015.2969,15091.959,15004.4238,15048.3623,,0.0020151485754662524,0.0020151485754662524,4.08986248114144
2021-07-30,14882.3906,14990.8613,14882.3906,14959.8965,,-0.005878765957143428,-0.005878765957143428,4.0658191368179075
2021-08-02,15046.1035,15059.8906,14945.1318,14963.624,,0.0002491661623460484,0.0002491661623460484,4.066832201369022
2021-08-03,14997.2021,15063.6621,14864.5322,15061.4219,,0.006535709531327427,0.006535709531327427,4.093411835349818
2021-08-04,15059.165,15117.3828,15017.1367,15083.3906,,0.0014586073045335102,0.0014586073045335102,4.099382515753324
2021-08-05,15105.3975,15184.2676,15083.835,15181.6387,,0.006513661457523856,0.006513661457523856,4.126084505645833
2021-08-06,15125.7422,15162.3389,15063.0205,15109.3574,,-0.004761099999040175,-0.004761099999040175,4.1064398047099635
2021-08-09,15136.1348,15154.6797,15081.7549,15133.1094,,0.0015720059676396225,0.0015720059676396225,4.11289515258872
2021-08-10,15157.3691,15169.4531,15010.1611,15053.5811,,-0.005255251772646297,-0.005255251772646297,4.09128085304737
2021-08-11,15101.8184,15127.7822,14972.6006,15027.7568,,-0.0017154921362864117,-0.0017154921362864117,4.084262292916628
2021-08-12,15012.6025,15097.9082,14956.2461,15088.9824,,0.004074167609632973,0.004074167609632973,4.100902262059674
2021-08-13,15101.8418,15150.4785,15079.3037,15136.6777,,0.0031609354915809185,0.0031609354915809185,4.113864949567323
2021-08-16,15090.0479,15142.0283,14931.1533,15140.7725,,0.00027052171428598726,0.00027052171428598726,4.114977839365821
2021-08-17,15018.9395,15062.7031,14906.2236,15002.8271,,-0.009110856133661471,-0.009110856133661471,4.077486868278154
2021-08-18,14975.0234,15039.9023,14846.5107,14857.9238,,-0.009658399649223437,-0.009658399649223437,4.038104870539863
2021-08-19,14773.1914,15000.1865,14773.1914,14933.9355,,0.0051159032058032405,0.0051159032058032405,4.058763424192427
2021-08-20,14974.0596,15103.9355,14968.8662,15092.5684,,0.010622310508840771,0.010622310508840771,4.101876869566125
2021-08-23,15140.1406,15341.4668,15140.1406,15312.8154,,0.01459307615263139,0.01459307615263139,4.161735871092421
2021-08-24,15338.9189,15384.4219,15319.5547,15357.6807,,0.0029299184263660294,0.0029299184263660294,4.173929417706803
2021-08-25,15384.8291,15404.3613,15341.9229,15368.9189,,0.0007317641393598251,0.0007317641393598251,4.1769837495749
2021-08-26,15348.9844,15369.2783,15265.2324,15278.5186,,-0.005882020758142037,-0.005882020758142037,4.152414644453478
2021-08-27,15305.749,15447.0293,15292.7402,15432.9512,,0.010107825506067147,0.010107825506067147,4.194386527108452
2021-08-30,15460.9277,15620.6211,15459.7441,15605.0869,,0.011153777250329178,0.011153777250329178,4.2411697801336015
2021-08-31,15601.3359,15604.4531,15522.7822,15582.5117,,-0.0014466564745628796,-0.0014466564745628796,4.235034264411451
2021-09-01,15637.1279,15696.4219,15603.6709,15611.5654,,0.001864506862523374,0.001864506862523374,4.2429305148604675
2021-09-02,15656.2773,15681.7559,15554.2871,15604.248,,-0.000468716609290154,-0.000468716609290154,4.240941782856089
2021-09-03,15578.96,15668.1152,15554.9697,15652.8594,,0.0031152670734275745,0.0031152670734275745,4.254153449152544
2021-09-07,15662.3047,15701.4014,15610.2266,15675.7637,,0.0014632661940348068,0.0014632661940348068,4.2603784080789255
2021-09-08,15669.0127,15669.0127,15528.4502,15620.8467,,-0.003503306189796662,-0.003503306189796662,4.245452998031026
2021-09-09,15639.4404,15675.4648,15556.7441,15561.0479,,-0.003828140762689891,-0.003828140762689891,4.229200806353179
2021-09-10,15648.0449,15673.5,15433.4268,15440.748,,-0.007730835402158243,-0.007730835402158243,4.196505551036588
2021-09-13,15545.6621,15562.2812,15351.6982,15434.5029,,-0.0004044557944991034,-0.0004044557944991034,4.1948082500498245
2021-09-14,15505.7842,15525.9668,15352.0566,15382.9033,,-0.0033431332602230635,-0.0033431332602230635,4.180784447068825
2021-09-15,15419.9473,15518.9521,15316.4023,15503.5322,,0.007841751173200073,0.007841751173200073,4.213569118411523
2021-09-16,15452.668,15539.1367,15370.8789,15515.9072,,0.0007982051986836769,0.0007982051986836769,4.2169324111868525
2021-09-17,15481.4258,15485.2119,15291.0439,15333.4707,,-0.011758029849521123,-0.011758029849521123,4.1673495940227046
2021-09-20,15068.6465,15157.2588,14821.0264,15012.1855,,-0.020953194895399707,-0.020953194895399707,4.080030305781882
2021-09-21,15096.9746,15139.8955,14986.9844,15027.7695,,0.0010380900236011126,0.0010380900236011126,4.084265744538305
2021-09-22,15073.9551,15230.3379,15029.8984,15176.5098,,0.009897696394664424,0.009897696394664424,4.124690566872873
2021-09-23,15231.1953,15356.9219,15199.4287,15316.5811,,0.009229480417164204,0.009229480417164204,4.162759317686688
2021-09-24,15222.9658,15345.5361,15209.1602,15329.6777,,0.0008550602719037403,0.0008550602719037403,4.166318727800739
2021-09-27,15205.2305,15240.5771,15106.4473,15204.8252,,-0.008144496084219743,-0.008144496084219743,4.132386161236554
2021-09-28,15001.9844,15040.5742,14758.9844,14770.3018,,-0.028577993780553257,-0.028577993780553257,4.014290855221891
2021-09-29,14835.5088,14914.9199,14727.4141,14752.8857,,-0.001179129596390438,-0.001179129596390438,4.00955748606598
2021-09-30,14830.2988,14888.2236,14684.5488,14689.6162,,-0.004288618598868421,-0.004288618598868421,3.9923620232580053
2021-10-01,14731.3789,14830.8438,14555.1182,14791.8662,,0.0069606992182682514,0.0069606992182682514,4.020151654472341
2021-10-04,14713.6025,14727.6025,14384.9316,14472.123,,-0.021616150097409692,-0.021616150097409692,3.933251452894917
2021-10-05,14533.4258,14763.6387,14520.2266,14674.1455,,0.013959423921424685,0.013959423921424685,3.988157377315437
2021-10-06,14529.8896,14775.6406,14499.4834,14766.7539,,0.006310990987516085,0.006310990987516085,4.01332660258047
2021-10-07,14899.0723,15010.3164,14878.2217,14897.1318,,0.008829151002509805,0.008829151002509805,4.048760869177043
2021-10-08,14942.3555,14948.3496,14805.501,14820.7471,,-0.005127476954993382,-0.005127476954993382,4.028000941124058
2021-10-11,14765.6924,14907.5742,14709.0469,14713.7285,,-0.007220864054822251,-0.007220864054822251,3.9989152939155055
2021-10-12,14772.293,14784.7764,14636.3291,14662.1094,,-0.003508227027568145,-0.003508227027568145,3.9848861912004354
2021-10-13,14751.8008,14800.8271,14676.583,14774.6006,,0.007672238484320637,0.007672238484320637,4.015459188392201
2021-10-14,14925.583,15059.8926,14901.5869,15052.4209,,0.018803912709491444,0.018803912709491444,4.090965532459253
2021-10-15,15106.9727,15150.1426,15064.5889,15146.9219,,0.006278126331160427,0.006278126331160427,4.116649130888456
2021-10-18,15091.5762,15307.5107,15074.71,15300.8877,,0.010164824313248833,0.010164824313248833,4.158494146063226
2021-10-19,15349.4502,15414.9736,15320.6201,15410.7178,,0.007178021442507676,0.007178021442507676,4.18834390621221
2021-10-20,15447.9971,15457.1064,15333.4336,15388.7061,,-0.0014283371018578572,-0.0014283371018578572,4.182361539215627
2021-10-21,15365.8066,15497.582,15350.498,15489.5898,,0.006555697363016089,0.006555697363016089,4.209779835729442
2021-10-22,15422.0664,15474.2803,15291.9482,15355.0654,,-0.008684826501990428,-0.008684826501990428,4.1732186282445545
2021-10-25,15417.252,15555.6543,15338.4922,15514.1934,,0.010363225154351952,0.010363225154351952,4.216466632507389
2021-10-26,15615.3555,15710.7871,15518.5898,15559.4873,,0.0029195136886717155,0.0029195136886717155,4.228776664558822
2021-10-27,15603.1562,15729.75,15578.6816,15598.3936,,0.0025004872750529206,0.0025004872750529206,4.239350666797592
2021-10-28,15674.3877,15783.9961,15650.0137,15778.1621,,0.011524808554645105,0.011524808554645105,4.288208371628442
2021-10-29,15638.7422,15856.9004,15638.7422,15850.4717,,0.0045828911847725085,0.0045828911847725085,4.3078607639732445
2021-11-01,15879.6113,15910.3467,15785.3135,15905.2773,,0.0034576636605709865,0.0034576636605709865,4.322755897591635
2021-11-02,15885.3438,15988.333,15877.2676,15972.4941,,0.004226069041877167,0.004226069041877167,4.341024162466039
2021-11-03,16000.5977,16157.5996,15950.5889,16144.5029,,0.010769063298636583,0.010769063298636583,4.387772926452546
2021-11-04,16193.2217,16387.9512,16169.5576,16346.2441,,0.012495968519414813,0.012495968519414813,4.442602398811838
2021-11-05,16397.5879,16454.4824,16302.0625,16359.377,,0.0008034200345754527,0.0008034200345754527,4.446171674584696
2021-11-08,16351.4893,16401.9277,16314.0029,16336.0273,,-0.001427297628754487,-0.001427297628754487,4.439825664296526
2021-11-09,16389.9902,16401.8887,16168.6299,16219.9355,,-0.007106489103381963,-0.007106489103381963,4.408274091592287
2021-11-10,16087.0146,16224.5059,15905.2822,15985.5723,,-0.0144490833517803,-0.0144490833517803,4.344578571805377
2021-11-11,16114.0498,16116.2471,16019.3867,16032.4727,,0.0029339206078971003,0.0029339206078971003,4.357325220409825
2021-11-12,16078.1299,16218.5518,16012.7764,16199.8848,,0.010442063625032638,0.010442063625032638,4.402824687596304
2021-11-15,16227.0098,16256.7324,16096.3711,16189.1152,,-0.000664794850886774,-0.000664794850886774,4.399897712414632
2021-11-16,16170.293,16329.5039,16156.6934,16309.7676,,0.0074526864815933624,0.0074526864815933624,4.4326887706163385
2021-11-17,16329.0684,16398.9531,16276.7744,16308.0713,,-0.00010400516068664878,-0.00010400516068664878,4.4322277481084775
2021-11-18,16398.7559,16501.9219,16309.5078,16482.9746,,0.010724953109568558,0.010724953109568558,4.4797631828778695
2021-11-19,16558.5605,16625.8633,16523.8281,16573.3438,,0.005482578369076396,0.005482578369076396,4.504323835602901
2021-11-22,16644.7656,16764.8555,16374.7764,16380.9785,,-0.011606909403520604,-0.011606909403520604,4.45204255691894
2021-11-23,16330.1826,16417.502,16121.6953,16306.7158,,-0.004533471550554724,-0.004533471550554724,4.431859348645289
2021-11-24,16202.2607,16370.5605,16106.0205,16367.8145,,0.003746842757877733,0.003746842757877733,4.448464828749693
2021-11-26,16237.415,16302.5752,15988.9473,16025.583,,-0.02090880856451538,-0.02090880856451538,4.355452729239386
2021-11-29,16263.4316,16437.1582,16214.5625,16399.2402,,0.023316293703636193,0.023316293703636193,4.4570057442866355
2021-11-30,16333.9473,16454.5645,16073.7637,16135.9238,,-0.0160566219403262,-0.0160566219403262,4.385441288064762
2021-12-01,16347.96,16427.1914,15864.002,15877.7168,,-0.016001996737242896,-0.016001996737242896,4.31526547088178
2021-12-02,15791.2969,16066.3193,15770.9189,15990.7617,,0.007119720135076335,0.007119720135076335,4.345988953343016
2021-12-03,16039.4072,16089.6133,15543.3057,15712.041,,-0.017430107785297078,-0.017430107785297078,4.270237897452537
2021-12-06,15744.9121,15898.5869,15557.7822,15846.1582,,0.008535950230781575,0.008535950230781575,4.306688435618789
2021-12-07,16139.5557,16343.665,16128.4414,16325.6621,,0.030259946540228233,0.030259946540228233,4.437008597446034
2021-12-08,16313.876,16401.0996,16250.3926,16394.3359,,0.00420649402023332,0.00420649402023332,4.455672847578914
2021-12-09,16337.8086,16413.2812,16141.3906,16149.5723,,-0.014929766078539242,-0.014929766078539242,4.389150694242062
2021-12-10,16278.2959,16339.1172,16138.999,16331.9795,,0.011294862589023458,0.011294862589023458,4.438725548216043
2021-12-13,16317.9004,16332.6338,16075.5361,16082.5459,,-0.015272710818673318,-0.015272710818673318,4.370934176514682
2021-12-14,15877.6533,15995.2119,15742.8027,15914.8975,,-0.010424245081744221,-0.010424245081744221,4.325370487422521
2021-12-15,15908.4521,16301.2744,15746.9395,16289.5947,,0.023543802277080417,0.023543802277080417,4.427206154953516
2021-12-16,16335.0273,16340.5312,15802.6348,15863.9385,,-0.02613055805495268,-0.02613055805495268,4.3115207875002595
2021-12-17,15714.54,15960.2539,15664.0986,15801.4609,,-0.003938341036811233,-0.003938341036811233,4.294540548251782
2021-12-20,15566.8311,15662.6113,15508.7402,15627.6436,,-0.011000077847232559,-0.011000077847232559,4.247300267902916
2021-12-21,15794.375,15997.6094,15617.4834,15986.2773,,0.022948674104648736,0.022948674104648736,4.344770177575607
2021-12-22,15963.54,16186.25,15947.5586,16180.1377,,0.012126675670764087,0.012126675670764087,4.397457796383075
2021-12-23,16203.7559,16360.7471,16188.0254,16308.21,,0.00791540235161281,0.00791540235161281,4.432265444165684
2021-12-27,16361.0654,16567.6387,16361.0654,16567.5,,0.015899353761081203,0.015899353761081203,4.50273560042549
2021-12-28,16602.9199,16607.1855,16458.4844,16488.6621,,-0.0047585875961972945,-0.0047585875961972945,4.481308938648349
2021-12-29,16510.6328,16548.9219,16396.1621,16491.0098,,0.00014238268610022864,0.00014238268610022864,4.481946999452279
2021-12-30,16485.3945,16569.6172,16415.123,16429.0996,,-0.003754178837489852,-0.003754178837489852,4.465120968876184
2021-12-31,16411.2617,16464.6172,16317.2559,16320.0801,,-0.006635756228539846,-0.006635756228539846,4.43549151459578
2022-01-03,16395.5098,16504.1348,16306.6416,16501.7676,,0.011132757859442233,0.011132757859442233,4.4848707676153845
2022-01-04,16513.8691,16513.8691,16151.9053,16279.7324,,-0.013455237364995876,-0.013455237364995876,4.424525766885789
2022-01-05,16190.5527,16249.2266,15763.8418,15771.7754,,-0.03120180280113205,-0.03120180280113205,4.286472586418891
2022-01-06,15675.2168,15900.5986,15608.5684,15765.3584,,-0.00040686605263229314,-0.00040686605263229314,4.284728566237938
2022-01-07,15774.1289,15835.0029,15526.7988,15592.1875,,-0.010984266618385252,-0.010984266618385252,4.237663965278969
2022-01-10,15383.1758,15627.916,15165.5322,15614.4258,,0.0014262463172662887,0.0014262463172662887,4.24370791790326
2022-01-11,15582.7207,15848.5605,15496.9092,15844.123,,0.014710576164766787,0.014710576164766787,4.306135306450599
2022-01-12,15955.4814,16017.3896,15815.9453,15905.0967,,0.0038483480594035946,0.0038483480594035946,4.322706813900708
2022-01-13,15970.0898,15990.3799,15468.0889,15495.6172,,-0.025745175129931797,-0.025745175129931797,4.211417969941484
2022-01-14,15396.4697,15617.1807,15396.4697,15611.5938,,0.0074844776108691224,0.0074844776108691224,4.242938233447524
2022-01-18,15378.0576,15446.2949,15182.959,15210.7578,,-0.025675533525603367,-0.025675533525603367,4.133998530587578
2022-01-19,15287.2539,15382.0039,15038.4355,15047.8418,,-0.010710577483522776,-0.010710577483522776,4.08972101900895
2022-01-20,15176.3789,15347.6182,14832.6885,14846.4561,,-0.013383028787556817,-0.013383028787556817,4.034988164878477
2022-01-21,14728.6631,14868.4551,14432.6357,14438.3994,,-0.027485124884449652,-0.027485124884449652,3.924086011259516
2022-01-24,14160.9053,14532.5684,13724.8506,14509.582,,0.004930089411434357,0.004930089411434357,3.943432106153184
2022-01-25,14237.5986,14410.4268,14033.8125,14149.1221,,-0.024842886583500423,-0.024842886583500423,3.8454658695902864
2022-01-26,14492.5186,14646.542,14006.3994,14172.7588,,0.0016705418069717926,0.0016705418069717926,3.85188988109272
2022-01-27,14346.4619,14419.4531,13972.8848,14003.1113,,-0.011969970165582655,-0.011969970165582655,3.8057828741349304
2022-01-28,14091.3145,14457.7822,13880.4775,14454.6123,,0.03224290590334733,0.03224290590334733,3.928492373234234
2022-01-31,14505.0654,14934.5244,14442.8789,14930.0527,,0.032891951034895506,0.032891951034895506,4.057708152015615
2022-02-01,14966.6025,15034.416,14749.4873,15019.6768,,0.006002932595140731,0.006002932595140731,4.082066300542918
2022-02-02,15173.0342,15196.3994,14960.8457,15139.7393,,0.007993680662955471,0.007993680662955471,4.11469703499447
2022-02-03,14693.8545,14856.5127,14471.1953,14501.1123,,-0.04218216624113191,-0.04218216624113191,3.9411302006324402
2022-02-04,14566.2783,14832.0537,14452.2803,14694.3506,,0.013325757086923629,0.013325757086923629,3.9936487443340067
2022-02-07,14716.4346,14813.8643,14524.6279,14571.248,,-0.008377546129871183,-0.008377546129871183,3.9601917677518466
2022-02-08,14533.248,14785.2217,14485.7822,14747.0264,,0.012063373020622548,0.012063373020622548,4.007965038279436
2022-02-09,14930.9922,15057.9014,14870.3623,15056.96,,0.0210166844212063,0.0210166844212063,4.092199174660183
2022-02-10,14770.6748,15037.2617,14636.6152,14705.6367,,-0.02333295034323002,-0.02333295034323002,3.99671609452323
2022-02-11,14739.459,14769.6387,14194.541,14253.8389,,-0.030722763605332215,-0.030722763605332215,3.873925930753566
2022-02-14,14233.4023,14400.7773,14119.7285,14268.5947,,0.0010352158533235567,0.0010352158533235567,3.8779362802916832
2022-02-15,14482.1094,14624.5303,14444.4619,14620.8164,,0.024685100909061397,0.024685100909061397,3.973663528689594
2022-02-16,14514.8359,14647.793,14399.29,14603.6357,,-0.0011750848605143194,-0.0011750848605143194,3.968994136836253
2022-02-17,14485.083,14497.4609,14155.4287,14171.7354,,-0.029574847584016406,-0.029574847584016406,3.8516117401774657
2022-02-18,14207.5488,14225.7236,13918.7559,14009.543,,-0.011444780432465551,-0.011444780432465551,3.807530889500028
2022-02-22,13892.8066,14109.2646,13720.916,13870.5293,,-0.009922786203661271,-0.009922786203661271,3.769749574519683
2022-02-23,14016.9434,14035.9316,13502.583,13509.4336,,-0.02603330357407485,-0.02603330357407485,3.6716105394479728
2022-02-24,13065.4434,13989.1006,13065.4434,13974.6689,,0.0344378094430251,0.0344378094430251,3.7980527635544843
2022-02-25,13973.9043,14192.9961,13850.2852,14189.1641,,0.015348857388671311,0.015348857388671311,3.8563485337769308
2022-02-28,14058.6143,14296.6016,14009.3652,14237.8096,,0.0034283555857952397,0.0034283555857952397,3.8695694678134784
2022-03-01,14197.6611,14271.5811,13906.9219,14005.9873,,-0.01628216042445174,-0.01628216042445174,3.8065645169649787
2022-03-02,14075.1064,14292.7188,13962.6885,14243.6943,,0.01697181319020613,0.01697181319020613,3.8711688188433753
2022-03-03,14339.7051,14342.5596,13965.1104,14035.2119,,-0.014636820729857947,-0.014636820729857947,3.814507214826949
2022-03-04,13957.5977,13992.9746,13738.6084,13837.8291,,-0.01406340006879403,-0.01406340006879403,3.7608622737995363
2022-03-07,13853.5273,13879.0996,13314.4443,13319.3799,,-0.037466079126530105,-0.037466079126530105,3.619957510265381
2022-03-08,13275.2344,13663.2676,13129.3984,13267.6055,,-0.003887147929461765,-0.003887147929461765,3.6058861999246132
2022-03-09,13610.4766,13793.1064,13504.4834,13742.1982,,0.035770787728049536,0.035770787728049536,3.7348715897536193
2022-03-10,13577.8398,13633.6895,13399.4629,13590.9951,,-0.011002832137874452,-0.011002832137874452,3.693777424595044
2022-03-11,13701.7959,13714.4395,13285.1865,13301.8301,,-0.021276219870022706,-0.021276219870022706,3.6151878039584338
2022-03-14,13248.0918,13386.666,13020.4033,13046.6406,,-0.019184540629488156,-0.019184540629488156,3.545832086650163
2022-03-15,13174.9688,13488.1807,13092.4502,13458.5645,,0.03157317754273081,0.03157317754273081,3.65778527265868
2022-03-16,13633.1182,13960.251,13475.0889,13956.7852,,0.037018858883501204,0.037018858883501204,3.793192309493381
2022-03-17,13878.9922,14125.668,13827.3389,14118.5996,,0.011593959330978176,0.011593959330978176,3.8371704268642266
2022-03-18,14061.2881,14427.4648,14014.4297,14420.0811,,0.021353498827178186,0.021353498827178186,3.919107441073955
2022-03-21,14377.1475,14470.6816,14190.5264,14376.0898,,-0.0030506971281873962,-0.0030506971281873962,3.907151431258413
2022-03-22,14396.0293,14688.9727,14385.5469,14654.332,,0.019354511822818443,0.019354511822818443,3.982772439828246
2022-03-23,14525.2168,14681.3311,14446.0371,14447.5449,,-0.014110987795281305,-0.014110987795281305,3.926571586538447
2022-03-24,14529.7158,14767.7314,14440.667,14765.6943,,0.022021000952210157,0.022021000952210157,4.013038623184531
2022-03-25,14766.8994,14805.876,14577.5908,14754.3096,,-0.0007710236829160388,-0.0007710236829160388,4.009944475365599
2022-03-28,14763.1562,14989.0771,14705.916,14987.4033,,0.015798346809802633,0.015798346809802633,4.073294968875477
2022-03-29,15142.9277,15265.4219,15039.6094,15239.3174,,0.016808388681980757,0.016808388681980757,4.141760493928692
2022-03-30,15177.1523,15229.0146,15010.3389,15071.5469,,-0.01100905608803715,-0.01100905608803715,4.096163620347815
2022-03-31,15074.2354,15088.3809,14835.1602,14838.4932,,-0.015463157268879812,-0.015463157268879812,4.032823998087313
2022-04-01,14886.9131,14925.9268,14723.832,14861.2119,,0.0015310651623305915,0.0015310651623305915,4.038998514416595
2022-04-04,14903.3838,15161.8857,14884.5693,15159.5811,,0.02007704364944818,0.02007704364944818,4.120089663890593
2022-04-05,15109.2695,15120.6719,14782.5703,14820.6387,,-0.02235829590304439,-0.02235829590304439,4.027971480038253
2022-04-06,14600.2979,14639.3477,14395.3994,14498.8848,,-0.021709853840509608,-0.021709853840509608,3.940524807932881
2022-04-07,14469.502,14624.2393,14315.6924,14531.8105,,0.002270912587704732,0.002270912587704732,3.949473395321378
2022-04-08,14450.5254,14490.1885,14307.6787,14327.2559,,-0.01407633274601261,-0.01407633274601261,3.8938792936373106
2022-04-11,14149.5986,14187.667,13979.1416,13990.2051,,-0.02352514691944607,-0.02352514691944607,3.802275211167904
2022-04-12,14175.6611,14264.7373,13882.7539,13940.2402,,-0.003571420121639135,-0.003571420121639135,3.7886956889707286
2022-04-13,13939.6133,14258.8057,13919.4766,14217.29,,0.019874105182204893,0.019874105182204893,3.8639926255966994
2022-04-14,14225.4648,14235.3877,13884.8193,13893.2148,,-0.022794442541440807,-0.022794442541440807,3.7759150677119844
2022-04-18,13859.4736,13997.9248,13788.9561,13910.7637,,0.0012631273792729214,0.0012631273792729214,3.7806845294158204
2022-04-19,13882.748,14236.5088,13844.7422,14210.2559,,0.02152952968355004,0.02152952968355004,3.862080889216017
2022-04-20,14246.1953,14263.6084,13962.8604,13998.5293,,-0.01489956278690241,-0.01489956278690241,3.804537572519047
2022-04-21,14174.9199,14277.2061,13682.6846,13720.4531,,-0.01986467249813162,-0.01986467249813162,3.7289616796341196
2022-04-22,13714.627,13769.4023,13342.7939,13356.8691,,-0.026499416407756993,-0.026499416407756993,3.630146371316926
2022-04-25,13275.4092,13541.7656,13239.7324,13533.2246,,0.013203356166753055,0.013203356166753055,3.6780764867948696
2022-04-26,13447.6621,13447.6621,13009.6543,13009.7129,,-0.03868344134331436,-0.03868344134331436,3.5357958307617166
2022-04-27,13009.4014,13241.9385,12936.4141,13003.3564,,-0.0004885964854766112,-0.0004885964854766112,3.5340682533454437
2022-04-28,13254.958,13542.5645,13038.1719,13456.0586,,0.0348142576481254,0.0348142576481254,3.6571042160634724
2022-04-29,13274.9434,13428.5332,12835.4814,12854.8037,,-0.04468283900012149,-0.04468283900012149,3.4936944171704427
2022-05-02,12864.8301,13083.5723,12716.625,13075.8477,,0.017195439553853387,0.017195439553853387,3.553770028340532
2022-05-03,13045.3535,13178.7432,12982.6992,13089.8984,,0.0010745536597218663,0.0010745536597218663,3.5575887449302948
2022-05-04,13110.2998,13556.667,12887.5273,13535.709,,0.03405760582526751,0.03405760582526751,3.6787517000935392
2022-05-05,13344.79,13344.79,12710.5938,12850.5527,,-0.05061842715442544,-0.05061842715442544,3.4925390751431356
2022-05-06,12776.8594,12926.5762,12522.7705,12693.5352,,-0.012218735152146443,-0.012218735152146443,3.4498646651754394
2022-05-09,12465.9121,12542.3213,12136.1875,12187.7207,,-0.03984819768727632,-0.03984819768727632,3.312393776003179
2022-05-10,12496.8438,12537.8887,12173.4678,12345.8555,,0.012974928117609474,0.012974928117609474,3.355371847144037
2022-05-11,12240.209,12470.8926,11939.0938,11967.5566,,-0.030641772860536043,-0.030641772860536043,3.252557305141212
2022-05-12,11790.1328,12128.7295,11692.1182,11945.4971,,-0.0018432751761541244,-0.0018432751761541244,3.2465619470016267
2022-05-13,12125.9258,12429.2852,12069.1309,12387.3965,,0.03699296867268931,0.03699296867268931,3.366661911401003
2022-05-16,12297.0732,12395.5098,12196.209,12243.5771,,-0.011610139386432072,-0.011610139386432072,3.3275744973426455
2022-05-17,12496.626,12572.9902,12333.9854,12564.1006,,0.026178909756691793,0.026178909756691793,3.414686769817248
2022-05-18,12352.918,12389.9639,11886.9961,11928.3115,,-0.050603630155587886,-0.050603630155587886,3.241891223420237
2022-05-19,11872.5566,12066.8516,11795.7939,11875.626,,-0.00441684474789239,-0.00441684474789239,3.2275722931968347
2022-05-20,12037.0322,12044.7021,11492.291,11835.6191,,-0.0033688245150192975,-0.0033688245150192975,3.216699168531516
2022-05-23,11867.0762,12047.8096,11785.7607,12034.2803,,0.01678502816975591,0.01678502816975591,3.270691554688948
2022-05-24,11807.7773,11842.8086,11576.1055,11769.8398,,-0.021973935574693293,-0.021973935574693293,3.1988215891815197
2022-05-25,11732.4512,12028.8867,11714.2695,11943.9277,,0.014791016951649638,0.014791016951649638,3.2461354135324063
2022-05-26,11906.8291,12337.7285,11901.874,12276.7891,,0.02786867171006069,0.02786867171006069,3.3366008956985427
2022-05-27,12421.7979,12682.5811,12405.2871,12681.4209,,0.032959090255936685,0.032959090255936685,3.44657222576791
2022-05-31,12688.9463,12762.8408,12482.3242,12642.1006,,-0.0031006225808655197,-0.0031006225808655197,3.4358857060981105
2022-06-01,12750.3066,12820.4668,12457.9062,12548.3633,,-0.007414693409416362,-0.007414693409416362,3.4104096669975967
2022-06-02,12498.626,12897.6328,12447.7705,12892.8857,,0.027455564663162013,0.027455564663162013,3.504044390137722
2022-06-03,12650.3848,12724.8135,12505.7627,12548.0254,,-0.026748108067071508,-0.026748108067071508,3.410317832118503
2022-06-06,12745.8877,12804.4561,12534.5762,12599.6299,,0.004112559415125228,0.004112559415125228,3.424342966827551
2022-06-07,12456.4893,12737.2979,12413.5557,12711.6758,,0.00889279295418044,0.00889279295418044,3.4547949398356526
2022-06-08,12682.8135,12776.6494,12578.5488,12615.1289,,-0.007595135489531724,-0.007595135489531724,3.428555304179052
2022-06-09,12543.3711,12666.4062,12265.8604,12269.7832,,-0.02737551892949741,-0.02737551892949741,3.33469682354867
2022-06-10,12052.5908,12082.6943,11825.3516,11832.8203,,-0.03561292753730161,-0.03561292753730161,3.215938507212761
2022-06-13,11472.1855,11568.6455,11254.1846,11288.3184,,-0.04601624010127148,-0.04601624010127148,3.067953108713934
2022-06-14,11385.1826,11418.2178,11205.9238,11311.6855,,0.002070024885194588,0.002070024885194588,3.0743038479955818
2022-06-15,11468.1309,11751.2949,11346.5361,11593.7715,,0.024937574510889737,0.024937574510889737,3.1509695292740867
2022-06-16,11286.873,11311.0498,11037.209,11127.5723,,-0.04021117718250711,-0.04021117718250711,3.0242653352357656
2022-06-17,11172.6533,11357.9707,11089.9316,11265.9883,,0.01243901151736404,0.01243901151736404,3.061884206572328
2022-06-21,11446.9844,11638.4727,11446.9844,11546.7578,,0.024921870369774668,0.024921870369774668,3.138192087855784
2022-06-22,11427.7393,11708.0811,11423.2021,11527.7119,,-0.0016494586904731712,-0.0016494586904731712,3.1330157696440963
2022-06-23,11622.0879,11729.6172,11515.4854,11697.6768,,0.014744027390205527,0.014744027390205527,3.179209039965675
2022-06-24,11826.9482,12112.8213,11812.1787,12105.8486,,0.034893407210566885,0.034893407210566885,3.2901424756047124
2022-06-27,12157.9326,12175.9785,11965.6699,11993.0986,,-0.009313680000921254,-0.009313680000921254,3.259499141429491
2022-06-28,12021.3408,12133.8701,11633.127,11637.7686,,-0.029627872816788137,-0.029627872816788137,3.1629271154207883
2022-06-29,11619.0127,11710.209,11537.7227,11658.2627,,0.0017609990973699308,0.0017609990973699308,3.168497027216091
2022-06-30,11532.3203,11650.9648,11322.8643,11503.7168,,-0.013256340500887753,-0.013256340500887753,3.126494351747264
2022-07-01,11472.6318,11592.8457,11378.626,11585.6758,,0.007124566905193808,0.007124566905193808,3.1487692699349976
2022-07-05,11419.3369,11781.7402,11366.0732,11779.9043,,0.016764537809697666,0.016764537809697666,3.201556931414837
2022-07-06,11807.082,11941.3115,11727.3604,11852.5879,,0.006170135015443279,0.006170135015443279,3.2213109699412943
2022-07-07,11913.7275,12137.7119,11897.5088,12109.0537,,0.021637958069899543,0.021637958069899543,3.291013561638992
2022-07-08,11977.9541,12179.3223,11956.0303,12125.6904,,0.0013739058734210108,0.0013739058734210108,3.2955351045008356
2022-07-11,12008.7627,12026.0605,11830.8848,11860.2812,,-0.021888172239660664,-0.021888172239660664,3.2234018645116733
2022-07-12,11926.8369,11990.4434,11684.0244,11744.9854,,-0.009721169174302546,-0.009721169174302546,3.192066629669993
2022-07-13,11523.9082,11819.6855,11498.957,11728.5273,,-0.0014012873953849203,-0.0014012873953849203,3.1875936269366076
2022-07-14,11637.1816,11801.1104,11488.2734,11768.3955,,0.0033992503048529965,0.0033992503048529965,3.198429055544719
2022-07-15,11896.1533,11987.5205,11828.1309,11983.624,,0.018288686847752533,0.018288686847752533,3.2569241229463293
2022-07-18,12089.6826,12156.0859,11836.5244,11877.5,,-0.008855751815978197,-0.008855751815978197,3.228081611230044
2022-07-19,12046.6885,12258.3701,11967.918,12249.4199,,0.031312978320353624,0.031312978320353624,3.329162460738823
2022-07-20,12269.0664,12488.3867,12232.1982,12439.6816,,0.0155323028807266,0.0155323028807266,3.3808720204181633
2022-07-21,12466.1309,12620.499,12351.418,12619.4092,,0.014447926062673533,0.014447926062673533,3.4297186093965264
2022-07-22,12575.7568,12662.8613,12322.8174,12396.4668,,-0.017666627372698196,-0.017666627372698196,3.369127048731109
2022-07-25,12391.2139,12415.5869,12244.3965,12328.4121,,-0.005489846510136287,-0.005489846510136287,3.3506310583604266
2022-07-26,12248.2139,12259.0146,12051.208,12086.8955,,-0.019590243904971216,-0.019590243904971216,3.284991378691574
2022-07-27,12299.3438,12660.7666,12256.9355,12601.4697,,0.04257290054340257,0.04257290054340257,3.424842989942545
2022-07-28,12580.6152,12741.8281,12433.5527,12717.8701,,0.009237049548276088,0.009237049548276088,3.4564784343357107
2022-07-29,12784.1992,12986.6445,12726.248,12947.9746,,0.018093005997914746,0.018093005997914746,3.519016519379809
2022-08-01,12877.0391,13084.6084,12833.1553,12940.7832,,-0.0005554073298845719,-0.0005554073298845719,3.5170620318109607
2022-08-02,12853.0361,13073.2666,12809.0117,12901.6006,,-0.0030278383768920225,-0.0030278383768920225,3.5064129364171333
2022-08-03,12983.5771,13289.1904,12974.8545,13253.2588,,0.02725694360744657,0.02725694360744657,3.6019870360894766
2022-08-04,13253.7744,13326.7178,13170.4395,13311.041,,0.004359848462326843,0.004359848462326843,3.6176911537300924
2022-08-05,13107.4463,13286.0215,13070.3633,13207.6924,,-0.007764126036423402,-0.007764126036423402,3.5896029436516783
2022-08-08,13227.0879,13394.5352,13103.7969,13159.1611,,-0.003674472309788235,-0.003674472309788235,3.5764130470320956
2022-08-09,13064.2441,13095.7002,12945.5957,13008.165,,-0.011474599243260108,-0.011474599243260108,3.5353751405890352
2022-08-10,13330.6562,13386.8477,13220.0508,13378.3213,,0.028455689176759336,0.028455689176759336,3.6359766767128785
2022-08-11,13471.0283,13555.377,13271.3467,13291.9863,,-0.006453350765316057,-0.006453350765316057,3.612512443843542
2022-08-12,13384.6465,13565.8721,13341.6484,13565.8721,,0.020605332703359736,0.020605332703359736,3.686949464643966
2022-08-15,13529.6611,13685.6504,13524.5264,13667.1797,,0.007467828035913726,0.007467828035913726,3.714482969223031
2022-08-16,13617.6611,13720.9121,13508.4717,13635.21,,-0.0023391585317343866,-0.0023391585317343866,3.705794204694591
2022-08-17,13499.2441,13591.5762,13389.8184,13470.8574,,-0.012053543729799387,-0.012053543729799387,3.6611262521946677
2022-08-18,13474.2383,13553.2822,13405.7363,13505.9912,,0.00260813391135728,0.00260813391135728,3.670674959726777
2022-08-19,13370.2451,13402.6094,13210.8164,13242.9014,,-0.019479488480638074,-0.019479488480638074,3.5991720891326127
2022-08-22,13056.3877,13073.0674,12859.8203,12890.5381,,-0.026607711509503584,-0.026607711509503584,3.503406356511915
2022-08-23,12885.2793,13000.7109,12852.7031,12881.7891,,-0.0006787148784734853,-0.0006787148784734853,3.5010285424924117
2022-08-24,12876.2285,12995.1406,12843.583,12917.8633,,0.0028004029347135084,0.0028004029347135084,3.5108328330973233
2022-08-25,12984.7354,13146.8389,12951.6064,13143.583,,0.017473454762445106,0.017473454762445106,3.572179211784956
2022-08-26,13129.9141,13175.2529,12603.4053,12605.166,,-0.04096424848536362,-0.04096424848536362,3.425847574919147
2022-08-29,12488.458,12594.3379,12440.3994,12484.3213,,-0.009586918569735592,-0.009586918569735592,3.3930042531860707
2022-08-30,12562.4043,12572.876,12240.8232,12342.6982,,-0.011344076830191674,-0.011344076830191674,3.354513752252761
2022-08-31,12448.0684,12502.1475,12268.0771,12272.0303,,-0.005725482293652773,-0.005725482293652773,3.3353075431604227
2022-09-01,12158.8828,12290.333,12012.9824,12274.625,,0.0002114320073018927,0.0002114320073018927,3.3360127339292425
2022-09-02,12392.4551,12451.2852,12035.5273,12098.4424,,-0.014353399798364475,-0.014353399798364475,3.288129609426721
2022-09-06,12106.5713,12152.4209,11928.8057,12011.3135,,-0.0072016625875740425,-0.0072016625875740425,3.264449609435418
2022-09-07,12038.1777,12298.123,12026.9824,12259.3877,,0.020653378167175385,0.020653378167175385,3.331871521726776
2022-09-08,12139.5732,12374.126,12120.2627,12321.1943,,0.005041573161113089,0.005041573161113089,3.348669395766991
2022-09-09,12424.1484,12610.4316,12424.1484,12588.292,,0.021677906662018964,0.021677906662018964,3.421261538370387
2022-09-12,12649.2344,12752.8281,12639.7607,12739.7217,,0.01202940796098484,0.01202940796098484,3.4624172891566705
2022-09-13,12364.834,12420.0117,12004.417,12033.6201,,-0.055425198181527024,-0.055425198181527024,3.270512124718017
2022-09-14,12092.0254,12170.2529,12016.4316,12134.3994,,0.008374811499990864,0.008374811499990864,3.2979020472709646
2022-09-15,12034.4277,12153.3428,11867.8828,11927.4873,,-0.01705169684788843,-0.01705169684788843,3.2416672213268694
2022-09-16,11775.9355,11875.0928,11710.2559,11861.376,,-0.005542768425332967,-0.005542768425332967,3.2236994106070616
2022-09-19,11753.5986,11956.7881,11752.4307,11953.2744,,0.007747701447117006,0.007747701447117006,3.2486756711956923
2022-09-20,11855.835,11951.1299,11761.6934,11851.5371,,-0.008511249436388812,-0.008511249436388812,3.221025382220218
2022-09-21,11892.7168,12062.5205,11636.2451,11637.791,,-0.018035306154507214,-0.018035306154507214,3.162933203320438
2022-09-22,11574.3223,11617.9932,11448.8623,11501.6475,,-0.01169839705834208,-0.01169839705834208,3.1259319548389817
2022-09-23,11398.751,11402.4082,11169.6572,11311.2432,,-0.01655452403666502,-0.01655452403666502,3.0741836391556205
2022-09-26,11283.1436,11473.3594,11235.7373,11254.1123,,-0.005050806440091371,-0.005050806440091371,3.05865653263295
2022-09-27,11411.3428,11502.3809,11175.2871,11271.75,,0.001567222676461144,0.001567222676461144,3.063450128510398
2022-09-28,11258.7373,11546.8721,11210.8076,11493.8271,,0.01970209594783423,0.01970209594783423,3.1238065168737146
2022-09-29,11334.5703,11339.9062,11038.9443,11164.7803,,-0.02862813205185588,-0.02862813205185588,3.034377771404206
2022-09-30,11123.1074,11296.1572,10966.9512,10971.2227,,-0.01733644503510745,-0.01733644503510745,2.981772447954505
2022-10-03,11059.165,11296.4258,10985.0088,11229.7275,,0.023562077543098248,0.023562077543098248,3.0520292015890833
2022-10-04,11477.8486,11609.25,11462.3721,11582.5391,,0.03141764570867811,0.03141764570867811,3.1479167737371485
2022-10-05,11429.4717,11647.623,11312.5234,11573.1826,,-0.0008078107847699911,-0.0008078107847699911,3.1453738526177655
2022-10-06,11556.3955,11660.5527,11472.8301,11485.5039,,-0.0075760232107631165,-0.0075760232107631165,3.1215444273038058
2022-10-07,11272.4561,11293.6484,10991.6631,11039.4697,,-0.038834534721632896,-0.038834534721632896,3.0003207018565563
2022-10-10,11048.5117,11063.2139,10824.251,10926.9658,,-0.010191060173841526,-0.010191060173841526,2.969744253043114
2022-10-11,10865.3174,10981.9072,10716.334,10791.3477,,-0.012411322821198834,-0.012411322821198834,2.9328857984221957
2022-10-12,10810.2998,10886.4912,10754.8506,10785.6152,,-0.0005312126121188587,-0.0005312126121188587,2.9313278124961695
2022-10-13,10481.5811,11087.6602,10440.6387,11033.5801,,0.022990334385376565,0.022990334385376565,2.9987200190986107
2022-10-14,11130.0771,11152.8936,10677.4795,10692.0576,,-0.030953008625006384,-0.030953008625006384,2.905900612483472
2022-10-17,10967.2471,11090.8662,10959.7451,11062.5312,,0.03464942051939568,0.03464942051939568,3.006588384792981
2022-10-18,11368.7637,11374.375,11035.7969,11147.7354,,0.007702052853871377,0.007702052853871377,3.0297452874424917
2022-10-19,11081.8203,11231.46,11008.1104,11103.377,,-0.003979140014392479,-0.003979140014392479,3.0176895067358127
2022-10-20,11081.2246,11279.8115,11001.2773,11046.7061,,-0.005103933695127294,-0.005103933695127294,3.0022874195809517
2022-10-21,10998.166,11327.7725,10962.0088,11310.332,,0.023864661340089466,0.023864661340089466,3.0739359920948623
2022-10-24,11321.1084,11468.1826,11166.4893,11430.2617,,0.010603552574760755,0.010603552574760755,3.1065306339984895
2022-10-25,11482.8682,11681.8467,11480.4092,11669.9932,,0.02097340430971939,0.02097340430971939,3.1716851569858693
2022-10-26,11409.79,11657.0615,11388.3408,11405.8955,,-0.022630493049473288,-0.022630493049473288,3.0999083580855826
2022-10-27,11387.7148,11417.0371,11179.9033,11191.6309,,-0.018785425484566298,-0.018785425484566298,3.041675260615782
2022-10-28,11176.9941,11563.1553,11176.9941,11546.2061,,0.03168217422181052,0.03168217422181052,3.1380421461487824
2022-10-31,11465.208,11482.9902,11331.2627,11405.5693,,-0.012180347274417747,-0.012180347274417747,3.099819703046931
2022-11-01,11571.5254,11574.3906,11278.2842,11288.9521,,-0.010224583879385851,-0.010224583879385851,3.0681253364821544
2022-11-02,11300.2686,11410.9121,10903.4785,10906.3428,,-0.03389236632512593,-0.03389236632512593,2.964139308646701
2022-11-03,10769.4326,10852.1787,10680.8252,10690.5986,,-0.019781534833106518,-0.019781534833106518,2.905504083662526
2022-11-04,10911.9844,10934.6172,10632.3877,10857.0273,,0.01556776250115699,0.01556776250115699,2.9507362811831257
2022-11-07,10900.835,11001.1582,10817.5908,10976.999,,0.011050142611320535,0.011050142611320535,2.9833423378985966
2022-11-08,11039.5762,11191.9004,10897.5264,11059.4971,,0.007515542271617326,0.007515542271617326,3.005763773349779
2022-11-09,10971.4346,11012.6641,10790.3477,10797.5508,,-0.02368519089353527,-0.02368519089353527,2.934571684597117
2022-11-10,11350.4219,11612.2031,11235.7422,11605.9551,,0.07486922867730317,0.07486922867730317,3.154280803121157
2022-11-11,11604.3633,11840.0684,11535.5615,11817.0088,,0.018184948863019468,0.018184948863019468,3.2116412382255195
2022-11-14,11728.1143,11863.8154,11669.1025,11700.9404,,-0.009822147208691234,-0.009822147208691234,3.180096025202165
2022-11-15,12006.4531,12024.9531,11735.4033,11871.1484,,0.01454652311535587,0.01454652311535587,3.2263553655418193
2022-11-16,11767.418,11796.9873,11673.1357,11699.0869,,-0.014494090563302198,-0.014494090563302198,3.17959227868426
2022-11-17,11521.6396,11737.6143,11519.375,11676.8564,,-0.001900191031147913,-0.001900191031147913,3.1735504459535973
2022-11-18,11791.8467,11794.6797,11579.6396,11677.0176,,1.3805085416596086e-05,1.3805085416596086e-05,3.1735942570885776
2022-11-21,11623.3496,11664.9375,11524.4395,11553.4512,,-0.010582017106833819,-0.010582017106833819,3.1400112283699166
2022-11-22,11590.8252,11731.7627,11503.3418,11724.8379,,0.014834242775872974,0.014834242775872974,3.186590917250523
2022-11-23,11725.084,11866.4199,11722.0117,11838.7148,,0.00971244984120423,0.00971244984120423,3.2175405216987554
2022-11-25,11777.3301,11803.9082,11748.791,11756.0342,,-0.0069839168690843945,-0.0069839168690843945,3.195069486172301
2022-11-28,11684.0693,11764.833,11555.2568,11587.752,,-0.014314538145865474,-0.014314538145865474,3.1493335421337965
2022-11-29,11590.2969,11613.332,11450.3418,11503.4502,,-0.007275078030665627,-0.007275078030665627,3.1264218948701807
2022-11-30,11505.7432,12031.3369,11481.8857,12030.0596,,0.04577838742675655,0.04577838742675655,3.2695444476330424
2022-12-01,12030.2363,12115.3389,11928.6602,12041.8945,,0.00098377733722943,0.00098377733722943,3.272760951363688
2022-12-02,11845.5283,12027.6162,11825.5312,11994.2598,,-0.003955747992975711,-0.003955747992975711,3.259814733798842
2022-12-05,11899.5371,11957.3555,11732.1494,11786.7998,,-0.017296607165370848,-0.017296607165370848,3.2034309989164353
2022-12-06,11775.2051,11790.9297,11488.5996,11549.6855,,-0.020116936235737293,-0.020116936235737293,3.1389877817756493
2022-12-07,11490.9863,11577.6875,11431.9609,11497.3916,,-0.004527733677250234,-0.004527733677250234,3.1247752810836267
2022-12-08,11543.6768,11672.1396,11470.6846,11637.4951,,0.012185676966939063,0.012185676966939063,3.162852783253188
2022-12-09,11594.3818,11707.085,11550.3086,11563.3262,,-0.006373270137832399,-0.006373270137832399,3.1426950680593206
2022-12-12,11572.2617,11707.7139,11529.4062,11706.4395,,0.012376482123283905,0.012376482123283905,3.1815905773880893
2022-12-13,12141.2412,12166.4092,11724.9043,11834.2051,,0.01091412978301376,0.01091412978301376,3.2163148698661166
2022-12-14,11824.542,11941.2773,11617.4131,11740.9238,,-0.007882346064798096,-0.007882346064798096,3.190962763008476
2022-12-15,11573.3809,11591.3291,11300.3477,11345.2158,,-0.03370331046693276,-0.03370331046693276,3.0834167543183795
2022-12-16,11313.6357,11383.3887,11175.5352,11243.7217,,-0.008945982323227408,-0.008945982323227408,3.0558325625391043
2022-12-19,11242.9971,11251.5713,11029.7744,11084.5938,,-0.014152600379641167,-0.014152600379641167,3.0125845854543933
2022-12-20,11023.4658,11143.6221,10967.0703,11072.4248,,-0.0010978300350528158,-0.0010978300350528158,3.0092772796133445
2022-12-21,11110.6455,11285.7754,11083.3564,11235.8799,,0.014762358106058082,0.014762358106058082,3.0537013084554214
2022-12-22,11099.3633,11114.2285,10784.0156,10956.1436,,-0.024896697231518106,-0.024896697231518106,2.9776742315433156
2022-12-23,10911.04,11007.0908,10830.8975,10985.4463,,0.0026745450835456985,0.0026745450835456985,2.9856381555196907
2022-12-27,10944.2979,10957.4375,10807.6094,10822.5137,,-0.01483167779901673,-0.01483167779901673,2.941356132372572
2022-12-28,10807.1162,10898.6357,10671.1895,10679.3447,,-0.013228812082723418,-0.013228812082723418,2.902445484829049
2022-12-29,10800.7988,10981.0566,10776.6162,10951.0479,,0.025441935589924247,0.025441935589924247,2.9762893159073363
2022-12-30,10835.5908,10942.8975,10778.6416,10939.7617,,-0.001030604568901583,-0.001030604568901583,2.9732219385399894
2023-01-03,11038.4248,11093.1035,10770.9287,10862.6367,,-0.007049970750276913,-0.007049970750276913,2.9522608108392006
2023-01-04,10949.3428,10981.458,10785.5342,10914.8008,,0.0048021582089734505,0.0048021582089734505,2.9664380343270027
2023-01-05,10837.2461,10842.333,10728.2588,10741.2178,,-0.01590345102770918,-0.01590345102770918,2.9192614323213495
2023-01-06,10807.4551,11082.5938,10696.4229,11040.3545,,0.027849421319805945,0.027849421319805945,3.000561173892727
2023-01-09,11133.0664,11304.8438,11085.3252,11108.4453,,0.006167446887688222,0.006167446887688222,3.01906697556597
2023-01-10,11069.0479,11207.5566,11050.6807,11205.7793,,0.008762162244252192,0.008762162244252192,3.045520530232143
2023-01-11,11259.1553,11403.8896,11220.748,11402.5244,,0.017557466975991476,0.017557466975991476,3.098992156366398
2023-01-12,11441.4551,11500.8584,11246.0225,11459.6133,,0.005006689571302347,0.005006689571302347,3.1145078480772255
2023-01-13,11362.1299,11547.959,11347.6016,11541.4814,,0.007144054328604543,0.007144054328604543,3.1367580613507546
2023-01-17,11531.5449,11615.9512,11484.0234,11557.1855,,0.0013606658847102882,0.0013606658847102882,3.1410261410334246
2023-01-18,11636.6084,11690.2686,11403.3145,11410.2861,,-0.012710655202341492,-0.012710655202341492,3.1011016407732077
2023-01-19,11345.1855,11388.4648,11251.9375,11295.6699,,-0.010044989143611294,-0.010044989143611294,3.0699511084584055
2023-01-20,11363.8545,11623.1973,11329.5371,11619.0264,,0.028626589025941618,0.028626589025941618,3.1578333371699787
2023-01-23,11652.0029,11918.8584,11617.8271,11872.5439,,0.021819168945170775,0.021819168945170775,3.226734636254383
2023-01-24,11802.9492,11889.3721,11780.0732,11846.6445,,-0.002181453294099911,-0.002181453294099911,3.2196956653529396
2023-01-25,11636.0078,11841.8096,11550.0654,11814.6865,,-0.0026976415135948617,-0.0026976415135948617,3.211010080664942
2023-01-26,11972.5664,12055.8066,11853.373,12051.4795,,0.020042258421330006,0.020042258421330006,3.275365974495125
2023-01-27,12000.209,12248.1494,11999.873,12166.6006,,0.009552445407221555,0.009552445407221555,3.3066537291551605
2023-01-30,12047.1631,12087.6768,11906.1094,11912.3857,,-0.020894488802402078,-0.020894488802402078,3.237562889837907
2023-01-31,11915.9443,12104.127,11915.9443,12101.9297,,0.015911506290465338,0.015911506290465338,3.28907739212534
2023-02-01,12087.9209,12458.875,12010.7344,12363.1035,,0.021581169819553603,0.021581169819553603,3.360059529874451
2023-02-02,12655.1836,12880.9834,12600.7559,12803.1396,,0.03559268916579095,0.03559268916579095,3.479653084299826
2023-02-03,12520.9512,12828.7139,12520.9512,12573.3604,,-0.017947097913389998,-0.017947097913389998,3.4172034096912673
2023-02-06,12468.8047,12558.875,12411.877,12464.5146,,-0.008656858352680263,-0.008656858352680263,3.387621163811274
2023-02-07,12474.9502,12771.585,12419.7139,12728.2725,,0.02116070368275702,0.02116070368275702,3.459305611448121
2023-02-08,12680.0283,12709.4521,12471.1152,12495.377,,-0.018297494809291548,-0.018297494809291548,3.396008984978896
2023-02-09,12677.543,12679.543,12327.4375,12381.1699,,-0.00913994831848608,-0.00913994831848608,3.364969638367074
2023-02-10,12306.5928,12375.7168,12204.2148,12304.917,,-0.006158779874267051,-0.006158779874267051,3.3442455310807793
2023-02-13,12356.498,12522.7803,12313.4453,12502.3135,,0.016042083014456754,0.016042083014456754,3.3978941955111033
2023-02-14,12413.0957,12627.3965,12356.3223,12590.8867,,0.007084544792449687,0.007084544792449687,3.4219667291392066
2023-02-15,12531.5996,12689.3389,12486.417,12687.8936,,0.007704532834847955,0.007704532834847955,3.448331384163617
2023-02-16,12495.0732,12653.3994,12439.998,12442.4805,,-0.019342304383763054,-0.019342304383763054,3.381632708915041
2023-02-17,12352.3027,12385.5186,12233.7939,12358.1846,,-0.006774846864336936,-0.006774846864336936,3.358722665160709
2023-02-21,12205.2119,12257.0615,12058.2305,12060.2988,,-0.02410433325296013,-0.02410433325296013,3.2777628947354045
2023-02-22,12085.6738,12156.2139,12006.0371,12066.2715,,0.0004952364861805503,0.0004952364861805503,3.2793861625139265
2023-02-23,12224.4443,12227.4023,12003.3057,12180.1396,,0.00943689191810404,0.00943689191810404,3.3103333752872968
2023-02-24,11979.7998,12018.3203,11900.8389,11969.6523,,-0.017281189453690726,-0.017281189453690726,3.2531268770740813
2023-02-27,12106.792,12159.6377,12034.6123,12057.7881,,0.007363271529616577,0.007363271529616577,3.2770805335902717
2023-02-28,12041.7461,12146.5234,12021.3213,12042.1162,,-0.001299732576988899,-0.001299732576988899,3.272821205263348
2023-03-01,12026.7197,12054.4766,11906.5791,11938.5664,,-0.008598970337123979,-0.008598970337123979,3.244678312800578
2023-03-02,11830.0938,12074.5869,11830.0938,12044.8691,,0.008904142795570502,0.008904142795570502,3.273569391823445
2023-03-03,12110.7051,12300.457,12095.2412,12290.8076,,0.02041852825117041,0.02041852825117041,3.340410860932559
2023-03-06,12344.6484,12466.877,12297.5654,12302.4844,,0.0009500433478430992,0.0009500433478430992,3.343584396050051
2023-03-07,12303.1904,12344.0449,12130.0068,12152.1699,,-0.012218223174499498,-0.012218223174499498,3.3027317356963373
2023-03-08,12181.0576,12237.7197,12102.2764,12215.333,,0.0051976807862108565,0.0051976807862108565,3.3198982809809747
2023-03-09,12230.8369,12340.4492,11970.3418,11995.8828,,-0.01796514266127669,-0.01796514266127669,3.2602558347422246
2023-03-10,12001.6953,12069.623,11789.8594,11830.2822,,-0.013804786422221493,-0.013804786422221493,3.2152486992618066
2023-03-13,11752.0967,12073.9551,11695.4131,11923.167,,0.007851444152363385,0.007851444152363385,3.24049304486002
2023-03-14,12078.4619,12217.8711,12035.2168,12199.7861,,0.02320013633961504,0.02320013633961504,3.315672925308347
2023-03-15,12083.2393,12269.4463,12026.1807,12251.3213,,0.00422427078455101,0.00422427078455101,3.329679225577854
2023-03-16,12211.8662,12595.6943,12190.6523,12581.3906,,0.026941526707001007,0.026941526707001007,3.419385867359506
2023-03-17,12570.1582,12674.3438,12444.0781,12519.875,,-0.004889411827020185,-0.004889411827020185,3.4026670816584925
2023-03-20,12487.7939,12578.3467,12407.8164,12562.6074,,0.003413165067542634,0.003413165067542634,3.4142809460780867
2023-03-21,12643.3496,12762.4521,12582.7598,12741.4375,,0.01423511014122747,0.01423511014122747,3.4628836113986026
2023-03-22,12742.4062,12943.6172,12563.7783,12567.1514,,-0.013678684214398884,-0.013678684214398884,3.4155159200070644
2023-03-23,12735.5957,12900.1025,12611.6719,12729.2324,,0.012897194824914804,0.012897194824914804,3.459566494254993
2023-03-24,12700.5078,12770.2783,12608.1543,12767.0479,,0.002970760436426634,0.002970760436426634,3.469844037523313
2023-03-27,12797.8945,12839.4238,12647.9434,12673.0693,,-0.007361028229556532,-0.007361028229556532,3.4443024176109454
2023-03-28,12654.9092,12654.9092,12517.8721,12610.5693,,-0.004931717685785819,-0.004931717685785819,3.4273160904628184
2023-03-29,12768.1436,12867.3184,12734.6816,12846.0312,,0.018671789861223864,0.018671789861223864,3.4913102162919314
2023-03-30,12934.9932,12987.9727,12894.1377,12963.1426,,0.009116543325848436,0.009116543325848436,3.5231388971427338
2023-03-31,12968.958,13188.833,12968.0029,13181.3506,,0.016832955305143393,0.016832955305143393,3.5824437367321496
2023-04-03,13084.0967,13157.4746,13036.5479,13148.3506,,-0.0025035370806387736,-0.0025035370806387736,3.5734749559979386
2023-04-04,13165.3242,13204.0781,13049.9775,13100.0752,,-0.003671593606577539,-0.003671593606577539,3.5603546081962314
2023-04-05,13056.791,13065.2754,12894.4424,12967.1992,,-0.010143147880555703,-0.010143147880555703,3.524241404898079
2023-04-06,12892.8984,13078.1016,12846.0283,13062.5967,,0.0073568315353713665,0.0073568315353713665,3.5501686552038945
2023-04-10,12936.5215,13051.8545,12861.5195,13051.2334,,-0.0008699112635086603,-0.0008699112635086603,3.547080323503377
2023-04-11,13040.4873,13049.5596,12947.6562,12964.1553,,-0.006672020745564056,-0.006672020745564056,3.5234141299987805
2023-04-12,13043.9736,13071.9795,12833.3086,12848.3477,,-0.008932907491473796,-0.008932907491473796,3.4919397975213498
2023-04-13,12922.8955,13124.4141,12920.0244,13109.3887,,0.020317087153548963,0.020317087153548963,3.5628858427225367
2023-04-14,13044.6943,13152.2842,12962.5059,13079.5156,,-0.002278756140627558,-0.002278756140627558,3.554766894730078
2023-04-17,13053.2578,13105.6836,12981.2627,13087.7139,,0.0006268045584196802,0.0006268045584196802,3.5569950388238136
2023-04-18,13180.3086,13196.1807,13044.208,13091.793,,0.0003116739891448894,0.0003116739891448894,3.558103661656932
2023-04-19,12992.5117,13128.249,12988.1973,13088.7148,,-0.00023512440198225626,-0.00023512440198225626,3.557267064661294
2023-04-20,12962.2881,13107.9229,12933.7969,12985.9805,,-0.007849074685315927,-0.007849074685315927,3.5293458097951533
2023-04-21,12970.3213,13030.8467,12899.6387,13000.7676,,0.0011386972281377528,0.0011386972281377528,3.533364666085906
2023-04-24,12981.7109,13044.2246,12883.7744,12969.7578,,-0.002385228392206562,-0.002385228392206562,3.524936784364338
2023-04-25,12905.0859,12933.2822,12724.2432,12725.1084,,-0.01886306620159095,-0.01886306620159095,3.4584456684444507
2023-04-26,12866.6416,12929.6182,12783.418,12806.4844,,0.006394916054310418,0.006394916054310418,3.4805621381725467
2023-04-27,12963.207,13175.6182,12938.498,13160.0264,,0.027606483478010757,0.027606483478010757,3.576648219334196
2023-04-28,13139.3486,13247.3877,13096.9355,13245.9863,,0.006531894191336818,0.006531894191336818,3.6000105070625206
2023-05-01,13229.1152,13287.4707,13186.3965,13231.4678,,-0.0010960678707632177,-0.0010960678707632177,3.5960646512113192
2023-05-02,13225.4844,13241.5303,13046.7861,13113.6592,,-0.008903668268761544,-0.008903668268761544,3.564046484483914
2023-05-03,13123.1025,13231.7061,13026.042,13030.208,,-0.006363685278629183,-0.006363685278629183,3.5413660143382537
2023-05-04,13014.0742,13064.0166,12938.4541,12982.4805,,-0.0036628348526747123,-0.0036628348526747123,3.528394575474858
2023-05-05,13070.6953,13291.1084,13059.9111,13259.1318,,0.021309587177889444,0.021309587177889444,3.6035832072789318
2023-05-08,13247.0938,13302.4326,13193.0801,13291.6426,,0.002451955413852902,0.002451955413852902,3.612419032633289
2023-05-09,13228.6426,13254.8066,13193.8818,13201.1143,,-0.006810918915319042,-0.006810918915319042,3.5878151395138684
2023-05-10,13308.415,13384.418,13204.7871,13347.8271,,0.01111366788180912,0.01111366788180912,3.627688925395752
2023-05-11,13376.8545,13411.6982,13306.083,13389.7783,,0.003142923539966924,0.003142923539966924,3.639090474315056
2023-05-12,13407.0195,13427.415,13256.5596,13340.1758,,-0.0037045049506159167,-0.0037045049506159167,3.6256094456372168
2023-05-15,13352.2637,13419.8096,13297.8477,13413.5088,,0.005497153943053723,0.005497153943053723,3.645539978897274
2023-05-16,13385.3691,13498.4355,13384.7744,13426.0146,,0.0009323287580056405,0.0009323287580056405,3.648938820658059
2023-05-17,13474.5186,13608.3262,13419.3467,13589.2637,,0.012159163002846585,0.012159163002846585,3.6933068625658554
2023-05-18,13608.9463,13844.7637,13606.8057,13834.6162,,0.01805487813147666,0.01805487813147666,3.759989067871629
2023-05-19,13842.6924,13874.4219,13763.8965,13803.4893,,-0.002249928696973935,-0.002249928696973935,3.751529360567516
2023-05-22,13805.335,13893.709,13792.9697,13849.7432,,0.0033508846201664166,0.0033508846201664166,3.764100302603944
2023-05-23,13773.6826,13827.1045,13662.9102,13672.5381,,-0.012794829293297005,-0.012794829293297005,3.715939281789279
2023-05-24,13589.0186,13655.7334,13520.9199,13604.4824,,-0.004977546926711374,-0.004977546926711374,3.697443019637363
2023-05-25,13920.8877,13986.8691,13812.1846,13938.5312,,0.02455431895005411,0.02455431895005411,3.7882312148411903
2023-05-26,13990.5527,14329.4893,13982.1611,14298.4092,,0.025818932772486036,0.025818932772486036,3.8860393019038084
2023-05-30,14465.5889,14520.1699,14301.0762,14354.9863,,0.003956880741670332,0.003956880741670332,3.9014158959788854
2023-05-31,14293.5576,14375.377,14216.1562,14254.0898,,-0.007028672678008774,-0.007028672678008774,3.873994120665269
2023-06-01,14269.0928,14493.3096,14219.9355,14441.5127,,0.013148710484481407,0.013148710484481407,3.92493214777648
2023-06-02,14517.0771,14595.8105,14442.1514,14546.6406,,0.00727956289509768,0.00727956289509768,3.9535039382052095
2023-06-05,14550.126,14662.9463,14516.8779,14556.4971,,0.0006775791243511797,0.0006775791243511797,3.9561827499417777
2023-06-06,14526.1006,14593.498,14476.9922,14558.0947,,0.00010975167920035389,0.00010975167920035389,3.956616947641807
2023-06-07,14573.2725,14647.9053,14283.8848,14303.2871,,-0.017502812370083,-0.017502812370083,3.8873650235869417
2023-06-08,14319.2354,14503.3086,14314.6943,14484.543,,0.012672324811266567,0.012672324811266567,3.936626975825793
2023-06-09,14574.2373,14672.8516,14487.4756,14528.3604,,0.0030251144271518093,0.0030251144271518093,3.948535722884678
2023-06-12,14617.3516,14789.6035,14571.3584,14784.3008,,0.017616605931664697,0.017616605931664697,4.018095520721838
2023-06-13,14911.2617,14931.8252,14770.1357,14900.8525,,0.007883477316695364,0.007883477316695364,4.049772085615763
2023-06-14,14894.0967,15017.1045,14784.6201,15005.6924,,0.007035832345833937,0.007035832345833937,4.078265603048994
2023-06-15,14949.6973,15246.6182,14930.1221,15185.4766,,0.01198106659843301,0.01198106659843301,4.127127574845223
2023-06-16,15272.6504,15284.6504,15073.4492,15083.918,,-0.00668787702060003,-0.00668787702060003,4.09952585317633
2023-06-20,15036.4844,15127.4199,14946.7246,15070.1494,,-0.0009127999767699624,-0.0009127999767699624,4.095783806072784
2023-06-21,15019.0098,15038.8984,14826.0225,14867.4502,,-0.013450377605413899,-0.013450377605413899,4.040693967290965
2023-06-22,14797.8906,15044.2207,14794.9541,15042.3193,,0.011761875617380513,0.011761875617380513,4.088220107142141
2023-06-23,14879.2305,14983.7324,14821.8096,14891.4824,,-0.010027502873177219,-0.010027502873177219,4.047225468271593
2023-06-26,14866.6611,14982.8164,14687.0225,14689.0215,,-0.013595751891027352,-0.013595751891027352,3.9922003949579254
2023-06-27,14751.5684,14972.3145,14726.748,14945.9072,,0.017488278575941818,0.017488278575941818,4.062017107595935
2023-06-28,14876.251,15051.0762,14865.8066,14964.5752,,0.0012490375960583222,0.0012490375960583222,4.067090719679154
2023-06-29,14965.5479,14986.8867,14876.9424,14939.9512,,-0.0016454860676565763,-0.0016454860676565763,4.0603983785640265
2023-06-30,15085.2422,15213.752,15081.5664,15179.208,,0.016014563688802497,0.016014563688802497,4.12542388699945
2023-07-03,15190.541,15232.9609,15153.5967,15208.6934,,0.0019424860638315167,0.0019424860638315167,4.1334374654073445
2023-07-05,15165.3584,15275.1816,15162.6582,15203.7773,,-0.0003232427579873409,-0.0003232427579873409,4.132101361681058
2023-07-06,15054.1035,15106.4531,14969.1445,15089.4482,,-0.0075197826003409185,-0.0075197826003409185,4.101028857758644
2023-07-07,15070.501,15210.627,15032.5625,15036.8516,,-0.003485654299804075,-0.003485654299804075,4.086734088886977
2023-07-10,15031.9463,15066.4355,14924.6357,15045.6387,,0.0005843709995780877,0.0005843709995780877,4.08912225777151
2023-07-11,15068.1318,15135.291,14974.1602,15119.0615,,0.0048800055261197794,0.0048800055261197794,4.109077196986413
2023-07-12,15279.3525,15364.0918,15209.708,15307.2256,,0.01244548810122903,0.01244548810122903,4.160216668348539
2023-07-13,15432.4785,15602.7393,15420.7129,15571.9766,,0.017295818779857752,0.017295818779857752,4.23217102192924
2023-07-14,15610.002,15720.0557,15530.999,15565.5977,,-0.0004096397113774186,-0.0004096397113774186,4.230437356613317
2023-07-17,15608.2842,15745.667,15576.5117,15713.2773,,0.009487563718802772,0.009487563718802772,4.270573900592589
2023-07-18,15671.7217,15895.6777,15607.7119,15841.3516,,0.008150705772881572,0.008150705772881572,4.305382091937667
2023-07-19,15888.1562,15932.0508,15781.959,15826.3525,,-0.0009468320872316749,-0.0009468320872316749,4.301305618025228
2023-07-20,15717.6729,15771.8438,15429.8682,15466.0879,,-0.02276359003124695,-0.02276359003124695,4.203392460337402
2023-07-21,15554.9551,15600.5381,15410.5654,15425.6738,,-0.0026130783855172757,-0.0026130783855172757,4.192408666353447
2023-07-24,15475.1533,15504.668,15374.6553,15448.0205,,0.001448669295729621,0.001448669295729621,4.1984820800635445
2023-07-25,15483.0635,15622.6865,15482.0391,15561.415,,0.007340390310849321,0.007340390310849321,4.2293005772443175
2023-07-26,15514.042,15571.1562,15411.9053,15499.2646,,-0.00399387844871435,-0.00399387844871435,4.212409264815726
2023-07-27,15734.0273,15795.5127,15416.0469,15464.9297,,-0.002215259942074943,-0.002215259942074943,4.203077683311754
2023-07-28,15630.1738,15788.4756,15617.748,15750.9277,,0.01849332687234906,0.01849332687234906,4.280806572779114
2023-07-31,15774.2969,15803.5518,15702.7363,15756.999,,0.0003854566610701493,0.0003854566610701493,4.2824566381873455
2023-08-01,15696.9824,15748.4268,15636.5654,15718.0088,,-0.002474468647234218,-0.002474468647234218,4.271859833503011
2023-08-02,15561.1475,15561.3564,15321.4375,15370.7393,,-0.022093733654100056,-0.022093733654100056,4.177478500133947
2023-08-03,15287.7734,15436.5908,15270.7227,15353.541,,-0.0011188986856344174,-0.0011188986856344174,4.172804324930881
2023-08-04,15420.7393,15523.3145,15258.6855,15274.915,,-0.005121033642988215,-0.005121033642988215,4.151435253597303
2023-08-07,15355.6221,15410.8535,15258.9199,15407.8545,,0.008703125352906849,0.008703125352906849,4.187565715003838
2023-08-08,15279.4141,15295.7998,15148.2461,15273.0488,,-0.008749154530242942,-0.008749154530242942,4.1509280554577215
2023-08-09,15286.9873,15288.7607,15077.9111,15101.707,,-0.011218572155678563,-0.011218572155678563,4.104360569554538
2023-08-10,15217.2939,15366.2871,15072.4922,15128.8369,,0.0017964790337940961,0.0017964790337940961,4.1117339672648745
2023-08-11,15010.5244,15102.5303,14973.665,15028.0713,,-0.006660498798820469,-0.006660498798820469,4.084347768114838
2023-08-14,14988.417,15206.2627,14972.0107,15205.5859,,0.0118122010773265,0.0118122010773265,4.13259290522154
2023-08-15,15172.0791,15192.8838,15014.3652,15037.6475,,-0.011044520158871363,-0.011044520158871363,4.086950399571411
2023-08-16,15021.6299,15077.0479,14874.0234,14876.4697,,-0.010718285556301277,-0.010718285556301277,4.043145298134366
2023-08-17,14943.3359,14949.585,14698.2881,14715.8105,,-0.010799551455410117,-0.010799551455410117,3.999481142445464
2023-08-18,14589.7139,14744.5684,14557.8291,14694.8369,,-0.001425242598768084,-0.001425242598768084,3.993780911548281
2023-08-21,14762.0068,14958.8652,14739.3672,14936.6855,,0.01645806630218538,0.01645806630218538,4.059510822586945
2023-08-22,15035.0732,15037.7939,14883.9824,14908.9619,,-0.001856074428292609,-0.001856074428292609,4.051976068357764
2023-08-23,14947.5752,15188.8633,14947.5752,15148.0557,,0.016036918036526737,0.016036918036526737,4.116957276451985
2023-08-24,15278.9307,15279.2432,14814.834,14816.4424,,-0.02189147614502107,-0.02189147614502107,4.026831004444466
2023-08-25,14858.9307,15001.291,14715.3613,14941.8271,,0.008462537538700854,0.008462537538700854,4.060908212981582
2023-08-28,15035.4785,15086.2314,14948.9238,15052.46,,0.007404241747650753,0.007404241747650753,4.090976159105518
2023-08-29,15043.0244,15391.5605,15034.5439,15376.5479,,0.021530560453241643,0.021530560453241643,4.179057168611909
2023-08-30,15386.666,15484.8262,15341.9434,15462.4307,,0.005585310861614179,0.005585310861614179,4.202398502007064
2023-08-31,15475.4307,15575.0146,15466.4102,15501.0742,,0.0024991866252954686,0.0024991866252954686,4.212901080137442
2023-09-01,15600.9531,15618.8535,15429.3594,15490.8633,,-0.0006587220903695457,-0.0006587220903695457,4.210125949131413
2023-09-05,15460.5225,15556.8467,15419.96,15508.2354,,0.001121441695247416,0.001121441695247416,4.214847359913012
2023-09-06,15467.3223,15486.998,15289.4795,15371.4434,,-0.008820603793517345,-0.008820603793517345,4.177669861301068
2023-09-07,15174.2217,15288.1963,15138.7256,15258.5225,,-0.007346148117749363,-0.007346148117749363,4.146980079712892
2023-09-08,15265.5742,15374.2197,15244.0615,15280.2305,,0.0014226803414290057,0.0014226803414290057,4.152879906748597
2023-09-11,15409.7744,15482.8408,15328.3467,15461.8652,,0.011886908381388617,0.011886908381388617,4.202244809719027
2023-09-12,15390.5879,15447.8486,15278.8799,15289.7363,,-0.011132479670046491,-0.011132479670046491,4.155463404806272
2023-09-13,15293.2676,15414.6094,15256.5996,15348.5254,,0.0038450041810074165,0.0038450041810074165,4.171441178971775
2023-09-14,15433.0127,15512.8174,15337.1816,15473.8936,,0.008168094115412528,0.008168094115412528,4.205513903118524
2023-09-15,15425.9482,15435.4502,15173.709,15202.3984,,-0.017545370739785793,-0.017545370739785793,4.131726602536985
2023-09-18,15161.168,15268.9619,15155.4609,15225.3721,,0.00151118918183335,0.00151118918183335,4.137970423081033
2023-09-19,15152.5312,15219.9229,15069.415,15191.2344,,-0.002242158666191263,-0.002242158666191263,4.128692436836478
2023-09-20,15225.3438,15245.1924,14967.6025,14969.9229,,-0.014568368453323322,-0.014568368453323322,4.068544124186195
2023-09-21,14813.4844,14849.248,14691.6895,14694.2432,,-0.01841557246764436,-0.01841557246764436,3.9936195550294356
2023-09-22,14756.624,14855.9199,14686.8438,14701.0967,,0.00046640714371726233,0.00046640714371726233,3.9954822077191903
2023-09-25,14662.6914,14771.1182,14615.4482,14768.8955,,0.004611819198495626,0.004611819198495626,4.013908649271998
2023-09-26,14668.4541,14678.4814,14505.6758,14545.8262,,-0.015103993389349979,-0.015103993389349979,3.953282599567938
2023-09-27,14600.1387,14657.2109,14432.5967,14580.1592,,0.0023603334405302157,0.0023603334405302157,3.9626136646875647
2023-09-28,14530.96,14787.584,14510.1699,14702.7656,,0.008409126287180824,0.008409126287180824,3.995935783421231
2023-09-29,14853.3467,14901.8525,14664.7773,14715.2441,,0.0008487178765876902,0.0008487178765876902,3.9993272055543168
2023-10-02,14717.8965,14892.1758,14701.5234,14837.5693,,0.008312821667701753,0.008312821667701753,4.032572899404878
2023-10-03,14744.0498,14819.8662,14504.1436,14565.6162,,-0.018328682717593026,-0.018328682717593026,3.9586611501961215
2023-10-04,14613.2266,14803.043,14592.5547,14776.2529,,0.014461228217725441,0.014461228217725441,4.015908252525751
2023-10-05,14769.5537,14784.6855,14584.3857,14723.2227,,-0.0035888801009895666,-0.0035888801009895666,4.001495639310861
2023-10-06,14622.2275,15021.3828,14575.9473,14973.2412,,0.01698123468580004,0.01698123468580004,4.069445975856206
2023-10-09,14871.5723,15070.6416,14816.3203,15047.1543,,0.004936346046439111,0.004936346046439111,4.089534169410321
2023-10-10,15074.0439,15241.9424,15050.5391,15131.5195,,0.0056067212655619425,0.0056067212655619425,4.112463047604195
2023-10-11,15194.5303,15248.2168,15119.6152,15241.1162,,0.007242940803136033,0.007242940803136033,4.142249374013077
2023-10-12,15264.1084,15333.9785,15090.6934,15184.1006,,-0.003740907112826819,-0.003740907112826819,4.126753603866729
2023-10-13,15225.7285,15232.3672,14943.418,14995.1152,,-0.012446268961100015,-0.012446268961100015,4.075390918576815
2023-10-16,15054.4775,15209.4971,15047.2695,15172.7324,,0.011845004031713069,0.011845004031713069,4.123663940438164
2023-10-17,15009.2588,15187.0596,14932.7695,15122.0117,,-0.003342885029726239,-0.003342885029726239,4.109879005984052
2023-10-18,15022.2842,15103.8721,14865.8086,14909.2598,,-0.01406902098878815,-0.01406902098878815,4.0520570319874825
2023-10-19,14981.125,15023.9092,14749.3018,14783.127,,-0.008460030993624468,-0.008460030993624468,4.017776503908935
2023-10-20,14752.585,14781.2217,14552.1221,14560.877,,-0.015034031703847206,-0.015034031703847206,3.957373124570195
2023-10-23,14514.1123,14746.3662,14419.0596,14604.8506,,0.003019982930973164,0.003019982930973164,3.969324323857889
2023-10-24,14678.4092,14774.1611,14610.3281,14745.8555,,0.009654662266795011,0.009654662266795011,4.007646809632112
2023-10-25,14642.0762,14643.6943,14362.2402,14381.6406,,-0.024699475727264497,-0.024699475727264497,3.9086600345341544
2023-10-26,14314.0137,14372.5088,14058.333,14109.5732,,-0.018917688709311764,-0.018917688709311764,3.8347172207303095
2023-10-27,14245.749,14321.0391,14130.3691,14180.4209,,0.00502125039473178,0.00502125039473178,3.8539722960885867
2023-10-30,14283.9805,14388.2021,14225.8584,14335.5068,,0.010936621775450961,0.010936621775450961,3.896121733423974
2023-10-31,14340.8584,14420.4434,14232.4023,14409.7832,,0.005181288742439172,0.005181288742439172,3.9163086651005363
2023-11-01,14453.6758,14677.8613,14441.8945,14664.9053,,0.01770478406642506,0.01770478406642506,3.985646064353611
2023-11-02,14856.9482,14930.7646,14792.8086,14919.5449,,0.017363876192231453,0.017363876192231453,4.054852329161102
2023-11-03,14985.1221,15149.7812,14965.2871,15099.4912,,0.012061111864075658,0.012061111864075658,4.103758356695422
2023-11-06,15137.165,15180.1934,15064.9062,15154.9268,,0.0036713554957401584,0.0036713554957401584,4.118824712491465
2023-11-07,15201.7705,15335.4424,15153.3096,15296.0186,,0.009309962486918844,0.009309962486918844,4.157170816054954
2023-11-08,15313.9014,15343.1865,15220.8848,15313.2412,,0.0011259531287441948,0.0011259531287441948,4.161851595542016
2023-11-09,15351.1221,15382.1064,15171.3154,15187.8975,,-0.008185314811080091,-0.008185314811080091,4.127785530035509
2023-11-10,15252.3633,15535.2021,15237.1738,15529.1191,,0.02246667782686851,0.02246667782686851,4.220523157677226
2023-11-13,15469.209,15524.6621,15404.707,15482.7871,,-0.002983556227603379,-0.002983556227603379,4.207930989526393
2023-11-14,15744.3613,15850.3369,15726.124,15812.4727,,0.0212936855535526,0.0212936855535526,4.297533348848418
2023-11-15,15881.7207,15904.627,15765.3057,15817.1758,,0.0002974297625191191,0.0002974297625191191,4.298811563171784
2023-11-16,15765.1982,15842.6338,15738.2236,15833.1729,,0.0010113752418430266,0.0010113752418430266,4.3031592747561245
2023-11-17,15803.9824,15876.8662,15766.9443,15837.9932,,0.00030444308480959137,0.00030444308480959137,4.304469341840159
2023-11-20,15845.1963,16056.7559,15844.8281,16027.0635,,0.011937768731962839,0.011937768731962839,4.3558551013568705
2023-11-21,15951.5518,15968.0859,15866.8154,15933.6201,,-0.0058303506440839925,-0.0058303506440839925,4.330458938761138
2023-11-22,16025.7432,16119.3135,15964.0381,16001.3857,,0.0042529945847020745,0.0042529945847020745,4.348876357176964
2023-11-24,15974.8506,16007.4258,15940.623,15982.0137,,-0.0012106451505634608,-0.0012106451505634608,4.343611411104748
2023-11-27,15969.7197,16045.3008,15932.1924,15961.9805,,-0.0012534840963125404,-0.0012534840963125404,4.338166763280365
2023-11-28,15940.2939,16031.5156,15921.0674,16010.4287,,0.0030352248582186103,0.0030352248582186103,4.351334074879372
2023-11-29,16111.3623,16166.5117,15976.6885,15987.6006,,-0.0014258269049348682,-0.0014258269049348682,4.345129825683049
2023-11-30,15987.6631,16013.4814,15825.668,15947.8691,,-0.0024851446439061453,-0.0024851446439061453,4.334331549569677
2023-12-01,15892.5859,16013.75,15834.9268,15997.5791,,0.003117030851476077,0.003117030851476077,4.347841794730211
2023-12-04,15837.123,15852.4473,15695.584,15839.6689,,-0.009870881025992206,-0.009870881025992206,4.304924765654592
2023-12-05,15763.6553,15931.8418,15760.5879,15877.709,,0.002401571664165214,0.002401571664165214,4.315263350988152
2023-12-06,15990.1953,15990.9365,15776.9512,15788.0479,,-0.005646979674460706,-0.005646979674460706,4.290895146555177
2023-12-07,15888.2334,16042.5078,15875.4766,16022.4873,,0.014849169541726548,0.014849169541726548,4.354611376072146
2023-12-08,15952.8535,16100.8564,15937.5771,16084.6885,,0.0038821188517965677,0.0038821188517965677,4.371516494987444
2023-12-11,16069.6152,16232.2549,16061.874,16221.7344,,0.008520270690974163,0.008520270690974163,4.408762998854795
2023-12-12,16209.6113,16354.2471,16175.4609,16354.2471,,0.00816883674288249,0.00816883674288249,4.444777464030501
2023-12-13,16392.1777,16581.041,16357.21,16562.3691,,0.012725868621613179,0.012725868621613179,4.50134111809006
2023-12-14,16603.5391,16660.709,16419.2617,16537.8262,,-0.0014818471833235591,-0.0014818471833235591,4.49467081843304
2023-12-15,16586.998,16669.7734,16557.0098,16623.4473,,0.005177288657199686,0.005177288657199686,4.51794102667916
2023-12-18,16631.1133,16764.3164,16629.2891,16729.8027,,0.006397914829615381,0.006397914829615381,4.546846428573079
2023-12-19,16734.2539,16813.0117,16733.377,16811.8555,,0.004904588623749984,0.004904588623749984,4.569146839840596
2023-12-20,16763.6406,16860.6758,16552.0645,16554.1582,,-0.015328308050232775,-0.015328308050232775,4.499109549552772
2023-12-21,16719.6113,16768.0234,16621.5176,16757.4082,,0.012277881940260693,0.012277881940260693,4.5543490854384805
2023-12-22,16799.0195,16839.252,16703.5703,16777.4043,,0.0011932692550866708,0.0011932692550866708,4.5597836501790665
2023-12-26,16816.7832,16907.5117,16813.5664,16878.4609,,0.006023375141528842,0.006023375141528842,4.587248937668305
2023-12-27,16896.1426,16922.0137,16859.5527,16906.8008,,0.0016790571230345108,0.0016790571230345108,4.594951190672229
2023-12-28,16963.5176,16969.1699,16891.3242,16898.4727,,-0.0004925887575373267,-0.0004925887575373267,4.592687769374272
2023-12-29,16902.4453,16919.5098,16757.8848,16825.9316,,-0.004292760729790568,-0.004292760729790568,4.572972459673712
2024-01-02,16667.2988,16686.6035,16453.1504,16543.9375,,-0.016759494018149912,-0.016759494018149912,4.496331755090646
2024-01-03,16413.2559,16471.0762,16352.1416,16368.4902,,-0.010604930053682793,-0.010604930053682793,4.448648471329757
2024-01-04,16290.7754,16419.4375,16276.4307,16282.0127,,-0.00528316899991188,-0.00528316899991188,4.425145509634522
2024-01-05,16281.7441,16415.3926,16249.1895,16305.9795,,0.0014719801809268684,0.0014719801809268684,4.431659236122422
2024-01-08,16354.2207,16655.2305,16349.3906,16649.875,,0.021090146715810665,0.021090146715810665,4.525123579606721
2024-01-09,16531.9609,16710.8848,16513.7344,16678.7051,,0.0017315505371662265,0.0017315505371662265,4.532959059771732
2024-01-10,16702.5527,16827.3672,16654.7402,16793.0449,,0.006855436277244387,0.006855436277244387,4.564034471753355
2024-01-11,16852.1895,16898.1562,16618.8574,16820.9004,,0.0016587521897233337,0.0016587521897233337,4.571605073927349
2024-01-12,16855.0039,16900.3691,16776.918,16832.918,,0.0007144445133271393,0.0007144445133271393,4.574871232089515
2024-01-16,16775.0977,16895.3262,16726.5898,16830.709,,-0.0001312309606690265,-0.0001312309606690265,4.574270867342791
2024-01-17,16705.5078,16749.1133,16561.4902,16736.2793,,-0.005610559840348972,-0.005610559840348972,4.548606646915599
2024-01-18,16894.3301,16996.9844,16818.127,16982.2891,,0.014699193027927215,0.014699193027927215,4.615467494026724
2024-01-19,17060.1445,17317.2129,17041.8516,17314.0039,,0.019532985102697298,0.019532985102697298,4.705621351829532
2024-01-22,17403.6191,17450.3008,17309.8652,17330.3809,,0.0009458817321856827,0.0009458817321856827,4.71007231310481
2024-01-23,17346.9512,17410.8633,17286.0176,17404.2051,,0.004259814047133714,0.004259814047133714,4.73013634530719
2024-01-24,17562.3164,17665.2598,17481.9707,17499.2988,,0.005463834714289906,0.005463834714289906,4.755981028474004
2024-01-25,17589.2695,17631.3379,17430.375,17516.9883,,0.0010108690755084027,0.0010108690755084027,4.760788702619393
2024-01-26,17432.873,17514.7559,17395.5352,17421.0098,,-0.005479166758363463,-0.005479166758363463,4.734703547416408
2024-01-29,17438.0293,17603.9531,17414.623,17596.2695,,0.010060249205531058,0.010060249205531058,4.782335845017729
2024-01-30,17556.4902,17578.457,17443.7734,17476.709,,-0.006794650422920601,-0.006794650422920601,4.749841544745831
2024-01-31,17269.9746,17375.3223,17128.7383,17137.2363,,-0.01942429206780283,-0.01942429206780283,4.657579235304905
2024-02-01,17216.9941,17356.7617,17175.8281,17344.709,,0.012106543690478144,0.012106543690478144,4.713966421808987
2024-02-02,17415.9395,17682.291,17378.373,17642.7324,,0.01718238109385406,0.01718238109385406,4.7949635893321405
2024-02-05,17634.6934,17655.7734,17469.6172,17613.0352,,-0.0016832540066187285,-0.0016832540066187285,4.786892447658807
2024-02-06,17664.4395,17680.6172,17475.4336,17572.7344,,-0.0022881235143388245,-0.0022881235143388245,4.7759394464887075
2024-02-07,17674.5938,17784.1699,17637.7305,17755.0723,,0.010376182547890744,0.010376182547890744,4.825495466023146
2024-02-08,17757.5977,17814.1211,17728.5547,17783.166,,0.001582291501003974,0.001582291501003974,4.833130806487168
2024-02-09,17820.9805,17987.8965,17798.8125,17962.4043,,0.010079099525922341,0.010079099525922341,4.8818444129075536
2024-02-12,17942.2832,18041.4531,17859.6582,17882.6602,,-0.0044395003401632716,-0.0044395003401632716,4.860171462975826
2024-02-13,17519.7969,17717.668,17478.2324,17600.4238,,-0.01578268539710881,-0.01578268539710881,4.783464905799673
2024-02-14,17728.8984,17815.1816,17619.9219,17807.6309,,0.011772847197008884,0.011772847197008884,4.839779907207907
2024-02-15,17815.3223,17864.5859,17722.3066,17845.7227,,0.0021390717391833736,0.0021390717391833736,4.850132543631283
2024-02-16,17853.5938,17864.1582,17663.3984,17685.9805,,-0.008951287806349129,-0.008951287806349129,4.8067176113342995
2024-02-20,17591.168,17657.0801,17399.4062,17546.0957,,-0.00790936075045423,-0.00790936075045423,4.768699547720694
2024-02-21,17412.7891,17482.1309,17319.4375,17478.9082,,-0.0038291994497670068,-0.0038291994497670068,4.750439246036458
2024-02-22,17857.7559,18034.8047,17808.2598,18004.7031,,0.03008167867143996,0.03008167867143996,4.8933404329839245
2024-02-23,18052.5918,18091.625,17902.7773,17937.6094,,-0.003726454117424338,-0.003726454117424338,4.875105624379473
2024-02-26,17970.209,18014.1094,17926.6602,17933.332,,-0.00023845986968606958,-0.00023845986968606958,4.873943107327578
2024-02-27,17962.584,17987.541,17871.0566,17971.0469,,0.002103061494651559,0.002103061494651559,4.88419330940372
2024-02-28,17895.0254,17931.0137,17840.3555,17874.5039,,-0.005372141118834994,-0.005372141118834994,4.857954733693934
2024-02-29,17991.6719,18068.5176,17866.2598,18043.8496,,0.009474148258738602,0.009474148258738602,4.903979717075192
2024-03-01,18069.2852,18333.2559,18064.4395,18302.9102,,0.014357279945405699,0.014357279945405699,4.974387526719831
2024-03-04,18290.0977,18313.4277,18218.2461,18226.4824,,-0.004175718460335265,-0.004175718460335265,4.953615884895647
2024-03-05,18088.707,18097.5,17804.4961,17897.8672,,-0.018029545843689543,-0.018029545843689543,4.864304440206892
2024-03-06,18083.5078,18142.8789,17941.6445,18017.5742,,0.0066883388206164796,0.0066883388206164796,4.896838556429625
2024-03-07,18161.7324,18337.9531,18101.4336,18297.9902,,0.015563471357870284,0.015563471357870284,4.973050363046732
2024-03-08,18312.7852,18416.7266,17995.3828,18018.4531,,-0.015276929156952002,-0.015276929156952002,4.897077424956512
2024-03-11,17959.6797,18003.0488,17873.3262,17951.6914,,-0.003705184880715362,-0.003705184880715362,4.878932847721871
2024-03-12,18063.0234,18228.3691,17919.332,18219.1152,,0.014896858131150825,0.014896858131150825,4.951613618185796
2024-03-13,18151.7559,18163.7422,18030.4023,18068.4668,,-0.008268700117775252,-0.008268700117775252,4.9106702100779245
2024-03-14,18114.6855,18142.9023,17913.6289,18014.8066,,-0.002969825862590536,-0.002969825862590536,4.896086374685383
2024-03-15,17926.916,17930.4707,17764.9883,17808.25,,-0.011465934916004006,-0.011465934916004006,4.839948166970106
2024-03-18,18024.2383,18124.3242,17973.0879,17985.0078,,0.009925613128746402,0.009925613128746402,4.887987620038636
2024-03-19,17902.5156,18039.8223,17809.1504,18032.2051,,0.0026242579666826416,0.0026242579666826416,4.900814960491569
2024-03-20,18067.6992,18249.1191,18003.2402,18240.1074,,0.011529499517505037,0.011529499517505037,4.957318904213938
2024-03-21,18438.2402,18464.7031,18317.0957,18320.375,,0.004400610053425513,0.004400610053425513,4.979134131621858
2024-03-22,18293.1484,18386.252,18267.4902,18339.4434,,0.0010408302231805777,0.0010408302231805777,4.984316564911319
2024-03-25,18215.543,18337.3477,18189.2773,18277.0645,,-0.0034013518643646323,-0.0034013518643646323,4.967363150470675
2024-03-26,18329.2852,18378.7012,18207.8789,18210.5371,,-0.0036399390066166326,-0.0036399390066166326,4.9492822515792465
2024-03-27,18338.1875,18344.0859,18168.2051,18280.8418,,0.003860660430493157,0.003860660430493157,4.96838974972726
2024-03-28,18263.4102,18308.3164,18231.3828,18254.6895,,-0.0014305851057688779,-0.0014305851057688779,4.961282045351646
2024-04-01,18280.8203,18391.582,18211.2754,18293.1992,,0.002109578472972551,0.002109578472972551,4.971748259152864
2024-04-02,18076.4316,18135.5742,18002.2676,18121.7832,,-0.00937047687098913,-0.00937047687098913,4.925160607082092
2024-04-03,18054.4453,18238.6641,18045.4199,18160.1895,,0.0021193444141853757,0.0021193444141853757,4.935598718703678
2024-04-04,18331.0234,18362.2871,17875.7461,17878.7793,,-0.015495994686619441,-0.015495994686619441,4.859116707183359
2024-04-05,17940.2773,18202.9551,17912.8594,18108.457,,0.012846385994596421,0.012846385994596421,4.9215387959966295
2024-04-08,18130.4414,18178.6562,18050.6895,18100.1914,,-0.0004564497129710965,-0.0004564497129710965,4.91929236102582
2024-04-09,18188.8672,18210.0234,17973.0723,18169.9043,,0.00385150070843987,0.00385150070843987,4.938239019039335
2024-04-10,17957.957,18040.8301,17932.416,18011.6543,,-0.008709456989269837,-0.008709456989269837,4.895229638700277
2024-04-11,18085.1113,18337.1504,17998.252,18307.9824,,0.016452020178957305,0.016452020178957305,4.975766055496804
2024-04-12,18117.6719,18166.4941,17952.0859,18003.4863,,-0.01663187637759589,-0.01663187637759589,4.893009729577944
2024-04-15,18143.2539,18152.0801,17676.3457,17706.832,,-0.01647760300736878,-0.01647760300736878,4.812384657742766
2024-04-16,17691.4492,17817.7266,17660.8887,17713.6641,,0.00038584541831099273,0.00038584541831099273,4.814241494314106
2024-04-17,17785.8223,17788.5391,17459.5723,17493.6211,,-0.012422218167725152,-0.012422218167725152,4.754437936159621
2024-04-18,17514.7695,17590.8125,17376.4941,17394.3145,,-0.00567673207464181,-0.00567673207464181,4.72744826583053
2024-04-19,17334.7109,17362.2812,16973.9414,17037.6465,,-0.02050486094177506,-0.02050486094177506,4.630512596530239
2024-04-22,17161.1094,17305.1523,17010.2539,17210.8848,,0.01016797126293234,0.01016797126293234,4.677595515544406
2024-04-23,17297.2383,17513.3066,17277.2539,17471.4707,,0.015140761386073676,0.015140761386073676,4.748417873105831
2024-04-24,17613.6621,17653.6582,17435.332,17526.8008,,0.0031668827971076396,0.0031668827971076396,4.763455555981648
2024-04-25,17205.2793,17474.4609,17172.4219,17430.5039,,-0.005494265673402388,-0.005494265673402388,4.737283865633641
2024-04-26,17566.2227,17772.7773,17533.0801,17718.2988,,0.01651099140054124,0.01651099140054124,4.81550111880104
2024-04-29,17801.1387,17820.0,17671.0332,17782.7148,,0.0036355634774598578,0.0036355634774598578,4.833008178794221
2024-04-30,17720.3535,17768.8691,17440.6914,17440.6914,,-0.01923347496974992,-0.01923347496974992,4.740052636958785
2024-05-01,17382.7773,17667.8613,17284.3652,17318.5488,,-0.007003311806778489,-0.007003311806778489,4.70685657036162
2024-05-02,17474.916,17575.8047,17290.6367,17541.541,,0.012875917178464702,0.012875917178464702,4.767461665732509
2024-05-03,17848.6602,17926.9785,17784.7812,17890.7949,,0.019910103679032565,0.019910103679032565,4.862382321783056
2024-05-06,17950.9844,18094.4609,17937.2812,18093.5664,,0.011333845205502735,0.011333845205502735,4.917491810348119
2024-05-07,18106.332,18156.3184,18061.6055,18091.4453,,-0.00011722951424331107,-0.00011722951424331107,4.916915335171897
2024-05-08,17987.7051,18135.3438,17987.7051,18085.0117,,-0.0003556155903143843,-0.0003556155903143843,4.915166803422454
2024-05-09,18095.7969,18138.0195,18012.6172,18113.4629,,0.00157319223630914,0.00157319223630914,4.922899305677762
2024-05-10,18171.1445,18247.6094,18099.7246,18161.1797,,0.0026343278622886768,0.0026343278622886768,4.93586783648195
2024-05-13,18228.4043,18233.4961,18147.5723,18198.6133,,0.002061187688154442,0.002061187688154442,4.9460415864968645
2024-05-14,18187.5059,18339.5801,18175.2969,18322.7715,,0.006822398935197871,0.006822398935197871,4.979785455350026
2024-05-15,18412.8066,18607.5273,18359.3203,18596.6504,,0.014947460322801032,0.014947460322801032,5.0542206008599315
2024-05-16,18589.9766,18669.498,18553.3027,18557.9648,,-0.0020802455908940365,-0.0020802455908940365,5.043706580739587
2024-05-17,18571.8203,18590.3691,18462.2539,18546.2305,,-0.000632305326928928,-0.000632305326928928,5.0405174182011185
2024-05-20,18559.2168,18703.8281,18549.8398,18674.1875,,0.00689935348317805,0.00689935348317805,5.075293729607404
2024-05-21,18603.9863,18721.1777,18589.9121,18713.7969,,0.002121077556921813,0.002121077556921813,5.086058821232061
2024-05-22,18733.5449,18756.6875,18606.1602,18705.2031,,-0.00045922268184939163,-0.00045922268184939163,5.083723187660131
2024-05-23,18907.1367,18907.543,18554.8906,18623.3867,,-0.0043739915339384705,-0.0043739915339384705,5.061487025476419
2024-05-24,18669.3594,18851.9883,18664.7871,18808.3477,,0.009931652227357812,0.009931652227357812,5.111755954366735
2024-05-28,18855.1504,18875.1973,18755.9453,18869.4395,,0.003248121577420715,0.003248121577420715,5.128359559180622
2024-05-29,18708.0742,18814.8145,18706.625,18736.7539,,-0.007031772194399322,-0.007031772194399322,5.092298103029494
2024-05-30,18683.2461,18705.2617,18487.7637,18538.6621,,-0.010572364938838064,-0.010572364938838064,5.038460469106913
2024-05-31,18550.8027,18574.5645,18189.7812,18536.6504,,-0.00010851376378462341,-0.00010851376378462341,5.03791372679773
2024-06-03,18666.7227,18707.2188,18392.5723,18600.9746,,0.0034701091411857288,0.0034701091411857288,5.055395837273595
2024-06-04,18598.0,18697.9473,18521.8496,18654.8359,,0.0028956170930956038,0.0028956170930956038,5.070034327872369
2024-06-05,18791.2793,19035.8672,18768.2539,19035.0488,,0.02038146580533584,0.02038146580533584,5.173369059157778
2024-06-06,19053.0059,19071.7871,18978.8574,19021.1934,,-0.0007278888615195322,-0.0007278888615195322,5.169603421443088
2024-06-07,18992.5781,19113.8828,18958.6797,19000.9512,,-0.0010641919029118485,-0.0010641919029118485,5.164101971340723
2024-06-10,18945.3145,19089.834,18940.7051,19074.6738,,0.0038799425999263004,0.0038799425999263004,5.184138390569691
2024-06-11,19031.3984,19212.6328,18966.5605,19210.1855,,0.007104273521049587,0.007104273521049587,5.220967927667273
2024-06-12,19358.2598,19556.8945,19347.2812,19465.1797,,0.013273906178573824,0.013273906178573824,5.290270566100471
2024-06-13,19609.0508,19639.4492,19473.7051,19576.9238,,0.005740717615877022,0.005740717615877022,5.320640515532039
2024-06-14,19557.2207,19664.5938,19534.623,19659.8008,,0.004233402594129743,0.004233402594129743,5.343164928892924
2024-06-17,19681.8555,19977.8418,19623.7148,19902.748,,0.012357561629006808,0.012357561629006808,5.409193418795667
2024-06-18,19904.4316,19940.5,19837.8594,19908.8574,,0.00030696263651641686,0.00030696263651641686,5.410853839068928
2024-06-20,19962.9668,19979.9277,19685.0312,19752.2969,,-0.007863861639794578,-0.007863861639794578,5.368303633125339
2024-06-21,19722.3711,19801.9668,19643.5195,19700.4316,,-0.0026257857636799997,-0.0026257857636799997,5.354207617870366
2024-06-24,19648.2324,19723.2012,19472.5293,19474.6191,,-0.011462312328223256,-0.011462312328223256,5.292836017884183
2024-06-25,19555.8398,19712.416,19523.5059,19701.1289,,0.011631025943916962,0.011631025943916962,5.354397130925093
2024-06-26,19671.0684,19763.5449,19654.1836,19751.0469,,0.0025337634332214254,0.0025337634332214254,5.367963906582376
2024-06-27,19740.5156,19850.8105,19701.3359,19789.0273,,0.001922956296559697,0.001922956296559697,5.378286266576244
2024-06-28,19817.0039,20017.7148,19665.8477,19682.8711,,-0.005364397066651261,-0.005364397066651261,5.349435003504211
2024-07-01,19720.1113,19827.748,19577.5352,19812.2227,,0.006571785149779297,0.006571785149779297,5.384590341019949
2024-07-02,19746.2246,20014.916,19741.8086,20011.8926,,0.010078117080725146,0.010078117080725146,5.43885687290849
2024-07-03,19995.2793,20186.6328,19995.2793,20186.6328,,0.008731817799181973,0.008731817799181973,5.486347980158556
2024-07-05,20224.1309,20406.9941,20201.5,20391.9668,,0.010171780605232827,0.010171780605232827,5.542153908136692
2024-07-08,20393.8867,20455.3809,20363.3711,20439.541,,0.002332987321262303,0.002332987321262303,5.55508368293686
2024-07-09,20504.1738,20543.9023,20395.5723,20453.0234,,0.0006596234230502596,0.0006596234230502596,5.558747946251129
2024-07-10,20533.2715,20690.9668,20479.9434,20675.3789,,0.010871522300218928,0.010871522300218928,5.619179998510095
2024-07-11,20661.4141,20672.1016,20165.0039,20211.3594,,-0.022443095347577824,-0.022443095347577824,5.4930682060283305
2024-07-12,20226.2344,20526.084,20217.9941,20331.4941,,0.005943919833516942,0.005943919833516942,5.525718563085004
2024-07-15,20401.0156,20585.1719,20304.5332,20386.877,,0.0027239955768918467,0.0027239955768918467,5.540770596009996
2024-07-16,20441.5254,20477.002,20266.5117,20398.625,,0.0005762530474873184,0.0005762530474873184,5.543963481951375
2024-07-17,20041.3066,20080.2715,19793.75,19799.1426,,-0.02938837299082664,-0.02938837299082664,5.3810354152962665
2024-07-18,19936.2422,19947.9785,19575.7891,19705.0938,,-0.004750145089616131,-0.004750145089616131,5.355474716341246
2024-07-19,19687.7988,19784.4805,19479.3828,19522.6191,,-0.009260280709752267,-0.009260280709752267,5.305881517133945
2024-07-22,19751.0156,19861.7207,19638.3711,19822.8652,,0.015379396507305687,0.015379396507305687,5.387482772806733
2024-07-23,19783.3301,19904.5957,19736.2246,19754.3379,,-0.003456982596037661,-0.003456982596037661,5.368858338624687
2024-07-24,19475.6621,19482.5488,19005.4688,19032.3887,,-0.03654636281178525,-0.03654636281178525,5.172646093896231
2024-07-25,19041.1523,19227.1992,18721.7051,18830.584,,-0.01060322501715194,-0.01060322501715194,5.117799363428557
2024-07-26,18990.1992,19142.6758,18899.3125,19023.6562,,0.010253118012697016,0.010253118012697016,5.170272764267095
2024-07-29,19122.4297,19224.5859,18974.5137,19059.4863,,0.0018834497229822666,0.0018834497229822666,5.180010713072696
2024-07-30,19129.5625,19165.418,18667.2188,18796.2734,,-0.01381007314976801,-0.01381007314976801,5.10847438620858
2024-07-31,19222.8496,19426.6152,19162.9141,19362.4277,,0.030120561025676507,0.030120561025676507,5.262344500706481
2024-08-01,19375.9648,19538.9746,18737.0938,18890.3867,,-0.024379225958323425,-0.024379225958323425,5.134052615053218
2024-08-02,18494.2441,18628.7812,18263.5,18440.8457,,-0.023797342380502906,-0.023797342380502906,5.01187580717328
2024-08-05,17444.4023,18169.4883,17435.3848,17895.1543,,-0.02959145197988411,-0.02959145197988411,4.863567124896169
2024-08-06,17961.4531,18368.6777,17858.8223,18077.918,,0.010213027333326963,0.010213027333326963,4.913238868880204
2024-08-07,18345.4492,18445.7461,17851.0762,17867.3652,,-0.011646960673236895,-0.011646960673236895,4.856014568996137
2024-08-08,18102.0449,18445.4102,17965.0723,18413.8164,,0.03058375949017922,0.03058375949017922,5.004529750655122
2024-08-09,18373.8887,18567.6289,18313.7852,18513.1035,,0.00539198924564066,0.00539198924564066,5.031514121250143
2024-08-12,18548.2285,18665.7461,18433.6074,18542.0254,,0.0015622394159897635,0.0015622394159897635,5.039374550932469
2024-08-13,18724.8398,19013.0137,18723.7441,19006.4316,,0.025046141938733557,0.025046141938733557,5.165591441217565
2024-08-14,19043.7578,19103.0039,18837.0977,19022.6758,,0.0008546685849226687,0.0008546685849226687,5.1700063099449185
2024-08-15,19251.8613,19502.9219,19239.9434,19490.1445,,0.02457428728296973,0.02457428728296973,5.2970555302602715
2024-08-16,19393.7266,19561.2363,19376.7188,19508.5234,,0.0009429842862376248,0.0009429842862376248,5.3020505703886345
2024-08-19,19521.9336,19767.4258,19445.1035,19766.4863,,0.013223086889292857,0.013223086889292857,5.372160045772309
2024-08-20,19736.3496,19835.3828,19652.1816,19719.8203,,-0.002360864712713351,-0.002360864712713351,5.359477102689196
2024-08-21,19758.4707,19885.3359,19690.6367,19824.8379,,0.0053254846343604445,0.0053254846343604445,5.388018915647774
2024-08-22,19911.2812,19938.8906,19459.8613,19491.8359,,-0.0167972117441626,-0.0167972117441626,5.297515221040085
2024-08-23,19669.7832,19818.4004,19526.6328,19720.8672,,0.011750114313244575,0.011750114313244575,5.359761630463458
2024-08-26,19679.2422,19726.8984,19437.3359,19516.4375,,-0.010366161788260553,-0.010366161788260553,5.304201474255564
2024-08-27,19450.5742,19617.9219,19369.5254,19581.5234,,0.003334927288855871,0.003334927288855871,5.321890600497647
2024-08-28,19567.4531,19587.0391,19221.4805,19350.7812,,-0.011783669497338334,-0.011783669497338334,5.259179200560391
2024-08-29,19425.2793,19622.7324,19281.6543,19325.4551,,-0.001308789538688071,-0.001308789538688071,5.252296041840612
2024-08-30,19506.2676,19582.1699,19326.6152,19574.6387,,0.012894061159780978,0.012894061159780978,5.32001946823338
2024-09-03,19438.1055,19438.1055,18869.8027,18958.7344,,-0.031464401945768605,-0.031464401945768605,5.152628237325571
2024-09-04,18832.6387,19070.8203,18808.7598,18921.3965,,-0.0019694299847358154,-0.0019694299847358154,5.142480496774786
2024-09-05,18864.4219,19102.3555,18806.8301,18930.3301,,0.00047214274062690187,0.00047214274062690187,5.144908481610154
2024-09-06,18903.0332,18930.7656,18400.9668,18421.3125,,-0.026888997566925643,-0.026888997566925643,5.006567049966083
2024-09-09,18579.8047,18693.8633,18469.4004,18660.7812,,0.012999546042118393,0.012999546042118393,5.07165014884507
2024-09-10,18722.1543,18845.7402,18570.6699,18829.1367,,0.009021889180073517,0.009021889180073517,5.117406014448053
2024-09-11,18866.0039,19266.3906,18531.5801,19237.3047,,0.021677467560156538,0.021677467560156538,5.2283384173184
2024-09-12,19236.418,19456.4141,19166.7969,19423.0684,,0.00965643071609712,0.00965643071609712,5.278825505005544
2024-09-13,19396.1016,19556.8027,19384.6895,19514.584,,0.004711696324974035,0.004711696324974035,5.303697727737658
2024-09-16,19412.791,19446.0645,19294.1758,19423.0645,,-0.004689800202761107,-0.004689800202761107,5.2788244450587305
2024-09-17,19539.7461,19596.3398,19337.1172,19432.3965,,0.0004804597132443966,0.0004804597132443966,5.281360707537871
2024-09-18,19478.5059,19643.5078,19330.8105,19344.4941,,-0.004523497655062769,-0.004523497655062769,5.257470484761783
2024-09-19,19798.7129,19951.7871,19723.9355,19839.8281,,0.02560594231306368,0.02560594231306368,5.392092970707228
2024-09-20,19816.2891,19845.6973,19632.7266,19791.4883,,-0.0024365029654666026,-0.0024365029654666026,5.378955120194028
2024-09-23,19848.7051,19892.7793,19797.8203,19852.1973,,0.0030674297495858482,0.0030674297495858482,5.395454687151398
2024-09-24,19917.5645,19984.4668,19739.666,19944.8438,,0.0046668133809046886,0.0046668133809046886,5.420634267281461
2024-09-25,19922.2793,20043.4316,19921.2188,19972.6074,,0.0013920189237079938,0.0013920189237079938,5.428179892760017
2024-09-26,20273.2988,20273.2988,19966.9902,20115.5371,,0.0071562864646306235,0.0071562864646306235,5.467025503054155
2024-09-27,20147.2754,20152.5293,19964.127,20008.625,,-0.0053149015842087755,-0.0053149015842087755,5.437968800547063
2024-09-30,19959.2578,20072.4238,19852.8477,20060.6875,,0.002602002886255228,0.002602002886255228,5.452118411061453
2024-10-01,20046.0625,20056.1973,19622.2949,19773.3027,,-0.014325770240925184,-0.014325770240925184,5.374012615378268
2024-10-02,19725.9492,19876.7012,19630.9102,19802.584,,0.0014808502375274202,0.0014808502375274202,5.381970723236227
2024-10-03,19712.3301,19902.6973,19688.2207,19793.3438,,-0.00046661587194885,-0.00046661587194885,5.379459410274401
2024-10-04,20025.1562,20045.6914,19829.4863,20035.0176,,0.012209852081688233,0.012209852081688233,5.445141813953297
2024-10-07,19954.6621,19990.1211,19763.043,19800.7402,,-0.011693396266345135,-0.011693396266345135,5.381469612996296
2024-10-08,19902.2148,20132.6699,19881.082,20107.7773,,0.01550634455574551,0.01550634455574551,5.464916535031691
2024-10-09,20097.5605,20284.4219,20047.8633,20268.8594,,0.0080109351519424,0.0080109351519424,5.508695627004608
2024-10-10,20165.2461,20314.2383,20117.2031,20241.7617,,-0.0013369129197275953,-0.0013369129197275953,5.501330980650018
2024-10-11,20154.834,20313.1973,20142.1758,20271.9746,,0.001492602296568002,0.001492602296568002,5.509542279905917
2024-10-14,20366.0566,20493.9023,20355.0566,20439.0449,,0.008241441857370857,0.008241441857370857,5.554948852266488
2024-10-15,20442.7676,20484.3105,20083.5547,20159.8262,,-0.013661044406238387,-0.013661044406238387,5.479062449321293
2024-10-16,20172.8691,20200.5938,20036.7344,20174.0488,,0.0007054921931817226,0.0007054921931817226,5.482927885105244
2024-10-17,20375.2871,20377.6523,20186.4316,20190.4238,,0.0008116863482554582,0.0008116863482554582,5.487378302818054
2024-10-18,20288.4785,20360.2852,20273.5508,20324.041,,0.006617850190940633,0.006617850190940633,5.523692950367121
2024-10-21,20280.4902,20386.6777,20193.0254,20361.4668,,0.001841454659533337,0.001841454659533337,5.533864580488406
2024-10-22,20256.9727,20437.9297,20218.8535,20383.6445,,0.001089199526627338,0.001089199526627338,5.539892063169894
2024-10-23,20303.5488,20312.7773,19934.9219,20066.9551,,-0.015536446389653236,-0.015536446389653236,5.45382182712599
2024-10-24,20197.6172,20256.3828,20116.8828,20232.873,,0.008268215041753013,0.008268215041753013,5.498915198792074
2024-10-25,20354.9121,20552.8203,20322.252,20352.0156,,0.005888565603115348,0.005888565603115348,5.531295921686128
2024-10-28,20455.0059,20470.4316,20344.8242,20351.0684,,-4.65408448291349e-05,-4.65408448291349e-05,5.531038490500933
2024-10-29,20369.082,20600.0996,20294.5781,20550.6523,,0.00980704777150665,0.00980704777150665,5.585281649203319
2024-10-30,20510.9199,20559.5156,20378.748,20387.6992,,-0.007929339547046999,-0.007929339547046999,5.540994054540895
2024-10-31,20227.1895,20227.1895,19880.2578,19890.416,,-0.0243913349476923,-0.0243913349476923,5.405841812613416
2024-11-01,19955.8281,20162.5371,19950.9863,20033.1426,,0.007175646803968316,0.007175646803968316,5.444632224138854
2024-11-04,20011.5488,20106.9922,19898.5664,19963.6016,,-0.003471297608593771,-0.003471297608593771,5.425732285319528
2024-11-05,20042.9258,20249.2051,20042.9258,20227.457,,0.013216823561535973,0.013216823561535973,5.497443231626725
2024-11-06,20571.2949,20807.0352,20526.6406,20781.334,,0.027382433689019825,0.027382433689019825,5.647976606375895
2024-11-07,20896.4062,21132.7969,20896.4062,21101.5664,,0.015409617111201923,0.015409617111201923,5.7350097633331725
2024-11-08,21083.5781,21155.002,21050.3164,21117.1797,,0.0007399118958297812,0.0007399118958297812,5.739253165279763
2024-11-11,21171.2422,21182.0254,20993.4824,21106.5918,,-0.0005013879765394247,-0.0005013879765394247,5.736375572748376
2024-11-12,21105.4863,21144.6699,20946.7383,21070.793,,-0.001696095719252777,-0.001696095719252777,5.726646130695411
2024-11-13,21049.6562,21154.9355,20955.2383,21036.1641,,-0.0016434549947882404,-0.0016434549947882404,5.717234645508534
2024-11-14,21052.0684,21067.6562,20864.0215,20896.6738,,-0.006630976034266656,-0.006630976034266656,5.679323799591888
2024-11-15,20679.9824,20684.5645,20315.0781,20394.1328,,-0.0240488512578495,-0.0240488512578495,5.542742586290338
2024-11-18,20450.2051,20622.2812,20401.2578,20539.1914,,0.007112761372231491,0.007112761372231491,5.582166791654326
2024-11-19,20435.6758,20696.4668,20423.3008,20684.5938,,0.007079266031865261,0.007079266031865261,5.621684435406691
2024-11-20,20660.8398,20676.5703,20402.5449,20667.1035,,-0.0008455713546571264,-0.0008455713546571264,5.616930900083189
2024-11-21,20775.2695,20814.9316,20436.8008,20740.7812,,0.0035649746467858456,0.0035649746467858456,5.636955116334734
2024-11-22,20737.4902,20797.2363,20655.7207,20776.2305,,0.0017091593444897857,0.0017091593444897857,5.646589570846288
2024-11-25,20918.7578,20998.4844,20712.3809,20804.8926,,0.0013795620914005546,0.0013795620914005546,5.654379391763925
2024-11-26,20871.5527,20944.8984,20832.4043,20922.8984,,0.005672021589767651,0.005672021589767651,5.686451153750747
2024-11-27,20852.4277,20853.0781,20615.4199,20744.4883,,-0.008527026064419352,-0.008527026064419352,5.637962636548668
2024-11-29,20771.0195,20956.3066,20751.9648,20930.3652,,0.008960302963944455,0.008960302963944455,5.688480489871543
2024-12-02,20971.7559,21201.0293,20971.7559,21164.5957,,0.011190941857049053,0.011190941857049053,5.752139944288652
2024-12-03,21106.5137,21235.7852,21081.8047,21229.3164,,0.0030579700608217575,0.0030579700608217575,5.769729816023944
2024-12-04,21361.8125,21498.4414,21340.8418,21492.3613,,0.012390643911642796,0.012390643911642796,5.841220483640686
2024-12-05,21488.5195,21517.4883,21411.5293,21425.2227,,-0.003123835443805012,-0.003123835443805012,5.822973472058809
2024-12-06,21458.582,21626.3125,21449.6152,21622.2539,,0.009196226464427859,0.009196226464427859,5.876522854804218
2024-12-09,21573.7598,21609.9883,21400.7676,21440.8203,,-0.008391058621321612,-0.008391058621321612,5.827212607040019
2024-12-10,21492.5078,21567.0176,21313.2734,21368.1797,,-0.0033879580624067707,-0.0033879580624067707,5.80747025510664
2024-12-11,21540.377,21784.7129,21533.8906,21763.9844,,0.018523089264360637,0.018523089264360637,5.9150425450421
2024-12-12,21652.8516,21715.834,21596.6641,21615.2734,,-0.0068328940724660114,-0.0068328940724660114,5.874625685897698
2024-12-13,21789.6465,21886.7402,21646.0859,21780.2539,,0.0076325890932289475,0.0076325890932289475,5.919464289834683
2024-12-16,21891.3633,22133.2168,21879.7363,22096.6562,,0.014527025325448584,0.014527025325448584,6.0054564974862
2024-12-17,22003.6426,22062.0039,21921.2051,22001.084,,-0.004325188351348985,-0.004325188351348985,5.97948176699874
2024-12-18,21979.5273,22038.082,21146.8281,21209.3145,,-0.03598774951270578,-0.03598774951270578,5.7642936749521985
2024-12-19,21358.7871,21413.7363,21093.4551,21110.5059,,-0.004658736141613606,-0.004658736141613606,5.737439351677824
2024-12-20,20939.6426,21540.3164,20913.7207,21289.1543,,0.008462535234648128,0.008462535234648128,5.785992634348054
2024-12-23,21364.2617,21510.0898,21224.2676,21503.1699,,0.010052799513976085,0.010052799513976085,5.844158058290498
2024-12-24,21564.3691,21797.6504,21558.9668,21797.6504,,0.013694748326384953,0.013694748326384953,5.924192332078401
2024-12-26,21733.9824,21837.6953,21645.6172,21768.3125,,-0.0013459202923998825,-0.0013459202923998825,5.916218841402577
2024-12-27,21633.0957,21642.2637,21292.1934,21473.0156,,-0.013565447482435822,-0.013565447482435822,5.835962685414933
2024-12-30,21189.1035,21346.0625,21046.6309,21197.0898,,-0.012849885881887846,-0.012849885881887846,5.760971230896396
2024-12-31,21256.0234,21276.1406,20979.5195,21012.1738,,-0.008723650356946666,-0.008723650356946666,5.710714532161626
2025-01-02,21120.0547,21236.5938,20800.5,20975.623,,-0.0017395058858689083,-0.0017395058858689083,5.700780710620414
2025-01-03,21096.7871,21359.6309,21075.8906,21326.1562,,0.01671145596009249,0.01671145596009249,5.796049056404091
2025-01-06,21551.1758,21703.4922,21462.5215,21559.5,,0.010941671711098166,0.010941671711098166,5.859467522400685
2025-01-07,21619.8867,21621.252,21101.0918,21173.043,,-0.01792513741042223,-0.01792513741042223,5.754435761909746
2025-01-08,21156.7559,21242.6094,20992.084,21180.9648,,0.0003741455585766218,0.0003741455585766218,5.756588758492178
2025-01-10,21012.291,21015.5059,20718.7832,20847.582,,-0.015739736274902993,-0.015739736274902993,5.665981569590441
2025-01-13,20593.6484,20797.1016,20538.3262,20784.7246,,-0.0030150930693063627,-0.0030150930693063627,5.648898107829151
2025-01-14,20896.3613,20969.5176,20622.7168,20757.4102,,-0.001314157417317996,-0.001314157417317996,5.641474566481073
2025-01-15,21067.8047,21286.0117,21024.2656,21237.8516,,0.023145536720183157,0.023145536720183157,5.77204952321554
2025-01-16,21324.9746,21330.5859,21087.8516,21091.252,,-0.006902750935504298,-0.006902750935504298,5.732206502969387
2025-01-17,21461.9023,21515.7637,21334.6309,21441.1543,,0.016589925529314042,0.016589925529314042,5.827303381972299
2025-01-21,21557.8184,21620.2266,21379.0605,21566.5059,,0.005846308377156717,0.005846308377156717,5.861371594550558
2025-01-22,21756.2324,21943.0371,21756.2324,21852.9961,,0.013284034109577236,0.013284034109577236,5.939234254741475
2025-01-23,21737.2383,21900.9297,21722.041,21900.9297,,0.002193456667481941,0.002193456667481941,5.952261707717274
2025-01-24,21915.4785,21945.4824,21709.0605,21774.0117,,-0.00579509645200138,-0.00579509645200138,5.917767777013498
2025-01-27,21000.166,21292.5371,20974.9004,21127.2793,,-0.029702032354469665,-0.029702032354469665,5.741998047034405
2025-01-28,21186.0801,21500.7266,21043.1289,21463.0371,,0.01589214565833874,0.01589214565833874,5.833250716367773
2025-01-29,21473.0137,21477.877,21251.8008,21411.457,,-0.002403206021574733,-0.002403206021574733,5.819232213120842
2025-01-30,21519.8145,21623.4531,21308.6914,21508.123,,0.004514685759124282,0.004514685759124282,5.845504217922455
2025-01-31,21661.5625,21846.0117,21425.7871,21478.0469,,-0.0013983600521532136,-0.0013983600521532136,5.83733009833942
2025-02-03,21084.6387,21406.5781,21004.3516,21297.582,,-0.00840229564821382,-0.00840229564821382,5.788283125056955
2025-02-04,21319.5762,21582.4004,21308.2363,21566.918,,0.012646318253405564,0.012646318253405564,5.861483595597242
2025-02-05,21453.8672,21662.9805,21408.6406,21658.1641,,0.004230836320701981,0.004230836320701981,5.886282573286693
2025-02-06,21674.1719,21776.082,21618.248,21774.0645,,0.005351349240169334,0.005351349240169334,5.917782127062673
2025-02-07,21776.2832,21869.3203,21465.4609,21491.3086,,-0.01298590348163986,-0.01298590348163986,5.840934379535264
2025-02-10,21670.0625,21793.1309,21645.168,21756.7344,,0.012350378701462716,0.012350378701462716,5.9130721310929175
2025-02-11,21629.1074,21776.25,21625.5059,21693.5215,,-0.0029054406253175014,-0.0029054406253175014,5.895892051102807
2025-02-12,21475.4062,21745.6641,21454.1914,21719.2617,,0.0011865385709737275,0.0011865385709737275,5.902887754431739
2025-02-13,21786.1582,22038.1504,21758.0352,22030.7148,,0.01433994876538569,0.01433994876538569,5.987534862398112
2025-02-14,22038.6055,22139.4336,22010.3457,22114.6895,,0.0038117101856358637,0.0038117101856358637,6.010357610019965
2025-02-18,22176.0137,22191.3672,22029.5762,22164.6055,,0.002257142249272759,0.002257142249272759,6.0239238421147805
2025-02-19,22121.7305,22222.6094,22045.7539,22175.5977,,0.0004959348362865157,0.0004959348362865157,6.026911315799222
2025-02-20,22132.7129,22148.4434,21878.7539,22068.0566,,-0.004849524303915276,-0.004849524303915276,5.997683662895711
2025-02-21,22110.543,22115.2051,21597.1562,21614.0801,,-0.020571657406389,-0.020571657406389,5.874301369350724
2025-02-24,21669.3574,21727.5801,21341.957,21352.0801,,-0.012121728002664311,-0.012121728002664311,5.803094685945776
2025-02-25,21318.7734,21326.8086,20930.5781,21087.2461,,-0.012403194384794314,-0.012403194384794314,5.731117774522624
2025-02-26,21170.5059,21350.5195,21012.6152,21132.9199,,0.002165944276621312,0.002165944276621312,5.7435310562649935
2025-02-27,21281.3574,21323.9062,20540.6797,20550.9531,,-0.02753839993497542,-0.02753839993497542,5.585363400998617
2025-02-28,20518.6504,20900.7676,20407.4492,20884.4082,,0.016225773003199606,0.016225773003199606,5.675990239683599
2025-03-03,20989.5762,21073.8027,20279.498,20425.584,,-0.021969700822070837,-0.021969700822070837,5.551290432248757
2025-03-04,20281.8848,20688.4629,20034.6758,20352.5273,,-0.0035767251501840347,-0.0035767251501840347,5.5314349921437564
2025-03-05,20363.2227,20688.7188,20182.5723,20628.4648,,0.013557898531844748,0.013557898531844748,5.606429626502736
2025-03-06,20231.7383,20473.4043,19968.5566,20052.6348,,-0.027914340964432904,-0.027914340964432904,5.449929838315441
2025-03-07,20015.6152,20253.2168,19736.8066,20201.373,,0.007417389359726467,0.007417389359726467,5.490354089909418
2025-03-10,19826.959,19867.084,19243.3086,19430.9531,,-0.03813700682621923,-0.03813700682621923,5.280968418504181
2025-03-11,19405.5195,19659.4277,19180.5566,19376.959,,-0.002778767450166919,-0.002778767450166919,5.266293835357483
2025-03-12,19663.3867,19756.0859,19375.2539,19596.0195,,0.011305205321433531,0.011305205321433531,5.325830368449199
2025-03-13,19534.373,19558.5605,19152.5684,19225.4824,,-0.018908794206905055,-0.018908794206905055,5.225125338031307
2025-03-14,19458.8906,19729.209,19436.041,19704.6348,,0.024922776450072348,0.024922776450072348,5.355349968754671
2025-03-17,19670.6875,19943.8066,19622.4707,19812.2363,,0.005460720337735037,0.005460720337735037,5.384594037244737
2025-03-18,19657.0977,19676.0508,19397.0742,19483.3594,,-0.016599685922381147,-0.016599685922381147,5.295211467406948
2025-03-19,19576.3203,19921.6191,19497.791,19736.6621,,0.013000976618026128,0.013000976618026128,5.36405438788221
2025-03-20,19558.2754,19888.8535,19549.3145,19677.6094,,-0.0029920307547850467,-0.0029920307547850467,5.348004972183327
2025-03-21,19466.4434,19767.9805,19409.1836,19753.9648,,0.0038803189171954244,0.0038803189171954244,5.368756937046144
2025-03-24,20041.207,20208.8418,20024.9707,20180.4453,,0.021589615265488193,0.021589615265488193,5.484666333770892
2025-03-25,20196.498,20292.1953,20164.0664,20287.8262,,0.005321037192375533,0.005321037192375533,5.513850447320657
2025-03-26,20239.0449,20270.1895,19848.4941,19916.9922,,-0.018278646334223714,-0.018278646334223714,5.413064725054281
2025-03-27,19814.6094,20003.3594,19740.2168,19798.6211,,-0.0059432216878611,-0.0059432216878611,5.380893681382543
2025-03-28,19718.457,19752.4531,19241.5391,19281.4004,,-0.02612407689341567,-0.02612407689341567,5.24032280109481
2025-03-31,18998.541,19316.0645,18799.1973,19278.4473,,-0.0001531579625304591,-0.0001531579625304591,5.239520203931592
2025-04-01,19192.7734,19468.625,19095.1719,19436.4219,,0.008194363246255998,0.008194363246255998,5.282454735718705
2025-04-02,19182.3906,19707.3379,19157.1992,19581.7773,,0.007478506113308914,0.007478506113308914,5.3219596057530545
2025-04-03,18774.1484,18902.0703,18502.9727,18521.4746,,-0.05414741898836728,-0.05414741898836728,5.033789229141178
2025-04-04,18022.1562,18089.2461,17387.834,17397.6953,,-0.060674396843111045,-0.060674396843111045,4.728367103827688
2025-04-07,16771.7656,18191.5039,16542.1992,17430.6816,,0.0018960155026970238,0.0018960155026970238,4.737332161158988
2025-04-08,18034.4609,18207.0078,16850.1816,17090.4023,,-0.019521858514127133,-0.019521858514127133,4.644850632974419
2025-04-09,17116.5273,19234.0176,17082.3555,19145.0625,,0.12022304472025214,0.12022304472025214,5.203268718341393
2025-04-10,18626.1094,18710.582,17794.4961,18343.5723,,-0.04186406808543974,-0.04186406808543974,4.98543872244991
2025-04-11,18309.2871,18728.9531,18153.3242,18690.0547,,0.01888849098384182,0.01888849098384182,5.079606136809401
2025-04-14,19095.4902,19115.1523,18614.7539,18796.0215,,0.005669689131514222,0.005669689131514222,5.108405924515643
2025-04-15,18831.9766,19004.1738,18754.8691,18830.2266,,0.0018198053242279855,0.0018198053242279855,5.117702228815394
2025-04-16,18475.7559,18597.3223,17995.9551,18257.6426,,-0.03040770629919043,-0.03040770629919043,4.9620846425148635
2025-04-17,18369.8984,18401.0488,18144.4551,18258.0918,,2.4603395402111872e-05,2.4603395402111872e-05,4.962206726645342
2025-04-21,18023.0078,18043.0781,17592.9199,17808.3008,,-0.024635159299615128,-0.024635159299615128,4.839961973456812
2025-04-22,18033.8984,18396.3887,17993.2422,18276.4062,,0.02628579813746179,0.02628579813746179,4.967184236884089
2025-04-23,18870.625,19043.0078,18618.8887,18693.2578,,0.0228081820593371,0.0228081820593371,5.080476679281211
2025-04-24,18756.5254,19224.7969,18744.4727,19214.4004,,0.02787863975213556,0.02787863975213556,5.222113458392018
2025-04-25,19209.7227,19447.5605,19133.2266,19432.5586,,0.011353890595514171,0.011353890595514171,5.281404763275963
2025-04-28,19432.7246,19519.3281,19162.459,19427.2891,,-0.0002711686149243775,-0.0002711686149243775,5.27997261206145
2025-04-29,19315.9551,19582.7656,19304.8281,19544.9453,,0.0060562335483027585,0.0060562335483027585,5.311949359328737
2025-04-30,19168.0918,19612.7637,19011.9805,19571.0176,,0.0013339663836255955,0.0013339663836255955,5.319035321205603
2025-05-01,19866.8301,20024.4805,19763.1406,19786.709,,0.011020959891222093,0.011020959891222093,5.377656196140602
2025-05-02,19986.6094,20176.5977,19936.6738,20102.6133,,0.015965479656066206,0.015965479656066206,5.463513056737404
2025-05-05,19928.8203,20100.6074,19899.2793,19967.9414,,-0.0066992235283162005,-0.0066992235283162005,5.426911761520446
2025-05-06,19709.6406,19927.2285,19659.3242,19791.3457,,-0.008843961250807664,-0.008843961250807664,5.378916364190007
2025-05-07,19804.498,19960.8574,19605.0684,19867.9727,,0.0038717427890715417,0.0038717427890715417,5.399742144836079
2025-05-08,20067.4297,20249.7559,19907.6719,20063.5645,,0.009844577650340858,0.009844577650340858,5.4529003256727355
2025-05-09,20170.3691,20203.5781,19984.5293,20061.4492,,-0.00010542991999262785,-0.00010542991999262785,5.452325426827672
2025-05-12,20818.7832,20870.125,20613.2695,20868.1484,,0.04021141204494838,0.04021141204494838,5.671571131168989
2025-05-13,20906.9219,21259.3887,20891.1758,21197.6992,,0.01579204794230815,0.01579204794230815,5.76113685438062
2025-05-14,21254.4688,21336.4824,21199.8535,21319.207,,0.00573212209747731,0.00573212209747731,5.7941603942502065
2025-05-15,21206.7344,21443.8809,21168.168,21335.8223,,0.0007793582566182344,0.0007793582566182344,5.798676120993635
2025-05-16,21375.625,21428.791,21246.4238,21427.9355,,0.004317302548962454,0.004317302548962454,5.823710760191409
2025-05-19,21138.127,21464.5625,21138.127,21447.0527,,0.0008921624764084424,0.0008921624764084424,5.828906456405107
2025-05-20,21347.627,21399.9922,21226.6621,21367.373,,-0.003715181806775769,-0.003715181806775769,5.807251009184874
2025-05-21,21217.3047,21482.9805,21002.0938,21080.3594,,-0.01343232974872477,-0.01343232974872477,5.729246098695888
2025-05-22,21097.4609,21263.1816,21046.2227,21112.4707,,0.0015232804806923905,0.0015232804806923905,5.737973347447114
2025-05-23,20806.3711,21025.584,20777.9688,20915.6543,,-0.009322281735600124,-0.009322281735600124,5.684482343310847
2025-05-27,21201.4453,21429.3203,21145.1328,21414.9902,,0.023873788160669873,0.023873788160669873,5.820192470578118
2025-05-28,21451.6914,21508.0781,21296.5117,21318.168,,-0.00452123484978284,-0.00452123484978284,5.793878013547697
2025-05-29,21611.5352,21611.5352,21260.7246,21363.9512,,0.0021476141852339037,0.0021476141852339037,5.8063210281571065
2025-05-30,21330.8457,21386.291,21032.5566,21340.9922,,-0.0010746607584461998,-0.0010746607584461998,5.800081202797205
2025-06-02,21270.5742,21500.3574,21199.3711,21491.748,,0.007064142031784293,0.007064142031784293,5.841053800209647
2025-06-03,21529.9766,21715.959,21474.5059,21662.582,,0.007948818309241323,0.007948818309241323,5.887483275602016
2025-06-04,21689.0195,21761.3691,21607.3262,21721.918,,0.002739100999133104,0.002739100999133104,5.903609686924597
2025-06-05,21782.3398,21891.8867,21472.7656,21547.4316,,-0.00803273449425601,-0.00803273449425601,5.856187557751814
2025-06-06,21777.498,21836.5723,21696.6855,21761.7891,,0.00994816941430754,0.00994816941430754,5.914445903698288
2025-06-09,21779.1797,21855.1504,21729.3027,21797.8672,,0.001657864610037807,0.001657864610037807,5.924251254250013
2025-06-10,21819.7852,21961.4219,21727.3418,21941.9199,,0.006608568566744966,0.006608568566744966,5.9634020748703485
2025-06-11,21994.1582,22041.832,21775.2695,21860.8008,,-0.0036969918935854107,-0.0036969918935854107,5.941355425741363
2025-06-12,21826.7949,21952.002,21807.002,21913.3203,,0.002402450874535056,0.002402450874535056,5.955629240279859
2025-06-13,21675.9414,21838.4727,21591.1094,21631.0391,,-0.012881717427367545,-0.012881717427367545,5.878910507304407
2025-06-16,21783.0801,21979.7676,21783.0801,21937.5684,,0.014170807910933725,0.014170807910933725,5.962219418828988
2025-06-17,21858.8906,21896.416,21680.1738,21719.0781,,-0.009959640741222797,-0.009959640741222797,5.902837855397109
2025-06-18,21745.498,21862.9961,21660.5195,21719.6895,,2.815036610614996e-05,2.815036610614996e-05,5.903004022443803
2025-06-20,21834.4883,21902.9844,21552.8047,21626.3867,,-0.004295770434471491,-0.004295770434471491,5.877646072289623
2025-06-23,21632.7773,21871.8691,21532.3203,21856.3301,,0.010632538999221675,0.010632538999221675,5.940140373376864
2025-06-24,22053.3301,22220.6387,22045.6328,22190.5215,,0.01529037118633192,0.01529037118633192,6.030967324584713
2025-06-25,22279.6895,22329.2305,22175.0781,22237.7422,,0.0021279671142475642,0.0021279671142475642,6.0438010247185305
2025-06-26,22328.2402,22466.9883,22255.2734,22447.291,,0.009423114905972696,0.009423114905972696,6.100752456243289
2025-06-27,22484.873,22603.2188,22382.7871,22534.2031,,0.0038718302355502665,0.0038718302355502665,6.12437353406298
2025-06-30,22632.9238,22721.502,22565.1055,22679.0098,,0.006426084799067144,0.006426084799067144,6.163729277734031
2025-07-01,22594.4766,22631.2578,22388.0938,22478.1348,,-0.008857309105267941,-0.008857309105267941,6.109135222279951
2025-07-02,22451.8125,22644.7188,22448.0684,22641.8867,,0.007284941631366948,0.007284941631366948,6.153639915792389
2025-07-03,22751.6406,22896.0098,22736.0781,22866.9707,,0.009941044356520212,0.009941044356520212,6.214813523149334
2025-07-07,22754.377,22776.209,22587.4746,22685.5684,,-0.007932939713785614,-0.007932939713785614,6.165511782137771
2025-07-08,22735.2598,22761.8027,22652.4395,22702.25,,0.0007353397413660812,0.0007353397413660812,6.170045527977038
2025-07-09,22800.3633,22915.332,22733.6484,22864.9062,,0.007164761202083536,0.007164761202083536,6.214252430790977
2025-07-10,22890.4258,22907.0449,22716.4082,22829.2617,,-0.0015589173945529389,-0.0015589173945529389,6.204564924582473
2025-07-11,22757.9902,22837.377,22692.8047,22780.5977,,-0.002131650188231915,-0.002131650188231915,6.191338962593091
2025-07-14,22780.1914,22886.9375,22675.2793,22855.6328,,0.0032938161231828023,0.0032938161231828023,6.211732094692169
2025-07-15,23036.8652,23051.8652,22876.4668,22884.5879,,0.0012668693207216197,0.0012668693207216197,6.219601547511477
2025-07-16,22895.2969,22928.5547,22669.3691,22907.9668,,0.0010216002185470252,0.0010216002185470252,6.22595549381169
2025-07-17,22931.0156,23104.7168,22905.5098,23078.0352,,0.0074239849168979966,0.0074239849168979966,6.272176893491026
2025-07-18,23135.0879,23153.2129,23018.3574,23065.4746,,-0.0005442664373783712,-0.0005442664373783712,6.268763158118599
2025-07-21,23124.9668,23264.4512,23122.9336,23180.0625,,0.004967940265144133,0.004967940265144133,6.299905999024468
2025-07-22,23182.0234,23186.3633,22953.8496,23063.5781,,-0.005025197839738427,-0.005025197839738427,6.268247725007615
2025-07-23,23100.25,23168.4941,23000.459,23162.4062,,0.00428502895654348,0.00428502895654348,6.295107348016061
2025-07-24,23228.7891,23268.4922,23150.2676,23219.8652,,0.002480700817689696,0.002480700817689696,6.310723625961728
2025-07-25,23204.6641,23326.2969,23193.9902,23272.2461,,0.0022558658092468598,0.0022558658092468598,6.324959771621142
2025-07-28,23343.1289,23386.7598,23299.8145,23356.2695,,0.003610455116319855,0.003610455116319855,6.347795754989108
2025-07-29,23477.8398,23510.918,23283.3965,23308.3027,,-0.0020537012556735013,-0.0020537012556735013,6.334759278876328
2025-07-30,23337.3262,23447.1484,23226.918,23345.4141,,0.0015921965866696475,0.0015921965866696475,6.344845460977528
2025-07-31,23589.3691,23589.3691,23176.125,23218.123,,-0.005452509835754071,-0.005452509835754071,6.310250128695209
2025-08-01,22941.0625,22972.4707,22673.875,22763.3125,,-0.019588598957805514,-0.019588598957805514,6.186641169600758
2025-08-04,22986.7715,23191.0449,22973.5977,23188.6074,,0.018683348480147632,0.018683348480147632,6.302228342494037
2025-08-05,23235.3145,23286.0469,23008.1367,23018.5605,,-0.007333208806665992,-0.007333208806665992,6.256012786111239
2025-08-06,23070.9531,23330.4902,23042.2715,23315.043,,0.012880149477635827,0.012880149477635827,6.336591165930352
2025-08-07,23483.4199,23560.7285,23225.7188,23389.5293,,0.003194774292288427,0.003194774292288427,6.3568351444880085
2025-08-08,23458.1348,23619.2422,23437.6055,23611.2656,,0.009480152300457068,0.009480152300457068,6.4170989098066515
2025-08-11,23629.0156,23697.9961,23484.252,23526.6348,,-0.003584339841571138,-0.003584339841571138,6.394097846516929
2025-08-12,23651.6074,23849.502,23524.2773,23839.1973,,0.013285474214952409,0.013285474214952409,6.479046468584712
2025-08-13,23935.0625,23969.2754,23789.1152,23849.0391,,0.00041284108169215017,0.00041284108169215017,6.4817212851371355
2025-08-14,23775.0078,23908.2559,23748.9844,23832.4414,,-0.0006959483747084327,-0.0006959483747084327,6.477210341743431
2025-08-15,23808.9961,23813.9863,23651.207,23712.0703,,-0.005050724681525898,-0.005050724681525898,6.444495735602953
2025-08-18,23692.125,23733.498,23637.4082,23713.7578,,7.116628698589089e-05,7.116628698589089e-05,6.444954366435952
2025-08-19,23689.0137,23695.6445,23346.3359,23384.7695,,-0.013873309442335668,-0.013873309442335668,6.355541520168654
2025-08-20,23343.4121,23343.4121,22959.7012,23249.5703,,-0.005781506634050859,-0.005781506634050859,6.318796914706813
2025-08-21,23182.7578,23264.2695,23046.3867,23142.5801,,-0.004601814081699351,-0.004601814081699351,6.289718986085317
2025-08-22,23184.9941,23575.3574,23140.043,23498.1152,,0.015362811685806887,0.015362811685806887,6.3863467544251895
2025-08-25,23454.2773,23546.4473,23382.1934,23425.6055,,-0.0030857666405516015,-0.0030857666405516015,6.366639978655389
2025-08-26,23420.8477,23532.5117,23369.0391,23525.293,,0.0042554929903519945,0.0042554929903519945,6.393733170456652
2025-08-27,23499.6738,23591.0547,23434.3125,23565.8457,,0.0017237914953918132,0.0017237914953918132,6.40475463331969
2025-08-28,23601.3457,23741.2324,23514.6973,23703.4512,,0.005839192098249013,0.005839192098249013,6.442153225965794
2025-08-29,23607.5391,23607.5391,23353.9609,23415.4199,,-0.012151449912070178,-0.012151449912070178,6.36387172371459
2025-09-02,23020.4688,23242.2812,22977.8848,23231.1074,,-0.00787141553673354,-0.00787141553673354,6.313779044954764
2025-09-03,23388.2773,23478.0078,23279.1191,23414.8398,,0.007908895466601784,0.007908895466601784,6.363714063420532
2025-09-04,23442.1895,23639.0371,23371.334,23633.0117,,0.009317676390850016,0.009317676390850016,6.423009091707386
2025-09-05,23841.9805,23860.252,23475.3262,23652.4434,,0.0008222269868380927,0.0008222269868380927,6.428290263119295
2025-09-08,23759.625,23851.8086,23725.0391,23762.3008,,0.004644653329981097,0.004644653329981097,6.458147442895977
2025-09-09,23824.332,23852.418,23697.998,23839.7969,,0.003261304561888334,0.003261304561888334,6.47920942861284
2025-09-10,23931.3242,23958.541,23760.0957,23849.2695,,0.0003973439891176156,0.0003973439891176156,6.481783903533533
2025-09-11,23956.5664,24016.5254,23883.0098,23992.5625,,0.006008276270264901,0.006008276270264901,6.520728251950119
2025-09-12,24030.7656,24137.0605,23983.6328,24092.1934,,0.004152574365493544,0.004152574365493544,6.547806060933516
2025-09-15,24178.6035,24297.3359,24173.1367,24293.7812,,0.008367349400407953,0.008367349400407953,6.602593842051455
2025-09-16,24342.748,24343.3535,24244.2109,24274.25,,-0.0008039588337117598,-0.0008039588337117598,6.597285628406727
2025-09-17,24286.4297,24292.0566,23999.7461,24223.6875,,-0.0020829685778139817,-0.0020829685778139817,6.583543689743892
2025-09-18,24421.2129,24554.5215,24347.541,24454.8945,,0.009544665732663438,0.009544665732663438,6.646381413598883
2025-09-19,24528.4414,24641.9258,24469.2773,24626.2461,,0.007006842740622021,0.007006842740622021,6.6929515629581635
2025-09-22,24588.1797,24781.7305,24578.0938,24761.0742,,0.005474975741430521,0.005474975741430521,6.729595310403929
2025-09-23,24752.7363,24764.3027,24536.502,24580.168,,-0.007306072367409544,-0.007306072367409544,6.6804284000627385
2025-09-24,24648.9727,24650.416,24388.5898,24503.5664,,-0.0031163985535006544,-0.0031163985535006544,6.659609522660018
2025-09-25,24321.7305,24460.6582,24186.3711,24397.3105,,-0.004336344280071791,-0.004336344280071791,6.63073116299892
2025-09-26,24410.9531,24510.3672,24297.6992,24503.8477,,0.004366760016436988,0.004366760016436988,6.6596859747212465
2025-09-29,24629.0215,24741.7715,24560.2188,24611.3516,,0.004387225276461404,0.004387225276461404,6.6889035173628395
2025-09-30,24597.3984,24691.2305,24505.1387,24679.9883,,0.002788822861723661,0.002788822861723661,6.707557684411925
2025-10-01,24539.25,24816.6738,24517.7578,24800.8633,,0.004897692759441075,0.004897692759441075,6.740409241116402
2025-10-02,24933.4863,24944.748,24780.1094,24892.7637,,0.0037055322989500983,0.0037055322989500983,6.765386045267501
2025-10-03,24931.4238,24958.2637,24713.582,24785.5215,,-0.004308167678464758,-0.004308167678464758,6.7362396277749435
2025-10-06,24986.2598,25044.2598,24907.5977,24978.5586,,0.007788300923989189,0.007788300923989189,6.788703489092155
2025-10-07,25031.7832,25062.9609,24783.9512,24840.2266,,-0.005538029724421301,-0.005538029724421301,6.7511074473792805
2025-10-08,24887.3203,25142.1875,24882.3496,25136.623,,0.01193211337291089,0.01193211337291089,6.8316624268341135
2025-10-09,25124.793,25139.3516,24966.8086,25098.1758,,-0.0015295292450381304,-0.0015295292450381304,6.8212131993600424
2025-10-10,25116.8262,25195.2773,24207.1523,24221.7461,,-0.03492005582334001,-0.03492005582334001,6.583016053655486
2025-10-13,24625.7402,24779.6543,24540.418,24750.252,,0.021819479810334608,0.021819479810334608,6.72665403952933
2025-10-14,24442.9258,24766.3691,24256.2812,24579.3164,,-0.006906418568990769,-0.006906418568990769,6.680196951163548
2025-10-15,24807.3398,24933.2285,24496.0742,24745.3574,,0.006755313992377721,0.006755313992377721,6.725323779099583
2025-10-16,24882.2168,24998.3047,24481.1738,24657.2422,,-0.003560878049795324,-0.003560878049795324,6.701375721276821
2025-10-17,24600.5449,24881.4688,24511.5898,24817.9531,,0.006517797030845429,0.006517797030845429,6.745053928055539
2025-10-20,24991.0996,25183.8125,24988.6719,25141.0176,,0.013017370880598511,0.013017370880598511,6.832856796646676
2025-10-21,25139.8008,25178.2344,25043.0625,25127.1309,,-0.0005523523439241451,-0.0005523523439241451,6.829082652179349
2025-10-22,25093.6426,25127.0625,24652.1055,24879.0059,,-0.009874784390923041,-0.009874784390923041,6.761646933401286
2025-10-23,24869.5977,25126.7832,24856.3438,25097.416,,0.008778891764321006,0.008778891764321006,6.8210066999781676
2025-10-24,25307.748,25418.6367,25288.7109,25358.1621,,0.01038936040268057,0.01038936040268057,6.891872596893339
2025-10-27,25701.9473,25839.0312,25656.3789,25821.5449,,0.018273516754591546,0.018273516754591546,7.017811346263181
2025-10-28,25932.6426,26087.4844,25864.4902,26012.1562,,0.007381870478245567,0.007381870478245567,7.0696159206620575
2025-10-29,26147.7207,26182.1035,25907.4473,26119.8457,,0.004139968219935675,0.004139968219935675,7.098883905900749
2025-10-30,25953.7793,26031.6836,25732.3867,25734.8125,,-0.014741021230458506,-0.014741021230458506,6.994239107531305
2025-10-31,26055.9688,26063.4863,25761.2793,25858.127,,0.004791738816826374,0.004791738816826374,7.027753674557029
2025-11-03,26114.1094,26132.8672,25887.8828,25972.9434,,0.004440244260537574,0.004440244260537574,7.058958617474952
2025-11-04,25580.3418,25762.2344,25415.623,25435.7031,,-0.02068461366608154,-0.02068461366608154,6.912946785587626
2025-11-05,25433.2246,25750.8848,25364.9023,25620.0312,,0.0072468254278375,0.0072468254278375,6.963043704134709
2025-11-06,25568.2383,25568.2383,25083.2363,25130.041,,-0.019125277255712336,-0.019125277255712336,6.829873562749491
2025-11-07,24977.7344,25065.1387,24603.7812,25059.8086,,-0.0027947586715040273,-0.0027947586715040273,6.81078571438472
2025-11-10,25418.1719,25655.5137,25354.4375,25611.7363,,0.022024418015706537,0.022024418015706537,6.960789305973733
2025-11-11,25500.9277,25588.2598,25380.8574,25533.4863,,-0.003055239952630573,-0.003055239952630573,6.939522424384277
2025-11-12,25662.1855,25663.1699,25389.7266,25517.3281,,-0.0006328238850799028,-0.0006328238850799028,6.935130928843079
2025-11-13,25386.9512,25396.0137,24908.5957,24993.4629,,-0.02052978266168859,-0.02052978266168859,6.792754198143576
2025-11-14,24658.5508,25198.9336,24534.9004,25008.2422,,0.0005913266224506497,0.0005913266224506497,6.796770934540701
2025-11-17,24890.1035,25166.1465,24649.3633,24799.918,,-0.008330221625892587,-0.008330221625892587,6.7401523263155525
2025-11-18,24651.7773,24735.125,24299.2949,24503.0957,,-0.011968680702895917,-0.011968680702895917,6.659481595233001
2025-11-19,24517.2715,24904.6621,24432.1934,24640.5156,,0.0056082668770705,0.0056082668770705,6.696829745282006
2025-11-20,25131.4883,25222.9473,24021.4375,24054.3789,,-0.023787517660547652,-0.023787517660547652,6.53752878944643
2025-11-21,24137.6641,24521.8379,23854.0312,24239.5742,,0.0076990264753831195,0.0076990264753831195,6.587861396679958
2025-11-24,24462.8691,24923.5938,24455.6504,24873.8535,,0.026167097440185305,0.026167097440185305,6.760246607769318
2025-11-25,24790.0684,25069.543,24542.7148,25018.3594,,0.00580955017685536,0.00580955017685536,6.79952059964507
2025-11-26,25168.3066,25309.1484,25077.8613,25236.9395,,0.008736787912639876,0.008736787912639876,6.858926569031794
2025-11-28,25310.2852,25435.7734,25280.957,25434.8887,,0.007843629375106964,0.007843629375106964,6.912725446950355
2025-12-01,25232.7539,25443.2051,25158.6328,25342.8496,,-0.0036186161884009804,-0.0036186161884009804,6.8877109467420485
2025-12-02,25449.8691,25622.584,25369.3555,25555.8574,,0.00840504534265163,0.00840504534265163,6.945602469556493
2025-12-03,25443.7051,25639.9922,25388.4375,25606.5449,,0.0019834004864967003,0.0019834004864967003,6.959378380873624
2025-12-04,25658.1387,25658.2695,25450.3809,25581.6992,,-0.0009702870925003548,-0.0009702870925003548,6.952625785858836
2025-12-05,25657.7812,25827.0781,25617.3535,25692.0508,,0.004313693126373863,0.004313693126373863,6.982617279921544
2025-12-08,25758.8184,25828.1582,25531.75,25627.9512,,-0.0024949195569861082,-0.0024949195569861082,6.965196211510919
2025-12-09,25593.666,25698.2617,25532.3379,25668.6875,,0.0015895262044982594,0.0015895262044982594,6.976267573408587
2025-12-10,25631.5879,25835.0254,25504.3027,25776.4375,,0.004197721445633018,0.004197721445633018,7.005552001411957
2025-12-11,25598.3887,25696.291,25372.1797,25686.6855,,-0.0034819396590394236,-0.0034819396590394236,6.981159092064779
2025-12-12,25531.5527,25605.875,25104.6797,25196.7344,,-0.01907412694409316,-0.01907412694409316,6.847999577325824
2025-12-15,25352.8691,25377.623,25022.8066,25067.2656,,-0.005138316654240804,-0.005138316654240804,6.8128123870494175
2025-12-16,24991.4941,25188.7637,24922.9355,25132.9395,,0.0026199068158436756,0.0026199068158436756,6.8306613206573115
2025-12-17,25167.8613,25193.4102,24647.6055,24647.6055,,-0.01931067394643582,-0.01931067394643582,6.698756647055567
2025-12-18,25031.4941,25164.1777,24921.4512,25019.3672,,0.015083075717030603,0.015083075717030603,6.799794500773068
2025-12-19,25147.2949,25354.8203,25134.2559,25346.1777,,0.013062300792323844,0.013062300792323844,6.888615461868155
2025-12-22,25527.6836,25554.0293,25401.5918,25461.7012,,0.004557827273498516,0.004557827273498516,6.920012581296901
2025-12-23,25441.4238,25590.0332,25403.2617,25587.8301,,0.004953671359555489,0.004953671359555489,6.954292049428635
2025-12-24,25582.3398,25665.2773,25556.8516,25656.1465,,0.0026698785998269248,0.0026698785998269248,6.972859164948352
2025-12-26,25692.6836,25716.7129,25620.3164,25644.3906,,-0.0004582098874434948,-0.0004582098874434948,6.969664131935222
2025-12-29,25462.2539,25598.1406,25440.9727,25525.5605,,-0.004633765795159839,-0.004633765795159839,6.937368340676907
2025-12-30,25509.877,25577.5801,25456.9238,25462.5605,,-0.0024681142653066868,-0.0024681142653066868,6.920246122911595
2025-12-31,25464.707,25483.7676,25244.8574,25249.8457,,-0.00835402236943128,-0.00835402236943128,6.862434231998821
2026-01-02,25524.2656,25597.6504,25086.3633,25206.168,,-0.0017298204717346444,-0.0017298204717346444,6.850563452778378
2026-01-05,25471.791,25520.5156,25354.6602,25401.3203,,0.007742243882528976,0.007742243882528976,6.903602185762527
2026-01-06,25462.0586,25655.1211,25428.0762,25639.7051,,0.009384740524688295,0.009384740524688295,6.968390700961581
2026-01-07,25617.7988,25813.1719,25592.4004,25653.8965,,0.0005534931055037884,0.0005534931055037884,6.972247657171019
2026-01-08,25615.3457,25622.3145,25400.1641,25507.1016,,-0.005722128800199844,-0.005722128800199844,6.9323515580497945
2026-01-09,25518.8223,25811.4551,25455.9727,25766.2578,,0.010160158690864174,0.010160158690864174,7.002785349980441
2026-01-12,25616.8125,25850.8555,25602.5645,25787.6641,,0.0008307880859594885,0.0008307880859594885,7.008603180617737
2026-01-13,25779.2812,25873.1777,25642.1055,25741.9531,,-0.0017725917253592627,-0.0017725917253592627,6.996179788613447
2026-01-14,25575.5664,25624.1914,25266.2031,25465.9434,,-0.010722173990752815,-0.010722173990752815,6.921165531649346
2026-01-15,25767.2969,25781.0312,25520.1973,25547.0742,,0.003185854877852279,0.003185854877852279,6.943215360618773
2026-01-16,25710.5996,25735.4844,25444.2773,25529.2637,,-0.0006971639828720066,-0.0006971639828720066,6.938374800944026
2026-01-20,25155.0312,25279.7773,24954.1797,24987.5664,,-0.021218680897561515,-0.021218680897561515,6.791151640095113
2026-01-21,25048.5508,25498.8086,24993.9805,25326.582,,0.013567371650886395,0.013567371650886395,6.88328971833381
2026-01-22,25548.3789,25576.5176,25399.4961,25518.3516,,0.007571870535076686,0.007571870535076686,6.935409096936458
2026-01-23,25501.9121,25709.7422,25435.0215,25605.4668,,0.003413825523118641,0.003413825523118641,6.959085373524849
2026-01-26,25631.0098,25797.0996,25578.7637,25713.209,,0.004207781128989341,0.004207781128989341,6.988367681634592
2026-01-27,25852.0449,25982.5938,25791.748,25939.7441,,0.008810067230426322,0.008810067230426322,7.049935670740731
2026-01-28,26121.7441,26165.082,25974.6602,26022.791,,0.0032015311978348393,0.0032015311978348393,7.072506259733335
2026-01-29,26030.0801,26046.3359,25418.5449,25884.2949,,-0.0053221078400084165,-0.0053221078400084165,7.0348656187199
2026-01-30,25740.1914,25823.2949,25456.1758,25552.3867,,-0.012822763814207772,-0.012822763814207772,6.944659198426365
2026-02-02,25491.6445,25833.1211,25478.498,25738.6133,,0.007288031532491024,0.007288031532491024,6.995272093646899
2026-02-03,25811.0488,25840.0449,25112.4629,25338.6211,,-0.015540549731169917,-0.015540549731169917,6.886561719792515
2026-02-04,25240.3828,25275.2559,24681.2734,24891.2383,,-0.017656162039535794,-0.017656162039535794,6.764971470172594
2026-02-05,24614.8594,24854.5605,24455.3965,24548.6895,,-0.013761822367832965,-0.013761822367832965,6.671873134476621
2026-02-06,24655.25,25131.3379,24622.332,25075.7715,,0.02147088136822939,0.02147088136822939,6.815124131050845
2026-02-09,24953.6836,25337.543,24876.2793,25268.1406,,0.007671512718960605,0.007671512718960605,6.867406442503497
2026-02-10,25314.2266,25363.125,25113.4258,25127.6387,,-0.005560436845123418,-0.005560436845123418,6.829220662690163
2026-02-11,25335.9102,25382.8379,24980.291,25201.2598,,0.002929885329814086,0.002929885329814086,6.849229496123842
2026-02-12,25261.334,25310.5605,24643.7324,24687.6113,,-0.02038185805298509,-0.02038185805298509,6.709629472761527
2026-02-13,24662.9492,24921.4727,24514.9609,24732.7324,,0.0018276818867446476,0.0018276818867446476,6.721892541015661
2026-02-17,24567.5449,24818.3027,24387.4688,24701.5957,,-0.001258926813925254,-0.001258926813925254,6.713430170255452
2026-02-18,24744.875,25057.2051,24696.8301,24898.8672,,0.007986184471475255,0.007986184471475255,6.767044862031479
2026-02-19,24771.6523,24890.1172,24690.8691,24797.3398,,-0.004077591128322511,-0.004077591128322511,6.7394516199371
2026-02-20,24637.3203,25077.5586,24633.5957,25012.6191,,0.00868154817155009,0.00868154817155009,6.797960493825416
2026-02-23,24935.5137,24984.8203,24618.2266,24708.9414,,-0.012140979670537622,-0.012140979670537622,6.715426593668764
2026-02-24,24763.8398,25022.9199,24643.6895,24977.0449,,0.010850464844277097,0.010850464844277097,6.78829209383769
2026-02-25,25137.7246,25343.9707,25137.623,25329.0352,,0.014092551837467271,0.014092551837467271,6.883956452057967
2026-02-26,25278.248,25288.2285,24820.5547,25034.3711,,-0.011633451399680528,-0.011633451399680528,6.803872279235432
2026-02-27,24808.0,24987.959,24747.252,24960.0352,,-0.0029693536020164446,-0.0029693536020164446,6.783669176575425
2026-03-02,24599.4121,25059.1719,24575.5391,24992.6016,,0.0013047417497233926,0.0013047417497233926,6.792520112966414
2026-03-03,24497.375,24810.252,24315.8359,24720.084,,-0.010903930865684752,-0.010903930865684752,6.718454943250855
2026-03-04,24850.9434,25179.3633,24795.5312,25093.6777,,0.015112962399318697,0.015112962399318697,6.819990700189722
2026-03-05,24992.7324,25174.3066,24744.5586,25020.4141,,-0.0029196039287616715,-0.0029196039287616715,6.80007902854733
2026-03-06,24663.7422,24886.7031,24579.8594,24643.0156,,-0.015083623256259449,-0.015083623256259449,6.697509198367931
2026-03-09,24429.6738,25019.1562,24289.2246,24967.248,,0.0131571722090702,0.0131571722090702,6.785629480262689
2026-03-10,25002.6074,25189.1738,24871.4375,24956.4707,,-0.0004316575058651573,-0.0004316575058651573,6.7827004123655135
2026-03-11,25053.2422,25152.1152,24856.5977,24965.0059,,0.0003420034868952815,0.0003420034868952815,6.7850201195571085
2026-03-12,24771.3164,24809.2656,24522.2402,24533.582,,-0.01728114552538529,-0.01728114552538529,6.667767199478375
2026-03-13,24660.1934,24786.6543,24336.5254,24380.7344,,-0.006230137939090885,-0.006230137939090885,6.6262260900798795
2026-03-16,24646.1797,24794.2949,24606.457,24655.3418,,0.011263294841520333,0.011263294841520333,6.700859228219024
2026-03-17,24760.2734,24884.6836,24721.5605,24780.418,,0.005072985846823697,0.005072985846823697,6.734852592245337
2026-03-18,24727.0664,24763.5762,24417.3789,24425.0938,,-0.014338910667285876,-0.014338910667285876,6.6382821425677925
2026-03-19,24119.373,24462.1543,24100.877,24355.2754,,-0.0028584700870217805,-0.0028584700870217805,6.619306811634051
2026-03-20,24257.5625,24267.334,23759.9668,23898.1543,,-0.01876887419634765,-0.01876887419634765,6.495069874819466
2026-03-23,24270.7734,24465.1562,24097.6758,24188.5898,,0.012153051501554879,0.012153051501554879,6.5740047935143435
2026-03-24,24042.2324,24170.834,23927.6934,24002.4473,,-0.0076954672239719635,-0.0076954672239719635,6.52341475509562
2026-03-25,24236.4043,24314.252,24081.3809,24162.9766,,0.006688038848438715,0.006688038848438715,6.567043606402177
2026-03-26,23913.1914,24029.5137,23574.7168,23586.9941,,-0.023837398410591626,-0.023837398410591626,6.41050237157664
2026-03-27,23463.7461,23472.8906,23088.9941,23132.7715,,-0.01925733300624355,-0.01925733300624355,6.287053192669875
2026-03-30,23307.7461,23356.752,22841.418,22953.377,,-0.007754993819050093,-0.007754993819050093,6.238297134020681
2026-03-31,23208.0,23789.6016,23198.6426,23740.1895,,0.03427872508694474,0.03427872508694474,6.45213800648845
2026-04-01,23883.293,24162.6816,23871.6113,24019.9883,,0.011785870538228105,0.011785870538228105,6.528182069727705
2026-04-02,23621.7324,24076.3496,23512.5938,24045.5332,,0.0010634851141873014,0.0010634851141873014,6.5351246941815635
2026-04-06,24143.0176,24265.1367,24039.0312,24192.166,,0.006098130525132195,0.006098130525132195,6.574976737564698
2026-04-07,24109.5684,24209.2773,23779.8535,24202.3711,,0.00042183490308378424,0.00042183490308378424,6.577750292239567
2026-04-08,25045.3594,25045.3594,24756.9277,24903.166,,0.028955629888676615,0.028955629888676615,6.768213195201789
2026-04-09,24918.2773,25097.4512,24788.918,25082.0859,,0.007184624637686543,0.007184624637686543,6.8168402664771515
2026-04-10,25165.0586,25226.0605,25057.6504,25116.3379,,0.0013655961524317028,0.0013655961524317028,6.826149317316793
2026-04-13,25069.0723,25387.6855,24999.1953,25383.7168,,0.010645616453503814,0.010645616453503814,6.898817884803295
2026-04-14,25514.5547,25841.9961,25514.5547,25841.9961,,0.01805406606175186,0.01805406606175186,7.023369598643529
2026-04-15,25859.1895,26214.5684,25828.7637,26204.5801,,0.014030804686949061,0.014030804686949061,7.121913125726352
2026-04-16,26256.8789,26400.5215,26113.6523,26333.0,,0.004900666200715165,0.004900666200715165,7.156815244666028
2026-04-17,26551.1582,26719.5566,26481.2441,26672.4336,,0.01289004670945193,0.01289004670945193,7.249066927460691
2026-04-20,26662.3184,26670.1152,26412.5176,26590.3438,,-0.003077701916183617,-0.003077701916183617,7.226756460287502
2026-04-21,26658.8535,26730.6367,26405.2969,26479.4707,,-0.004169675308974274,-0.004169675308974274,7.1966232323110715
2026-04-22,26715.9238,26942.1328,26662.875,26937.2754,,0.017289042714890623,0.017289042714890623,7.321045958777472
2026-04-23,26844.6133,27007.8711,26540.3242,26782.625,,-0.005741130003073636,-0.005741130003073636,7.279014882169653
2026-04-24,27082.416,27314.2148,26986.3906,27303.666,,0.019454441078871065,0.019454441078871065,7.420624048307049
2026-04-27,27278.2754,27315.2324,27158.875,27305.6777,,7.367875068498009e-05,7.367875068498009e-05,7.421170790616231
2026-04-28,26988.7695,27115.7656,26877.5918,27029.0117,,-0.010132178480961151,-0.010132178480961151,7.345978163628011
2026-04-29,27069.3633,27199.7246,26995.3809,27186.9844,,0.005844560716957492,0.005844560716957492,7.388912179030779
2026-04-30,27328.9863,27488.0312,27029.4102,27452.1191,,0.009752265867339016,0.009752265867339016,7.460970815071106
2026-05-01,27508.5723,27787.123,27501.4316,27710.3574,,0.009406862146390749,0.009406862146390749,7.531155139006725
2026-05-04,27731.3418,27822.3711,27504.0918,27651.8184,,-0.002112531395932149,-0.002112531395932149,7.515245337327937
2026-05-05,27895.0547,28065.6328,27844.2324,28015.0605,,0.01313628256722521,0.01313628256722521,7.6139677236411
2026-05-06,28234.0215,28608.6758,28208.2324,28599.1719,,0.02084990678495946,0.02084990678495946,7.772718240942707
2026-05-07,28612.5371,28825.5195,28440.0488,28563.9473,,-0.0012316650329305956,-0.0012316650329305956,7.763144855674516
2026-05-08,28768.1191,29234.9941,28751.2148,29234.9941,,0.02349278945770905,0.02349278945770905,7.945522783298576
2026-05-11,29185.8281,29372.4316,29143.1973,29320.6562,,0.002930122021129522,0.002930122021129522,7.968804134575305
2026-05-12,29067.3574,29188.0684,28628.6406,29064.7988,,-0.008726182601602184,-0.008726182601602184,7.899266894580598
2026-05-13,29159.9473,29452.2559,28968.5547,29366.9434,,0.010395551060893515,0.010395551060893515,7.981384126926837
2026-05-14,29372.6523,29678.8926,29350.0996,29580.2988,,0.007265155147198721,0.007265155147198721,8.039370120898349
2026-05-15,29191.3613,29387.4414,28991.4238,29125.1992,,-0.015385226602241175,-0.015385226602241175,7.915682589849041
2026-05-18,29246.1973,29250.1445,28717.5684,28994.3691,,-0.004491989877961067,-0.004491989877961067,7.880125423778287
2026-05-19,28795.0176,29031.918,28567.1621,28818.8438,,-0.006053772006372138,-0.006053772006372138,7.832420941081116
2026-05-20,29006.5703,29301.2793,28919.4414,29297.6973,,0.016615985822443058,0.016615985822443058,7.962564336393527
2026-05-21,29150.1309,29463.4941,29040.0391,29357.2715,,0.002033408953269422,0.002033408953269422,7.978755486006134
2026-05-22,29476.2891,29663.8906,29423.6328,29481.6426,,0.004236466593974919,0.004236466593974919,8.012557217084092
2026-05-26,29854.582,30044.4902,29753.0859,30001.3184,,0.017627097887686904,0.017627097887686904,8.153795347480326
2026-05-27,30081.2773,30099.7949,29808.8867,29973.5723,,-0.0009248293568325794,-0.0009248293568325794,8.146254478173372
2026-05-28,30030.625,30263.1914,29848.7559,30223.8887,,0.008351236799358785,0.008351236799358785,8.214285778348433
2026-05-29,30333.8633,30470.0332,30210.0059,30333.1797,,0.003616046931776973,0.003616046931776973,8.243989021233968
2026-06-01,30295.2461,30633.5469,30241.1953,30513.8613,,0.005956566432763433,0.005956566432763433,8.293094889509922
2026-06-02,30471.6133,30670.1094,30372.957,30660.6016,,0.004808971849131538,0.004808971849131538,8.33297614937575
2026-06-03,30730.1055,30762.1992,30441.8047,30571.2363,,-0.0029146623137362715,-0.0029146623137362715,8.308688337831901
2026-06-04,30174.5879,30541.4316,30092.2344,30407.8105,,-0.005345737359009006,-0.005345737359009006,8.26427227217999
2026-06-05,29992.3691,30051.0801,28929.8848,28957.5996,,-0.047692052671796215,-0.047692052671796215,7.870132163681118
2026-06-08,29482.1934,29697.8984,29294.0195,29414.2578,,0.015769891369034506,0.015769891369034506,7.994243292962314
2026-06-09,29647.3457,29805.2988,28196.9023,29084.5,,-0.011210814913031664,-0.011210814913031664,7.904621311035169
2026-06-10,28893.8242,29212.3828,28462.916,28508.0273,,-0.01982061579191663,-0.01982061579191663,7.747946849048544
2026-06-11,28731.1582,29506.6738,28548.498,29446.1758,,0.032908222309721236,0.032908222309721236,8.002918006400938
2026-06-12,29380.6758,29733.8867,29220.832,29635.9473,,0.0064446908586344165,0.0064446908586344165,8.05449433891919
2026-06-15,30289.9668,30587.1582,30285.6309,30543.918,,0.03063747855969501,0.03063747855969501,8.301263736537011
2026-06-16,30455.4863,30560.0762,29962.873,29968.1289,,-0.018851186674872622,-0.018851186674872622,8.144775064202202
2026-06-17,30160.7422,30208.9434,29604.9336,29670.9473,,-0.009916588419372374,-0.009916588419372374,8.064006682122141
2026-06-18,30261.6035,30463.7734,30089.3496,30406.1934,,0.024780000873110053,0.024780000873110053,8.263832774745891
2026-06-22,30529.9902,30642.5703,30194.25,30347.082,,-0.0019440578839441391,-0.0019440578839441391,8.24776740548855
2026-06-23,29369.248,29748.7207,29276.9785,29347.2734,,-0.0329457903069561,-0.0329457903069561,7.976038190046778
2026-06-24,29328.3984,29592.8965,28963.1016,29220.0566,,-0.004334876302341528,-0.004334876302341528,7.941463051110173
2026-06-25,29843.8926,29843.8926,29000.5547,29440.3223,,0.007538168149886504,0.007538168149886504,8.001327134945551
2026-06-26,29040.1211,29413.8027,28890.7363,29118.2383,,-0.010940233490582374,-0.010940233490582374,7.913790747854716
2026-06-29,29310.2578,29792.6328,28991.5234,29774.752,,0.022546477339599136,0.022546477339599136,8.092218851621551
2026-06-30,29792.9277,30328.793,29767.7559,30276.3477,,0.016846343506068395,0.016846343506068395,8.22854315012225
2026-07-01,29914.2812,30084.7812,29787.4082,29809.1328,,-0.01543167969365078,-0.01543167969365078,8.10156290788418
2026-07-02,29778.6953,30044.498,29087.3262,29329.2129,,-0.016099760540501218,-0.016099760540501218,7.971129685063438
2026-07-06,29575.5664,29847.7441,29553.6152,29697.873,,0.012569723615051487,0.012569723615051487,8.071324582104417
2026-07-07,29362.2012,29426.4492,28974.4707,29173.0176,,-0.017673164674116615,-0.017673164674116615,7.928678733626641
2026-07-08,29030.3301,29280.5781,28814.5703,29252.5625,,0.0027266599941995207,0.0027266599941995207,7.950297544736482
2026-07-09,29486.6133,29773.7441,29398.4727,29727.0977,,0.016222004482513208,0.016222004482513208,8.07926730714451
2026-07-10,29618.3418,29856.9414,29484.4902,29825.1094,,0.0032970490758672533,0.0032970490758672533,8.105905047953216
2026-07-13,29471.0156,29540.9961,29189.2051,29264.1035,,-0.018809852211304934,-0.018809852211304934,7.953434171962347
2026-07-14,29561.3535,29693.7734,29368.8711,29586.2871,,0.011009515463202169,0.011009515463202169,8.040997628464128
2026-07-15,29759.8047,29771.8867,29192.8887,29502.5957,,-0.0028287226348181482,-0.0028287226348181482,8.018251876465971
2026-07-16,29318.3008,29333.0645,28881.2285,29025.7695,,-0.016162177892706686,-0.016162177892706686,7.888659463249999
2026-07-17,28457.3301,28867.4004,28231.3203,28592.6582,,-0.014921613017012225,-0.014921613017012225,7.770947939516391
2026-07-20,28871.1621,29017.2344,28590.3945,28604.2344,,0.0004048661694560085,0.0004048661694560085,7.7740941334417055
2026-07-21,29059.4434,29192.291,28891.0723,29155.1797,,0.01926096997722815,0.01926096997722815,7.923830727146072
2026-07-22,28949.8086,29176.9141,28934.5156,28998.0996,,-0.005387725324155657,-0.005387725324155657,7.881139303673105
2026-07-23,28545.9805,28726.6172,28274.5195,28454.8086,,-0.01873540016394737,-0.01873540016394737,7.733483005070975
2026-07-24,28362.1543,28471.4824,28053.0762,28128.3418,,-0.011473168018427682,-0.011473168018427682,7.644755455186141
2026-07-27,28412.3066,28460.1992,27786.5449,28039.2109,,-0.0031687221605078975,-0.0031687221605078975,7.620531349163629
2026-07-28,27810.3945,27926.5332,27452.9473,27763.1348,,-0.009846072380018334,-0.009846072380018334,7.545499045925566
2026-07-29,27780.4551,27954.9141,27176.0273,27192.3066,,-0.020560653691023445,-0.020560653691023445,7.390358653116342
2026-07-30,27755.459,28168.416,27686.3652,28106.3457,,0.03361388621589034,0.03361388621589034,7.638777327976816
2026-07-31,28446.9863,28606.7754,27954.2441,28274.1953,,0.00597194675507029,0.00597194675507029,7.684395699453331
2026-08-03,28278.5879,28842.3574,28196.877,28776.8027,,0.017776187603825377,0.017776187603825377,7.820994959028843
2026-08-04,29109.2578,29831.4023,29109.2578,29733.1602,,0.03323362605533653,0.03323362605533653,8.08091498087788
2026-08-05,29863.2676,29946.9355,29468.3301,29487.791,,-0.00825237540676882,-0.00825237540676882,8.014228236825494
2026-08-06,29224.375,29569.7559,29123.3828,29373.334,,-0.003881504721733875,-0.003881504721733875,7.983120972083202
2026-08-07,29596.4531,29747.1543,29452.709,29722.3027,,0.011880459330902093,0.011880459330902093,8.077964116125708
2026-08-10,29709.4863,29784.207,29606.4746,29621.8047,,-0.003381231966256726,-0.003381231966256726,8.050650645633988
2026-08-11,29694.6973,29705.7988,29427.6094,29525.4785,,-0.003251868040302086,-0.003251868040302086,8.024470992095814
2026-08-12,29875.1797,29881.502,29715.8828,29742.6035,,0.0073538181608132636,0.0073538181608132636,8.083481492608406
2026-08-13,29784.0625,30168.0488,29757.6172,30084.502,,0.011495244523566983,0.011495244523566983,8.17640308896767
2026-08-14,30167.125,30179.8223,29934.6582,30046.1406,,-0.0012751216556617928,-0.0012751216556617928,8.165977180323505
2026-08-17,30150.7754,30195.7188,29971.9238,29995.3809,,-0.0016893916818054855,-0.0016893916818054855,8.152181646401253
2026-08-18,29594.8887,29677.2871,29425.084,29490.957,,-0.016816719270266067,-0.016816719270266067,8.015088696213509
2026-08-19,29580.8516,29652.2949,29288.7539,29426.0234,,-0.0022018139323183306,-0.0022018139323183306,7.997440962253418
2026-08-20,29295.1484,29378.8047,29118.0664,29213.1641,,-0.007233709329545257,-0.007233709329545257,7.939589798952278
2026-08-21,29359.5977,29405.123,29142.4414,29308.8594,,0.0032757595059687006,0.0032757595059687006,7.965597985709689
2026-08-24,29094.7188,29151.9746,28875.9648,29023.1816,,-0.009747148331538336,-0.009747148331538336,7.887956120593573
2026-08-25,29231.1797,29338.7734,29077.7188,29209.2285,,0.006410286183097247,0.006410286183097247,7.938520176726291
2026-08-26,29130.7695,29296.7676,29096.8418,29224.5215,,0.0005235674061023765,0.0005235674061023765,7.942676527143512
2026-08-27,29480.9883,29643.5312,29366.4238,29641.5605,,0.014270173764863836,0.014270173764863836,8.056019901343955
2026-08-28,29545.9004,29752.7812,29383.918,29433.4277,,-0.007021654612279882,-0.007021654612279882,7.999453312047065
