date,open,high,low,close,amount,daily_return,return,net_value
2004-01-02,1111.92,1118.85,1105.08,1108.48,,,,1.0
2004-01-05,1108.48,1122.22,1108.48,1122.22,,0.012395352193995457,0.012395352193995457,1.0123953521939955
2004-01-06,1122.22,1124.46,1118.4399,1123.67,,0.0012920817664985318,0.0012920817664985318,1.0137034497690531
2004-01-07,1123.67,1126.33,1116.45,1126.33,,0.0023672430517855947,0.0023672430517855947,1.01610313221709
2004-01-08,1126.33,1131.92,1124.91,1131.92,,0.004963021494588826,0.004963021494588826,1.0211460739030023
2004-01-09,1131.92,1131.92,1120.9,1121.86,,-0.008887553890734479,-0.008887553890734479,1.0120705831408774
2004-01-12,1121.86,1127.85,1120.9,1127.23,,0.004786693526821706,0.004786693526821706,1.0169150548498844
2004-01-13,1127.23,1129.0699,1115.1899,1121.22,,-0.005331653699777283,-0.005331653699777283,1.011493215935335
2004-01-14,1121.22,1130.75,1121.22,1130.52,,0.008294536308663725,0.008294536308663725,1.0198830831408776
2004-01-15,1130.52,1137.11,1124.54,1132.05,,0.0013533595159749279,0.0013533595159749279,1.021263351616628
2004-01-16,1132.05,1139.83,1132.05,1139.83,,0.006872487964312501,0.006872487964312501,1.0282819717090068
2004-01-20,1139.83,1142.9301,1135.4,1138.77,,-0.000929963240132281,-0.000929963240132281,1.0273257072748267
2004-01-21,1138.77,1149.21,1134.62,1147.62,,0.007771542980584245,0.007771542980584245,1.035309613163972
2004-01-22,1147.62,1150.51,1143.01,1143.9399,,-0.0032067234798973665,-0.0032067234798973665,1.0319896615184758
2004-01-23,1143.9399,1150.3101,1136.85,1141.55,,-0.002089183181738896,-0.002089183181738896,1.029833646073903
2004-01-26,1141.55,1155.38,1141.0,1155.37,,0.012106346633962595,0.012106346633962595,1.042301169168591
2004-01-27,1155.37,1155.37,1144.05,1144.05,,-0.009797727135030243,-0.009797727135030243,1.0320889867205543
2004-01-28,1144.05,1149.14,1126.5,1128.48,,-0.013609545037367221,-0.013609545037367221,1.0180427251732103
2004-01-29,1128.48,1134.39,1122.38,1134.11,,0.0049890117680417845,0.0049890117680417845,1.0231217523094687
2004-01-30,1134.11,1134.17,1127.73,1131.13,,-0.0026276110782902373,-0.0026276110782902373,1.0204333862586605
2004-02-02,1131.13,1142.45,1127.87,1135.26,,0.0036512160405963723,0.0036512160405963723,1.0241592090069285
2004-02-03,1135.26,1137.4399,1131.33,1136.03,,0.0006782587248734817,0.0006782587248734817,1.024853853926097
2004-02-04,1136.03,1136.03,1124.74,1126.52,,-0.008371257801290444,-0.008371257801290444,1.0162745381062355
2004-02-05,1126.52,1131.17,1124.4399,1128.59,,0.0018375173099456354,0.0018375173099456354,1.0181419601616628
2004-02-06,1128.59,1142.79,1128.39,1142.76,,0.012555489593209401,0.012555489593209401,1.0309252309468822
2004-02-09,1142.76,1144.46,1139.21,1139.8101,,-0.0025813819174630437,-0.0025813819174630437,1.0282640191974595
2004-02-10,1139.8101,1147.02,1138.7,1145.54,,0.005027065473450332,0.005027065473450332,1.0334331697459584
2004-02-11,1145.54,1158.89,1142.33,1157.76,,0.010667458142011643,0.010667458142011643,1.0444572748267897
2004-02-12,1157.76,1157.76,1151.4399,1152.11,,-0.004880113322277557,-0.004880113322277557,1.0393602049653579
2004-02-13,1152.11,1156.88,1143.24,1145.8101,,-0.005468141062919374,-0.005468141062919374,1.0336768367494225
2004-02-17,1145.8101,1158.98,1145.8101,1156.99,,0.009757201476928934,0.009757201476928934,1.0437626299076213
2004-02-18,1156.99,1157.4,1149.54,1151.8199,,-0.004468577947951191,-0.004468577947951191,1.0390984952367206
2004-02-19,1151.8199,1158.5699,1146.85,1147.0601,,-0.004132416882187906,-0.004132416882187906,1.034804507072748
2004-02-20,1147.0601,1149.8101,1139.0,1144.11,,-0.0025718791892421766,-0.0025718791892421766,1.0321431148960738
2004-02-23,1144.11,1146.6899,1136.98,1140.99,,-0.002727010514723127,-0.002727010514723127,1.0293284497690531
2004-02-24,1140.99,1144.54,1134.4301,1139.09,,-0.00166522055408036,-0.00166522055408036,1.027614390877598
2004-02-25,1139.09,1145.24,1138.96,1143.67,,0.004020753408422673,0.004020753408422673,1.0317461749422634
2004-02-26,1143.67,1147.23,1138.62,1144.91,,0.0010842288422359125,0.0010842288422359125,1.0328648239030023
2004-02-27,1145.8,1151.6801,1141.8,1144.9399,,2.6115589871755773e-05,2.6115589871755773e-05,1.0328917977771364
2004-03-01,1144.9399,1157.45,1144.9399,1155.97,,0.009633780777488887,0.009633780777488887,1.0428424509237875
2004-03-02,1155.97,1156.54,1147.3101,1149.1,,-0.005943060806076428,-0.005943060806076428,1.0366447748267897
2004-03-03,1149.1,1152.4399,1143.78,1151.03,,0.0016795753198155516,0.0016795753198155516,1.0383858978060045
2004-03-04,1151.03,1154.97,1149.8101,1154.87,,0.0033361424115792015,0.0033361424115792015,1.041850101039261
2004-03-05,1154.87,1163.23,1148.77,1156.86,,0.0017231376691748679,0.0017231376691748679,1.0436453521939952
2004-03-08,1156.86,1159.9399,1146.97,1147.2,,-0.008350189305533773,-0.008350189305533773,1.034930715935335
2004-03-09,1147.2,1147.3199,1136.84,1140.58,,-0.005770571827057314,-0.005770571827057314,1.0289585739030023
2004-03-10,1140.58,1141.45,1122.53,1123.89,,-0.014632906065335072,-0.014632906065335072,1.0139019197459584
2004-03-11,1123.89,1125.96,1105.87,1106.78,,-0.015223909813238068,-0.015223909813238068,0.9984663683602771
2004-03-12,1106.78,1120.63,1106.78,1120.5699,,0.01245947704150785,0.01245947704150785,1.0109067371535796
2004-03-15,1120.5699,1120.5699,1103.36,1104.49,,-0.014349751853944936,-0.014349751853944936,0.9964004763279446
2004-03-16,1104.49,1113.76,1102.61,1110.7,,0.00562250450434143,0.00562250450434143,1.0020027424942264
2004-03-17,1110.7,1125.76,1110.7,1123.75,,0.011749347258485532,0.011749347258485532,1.013775620669746
2004-03-18,1123.75,1125.5,1113.25,1122.3199,,-0.0012726140155728816,-0.0012726140155728816,1.0124854756062356
2004-03-19,1122.3199,1122.72,1109.6899,1109.78,,-0.011173195806293723,-0.011173195806293723,1.0011727771362586
2004-03-22,1109.78,1109.78,1089.54,1095.4,,-0.01295752311268894,-0.01295752311268894,0.9882000577367206
2004-03-23,1095.4,1101.52,1091.5699,1093.95,,-0.001323717363520216,-0.001323717363520216,0.9868919601616628
2004-03-24,1093.95,1098.3199,1087.16,1091.33,,-0.00239499063028481,-0.00239499063028481,0.9845283631639722
2004-03-25,1091.33,1110.38,1091.33,1109.1899,,0.016365260736899145,0.016365260736899145,1.000640426530023
2004-03-26,1109.1899,1115.27,1106.13,1108.0601,,-0.0010185812185994347,-0.0010185812185994347,0.9996211929849884
2004-03-29,1108.0601,1124.37,1108.0601,1122.47,,0.013004619514771942,0.013004619514771942,1.0126208862586605
2004-03-30,1122.47,1127.6,1119.66,1127.0,,0.0040357426033656996,0.0040357426033656996,1.0167075635103926
2004-03-31,1127.0,1130.83,1121.46,1126.21,,-0.0007009760425908951,-0.0007009760425908951,1.0159948758660509
2004-04-01,1126.21,1135.67,1126.2,1132.17,,0.0052920858454461595,0.0052920858454461595,1.0213716079676676
2004-04-02,1132.17,1144.8101,1132.17,1141.8101,,0.0085147106883241,0.0085147106883241,1.0300682917147805
2004-04-05,1141.8101,1150.5699,1141.64,1150.5699,,0.007671853664632966,0.007671853664632966,1.0379708249133948
2004-04-06,1150.5699,1150.5699,1143.3,1148.16,,-0.0020945272425428874,-0.0020945272425428874,1.035796766743649
2004-04-07,1148.16,1148.16,1138.41,1140.53,,-0.006645415273132782,-0.006645415273132782,1.0289134670900693
2004-04-08,1140.53,1148.97,1134.52,1139.3199,,-0.0010609979570901373,-0.0010609979570901373,1.0278217920034642
2004-04-12,1139.3199,1147.29,1139.3199,1145.2,,0.005161061436739667,0.005161061436739667,1.0331264434180139
2004-04-13,1145.2,1147.78,1127.7,1129.4399,,-0.013761875654907385,-0.013761875654907385,1.0189086857678984
2004-04-14,1129.4399,1132.52,1122.15,1128.17,,-0.0011243626154875397,-0.0011243626154875397,1.0177630629330254
2004-04-15,1128.17,1134.08,1120.75,1128.84,,0.0005938821276934014,0.0005938821276934014,1.0183674942263279
2004-04-16,1128.84,1136.8,1126.9,1134.61,,0.005111441834095176,0.005111441834095176,1.023572820438799
2004-04-19,1134.5601,1136.1801,1129.84,1135.8199,,0.0010663576030531807,0.0010663576030531807,1.0246643150981525
2004-04-20,1135.8199,1139.26,1118.09,1118.15,,-0.015556955816674711,-0.015556955816674711,1.0087236576212473
2004-04-21,1118.15,1125.72,1116.03,1124.09,,0.005312346286276304,0.005312346286276304,1.0140823469976905
2004-04-22,1124.09,1142.77,1121.95,1139.9301,,0.014091487336423292,0.014091487336423292,1.028372275548499
2004-04-23,1139.9301,1141.92,1134.8101,1140.6,,0.0005876676122509306,0.0005876676122509306,1.0289766166281755
2004-04-26,1140.6,1145.08,1132.91,1135.53,,-0.0044450289321409375,-0.0044450289321409375,1.0244027857967668
2004-04-27,1135.53,1146.5601,1135.53,1138.11,,0.0022720667881956924,0.0022720667881956924,1.0267302973441108
2004-04-28,1138.11,1138.11,1121.7,1122.41,,-0.013794800151127551,-0.013794800151127551,1.012566758083141
2004-04-29,1122.41,1128.8,1108.04,1113.89,,-0.007590809062641979,-0.007590809062641979,1.0048805571593533
2004-04-30,1113.89,1119.26,1107.23,1107.3,,-0.005916203574859447,-0.005916203574859447,0.9989354792147805
2004-05-03,1107.3,1118.72,1107.3,1117.49,,0.009202564797254675,0.009202564797254675,1.008128247690531
2004-05-04,1117.49,1127.74,1112.89,1119.55,,0.0018434169433283465,0.0018434169433283465,1.0099866483833717
2004-05-05,1119.55,1125.0699,1117.9,1121.53,,0.0017685677281049639,0.0017685677281049639,1.0117728781755195
2004-05-06,1121.53,1121.53,1106.3,1113.99,,-0.006722958815189917,-0.006722958815189917,1.0049707707852193
2004-05-07,1113.99,1117.3,1098.63,1098.7,,-0.013725437391718054,-0.013725437391718054,0.9911771073903003
2004-05-10,1098.7,1098.7,1079.63,1087.12,,-0.010539728770365131,-0.010539728770365131,0.9807303695150115
2004-05-11,1087.12,1095.6899,1087.12,1095.45,,0.007662447567885922,0.007662447567885922,0.9882451645496536
2004-05-12,1095.45,1097.55,1076.3199,1097.28,,0.00167054635081465,0.00167054635081465,0.9898960739030023
2004-05-13,1097.28,1102.77,1091.76,1096.4399,,-0.0007656204432778813,-0.0007656204432778813,0.9891381892321017
2004-05-14,1096.4399,1102.1,1088.24,1095.7,,-0.0006748203891522309,-0.0006748203891522309,0.9884706986143187
2004-05-17,1095.7,1095.7,1079.36,1084.1,,-0.010586839463356923,-0.010586839463356923,0.9780059180138567
2004-05-18,1084.1,1094.1,1084.1,1091.49,,0.0068167143252468865,0.0068167143252468865,0.984672704965358
2004-05-19,1091.49,1105.9301,1088.49,1088.6801,,-0.0025743708142080823,-0.0025743708142080823,0.9821377922921478
2004-05-20,1088.6801,1092.62,1085.4301,1089.1899,,0.00046827346251676616,0.00046827346251676616,0.982597701356813
2004-05-21,1089.1899,1099.64,1089.1899,1093.5601,,0.004012339813286747,0.004012339813286747,0.986540217234411
2004-05-24,1093.5601,1101.28,1091.77,1095.41,,0.0016916308486385478,0.0016916308486385478,0.9882090790993072
2004-05-25,1095.41,1113.8,1090.74,1113.05,,0.01610355939785091,0.01610355939785091,1.0041227627020786
2004-05-26,1113.05,1116.71,1109.91,1114.9399,,0.0016979470823415,0.0016979470823415,1.005827710017321
2004-05-27,1114.9399,1123.95,1114.86,1121.28,,0.005686494850529522,0.005686494850529522,1.0115473441108545
2004-05-28,1121.28,1122.6899,1118.1,1120.6801,,-0.0005350135559359925,-0.0005350135559359925,1.0110061525692842
2004-06-01,1120.6801,1122.7,1113.3199,1121.2,,0.00046391472463902517,0.00046391472463902517,1.0114751732101617
2004-06-02,1121.2,1128.1,1118.64,1124.99,,0.0033803068141275983,0.0033803068141275983,1.014894269630485
2004-06-03,1124.99,1125.3101,1116.5699,1116.64,,-0.007422288198117188,-0.007422288198117188,1.0073614318706698
2004-06-04,1116.64,1129.17,1116.64,1122.5,,0.005247886516692946,0.005247886516692946,1.0126479503464203
2004-06-07,1122.5,1140.54,1122.5,1140.42,,0.01596436525612477,0.01596436525612477,1.0288142321016167
2004-06-08,1140.42,1142.1801,1135.45,1142.1801,,0.0015433787551955014,0.0015433787551955014,1.030402082130485
2004-06-09,1142.1801,1142.1801,1131.17,1131.33,,-0.00949946510186972,-0.00949946510186972,1.0206138135103926
2004-06-10,1131.33,1136.47,1131.33,1136.47,,0.004543325112920327,0.004543325112920327,1.0252507938799076
2004-06-14,1136.47,1136.47,1122.16,1125.29,,-0.009837479211945777,-0.009837479211945777,1.015164910508083
2004-06-15,1125.29,1137.36,1125.29,1132.01,,0.005971793937562753,0.005971793937562753,1.0212272661662818
2004-06-16,1132.01,1135.28,1130.55,1133.5601,,0.001369334193160876,0.001369334193160876,1.0226256675808314
2004-06-17,1133.5601,1133.5601,1126.89,1132.05,,-0.0013321746240009258,-0.0013321746240009258,1.021263351616628
2004-06-18,1132.05,1138.96,1129.83,1135.02,,0.0026235590300782707,0.0026235590300782707,1.02394269630485
2004-06-21,1135.02,1138.05,1129.64,1130.3,,-0.0041585170305369346,-0.0041585170305369346,1.0196846131639723
2004-06-22,1130.3,1135.05,1124.37,1134.41,,0.0036362027780236783,0.0036362027780236783,1.023392393187067
2004-06-23,1134.41,1145.15,1131.73,1144.0601,,0.008506712740543376,0.008506712740543376,1.0320980982967667
2004-06-24,1144.0601,1146.34,1139.9399,1140.65,,-0.0029807000523834892,-0.0029807000523834892,1.0290217234411085
2004-06-25,1140.65,1145.97,1134.24,1134.4301,,-0.0054529434971288815,-0.0054529434971288815,1.0234105261258661
2004-06-28,1134.4301,1142.6,1131.72,1133.35,,-0.000952108023226983,-0.000952108023226983,1.0224361287528867
2004-06-29,1133.35,1138.26,1131.8101,1136.2,,0.0025146689019279744,0.0025146689019279744,1.0250072170900693
2004-06-30,1136.2,1144.2,1133.62,1140.84,,0.004083788065481375,0.004083788065481375,1.0291931293302539
2004-07-01,1140.84,1140.84,1123.0601,1128.9399,,-0.01043099821184379,-0.01043099821184379,1.0184576176385682
2004-07-02,1128.9399,1129.15,1123.26,1125.38,,-0.003153312235664618,-0.003153312235664618,1.0152461027713626
2004-07-06,1125.38,1125.38,1113.21,1116.21,,-0.008148358776591036,-0.008148358776591036,1.0069735132794457
2004-07-07,1116.21,1122.37,1114.92,1118.33,,0.0018992841848755049,0.0018992841848755049,1.0088860421478059
2004-07-08,1118.33,1119.12,1108.72,1109.11,,-0.008244435899958047,-0.008244435899958047,1.000568345842956
2004-07-09,1109.11,1115.5699,1109.11,1112.8101,,0.0033360983130619193,0.0033360983130619193,1.0039063402136257
2004-07-12,1112.8101,1116.11,1106.71,1114.35,,0.0013837940543495186,0.0013837940543495186,1.0052955398383372
2004-07-13,1114.35,1116.3,1112.99,1115.14,,0.0007089334589673868,0.0007089334589673868,1.0060082274826792
2004-07-14,1115.14,1119.6,1107.83,1111.47,,-0.00329106659253553,-0.00329106659253553,1.0026973874133949
2004-07-15,1111.47,1114.63,1106.67,1106.6899,,-0.00430070087361778,-0.00430070087361778,0.9983850858833718
2004-07-16,1106.6899,1112.17,1101.0699,1101.39,,-0.004788965725629146,-0.004788965725629146,0.9936038539260971
2004-07-19,1101.39,1105.52,1096.55,1100.9,,-0.0004448923632863755,-0.0004448923632863755,0.9931618071593534
2004-07-20,1100.9,1108.88,1099.1,1108.67,,0.007057861749477645,0.007057861749477645,1.0001714058891455
2004-07-21,1108.67,1116.27,1093.88,1093.88,,-0.013340308658121858,-0.013340308658121858,0.9868288106235567
2004-07-22,1093.88,1099.66,1084.16,1096.84,,0.0027059640911248906,0.0027059640911248906,0.9894991339491916
2004-07-23,1096.84,1096.84,1083.5601,1086.2,,-0.009700594434921994,-0.009700594434921994,0.9799004041570439
2004-07-26,1086.2,1089.8199,1078.78,1084.0699,,-0.0019610568955994445,-0.0019610568955994445,0.977978763712471
2004-07-27,1084.0699,1096.65,1084.0699,1094.83,,0.009925651473212227,0.009925651473212227,0.987685840069284
2004-07-28,1094.83,1098.84,1082.17,1095.42,,0.0005388964496773063,0.0005388964496773063,0.9882181004618938
2004-07-29,1095.42,1103.51,1095.42,1100.4301,,0.00457367950192622,0.00457367950192622,0.9927378933314088
2004-07-30,1100.4301,1103.73,1096.96,1101.72,,0.0011721780420219652,0.0011721780420219652,0.9939015588914549
2004-08-02,1101.72,1108.6,1097.34,1106.62,,0.004447591039465459,0.004447591039465459,0.9983220265588914
2004-08-03,1106.62,1106.62,1099.26,1099.6899,,-0.00626240263143607,-0.00626240263143607,0.9920701320727483
2004-08-04,1099.6899,1102.45,1092.4,1098.63,,-0.0009638171633657988,-0.0009638171633657988,0.991113957852194
2004-08-05,1098.63,1098.79,1079.98,1080.7,,-0.016320326224479653,-0.016320326224479653,0.9749386547344111
2004-08-06,1080.7,1080.7,1062.23,1063.97,,-0.015480706949199563,-0.015480706949199563,0.9598459151270208
2004-08-09,1063.97,1069.46,1063.97,1065.22,,0.0011748451554085548,0.0011748451554085548,0.9609735854503464
2004-08-10,1065.22,1079.04,1065.22,1079.04,,0.012973845778336823,0.012973845778336823,0.9734411085450346
2004-08-11,1079.04,1079.04,1065.92,1075.79,,-0.0030119365361802597,-0.0030119365361802597,0.9705091657043879
2004-08-12,1075.79,1075.79,1062.8199,1063.23,,-0.011675141059128591,-0.011675141059128591,0.9591783342956121
2004-08-13,1063.23,1067.58,1060.72,1064.8,,0.0014766325254178536,0.0014766325254178536,0.9605946882217089
2004-08-16,1064.8,1080.66,1064.8,1079.34,,0.013655146506386107,0.013655146506386107,0.9737117494226327
2004-08-17,1079.34,1086.78,1079.34,1081.71,,0.0021957863138586386,0.0021957863138586386,0.9758498123556583
2004-08-18,1081.71,1095.17,1078.9301,1095.17,,0.012443261132836003,0.012443261132836003,0.9879925663972287
2004-08-19,1095.17,1095.17,1086.28,1091.23,,-0.0035976149821489445,-0.0035976149821489445,0.9844381495381063
2004-08-20,1091.23,1100.26,1089.5699,1098.35,,0.006524747303501499,0.006524747303501499,0.990861359699769
2004-08-23,1098.35,1101.4,1094.73,1095.6801,,-0.002430828060272061,-0.002430828060272061,0.9884527461027713
2004-08-24,1095.6801,1100.9399,1092.8199,1096.1899,,0.0004652817916470653,0.0004652817916470653,0.9889126551674365
2004-08-25,1096.1899,1106.29,1093.24,1104.96,,0.008000529835204606,0.008000529835204606,0.996824480369515
2004-08-26,1104.96,1106.78,1102.46,1105.09,,0.00011765131769458925,0.00011765131769458925,0.9969417580831408
2004-08-27,1105.09,1109.6801,1104.62,1107.77,,0.0024251418436507244,0.0024251418436507244,0.999359483256351
2004-08-30,1107.77,1107.77,1099.15,1099.15,,-0.007781398665787975,-0.007781398665787975,0.9915830687066975
2004-08-31,1099.15,1104.24,1094.72,1104.24,,0.0046308511122230556,0.0046308511122230556,0.9961749422632794
2004-09-01,1104.24,1109.24,1099.1801,1105.91,,0.0015123523871622968,0.0015123523871622968,0.9976815098152425
2004-09-02,1105.91,1119.11,1105.6,1118.3101,,0.01121257606857684,0.01121257606857684,1.0088680896362585
2004-09-03,1118.3101,1120.8,1113.5699,1113.63,,-0.004184975169230665,-0.004184975169230665,1.0046460017321017
2004-09-07,1113.63,1124.08,1113.63,1121.3,,0.006887386295268527,0.006887386295268527,1.0115653868360277
2004-09-08,1121.3,1123.05,1116.27,1116.27,,-0.004485864621421531,-0.004485864621421531,1.0070276414549653
2004-09-09,1116.27,1121.3,1113.62,1118.38,,0.0018902236914009052,0.0018902236914009052,1.008931148960739
2004-09-10,1118.38,1125.26,1114.39,1123.92,,0.004953593590729444,0.004953593590729444,1.0139289838337182
2004-09-13,1123.92,1129.78,1123.35,1125.8199,,0.0016904228058935988,0.0016904228058935988,1.0156429525115473
2004-09-14,1125.8199,1129.46,1124.72,1128.33,,0.00222957508567756,0.00222957508567756,1.017907404734411
2004-09-15,1128.33,1128.33,1119.8199,1120.37,,-0.007054673721340388,-0.007054673721340388,1.0107264001154734
2004-09-16,1120.37,1126.0601,1120.37,1123.5,,0.002793719931808436,0.002793719931808436,1.0135500866050808
2004-09-17,1123.5,1130.14,1123.5,1128.55,,0.004494882064975503,0.004494882064975503,1.0181058747113163
2004-09-20,1128.55,1128.55,1120.34,1122.2,,-0.0056266891143501585,-0.0056266891143501585,1.0123773094688222
2004-09-21,1122.2,1131.54,1122.2,1129.3,,0.006326857957583254,0.006326857957583254,1.0187824769053118
2004-09-22,1129.3,1129.3,1112.67,1113.5601,,-0.01393774904808287,-0.01393774904808287,1.0045829424076211
2004-09-23,1113.5601,1113.61,1108.05,1108.36,,-0.004669797346366855,-0.004669797346366855,0.9998917436489606
2004-09-24,1108.36,1113.8101,1108.36,1110.11,,0.001578909379623905,0.001578909379623905,1.0014704821016165
2004-09-27,1110.11,1110.11,1103.24,1103.52,,-0.005936348650133705,-0.005936348650133705,0.9955254041570438
2004-09-28,1103.52,1111.77,1101.29,1110.0601,,0.005926580397274117,0.005926580397274117,1.0014254655023094
2004-09-29,1110.0601,1114.8,1107.42,1114.8,,0.004269948987446703,0.004269948987446703,1.0057015011547343
2004-09-30,1114.8,1116.3101,1109.6801,1114.58,,-0.000197344815213496,-0.000197344815213496,1.005503031177829
2004-10-01,1114.58,1131.64,1114.58,1131.5,,0.01518060614760719,0.01518060614760719,1.020767176674365
2004-10-04,1131.5,1140.13,1131.5,1135.17,,0.0032434821034026395,0.0032434821034026395,1.024078016743649
2004-10-05,1135.17,1137.87,1132.03,1134.48,,-0.0006078384735326292,-0.0006078384735326292,1.0234555427251733
2004-10-06,1134.48,1142.05,1132.9399,1142.05,,0.006672660602214275,0.006672660602214275,1.0302847142032332
2004-10-07,1142.05,1142.05,1130.5,1130.65,,-0.009982049822687133,-0.009982049822687133,1.0200003608545036
2004-10-08,1130.65,1132.92,1120.1899,1122.14,,-0.007526643965860336,-0.007526643965860336,1.0123231812933027
2004-10-11,1122.14,1126.2,1122.14,1124.39,,0.002005097403176004,0.002005097403176004,1.0143529878752888
2004-10-12,1124.39,1124.39,1115.77,1121.84,,-0.002267896370476641,-0.002267896370476641,1.0120525404157044
2004-10-13,1121.84,1127.01,1109.63,1113.65,,-0.007300506311060273,-0.007300506311060273,1.004664044457275
2004-10-14,1113.65,1114.96,1102.0601,1103.29,,-0.009302743231715649,-0.009302743231715649,0.9953179128175519
2004-10-15,1103.29,1113.17,1102.14,1108.2,,0.0044503258436132676,0.0044503258436132676,0.999747401847575
2004-10-18,1108.2,1114.46,1103.33,1114.02,,0.005251759610178652,0.005251759610178652,1.0049978348729791
2004-10-19,1114.02,1117.96,1103.15,1103.23,,-0.009685642986660858,-0.009685642986660858,0.9952637846420324
2004-10-20,1103.23,1104.09,1094.25,1103.66,,0.0003897646003101496,0.0003897646003101496,0.9956517032332564
2004-10-21,1103.66,1108.87,1098.47,1106.49,,0.0025641954949893186,0.0025641954949893186,0.9982047488452656
2004-10-22,1106.49,1108.14,1095.47,1095.74,,-0.009715406375114144,-0.009715406375114144,0.9885067840646651
2004-10-25,1095.74,1096.8101,1090.29,1094.8,,-0.00085786774234764,-0.00085786774234764,0.9876587759815242
2004-10-26,1094.8101,1111.1,1094.8101,1111.09,,0.014879430032882723,0.014879430032882723,1.0023545756351038
2004-10-27,1111.09,1126.29,1107.4301,1125.4,,0.012879244705649606,0.012879244705649606,1.0152641454965359
2004-10-28,1125.34,1130.67,1120.6,1127.4399,,0.001812599964457151,0.001812599964457151,1.0171044132505773
2004-10-29,1127.4399,1131.4,1124.62,1130.2,,0.002448112755278453,0.002448112755278453,1.0195943995381063
2004-11-01,1130.2,1133.41,1127.6,1130.51,,0.0002742877366836982,0.0002742877366836982,1.0198740617782909
2004-11-02,1130.51,1140.48,1128.12,1130.5601,,4.431628203183102e-05,4.431628203183102e-05,1.0199192588048498
2004-11-03,1130.54,1147.5699,1130.54,1143.2,,0.011180210587654837,0.011180210587654837,1.0313221709006928
2004-11-04,1143.2,1161.67,1142.34,1161.67,,0.016156403079076398,0.016156403079076398,1.0479846275981524
2004-11-05,1161.67,1170.87,1160.66,1166.17,,0.0038737335043514953,0.0038737335043514953,1.0520442407621247
2004-11-08,1166.17,1166.77,1162.3199,1164.89,,-0.0010976101254533965,-0.0010976101254533965,1.0508895063510393
2004-11-09,1164.89,1168.96,1162.48,1164.08,,-0.0006953446248144646,-0.0006953446248144646,1.050158775981524
2004-11-10,1164.08,1169.25,1162.51,1162.91,,-0.0010050855611296594,-0.0010050855611296594,1.0491032765588915
2004-11-11,1162.91,1174.8,1162.91,1173.48,,0.009089267441160453,0.009089267441160453,1.058638856812933
2004-11-12,1173.48,1184.17,1171.4301,1184.17,,0.00910965674745201,0.00910965674745201,1.0682826934180139
2004-11-15,1184.17,1184.48,1179.85,1183.8101,,-0.00030392595657735555,-0.00030392595657735555,1.067958014578522
2004-11-16,1183.8101,1183.8101,1175.3199,1175.4301,,-0.00707883806701759,-0.00707883806701759,1.060398112730947
2004-11-17,1175.4301,1188.46,1175.4301,1181.9399,,0.005538228091997999,0.005538228091997999,1.066270839347575
2004-11-18,1181.9399,1184.9,1180.15,1183.55,,0.001362252006214426,0.001362252006214426,1.0677233689376442
2004-11-19,1183.55,1184.0,1169.1899,1170.34,,-0.011161336656668519,-0.011161336656668519,1.0558061489607389
2004-11-22,1170.34,1178.1801,1167.89,1177.24,,0.005895722610523624,0.005895722610523624,1.0620308891454966
2004-11-23,1177.24,1179.52,1171.41,1176.9399,,-0.0002549182834425956,-0.0002549182834425956,1.0617601580542726
2004-11-24,1176.9399,1182.46,1176.9399,1181.76,,0.004095451263059324,0.004095451263059324,1.066108545034642
2004-11-26,1181.76,1186.62,1181.08,1182.65,,0.0007531139994585434,0.0007531139994585434,1.06691144630485
2004-11-29,1182.65,1186.9399,1172.37,1178.5699,,-0.0034499640637551954,-0.0034499640637551954,1.063230640155889
2004-11-30,1178.5699,1178.66,1173.8101,1173.8199,,-0.004030308257490733,-0.004030308257490733,1.0589454929272517
2004-12-01,1173.78,1191.37,1173.78,1191.37,,0.014951271485514894,0.014951271485514894,1.0747780744803694
2004-12-02,1191.37,1194.8,1186.72,1190.33,,-0.0008729445931994206,-0.0008729445931994206,1.0738398527713624
2004-12-03,1190.33,1197.46,1187.71,1191.17,,0.0007056866583217136,0.0007056866583217136,1.0745976472286374
2004-12-06,1191.17,1192.41,1185.1801,1190.25,,-0.0007723498744932611,-0.0007723498744932611,1.0737676818706696
2004-12-07,1190.25,1192.17,1177.0699,1177.0699,,-0.011073387943709379,-0.011073387943709379,1.0618774357678984
2004-12-08,1177.0699,1184.05,1177.0699,1182.8101,,0.004876685743132159,0.004876685743132159,1.0670558783198614
2004-12-09,1182.8101,1190.51,1173.79,1189.24,,0.005436121994562004,0.005436121994562004,1.0728565242494226
2004-12-10,1189.24,1191.45,1185.24,1188.0,,-0.0010426827217382417,-0.0010426827217382417,1.0717378752886837
2004-12-13,1188.0,1198.74,1188.0,1198.6801,,0.008989983164983117,0.008989983164983117,1.0813727807448037
2004-12-14,1198.6801,1205.29,1197.84,1203.38,,0.003920895992183482,0.003920895992183482,1.0856127309468824
2004-12-15,1203.38,1206.61,1199.4399,1205.72,,0.0019445229270886877,0.0019445229270886877,1.0877237297921478
2004-12-16,1205.72,1207.97,1198.41,1203.21,,-0.0020817436884185136,-0.0020817436884185136,1.0854593677829099
2004-12-17,1203.21,1203.21,1193.49,1194.2,,-0.007488302125148505,-0.007488302125148505,1.0773311200923787
2004-12-20,1194.2,1203.4301,1193.36,1194.65,,0.0003768213029644585,0.0003768213029644585,1.077737081408776
2004-12-21,1194.65,1205.9301,1194.65,1205.45,,0.009040304691750656,0.009040304691750656,1.0874801530023095
2004-12-22,1205.45,1211.42,1203.85,1209.5699,,0.00341772781948646,0.00341772781948646,1.0911968641743648
2004-12-23,1209.5699,1213.66,1208.71,1210.13,,0.0004630571577550757,0.0004630571577550757,1.0917021506928408
2004-12-27,1210.13,1214.13,1204.92,1204.92,,-0.004305322568649683,-0.004305322568649683,1.0870020207852193
2004-12-28,1204.92,1213.54,1204.92,1213.54,,0.007154001925439024,0.007154001925439024,1.0947784353348728
2004-12-29,1213.54,1213.85,1210.95,1213.45,,-7.416319198372268e-05,-7.416319198372268e-05,1.0946972430715936
2004-12-30,1213.45,1216.47,1213.41,1213.55,,8.24096584119971e-05,8.24096584119971e-05,1.0947874566974596
2004-12-31,1213.55,1217.33,1211.65,1211.92,,-0.001343166742202584,-0.001343166742202584,1.093316974595843
2005-01-03,1211.92,1217.8,1200.3199,1202.08,,-0.008119347811736843,-0.008119347811736843,1.0844399538106235
2005-01-04,1202.08,1205.84,1185.39,1188.05,,-0.011671436177292716,-0.011671436177292716,1.0717829821016165
2005-01-05,1188.05,1192.73,1183.72,1183.74,,-0.0036277934430368752,-0.0036277934430368752,1.0678947748267897
2005-01-06,1183.74,1191.63,1183.27,1187.89,,0.0035058374305170226,0.0035058374305170226,1.071638640300231
2005-01-07,1187.89,1192.2,1182.16,1186.1899,,-0.0014311931239424647,-0.0014311931239424647,1.0701049184468823
2005-01-10,1186.1899,1194.78,1184.8,1190.25,,0.0034228077645914734,0.0034228077645914734,1.0737676818706696
2005-01-11,1190.25,1190.25,1180.4301,1182.99,,-0.00609955891619407,-0.00609955891619407,1.0672181726327945
2005-01-12,1182.99,1187.92,1175.64,1187.7,,0.003981436867598331,0.003981436867598331,1.0714672344110854
2005-01-13,1187.7,1187.7,1175.8101,1177.45,,-0.00863012545255537,-0.00863012545255537,1.0622203377598152
2005-01-14,1177.45,1185.21,1177.45,1184.52,,0.006004501252707017,0.006004501252707017,1.068598441108545
2005-01-18,1184.52,1195.98,1180.1,1195.98,,0.009674804984297403,0.009674804984297403,1.0789369226327945
2005-01-19,1195.98,1195.98,1184.41,1184.63,,-0.009490125252930581,-0.009490125252930581,1.0686976760969977
2005-01-20,1184.63,1184.63,1173.42,1175.41,,-0.007783020858833534,-0.007783020858833534,1.0603799797921478
2005-01-21,1175.41,1179.45,1167.8199,1167.87,,-0.006414782926808638,-0.006414782926808638,1.0535778724018474
2005-01-24,1167.87,1173.03,1163.75,1163.75,,-0.003527789908123191,-0.003527789908123191,1.0498610710161662
2005-01-25,1163.75,1174.3,1163.75,1168.41,,0.004004296455424328,0.004004296455424328,1.0540650259815243
2005-01-26,1168.41,1175.96,1168.41,1174.0699,,0.004844104381167558,0.004844104381167558,1.0591710269919168
2005-01-27,1174.0699,1177.5,1170.15,1174.55,,0.00040891943486509597,0.00040891943486509597,1.0596041426096998
2005-01-28,1174.55,1175.61,1166.25,1171.36,,-0.002715933761866296,-0.002715933761866296,1.0567263279445727
2005-01-31,1171.36,1182.0699,1171.36,1181.27,,0.008460251331785296,0.008460251331785296,1.0656664982678983
2005-02-01,1181.27,1190.39,1180.95,1189.41,,0.006890888619875302,0.006890888619875302,1.0730098874133949
2005-02-02,1189.41,1195.25,1188.92,1193.1899,,0.0031779621829310933,0.0031779621829310933,1.0764198722575058
2005-02-03,1193.1899,1193.1899,1185.64,1189.89,,-0.0027656117437802052,-0.0027656117437802052,1.073442912817552
2005-02-04,1189.89,1203.47,1189.67,1203.03,,0.011043037591710103,0.011043037591710103,1.085296983256351
2005-02-07,1203.03,1204.15,1199.27,1201.72,,-0.0010889171508606799,-0.0010889171508606799,1.0841151847575057
2005-02-08,1201.72,1205.11,1200.16,1202.3,,0.00048264154711574747,0.00048264154711574747,1.0846384237875288
2005-02-09,1202.3,1203.83,1191.54,1191.99,,-0.008575230807618683,-0.008575230807618683,1.075337398960739
2005-02-10,1191.99,1198.75,1191.54,1197.01,,0.004211444726885283,0.004211444726885283,1.0798661229792148
2005-02-11,1197.01,1208.38,1193.28,1205.3,,0.006925589594071857,0.006925589594071857,1.0873448325635104
2005-02-14,1205.3,1206.9301,1203.59,1206.14,,0.0006969219281507399,0.0006969219281507399,1.0881026270207852
2005-02-15,1206.14,1212.4399,1205.52,1210.12,,0.0032997827781184874,0.0032997827781184874,1.0916931293302539
2005-02-16,1210.12,1212.4399,1205.0601,1210.34,,0.00018180015205104816,0.00018180015205104816,1.0918915993071592
2005-02-17,1210.34,1211.33,1200.74,1200.75,,-0.00792339342664039,-0.00792339342664039,1.0832401125866051
2005-02-18,1200.75,1202.92,1197.35,1201.59,,0.0006995627732666598,0.0006995627732666598,1.0839979070438799
2005-02-22,1201.59,1202.48,1184.16,1184.16,,-0.014505779841709643,-0.014505779841709643,1.0682736720554273
2005-02-23,1184.16,1193.52,1184.16,1190.8,,0.005607350358059593,0.005607350358059593,1.074263856812933
2005-02-24,1190.8,1200.42,1187.8,1200.2,,0.007893852872018936,0.007893852872018936,1.0827439376443417
2005-02-25,1200.2,1212.15,1199.61,1211.37,,0.00930678220296599,0.00930678220296599,1.0928207996535795
2005-02-28,1211.37,1211.37,1198.13,1203.6,,-0.006414225216077596,-0.006414225216077596,1.0858112009237875
2005-03-01,1203.6,1212.25,1203.6,1210.41,,0.005658025922233412,0.005658025922233412,1.0919547488452657
2005-03-02,1210.41,1215.79,1204.22,1210.08,,-0.00027263489230933136,-0.00027263489230933136,1.0916570438799076
2005-03-03,1210.08,1215.72,1204.45,1210.47,,0.00032229274097583804,0.00032229274097583804,1.0920088770207852
2005-03-04,1210.47,1224.76,1210.47,1222.12,,0.009624360785480013,0.009624360785480013,1.10251876443418
2005-03-07,1222.12,1229.11,1222.12,1225.3101,,0.0026103001341930554,0.0026103001341930554,1.105396669312933
2005-03-08,1225.3101,1225.6899,1218.5699,1219.4301,,-0.0047987852217979965,-0.0047987852217979965,1.1000921081120092
2005-03-09,1219.4301,1219.4301,1206.66,1207.01,,-0.010185167645115567,-0.010185167645115567,1.08888748556582
2005-03-10,1207.01,1211.23,1201.41,1209.25,,0.0018558255523981604,0.0018558255523981604,1.0909082707852193
2005-03-11,1209.25,1213.04,1198.15,1200.08,,-0.007583212735166489,-0.007583212735166489,1.0826356812933025
2005-03-14,1200.08,1206.83,1199.51,1206.83,,0.0056246250249982754,0.0056246250249982754,1.088725101039261
2005-03-15,1206.83,1210.54,1197.75,1197.75,,-0.007523843457653445,-0.007523843457653445,1.0805337038106235
2005-03-16,1197.75,1197.75,1185.61,1188.0699,,-0.00808190356919225,-0.00808190356919225,1.0718009346131638
2005-03-17,1188.0699,1193.28,1186.34,1190.21,,0.0018013249893797934,0.0018013249893797934,1.0737315964203233
2005-03-18,1190.21,1191.98,1182.78,1189.65,,-0.00047050520496383363,-0.00047050520496383363,1.0732264001154734
2005-03-21,1189.65,1189.65,1178.8199,1183.78,,-0.0049342243517002116,-0.0049342243517002116,1.0679308602771362
2005-03-22,1183.78,1189.59,1171.63,1171.71,,-0.010196151311899104,-0.010196151311899104,1.057042075635104
2005-03-23,1171.71,1176.26,1168.7,1172.53,,0.0006998318696604944,0.0006998318696604944,1.0577818273672055
2005-03-24,1172.53,1180.11,1171.42,1171.42,,-0.0009466708740927254,-0.0009466708740927254,1.0567804561200924
2005-03-28,1171.42,1179.91,1171.42,1174.28,,0.0024414812791311302,0.0024414812791311302,1.0593605658198615
2005-03-29,1174.28,1179.39,1163.6899,1165.36,,-0.007596144020165618,-0.007596144020165618,1.0513135103926097
2005-03-30,1165.36,1181.54,1165.36,1181.41,,0.0137725681334524,0.0137725681334524,1.0657927973441108
2005-03-31,1181.41,1184.53,1179.49,1180.59,,-0.0006940858804311834,-0.0006940858804311834,1.065053045612009
2005-04-01,1180.59,1189.8,1169.91,1172.92,,-0.006496751624187724,-0.006496751624187724,1.058133660508083
2005-04-04,1172.79,1178.61,1167.72,1176.12,,0.0027282338096372705,0.0027282338096372705,1.0610204965357966
2005-04-05,1176.12,1183.5601,1176.12,1181.39,,0.004480835288916296,0.004480835288916296,1.0657747546189378
2005-04-06,1181.39,1189.34,1181.39,1184.0699,,0.0022684295617871886,0.0022684295617871886,1.068192389578522
2005-04-07,1184.0699,1191.88,1183.8101,1191.14,,0.005971015731419449,0.005971015731419449,1.0745705831408776
2005-04-08,1191.14,1191.75,1181.13,1181.2,,-0.008344946857632207,-0.008344946857632207,1.0656033487297922
2005-04-11,1181.2,1184.0699,1178.6899,1181.21,,8.465966813364645e-06,8.465966813364645e-06,1.0656123700923787
2005-04-12,1181.21,1190.17,1170.85,1187.76,,0.00554516131763183,0.00554516131763183,1.0715213625866051
2005-04-13,1187.76,1187.76,1171.4,1173.79,,-0.0117616353472082,-0.0117616353472082,1.0589185190531176
2005-04-14,1173.79,1174.67,1161.7,1162.05,,-0.010001789076410583,-0.010001789076410583,1.0483274393764435
2005-04-15,1162.05,1162.05,1141.92,1142.62,,-0.016720450927240726,-0.016720450927240726,1.0307989318706696
2005-04-18,1142.62,1148.92,1139.8,1145.98,,0.0029406101766118464,0.0029406101766118464,1.033830109699769
2005-04-19,1145.98,1154.67,1145.98,1152.78,,0.005933785929946422,0.005933785929946422,1.0399646362586605
2005-04-20,1152.78,1155.5,1136.15,1137.5,,-0.01325491420739433,-0.01325491420739433,1.0261799942263279
2005-04-21,1137.5,1159.95,1137.5,1159.95,,0.019736263736263693,0.019736263736263693,1.0464329532332564
2005-04-22,1159.95,1159.95,1142.95,1152.12,,-0.006750290960817362,-0.006750290960817362,1.0393692263279444
2005-04-25,1152.12,1164.05,1152.12,1162.1,,0.00866229212234848,0.00866229212234848,1.0483725461893763
2005-04-26,1162.1,1164.8,1151.83,1151.83,,-0.008837449444970336,-0.008837449444970336,1.039107606812933
2005-04-27,1151.74,1159.87,1144.42,1156.38,,0.003950235711867256,0.003950235711867256,1.0432123267898383
2005-04-28,1156.38,1156.38,1143.22,1143.22,,-0.011380342102077279,-0.011380342102077279,1.031340213625866
2005-04-29,1143.22,1156.97,1139.1899,1156.85,,0.011922464617483808,0.011922464617483808,1.0436363308314087
2005-05-02,1156.85,1162.87,1154.71,1162.16,,0.004590050568353821,0.004590050568353821,1.0484266743648962
2005-05-03,1162.16,1166.89,1156.71,1161.17,,-0.0008518620499758933,-0.0008518620499758933,1.0475335594688222
2005-05-04,1161.17,1176.01,1161.17,1175.65,,0.012470180938191744,0.012470180938191744,1.0605964924942264
2005-05-05,1175.65,1178.62,1166.77,1172.63,,-0.002568791732233233,-0.002568791732233233,1.0578720409930717
2005-05-06,1172.63,1177.75,1170.5,1171.35,,-0.001091563408748053,-0.001091563408748053,1.0567173065819861
2005-05-09,1171.35,1178.87,1169.38,1178.84,,0.006394331327101321,0.006394331327101321,1.0634743071593533
2005-05-10,1178.84,1178.84,1162.98,1166.22,,-0.010705439245359716,-0.010705439245359716,1.0520893475750577
2005-05-11,1166.22,1171.77,1157.71,1171.11,,0.004193033904408949,0.004193033904408949,1.0565007938799076
2005-05-12,1171.11,1173.37,1157.76,1159.36,,-0.01003321635030019,-0.01003321635030019,1.0459006928406465
2005-05-13,1159.36,1163.75,1146.1801,1154.05,,-0.004580113165884581,-0.004580113165884581,1.0411103493071594
2005-05-16,1154.05,1165.75,1153.64,1165.6899,,0.010086131450110614,0.010086131450110614,1.0516111251443419
2005-05-17,1165.6899,1174.35,1159.86,1173.8,,0.006957339168847554,0.006957339168847554,1.0589275404157044
2005-05-18,1173.8,1187.9,1173.8,1185.5601,,0.01001882773896745,0.01001882773896745,1.0695367530311777
2005-05-19,1185.5601,1191.09,1184.49,1191.08,,0.004655942790247503,0.004655942790247503,1.0745164549653579
2005-05-20,1191.08,1191.22,1185.1899,1189.28,,-0.0015112335023675927,-0.0015112335023675927,1.072892609699769
2005-05-23,1189.28,1197.4399,1188.76,1193.86,,0.003851069554688502,0.003851069554688502,1.0770243937644342
2005-05-24,1193.86,1195.29,1189.87,1194.0699,,0.0001758162598630708,0.0001758162598630708,1.077213752165127
2005-05-25,1194.0699,1194.0699,1185.96,1190.01,,-0.0034000522079988826,-0.0034000522079988826,1.0735511691685913
2005-05-26,1190.01,1198.95,1190.01,1197.62,,0.006394904244501953,0.006394904244501953,1.0804164260969975
2005-05-27,1197.62,1199.5601,1195.28,1198.78,,0.000968587698936263,0.000968587698936263,1.0814629041570438
2005-05-31,1198.78,1198.78,1191.5,1191.5,,-0.006072840721400019,-0.006072840721400019,1.0748953521939955
2005-06-01,1191.5,1205.64,1191.03,1202.22,,0.00899706252622745,0.00899706252622745,1.084566252886836
2005-06-02,1202.27,1204.67,1198.42,1204.29,,0.0017218146429105463,0.0017218146429105463,1.0864336749422632
2005-06-03,1204.29,1205.09,1194.55,1196.02,,-0.006867116724377009,-0.006867116724377009,1.0789730080831408
2005-06-06,1196.02,1198.78,1192.75,1197.51,,0.0012457985652414294,0.0012457985652414294,1.080317191108545
2005-06-07,1197.51,1208.85,1197.26,1197.26,,-0.00020876652387036287,-0.00020876652387036287,1.0800916570438799
2005-06-08,1197.26,1201.97,1193.33,1194.67,,-0.0021632728062408457,-0.0021632728062408457,1.0777551241339491
2005-06-09,1194.67,1201.86,1191.09,1200.9301,,0.005240024441895974,0.005240024441895974,1.0834025873267898
2005-06-10,1200.9301,1202.79,1192.64,1198.11,,-0.002348263233638792,-0.002348263233638792,1.0808584728637411
2005-06-13,1198.11,1206.03,1194.51,1200.8199,,0.0022618123544582147,0.0022618123544582147,1.0833031719110855
2005-06-14,1200.8199,1207.53,1200.1801,1203.91,,0.0025733251089528064,0.0025733251089528064,1.0860908631639723
2005-06-15,1203.91,1208.08,1198.66,1206.58,,0.0022177737538517928,0.0022177737538517928,1.0884995669745958
2005-06-16,1206.55,1212.1,1205.47,1210.96,,0.003630094979197418,0.003630094979197418,1.0924509237875288
2005-06-17,1210.9301,1219.55,1210.9301,1216.96,,0.004954746647288122,0.004954746647288122,1.0978637413394918
2005-06-20,1216.96,1219.1,1210.65,1216.1,,-0.000706678937680838,-0.000706678937680838,1.0970879041570438
2005-06-21,1216.1,1217.13,1211.86,1213.61,,-0.0020475289861031643,-0.0020475289861031643,1.0948415848729791
2005-06-22,1213.61,1219.59,1211.6899,1213.88,,0.00022247674294062492,0.00022247674294062492,1.0950851616628177
2005-06-23,1213.88,1216.45,1200.72,1200.73,,-0.010833031271624938,-0.010833031271624938,1.0832220698614319
2005-06-24,1200.73,1200.9,1191.45,1191.5699,,-0.007628775828038004,-0.007628775828038004,1.0749584115184756
2005-06-27,1191.5699,1194.33,1188.3,1190.6899,,-0.0007385215084737551,-0.0007385215084737551,1.0741645316108546
2005-06-28,1190.6899,1202.54,1190.6899,1201.5699,,0.009137559661839711,0.009137559661839711,1.0839797741050807
2005-06-29,1201.5699,1204.0699,1198.7,1199.85,,-0.0014313774005157986,-0.0014313774005157986,1.0824281899538106
2005-06-30,1199.85,1203.27,1190.51,1191.33,,-0.007100887610951401,-0.007100887610951401,1.074741989030023
2005-07-01,1191.33,1197.89,1191.33,1194.4399,,0.0026104437897140897,0.0026104437897140897,1.0775475425808314
2005-07-05,1194.4399,1206.34,1192.49,1204.99,,0.00883267546571398,0.00883267546571398,1.0870651703233256
2005-07-06,1204.99,1206.11,1194.78,1194.9399,,-0.008340401165154887,-0.008340401165154887,1.0779986107101618
2005-07-07,1194.9399,1198.46,1183.55,1197.87,,0.002452089849874328,0.002452089849874328,1.0806419601616628
2005-07-08,1197.87,1212.73,1197.2,1211.86,,0.011679063671349965,0.011679063671349965,1.0932628464203231
2005-07-11,1211.86,1220.03,1211.86,1219.4399,,0.006254765401944251,0.006254765401944251,1.1001009490473441
2005-07-12,1219.4399,1225.54,1216.6,1222.21,,0.0022716166659790815,0.0022716166659790815,1.1025999566974596
2005-07-13,1222.21,1224.46,1219.64,1223.29,,0.0008836452000882122,0.0008836452000882122,1.103574263856813
2005-07-14,1223.29,1233.16,1223.29,1226.5,,0.0026240711523841664,0.0026240711523841664,1.106470121247113
2005-07-15,1226.5,1229.53,1223.5,1227.92,,0.0011577660008152968,0.0011577660008152968,1.1077511547344112
2005-07-18,1227.92,1227.92,1221.13,1221.13,,-0.005529676200403899,-0.005529676200403899,1.1016256495381063
2005-07-19,1221.13,1230.34,1221.13,1229.35,,0.00673147003185548,0.00673147003185548,1.1090412095842954
2005-07-20,1229.35,1236.5601,1222.91,1235.2,,0.004758612274779361,0.004758612274779361,1.1143187066974596
2005-07-21,1235.2,1235.83,1224.7,1227.04,,-0.006606217616580423,-0.006606217616580423,1.1069572748267897
2005-07-22,1227.04,1234.1899,1226.15,1233.6801,,0.005411478028426231,0.005411478028426231,1.1129475497979215
2005-07-25,1233.6801,1238.36,1228.15,1229.03,,-0.003769291569184041,-0.003769291569184041,1.1087525259815243
2005-07-26,1229.03,1234.42,1229.03,1231.16,,0.001733074050267458,0.001733074050267458,1.1106740762124712
2005-07-27,1231.16,1237.64,1230.15,1236.79,,0.004572923096916703,0.004572923096916703,1.1157531033487298
2005-07-28,1236.79,1245.15,1235.8101,1243.72,,0.005603214773728826,0.005603214773728826,1.122004907621247
2005-07-29,1243.72,1245.04,1234.1801,1234.1801,,-0.007670456372817047,-0.007670456372817047,1.1133986179272517
2005-08-01,1234.1801,1239.1,1233.8,1235.35,,0.0009479167586641246,0.0009479167586641246,1.1144540271362586
2005-08-02,1235.35,1244.6899,1235.35,1244.12,,0.0070992026551179865,0.0070992026551179865,1.1223657621247112
2005-08-03,1244.12,1245.86,1240.5699,1245.04,,0.0007394785068965959,0.0007394785068965959,1.123195727482679
2005-08-04,1245.04,1245.04,1235.15,1235.86,,-0.007373257084109852,-0.007373257084109852,1.1149141166281753
2005-08-05,1235.86,1235.86,1225.62,1226.42,,-0.007638405644652124,-0.007638405644652124,1.1063979503464203
2005-08-08,1226.42,1232.28,1222.67,1223.13,,-0.002682604654196785,-0.002682604654196785,1.1034299220554273
2005-08-09,1223.13,1234.11,1223.13,1231.38,,0.006744990311741139,0.006744990311741139,1.1108725461893765
2005-08-10,1231.38,1242.6899,1226.58,1229.13,,-0.0018272182429469597,-0.0018272182429469597,1.1088427396073903
2005-08-11,1229.13,1237.8101,1228.33,1237.8101,,0.007061986933847297,0.007061986933847297,1.1166733725461893
2005-08-12,1237.8101,1237.8101,1225.87,1230.39,,-0.005994538257524162,-0.005994538257524162,1.1099794312933027
2005-08-15,1230.4,1236.24,1226.2,1233.87,,0.0028283714919656866,0.0028283714919656866,1.113118865473441
2005-08-16,1233.87,1233.87,1219.05,1219.34,,-0.011775956948462896,-0.011775956948462896,1.1000108256351038
2005-08-17,1219.34,1225.63,1218.0699,1220.24,,0.0007381042203160604,0.0007381042203160604,1.1008227482678983
2005-08-18,1220.24,1222.64,1215.9301,1219.02,,-0.0009998033173802545,-0.0009998033173802545,1.0997221420323324
2005-08-19,1219.02,1225.08,1219.02,1219.71,,0.0005660284490820455,0.0005660284490820455,1.1003446160508084
2005-08-22,1219.71,1228.96,1216.47,1221.73,,0.0016561313754908102,0.0016561313754908102,1.1021669312933025
2005-08-23,1221.73,1223.04,1214.4399,1217.59,,-0.003388637423980878,-0.003388637423980878,1.098432087182448
2005-08-24,1217.5699,1224.15,1209.37,1209.59,,-0.006570356195435223,-0.006570356195435223,1.091214997113164
2005-08-25,1209.59,1213.73,1209.5699,1212.37,,0.002298299423771688,0.002298299423771688,1.09372293591224
2005-08-26,1212.4,1212.4,1204.23,1205.1,,-0.0059965192144312285,-0.0059965192144312285,1.0871644053117782
2005-08-29,1205.1,1214.28,1201.53,1212.28,,0.005958011783254502,0.005958011783254502,1.0936417436489607
2005-08-30,1212.28,1212.28,1201.0699,1208.41,,-0.003192331804533488,-0.003192331804533488,1.0901504763279446
2005-08-31,1208.41,1220.36,1204.4,1220.33,,0.009864201719614885,0.009864201719614885,1.1009039405311778
2005-09-01,1220.33,1227.29,1216.1801,1221.59,,0.0010325076004031875,0.0010325076004031875,1.10204063221709
2005-09-02,1221.59,1224.45,1217.75,1218.02,,-0.0029224207794759094,-0.0029224207794759094,1.0988200057736721
2005-09-06,1218.02,1233.61,1218.02,1233.39,,0.01261884041312955,0.01261884041312955,1.112685840069284
2005-09-07,1233.39,1237.0601,1230.9301,1236.36,,0.002407997470386336,0.002407997470386336,1.1153651847575057
2005-09-08,1236.36,1236.36,1229.51,1231.67,,-0.003793393509980758,-0.003793393509980758,1.111134165704388
2005-09-09,1231.67,1243.13,1231.67,1241.48,,0.007964795765099453,0.007964795765099453,1.1199841224018476
2005-09-12,1241.48,1242.6,1239.15,1240.5601,,-0.000740970454618739,-0.000740970454618739,1.1191542472575058
2005-09-13,1240.5699,1240.5699,1231.2,1231.2,,-0.007545059687152467,-0.007545059687152467,1.1107101616628177
2005-09-14,1231.2,1234.74,1226.16,1227.16,,-0.0032813515269655147,-0.0032813515269655147,1.1070655311778292
2005-09-15,1227.16,1231.88,1224.85,1227.73,,0.0004644871084453772,0.0004644871084453772,1.1075797488452657
2005-09-16,1228.42,1237.95,1228.42,1237.91,,0.008291725379358628,0.008291725379358628,1.1167634959584296
2005-09-19,1237.91,1237.91,1227.65,1231.02,,-0.0055658327342053004,-0.0055658327342053004,1.1105477771362586
2005-09-20,1231.02,1236.49,1220.0699,1221.34,,-0.007863397832691632,-0.007863397832691632,1.1018150981524248
2005-09-21,1221.34,1221.52,1209.89,1210.2,,-0.009121129251477789,-0.009121129251477789,1.0917653002309469
2005-09-22,1210.2,1216.64,1205.35,1214.62,,0.0036522888778713902,0.0036522888778713902,1.0957527424942262
2005-09-23,1214.62,1218.83,1209.8,1215.29,,0.0005516128501095174,0.0005516128501095174,1.0963571737875288
2005-09-26,1215.29,1222.5601,1211.84,1215.63,,0.00027976861489853455,0.00027976861489853455,1.0966639001154734
2005-09-27,1215.63,1220.17,1211.11,1215.66,,2.4678561733493254e-05,2.4678561733493254e-05,1.0966909642032334
2005-09-28,1215.66,1220.98,1212.72,1216.89,,0.0010117960613986732,0.0010117960613986732,1.0978005918013858
2005-09-29,1216.89,1228.7,1211.54,1227.6801,,0.008866947710967965,0.008866947710967965,1.1075347322459586
2005-09-30,1227.6801,1229.5699,1225.22,1228.8101,,0.000920435217610649,0.000920435217610649,1.1085541462182447
2005-10-03,1228.8101,1233.34,1225.15,1226.7,,-0.0017171896617710347,-0.0017171896617710347,1.1066505484988454
2005-10-04,1226.7,1229.88,1214.02,1214.47,,-0.00996983777614735,-0.00996983777614735,1.0956174220554273
2005-10-05,1214.47,1214.47,1196.25,1196.39,,-0.014887152420397287,-0.014887152420397287,1.0793067984988454
2005-10-06,1196.39,1202.14,1181.92,1191.49,,-0.004095654427068163,-0.004095654427068163,1.0748863308314087
2005-10-07,1191.49,1199.71,1191.46,1195.9,,0.0037012480171887407,0.0037012480171887407,1.0788647517321017
2005-10-10,1195.9,1196.52,1186.12,1187.33,,-0.0071661510159714,-0.0071661510159714,1.071133443995381
2005-10-11,1187.33,1193.1,1183.16,1184.87,,-0.0020718755527107113,-0.0020718755527107113,1.068914188799076
2005-10-12,1184.87,1190.02,1173.65,1177.6801,,-0.006068091858178359,-0.006068091858178359,1.0624279193129331
2005-10-13,1177.6801,1179.5601,1168.2,1176.84,,-0.0007133516139060658,-0.0007133516139060658,1.0616700346420322
2005-10-14,1176.84,1187.13,1175.4399,1186.5699,,0.008267818904863944,0.008267818904863944,1.0704477302251731
2005-10-17,1186.5699,1191.21,1184.48,1190.1,,0.00297504597074294,0.00297504597074294,1.0736323614318706
2005-10-18,1190.1,1190.1,1178.13,1178.14,,-0.010049575665910249,-0.010049575665910249,1.062842811778291
2005-10-19,1178.14,1195.76,1170.55,1195.76,,0.014955777751370691,0.014955777751370691,1.0787384526558892
2005-10-20,1195.76,1197.3,1173.3,1177.8,,-0.015019736401953643,-0.015019736401953643,1.0625360854503463
2005-10-21,1177.8,1186.46,1174.92,1179.59,,0.001519782645610368,0.001519782645610368,1.0641509093533486
2005-10-24,1179.59,1199.39,1179.59,1199.38,,0.01677701574275825,0.01677701574275825,1.0820041859122402
2005-10-25,1199.38,1201.3,1189.29,1196.54,,-0.0023678900765397026,-0.0023678900765397026,1.0794421189376442
2005-10-26,1196.54,1204.01,1191.38,1191.38,,-0.004312434185233971,-0.004312434185233971,1.0747870958429562
2005-10-27,1191.38,1192.65,1178.89,1178.9,,-0.010475247192331616,-0.010475247192331616,1.063528435334873
2005-10-28,1178.9,1198.41,1178.9,1198.41,,0.016549325642548185,0.016549325642548185,1.0811291137413395
2005-10-31,1198.41,1211.4301,1198.41,1207.01,,0.007176175098672299,0.007176175098672299,1.08888748556582
2005-11-01,1207.01,1207.34,1201.66,1202.76,,-0.003521097588255251,-0.003521097588255251,1.0850534064665127
2005-11-02,1202.76,1215.17,1201.0699,1214.76,,0.009977052778609163,0.009977052778609163,1.0958790415704387
2005-11-03,1214.76,1224.7,1214.76,1219.9399,,0.004264134479238679,0.004264134479238679,1.1005520171766745
2005-11-04,1219.9399,1222.52,1214.45,1220.14,,0.0001640244736647034,0.0001640244736647034,1.1007325346420325
2005-11-07,1220.14,1224.1801,1217.29,1222.8101,,0.0021883554346220357,0.0021883554346220357,1.1031413286662817
2005-11-08,1222.8101,1222.8101,1216.08,1218.59,,-0.0034511491195566846,-0.0034511491195566846,1.0993342234411085
2005-11-09,1218.59,1226.59,1216.53,1220.65,,0.0016904783397206913,0.0016904783397206913,1.1011926241339494
2005-11-10,1220.65,1232.41,1215.05,1230.96,,0.008446319583828243,0.008446319583828243,1.110493648960739
2005-11-11,1230.96,1235.7,1230.72,1234.72,,0.003054526548385006,0.003054526548385006,1.1138856812933025
2005-11-14,1234.72,1237.2,1231.78,1233.76,,-0.0007775042114811503,-0.0007775042114811503,1.1130196304849884
2005-11-15,1233.76,1237.9399,1226.41,1229.01,,-0.0038500194527298914,-0.0038500194527298914,1.108734483256351
2005-11-16,1229.01,1232.24,1227.1801,1231.21,,0.0017900586651045103,0.0017900586651045103,1.1107191830254042
2005-11-17,1231.21,1242.96,1231.21,1242.8,,0.009413503788955557,0.009413503788955557,1.1211749422632793
2005-11-18,1242.8,1249.58,1240.71,1248.27,,0.004401351786289087,0.004401351786289087,1.1261096275981524
2005-11-21,1248.27,1255.89,1246.9,1254.85,,0.0052712954729345896,0.0052712954729345896,1.1320456841801385
2005-11-22,1254.85,1261.9,1251.4,1261.23,,0.00508427302067993,0.00508427302067993,1.1378013135103926
2005-11-23,1261.23,1270.64,1259.51,1265.61,,0.00347280036155162,0.00347280036155162,1.1417526703233256
2005-11-25,1265.61,1268.78,1265.54,1268.25,,0.002085950648303969,0.002085950648303969,1.1441343100461894
2005-11-28,1268.25,1268.4399,1257.17,1257.46,,-0.008507786319731925,-0.008507786319731925,1.1344002598152425
2005-11-29,1257.46,1266.1801,1257.46,1257.48,,1.5905078491584845e-05,1.5905078491584845e-05,1.1344183025404158
2005-11-30,1257.48,1260.9301,1249.39,1249.48,,-0.00636193020962561,-0.00636193020962561,1.1272012124711317
2005-12-01,1249.48,1266.17,1249.48,1264.67,,0.012157057335851817,0.012157057335851817,1.1409046622401848
2005-12-02,1264.67,1266.85,1261.42,1265.08,,0.00032419524460913784,0.00032419524460913784,1.1412745381062355
2005-12-05,1265.08,1265.08,1258.12,1262.09,,-0.002363486894109479,-0.002363486894109479,1.1385771506928406
2005-12-06,1262.09,1272.89,1262.09,1263.7,,0.0012756617990794528,0.0012756617990794528,1.140029590069284
2005-12-07,1263.7,1264.85,1253.02,1257.37,,-0.0050091002611381,-0.0050091002611381,1.134319067551963
2005-12-08,1257.37,1263.36,1250.91,1255.84,,-0.0012168255962843322,-0.0012168255962843322,1.1329387990762123
2005-12-09,1255.84,1263.08,1254.24,1259.37,,0.0028108676264491095,0.0028108676264491095,1.1361233400692838
2005-12-12,1259.37,1263.86,1255.52,1260.4301,,0.0008417700913949666,0.0008417700913949666,1.13707969471709
2005-12-13,1260.4301,1272.11,1258.5601,1267.4301,,0.005553659818184231,0.005553659818184231,1.1433946485277136
2005-12-14,1267.4301,1275.8,1267.0699,1272.74,,0.004189501259280526,0.004189501259280526,1.1481849018475752
2005-12-15,1272.74,1275.17,1267.74,1270.9399,,-0.0014143501422128057,-0.0014143501422128057,1.1465609663683602
2005-12-16,1270.9399,1275.24,1267.3199,1267.3199,,-0.002848285745061685,-0.002848285745061685,1.1432952331120092
2005-12-19,1267.3199,1270.51,1259.28,1259.92,,-0.0058390150742523295,-0.0058390150742523295,1.1366195150115475
2005-12-20,1259.92,1263.86,1257.21,1259.62,,-0.00023811035621323917,-0.00023811035621323917,1.1363488741339491
2005-12-21,1259.62,1269.37,1259.62,1262.79,,0.0025166320001270837,0.0025166320001270837,1.139208646073903
2005-12-22,1262.79,1268.1899,1262.5,1268.12,,0.004220812645016059,0.004220812645016059,1.1440170323325634
2005-12-23,1268.12,1269.76,1265.92,1268.66,,0.00042582720878159286,0.00042582720878159286,1.1445041859122402
2005-12-27,1268.66,1271.83,1256.54,1256.54,,-0.009553387038292449,-0.009553387038292449,1.1335702944572748
2005-12-28,1256.54,1261.1,1256.54,1258.17,,0.0012972129816799516,0.0012972129816799516,1.1350407765588915
2005-12-29,1258.17,1260.61,1254.1801,1254.42,,-0.0029805193256873252,-0.0029805193256873252,1.1316577655889146
2005-12-30,1254.42,1254.42,1246.59,1248.29,,-0.004886720556113722,-0.004886720556113722,1.1261276703233256
2006-01-03,1248.29,1270.22,1245.74,1268.8,,0.016430476892388857,0.016430476892388857,1.1446304849884525
2006-01-04,1268.8,1275.37,1267.74,1273.46,,0.003672761664565094,0.003672761664565094,1.1488344399538106
2006-01-05,1273.46,1276.91,1270.3,1273.48,,1.5705243980868033e-05,1.5705243980868033e-05,1.1488524826789839
2006-01-06,1273.48,1286.09,1273.48,1285.45,,0.009399440902094991,0.009399440902094991,1.15965105369515
2006-01-09,1285.45,1290.78,1284.8199,1290.15,,0.00365630712979903,0.00365630712979903,1.1638910941108547
2006-01-10,1290.15,1290.15,1283.76,1289.6899,,-0.0003566251986203417,-0.0003566251986203417,1.163476021218245
2006-01-11,1289.72,1294.9,1288.12,1294.1801,,0.0034816121301717295,0.0034816121301717295,1.1675267934468823
2006-01-12,1294.1801,1294.1801,1285.04,1286.0601,,-0.006274242665298413,-0.006274242665298413,1.1602014470265587
2006-01-13,1286.0601,1288.96,1282.78,1287.61,,0.0012051536316226574,0.0012051536316226574,1.1615996680138567
2006-01-17,1287.61,1287.61,1278.61,1283.03,,-0.0035569776562778266,-0.0035569776562778266,1.1574678839491916
2006-01-18,1282.9301,1282.9301,1272.08,1277.9301,,-0.003974887570828423,-0.003974887570828423,1.152867079243649
2006-01-19,1277.9301,1287.79,1277.9301,1285.04,,0.0055636063349631115,0.0055636063349631115,1.1592811778290992
2006-01-20,1285.04,1285.04,1260.92,1261.49,,-0.0183262777812363,-0.0183262777812363,1.1380358689376444
2006-01-23,1261.49,1268.1899,1261.49,1263.8199,,0.0018469429008554084,0.0018469429008554084,1.1401377562066974
2006-01-24,1263.8199,1271.47,1263.8199,1266.86,,0.002405485148635478,0.002405485148635478,1.1428803406466512
2006-01-25,1266.86,1271.87,1259.42,1264.6801,,-0.0017207110493659972,-0.0017207110493659972,1.1409137738163972
2006-01-26,1264.6801,1276.4399,1264.6801,1273.83,,0.007234952143233553,0.007234952143233553,1.149168230369515
2006-01-27,1273.83,1286.38,1273.83,1283.72,,0.0077639873452501895,0.0077639873452501895,1.1580903579676673
2006-01-30,1283.72,1287.9399,1283.51,1285.1899,,0.0011450316268346583,0.0011450316268346583,1.1594164080542726
2006-01-31,1285.2,1285.2,1276.85,1280.08,,-0.003975988295581989,-0.003975988295581989,1.154806581986143
2006-02-01,1280.08,1283.33,1277.5699,1282.46,,0.0018592587963253138,0.0018592587963253138,1.1569536662817552
2006-02-02,1282.46,1282.46,1267.72,1270.84,,-0.009060711445191383,-0.009060711445191383,1.14647084295612
2006-02-03,1270.84,1270.87,1261.02,1264.03,,-0.005358660413584682,-0.005358660413584682,1.140327295034642
2006-02-06,1264.03,1267.04,1261.62,1265.02,,0.0007832092592738871,0.0007832092592738871,1.141220409930716
2006-02-07,1265.02,1265.78,1253.61,1254.78,,-0.008094733680099941,-0.008094733680099941,1.1319825346420322
2006-02-08,1254.78,1266.47,1254.78,1265.65,,0.00866287317298653,0.00866287317298653,1.1417887557736721
2006-02-09,1265.65,1274.5601,1262.8,1263.78,,-0.0014775016789793094,-0.0014775016789793094,1.1401017609699768
2006-02-10,1263.8199,1269.89,1254.98,1266.99,,0.002539999050467756,0.002539999050467756,1.142997618360277
2006-02-13,1266.99,1266.99,1258.34,1262.86,,-0.0032596942359450765,-0.0032596942359450765,1.139271795612009
2006-02-14,1262.86,1278.21,1260.8,1275.53,,0.010032782731260736,0.010032782731260736,1.1507018620092377
2006-02-15,1275.53,1281.0,1271.0601,1280.0,,0.0035044256113145877,0.0035044256113145877,1.1547344110854503
2006-02-16,1280.0,1289.39,1280.0,1289.38,,0.00732812500000013,0.00732812500000013,1.163196449191686
2006-02-17,1289.38,1289.47,1284.0699,1287.24,,-0.0016597124199227986,-0.0016597124199227986,1.1612658775981524
2006-02-21,1287.24,1291.92,1281.33,1283.03,,-0.0032705633759050334,-0.0032705633759050334,1.1574678839491916
2006-02-22,1283.03,1294.17,1283.03,1292.67,,0.007513464221413413,0.007513464221413413,1.166164477482679
2006-02-23,1292.67,1293.84,1285.14,1287.79,,-0.0037751320909436004,-0.0037751320909436004,1.1617620525404158
2006-02-24,1287.79,1292.11,1285.62,1289.4301,,0.001273577213676269,0.001273577213676269,1.1632416462182449
2006-02-27,1289.4301,1297.5699,1289.4301,1294.12,,0.00363718824308501,0.00363718824308501,1.1674725750577366
2006-02-28,1294.12,1294.12,1278.66,1280.66,,-0.010400890180199518,-0.010400890180199518,1.1553298210161664
2006-03-01,1280.66,1291.8,1280.66,1291.24,,0.008261365233551476,0.008261365233551476,1.1648744226327945
2006-03-02,1291.24,1291.24,1283.21,1289.14,,-0.0016263436696507538,-0.0016263436696507538,1.1629799364896074
2006-03-03,1289.14,1297.33,1284.2,1287.23,,-0.0014816078936346067,-0.0014816078936346067,1.1612568562355658
2006-03-06,1287.23,1288.23,1275.67,1278.26,,-0.00696845163645976,-0.00696845163645976,1.153164693995381
2006-03-07,1278.26,1278.26,1271.11,1275.88,,-0.001861906028507443,-0.001861906028507443,1.151017609699769
2006-03-08,1275.88,1280.33,1268.42,1278.47,,0.002029971470671077,0.002029971470671077,1.1533541426096998
2006-03-09,1278.47,1282.74,1272.23,1272.23,,-0.004880834122036548,-0.004880834122036548,1.1477248123556583
2006-03-10,1272.23,1284.37,1271.11,1281.42,,0.007223536624666904,0.007223536624666904,1.1560154445727484
2006-03-13,1281.58,1287.37,1281.58,1284.13,,0.002114841347879759,0.002114841347879759,1.1584602338337184
2006-03-14,1284.13,1298.14,1282.67,1297.48,,0.010396143692616766,0.010396143692616766,1.170503752886836
2006-03-15,1297.48,1304.4,1294.97,1303.02,,0.004269815334340343,0.004269815334340343,1.1755015877598152
2006-03-16,1303.02,1310.45,1303.02,1305.33,,0.001772804715200138,0.001772804715200138,1.1775855225173208
2006-03-17,1305.33,1309.79,1305.3199,1307.25,,0.0014708924180093508,0.0014708924180093508,1.1793176241339491
2006-03-20,1307.25,1310.0,1303.59,1305.08,,-0.0016599732262383426,-0.0016599732262383426,1.1773599884526558
2006-03-21,1305.08,1310.88,1295.8199,1297.23,,-0.006014956937505644,-0.006014956937505644,1.170278218822171
2006-03-22,1297.23,1305.97,1295.8101,1305.04,,0.006020520647841865,0.006020520647841865,1.1773239030023095
2006-03-23,1305.04,1305.04,1298.11,1301.67,,-0.0025822963280818234,-0.0025822963280818234,1.1742837038106235
2006-03-24,1301.67,1306.53,1298.89,1302.95,,0.0009833521553082036,0.0009833521553082036,1.1754384382217091
2006-03-27,1302.95,1303.74,1299.09,1301.61,,-0.0010284354733490764,-0.0010284354733490764,1.1742295756351038
2006-03-28,1301.61,1306.24,1291.84,1293.23,,-0.006438180407341565,-0.006438180407341565,1.1666696737875288
2006-03-29,1293.23,1305.6,1293.23,1302.89,,0.00746966896839707,0.00746966896839707,1.1753843100461894
2006-03-30,1302.89,1310.15,1296.72,1300.25,,-0.002026264688500312,-0.002026264688500312,1.1730026703233256
2006-03-31,1300.25,1303.0,1294.87,1294.87,,-0.00413766583349362,-0.00413766583349362,1.168149177251732
2006-04-03,1302.88,1309.1899,1296.65,1297.8101,,0.002270575424559995,0.002270575424559995,1.1708015480658198
2006-04-04,1297.8101,1307.55,1294.71,1305.9301,,0.006256693486974774,0.006256693486974774,1.1781268944861432
2006-04-05,1305.9301,1312.8101,1304.8199,1311.5601,,0.0043111036341070275,0.0043111036341070275,1.1832059216224018
2006-04-06,1311.5601,1311.99,1302.4399,1309.04,,-0.0019214521698243114,-0.0019214521698243114,1.1809324480369514
2006-04-07,1309.04,1314.0699,1294.1801,1295.5,,-0.010343457801136657,-0.010343457801136657,1.1687175230946882
2006-04-10,1295.51,1300.74,1293.17,1296.62,,0.0008645310690851282,0.0008645310690851282,1.1697279157043878
2006-04-11,1296.6,1300.71,1282.96,1286.5699,,-0.007750998750597704,-0.007750998750597704,1.160661356091224
2006-04-12,1286.5699,1290.9301,1286.45,1288.12,,0.001204831544714402,0.001204831544714402,1.1620597575057736
2006-04-13,1288.12,1292.09,1283.37,1289.12,,0.0007763251870944732,0.0007763251870944732,1.1629618937644342
2006-04-17,1289.12,1292.45,1280.74,1285.33,,-0.002939990070745857,-0.002939990070745857,1.1595427973441108
2006-04-18,1285.33,1309.02,1285.33,1307.28,,0.01707732644534876,0.01707732644534876,1.179344688221709
2006-04-19,1307.65,1310.39,1302.79,1309.9301,,0.0020271862187137835,0.0020271862187137835,1.1817354395207853
2006-04-20,1309.9301,1318.16,1306.38,1311.46,,0.0011679249144667114,0.0011679249144667114,1.1831156177829099
2006-04-21,1311.46,1317.67,1306.59,1311.28,,-0.00013725161270650155,-0.00013725161270650155,1.182953233256351
2006-04-24,1311.28,1311.28,1303.79,1308.11,,-0.002417485205295611,-0.002417485205295611,1.1800934613163971
2006-04-25,1308.11,1310.79,1299.17,1301.74,,-0.004869621056333151,-0.004869621056333151,1.1743468533487298
2006-04-26,1301.74,1310.97,1301.74,1305.41,,0.0028193033939190038,0.0028193033939190038,1.1776576934180139
2006-04-27,1305.41,1315.0,1295.5699,1309.72,,0.00330164469400418,0.00330164469400418,1.1815459006928406
2006-04-28,1309.72,1316.04,1306.16,1310.61,,0.0006795345570045352,0.0006795345570045352,1.1823488019630484
2006-05-01,1310.61,1317.21,1303.46,1305.1899,,-0.004135555199487162,-0.004135555199487162,1.1774591332274826
2006-05-02,1305.1899,1313.66,1305.1899,1313.21,,0.006144776327184243,0.006144776327184243,1.1846943562355658
2006-05-03,1313.21,1313.47,1303.92,1308.12,,-0.00387599850747411,-0.00387599850747411,1.1801024826789837
2006-05-04,1307.85,1315.14,1307.85,1312.25,,0.0031572027031159244,0.0031572027031159244,1.1838283054272518
2006-05-05,1312.25,1326.53,1312.25,1325.76,,0.010295294341779337,0.010295294341779337,1.1960161662817552
2006-05-08,1325.76,1326.7,1322.87,1324.66,,-0.0008297127685251704,-0.0008297127685251704,1.1950238163972287
2006-05-09,1324.66,1326.6,1322.48,1325.14,,0.0003623571331512476,0.0003623571331512476,1.1954568418013858
2006-05-10,1324.5699,1325.51,1317.4399,1322.85,,-0.0017281192930559408,-0.0017281192930559408,1.193390949769053
2006-05-11,1322.63,1322.63,1303.45,1305.92,,-0.012798125259855464,-0.012798125259855464,1.1781177829099307
2006-05-12,1305.88,1305.88,1290.38,1291.24,,-0.011241117373192888,-0.011241117373192888,1.1648744226327945
2006-05-15,1291.1899,1294.8101,1284.51,1294.5,,0.0025247049347913997,0.0025247049347913997,1.1678153868360277
2006-05-16,1294.5,1297.88,1288.51,1292.08,,-0.0018694476631905266,-0.0018694476631905266,1.1656322170900693
2006-05-17,1291.73,1291.73,1267.3101,1270.3199,,-0.016841139867500465,-0.016841139867500465,1.1460016418879908
2006-05-18,1270.25,1274.89,1261.75,1261.8101,,-0.006698942526209395,-0.006698942526209395,1.1383246427540414
2006-05-19,1261.8101,1272.15,1256.28,1267.03,,0.004136834853358806,0.004136834853358806,1.1430337038106235
2006-05-22,1267.03,1268.77,1252.98,1262.0699,,-0.003914745507209827,-0.003914745507209827,1.1385590177540414
2006-05-23,1262.0601,1273.67,1256.15,1256.58,,-0.004349917544186788,-0.004349917544186788,1.1336063799076213
2006-05-24,1256.5601,1264.53,1245.34,1258.5699,,0.0015835840137516932,0.0015835840137516932,1.1354015408487297
2006-05-25,1258.41,1273.26,1258.41,1272.88,,0.011370127316726819,0.011370127316726819,1.1483112009237877
2006-05-26,1272.71,1280.54,1272.5,1280.16,,0.005719313682358118,0.005719313682358118,1.154878752886836
2006-05-30,1280.04,1280.04,1259.87,1259.87,,-0.01584958130233738,-0.01584958130233738,1.1365744081986142
2006-05-31,1259.38,1270.09,1259.38,1270.09,,0.00811194805813309,0.00811194805813309,1.1457942407621247
2006-06-01,1270.05,1285.71,1269.1899,1285.71,,0.012298341062444429,0.012298341062444429,1.159885609122402
2006-06-02,1285.71,1290.6801,1280.22,1288.22,,0.0019522287296513952,0.0019522287296513952,1.1621499711316396
2006-06-05,1288.16,1288.16,1264.66,1265.29,,-0.017799754700284165,-0.017799754700284165,1.1414639867205543
2006-06-06,1265.23,1269.88,1254.46,1263.85,,-0.0011380790174584376,-0.0011380790174584376,1.140164910508083
2006-06-07,1263.61,1272.47,1255.77,1256.15,,-0.00609249515369692,-0.00609249515369692,1.1332184613163974
2006-06-08,1256.08,1259.85,1235.1801,1257.9301,,0.001417107829478903,0.001417107829478903,1.1348243540704388
2006-06-09,1257.9301,1262.58,1250.03,1252.3,,-0.004475685890654835,-0.004475685890654835,1.1297452367205543
2006-06-12,1252.27,1255.22,1236.4301,1237.4399,,-0.011866246107162692,-0.011866246107162692,1.1163394017032333
2006-06-13,1236.08,1243.37,1222.52,1223.6899,,-0.011111650755725622,-0.011111650755725622,1.1039350281466513
2006-06-14,1223.66,1231.46,1219.29,1230.04,,0.005189304904780201,0.005189304904780201,1.1096636836027713
2006-06-15,1230.01,1258.64,1230.01,1256.16,,0.021235081785958343,0.021235081785958343,1.1332274826789839
2006-06-16,1256.16,1256.27,1246.33,1251.54,,-0.0036778754298816274,-0.0036778754298816274,1.1290596131639723
2006-06-19,1251.54,1255.9301,1237.17,1240.13,,-0.009116768141649412,-0.009116768141649412,1.118766238452656
2006-06-20,1240.12,1249.01,1238.87,1240.12,,-8.063670744351548e-06,-8.063670744351548e-06,1.1187572170900693
2006-06-21,1240.09,1257.96,1240.09,1252.2,,0.009740992807147908,0.009740992807147908,1.1296550230946882
2006-06-22,1251.92,1251.92,1241.53,1245.6,,-0.005270723526593302,-0.005270723526593302,1.1237009237875288
2006-06-23,1245.59,1253.13,1241.4301,1244.5,,-0.0008831085420679674,-0.0008831085420679674,1.1227085739030023
2006-06-26,1244.5,1250.92,1243.6801,1250.5601,,0.004869505825632725,0.004869505825632725,1.1281756098441107
2006-06-27,1250.55,1253.37,1238.9399,1239.2,,-0.009084009636961765,-0.009084009636961765,1.1179272517321017
2006-06-28,1238.99,1247.0601,1237.59,1246.0,,0.0054874112330536295,0.0054874112330536295,1.124061778290993
2006-06-29,1245.9399,1272.88,1245.9399,1272.87,,0.021565008025682175,0.021565008025682175,1.1483021795612007
2006-06-30,1272.86,1276.3,1270.2,1270.2,,-0.0020976219095428794,-0.0020976219095428794,1.1458934757505774
2006-07-03,1270.0601,1280.38,1270.0601,1280.1899,,0.007864824437096463,0.007864824437096463,1.15490572676097
2006-07-05,1280.05,1280.05,1265.91,1270.91,,-0.007248846440672585,-0.007248846440672585,1.1465339924942264
2006-07-06,1270.58,1278.3199,1270.58,1274.08,,0.0024942757551673633,0.0024942757551673633,1.14939376443418
2006-07-07,1274.08,1275.38,1263.13,1265.48,,-0.006749968604797152,-0.006749968604797152,1.1416353926096998
2006-07-10,1265.46,1274.0601,1264.46,1267.34,,0.0014697980213040918,0.0014697980213040918,1.1433133660508081
2006-07-11,1267.26,1273.64,1259.65,1272.4301,,0.004016364984929188,0.004016364984929188,1.1479053298210162
2006-07-12,1272.39,1273.3101,1257.29,1258.6,,-0.01086904498722574,-0.01086904498722574,1.1354286951501154
2006-07-13,1258.58,1258.58,1241.4301,1242.28,,-0.012966788495153314,-0.012966788495153314,1.1207058314087759
2006-07-14,1242.29,1242.7,1228.45,1236.2,,-0.004894226744373231,-0.004894226744373231,1.1152208429561201
2006-07-17,1236.2,1240.0699,1231.49,1234.49,,-0.0013832713153211218,-0.0013832713153211218,1.1136781899538106
2006-07-18,1234.48,1239.86,1224.54,1236.86,,0.0019198211407138732,0.0019198211407138732,1.1158162528868358
2006-07-19,1236.74,1261.8101,1236.74,1259.8101,,0.01855513154277766,0.01855513154277766,1.1365203702367204
2006-07-20,1259.8101,1262.5601,1249.13,1249.13,,-0.008477547528790152,-0.008477547528790152,1.1268854647806006
2006-07-21,1249.12,1250.96,1238.72,1240.29,,-0.007076925540176027,-0.007076925540176027,1.1189105802540416
2006-07-24,1240.25,1262.5,1240.25,1260.91,,0.01662514411952043,0.01662514411952043,1.1375126299076213
2006-07-25,1260.91,1272.39,1257.1899,1268.88,,0.006320831780222136,0.006320831780222136,1.1447026558891455
2006-07-26,1268.87,1273.89,1261.9399,1268.4,,-0.000378286362776592,-0.000378286362776592,1.1442696304849884
2006-07-27,1268.2,1275.85,1261.92,1263.2,,-0.004099653106275691,-0.004099653106275691,1.139578521939954
2006-07-28,1263.15,1280.42,1263.15,1278.55,,0.01215167827739072,0.01215167827739072,1.1534263135103926
2006-07-31,1278.53,1278.66,1274.3101,1276.66,,-0.0014782370654256027,-0.0014782370654256027,1.1517212759815243
2006-08-01,1278.53,1278.66,1265.71,1270.92,,-0.004496107029279495,-0.004496107029279495,1.146543013856813
2006-08-02,1270.73,1283.42,1270.73,1277.41,,0.005106536996821287,0.005106536996821287,1.1523978781755198
2006-08-03,1278.22,1283.96,1271.25,1280.27,,0.002238905284912329,0.002238905284912329,1.1549779878752886
2006-08-04,1280.26,1292.92,1273.8199,1279.36,,-0.0007107875682473841,-0.0007107875682473841,1.1541570438799076
2006-08-07,1279.3101,1279.3101,1273.0,1275.77,,-0.002806090545272588,-0.002806090545272588,1.1509183747113163
2006-08-08,1275.67,1282.75,1268.37,1271.48,,-0.003362675090337608,-0.003362675090337608,1.1470482101616628
2006-08-09,1271.13,1283.74,1264.73,1265.95,,-0.004349262277031474,-0.004349262277031474,1.1420593966512702
2006-08-10,1265.72,1272.55,1261.3,1271.8101,,0.004629013784114511,0.004629013784114511,1.1473460053406466
2006-08-11,1271.64,1271.64,1262.08,1266.74,,-0.003986522830727535,-0.003986522830727535,1.142772084295612
2006-08-14,1266.67,1278.9,1266.67,1268.21,,0.0011604591313134627,0.0011604591313134627,1.1440982245958429
2006-08-15,1268.1899,1286.23,1268.1899,1285.58,,0.013696469827552127,0.013696469827552127,1.1597683314087759
2006-08-16,1285.27,1296.21,1285.27,1295.4301,,0.007661989141088066,0.007661989141088066,1.1686544637702079
2006-08-17,1295.37,1300.78,1292.71,1297.48,,0.0015824088077003307,0.0015824088077003307,1.170503752886836
2006-08-18,1297.48,1302.3,1293.5699,1302.3,,0.003714893485833981,0.003714893485833981,1.1748520496535797
2006-08-21,1302.3,1302.3,1295.51,1297.52,,-0.003670429240574369,-0.003670429240574369,1.1705398383371823
2006-08-22,1297.52,1302.49,1294.4399,1298.8199,,0.0010018342684505743,0.0010018342684505743,1.1717125252598153
2006-08-23,1298.73,1301.5,1289.8199,1292.99,,-0.004488613086387039,-0.004488613086387039,1.1664531610854503
2006-08-24,1292.97,1297.23,1291.4,1296.0601,,0.0023744189823586836,0.0023744189823586836,1.1692228096131638
2006-08-25,1295.92,1298.88,1292.39,1295.09,,-0.000748499240120104,-0.000748499240120104,1.1683476472286374
2006-08-28,1295.09,1305.02,1293.97,1301.78,,0.005165664162336325,0.005165664162336325,1.174382938799076
2006-08-29,1301.5699,1305.02,1295.29,1304.28,,0.001920447387423474,0.001920447387423474,1.1766382794457275
2006-08-30,1303.7,1306.74,1302.15,1305.37,,0.0008357101235929587,0.0008357101235929587,1.1776216079676673
2006-08-31,1304.25,1306.11,1302.45,1303.8199,,-0.001187479411967396,-0.001187479411967396,1.1762232065531177
2006-09-01,1303.8,1312.03,1303.8,1311.01,,0.005514642014591065,0.005514642014591065,1.1827096564665127
2006-09-05,1310.9399,1314.67,1308.8199,1313.25,,0.0017086063416755781,0.0017086063416755781,1.1847304416859121
2006-09-06,1313.04,1313.04,1299.28,1300.26,,-0.009891490576813267,-0.009891490576813267,1.1730116916859121
2006-09-07,1300.21,1301.25,1292.13,1294.02,,-0.0047990401919616454,-0.0047990401919616454,1.1673823614318706
2006-09-08,1294.02,1300.14,1294.02,1298.92,,0.0037866493562697112,0.0037866493562697112,1.1718028290993072
2006-09-11,1298.86,1302.36,1290.9301,1299.54,,0.0004773196193759155,0.0004773196193759155,1.1723621535796767
2006-09-12,1299.53,1314.28,1299.53,1313.0,,0.010357511119319263,0.010357511119319263,1.184504907621247
2006-09-13,1312.74,1319.92,1311.12,1318.0699,,0.003861309977151617,0.003861309977151617,1.1890786482390299
2006-09-14,1318.0,1318.0,1313.25,1316.28,,-0.0013579704687892713,-0.0013579704687892713,1.1874639145496535
2006-09-15,1316.28,1324.65,1316.28,1319.66,,0.0025678427082385102,0.0025678427082385102,1.1905131351039262
2006-09-18,1319.85,1324.87,1318.16,1321.1801,,0.001151887607413915,0.001151887607413915,1.191884472430716
2006-09-19,1321.17,1322.04,1312.17,1317.64,,-0.0026794984272014988,-0.0026794984272014988,1.1886908198614319
2006-09-20,1318.28,1328.53,1318.28,1325.1801,,0.005722427977292721,0.005722427977292721,1.195493017465358
2006-09-21,1324.89,1328.1899,1315.45,1318.03,,-0.005395568496689651,-0.005395568496689651,1.1890426530023095
2006-09-22,1318.03,1318.03,1310.9399,1314.78,,-0.0024658012336593593,-0.0024658012336593593,1.1861107101616628
2006-09-25,1314.78,1329.35,1311.58,1326.37,,0.008815162993048187,0.008815162993048187,1.196566469399538
2006-09-26,1326.35,1336.6,1325.3,1336.35,,0.007524295633948297,0.007524295633948297,1.2055697892609698
2006-09-27,1336.12,1340.08,1333.54,1336.59,,0.00017959366932318588,0.00017959366932318588,1.2057863019630484
2006-09-28,1336.5601,1340.28,1333.75,1338.88,,0.0017133152275567998,0.0017133152275567998,1.2078521939953812
2006-09-29,1339.15,1339.88,1335.64,1335.85,,-0.002263085564053635,-0.002263085564053635,1.2051187211316396
2006-10-02,1335.8199,1338.54,1330.28,1331.3199,,-0.003391174158775323,-0.003391174158775323,1.2010319536662817
2006-10-03,1331.3199,1338.3101,1327.1,1334.11,,0.002095739724163881,0.002095739724163881,1.2035490040415704
2006-10-04,1333.8101,1350.2,1331.48,1350.2,,0.012060474773444518,0.012060474773444518,1.218064376443418
2006-10-05,1349.84,1353.79,1347.75,1353.22,,0.00223670567323353,0.00223670567323353,1.2207888279445727
2006-10-06,1353.22,1353.22,1344.21,1349.59,,-0.0026824906519266056,-0.0026824906519266056,1.217514073325635
2006-10-09,1349.58,1352.6899,1346.55,1350.66,,0.0007928333790263586,0.0007928333790263586,1.218479359122402
2006-10-10,1350.62,1354.23,1348.6,1353.42,,0.0020434454266802238,0.0020434454266802238,1.220969255196305
2006-10-11,1353.28,1353.97,1343.5699,1349.95,,-0.002563875219813494,-0.002563875219813494,1.217838842378753
2006-10-12,1349.9399,1363.76,1349.9399,1362.83,,0.009541094114596804,0.009541094114596804,1.2294583573903002
2006-10-13,1362.8199,1366.63,1360.5,1365.62,,0.002047210583858483,0.002047210583858483,1.231975317551963
2006-10-16,1365.61,1370.2,1364.48,1369.0601,,0.0025190755847162016,0.0025190755847162016,1.235078756495381
2006-10-17,1369.05,1369.05,1356.87,1364.05,,-0.0036595179422729274,-0.0036595179422729274,1.230558963625866
2006-10-18,1363.9301,1372.87,1360.95,1365.8,,0.001282944173600642,0.001282944173600642,1.2321377020785218
2006-10-19,1365.95,1368.09,1362.0601,1366.96,,0.00084931908039243,0.00084931908039243,1.2331841801385681
2006-10-20,1366.9399,1368.66,1362.1,1368.6,,0.0011997424942937762,0.0011997424942937762,1.2346636836027713
2006-10-23,1368.58,1377.4,1363.9399,1377.02,,0.006152272395148373,0.006152272395148373,1.2422596709006928
2006-10-24,1377.02,1377.78,1372.42,1377.38,,0.0002614341113420515,0.0002614341113420515,1.2425844399538106
2006-10-25,1377.36,1383.61,1376.0,1382.22,,0.0035139177278600275,0.0035139177278600275,1.2469507794457275
2006-10-26,1382.21,1389.45,1379.47,1389.08,,0.00496303048718727,0.00496303048718727,1.2531394341801385
2006-10-27,1388.89,1388.89,1375.85,1377.34,,-0.008451637054741279,-0.008451637054741279,1.2425483545034641
2006-10-30,1377.3,1381.22,1373.46,1377.9301,,0.00042843451870999694,0.00042843451870999694,1.2430807051096997
2006-10-31,1377.9301,1381.21,1372.1899,1377.9399,,7.112116935381607e-06,7.112116935381607e-06,1.2430895460450346
2006-11-01,1377.76,1381.95,1366.26,1367.8101,,-0.007351409157975719,-0.007351409157975719,1.2339510861720553
2006-11-02,1367.4399,1368.39,1362.21,1367.34,,-0.0003436880602065706,-0.0003436880602065706,1.233526991916859
2006-11-03,1367.3101,1371.6801,1360.98,1364.3,,-0.002223294864481362,-0.002223294864481362,1.230784497690531
2006-11-06,1364.27,1381.4,1364.27,1379.78,,0.011346478047350228,0.011346478047350228,1.2447495669745958
2006-11-07,1379.75,1388.1899,1379.1899,1382.84,,0.0022177448578759584,0.0022177448578759584,1.247510103926097
2006-11-08,1382.5,1388.61,1379.33,1385.72,,0.0020826704463279277,0.0020826704463279277,1.2501082563510393
2006-11-09,1385.4301,1388.92,1377.3101,1378.33,,-0.005332967699102298,-0.005332967699102298,1.243441469399538
2006-11-10,1378.33,1381.04,1375.6,1380.9,,0.0018645752468569032,0.0018645752468569032,1.2457599595842956
2006-11-13,1380.58,1387.61,1378.8,1384.42,,0.0025490622058077506,0.0025490622058077506,1.2489354792147807
2006-11-14,1384.36,1394.49,1379.0699,1393.22,,0.006356452521633527,0.006356452521633527,1.2568742782909932
2006-11-15,1392.91,1401.35,1392.13,1396.5699,,0.002404430025408688,0.002404430025408688,1.2598963445438798
2006-11-16,1396.53,1403.76,1396.53,1399.76,,0.0022842394068496308,0.0022842394068496308,1.2627742494226328
2006-11-17,1399.76,1401.21,1394.55,1401.2,,0.0010287477853345717,0.0010287477853345717,1.264073325635104
2006-11-20,1401.17,1404.37,1397.85,1400.5,,-0.0004995717956037815,-0.0004995717956037815,1.2634418302540416
2006-11-21,1400.4301,1403.49,1399.99,1402.8101,,0.0016494823277399817,0.0016494823277399817,1.2655258552251731
2006-11-22,1402.6899,1407.89,1402.26,1406.09,,0.0023380926612945885,0.0023380926612945885,1.2684847719399537
2006-11-24,1405.9399,1405.9399,1399.25,1400.95,,-0.0036555270288529673,-0.0036555270288529673,1.263847791570439
2006-11-27,1400.95,1400.95,1381.4399,1381.96,,-0.013555087619115613,-0.013555087619115613,1.2467162240184757
2006-11-28,1381.61,1387.91,1377.83,1386.72,,0.0034443833396045065,0.0034443833396045065,1.2510103926096998
2006-11-29,1386.11,1401.14,1386.11,1399.48,,0.00920156917041659,0.00920156917041659,1.2625216512702078
2006-11-30,1399.47,1406.3,1393.83,1400.63,,0.0008217337868352548,0.0008217337868352548,1.2635591079676676
2006-12-01,1400.63,1402.46,1385.9301,1396.71,,-0.002798740566745006,-0.002798740566745006,1.2600227338337182
2006-12-04,1396.67,1411.23,1396.67,1409.12,,0.008885165854042532,0.008885165854042532,1.271218244803695
2006-12-05,1409.1,1415.27,1408.78,1414.76,,0.004002498012944278,0.004002498012944278,1.2763062933025404
2006-12-06,1414.4,1415.9301,1411.05,1412.9,,-0.0013147106222962668,-0.0013147106222962668,1.2746283198614319
2006-12-07,1412.86,1418.27,1406.8,1407.29,,-0.003970557010404274,-0.003970557010404274,1.2695673354503463
2006-12-08,1407.27,1414.09,1403.67,1409.84,,0.0018119932636484481,0.0018119932636484481,1.2718677829099305
2006-12-11,1409.8101,1415.6,1408.5601,1413.04,,0.002269761107643431,0.002269761107643431,1.2747546189376442
2006-12-12,1413.0,1413.78,1404.75,1411.5601,,-0.001047316424163558,-0.001047316424163558,1.2734195474884527
2006-12-13,1411.3199,1416.64,1411.05,1413.21,,0.0011688485669154591,0.0011688485669154591,1.2749079821016167
2006-12-14,1413.16,1427.23,1413.16,1425.49,,0.008689437521670396,0.008689437521670396,1.2859862153579678
2006-12-15,1425.48,1431.63,1425.48,1427.09,,0.0011224210622311492,0.0011224210622311492,1.2874296333718245
2006-12-18,1427.08,1431.8101,1420.65,1422.48,,-0.003230349872818006,-0.003230349872818006,1.2832707852193996
2006-12-19,1422.42,1428.3,1414.88,1425.55,,0.0021582025757831413,0.0021582025757831413,1.2860403435334873
2006-12-20,1425.51,1429.05,1423.51,1423.53,,-0.0014169969485461342,-0.0014169969485461342,1.284218028290993
2006-12-21,1423.2,1426.4,1415.9,1418.3,,-0.0036739654239812403,-0.0036739654239812403,1.2794998556581985
2006-12-22,1418.1,1418.8199,1410.28,1410.76,,-0.005316223648029306,-0.005316223648029306,1.2726977482678983
2006-12-26,1410.75,1417.91,1410.45,1416.9,,0.004352264027899899,0.004352264027899899,1.278236864896074
2006-12-27,1416.63,1427.72,1416.63,1426.84,,0.007015315124567545,0.007015315124567545,1.2872040993071592
2006-12-28,1426.77,1427.26,1422.05,1424.73,,-0.0014787922962630207,-0.0014787922962630207,1.2853005918013858
2006-12-29,1424.71,1427.0,1416.84,1418.3,,-0.004513135822226011,-0.004513135822226011,1.2794998556581985
2007-01-03,1418.03,1429.42,1407.86,1416.6,,-0.001198618063879331,-0.001198618063879331,1.2779662240184757
2007-01-04,1416.6,1421.84,1408.4301,1418.34,,0.001228293096145805,0.001228293096145805,1.279535941108545
2007-01-05,1418.34,1418.34,1405.75,1409.71,,-0.0060845777458155,-0.0060845777458155,1.271750505196305
2007-01-08,1409.26,1414.98,1403.97,1412.84,,0.0022203148165225173,0.0022203148165225173,1.2745741916859121
2007-01-09,1412.84,1415.61,1405.42,1412.11,,-0.0005166897879448351,-0.0005166897879448351,1.27391563221709
2007-01-10,1408.7,1415.99,1405.3199,1414.85,,0.0019403587539215117,0.0019403587539215117,1.2763874855658197
2007-01-11,1414.84,1427.12,1414.84,1423.8199,,0.006339824009612416,0.006339824009612416,1.2844795575923786
2007-01-12,1423.8199,1431.23,1422.58,1430.73,,0.004853212123246742,0.004853212123246742,1.2907134093533488
2007-01-16,1430.73,1433.9301,1428.62,1431.9,,0.0008177643580551397,0.0008177643580551397,1.2917689087759816
2007-01-17,1431.77,1435.27,1428.5699,1430.62,,-0.0008939171729870354,-0.0008939171729870354,1.290614174364896
2007-01-18,1430.59,1432.96,1424.21,1426.37,,-0.0029707399588989603,-0.0029707399588989603,1.2867800952655888
2007-01-19,1426.35,1431.5699,1425.1899,1430.5,,0.0028954619067984577,0.0028954619067984577,1.2905059180138567
2007-01-22,1430.47,1431.39,1420.4,1422.95,,-0.005277874868926946,-0.005277874868926946,1.28369478926097
2007-01-23,1422.95,1431.33,1421.66,1427.99,,0.0035419375241574347,0.0035419375241574347,1.288241556004619
2007-01-24,1427.96,1440.14,1427.96,1440.13,,0.00850146009425834,0.00850146009425834,1.2991934901847575
2007-01-25,1440.12,1440.6899,1422.34,1423.9,,-0.011269815919396131,-0.011269815919396131,1.2845518187066975
2007-01-26,1423.9,1427.27,1416.96,1422.1801,,-0.0012078797668375607,-0.0012078797668375607,1.2830002345554272
2007-01-29,1422.03,1426.9399,1418.46,1420.62,,-0.0010969778018973253,-0.0010969778018973253,1.2815928117782909
2007-01-30,1420.61,1428.8199,1420.61,1428.8199,,0.0057720572707691264,0.0057720572707691264,1.2889902388856813
2007-01-31,1428.65,1441.61,1424.78,1438.24,,0.00659292329285166,0.00659292329285166,1.2974884526558892
2007-02-01,1437.9,1446.64,1437.9,1445.9399,,0.0053536961842253206,0.0053536961842253206,1.3044348116339493
2007-02-02,1445.9399,1449.33,1444.49,1448.39,,0.0016944687673394743,0.0016944687673394743,1.3066451356812934
2007-02-05,1448.33,1449.38,1443.85,1446.99,,-0.0009665904901304812,-0.0009665904901304812,1.3053821449191685
2007-02-06,1446.98,1450.1899,1443.4,1448.0,,0.0006980006772678848,0.0006980006772678848,1.3062933025404158
2007-02-07,1447.41,1452.99,1446.4399,1450.02,,0.0013950276243093196,0.0013950276243093196,1.3081156177829099
2007-02-08,1449.99,1450.45,1442.8101,1448.3101,,-0.001179225114136373,-0.001179225114136373,1.3065730549942263
2007-02-09,1448.25,1452.45,1433.4399,1438.0601,,-0.007077213643680302,-0.007077213643680302,1.297326158342956
2007-02-12,1438.0,1439.11,1431.4399,1433.37,,-0.0032614075030661382,-0.0032614075030661382,1.2930950490762123
2007-02-13,1433.22,1444.41,1433.22,1444.26,,0.007597480064463591,0.007597480064463591,1.3029193129330254
2007-02-14,1443.91,1457.65,1443.91,1455.3,,0.00764405300984583,0.00764405300984583,1.3128788972286374
2007-02-15,1455.15,1457.97,1453.1899,1456.8101,,0.0010376554662268056,0.0010376554662268056,1.3142412131928405
2007-02-16,1456.77,1456.77,1451.5699,1455.54,,-0.0008718363498441128,-0.0008718363498441128,1.313095409930716
2007-02-20,1455.53,1460.53,1449.2,1459.6801,,0.0028443739093395592,0.0028443739093395592,1.3168303442551963
2007-02-21,1459.6,1459.6,1452.02,1457.63,,-0.0014044858185022768,-0.0014044858185022768,1.3149808747113165
2007-02-22,1457.29,1461.5699,1450.51,1456.38,,-0.0008575564443651373,-0.0008575564443651373,1.313853204387991
2007-02-23,1456.22,1456.22,1448.36,1451.1899,,-0.003563699034592638,-0.003563699034592638,1.309171026991917
2007-02-26,1451.04,1456.95,1445.48,1449.37,,-0.0012540743289353173,-0.0012540743289353173,1.3075292292147804
2007-02-27,1449.25,1449.25,1389.42,1399.04,,-0.03472543242926229,-0.03472543242926229,1.2621247113163971
2007-02-28,1398.64,1415.89,1396.65,1406.8199,,0.005560884606587324,0.005560884606587324,1.26914324119515
2007-03-01,1406.8,1409.46,1380.87,1403.17,,-0.002594433018753728,-0.002594433018753728,1.265850534064665
2007-03-02,1403.16,1403.4,1386.87,1387.17,,-0.011402752339345956,-0.011402752339345956,1.251416353926097
2007-03-05,1387.11,1391.86,1373.97,1374.12,,-0.009407642898851765,-0.009407642898851765,1.2396434757505772
2007-03-06,1374.0601,1397.9,1374.0601,1395.41,,0.015493552237068275,0.015493552237068275,1.2588499566974596
2007-03-07,1395.02,1401.16,1390.64,1391.97,,-0.00246522527429216,-0.00246522527429216,1.2557466079676673
2007-03-08,1391.88,1407.9301,1391.88,1401.89,,0.007126590371919095,0.007126590371919095,1.2646957996535797
2007-03-09,1401.89,1410.15,1397.3,1402.84,,0.0006776565921717825,0.0006776565921717825,1.265552829099307
2007-03-12,1402.8,1409.34,1398.4,1406.6,,0.002680277152062871,0.002680277152062871,1.2689448614318706
2007-03-13,1406.23,1406.23,1377.71,1377.95,,-0.020368263898762895,-0.020368263898762895,1.243098657621247
2007-03-14,1377.86,1388.09,1363.98,1387.17,,0.00669109909648391,0.00669109909648391,1.251416353926097
2007-03-15,1387.11,1395.73,1385.16,1392.28,,0.0036837590201632686,0.0036837590201632686,1.2560262702078522
2007-03-16,1392.28,1397.51,1383.63,1386.95,,-0.003828252937627452,-0.003828252937627452,1.2512178839491916
2007-03-19,1386.95,1403.2,1386.95,1402.0601,,0.010894480695050168,0.010894480695050168,1.2648492530311777
2007-03-20,1402.04,1411.53,1400.7,1410.9399,,0.006333394695420047,0.006333394695420047,1.2728600425808314
2007-03-21,1410.92,1437.77,1409.75,1435.04,,0.017080883459316576,0.017080883459316576,1.2946016166281755
2007-03-22,1435.04,1437.66,1429.88,1434.54,,-0.00034842234362808533,-0.00034842234362808533,1.2941505484988451
2007-03-23,1434.54,1438.89,1433.21,1436.11,,0.001094427481980187,0.001094427481980187,1.295566902424942
2007-03-26,1436.11,1437.65,1423.28,1437.5,,0.0009678924316383064,0.0009678924316383064,1.2968208718244802
2007-03-27,1437.49,1437.49,1425.54,1428.61,,-0.006184347826087011,-0.006184347826087011,1.2888008804849884
2007-03-28,1428.35,1428.35,1414.0699,1417.23,,-0.007965784923806951,-0.007965784923806951,1.2785345698614319
2007-03-29,1417.17,1426.24,1413.27,1422.53,,0.0037396893940997433,0.0037396893940997433,1.2833158920323324
2007-03-30,1422.52,1429.22,1408.9,1420.86,,-0.0011739646967023898,-0.0011739646967023898,1.2818093244803694
2007-04-02,1420.83,1425.49,1416.37,1424.55,,0.0025970187069803696,0.0025970187069803696,1.2851382072748267
2007-04-03,1424.27,1440.5699,1424.27,1437.77,,0.009280123547787067,0.009280123547787067,1.2970644486143186
2007-04-04,1437.75,1440.16,1435.08,1439.37,,0.0011128344589188544,0.0011128344589188544,1.2985078666281753
2007-04-05,1438.9399,1444.88,1436.67,1443.76,,0.0030499454622510136,0.0030499454622510136,1.302468244803695
2007-04-09,1443.77,1448.1,1443.28,1444.61,,0.0005887405108881971,0.0005887405108881971,1.3032350606235565
2007-04-10,1444.58,1448.73,1443.99,1448.39,,0.0026166231716520105,0.0026166231716520105,1.3066451356812934
2007-04-11,1448.23,1448.39,1436.15,1438.87,,-0.006572815332887005,-0.006572815332887005,1.2980567984988451
2007-04-12,1438.87,1448.02,1433.91,1447.8,,0.006206259078304521,0.006206259078304521,1.3061128752886835
2007-04-13,1447.8,1453.11,1444.15,1452.85,,0.0034880508357506557,0.0034880508357506557,1.3106686633949192
2007-04-16,1452.84,1468.62,1452.84,1468.33,,0.010654919640706195,0.010654919640706195,1.3246337326789837
2007-04-17,1468.47,1474.35,1467.15,1471.48,,0.002145294313948609,0.002145294313948609,1.3274754618937645
2007-04-18,1471.47,1476.5699,1466.41,1472.5,,0.0006931796558566905,0.0006931796558566905,1.328395640877598
2007-04-19,1472.48,1474.23,1464.47,1470.73,,-0.001202037351443086,-0.001202037351443086,1.326798859699769
2007-04-20,1470.6899,1484.74,1470.6899,1484.35,,0.009260707267819246,0.009260707267819246,1.339085955542725
2007-04-23,1484.33,1487.3199,1480.1899,1480.9301,,-0.0023039714353082497,-0.0023039714353082497,1.3360007397517322
2007-04-24,1480.9301,1483.8199,1473.74,1480.41,,-0.00035119820982765226,-0.00035119820982765226,1.3355315386836029
2007-04-25,1480.28,1496.59,1480.28,1495.42,,0.01013908309184619,0.01013908309184619,1.349072603926097
2007-04-26,1495.27,1498.02,1491.17,1494.25,,-0.0007823888940899915,-0.0007823888940899915,1.3480171045034641
2007-04-27,1494.21,1497.3199,1488.67,1494.0699,,-0.00012052869332446203,-0.00012052869332446203,1.3478546297632794
2007-04-30,1494.0699,1497.16,1482.29,1482.37,,-0.007830891981693844,-0.007830891981693844,1.3372997257505772
2007-05-01,1482.37,1487.27,1476.7,1486.3,,0.0026511599668099795,0.0026511599668099795,1.340845121247113
2007-05-02,1486.13,1499.1,1486.13,1495.92,,0.0064724483617035755,0.0064724483617035755,1.3495236720554273
2007-05-03,1495.5601,1503.34,1495.5601,1502.39,,0.0043250975988020635,0.0043250975988020635,1.3553604936489607
2007-05-04,1502.35,1510.34,1501.8,1505.62,,0.002149907813550289,0.002149907813550289,1.3582743937644342
2007-05-07,1505.5699,1511.0,1505.54,1509.48,,0.002563727899470125,0.002563727899470125,1.3617566397228638
2007-05-08,1509.36,1509.36,1500.66,1507.72,,-0.001165964438084588,-0.001165964438084588,1.3601688799076213
2007-05-09,1507.3199,1513.8,1503.77,1512.58,,0.00322341018226191,0.00322341018226191,1.3645532621247112
2007-05-10,1512.33,1512.33,1491.42,1491.47,,-0.013956286609633772,-0.013956286609633772,1.345509165704388
2007-05-11,1491.47,1506.24,1491.47,1505.85,,0.009641494632811831,0.009641494632811831,1.358481885103926
2007-05-14,1505.76,1510.9,1498.34,1503.15,,-0.0017930072716404455,-0.0017930072716404455,1.3560461172055427
2007-05-15,1503.11,1514.83,1500.4301,1501.1899,,-0.001303994943951059,-0.001303994943951059,1.3542778399249422
2007-05-16,1500.75,1514.15,1500.75,1514.14,,0.00862655684001079,0.00862655684001079,1.3659605946882218
2007-05-17,1514.01,1517.14,1509.29,1512.75,,-0.0009180128653889508,-0.0009180128653889508,1.3647066252886835
2007-05-18,1512.74,1522.75,1512.74,1522.75,,0.006610477607007059,0.006610477607007059,1.3737279878752886
2007-05-21,1522.75,1529.87,1522.71,1525.1,,0.0015432605483498563,0.0015432605483498563,1.3758480080831408
2007-05-22,1525.1,1529.24,1522.05,1524.12,,-0.0006425808143728506,-0.0006425808143728506,1.3749639145496535
2007-05-23,1524.09,1532.4301,1521.9,1522.28,,-0.001207254021992954,-0.001207254021992954,1.3733039838337182
2007-05-24,1522.1,1529.3101,1505.1801,1507.51,,-0.009702551436003848,-0.009702551436003848,1.3599794312933025
2007-05-25,1507.5,1517.41,1507.5,1515.73,,0.005452700147926093,0.005452700147926093,1.3673949913394918
2007-05-29,1515.55,1521.8,1512.02,1518.11,,0.0015702004974500472,0.0015702004974500472,1.3695420756351038
2007-05-30,1517.6,1530.23,1510.0601,1530.23,,0.007983611200769403,0.007983611200769403,1.3804759670900693
2007-05-31,1530.1899,1535.5601,1528.26,1530.62,,0.0002548636479482447,0.0002548636479482447,1.3808278002309469
2007-06-01,1530.62,1540.5601,1530.62,1536.34,,0.003737047732291554,0.003737047732291554,1.3859880196304848
2007-06-04,1536.28,1540.53,1532.3101,1539.1801,,0.0018486142390357063,0.0018486142390357063,1.3885501768187067
2007-06-05,1539.12,1539.12,1525.62,1530.95,,-0.005347067571884523,-0.005347067571884523,1.381125505196305
2007-06-06,1530.5699,1530.5699,1514.13,1517.38,,-0.00886377739312183,-0.00886377739312183,1.3688835161662818
2007-06-07,1517.36,1517.36,1490.37,1490.72,,-0.01756975839934627,-0.01756975839934627,1.3448325635103926
2007-06-08,1490.71,1507.76,1487.41,1507.67,,0.011370344531501653,0.011370344531501653,1.3601237730946882
2007-06-11,1507.64,1515.53,1503.35,1509.12,,0.0009617489238360477,0.0009617489238360477,1.361431870669746
2007-06-12,1509.12,1511.33,1492.97,1493.0,,-0.01068172179813398,-0.01068172179813398,1.3468894341801385
2007-06-13,1492.65,1515.7,1492.65,1515.67,,0.01518419290020101,0.01518419290020101,1.3673408631639723
2007-06-14,1515.58,1526.45,1515.58,1522.97,,0.004816351844398881,0.004816351844398881,1.373926457852194
2007-06-15,1522.97,1538.71,1522.97,1532.91,,0.006526720815249076,0.006526720815249076,1.3828936922632795
2007-06-18,1532.9,1535.4399,1529.3101,1531.05,,-0.001213378476231597,-0.001213378476231597,1.3812157188221708
2007-06-19,1531.02,1535.85,1525.67,1533.7,,0.0017308383135756777,0.0017308383135756777,1.3836063799076213
2007-06-20,1533.6801,1537.3199,1512.36,1512.84,,-0.013601095390232798,-0.013601095390232798,1.364787817551963
2007-06-21,1512.5,1522.9,1504.75,1522.1899,,0.00618036276142897,0.00618036276142897,1.373222701356813
2007-06-22,1522.1899,1522.1899,1500.74,1502.5601,,-0.012895762874264305,-0.012895762874264305,1.3555139470265587
2007-06-25,1502.5601,1514.29,1492.6801,1497.74,,-0.0032079249275951405,-0.0032079249275951405,1.3511655600461894
2007-06-26,1497.6801,1506.12,1490.54,1492.89,,-0.003238212239774496,-0.003238212239774496,1.346790199191686
2007-06-27,1492.62,1506.8,1484.1801,1506.34,,0.009009371085612283,0.009009371085612283,1.3589239318706696
2007-06-28,1506.3199,1514.84,1503.41,1505.71,,-0.00041823227159865084,-0.00041823227159865084,1.3583555860277137
2007-06-29,1505.7,1517.53,1493.61,1503.35,,-0.0015673668900386684,-0.0015673668900386684,1.3562265444572748
2007-07-02,1504.66,1519.45,1504.66,1519.4301,,0.010696178534606027,0.010696178534606027,1.3707329857101618
2007-07-03,1519.12,1526.01,1519.12,1524.87,,0.0035802239273790004,0.0035802239273790004,1.3756405167436487
2007-07-05,1524.86,1526.5699,1517.72,1525.4,,0.00034757061257684185,0.00034757061257684185,1.376118648960739
2007-07-06,1524.96,1532.4,1520.47,1530.4399,,0.003303985839779644,0.003303985839779644,1.3806653254907622
2007-07-09,1530.4301,1534.26,1527.45,1531.85,,0.0009213690782630124,0.0009213690782630124,1.3819374278290992
2007-07-10,1531.85,1531.85,1510.01,1510.12,,-0.014185462023044049,-0.014185462023044049,1.3623340069284064
2007-07-11,1509.9301,1519.34,1506.1,1518.76,,0.005721399623870971,0.005721399623870971,1.3701284642032332
2007-07-12,1518.74,1547.92,1518.74,1547.7,,0.019055018567778914,0.019055018567778914,1.3962362875288683
2007-07-13,1547.6801,1555.1,1544.85,1552.5,,0.0031013762357046115,0.0031013762357046115,1.4005665415704387
2007-07-16,1552.5,1555.9,1546.6899,1549.52,,-0.0019194847020933548,-0.0019194847020933548,1.3978781755196303
2007-07-17,1549.52,1555.3199,1547.74,1549.37,,-9.680417161450627e-05,-9.680417161450627e-05,1.3977428550808313
2007-07-18,1549.2,1549.2,1533.67,1546.17,,-0.0020653555961454018,-0.0020653555961454018,1.3948560190531178
2007-07-19,1546.13,1555.2,1546.13,1553.08,,0.004469107536687389,0.004469107536687389,1.4010897806004619
2007-07-20,1553.1899,1553.1899,1529.2,1534.1,,-0.012220877224611737,-0.012220877224611737,1.3839672344110854
2007-07-23,1534.0601,1547.23,1534.0601,1541.5699,,0.0048692392933968875,0.0048692392933968875,1.3907061020496536
2007-07-24,1541.5699,1541.5699,1508.62,1511.04,,-0.019804421453740062,-0.019804421453740062,1.363163972286374
2007-07-25,1511.03,1524.3101,1503.73,1518.09,,0.004665660736975719,0.004665660736975719,1.3695240329099305
2007-07-26,1518.09,1518.09,1465.3,1482.66,,-0.02333853724087498,-0.02333853724087498,1.337561345265589
2007-07-27,1482.4399,1488.53,1458.95,1458.95,,-0.015991528738888205,-0.015991528738888205,1.3161716945727482
2007-07-30,1458.9301,1477.88,1454.3199,1473.91,,0.010253949758388003,0.010253949758388003,1.3296676530023095
2007-07-31,1473.9,1488.3,1454.25,1455.27,,-0.01264663378360964,-0.01264663378360964,1.3128518331408776
2007-08-01,1455.1801,1468.38,1439.59,1465.8101,,0.007242710974595834,0.007242710974595834,1.322360439520785
2007-08-02,1465.46,1476.4301,1460.58,1472.2,,0.004359295927896856,0.004359295927896856,1.328125
2007-08-03,1472.1801,1473.23,1432.8,1433.0601,,-0.026585993750849135,-0.026585993750849135,1.2928154770496534
2007-08-06,1433.04,1467.67,1427.39,1467.67,,0.02415104572376281,0.02415104572376281,1.324038322748268
2007-08-07,1467.62,1488.3,1455.8,1476.71,,0.006159422758521993,0.006159422758521993,1.3321936345265588
2007-08-08,1476.22,1503.89,1476.22,1497.49,,0.014071821820127228,0.014071821820127228,1.3509400259815243
2007-08-09,1497.21,1497.21,1453.09,1453.09,,-0.029649613686902776,-0.029649613686902776,1.3108851760969975
2007-08-10,1453.09,1462.02,1429.74,1453.64,,0.00037850374030523604,0.00037850374030523604,1.3113813510392611
2007-08-13,1453.42,1466.29,1451.54,1452.92,,-0.0004953083294351179,-0.0004953083294351179,1.3107318129330254
2007-08-14,1452.87,1456.74,1426.2,1426.54,,-0.018156539933375626,-0.018156539933375626,1.286933458429561
2007-08-15,1426.15,1440.78,1404.36,1406.7,,-0.013907776858693044,-0.013907776858693044,1.2690350750577368
2007-08-16,1406.64,1415.97,1370.6,1411.27,,0.003248738181559574,0.003248738181559574,1.2731578377598152
2007-08-17,1411.26,1450.33,1411.26,1445.9399,,0.024566454328371012,0.024566454328371012,1.3044348116339493
2007-08-20,1445.9399,1451.75,1430.54,1445.55,,-0.0002696515947863132,-0.0002696515947863132,1.3040830687066973
2007-08-21,1445.55,1455.3199,1439.76,1447.12,,0.0010860917989692354,0.0010860917989692354,1.3054994226327943
2007-08-22,1447.03,1464.86,1447.03,1464.0699,,0.011712850351042192,0.011712850351042192,1.3207905420034642
2007-08-23,1464.05,1472.0601,1453.88,1462.5,,-0.0010722848683658581,-0.0010722848683658581,1.319374278290993
2007-08-24,1462.34,1479.4,1460.54,1479.37,,0.011535042735042689,0.011535042735042689,1.3345933169745958
2007-08-27,1479.36,1479.36,1465.98,1466.79,,-0.008503619784097194,-0.008503619784097194,1.3232444428406467
2007-08-28,1466.72,1466.72,1432.01,1432.36,,-0.023473026131893504,-0.023473026131893504,1.2921838914549653
2007-08-29,1432.01,1463.76,1432.01,1463.76,,0.021921863218743898,0.021921863218743898,1.3205109699769053
2007-08-30,1463.67,1468.4301,1451.25,1457.64,,-0.00418101328086562,-0.00418101328086562,1.314989896073903
2007-08-31,1457.61,1481.47,1457.61,1473.99,,0.011216761340248516,0.011216761340248516,1.3297398239030023
2007-09-04,1473.96,1496.4,1472.15,1489.42,,0.010468184994470775,0.010468184994470775,1.343659786374134
2007-09-05,1488.76,1488.76,1466.34,1472.29,,-0.011501121241825785,-0.011501121241825785,1.3282061922632793
2007-09-06,1472.03,1481.49,1467.41,1478.55,,0.004251879724782581,0.004251879724782581,1.333853565242494
2007-09-07,1478.55,1478.55,1449.0699,1453.55,,-0.016908457610496752,-0.016908457610496752,1.3113001587759814
2007-09-10,1453.5,1462.25,1439.29,1451.7,,-0.0012727460355680398,-0.0012727460355680398,1.3096312066974596
2007-09-11,1451.6899,1472.48,1451.6899,1471.49,,0.01363229317352066,0.01363229317352066,1.327484483256351
2007-09-12,1471.1,1479.5,1465.75,1471.5601,,4.763878789515452e-05,4.763878789515452e-05,1.327547723008083
2007-09-13,1471.47,1489.58,1471.47,1483.95,,0.008419567777082415,0.008419567777082415,1.338725101039261
2007-09-14,1483.95,1485.99,1473.1801,1484.25,,0.00020216314565857374,0.00020216314565857374,1.338995741916859
2007-09-17,1484.24,1484.24,1471.8199,1476.65,,-0.005120431194205799,-0.005120431194205799,1.3321395063510393
2007-09-18,1476.63,1519.89,1476.63,1519.78,,0.029208004605018045,0.029208004605018045,1.371048643187067
2007-09-19,1519.75,1538.74,1519.75,1529.03,,0.00608640724315368,0.00608640724315368,1.3793934035796767
2007-09-20,1528.6899,1529.14,1516.42,1518.75,,-0.00672321667985587,-0.00672321667985587,1.3701194428406467
2007-09-21,1518.75,1530.89,1518.75,1525.75,,0.004609053497942384,0.004609053497942384,1.3764343966512702
2007-09-24,1525.75,1530.1801,1516.15,1517.73,,-0.005256431263313099,-0.005256431263313099,1.369199263856813
2007-09-25,1516.34,1518.27,1507.13,1517.21,,-0.0003426169345008834,-0.0003426169345008834,1.3687301530023095
2007-09-26,1518.62,1529.39,1518.62,1525.42,,0.0054112482780894755,0.0054112482780894755,1.3761366916859123
2007-09-27,1527.3199,1532.46,1525.8101,1531.38,,0.003907120661850616,0.003907120661850616,1.3815134237875288
2007-09-28,1531.24,1533.74,1521.99,1526.75,,-0.0030234167874727547,-0.0030234167874727547,1.3773365329099307
2007-10-01,1527.29,1549.02,1527.25,1547.04,,0.013289667594563515,0.013289667594563515,1.3956408775981524
2007-10-02,1546.96,1548.01,1540.37,1546.63,,-0.00026502223601188035,-0.00026502223601188035,1.3952710017321017
2007-10-03,1545.8,1545.84,1536.34,1539.59,,-0.004551832047742677,-0.004551832047742677,1.3889199624711315
2007-10-04,1539.91,1544.02,1537.63,1542.84,,0.002110951616989043,0.002110951616989043,1.3918519053117782
2007-10-05,1543.84,1561.91,1543.84,1557.59,,0.009560291410645405,0.009560291410645405,1.4051584151270207
2007-10-08,1556.51,1556.51,1549.0,1552.58,,-0.003216507553335579,-0.003216507553335579,1.4006387124711315
2007-10-09,1553.1801,1565.26,1551.8199,1565.15,,0.008096201161936989,0.008096201161936989,1.4119785652424943
2007-10-10,1564.98,1565.42,1555.46,1562.47,,-0.0017122959460754705,-0.0017122959460754705,1.409560840069284
2007-10-11,1564.72,1576.09,1546.72,1554.41,,-0.0051584990431815525,-0.0051584990431815525,1.4022896218244805
2007-10-12,1555.41,1563.03,1554.09,1561.8,,0.004754215425788466,0.004754215425788466,1.4089564087759814
2007-10-15,1562.25,1564.74,1540.8101,1548.71,,-0.008381354846971445,-0.008381354846971445,1.3971474451501156
2007-10-16,1547.8101,1547.8101,1536.29,1538.53,,-0.006573212544633944,-0.006573212544633944,1.3879636980369514
2007-10-17,1544.4399,1550.66,1526.01,1541.24,,0.0017614216167380903,0.0017614216167380903,1.3904084872979214
2007-10-18,1539.29,1542.79,1531.76,1540.08,,-0.0007526407308401373,-0.0007526407308401373,1.3893620092378751
2007-10-19,1540.0,1540.0,1500.26,1500.63,,-0.025615552438834177,-0.025615552438834177,1.3537727338337182
2007-10-22,1497.79,1508.0601,1490.4,1506.33,,0.0037984046700385576,0.0037984046700385576,1.358914910508083
2007-10-23,1509.3,1520.01,1503.61,1519.59,,0.00880285196470898,0.00880285196470898,1.3708772372979214
2007-10-24,1516.61,1517.23,1489.5601,1515.88,,-0.002441448022163728,-0.002441448022163728,1.367530311778291
2007-10-25,1516.15,1523.24,1500.46,1514.4,,-0.0009763305802570343,-0.0009763305802570343,1.3661951501154734
2007-10-26,1522.17,1535.53,1520.1801,1535.28,,0.013787638668779634,0.013787638668779634,1.3850317551963047
2007-10-29,1536.92,1544.67,1536.4301,1540.98,,0.003712677817726995,0.003712677817726995,1.3901739318706698
2007-10-30,1539.42,1539.42,1529.55,1531.02,,-0.00646341938247097,-0.00646341938247097,1.381188654734411
2007-10-31,1532.15,1552.76,1529.4,1549.38,,0.011992005329780175,0.011992005329780175,1.397751876443418
2007-11-01,1545.79,1545.79,1506.66,1508.4399,,-0.026423537156798238,-0.026423537156798238,1.360818327800231
2007-11-02,1511.0699,1513.15,1492.53,1509.65,,0.0008022195647303665,0.0008022195647303665,1.361910002886836
2007-11-05,1505.61,1510.84,1489.95,1502.17,,-0.004954790845560275,-0.004954790845560275,1.3551620236720554
2007-11-06,1505.33,1520.77,1499.0699,1520.27,,0.01204923543939751,0.01204923543939751,1.3714906899538106
2007-11-07,1515.46,1515.46,1475.04,1475.62,,-0.029369782999072558,-0.029369782999072558,1.3312103060046188
2007-11-08,1475.27,1482.5,1450.3101,1474.77,,-0.0005760290589718053,-0.0005760290589718053,1.3304434901847575
2007-11-09,1467.59,1474.09,1448.51,1453.7,,-0.014286973561979166,-0.014286973561979166,1.3114354792147807
2007-11-12,1453.66,1464.9399,1438.53,1439.1801,,-0.009988236912705561,-0.009988236912705561,1.2983365509526559
2007-11-13,1441.35,1481.37,1441.35,1481.05,,0.029092884205388803,0.029092884205388803,1.3361089058891453
2007-11-14,1483.4,1492.14,1466.47,1470.58,,-0.007069308936227703,-0.007069308936227703,1.3266635392609698
2007-11-15,1468.04,1472.67,1443.49,1451.15,,-0.013212473989854256,-0.013212473989854256,1.3091350317551964
2007-11-16,1453.09,1462.1801,1443.99,1458.74,,0.005230334562243755,0.005230334562243755,1.3159822459584296
2007-11-19,1456.7,1456.7,1430.42,1433.27,,-0.017460273935039794,-0.017460273935039794,1.2930048354503463
2007-11-20,1434.51,1452.64,1419.28,1439.7,,0.004486244741046752,0.004486244741046752,1.2988055715935336
2007-11-21,1434.71,1436.4,1415.64,1416.77,,-0.015926929221365627,-0.015926929221365627,1.278119587182448
2007-11-23,1417.62,1440.86,1417.62,1440.7,,0.016890532690556626,0.016890532690556626,1.299707707852194
2007-11-26,1440.74,1446.09,1406.1,1407.22,,-0.023238703408065553,-0.023238703408065553,1.2695041859122402
2007-11-27,1409.59,1429.49,1407.4301,1428.23,,0.014930145961541186,0.014930145961541186,1.2884580687066975
2007-11-28,1432.95,1471.62,1432.95,1469.02,,0.02855982579836569,0.02855982579836569,1.3252562066974596
2007-11-29,1467.41,1473.8101,1458.36,1469.72,,0.0004765081482893674,0.0004765081482893674,1.325887702078522
2007-11-30,1471.83,1488.9399,1470.89,1481.14,,0.007770187518711058,0.007770187518711058,1.336190098152425
2007-12-03,1479.63,1481.16,1470.08,1472.42,,-0.005887357035796792,-0.005887357035796792,1.3283234699769053
2007-12-04,1471.34,1471.34,1460.66,1462.79,,-0.006540253460289969,-0.006540253460289969,1.3196358978060045
2007-12-05,1465.22,1486.09,1465.22,1485.01,,0.015190150329165597,0.015190150329165597,1.3396813654734412
2007-12-06,1484.59,1508.02,1482.1899,1507.34,,0.015036935778210303,0.015036935778210303,1.3598260681293302
2007-12-07,1508.6,1510.63,1502.66,1504.66,,-0.001777966484004856,-0.001777966484004856,1.3574083429561201
2007-12-10,1505.11,1518.27,1504.96,1515.96,,0.007510002259646598,0.007510002259646598,1.3676024826789839
2007-12-11,1516.6801,1523.5699,1475.99,1477.65,,-0.025271115332858307,-0.025271115332858307,1.3330416426096998
2007-12-12,1487.58,1511.96,1468.23,1486.59,,0.006050147193178201,0.006050147193178201,1.3411067407621247
2007-12-13,1483.27,1489.4,1469.21,1488.41,,0.0012242783820690661,0.0012242783820690661,1.342748628752887
2007-12-14,1486.1899,1486.67,1467.78,1467.95,,-0.013746212401152924,-0.013746212401152924,1.3242909209006928
2007-12-17,1465.05,1465.05,1445.4301,1445.9,,-0.015020947579958421,-0.015020947579958421,1.3043988163972287
2007-12-18,1445.92,1460.16,1435.65,1454.98,,0.006279825714088139,0.006279825714088139,1.312590213625866
2007-12-19,1454.7,1464.42,1445.3101,1453.0,,-0.0013608434480198994,-0.0013608434480198994,1.3108039838337182
2007-12-20,1456.42,1461.53,1447.22,1460.12,,0.004900206469373725,0.004900206469373725,1.317227193995381
2007-12-21,1463.1899,1485.4,1463.1899,1484.46,,0.016669862751006903,0.016669862751006903,1.3391851905311778
2007-12-24,1484.55,1497.63,1484.55,1496.45,,0.00807701116904469,0.00807701116904469,1.3500018042725173
2007-12-26,1495.12,1498.85,1488.2,1497.66,,0.0008085803067259256,0.0008085803067259256,1.3510933891454966
2007-12-27,1495.05,1495.05,1475.86,1476.27,,-0.014282280357357569,-0.014282280357357569,1.3317966945727482
2007-12-28,1479.83,1488.01,1471.7,1478.49,,0.0015037899571217483,0.0015037899571217483,1.3337994370669746
2007-12-31,1475.25,1475.83,1465.13,1468.36,,-0.006851585063138765,-0.006851585063138765,1.3246607967667436
2008-01-02,1467.97,1471.77,1442.0699,1447.16,,-0.014437876270124383,-0.014437876270124383,1.305535508083141
2008-01-03,1447.55,1456.8,1443.73,1447.16,,0.0,0.0,1.305535508083141
2008-01-04,1444.01,1444.01,1411.1899,1411.63,,-0.024551535421100668,-0.024551535421100668,1.273482606812933
2008-01-07,1414.0699,1423.87,1403.45,1416.1801,,0.003223295056069775,0.003223295056069775,1.2775874170034642
2008-01-08,1415.71,1430.28,1388.3,1390.1899,,-0.01835232679798282,-0.01835232679798282,1.254140715213626
2008-01-09,1390.25,1409.1899,1378.7,1409.13,,0.013624109914767812,0.013624109914767812,1.2712272661662818
2008-01-10,1406.78,1429.09,1395.3101,1420.33,,0.007948166599249129,0.007948166599249129,1.2813311922632793
2008-01-11,1419.91,1419.91,1394.83,1401.02,,-0.013595432047481926,-0.013595432047481926,1.263910941108545
2008-01-14,1402.91,1417.89,1402.91,1416.25,,0.010870651382564045,0.010870651382564045,1.2776504763279446
2008-01-15,1411.88,1411.88,1380.6,1380.95,,-0.02492497793468662,-0.02492497793468662,1.2458050663972287
2008-01-16,1377.41,1391.99,1364.27,1373.2,,-0.005612078641514917,-0.005612078641514917,1.2388135103926097
2008-01-17,1374.79,1377.72,1330.67,1333.25,,-0.029092630352461457,-0.029092630352461457,1.2027731668591224
2008-01-18,1333.9,1350.28,1312.51,1325.1899,,-0.00604545284080249,-0.00604545284080249,1.195501858400693
2008-01-22,1312.9399,1322.09,1274.29,1310.5,,-0.011085128252184884,-0.011085128252184884,1.1822495669745958
2008-01-23,1310.41,1339.09,1270.05,1338.6,,0.021442197634490512,0.021442197634490512,1.207599595842956
2008-01-24,1340.13,1355.15,1334.3101,1352.0699,,0.010062677424174549,0.010062677424174549,1.2197512810334872
2008-01-25,1357.3199,1368.5601,1327.5,1330.61,,-0.015871886505276156,-0.015871886505276156,1.2003915271362586
2008-01-28,1330.7,1353.97,1322.26,1353.96,,0.017548342489535074,0.017548342489535074,1.2214564087759816
2008-01-29,1355.9399,1364.9301,1350.1899,1362.3,,0.0061597092971725775,0.0061597092971725775,1.22898022517321
2008-01-30,1362.22,1385.86,1352.95,1355.8101,,-0.004763928650077132,-0.004763928650077132,1.2231254510681293
2008-01-31,1351.98,1385.62,1334.08,1378.55,,0.016772186606369255,0.016772186606369255,1.2436399393764435
2008-02-01,1378.6,1396.02,1375.9301,1395.42,,0.012237495919625863,0.012237495919625863,1.2588589780600463
2008-02-04,1395.38,1395.38,1379.6899,1380.8199,,-0.010462871393559059,-0.010462871393559059,1.245687698469977
2008-02-05,1380.28,1380.28,1336.64,1336.64,,-0.031995410842500016,-0.031995410842500016,1.2058314087759816
2008-02-06,1339.48,1351.96,1324.34,1326.45,,-0.007623593488149449,-0.007623593488149449,1.196638640300231
2008-02-07,1324.01,1347.16,1316.75,1336.91,,0.00788570997776028,0.00788570997776028,1.20607498556582
2008-02-08,1336.88,1341.22,1321.0601,1331.29,,-0.004203723511679969,-0.004203723511679969,1.2010049797921478
2008-02-11,1331.92,1341.4,1320.3199,1339.13,,0.005889024930706421,0.005889024930706421,1.2080777280600463
2008-02-12,1340.55,1362.1,1339.36,1348.86,,0.00726591144997113,0.00726591144997113,1.216855513856813
2008-02-13,1353.12,1369.23,1350.78,1367.21,,0.01360408048277817,0.01360408048277817,1.2334097142032332
2008-02-14,1367.33,1368.16,1347.3101,1348.86,,-0.013421493406280072,-0.013421493406280072,1.216855513856813
2008-02-15,1347.52,1350.0,1338.13,1349.99,,0.0008377444656970656,0.0008377444656970656,1.2178749278290992
2008-02-19,1355.86,1367.28,1345.05,1348.78,,-0.0008963029355772978,-0.0008963029355772978,1.2167833429561201
2008-02-20,1348.39,1363.71,1336.55,1360.03,,0.008340871009356654,0.008340871009356654,1.2269323758660509
2008-02-21,1362.21,1367.9399,1339.34,1342.53,,-0.012867363219928984,-0.012867363219928984,1.2111449913394918
2008-02-22,1344.22,1354.3,1327.04,1353.11,,0.00788064326309268,0.00788064326309268,1.22068959295612
2008-02-25,1352.75,1374.36,1346.03,1371.8,,0.013812624250800098,0.013812624250800098,1.237550519630485
2008-02-26,1371.76,1387.34,1363.29,1381.29,,0.006917918063857664,0.006917918063857664,1.2461117927251733
2008-02-27,1378.95,1388.34,1372.0,1380.02,,-0.0009194303875362797,-0.0009194303875362797,1.2449660796766744
2008-02-28,1378.16,1378.16,1363.16,1367.6801,,-0.008941826930044416,-0.008941826930044416,1.2338338084584295
2008-02-29,1364.0699,1364.0699,1325.42,1330.63,,-0.02708974123407948,-0.02708974123407948,1.2004095698614319
2008-03-03,1330.45,1335.13,1320.04,1331.34,,0.0005335818371747791,0.0005335818371747791,1.2010500866050808
2008-03-04,1329.58,1331.03,1307.39,1326.75,,-0.0034476542430933454,-0.0034476542430933454,1.196909281177829
2008-03-05,1327.6899,1344.1899,1320.22,1333.7,,0.005238364424345221,0.005238364424345221,1.2031791281755198
2008-03-06,1332.2,1332.2,1303.42,1304.34,,-0.022013946164804787,-0.022013946164804787,1.176692407621247
2008-03-07,1301.53,1313.24,1282.4301,1293.37,,-0.008410383795636078,-0.008410383795636078,1.1667959728637411
2008-03-10,1293.16,1295.01,1272.66,1273.37,,-0.015463479128169033,-0.015463479128169033,1.148753247690531
2008-03-11,1274.4,1320.65,1274.4,1320.65,,0.037129820869032715,0.037129820869032715,1.19140625
2008-03-12,1321.13,1333.26,1307.86,1308.77,,-0.008995570363078853,-0.008995570363078853,1.180688871247113
2008-03-13,1305.26,1321.6801,1282.11,1315.48,,0.005126951259579737,0.005126951259579737,1.1867422055427252
2008-03-14,1316.05,1321.47,1274.86,1288.14,,-0.02078328822939146,-0.02078328822939146,1.1620778002309469
2008-03-17,1283.21,1287.5,1256.98,1276.6,,-0.00895865356250114,-0.00895865356250114,1.1516671478060045
2008-03-18,1277.16,1330.74,1277.16,1330.74,,0.042409525301582374,0.042409525301582374,1.2005088048498844
2008-03-19,1330.97,1341.51,1298.42,1298.42,,-0.024287238679231105,-0.024287238679231105,1.171351760969977
2008-03-20,1299.67,1330.67,1295.22,1329.51,,0.023944486375748975,0.023944486375748975,1.199399177251732
2008-03-24,1330.29,1359.6801,1330.29,1349.88,,0.015321434212604679,0.015321434212604679,1.2177756928406467
2008-03-25,1349.0699,1357.47,1341.21,1352.99,,0.0023039084955698286,0.0023039084955698286,1.2205813366050808
2008-03-26,1352.45,1352.45,1336.41,1341.13,,-0.00876577062653816,-0.00876577062653816,1.2098820005773674
2008-03-27,1340.34,1345.62,1325.66,1325.76,,-0.011460484815044136,-0.011460484815044136,1.1960161662817552
2008-03-28,1327.02,1334.87,1312.95,1315.22,,-0.007950156891141646,-0.007950156891141646,1.1865076501154734
2008-03-31,1315.92,1328.52,1312.8101,1322.7,,0.005687261446754244,0.005687261446754244,1.193255629330254
2008-04-01,1326.41,1370.1801,1326.41,1370.1801,,0.03589634837831701,0.03589634837831701,1.236089149105081
2008-04-02,1369.96,1377.95,1361.55,1367.53,,-0.0019341253022139293,-0.0019341253022139293,1.2336983978060045
2008-04-03,1365.6899,1375.66,1358.6801,1369.3101,,0.0013016899080824373,0.0013016899080824373,1.2353042905600462
2008-04-04,1369.85,1380.91,1362.83,1370.4,,0.0007959482662109885,0.0007959482662109885,1.2362875288683604
2008-04-07,1373.6899,1386.74,1369.02,1372.54,,0.0015615878575596653,0.0015615878575596653,1.2382181004618937
2008-04-08,1370.16,1370.16,1360.62,1365.54,,-0.005100033514505942,-0.005100033514505942,1.2319031466512702
2008-04-09,1365.5,1368.39,1349.97,1354.49,,-0.008092036849890905,-0.008092036849890905,1.2219345409930715
2008-04-10,1355.37,1367.24,1350.11,1360.55,,0.004474008667468832,0.004474008667468832,1.2274014867205543
2008-04-11,1357.98,1357.98,1331.21,1332.83,,-0.020374113410018047,-0.020374113410018047,1.202394269630485
2008-04-14,1332.2,1335.64,1326.16,1328.3199,,-0.003383852404282628,-0.003383852404282628,1.1983255448903
2008-04-15,1331.72,1337.72,1324.35,1334.4301,,0.0045999461424917065,0.0045999461424917065,1.2038377778579676
2008-04-16,1337.02,1365.49,1337.02,1364.71,,0.022691259737021907,0.022691259737021907,1.231154373556582
2008-04-17,1363.37,1368.6,1357.25,1365.5601,,0.000622916223959491,0.000622916223959491,1.2319212795900691
2008-04-18,1369.0,1395.9,1369.0,1390.33,,0.01813900391495027,0.01813900391495027,1.2542671045034641
2008-04-21,1387.72,1390.23,1379.25,1388.17,,-0.0015535879970941524,-0.0015535879970941524,1.2523184901847575
2008-04-22,1386.4301,1386.4301,1369.84,1375.9399,,-0.008810232176174382,-0.008810232176174382,1.2412852735277138
2008-04-23,1378.4,1387.87,1372.24,1379.9301,,0.002899981314590905,0.002899981314590905,1.2448849776270208
2008-04-24,1380.52,1397.72,1371.09,1388.8199,,0.0064422103699310895,0.0064422103699310895,1.252904788539261
2008-04-25,1387.88,1399.11,1379.98,1397.84,,0.006494794609437804,0.006494794609437804,1.2610421478060045
2008-04-28,1397.96,1402.9,1394.4,1396.37,,-0.0010516225032908277,-0.0010516225032908277,1.2597160075057736
2008-04-29,1395.61,1397.0,1386.7,1390.9399,,-0.003888725767525636,-0.003888725767525636,1.2548173174076214
2008-04-30,1391.22,1404.5699,1384.25,1385.59,,-0.003846248137680308,-0.003846248137680308,1.2499909786374133
2008-05-01,1385.97,1410.0699,1383.0699,1409.34,,0.01714071262061645,0.01714071262061645,1.2714167147806004
2008-05-02,1409.16,1422.72,1406.25,1413.9,,0.0032355570692665925,0.0032355570692665925,1.2755304561200924
2008-05-05,1415.34,1415.34,1404.37,1407.49,,-0.004533559657684427,-0.004533559657684427,1.2697477627020786
2008-05-06,1405.6,1421.5699,1397.1,1418.26,,0.007651919374205063,0.007651919374205063,1.2794637702078522
2008-05-07,1417.49,1419.54,1391.16,1392.5699,,-0.018113815520426457,-0.018113815520426457,1.2562877995092379
2008-05-08,1394.29,1402.35,1389.39,1397.6801,,0.0036696183078495093,0.0036696183078495093,1.2608978962182449
2008-05-09,1394.9,1394.9,1384.11,1388.28,,-0.006725501779699106,-0.006725501779699106,1.25241772517321
2008-05-12,1389.4,1404.0601,1386.2,1403.58,,0.01102083153254374,0.01102083153254374,1.266220409930716
2008-05-13,1404.4,1406.3,1396.26,1403.04,,-0.0003847304749283742,-0.0003847304749283742,1.2657332563510393
2008-05-14,1405.65,1420.1899,1405.65,1408.66,,0.004005587866347415,0.004005587866347415,1.2708032621247114
2008-05-15,1408.36,1424.4,1406.87,1423.5699,,0.010584456149816068,0.010584456149816068,1.2842540235277136
2008-05-16,1423.89,1425.8199,1414.35,1425.35,,0.0012504479056489881,0.0012504479056489881,1.285859916281755
2008-05-19,1425.28,1440.24,1421.63,1426.63,,0.0008980250464798445,0.0008980250464798445,1.2870146506928408
2008-05-20,1424.49,1424.49,1409.09,1413.4,,-0.009273602826240901,-0.009273602826240901,1.2750793879907623
2008-05-21,1414.0601,1419.12,1388.8101,1390.71,,-0.016053488043016872,-0.016053488043016872,1.2546099162817552
2008-05-22,1390.83,1399.0699,1390.23,1394.35,,0.002617368106938134,0.002617368106938134,1.2578936922632793
2008-05-23,1392.2,1392.2,1373.72,1375.9301,,-0.013210384767095684,-0.013210384767095684,1.2412764325923789
2008-05-27,1375.97,1387.4,1373.0699,1385.35,,0.0068462053413904655,0.0068462053413904655,1.2497744659353347
2008-05-28,1386.54,1391.25,1378.16,1390.84,,0.003962897462735038,0.003962897462735038,1.254727193995381
2008-05-29,1390.5,1406.3199,1388.59,1398.26,,0.005334905524718936,0.005334905524718936,1.261421045034642
2008-05-30,1398.36,1404.46,1398.08,1400.38,,0.0015161700971206837,0.0015161700971206837,1.2633335739030025
2008-06-02,1399.62,1399.62,1377.79,1385.67,,-0.010504291692254974,-0.010504291692254974,1.2500631495381063
2008-06-03,1386.42,1393.12,1370.12,1377.65,,-0.005787813837349387,-0.005787813837349387,1.242828016743649
2008-06-04,1376.26,1388.1801,1371.74,1377.2,,-0.00032664319674813314,-0.00032664319674813314,1.2424220554272518
2008-06-05,1377.48,1404.05,1377.48,1404.05,,0.019496079000871358,0.019496079000871358,1.2666444139722863
2008-06-06,1400.0601,1400.0601,1359.9,1360.6801,,-0.03088914212456817,-0.03088914212456817,1.227518854647806
2008-06-09,1360.83,1370.63,1350.62,1361.76,,0.0007936472356728785,0.0007936472356728785,1.2284930715935334
2008-06-10,1358.98,1366.84,1351.5601,1358.4399,,-0.0024380948184701268,-0.0024380948184701268,1.2254978890011547
2008-06-11,1357.09,1357.09,1335.47,1335.49,,-0.016894306476127552,-0.016894306476127552,1.204793952078522
2008-06-12,1335.78,1353.03,1331.29,1339.87,,0.0032796950931865965,0.0032796950931865965,1.2087453088914548
2008-06-13,1341.8101,1360.03,1341.71,1360.03,,0.01504623582884923,0.01504623582884923,1.2269323758660509
2008-06-16,1358.85,1364.7,1352.0699,1360.14,,8.08805688110592e-05,8.08805688110592e-05,1.2270316108545036
2008-06-17,1360.71,1366.59,1350.54,1350.9301,,-0.006771288249739049,-0.006771288249739049,1.2187230261258661
2008-06-18,1349.59,1349.59,1333.4,1337.8101,,-0.009711827429117248,-0.009711827429117248,1.2068869984122401
2008-06-19,1336.89,1347.66,1330.5,1342.83,,0.0037523262830800874,0.0037523262830800874,1.21141563221709
2008-06-20,1341.02,1341.02,1314.46,1317.9301,,-0.01854285352576268,-0.01854285352576268,1.1889525295900694
2008-06-23,1319.77,1323.78,1315.3101,1318.0,,5.30377142156091e-05,5.30377142156091e-05,1.1890155889145497
2008-06-24,1317.23,1326.02,1304.42,1314.29,,-0.0028148710166919777,-0.0028148710166919777,1.1856686633949192
2008-06-25,1314.54,1335.63,1314.54,1321.97,,0.005843459206111401,0.005843459206111401,1.1925970698614319
2008-06-26,1316.29,1316.29,1283.15,1283.15,,-0.029365265475010727,-0.029365265475010727,1.157576140300231
2008-06-27,1283.6,1289.45,1272.0,1278.38,,-0.0037174141760510926,-0.0037174141760510926,1.1532729503464203
2008-06-30,1278.0601,1290.3101,1274.86,1280.0,,0.0012672288364961037,0.0012672288364961037,1.1547344110854503
2008-07-01,1276.6899,1285.3101,1260.6801,1284.91,,0.0038359375000001084,0.0038359375000001084,1.1591639001154734
2008-07-02,1285.8199,1292.17,1261.51,1261.52,,-0.01820360959133327,-0.01820360959133327,1.1380629330254042
2008-07-03,1262.96,1271.48,1252.01,1262.9,,0.0010939184475871055,0.0010939184475871055,1.1393078810623558
2008-07-07,1262.9,1273.95,1240.6801,1252.3101,,-0.00838538284899848,-0.00838538284899848,1.1297543482967667
2008-07-08,1251.84,1274.17,1242.84,1273.7,,0.017080354139122678,0.017080354139122678,1.1490509526558892
2008-07-09,1273.38,1277.36,1244.5699,1244.6899,,-0.022776242443275474,-0.022776242443275474,1.122879889578522
2008-07-10,1245.25,1257.65,1236.76,1253.39,,0.0069897731153760745,0.0069897731153760745,1.1307285652424943
2008-07-11,1248.66,1257.27,1225.35,1239.49,,-0.011089924125771033,-0.011089924125771033,1.118188871247113
2008-07-14,1241.61,1253.5,1225.01,1228.3,,-0.009027906639020977,-0.009027906639020977,1.108093966512702
2008-07-15,1226.83,1234.35,1200.4399,1214.91,,-0.010901245624033162,-0.010901245624033162,1.096014362009238
2008-07-16,1214.65,1245.52,1211.39,1245.36,,0.0250635849569103,0.0250635849569103,1.1234844110854503
2008-07-17,1246.3101,1262.3101,1241.49,1260.3199,,0.012012510438748736,0.012012510438748736,1.1369802793013857
2008-07-18,1258.22,1262.23,1251.8101,1260.6801,,0.0002858004543133674,0.0002858004543133674,1.137305228781755
2008-07-21,1261.8199,1267.74,1255.7,1260.0,,-0.0005394707190190529,-0.0005394707190190529,1.1366916859122402
2008-07-22,1257.08,1277.42,1248.83,1277.0,,0.013492063492063444,0.013492063492063444,1.152028002309469
2008-07-23,1278.87,1291.17,1276.0601,1282.1899,,0.0040641346906813425,0.0040641346906813425,1.156709999278291
2008-07-24,1283.22,1283.22,1251.48,1252.54,,-0.023124421741272605,-0.023124421741272605,1.1299617494226328
2008-07-25,1253.51,1263.23,1251.75,1257.76,,0.004167531575837824,0.004167531575837824,1.1346709006928406
2008-07-28,1257.76,1260.09,1234.37,1234.37,,-0.018596552601450322,-0.018596552601450322,1.1135699336027713
2008-07-29,1236.38,1263.2,1236.38,1263.2,,0.02335604397384916,0.02335604397384916,1.139578521939954
2008-07-30,1264.52,1284.33,1264.52,1284.26,,0.016671944268524364,0.016671944268524364,1.158577511547344
2008-07-31,1281.37,1284.9301,1265.97,1267.38,,-0.013143755937271129,-0.013143755937271129,1.1433494515011549
2008-08-01,1269.42,1270.52,1254.54,1260.3101,,-0.005578358503369296,-0.005578358503369296,1.1369714383660507
2008-08-04,1253.27,1260.49,1247.45,1249.01,,-0.008966126669936125,-0.008966126669936125,1.126777208429561
2008-08-05,1254.87,1284.88,1254.67,1284.88,,0.02871874524623519,0.02871874524623519,1.1591368360277137
2008-08-06,1283.99,1291.67,1276.0,1289.1899,,0.003354321026088014,0.003354321026088014,1.1630249530889145
2008-08-07,1286.51,1286.51,1264.29,1266.0699,,-0.017933742732548663,-0.017933742732548663,1.1421675627886836
2008-08-08,1266.29,1297.85,1262.11,1296.3199,,0.02389283561673805,0.02389283561673805,1.1694571846131638
2008-08-11,1294.42,1313.15,1291.41,1305.3199,,0.006942730725648882,0.006942730725648882,1.1775764109411084
2008-08-12,1304.79,1304.79,1285.64,1289.59,,-0.012050609203154039,-0.012050609203154039,1.1633858978060045
2008-08-13,1288.64,1294.03,1274.86,1285.83,,-0.002915655363332492,-0.002915655363332492,1.159993865473441
2008-08-14,1282.11,1300.11,1276.84,1292.9301,,0.005521803037726647,0.005521803037726647,1.1663991231235566
2008-08-15,1293.85,1302.05,1290.74,1298.2,,0.004075935736974401,0.004075935736974401,1.1711532909930715
2008-08-18,1298.14,1300.22,1274.51,1278.6,,-0.015097827761516025,-0.015097827761516025,1.1534714203233256
2008-08-19,1276.65,1276.65,1263.11,1266.6899,,-0.009314953855779629,-0.009314953855779629,1.1427268872690532
2008-08-20,1267.34,1276.01,1261.16,1274.54,,0.0061973336962739545,0.0061973336962739545,1.149808747113164
2008-08-21,1271.0699,1281.4,1265.22,1277.72,,0.002495017810347333,0.002495017810347333,1.1526775404157044
2008-08-22,1277.59,1293.09,1277.59,1292.2,,0.011332686347556686,0.011332686347556686,1.1657404734411085
2008-08-25,1290.47,1290.47,1264.87,1266.84,,-0.019625444977557804,-0.019625444977557804,1.142862297921478
2008-08-26,1267.03,1275.65,1263.21,1271.51,,0.003686337659057237,0.003686337659057237,1.1470752742494226
2008-08-27,1271.29,1285.05,1270.03,1281.66,,0.007982634820017154,0.007982634820017154,1.1562319572748267
2008-08-28,1283.79,1300.6801,1283.79,1300.6801,,0.014840207231247016,0.014840207231247016,1.1733906791281756
2008-08-29,1296.49,1297.59,1282.74,1282.83,,-0.013723666564899428,-0.013723666564899428,1.1572874566974596
2008-09-02,1287.83,1303.04,1272.2,1277.58,,-0.004092514206870734,-0.004092514206870734,1.1525512413394918
2008-09-03,1276.61,1280.6,1265.59,1274.98,,-0.002035097606412073,-0.002035097606412073,1.1502056870669746
2008-09-04,1271.8,1271.8,1232.83,1236.83,,-0.029922037992752948,-0.029922037992752948,1.115789188799076
2008-09-05,1233.21,1244.9399,1217.23,1242.3101,,0.004430762513845776,0.004430762513845776,1.1207329857101616
2008-09-08,1249.5,1274.42,1247.12,1267.79,,0.020510096472692307,0.020510096472692307,1.1437193273672055
2008-09-09,1267.98,1268.66,1224.51,1224.51,,-0.03413814590744524,-0.03413814590744524,1.1046748700923787
2008-09-10,1227.5,1243.9,1221.6,1232.04,,0.006149398534924133,0.006149398534924133,1.1114679561200924
2008-09-11,1229.04,1249.98,1211.54,1249.05,,0.013806369923054396,0.013806369923054396,1.1268132938799076
2008-09-12,1245.88,1255.09,1233.8101,1251.7,,0.0021216124254435087,0.0021216124254435087,1.129203954965358
2008-09-15,1250.92,1250.92,1192.7,1192.7,,-0.04713589518255168,-0.04713589518255168,1.075977915704388
2008-09-16,1188.3101,1214.84,1169.28,1213.6,,0.017523266538106652,0.017523266538106652,1.0948325635103926
2008-09-17,1210.34,1210.34,1155.88,1156.39,,-0.047140738299274676,-0.047140738299274676,1.043221348152425
2008-09-18,1157.08,1211.14,1133.5,1206.51,,0.04334177915755055,0.04334177915755055,1.0884364174364896
2008-09-19,1213.11,1265.12,1213.11,1255.08,,0.040256607902130925,0.040256607902130925,1.1322531755196303
2008-09-22,1255.37,1255.37,1205.61,1207.09,,-0.03823660643146254,-0.03823660643146254,1.0889596564665127
2008-09-23,1207.61,1221.15,1187.0601,1188.22,,-0.01563263716872798,-0.01563263716872798,1.071936345265589
2008-09-24,1188.79,1197.41,1179.79,1185.87,,-0.001977748228442655,-0.001977748228442655,1.0698163250577366
2008-09-25,1187.87,1220.03,1187.87,1209.1801,,0.019656539081012392,0.019656539081012392,1.090845211460739
2008-09-26,1204.47,1215.77,1187.54,1213.27,,0.003382374552806544,0.003382374552806544,1.0945348585450345
2008-09-29,1209.0699,1209.0699,1106.42,1106.42,,-0.08806778375794333,-0.08806778375794333,0.9981415993071594
2008-09-30,1113.78,1168.03,1113.78,1166.36,,0.054174725691870984,0.054174725691870984,1.0522156466512702
2008-10-01,1164.17,1167.03,1140.77,1161.0601,,-0.004543965842449982,-0.004543965842449982,1.0474344146939953
2008-10-02,1160.64,1160.64,1111.4301,1114.28,,-0.040290851438267494,-0.040290851438267494,1.005232390300231
2008-10-03,1115.16,1153.8199,1098.14,1099.23,,-0.013506479520407733,-0.013506479520407733,0.9916552396073903
2008-10-06,1097.5601,1097.5601,1007.97,1056.89,,-0.03851787160102971,-0.03851787160102971,0.9534587904157045
2008-10-07,1057.6,1072.91,996.23,996.23,,-0.057394809298981,-0.057394809298981,0.898735204965358
2008-10-08,988.91,1021.06,970.97,984.94,,-0.011332724370878178,-0.011332724370878178,0.8885500866050808
2008-10-09,988.42,1005.25,909.19,909.92,,-0.0761670761670763,-0.0761670761670763,0.8208718244803694
2008-10-10,902.31,936.36,839.8,899.22,,-0.01175927554070677,-0.01175927554070677,0.8112189665127021
2008-10-13,912.75,1006.93,912.75,1003.35,,0.11580036031227059,0.11580036031227059,0.9051584151270208
2008-10-14,1009.97,1044.3101,972.07,998.01,,-0.005322170728061071,-0.005322170728061071,0.9003410075057736
2008-10-15,994.6,994.6,903.99,907.84,,-0.09034979609422744,-0.09034979609422744,0.8189953810623557
2008-10-16,909.53,947.71,865.83,946.43,,0.04250749030666179,0.04250749030666179,0.8538088192840646
2008-10-17,942.29,984.64,918.74,940.55,,-0.006212820810836517,-0.006212820810836517,0.8485042580831408
2008-10-20,943.51,985.4,943.51,985.4,,0.0476848652384243,0.0476848652384243,0.8889650692840646
2008-10-21,980.4,985.44,952.47,955.05,,-0.030799675258778136,-0.030799675258778136,0.8615852338337182
2008-10-22,951.67,951.67,875.81,896.78,,-0.06101251243390393,-0.06101251243390393,0.8090177540415704
2008-10-23,899.08,922.83,858.44,908.11,,0.012634090858404612,0.012634090858404612,0.819238957852194
2008-10-24,895.22,896.3,852.85,876.77,,-0.03451123762539787,-0.03451123762539787,0.7909660075057736
2008-10-27,874.28,893.78,846.75,848.92,,-0.031764316753538635,-0.031764316753538635,0.7658415127020785
2008-10-28,848.92,940.51,845.27,940.51,,0.1078900249729069,0.1078900249729069,0.8484681726327944
2008-10-29,939.51,969.97,922.26,930.09,,-0.011079095384419091,-0.011079095384419091,0.839067912817552
2008-10-30,939.38,963.23,928.5,954.09,,0.02580395445602046,0.02580395445602046,0.8607191830254042
2008-10-31,953.11,984.38,944.59,968.75,,0.01536542674171204,0.01536542674171204,0.8739445005773672
2008-11-03,968.67,975.57,958.82,966.3,,-0.0025290322580645563,-0.0025290322580645563,0.871734266743649
2008-11-04,971.31,1007.51,971.31,1005.75,,0.04082583048742627,0.04082583048742627,0.907323542147806
2008-11-05,1001.84,1001.84,949.86,952.77,,-0.05267710663683822,-0.05267710663683822,0.8595283631639723
2008-11-06,952.4,952.4,899.73,904.88,,-0.05026396716941128,-0.05026396716941128,0.8163250577367205
2008-11-07,907.44,931.46,906.9,930.99,,0.02885465476085236,0.02885465476085236,0.8398798354503464
2008-11-10,936.75,951.95,907.47,919.21,,-0.012653197134233407,-0.012653197134233407,0.8292526703233256
2008-11-11,917.15,917.15,884.9,898.95,,-0.02204066535394522,-0.02204066535394522,0.8109753897228638
2008-11-12,893.39,893.39,850.48,852.3,,-0.05189387618888708,-0.05189387618888708,0.7688907332563509
2008-11-13,853.13,913.01,818.69,911.29,,0.06921271852634048,0.06921271852634048,0.8221077511547343
2008-11-14,904.36,916.88,869.88,873.29,,-0.04169912980500168,-0.04169912980500168,0.7878265733256351
2008-11-17,873.23,882.29,848.98,850.75,,-0.025810440976078874,-0.025810440976078874,0.7674924220554272
2008-11-18,852.34,865.9,826.84,859.12,,0.00983837790185138,0.00983837790185138,0.7750433025404156
2008-11-19,859.03,864.57,806.18,806.58,,-0.06115560108017504,-0.06115560108017504,0.7276450635103926
2008-11-20,805.87,820.52,747.78,752.44,,-0.06712291403208603,-0.06712291403208603,0.6788034064665127
2008-11-21,755.84,801.2,741.02,800.03,,0.06324756791239161,0.06324756791239161,0.7217360710161662
2008-11-24,801.2,865.6,801.2,851.81,,0.06472257290351613,0.06472257290351613,0.7684486864896073
2008-11-25,853.4,868.94,834.99,857.39,,0.00655075662412985,0.00655075662412985,0.773482606812933
2008-11-26,852.9,887.68,841.37,887.68,,0.03532814705093368,0.03532814705093368,0.8008083140877598
2008-11-28,886.89,896.25,881.21,896.24,,0.009643114635904837,0.009643114635904837,0.8085306004618937
2008-12-01,888.61,888.61,815.69,816.21,,-0.08929527805052218,-0.08929527805052218,0.7363326356812934
2008-12-02,817.94,850.54,817.94,848.81,,0.03994070153514406,0.03994070153514406,0.7657422777136258
2008-12-03,843.6,873.12,827.6,870.74,,0.02583617063889454,0.02583617063889454,0.7855261258660508
2008-12-04,869.75,875.6,833.6,845.22,,-0.0293084043457289,-0.0293084043457289,0.7625036085450346
2008-12-05,844.43,879.42,818.41,876.07,,0.03649937294432215,0.03649937294432215,0.7903345121247114
2008-12-08,882.71,918.57,882.71,909.7,,0.03838734347711936,0.03838734347711936,0.8206733545034642
2008-12-09,906.48,916.26,885.38,888.67,,-0.023117511267450874,-0.023117511267450874,0.8017014289838337
2008-12-10,892.17,908.27,885.45,899.24,,0.011894178941564526,0.011894178941564526,0.8112370092378752
2008-12-11,898.35,904.63,868.73,873.59,,-0.028524087006805754,-0.028524087006805754,0.7880972142032333
2008-12-12,871.79,883.24,851.35,879.73,,0.00702846873247176,0.00702846873247176,0.7936363308314088
2008-12-15,881.07,884.63,857.72,868.57,,-0.012685710388414595,-0.012685710388414595,0.7835684901847575
2008-12-16,871.53,914.66,871.53,913.18,,0.05136028184256869,0.05136028184256869,0.8238127886836027
2008-12-17,908.16,918.85,895.94,904.42,,-0.009592851354606968,-0.009592851354606968,0.8159100750577367
2008-12-18,905.98,911.02,877.44,885.28,,-0.021162734127949445,-0.021162734127949445,0.7986431870669746
2008-12-19,886.96,905.47,883.02,887.88,,0.0029369239110790257,0.0029369239110790257,0.8009887413394919
2008-12-22,887.2,887.37,857.09,871.63,,-0.01830202279587334,-0.01830202279587334,0.7863290271362586
2008-12-23,874.31,880.44,860.1,863.16,,-0.009717425972029403,-0.009717425972029403,0.7786879330254041
2008-12-24,863.87,869.79,861.44,868.15,,0.005781083460772107,0.005781083460772107,0.78318959295612
2008-12-26,869.51,873.74,866.52,872.8,,0.005356217243563943,0.005356217243563943,0.7873845265588914
2008-12-29,872.37,873.7,857.07,869.42,,-0.0038725939505040996,-0.0038725939505040996,0.7843353060046189
2008-12-30,870.58,891.12,870.58,890.64,,0.024407075981689008,0.024407075981689008,0.8034786374133949
2008-12-31,890.59,910.32,889.67,903.25,,0.014158358034671803,0.014158358034671803,0.8148545756351039
2009-01-02,902.99,934.73,899.35,931.8,,0.031608081926376874,0.031608081926376874,0.8406105658198614
2009-01-05,929.17,936.63,919.53,927.45,,-0.004668383773341778,-0.004668383773341778,0.8366862730946882
2009-01-06,931.17,943.85,927.28,934.7,,0.007817132999083487,0.007817132999083487,0.843226760969977
2009-01-07,927.45,927.45,902.37,906.65,,-0.03000962875789026,-0.03000962875789026,0.8179218389145496
2009-01-08,905.73,910.0,896.81,909.73,,0.003397121270611647,0.003397121270611647,0.820700418591224
2009-01-09,909.91,911.93,888.31,890.35,,-0.021303023974146185,-0.021303023974146185,0.8032170178983834
2009-01-12,890.4,890.4,864.32,870.26,,-0.022564160161734237,-0.022564160161734237,0.7850931004618937
2009-01-13,869.79,877.02,862.02,871.79,,0.0017580952818696538,0.0017580952818696538,0.7864733689376443
2009-01-14,867.28,867.28,836.93,842.62,,-0.03345989286410711,-0.03345989286410711,0.7601580542725173
2009-01-15,841.99,851.59,817.04,843.74,,0.0013291875341197024,0.0013291875341197024,0.7611684468822171
2009-01-16,844.45,858.13,830.66,850.12,,0.007561571100102027,0.007561571100102027,0.7669240762124712
2009-01-20,849.64,849.64,804.47,805.22,,-0.0528160730249847,-0.0528160730249847,0.7264181581986143
2009-01-21,806.77,841.72,804.3,840.24,,0.043491219790864566,0.043491219790864566,0.7580109699769053
2009-01-22,839.74,839.74,811.29,827.5,,-0.015162334571074965,-0.015162334571074965,0.7465177540415704
2009-01-23,822.16,838.61,806.07,831.95,,0.005377643504531848,0.005377643504531848,0.7505322603926097
2009-01-26,832.5,852.53,827.69,836.57,,0.005553218342448485,0.005553218342448485,0.7547001299076213
2009-01-27,837.3,850.45,835.4,845.71,,0.010925565105131652,0.010925565105131652,0.7629456553117783
2009-01-28,845.73,877.86,845.73,874.09,,0.033557602487850335,0.033557602487850335,0.7885482823325636
2009-01-29,868.89,868.89,844.15,845.14,,-0.03312015925133571,-0.03312015925133571,0.7624314376443417
2009-01-30,845.69,851.66,821.67,825.88,,-0.02278912369548236,-0.02278912369548236,0.7450562933025404
2009-02-02,823.09,830.78,812.87,825.44,,-0.0005327650506126158,-0.0005327650506126158,0.7446593533487298
2009-02-03,825.69,842.6,821.98,838.51,,0.015833979453382385,0.015833979453382385,0.7564502742494226
2009-02-04,837.77,851.85,829.18,832.23,,-0.007489475378945953,-0.007489475378945953,0.7507848585450346
2009-02-05,831.75,850.55,819.91,845.85,,0.01636566814462359,0.01636566814462359,0.7630719543879908
2009-02-06,846.09,870.75,845.42,868.6,,0.026896021753265886,0.026896021753265886,0.7835955542725174
2009-02-09,868.24,875.01,861.65,869.89,,0.0014851485148514865,0.0014851485148514865,0.7847593100461894
2009-02-10,866.87,868.05,822.99,827.16,,-0.04912115324926147,-0.04912115324926147,0.7462110277136258
2009-02-11,827.41,838.22,822.3,833.74,,0.007954930122346493,0.007954930122346493,0.7521470842956121
2009-02-12,829.91,835.48,808.06,835.19,,0.0017391512941684617,0.0017391512941684617,0.7534551818706697
2009-02-13,833.95,839.43,825.21,826.84,,-0.009997725068547347,-0.009997725068547347,0.7459223441108546
2009-02-17,818.61,818.61,789.17,789.17,,-0.04555899569445121,-0.04555899569445121,0.7119388712471131
2009-02-18,791.06,796.17,780.43,788.42,,-0.0009503655739574457,-0.0009503655739574457,0.7112622690531177
2009-02-19,787.91,797.58,777.03,778.94,,-0.012024048096192286,-0.012024048096192286,0.7027100173210162
2009-02-20,775.87,778.69,754.25,770.05,,-0.01141294579813601,-0.01141294579813601,0.6946900259815242
2009-02-23,773.25,777.85,742.37,743.33,,-0.03469904551652481,-0.03469904551652481,0.6705849451501155
2009-02-24,744.69,775.49,744.69,773.14,,0.040103318848963454,0.040103318848963454,0.6974776270207852
2009-02-25,770.64,780.12,752.89,764.9,,-0.010657836873011362,-0.010657836873011362,0.6900440242494226
2009-02-26,765.76,779.42,751.75,752.83,,-0.0157798405020263,-0.0157798405020263,0.6791552396073903
2009-02-27,749.93,751.27,734.52,735.09,,-0.023564416933437804,-0.023564416933437804,0.663151342378753
2009-03-02,729.57,729.57,699.7,700.82,,-0.0466201417513501,-0.0466201417513501,0.6322351327944573
2009-03-03,704.44,711.67,692.3,696.33,,-0.006406780628406716,-0.006406780628406716,0.6281845409930716
2009-03-04,698.6,724.12,698.6,712.87,,0.023753105567762445,0.023753105567762445,0.6431058747113164
2009-03-05,708.27,708.27,677.93,682.55,,-0.04253229901665112,-0.04253229901665112,0.6157531033487298
2009-03-06,684.04,699.09,666.79,683.38,,0.0012160281298074782,0.0012160281298074782,0.616501876443418
2009-03-09,680.76,695.27,672.88,676.53,,-0.010023705698147478,-0.010023705698147478,0.6103222430715936
2009-03-10,679.28,719.6,679.28,719.6,,0.06366310437083356,0.06366310437083356,0.6491772517321016
2009-03-11,719.59,731.92,713.85,721.36,,0.002445803224013332,0.002445803224013332,0.6507650115473441
2009-03-12,720.89,752.63,714.76,750.74,,0.04072862371076846,0.04072862371076846,0.6772697748267898
2009-03-13,751.97,758.29,742.46,756.55,,0.007739030822921267,0.007739030822921267,0.6825111864896073
2009-03-16,758.84,774.53,753.37,753.89,,-0.003515960610666835,-0.003515960610666835,0.6801115040415704
2009-03-17,753.88,778.12,749.93,778.12,,0.03213996736924485,0.03213996736924485,0.7019702655889145
2009-03-18,776.01,803.04,765.64,794.35,,0.02085796535238793,0.02085796535238793,0.7166119370669746
2009-03-19,797.92,803.24,781.82,784.04,,-0.012979165355322064,-0.012979165355322064,0.7073109122401847
2009-03-20,784.58,788.91,766.2,768.54,,-0.019769399520432662,-0.019769399520432662,0.6933278002309469
2009-03-23,772.31,823.37,772.31,822.92,,0.07075754027116354,0.07075754027116354,0.7423859699769053
2009-03-24,820.6,823.65,805.48,806.12,,-0.020415107179312608,-0.020415107179312608,0.7272300808314087
2009-03-25,806.81,826.78,791.37,813.88,,0.009626358358556963,0.009626358358556963,0.7342306581986143
2009-03-26,814.06,832.98,814.06,832.86,,0.023320391212463765,0.023320391212463765,0.7513532043879908
2009-03-27,828.68,828.68,813.43,815.94,,-0.020315539226280488,-0.020315539226280488,0.736089058891455
2009-03-30,809.07,809.07,779.81,787.53,,-0.03481873667181423,-0.03481873667181423,0.7104593677829099
2009-03-31,790.88,810.48,790.88,797.87,,0.013129658552690104,0.013129658552690104,0.7197874566974596
2009-04-01,793.59,813.62,783.32,811.08,,0.016556581899306977,0.016556581899306977,0.7317046766743649
2009-04-02,814.53,845.61,814.53,834.38,,0.028727129259752404,0.028727129259752404,0.7527244515011547
2009-04-03,835.13,842.5,826.7,842.5,,0.00973177688822835,0.00973177688822835,0.7600497979214781
2009-04-06,839.75,839.75,822.79,835.48,,-0.008332344213649812,-0.008332344213649812,0.7537168013856813
2009-04-07,834.12,834.12,814.53,815.55,,-0.0238545506774549,-0.0238545506774549,0.7357372257505773
2009-04-08,816.76,828.42,814.84,825.16,,0.011783459015388464,0.011783459015388464,0.7444067551963048
2009-04-09,829.29,856.91,829.29,856.56,,0.038053226041010246,0.038053226041010246,0.7727338337182448
2009-04-13,855.33,864.31,845.35,858.73,,0.0025333893714394318,0.0025333893714394318,0.7746914693995381
2009-04-14,856.88,856.88,840.25,841.5,,-0.020064513875141188,-0.020064513875141188,0.7591476616628176
2009-04-15,839.44,852.93,835.58,852.06,,0.012549019607843048,0.012549019607843048,0.7686742205542725
2009-04-16,854.54,870.35,847.04,865.3,,0.015538811820763776,0.015538811820763776,0.7806185046189376
2009-04-17,865.18,875.63,860.87,869.6,,0.004969374783312164,0.004969374783312164,0.7844976905311778
2009-04-20,868.27,868.27,832.39,832.39,,-0.0427897884084637,-0.0427897884084637,0.7509292003464203
2009-04-21,831.25,850.09,826.83,850.08,,0.021252057328896345,0.021252057328896345,0.7668879907621248
2009-04-22,847.26,861.78,840.57,843.55,,-0.007681629964238712,-0.007681629964238712,0.7609970409930715
2009-04-23,844.62,852.87,835.45,851.92,,0.009922351964910314,0.009922351964910314,0.76854792147806
2009-04-24,853.91,871.8,853.91,866.23,,0.016797351864024757,0.016797351864024757,0.7814574913394919
2009-04-27,862.82,868.83,854.65,857.51,,-0.010066610484513405,-0.010066610484513405,0.7735908631639723
2009-04-28,854.48,864.48,847.12,855.16,,-0.002740492822241203,-0.002740492822241203,0.77147084295612
2009-04-29,856.85,882.06,856.85,873.64,,0.021609991112774285,0.021609991112774285,0.7881423210161662
2009-04-30,876.59,888.7,868.51,872.81,,-0.0009500480747218765,-0.0009500480747218765,0.787393547921478
2009-05-01,872.74,880.48,866.1,877.52,,0.005396363469712728,0.005396363469712728,0.7916426096997691
2009-05-04,879.21,907.85,879.21,907.24,,0.0338681739447535,0.0338681739447535,0.8184540993071594
2009-05-05,906.1,907.7,897.34,903.8,,-0.003791719941801608,-0.003791719941801608,0.8153507505773672
2009-05-06,903.95,920.28,903.95,919.53,,0.017404292985173653,0.017404292985173653,0.829541353926097
2009-05-07,919.58,929.58,901.36,907.39,,-0.013202396876665246,-0.013202396876665246,0.8185894197459584
2009-05-08,909.03,930.17,909.03,929.23,,0.02406903316104425,0.02406903316104425,0.8382920756351039
2009-05-11,922.99,922.99,908.68,909.24,,-0.021512435026850185,-0.021512435026850185,0.8202583718244804
2009-05-12,910.52,915.57,896.46,908.35,,-0.0009788394703268422,-0.0009788394703268422,0.8194554705542725
2009-05-13,905.4,905.4,882.8,883.92,,-0.026894919359277902,-0.026894919359277902,0.7974162817551963
2009-05-14,884.24,898.36,882.52,893.07,,0.010351615530817426,0.010351615530817426,0.8056708285219399
2009-05-15,892.76,896.97,878.94,882.88,,-0.011410079836966958,-0.011410079836966958,0.7964780600461894
2009-05-18,886.07,910.0,886.07,909.71,,0.030389180862631537,0.030389180862631537,0.8206823758660509
2009-05-19,909.67,916.39,905.22,908.13,,-0.0017368172274681015,-0.0017368172274681015,0.8192570005773672
2009-05-20,908.62,924.6,901.37,903.47,,-0.005131423915078148,-0.005131423915078148,0.8150530456120092
2009-05-21,900.42,900.42,879.61,888.33,,-0.016757612316955717,-0.016757612316955717,0.8013947026558892
2009-05-22,888.68,896.65,883.75,887.0,,-0.0014971913590670072,-0.0014971913590670072,0.8001948614318707
2009-05-26,887.0,911.76,881.46,910.33,,0.026302142051860322,0.026302142051860322,0.8212417003464203
2009-05-27,909.95,913.84,891.87,893.06,,-0.018971142333000235,-0.018971142333000235,0.8056618071593533
2009-05-28,892.96,909.45,887.6,906.83,,0.015418896826641104,0.015418896826641104,0.8180842234411085
2009-05-29,907.02,920.02,903.56,919.14,,0.013574760429187371,0.013574760429187371,0.8291895207852193
2009-06-01,923.26,947.77,923.26,942.87,,0.02581761211567346,0.02581761211567346,0.8505972142032332
2009-06-02,942.87,949.38,938.46,944.74,,0.0019833062882474994,0.0019833062882474994,0.8522842090069284
2009-06-03,942.51,942.51,923.85,931.76,,-0.0137392298410145,-0.0137392298410145,0.840574480369515
2009-06-04,932.49,942.47,929.32,942.46,,0.011483643856787129,0.011483643856787129,0.8502273383371824
2009-06-05,945.67,951.69,934.13,940.09,,-0.002514695583897497,-0.002514695583897497,0.848089275404157
2009-06-08,938.12,946.33,926.44,939.14,,-0.001010541543894794,-0.001010541543894794,0.8472322459584295
2009-06-09,940.35,946.92,936.15,942.43,,0.003503205059948389,0.003503205059948389,0.8502002742494226
2009-06-10,942.73,949.77,927.97,939.15,,-0.003480364589412477,-0.003480364589412477,0.8472412673210161
2009-06-11,939.04,956.23,939.04,944.89,,0.006111909705584839,0.006111909705584839,0.8524195294457274
2009-06-12,943.44,946.3,935.66,946.21,,0.0013969880091864173,0.0013969880091864173,0.8536103493071594
2009-06-15,942.45,942.45,919.65,923.72,,-0.02376850804789632,-0.02376850804789632,0.8333213048498845
2009-06-16,925.6,928.0,911.6,911.97,,-0.01272030485428488,-0.01272030485428488,0.8227212038106235
2009-06-17,911.89,918.44,903.78,910.71,,-0.0013816243955393492,-0.0013816243955393492,0.8215845121247113
2009-06-18,910.86,921.93,907.94,918.37,,0.008411019973427303,0.008411019973427303,0.8284948758660508
2009-06-19,919.96,927.09,915.8,921.23,,0.0031142132256063437,0.0031142132256063437,0.8310749855658198
2009-06-22,918.13,918.13,893.04,893.04,,-0.030600392952899957,-0.030600392952899957,0.8056437644341801
2009-06-23,893.46,898.69,888.86,895.1,,0.0023067275821913036,0.0023067275821913036,0.8075021651270208
2009-06-24,896.31,910.85,896.31,900.94,,0.006524410680371018,0.006524410680371018,0.8127706408775982
2009-06-25,899.45,921.42,896.27,920.26,,0.021444269318711573,0.021444269318711573,0.8301999133949192
2009-06-26,918.84,922.0,913.03,918.9,,-0.0014778432182209755,-0.0014778432182209755,0.8289730080831409
2009-06-29,919.86,927.99,916.18,927.23,,0.009065186636195488,0.009065186636195488,0.8364878031177829
2009-06-30,927.15,930.01,912.86,919.32,,-0.008530785242065075,-0.008530785242065075,0.8293519053117783
2009-07-01,920.82,931.92,920.82,923.33,,0.004361919679763293,0.004361919679763293,0.8329694717090069
2009-07-02,921.24,921.24,896.42,896.42,,-0.029144509546966013,-0.029144509546966013,0.8086929849884527
2009-07-06,894.27,898.72,886.36,898.72,,0.00256576158497146,0.00256576158497146,0.8107678983833718
2009-07-07,898.6,898.6,879.93,881.03,,-0.01968354993768917,-0.01968354993768917,0.7948091079676673
2009-07-08,881.9,886.8,869.32,879.56,,-0.0016685016401257746,-0.0016685016401257746,0.7934829676674364
2009-07-09,881.28,887.86,878.45,882.68,,0.0035472281595343436,0.0035472281595343436,0.7962976327944572
2009-07-10,880.03,883.57,872.81,879.13,,-0.004021842570353873,-0.004021842570353873,0.7930950490762124
2009-07-13,879.57,901.05,875.32,901.05,,0.024933741312433755,0.024933741312433755,0.8128698758660508
2009-07-14,900.77,905.84,896.5,905.84,,0.00531602019865729,0.00531602019865729,0.8171911085450346
2009-07-15,910.15,933.95,910.15,932.68,,0.029629956725249373,0.029629956725249373,0.8414044457274826
2009-07-16,930.17,943.96,927.45,940.74,,0.008641763520178536,0.008641763520178536,0.8486756639722863
2009-07-17,940.56,941.89,934.65,940.38,,-0.0003826774666751964,-0.0003826774666751964,0.8483508949191686
2009-07-20,942.07,951.62,940.99,951.13,,0.011431548948297454,0.011431548948297454,0.8580488596997691
2009-07-21,951.97,956.53,943.22,954.58,,0.0036272644118049424,0.0036272644118049424,0.8611612297921478
2009-07-22,953.4,959.83,947.75,954.07,,-0.0005342663789310587,-0.0005342663789310587,0.8607011403002309
2009-07-23,954.07,979.42,953.27,976.29,,0.023289695724632242,0.023289695724632242,0.8807466079676673
2009-07-24,972.16,979.79,965.95,979.26,,0.003042128875641481,0.003042128875641481,0.8834259526558891
2009-07-27,978.63,982.49,972.29,982.18,,0.002981843432796172,0.002981843432796172,0.8860601905311778
2009-07-28,981.48,982.35,969.35,979.62,,-0.0026064468834632315,-0.0026064468834632315,0.8837507217090069
2009-07-29,977.66,977.76,968.65,975.15,,-0.004562993813927885,-0.004562993813927885,0.8797181726327944
2009-07-30,976.01,996.68,976.01,986.75,,0.01189560580423521,0.01189560580423521,0.8901829532332564
2009-07-31,986.8,993.18,982.85,987.48,,0.0007398023815556876,0.0007398023815556876,0.8908415127020786
2009-08-03,990.22,1003.61,990.22,1002.63,,0.015342082877627838,0.015342082877627838,0.9045088770207852
2009-08-04,1001.41,1007.12,996.68,1005.65,,0.0030120782342439867,0.0030120782342439867,0.9072333285219399
2009-08-05,1005.41,1006.64,994.31,1002.72,,-0.0029135385074329223,-0.0029135385074329223,0.9045900692840647
2009-08-06,1004.06,1008.0,992.49,997.08,,-0.005624700813786521,-0.005624700813786521,0.8995020207852195
2009-08-07,999.83,1018.0,999.83,1010.48,,0.013439242588358047,0.013439242588358047,0.9115906466512702
2009-08-10,1008.89,1010.12,1000.99,1007.1,,-0.003344944976644726,-0.003344944976644726,0.9085414260969977
2009-08-11,1005.77,1005.77,992.4,994.35,,-0.012660113196306222,-0.012660113196306222,0.8970391887990762
2009-08-12,994.0,1012.78,993.36,1005.81,,0.011525116910544586,0.011525116910544586,0.9073776703233256
2009-08-13,1005.86,1013.14,1000.82,1012.73,,0.006880027042881043,0.006880027042881043,0.9136204532332564
2009-08-14,1012.23,1012.6,994.6,1004.09,,-0.008531395337355474,-0.008531395337355474,0.9058259959584296
2009-08-17,998.18,998.18,978.51,979.73,,-0.024260773436644123,-0.024260773436644123,0.8838499566974596
2009-08-18,980.62,991.2,980.62,989.67,,0.010145652373612979,0.010145652373612979,0.892817191108545
2009-08-19,986.88,999.61,980.62,996.46,,0.00686087281619141,0.00686087281619141,0.8989426963048499
2009-08-20,996.41,1008.92,996.39,1007.37,,0.010948758605463293,0.010948758605463293,0.9087850028868361
2009-08-21,1009.06,1027.59,1009.06,1026.13,,0.01862275033006755,0.01862275033006755,0.9257090790993072
2009-08-24,1026.59,1035.8199,1022.48,1025.5699,,-0.0005458372720806848,-0.0005458372720806848,0.9252037925808314
2009-08-25,1026.63,1037.75,1026.21,1028.0,,0.002369511819720893,0.002369511819720893,0.9273960739030023
2009-08-26,1027.35,1032.47,1021.57,1028.12,,0.0001167315175096828,0.0001167315175096828,0.9275043302540414
2009-08-27,1027.8101,1033.33,1016.2,1030.98,,0.002781776446329376,0.002781776446329376,0.9300844399538106
2009-08-28,1031.62,1039.47,1023.13,1028.9301,,-0.001988302391898955,-0.001988302391898955,0.9282351508371824
2009-08-31,1025.21,1025.21,1014.62,1020.62,,-0.008076447564319467,-0.008076447564319467,0.9207383083140878
2009-09-01,1019.52,1028.45,996.28,998.04,,-0.02212380709764661,-0.02212380709764661,0.9003680715935335
2009-09-02,996.07,1000.34,991.97,994.75,,-0.0032964610636847524,-0.0032964610636847524,0.8974000433025404
2009-09-03,996.12,1003.43,992.25,1003.24,,0.008534807740638417,0.008534807740638417,0.9050591801385681
2009-09-04,1003.84,1016.48,1001.65,1016.4,,0.013117499302260693,0.013117499302260693,0.9169312933025404
2009-09-08,1018.67,1026.0699,1018.67,1025.39,,0.00884494293585214,0.00884494293585214,0.9250414982678985
2009-09-09,1025.36,1036.34,1023.97,1033.37,,0.0077824047435608446,0.0077824047435608446,0.9322405456120091
2009-09-10,1032.99,1044.14,1028.04,1044.14,,0.010422210824777345,0.010422210824777345,0.941956553117783
2009-09-11,1043.92,1048.1801,1038.4,1042.73,,-0.001350393625376034,-0.001350393625376034,0.9406845409930716
2009-09-14,1040.15,1049.74,1035.0,1049.34,,0.006339129017099321,0.006339129017099321,0.9466476616628174
2009-09-15,1049.03,1056.04,1043.42,1052.63,,0.00313530409590812,0.00313530409590812,0.9496156899538107
2009-09-16,1053.99,1068.76,1052.87,1068.76,,0.015323522985284388,0.015323522985284388,0.9641671478060045
2009-09-17,1067.87,1074.77,1061.2,1065.49,,-0.003059620494778925,-0.003059620494778925,0.9612171622401847
2009-09-18,1066.6,1071.52,1064.27,1068.3,,0.002637284254192851,0.002637284254192851,0.9637521651270208
2009-09-21,1067.14,1067.28,1057.46,1064.66,,-0.0034072825985208555,-0.0034072825985208555,0.9604683891454966
2009-09-22,1066.35,1073.8101,1066.35,1071.66,,0.006574868972254011,0.006574868972254011,0.9667833429561201
2009-09-23,1072.6899,1080.15,1060.39,1060.87,,-0.010068491872422425,-0.010068491872422425,0.9570492927251731
2009-09-24,1062.5601,1066.29,1045.85,1050.78,,-0.009511061675794297,-0.009511061675794297,0.9479467378752886
2009-09-25,1049.48,1053.47,1041.17,1044.38,,-0.006090713565160999,-0.006090713565160999,0.9421730658198615
2009-09-28,1045.38,1065.13,1045.38,1062.98,,0.01780960952909849,0.01780960952909849,0.9589528002309469
2009-09-29,1063.6899,1069.62,1057.83,1060.61,,-0.0022295809892943774,-0.0022295809892943774,0.9568147372979213
2009-09-30,1061.02,1063.4,1046.47,1057.08,,-0.0033282733521274865,-0.0033282733521274865,0.9536301963048498
2009-10-01,1054.91,1054.91,1029.45,1029.85,,-0.025759639762364284,-0.025759639762364284,0.9290650259815242
2009-10-02,1029.71,1030.6,1019.95,1025.21,,-0.0045055105112393745,-0.0045055105112393745,0.9248791137413395
2009-10-05,1026.87,1042.58,1025.92,1040.46,,0.01487500121926244,0.01487500121926244,0.9386366916859122
2009-10-06,1042.02,1060.55,1042.02,1054.72,,0.013705476423889529,0.013705476423889529,0.9515011547344111
2009-10-07,1053.65,1058.02,1050.1,1057.58,,0.0027116201456309774,0.0027116201456309774,0.9540812644341801
2009-10-08,1060.03,1070.67,1060.03,1065.48,,0.007469884074963629,0.007469884074963629,0.9612081408775982
2009-10-09,1065.28,1071.51,1063.0,1071.49,,0.005640650223373456,0.005640650223373456,0.9666299797921478
2009-10-12,1071.63,1079.46,1071.63,1076.1899,,0.0043863218508806145,0.0043863218508806145,0.9708699299942264
2009-10-13,1074.96,1075.3,1066.71,1073.1899,,-0.002787612111951665,-0.002787612111951665,0.9681635212182449
2009-10-14,1078.6801,1093.17,1078.6801,1092.02,,0.017545916151465724,0.017545916151465724,0.985150837182448
2009-10-15,1090.36,1096.5601,1086.41,1096.5601,,0.004157524587461658,0.004157524587461658,0.9892466260103925
2009-10-16,1094.67,1094.67,1081.53,1087.6801,,-0.00809805135167685,-0.00809805135167685,0.9812356560334873
2009-10-19,1088.22,1100.17,1086.48,1097.91,,0.009405247002312489,0.009405247002312489,0.9904644197459584
2009-10-20,1098.64,1098.64,1086.16,1091.0601,,-0.006239035986556396,-0.006239035986556396,0.9842848765877598
2009-10-21,1090.36,1101.36,1080.77,1081.4,,-0.008853866070255734,-0.008853866070255734,0.9755701501154735
2009-10-22,1080.96,1095.21,1074.3101,1092.91,,0.01064361013501025,0.01064361013501025,0.985953738452656
2009-10-23,1095.62,1095.83,1075.49,1079.6,,-0.012178495942026468,-0.012178495942026468,0.9739463048498844
2009-10-26,1080.36,1091.75,1065.23,1066.95,,-0.011717302704705279,-0.011717302704705279,0.9625342811778291
2009-10-27,1067.54,1072.48,1060.62,1063.41,,-0.0033178686911289335,-0.0033178686911289335,0.959340718822171
2009-10-28,1061.51,1063.26,1042.1899,1042.63,,-0.0195409108434188,-0.0195409108434188,0.9405943273672056
2009-10-29,1043.6899,1066.83,1043.6899,1066.11,,0.022519973528480675,0.022519973528480675,0.9617764867205542
2009-10-30,1065.41,1065.41,1033.38,1036.1899,,-0.02806474003620618,-0.02806474003620618,0.9347844796478061
2009-11-02,1036.1801,1052.1801,1029.38,1042.88,,0.006456442009326713,0.006456442009326713,0.9408198614318708
2009-11-03,1040.92,1046.36,1033.9399,1045.41,,0.0024259742252223937,0.0024259742252223937,0.9431022661662818
2009-11-04,1047.14,1061.0,1045.15,1046.5,,0.0010426531217415658,0.0010426531217415658,0.9440855946882217
2009-11-05,1047.3,1066.65,1047.3,1066.63,,0.019235547061634106,0.019235547061634106,0.9622455975750578
2009-11-06,1064.95,1071.48,1059.3199,1069.3,,0.002503211047879539,0.002503211047879539,0.9646543013856812
2009-11-09,1072.3101,1093.1899,1072.3101,1093.08,,0.022238847844384235,0.022238847844384235,0.9861071016166281
2009-11-10,1091.86,1096.42,1087.4,1093.01,,-6.403922860165334e-05,-6.403922860165334e-05,0.9860439520785219
2009-11-11,1096.04,1105.37,1093.8101,1098.51,,0.005031975919707943,0.005031975919707943,0.9910057015011547
2009-11-12,1098.3101,1101.97,1084.9,1087.24,,-0.010259351303128716,-0.010259351303128716,0.9808386258660508
2009-11-13,1087.59,1097.79,1085.33,1093.48,,0.005739303189728151,0.005739303189728151,0.9864679561200924
2009-11-16,1094.13,1113.6899,1094.13,1109.3,,0.014467571423345538,0.014467571423345538,1.0007397517321015
2009-11-17,1109.22,1110.52,1102.1899,1110.3199,,0.0009194086360768683,0.0009194086360768683,1.0016598405023094
2009-11-18,1109.4399,1111.1,1102.7,1109.8,,-0.0004682434314651207,-0.0004682434314651207,1.0011908198614319
2009-11-19,1106.4399,1106.4399,1088.4,1094.9,,-0.013425842494142914,-0.013425842494142914,0.9877489896073903
2009-11-20,1094.66,1094.66,1086.8101,1091.38,,-0.0032149054708192626,-0.0032149054708192626,0.9845734699769054
2009-11-23,1094.86,1112.38,1094.86,1106.24,,0.01361578918433537,0.01361578918433537,0.9979792147806005
2009-11-24,1105.83,1107.5601,1097.63,1105.65,,-0.0005333381544690985,-0.0005333381544690985,0.9974469543879908
2009-11-25,1106.49,1111.1801,1104.75,1110.63,,0.004504137837471278,0.004504137837471278,1.0019395929561201
2009-11-27,1105.47,1105.47,1083.74,1087.27,,-0.021033107335476364,-0.021033107335476364,0.9808656899538106
2009-11-30,1091.0699,1097.24,1086.25,1095.63,,0.0076889824974477605,0.0076889824974477605,0.9884075490762125
2009-12-01,1098.89,1112.28,1098.89,1108.86,,0.012075244379945671,0.012075244379945671,1.0003428117782909
2009-12-02,1109.03,1115.58,1105.29,1109.24,,0.0003426942986490822,0.0003426942986490822,1.000685623556582
2009-12-03,1110.59,1117.28,1098.74,1099.92,,-0.008402149219285171,-0.008402149219285171,0.9922777136258661
2009-12-04,1100.4301,1119.13,1096.52,1105.98,,0.00550949159938896,0.00550949159938896,0.9977446593533488
2009-12-07,1105.52,1110.72,1100.83,1103.25,,-0.0024683990668908917,-0.0024683990668908917,0.9952818273672055
2009-12-08,1103.04,1103.04,1088.61,1091.9399,,-0.010251620213006962,-0.010251620213006962,0.9850785760681294
2009-12-09,1091.0699,1097.04,1085.89,1095.95,,0.003672454866792574,0.003672454866792574,0.9886962326789839
2009-12-10,1098.6899,1106.25,1098.6899,1102.35,,0.005839682467265739,0.005839682467265739,0.994469904734411
2009-12-11,1103.96,1108.5,1101.34,1106.41,,0.00368304077652315,0.00368304077652315,0.9981325779445728
2009-12-14,1107.84,1114.76,1107.84,1114.11,,0.0069594454135446515,0.0069594454135446515,1.0050790271362586
2009-12-15,1114.11,1114.11,1105.35,1107.9301,,-0.005546938812145852,-0.005546938812145852,0.9995039152713626
2009-12-16,1108.61,1116.21,1107.96,1109.1801,,0.0011282300210093688,0.0011282300210093688,1.0006315855946883
2009-12-17,1106.36,1106.36,1095.88,1096.08,,-0.01181061578728293,-0.01181061578728293,0.9888135103926096
2009-12-18,1097.86,1103.74,1093.88,1102.47,,0.005829866433107123,0.005829866433107123,0.9945781610854504
2009-12-21,1105.3101,1117.6801,1105.3101,1114.05,,0.010503687175161147,0.010503687175161147,1.0050248989607389
2009-12-22,1114.51,1120.27,1114.51,1118.02,,0.0035635743458553026,0.0035635743458553026,1.0086063799076213
2009-12-23,1118.84,1121.58,1116.0,1120.59,,0.002298706642099413,0.002298706642099413,1.0109248700923787
2009-12-24,1121.08,1126.48,1121.08,1126.48,,0.005256159701585883,0.005256159701585883,1.0162384526558892
2009-12-28,1127.53,1130.38,1123.51,1127.78,,0.001154037355301396,0.001154037355301396,1.0174112297921478
2009-12-29,1128.55,1130.38,1126.08,1126.2,,-0.0014009824611181942,-0.0014009824611181942,1.0159858545034641
2009-12-30,1125.53,1126.42,1121.9399,1126.42,,0.00019534718522473682,0.00019534718522473682,1.0161843244803697
2009-12-31,1126.6,1127.64,1114.8101,1115.1,,-0.01004953747270132,-0.01004953747270132,1.0059721420323324
2010-01-04,1116.5601,1133.87,1116.5601,1132.99,,0.01604340417899741,0.01604340417899741,1.022111359699769
2010-01-05,1132.66,1136.63,1129.66,1136.52,,0.003115649740951021,0.003115649740951021,1.0252959006928406
2010-01-06,1135.71,1139.1899,1133.95,1137.14,,0.0005455249357688707,0.0005455249357688707,1.0258552251732103
2010-01-07,1136.27,1142.46,1131.3199,1141.6899,,0.004001178394920535,0.004001178394920535,1.0299598549364897
2010-01-08,1140.52,1145.39,1136.22,1144.98,,0.00288178077076795,0.00288178077076795,1.0329279734411085
2010-01-11,1145.96,1149.74,1142.02,1146.98,,0.0017467554018411047,0.0017467554018411047,1.0347322459584296
2010-01-12,1143.8101,1143.8101,1131.77,1136.22,,-0.00938115747441104,-0.00938115747441104,1.0250252598152425
2010-01-13,1137.3101,1148.4,1133.1801,1145.6801,,0.008325940398866472,0.008325940398866472,1.0335595590357969
2010-01-14,1145.6801,1150.41,1143.8,1148.46,,0.002426419032677707,0.002426419032677707,1.036067407621247
2010-01-15,1147.72,1147.77,1131.39,1136.03,,-0.010823189314386306,-0.010823189314386306,1.024853853926097
2010-01-19,1136.03,1150.45,1135.77,1150.23,,0.012499669903083488,0.012499669903083488,1.0376641887990763
2010-01-20,1147.95,1147.95,1129.25,1138.04,,-0.010597880423915296,-0.010597880423915296,1.0266671478060045
2010-01-21,1138.6801,1141.58,1114.84,1116.48,,-0.01894485255351297,-0.01894485255351297,1.007217090069284
2010-01-22,1115.49,1115.49,1090.1801,1091.76,,-0.022141014617368948,-0.022141014617368948,0.9849162817551963
2010-01-25,1092.4,1102.97,1092.4,1096.78,,0.0045980801641385405,0.0045980801641385405,0.989445005773672
2010-01-26,1095.8,1103.6899,1089.86,1092.17,,-0.0042032130418132585,-0.0042032130418132585,0.9852861576212472
2010-01-27,1091.9399,1099.51,1083.11,1097.5,,0.004880192644002301,0.004880192644002301,0.9900945438799076
2010-01-28,1096.9301,1100.22,1078.46,1084.53,,-0.011817767653758526,-0.011817767653758526,0.9783938366050808
2010-01-29,1087.61,1096.45,1071.59,1073.87,,-0.009829142577890915,-0.009829142577890915,0.9687770640877597
2010-02-01,1073.89,1089.38,1073.89,1089.1899,,0.014266065724901633,0.014266065724901633,0.982597701356813
2010-02-02,1090.05,1104.73,1087.96,1103.3199,,0.012972944387383611,0.012972944387383611,0.9953448866916859
2010-02-03,1100.67,1102.72,1093.97,1097.28,,-0.0054742962580480725,-0.0054742962580480725,0.9898960739030023
2010-02-04,1097.25,1097.25,1062.78,1063.11,,-0.031140638670166254,-0.031140638670166254,0.9590700779445727
2010-02-05,1064.12,1067.13,1044.5,1066.1899,,0.002897066154960548,0.002897066154960548,0.9618485674076213
2010-02-08,1065.51,1071.2,1056.51,1056.74,,-0.008863242842574337,-0.008863242842574337,0.9533234699769053
2010-02-09,1060.0601,1079.28,1060.0601,1070.52,,0.013040104472244796,0.013040104472244796,0.965754907621247
2010-02-10,1069.6801,1073.67,1059.34,1068.13,,-0.0022325598774426414,-0.0022325598774426414,0.9635988019630486
2010-02-11,1067.1,1080.04,1060.59,1078.47,,0.009680469605759523,0.009680469605759523,0.9729268908775982
2010-02-12,1075.95,1077.8101,1062.97,1075.51,,-0.0027446289651079647,-0.0027446289651079647,0.970256567551963
2010-02-16,1079.13,1095.67,1079.13,1094.87,,0.01800076242898707,0.01800076242898707,0.9877219255196303
2010-02-17,1096.14,1101.03,1094.72,1099.51,,0.004237946057522812,0.004237946057522812,0.9919078377598152
2010-02-18,1099.03,1108.24,1097.48,1106.75,,0.0065847513892551834,0.0065847513892551834,0.9984393042725173
2010-02-19,1105.49,1112.42,1100.8,1109.17,,0.0021865823356674863,0.0021865823356674863,1.0006224740184757
2010-02-22,1110.0,1112.29,1105.38,1108.01,,-0.0010458270598736608,-0.0010458270598736608,0.9995759959584295
2010-02-23,1107.49,1108.58,1092.1801,1094.6,,-0.012102778855786589,-0.012102778855786589,0.987478348729792
2010-02-24,1095.89,1106.42,1095.5,1105.24,,0.009720445824958901,0.009720445824958901,0.9970770785219399
2010-02-25,1101.24,1103.5,1086.02,1102.9399,,-0.0020810864608591384,-0.0020810864608591384,0.995002074913395
2010-02-26,1103.1,1107.24,1097.5601,1104.49,,0.0014054256265458864,0.0014054256265458864,0.9964004763279446
2010-03-01,1105.36,1116.11,1105.36,1115.71,,0.010158534708326838,0.010158534708326838,1.0065224451501156
2010-03-02,1117.01,1123.46,1116.51,1118.3101,,0.0023304442910792034,0.0023304442910792034,1.0088680896362585
2010-03-03,1119.36,1125.64,1116.58,1118.79,,0.0004291296305023451,0.0004291296305023451,1.0093010248267897
2010-03-04,1119.12,1123.73,1116.66,1122.97,,0.003736179265098949,0.003736179265098949,1.0130719543879907
2010-03-05,1125.12,1139.38,1125.12,1138.7,,0.014007497974122263,0.014007497974122263,1.0272625577367205
2010-03-08,1138.4,1141.05,1136.77,1138.5,,-0.00017563888644944736,-0.00017563888644944736,1.0270821304849884
2010-03-09,1137.5601,1145.37,1134.9,1140.45,,0.001712779973649603,0.001712779973649603,1.0288412961893765
2010-03-10,1140.22,1148.26,1140.09,1145.61,,0.004524529790871812,0.004524529790871812,1.0334963192840645
2010-03-11,1143.96,1150.24,1138.99,1150.24,,0.004041515000742013,0.004041515000742013,1.0376732101616628
2010-03-12,1151.71,1153.41,1146.97,1149.99,,-0.00021734594519406958,-0.00021734594519406958,1.0374476760969977
2010-03-15,1148.53,1150.98,1141.45,1150.51,,0.00045217784502482594,0.00045217784502482594,1.0379167869515011
2010-03-16,1150.83,1160.28,1150.35,1159.46,,0.0077791588078330864,0.0077791588078330864,1.0459909064665127
2010-03-17,1159.9399,1169.84,1159.9399,1166.21,,0.005821675607610377,0.005821675607610377,1.0520803262124712
2010-03-18,1166.13,1167.77,1161.16,1165.83,,-0.00032584182951622687,-0.00032584182951622687,1.05173751443418
2010-03-19,1166.6801,1169.2,1155.33,1159.9,,-0.005086504893509258,-0.005086504893509258,1.0463878464203233
2010-03-22,1157.25,1167.8199,1152.88,1165.8101,,0.0050953530476762765,0.0050953530476762765,1.0517195619226327
2010-03-23,1166.47,1174.72,1163.83,1174.17,,0.007170893441393433,0.007170893441393433,1.0592613308314087
2010-03-24,1172.7,1173.04,1166.01,1167.72,,-0.005493242034799062,-0.005493242034799062,1.0534425519630486
2010-03-25,1170.03,1180.6899,1165.09,1165.73,,-0.0017041756585483014,-0.0017041756585483014,1.051647300808314
2010-03-26,1167.58,1173.9301,1161.48,1166.59,,0.0007377351530799547,0.0007377351530799547,1.052423137990762
2010-03-29,1167.71,1174.85,1167.71,1173.22,,0.005683230612297363,0.005683230612297363,1.0584043013856812
2010-03-30,1173.75,1177.83,1168.92,1173.27,,4.261775285119285e-05,4.261775285119285e-05,1.0584494081986142
2010-03-31,1171.75,1174.5601,1165.77,1169.4301,,-0.003272818703282221,-0.003272818703282221,1.0549852951789838
2010-04-01,1171.23,1181.4301,1170.6899,1178.1,,0.007413782149099601,0.007413782149099601,1.0628067263279444
2010-04-05,1178.71,1187.73,1178.71,1187.4399,,0.007927934810287862,0.007927934810287862,1.0712325887702079
2010-04-06,1186.01,1191.8,1182.77,1189.4399,,0.0016842957694112037,0.0016842957694112037,1.073036861287529
2010-04-07,1188.23,1189.6,1177.25,1182.45,,-0.005876631513706654,-0.005876631513706654,1.0667310190531178
2010-04-08,1181.75,1188.55,1175.12,1186.4399,,0.0033742652966299858,0.0033742652966299858,1.0703304525115473
2010-04-09,1187.47,1194.66,1187.15,1194.37,,0.006683945811329917,0.006683945811329917,1.0774844832563508
2010-04-12,1194.9399,1199.2,1194.71,1196.48,,0.0017666217336338441,0.0017666217336338441,1.0793879907621247
2010-04-13,1195.9399,1199.04,1188.8199,1197.3,,0.0006853436747793484,0.0006853436747793484,1.0801277424942262
2010-04-14,1198.6899,1210.65,1198.6899,1210.65,,0.011150087697319178,0.011150087697319178,1.0921712615473442
2010-04-15,1210.77,1213.92,1208.5,1211.67,,0.0008425226118200513,0.0008425226118200513,1.0930914405311778
2010-04-16,1210.17,1210.17,1186.77,1192.13,,-0.016126503090775457,-0.016126503090775457,1.0754636980369516
2010-04-19,1192.0601,1197.87,1183.6801,1197.52,,0.004521318983667699,0.004521318983667699,1.0803262124711317
2010-04-20,1199.04,1208.58,1199.04,1207.17,,0.00805832052909361,0.00805832052909361,1.0890318273672055
2010-04-21,1207.16,1210.99,1198.85,1205.9399,,-0.0010189948391693404,-0.0010189948391693404,1.0879221095554272
2010-04-22,1202.52,1210.27,1190.1899,1208.67,,0.0022638773292100733,0.0022638773292100733,1.0903850317551964
2010-04-23,1207.87,1217.28,1205.1,1217.28,,0.007123532477847361,0.007123532477847361,1.0981524249422632
2010-04-26,1217.0699,1219.8,1211.0699,1212.05,,-0.004296464248159881,-0.004296464248159881,1.0934342523094687
2010-04-27,1209.92,1211.38,1181.62,1183.71,,-0.023381873685078935,-0.023381873685078935,1.06786771073903
2010-04-28,1184.59,1195.05,1181.8101,1191.36,,0.006462731581214909,0.006462731581214909,1.0747690531177827
2010-04-29,1193.3,1209.36,1193.3,1206.78,,0.012943190975020169,0.012943190975020169,1.0886799942263279
2010-04-30,1206.77,1207.99,1186.3199,1186.6899,,-0.016647690548401428,-0.016647690548401428,1.0705559865762124
2010-05-03,1188.58,1205.13,1188.58,1202.26,,0.01312061390258723,0.01312061390258723,1.0846023383371823
2010-05-04,1197.5,1197.5,1168.12,1173.6,,-0.023838437609169483,-0.023838437609169483,1.0587471131639723
2010-05-05,1169.24,1175.95,1158.15,1165.87,,-0.0065865712338105675,-0.0065865712338105675,1.0517735998845263
2010-05-06,1164.38,1167.58,1065.79,1128.15,,-0.032353521404616115,-0.032353521404616115,1.0177450202078522
2010-05-07,1127.04,1135.13,1094.15,1110.88,,-0.015308248016664416,-0.015308248016664416,1.0021651270207852
2010-05-10,1122.27,1163.85,1122.27,1159.73,,0.043974146622497434,0.043974146622497434,1.046234483256351
2010-05-11,1156.39,1170.48,1147.71,1155.79,,-0.0033973424848887657,-0.0033973424848887657,1.0426800663972287
2010-05-12,1155.4301,1172.87,1155.4301,1171.67,,0.013739520155045648,0.013739520155045648,1.0570059901847575
2010-05-13,1170.04,1173.5699,1156.14,1157.4399,,-0.012145143257060398,-0.012145143257060398,1.0441685010103927
2010-05-14,1157.1899,1157.1899,1126.14,1135.6801,,-0.018799939418020828,-0.018799939418020828,1.0245381964491918
2010-05-17,1136.52,1141.88,1114.96,1136.9399,,0.0011092912519996556,0.0011092912519996556,1.0256747077078523
2010-05-18,1138.78,1148.66,1117.2,1120.8,,-0.0141959130821252,-0.0141959130821252,1.0111143187066973
2010-05-19,1119.5699,1124.27,1100.66,1115.05,,-0.005130264097073511,-0.005130264097073511,1.0059270352193994
2010-05-20,1107.34,1107.34,1071.58,1071.59,,-0.03897583068023858,-0.03897583068023858,0.9667201934180137
2010-05-21,1067.26,1090.16,1055.9,1087.6899,,0.015024309670676361,0.015024309670676361,0.9812444969688222
2010-05-24,1084.78,1089.95,1072.7,1073.65,,-0.012907998869898463,-0.012907998869898463,0.9685785941108546
2010-05-25,1067.42,1074.75,1040.78,1074.03,,0.00035393284589946283,0.00035393284589946283,0.9689214058891454
2010-05-26,1075.51,1090.75,1065.59,1067.95,,-0.005660921948176467,-0.005660921948176467,0.9634364174364897
2010-05-27,1074.27,1103.52,1074.27,1103.0601,,0.0328761646144482,0.0328761646144482,0.9951105116916859
2010-05-28,1102.59,1102.59,1084.78,1089.41,,-0.012374756370935547,-0.012374756370935547,0.9827962615473441
2010-06-01,1087.3,1094.77,1069.89,1070.71,,-0.017165254587345524,-0.017165254587345524,0.9659263135103926
2010-06-02,1073.01,1098.5601,1072.03,1098.38,,0.025842665147425503,0.025842665147425503,0.990888423787529
2010-06-03,1098.8199,1105.67,1091.8101,1102.83,,0.004051421183925319,0.004051421183925319,0.994902930138568
2010-06-04,1098.4301,1098.4301,1060.5,1064.88,,-0.03441146867604239,-0.03441146867604239,0.9606668591224019
2010-06-07,1065.84,1071.36,1049.86,1050.47,,-0.01353204116895812,-0.01353204116895812,0.9476670756351039
2010-06-08,1050.8101,1063.15,1042.17,1062.0,,0.010976039296695772,0.010976039296695772,0.9580687066974596
2010-06-09,1062.75,1077.74,1052.25,1055.6899,,-0.005941713747645849,-0.005941713747645849,0.952376136691686
2010-06-10,1058.77,1087.85,1058.77,1086.84,,0.029506865605136268,0.029506865605136268,0.9804777713625865
2010-06-11,1082.65,1092.25,1077.12,1091.6,,0.004379669500570449,0.004379669500570449,0.9847719399538105
2010-06-14,1095.0,1105.91,1089.03,1089.63,,-0.0018046903627700894,-0.0018046903627700894,0.9829947315242495
2010-06-15,1091.21,1115.59,1091.21,1115.23,,0.023494213632150318,0.023494213632150318,1.0060894197459584
2010-06-16,1114.02,1118.74,1107.13,1114.61,,-0.0005559391336317221,-0.0005559391336317221,1.0055300952655888
2010-06-17,1115.98,1117.72,1105.87,1116.04,,0.0012829599590888918,0.0012829599590888918,1.0068201501154734
2010-06-18,1116.16,1121.01,1113.9301,1117.51,,0.0013171570911436614,0.0013171570911436614,1.0081462904157044
2010-06-21,1122.79,1131.23,1108.24,1113.2,,-0.0038567887535680967,-0.0038567887535680967,1.0042580831408776
2010-06-22,1113.9,1118.5,1094.1801,1095.3101,,-0.016070697089471953,-0.016070697089471953,0.9881189556870669
2010-06-23,1095.5699,1099.64,1085.3101,1092.04,,-0.00298554719800348,-0.00298554719800348,0.9851688799076213
2010-06-24,1090.9301,1090.9301,1071.6,1073.6899,,-0.016803505366103755,-0.016803505366103755,0.9686145893475752
2010-06-25,1075.1,1083.5601,1067.89,1076.76,,0.0028593917107722078,0.0028593917107722078,0.9713842378752887
2010-06-28,1077.5,1082.6,1071.45,1074.5699,,-0.002033972287232122,-0.002033972287232122,0.9694084692551963
2010-06-29,1071.1,1071.1,1035.1801,1041.24,,-0.03101696781195895,-0.03101696781195895,0.9393403579676675
2010-06-30,1040.5601,1048.08,1028.33,1030.71,,-0.010112942261150115,-0.010112942261150115,0.9298408631639723
2010-07-01,1031.1,1033.58,1010.91,1027.37,,-0.0032404847144202886,-0.0032404847144202886,0.9268277280600461
2010-07-02,1027.65,1032.95,1015.93,1022.58,,-0.0046623903754244855,-0.0046623903754244855,0.9225064953810623
2010-07-06,1028.09,1042.5,1018.35,1028.0601,,0.005359091709205899,0.005359091709205899,0.9274502922921477
2010-07-07,1028.54,1060.89,1028.54,1060.27,,0.03133075585756129,0.03133075585756129,0.9565080109699768
2010-07-08,1062.92,1071.25,1058.24,1070.25,,0.00941269676591805,0.00941269676591805,0.9655113308314087
2010-07-09,1070.5,1078.16,1068.1,1077.96,,0.0072039243167485445,0.0072039243167485445,0.9724668013856813
2010-07-12,1077.23,1080.78,1070.45,1078.75,,0.000732865783517056,0.000732865783517056,0.973179489030023
2010-07-13,1080.65,1099.46,1080.65,1095.34,,0.015378910776361554,0.015378910776361554,0.9881459295612008
2010-07-14,1095.61,1099.08,1087.6801,1095.17,,-0.00015520295068183199,-0.00015520295068183199,0.9879925663972287
2010-07-15,1094.46,1098.66,1080.53,1096.48,,0.001196161326552092,0.001196161326552092,0.9891743648960739
2010-07-16,1093.85,1093.85,1063.3199,1064.88,,-0.028819495111629845,-0.028819495111629845,0.9606668591224019
2010-07-19,1066.85,1074.7,1061.11,1071.25,,0.005981894673578125,0.005981894673578125,0.9664134670900693
2010-07-20,1064.53,1083.9399,1056.88,1083.48,,0.011416569428237988,0.011416569428237988,0.9774465935334873
2010-07-21,1086.67,1088.96,1065.25,1069.59,,-0.012819802857459428,-0.012819802857459428,0.9649159209006928
2010-07-22,1072.14,1097.5,1072.14,1093.67,,0.022513299488589267,0.022513299488589267,0.986639362009238
2010-07-23,1092.17,1103.73,1087.88,1102.66,,0.008220029807894491,0.008220029807894491,0.9947495669745959
2010-07-26,1102.89,1115.01,1101.3,1115.01,,0.011200188634755914,0.011200188634755914,1.0058909497690531
2010-07-27,1117.36,1120.95,1109.78,1113.84,,-0.0010493179433368471,-0.0010493179433368471,1.0048354503464203
2010-07-28,1112.84,1114.66,1103.11,1106.13,,-0.006921999569058257,-0.006921999569058257,0.9978799797921479
2010-07-29,1108.0699,1115.9,1092.8199,1101.53,,-0.0041586431974542926,-0.0041586431974542926,0.9937301530023094
2010-07-30,1098.4399,1106.4399,1088.01,1101.6,,6.354797418128832e-05,6.354797418128832e-05,0.9937933025404156
2010-08-02,1107.53,1127.3,1107.53,1125.86,,0.02202251270878719,0.02202251270878719,1.0156791281755195
2010-08-03,1125.34,1125.4399,1116.76,1120.46,,-0.004796333469525349,-0.004796333469525349,1.010807592378753
2010-08-04,1121.0601,1128.75,1119.46,1127.24,,0.006051086161040997,0.006051086161040997,1.0169240762124712
2010-08-05,1125.78,1126.5601,1118.8101,1125.8101,,-0.0012684965047372598,-0.0012684965047372598,1.0156341115762124
2010-08-06,1122.0699,1123.0601,1107.17,1121.64,,-0.0037040882827394928,-0.0037040882827394928,1.0118721131639723
2010-08-09,1122.8,1129.24,1120.91,1127.79,,0.0054830426874932225,0.0054830426874932225,1.0174202511547343
2010-08-10,1122.92,1127.16,1111.58,1121.0601,,-0.005967334344159858,-0.005967334344159858,1.011348964347575
2010-08-11,1116.89,1116.89,1088.55,1089.47,,-0.0281787747151111,-0.0281787747151111,0.9828503897228638
2010-08-12,1081.48,1086.72,1076.6899,1083.61,,-0.00537876215040356,-0.00537876215040356,0.9775638712471131
2010-08-13,1082.22,1086.25,1079.0,1079.25,,-0.004023587822186814,-0.004023587822186814,0.9736305571593533
2010-08-16,1077.49,1082.62,1069.49,1079.38,,0.00012045401899474228,0.00012045401899474228,0.9737478348729793
2010-08-17,1081.16,1100.14,1081.16,1092.54,,0.012192184402156636,0.012192184402156636,0.9856199480369514
2010-08-18,1092.08,1099.77,1085.76,1094.16,,0.0014827832390578166,0.0014827832390578166,0.9870814087759816
2010-08-19,1092.4399,1092.4399,1070.66,1075.63,,-0.016935365942823744,-0.016935365942823744,0.9703648239030024
2010-08-20,1075.63,1075.63,1063.91,1071.6899,,-0.0036630625772803294,-0.0036630625772803294,0.9668103168302541
2010-08-23,1073.36,1081.58,1067.08,1067.36,,-0.004040254554979139,-0.004040254554979139,0.9629041570438798
2010-08-24,1063.2,1063.2,1046.6801,1051.87,,-0.01451244191275669,-0.01451244191275669,0.9489300663972285
2010-08-25,1048.98,1059.38,1039.83,1055.33,,0.003289379866333375,0.003289379866333375,0.9520514578521939
2010-08-26,1056.28,1061.45,1045.4,1047.22,,-0.007684800015161031,-0.007684800015161031,0.9447351327944573
2010-08-27,1049.27,1065.21,1039.7,1064.59,,0.016586772597925847,0.016586772597925847,0.9604052396073902
2010-08-30,1062.9,1064.4,1048.79,1048.92,,-0.014719281601367484,-0.014719281601367484,0.9462687644341802
2010-08-31,1046.88,1055.14,1040.88,1049.33,,0.0003908782366623953,0.0003908782366623953,0.9466386403002308
2010-09-01,1049.72,1081.3,1049.72,1080.29,,0.02950454099282407,0.02950454099282407,0.9745687788683602
2010-09-02,1080.66,1090.1,1080.39,1090.1,,0.009080894944875961,0.009080894944875961,0.9834187355658197
2010-09-03,1093.61,1105.1,1093.61,1104.51,,0.013218970736629698,0.013218970736629698,0.9964185190531177
2010-09-07,1102.6,1102.6,1091.15,1091.84,,-0.011471150102760563,-0.011471150102760563,0.9849884526558891
2010-09-08,1092.36,1103.26,1092.36,1098.87,,0.0064386723329425966,0.0064386723329425966,0.9913304705542724
2010-09-09,1101.15,1110.27,1101.15,1104.1801,,0.004832327754875632,0.004832327754875632,0.9961209043013857
2010-09-10,1104.5699,1110.88,1103.92,1109.55,,0.004863246493936879,0.004863246493936879,1.0009652857967666
2010-09-13,1113.38,1123.87,1113.38,1121.9,,0.011130638547158789,0.011130638547158789,1.0121066685912241
2010-09-14,1121.16,1127.36,1115.58,1121.1,,-0.0007130760317320961,-0.0007130760317320961,1.0113849595842954
2010-09-15,1119.4301,1126.46,1114.63,1125.0699,,0.003541075729194487,0.003541075729194487,1.014966350317552
2010-09-16,1123.89,1125.4399,1118.88,1124.66,,-0.00036433291833681825,-0.00036433291833681825,1.0145965646651272
2010-09-17,1126.39,1131.47,1122.4301,1125.59,,0.0008269165792327282,0.0008269165792327282,1.0154355513856812
2010-09-20,1126.5699,1144.86,1126.5699,1142.71,,0.01520980108209935,0.01520980108209935,1.0308801241339491
2010-09-21,1142.8199,1148.59,1136.22,1139.78,,-0.0025640801253161705,-0.0025640801253161705,1.0282368648960738
2010-09-22,1139.49,1144.38,1131.58,1134.28,,-0.004825492638930284,-0.004825492638930284,1.023275115473441
2010-09-23,1131.1,1136.77,1122.79,1124.83,,-0.008331276228091822,-0.008331276228091822,1.0147499278290992
2010-09-24,1131.6899,1148.9,1131.6899,1148.67,,0.021194313807419984,0.021194313807419984,1.0362568562355658
2010-09-27,1148.64,1149.92,1142.0,1142.16,,-0.005667424064352722,-0.005667424064352722,1.030383949191686
2010-09-28,1142.3101,1150.0,1132.09,1147.7,,0.004850458779855682,0.004850458779855682,1.035381784064665
2010-09-29,1146.75,1148.63,1140.26,1144.73,,-0.0025877842641806037,-0.0025877842641806037,1.0327024393764435
2010-09-30,1145.97,1157.16,1136.08,1141.2,,-0.0030836965922095283,-0.0030836965922095283,1.029517898383372
2010-10-01,1143.49,1150.3,1139.42,1146.24,,0.00441640378548902,0.00441640378548902,1.0340646651270207
2010-10-04,1144.96,1148.16,1131.87,1137.03,,-0.008034966499162466,-0.008034966499162466,1.0257559901847575
2010-10-05,1140.6801,1162.76,1140.6801,1160.75,,0.02086136689445306,0.02086136689445306,1.0471546622401848
2010-10-06,1159.8101,1162.33,1154.85,1159.97,,-0.0006719793237131011,-0.0006719793237131011,1.0464509959584296
2010-10-07,1161.5699,1163.87,1151.41,1158.0601,,-0.0016465080993475212,-0.0016465080993475212,1.0447280059180137
2010-10-08,1158.36,1167.73,1155.58,1165.15,,0.006122221117885074,0.006122221117885074,1.051124061778291
2010-10-11,1165.3199,1168.6801,1162.02,1165.3199,,0.00014581813500402774,0.00014581813500402774,1.0512773347286373
2010-10-12,1164.28,1172.58,1155.71,1169.77,,0.0038187797187707595,0.0038187797187707595,1.0552919312933025
2010-10-13,1171.3199,1184.38,1171.3199,1178.1,,0.007121057985757906,0.007121057985757906,1.0628067263279444
2010-10-14,1177.8199,1178.89,1166.71,1173.8101,,-0.003641371700195184,-0.003641371700195184,1.0589366519919168
2010-10-15,1177.47,1181.2,1167.12,1176.1899,,0.002027414826299534,0.002027414826299534,1.0610835558602771
2010-10-18,1176.83,1185.53,1174.55,1184.71,,0.0072438132651877485,0.0072438132651877485,1.0687698469976905
2010-10-19,1178.64,1178.64,1159.71,1165.9,,-0.015877303306294333,-0.015877303306294333,1.0518006639722863
2010-10-20,1166.74,1182.9399,1166.74,1178.17,,0.010524058667124025,0.010524058667124025,1.0628698758660509
2010-10-21,1179.8199,1189.4301,1171.17,1180.26,,0.0017739375472130003,0.0017739375472130003,1.0647553406466512
2010-10-22,1180.52,1183.9301,1178.99,1183.08,,0.00238930405164961,0.00238930405164961,1.0672993648960738
2010-10-25,1184.74,1196.14,1184.74,1185.62,,0.002146938499509643,0.002146938499509643,1.0695907909930715
2010-10-26,1184.88,1187.11,1177.72,1185.64,,1.6868811254955318e-05,1.6868811254955318e-05,1.0696088337182448
2010-10-27,1183.84,1183.84,1171.7,1182.45,,-0.0026905300091090156,-0.0026905300091090156,1.0667310190531178
2010-10-28,1184.47,1189.53,1177.1,1183.78,,0.0011247832889338394,0.0011247832889338394,1.0679308602771362
2010-10-29,1183.87,1185.46,1179.7,1183.26,,-0.00043927081045458394,-0.00043927081045458394,1.0674617494226328
2010-11-01,1185.71,1195.8101,1177.65,1184.38,,0.0009465375319035463,0.0009465375319035463,1.0684721420323327
2010-11-02,1187.86,1195.88,1187.86,1193.5699,,0.007759249565173265,0.007759249565173265,1.0767626840357967
2010-11-03,1193.79,1198.3,1183.5601,1197.96,,0.0036781255961633175,0.0036781255961633175,1.0807231524249423
2010-11-04,1198.34,1221.25,1198.34,1221.0601,,0.01928286420247738,0.01928286420247738,1.1015625902136257
2010-11-05,1221.2,1227.08,1220.29,1225.85,,0.003922738938075154,0.003922738938075154,1.1058837326789837
2010-11-08,1223.24,1224.5699,1217.55,1223.25,,-0.002120977281070191,-0.002120977281070191,1.1035381784064664
2010-11-09,1223.59,1226.84,1208.9399,1213.4,,-0.008052319640302397,-0.008052319640302397,1.0946521362586605
2010-11-10,1213.14,1218.75,1204.33,1218.71,,0.004376133179495589,0.004376133179495589,1.0994424797921478
2010-11-11,1213.04,1215.45,1204.49,1213.54,,-0.004242190512919408,-0.004242190512919408,1.0947784353348728
2010-11-12,1209.0699,1210.5,1194.08,1199.21,,-0.011808428234751145,-0.011808428234751145,1.081850822748268
2010-11-15,1200.4399,1207.4301,1197.15,1197.75,,-0.001217468166543001,-0.001217468166543001,1.0805337038106235
2010-11-16,1194.79,1194.79,1173.0,1178.34,,-0.016205385097057046,-0.016205385097057046,1.063023239030023
2010-11-17,1178.33,1183.5601,1175.8199,1178.59,,0.00021216287319458793,0.00021216287319458793,1.0632487730946882
2010-11-18,1183.75,1200.29,1183.75,1196.6899,,0.015357248916077815,0.015357248916077815,1.0795773491628176
2010-11-19,1196.12,1199.97,1189.4399,1199.73,,0.002540424215162096,0.002540424215162096,1.0823199336027713
2010-11-22,1198.0699,1198.9399,1184.58,1197.84,,-0.0015753544547524312,-0.0015753544547524312,1.0806148960739028
2010-11-23,1192.51,1192.51,1176.91,1180.73,,-0.014284044613637747,-0.014284044613637747,1.0651793446882216
2010-11-24,1183.7,1198.62,1183.7,1198.35,,0.014922971382111072,0.014922971382111072,1.0810749855658197
2010-11-26,1194.16,1194.16,1186.9301,1189.4,,-0.007468602661993451,-0.007468602661993451,1.0730008660508084
2010-11-29,1189.08,1190.34,1173.64,1187.76,,-0.001378846477215534,-0.001378846477215534,1.0715213625866051
2010-11-30,1182.96,1187.4,1174.14,1180.55,,-0.006070249882131118,-0.006070249882131118,1.0650169601616628
2010-12-01,1186.6,1207.61,1186.6,1206.0699,,0.021616958197450353,0.021616958197450353,1.088039387269053
2010-12-02,1206.8101,1221.89,1206.8101,1221.53,,0.012818577099055428,0.012818577099055428,1.1019865040415704
2010-12-03,1219.9301,1225.5699,1216.8199,1224.71,,0.0026032925920771444,0.0026032925920771444,1.1048552973441108
2010-12-06,1223.87,1225.8,1220.67,1223.12,,-0.0012982665284028139,-0.0012982665284028139,1.1034209006928406
2010-12-07,1227.25,1235.05,1223.25,1223.75,,0.0005150761985741603,0.0005150761985741603,1.1039892465357968
2010-12-08,1225.02,1228.9301,1219.5,1228.28,,0.0037017364657814245,0.0037017364657814245,1.1080759237875288
2010-12-09,1230.14,1234.71,1226.85,1233.0,,0.003842772006382944,0.003842772006382944,1.1123340069284064
2010-12-10,1233.85,1240.4,1232.58,1240.4,,0.0060016220600163095,0.0060016220600163095,1.1190098152424943
2010-12-13,1242.52,1246.73,1240.34,1240.46,,4.837149306680111e-05,4.837149306680111e-05,1.1190639434180139
2010-12-14,1241.84,1246.59,1238.17,1241.59,,0.0009109523886299264,0.0009109523886299264,1.1200833573903002
2010-12-15,1241.58,1244.25,1234.01,1235.23,,-0.005122463937370592,-0.005122463937370592,1.1143457707852193
2010-12-16,1236.34,1243.75,1232.85,1242.87,,0.006185082940019182,0.006185082940019182,1.1212380918013856
2010-12-17,1243.63,1245.8101,1239.87,1243.91,,0.0008367729529237256,0.0008367729529237256,1.1221763135103926
2010-12-20,1245.76,1250.2,1241.51,1247.08,,0.0025484158821778014,0.0025484158821778014,1.1250360854503463
2010-12-21,1249.4301,1255.8199,1249.4301,1254.6,,0.006030086281553659,0.006030086281553659,1.1318201501154734
2010-12-22,1254.9399,1259.39,1254.9399,1258.84,,0.0033795632073967408,0.0033795632073967408,1.135645207852194
2010-12-23,1257.53,1258.59,1254.05,1256.77,,-0.0016443710082297835,-0.0016443710082297835,1.1337777857967668
2010-12-27,1254.66,1258.4301,1251.48,1257.54,,0.0006126817158269571,0.0006126817158269571,1.1344724307159353
2010-12-28,1259.1,1259.9,1256.22,1258.51,,0.0007713472334875959,0.0007713472334875959,1.135347502886836
2010-12-29,1258.78,1262.6,1258.78,1259.78,,0.0010091298440217944,0.0010091298440217944,1.136493215935335
2010-12-30,1259.4399,1261.09,1256.3199,1257.88,,-0.0015081998444171907,-0.0015081998444171907,1.1347791570438799
2010-12-31,1256.76,1259.34,1254.1899,1257.64,,-0.00019079721436066066,-0.00019079721436066066,1.1345626443418015
2011-01-03,1257.62,1276.17,1257.62,1271.87,,0.011314843675455544,0.011314843675455544,1.1474000433025402
2011-01-04,1272.95,1274.12,1262.66,1270.2,,-0.0013130272747999827,-0.0013130272747999827,1.1458934757505774
2011-01-05,1268.78,1277.63,1265.36,1276.5601,,0.005007164226106031,0.005007164226106031,1.151631152569284
2011-01-06,1276.29,1278.17,1270.4301,1273.85,,-0.002122970943553737,-0.002122970943553737,1.149186273094688
2011-01-07,1274.41,1276.83,1261.7,1271.5,,-0.0018448011932330477,-0.0018448011932330477,1.147066252886836
2011-01-10,1270.84,1271.52,1262.1801,1269.75,,-0.001376327172630698,-0.001376327172630698,1.14548751443418
2011-01-11,1272.58,1277.25,1269.62,1274.48,,0.0037251427446347574,0.0037251427446347574,1.1497546189376444
2011-01-12,1275.65,1286.87,1275.65,1285.96,,0.009007595254535206,0.009007595254535206,1.160111143187067
2011-01-13,1285.78,1286.7,1280.47,1283.76,,-0.001710784161249257,-0.001710784161249257,1.1581264434180139
2011-01-14,1282.9,1293.24,1281.24,1293.24,,0.007384557861282559,0.007384557861282559,1.1666786951501154
2011-01-18,1293.22,1296.0601,1290.16,1295.02,,0.0013763879867618733,0.0013763879867618733,1.168284497690531
2011-01-19,1294.52,1294.6,1278.92,1281.92,,-0.010115673889206311,-0.010115673889206311,1.1564665127020786
2011-01-20,1280.85,1283.35,1271.26,1280.26,,-0.0012949326010983642,-0.0012949326010983642,1.154968966512702
2011-01-21,1283.63,1291.21,1282.0699,1283.35,,0.0024135722431379847,0.0024135722431379847,1.157756567551963
2011-01-24,1283.29,1291.9301,1282.47,1290.84,,0.0058362878404176755,0.0058362878404176755,1.1645135681293302
2011-01-25,1288.17,1291.26,1281.0699,1291.1801,,0.0002634718477891873,0.0002634718477891873,1.1648203846709007
2011-01-26,1291.97,1299.74,1291.97,1296.63,,0.004220867406491191,0.004220867406491191,1.1697369370669746
2011-01-27,1297.51,1301.29,1294.41,1299.54,,0.0022442794012169642,0.0022442794012169642,1.1723621535796767
2011-01-28,1299.63,1302.67,1275.1,1276.34,,-0.017852470874309412,-0.017852470874309412,1.1514325923787527
2011-01-31,1276.5,1287.17,1276.5,1286.12,,0.007662535061190523,0.007662535061190523,1.1602554849884525
2011-02-01,1289.14,1308.86,1289.14,1307.59,,0.016693621124000968,0.016693621124000968,1.1796243504618937
2011-02-02,1305.91,1307.61,1302.62,1304.03,,-0.0027225659419236603,-0.0027225659419236603,1.1764127453810622
2011-02-03,1302.77,1308.6,1294.83,1307.1,,0.0023542403165570658,0.0023542403165570658,1.17918230369515
2011-02-04,1307.01,1311.0,1301.67,1310.87,,0.002884247570958509,0.002884247570958509,1.1825833573903002
2011-02-07,1311.85,1322.85,1311.85,1319.05,,0.006240130600288385,0.006240130600288385,1.189962831986143
2011-02-08,1318.76,1324.87,1316.03,1324.5699,,0.00418475417914399,0.00418475417914399,1.1949425339203232
2011-02-09,1322.48,1324.54,1314.89,1320.88,,-0.0027857344485933133,-0.0027857344485933133,1.191613741339492
2011-02-10,1318.13,1322.78,1311.74,1321.87,,0.0007495003331110528,0.0007495003331110528,1.1925068562355656
2011-02-11,1318.66,1330.79,1316.08,1329.15,,0.005507349436782993,0.005507349436782993,1.1990744081986144
2011-02-14,1328.73,1332.96,1326.9,1332.3199,,0.002384907647744683,0.002384907647744683,1.2019340899249422
2011-02-15,1330.4301,1330.4301,1324.61,1328.01,,-0.003234883754269502,-0.003234883754269502,1.1980459728637414
2011-02-16,1329.51,1337.61,1329.51,1336.3199,,0.0062574077002433,0.0062574077002433,1.2055426349595841
2011-02-17,1334.37,1341.5,1331.0,1340.4301,,0.0030757605271014565,0.0030757605271014565,1.2092505954099306
2011-02-18,1340.38,1344.0699,1338.12,1343.01,,0.0019246807423975998,0.0019246807423975998,1.211578016743649
2011-02-22,1338.91,1338.91,1312.33,1315.4399,,-0.020528588767023237,-0.020528588767023237,1.1867060298787528
2011-02-23,1315.4399,1317.91,1299.55,1307.4,,-0.006111947797843076,-0.006111947797843076,1.1794529445727484
2011-02-24,1307.09,1310.91,1294.26,1306.1,,-0.0009943399112744,-0.0009943399112744,1.1782801674364896
2011-02-25,1307.34,1320.61,1307.34,1319.88,,0.010550493836612995,0.010550493836612995,1.1907116050808315
2011-02-28,1321.61,1329.38,1320.55,1327.22,,0.005561111616207537,0.005561111616207537,1.1973332852193996
2011-03-01,1328.64,1332.09,1306.14,1306.33,,-0.015739666370307992,-0.015739666370307992,1.1784876587759814
2011-03-02,1305.47,1314.1899,1302.58,1308.4399,,0.0016151355323694716,0.0016151355323694716,1.1803910760681293
2011-03-03,1312.37,1332.28,1312.37,1330.97,,0.017219056068222827,0.017219056068222827,1.2007162961893765
2011-03-04,1330.73,1331.08,1312.59,1321.15,,-0.00737807764262155,-0.00737807764262155,1.1918573181293304
2011-03-07,1322.72,1327.6801,1303.99,1310.13,,-0.008341217878363505,-0.008341217878363505,1.1819157765588915
2011-03-08,1311.05,1325.74,1306.86,1321.8199,,0.008922702327249787,0.008922702327249787,1.192461659209007
2011-03-09,1319.92,1323.21,1312.27,1320.02,,-0.0013616832368766874,-0.0013616832368766874,1.1908379041570438
2011-03-10,1315.72,1315.72,1294.21,1295.11,,-0.018870926198087945,-0.018870926198087945,1.1683656899538104
2011-03-11,1293.4301,1308.35,1291.99,1304.28,,0.007080479650377169,0.007080479650377169,1.1766382794457275
2011-03-14,1301.1899,1301.1899,1286.37,1296.39,,-0.0060493145643572,-0.0060493145643572,1.1695204243648962
2011-03-15,1288.46,1288.46,1261.12,1281.87,,-0.011200333233055026,-0.011200333233055026,1.1564214058891453
2011-03-16,1279.46,1280.91,1249.05,1256.88,,-0.01949495658686118,-0.01949495658686118,1.1338770207852196
2011-03-17,1261.61,1278.88,1261.61,1273.72,,0.01339825599898159,0.01339825599898159,1.1490689953810624
2011-03-18,1276.71,1288.88,1276.1801,1279.21,,0.004310209465188564,0.004310209465188564,1.1540217234411085
2011-03-21,1281.65,1300.58,1281.65,1298.38,,0.01498581155556944,0.01498581155556944,1.1713156755196306
2011-03-22,1298.29,1299.35,1292.7,1293.77,,-0.00355057841309947,-0.00355057841309947,1.1671568273672055
2011-03-23,1292.1899,1300.51,1284.05,1297.54,,0.002913964615039788,0.002913964615039788,1.1705578810623556
2011-03-24,1300.61,1311.34,1297.74,1309.66,,0.009340752500886396,0.009340752500886396,1.181491772517321
2011-03-25,1311.8,1319.1801,1310.15,1313.8,,0.0031611257883723543,0.0031611257883723543,1.1852266166281755
2011-03-28,1315.45,1319.74,1310.1899,1310.1899,,-0.002747830720048583,-0.002747830720048583,1.1819698145207853
2011-03-29,1309.37,1319.45,1305.26,1319.4399,,0.007060045265194104,0.007060045265194104,1.190314574913395
2011-03-30,1321.89,1331.74,1321.89,1328.26,,0.006684730392039873,0.006684730392039873,1.1982715069284064
2011-03-31,1327.4399,1329.77,1325.03,1325.83,,-0.0018294610994835647,-0.0018294610994835647,1.1960793158198613
2011-04-01,1329.48,1337.85,1328.89,1332.41,,0.0049629288822852224,0.0049629288822852224,1.2020153724018476
2011-04-04,1333.5601,1336.74,1329.1,1332.87,,0.00034523907806138787,0.00034523907806138787,1.2024303550808313
2011-04-05,1332.03,1338.21,1330.03,1332.63,,-0.00018006257174352225,-0.00018006257174352225,1.202213842378753
2011-04-06,1335.9399,1339.38,1331.09,1335.54,,0.0021836518763647117,0.0021836518763647117,1.2048390588914548
2011-04-07,1334.8199,1338.8,1326.5601,1333.51,,-0.0015199844257752781,-0.0015199844257752781,1.2030077222863742
2011-04-08,1336.16,1339.46,1322.9399,1328.17,,-0.004004469407803413,-0.004004469407803413,1.1981903146651272
2011-04-11,1329.01,1333.77,1321.0601,1324.46,,-0.00279331712054931,-0.00279331712054931,1.1948433891454966
2011-04-12,1321.96,1321.96,1309.51,1314.16,,-0.007776754299865574,-0.007776754299865574,1.1855513856812934
2011-04-13,1314.03,1321.35,1309.1899,1314.41,,0.00019023558775188576,0.00019023558775188576,1.1857769197459584
2011-04-14,1311.13,1316.79,1302.42,1314.52,,8.368773822464703e-05,8.368773822464703e-05,1.185876154734411
2011-04-15,1314.54,1322.88,1313.6801,1319.6801,,0.003925463286979403,0.003925463286979403,1.1905312680427251
2011-04-18,1313.35,1313.35,1294.7,1305.14,,-0.011017897443478919,-0.011017897443478919,1.1774141166281755
2011-04-19,1305.99,1312.7,1303.97,1312.62,,0.005731185926413973,0.005731185926413973,1.184162095842956
2011-04-20,1319.12,1332.66,1319.12,1330.36,,0.013514954823178105,0.013514954823178105,1.2001659930715933
2011-04-21,1333.23,1337.49,1332.83,1337.38,,0.005276767190835807,0.005276767190835807,1.2064989896073903
2011-04-25,1337.14,1337.55,1331.47,1335.25,,-0.001592666257907327,-0.001592666257907327,1.2045774393764435
2011-04-26,1336.75,1349.55,1336.75,1347.24,,0.008979591836734802,0.008979591836734802,1.215394053117783
2011-04-27,1348.4301,1357.49,1344.25,1355.66,,0.006249814435438372,0.006249814435438372,1.2229900404157044
2011-04-28,1353.86,1361.71,1353.6,1360.48,,0.003555463759349564,0.003555463759349564,1.227338337182448
2011-04-29,1360.14,1364.5601,1358.6899,1363.61,,0.002300658591085414,0.002300658591085414,1.2301620236720554
2011-05-02,1365.21,1370.58,1358.59,1361.22,,-0.001752700552210551,-0.001752700552210551,1.2280059180138567
2011-05-03,1359.76,1360.84,1349.52,1356.62,,-0.0033793214910154967,-0.0033793214910154967,1.2238560912240184
2011-05-04,1355.9,1355.9,1341.5,1347.3199,,-0.006855346375550964,-0.006855346375550964,1.2154661338048498
2011-05-05,1344.16,1348.0,1329.17,1335.1,,-0.009069783649747976,-0.009069783649747976,1.2044421189376442
2011-05-06,1340.24,1354.36,1335.58,1340.2,,0.003819938581379745,0.003819938581379745,1.209043013856813
2011-05-09,1340.2,1349.4399,1338.64,1346.29,,0.00454409789583643,0.00454409789583643,1.2145370236720554
2011-05-10,1348.34,1359.4399,1348.34,1357.16,,0.008074040511331315,0.008074040511331315,1.2243432448036953
2011-05-11,1354.51,1354.51,1336.36,1342.08,,-0.01111143859235475,-0.01111143859235475,1.2107390300230947
2011-05-12,1339.39,1351.05,1332.03,1348.65,,0.004895386266094537,0.004895386266094537,1.2166660652424943
2011-05-13,1348.6899,1350.47,1333.36,1337.77,,-0.008067326585845191,-0.008067326585845191,1.206850822748268
2011-05-16,1334.77,1343.33,1327.3199,1329.47,,-0.006204355008708529,-0.006204355008708529,1.1993630918013858
2011-05-17,1326.1,1330.42,1318.51,1328.98,,-0.0003685679255642782,-0.0003685679255642782,1.198921045034642
2011-05-18,1328.54,1341.8199,1326.59,1340.6801,,0.008803819470571517,0.008803819470571517,1.209476129474596
2011-05-19,1342.4,1346.8199,1336.36,1343.6,,0.0021779244728103997,0.0021779244728103997,1.2121102771362586
2011-05-20,1342.0,1342.0,1330.67,1333.27,,-0.0076883000893122055,-0.0076883000893122055,1.2027912095842956
2011-05-23,1333.0699,1333.0699,1312.88,1317.37,,-0.011925566464407122,-0.011925566464407122,1.1884472430715933
2011-05-24,1317.7,1323.72,1313.87,1316.28,,-0.0008274061197688365,-0.0008274061197688365,1.1874639145496535
2011-05-25,1316.36,1325.86,1311.8,1320.47,,0.0031832132980824657,0.0031832132980824657,1.1912438654734412
2011-05-26,1320.64,1328.51,1314.41,1325.6899,,0.00395306216725877,0.00395306216725877,1.195952926530023
2011-05-27,1325.6899,1334.62,1325.6899,1331.1,,0.0040809694635222105,0.0040809694635222105,1.2008335739030023
2011-05-31,1331.1,1345.2,1331.1,1345.2,,0.010592742844264258,0.010592742844264258,1.2135536951501156
2011-06-01,1345.2,1345.2,1313.71,1314.55,,-0.022784716027356544,-0.022784716027356544,1.1859032188221708
2011-06-02,1314.55,1318.03,1305.61,1312.9399,,-0.0012248297896617633,-0.0012248297896617633,1.1844506892321016
2011-06-03,1312.9399,1312.9399,1297.9,1300.16,,-0.009733804266288226,-0.009733804266288226,1.1729214780600463
2011-06-06,1300.26,1300.26,1284.72,1286.17,,-0.010760214127492063,-0.010760214127492063,1.1603005918013858
2011-06-07,1286.3101,1296.22,1284.74,1284.9399,,-0.0009564054518453879,-0.0009564054518453879,1.1591908739896075
2011-06-08,1284.63,1287.04,1277.42,1279.5601,,-0.0041868106049163245,-0.0041868106049163245,1.1543375613452656
2011-06-09,1279.63,1294.54,1279.63,1289.0,,0.007377457299582835,0.007377457299582835,1.1628536374133949
2011-06-10,1288.6,1288.6,1268.28,1270.98,,-0.013979829325058146,-0.013979829325058146,1.1465971420323327
2011-06-13,1271.3101,1277.04,1265.64,1271.83,,0.0006687752757714716,0.0006687752757714716,1.147363957852194
2011-06-14,1272.22,1292.5,1272.22,1287.87,,0.01261174842549706,0.01261174842549706,1.1618342234411085
2011-06-15,1287.87,1287.87,1261.9,1265.42,,-0.017431883652852975,-0.017431883652852975,1.1415812644341803
2011-06-16,1265.53,1274.11,1258.0699,1267.64,,0.0017543582367909316,0.0017543582367909316,1.1435840069284064
2011-06-17,1268.58,1279.8199,1267.4,1271.5,,0.003045028557003393,0.003045028557003393,1.147066252886836
2011-06-20,1271.5,1280.42,1267.5601,1278.36,,0.0053952025167125495,0.0053952025167125495,1.153254907621247
2011-06-21,1278.4,1297.62,1278.4,1295.52,,0.013423448793767001,0.013423448793767001,1.1687355658198615
2011-06-22,1295.48,1298.61,1286.79,1287.14,,-0.006468445103124498,-0.006468445103124498,1.1611756639722866
2011-06-23,1286.6,1286.6,1262.87,1283.5,,-0.0028279752008328884,-0.0028279752008328884,1.157891887990762
2011-06-24,1283.04,1283.9301,1267.24,1268.45,,-0.011725749902609994,-0.011725749902609994,1.1443147372979214
2011-06-27,1268.4399,1284.91,1267.53,1280.1,,0.00918443769955446,0.00918443769955446,1.1548246247113163
2011-06-28,1280.21,1296.8,1280.21,1296.67,,0.012944301226466726,0.012944301226466726,1.169773022517321
2011-06-29,1296.85,1309.21,1296.85,1307.41,,0.008282755057184898,0.008282755057184898,1.179461965935335
2011-06-30,1307.64,1321.97,1307.64,1320.64,,0.010119243389602461,0.010119243389602461,1.1913972286374135
2011-07-01,1320.64,1341.01,1318.1801,1339.67,,0.014409680155076376,0.014409680155076376,1.208564881639723
2011-07-05,1339.59,1340.89,1334.3,1337.88,,-0.001336149947375076,-0.001336149947375076,1.2069500577367207
2011-07-06,1337.5601,1340.9399,1330.92,1339.22,,0.001001584596525884,0.001001584596525884,1.2081589203233256
2011-07-07,1339.62,1356.48,1339.62,1353.22,,0.010453846268723588,0.010453846268723588,1.2207888279445727
2011-07-08,1352.39,1352.39,1333.71,1343.8,,-0.006961174088470523,-0.006961174088470523,1.2122907043879907
2011-07-11,1343.3101,1343.3101,1316.42,1319.49,,-0.01809048965619875,-0.01809048965619875,1.190359771939954
2011-07-12,1319.61,1327.17,1313.33,1313.64,,-0.0044335311370301556,-0.0044335311370301556,1.18508227482679
2011-07-13,1314.45,1331.48,1314.45,1317.72,,0.0031058737553666393,0.0031058737553666393,1.1887629907621247
2011-07-14,1317.74,1326.88,1306.51,1308.87,,-0.00671614607048554,-0.00671614607048554,1.1807790848729791
2011-07-15,1308.87,1317.7,1307.52,1316.14,,0.005554409528830462,0.005554409528830462,1.1873376154734412
2011-07-18,1315.9399,1315.9399,1295.92,1305.4399,,-0.008129910191924883,-0.008129910191924883,1.177684667292148
2011-07-19,1307.0699,1328.14,1307.0699,1326.73,,0.0163087553858281,0.0163087553858281,1.196891238452656
2011-07-20,1328.66,1330.4301,1323.65,1325.84,,-0.0006708222471791814,-0.0006708222471791814,1.196088337182448
2011-07-21,1325.65,1347.0,1325.65,1343.8,,0.013546129246364558,0.013546129246364558,1.2122907043879907
2011-07-22,1343.8,1346.1,1336.95,1345.02,,0.0009078731954159647,0.0009078731954159647,1.2133913106235565
2011-07-25,1344.3199,1344.3199,1331.09,1337.4301,,-0.005642964416885943,-0.005642964416885943,1.2065441866339492
2011-07-26,1337.39,1338.51,1329.59,1331.9399,,-0.004105036966044029,-0.004105036966044029,1.2015912781466513
2011-07-27,1331.91,1331.91,1303.49,1304.89,,-0.020308649061417827,-0.020308649061417827,1.1771885825635104
2011-07-28,1304.84,1316.3199,1299.16,1300.67,,-0.0032339890718757758,-0.0032339890718757758,1.173381567551963
2011-07-29,1300.12,1304.16,1282.86,1292.28,,-0.006450521654224439,-0.006450521654224439,1.1658126443418013
2011-08-01,1292.59,1307.38,1274.73,1286.9399,,-0.0041323087875692055,-0.0041323087875692055,1.1609951465069284
2011-08-02,1286.5601,1286.5601,1254.03,1254.05,,-0.025556671294440503,-0.025556671294440503,1.13132397517321
2011-08-03,1254.25,1261.2,1234.5601,1260.34,,0.0050157489733264615,0.0050157489733264615,1.1369984122401846
2011-08-04,1260.23,1260.23,1199.54,1200.0699,,-0.047820508751606705,-0.047820508751606705,1.08262656971709
2011-08-05,1200.28,1218.11,1168.09,1199.38,,-0.0005748831797213194,-0.0005748831797213194,1.0820041859122402
2011-08-08,1198.48,1198.48,1119.28,1119.46,,-0.06663442778769035,-0.06663442778769035,1.0099054561200924
2011-08-09,1120.23,1172.88,1101.54,1172.53,,0.047406785414396246,0.047406785414396246,1.0577818273672055
2011-08-10,1171.77,1171.77,1118.01,1120.76,,-0.044152388425029665,-0.044152388425029665,1.011078233256351
2011-08-11,1121.3,1186.29,1121.3,1172.64,,0.046290017488133106,0.046290017488133106,1.0578810623556583
2011-08-12,1172.87,1189.04,1170.74,1178.8101,,0.005261717151043621,0.005261717151043621,1.0634473332852192
2011-08-15,1178.86,1204.49,1178.86,1204.49,,0.02178459448218173,0.02178459448218173,1.0866141021939955
2011-08-16,1204.22,1204.22,1180.53,1192.76,,-0.009738561548871316,-0.009738561548871316,1.0760320438799076
2011-08-17,1192.89,1208.47,1184.36,1193.89,,0.000947382541332864,0.000947382541332864,1.0770514578521941
2011-08-18,1189.62,1189.62,1131.03,1140.65,,-0.04459372303981102,-0.04459372303981102,1.0290217234411085
2011-08-19,1140.47,1154.54,1122.05,1123.53,,-0.015008986104414257,-0.015008986104414257,1.0135771506928406
2011-08-22,1123.55,1145.49,1121.09,1123.8199,,0.00025802604291835785,0.00025802604291835785,1.0138386799942263
2011-08-23,1124.36,1162.35,1124.36,1162.35,,0.03428494191996423,0.03428494191996423,1.0485980802540416
2011-08-24,1162.16,1178.5601,1156.3,1177.6,,0.013119972469565866,0.013119972469565866,1.0623556581986142
2011-08-25,1176.6899,1190.6801,1155.47,1159.27,,-0.01556555706521734,-0.01556555706521734,1.0458195005773672
2011-08-26,1158.85,1181.23,1135.91,1176.8,,0.015121585135473126,0.015121585135473126,1.0616339491916857
2011-08-29,1177.91,1210.28,1177.91,1210.08,,0.028280081577158445,0.028280081577158445,1.0916570438799076
2011-08-30,1209.76,1220.1,1195.77,1212.92,,0.0023469522676187182,0.0023469522676187182,1.0942191108545034
2011-08-31,1213.0,1230.71,1209.35,1218.89,,0.004922006397783951,0.004922006397783951,1.0996048643187069
2011-09-01,1219.12,1229.29,1203.85,1204.42,,-0.0118714568172682,-0.0118714568172682,1.0865509526558892
2011-09-02,1203.9,1203.9,1170.5601,1173.97,,-0.025281878414506576,-0.025281878414506576,1.0590809035796767
2011-09-06,1173.97,1173.97,1140.13,1165.24,,-0.007436305868122717,-0.007436305868122717,1.0512052540415704
2011-09-07,1165.85,1198.62,1165.85,1198.62,,0.028646459098554677,0.028646459098554677,1.081318562355658
2011-09-08,1197.98,1204.4,1183.34,1185.9,,-0.010612204034639694,-0.010612204034639694,1.0698433891454966
2011-09-09,1185.37,1185.37,1148.37,1154.23,,-0.026705455771987574,-0.026705455771987574,1.0412727338337182
2011-09-12,1153.5,1162.52,1136.0699,1162.27,,0.006965682749538571,0.006965682749538571,1.0485259093533488
2011-09-13,1162.59,1176.41,1157.4399,1172.87,,0.009120083973603199,0.009120083973603199,1.05808855369515
2011-09-14,1173.3199,1202.38,1162.73,1188.6801,,0.013479840050474534,0.013479840050474534,1.0723514181581986
2011-09-15,1189.4399,1209.11,1189.4399,1209.11,,0.017187046371853754,0.017187046371853754,1.0907819717090068
2011-09-16,1209.21,1220.0601,1204.46,1216.01,,0.005706676811869871,0.005706676811869871,1.0970067118937643
2011-09-19,1214.99,1214.99,1188.36,1204.09,,-0.009802550965863799,-0.009802550965863799,1.086253247690531
2011-09-20,1204.5,1220.39,1201.29,1202.09,,-0.0016610054065725466,-0.0016610054065725466,1.08444897517321
2011-09-21,1203.63,1206.3,1166.21,1166.76,,-0.029390478250380547,-0.029390478250380547,1.0525765011547343
2011-09-22,1164.55,1164.55,1114.22,1129.5601,,-0.031883077925194625,-0.031883077925194625,1.0190171225461893
2011-09-23,1128.8199,1141.72,1121.36,1136.4301,,0.006082013697190636,0.006082013697190636,1.025214798643187
2011-09-26,1136.91,1164.1899,1131.0699,1162.95,,0.02333614711542742,0.02333614711542742,1.049139362009238
2011-09-27,1163.3199,1195.86,1163.3199,1175.38,,0.010688335698009421,0.010688335698009421,1.060352915704388
2011-09-28,1175.39,1184.71,1150.4,1151.0601,,-0.020691095645663737,-0.020691095645663737,1.0384130521073902
2011-09-29,1151.74,1175.87,1139.9301,1160.4,,0.008114172318196111,0.008114172318196111,1.0468389145496537
2011-09-30,1159.9301,1159.9301,1131.34,1131.42,,-0.024974146845915257,-0.024974146845915257,1.0206950057736721
2011-10-03,1131.21,1138.99,1098.92,1099.23,,-0.028450973113432698,-0.028450973113432698,0.9916552396073903
2011-10-04,1097.42,1125.12,1074.77,1123.95,,0.022488469201168204,0.022488469201168204,1.013956047921478
2011-10-05,1124.03,1146.0699,1115.6801,1144.03,,0.017865563414742658,0.017865563414742658,1.032070943995381
2011-10-06,1144.11,1165.55,1134.95,1164.97,,0.018303715811648358,0.018303715811648358,1.050961677251732
2011-10-07,1165.03,1171.4,1150.26,1155.46,,-0.008163300342498125,-0.008163300342498125,1.0423823614318708
2011-10-10,1158.15,1194.91,1158.15,1194.89,,0.03412493725442678,0.03412493725442678,1.0779535941108547
2011-10-11,1194.6,1199.24,1187.3,1195.54,,0.0005439831281539576,0.0005439831281539576,1.0785399826789839
2011-10-12,1196.1899,1220.25,1196.1899,1207.25,,0.00979473710624501,0.00979473710624501,1.0891039982678983
2011-10-13,1206.96,1207.46,1190.58,1203.66,,-0.002973700559121939,-0.002973700559121939,1.0858653290993072
2011-10-14,1205.65,1224.61,1205.65,1224.58,,0.017380323347124582,0.017380323347124582,1.104738019630485
2011-10-17,1224.47,1224.47,1198.55,1200.86,,-0.019369906416893956,-0.019369906416893956,1.0833393475750577
2011-10-18,1200.75,1233.1,1191.48,1225.38,,0.020418699931715745,0.020418699931715745,1.1054597286374135
2011-10-19,1223.46,1229.64,1206.3101,1209.88,,-0.01264913741043594,-0.01264913741043594,1.0914766166281755
2011-10-20,1209.92,1219.53,1197.34,1215.39,,0.004554170661553281,0.004554170661553281,1.096447387413395
2011-10-21,1215.39,1239.03,1215.39,1238.25,,0.01880877742946696,0.01880877742946696,1.1170702222863742
2011-10-24,1238.72,1256.55,1238.72,1254.1899,,0.012872925499697319,0.012872925499697319,1.131450184035797
2011-10-25,1254.1899,1254.1899,1226.79,1229.05,,-0.020044731663044102,-0.020044731663044102,1.1087705687066973
2011-10-26,1229.17,1246.28,1221.0601,1242.0,,0.010536593303771324,0.010536593303771324,1.120453233256351
2011-10-27,1243.97,1292.66,1243.97,1284.59,,0.03429146537842187,0.03429146537842187,1.158875216512702
2011-10-28,1284.39,1287.08,1277.01,1285.09,,0.0003892292482425841,0.0003892292482425841,1.1593262846420322
2011-10-31,1284.96,1284.96,1253.16,1253.3,,-0.024737567018652373,-0.024737567018652373,1.1306473729792148
2011-11-01,1251.0,1251.0,1215.42,1218.28,,-0.027942232506183662,-0.027942232506183662,1.0990545612009237
2011-11-02,1219.62,1242.48,1219.62,1237.9,,0.0161046721607514,0.0161046721607514,1.116754474595843
2011-11-03,1238.25,1263.21,1234.8101,1261.15,,0.018781807900476677,0.018781807900476677,1.1377291426096998
2011-11-04,1260.8199,1260.8199,1238.92,1253.23,,-0.0062799825556040245,-0.0062799825556040245,1.1305842234411085
2011-11-07,1253.21,1261.7,1240.75,1261.12,,0.006295731828953821,0.006295731828953821,1.1377020785219398
2011-11-08,1261.12,1277.55,1254.99,1275.92,,0.011735600101497212,0.011735600101497212,1.1510536951501156
2011-11-09,1275.1801,1275.1801,1226.64,1229.1,,-0.036695090601291724,-0.036695090601291724,1.1088156755196303
2011-11-10,1229.59,1246.22,1227.7,1239.7,,0.008624196566593634,0.008624196566593634,1.1183783198614319
2011-11-11,1240.12,1266.98,1240.12,1263.85,,0.01948051948051943,0.01948051948051943,1.140164910508083
2011-11-14,1263.85,1263.85,1246.6801,1251.78,,-0.009550183961704262,-0.009550183961704262,1.1292761258660509
2011-11-15,1251.7,1264.25,1244.34,1257.8101,,0.004817220278323653,0.004817220278323653,1.1347160977193995
2011-11-16,1257.8101,1259.61,1235.67,1236.91,,-0.016616260276491546,-0.016616260276491546,1.115861359699769
2011-11-17,1236.5601,1237.73,1209.4301,1216.13,,-0.01679992885496917,-0.01679992885496917,1.0971149682448038
2011-11-18,1216.1899,1223.51,1211.36,1215.65,,-0.0003946946461316214,-0.0003946946461316214,1.0966819428406467
2011-11-21,1215.62,1215.62,1183.16,1192.98,,-0.018648459671780637,-0.018648459671780637,1.076230513856813
2011-11-22,1192.98,1196.8101,1181.65,1188.04,,-0.004140890878304826,-0.004140890878304826,1.07177396073903
2011-11-23,1187.48,1187.48,1161.79,1161.79,,-0.022095215649304722,-0.022095215649304722,1.0480928839491916
2011-11-25,1161.41,1172.66,1158.66,1158.67,,-0.0026855111508963248,-0.0026855111508963248,1.045278218822171
2011-11-28,1158.67,1197.35,1158.67,1192.55,,0.029240422208221428,0.029240422208221428,1.0758425952655888
2011-11-29,1192.5601,1203.67,1191.8,1195.1899,,0.002213659804620516,0.002213659804620516,1.0782241447748269
2011-11-30,1196.72,1247.11,1196.72,1246.96,,0.043315376075383494,0.043315376075383494,1.1249278290993072
2011-12-01,1246.91,1251.09,1239.73,1244.58,,-0.0019086418168987596,-0.0019086418168987596,1.122780744803695
2011-12-02,1246.03,1260.08,1243.35,1244.28,,-0.00024104517186518404,-0.00024104517186518404,1.122510103926097
2011-12-05,1244.33,1266.73,1244.33,1257.08,,0.01028707364901793,0.01028707364901793,1.1340574480369514
2011-12-06,1257.1899,1266.03,1253.03,1258.47,,0.0011057371050371412,0.0011057371050371412,1.1353114174364896
2011-12-07,1258.14,1267.0601,1244.8,1261.01,,0.0020183238376758617,0.0020183238376758617,1.1376028435334873
2011-12-08,1260.87,1260.87,1231.47,1234.35,,-0.021141783173805218,-0.021141783173805218,1.113551890877598
2011-12-09,1234.48,1258.25,1234.48,1255.1899,,0.016883298902256483,0.016883298902256483,1.1323523202944574
2011-12-12,1255.05,1255.05,1227.25,1236.47,,-0.014913998272293338,-0.014913998272293338,1.1154644197459584
2011-12-13,1236.83,1249.86,1219.4301,1225.73,,-0.00868601745291031,-0.00868601745291031,1.1057754763279446
2011-12-14,1225.73,1225.73,1209.47,1211.8199,,-0.011348420940990311,-0.011348420940990311,1.093226670756351
2011-12-15,1212.12,1225.6,1212.12,1215.75,,0.0032431386875229062,0.0032431386875229062,1.0967721564665127
2011-12-16,1216.09,1231.04,1215.2,1219.66,,0.0032161217355541893,0.0032161217355541893,1.1002995092378753
2011-12-19,1219.74,1224.5699,1202.37,1205.35,,-0.011732777987308096,-0.011732777987308096,1.0873899393764432
2011-12-20,1205.72,1242.8199,1205.72,1241.3,,0.029825361928070615,0.029825361928070615,1.1198217378752886
2011-12-21,1241.25,1245.09,1229.51,1243.72,,0.001949569000241791,0.001949569000241791,1.122004907621247
2011-12-22,1243.72,1255.22,1243.72,1254.0,,0.008265526002637191,0.008265526002637191,1.131278868360277
2011-12-23,1254.0,1265.42,1254.0,1265.33,,0.009035087719298174,0.009035087719298174,1.1415000721709005
2011-12-27,1265.02,1269.37,1262.3,1265.4301,,7.910979744418789e-05,7.910979744418789e-05,1.1415903760103927
2011-12-28,1265.38,1265.85,1248.64,1249.64,,-0.012478049953134507,-0.012478049953134507,1.1273455542725175
2011-12-29,1249.75,1263.54,1249.75,1263.02,,0.01070708364008821,0.01070708364008821,1.1394161374133949
2011-12-30,1262.8199,1264.12,1257.46,1257.6,,-0.0042913018004465675,-0.0042913018004465675,1.1345265588914548
2012-01-03,1258.86,1284.62,1258.86,1277.0601,,0.015473998091602992,0.015473998091602992,1.1520822206986143
2012-01-04,1277.03,1278.73,1268.1,1277.3,,0.00018785333595494613,0.00018785333595494613,1.152298643187067
2012-01-05,1277.3,1283.05,1265.26,1281.0601,,0.0029437876771314375,0.0029437876771314375,1.1556907657332562
2012-01-06,1280.9301,1281.84,1273.34,1277.8101,,-0.0025369613806565106,-0.0025369613806565106,1.1527588228926096
2012-01-09,1277.83,1281.99,1274.55,1280.7,,0.0022616036608258394,0.0022616036608258394,1.1553659064665127
2012-01-10,1280.77,1296.46,1280.77,1292.08,,0.008885765596938988,0.008885765596938988,1.1656322170900693
2012-01-11,1292.02,1293.8,1285.41,1292.48,,0.00030957835428147007,0.00030957835428147007,1.1659930715935334
2012-01-12,1292.48,1296.8199,1285.77,1295.5,,0.0023365932161425462,0.0023365932161425462,1.1687175230946882
2012-01-13,1294.8199,1294.8199,1277.58,1289.09,,-0.0049478965650329165,-0.0049478965650329165,1.1629348296766742
2012-01-17,1290.22,1303.0,1290.22,1293.67,,0.003552893901899834,0.003552893901899834,1.1670666137413395
2012-01-18,1293.65,1308.11,1290.99,1308.04,,0.011107933244181245,0.011107933244181245,1.1800303117782909
2012-01-19,1308.0699,1315.49,1308.0699,1314.5,,0.004938686890309185,0.004938686890309185,1.185858112009238
2012-01-20,1314.49,1315.38,1309.17,1315.38,,0.000669456066945795,0.000669456066945795,1.1866519919168592
2012-01-23,1315.29,1322.28,1309.89,1316.0,,0.00047134668308768113,0.00047134668308768113,1.1872113163972287
2012-01-24,1315.96,1315.96,1306.0601,1314.65,,-0.001025835866261371,-0.001025835866261371,1.185993432448037
2012-01-25,1314.4,1328.3,1307.65,1326.0601,,0.008679192180428119,0.008679192180428119,1.1962868973729792
2012-01-26,1326.28,1333.47,1313.6,1318.4301,,-0.0057538870221642835,-0.0057538870221642835,1.1894035977193995
2012-01-27,1318.25,1320.0601,1311.72,1316.33,,-0.0015928792887844878,-0.0015928792887844878,1.1875090213625865
2012-01-30,1316.16,1316.16,1300.49,1313.01,,-0.0025221638950718717,-0.0025221638950718717,1.1845139289838338
2012-01-31,1313.53,1321.41,1306.6899,1312.41,,-0.0004569652934859336,-0.0004569652934859336,1.1839726472286374
2012-02-01,1312.45,1330.52,1312.45,1324.09,,0.008899657881302314,0.008899657881302314,1.194509598729792
2012-02-02,1324.24,1329.1899,1321.5699,1325.54,,0.001095091723372299,0.001095091723372299,1.19581769630485
2012-02-03,1326.21,1345.34,1326.21,1344.9,,0.014605368378170613,0.014605368378170613,1.2132830542725175
2012-02-06,1344.3199,1344.36,1337.52,1344.33,,-0.0004238233325899454,-0.0004238233325899454,1.2127688366050808
2012-02-07,1344.33,1349.24,1335.92,1347.05,,0.0020233127282736074,0.0020233127282736074,1.2152226472286374
2012-02-08,1347.04,1351.0,1341.95,1349.96,,0.0021602761590142627,0.0021602761590142627,1.2178478637413395
2012-02-09,1349.97,1354.3199,1344.63,1351.95,,0.001474117751637083,0.001474117751637083,1.219643114896074
2012-02-10,1351.21,1351.21,1337.35,1342.64,,-0.006886349347239085,-0.006886349347239085,1.2112442263279446
2012-02-13,1343.0601,1353.35,1343.0601,1351.77,,0.006800035750461619,0.006800035750461619,1.219480730369515
2012-02-14,1351.3,1351.3,1340.83,1350.5,,-0.0009395089401302847,-0.0009395089401302847,1.2183350173210161
2012-02-15,1350.52,1355.87,1340.8,1343.23,,-0.005383191410588628,-0.005383191410588628,1.2117764867205543
2012-02-16,1342.61,1359.02,1341.22,1358.04,,0.011025662023629534,0.011025662023629534,1.2251371247113163
2012-02-17,1358.0601,1363.4,1357.24,1361.23,,0.002348973520662101,0.002348973520662101,1.2280149393764435
2012-02-21,1361.22,1367.76,1358.11,1362.21,,0.0007199371156969558,0.0007199371156969558,1.2288990329099307
2012-02-22,1362.11,1362.7,1355.53,1357.66,,-0.003340160474523013,-0.003340160474523013,1.2247943129330254
2012-02-23,1357.53,1364.24,1352.28,1363.46,,0.004272056332218721,0.004272056332218721,1.2300267032332564
2012-02-24,1363.46,1368.92,1363.46,1365.74,,0.0016722162733047163,0.0016722162733047163,1.2320835739030023
2012-02-27,1365.2,1371.9399,1354.92,1367.59,,0.0013545770058722706,0.0013545770058722706,1.233752525981524
2012-02-28,1367.5601,1373.09,1365.97,1372.1801,,0.003356342178576943,0.003356342178576943,1.2378934216224018
2012-02-29,1372.2,1378.04,1363.8101,1365.6801,,-0.004736987513519586,-0.004736987513519586,1.2320295359411086
2012-03-01,1365.9,1376.17,1365.9,1374.09,,0.006158030713049101,0.006158030713049101,1.2396164116628174
2012-03-02,1374.09,1374.53,1366.42,1369.63,,-0.0032457844828212012,-0.0032457844828212012,1.2355928839491919
2012-03-05,1369.59,1369.59,1359.13,1364.33,,-0.0038696582288648695,-0.0038696582288648695,1.2308115617782909
2012-03-06,1363.63,1363.63,1340.03,1343.36,,-0.015370181700908203,-0.015370181700908203,1.21189376443418
2012-03-07,1343.39,1354.85,1343.39,1352.63,,0.006900607432110739,0.006900607432110739,1.2202565675519632
2012-03-08,1352.65,1368.72,1352.65,1365.91,,0.009817910293280496,0.009817910293280496,1.2322369370669746
2012-03-09,1365.97,1374.76,1365.97,1370.87,,0.0036312787811787484,0.0036312787811787484,1.2367115329099305
2012-03-12,1370.78,1373.04,1366.6899,1371.09,,0.00016048202966012504,0.00016048202966012504,1.2369100028868358
2012-03-13,1371.92,1396.13,1371.92,1395.95,,0.01813155956210033,0.01813155956210033,1.2593371102771362
2012-03-14,1395.95,1399.42,1389.97,1394.28,,-0.0011963179196963214,-0.0011963179196963214,1.2578305427251733
2012-03-15,1394.17,1402.63,1392.78,1402.6,,0.005967237570645656,0.005967237570645656,1.2653363163972284
2012-03-16,1402.55,1405.88,1401.47,1404.17,,0.0011193497789820928,0.0011193497789820928,1.2667526703233256
2012-03-19,1404.17,1414.0,1402.4301,1409.75,,0.003973877806818127,0.003973877806818127,1.2717865906466512
2012-03-20,1409.59,1409.59,1397.6801,1405.52,,-0.003000532009221457,-0.003000532009221457,1.2679705542725173
2012-03-21,1405.52,1407.75,1400.64,1402.89,,-0.0018711935796003054,-0.0018711935796003054,1.2655979359122402
2012-03-22,1402.89,1402.89,1388.73,1392.78,,-0.007206552188696258,-0.007206552188696258,1.2564773383371823
2012-03-23,1392.78,1399.1801,1386.87,1397.11,,0.003108890133402209,0.003108890133402209,1.2603835883371823
2012-03-26,1397.11,1416.58,1397.11,1416.51,,0.013885807130433525,0.013885807130433525,1.2778850317551962
2012-03-27,1416.55,1419.15,1411.95,1412.52,,-0.0028167820911959573,-0.0028167820911959573,1.2742855080831408
2012-03-28,1412.52,1413.65,1397.2,1405.54,,-0.004941522951887434,-0.004941522951887434,1.2679885969976905
2012-03-29,1405.39,1405.39,1391.5601,1403.28,,-0.0016079229335344003,-0.0016079229335344003,1.2659497690531178
2012-03-30,1403.3101,1410.89,1401.42,1408.47,,0.0036984778518898143,0.0036984778518898143,1.2706318562355658
2012-04-02,1408.47,1422.38,1404.46,1419.04,,0.007504597187018458,0.007504597187018458,1.2801674364896074
2012-04-03,1418.98,1419.0,1404.62,1413.38,,-0.003988612019393267,-0.003988612019393267,1.275061345265589
2012-04-04,1413.09,1413.09,1394.09,1398.96,,-0.010202493313900107,-0.010202493313900107,1.2620525404157044
2012-04-05,1398.79,1401.6,1392.92,1398.08,,-0.0006290387144737286,-0.0006290387144737286,1.261258660508083
2012-04-09,1397.45,1397.45,1378.24,1382.2,,-0.011358434424353359,-0.011358434424353359,1.2469327367205543
2012-04-10,1382.1801,1383.01,1357.38,1358.59,,-0.017081464332224128,-0.017081464332224128,1.2256332996535795
2012-04-11,1358.98,1374.71,1358.98,1368.71,,0.0074488992264039044,0.0074488992264039044,1.2347629185912241
2012-04-12,1368.77,1388.13,1368.77,1387.5699,,0.013779325057901248,0.013779325057901248,1.2517771182159352
2012-04-13,1387.61,1387.61,1369.85,1370.26,,-0.012474975134585953,-0.012474975134585953,1.2361612297921478
2012-04-16,1370.27,1379.66,1365.38,1369.5699,,-0.0005036270488812944,-0.0005036270488812944,1.2355386655600462
2012-04-17,1369.5699,1392.76,1369.5699,1390.78,,0.015486686732820276,0.015486686732820276,1.2546730658198615
2012-04-18,1390.78,1390.78,1383.29,1385.14,,-0.004055278333021661,-0.004055278333021661,1.2495850173210163
2012-04-19,1385.08,1390.46,1370.3,1376.92,,-0.005934418181555712,-0.005934418181555712,1.2421694572748267
2012-04-20,1376.96,1387.4,1376.96,1378.53,,0.0011692763559247865,0.0011692763559247865,1.2436218966512702
2012-04-23,1378.53,1378.53,1358.79,1366.9399,,-0.008407579087868933,-0.008407579087868933,1.2331660471997692
2012-04-24,1366.97,1375.5699,1366.8199,1371.97,,0.003679825279809368,0.003679825279809368,1.2377038827944573
2012-04-25,1372.11,1391.37,1372.11,1390.6899,,0.013644540332514499,0.013644540332514499,1.254591783342956
2012-04-26,1390.64,1402.09,1387.28,1399.98,,0.006680209585185004,0.006680209585185004,1.2629727193995381
2012-04-27,1400.1899,1406.64,1397.3101,1403.36,,0.0024143202045743273,0.0024143202045743273,1.2660219399538104
2012-04-30,1403.26,1403.26,1394.0,1397.91,,-0.003883536654885278,-0.003883536654885278,1.2611052973441108
2012-05-01,1397.86,1415.3199,1395.73,1405.8199,,0.005658375718036179,0.005658375718036179,1.2682411049364894
2012-05-02,1405.5,1405.5,1393.92,1402.3101,,-0.0024966213666487436,-0.0024966213666487436,1.2650747870958428
2012-05-03,1402.3199,1403.0699,1388.71,1391.5699,,-0.007658933640997012,-0.007658933640997012,1.2553856632505773
2012-05-04,1391.51,1391.51,1367.96,1369.1,,-0.01614715868746519,-0.01614715868746519,1.2351147517321015
2012-05-07,1368.79,1373.91,1363.9399,1369.58,,0.000350595281571886,0.000350595281571886,1.2355477771362586
2012-05-08,1369.16,1369.16,1347.75,1363.72,,-0.004278683976109421,-0.004278683976109421,1.2302612586605082
2012-05-09,1363.2,1363.73,1343.13,1354.58,,-0.00670225559499027,-0.00670225559499027,1.222015733256351
2012-05-10,1354.58,1365.88,1354.58,1357.99,,0.002517385462652788,0.002517385462652788,1.2250920178983833
2012-05-11,1358.11,1365.66,1348.89,1353.39,,-0.003387359258904654,-0.003387359258904654,1.2209421911085452
2012-05-14,1351.9301,1351.9301,1336.61,1338.35,,-0.011112835176852354,-0.011112835176852354,1.2073740617782909
2012-05-15,1338.36,1344.9399,1328.41,1330.66,,-0.005745881122277252,-0.005745881122277252,1.2004366339491916
2012-05-16,1330.78,1341.78,1324.79,1324.8,,-0.0044038296785055,-0.0044038296785055,1.195150115473441
2012-05-17,1324.8199,1326.36,1304.86,1304.86,,-0.015051328502415529,-0.015051328502415529,1.1771615184757505
2012-05-18,1305.05,1312.24,1291.98,1295.22,,-0.007387765737320362,-0.007387765737320362,1.1684649249422634
2012-05-21,1295.73,1316.39,1295.73,1315.99,,0.016035885795463223,0.016035885795463223,1.187202295034642
2012-05-22,1316.09,1328.49,1310.04,1316.63,,0.000486325883935379,0.000486325883935379,1.1877796622401848
2012-05-23,1316.02,1320.71,1296.53,1318.86,,0.0016937180529077445,0.0016937180529077445,1.1897914260969975
2012-05-24,1318.72,1324.14,1310.5,1320.6801,,0.001380055502479438,0.001380055502479438,1.1914334043013857
2012-05-25,1320.8101,1324.2,1314.23,1317.8199,,-0.0021657023529013664,-0.0021657023529013664,1.1888531141743648
2012-05-29,1318.9,1334.9301,1318.9,1332.42,,0.011078979760436258,0.011078979760436258,1.2020243937644342
2012-05-30,1331.25,1331.25,1310.76,1313.3199,,-0.014334894402665888,-0.014334894402665888,1.1847935010103925
2012-05-31,1313.09,1319.74,1298.9,1310.33,,-0.0022765968900646527,-0.0022765968900646527,1.1820962038106235
2012-06-01,1309.87,1309.87,1277.25,1278.04,,-0.024642647272061224,-0.024642647272061224,1.1529662240184757
2012-06-04,1278.29,1282.55,1266.74,1278.1801,,0.0001096209821289662,0.0001096209821289662,1.1530926133083141
2012-06-05,1277.8199,1287.62,1274.16,1285.5,,0.005726814241592271,0.005726814241592271,1.159696160508083
2012-06-06,1285.61,1315.13,1285.61,1315.13,,0.0230493971217427,0.0230493971217427,1.1864264578521941
2012-06-07,1316.15,1329.05,1312.6801,1314.99,,-0.00010645335442127646,-0.00010645335442127646,1.1863001587759816
2012-06-08,1314.99,1325.8101,1307.77,1325.66,,0.00811413014547635,0.00811413014547635,1.1959259526558892
2012-06-11,1325.72,1335.52,1307.73,1308.9301,,-0.012620053407359388,-0.012620053407359388,1.1808333032621248
2012-06-12,1309.4,1324.3101,1306.62,1324.1801,,0.011650736735292488,0.011650736735292488,1.1945908812066974
2012-06-13,1324.02,1327.28,1310.51,1314.88,,-0.007023289354673112,-0.007023289354673112,1.1862009237875288
2012-06-14,1314.88,1333.6801,1314.14,1329.1,,0.01081467510343126,0.01081467510343126,1.1990293013856812
2012-06-15,1329.1899,1343.3199,1329.1899,1342.84,,0.010337822586712786,0.010337822586712786,1.2114246535796767
2012-06-18,1342.42,1348.22,1334.46,1344.78,,0.001444699294033569,0.001444699294033569,1.213174797921478
2012-06-19,1344.83,1363.46,1344.83,1357.98,,0.009815731941284156,0.009815731941284156,1.2250829965357968
2012-06-20,1358.04,1361.5699,1346.45,1355.6899,,-0.0016864018615885268,-0.0016864018615885268,1.2230170142898384
2012-06-21,1355.4301,1358.27,1324.41,1325.51,,-0.022261654379810647,-0.022261654379810647,1.1957906322170901
2012-06-22,1325.92,1337.8199,1325.92,1335.02,,0.0071745969475900395,0.0071745969475900395,1.2043699480369514
2012-06-25,1334.9,1334.9,1309.27,1313.72,,-0.015954817156297207,-0.015954817156297207,1.1851544457274827
2012-06-26,1314.09,1324.24,1310.3,1319.99,,0.004772706512803371,0.004772706512803371,1.190810840069284
2012-06-27,1320.71,1334.4,1320.71,1331.85,,0.008984916552398081,0.008984916552398081,1.2015101760969975
2012-06-28,1331.52,1331.52,1313.29,1329.04,,-0.0021098472050155026,-0.0021098472050155026,1.1989751732101617
2012-06-29,1330.12,1362.17,1330.12,1362.16,,0.02492024318304953,0.02492024318304953,1.2288539260969977
2012-07-02,1362.33,1366.35,1355.7,1365.51,,0.002459329300522617,0.002459329300522617,1.2318760825635104
2012-07-03,1365.75,1374.8101,1363.53,1374.02,,0.006232103756105722,0.006232103756105722,1.2395532621247112
2012-07-05,1373.72,1373.85,1363.02,1367.58,,-0.004686976899899609,-0.004686976899899609,1.2337435046189376
2012-07-06,1367.09,1367.09,1348.03,1354.6801,,-0.009432647450240528,-0.009432647450240528,1.222106037095843
2012-07-09,1354.66,1354.87,1346.65,1352.46,,-0.0016388370951931908,-0.0016388370951931908,1.2201032043879907
2012-07-10,1352.96,1361.54,1336.27,1341.47,,-0.008125933484169567,-0.008125933484169567,1.2101887269053118
2012-07-11,1341.4,1345.0,1333.25,1341.45,,-1.4909017719388906e-05,-1.4909017719388906e-05,1.2101706841801385
2012-07-12,1341.29,1341.29,1325.41,1334.76,,-0.004987140780498778,-0.004987140780498778,1.2041353926096998
2012-07-13,1334.8101,1357.7,1334.8101,1356.78,,0.016497347837813425,0.016497347837813425,1.2240004330254042
2012-07-16,1356.5,1357.26,1348.51,1353.64,,-0.0023143029820603678,-0.0023143029820603678,1.2211677251732103
2012-07-17,1353.6801,1365.36,1345.0699,1363.67,,0.0074096510150409856,0.0074096510150409856,1.2302161518475752
2012-07-18,1363.58,1375.26,1358.96,1372.78,,0.006680501880953482,0.006680501880953482,1.2384346131639723
2012-07-19,1373.01,1380.39,1371.21,1376.51,,0.0027171141770714335,0.0027171141770714335,1.2417995814087759
2012-07-20,1376.51,1376.51,1362.1899,1362.66,,-0.010061677721193374,-0.010061677721193374,1.229304994226328
2012-07-23,1362.34,1362.34,1337.5601,1350.52,,-0.008909045543275762,-0.008909045543275762,1.2183530600461894
2012-07-24,1350.52,1351.53,1329.24,1338.3101,,-0.009040887954269494,-0.009040887954269494,1.2073380665415703
2012-07-25,1338.35,1343.98,1331.5,1337.89,,-0.00031390333226943845,-0.00031390333226943845,1.2069590790993072
2012-07-26,1338.17,1363.13,1338.17,1360.02,,0.016540971230818657,0.016540971230818657,1.2269233545034641
2012-07-27,1360.05,1389.1899,1360.05,1385.97,,0.019080601755856463,0.019080601755856463,1.2503337904157044
2012-07-30,1385.9399,1391.74,1381.37,1385.3,,-0.0004834159469542243,-0.0004834159469542243,1.2497293591224017
2012-07-31,1385.27,1387.16,1379.17,1379.3199,,-0.004316826680141439,-0.004316826680141439,1.244334494081986
2012-08-01,1379.3199,1385.03,1373.35,1375.3199,,-0.00289997991038915,-0.00289997991038915,1.2407259490473441
2012-08-02,1375.13,1375.13,1354.65,1365.0,,-0.007503636063144303,-0.007503636063144303,1.2314159930715936
2012-08-03,1365.45,1394.16,1365.45,1390.99,,0.019040293040293088,0.019040293040293088,1.25486251443418
2012-08-06,1391.04,1399.63,1391.04,1394.23,,0.00232927627085755,0.00232927627085755,1.2577854359122402
2012-08-07,1394.46,1407.14,1394.46,1401.35,,0.005106761438213203,0.005106761438213203,1.2642086460739028
2012-08-08,1401.23,1404.14,1396.13,1402.22,,0.0006208299140115781,0.0006208299140115781,1.2649935046189376
2012-08-09,1402.26,1405.95,1398.8,1402.8,,0.0004136298155781315,0.0004136298155781315,1.2655167436489607
2012-08-10,1402.58,1405.98,1395.62,1405.87,,0.0021884801824920697,0.0021884801824920697,1.2682863019630484
2012-08-13,1405.87,1405.87,1397.3199,1404.11,,-0.0012518938450923889,-0.0012518938450923889,1.2666985421478059
2012-08-14,1404.36,1410.03,1400.6,1403.9301,,-0.00012812386493921135,-0.00012812386493921135,1.266536247834873
2012-08-15,1403.89,1407.73,1401.83,1405.53,,0.0011395866503609575,0.0011395866503609575,1.2679795756351038
2012-08-16,1405.5699,1417.4399,1404.15,1415.51,,0.007100524357359861,0.007100524357359861,1.2769828954965359
2012-08-17,1415.84,1418.71,1414.67,1418.16,,0.0018721167635693536,0.0018721167635693536,1.2793735565819861
2012-08-20,1417.85,1418.13,1412.12,1418.13,,-2.1154171602644212e-05,-2.1154171602644212e-05,1.2793464924942264
2012-08-21,1418.13,1426.6801,1410.86,1413.17,,-0.003497563693032446,-0.003497563693032446,1.2748718966512702
2012-08-22,1413.09,1416.12,1406.78,1413.49,,0.00022644126325910285,0.00022644126325910285,1.2751605802540416
2012-08-23,1413.49,1413.49,1400.5,1402.08,,-0.008072218409751808,-0.008072218409751808,1.264867205542725
2012-08-24,1401.99,1413.46,1398.04,1411.13,,0.006454695880406369,0.006454695880406369,1.2730315386836029
2012-08-27,1411.13,1416.17,1409.11,1410.4399,,-0.0004890406978804718,-0.0004890406978804718,1.2724089744515013
2012-08-28,1410.4399,1413.63,1405.59,1409.3,,-0.0008081875732529609,-0.0008081875732529609,1.271380629330254
2012-08-29,1409.3199,1413.95,1406.5699,1410.49,,0.0008443908323281235,0.0008443908323281235,1.27245417147806
2012-08-30,1410.08,1410.08,1397.01,1399.48,,-0.007805797985097396,-0.007805797985097396,1.2625216512702078
2012-08-31,1400.0699,1413.09,1398.96,1406.58,,0.005073312944807951,0.005073312944807951,1.2689268187066973
2012-09-04,1406.54,1409.3101,1396.5601,1404.9399,,-0.0011660197073751766,-0.0011660197073751766,1.2674472250288684
2012-09-05,1404.9399,1408.8101,1401.25,1403.4399,,-0.0010676613284311687,-0.0010676613284311687,1.2660940206408777
2012-09-06,1403.74,1432.12,1403.74,1432.12,,0.020435574049162852,0.020435574049162852,1.2919673787528867
2012-09-07,1432.12,1437.92,1431.45,1437.92,,0.00404993994916647,0.00404993994916647,1.2971997690531178
2012-09-10,1437.92,1438.74,1428.98,1429.08,,-0.006147768999666292,-0.006147768999666292,1.2892248845265588
2012-09-11,1429.13,1437.76,1429.13,1433.5601,,0.0031349539563916284,0.0031349539563916284,1.2932665451789838
2012-09-12,1433.5601,1439.15,1432.99,1436.5601,,0.002092692172445343,0.002092692172445343,1.2959729539549654
2012-09-13,1436.5601,1463.76,1435.34,1459.99,,0.016309724876808263,0.016309724876808263,1.3171099162817552
2012-09-14,1460.0699,1474.51,1460.0699,1465.77,,0.00395893122555635,0.00395893122555635,1.322324263856813
2012-09-17,1465.42,1465.63,1457.55,1461.1899,,-0.003124705786037296,-0.003124705786037296,1.318192389578522
2012-09-18,1461.1899,1461.47,1456.13,1459.3199,,-0.0012797788980064562,-0.0012797788980064562,1.3165053947748266
2012-09-19,1459.5,1465.15,1457.88,1461.05,,0.0011855522562256304,0.0011855522562256304,1.3180661807159353
2012-09-20,1461.05,1461.23,1449.98,1460.26,,-0.0005407070257691382,-0.0005407070257691382,1.3173534930715936
2012-09-21,1460.34,1467.0699,1459.51,1460.15,,-7.532905099083553e-05,-7.532905099083553e-05,1.317254258083141
2012-09-24,1459.76,1460.72,1452.0601,1456.89,,-0.0022326473307536787,-0.0022326473307536787,1.3143132938799076
2012-09-25,1456.9399,1463.24,1441.59,1441.59,,-0.010501822375059366,-0.010501822375059366,1.3005106091224017
2012-09-26,1441.6,1441.6,1430.53,1433.3199,,-0.005736790627015931,-0.005736790627015931,1.2930498520496536
2012-09-27,1433.36,1450.2,1433.36,1447.15,,0.00964899740804559,0.00964899740804559,1.3055264867205543
2012-09-28,1447.13,1447.13,1435.6,1440.67,,-0.004477766644784609,-0.004477766644784609,1.2996806437644342
2012-10-01,1440.9,1457.14,1440.9,1444.49,,0.00265154407324375,0.00265154407324375,1.3031268042725173
2012-10-02,1444.99,1451.52,1439.01,1445.75,,0.0008722801819327497,0.0008722801819327497,1.3042634959584296
2012-10-03,1446.05,1454.3,1441.99,1450.99,,0.0036244163928755846,0.0036244163928755846,1.3089906899538106
2012-10-04,1451.08,1463.14,1451.08,1461.4,,0.007174411953218218,0.007174411953218218,1.3183819284064666
2012-10-05,1461.4,1470.96,1456.89,1460.9301,,-0.0003215409880936715,-0.0003215409880936715,1.317958014578522
2012-10-08,1460.9301,1460.9301,1453.1,1455.88,,-0.0034567704505505947,-0.0034567704505505947,1.3134021362586605
2012-10-09,1455.9,1455.9,1441.1801,1441.48,,-0.009890925076242563,-0.009890925076242563,1.3004113741339491
2012-10-10,1441.48,1442.52,1430.64,1432.5601,,-0.0061880150955963,-0.0061880150955963,1.2923644089203232
2012-10-11,1432.8199,1443.9,1432.8199,1432.84,,0.00019538447287481553,0.00019538447287481553,1.2926169168591224
2012-10-12,1432.84,1438.4301,1425.53,1428.59,,-0.002966137182099926,-0.002966137182099926,1.2887828377598152
2012-10-15,1428.75,1441.3101,1427.24,1440.13,,0.00807789498736522,0.00807789498736522,1.2991934901847575
2012-10-16,1440.3101,1455.51,1440.3101,1454.92,,0.010269906189024569,0.010269906189024569,1.3125360854503465
2012-10-17,1454.22,1462.2,1453.35,1460.91,,0.004117064855799546,0.004117064855799546,1.317939881639723
2012-10-18,1460.9399,1464.02,1452.63,1457.34,,-0.002443682362363253,-0.002443682362363253,1.3147192551963047
2012-10-19,1457.34,1457.34,1429.85,1433.1899,,-0.016571356032222928,-0.016571356032222928,1.2929325743360278
2012-10-22,1433.21,1435.46,1422.0601,1433.8199,,0.0004395788722764138,0.0004395788722764138,1.2935009201789838
2012-10-23,1433.74,1433.74,1407.5601,1413.11,,-0.014443864253802063,-0.014443864253802063,1.2748177684757505
2012-10-24,1413.2,1420.04,1407.1,1408.75,,-0.0030853932107195448,-0.0030853932107195448,1.2708844543879907
2012-10-25,1409.74,1421.12,1405.14,1412.97,,0.002995563442768523,0.002995563442768523,1.2746914693995381
2012-10-26,1412.97,1417.09,1403.28,1411.9399,,-0.0007290317558050763,-0.0007290317558050763,1.273762178839492
2012-10-29,1411.9399,1411.9399,1411.9399,1411.9399,,0.0,0.0,1.273762178839492
2012-10-30,1411.9399,1411.9399,1411.9399,1411.9399,,0.0,0.0,1.273762178839492
2012-10-31,1410.99,1418.76,1405.95,1412.16,,0.0001558848220097886,0.0001558848220097886,1.2739607390300232
2012-11-01,1412.2,1428.35,1412.2,1427.59,,0.010926523906639396,0.010926523906639396,1.2878807015011546
2012-11-02,1427.59,1434.27,1412.91,1414.2,,-0.00937944367780652,-0.00937944367780652,1.2758010969976905
2012-11-05,1414.02,1419.9,1408.13,1417.26,,0.0021637675010606205,0.0021637675010606205,1.2785616339491916
2012-11-06,1417.26,1433.38,1417.26,1428.39,,0.00785318149104608,0.00785318149104608,1.288602410508083
2012-11-07,1428.27,1428.27,1388.14,1394.53,,-0.023705010536338222,-0.023705010536338222,1.2580560767898383
2012-11-08,1394.53,1401.23,1377.51,1377.51,,-0.012204828867073525,-0.012204828867073525,1.2427017176674364
2012-11-09,1377.55,1391.39,1373.03,1379.85,,0.0016987172506914838,0.0016987172506914838,1.2448127165127019
2012-11-12,1379.86,1384.87,1377.1899,1380.03,,0.0001304489618436655,0.0001304489618436655,1.244975101039261
2012-11-13,1380.03,1388.8101,1371.39,1374.53,,-0.003985420606798407,-0.003985420606798407,1.240013351616628
2012-11-14,1374.64,1380.13,1352.5,1355.49,,-0.013852007595323457,-0.013852007595323457,1.222836677251732
2012-11-15,1355.41,1360.62,1348.05,1353.33,,-0.0015935196866078138,-0.0015935196866078138,1.2208880629330252
2012-11-16,1353.36,1362.03,1343.35,1359.88,,0.004839913398801521,0.004839913398801521,1.2267970554272518
2012-11-19,1359.88,1386.89,1359.88,1386.89,,0.01986204665117519,0.01986204665117519,1.2511637557736721
2012-11-20,1386.8199,1389.77,1377.04,1387.8101,,0.0006634268038558933,0.0006634268038558933,1.2519938113452656
2012-11-21,1387.79,1391.25,1386.39,1391.03,,0.002320130110020191,0.002320130110020191,1.2548985998845266
2012-11-23,1391.03,1409.16,1391.03,1409.15,,0.01302631862720438,0.01302631862720438,1.271245308891455
2012-11-26,1409.15,1409.15,1397.6801,1406.29,,-0.0020295923074195032,-0.0020295923074195032,1.268665199191686
2012-11-27,1406.29,1409.01,1398.03,1398.9399,,-0.0052265891103541184,-0.0052265891103541184,1.2620344074769054
2012-11-28,1398.77,1410.3101,1385.4301,1409.9301,,0.007856091601933679,0.007856091601933679,1.271949065386836
2012-11-29,1409.96,1419.7,1409.04,1415.95,,0.0042696442894580855,0.0042696442894580855,1.2773798354503465
2012-11-30,1415.95,1418.86,1411.63,1416.1801,,0.00016250573819687197,0.00016250573819687197,1.2775874170034642
2012-12-03,1416.34,1423.73,1408.46,1409.46,,-0.0047452297910414165,-0.0047452297910414165,1.2715249711316396
2012-12-04,1409.46,1413.14,1403.65,1407.05,,-0.0017098747037873618,-0.0017098747037873618,1.269350822748268
2012-12-05,1407.05,1415.5601,1398.23,1409.28,,0.0015848761593404426,0.0015848761593404426,1.2713625866050808
2012-12-06,1409.4301,1413.95,1405.9301,1413.9399,,0.0033065820844686566,0.0033065820844686566,1.275566451356813
2012-12-07,1413.95,1420.34,1410.9,1418.0699,,0.0029209162284760115,0.0029209162284760115,1.2792922741050807
2012-12-10,1418.0699,1421.64,1415.64,1418.55,,0.0003385587692115166,0.0003385587692115166,1.2797253897228638
2012-12-11,1418.55,1434.27,1418.55,1427.84,,0.0065489408198511345,0.0065489408198511345,1.2881062355658197
2012-12-12,1427.84,1438.59,1426.76,1428.48,,0.00044822949350065144,0.00044822949350065144,1.2886836027713626
2012-12-13,1428.48,1431.36,1416.0,1419.45,,-0.006321404569892497,-0.006321404569892497,1.2805373123556583
2012-12-14,1419.45,1419.45,1411.88,1413.58,,-0.0041354045581035725,-0.0041354045581035725,1.2752417725173208
2012-12-17,1413.54,1430.67,1413.54,1430.36,,0.011870569759051541,0.011870569759051541,1.2903796189376442
2012-12-18,1430.47,1448.0,1430.47,1446.79,,0.01148661875332091,0.01148661875332091,1.3052017176674364
2012-12-19,1446.79,1447.75,1435.8,1435.8101,,-0.007589145625833793,-0.007589145625833793,1.29529635176097
2012-12-20,1435.8101,1443.7,1432.8199,1443.6899,,0.00548805165808508,0.00548805165808508,1.302405005051963
2012-12-21,1443.67,1443.67,1422.58,1430.15,,-0.009378676127054675,-0.009378676127054675,1.2901901703233256
2012-12-24,1430.15,1430.15,1424.66,1426.66,,-0.0024403034646715005,-0.0024403034646715005,1.2870417147806006
2012-12-26,1426.66,1429.42,1416.4301,1419.83,,-0.004787405548624113,-0.004787405548624113,1.2808801241339491
2012-12-27,1419.83,1422.8,1401.8,1418.1,,-0.0012184557306156307,-0.0012184557306156307,1.2793194284064664
2012-12-28,1418.1,1418.1,1401.58,1402.4301,,-0.011049925957266726,-0.011049925957266726,1.2651830434468823
2012-12-31,1402.4301,1426.74,1398.11,1426.1899,,0.016941878244056463,0.016941878244056463,1.2866176205254043
2013-01-02,1426.1899,1462.4301,1426.1899,1462.42,,0.02540341927817602,0.02540341927817602,1.3193021073903002
2013-01-03,1462.42,1465.47,1455.53,1459.37,,-0.0020855841687067445,-0.0020855841687067445,1.3165505918013856
2013-01-04,1459.37,1467.9399,1458.99,1466.47,,0.004865113028224677,0.004865113028224677,1.3229557592378753
2013-01-07,1466.47,1466.47,1456.62,1461.89,,-0.0031231460582213932,-0.0031231460582213932,1.3188239751732103
2013-01-08,1461.89,1461.89,1451.64,1457.15,,-0.0032423780174979377,-0.0032423780174979377,1.3145478493071594
2013-01-09,1457.15,1464.73,1457.15,1461.02,,0.0026558693339737705,0.0026558693339737705,1.3180391166281755
2013-01-10,1461.02,1472.3,1461.02,1472.12,,0.007597431931116505,0.007597431931116505,1.328052829099307
2013-01-11,1472.12,1472.75,1467.58,1472.05,,-4.755047142890323e-05,-4.755047142890323e-05,1.327989679561201
2013-01-14,1472.05,1472.05,1465.6899,1470.6801,,-0.0009306069766651381,-0.0009306069766651381,1.326753843100462
2013-01-15,1470.67,1473.3101,1463.76,1472.34,,0.0011286614947736417,0.0011286614947736417,1.3282512990762123
2013-01-16,1472.33,1473.96,1467.6,1472.63,,0.00019696537484570342,0.00019696537484570342,1.3285129185912241
2013-01-17,1472.63,1485.16,1472.63,1480.9399,,0.005642897401248126,0.005642897401248126,1.336009580687067
2013-01-18,1480.95,1485.98,1475.8101,1485.98,,0.0034033116401279706,0.0034033116401279706,1.3405564376443417
2013-01-22,1485.98,1492.5601,1481.16,1492.5601,,0.004428121509037819,0.004428121509037819,1.3464925844399538
2013-01-23,1492.5601,1496.13,1489.9,1494.8101,,0.0015074769853489212,0.0015074769853489212,1.34852239102194
2013-01-24,1494.8101,1502.27,1489.46,1494.8199,,6.5560167141764936e-06,6.5560167141764936e-06,1.3485312319572749
2013-01-25,1494.8199,1503.26,1494.8199,1502.96,,0.005445538957569385,0.005445538957569385,1.3558747113163971
2013-01-28,1502.96,1503.23,1496.33,1500.1801,,-0.0018496167562676025,-0.0018496167562676025,1.353366862730947
2013-01-29,1500.1801,1509.35,1498.09,1507.84,,0.005105986941167817,0.005105986941167817,1.3602771362586603
2013-01-30,1507.84,1509.9399,1500.11,1501.96,,-0.003899617996604321,-0.003899617996604321,1.3549725750577368
2013-01-31,1501.96,1504.1899,1496.76,1498.11,,-0.0025633172654399017,-0.0025633172654399017,1.3514993504618937
2013-02-01,1498.11,1514.41,1498.11,1513.17,,0.010052666359613216,0.010052666359613216,1.365085522517321
2013-02-04,1513.17,1513.17,1495.02,1495.71,,-0.011538690299173315,-0.011538690299173315,1.3493342234411085
2013-02-05,1495.71,1514.96,1495.71,1511.29,,0.01041645773579103,0.01041645773579103,1.3633895063510393
2013-02-06,1511.29,1512.53,1504.71,1512.12,,0.0005491996903306262,0.0005491996903306262,1.3641382794457273
2013-02-07,1512.12,1512.9,1498.49,1509.39,,-0.0018054122688674346,-0.0018054122688674346,1.3616754474595845
2013-02-08,1509.39,1518.3101,1509.39,1517.9301,,0.005657981038697635,0.005657981038697635,1.3693797813221709
2013-02-11,1517.9301,1518.3101,1513.61,1517.01,,-0.0006061543940659719,-0.0006061543940659719,1.3685497257505774
2013-02-12,1517.01,1522.29,1515.61,1519.4301,,0.0015953091937430663,0.0015953091937430663,1.3707329857101618
2013-02-13,1519.4301,1524.6899,1515.9301,1520.33,,0.000592261532794458,0.000592261532794458,1.3715448181293302
2013-02-14,1520.33,1523.14,1514.02,1521.38,,0.0006906395322070491,0.0006906395322070491,1.372492061200924
2013-02-15,1521.38,1524.24,1514.14,1519.79,,-0.0010451037873510094,-0.0010451037873510094,1.3710576645496535
2013-02-19,1519.79,1530.9399,1519.79,1530.9399,,0.0073364741181347615,0.0073364741181347615,1.3811163936200925
2013-02-20,1530.9399,1530.9399,1511.41,1511.95,,-0.012404079350208375,-0.012404079350208375,1.3639849162817552
2013-02-21,1511.95,1511.95,1497.29,1502.42,,-0.0063031184893680425,-0.0063031184893680425,1.3553875577367207
2013-02-22,1502.42,1515.64,1502.42,1515.6,,0.008772513677932858,0.008772513677932858,1.367277713625866
2013-02-25,1515.6,1525.84,1487.85,1487.85,,-0.018309580364212152,-0.018309580364212152,1.3422434324480368
2013-02-26,1487.85,1498.99,1485.01,1496.9399,,0.006109419632355451,0.006109419632355451,1.3504437608256352
2013-02-27,1496.9399,1520.08,1494.88,1515.99,,0.012726028613439855,0.012726028613439855,1.3676295467667436
2013-02-28,1515.99,1525.34,1514.46,1514.6801,,-0.0008640558315028413,-0.0008640558315028413,1.3664478384815242
2013-03-01,1514.6801,1519.99,1501.48,1518.2,,0.0023238570309334072,0.0023238570309334072,1.3696232678983833
2013-03-04,1518.2,1525.27,1512.29,1525.2,,0.004610723224871549,0.004610723224871549,1.375938221709007
2013-03-05,1525.2,1543.47,1525.2,1539.79,,0.009565958562811394,0.009565958562811394,1.3891003897228638
2013-03-06,1539.79,1545.25,1538.11,1541.46,,0.0010845634794356407,0.0010845634794356407,1.3906069572748267
2013-03-07,1541.46,1545.78,1541.46,1544.26,,0.0018164597200056587,0.0018164597200056587,1.393132938799076
2013-03-08,1544.26,1552.48,1542.9399,1551.1801,,0.004481175449730035,0.004481175449730035,1.3993758119226327
2013-03-11,1551.15,1556.27,1547.36,1556.22,,0.003249074688361553,0.003249074688361553,1.403922488452656
2013-03-12,1556.22,1556.77,1548.24,1552.48,,-0.0024032591792934044,-0.0024032591792934044,1.4005484988452657
2013-03-13,1552.48,1556.39,1548.25,1554.52,,0.0013140265897144676,0.0013140265897144676,1.402388856812933
2013-03-14,1554.52,1563.3199,1554.52,1563.23,,0.005603015721894922,0.005603015721894922,1.410246463625866
2013-03-15,1563.21,1563.62,1555.74,1560.7,,-0.0016184438630272302,-0.0016184438630272302,1.407964058891455
2013-03-18,1560.7,1560.7,1545.13,1552.1,,-0.005510347920804848,-0.005510347920804848,1.4002056870669746
2013-03-19,1552.1,1557.25,1538.5699,1548.34,,-0.002422524321886499,-0.002422524321886499,1.396813654734411
2013-03-20,1548.34,1561.5601,1548.34,1558.71,,0.006697495382151253,0.006697495382151253,1.4061688077367205
2013-03-21,1558.71,1558.71,1543.55,1545.8,,-0.008282490007762933,-0.008282490007762933,1.3945222286374133
2013-03-22,1545.9,1557.74,1545.9,1556.89,,0.007174278690645686,0.007174278690645686,1.4045269197459584
2013-03-25,1556.89,1564.91,1546.22,1551.6899,,-0.00334005613755628,-0.00334005613755628,1.399835720987298
2013-03-26,1551.6899,1563.95,1551.6899,1563.77,,0.007785125107793611,0.007785125107793611,1.4107336172055427
2013-03-27,1563.75,1564.0699,1551.9,1562.85,,-0.0005883218120312783,-0.0005883218120312783,1.409903651847575
2013-03-28,1562.86,1570.28,1561.08,1569.1899,,0.004056627315481398,0.004056627315481398,1.4156231055138568
2013-04-01,1569.1801,1570.5699,1558.47,1562.17,,-0.004473582196775516,-0.004473582196775516,1.409290199191686
2013-04-02,1562.17,1573.66,1562.17,1570.25,,0.005172292388152311,0.005172292388152311,1.4165794601616628
2013-04-03,1570.25,1571.47,1549.8,1553.6899,,-0.01054615507084855,-0.01054615507084855,1.401639993504619
2013-04-04,1553.6899,1562.6,1552.52,1559.98,,0.00404849127229312,0.00404849127229312,1.4073145207852193
2013-04-05,1559.98,1559.98,1539.5,1553.28,,-0.004294926858036674,-0.004294926858036674,1.401270207852194
2013-04-08,1553.26,1563.0699,1548.63,1563.0699,,0.006302727132261987,0.006302727132261987,1.4101020316108543
2013-04-09,1563.11,1573.89,1560.92,1568.61,,0.0035443712402112304,0.0035443712402112304,1.4150999566974594
2013-04-10,1568.61,1589.0699,1568.61,1587.73,,0.012189135604133705,0.012189135604133705,1.4323488019630486
2013-04-11,1587.73,1597.35,1586.17,1593.37,,0.003552241250086574,0.003552241250086574,1.4374368504618937
2013-04-12,1593.3,1593.3,1579.97,1588.85,,-0.0028367548027137257,-0.0028367548027137257,1.4333591945727482
2013-04-15,1588.84,1588.84,1552.28,1552.36,,-0.02296629637788339,-0.02296629637788339,1.4004402424942262
2013-04-16,1552.36,1575.35,1552.36,1574.5699,,0.014307183900641673,0.014307183900641673,1.4204765985854504
2013-04-17,1574.5699,1574.5699,1543.6899,1552.01,,-0.014327658619664896,-0.014327658619664896,1.400124494803695
2013-04-18,1552.03,1554.38,1536.03,1541.61,,-0.006700987751367626,-0.006700987751367626,1.3907422777136258
2013-04-19,1541.61,1555.89,1539.4,1555.25,,0.008847892787410716,0.008847892787410716,1.4030474162817552
2013-04-22,1555.25,1565.55,1548.1899,1562.5,,0.004661629963028435,0.004661629963028435,1.4095879041570438
2013-04-23,1562.5,1579.58,1562.5,1578.78,,0.010419200000000073,0.010419200000000073,1.424274682448037
2013-04-24,1578.78,1583.0,1575.8,1578.79,,6.3340047378179776e-06,6.3340047378179776e-06,1.4242837038106235
2013-04-25,1578.9301,1592.64,1578.9301,1585.16,,0.004034735461967864,0.004034735461967864,1.430030311778291
2013-04-26,1585.16,1585.78,1577.5601,1582.24,,-0.0018420853415428429,-0.0018420853415428429,1.4273960739030023
2013-04-29,1582.34,1596.65,1582.34,1593.61,,0.007186014763878923,0.007186014763878923,1.437653363163972
2013-04-30,1593.58,1597.5699,1586.5,1597.5699,,0.002484861415277262,0.002484861415277262,1.441225732534642
2013-05-01,1597.55,1597.55,1581.28,1582.7,,-0.00930782433995525,-0.00930782433995525,1.4278110565819861
2013-05-02,1582.77,1598.6,1582.77,1597.59,,0.009407973715801932,0.009407973715801932,1.441243865473441
2013-05-03,1597.6,1618.46,1597.6,1614.42,,0.010534617768013232,0.010534617768013232,1.4564268187066975
2013-05-06,1614.4,1619.77,1614.21,1617.5,,0.00190780589933226,0.00190780589933226,1.4592053983833717
2013-05-07,1617.55,1626.03,1616.64,1625.96,,0.005230293663060381,0.005230293663060381,1.4668374711316396
2013-05-08,1625.95,1632.78,1622.7,1632.6899,,0.004139031710497232,0.004139031710497232,1.4729087579387992
2013-05-09,1632.6899,1635.01,1623.09,1626.67,,-0.003687105555072012,-0.003687105555072012,1.4674779878752888
2013-05-10,1626.6899,1633.7,1623.71,1633.7,,0.004321712455507276,0.004321712455507276,1.4738200057736721
2013-05-13,1632.1,1636.0,1626.74,1633.77,,4.284752402528014e-05,4.284752402528014e-05,1.4738831553117782
2013-05-14,1633.75,1651.1,1633.75,1650.34,,0.01014218647667664,0.01014218647667664,1.4888315531177827
2013-05-15,1649.13,1661.49,1646.6801,1658.78,,0.005114097701079734,0.005114097701079734,1.4964455831408776
2013-05-16,1658.0699,1660.51,1648.6,1650.47,,-0.005009705928453401,-0.005009705928453401,1.4889488308314087
2013-05-17,1652.45,1667.47,1652.45,1667.47,,0.01030009633619522,0.01030009633619522,1.5042851472286374
2013-05-20,1665.71,1672.84,1663.52,1666.29,,-0.0007076589084061835,-0.0007076589084061835,1.503220626443418
2013-05-21,1666.2,1674.9301,1662.67,1669.16,,0.001722389259972923,0.001722389259972923,1.5058097575057736
2013-05-22,1669.39,1687.1801,1648.86,1655.35,,-0.008273622660500024,-0.008273622660500024,1.493351255773672
2013-05-23,1651.62,1655.5,1635.53,1650.51,,-0.0029238529616092412,-0.0029238529616092412,1.4889849162817552
2013-05-24,1646.67,1649.78,1636.88,1649.6,,-0.0005513447358695966,-0.0005513447358695966,1.488163972286374
2013-05-28,1652.63,1674.21,1652.63,1660.0601,,0.006340991755577008,0.006340991755577008,1.497600407765589
2013-05-29,1656.5699,1656.5699,1640.05,1648.36,,-0.007047997840560094,-0.007047997840560094,1.4870453233256349
2013-05-30,1649.14,1661.91,1648.61,1654.41,,0.0036703147370720224,0.0036703147370720224,1.4925032476905313
2013-05-31,1652.13,1658.99,1630.74,1630.74,,-0.014307215261029627,-0.014307215261029627,1.471149682448037
2013-06-03,1631.71,1640.42,1622.72,1640.42,,0.005935955455805386,0.005935955455805386,1.4798823614318708
2013-06-04,1640.73,1646.53,1623.62,1631.38,,-0.005510783823654886,-0.005510783823654886,1.4717270496535797
2013-06-05,1629.05,1629.3101,1607.09,1608.9,,-0.013779744755973433,-0.013779744755973433,1.4514470265588915
2013-06-06,1609.29,1622.5601,1598.23,1622.5601,,0.008490335011498429,0.008490335011498429,1.4637702980658198
2013-06-07,1625.27,1644.4,1625.27,1643.38,,0.012831512373563392,0.012831512373563392,1.482552684757506
2013-06-10,1644.67,1648.6899,1639.26,1642.8101,,-0.0003467852839880159,-0.0003467852839880159,1.4820385573036952
2013-06-11,1638.64,1640.13,1622.92,1626.13,,-0.010153395088087103,-0.010153395088087103,1.4669908342956122
2013-06-12,1629.9399,1637.71,1610.92,1612.52,,-0.008369564548959874,-0.008369564548959874,1.4547127598152425
2013-06-13,1612.15,1639.25,1608.0699,1636.36,,0.014784312752710083,0.014784312752710083,1.476219688221709
2013-06-14,1635.52,1640.8,1623.96,1626.73,,-0.0058850130778067555,-0.0058850130778067555,1.4675321160508084
2013-06-17,1630.64,1646.5,1630.34,1639.04,,0.007567328321233413,0.007567328321233413,1.4786374133949192
2013-06-18,1639.77,1654.1899,1639.77,1651.8101,,0.007791207048028159,0.007791207048028159,1.4901577836316395
2013-06-19,1651.83,1652.45,1628.91,1628.9301,,-0.0138514711830372,-0.0138514711830372,1.4695169060334874
2013-06-20,1624.62,1624.62,1584.3199,1588.1899,,-0.025010404068289915,-0.025010404068289915,1.4327636944284066
2013-06-21,1588.62,1599.1899,1577.7,1592.4301,,0.002669831863305383,0.002669831863305383,1.4365889325923789
2013-06-24,1588.77,1588.77,1560.33,1573.09,,-0.012145022880439171,-0.012145022880439171,1.4191415271362586
2013-06-25,1577.52,1593.79,1577.09,1588.03,,0.009497231563356134,0.009497231563356134,1.4326194428406467
2013-06-26,1592.27,1606.83,1592.27,1603.26,,0.00959049892004571,0.00959049892004571,1.446358978060046
2013-06-27,1606.4399,1620.0699,1606.4399,1613.2,,0.006199867769419942,0.006199867769419942,1.4553262124711317
2013-06-28,1611.12,1615.9399,1601.0601,1606.28,,-0.004289610711629144,-0.004289610711629144,1.449083429561201
2013-07-01,1609.78,1626.61,1609.78,1614.96,,0.0054037901237642405,0.0054037901237642405,1.4569139722863742
2013-07-02,1614.29,1624.26,1606.77,1614.08,,-0.0005449051369693647,-0.0005449051369693647,1.4561200923787527
2013-07-03,1611.48,1618.97,1604.5699,1615.41,,0.0008239988104679075,0.0008239988104679075,1.4573199336027713
2013-07-05,1618.65,1632.0699,1614.71,1631.89,,0.010201744448777639,0.010201744448777639,1.4721871391454966
2013-07-08,1634.2,1644.6801,1634.2,1640.46,,0.005251579456948763,0.005251579456948763,1.479918446882217
2013-07-09,1642.89,1654.1801,1642.89,1652.3199,,0.0072296185216340625,0.0072296185216340625,1.4906176926963048
2013-07-10,1651.5601,1657.92,1647.66,1652.62,,0.00018162342534266962,0.00018162342534266962,1.4908884237875288
2013-07-11,1657.41,1676.63,1657.41,1675.02,,0.013554235093367062,0.013554235093367062,1.5110962759815243
2013-07-12,1675.26,1680.1899,1672.33,1680.1899,,0.0030864706093061134,0.0030864706093061134,1.5157602302251734
2013-07-15,1679.59,1684.51,1677.89,1682.5,,0.0013749041105413085,0.0013749041105413085,1.5178442551963047
2013-07-16,1682.7,1683.73,1671.84,1676.26,,-0.0037087667161961324,-0.0037087667161961324,1.5122149249422632
2013-07-17,1677.91,1684.75,1677.91,1680.91,,0.0027740326679632776,0.0027740326679632776,1.5164098585450347
2013-07-18,1681.05,1693.12,1681.05,1689.37,,0.005032988083835344,0.005032988083835344,1.5240419312933025
2013-07-19,1686.15,1692.09,1684.08,1692.09,,0.0016100676583579165,0.0016100676583579165,1.526495741916859
2013-07-22,1694.41,1697.61,1690.67,1695.53,,0.00203298878901248,0.00203298878901248,1.5295990906466512
2013-07-23,1696.63,1698.78,1691.13,1692.39,,-0.0018519283056034341,-0.0018519283056034341,1.5267663827944573
2013-07-24,1696.0601,1698.38,1682.5699,1685.9399,,-0.0038112373625465157,-0.0038112373625465157,1.5209475137124713
2013-07-25,1685.21,1690.9399,1680.0699,1690.25,,0.0025564968241156283,0.0025564968241156283,1.5248358112009237
2013-07-26,1687.3101,1691.85,1676.03,1691.65,,0.0008282798402603486,0.0008282798402603486,1.5260988019630486
2013-07-29,1690.3199,1690.92,1681.86,1685.33,,-0.0037359973989892215,-0.0037359973989892215,1.520397300808314
2013-07-30,1687.92,1693.1899,1682.42,1685.96,,0.0003738140304867521,0.0003738140304867521,1.5209656466512702
2013-07-31,1687.76,1698.4301,1684.9399,1685.73,,-0.00013642079290143716,-0.00013642079290143716,1.5207581553117784
2013-08-01,1689.42,1707.85,1689.42,1706.87,,0.01254056106256618,0.01254056106256618,1.5398293158198613
2013-08-02,1706.1,1709.67,1700.6801,1709.67,,0.0016404295581973205,0.0016404295581973205,1.5423552973441108
2013-08-05,1708.01,1709.24,1703.55,1707.14,,-0.001479817742605305,-0.001479817742605305,1.5400728926096998
2013-08-06,1705.79,1705.79,1693.29,1697.37,,-0.005723022130581068,-0.005723022130581068,1.5312590213625865
2013-08-07,1695.3,1695.3,1684.91,1690.91,,-0.003805887932507246,-0.003805887932507246,1.5254312211316399
2013-08-08,1693.35,1700.1801,1688.38,1697.48,,0.0038854817819991005,0.0038854817819991005,1.5313582563510393
2013-08-09,1696.1,1699.42,1686.02,1691.42,,-0.003569997879209197,-0.003569997879209197,1.5258913106235565
2013-08-12,1688.37,1691.49,1683.35,1689.47,,-0.0011528774639061323,-0.0011528774639061323,1.5241321449191685
2013-08-13,1690.65,1696.8101,1682.62,1694.16,,0.0027760185146821215,0.0027760185146821215,1.5283631639722863
2013-08-14,1693.88,1695.52,1684.83,1685.39,,-0.005176606695943664,-0.005176606695943664,1.5204514289838338
2013-08-15,1679.61,1679.61,1658.59,1661.3199,,-0.014281620277799334,-0.014281620277799334,1.4987369190242494
2013-08-16,1661.22,1663.6,1652.61,1655.83,,-0.003304541166334052,-0.003304541166334052,1.493784281177829
2013-08-19,1655.25,1659.1801,1645.84,1646.0601,,-0.005900303775146054,-0.005900303775146054,1.4849705001443416
2013-08-20,1646.8101,1658.92,1646.08,1652.35,,0.0038211849008429333,0.0038211849008429333,1.4906448469976905
2013-08-21,1650.66,1656.99,1639.4301,1642.8,,-0.005779647169183222,-0.005779647169183222,1.4820294457274825
2013-08-22,1645.03,1659.55,1645.03,1656.96,,0.008619430241051829,0.008619430241051829,1.4948036951501156
2013-08-23,1659.92,1664.85,1654.8101,1663.5,,0.003946987253765855,0.003946987253765855,1.5007036662817552
2013-08-26,1664.29,1669.51,1656.02,1656.78,,-0.004039675383228136,-0.004039675383228136,1.4946413106235565
2013-08-27,1652.54,1652.54,1629.05,1630.48,,-0.01587416555004284,-0.01587416555004284,1.4709151270207852
2013-08-28,1630.25,1641.1801,1627.47,1634.96,,0.002747657131642267,0.002747657131642267,1.4749566974595842
2013-08-29,1633.5,1646.41,1630.88,1638.17,,0.0019633507853402676,0.0019633507853402676,1.4778525548498846
2013-08-30,1638.89,1640.08,1628.05,1632.97,,-0.003174273732274413,-0.003174273732274413,1.47316144630485
2013-09-03,1635.95,1651.35,1633.41,1639.77,,0.00416419162630044,0.00416419162630044,1.4792959728637414
2013-09-04,1640.72,1655.72,1637.41,1653.08,,0.008116992017173086,0.008116992017173086,1.4913034064665127
2013-09-05,1653.28,1659.17,1653.0699,1655.08,,0.0012098628015582147,0.0012098628015582147,1.4931076789838336
2013-09-06,1657.4399,1664.83,1640.62,1655.17,,5.437803610708336e-05,5.437803610708336e-05,1.4931888712471133
2013-09-09,1656.85,1672.4,1656.85,1671.71,,0.00999293123969136,0.00999293123969136,1.508110204965358
2013-09-10,1675.11,1684.09,1675.11,1683.99,,0.0073457716948512886,0.0073457716948512886,1.519188438221709
2013-09-11,1681.04,1689.13,1678.7,1689.13,,0.0030522746572130277,0.0030522746572130277,1.5238254185912241
2013-09-12,1689.21,1689.97,1681.96,1683.42,,-0.00338043845056335,-0.00338043845056335,1.5186742205542725
2013-09-13,1685.04,1688.73,1682.22,1687.99,,0.002714711717812568,0.002714711717812568,1.522796983256351
2013-09-16,1691.7,1704.95,1691.7,1697.6,,0.0056931616893465264,0.0056931616893465264,1.5314665127020783
2013-09-17,1697.73,1705.52,1697.73,1704.76,,0.004217719132893594,0.004217719132893594,1.5379258083140877
2013-09-18,1705.74,1729.4399,1700.35,1725.52,,0.01217766723761704,0.01217766723761704,1.5566541570438799
2013-09-19,1727.34,1729.86,1720.2,1722.34,,-0.0018429227131532278,-0.0018429227131532278,1.5537853637413395
2013-09-20,1722.4399,1725.23,1708.89,1709.91,,-0.007216925810234809,-0.007216925810234809,1.5425718100461894
2013-09-23,1711.4399,1711.4399,1697.1,1701.84,,-0.0047195466428058275,-0.0047195466428058275,1.535291570438799
2013-09-24,1702.6,1707.63,1694.9,1697.42,,-0.0025971889249282176,-0.0025971889249282176,1.5313041281755198
2013-09-25,1698.02,1701.71,1691.88,1692.77,,-0.0027394516383688616,-0.0027394516383688616,1.5271091945727482
2013-09-26,1694.05,1703.85,1693.11,1698.67,,0.0034854114853171136,0.0034854114853171136,1.5324317984988454
2013-09-27,1695.52,1695.52,1687.11,1691.75,,-0.004073775365432963,-0.004073775365432963,1.5261890155889146
2013-09-30,1687.26,1687.26,1674.99,1681.55,,-0.006029259642382212,-0.006029259642382212,1.5169872257505772
2013-10-01,1682.41,1696.55,1682.0699,1695.0,,0.007998572745383736,0.007998572745383736,1.529120958429561
2013-10-02,1691.9,1693.87,1680.34,1693.87,,-0.0006666666666667043,-0.0006666666666667043,1.5281015444572748
2013-10-03,1692.35,1692.35,1670.36,1678.66,,-0.008979437619179631,-0.008979437619179631,1.5143800519630486
2013-10-04,1678.79,1691.9399,1677.33,1690.5,,0.007053244850058871,0.007053244850058871,1.5250613452655888
2013-10-07,1687.15,1687.15,1674.7,1676.12,,-0.008506359065365343,-0.008506359065365343,1.5120886258660506
2013-10-08,1676.22,1676.79,1655.03,1655.45,,-0.012332052597665899,-0.012332052597665899,1.4934414693995381
2013-10-09,1656.99,1662.47,1646.47,1656.4,,0.0005738620918782633,0.0005738620918782633,1.4942984988452657
2013-10-10,1660.88,1692.5601,1660.88,1692.5601,,0.02183053610239072,0.02183053610239072,1.5269198361720553
2013-10-11,1691.09,1703.4399,1688.52,1703.2,,0.006286276038292682,0.006286276038292682,1.5365184757505774
2013-10-14,1699.86,1711.03,1692.13,1710.14,,0.004074682949741781,0.004074682949741781,1.5427793013856814
2013-10-15,1709.17,1711.5699,1695.9301,1698.0601,,-0.007063690691990199,-0.007063690691990199,1.5318815855946881
2013-10-16,1700.49,1721.76,1700.49,1721.54,,0.013827484669123313,0.013827484669123313,1.553063654734411
2013-10-17,1720.17,1733.45,1714.12,1733.15,,0.006743961801642717,0.006743961801642717,1.5635374566974596
2013-10-18,1736.72,1745.3101,1735.74,1744.5,,0.00654876958139794,0.00654876958139794,1.5737767032332564
2013-10-21,1745.2,1747.79,1740.67,1744.66,,9.17168243050881e-05,9.17168243050881e-05,1.5739210450346421
2013-10-22,1746.48,1759.33,1746.48,1754.67,,0.0057375075946028975,0.0057375075946028975,1.5829514289838338
2013-10-23,1752.27,1752.27,1740.5,1746.38,,-0.0047245350977676015,-0.0047245350977676015,1.5754727193995381
2013-10-24,1747.48,1753.9399,1745.5,1752.0699,,0.003258111064029512,0.003258111064029512,1.5806057844976904
2013-10-25,1756.01,1759.8199,1752.45,1759.77,,0.004394858903745913,0.004394858903745913,1.5875523239030023
2013-10-28,1759.42,1764.99,1757.67,1762.11,,0.0013297192246712886,0.0013297192246712886,1.5896633227482677
2013-10-29,1762.9301,1772.09,1762.9301,1771.95,,0.0055842143793520815,0.0055842143793520815,1.5985403435334873
2013-10-30,1772.27,1775.22,1757.24,1763.3101,,-0.0048759276503288485,-0.0048759276503288485,1.5907459764722862
2013-10-31,1763.24,1768.53,1755.72,1756.54,,-0.0038394267690067263,-0.0038394267690067263,1.5846384237875288
2013-11-01,1758.7,1765.67,1752.7,1761.64,,0.0029034351623078436,0.0029034351623078436,1.5892393187066975
2013-11-04,1763.4,1768.78,1761.5601,1767.9301,,0.0035705933107785803,0.0035705933107785803,1.594913845987298
2013-11-05,1765.67,1767.03,1755.76,1762.97,,-0.0028055973479946816,-0.0028055973479946816,1.590439159930716
2013-11-06,1765.0,1773.74,1764.4,1770.49,,0.004265529192215345,0.004265529192215345,1.5972232245958429
2013-11-07,1770.74,1774.54,1746.2,1747.15,,-0.013182791204694677,-0.013182791204694677,1.5761673643187069
2013-11-08,1748.37,1770.78,1747.63,1770.61,,0.013427582062215393,0.013427582062215393,1.5973314809468822
2013-11-11,1769.96,1773.4399,1767.85,1771.89,,0.000722914701713151,0.000722914701713151,1.5984862153579678
2013-11-12,1769.51,1771.78,1762.29,1767.6899,,-0.002370406740824782,-0.002370406740824782,1.5946971528579676
2013-11-13,1764.37,1782.0,1760.64,1782.0,,0.00809536785835574,0.00809536785835574,1.6076068129330254
2013-11-14,1782.75,1791.53,1780.22,1790.62,,0.0048372615039280475,0.0048372615039280475,1.615383227482679
2013-11-15,1790.66,1798.22,1790.66,1798.1801,,0.004222057164557702,0.004222057164557702,1.6222034678117783
2013-11-18,1798.8199,1802.33,1788.0,1791.53,,-0.0036982391252133873,-0.0036982391252133873,1.61620417147806
2013-11-19,1790.79,1795.51,1784.72,1787.87,,-0.0020429465317355344,-0.0020429465317355344,1.6129023527713624
2013-11-20,1789.59,1795.73,1777.23,1781.37,,-0.003635611090291757,-0.003635611090291757,1.6070384670900693
2013-11-21,1783.52,1797.16,1783.52,1795.85,,0.008128575197741128,0.008128575197741128,1.6201014001154734
2013-11-22,1797.21,1804.84,1794.7,1804.76,,0.00496143887295708,0.00496143887295708,1.6281394341801385
2013-11-25,1806.33,1808.1,1800.58,1802.48,,-0.0012633258715840645,-0.0012633258715840645,1.6260825635103926
2013-11-26,1802.87,1808.42,1800.77,1802.75,,0.00014979361768219235,0.00014979361768219235,1.626326140300231
2013-11-27,1803.48,1808.27,1802.77,1807.23,,0.0024850922202190873,0.0024850922202190873,1.63036771073903
2013-11-29,1808.6899,1813.55,1803.98,1805.8101,,-0.0007856775285934869,-0.0007856775285934869,1.629086767465358
2013-12-02,1806.55,1810.02,1798.6,1800.9,,-0.002719056671573461,-0.002719056671573461,1.6246571882217091
2013-12-03,1800.1,1800.1,1787.85,1795.15,,-0.0031928480204341803,-0.0031928480204341803,1.6194699047344112
2013-12-04,1793.15,1799.8,1779.09,1792.8101,,-0.0013034565356656591,-0.0013034565356656591,1.6173589961027712
2013-12-05,1792.8199,1792.8199,1783.38,1785.03,,-0.004339611875234239,-0.004339611875234239,1.6103402857967668
2013-12-06,1788.36,1806.04,1788.36,1805.09,,0.011237906365719308,0.011237906365719308,1.6284371391454964
2013-12-09,1806.21,1811.52,1806.21,1808.37,,0.001817083912713402,0.001817083912713402,1.6313961460739028
2013-12-10,1807.6,1808.52,1801.75,1802.62,,-0.0031796590299552063,-0.0031796590299552063,1.626208862586605
2013-12-11,1802.76,1802.97,1780.09,1782.22,,-0.011316861013413781,-0.011316861013413781,1.6078052829099307
2013-12-12,1781.71,1782.99,1772.28,1775.5,,-0.0037705782675540034,-0.0037705782675540034,1.601742927251732
2013-12-13,1777.98,1780.92,1772.45,1775.3199,,-0.00010143621515068535,-0.00010143621515068535,1.6015804525115473
2013-12-16,1777.48,1792.22,1777.48,1786.54,,0.006320044066424391,0.006320044066424391,1.611702511547344
2013-12-17,1786.47,1786.77,1777.05,1781.0,,-0.0031009661132691546,-0.0031009661132691546,1.606704676674365
2013-12-18,1781.46,1811.08,1767.99,1810.65,,0.01664795058955648,0.01664795058955648,1.633453016743649
2013-12-19,1809.0,1810.88,1801.35,1809.6,,-0.0005799022450502234,-0.0005799022450502234,1.6325057736720554
2013-12-20,1810.39,1823.75,1810.25,1818.3199,,0.004818689213085703,0.004818689213085703,1.640372311633949
2013-12-23,1822.92,1829.75,1822.92,1827.99,,0.005318151113013814,0.005318151113013814,1.6490960594688222
2013-12-24,1828.02,1833.3199,1828.02,1833.3199,,0.0029157161691255595,0.0029157161691255595,1.6539043555138568
2013-12-26,1834.96,1842.84,1834.96,1842.02,,0.0047455438628032365,0.0047455438628032365,1.661753031177829
2013-12-27,1842.97,1844.89,1839.8101,1841.4,,-0.0003365870077414179,-0.0003365870077414179,1.6611937066974596
2013-12-30,1841.47,1842.47,1838.77,1841.0699,,-0.00017926577603999405,-0.00017926577603999405,1.6608959115184756
2013-12-31,1842.61,1849.4399,1842.41,1848.36,,0.003959708428235009,0.003959708428235009,1.6674725750577366
2014-01-02,1845.86,1845.86,1827.74,1831.98,,-0.008861910017529007,-0.008861910017529007,1.6526955831408776
2014-01-03,1833.21,1838.24,1829.13,1831.37,,-0.000332973067391662,-0.000332973067391662,1.6521452800230945
2014-01-06,1832.3101,1837.16,1823.73,1826.77,,-0.0025117807979817552,-0.0025117807979817552,1.6479954532332564
2014-01-07,1828.71,1840.1,1828.71,1837.88,,0.006081772746432401,0.006081772746432401,1.6580181870669746
2014-01-08,1837.9,1840.02,1831.4,1837.49,,-0.0002122010142120434,-0.0002122010142120434,1.657666353926097
2014-01-09,1839.0,1843.23,1830.38,1838.13,,0.00034830121524476176,0.00034830121524476176,1.6582437211316399
2014-01-10,1840.0601,1843.15,1832.4301,1842.37,,0.0023066921273249275,0.0023066921273249275,1.6620687788683601
2014-01-13,1841.26,1843.45,1815.52,1819.2,,-0.01257619262146037,-0.01257619262146037,1.6411662817551964
2014-01-14,1821.36,1839.26,1821.36,1838.88,,0.010817941952506738,0.010817941952506738,1.658920323325635
2014-01-15,1840.52,1850.84,1840.52,1848.38,,0.005166188114504422,0.005166188114504422,1.66749061778291
2014-01-16,1847.99,1847.99,1840.3,1845.89,,-0.001347125591058096,-0.001347125591058096,1.6652442984988454
2014-01-17,1844.23,1846.04,1835.23,1838.7,,-0.0038951400137603454,-0.0038951400137603454,1.6587579387990763
2014-01-21,1841.05,1849.3101,1832.38,1843.8,,0.002773698808941072,0.002773698808941072,1.6633588337182448
2014-01-22,1844.71,1846.87,1840.88,1844.86,,0.0005748996637378045,0.0005748996637378045,1.6643150981524248
2014-01-23,1842.29,1842.29,1820.0601,1828.46,,-0.008889563435707792,-0.008889563435707792,1.6495200635103926
2014-01-24,1826.96,1826.96,1790.29,1790.29,,-0.020875490850223777,-0.020875490850223777,1.6150855225173208
2014-01-27,1791.03,1795.98,1772.88,1781.5601,,-0.00487624909930795,-0.00487624909930795,1.6072099631928405
2014-01-28,1783.0,1793.87,1779.49,1792.5,,0.006140629215932725,0.006140629215932725,1.6170792436489607
2014-01-29,1790.15,1790.15,1770.45,1774.2,,-0.010209205020920487,-0.010209205020920487,1.6005701501154734
2014-01-30,1777.17,1798.77,1777.17,1794.1899,,0.01126699357456884,0.01126699357456884,1.6186037637124713
2014-01-31,1790.88,1793.88,1772.26,1782.59,,-0.00646525766308248,-0.00646525766308248,1.608139073325635
2014-02-03,1782.6801,1784.83,1739.66,1741.89,,-0.02283194677407585,-0.02283194677407585,1.5714221275981526
2014-02-04,1743.8199,1758.73,1743.8199,1755.2,,0.00764112544420148,0.00764112544420148,1.5834295612009237
2014-02-05,1753.38,1755.79,1737.92,1751.64,,-0.0020282588878759444,-0.0020282588878759444,1.5802179561200924
2014-02-06,1752.99,1774.0601,1752.99,1773.4301,,0.012439827818501392,0.012439827818501392,1.5998755954099306
2014-02-07,1776.01,1798.03,1776.01,1797.02,,0.013301849337055804,0.013301849337055804,1.6211568995381063
2014-02-10,1796.2,1799.9399,1791.83,1799.84,,0.0015692646715117498,0.0015692646715117498,1.6237009237875288
2014-02-11,1800.45,1823.54,1800.41,1819.75,,0.011062094408391898,0.011062094408391898,1.6416624566974596
2014-02-12,1820.12,1826.55,1815.97,1819.26,,-0.0002692677565599988,-0.0002692677565599988,1.641220409930716
2014-02-13,1814.8199,1830.25,1809.22,1829.83,,0.005810054637599871,0.005810054637599871,1.6507559901847575
2014-02-14,1828.46,1841.65,1825.59,1838.63,,0.004809189924747104,0.004809189924747104,1.65869478926097
2014-02-18,1839.03,1842.87,1835.01,1840.76,,0.0011584712530525731,0.0011584712530525731,1.660616339491917
2014-02-19,1838.9,1847.5,1826.99,1828.75,,-0.006524479019535456,-0.006524479019535456,1.6497816830254042
2014-02-20,1829.24,1842.79,1824.58,1839.78,,0.006031442241968499,0.006031442241968499,1.6597322459584296
2014-02-21,1841.0699,1846.13,1835.6,1836.25,,-0.0019187076715694307,-0.0019187076715694307,1.6565477049653579
2014-02-24,1836.78,1858.71,1836.78,1847.61,,0.006186521443158455,0.006186521443158455,1.6667959728637411
2014-02-25,1847.66,1852.91,1840.1899,1845.12,,-0.0013476870118693807,-0.0013476870118693807,1.6645496535796767
2014-02-26,1845.79,1852.65,1840.66,1845.16,,2.167880679859735e-05,2.167880679859735e-05,1.6645857390300232
2014-02-27,1844.9,1854.53,1841.13,1854.29,,0.004948080383272879,0.004948080383272879,1.6728222430715936
2014-02-28,1855.12,1867.92,1847.67,1859.45,,0.00278273624945391,0.00278273624945391,1.6774772661662818
2014-03-03,1857.6801,1857.6801,1834.4399,1845.73,,-0.007378525908198652,-0.007378525908198652,1.6650999566974596
2014-03-04,1849.23,1876.23,1849.23,1873.91,,0.01526767186966671,0.01526767186966671,1.6905221564665127
2014-03-05,1874.05,1876.53,1871.11,1873.8101,,-5.331099145644558e-05,-5.331099145644558e-05,1.6904320330542724
2014-03-06,1874.1801,1881.9399,1874.1801,1877.03,,0.0017183705008314565,0.0017183705008314565,1.6933368215935334
2014-03-07,1878.52,1883.5699,1870.5601,1878.04,,0.0005380841009468007,0.0005380841009468007,1.6942479792147804
2014-03-10,1877.86,1877.87,1867.04,1877.17,,-0.00046324891908577914,-0.00046324891908577914,1.693463120669746
2014-03-11,1878.26,1882.35,1863.88,1867.63,,-0.0050821182950930854,-0.0050821182950930854,1.6848567407621249
2014-03-12,1866.15,1868.38,1854.38,1868.2,,0.00030519963804387373,0.00030519963804387373,1.6853709584295613
2014-03-13,1869.0601,1874.4,1841.86,1846.34,,-0.011701102665667595,-0.011701102665667595,1.6656502598152423
2014-03-14,1845.0699,1852.4399,1839.5699,1841.13,,-0.0028217988019539897,-0.0028217988019539897,1.6609501299076213
2014-03-17,1842.8101,1862.3,1842.8101,1858.83,,0.009613661175473576,0.009613661175473576,1.6769179416859121
2014-03-18,1858.92,1873.76,1858.92,1872.25,,0.007219595121662481,0.007219595121662481,1.6890246102771362
2014-03-19,1872.25,1874.14,1850.35,1860.77,,-0.006131659767659281,-0.006131659767659281,1.6786680860277137
2014-03-20,1860.09,1873.49,1854.63,1872.01,,0.006040510111405606,0.006040510111405606,1.6888080975750577
2014-03-21,1874.53,1883.97,1863.46,1866.52,,-0.0029326766416846173,-0.0029326766416846173,1.6838553695150116
2014-03-24,1867.67,1873.34,1849.6899,1857.4399,,-0.0048647215138332145,-0.0048647215138332145,1.6756638820727483
2014-03-25,1859.48,1871.87,1855.96,1865.62,,0.004403964833532337,0.004403964833532337,1.6830434468822169
2014-03-26,1867.09,1875.92,1852.5601,1852.5601,,-0.00700030016830866,-0.00700030016830866,1.6712616375577367
2014-03-27,1852.11,1855.55,1842.11,1849.04,,-0.0019001272887179121,-0.0019001272887179121,1.6680860277136258
2014-03-28,1850.0699,1866.63,1850.0699,1857.62,,0.004640245749145455,0.004640245749145455,1.6758263568129328
2014-03-31,1859.16,1875.1801,1859.16,1872.34,,0.007924117957386345,0.007924117957386345,1.6891058025404155
2014-04-01,1873.96,1885.84,1873.96,1885.52,,0.007039319781663611,0.007039319781663611,1.700995958429561
2014-04-02,1886.61,1893.17,1883.79,1890.9,,0.002853324281895775,0.002853324281895775,1.7058494515011549
2014-04-03,1891.4301,1893.8,1882.65,1888.77,,-0.0011264477233063896,-0.0011264477233063896,1.7039279012702078
2014-04-04,1890.25,1897.28,1863.26,1865.09,,-0.012537259698110481,-0.012537259698110481,1.682565314665127
2014-04-07,1863.92,1864.04,1841.48,1845.04,,-0.010750151467221358,-0.010750151467221358,1.6644774826789839
2014-04-08,1845.48,1854.95,1837.49,1851.96,,0.003750596193036415,0.003750596193036415,1.6707202655889146
2014-04-09,1852.64,1872.4301,1852.38,1872.1801,,0.010918216376163636,0.010918216376163636,1.6889615509526559
2014-04-10,1872.28,1872.53,1830.87,1833.08,,-0.0208847962864257,-0.0208847962864257,1.653687933025404
2014-04-11,1830.65,1835.0699,1814.36,1815.6899,,-0.009486819996944895,-0.009486819996944895,1.637999693273672
2014-04-14,1818.1801,1834.1899,1815.8,1830.61,,0.008217317285291736,0.008217317285291736,1.6514596564665125
2014-04-15,1831.45,1844.02,1816.29,1842.98,,0.006757310404728489,0.006757310404728489,1.6626190819861433
2014-04-16,1846.01,1862.3101,1846.01,1862.3101,,0.010488502316899684,0.010488502316899684,1.6800574660796765
2014-04-17,1861.73,1869.63,1856.72,1864.85,,0.0013638437551297677,0.0013638437551297677,1.6823488019630484
2014-04-21,1865.79,1871.89,1863.1801,1871.89,,0.0037751025551653328,0.0037751025551653328,1.6886998412240186
2014-04-22,1872.5699,1884.89,1872.5699,1879.55,,0.004092120797696275,0.004092120797696275,1.6956102049653579
2014-04-23,1879.3199,1879.75,1873.91,1875.39,,-0.0022132957356812977,-0.0022132957356812977,1.6918573181293304
2014-04-24,1881.97,1884.0601,1870.24,1878.61,,0.0017169762022830604,0.0017169762022830604,1.694762196882217
2014-04-25,1877.72,1877.72,1859.7,1863.4,,-0.008096411708656825,-0.008096411708656825,1.681040704387991
2014-04-28,1865.0,1877.01,1850.61,1869.4301,,0.0032360738435117664,0.0032360738435117664,1.6864806762413396
2014-04-29,1870.78,1880.6,1870.78,1878.33,,0.004760755697685637,0.004760755697685637,1.694509598729792
2014-04-30,1877.1,1885.2,1872.6899,1883.95,,0.0029920195066894806,0.0029920195066894806,1.6995796045034641
2014-05-01,1884.39,1888.59,1878.04,1883.6801,,-0.0001432628254465218,-0.0001432628254465218,1.6993361179272517
2014-05-02,1885.3,1891.33,1878.5,1881.14,,-0.00134847737681143,-0.00134847737681143,1.6970446016166283
2014-05-05,1879.45,1885.51,1866.77,1884.66,,0.0018712057582104258,0.0018712057582104258,1.7002201212471133
2014-05-06,1883.6899,1883.6899,1867.72,1867.72,,-0.008988358642938232,-0.008988358642938232,1.6849379330254042
2014-05-07,1868.53,1878.83,1859.79,1878.21,,0.005616473561347535,0.005616473561347535,1.694401342378753
2014-05-08,1877.39,1889.0699,1870.05,1875.63,,-0.001373648314086262,-0.001373648314086262,1.692073830831409
2014-05-09,1875.27,1878.5699,1867.02,1878.48,,0.0015194894515442314,0.0015194894515442314,1.6946449191685913
2014-05-12,1880.03,1897.13,1880.03,1896.65,,0.009672714109279834,0.009672714109279834,1.7110367349884528
2014-05-13,1896.75,1902.17,1896.0601,1897.45,,0.00042179632509942167,0.00042179632509942167,1.711758443995381
2014-05-14,1897.13,1897.13,1885.77,1888.53,,-0.0047010461408732995,-0.0047010461408732995,1.7037113885681292
2014-05-15,1888.16,1888.16,1862.36,1870.85,,-0.009361778737960291,-0.009361778737960291,1.6877616195150114
2014-05-16,1871.1899,1878.28,1864.8199,1877.86,,0.0037469599379960083,0.0037469599379960083,1.6940855946882216
2014-05-19,1876.66,1886.0,1872.42,1885.08,,0.003844802061921504,0.003844802061921504,1.7005990184757505
2014-05-20,1884.88,1884.88,1868.14,1872.83,,-0.006498397945975731,-0.006498397945975731,1.6895478493071592
2014-05-21,1873.34,1888.8,1873.34,1888.03,,0.008116059653038521,0.008116059653038521,1.703260320438799
2014-05-22,1888.1899,1896.33,1885.39,1892.49,,0.002362250599831528,0.002362250599831528,1.7072838481524248
2014-05-23,1893.3199,1901.26,1893.3199,1900.53,,0.00424837119350685,0.00424837119350685,1.7145370236720554
2014-05-27,1902.01,1912.28,1902.01,1911.91,,0.005987803402208947,0.005987803402208947,1.724803334295612
2014-05-28,1911.77,1914.46,1907.3,1909.78,,-0.0011140691768964928,-0.0011140691768964928,1.722881784064665
2014-05-29,1910.6,1920.03,1909.8199,1920.03,,0.005367110347788806,0.005367110347788806,1.7321286807159353
2014-05-30,1920.33,1924.03,1916.64,1923.5699,,0.0018436691093368651,0.0018436691093368651,1.7353221528579676
2014-06-02,1923.87,1925.88,1915.98,1924.97,,0.0007278654131570583,0.0007278654131570583,1.7365852338337182
2014-06-03,1923.0699,1925.0699,1918.79,1924.24,,-0.0003792266892471696,-0.0003792266892471696,1.735926674364896
2014-06-04,1923.0601,1928.63,1918.6,1927.88,,0.00189165592649565,0.00189165592649565,1.7392104503464203
2014-06-05,1928.52,1941.74,1922.9301,1940.46,,0.006525302404714051,0.006525302404714051,1.7505593244803694
2014-06-06,1942.41,1949.4399,1942.41,1949.4399,,0.004627717139235044,0.004627717139235044,1.758660417869515
2014-06-09,1948.97,1955.55,1947.16,1951.27,,0.0009387824677231649,0.0009387824677231649,1.7603114174364896
2014-06-10,1950.34,1950.86,1944.64,1950.79,,-0.0002459936349147318,-0.0002459936349147318,1.7598783920323324
2014-06-11,1949.37,1949.37,1940.08,1943.89,,-0.0035370285884179786,-0.0035370285884179786,1.7536536518475752
2014-06-12,1943.35,1943.35,1925.78,1930.11,,-0.007088878485922656,-0.007088878485922656,1.7412222142032332
2014-06-13,1930.8,1937.3,1927.6899,1936.16,,0.0031345363735746368,0.0031345363735746368,1.7466801385681294
2014-06-16,1934.84,1941.15,1930.91,1937.78,,0.0008367077101065767,0.0008367077101065767,1.7481415993071594
2014-06-17,1937.15,1943.6899,1933.55,1941.99,,0.0021725892516177847,0.0021725892516177847,1.7519395929561201
2014-06-18,1942.73,1957.74,1939.29,1956.98,,0.007718886297045868,0.007718886297045868,1.7654626154734412
2014-06-19,1957.5,1959.87,1952.26,1959.48,,0.0012774785639098063,0.0012774785639098063,1.7677179561200924
2014-06-20,1960.45,1963.91,1959.17,1962.87,,0.0017300508298119244,0.0017300508298119244,1.7707761980369514
2014-06-23,1962.92,1963.74,1958.89,1962.61,,-0.0001324591032518807,-0.0001324591032518807,1.7705416426096996
2014-06-24,1961.97,1968.17,1948.34,1949.98,,-0.006435308084642322,-0.006435308084642322,1.7591476616628174
2014-06-25,1949.27,1960.83,1947.49,1959.53,,0.0048974861280628446,0.0048974861280628446,1.7677630629330254
2014-06-26,1959.89,1959.89,1944.6899,1957.22,,-0.0011788541129760244,-0.0011788541129760244,1.7656791281755195
2014-06-27,1956.5601,1961.47,1952.1801,1960.96,,0.0019108735860047243,0.0019108735860047243,1.7690531177829099
2014-06-30,1960.79,1964.24,1958.22,1960.23,,-0.0003722666449086365,-0.0003722666449086365,1.7683945583140877
2014-07-01,1962.29,1978.58,1962.29,1973.3199,,0.006677736796192324,0.006677736796192324,1.7802034317263278
2014-07-02,1973.0601,1976.67,1972.58,1974.62,,0.0006588389444610598,0.0006588389444610598,1.7813762990762123
2014-07-03,1975.88,1985.59,1975.88,1985.4399,,0.005479484660339873,0.005479484660339873,1.7911373231812933
2014-07-07,1984.22,1984.22,1974.88,1977.65,,-0.003923513373535026,-0.003923513373535026,1.784109771939954
2014-07-08,1976.39,1976.39,1959.46,1963.71,,-0.0070487700048037505,-0.0070487700048037505,1.7715339924942264
2014-07-09,1965.1,1974.15,1965.1,1972.83,,0.004644270284308805,0.004644270284308805,1.77976147517321
2014-07-10,1966.67,1969.84,1952.86,1964.6801,,-0.004131070594019737,-0.004131070594019737,1.7724091548787528
2014-07-11,1965.76,1968.67,1959.63,1967.5699,,0.0014708755893644287,0.0014708755893644287,1.7750161482390299
2014-07-14,1969.86,1979.85,1969.86,1977.1,,0.0048435890384377345,0.0048435890384377345,1.7836135969976905
2014-07-15,1977.36,1982.52,1965.34,1973.28,,-0.0019321228061301987,-0.0019321228061301987,1.7801674364896074
2014-07-16,1976.35,1983.9399,1975.67,1981.5699,,0.004201076380442759,0.004201076380442759,1.7876460558602771
2014-07-17,1979.75,1981.8,1955.59,1958.12,,-0.011834000910086573,-0.011834000910086573,1.766491050808314
2014-07-18,1961.54,1979.91,1960.8199,1978.22,,0.01026494801135791,0.01026494801135791,1.7846239896073903
2014-07-21,1976.9301,1976.9301,1965.77,1973.63,,-0.0023202677154209317,-0.0023202677154209317,1.7804831841801387
2014-07-22,1975.65,1986.24,1975.65,1983.53,,0.005016137776584273,0.005016137776584273,1.7894143331408776
2014-07-23,1985.3199,1989.23,1982.4399,1987.01,,0.0017544478782776096,0.0017544478782776096,1.7925537673210161
2014-07-24,1988.0699,1991.39,1985.79,1987.98,,0.00048817066849182744,0.00048817066849182744,1.793428839491917
2014-07-25,1984.6,1984.6,1974.37,1978.34,,-0.004849143351542851,-0.004849143351542851,1.7847322459584294
2014-07-28,1978.25,1981.52,1967.3101,1978.91,,0.0002881203433182655,0.0002881203433182655,1.785246463625866
2014-07-29,1980.03,1984.85,1969.95,1969.95,,-0.004527745071781997,-0.004527745071781997,1.777163322748268
2014-07-30,1973.21,1978.9,1962.42,1970.0699,,6.086448894637719e-05,6.086448894637719e-05,1.7772714888856813
2014-07-31,1965.14,1965.14,1930.67,1930.67,,-0.019999239620888565,-0.019999239620888565,1.741727410508083
2014-08-01,1929.8,1937.35,1916.37,1925.15,,-0.0028591110857888458,-0.0028591110857888458,1.7367476183602772
2014-08-04,1926.62,1942.92,1921.2,1938.99,,0.007189050203880276,0.007189050203880276,1.7492331841801385
2014-08-05,1936.34,1936.34,1913.77,1920.21,,-0.009685454798632254,-0.009685454798632254,1.7322910652424943
2014-08-06,1917.29,1927.91,1911.45,1920.24,,1.56232912025267e-05,1.56232912025267e-05,1.732318129330254
2014-08-07,1923.03,1928.89,1904.78,1909.5699,,-0.0055566491688539,-0.0055566491688539,1.7226922452367206
2014-08-08,1910.35,1932.38,1909.01,1931.59,,0.011531444855723771,0.011531444855723771,1.7425573758660506
2014-08-11,1933.4301,1944.9,1933.4301,1936.92,,0.0027593847555642537,0.0027593847555642537,1.7473657621247114
2014-08-12,1935.73,1939.65,1928.29,1933.75,,-0.001636618962063574,-0.001636618962063574,1.7445059901847575
2014-08-13,1935.6,1948.41,1935.6,1946.72,,0.006707175177763425,0.006707175177763425,1.7562066974595842
2014-08-14,1947.41,1955.23,1947.41,1955.1801,,0.004345822717185754,0.004345822717185754,1.763838860421478
2014-08-15,1958.87,1964.04,1941.5,1955.0601,,-6.137542009565511e-05,-6.137542009565511e-05,1.7637306040704388
2014-08-18,1958.36,1971.99,1958.36,1971.74,,0.008531655881064859,0.008531655881064859,1.7787781466512702
2014-08-19,1972.73,1982.5699,1972.73,1981.6,,0.005000659316136913,0.005000659316136913,1.7876732101616628
2014-08-20,1980.46,1988.5699,1977.6801,1986.51,,0.002477795720629894,0.002477795720629894,1.792102699191686
2014-08-21,1986.8199,1994.76,1986.8199,1992.37,,0.002949897055640305,0.002949897055640305,1.7973892176674364
2014-08-22,1992.6,1993.54,1984.76,1988.4,,-0.0019926017757744274,-0.0019926017757744274,1.7938077367205543
2014-08-25,1991.74,2001.95,1991.74,1997.92,,0.004787769060551117,0.004787769060551117,1.8023960739030023
2014-08-26,1998.59,2005.04,1998.59,2000.02,,0.0010510931368623577,0.0010510931368623577,1.8042905600461894
2014-08-27,2000.54,2002.14,1996.2,2000.12,,4.999950000494913e-05,4.999950000494913e-05,1.8043807736720554
2014-08-28,1997.42,1998.55,1990.52,1996.74,,-0.0016898986060835952,-0.0016898986060835952,1.801331553117783
2014-08-29,1998.45,2003.38,1994.65,2003.37,,0.0033204122720034146,0.0033204122720034146,1.8073127165127019
2014-09-02,2004.0699,2006.12,1994.85,2002.28,,-0.0005440832197746159,-0.0005440832197746159,1.806329387990762
2014-09-03,2003.5699,2009.28,1998.14,2000.72,,-0.0007791118125336505,-0.0007791118125336505,1.8049220554272518
2014-09-04,2001.67,2011.17,1992.54,1997.65,,-0.0015344475988643413,-0.0015344475988643413,1.802152497113164
2014-09-05,1998.0,2007.71,1990.1,2007.71,,0.005035917202713236,0.005035917202713236,1.8112279878752886
2014-09-08,2007.17,2007.17,1995.6,2001.54,,-0.0030731529952034986,-0.0030731529952034986,1.8056618071593533
2014-09-09,2000.73,2001.01,1984.61,1988.4399,,-0.0065450103420365835,-0.0065450103420365835,1.7938437319572749
2014-09-10,1988.41,1996.66,1982.99,1995.6899,,0.0036460744928725752,0.0036460744928725752,1.8003842198325635
2014-09-11,1992.85,1997.65,1985.9301,1997.45,,0.0008819506477433237,0.0008819506477433237,1.8019720698614319
2014-09-12,1996.74,1996.74,1980.26,1985.54,,-0.005962602317955423,-0.005962602317955423,1.7912276270207852
2014-09-15,1986.04,1987.1801,1978.48,1984.13,,-0.0007101342707775959,-0.0007101342707775959,1.789955614896074
2014-09-16,1981.9301,2002.28,1979.0601,1998.98,,0.007484388623729243,0.007484388623729243,1.8033523383371823
2014-09-17,1999.3,2010.74,1993.29,2001.5699,,0.0012956107614883194,0.0012956107614883194,1.8056887810334872
2014-09-18,2003.0699,2012.34,2003.0699,2011.36,,0.004891210644204724,0.004891210644204724,1.8145207852193994
2014-09-19,2012.74,2019.26,2006.59,2010.4,,-0.00047728899848853423,-0.00047728899848853423,1.8136547344110856
2014-09-22,2009.08,2009.08,1991.01,1994.29,,-0.008013330680461617,-0.008013330680461617,1.7991213192840647
2014-09-23,1992.78,1995.41,1982.77,1982.77,,-0.005776491884329715,-0.005776491884329715,1.7887287095842956
2014-09-24,1983.34,1999.79,1978.63,1998.3,,0.007832476787524412,0.007832476787524412,1.8027388856812931
2014-09-25,1997.3199,1997.3199,1965.99,1965.99,,-0.0161687434319171,-0.0161687434319171,1.7735908631639723
2014-09-26,1966.22,1986.37,1966.22,1982.85,,0.008575832023560492,0.008575832023560492,1.7888008804849884
2014-09-29,1978.96,1981.28,1964.04,1977.8,,-0.002546839145674107,-0.002546839145674107,1.7842450923787527
2014-09-30,1978.21,1985.17,1968.96,1972.29,,-0.002785923753665709,-0.002785923753665709,1.7792743215935334
2014-10-01,1971.4399,1971.4399,1941.72,1946.16,,-0.013248558781923436,-0.013248558781923436,1.7557015011547346
2014-10-02,1945.83,1952.3199,1926.03,1946.17,,5.138323673214984e-06,5.138323673214984e-06,1.755710522517321
2014-10-03,1948.12,1971.1899,1948.12,1967.9,,0.011165519969992266,0.011165519969992266,1.7753139434180139
2014-10-06,1970.01,1977.84,1958.4301,1964.8199,,-0.0015651709944611847,-0.0015651709944611847,1.7725352735277136
2014-10-07,1962.36,1962.36,1934.87,1935.1,,-0.015126017402409264,-0.015126017402409264,1.7457238741339491
2014-10-08,1935.55,1970.36,1925.25,1968.89,,0.017461629889928165,0.017461629889928165,1.7762070583140879
2014-10-09,1967.6801,1967.6801,1927.5601,1928.21,,-0.020661387888607274,-0.020661387888607274,1.7395081553117784
2014-10-10,1925.63,1936.98,1906.05,1906.13,,-0.011451034897651202,-0.011451034897651202,1.7195889867205543
2014-10-13,1905.65,1912.09,1874.14,1874.74,,-0.016467921915084505,-0.016467921915084505,1.691270929561201
2014-10-14,1877.11,1898.71,1871.79,1877.7,,0.0015788856054705924,0.0015788856054705924,1.693941252886836
2014-10-15,1874.1801,1874.1801,1820.66,1862.49,,-0.008100335516855739,-0.008100335516855739,1.6802197603926097
2014-10-16,1855.95,1876.01,1835.02,1862.76,,0.0001449672213005293,0.0001449672213005293,1.680463337182448
2014-10-17,1864.91,1898.16,1864.91,1886.76,,0.01288410745345625,0.01288410745345625,1.7021146073903002
2014-10-20,1885.62,1905.03,1882.3,1904.01,,0.009142657253704778,0.009142657253704778,1.717676457852194
2014-10-21,1909.38,1942.45,1909.38,1941.28,,0.019574477024805637,0.019574477024805637,1.7512990762124712
2014-10-22,1941.29,1949.3101,1926.83,1927.11,,-0.0072993076732877915,-0.0072993076732877915,1.7385158054272516
2014-10-23,1931.02,1961.95,1931.02,1950.8199,,0.01230334542397693,0.01230334542397693,1.7599053659064665
2014-10-24,1951.59,1965.27,1946.27,1964.58,,0.007053495814759669,0.007053495814759669,1.772318851039261
2014-10-27,1962.97,1964.64,1951.37,1961.63,,-0.0015015932158526368,-0.0015015932158526368,1.7696575490762125
2014-10-28,1964.14,1985.05,1964.14,1985.05,,0.01193905068743839,0.01193905068743839,1.7907855802540416
2014-10-29,1983.29,1991.4,1969.04,1982.3,,-0.001385355532606214,-0.001385355532606214,1.788304705542725
2014-10-30,1979.49,1999.4,1974.75,1994.65,,0.006230136709882483,0.006230136709882483,1.7994460883371826
2014-10-31,2001.2,2018.1899,2001.2,2018.05,,0.01173138144536634,0.01173138144536634,1.8205560767898383
2014-11-03,2018.21,2024.46,2013.6801,2017.8101,,-0.00011887713386682375,-0.00011887713386682375,1.8203396543013857
2014-11-04,2015.8101,2015.98,2001.01,2012.1,,-0.0028298500438668217,-0.0028298500438668217,1.8151883660508081
2014-11-05,2015.29,2023.77,2014.42,2023.5699,,0.005700462203667822,0.005700462203667822,1.8255357787240185
2014-11-06,2023.33,2031.61,2015.86,2031.21,,0.003775555269921682,0.003775555269921682,1.8324281899538106
2014-11-07,2032.36,2034.26,2025.0699,2031.92,,0.0003495453448929542,0.0003495453448929542,1.8330687066974596
2014-11-10,2032.01,2038.7,2030.17,2038.26,,0.0031202015827394014,0.0031202015827394014,1.8387882505773672
2014-11-11,2038.2,2041.28,2035.28,2039.6801,,0.0006967217136184534,0.0006967217136184534,1.840069374278291
2014-11-12,2037.75,2040.33,2031.95,2038.25,,-0.0007011393600399041,-0.0007011393600399041,1.8387792292147807
2014-11-13,2039.21,2046.1801,2030.4399,2039.33,,0.0005298663068808995,0.0005298663068808995,1.8397535363741337
2014-11-14,2039.74,2042.22,2035.2,2039.8199,,0.00024022595656414403,0.00024022595656414403,1.8401954929272517
2014-11-17,2038.29,2043.0699,2034.46,2041.3199,,0.0007353590383150088,0.0007353590383150088,1.8415486973152424
2014-11-18,2041.48,2056.0801,2041.48,2051.8,,0.00513398218476202,0.00513398218476202,1.8510031755196306
2014-11-19,2051.1599,2052.1399,2040.37,2048.72,,-0.0015011209669559822,-0.0015011209669559822,1.848224595842956
2014-11-20,2045.87,2053.8401,2040.49,2052.75,,0.001967081885274835,0.001967081885274835,1.8518602049653579
2014-11-21,2057.46,2071.46,2056.75,2063.5,,0.0052368773596394025,0.0052368773596394025,1.8615581697459584
2014-11-24,2065.0701,2070.1699,2065.0701,2069.4099,,0.002864017446086775,0.002864017446086775,1.8668897048210162
2014-11-25,2070.1499,2074.21,2064.75,2067.03,,-0.0011500379890904133,-0.0011500379890904133,1.8647427107390302
2014-11-26,2067.3601,2073.29,2066.6201,2072.8301,,0.0028060066859212363,0.0028060066859212363,1.869975191252887
2014-11-28,2074.78,2075.76,2065.0601,2067.5601,,-0.002542417731197566,-0.002542417731197566,1.865220933169746
2014-12-01,2065.78,2065.78,2049.5701,2053.4399,,-0.006829402443972676,-0.006829402443972676,1.8524825887702077
2014-12-02,2053.77,2068.77,2053.77,2066.55,,0.006384457611834815,0.006384457611834815,1.864309685334873
2014-12-03,2067.45,2076.28,2066.6499,2074.3301,,0.0037647770438653527,0.0037647770438653527,1.8713283956408777
2014-12-04,2073.6399,2077.3401,2062.3401,2071.9199,,-0.001161917285971148,-0.001161917285971148,1.869154066830254
2014-12-05,2072.78,2079.47,2070.8101,2075.3701,,0.0016652188146850655,0.0016652188146850655,1.8722666173498845
2014-12-08,2074.8401,2075.78,2054.27,2060.3101,,-0.007256537038863531,-0.007256537038863531,1.8586804452944574
2014-12-09,2056.55,2060.6001,2034.17,2059.8201,,-0.00023782827643281657,-0.00023782827643281657,1.8582383985277136
2014-12-10,2058.8601,2058.8601,2024.26,2026.14,,-0.01635099104043103,-0.01635099104043103,1.827854359122402
2014-12-11,2027.92,2055.53,2027.92,2035.33,,0.004535718163601654,0.004535718163601654,1.8361449913394918
2014-12-12,2030.36,2032.25,2002.33,2002.33,,-0.016213586985894146,-0.016213586985894146,1.806374494803695
2014-12-15,2005.03,2018.6899,1982.26,1989.63,,-0.006342610858349973,-0.006342610858349973,1.7949173643187069
2014-12-16,1986.71,2016.89,1972.5601,1972.74,,-0.008489015545603995,-0.008489015545603995,1.7796802829099307
2014-12-17,1973.77,2016.75,1973.77,2012.89,,0.020352403256384655,0.020352403256384655,1.81590105369515
2014-12-18,2018.98,2061.23,2018.98,2061.23,,0.024015221894887473,0.024015221894887473,1.859510320438799
2014-12-19,2061.04,2077.8501,2061.03,2070.6499,,0.004570038278115529,0.004570038278115529,1.8680083537817551
2014-12-22,2069.28,2078.76,2069.28,2078.54,,0.0038104461792407562,0.0038104461792407562,1.8751262990762123
2014-12-23,2081.48,2086.73,2079.77,2082.1699,,0.001746370048206769,0.001746370048206769,1.8784009634815242
2014-12-24,2083.25,2087.5601,2081.8601,2081.8799,,-0.00013927777939737318,-0.00013927777939737318,1.8781393439665126
2014-12-26,2084.3,2092.7,2084.3,2088.77,,0.0033095569057561836,0.0033095569057561836,1.8843551530023095
2014-12-29,2087.6299,2093.55,2085.75,2090.5701,,0.0008617990492012506,0.0008617990492012506,1.8859790884815242
2014-12-30,2088.49,2088.49,2079.53,2080.3501,,-0.004888618659570354,-0.004888618659570354,1.876759255918014
2014-12-31,2082.1101,2085.5801,2057.9399,2058.8999,,-0.010310860657540388,-0.010310860657540388,1.857408252742494
2015-01-02,2058.8999,2072.3601,2046.04,2058.2,,-0.0003399388187838026,-0.0003399388187838026,1.8567768475750575
2015-01-05,2054.4399,2054.4399,2017.34,2020.58,,-0.018278107083859685,-0.018278107083859685,1.8228384815242493
2015-01-06,2022.15,2030.25,1992.4399,2002.61,,-0.008893486028764053,-0.008893486028764053,1.80662709295612
2015-01-07,2005.55,2029.61,2005.55,2025.9,,0.011629823080879564,0.011629823080879564,1.8276378464203233
2015-01-08,2030.61,2064.0801,2030.61,2062.1399,,0.017888296559553707,0.017888296559553707,1.8603311742205544
2015-01-09,2063.45,2064.4299,2038.33,2044.8101,,-0.008403794524319275,-0.008403794524319275,1.8446973332852192
2015-01-12,2046.13,2049.3,2022.58,2028.26,,-0.008093710022265554,-0.008093710022265554,1.829766887990762
2015-01-13,2031.58,2056.9299,2008.25,2023.03,,-0.0025785648782700177,-0.0025785648782700177,1.8250487153579675
2015-01-14,2018.4,2018.4,1988.4399,2011.27,,-0.005813062584341333,-0.005813062584341333,1.8144395929561201
2015-01-15,2013.75,2021.35,1991.47,1992.67,,-0.00924788815027322,-0.00924788815027322,1.7976598585450347
2015-01-16,1992.25,2020.46,1988.12,2019.42,,0.013424199691870697,0.013424199691870697,1.8217920034642032
2015-01-20,2020.76,2028.9399,2004.49,2022.55,,0.0015499499856392873,0.0015499499856392873,1.8246156899538106
2015-01-21,2020.1899,2038.29,2012.04,2032.12,,0.004731650639044682,0.004731650639044682,1.8332491339491916
2015-01-22,2034.3,2064.6201,2026.38,2063.1499,,0.015269718323721149,0.015269718323721149,1.8612423318418012
2015-01-23,2062.98,2062.98,2050.54,2051.8201,,-0.005491505973463151,-0.005491505973463151,1.8510213084584295
2015-01-26,2050.4199,2057.6201,2040.97,2057.0901,,0.0025684512984349706,0.0025684512984349706,1.8557755665415703
2015-01-27,2047.86,2047.86,2019.91,2029.55,,-0.01338789195475687,-0.01338789195475687,1.8309306437644342
2015-01-28,2032.34,2042.49,2001.49,2002.16,,-0.013495602473454604,-0.013495602473454604,1.806221131639723
2015-01-29,2002.45,2024.64,1989.1801,2021.25,,0.009534702521277083,0.009534702521277083,1.823442912817552
2015-01-30,2019.35,2023.3199,1993.38,1994.99,,-0.012991960420531856,-0.012991960420531856,1.799752814665127
2015-02-02,1996.67,2021.66,1980.9,2020.85,,0.0129624709898295,0.0129624709898295,1.8230820583140877
2015-02-03,2022.71,2050.3,2022.71,2050.03,,0.01443946854046585,0.01443946854046585,1.8494063943418015
2015-02-04,2048.8601,2054.74,2036.72,2041.51,,-0.004156036740925795,-0.004156036740925795,1.8417201934180139
2015-02-05,2043.45,2063.55,2043.45,2062.52,,0.010291401952476242,0.010291401952476242,1.8606740762124712
2015-02-06,2062.28,2072.3999,2049.97,2055.47,,-0.0034181486724977894,-0.0034181486724977894,1.8543140155889144
2015-02-09,2053.47,2056.1599,2041.88,2046.74,,-0.004247203802536514,-0.004247203802536514,1.8464383660508084
2015-02-10,2049.3799,2070.8601,2048.6201,2068.5901,,0.010675562113409587,0.010675562113409587,1.866150133516166
2015-02-11,2068.55,2073.48,2057.99,2068.53,,-2.9053605158257945e-05,-2.9053605158257945e-05,1.8660959151270209
2015-02-12,2069.98,2088.53,2069.98,2088.48,,0.009644530173601451,0.009644530173601451,1.884093533487298
2015-02-13,2088.78,2097.03,2086.7,2096.99,,0.004074733777675421,0.004074733777675421,1.8917707130484986
2015-02-17,2096.47,2101.3,2089.8,2100.3401,,0.0015975755726065355,0.0015975755726065355,1.8947929597286373
2015-02-18,2099.1599,2100.23,2092.1499,2099.6799,,-0.0003143300458815501,-0.0003143300458815501,1.8941973693706697
2015-02-19,2099.25,2102.1299,2090.79,2097.45,,-0.0010620190249001071,-0.0010620190249001071,1.8921856957274825
2015-02-20,2097.6499,2110.6101,2085.4399,2110.3,,0.0061264869245991616,0.0061264869245991616,1.9037781466512704
2015-02-23,2109.8301,2110.05,2103.0,2109.6599,,-0.00030332180258729746,-0.00030332180258729746,1.9032006892321016
2015-02-24,2109.1001,2117.9399,2105.8701,2115.48,,0.00275878590667622,0.00275878590667622,1.9084512124711317
2015-02-25,2115.3,2119.5901,2109.8899,2113.8601,,-0.0007657363813413642,-0.0007657363813413642,1.9069898419457274
2015-02-26,2113.9099,2113.9099,2103.76,2110.74,,-0.0014760201018033658,-0.0014760201018033658,1.9041750866050806
2015-02-27,2110.8799,2112.74,2103.75,2104.5,,-0.002956309161715742,-0.002956309161715742,1.8985457563510393
2015-03-02,2105.23,2117.52,2104.5,2117.3899,,0.00612492278450949,0.00612492278450949,1.9101742025115473
2015-03-03,2115.76,2115.76,2098.26,2107.78,,-0.00453855947834636,-0.00453855947834636,1.901504763279446
2015-03-04,2097.3701,2101.05,2094.49,2098.53,,-0.0043885035440131,-0.0043885035440131,1.8931600028868363
2015-03-05,2098.54,2104.25,2095.22,2101.04,,0.0011960753479816066,0.0011960753479816066,1.8954243648960738
2015-03-06,2100.9099,2100.9099,2067.27,2071.26,,-0.014173932909416154,-0.014173932909416154,1.8685587471131642
2015-03-09,2072.25,2083.49,2072.21,2079.4299,,0.003944410648590635,0.003944410648590635,1.8759291101327944
2015-03-10,2076.1399,2076.1399,2044.16,2044.16,,-0.016961331564964044,-0.016961331564964044,1.8441108545034643
2015-03-11,2044.6899,2050.0801,2039.6899,2040.24,,-0.0019176581089542788,-0.0019176581089542788,1.840574480369515
2015-03-12,2041.1,2066.4099,2041.1,2065.95,,0.012601458651923192,0.012601458651923192,1.8637684035796764
2015-03-13,2064.5601,2064.5601,2041.17,2053.3999,,-0.006074735593794567,-0.006074735593794567,1.8524465033198614
2015-03-16,2055.3501,2081.4099,2055.3501,2081.1899,,0.013533652163906229,0.013533652163906229,1.8775168699480367
2015-03-17,2080.5901,2080.5901,2065.0801,2074.28,,-0.00332016794815293,-0.00332016794815293,1.8712831986143188
2015-03-18,2072.8401,2106.8501,2061.23,2099.5,,0.012158435698169878,0.012158435698169878,1.8940350750577366
2015-03-19,2098.6899,2098.6899,2085.5601,2089.27,,-0.004872588711598014,-0.004872588711598014,1.8848062211316396
2015-03-20,2090.3201,2113.9199,2090.3201,2108.0601,,0.008993619781071827,0.008993619781071827,1.9017574516454967
2015-03-23,2107.99,2114.8601,2104.4199,2104.4199,,-0.0017268008630305642,-0.0017268008630305642,1.8984734952367204
2015-03-24,2103.9399,2107.6299,2091.5,2091.5,,-0.006139411625978197,-0.006139411625978197,1.8868179849884525
2015-03-25,2093.1001,2097.4299,2061.05,2061.05,,-0.014558928998326448,-0.014558928998326448,1.8593479359122402
2015-03-26,2059.9399,2067.1499,2045.5,2056.1499,,-0.002377477499333036,-0.002377477499333036,1.8549273780311777
2015-03-27,2055.78,2062.8301,2052.96,2061.02,,0.002368552993145201,0.002368552993145201,1.8593208718244802
2015-03-30,2064.1101,2088.97,2064.1101,2086.24,,0.012236659518102488,0.012236659518102488,1.882072748267898
2015-03-31,2084.05,2084.05,2067.04,2067.8899,,-0.008795776133138866,-0.008795776133138866,1.8655184577078523
2015-04-01,2067.6299,2067.6299,2048.3799,2059.6899,,-0.003965394869427152,-0.003965394869427152,1.858120940386836
2015-04-02,2060.03,2072.1699,2057.3201,2066.96,,0.003529706097990859,0.003529706097990859,1.8646795612009237
2015-04-06,2064.8701,2086.99,2056.52,2080.6201,,0.006608787784959658,0.006608787784959658,1.8770028327078523
2015-04-07,2080.79,2089.8101,2076.1001,2076.3301,,-0.002061885300444821,-0.002061885300444821,1.8731326681581988
2015-04-08,2076.9399,2086.6899,2073.3,2081.8999,,0.0026825214352956817,0.0026825214352956817,1.8781573866916859
2015-04-09,2081.29,2093.3101,2074.29,2091.1799,,0.004457466951220956,0.004457466951220956,1.8865292111720555
2015-04-10,2091.51,2102.6101,2091.51,2102.0601,,0.00520290004700219,0.00520290004700219,1.8963446340935335
2015-04-13,2102.03,2107.6499,2092.3301,2092.4299,,-0.00458131525354577,-0.00458131525354577,1.8876568814953811
2015-04-14,2092.28,2098.6201,2083.24,2095.8401,,0.0016297798076772008,0.0016297798076772008,1.890733346564665
2015-04-15,2097.8201,2111.9099,2097.8201,2106.6299,,0.005148198090112022,0.005148198090112022,1.9004672163683602
2015-04-16,2105.96,2111.3,2100.02,2104.99,,-0.0007784471301770512,-0.0007784471301770512,1.8989878031177827
2015-04-17,2102.5801,2102.5801,2072.3701,2081.1799,,-0.011311265136651372,-0.011311265136651372,1.8775078485854504
2015-04-20,2084.1101,2103.9399,2084.1101,2100.3999,,0.009235145890078789,0.009235145890078789,1.8948469074769052
2015-04-21,2102.8201,2109.6399,2094.3799,2097.29,,-0.0014806228090183948,-0.0014806228090183948,1.892041353926097
2015-04-22,2098.27,2109.98,2091.05,2107.96,,0.00508751770141469,0.00508751770141469,1.9016671478060045
2015-04-23,2107.21,2120.49,2103.1899,2112.9299,,0.0023576823089621612,0.0023576823089621612,1.9061506747979216
2015-04-24,2112.8,2120.9199,2112.8,2117.6899,,0.002252795987221168,0.002252795987221168,1.9104448433891454
2015-04-27,2119.29,2125.9199,2107.04,2108.9199,,-0.0041413051079858265,-0.0041413051079858265,1.9025331084006927
2015-04-28,2108.3501,2116.04,2094.8899,2114.76,,0.0027692374660603924,0.0027692374660603924,1.9078016743648962
2015-04-29,2112.49,2113.6499,2097.4099,2106.8501,,-0.003740329871947723,-0.003740329871947723,1.9006658667725174
2015-04-30,2105.52,2105.52,2077.5901,2085.51,,-0.010128912351191954,-0.010128912351191954,1.8814141887990763
2015-05-01,2087.3799,2108.4099,2087.3799,2108.29,,0.010922987662490113,0.010922987662490113,1.9019648527713626
2015-05-04,2110.23,2120.95,2110.23,2114.49,,0.0029407719051932624,0.0029407719051932624,1.9075580975750575
2015-05-05,2112.6299,2115.24,2088.46,2089.46,,-0.011837369767650707,-0.011837369767650707,1.8849776270207852
2015-05-06,2091.26,2098.4199,2067.9299,2080.1499,,-0.004455744546437934,-0.004455744546437934,1.8765786482390299
2015-05-07,2079.96,2092.8999,2074.99,2088.0,,0.0037738145698058556,0.0037738145698058556,1.8836605080831408
2015-05-08,2092.1299,2117.6599,2092.1299,2116.1001,,0.013457902298850577,0.013457902298850577,1.909010627165127
2015-05-11,2115.5601,2117.6899,2104.5801,2105.3301,,-0.005089551292965733,-0.005089551292965733,1.8992946196593534
2015-05-12,2102.8701,2105.0601,2085.5701,2099.1201,,-0.0029496562083067834,-0.0029496562083067834,1.8936923534930716
2015-05-13,2099.6201,2110.1899,2096.04,2098.48,,-0.00030493729253511237,-0.00030493729253511237,1.893114896073903
2015-05-14,2100.4299,2121.45,2100.4299,2121.1001,,0.010779278334794862,0.010779278334794862,1.9135213084584297
2015-05-15,2122.0701,2123.8899,2116.8101,2122.73,,0.0007684220089376748,0.0007684220089376748,1.9149917003464203
2015-05-18,2121.3,2131.78,2120.01,2129.2,,0.003047961822747025,0.003047961822747025,1.9208285219399537
2015-05-19,2129.45,2133.02,2124.5,2127.8301,,-0.0006433871876759811,-0.0006433871876759811,1.919592685479215
2015-05-20,2127.79,2134.72,2122.5901,2125.8501,,-0.000930525421179107,-0.000930525421179107,1.917806455687067
2015-05-21,2125.55,2134.28,2122.95,2130.8201,,0.002337888264087873,0.002337888264087873,1.9222900728926096
2015-05-22,2130.3601,2132.1499,2126.0601,2126.0601,,-0.0022338816871493306,-0.0022338816871493306,1.917995904301386
2015-05-26,2125.3401,2125.3401,2099.1799,2104.2,,-0.010281976506684942,-0.010281976506684942,1.898275115473441
2015-05-27,2105.1299,2126.22,2105.1299,2123.48,,0.00916262712669913,0.00916262712669913,1.9156683025404158
2015-05-28,2122.27,2122.27,2112.8601,2120.79,,-0.0012667884792887385,-0.0012667884792887385,1.913241556004619
2015-05-29,2120.6599,2120.6599,2104.8899,2107.3899,,-0.006318447371026714,-0.006318447371026714,1.9011528399249424
2015-06-01,2108.6399,2119.1499,2102.54,2111.73,,0.002059467021266359,0.002059467021266359,1.9050682015011546
2015-06-02,2110.4099,2117.5901,2099.1399,2109.6001,,-0.0010086043196809724,-0.0010086043196809724,1.903146741483834
2015-06-03,2110.6399,2121.9199,2109.6101,2114.0701,,0.0021188849962605616,0.0021188849962605616,1.907179290560046
2015-06-04,2112.3501,2112.8899,2093.23,2095.8401,,-0.008623176686525236,-0.008623176686525236,1.890733346564665
2015-06-05,2095.0901,2100.99,2085.6699,2092.8301,,-0.00143617826569864,-0.00143617826569864,1.888017916426097
2015-06-08,2092.3401,2093.01,2079.1101,2079.28,,-0.00647453417264976,-0.00647453417264976,1.8757938799076215
2015-06-09,2079.0701,2085.6201,2072.1399,2080.1499,,0.00041836597283650967,0.00041836597283650967,1.8765786482390299
2015-06-10,2081.1201,2108.5,2081.1201,2105.2,,0.012042449440783143,0.012042449440783143,1.8991772517321015
2015-06-11,2106.24,2115.02,2106.24,2108.8601,,0.0017385996579897256,0.0017385996579897256,1.9024791606524247
2015-06-12,2107.4299,2107.4299,2091.3301,2094.1101,,-0.006994299906380674,-0.006994299906380674,1.8891726508371822
2015-06-15,2091.3401,2091.3401,2072.49,2084.4299,,-0.004622584075211655,-0.004622584075211655,1.880439791426097
2015-06-16,2084.26,2097.3999,2082.1001,2096.29,,0.00568985313442294,0.00568985313442294,1.8911392176674364
2015-06-17,2097.3999,2106.79,2088.8601,2100.4399,,0.0019796402215341846,0.0019796402215341846,1.8948829929272515
2015-06-18,2101.5801,2126.6499,2101.5801,2121.24,,0.00990273513657769,0.00990273513657769,1.913647517321016
2015-06-19,2121.0601,2121.6399,2109.45,2109.99,,-0.005303501725405946,-0.005303501725405946,1.9034984844110852
2015-06-22,2112.5,2129.8701,2112.5,2122.8501,,0.006094863008829554,0.006094863008829554,1.9151000469110855
2015-06-23,2123.1599,2128.03,2119.8899,2124.2,,0.0006358904003629373,0.0006358904003629373,1.916317840646651
2015-06-24,2123.6499,2125.1001,2108.5801,2108.5801,,-0.007353309481216264,-0.007353309481216264,1.9022265625
2015-06-25,2109.96,2116.04,2101.78,2102.3101,,-0.002973565007087009,-0.002973565007087009,1.8965701681581988
2015-06-26,2102.6201,2108.9199,2095.3799,2101.6101,,-0.000332967053718769,-0.000332967053718769,1.8959386727771361
2015-06-29,2098.6299,2098.6299,2056.6399,2057.6399,,-0.02092214916553725,-0.02092214916553725,1.856271561056582
2015-06-30,2061.1899,2074.28,2056.3201,2063.1101,,0.0026584826625881686,0.0026584826625881686,1.8612064268187065
2015-07-01,2067.0,2082.78,2067.0,2077.4199,,0.006936033127848962,0.006936033127848962,1.8741158162528866
2015-07-02,2078.03,2085.0601,2071.02,2076.78,,-0.0003080263166823638,-0.0003080263166823638,1.87353853926097
2015-07-06,2073.95,2078.6101,2058.3999,2068.76,,-0.003861747512976854,-0.003861747512976854,1.866303406466513
2015-07-07,2069.52,2083.74,2044.02,2081.3401,,0.0060809857112471555,0.0060809857112471555,1.8776523708140875
2015-07-08,2077.6599,2077.6599,2044.66,2046.6801,,-0.01665273253515842,-0.01665273253515842,1.8463843280889145
2015-07-09,2049.73,2074.28,2049.73,2051.3101,,0.0022622001357222032,0.0022622001357222032,1.8505612189665128
2015-07-10,2052.74,2081.3101,2052.74,2076.6201,,0.012338456287033228,0.012338456287033228,1.8733942876732101
2015-07-13,2080.03,2100.6699,2080.03,2099.6001,,0.011066058736501683,0.011066058736501683,1.8941253788972288
2015-07-14,2099.72,2111.98,2098.1799,2108.95,,0.004453181346295354,0.004453181346295354,1.9025602627020783
2015-07-15,2109.01,2114.1399,2102.49,2107.3999,,-0.0007350103131890107,-0.0007350103131890107,1.9011618612875287
2015-07-16,2110.55,2124.4199,2110.55,2124.29,,0.008014662997753774,0.008014662997753774,1.9163990329099307
2015-07-17,2126.8,2128.9099,2119.8799,2126.6399,,0.0011062048966949956,0.0011062048966949956,1.918518962904157
2015-07-20,2126.8501,2132.8201,2123.6599,2128.28,,0.0007712166032434187,0.0007712166032434187,1.9199985565819864
2015-07-21,2127.55,2128.49,2115.3999,2119.21,,-0.0042616573007311365,-0.0042616573007311365,1.9118161807159353
2015-07-22,2118.21,2118.51,2110.0,2114.1499,,-0.0023877293897255347,-0.0023877293897255347,1.9072512810334872
2015-07-23,2114.1599,2116.8701,2098.6299,2102.1499,,-0.005676040284560702,-0.005676040284560702,1.896425645929561
2015-07-24,2102.24,2106.01,2077.0901,2079.6499,,-0.010703328054769035,-0.010703328054769035,1.8761275801096997
2015-07-27,2078.1899,2078.1899,2063.52,2067.6399,,-0.005775010495756905,-0.005775010495756905,1.8652929236431872
2015-07-28,2070.75,2095.6001,2069.0901,2093.25,,0.012386150992733214,0.012386150992733214,1.8883967234411085
2015-07-29,2094.7,2110.6001,2094.0801,2108.5701,,0.007318810462199954,0.007318810462199954,1.9022175411374134
2015-07-30,2106.78,2110.48,2094.97,2108.6299,,2.8360451473696813e-05,2.8360451473696813e-05,1.902271488885681
2015-07-31,2111.6001,2114.24,2102.0701,2103.8401,,-0.002271522375737911,-0.002271522375737911,1.897950436633949
2015-08-03,2104.49,2105.7,2087.3101,2098.04,,-0.002756911040910359,-0.002756911040910359,1.8927179561200924
2015-08-04,2097.6799,2102.51,2088.6001,2093.3201,,-0.002249671121618335,-0.002249671121618335,1.8884599631928405
2015-08-05,2095.27,2112.6599,2095.27,2099.8401,,0.0031146693713970386,0.0031146693713970386,1.894341891599307
2015-08-06,2100.75,2103.3201,2075.53,2083.5601,,-0.007752971285765908,-0.007752971285765908,1.8796551133083141
2015-08-07,2082.6101,2082.6101,2067.9099,2077.5701,,-0.002874887074291843,-0.002874887074291843,1.8742513171189374
2015-08-10,2080.98,2105.3501,2080.98,2104.1799,,0.012808135812120147,0.012808135812120147,1.898256982534642
2015-08-11,2102.6599,2102.6599,2076.49,2084.0701,,-0.009557072567797142,-0.009557072567797142,1.8801152028002308
2015-08-12,2081.1001,2089.0601,2052.0901,2086.05,,0.0009500160287316817,0.0009500160287316817,1.881901342378753
2015-08-13,2086.1899,2092.9299,2078.26,2083.3899,,-0.0012751851585532936,-0.0012751851585532936,1.8795015697170903
2015-08-14,2083.1499,2092.45,2080.6101,2091.54,,0.003911941782956729,0.003911941782956729,1.886854070438799
2015-08-17,2089.7,2102.8701,2079.3,2102.4399,,0.005211423161880724,0.005211423161880724,1.8966872654445726
2015-08-18,2101.99,2103.47,2094.1399,2096.9199,,-0.0026255209483039277,-0.0026255209483039277,1.8917074732967667
2015-08-19,2095.6899,2096.1699,2070.53,2079.6101,,-0.008254869439695778,-0.008254869439695778,1.876091675086605
2015-08-20,2076.6101,2076.6101,2035.73,2035.73,,-0.021100157188118973,-0.021100157188118973,1.8365058458429562
2015-08-21,2034.08,2034.08,1970.89,1970.89,,-0.031850982202944356,-0.031850982202944356,1.778011330831409
2015-08-24,1965.15,1965.15,1867.01,1893.21,,-0.03941366590728046,-0.03941366590728046,1.7079333862586605
2015-08-25,1898.08,1948.04,1867.08,1867.61,,-0.013522007595565322,-0.013522007595565322,1.6848386980369514
2015-08-26,1872.75,1943.09,1872.75,1940.51,,0.03903384539598753,0.03903384539598753,1.7506044312933025
2015-08-27,1942.77,1989.6,1942.77,1987.66,,0.024297736162143035,0.024297736162143035,1.7931401558891455
2015-08-28,1986.0601,1993.48,1975.1899,1988.87,,0.0006087560246721413,0.0006087560246721413,1.7942317407621247
2015-08-31,1986.73,1986.73,1965.98,1972.1801,,-0.008391649529632339,-0.008391649529632339,1.7791751768187067
2015-09-01,1970.09,1970.09,1903.0699,1913.85,,-0.029576457038583914,-0.029576457038583914,1.7265534786374133
2015-09-02,1916.52,1948.91,1916.52,1948.86,,0.018292969668469272,0.018292969668469272,1.7581372690531176
2015-09-03,1950.79,1975.01,1944.72,1951.13,,0.0011647835144650287,0.0011647835144650287,1.7601851183602772
2015-09-04,1947.76,1947.76,1911.21,1921.22,,-0.015329578244401953,-0.015329578244401953,1.7332022228637414
2015-09-08,1927.3,1970.42,1927.3,1969.41,,0.025083020164270664,0.025083020164270664,1.7766761691685913
2015-09-09,1971.45,1988.63,1937.88,1942.04,,-0.013897563229596788,-0.013897563229596788,1.7519846997690531
2015-09-10,1941.59,1965.29,1937.1899,1952.29,,0.005277955139955992,0.005277955139955992,1.7612315964203233
2015-09-11,1951.45,1961.05,1939.1899,1961.05,,0.0044870382986135215,0.0044870382986135215,1.7691343100461894
2015-09-14,1963.0601,1963.0601,1948.27,1953.03,,-0.0040896458529868784,-0.0040896458529868784,1.761899177251732
2015-09-15,1955.1,1983.1899,1954.3,1978.09,,0.012831344116577714,0.012831344116577714,1.7845067118937643
2015-09-16,1978.02,1997.26,1977.9301,1995.3101,,0.008705417852574948,0.008705417852574948,1.8000415884815242
2015-09-17,1995.33,2020.86,1986.73,1990.2,,-0.0025610555472053154,-0.0025610555472053154,1.7954315819861433
2015-09-18,1989.66,1989.66,1953.45,1958.08,,-0.01613908149934684,-0.01613908149934684,1.7664549653579675
2015-09-21,1960.84,1979.64,1955.8,1966.97,,0.004540161791142472,0.004540161791142472,1.7744749566974596
2015-09-22,1961.39,1961.39,1929.22,1942.74,,-0.01231843902042229,-0.01231843902042229,1.7526161951501154
2015-09-23,1943.24,1949.52,1932.5699,1938.76,,-0.002048652933485662,-0.002048652933485662,1.7490256928406467
2015-09-24,1934.8101,1937.17,1908.92,1932.24,,-0.0033629742722152134,-0.0033629742722152134,1.74314376443418
2015-09-25,1935.9301,1952.89,1921.5,1931.34,,-0.0004657806483666649,-0.0004657806483666649,1.7423318418013856
2015-09-28,1929.1801,1929.1801,1879.21,1881.77,,-0.02566611782492978,-0.02566611782492978,1.6976129474595842
2015-09-29,1881.9,1899.48,1871.91,1884.09,,0.0012328818080848958,0.0012328818080848958,1.6997059035796767
2015-09-30,1887.14,1920.53,1887.14,1920.03,,0.0190755218699743,0.0190755218699743,1.7321286807159353
2015-10-01,1919.65,1927.21,1900.7,1923.8199,,0.0019738754081968235,0.0019738754081968235,1.7355476869226327
2015-10-02,1921.77,1951.36,1893.7,1951.36,,0.014315321304244621,0.014315321304244621,1.7603926096997689
2015-10-05,1954.33,1989.17,1954.33,1987.05,,0.01828980813381431,0.01828980813381431,1.7925898527713626
2015-10-06,1986.63,1991.62,1971.99,1979.92,,-0.0035882338139452408,-0.0035882338139452408,1.7861576212471133
2015-10-07,1982.34,1999.3101,1976.4399,1995.83,,0.008035678209220576,0.008035678209220576,1.8005106091224017
2015-10-08,1994.01,2016.5,1987.53,2013.4301,,0.008818436439977484,0.008818436439977484,1.8163882974884527
2015-10-09,2013.73,2020.13,2007.61,2014.89,,0.000725081044531839,0.000725081044531839,1.8177053262124712
2015-10-12,2015.65,2018.66,2010.55,2017.46,,0.0012755038736604885,0.0012755038736604885,1.8200238163972287
2015-10-13,2015.0,2022.34,2001.78,2003.6899,,-0.006825463701882528,-0.006825463701882528,1.8076013099018475
2015-10-14,2003.66,2009.5601,1990.73,1994.24,,-0.004716248756856056,-0.004716248756856056,1.7990762124711317
2015-10-15,1996.47,2024.15,1996.47,2023.86,,0.01485277599486512,0.01485277599486512,1.8257974884526558
2015-10-16,2024.37,2033.54,2020.46,2033.11,,0.004570474242289402,0.004570474242289402,1.8341422488452654
2015-10-19,2031.73,2034.45,2022.3101,2033.66,,0.00027052151629769483,0.00027052151629769483,1.8346384237875288
2015-10-20,2033.13,2039.12,2026.61,2030.77,,-0.001421083170244808,-0.001421083170244808,1.83203125
2015-10-21,2033.47,2037.97,2017.22,2018.9399,,-0.005825425823702268,-0.005825425823702268,1.8213588878464204
2015-10-22,2021.88,2055.2,2021.88,2052.51,,0.016627587577024983,0.016627587577024983,1.8516436922632795
2015-10-23,2058.1899,2079.74,2058.1899,2075.1499,,0.01103034820780402,0.01103034820780402,1.8720679669457274
2015-10-26,2075.0801,2075.1399,2066.53,2071.1799,,-0.0019131148067904613,-0.0019131148067904613,1.8684864859988453
2015-10-27,2068.75,2070.3701,2058.8401,2065.8899,,-0.0025540997187158965,-0.0025540997187158965,1.8637141851905312
2015-10-28,2066.48,2090.3501,2063.1101,2090.3501,,0.011840030778019761,0.011840030778019761,1.885780618504619
2015-10-29,2088.3501,2092.52,2082.6299,2089.4099,,-0.0004497811156131126,-0.0004497811156131126,1.8849324299942265
2015-10-30,2090.0,2094.3201,2079.3401,2079.3601,,-0.004809874788092139,-0.004809874788092139,1.8758661410219397
2015-11-02,2080.76,2106.2,2080.76,2104.05,,0.011873797135955488,0.011873797135955488,1.8981397950346421
2015-11-03,2102.6299,2116.48,2097.51,2109.79,,0.002728072051519481,0.002728072051519481,1.9033180571593533
2015-11-04,2110.6001,2114.5901,2096.98,2102.3101,,-0.0035453291559822686,-0.0035453291559822686,1.8965701681581988
2015-11-05,2101.6799,2108.78,2090.4099,2099.9299,,-0.0011321831160874263,-0.0011321831160874263,1.8944229034353348
2015-11-06,2098.6001,2101.9099,2083.74,2099.2,,-0.00034758303122417455,-0.00034758303122417455,1.8937644341801383
2015-11-09,2096.5601,2096.5601,2068.24,2078.5801,,-0.009822741996951101,-0.009822741996951101,1.875162474740185
2015-11-10,2077.1899,2083.6699,2069.9099,2081.72,,0.0015105985090493323,0.0015105985090493323,1.8779950923787527
2015-11-11,2083.4099,2086.9399,2074.8501,2075.0,,-0.0032280998405164185,-0.0032280998405164185,1.8719327367205543
2015-11-12,2072.29,2072.29,2045.66,2045.97,,-0.01399036144578314,-0.01399036144578314,1.8457437211316396
2015-11-13,2044.64,2044.64,2022.02,2023.04,,-0.011207397957936904,-0.011207397957936904,1.8250577367205543
2015-11-16,2022.08,2053.22,2019.39,2053.1899,,0.014903264394179105,0.014903264394179105,1.8522570547055426
2015-11-17,2053.6699,2066.6899,2045.9,2050.4399,,-0.0013393792751464906,-0.0013393792751464906,1.849776179994226
2015-11-18,2051.99,2085.3101,2051.99,2083.5801,,0.016162482987187365,0.016162482987187365,1.8796731560334874
2015-11-19,2083.7,2086.74,2078.76,2081.24,,-0.001123114969278305,-0.001123114969278305,1.8775620669745956
2015-11-20,2082.8201,2097.0601,2082.8201,2089.1699,,0.0038101804693355668,0.0038101804693355668,1.8847159172921477
2015-11-23,2089.4099,2095.6101,2081.3899,2086.5901,,-0.001234844518868461,-0.001234844518868461,1.8823885861720553
2015-11-24,2084.4199,2094.1201,2070.29,2089.1399,,0.0012219937207600395,0.0012219937207600395,1.8846888532043882
2015-11-25,2089.3,2093.0,2086.3,2088.8701,,-0.00012914405588637656,-0.00012914405588637656,1.8844454568418014
2015-11-27,2088.8201,2093.29,2084.1299,2090.1101,,0.0005936223607201363,0.0005936223607201363,1.8855641058025403
2015-11-30,2090.95,2093.8101,2080.4099,2080.4099,,-0.00464099953394792,-0.00464099953394792,1.876813203666282
2015-12-01,2082.9299,2103.3701,2082.9299,2102.6299,,0.010680587513066442,0.010680587513066442,1.896858671333718
2015-12-02,2101.71,2104.27,2077.1101,2079.51,,-0.010995705901452157,-0.010995705901452157,1.8760013712471133
2015-12-03,2080.71,2085.0,2042.35,2049.6201,,-0.014373530302811743,-0.014373530302811743,1.8490366086893766
2015-12-04,2051.24,2093.8401,2051.24,2091.6899,,0.020525657413293263,0.020525657413293263,1.8869893006639722
2015-12-07,2090.4199,2090.4199,2066.78,2077.0701,,-0.006989468180727876,-0.006989468180727876,1.8738002489896073
2015-12-08,2073.3899,2073.8501,2052.3201,2063.5901,,-0.00648991095678475,-0.00648991095678475,1.8616394522228636
2015-12-09,2061.1699,2080.3301,2036.53,2047.62,,-0.007738988474503716,-0.007738988474503716,1.8472322459584294
2015-12-10,2047.9301,2067.6499,2045.67,2052.23,,0.00225139430167709,0.00225139430167709,1.8513910941108545
2015-12-11,2047.27,2047.27,2008.8,2012.37,,-0.01942277425044958,-0.01942277425044958,1.8154319428406465
2015-12-14,2013.37,2022.92,1993.26,2021.9399,,0.004755537003632737,0.004755537003632737,1.8240652966224018
2015-12-15,2025.55,2053.8701,2025.55,2043.41,,0.010618564874257608,0.010618564874257608,1.843434252309469
2015-12-16,2046.5,2076.72,2042.4301,2073.0701,,0.014515001884105372,0.014515001884105372,1.8701917039549651
2015-12-17,2073.76,2076.3701,2041.66,2041.89,,-0.015040543009134044,-0.015040543009134044,1.842063005196305
2015-12-18,2040.8101,2040.8101,2005.33,2005.55,,-0.017797236873680844,-0.017797236873680844,1.809279373556582
2015-12-21,2010.27,2022.9,2005.9301,2021.15,,0.007778414898656383,0.007778414898656383,1.823352699191686
2015-12-22,2023.15,2042.74,2020.49,2038.97,,0.008816762734086936,0.008816762734086936,1.8394287673210161
2015-12-23,2042.2,2064.73,2042.2,2064.29,,0.012418034595898853,0.012418034595898853,1.8622708573903002
2015-12-24,2063.52,2067.3601,2058.73,2060.99,,-0.0015986125980361754,-0.0015986125980361754,1.8592938077367203
2015-12-28,2057.77,2057.77,2044.2,2056.5,,-0.0021785646703768036,-0.0021785646703768036,1.855243215935335
2015-12-29,2060.54,2081.5601,2060.54,2078.3601,,0.01062975929978105,0.01062975929978105,1.8749640047632794
2015-12-30,2077.3401,2077.3401,2061.97,2063.3601,,-0.0072172286217387915,-0.0072172286217387915,1.8614319608833716
2015-12-31,2060.5901,2062.54,2043.62,2043.9399,,-0.009411929599685398,-0.009411929599685398,1.8439122943129331
2016-01-04,2038.2,2038.2,1989.6801,2012.66,,-0.015303727864014016,-0.015303727864014016,1.8156935623556583
2016-01-05,2013.78,2021.9399,2004.17,2016.71,,0.002012262379140095,0.002012262379140095,1.8193472142032332
2016-01-06,2011.71,2011.71,1979.05,1990.26,,-0.013115420660382515,-0.013115420660382515,1.7954857101616628
2016-01-07,1985.3199,1985.3199,1938.83,1943.09,,-0.023700421050516063,-0.023700421050516063,1.7529319428406465
2016-01-08,1985.3199,1985.3199,1918.46,1922.03,,-0.01083840686741222,-0.01083840686741222,1.7339329532332564
2016-01-11,1926.12,1935.65,1901.1,1923.67,,0.0008532645172032449,0.0008532645172032449,1.7354124566974596
2016-01-12,1927.83,1947.38,1914.35,1938.6801,,0.007802845602416175,0.007802845602416175,1.7489536121535796
2016-01-13,1940.34,1950.33,1886.41,1890.28,,-0.024965490696479575,-0.024965490696479575,1.7052901270207852
2016-01-14,1891.6801,1934.47,1878.9301,1921.84,,0.01669593922593471,0.01669593922593471,1.7337615473441108
2016-01-15,1916.6801,1916.6801,1857.83,1880.33,,-0.02159909253631931,-0.02159909253631931,1.696313871247113
2016-01-19,1888.66,1901.4399,1864.6,1881.33,,0.0005318215419634065,0.0005318215419634065,1.6972160075057736
2016-01-20,1876.1801,1876.1801,1812.29,1859.33,,-0.011693854879261001,-0.011693854879261001,1.6773690098152425
2016-01-21,1861.46,1889.85,1848.98,1868.99,,0.005195419855539507,0.005195419855539507,1.686083646073903
2016-01-22,1877.4,1908.85,1877.4,1906.9,,0.020283682630725774,0.020283682630725774,1.720283631639723
2016-01-25,1906.28,1906.28,1875.97,1877.08,,-0.015637946405160252,-0.015637946405160252,1.6933819284064664
2016-01-26,1878.79,1906.73,1878.79,1903.63,,0.014144309246276299,0.014144309246276299,1.717333646073903
2016-01-27,1902.52,1916.99,1872.7,1882.95,,-0.010863455608495332,-0.010863455608495332,1.6986774682448038
2016-01-28,1885.22,1902.96,1873.65,1893.36,,0.005528558910220527,0.005528558910220527,1.7080687066974594
2016-01-29,1894.0,1940.24,1894.0,1940.24,,0.02476021464486422,0.02476021464486422,1.7503608545034641
2016-02-01,1936.9399,1947.2,1920.3,1939.38,,-0.00044324413474616797,-0.00044324413474616797,1.7495850173210163
2016-02-02,1935.26,1935.26,1897.29,1903.03,,-0.018743103466056232,-0.018743103466056232,1.7167923643187066
2016-02-03,1907.0699,1918.01,1872.23,1912.53,,0.004992039011471272,0.004992039011471272,1.7253626587759814
2016-02-04,1911.67,1927.35,1900.52,1915.45,,0.0015267734362336416,0.0015267734362336416,1.7279968966512702
2016-02-05,1913.0699,1913.0699,1872.65,1880.05,,-0.018481296823200877,-0.018481296823200877,1.6960612730946882
2016-02-08,1873.25,1873.25,1828.46,1853.4399,,-0.014153932076274467,-0.014153932076274467,1.6720553370381064
2016-02-09,1848.46,1868.25,1834.9399,1852.21,,-0.0006635769522389534,-0.0006635769522389534,1.6709457996535797
2016-02-10,1857.1,1881.6,1850.3199,1851.86,,-0.0001889634544679497,-0.0001889634544679497,1.6706300519630484
2016-02-11,1847.0,1847.0,1810.1,1829.08,,-0.01230114587495812,-0.01230114587495812,1.650079387990762
2016-02-12,1833.4,1864.78,1833.4,1864.78,,0.01951800905373191,0.01951800905373191,1.682285652424942
2016-02-16,1871.4399,1895.77,1871.4399,1895.58,,0.01651669365823305,0.01651669365823305,1.7100714491916857
2016-02-17,1898.8,1930.6801,1898.8,1926.8199,,0.01648039122590439,0.01648039122590439,1.7382540956986143
2016-02-18,1927.5699,1930.0,1915.09,1917.83,,-0.00466566698838855,-0.00466566698838855,1.7301439809468822
2016-02-19,1916.74,1918.78,1902.17,1917.78,,-2.60711324778784e-05,-2.60711324778784e-05,1.7300988741339491
2016-02-22,1924.4399,1946.7,1924.4399,1945.5,,0.01445421268341529,0.01445421268341529,1.7551060912240184
2016-02-23,1942.38,1942.38,1919.4399,1921.27,,-0.012454381906964795,-0.012454381906964795,1.7332473296766744
2016-02-24,1917.5601,1932.08,1891.0,1929.8,,0.0044397716094042305,0.0044397716094042305,1.7409425519630484
2016-02-25,1931.87,1951.83,1925.41,1951.7,,0.011348326251425123,0.011348326251425123,1.7606993360277137
2016-02-26,1954.95,1962.96,1945.78,1948.05,,-0.0018701644719988364,-0.0018701644719988364,1.7574065386836026
2016-02-29,1947.13,1958.27,1931.8101,1932.23,,-0.008120941454274777,-0.008120941454274777,1.7431347430715936
2016-03-01,1937.09,1978.35,1937.09,1978.35,,0.023868794087660294,0.023868794087660294,1.7847412673210161
2016-03-02,1976.6,1986.51,1968.8,1986.45,,0.00409432102509677,0.00409432102509677,1.7920485710161662
2016-03-03,1985.6,1993.6899,1977.37,1993.4,,0.003498703717687457,0.003498703717687457,1.798318418013857
2016-03-04,1994.01,2009.13,1986.77,1999.99,,0.0033059095013543427,0.0033059095013543427,1.8042634959584296
2016-03-07,1996.11,2006.12,1989.38,2001.76,,0.0008850044250221512,0.0008850044250221512,1.8058602771362586
2016-03-08,1996.88,1996.88,1977.4301,1979.26,,-0.011240108704340224,-0.011240108704340224,1.7855622113163971
2016-03-09,1981.4399,1992.6899,1979.84,1989.26,,0.005052393318714987,0.005052393318714987,1.7945835739030023
2016-03-10,1990.97,2005.08,1969.25,1989.5699,,0.00015578657390191708,0.00015578657390191708,1.7948631459295612
2016-03-11,1994.71,2022.37,1994.71,2022.1899,,0.016395503369849074,0.016395503369849074,1.824290830687067
2016-03-14,2019.27,2024.5699,2012.05,2019.64,,-0.001260959715009946,-0.001260959715009946,1.8219904734411085
2016-03-15,2015.27,2015.9399,2005.23,2015.9301,,-0.0018369115287872884,-0.0018369115287872884,1.8186436381351039
2016-03-16,2014.24,2032.02,2010.04,2027.22,,0.005600342988082874,0.005600342988082874,1.8288286662817552
2016-03-17,2026.9,2046.24,2022.16,2040.59,,0.0065952387999328455,0.0065952387999328455,1.840890228060046
2016-03-18,2041.16,2052.3601,2041.16,2049.5801,,0.0044056375852083995,0.0044056375852083995,1.84900052323903
2016-03-21,2047.88,2053.9099,2043.14,2051.6001,,0.0009855677267749385,0.0009855677267749385,1.8508228384815244
2016-03-22,2048.6399,2056.6001,2040.5699,2049.8,,-0.0008774127082563643,-0.0008774127082563643,1.8491989030023097
2016-03-23,2048.55,2048.55,2034.86,2036.71,,-0.006385988876963622,-0.006385988876963622,1.8373899393764435
2016-03-24,2032.48,2036.04,2022.49,2035.9399,,-0.00037810979471797346,-0.00037810979471797346,1.836695204243649
2016-03-28,2037.89,2042.67,2031.96,2037.05,,0.0005452518514912352,0.0005452518514912352,1.8376966657043878
2016-03-29,2035.75,2055.9099,2028.3101,2055.01,,0.008816671166638201,0.008816671166638201,1.853899032909931
2016-03-30,2058.27,2072.21,2058.27,2063.95,,0.004350343793947387,0.004350343793947387,1.8619641310623554
2016-03-31,2063.77,2067.9199,2057.46,2059.74,,-0.0020397780953995692,-0.0020397780953995692,1.8581661374133946
2016-04-01,2056.6201,2075.0701,2043.98,2072.78,,0.006330896132521691,0.006330896132521691,1.869929994226328
2016-04-04,2073.1899,2074.02,2062.5701,2066.1299,,-0.003208299964299277,-0.003208299964299277,1.8639306978926096
2016-04-05,2062.5,2062.5,2042.5601,2045.17,,-0.010144521890903313,-0.010144521890903313,1.8450220121247114
2016-04-06,2045.5601,2067.3301,2043.09,2066.6599,,0.010507635062122045,0.010507635062122045,1.8644088301097
2016-04-07,2063.01,2063.01,2033.8,2041.91,,-0.01197579727559428,-0.01197579727559428,1.8420810479214782
2016-04-08,2045.54,2060.6299,2041.6899,2047.6,,0.0027866066574921966,0.0027866066574921966,1.8472142032332561
2016-04-11,2050.23,2062.9299,2041.88,2041.99,,-0.002739792928306284,-0.002739792928306284,1.842153218822171
2016-04-12,2043.72,2065.05,2039.74,2061.72,,0.00966214330138726,0.00966214330138726,1.8599523672055425
2016-04-13,2065.9199,2083.1799,2065.9199,2082.4199,,0.01004011213937872,0.01004011213937872,1.8786264975461893
2016-04-14,2082.8899,2087.8401,2078.1299,2082.78,,0.00017292381810229962,0.00017292381810229962,1.8789513568129332
2016-04-15,2083.1001,2083.22,2076.3101,2080.73,,-0.00098426141983321,-0.00098426141983321,1.877101977482679
2016-04-18,2078.8301,2094.6599,2073.6499,2094.3401,,0.006541021660667168,0.006541021660667168,1.8893801421766743
2016-04-19,2096.05,2104.05,2091.6799,2100.8,,0.0030844560537233168,0.0030844560537233168,1.8952078521939955
2016-04-20,2101.52,2111.05,2096.3201,2102.3999,,0.0007615670220866289,0.0007615670220866289,1.8966511799942263
2016-04-21,2102.0901,2103.78,2088.52,2091.48,,-0.005194016609304408,-0.005194016609304408,1.8867999422632795
2016-04-22,2091.49,2094.3201,2081.2,2091.5801,,4.786084495189691e-05,4.786084495189691e-05,1.8868902461027715
2016-04-25,2089.3701,2089.3701,2077.52,2087.79,,-0.0018120749953588478,-0.0018120749953588478,1.8834710594688222
2016-04-26,2089.8401,2096.8701,2085.8,2091.7,,0.001872793719674748,0.001872793719674748,1.8869984122401846
2016-04-27,2092.3301,2099.8899,2082.3101,2095.1499,,0.001649328297557151,0.001649328297557151,1.8901106921189375
2016-04-28,2090.9299,2099.3,2071.6201,2075.8101,,-0.0092307476424478,-0.0092307476424478,1.8726635573036952
2016-04-29,2071.8201,2073.8501,2052.28,2065.3,,-0.005063131738302973,-0.005063131738302973,1.8631820150115475
2016-05-02,2067.1699,2083.4199,2066.1101,2081.4299,,0.007809954970222188,0.007809954970222188,1.8777333826501155
2016-05-03,2077.1799,2077.1799,2054.8899,2063.3701,,-0.008676631386913436,-0.008676631386913436,1.8614409822459586
2016-05-04,2060.3,2060.3,2045.55,2051.1201,,-0.005936889363667763,-0.005936889363667763,1.8503898130773673
2016-05-05,2052.95,2060.23,2045.77,2050.6299,,-0.0002389913686673406,-0.0002389913686673406,1.8499475858833716
2016-05-06,2047.77,2057.72,2039.45,2057.1399,,0.0031746342916390002,0.0031746342916390002,1.8558204929272517
2016-05-09,2057.55,2064.1499,2054.3101,2058.6899,,0.0007534733053400355,0.0007534733053400355,1.8572188041281754
2016-05-10,2062.6299,2084.8701,2062.6299,2084.3899,,0.012483667404207033,0.012483667404207033,1.8804037059757506
2016-05-11,2083.29,2083.29,2064.46,2064.46,,-0.009561502864699256,-0.009561502864699256,1.8624242205542725
2016-05-12,2067.1699,2073.99,2053.1299,2064.1101,,-0.0001694874204393182,-0.0001694874204393182,1.862108563077367
2016-05-13,2062.5,2066.79,2043.13,2046.61,,-0.008478278363155178,-0.008478278363155178,1.8463210883371823
2016-05-16,2046.53,2071.8799,2046.53,2066.6599,,0.009796639320632794,0.009796639320632794,1.8644088301097
2016-05-17,2065.04,2065.6899,2040.8199,2047.21,,-0.00941127274981246,-0.00941127274981246,1.8468623700923787
2016-05-18,2044.38,2060.6101,2034.49,2047.63,,0.00020515726281145064,0.00020515726281145064,1.8472412673210163
2016-05-19,2044.21,2044.21,2025.91,2040.04,,-0.0037067243593813526,-0.0037067243593813526,1.840394053117783
2016-05-20,2041.88,2058.3501,2041.88,2052.3201,,0.006019538832571891,0.006019538832571891,1.8514723765877596
2016-05-23,2052.23,2055.5801,2047.26,2048.04,,-0.002085493388677473,-0.002085493388677473,1.847611143187067
2016-05-24,2052.6499,2079.6699,2052.6499,2076.0601,,0.013681422237846963,0.013681422237846963,1.8728890913683605
2016-05-25,2078.9299,2094.73,2078.9299,2090.54,,0.006974701743942768,0.006974701743942768,1.8859519341801385
2016-05-26,2091.4399,2094.3,2087.0801,2090.1001,,-0.00021042410094995745,-0.00021042410094995745,1.8855550844399538
2016-05-27,2090.0601,2099.0601,2090.0601,2099.0601,,0.004286876020914043,0.004286876020914043,1.893638225317552
2016-05-31,2100.1299,2103.48,2088.6599,2096.95,,-0.0010052594492174771,-0.0010052594492174771,1.8917346275981521
2016-06-01,2093.9399,2100.97,2085.1001,2099.3301,,0.0011350294475311884,0.0011350294475311884,1.8938818021073904
2016-06-02,2097.71,2105.26,2088.5901,2105.26,,0.002824662972250147,0.002824662972250147,1.8992313799076215
2016-06-03,2104.0701,2104.0701,2085.3601,2099.1299,,-0.002911801867702901,-0.002911801867702901,1.8937011944284063
2016-06-06,2100.8301,2113.3601,2100.8301,2109.4099,,0.00489726719627992,0.00489726719627992,1.9029751551674365
2016-06-07,2110.1799,2119.22,2110.1799,2112.1299,,0.0012894601471244993,0.0012894601471244993,1.9054289657909929
2016-06-08,2112.71,2120.55,2112.71,2119.1201,,0.003309550231735292,0.003309550231735292,1.911735078666282
2016-06-09,2115.6499,2117.6399,2107.73,2115.48,,-0.0017177412455292584,-0.0017177412455292584,1.9084512124711317
2016-06-10,2109.5701,2109.5701,2089.96,2096.0701,,-0.009175175373910438,-0.009175175373910438,1.890940837904157
2016-06-13,2091.75,2098.1201,2078.46,2079.0601,,-0.008115186605638702,-0.008115186605638702,1.8755955001443418
2016-06-14,2076.6499,2081.3,2064.1001,2075.3201,,-0.0017988897964037465,-0.0017988897964037465,1.8722215105369513
2016-06-15,2077.6001,2085.6499,2069.8,2071.5,,-0.0018407280881632682,-0.0018407280881632682,1.8687752598152425
2016-06-16,2066.3601,2079.6201,2050.3701,2077.99,,0.0031329954139511784,0.0031329954139511784,1.874630124133949
2016-06-17,2078.2,2078.2,2062.8401,2071.22,,-0.003257956005563112,-0.003257956005563112,1.8685226616628174
2016-06-20,2075.5801,2100.6599,2075.5801,2083.25,,0.005808171029634712,0.005808171029634712,1.8793753608545034
2016-06-21,2085.1899,2093.6599,2083.02,2088.8999,,0.002712060482419343,0.002712060482419343,1.8844723405023094
2016-06-22,2089.75,2099.71,2084.3601,2085.45,,-0.0016515391666207524,-0.0016515391666207524,1.8813600606235563
2016-06-23,2092.8,2113.3201,2092.8,2113.3201,,0.013364070104773695,0.013364070104773695,1.9065026883660507
2016-06-24,2103.8101,2103.8101,2032.5699,2037.3,,-0.03597188140121321,-0.03597188140121321,1.8379221997690531
2016-06-27,2031.45,2031.45,1991.6801,2000.54,,-0.01804348893142882,-0.01804348893142882,1.8047596709006928
2016-06-28,2006.67,2036.09,2006.67,2036.09,,0.01777020204544777,0.01777020204544777,1.8368306148960738
2016-06-29,2042.6899,2073.1299,2042.6899,2070.77,,0.01703264590465059,0.01703264590465059,1.8681167003464203
2016-06-30,2073.1699,2098.9399,2070.0,2098.8601,,0.013565050681630497,0.013565050681630497,1.8934577980658198
2016-07-01,2099.3401,2108.71,2097.8999,2102.95,,0.0019486291630395058,0.0019486291630395058,1.8971474451501154
2016-07-05,2095.05,2095.05,2080.8601,2088.55,,-0.006847523716683512,-0.006847523716683512,1.8841566830254044
2016-07-06,2084.4299,2100.72,2074.02,2099.73,,0.005352996097771179,0.005352996097771179,1.8942425663972287
2016-07-07,2100.4199,2109.0801,2089.3899,2097.8999,,-0.0008715882518228746,-0.0008715882518228746,1.892591566830254
2016-07-08,2106.97,2131.71,2106.97,2129.8999,,0.01525334931375899,0.01525334931375899,1.9214599271073902
2016-07-11,2131.72,2143.1599,2131.72,2137.1599,,0.0034086108929345382,0.0034086108929345382,1.9280094363452656
2016-07-12,2139.5,2155.3999,2139.5,2152.1399,,0.007009302392394723,0.007009302392394723,1.9415234375000001
2016-07-13,2153.8101,2156.45,2146.21,2152.4299,,0.00013474960433557115,0.00013474960433557115,1.9417850570150117
2016-07-14,2157.8799,2168.99,2157.8799,2163.75,,0.005259218894887008,0.005259218894887008,1.9519973296766744
2016-07-15,2165.1299,2169.05,2155.79,2161.74,,-0.0009289428076257877,-0.0009289428076257877,1.9501840357967666
2016-07-18,2162.04,2168.3501,2159.6299,2166.8899,,0.002382293892882803,0.002382293892882803,1.9548299473152426
2016-07-19,2163.79,2164.6299,2159.01,2163.78,,-0.0014351905927476594,-0.0014351905927476594,1.9520243937644344
2016-07-20,2166.1001,2175.6299,2164.8899,2173.02,,0.004270304744474762,0.004270304744474762,1.9603601327944573
2016-07-21,2172.9099,2174.5601,2159.75,2165.1699,,-0.0036125300273353034,-0.0036125300273353034,1.9532782729503462
2016-07-22,2166.47,2175.1101,2163.24,2175.03,,0.004553961331164036,0.004553961331164036,1.9621734266743651
2016-07-25,2173.71,2173.71,2161.95,2168.48,,-0.0030114527155947757,-0.0030114527155947757,1.9562644341801385
2016-07-26,2168.97,2173.54,2160.1799,2169.1799,,0.00032276064339997745,0.00032276064339997745,1.956895839347575
2016-07-27,2169.8101,2174.98,2159.0701,2166.5801,,-0.0011985174673617704,-0.0011985174673617704,1.9545504655023096
2016-07-28,2166.05,2172.8501,2159.74,2170.0601,,0.0016062180207414567,0.0016062180207414567,1.957689899682448
2016-07-29,2168.8301,2177.0901,2163.49,2173.6001,,0.0016312912255287415,0.0016312912255287415,1.9608834620381064
2016-08-01,2173.1499,2178.29,2166.21,2170.8401,,-0.0012697827903118686,-0.0012697827903118686,1.958393565964203
2016-08-02,2169.9399,2170.2,2147.5801,2157.03,,-0.006361638519575719,-0.006361638519575719,1.945934974018476
2016-08-03,2156.8101,2163.79,2152.5601,2163.79,,0.00313393879547319,0.00313393879547319,1.9520334151270207
2016-08-04,2163.51,2168.1899,2159.0701,2164.25,,0.00021258994634409945,0.00021258994634409945,1.9524483978060045
2016-08-05,2168.79,2182.8701,2168.79,2182.8701,,0.008603488506411017,0.008603488506411017,1.9692462651558893
2016-08-08,2183.76,2185.4399,2177.8501,2180.8899,,-0.0009071543011194283,-0.0009071543011194283,1.9674598549364897
2016-08-09,2182.24,2187.6599,2178.6101,2181.74,,0.00038979500982594395,0.00038979500982594395,1.9682267609699766
2016-08-10,2182.8101,2183.4099,2172.0,2175.49,,-0.002864685984581117,-0.002864685984581117,1.9625884093533486
2016-08-11,2177.97,2188.45,2177.97,2185.79,,0.0047345655461528136,0.0047345655461528136,1.971880412817552
2016-08-12,2183.74,2186.28,2179.4199,2184.05,,-0.0007960508557545154,-0.0007960508557545154,1.9703106957274827
2016-08-15,2186.0801,2193.8101,2186.0801,2190.1499,,0.0027929305647762526,0.0027929305647762526,1.9758136366916859
2016-08-16,2186.24,2186.24,2178.1399,2178.1499,,-0.0054790770257323596,-0.0054790770257323596,1.9649880015877597
2016-08-17,2177.8401,2183.0801,2168.5,2182.22,,0.0018686041764159889,0.0018686041764159889,1.9686597863741337
2016-08-18,2181.8999,2187.03,2180.46,2187.02,,0.002199594907937863,0.002199594907937863,1.9729900404157044
2016-08-19,2184.24,2185.0,2175.1299,2183.8701,,-0.0014402703221735313,-0.0014402703221735313,1.9701484014145496
2016-08-22,2181.5801,2185.1499,2175.96,2182.6399,,-0.0005633118929555536,-0.0005633118929555536,1.9690385933891457
2016-08-23,2187.8101,2193.4199,2186.8,2186.8999,,0.0019517649246674207,0.0019517649246674207,1.9728816938510392
2016-08-24,2185.0901,2186.6599,2171.25,2175.4399,,-0.00524029472039389,-0.00524029472039389,1.9625432123267896
2016-08-25,2173.29,2179.0,2169.74,2172.47,,-0.001365195149725884,-0.001365195149725884,1.9598639578521937
2016-08-26,2175.1001,2187.9399,2160.3899,2169.04,,-0.0015788480393283955,-0.0015788480393283955,1.9567696304849884
2016-08-29,2170.1899,2183.48,2170.1899,2180.3799,,0.00522807324899488,0.00522807324899488,1.9669997654445726
2016-08-30,2179.45,2182.27,2170.4099,2176.1201,,-0.0019536962343120745,-0.0019536962343120745,1.9631568454099309
2016-08-31,2173.5601,2173.79,2161.3501,2170.95,,-0.0023758339440916876,-0.0023758339440916876,1.9584927107390298
2016-09-01,2171.3301,2173.5601,2157.0901,2170.8601,,-4.141044243299863e-05,-4.141044243299863e-05,1.9584116086893764
2016-09-02,2177.49,2184.8701,2173.5901,2179.98,,0.004201053766661467,0.004201053766661467,1.9666390011547343
2016-09-06,2181.6101,2186.5701,2175.1001,2186.48,,0.002981678730997528,0.002981678730997528,1.9725028868360277
2016-09-07,2185.1699,2187.8701,2179.0701,2186.1599,,-0.000146399692656618,-0.000146399692656618,1.9722141130196305
2016-09-08,2182.76,2184.9399,2177.49,2181.3,,-0.002223030437983886,-0.002223030437983886,1.9678298210161664
2016-09-09,2169.0801,2169.0801,2127.8101,2127.8101,,-0.024522028148351915,-0.024522028148351915,1.9195746427540417
2016-09-12,2120.8601,2163.3,2119.1201,2159.04,,0.014677014645244846,0.014677014645244846,1.9477482678983833
2016-09-13,2150.47,2150.47,2120.27,2127.02,,-0.014830665480954464,-0.014830665480954464,1.9188618648960738
2016-09-14,2127.8601,2141.3301,2119.8999,2125.77,,-0.0005876766556026647,-0.0005876766556026647,1.9177341945727482
2016-09-15,2125.3601,2151.3101,2122.3601,2147.26,,0.01010927804983619,0.01010927804983619,1.9371211027713628
2016-09-16,2146.48,2146.48,2131.2,2139.1599,,-0.0037722958561143827,-0.0037722958561143827,1.9298137088625866
2016-09-19,2143.99,2153.6101,2135.9099,2139.1201,,-1.8605434778384833e-05,-1.8605434778384833e-05,1.929777803839492
2016-09-20,2145.9399,2150.8,2139.1699,2139.76,,0.0002991416891460208,0.0002991416891460208,1.930355080831409
2016-09-21,2144.5801,2165.1101,2139.5701,2163.1201,,0.010917158933712034,0.010917158933712034,1.9514290740473441
2016-09-22,2170.9399,2179.99,2170.9399,2177.1799,,0.006499777797820849,0.006499777797820849,1.964112929416859
2016-09-23,2173.29,2173.75,2163.97,2164.6899,,-0.005736779032362138,-0.005736779032362138,1.9528452475461893
2016-09-26,2158.54,2158.54,2145.04,2146.1001,,-0.008587742752437566,-0.008587742752437566,1.9360747149249424
2016-09-27,2146.04,2161.1299,2141.55,2159.9299,,0.00644415421256439,0.00644415421256439,1.9485510789549654
2016-09-28,2161.8501,2172.3999,2151.79,2171.3701,,0.0052965607819031035,0.0052965607819031035,1.9588716981812933
2016-09-29,2168.8999,2172.6699,2145.2,2151.1299,,-0.009321395739952498,-0.009321395739952498,1.9406122798787528
2016-09-30,2156.51,2175.3,2156.51,2168.27,,0.007967952098104414,0.007967952098104414,1.9560749855658197
2016-10-03,2164.3301,2164.4099,2154.77,2161.2,,-0.003260664031693561,-0.003260664031693561,1.94969688221709
2016-10-04,2163.3701,2165.46,2144.01,2150.49,,-0.004955580233203749,-0.004955580233203749,1.9400350028868358
2016-10-05,2155.1499,2163.95,2155.1499,2159.73,,0.004296695171798204,0.004296695171798204,1.9483707419168592
2016-10-06,2158.22,2162.9299,2150.28,2160.77,,0.0004815416741907885,0.0004815416741907885,1.949308963625866
2016-10-07,2164.1899,2165.8601,2144.8501,2153.74,,-0.0032534698278855467,-0.0032534698278855467,1.9429669457274825
2016-10-10,2160.3899,2169.6001,2160.3899,2163.6599,,0.004605894861961168,0.004605894861961168,1.9519160471997692
2016-10-11,2161.3501,2161.5601,2128.8401,2136.73,,-0.012446457042532444,-0.012446457042532444,1.9276216079676673
2016-10-12,2137.6699,2145.3601,2132.77,2139.1799,,0.0011465650784141523,0.0011465650784141523,1.9298317515877599
2016-10-13,2130.26,2138.1899,2114.72,2132.55,,-0.003099271828423511,-0.003099271828423511,1.9238506784064666
2016-10-14,2139.6799,2149.1899,2132.98,2132.98,,0.00020163653841631657,0.00020163653841631657,1.9242385969976905
2016-10-17,2132.95,2135.6101,2124.4299,2126.5,,-0.0030380031692749387,-0.0030380031692749387,1.9183927540415704
2016-10-18,2138.3101,2144.3799,2135.49,2139.6001,,0.006160404420409105,0.006160404420409105,1.930210829243649
2016-10-19,2140.8101,2148.4399,2138.1499,2144.29,,0.0021919516642385783,0.0021919516642385783,1.9344417580831408
2016-10-20,2142.51,2147.1799,2133.4399,2141.3401,,-0.0013757001151897263,-0.0013757001151897263,1.931780546333718
2016-10-21,2139.4299,2142.6299,2130.0901,2141.1599,,-8.415290966612421e-05,-8.415290966612421e-05,1.9316179813799077
2016-10-24,2148.5,2154.79,2146.9099,2151.3301,,0.004749855440502104,0.004749855440502104,1.9407928875577367
2016-10-25,2149.72,2151.4399,2141.9299,2143.1599,,-0.003797743544795895,-0.003797743544795895,1.9334222538972288
2016-10-26,2136.97,2145.73,2131.5901,2139.4299,,-0.0017404207684177386,-0.0017404207684177386,1.930057285652425
2016-10-27,2144.0601,2147.1299,2132.52,2133.04,,-0.0029867302499605453,-0.0029867302499605453,1.92429272517321
2016-10-28,2132.23,2140.72,2119.3601,2126.4099,,-0.0031082867644300904,-0.0031082867644300904,1.9183114715646652
2016-10-31,2129.78,2133.25,2125.53,2126.1499,,-0.0001222718159844538,-0.0001222718159844538,1.9180769161374132
2016-11-01,2128.6799,2131.45,2097.8501,2111.72,,-0.006786868602256191,-0.006786868602256191,1.905059180138568
2016-11-02,2109.4299,2111.76,2094.0,2097.9399,,-0.00652553368817832,-0.00652553368817832,1.8926276522806003
2016-11-03,2098.8,2102.5601,2085.23,2088.6599,,-0.004423386961656894,-0.004423386961656894,1.884255827800231
2016-11-04,2083.79,2099.0701,2083.79,2085.1799,,-0.0016661400929849357,-0.0016661400929849357,1.8811163936200925
2016-11-07,2100.5901,2132.0,2100.5901,2131.52,,0.02222355011191124,0.02222355011191124,1.922921478060046
2016-11-08,2129.9199,2146.8701,2123.5601,2139.5601,,0.0037720030776160485,0.0037720030776160485,1.9301747437933026
2016-11-09,2131.5601,2170.1001,2125.3501,2163.26,,0.011076996621875779,0.011076996621875779,1.951555282909931
2016-11-10,2167.49,2182.3,2151.1699,2167.48,,0.0019507595018628532,0.0019507595018628532,1.955362297921478
2016-11-11,2162.71,2165.9199,2152.49,2164.45,,-0.0013979367745031723,-0.0013979367745031723,1.9526288250577366
2016-11-14,2165.6399,2171.3601,2156.0801,2164.2,,-0.00011550278361704969,-0.00011550278361704969,1.9524032909930713
2016-11-15,2168.29,2180.8401,2166.3799,2180.3899,,0.007480778116625286,0.007480778116625286,1.9670087868071595
2016-11-16,2177.53,2179.22,2172.2,2176.9399,,-0.0015822858104416193,-0.0015822858104416193,1.9638964167147803
2016-11-17,2178.6101,2188.0601,2176.6499,2187.1201,,0.004676380822456361,0.004676380822456361,1.9730803442551963
2016-11-18,2186.8501,2189.8899,2180.3799,2181.8999,,-0.0023867916535540434,-0.0023867916535540434,1.9683710125577365
2016-11-21,2186.4299,2198.7,2186.4299,2198.1799,,0.007461387206626702,0.007461387206626702,1.98305779084873
2016-11-22,2201.5601,2204.8,2194.51,2202.9399,,0.0021654278614775535,0.0021654278614775535,1.9873519594399536
2016-11-23,2198.55,2204.72,2194.51,2204.72,,0.0008080565429859909,0.0008080565429859909,1.9889578521939952
2016-11-24,2198.55,2204.72,2194.51,2204.72,,0.0,0.0,1.9889578521939952
2016-11-25,2206.27,2213.3501,2206.27,2213.3501,,0.003914374614463645,0.003914374614463645,1.9967433783198616
2016-11-28,2210.21,2211.1399,2200.3601,2201.72,,-0.005254523448414372,-0.005254523448414372,1.9862514434180136
2016-11-29,2200.76,2210.46,2198.1499,2204.6599,,0.0013352742401395723,0.0013352742401395723,1.98890363380485
2016-11-30,2204.97,2214.1001,2198.8101,2198.8101,,-0.0026533797798018455,-0.0026533797798018455,1.9836263171189377
2016-12-01,2200.1699,2202.6001,2187.4399,2191.0801,,-0.003515537790189316,-0.003515537790189316,1.976652803839492
2016-12-02,2191.1201,2197.95,2188.3701,2191.95,,0.0003970188036483968,0.0003970188036483968,1.9774375721709005
2016-12-05,2200.6499,2209.4199,2199.97,2204.71,,0.005821300668354734,0.005821300668354734,1.9889488308314087
2016-12-06,2207.26,2212.78,2202.21,2212.23,,0.0034108794353906458,0.0034108794353906458,1.9957328954965359
2016-12-07,2210.72,2241.6299,2208.9299,2241.3501,,0.013163233479339898,0.013163233479339898,2.0220031935623557
2016-12-08,2241.1299,2251.6899,2237.5701,2246.1899,,0.0021593235255839005,0.0021593235255839005,2.026369352627021
2016-12-09,2249.73,2259.8,2249.23,2259.53,,0.005938990287508883,0.005938990287508883,2.038403940531178
2016-12-12,2258.8301,2264.03,2252.3701,2256.96,,-0.0011374046815045835,-0.0011374046815045835,2.0360854503464205
2016-12-13,2263.3201,2277.53,2263.3201,2271.72,,0.006539770310506121,0.006539770310506121,2.0494009815242493
2016-12-14,2268.3501,2276.2,2248.4399,2253.28,,-0.008117197541950394,-0.008117197541950394,2.03276558891455
2016-12-15,2253.77,2272.1201,2253.77,2262.03,,0.003883228005396644,0.003883228005396644,2.0406592811778292
2016-12-16,2266.8101,2268.05,2254.24,2258.0701,,-0.001750595703859048,-0.001750595703859048,2.037086911807159
2016-12-19,2259.24,2267.47,2258.21,2262.53,,0.001975093687304197,0.001975093687304197,2.0411103493071594
2016-12-20,2266.5,2272.5601,2266.1399,2270.76,,0.0036375208284531446,0.0036375208284531446,2.0485349307159355
2016-12-21,2270.54,2271.23,2265.1499,2265.1799,,-0.0024573711004245435,-0.0024573711004245435,2.043500920178984
2016-12-22,2262.9299,2263.1799,2256.0801,2260.96,,-0.0018629425415614964,-0.0018629425415614964,2.039693995381062
2016-12-23,2260.25,2263.79,2258.8401,2263.79,,0.0012516807020026555,0.0012516807020026555,2.0422470409930713
2016-12-27,2266.23,2273.8201,2266.1499,2268.8799,,0.002248397598717089,0.002248397598717089,2.0468388243360276
2016-12-28,2270.23,2271.3101,2249.1101,2249.9199,,-0.008356546329314263,-0.008356546329314263,2.029734320871824
2016-12-29,2249.5,2254.51,2244.5601,2249.26,,-0.0002932993303449427,-0.0002932993303449427,2.029139001154735
2016-12-30,2251.6101,2253.5801,2233.6201,2238.8301,,-0.0046370361807883675,-0.0046370361807883675,2.0197298101905314
2017-01-03,2251.5701,2263.8799,2245.1299,2257.8301,,0.008486575198359159,0.008486575198359159,2.036870399105081
2017-01-04,2261.6001,2272.8201,2261.6001,2270.75,,0.005722264044579761,0.005722264044579761,2.0485259093533488
2017-01-05,2268.1799,2271.5,2260.45,2269.0,,-0.0007706704833204681,-0.0007706704833204681,2.046947170900693
2017-01-06,2271.1399,2282.1001,2264.0601,2276.98,,0.00351696782723665,0.00351696782723665,2.054146218244804
2017-01-09,2273.5901,2275.49,2268.8999,2268.8999,,-0.003548603852471355,-0.003548603852471355,2.0468568670612006
2017-01-10,2269.72,2279.27,2265.27,2268.8999,,0.0,0.0,2.0468568670612006
2017-01-11,2268.6001,2275.3201,2260.8301,2275.3201,,0.002829653260595588,0.002829653260595588,2.052648762269053
2017-01-12,2271.1399,2271.78,2254.25,2270.4399,,-0.0021448410709332677,-0.0021448410709332677,2.048246156899538
2017-01-13,2272.74,2278.6799,2271.51,2274.6399,,0.0018498617822917396,0.0018498617822917396,2.0520351291859122
2017-01-17,2269.1399,2272.0801,2262.8101,2267.8899,,-0.0029675026803143156,-0.0029675026803143156,2.045945709439954
2017-01-18,2269.1399,2272.01,2263.3501,2271.8899,,0.0017637540517287942,0.0017637540517287942,2.0495542544745957
2017-01-19,2271.8999,2274.3301,2258.4099,2263.6899,,-0.003609329835922215,-0.003609329835922215,2.0421567371535794
2017-01-20,2269.96,2276.96,2265.01,2271.3101,,0.0033662737992514735,0.0033662737992514735,2.0490311958718244
2017-01-23,2267.78,2271.78,2257.02,2265.2,,-0.0026901214413656005,-0.0026901214413656005,2.043519053117783
2017-01-24,2267.8799,2284.6299,2266.6799,2280.0701,,0.0065645859085290414,0.0065645859085290414,2.0569339094976904
2017-01-25,2288.8799,2299.55,2288.8799,2298.3701,,0.008026069023053362,0.008026069023053362,2.0734430030311777
2017-01-26,2298.6299,2300.99,2294.0801,2296.6799,,-0.0007353907014366889,-0.0007353907014366889,2.07191821232679
2017-01-27,2299.02,2299.02,2291.6201,2294.6899,,-0.0008664681569252597,-0.0008664681569252597,2.0701229611720553
2017-01-30,2286.01,2286.01,2268.04,2280.8999,,-0.006009526603137028,-0.006009526603137028,2.057682502165127
2017-01-31,2274.02,2279.0901,2267.21,2278.8701,,-0.0008899119159064828,-0.0008899119159064828,2.055851345987298
2017-02-01,2285.5901,2289.1399,2272.4399,2279.55,,0.000298349607553261,0.000298349607553261,2.0564647084295613
2017-02-02,2276.6899,2283.97,2271.6499,2280.8501,,0.0005703318637451105,0.0005703318637451105,2.0576375757794456
2017-02-03,2288.54,2298.3101,2287.8799,2297.4199,,0.00726474747288286,0.00726474747288286,2.0725857931581984
2017-02-06,2294.28,2296.1799,2288.5701,2292.5601,,-0.0021153294615405827,-0.0021153294615405827,2.0682015913683602
2017-02-07,2295.8701,2299.3999,2290.1599,2293.0801,,0.00022682066219337216,0.00022682066219337216,2.068670702222864
2017-02-08,2289.55,2295.9099,2285.3799,2294.6699,,0.0006933032997842314,0.0006933032997842314,2.0701049184468823
2017-02-09,2296.7,2311.0801,2296.6101,2307.8701,,0.0057525485473968185,0.0057525485473968185,2.082013297488453
2017-02-10,2312.27,2319.23,2311.1001,2316.1001,,0.0035660585922925314,0.0035660585922925314,2.0894378788972285
2017-02-13,2321.72,2331.5801,2321.4199,2328.25,,0.0052458440807459095,0.0052458440807459095,2.100398744226328
2017-02-14,2326.1201,2337.5801,2322.1699,2337.5801,,0.0040073445721036105,0.0040073445721036105,2.1088157657332562
2017-02-15,2335.5801,2351.3,2334.8101,2349.25,,0.004992299515212295,0.004992299515212295,2.1193436056581985
2017-02-16,2349.6399,2351.3101,2338.8701,2347.22,,-0.0008641055656061214,-0.0008641055656061214,2.1175122690531176
2017-02-17,2343.01,2351.1599,2339.5801,2351.1599,,0.0016785388672557744,0.0016785388672557744,2.1210665956986143
2017-02-21,2354.9099,2366.71,2354.9099,2365.3799,,0.0060480786525831665,0.0060480786525831665,2.1338949732967665
2017-02-22,2361.1101,2365.1299,2358.3401,2362.8201,,-0.0010821940272680575,-0.0010821940272680575,2.1315856849018475
2017-02-23,2367.5,2368.26,2355.0901,2363.8101,,0.0004189908491130101,0.0004189908491130101,2.1324787997979215
2017-02-24,2355.73,2367.3401,2352.8701,2367.3401,,0.001493351771362672,0.001493351771362672,2.135663340790993
2017-02-27,2365.23,2371.54,2361.8701,2369.73,,0.0010095296404601939,0.0010095296404601939,2.137819356235566
2017-02-28,2366.0801,2367.79,2358.96,2363.6399,,-0.0025699552269667914,-0.0025699552269667914,2.1323252562066974
2017-03-01,2380.1299,2400.98,2380.1299,2395.96,,0.013673868003328149,0.013673868003328149,2.161482390300231
2017-03-02,2394.75,2394.75,2380.1699,2381.9199,,-0.005859905841499979,-0.005859905841499979,2.1488163070150113
2017-03-03,2380.9199,2383.8899,2375.3899,2383.1201,,0.0005038792446379059,0.0005038792446379059,2.149899050952656
2017-03-06,2375.23,2378.8,2367.98,2375.3101,,-0.0032772162846513853,-0.0032772162846513853,2.1428533667725174
2017-03-07,2370.74,2375.1201,2365.51,2368.3899,,-0.0029133880245784116,-0.0029133880245784116,2.136610403435335
2017-03-08,2369.8101,2373.0901,2361.01,2362.98,,-0.0022842100449761427,-0.0022842100449761427,2.131729936489607
2017-03-09,2363.49,2369.0801,2354.54,2364.8701,,0.0007998798127788476,0.0007998798127788476,2.133435064232102
2017-03-10,2372.52,2376.8601,2363.04,2372.6001,,0.0032686784783655387,0.0032686784783655387,2.1404085775115473
2017-03-13,2371.5601,2374.4199,2368.52,2373.47,,0.0003666441723575442,0.0003666441723575442,2.141193345842956
2017-03-14,2368.55,2368.55,2358.1799,2365.45,,-0.0033790189048102937,-0.0033790189048102937,2.1339582130484986
2017-03-15,2370.3401,2390.01,2368.9399,2385.26,,0.008374727853051489,0.008374727853051489,2.1518295323325636
2017-03-16,2387.71,2388.1001,2377.1799,2381.3799,,-0.0016266989762123707,-0.0016266989762123707,2.1483291534353346
2017-03-17,2383.71,2385.71,2377.6399,2378.25,,-0.00131432200296977,-0.00131432200296977,2.1455055571593533
2017-03-20,2378.24,2379.55,2369.6599,2373.47,,-0.00200988121517931,-0.00200988121517931,2.141193345842956
2017-03-21,2379.3201,2381.9299,2341.8999,2344.02,,-0.012407993359932812,-0.012407993359932812,2.114625433025404
2017-03-22,2343.0,2351.8101,2336.45,2348.45,,0.0018899156150544716,0.0018899156150544716,2.11862189665127
2017-03-23,2345.97,2358.9199,2342.1299,2345.96,,-0.0010602737976110888,-0.0010602737976110888,2.1163755773672057
2017-03-24,2350.4199,2356.22,2335.74,2343.98,,-0.0008440041603438031,-0.0008440041603438031,2.1145893475750577
2017-03-27,2329.1101,2344.8999,2322.25,2341.5901,,-0.0010195906108414476,-0.0010195906108414476,2.1124333321304847
2017-03-28,2339.79,2363.78,2337.6299,2358.5701,,0.007251482657020025,0.007251482657020025,2.12775160580254
2017-03-29,2356.54,2363.3601,2352.9399,2361.1299,,0.0010853186004520232,0.0010853186004520232,2.1300608941974595
2017-03-30,2361.3101,2370.4199,2358.5801,2368.0601,,0.0029351201727614296,0.0029351201727614296,2.1363128788972285
2017-03-31,2364.8201,2370.3501,2362.6001,2362.72,,-0.0022550525639110086,-0.0022550525639110086,2.1314953810623556
2017-04-03,2362.3401,2365.8701,2344.73,2358.8401,,-0.0016421327960993715,-0.0016421327960993715,2.1279951825923784
2017-04-04,2354.76,2360.53,2350.72,2360.1599,,0.0005595122789374685,0.0005595122789374685,2.129185822026559
2017-04-05,2366.5901,2378.3601,2350.52,2352.95,,-0.003054835394839306,-0.003054835394839306,2.1226815098152425
2017-04-06,2353.79,2364.1599,2348.8999,2357.49,,0.0019294927644020188,0.0019294927644020188,2.126777208429561
2017-04-07,2356.5901,2363.76,2350.74,2355.54,,-0.0008271509105022279,-0.0008271509105022279,2.125018042725173
2017-04-10,2357.1599,2366.3701,2351.5,2357.1599,,0.0006876979376280179,0.0006876979376280179,2.1264794132505775
2017-04-11,2353.9199,2355.22,2337.25,2353.78,,-0.001433886602262291,-0.001433886602262291,2.123430282909931
2017-04-12,2352.1499,2352.72,2341.1799,2344.9299,,-0.003759952077084572,-0.003759952077084572,2.1154462868071593
2017-04-13,2341.98,2348.26,2328.95,2328.95,,-0.006814660003269246,-0.006814660003269246,2.10103023960739
2017-04-17,2332.6201,2349.1399,2332.51,2349.01,,0.008613323600764389,0.008613323600764389,2.1191270929561203
2017-04-18,2342.53,2348.3501,2334.54,2342.1899,,-0.0029033933444303495,-0.0029033933444303495,2.1129744334584295
2017-04-19,2346.79,2352.6299,2335.05,2338.1699,,-0.0017163424707791197,-0.0017163424707791197,2.1093478456986143
2017-04-20,2342.6899,2361.3701,2340.9099,2355.8401,,0.007557278023295089,0.007557278023295089,2.125288773816397
2017-04-21,2354.74,2356.1799,2344.51,2348.6899,,-0.0030350956331883783,-0.0030350956331883783,2.118838319139723
2017-04-24,2370.3301,2376.98,2369.1899,2374.1499,,0.010840085785696951,0.010840085785696951,2.1418067082852192
2017-04-25,2381.51,2392.48,2381.1499,2388.6101,,0.006090685343836055,0.006090685343836055,2.1548517790127018
2017-04-26,2388.98,2398.1599,2386.78,2387.45,,-0.00048567993579196056,-0.00048567993579196056,2.15380521073903
2017-04-27,2389.7,2392.1001,2382.6799,2388.77,,0.0005528911600243269,0.0005528911600243269,2.154996030600462
2017-04-28,2393.6799,2393.6799,2382.3601,2384.2,,-0.0019131184668260692,-0.0019131184668260692,2.1508732678983833
2017-05-01,2388.5,2394.49,2384.8301,2388.3301,,0.00173227917121066,0.00173227917121066,2.154599180860277
2017-05-02,2391.05,2392.9299,2385.8201,2391.1699,,0.001189031616693148,0.001189031616693148,2.157161067407621
2017-05-03,2386.5,2389.8201,2379.75,2388.1299,,-0.0012713442068671421,-0.0012713442068671421,2.1544185731812933
2017-05-04,2389.79,2391.4299,2380.3501,2389.52,,0.0005820872641810748,0.0005820872641810748,2.1556726327944573
2017-05-05,2392.3701,2399.29,2389.3799,2399.29,,0.004088687267735702,0.004088687267735702,2.1644865040415704
2017-05-08,2399.9399,2401.3601,2393.9199,2399.3799,,3.746941803606241e-05,3.746941803606241e-05,2.164567606091224
2017-05-09,2401.5801,2403.8701,2392.4399,2396.9199,,-0.0010252649028192895,-0.0010252649028192895,2.162348350894919
2017-05-10,2396.79,2399.74,2392.79,2399.6299,,0.0011306176731229467,0.0011306176731229467,2.164793140155889
2017-05-11,2394.8401,2395.72,2381.74,2394.4399,,-0.002162833526953456,-0.002162833526953456,2.160111052973441
2017-05-12,2392.4399,2392.4399,2387.1899,2390.8999,,-0.0014784250797023057,-0.0014784250797023057,2.156917490617783
2017-05-15,2393.98,2404.05,2393.9399,2402.3201,,0.004776527867185187,0.004776527867185187,2.1672200671189374
2017-05-16,2404.55,2405.77,2396.05,2400.6699,,-0.0006869192827384518,-0.0006869192827384518,2.165731361864896
2017-05-17,2382.95,2384.8701,2356.21,2357.03,,-0.018178217671658947,-0.018178217671658947,2.1263622257505777
2017-05-18,2354.6899,2375.74,2352.72,2365.72,,0.0036868431882495223,0.0036868431882495223,2.134201789838337
2017-05-19,2371.3701,2389.0601,2370.4299,2381.73,,0.00676749573068669,0.00676749573068669,2.148644991339492
2017-05-22,2387.21,2395.46,2386.9199,2394.02,,0.005160114706536767,0.005160114706536767,2.1597322459584296
2017-05-23,2397.04,2400.8501,2393.8799,2398.4199,,0.0018378710286464095,0.0018378710286464095,2.16370155528291
2017-05-24,2401.4099,2405.5801,2397.99,2404.3899,,0.0024891387867487236,0.0024891387867487236,2.1690873087471134
2017-05-25,2409.54,2418.71,2408.01,2415.0701,,0.004441958436108839,0.004441958436108839,2.178722304416859
2017-05-26,2414.5,2416.6799,2412.2,2415.8201,,0.00031054999190294197,0.00031054999190294197,2.1793989066108543
2017-05-30,2411.6699,2415.26,2409.4299,2412.9099,,-0.0012046426801398669,-0.0012046426801398669,2.176773509670901
2017-05-31,2415.6299,2415.99,2403.5901,2411.8101,,-0.0004557982044832709,-0.0004557982044832709,2.175781340213626
2017-06-01,2415.6499,2430.0601,2413.54,2430.0601,,0.007566930746330414,0.007566930746330414,2.1922453269341804
2017-06-02,2431.28,2440.23,2427.71,2439.0701,,0.0037077272286392127,0.0037077272286392127,2.2003735746247113
2017-06-05,2437.8301,2439.55,2434.3201,2436.1001,,-0.0012176771795119334,-0.0012176771795119334,2.1976942299364897
2017-06-06,2431.9199,2436.21,2428.1201,2429.3301,,-0.0027790319453622203,-0.0027790319453622203,2.191586767465358
2017-06-07,2432.03,2435.28,2424.75,2433.1399,,0.0015682512640007307,0.0015682512640007307,2.195023726183603
2017-06-08,2434.27,2439.27,2427.9399,2433.79,,0.00026718562298855275,0.00026718562298855275,2.195610204965358
2017-06-09,2436.3899,2446.2,2415.7,2431.77,,-0.0008299812227020587,-0.0008299812227020587,2.1937878897228638
2017-06-12,2425.8799,2430.3799,2419.97,2429.3899,,-0.0009787521023780776,-0.0009787521023780776,2.191640715213626
2017-06-13,2434.1499,2441.49,2431.28,2440.3501,,0.004511503073261203,0.004511503073261203,2.2015283090357967
2017-06-14,2443.75,2443.75,2428.3401,2437.9199,,-0.0009958407197394603,-0.0009958407197394603,2.1993359375
2017-06-15,2424.1399,2433.95,2418.53,2432.46,,-0.00223957317055401,-0.00223957317055401,2.1944103637413397
2017-06-16,2431.24,2433.1499,2422.8799,2433.1499,,0.0002836223411688543,0.0002836223411688543,2.1950327475461893
2017-06-19,2442.55,2453.8201,2441.79,2453.46,,0.008347245683465676,0.008347245683465676,2.2133552251732103
2017-06-20,2450.6599,2450.6599,2436.6001,2437.03,,-0.006696665117833511,-0.006696665117833511,2.1985331264434183
2017-06-21,2439.3101,2442.23,2430.74,2435.6101,,-0.0005826354209839124,-0.0005826354209839124,2.197252183169746
2017-06-22,2437.3999,2441.6201,2433.27,2434.5,,-0.0004557790263720607,-0.0004557790263720607,2.196250721709007
2017-06-23,2434.6499,2441.3999,2431.1101,2438.3,,0.0015608954610804027,0.0015608954610804027,2.199678839491917
2017-06-26,2443.3201,2450.4199,2437.03,2439.0701,,0.0003158348029363989,0.0003158348029363989,2.2003735746247113
2017-06-27,2436.3401,2440.1499,2419.3799,2419.3799,,-0.008072830707079759,-0.008072830707079759,2.182610331264434
2017-06-28,2428.7,2442.97,2428.02,2440.6899,,0.008808042093761292,0.008808042093761292,2.2018348549364894
2017-06-29,2442.3799,2442.73,2405.7,2419.7,,-0.008599986421871986,-0.008599986421871986,2.182899105080831
2017-06-30,2429.2,2432.71,2421.6499,2423.4099,,0.0015332065958590935,0.0015332065958590935,2.186245940386836
2017-07-03,2431.3899,2439.1699,2428.6899,2429.01,,0.002310834828231023,0.002310834828231023,2.191297993648961
2017-07-05,2430.78,2434.8999,2422.05,2432.54,,0.0014532669688471778,0.0014532669688471778,2.1944825346420322
2017-07-06,2423.4399,2424.28,2407.7,2409.75,,-0.00936880791271677,-0.00936880791271677,2.1739228493071594
2017-07-07,2413.52,2426.9199,2413.52,2425.1799,,0.006403112356053509,0.006403112356053509,2.187842721564665
2017-07-10,2424.51,2432.0,2422.27,2427.4299,,0.0009277662246829355,0.0009277662246829355,2.189872528146651
2017-07-11,2427.3501,2429.3,2412.79,2425.53,,-0.0007826796563723537,-0.0007826796563723537,2.1881585594688224
2017-07-12,2435.75,2445.76,2435.75,2443.25,,0.007305619802682184,0.007305619802682184,2.2041444139722866
2017-07-13,2444.99,2449.3201,2441.6899,2447.8301,,0.0018745932671646592,0.0018745932671646592,2.2082762882505773
2017-07-14,2449.1599,2463.54,2446.6899,2459.27,,0.004673486121442805,0.004673486121442805,2.2185966368360277
2017-07-17,2459.5,2462.8201,2457.1599,2459.1399,,-5.2901877386268836e-05,-5.2901877386268836e-05,2.218479268908776
2017-07-18,2455.8799,2460.9199,2450.3401,2460.6101,,0.0005978513056534851,0.0005978513056534851,2.2198055896362585
2017-07-19,2463.8501,2473.8301,2463.8501,2473.8301,,0.005372651278640284,0.005372651278640284,2.231731830975751
2017-07-20,2475.5601,2477.6201,2468.4299,2473.45,,-0.0001536483851499737,-0.0001536483851499737,2.2313889289838333
2017-07-21,2467.3999,2472.54,2465.0601,2472.54,,-0.0003679071741898854,-0.0003679071741898854,2.2305679849884528
2017-07-24,2472.04,2473.1001,2466.3201,2469.9099,,-0.0010637239437986112,-0.0010637239437986112,2.22819527641455
2017-07-25,2477.8799,2481.24,2474.9099,2477.0801,,0.0029030208753768605,0.0029030208753768605,2.2346637738163975
2017-07-26,2479.97,2481.6899,2474.9399,2477.8301,,0.0003027758367604161,0.0003027758367604161,2.2353403760103925
2017-07-27,2482.76,2484.04,2459.9299,2475.4199,,-0.0009727059171652508,-0.0009727059171652508,2.2331660471997687
2017-07-28,2469.1201,2473.53,2464.6599,2472.1001,,-0.0013411058059280556,-0.0013411058059280556,2.230171135248268
2017-07-31,2475.9399,2477.96,2468.53,2470.3,,-0.0007281663068579025,-0.0007281663068579025,2.228547199769053
2017-08-01,2477.1001,2478.51,2471.1399,2476.3501,,0.00244913573250205,0.00244913573250205,2.234005214347575
2017-08-02,2480.3799,2480.3799,2466.48,2477.5701,,0.0004926605490878089,0.0004926605490878089,2.235105820583141
2017-08-03,2476.03,2476.03,2468.8501,2472.1599,,-0.0021836718161878377,-0.0021836718161878377,2.2302250829965358
2017-08-04,2476.8799,2480.0,2472.0801,2476.8301,,0.001889117285657882,0.001889117285657882,2.234438239751732
2017-08-07,2477.1399,2480.95,2475.8799,2480.9099,,0.0016471860544653438,0.0016471860544653438,2.2381187752598155
2017-08-08,2478.3501,2490.8701,2470.3201,2474.9199,,-0.0024144367354898,-0.0024144367354898,2.2327149790704386
2017-08-09,2465.3501,2474.4099,2462.0801,2474.02,,-0.00036360772726418134,-0.00036360772726418134,2.23190314665127
2017-08-10,2465.3799,2465.3799,2437.75,2438.21,,-0.01447441815345063,-0.01447441815345063,2.1995976472286376
2017-08-11,2441.04,2448.0901,2437.8501,2441.3201,,0.00127556691179187,0.00127556691179187,2.202403381206697
2017-08-14,2454.96,2468.22,2454.96,2465.8401,,0.010043746414081456,0.010043746414081456,2.224523762269053
2017-08-15,2468.6599,2468.8999,2461.6101,2464.6101,,-0.000498815799126695,-0.000498815799126695,2.2234141346709007
2017-08-16,2468.6299,2474.9299,2463.8601,2468.1101,,0.0014201029201332815,0.0014201029201332815,2.226571611576212
2017-08-17,2462.95,2465.02,2430.01,2430.01,,-0.015436953156992339,-0.015436953156992339,2.1922001299076213
2017-08-18,2427.6399,2440.27,2420.6899,2425.55,,-0.0018353833934839914,-0.0018353833934839914,2.1881766021939955
2017-08-21,2425.5,2430.5801,2417.3501,2428.3701,,0.0011626641380304559,0.0011626641380304559,2.1907207166570437
2017-08-22,2433.75,2454.77,2433.6699,2452.51,,0.009940782914433122,0.009940782914433122,2.2124981957274827
2017-08-23,2444.8799,2448.9099,2441.4199,2444.04,,-0.003453604674394928,-0.003453604674394928,2.204857101616628
2017-08-24,2447.9099,2450.3899,2436.1899,2438.97,,-0.002074434133647607,-0.002074434133647607,2.2002832707852193
2017-08-25,2444.72,2453.96,2442.22,2443.05,,0.0016728373042720346,0.0016728373042720346,2.2039639867205545
2017-08-28,2447.3501,2449.1201,2439.03,2444.24,,0.00048709604797259054,0.00048709604797259054,2.20503752886836
2017-08-29,2431.9399,2449.1899,2428.2,2446.3,,0.0008427977612674997,0.0008427977612674997,2.206895929561201
2017-08-30,2446.0601,2460.3101,2443.77,2457.5901,,0.004615173936148409,0.004615173936148409,2.2170811381351037
2017-08-31,2462.6499,2475.01,2462.6499,2471.6101,,0.0057047755848300685,0.0057047755848300685,2.229729088481524
2017-09-01,2474.4199,2480.3799,2473.8501,2476.55,,0.001998656665143317,0.001998656665143317,2.234185551385681
2017-09-05,2470.3501,2471.97,2446.55,2457.8501,,-0.007550786376208873,-0.007550786376208873,2.2173156935623557
2017-09-06,2463.8301,2469.6399,2459.2,2465.54,,0.003128709924173023,0.003128709924173023,2.2242530311778292
2017-09-07,2468.0601,2468.6201,2460.29,2465.1001,,-0.0001784193320731875,-0.0001784193320731875,2.2238561814376445
2017-09-08,2462.25,2467.1101,2459.3999,2461.4299,,-0.001488864488707775,-0.001488864488707775,2.2205451609411084
2017-09-11,2474.52,2488.95,2474.52,2488.1101,,0.010839309297412836,0.010839309297412836,2.2446143367494225
2017-09-12,2491.9399,2496.77,2490.3701,2496.48,,0.003363958853750182,0.003363958853750182,2.252165127020785
2017-09-13,2493.8899,2498.3701,2492.1399,2498.3701,,0.0007571060052553591,0.0007571060052553591,2.2538702547632794
2017-09-14,2494.5601,2498.4299,2491.3501,2495.6201,,-0.001100717623862102,-0.001100717623862102,2.251389380051963
2017-09-15,2495.6699,2500.2,2493.1599,2500.1699,,0.0018231140228432974,0.0018231140228432974,2.2554939196016166
2017-09-18,2502.51,2508.3201,2499.9199,2503.8799,,0.0014838991542134305,0.0014838991542134305,2.258840845121247
2017-09-19,2506.29,2507.8401,2503.1899,2506.6499,,0.0011062830928911804,0.0011062830928911804,2.2613397625577365
2017-09-20,2506.8401,2508.8501,2496.6699,2508.24,,0.000634352647332248,0.000634352647332248,2.2627742494226326
2017-09-21,2507.1599,2507.1599,2499.0,2500.6001,,-0.0030459206455520915,-0.0030459206455520915,2.2558820186200923
2017-09-22,2497.26,2503.47,2496.54,2502.21,,0.0006438054609372301,0.0006438054609372301,2.25733436778291
2017-09-25,2499.3899,2502.54,2488.03,2496.6599,,-0.002218079217971236,-0.002218079217971236,2.2523274213337183
2017-09-26,2501.04,2503.51,2495.1201,2496.8401,,7.217643059820311e-05,7.217643059820311e-05,2.2524899862875287
2017-09-27,2503.3,2511.75,2495.9099,2507.05,,0.004089128494852545,0.004089128494852545,2.261700707274827
2017-09-28,2503.4099,2510.8101,2502.9299,2510.0701,,0.0012046429070020626,0.0012046429070020626,2.2644252489896073
2017-09-29,2509.96,2519.4399,2507.99,2519.3501,,0.0036971079014884722,0.0036971079014884722,2.272797073469977
2017-10-02,2521.2,2529.23,2520.3999,2529.1201,,0.0038779842468104064,0.0038779842468104064,2.28161094471709
2017-10-03,2530.3401,2535.1299,2528.8501,2534.5801,,0.0021588535870638026,0.0021588535870638026,2.2865366086893766
2017-10-04,2533.48,2540.53,2531.8,2537.73,,0.0012427699562542749,0.0012427699562542749,2.2893782476905313
2017-10-05,2540.8601,2552.51,2540.02,2552.0701,,0.005650758748960705,0.005650758748960705,2.3023149718533484
2017-10-06,2547.4399,2549.4099,2543.79,2549.3201,,-0.0010775566078690124,-0.0010775566078690124,2.2998340971420324
2017-10-09,2551.3899,2551.8201,2541.6001,2544.73,,-0.0018005192835532924,-0.0018005192835532924,2.295693201501155
2017-10-10,2549.99,2555.23,2544.8601,2550.6399,,0.002322407485273459,0.002322407485273459,2.3010247365762124
2017-10-11,2550.6201,2555.24,2547.95,2555.24,,0.0018035082098415423,0.0018035082098415423,2.3051746535796767
2017-10-12,2552.8799,2555.3301,2548.3101,2550.9299,,-0.0016867691488861025,-0.0016867691488861025,2.3012863560912242
2017-10-13,2555.6599,2557.6499,2552.0901,2553.1899,,0.0008859514328480866,0.0008859514328480866,2.3033251840357964
2017-10-16,2555.5701,2559.47,2552.6399,2557.6399,,0.001742917751633044,0.001742917751633044,2.307339690386836
2017-10-17,2557.1699,2559.71,2554.6899,2559.3601,,0.0006725731796723977,0.0006725731796723977,2.3088915451789838
2017-10-18,2562.8701,2564.1101,2559.6699,2561.26,,0.0007423339920007432,0.0007423339920007432,2.310605513856813
2017-10-19,2553.3899,2562.3601,2547.9199,2562.1001,,0.0003280026237086897,0.0003280026237086897,2.3113633985277136
2017-10-20,2567.5601,2575.4399,2567.5601,2575.1799,,0.005105108890944621,0.005105108890944621,2.3231631603637415
2017-10-23,2578.0801,2578.29,2564.3301,2565.0801,,-0.003921978421779326,-0.003921978421779326,2.314051764578522
2017-10-24,2568.6599,2572.1799,2565.5801,2569.1299,,0.0015788200922068896,0.0015788200922068896,2.317705235998845
2017-10-25,2566.52,2567.3999,2544.0,2557.1499,,-0.0046630573253614305,-0.0046630573253614305,2.306897643620092
2017-10-26,2560.0801,2567.0701,2559.8,2560.3999,,0.001270946220243152,0.001270946220243152,2.3098295864607388
2017-10-27,2570.26,2582.98,2565.9399,2581.0701,,0.008073035778512594,0.008073035778512594,2.3284769233545033
2017-10-30,2577.75,2580.03,2568.25,2572.8301,,-0.0031924743152074164,-0.0031924743152074164,2.321043320583141
2017-10-31,2575.99,2578.29,2572.1499,2575.26,,0.0009444463511212309,0.0009444463511212309,2.3232354214780604
2017-11-01,2583.21,2588.3999,2574.9199,2579.3601,,0.0015921110878123201,0.0015921110878123201,2.326934270352194
2017-11-02,2579.46,2581.1101,2566.1699,2579.8501,,0.00018996959749828513,0.00018996959749828513,2.327376317118938
2017-11-03,2581.9299,2588.4199,2576.77,2587.8401,,0.0030970791675066778,0.0030970791675066778,2.334584385825635
2017-11-06,2587.47,2593.3799,2585.6599,2591.1299,,0.0012712531968261942,0.0012712531968261942,2.3375522336893764
2017-11-07,2592.1101,2597.02,2584.3501,2590.6399,,-0.00018910669048266548,-0.00018910669048266548,2.337110186922633
2017-11-08,2588.71,2595.47,2585.02,2594.3799,,0.0014436587655426436,0.0014436587655426436,2.340484176530023
2017-11-09,2584.0,2586.5,2566.3301,2584.6201,,-0.0037619008688741795,-0.0037619008688741795,2.3316795070727485
2017-11-10,2580.1799,2583.8101,2575.5701,2582.3,,-0.0008976561004071515,-0.0008976561004071515,2.32958646073903
2017-11-13,2576.53,2587.6599,2574.48,2584.8401,,0.0009836579793205402,0.0009836579793205402,2.3318779770496536
2017-11-14,2577.75,2579.6599,2566.5601,2578.8701,,-0.0023096206221807636,-0.0023096206221807636,2.3264922235854506
2017-11-15,2569.45,2572.8401,2557.45,2564.6201,,-0.005525675760093551,-0.005525675760093551,2.3136367818995383
2017-11-16,2572.95,2590.0901,2572.95,2585.6399,,0.00819606771388881,0.00819606771388881,2.3325995056293305
2017-11-17,2582.9399,2583.96,2577.6201,2578.8501,,-0.0026259650464087736,-0.0026259650464087736,2.326474180860277
2017-11-20,2579.49,2584.6399,2578.24,2582.1399,,0.0012756848488402195,0.0012756848488402195,2.3294420287240185
2017-11-21,2589.1699,2601.1899,2589.1699,2599.03,,0.0065411250567795065,0.0065411250567795065,2.3446792003464205
2017-11-22,2600.3101,2600.9399,2595.23,2597.0801,,-0.0007502414362281495,-0.0007502414362281495,2.342920124855658
2017-11-24,2600.4199,2604.21,2600.4199,2602.4199,,0.0020560782857639293,0.0020560782857639293,2.3477373520496534
2017-11-27,2602.6599,2606.4099,2598.8701,2601.4199,,-0.00038425774410966174,-0.00038425774410966174,2.346835215790993
2017-11-28,2605.9399,2627.6899,2605.4399,2627.04,,0.009848506194636286,0.009848506194636286,2.369948036951501
2017-11-29,2627.8201,2634.8899,2620.3201,2626.0701,,-0.00036919879408003897,-0.00036919879408003897,2.3690730549942263
2017-11-30,2633.9299,2657.74,2633.9299,2647.5801,,0.00819094661639097,0.00819094661639097,2.3884780059180137
2017-12-01,2645.1001,2650.6201,2605.52,2642.22,,-0.002024527983119473,-0.002024527983119473,2.3836424653579673
2017-12-04,2657.1899,2665.1899,2639.03,2639.4399,,-0.0010521833912391365,-0.0010521833912391365,2.3811344363452656
2017-12-05,2639.78,2648.72,2627.73,2629.5701,,-0.0037393539439939394,-0.0037393539439939394,2.372230531899538
2017-12-06,2626.24,2634.4099,2624.75,2629.27,,-0.00011412511877884057,-0.00011412511877884057,2.371959800808314
2017-12-07,2628.3799,2640.99,2626.53,2636.98,,0.0029323728639507607,0.0029323728639507607,2.3789152713625867
2017-12-08,2646.21,2651.6499,2644.1001,2651.5,,0.005506298872194781,0.005506298872194781,2.392014289838337
2017-12-11,2652.1899,2660.3301,2651.47,2659.99,,0.0032019611540636816,0.0032019611540636816,2.3996734266743647
2017-12-12,2661.73,2669.72,2659.78,2664.1101,,0.0015489155974270918,0.0015489155974270918,2.4033903182736718
2017-12-13,2667.5901,2671.8799,2662.8501,2662.8501,,-0.0004729534263616664,-0.0004729534263616664,2.40225362658776
2017-12-14,2665.8701,2668.0901,2652.01,2652.01,,-0.004070863771114985,-0.004070863771114985,2.3924743793302543
2017-12-15,2660.6299,2679.6299,2659.1399,2675.8101,,0.008974362841769112,0.008974362841769112,2.4139453125
2017-12-18,2685.9199,2694.97,2685.9199,2690.1599,,0.005362787142480618,0.005362787142480618,2.4268907873845267
2017-12-19,2692.71,2694.4399,2680.74,2681.47,,-0.003230254082666306,-0.003230254082666306,2.4190513135103924
2017-12-20,2688.1799,2691.01,2676.1101,2679.25,,-0.0008279040973793172,-0.0008279040973793172,2.417048571016166
2017-12-21,2683.02,2692.6399,2682.3999,2684.5701,,0.0019856676308667165,0.0019856676308667165,2.421848026125866
2017-12-22,2684.22,2685.3501,2678.1299,2683.3401,,-0.00045817391767866145,-0.00045817391767866145,2.4207383985277136
2017-12-26,2679.0901,2682.74,2677.96,2680.5,,-0.0010584196911900268,-0.0010584196911900268,2.418176241339492
2017-12-27,2682.1001,2685.6399,2678.9099,2682.6201,,0.0007909345271404078,0.0007909345271404078,2.4200888604214783
2017-12-28,2686.1001,2687.6599,2682.6899,2687.54,,0.0018339905825650593,0.0018339905825650593,2.424527280600462
2017-12-29,2689.1499,2692.1201,2673.6101,2673.6101,,-0.005183141460220142,-0.005183141460220142,2.4119606127309465
2018-01-02,2683.73,2695.8899,2682.3601,2695.8101,,0.008303379763563878,0.008303379763563878,2.4319880376732104
2018-01-03,2697.8501,2714.3701,2697.77,2713.0601,,0.0063988186704990735,0.0063988186704990735,2.447549888135104
2018-01-04,2719.3101,2729.29,2719.0701,2723.99,,0.004028624356681165,0.004028624356681165,2.457410147228637
2018-01-05,2731.3301,2743.45,2727.9199,2743.1499,,0.007033762972698199,0.007033762972698199,2.4746949877309468
2018-01-08,2742.6699,2748.51,2737.6001,2747.71,,0.0016623590274815747,0.0016623590274815747,2.4788088192840645
2018-01-09,2751.1499,2759.1399,2747.8601,2751.29,,0.0013029031448006378,0.0013029031448006378,2.482038467090069
2018-01-10,2745.55,2750.8,2736.0601,2748.23,,-0.0011122055472160275,-0.0011122055472160275,2.479277930138568
2018-01-11,2752.97,2767.5601,2752.78,2767.5601,,0.007033654388461041,0.007033654388461041,2.496716314232102
2018-01-12,2770.1799,2787.8501,2769.6399,2786.24,,0.006749591454219717,0.006749591454219717,2.513568129330254
2018-01-16,2798.96,2807.54,2768.6399,2776.4199,,-0.003524498966348877,-0.003524498966348877,2.5047090610565816
2018-01-17,2784.99,2807.04,2778.3799,2802.5601,,0.009415074427322923,0.009415074427322923,2.5282910832852195
2018-01-18,2802.3999,2805.8301,2792.5601,2798.03,,-0.0016164149343309564,-0.0016164149343309564,2.5242043158198615
2018-01-19,2802.6001,2810.3301,2798.0801,2810.3,,0.004385228178396927,0.004385228178396927,2.535273527713626
2018-01-22,2809.1599,2833.03,2808.1201,2832.97,,0.008066754439027823,0.008066754439027823,2.5557249566974596
2018-01-23,2835.05,2842.24,2830.5901,2839.1299,,0.0021743611827869103,0.0021743611827869103,2.5612820258371825
2018-01-24,2845.4199,2852.97,2824.8101,2837.54,,-0.0005599955113008148,-0.0005599955113008148,2.559847719399538
2018-01-25,2846.24,2848.5601,2830.9399,2839.25,,0.0006026346765155566,0.0006026346765155566,2.5613903724018474
2018-01-26,2847.48,2872.8701,2846.1799,2872.8701,,0.011841190455225803,0.011841190455225803,2.59172028363164
2018-01-29,2867.23,2870.6201,2851.48,2853.53,,-0.006731978588241705,-0.006731978588241705,2.57427287817552
2018-01-30,2832.74,2837.75,2818.27,2822.4299,,-0.010898816553531976,-0.010898816553531976,2.546216350317552
2018-01-31,2832.4099,2839.26,2813.04,2823.8101,,0.000489011259411587,0.000489011259411587,2.5474614787817553
2018-02-01,2816.45,2835.96,2812.7,2821.98,,-0.0006480959891743687,-0.0006480959891743687,2.5458104792147807
2018-02-02,2808.9199,2808.9199,2759.97,2762.1299,,-0.02120854860771515,-0.02120854860771515,2.4918175339203232
2018-02-05,2741.0601,2763.3899,2638.1699,2648.9399,,-0.04097924576248213,-0.04097924576248213,2.3897047308025403
2018-02-06,2614.78,2701.04,2593.0701,2695.1399,,0.01744093929801882,0.01744093929801882,2.431383425952656
2018-02-07,2690.95,2727.6699,2681.3301,2681.6599,,-0.005001595650006907,-0.005001595650006907,2.4192226291859122
2018-02-08,2685.01,2685.27,2580.5601,2581.0,,-0.03753641541196184,-0.03753641541196184,2.328413683602771
2018-02-09,2601.78,2638.6699,2532.6899,2619.55,,0.014936071290197583,0.014936071290197583,2.363191036374134
2018-02-12,2636.75,2672.6101,2622.45,2656.0,,0.013914603653299107,0.013914603653299107,2.3960739030023093
2018-02-13,2646.27,2668.8401,2637.0801,2662.9399,,0.0026129141566264558,0.0026129141566264558,2.4023346384237874
2018-02-14,2651.21,2702.1001,2648.8701,2698.6299,,0.013402480469048461,0.013402480469048461,2.434531881495381
2018-02-15,2713.46,2731.51,2689.8201,2731.2,,0.012069124410131193,0.012069124410131193,2.4639145496535795
2018-02-16,2727.1399,2754.4199,2725.1101,2732.22,,0.0003734622144111466,0.0003734622144111466,2.4648347286374133
2018-02-20,2722.99,2737.6001,2706.76,2716.26,,-0.005841403693699454,-0.005841403693699454,2.4504366339491916
2018-02-21,2720.53,2747.75,2701.29,2701.3301,,-0.005496491499341061,-0.005496491499341061,2.4369678298210165
2018-02-22,2710.4199,2731.26,2697.77,2703.96,,0.0009735574337990105,0.0009735574337990105,2.4393403579676676
2018-02-23,2715.8,2747.76,2713.74,2747.3,,0.016028343614550522,0.016028343614550522,2.478438943418014
2018-02-26,2757.3701,2780.6399,2753.78,2779.6001,,0.011757034179012082,0.011757034179012082,2.5075780347863743
2018-02-27,2780.45,2789.1499,2744.22,2744.28,,-0.012706899816272155,-0.012706899816272155,2.475714491916859
2018-02-28,2753.78,2761.52,2713.54,2713.8301,,-0.011095770110921666,-0.011095770110921666,2.4482445330542726
2018-03-01,2715.22,2730.8899,2659.6499,2677.6699,,-0.013324415555712288,-0.013324415555712288,2.415623105513857
2018-03-02,2658.8899,2696.25,2647.3201,2691.25,,0.005071610955480477,0.005071610955480477,2.427874206120092
2018-03-05,2681.0601,2728.0901,2675.75,2720.9399,,0.011032011147236398,0.011032011147236398,2.4546585414260966
2018-03-06,2730.1799,2732.0801,2711.26,2728.1201,,0.0026388675472031053,0.0026388675472031053,2.4611360601905314
2018-03-07,2710.1799,2730.6001,2701.74,2726.8,,-0.00048388632157359,-0.00048388632157359,2.4599451501154737
2018-03-08,2732.75,2740.45,2722.6499,2738.97,,0.00446310693853591,0.00446310693853591,2.4709241483833715
2018-03-09,2752.9099,2786.5701,2751.54,2786.5701,,0.017378832188742477,0.017378832188742477,2.5138659245092376
2018-03-12,2790.54,2796.98,2779.26,2783.02,,-0.001274003478326291,-0.001274003478326291,2.510663250577367
2018-03-13,2792.3101,2801.8999,2758.6799,2765.3101,,-0.00636355469957095,-0.00636355469957095,2.4946865076501155
2018-03-14,2774.0601,2777.1101,2744.3799,2749.48,,-0.005724529773351694,-0.005724529773351694,2.4804056004618937
2018-03-15,2754.27,2763.03,2741.47,2747.3301,,-0.0007819296739747239,-0.0007819296739747239,2.4784660977193997
2018-03-16,2750.5701,2761.8501,2749.97,2752.01,,0.0017034356373848425,0.0017034356373848425,2.482688005196305
2018-03-19,2741.3799,2741.3799,2694.5901,2712.9199,,-0.014204199839390252,-0.014204199839390252,2.4474234086316398
2018-03-20,2715.05,2724.22,2710.05,2716.9399,,0.0014817982646668781,0.0014817982646668781,2.451049996391455
2018-03-21,2714.99,2739.1399,2709.79,2711.9299,,-0.0018439863171061388,-0.0018439863171061388,2.4465302937355657
2018-03-22,2691.3601,2695.6799,2641.5901,2643.6899,,-0.025162892300424233,-0.025162892300424233,2.3849685154445726
2018-03-23,2646.71,2657.6699,2585.8899,2588.26,,-0.020966869071898153,-0.020966869071898153,2.3349631928406467
2018-03-26,2619.3501,2661.3601,2601.8101,2658.55,,0.0271572407717926,0.0271572407717926,2.3983743504618937
2018-03-27,2667.5701,2674.78,2596.1201,2612.6201,,-0.017276297229692927,-0.017276297229692927,2.3569393223152426
2018-03-28,2611.3,2632.6499,2593.0601,2605.0,,-0.0029166506067989095,-0.0029166506067989095,2.3500649538106235
2018-03-29,2614.4099,2659.0701,2609.72,2640.8701,,0.013769712092130515,0.013769712092130515,2.382424671622402
2018-04-02,2633.45,2638.3,2553.8,2581.8799,,-0.02233741068899986,-0.02233741068899986,2.3292074732967665
2018-04-03,2592.1699,2619.1399,2575.49,2614.45,,0.012614878019693965,0.012614878019693965,2.358590141454965
2018-04-04,2584.04,2649.8601,2573.6101,2644.6899,,0.011566448010097652,0.011566448010097652,2.385870651703233
2018-04-05,2657.3601,2672.0801,2649.5801,2662.8401,,0.0068628840001241365,0.0068628840001241365,2.402244605225173
2018-04-06,2645.8201,2656.8799,2586.27,2604.47,,-0.02192024222558464,-0.02192024222558464,2.349586821593533
2018-04-09,2617.1799,2653.55,2610.79,2613.1599,,0.003336532960640959,0.003336532960640959,2.3574262954676675
2018-04-10,2638.4099,2665.45,2635.78,2656.8701,,0.016726951917485078,0.016726951917485078,2.39685885176097
2018-04-11,2643.8899,2661.4299,2639.25,2642.1899,,-0.005525373634187147,-0.005525373634187147,2.3836153110565816
2018-04-12,2653.8301,2674.72,2653.8301,2663.99,,0.00825076956050741,0.00825076956050741,2.403281971709007
2018-04-13,2676.8999,2680.26,2645.05,2656.3,,-0.0028866474724003055,-0.0028866474724003055,2.396344543879908
2018-04-16,2670.1001,2686.49,2665.1599,2677.8401,,0.00810906147648982,0.00810906147648982,2.4157766491050805
2018-04-17,2692.74,2713.3401,2692.05,2706.3899,,0.01066150290303014,0.01066150290303014,2.4415324588625866
2018-04-18,2710.1101,2717.49,2703.6299,2708.6399,,0.0008313657984018175,0.0008313657984018175,2.443562265444573
2018-04-19,2701.1599,2702.8401,2681.8999,2693.1299,,-0.005726121069101975,-0.005726121069101975,2.4295701320727483
2018-04-20,2692.5601,2693.9399,2660.6101,2670.1399,,-0.008536535872257667,-0.008536535872257667,2.4088300194861434
2018-04-23,2675.3999,2682.8601,2657.99,2670.29,,5.621428300428555e-05,5.621428300428555e-05,2.408965430138568
2018-04-24,2680.8,2683.55,2617.3201,2634.5601,,-0.013380531702549048,-0.013380531702549048,2.376732191830254
2018-04-25,2634.9199,2645.3,2612.6699,2639.3999,,0.0018370429279634948,0.0018370429279634948,2.381098350894919
2018-04-26,2651.6499,2676.48,2647.1599,2666.9399,,0.010434189983867137,0.010434189983867137,2.4059431834584295
2018-04-27,2675.47,2677.3501,2659.01,2669.9099,,0.0011136358940821989,0.0011136358940821989,2.408622528146651
2018-04-30,2675.05,2682.9199,2648.04,2648.05,,-0.008187504754373909,-0.008187504754373909,2.3889019197459587
2018-05-01,2643.6399,2655.27,2625.4099,2654.8,,0.0025490455240648746,0.0025490455240648746,2.394991339491917
2018-05-02,2654.24,2660.8701,2631.7,2635.6699,,-0.007205853548289953,-0.007205853548289953,2.3777333826501152
2018-05-03,2628.0801,2637.1399,2594.6201,2629.73,,-0.0022536585480601445,-0.0022536585480601445,2.372374783487298
2018-05-04,2621.45,2670.9299,2615.3201,2663.4199,,0.0128111631232104,0.0128111631232104,2.4027676638279445
2018-05-07,2669.3601,2683.3501,2664.7,2672.6299,,0.003457960196212362,0.003457960196212362,2.411076338770208
2018-05-08,2670.26,2676.3401,2655.2,2671.9199,,-0.00026565593687333244,-0.00026565593687333244,2.410435822026559
2018-05-09,2678.1201,2701.27,2674.1399,2697.79,,0.009682213901696768,0.009682213901696768,2.433774177251732
2018-05-10,2705.02,2726.1101,2704.54,2723.0701,,0.009370670066980669,0.009370670066980669,2.4565802720842953
2018-05-11,2722.7,2732.8601,2717.45,2727.72,,0.0017075946741142989,0.0017075946741142989,2.460775115473441
2018-05-14,2733.3701,2742.1001,2725.47,2730.1299,,0.0008834851084422723,0.0008834851084422723,2.462949173643187
2018-05-15,2718.5901,2718.5901,2701.9099,2711.45,,-0.006842128647431833,-0.006842128647431833,2.4460973585450345
2018-05-16,2712.6201,2727.76,2712.1699,2722.46,,0.004060558004020054,0.004060558004020054,2.456029878752887
2018-05-17,2719.71,2731.96,2711.3601,2720.1299,,-0.0008558803435129159,-0.0008558803435129159,2.4539278110565816
2018-05-18,2717.3501,2719.5,2709.1799,2712.97,,-0.0026321904700213894,-0.0026321904700213894,2.4474686056581985
2018-05-21,2725.95,2739.1899,2725.7,2733.01,,0.007386738519040259,0.007386738519040259,2.465547416281755
2018-05-22,2738.3401,2742.24,2721.8799,2724.4399,,-0.003135773378070472,-0.003135773378070472,2.4578160183314086
2018-05-23,2713.98,2733.3301,2709.54,2733.29,,0.003248410801794499,0.003248410801794499,2.4658000144341803
2018-05-24,2730.9399,2731.97,2707.3799,2727.76,,-0.002023202806873625,-0.002023202806873625,2.4608112009237875
2018-05-25,2723.6001,2727.3601,2714.99,2721.3301,,-0.002357208845352954,-0.002357208845352954,2.4550105549942263
2018-05-29,2705.1101,2710.6699,2676.8101,2689.8601,,-0.011564197963341627,-0.011564197963341627,2.42662032693418
2018-05-30,2702.4299,2729.3401,2702.4299,2724.01,,0.012695790387016848,0.012695790387016848,2.4574281899538106
2018-05-31,2720.98,2722.5,2700.6799,2705.27,,-0.006879563584568427,-0.006879563584568427,2.4405221564665127
2018-06-01,2718.7,2736.9299,2718.7,2734.6201,,0.01084923131517379,0.01084923131517379,2.4669999458718244
2018-06-04,2741.6699,2749.1599,2740.54,2746.8701,,0.004479598464152357,0.004479598464152357,2.4780511150404156
2018-06-05,2748.46,2752.6101,2739.51,2748.8,,0.0007025814580747802,0.0007025814580747802,2.4797921478060045
2018-06-06,2753.25,2772.3899,2748.46,2772.3501,,0.008567411233993072,0.008567411233993072,2.5010375469110855
2018-06-07,2774.8401,2779.8999,2760.1599,2770.3701,,-0.0007141955123199928,-0.0007141955123199928,2.499251317118938
2018-06-08,2765.8401,2779.3899,2763.5901,2779.03,,0.0031259000376882007,0.0031259000376882007,2.507063726905312
2018-06-11,2780.1799,2790.21,2780.1699,2782.0,,0.0010687182218256375,0.0010687182218256375,2.5097430715935336
2018-06-12,2785.6001,2789.8,2778.78,2786.8501,,0.0017433860531992362,0.0017433860531992362,2.5141185226616627
2018-06-13,2787.9399,2791.47,2774.6499,2775.6299,,-0.0040261225388478206,-0.0040261225388478206,2.50399637341224
2018-06-14,2783.21,2789.0601,2776.52,2782.49,,0.0024715470891849556,0.0024715470891849556,2.510185118360277
2018-06-15,2777.78,2782.8101,2761.73,2779.6599,,-0.0010171105736227481,-0.0010171105736227481,2.507631982534642
2018-06-18,2765.79,2774.99,2757.1201,2773.75,,-0.0021261234153142627,-0.0021261234153142627,2.5023004474595845
2018-06-19,2752.01,2765.05,2743.1899,2762.5901,,-0.004023397926994132,-0.004023397926994132,2.4922326970265587
2018-06-20,2769.73,2774.8601,2763.9099,2767.3201,,0.0017121613517692147,0.0017121613517692147,2.496499801530023
2018-06-21,2769.28,2769.28,2744.3899,2749.76,,-0.006345525405607955,-0.006345525405607955,2.480658198614319
2018-06-22,2760.79,2764.1699,2752.6799,2754.8799,,0.001861944315140196,0.001861944315140196,2.4852770460450344
2018-06-25,2742.9399,2742.9399,2698.6699,2717.0701,,-0.013724663641416779,-0.013724663641416779,2.4511674545323325
2018-06-26,2722.1201,2732.9099,2715.6001,2723.0601,,0.002204580588480276,0.002204580588480276,2.456571250721709
2018-06-27,2728.45,2746.0901,2699.3799,2699.6299,,-0.008604363891931865,-0.008604363891931865,2.4354340177540412
2018-06-28,2698.6899,2724.3401,2691.99,2716.3101,,0.006178698791267756,0.006178698791267756,2.450481830975751
2018-06-29,2727.1299,2743.26,2718.03,2718.3701,,0.0007583817473564292,0.0007583817473564292,2.4523402316685914
2018-07-02,2704.95,2727.26,2698.95,2726.71,,0.0030679781240972037,0.0030679781240972037,2.459863957852194
2018-07-03,2733.27,2736.5801,2711.1599,2713.22,,-0.00494735413740377,-0.00494735413740377,2.4476941397228633
2018-07-05,2724.1899,2737.8301,2716.02,2736.6101,,0.008620790057570105,0.008620790057570105,2.4687951970265587
2018-07-06,2737.6799,2764.4099,2733.52,2759.8201,,0.008481295892315943,0.008481295892315943,2.489733779590069
2018-07-09,2768.51,2784.6499,2768.51,2784.1699,,0.008822966395527043,0.008822966395527043,2.5117006170612006
2018-07-10,2788.5601,2795.5801,2786.24,2793.8401,,0.003473279414449637,0.003473279414449637,2.5204244551096995
2018-07-11,2779.8201,2785.9099,2770.77,2774.02,,-0.0070942141606457065,-0.0070942141606457065,2.502544024249423
2018-07-12,2783.1399,2799.22,2781.53,2798.29,,0.008749035695488905,0.008749035695488905,2.524438871247113
2018-07-13,2796.9299,2804.53,2791.6899,2801.3101,,0.0010792662661840424,0.0010792662661840424,2.527163412961894
2018-07-16,2801.4299,2803.71,2793.3899,2798.4299,,-0.001028161787586468,-0.001028161787586468,2.5245650801096997
2018-07-17,2789.3401,2814.1899,2789.24,2809.55,,0.003973692533802753,0.003973692533802753,2.534596925519631
2018-07-18,2811.3501,2816.76,2805.8899,2815.6201,,0.0021605239273192467,0.0021605239273192467,2.5400729828233257
2018-07-19,2809.3701,2812.05,2799.77,2804.49,,-0.003952983571895996,-0.003952983571895996,2.530032116050808
2018-07-20,2804.55,2809.7,2800.01,2801.8301,,-0.0009484433889939137,-0.0009484433889939137,2.5276325238163975
2018-07-23,2799.1699,2808.6101,2795.1399,2806.98,,0.0018380486382809647,0.0018380486382809647,2.532278435334873
2018-07-24,2820.6799,2829.99,2811.1201,2820.3999,,0.0047809033195818085,0.0047809033195818085,2.544385013712471
2018-07-25,2817.73,2848.03,2817.73,2846.0701,,0.009101617114650962,0.009101617114650962,2.567543031899538
2018-07-26,2835.49,2845.5701,2835.26,2837.4399,,-0.003032321656448289,-0.003032321656448289,2.559757415560046
2018-07-27,2842.3501,2843.1699,2808.3401,2818.8201,,-0.0065621830439474005,-0.0065621830439474005,2.542959818851039
2018-07-30,2819.0,2821.74,2798.1101,2802.6001,,-0.005754180623304017,-0.005754180623304017,2.528327168735566
2018-07-31,2809.73,2824.46,2808.0601,2816.29,,0.004884714019670389,0.004884714019670389,2.5406773239030023
2018-08-01,2821.1699,2825.8301,2805.8501,2813.3601,,-0.0010403403058634186,-0.0010403403058634186,2.5380341548787526
2018-08-02,2800.48,2829.9099,2796.3401,2827.22,,0.004926457867942213,0.004926457867942213,2.5505376732101612
2018-08-03,2829.6201,2840.3799,2827.3701,2840.3501,,0.004644173428314913,0.004644173428314913,2.5623828125
2018-08-06,2840.29,2853.29,2835.98,2850.3999,,0.003538225798291439,0.003538225798291439,2.5714491014722864
2018-08-07,2855.9199,2863.4299,2855.9199,2858.45,,0.002824200211345662,0.002824200211345662,2.578711388568129
2018-08-08,2856.79,2862.4399,2853.0901,2857.7,,-0.00026237996116773576,-0.00026237996116773576,2.5780347863741335
2018-08-09,2857.1899,2862.48,2851.98,2853.5801,,-0.0014416838716448943,-0.0014416838716448943,2.5743180752020787
2018-08-10,2839.6399,2842.2,2825.8101,2833.28,,-0.007113905791535369,-0.007113905791535369,2.5560046189376444
2018-08-13,2835.46,2843.3999,2819.8799,2821.9299,,-0.004005993053986967,-0.004005993053986967,2.545765282188222
2018-08-14,2827.8799,2843.1101,2826.5801,2839.96,,0.006389279903799228,0.006389279903799228,2.5620308891454964
2018-08-15,2827.95,2827.95,2802.49,2818.3701,,-0.007602184537810364,-0.007602184537810364,2.5425538575346422
2018-08-16,2831.4399,2850.49,2831.4399,2840.6899,,0.007919399939702698,0.007919399939702698,2.5626893584006925
2018-08-17,2838.3201,2855.6299,2833.73,2850.1299,,0.0033231363972534567,0.0033231363972534567,2.571205524682448
2018-08-20,2853.9299,2859.76,2850.6201,2857.05,,0.002427994597719918,0.002427994597719918,2.5774483978060045
2018-08-21,2861.51,2873.23,2861.3201,2862.96,,0.0020685672284348477,0.0020685672284348477,2.582780023094688
2018-08-22,2860.99,2867.54,2856.05,2861.8201,,-0.00039815435772772023,-0.00039815435772772023,2.581751677973441
2018-08-23,2860.29,2868.78,2854.03,2856.98,,-0.001691266337810693,-0.001691266337810693,2.5773852482678983
2018-08-24,2862.3501,2876.1599,2862.3501,2874.6899,,0.0061988183326449064,0.0061988183326449064,2.5933619911951498
2018-08-27,2884.6899,2898.25,2884.6899,2896.74,,0.0076704273389627264,0.0076704273389627264,2.61325418591224
2018-08-28,2901.45,2903.77,2893.5,2897.52,,0.0002692682118519141,0.0002692682118519141,2.6139578521939955
2018-08-29,2900.6201,2916.5,2898.3999,2914.04,,0.005701427427593275,0.005701427427593275,2.6288611431870668
2018-08-30,2908.9399,2912.46,2895.22,2901.1299,,-0.004430309810435018,-0.004430309810435018,2.617214473874134
2018-08-31,2898.3701,2906.3201,2891.73,2901.52,,0.00013446485109125383,0.00013446485109125383,2.617566397228637
2018-09-04,2896.96,2900.1799,2885.1299,2896.72,,-0.001654305329620409,-0.001654305329620409,2.6132361431870668
2018-09-05,2891.5901,2894.21,2876.9199,2888.6001,,-0.002803135960672609,-0.002803135960672609,2.6059108869803698
2018-09-06,2888.6399,2892.05,2867.29,2878.05,,-0.0036523227981609674,-0.0036523227981609674,2.5963932592378756
2018-09-07,2868.26,2883.8101,2864.1201,2871.6799,,-0.0022133388926530717,-0.0022133388926530717,2.590646561056582
2018-09-10,2881.3899,2886.9299,2875.9399,2877.1299,,0.0018978438369818829,0.0018978438369818829,2.5955632036662815
2018-09-11,2871.5701,2892.52,2866.78,2887.8899,,0.003739838093511194,0.003739838093511194,2.605270189809469
2018-09-12,2888.29,2894.6499,2879.2,2888.9199,,0.00035666179655935437,0.00035666179655935437,2.606199390155889
2018-09-13,2896.8501,2906.76,2896.3899,2904.1799,,0.00528225098937507,0.00528225098937507,2.6199659894630485
2018-09-14,2906.3799,2908.3,2895.77,2904.98,,0.0002754994619995621,0.0002754994619995621,2.6206877886836026
2018-09-17,2903.8301,2904.6499,2886.1599,2888.8,,-0.005569745746958565,-0.005569745746958565,2.606091224018476
2018-09-18,2890.74,2911.1699,2890.4299,2904.3101,,0.005369045970645248,0.005369045970645248,2.620083447603926
2018-09-19,2906.6001,2912.3601,2903.8201,2907.95,,0.0012532752614811127,0.0012532752614811127,2.6233671333718243
2018-09-20,2919.73,2934.8,2919.73,2930.75,,0.007840574975498171,0.007840574975498171,2.643935840069284
2018-09-21,2936.76,2940.9099,2927.1101,2929.6699,,-0.00036854047598744444,-0.00036854047598744444,2.6429614426963046
2018-09-24,2921.8301,2923.79,2912.6299,2919.3701,,-0.0035156861870341283,-0.0035156861870341283,2.6336696196593534
2018-09-25,2921.75,2923.95,2913.7,2915.5601,,-0.0013050760504809134,-0.0013050760504809134,2.630232480513857
2018-09-26,2916.98,2931.1499,2903.28,2905.97,,-0.003289282220592993,-0.003289282220592993,2.6215809035796767
2018-09-27,2911.6499,2927.22,2909.27,2914.0,,0.0027632769780832067,0.0027632769780832067,2.6288250577367207
2018-09-28,2910.03,2920.53,2907.5,2913.98,,-6.863417982172493e-06,-6.863417982172493e-06,2.6288070150115472
2018-10-01,2926.29,2937.0601,2917.9099,2924.5901,,0.0036411025470317604,0.0036411025470317604,2.638378770929561
2018-10-02,2923.8,2931.4199,2919.3701,2923.4299,,-0.000396705165622957,-0.000396705165622957,2.6373321124422633
2018-10-03,2931.6899,2939.8601,2921.3601,2925.51,,0.0007115272372359982,0.0007115272372359982,2.6392086460739033
2018-10-04,2919.3501,2919.78,2883.9199,2901.6101,,-0.00816948156048014,-0.00816948156048014,2.6176476797055424
2018-10-05,2902.54,2909.6399,2869.29,2885.5701,,-0.005527965318290029,-0.005527965318290029,2.603177414116628
2018-10-08,2877.53,2889.45,2862.0801,2884.4299,,-0.0003951385551159703,-0.0003951385551159703,2.6021487983545035
2018-10-09,2882.51,2894.8301,2874.27,2880.3401,,-0.0014178885054547674,-0.0014178885054547674,2.5984592414838334
2018-10-10,2873.8999,2874.02,2784.8601,2785.6799,,-0.032864244052290825,-0.032864244052290825,2.5130628428117783
2018-10-11,2776.8701,2795.1399,2710.51,2728.3701,,-0.020573002662653384,-0.020573002662653384,2.4613615942551963
2018-10-12,2770.54,2775.77,2729.4399,2767.1299,,0.014206210513742157,0.014206210513742157,2.4963282152136257
2018-10-15,2763.8301,2775.99,2749.03,2750.79,,-0.0059049992557269615,-0.0059049992557269615,2.481587398960739
2018-10-16,2767.05,2813.46,2766.9099,2809.9199,,0.021495606716615878,0.021495606716615878,2.534930625721709
2018-10-17,2811.6699,2816.9399,2781.8101,2809.21,,-0.000252640653564451,-0.000252640653564451,2.5342901991916857
2018-10-18,2802.0,2806.04,2755.1799,2759.71,,-0.017620612200583086,-0.017620612200583086,2.489634454387991
2018-10-19,2775.6599,2797.77,2760.27,2767.78,,0.0029242202985095833,0.0029242202985095833,2.496914693995381
2018-10-22,2773.9399,2778.9399,2749.22,2755.8799,,-0.004299510799268824,-0.004299510799268824,2.486179182303695
2018-10-23,2721.03,2753.5901,2691.4299,2740.6899,,-0.005511851223995667,-0.005511851223995667,2.472475732534642
2018-10-24,2737.8701,2742.5901,2651.8899,2656.1001,,-0.030864418480908706,-0.030864418480908706,2.3961642068418016
2018-10-25,2674.8799,2722.7,2667.8401,2705.5701,,0.018625051066411213,0.018625051066411213,2.4407928875577367
2018-10-26,2667.8601,2692.3799,2628.1599,2658.6899,,-0.01732729083604234,-0.01732729083604234,2.3985005593244804
2018-10-29,2682.6499,2706.8501,2603.54,2641.25,,-0.00655958410192925,-0.00655958410192925,2.3827673931870668
2018-10-30,2640.6799,2685.4299,2635.3401,2682.6299,,0.01566678655939424,0.01566678655939424,2.420097701356813
2018-10-31,2705.6001,2736.6899,2705.6001,2711.74,,0.010851329137873122,0.010851329137873122,2.446358978060046
2018-11-01,2717.5801,2741.6699,2708.8501,2740.3701,,0.0105578337156218,0.0105578337156218,2.4721872293591223
2018-11-02,2745.45,2756.55,2700.4399,2723.0601,,-0.0063166650373246425,-0.0063166650373246425,2.456571250721709
2018-11-05,2726.3701,2744.27,2717.9399,2738.3101,,0.00560031708444475,0.00560031708444475,2.4703288286662817
2018-11-06,2738.3999,2756.8201,2737.0801,2755.45,,0.006259298389908352,0.006259298389908352,2.4857913539260967
2018-11-07,2774.1299,2815.1499,2774.1299,2813.8899,,0.021208840661235184,0.021208840661235184,2.538512106668591
2018-11-08,2806.3799,2814.75,2794.99,2806.8301,,-0.002508911240628131,-0.002508911240628131,2.5321432051097
2018-11-09,2794.1001,2794.1001,2764.24,2781.01,,-0.00919902490713631,-0.00919902490713631,2.5088499566974596
2018-11-12,2773.9299,2775.99,2722.0,2726.22,,-0.019701475363267495,-0.019701475363267495,2.45942191108545
2018-11-13,2730.05,2754.6001,2714.98,2722.1799,,-0.0014819420296233732,-0.0014819420296233732,2.455777190386836
2018-11-14,2737.8999,2746.8,2685.75,2701.5801,,-0.007567391119154165,-0.007567391119154165,2.4371933638856813
2018-11-15,2693.52,2735.3799,2670.75,2730.2,,0.01059376325728767,0.01059376325728767,2.463012413394919
2018-11-16,2718.54,2746.75,2712.1599,2736.27,,0.0022232803457622463,0.0022232803457622463,2.468488380484988
2018-11-19,2730.74,2733.1599,2681.0901,2690.73,,-0.016643094431470606,-0.016643094431470606,2.427405095265589
2018-11-20,2654.6001,2669.4399,2631.52,2641.8899,,-0.01815124520111644,-0.01815124520111644,2.383344670178984
2018-11-21,2657.74,2670.73,2649.8201,2649.9299,,0.003043275951810198,0.003043275951810198,2.3905978456986143
2018-11-23,2633.3601,2647.55,2631.0901,2632.5601,,-0.00655481490283949,-0.00655481490283949,2.374927919312933
2018-11-26,2649.97,2674.3501,2649.97,2673.45,,0.015532370941882645,0.015532370941882645,2.411816180715935
2018-11-27,2663.75,2682.53,2655.8899,2682.1699,,0.0032616656380333175,0.0032616656380333175,2.419682718677829
2018-11-28,2691.45,2744.0,2684.3799,2743.79,,0.022973973423533023,0.022973973423533023,2.4752724451501154
2018-11-29,2736.97,2753.75,2722.9399,2737.76,,-0.0021976900564546487,-0.0021976900564546487,2.469832563510393
2018-11-30,2737.76,2760.8799,2732.76,2760.1699,,0.008185487405762304,0.008185487405762304,2.4900493468533487
2018-12-03,2790.5,2800.1799,2773.3799,2790.3701,,0.010941427917172897,0.010941427917172897,2.5172940422921477
2018-12-04,2782.4299,2785.9299,2697.1799,2700.0601,,-0.0323648823501943,-0.0323648823501943,2.4358221167725174
2018-12-06,2663.51,2696.1499,2621.53,2695.95,,-0.0015222253756500548,-0.0015222253756500548,2.4321142465357966
2018-12-07,2691.26,2708.54,2623.1399,2633.0801,,-0.023320128340658997,-0.023320128340658997,2.3753970301674365
2018-12-10,2630.8601,2647.51,2583.23,2637.72,,0.0017621567987999853,0.0017621567987999853,2.379582852193995
2018-12-11,2664.4399,2674.3501,2621.3,2636.78,,-0.00035636837875119287,-0.00035636837875119287,2.3787348441108547
2018-12-12,2658.23,2685.4399,2650.26,2651.0701,,0.005419526847139311,0.005419526847139311,2.391626461460739
2018-12-13,2658.7,2670.1899,2637.27,2650.54,,-0.00019995699095243236,-0.00019995699095243236,2.391148239030023
2018-12-14,2629.6799,2635.0701,2593.8401,2599.95,,-0.019086676677205427,-0.019086676677205427,2.345509165704388
2018-12-17,2590.75,2601.1299,2530.54,2545.9399,,-0.020773514875286003,-0.020773514875286003,2.296784696160508
2018-12-18,2559.8999,2573.99,2528.71,2546.1599,,8.641209480253487e-05,8.641209480253487e-05,2.2969831661374136
2018-12-19,2547.05,2585.29,2488.96,2506.96,,-0.015395694512351787,-0.015395694512351787,2.2616195150115472
2018-12-20,2496.77,2509.6299,2441.1799,2467.4199,,-0.015772130388997052,-0.015772130388997052,2.225948957130485
2018-12-21,2465.3799,2504.4099,2408.55,2416.6201,,-0.02058822659248216,-0.02058822659248216,2.180120615617783
2018-12-24,2400.5601,2410.3401,2351.1001,2351.1001,,-0.027112246562875142,-0.027112246562875142,2.1210126479503466
2018-12-26,2363.1201,2467.76,2346.5801,2467.7,,0.04959376251143022,0.04959376251143022,2.2262016454965354
2018-12-27,2442.5,2489.1001,2397.9399,2488.8301,,0.008562669692426361,0.008562669692426361,2.245263874855658
2018-12-28,2498.77,2520.27,2472.8899,2485.74,,-0.0012415873626731022,-0.0012415873626731022,2.242476183602771
2018-12-31,2498.9399,2509.24,2482.8201,2506.8501,,0.008492481112264416,0.008492481112264416,2.261520370236721
2019-01-02,2476.96,2519.49,2467.47,2510.03,,0.0012684843022723324,0.0012684843022723324,2.2643890733256353
2019-01-03,2491.9199,2493.1399,2443.96,2447.8899,,-0.02475671605518659,-0.02475671605518659,2.2083302359988455
2019-01-04,2474.3301,2538.0701,2474.3301,2531.9399,,0.03433569459149277,0.03433569459149277,2.284154788539261
2019-01-07,2535.6101,2566.1599,2524.5601,2549.6899,,0.007010434963325984,0.007010434963325984,2.300167707130485
2019-01-08,2568.1101,2579.8201,2547.5601,2574.4099,,0.009695296671175635,0.009695296671175635,2.322468515444573
2019-01-09,2580.0,2595.3201,2568.8899,2584.96,,0.004098065346936464,0.004098065346936464,2.3319861431870668
2019-01-10,2573.51,2597.8201,2562.02,2596.6399,,0.0045184064743748475,0.0045184064743748475,2.3425230044745957
2019-01-11,2588.1101,2596.27,2577.3999,2596.26,,-0.00014630446062235958,-0.00014630446062235958,2.342180282909931
2019-01-14,2580.3101,2589.3201,2570.4099,2582.6101,,-0.0052575242849330905,-0.0052575242849330905,2.3298662131928407
2019-01-15,2585.1001,2613.0801,2585.1001,2610.3,,0.01072167262104351,0.01072167262104351,2.3548462759815245
2019-01-16,2614.75,2625.76,2612.6799,2616.1001,,0.0022220051335095636,0.0022220051335095636,2.360078756495381
2019-01-17,2609.28,2645.0601,2606.3601,2635.96,,0.007591414411092234,0.007591414411092234,2.377995092378753
2019-01-18,2651.27,2675.47,2647.5801,2670.71,,0.013183052853609212,0.013183052853609212,2.4093443273672057
2019-01-22,2657.8799,2657.8799,2617.27,2632.8999,,-0.014157321461334305,-0.014157321461334305,2.3752344652136257
2019-01-23,2643.48,2653.1899,2612.8601,2638.7,,0.002202932211741171,0.002202932211741171,2.3804669457274823
2019-01-24,2638.8401,2647.2,2627.01,2642.3301,,0.001375715314359427,0.001375715314359427,2.3837417905600464
2019-01-25,2657.4399,2672.3799,2657.3301,2664.76,,0.008488682015922233,0.008488682015922233,2.4039766166281757
2019-01-28,2644.97,2644.97,2624.0601,2643.8501,,-0.007846822978429646,-0.007846822978429646,2.3851130376732104
2019-01-29,2644.8899,2650.9299,2631.05,2640.0,,-0.0014562474627438649,-0.0014562474627438649,2.381639722863741
2019-01-30,2653.6201,2690.4399,2648.3401,2681.05,,0.015549242424242493,0.015549242424242493,2.418672416281755
2019-01-31,2685.49,2708.95,2678.6499,2704.1001,,0.008597415191809121,0.008597415191809121,2.439466747257506
2019-02-01,2702.3201,2716.6599,2696.8799,2706.53,,0.0008985983913836204,0.0008985983913836204,2.441658848152425
2019-02-04,2706.49,2724.99,2698.75,2724.8701,,0.0067762411648863985,0.0067762411648863985,2.4582041173498848
2019-02-05,2728.3401,2738.98,2724.03,2737.7,,0.0047084446337459784,0.0047084446337459784,2.469778435334873
2019-02-06,2735.05,2738.0801,2724.1499,2731.6101,,-0.0022244584870511064,-0.0022244584870511064,2.4642845157332562
2019-02-07,2717.53,2719.3201,2687.26,2706.05,,-0.009357155327548328,-0.009357155327548328,2.441225822748268
2019-02-08,2692.3601,2708.0701,2681.8301,2707.8799,,0.0006762254947247914,0.0006762254947247914,2.442876641887991
2019-02-11,2712.3999,2718.05,2703.79,2709.8,,0.0007090787150494382,0.0007090787150494382,2.444608833718245
2019-02-12,2722.6101,2748.1899,2722.6101,2744.73,,0.012890250202966858,0.012890250202966858,2.476120453233256
2019-02-13,2750.3,2761.8501,2748.6299,2753.03,,0.003023976857468691,0.003023976857468691,2.4836081841801385
2019-02-14,2743.5,2757.8999,2731.23,2745.73,,-0.0026516238471793185,-0.0026516238471793185,2.477022589491917
2019-02-15,2760.24,2775.6599,2760.24,2775.6001,,0.010878746271483442,0.010878746271483442,2.503969489751732
2019-02-19,2769.28,2787.3301,2767.29,2779.76,,0.0014987389573879462,0.0014987389573879462,2.507722286374134
2019-02-20,2779.05,2789.8799,2774.0601,2784.7,,0.0017771318387196366,0.0017771318387196366,2.5121788394919164
2019-02-21,2780.24,2781.5801,2764.55,2774.8799,,-0.0035264480913562712,-0.0035264480913562712,2.5033197712182447
2019-02-22,2780.6699,2794.2,2779.1101,2792.6699,,0.006411088278090782,0.006411088278090782,2.519368775259815
2019-02-25,2804.3501,2813.49,2794.99,2796.1101,,0.001231867754939442,0.001231867754939442,2.522472304416859
2019-02-26,2792.3601,2803.1201,2789.47,2793.8999,,-0.0007904552828588152,-0.0007904552828588152,2.5204784028579676
2019-02-27,2787.5,2795.76,2775.1299,2792.3799,,-0.0005440423975103803,-0.0005440423975103803,2.5191071557448037
2019-02-28,2788.1101,2793.73,2782.51,2784.49,,-0.0028255109557263625,-0.0028255109557263625,2.511989390877598
2019-03-01,2798.22,2808.02,2787.3799,2803.6899,,0.006895302191783692,0.006895302191783692,2.5293103168302538
2019-03-04,2814.3701,2816.8799,2767.6599,2792.8101,,-0.003880529012855405,-0.003880529012855405,2.5194952547632794
2019-03-05,2794.4099,2796.4399,2782.97,2789.6499,,-0.0011315484715557211,-0.0011315484715557211,2.51664432375866
2019-03-06,2790.27,2790.27,2768.6899,2771.45,,-0.006524080315598035,-0.006524080315598035,2.500225534064665
2019-03-07,2766.53,2767.25,2739.0901,2748.9299,,-0.008125746450413973,-0.008125746450413973,2.4799093353060044
2019-03-08,2730.79,2744.1299,2722.27,2743.0701,,-0.0021316658529560994,-0.0021316658529560994,2.4746229972575056
2019-03-11,2747.6101,2784.0,2747.6101,2783.3,,0.014666012363300673,0.014666012363300673,2.5109158487297925
2019-03-12,2787.3401,2798.3201,2786.73,2791.52,,0.0029533287823806376,0.0029533287823806376,2.5183314087759814
2019-03-13,2799.78,2821.24,2799.78,2810.9199,,0.006949583022869188,0.006949583022869188,2.5358327619803696
2019-03-14,2810.3799,2815.0,2803.46,2808.48,,-0.0008680076582757712,-0.0008680076582757712,2.5336316397228638
2019-03-15,2810.79,2830.73,2810.79,2822.48,,0.004984902865607044,0.004984902865607044,2.546261547344111
2019-03-18,2822.6101,2835.4099,2821.99,2832.9399,,0.0037059252855644598,0.0037059252855644598,2.555697802396074
2019-03-19,2840.76,2852.4199,2823.27,2832.5701,,-0.00013053577310273567,-0.00013053577310273567,2.555364192407621
2019-03-20,2831.3401,2843.54,2812.4299,2824.23,,-0.002944357846607182,-0.002944357846607182,2.5478402857967666
2019-03-21,2819.72,2860.3101,2817.3799,2854.8799,,0.010852480145030707,0.010852480145030707,2.5754906719110853
2019-03-22,2844.52,2846.1599,2800.47,2800.71,,-0.018974493462929898,-0.018974493462929898,2.5266220409930717
2019-03-25,2796.01,2809.79,2785.02,2798.3601,,-0.0008390372441274829,-0.0008390372441274829,2.5245021109988453
2019-03-26,2812.6599,2829.8701,2803.99,2818.46,,0.007182742492647831,0.007182742492647831,2.5426349595842956
2019-03-27,2819.72,2825.5601,2787.72,2805.3701,,-0.004644344784030974,-0.004644344784030974,2.5308260861720555
2019-03-28,2809.3999,2819.71,2798.77,2815.4399,,0.003589472918386072,0.003589472918386072,2.539910417869515
2019-03-29,2828.27,2836.03,2819.23,2834.3999,,0.006734293990789952,0.006734293990789952,2.557014921333718
2019-04-01,2848.6299,2869.3999,2848.6299,2867.1899,,0.011568586352264543,0.011568586352264543,2.586595969255196
2019-04-02,2868.24,2872.8999,2858.75,2867.24,,1.7473554855929052e-05,1.7473554855929052e-05,2.5866411662817548
2019-04-03,2876.0901,2885.25,2865.1699,2873.3999,,0.002148372651051167,0.002148372651051167,2.592198235421478
2019-04-04,2873.99,2881.28,2867.1399,2879.3899,,0.0020846384800110584,0.0020846384800110584,2.5976020316108546
2019-04-05,2884.1599,2893.24,2882.99,2892.74,,0.00463643357226462,0.00463643357226462,2.609645640877598
2019-04-08,2888.46,2895.95,2880.78,2895.77,,0.0010474498226595852,0.0010474498226595852,2.6123791137413392
2019-04-09,2886.5801,2886.8799,2873.3301,2878.2,,-0.0060674708281390766,-0.0060674708281390766,2.596528579676674
2019-04-10,2881.3701,2889.71,2879.1299,2888.21,,0.0034778681120144483,0.0034778681120144483,2.605558963625866
2019-04-11,2891.9199,2893.4199,2881.99,2888.3201,,3.812049677831553e-05,3.812049677831553e-05,2.6056582888279443
2019-04-12,2900.8601,2910.54,2898.3701,2907.4099,,0.006609308988986484,0.006609308988986484,2.622879889578522
2019-04-15,2908.3201,2909.6001,2896.48,2905.5801,,-0.0006293574222197007,-0.0006293574222197007,2.621229160652425
2019-04-16,2912.26,2916.0601,2900.71,2907.0601,,0.0005093647220395514,0.0005093647220395514,2.6225643223152426
2019-04-17,2916.04,2918.0,2895.45,2900.45,,-0.0022738091998856236,-0.0022738091998856236,2.6166011114318706
2019-04-18,2904.8101,2908.3999,2891.8999,2905.03,,0.0015790653174507785,0.0015790653174507785,2.620732895496536
2019-04-22,2898.78,2909.51,2896.3501,2907.97,,0.001012037741434657,0.001012037741434657,2.6233851760969973
2019-04-23,2909.99,2936.3101,2908.53,2933.6799,,0.008841184743996866,0.008841184743996866,2.6465790090935335
2019-04-24,2934.0,2936.8301,2926.05,2927.25,,-0.002191752413070014,-0.002191752413070014,2.6407783631639723
2019-04-25,2928.99,2933.1001,2912.8401,2926.1699,,-0.00036898112562988583,-0.00036898112562988583,2.639803965790993
2019-04-26,2925.8101,2939.8799,2917.5601,2939.8799,,0.004685305525150785,0.004685305525150785,2.6521722538972283
2019-04-29,2940.5801,2949.52,2939.3501,2943.03,,0.0010715063564332716,0.0010715063564332716,2.6550140733256353
2019-04-30,2937.1399,2948.22,2924.1101,2945.8301,,0.0009514344060372881,0.0009514344060372881,2.6575401450635106
2019-05-01,2952.3301,2954.1299,2923.3601,2923.73,,-0.0075021638213284,-0.0075021638213284,2.6376028435334873
2019-05-02,2922.1599,2931.6799,2900.5,2917.52,,-0.0021239991380873624,-0.0021239991380873624,2.6320005773672053
2019-05-03,2929.21,2947.8501,2929.21,2945.6399,,0.009638288683539553,0.009638288683539553,2.6573685587471134
2019-05-06,2908.8899,2937.3201,2898.21,2932.47,,-0.0044709809912610865,-0.0044709809912610865,2.64548751443418
2019-05-07,2913.03,2913.03,2862.6001,2884.05,,-0.016511677868827124,-0.016511677868827124,2.6018060767898383
2019-05-08,2879.6101,2897.96,2873.28,2879.4199,,-0.0016054159948684088,-0.0016054159948684088,2.5976290956986143
2019-05-09,2859.8401,2875.97,2836.3999,2870.72,,-0.003021407193858794,-0.003021407193858794,2.5897806004618937
2019-05-10,2863.1001,2891.3101,2825.3899,2881.3999,,0.0037202861999776626,0.0037202861999776626,2.599415325490762
2019-05-13,2840.1899,2840.1899,2801.4299,2811.8701,,-0.02413056237004796,-0.02413056237004796,2.536689971853349
2019-05-14,2820.1201,2852.54,2820.1201,2834.4099,,0.008015946398092888,0.008015946398092888,2.557023942696305
2019-05-15,2820.3799,2858.6799,2815.0801,2850.96,,0.00583899315338976,0.00583899315338976,2.571954387990762
2019-05-16,2855.8,2892.1499,2855.8,2876.3201,,0.008895284395431746,0.008895284395431746,2.5948326537240183
2019-05-17,2858.6001,2885.48,2854.23,2859.53,,-0.005837354472473244,-0.005837354472473244,2.5796856957274827
2019-05-20,2841.9399,2853.8601,2831.29,2840.23,,-0.006749360908960611,-0.006749360908960611,2.5622744659353347
2019-05-21,2854.02,2868.8799,2854.02,2864.3601,,0.008495826042257182,0.008495826042257182,2.584043104070439
2019-05-22,2856.0601,2865.47,2851.1101,2856.27,,-0.002824400465569865,-0.002824400465569865,2.5767447315242493
2019-05-23,2836.7,2836.7,2805.49,2822.24,,-0.011914139769699683,-0.011914139769699683,2.5460450346420322
2019-05-24,2832.4099,2841.3601,2820.1899,2826.0601,,0.001353570213731059,0.001353570213731059,2.5494912853637413
2019-05-28,2830.03,2840.51,2801.5801,2802.3899,,-0.008375688825584482,-0.008375688825584482,2.5281375396939954
2019-05-29,2790.25,2792.03,2766.0601,2783.02,,-0.0069119218564126506,-0.0069119218564126506,2.510663250577367
2019-05-30,2786.9399,2799.0,2776.74,2788.8601,,0.0020984757565520873,0.0020984757565520873,2.5159318165415705
2019-05-31,2766.1499,2768.98,2750.52,2752.0601,,-0.013195355335321346,-0.013195355335321346,2.482733202222864
2019-06-03,2751.53,2763.0701,2728.8101,2744.45,,-0.0027652375760254255,-0.0027652375760254255,2.475867855080831
2019-06-04,2762.6399,2804.49,2762.6399,2803.27,,0.021432345278653342,0.021432345278653342,2.5289315098152425
2019-06-05,2818.0901,2827.28,2800.9199,2826.1499,,0.00816186096951066,0.00816186096951066,2.5495722971997687
2019-06-06,2828.51,2852.1001,2822.45,2843.49,,0.0061355910385361145,0.0061355910385361145,2.5652154301385677
2019-06-07,2852.8701,2884.97,2852.8701,2873.3401,,0.010497698251092924,0.010497698251092924,2.59214428767321
2019-06-10,2885.8301,2904.77,2885.51,2886.73,,0.004660047030283776,0.004660047030283776,2.6042238019630486
2019-06-11,2903.27,2910.6101,2878.53,2885.72,,-0.00034987685027698667,-0.00034987685027698667,2.603312644341801
2019-06-12,2882.73,2888.5701,2874.6799,2879.8401,,-0.00203758507408891,-0.00203758507408891,2.5980081733545033
2019-06-13,2886.24,2895.24,2881.99,2891.6399,,0.004097380267744866,0.004097380267744866,2.608653200779446
2019-06-14,2886.8201,2894.45,2879.6201,2886.98,,-0.0016115077122846877,-0.0016115077122846877,2.6044493360277134
2019-06-17,2889.75,2897.27,2887.3,2889.6699,,0.0009317348925172997,0.0009317348925172997,2.6068759923498845
2019-06-18,2906.71,2930.79,2905.4399,2917.75,,0.009717407514263199,0.009717407514263199,2.6322080687066975
2019-06-19,2920.55,2931.74,2911.4299,2926.46,,0.002985176934281464,0.002985176934281464,2.6400656755196303
2019-06-20,2949.6001,2958.0601,2931.5,2954.1799,,0.009472160904300697,0.009472160904300697,2.665072802396074
2019-06-21,2952.71,2964.1499,2946.8701,2950.46,,-0.0012591988727564951,-0.0012591988727564951,2.6617169457274827
2019-06-24,2951.4199,2954.9199,2944.05,2945.3501,,-0.0017318994326308568,-0.0017318994326308568,2.6571071196593534
2019-06-25,2945.78,2946.52,2916.01,2917.3799,,-0.009496392296454048,-0.009496392296454048,2.6318741880773673
2019-06-26,2926.0701,2932.5901,2912.99,2913.78,,-0.0012339496820416018,-0.0012339496820416018,2.628626587759815
2019-06-27,2919.6599,2929.3,2918.5701,2924.9199,,0.003823178139735983,0.003823178139735983,2.6386762954676675
2019-06-28,2932.9399,2943.98,2929.05,2941.76,,0.005757456811039674,0.005757456811039674,2.6538683602771362
2019-07-01,2971.4099,2977.9299,2952.22,2964.3301,,0.007672311813336163,0.007672311813336163,2.67422966584873
2019-07-02,2964.6599,2973.21,2955.9199,2973.01,,0.0029281151920295123,0.0029281151920295123,2.6820601183602775
2019-07-03,2978.0801,2995.8401,2977.96,2995.8201,,0.007672392625655444,0.007672392625655444,2.7026379366339492
2019-07-05,2984.25,2994.03,2967.97,2990.4099,,-0.0018059161830177306,-0.0018059161830177306,2.697757199047344
2019-07-08,2979.77,2980.76,2970.0901,2975.95,,-0.004835424066781058,-0.004835424066781058,2.684712398960739
2019-07-09,2965.52,2981.8999,2963.4399,2979.6299,,0.0012365463129420107,0.0012365463129420107,2.6880321701789835
2019-07-10,2989.3,3002.98,2984.6201,2993.0701,,0.004510694432217965,0.004510694432217965,2.7001570619226327
2019-07-11,2999.6201,3002.3301,2988.8,2999.9099,,0.0022852120971039724,0.0022852120971039724,2.706327493504619
2019-07-12,3003.3601,3013.9199,3001.8701,3013.77,,0.004620172092501873,0.004620172092501873,2.7188311922632793
2019-07-15,3017.8,3017.8,3008.77,3014.3,,0.00017585947169163063,0.00017585947169163063,2.7193093244803697
2019-07-16,3012.1299,3015.02,3001.1499,3004.04,,-0.0034037753375577573,-0.0034037753375577573,2.7100534064665127
2019-07-17,3005.1001,3005.26,2984.25,2984.4199,,-0.006531237932916989,-0.006531237932916989,2.6923534028579676
2019-07-18,2978.8701,2998.28,2973.0901,2995.1101,,0.003582002653178984,0.003582002653178984,2.7019974198903003
2019-07-19,3004.26,3006.02,2975.8601,2976.6101,,-0.006176734538072548,-0.006176734538072548,2.6853078991050805
2019-07-22,2981.9299,2990.71,2976.6499,2985.03,,0.002828687573155797,0.002828687573155797,2.6929037961893765
2019-07-23,2994.74,3005.8999,2988.5601,3005.47,,0.006847502370160408,0.006847502370160408,2.711343461316397
2019-07-24,2998.77,3019.5901,2996.8201,3019.5601,,0.004688151936302898,0.004688151936302898,2.7240546514145496
2019-07-25,3016.26,3016.3101,2997.24,3003.6699,,-0.0052624221654009595,-0.0052624221654009595,2.7097195258371825
2019-07-26,3013.25,3027.98,3012.5901,3025.8601,,0.007387695964859553,0.007387695964859553,2.729738109844111
2019-07-29,3024.47,3025.6101,3014.3,3020.97,,-0.0016161024761190967,-0.0016161024761190967,2.725326573325635
2019-07-30,3007.6599,3017.1899,3000.9399,3013.1799,,-0.002578675061321256,-0.002578675061321256,2.718298841657044
2019-07-31,3016.22,3017.3999,2958.0801,2980.3799,,-0.0108855100221531,-0.0108855100221531,2.688708772372979
2019-08-01,2980.3201,3013.5901,2945.23,2953.5601,,-0.008998785691716638,-0.008998785691716638,2.664513658342956
2019-08-02,2943.8999,2945.5,2914.1101,2932.05,,-0.007282770375994674,-0.007282770375994674,2.6451086172055427
2019-08-05,2898.0701,2898.0701,2822.1201,2844.74,,-0.02977780051499812,-0.02977780051499812,2.5663431004618937
2019-08-06,2861.1799,2884.3999,2847.4199,2881.77,,0.013017006826634425,0.013017006826634425,2.599749206120092
2019-08-07,2858.6499,2892.1699,2825.71,2883.98,,0.0007668897934256513,0.0007668897934256513,2.601742927251732
2019-08-08,2896.21,2938.72,2894.47,2938.0901,,0.018762300709436186,0.018762300709436186,2.650557610421478
2019-08-09,2930.51,2935.75,2900.1499,2918.6499,,-0.006616611246877735,-0.006616611246877735,2.633019901125866
2019-08-12,2907.0701,2907.5801,2873.1399,2883.0901,,-0.012183646966359318,-0.012183646966359318,2.60094011619515
2019-08-13,2880.72,2943.3101,2877.05,2926.3201,,0.014994328481097385,0.014994328481097385,2.6399394666570437
2019-08-14,2894.1499,2894.1499,2839.6399,2840.6001,,-0.029292762606524025,-0.029292762606524025,2.5626083465646654
2019-08-15,2846.2,2856.6699,2825.51,2847.6001,,0.002464268025619054,0.002464268025619054,2.568923300375289
2019-08-16,2864.74,2893.6299,2864.74,2888.6799,,0.014426112711542594,0.014426112711542594,2.6059828774538105
2019-08-19,2913.48,2931.0,2913.48,2923.6499,,0.012105875766989627,0.012105875766989627,2.6375305824191684
2019-08-20,2919.01,2923.6299,2899.6001,2900.51,,-0.007914730146040938,-0.007914730146040938,2.6166552396073905
2019-08-21,2922.04,2928.73,2917.9099,2924.4299,,0.00824679108156845,0.00824679108156845,2.638234248700924
2019-08-22,2930.9399,2939.0801,2904.51,2922.95,,-0.00050604734960491,-0.00050604734960491,2.636899177251732
2019-08-23,2911.0701,2927.01,2834.97,2847.1101,,-0.025946355565439005,-0.025946355565439005,2.568481253608545
2019-08-26,2866.7,2879.27,2856.0,2878.3799,,0.010982996407479906,0.010982996407479906,2.596690873989607
2019-08-27,2893.1399,2898.79,2860.5901,2869.1599,,-0.0032031907949329197,-0.0032031907949329197,2.5883731776847574
2019-08-28,2861.28,2890.03,2853.05,2887.9399,,0.006545469982345509,0.006545469982345509,2.605315296622402
2019-08-29,2910.3701,2930.5,2905.6699,2924.5801,,0.01268731388766109,0.01268731388766109,2.6383697495669747
2019-08-30,2937.0901,2940.4299,2913.3201,2926.46,,0.0006427931312258384,0.0006427931312258384,2.6400656755196303
2019-09-03,2909.01,2914.3899,2891.8501,2906.27,,-0.006899120439028739,-0.006899120439028739,2.6218515444572748
2019-09-04,2924.6699,2938.8401,2921.8601,2937.78,,0.010842075925499017,0.010842075925499017,2.6502778579676676
2019-09-05,2960.6001,2985.8601,2960.6001,2976.0,,0.013009823744460025,0.013009823744460025,2.684757505773672
2019-09-06,2980.3301,2985.03,2972.51,2978.71,,0.0009106182795699524,0.0009106182795699524,2.687202295034642
2019-09-09,2988.4299,2989.4299,2969.3899,2978.4299,,-9.403399458152162e-05,-9.403399458152162e-05,2.686949606668591
2019-09-10,2971.01,2979.3899,2957.01,2979.3899,,0.00032231747337752026,0.00032231747337752026,2.6878156574769054
2019-09-11,2981.4099,3000.9299,2975.3101,3000.9299,,0.00722966806056502,0.00722966806056502,2.7072476724884527
2019-09-12,3009.0801,3020.74,3000.9199,3009.5701,,0.002879174218631375,0.002879174218631375,2.715042310190531
2019-09-13,3012.21,3017.3301,3002.8999,3007.3899,,-0.0007244224017243228,-0.0007244224017243228,2.7130754727193995
2019-09-16,2996.4099,3002.1899,2990.6699,2997.96,,-0.0031355761353059064,-0.0031355761353059064,2.704568418013857
2019-09-17,2995.6699,3006.21,2993.73,3005.7,,0.002581755593803692,0.002581755593803692,2.7115509526558887
2019-09-18,3001.5,3007.8301,2978.5701,3006.73,,0.0003426822370828919,0.0003426822370828919,2.7124801530023093
2019-09-19,3010.3601,3021.99,3003.1599,3006.79,,1.9955233758972568e-05,1.9955233758972568e-05,2.7125342811778292
2019-09-20,3008.4199,3016.3701,2984.6799,2992.0701,,-0.0048955530648964185,-0.0048955530648964185,2.699254925663972
2019-09-23,2983.5,2999.1499,2982.23,2991.78,,-9.695628454686744e-05,-9.695628454686744e-05,2.698993215935335
2019-09-24,3002.4299,3007.98,2957.73,2966.6001,,-0.008416360828670588,-0.008416360828670588,2.6762775151558893
2019-09-25,2968.3501,2989.8201,2952.8601,2984.8701,,0.006158565153422613,0.006158565153422613,2.692759544601617
2019-09-26,2985.73,2987.28,2963.71,2977.6201,,-0.0024289164208519676,-0.0024289164208519676,2.686219056726328
2019-09-27,2985.47,2987.3101,2945.53,2961.79,,-0.005316359867398868,-0.005316359867398868,2.6719381495381063
2019-09-30,2967.0701,2983.8501,2967.0701,2976.74,,0.005047623227845355,0.005047623227845355,2.6854250866050804
2019-10-01,2983.6899,2992.53,2938.7,2940.25,,-0.012258376613342059,-0.012258376613342059,2.652506134526559
2019-10-02,2924.78,2924.78,2874.9299,2887.6101,,-0.017903205509735565,-0.017903205509735565,2.6050177720842953
2019-10-03,2885.3799,2911.1299,2855.9399,2910.6299,,0.007971921139907412,0.007971921139907412,2.6257847683314086
2019-10-04,2918.5601,2953.74,2918.5601,2952.01,,0.014216888241270542,0.014216888241270542,2.6631152569284064
2019-10-07,2944.23,2959.75,2935.6799,2938.79,,-0.004478304612789308,-0.004478304612789308,2.6511890155889146
2019-10-08,2920.3999,2925.47,2892.6599,2893.0601,,-0.015560792026650394,-0.015560792026650394,2.6099344146939956
2019-10-09,2911.1001,2929.3201,2907.4099,2919.3999,,0.00910447729723951,0.00910447729723951,2.6336965033198614
2019-10-10,2918.55,2948.46,2917.1201,2938.1299,,0.006415702076306928,0.006415702076306928,2.6505935154445726
2019-10-11,2963.0701,2993.28,2963.0701,2970.27,,0.010938964951821895,0.010938964951821895,2.6795882650115472
2019-10-14,2965.8101,2972.8401,2962.9399,2966.1499,,-0.0013871129560613094,-0.0013871129560613094,2.67587137341224
2019-10-15,2973.6101,3003.28,2973.6101,2995.6799,,0.00995566677193227,0.00995566677193227,2.702511457130485
2019-10-16,2989.6799,2997.54,2985.2,2989.6899,,-0.001999546079673009,-0.001999546079673009,2.6971076609411084
2019-10-17,3000.77,3008.29,2991.79,2997.95,,0.0027628617937933697,0.0027628617937933697,2.70455939665127
2019-10-18,2996.8401,3000.0,2976.3101,2986.2,,-0.003919344885671916,-0.003919344885671916,2.693959295612009
2019-10-21,2996.48,3007.3301,2995.3501,3006.72,,0.006871609403255041,0.006871609403255041,2.7124711316397225
2019-10-22,3010.73,3014.5701,2995.04,2995.99,,-0.0035686728395061262,-0.0035686728395061262,2.702791209584295
2019-10-23,2994.01,3004.78,2991.21,3004.52,,0.002847139009142241,0.002847139009142241,2.71048643187067
2019-10-24,3014.78,3016.0701,3000.4199,3010.29,,0.001920439870594981,0.001920439870594981,2.715691758083141
2019-10-25,3003.3201,3027.3899,3001.9399,3022.55,,0.004072697314876805,0.004072697314876805,2.726751948614319
2019-10-28,3032.1201,3044.0801,3032.1201,3039.4199,,0.005581346875981996,0.005581346875981996,2.7419708970842955
2019-10-29,3035.3899,3047.8701,3034.8101,3036.8899,,-0.0008323956818206968,-0.0008323956818206968,2.7396884923498845
2019-10-30,3039.74,3050.1001,3025.96,3046.77,,0.0032533612759553243,0.0032533612759553243,2.7486016887990763
2019-10-31,3046.8999,3046.8999,3023.1899,3037.5601,,-0.0030228405819933135,-0.0030228405819933135,2.740293104070439
2019-11-01,3050.72,3066.95,3050.72,3066.9099,,0.009662294418470996,0.009662294418470996,2.766770622834873
2019-11-04,3078.96,3085.2,3074.8701,3078.27,,0.0037040866443451836,0.0037040866443451836,2.7770189809468824
2019-11-05,3080.8,3083.95,3072.1499,3074.6201,,-0.001185698460498874,-0.001185698460498874,2.7737262738163975
2019-11-06,3075.1001,3078.3401,3065.8899,3076.78,,0.0007024932933992201,0.0007024932933992201,2.775674797921478
2019-11-07,3087.02,3097.77,3080.23,3085.1799,,0.0027300944493917623,0.0027300944493917623,2.7832526522806007
2019-11-08,3081.25,3093.0901,3073.5801,3093.0801,,0.0025606934623163546,0.0025606934623163546,2.7903797091512703
2019-11-11,3080.3301,3088.3301,3075.8201,3087.01,,-0.001962477467040036,-0.001962477467040036,2.7849036518475754
2019-11-12,3089.28,3102.6101,3084.73,3091.8401,,0.0015646531757265159,0.0015646531757265159,2.789261060190531
2019-11-13,3084.1799,3098.0601,3078.8,3094.04,,0.0007115180374301922,0.0007115180374301922,2.7912456697459582
2019-11-14,3090.75,3098.2,3083.26,3096.6299,,0.0008370609300460963,0.0008370609300460963,2.7935821124422633
2019-11-15,3107.9199,3120.46,3104.6001,3120.46,,0.007695495028321009,0.007695495028321009,2.815080109699769
2019-11-18,3117.9099,3124.1699,3112.0601,3122.03,,0.0005031309486422941,0.0005031309486422941,2.816496463625866
2019-11-19,3127.45,3127.6399,3113.47,3120.1799,,-0.0005925952024804504,-0.0005925952024804504,2.8148274213337183
2019-11-20,3114.6599,3118.97,3091.4099,3108.46,,-0.003756161623885923,-0.003756161623885923,2.804254474595843
2019-11-21,3108.49,3110.1101,3094.55,3103.54,,-0.0015827773238195064,-0.0015827773238195064,2.799815964203233
2019-11-22,3111.4099,3112.8701,3099.26,3110.29,,0.0021749357185665286,0.0021749357185665286,2.8059053839491916
2019-11-25,3117.4399,3133.8301,3117.4399,3133.6399,,0.007507306392651625,0.007507306392651625,2.8269701753752887
2019-11-26,3134.8501,3142.6899,3131.0,3140.52,,0.0021955617810456296,0.0021955617810456296,2.8331769630484986
2019-11-27,3145.49,3154.26,3143.4099,3153.6299,,0.004174436080649047,0.004174436080649047,2.8450038791859122
2019-11-29,3147.1799,3150.3,3139.3401,3140.98,,-0.004011218944873662,-0.004011218944873662,2.8335919457274827
2019-12-02,3143.8501,3144.3101,3110.78,3113.8701,,-0.008631032352959922,-0.008631032352959922,2.809135121968822
2019-12-03,3087.4099,3094.97,3070.3301,3093.2,,-0.006638073951768297,-0.006638073951768297,2.7904878752886835
2019-12-04,3103.5,3119.3799,3102.53,3112.76,,0.006323548428811776,0.006323548428811776,2.808133660508083
2019-12-05,3119.21,3119.45,3103.76,3117.4299,,0.0015002441563114477,0.0015002441563114477,2.812346546622402
2019-12-06,3134.6201,3150.6001,3134.6201,3145.9099,,0.009135730686357979,0.009135730686357979,2.838039387269053
2019-12-09,3141.8601,3148.8701,3135.46,3135.96,,-0.003162805139460656,-0.003162805139460656,2.829063221709007
2019-12-10,3135.3601,3142.1201,3126.0901,3132.52,,-0.0010969527672547441,-0.0010969527672547441,2.825959872979215
2019-12-11,3135.75,3143.98,3133.21,3141.6299,,0.002908169780240888,0.002908169780240888,2.834178244081986
2019-12-12,3141.23,3176.28,3138.47,3168.5701,,0.00857523032869012,0.00857523032869012,2.858481975317552
2019-12-13,3166.6499,3182.6799,3156.51,3168.8,,7.25563875012547e-05,7.25563875012547e-05,2.8586893764434183
2019-12-16,3183.6299,3197.71,3183.6299,3191.45,,0.007147816208028068,0.007147816208028068,2.879122762702078
2019-12-17,3195.3999,3198.22,3191.03,3192.52,,0.00033527080167328194,0.00033527080167328194,2.880088048498845
2019-12-18,3195.21,3198.48,3191.1399,3191.1399,,-0.0004322917319232733,-0.0004322917319232733,2.878843010248268
2019-12-19,3192.3201,3205.48,3192.3201,3205.3701,,0.004459284282710474,0.004459284282710474,2.8916805896362585
2019-12-20,3223.3301,3225.6499,3216.03,3221.22,,0.004944795610341446,0.004944795610341446,2.9059793591224015
2019-12-23,3226.05,3227.78,3222.3,3224.01,,0.0008661314657181229,0.0008661314657181229,2.908496319284065
2019-12-24,3225.45,3226.4299,3220.51,3223.3799,,-0.00019543984044723128,-0.00019543984044723128,2.9079278832274826
2019-12-26,3227.2,3240.0801,3227.2,3239.9099,,0.005128157559088908,0.005128157559088908,2.922840195583141
2019-12-27,3247.23,3247.9299,3234.3701,3240.02,,3.398242648655625e-05,3.398242648655625e-05,2.9229395207852193
2019-12-30,3240.0901,3240.9199,3216.5701,3221.29,,-0.005780828513404224,-0.005780828513404224,2.906042508660508
2019-12-31,3215.1799,3231.72,3212.03,3230.78,,0.002946024729223451,0.002946024729223451,2.9146037817551966
2020-01-02,3244.6699,3258.1399,3235.53,3257.8501,,0.008378812546815384,0.008378812546815384,2.939024700490762
2020-01-03,3226.3601,3246.1499,3222.3401,3234.8501,,-0.007059870556966441,-0.007059870556966441,2.9182755665415705
2020-01-06,3217.55,3246.8401,3214.6399,3246.28,,0.0035333631069953686,0.0035333631069953686,2.928586893764434
2020-01-07,3241.8601,3244.9099,3232.4299,3237.1799,,-0.002803239400175017,-0.002803239400175017,2.9203773635969976
2020-01-08,3238.5901,3267.0701,3236.6699,3253.05,,0.004902446107490022,0.004902446107490022,2.934694356235566
2020-01-09,3266.03,3275.5801,3263.6699,3274.7,,0.006655292725288531,0.006655292725288531,2.9542256062355654
2020-01-10,3281.8101,3282.99,3260.8601,3265.3501,,-0.0028551928420923467,-0.0028551928420923467,2.945790722430716
2020-01-13,3271.1299,3288.1299,3268.4299,3288.1299,,0.006976219793399796,0.006976219793399796,2.9663412059757506
2020-01-14,3285.3501,3294.25,3277.1899,3283.1499,,-0.0015145387048121073,-0.0015145387048121073,2.961848567407621
2020-01-15,3282.27,3298.6599,3280.6899,3289.29,,0.001870185701846827,0.001870185701846827,2.9673877742494223
2020-01-16,3302.97,3317.1101,3302.8201,3316.8101,,0.008366577589692614,0.008366577589692614,2.9922146543013857
2020-01-17,3323.6599,3329.8799,3318.8601,3329.6201,,0.003862144534593659,0.003862144534593659,3.0037710197748266
2020-01-21,3321.03,3329.79,3316.6101,3320.79,,-0.0026519842308736497,-0.0026519842308736497,2.9958050663972284
2020-01-22,3330.02,3337.77,3320.04,3321.75,,0.0002890878375325645,0.0002890878375325645,2.9966711172055427
2020-01-23,3315.77,3326.8799,3301.8701,3325.54,,0.0011409648528637462,0.0011409648528637462,3.000090213625866
2020-01-24,3333.1001,3333.1799,3281.53,3295.47,,-0.009042140524546438,-0.009042140524546438,2.972962976327944
2020-01-27,3247.1599,3258.8501,3234.5,3243.6299,,-0.015730715193887357,-0.015730715193887357,2.9261961424653578
2020-01-28,3255.3501,3285.78,3253.22,3276.24,,0.010053582253634952,0.010053582253634952,2.955614896073903
2020-01-29,3289.46,3293.47,3271.8899,3273.3999,,-0.0008668778844040936,-0.0008668778844040936,2.953052738885681
2020-01-30,3256.45,3285.9099,3242.8,3283.6599,,0.003134355811521994,0.003134355811521994,2.962308656899538
2020-01-31,3282.3301,3282.3301,3214.6799,3225.52,,-0.01770582270106602,-0.01770582270106602,2.909858545034642
2020-02-03,3235.6599,3268.4399,3235.6599,3248.9199,,0.007254613209652927,0.007254613209652927,2.930968443273672
2020-02-04,3280.6101,3306.9199,3280.6101,3297.5901,,0.014980424725152597,0.014980424725152597,2.9748755954099306
2020-02-05,3324.9099,3337.5801,3313.75,3334.6899,,0.011250579627831936,0.011250579627831936,3.0083446701789835
2020-02-06,3344.9199,3347.96,3334.3899,3345.78,,0.0033256765494147356,0.0033256765494147356,3.018349451501155
2020-02-07,3335.54,3341.4199,3322.1201,3327.71,,-0.005400833288500828,-0.005400833288500828,3.0020478493071594
2020-02-10,3318.28,3352.26,3317.77,3352.0901,,0.007326389619287665,0.007326389619287665,3.0240420215069284
2020-02-11,3365.8701,3375.6299,3352.72,3357.75,,0.0016884689346505777,0.0016884689346505777,3.029148022517321
2020-02-12,3370.5,3381.47,3369.72,3379.45,,0.0064626610081155444,0.0064626610081155444,3.048724379330254
2020-02-13,3365.8999,3385.0901,3360.52,3373.9399,,-0.0016304724141502636,-0.0016304724141502636,3.0437535183314086
2020-02-14,3378.0801,3380.6899,3366.1499,3380.1599,,0.0018435420263414048,0.0018435420263414048,3.0493648058602774
2020-02-18,3369.04,3375.01,3355.6101,3370.29,,-0.002919950621270928,-0.002919950621270928,3.0404608112009237
2020-02-19,3380.3899,3393.52,3378.8301,3386.1499,,0.004705796830539732,0.004705796830539732,3.0547686020496534
2020-02-20,3380.45,3389.1499,3341.02,3373.23,,-0.0038155133061297253,-0.0038155133061297253,3.0431130918013856
2020-02-21,3360.5,3360.76,3328.45,3337.75,,-0.010518108756295885,-0.010518108756295885,3.011105297344111
2020-02-24,3257.6101,3259.8101,3214.6499,3225.8899,,-0.03351362444760686,-0.03351362444760686,2.9101922452367206
2020-02-25,3238.9399,3246.99,3118.77,3128.21,,-0.03027998568705026,-0.03027998568705026,2.822071665704388
2020-02-26,3139.8999,3182.51,3108.99,3116.3899,,-0.0037785506727489038,-0.0037785506727489038,2.811408324913395
2020-02-27,3062.54,3097.0701,2977.3899,2978.76,,-0.04416324799409721,-0.04416324799409721,2.6872474018475754
2020-02-28,2916.8999,2959.72,2855.8401,2954.22,,-0.008238327357692588,-0.008238327357692588,2.665108978060046
2020-03-02,2974.28,3090.96,2945.1899,3090.23,,0.04603922524388837,0.04603922524388837,2.787808530600462
2020-03-03,3096.46,3136.72,2976.6299,3003.3701,,-0.028107907825631107,-0.028107907825631107,2.709449065386836
2020-03-04,3045.75,3130.97,3034.3799,3130.1201,,0.04220259101600554,0.04220259101600554,2.8237948361720555
2020-03-05,3075.7,3083.04,2999.8301,3023.9399,,-0.03392208497047777,-0.03392208497047777,2.7280058278002306
2020-03-06,2954.2,2985.9299,2901.54,2972.3701,,-0.01705384422488021,-0.01705384422488021,2.6814828413683602
2020-03-09,2863.8899,2863.8899,2734.4299,2746.5601,,-0.07596967820393563,-0.07596967820393563,2.4777714528002313
2020-03-10,2813.48,2882.5901,2734.0,2882.23,,0.04939629757237052,0.04939629757237052,2.6001641887990763
2020-03-11,2825.6001,2825.6001,2707.22,2741.3799,,-0.04886844561329251,-0.04886844561329251,2.4730982065531175
2020-03-12,2630.8601,2660.95,2478.8601,2480.6399,,-0.09511268394431571,-0.09511268394431571,2.237875198469977
2020-03-13,2569.99,2711.3301,2492.3701,2711.02,,0.09287123858646296,0.09287123858646296,2.4457094399538106
2020-03-16,2508.5901,2562.98,2380.9399,2386.1299,,-0.1198405397230563,-0.1198405397230563,2.152614300663972
2020-03-17,2425.6599,2553.9299,2367.04,2529.1899,,0.05995482475618785,0.05995482475618785,2.2816739138279445
2020-03-18,2436.5,2453.5701,2280.52,2398.1001,,-0.05183074627966833,-0.05183074627966833,2.16341305210739
2020-03-19,2393.48,2466.97,2319.78,2409.3899,,0.004707810153546044,0.004707810153546044,2.173597990040416
2020-03-20,2431.9399,2453.01,2295.5601,2304.9199,,-0.043359524334355415,-0.043359524334355415,2.0793518150981525
2020-03-23,2290.71,2300.73,2191.8601,2237.3999,,-0.029293859626098095,-0.029293859626098095,2.018439574913395
2020-03-24,2344.4399,2449.71,2344.4399,2447.3301,,0.09382775068506977,0.09382775068506977,2.207825220121247
2020-03-25,2457.77,2571.4199,2407.53,2475.5601,,0.011535019325754181,0.011535019325754181,2.2332925267032335
2020-03-26,2501.29,2637.01,2500.72,2630.0701,,0.062414158315122314,0.062414158315122314,2.3726816000288684
2020-03-27,2555.8701,2615.9099,2520.02,2541.47,,-0.03368735304811843,-0.03368735304811843,2.2927522372979214
2020-03-30,2558.98,2631.8,2545.28,2626.6499,,0.033515996647609514,0.033515996647609514,2.3695961135969976
2020-03-31,2614.6899,2641.3899,2571.1499,2584.5901,,-0.016012716426349827,-0.016012716426349827,2.3316524429849883
2020-04-01,2498.0801,2522.75,2447.49,2470.5,,-0.044142434810069076,-0.044142434810069076,2.228727627020785
2020-04-02,2458.54,2533.22,2455.79,2526.8999,,0.022829346286176833,0.022829346286176833,2.279608021795612
2020-04-03,2514.9199,2538.1799,2459.96,2488.6499,,-0.01513712513898946,-0.01513712513898946,2.2451013099018473
2020-04-06,2578.28,2676.8501,2574.5701,2663.6799,,0.0703313069467908,0.0703313069467908,2.4030022192551965
2020-04-07,2738.6499,2756.8899,2657.6699,2659.4099,,-0.0016030454710417308,-0.0016030454710417308,2.399150097430716
2020-04-08,2685.0,2760.75,2663.3,2749.98,,0.03405646493231451,0.03405646493231451,2.480856668591224
2020-04-09,2776.99,2818.5701,2762.3601,2789.8201,,0.01448741445392332,0.01448741445392332,2.5167978673498843
2020-04-13,2782.46,2782.46,2721.1699,2761.6299,,-0.010104665888671427,-0.010104665888671427,2.491366465790993
2020-04-14,2805.1001,2851.8501,2805.1001,2846.0601,,0.030572597725712747,0.030572597725712747,2.5675340105369515
2020-04-15,2795.6399,2801.8799,2761.54,2783.3601,,-0.02203045536529613,-0.02203045536529613,2.5109700671189374
2020-04-16,2799.3401,2806.51,2764.3201,2799.55,,0.00581667460132107,0.00581667460132107,2.5255755629330254
2020-04-17,2842.4299,2879.22,2830.8799,2874.5601,,0.026793627547284427,0.026793627547284427,2.593244893908776
2020-04-20,2845.6201,2868.98,2820.4299,2823.1599,,-0.017881066393428346,-0.017881066393428346,2.546874909786374
2020-04-21,2784.8101,2785.54,2727.1001,2736.5601,,-0.030674776869705433,-0.030674776869705433,2.468750090213626
2020-04-22,2787.8899,2815.1001,2775.95,2799.3101,,0.02293024735689153,0.02293024735689153,2.5253591404445728
2020-04-23,2810.4199,2844.8999,2794.26,2797.8,,-0.0005394543462691193,-0.0005394543462691193,2.5239968244803697
2020-04-24,2812.6399,2842.71,2791.76,2836.74,,0.01391807849024218,0.01391807849024218,2.5591260103926095
2020-04-27,2854.6499,2887.72,2852.8899,2878.48,,0.014714073196697708,0.014714073196697708,2.5967811778290995
2020-04-28,2909.96,2921.1499,2860.71,2863.3899,,-0.005242384869792338,-0.005242384869792338,2.5831678514722864
2020-04-29,2918.46,2954.8601,2912.1599,2939.51,,0.026583910210761008,0.026583910210761008,2.6518385536951503
2020-04-30,2930.9099,2930.9099,2892.47,2912.4299,,-0.009212453776309748,-0.009212453776309748,2.6274086135969976
2020-05-01,2869.0901,2869.0901,2821.6101,2830.71,,-0.02805901010699008,-0.02805901010699008,2.553686128752887
2020-05-04,2815.01,2844.24,2797.8501,2842.74,,0.004249817183674676,0.004249817183674676,2.5645388279445727
2020-05-05,2868.8799,2898.23,2863.55,2868.4399,,0.009040538353841665,0.009040538353841665,2.5877236395785217
2020-05-06,2883.1399,2891.1101,2847.6499,2848.4199,,-0.006979403682120022,-0.006979403682120022,2.5696628716801384
2020-05-07,2878.26,2901.9199,2876.48,2881.1899,,0.01150462401979424,0.01150462401979424,2.599225876876443
2020-05-08,2908.8301,2932.1599,2902.8799,2929.8,,0.016871536305191226,0.016871536305191226,2.6430788106235568
2020-05-11,2915.46,2944.25,2903.4399,2930.3201,,0.00017752064987353045,0.00017752064987353045,2.643548011691686
2020-05-12,2939.5,2945.8201,2869.5901,2870.1201,,-0.020543830689350173,-0.020543830689350173,2.5892394089203234
2020-05-13,2865.8601,2874.1399,2793.1499,2820.0,,-0.01746271872037697,-0.01746271872037697,2.5440242494226326
2020-05-14,2794.54,2852.8,2766.6399,2852.5,,0.01152482269503552,0.01152482269503552,2.5733436778290995
2020-05-15,2829.95,2865.01,2816.78,2863.7,,0.003926380368098004,0.003926380368098004,2.5834476039260967
2020-05-18,2913.8601,2968.0901,2913.8601,2953.9099,,0.031501169815274066,0.031501169815274066,2.6648292256062356
2020-05-19,2948.5901,2964.21,2922.3501,2922.9399,,-0.01048440915547233,-0.01048440915547233,2.6368900656755194
2020-05-20,2953.6299,2980.29,2953.6299,2971.6101,,0.01665111212173742,0.01665111212173742,2.680797217811778
2020-05-21,2969.95,2978.5,2938.5701,2948.51,,-0.007773597215866124,-0.007773597215866124,2.659957780023095
2020-05-22,2948.05,2956.76,2933.5901,2955.45,,0.002353731206609311,0.002353731206609311,2.6662186056581985
2020-05-26,3004.0801,3021.72,2988.1699,2991.77,,0.012289160703107926,0.012289160703107926,2.6989841945727484
2020-05-27,3015.6499,3036.25,2969.75,3036.1299,,0.014827309585964121,0.014827309585964121,2.7390028687933023
2020-05-28,3046.6101,3068.6699,3023.3999,3029.73,,-0.002107913762187774,-0.002107913762187774,2.733229286951501
2020-05-29,3025.1699,3049.1699,2998.6101,3044.3101,,0.00481234301406408,0.00481234301406408,2.7463825238163975
2020-06-01,3038.78,3062.1799,3031.54,3055.73,,0.0037512275769804315,0.0037512275769804315,2.7566848296766744
2020-06-02,3064.78,3081.0701,3051.6399,3080.8201,,0.008210836690414336,0.008210836690414336,2.7793195186200923
2020-06-03,3098.8999,3130.9399,3098.8999,3122.8701,,0.01364896314458619,0.01364896314458619,2.8172543482967667
2020-06-04,3111.5601,3128.9099,3090.4099,3112.3501,,-0.0033686959953921347,-0.0033686959953921347,2.807763874855658
2020-06-05,3163.8401,3211.72,3163.8401,3193.9299,,0.026211639879459625,0.026211639879459625,2.881359970409931
2020-06-08,3199.9199,3233.1299,3196.0,3232.3899,,0.012041591770689752,0.012041591770689752,2.916056130918014
2020-06-09,3213.3201,3222.71,3193.1101,3207.1799,,-0.007799182889415723,-0.007799182889415723,2.8933132758371825
2020-06-10,3213.4199,3223.27,3181.49,3190.1399,,-0.00531307894515054,-0.00531307894515054,2.8779408739896075
2020-06-11,3123.53,3123.53,2999.49,3002.1001,,-0.058944060729123504,-0.058944060729123504,2.708303352338337
2020-06-12,3071.04,3088.4199,2984.47,3041.3101,,0.01306085696476278,0.01306085696476278,2.7436761150404156
2020-06-15,2993.76,3079.76,2965.6599,3066.5901,,0.00831220729513893,0.00831220729513893,2.7664821196593534
2020-06-16,3131.0,3153.45,3076.0601,3124.74,,0.018962397354638227,0.018962397354638227,2.8189412528868356
2020-06-17,3136.1299,3141.1599,3108.03,3113.49,,-0.0036002995449221364,-0.0036002995449221364,2.808792219976905
2020-06-18,3101.6399,3120.0,3093.51,3115.3401,,0.0005942206334370592,0.0005942206334370592,2.810461262269053
2020-06-19,3140.29,3155.53,3083.1101,3097.74,,-0.005649495539828853,-0.005649495539828853,2.7945835739030023
2020-06-22,3094.4199,3120.9199,3079.3899,3117.8601,,0.006495089968816092,0.006495089968816092,2.8127346456408775
2020-06-23,3138.7,3154.8999,3127.1201,3131.29,,0.004307409431231424,0.004307409431231424,2.824850245381062
2020-06-24,3114.3999,3115.01,3032.1299,3050.3301,,-0.025855126800775396,-0.025855126800775396,2.7518133840935337
2020-06-25,3046.6001,3086.25,3024.01,3083.76,,0.010959436816363022,0.010959436816363022,2.7819717090069287
2020-06-26,3073.2,3073.73,3004.6299,3009.05,,-0.024226917788673585,-0.024226917788673585,2.714573109122402
2020-06-29,3018.5901,3053.8899,2999.74,3053.24,,0.01468569814393228,0.01468569814393228,2.7544385103926095
2020-06-30,3050.2,3111.51,3047.8301,3100.29,,0.015409859690034278,0.015409859690034278,2.7968840213625867
2020-07-01,3105.9199,3128.4399,3101.1699,3115.8601,,0.005022143089840059,0.005022143089840059,2.8109303731235564
2020-07-02,3143.6399,3165.8101,3124.52,3130.01,,0.004541250102981342,0.004541250102981342,2.823695510969977
2020-07-06,3155.29,3182.5901,3155.29,3179.72,,0.0158817383970018,0.0158817383970018,2.8685407043879905
2020-07-07,3166.4399,3184.1499,3142.9299,3145.3201,,-0.010818531191425618,-0.010818531191425618,2.837507307303695
2020-07-08,3153.0701,3171.8,3136.53,3169.9399,,0.007827438612686866,0.007827438612686866,2.8597177215646647
2020-07-09,3176.1699,3179.78,3115.7,3152.05,,-0.005643608574408487,-0.005643608574408487,2.8435785941108547
2020-07-10,3152.47,3186.8201,3136.22,3185.04,,0.01046620453355751,0.01046620453355751,2.8733400692840645
2020-07-13,3205.0801,3235.3201,3149.4299,3155.22,,-0.009362519779971379,-0.009362519779971379,2.846438366050808
2020-07-14,3141.1101,3200.95,3127.6599,3197.52,,0.013406355182839835,0.013406355182839835,2.8845987297921476
2020-07-15,3225.98,3238.28,3200.76,3226.5601,,0.009082069854136954,0.009082069854136954,2.910796856957275
2020-07-16,3208.3601,3220.3899,3198.5901,3215.5701,,-0.0034061042284631027,-0.0034061042284631027,2.900882379474596
2020-07-17,3224.21,3233.52,3205.6499,3224.73,,0.0028486084007313117,0.0028486084007313117,2.9091458573903
2020-07-20,3224.29,3258.6101,3215.1599,3251.8401,,0.008406936394674824,0.008406936394674824,2.933602861576212
2020-07-21,3268.52,3277.29,3247.77,3257.3,,0.0016790185962711757,0.0016790185962711757,2.9385284353348733
2020-07-22,3254.8601,3279.3201,3253.1001,3276.02,,0.005747091149111094,0.005747091149111094,2.9554164260969977
2020-07-23,3271.6399,3279.99,3222.6599,3235.6599,,-0.01231985763212673,-0.01231985763212673,2.9190061164838337
2020-07-24,3218.5801,3227.26,3200.05,3215.6299,,-0.006190391023481845,-0.006190391023481845,2.9009363272228637
2020-07-27,3219.8401,3241.4299,3214.25,3239.4099,,0.007395129644739429,0.007395129644739429,2.9223891274538105
2020-07-28,3234.27,3243.72,3216.1699,3218.4399,,-0.006473401220388975,-0.006473401220388975,2.9034713301096997
2020-07-29,3227.22,3264.74,3227.22,3258.4399,,0.012428381838045288,0.012428381838045288,2.93955678045612
2020-07-30,3231.76,3250.9199,3204.1299,3246.22,,-0.0037502302865859427,-0.0037502302865859427,2.928532765588914
2020-07-31,3270.45,3272.1699,3220.26,3271.1201,,0.007670490601376478,0.007670490601376478,2.950996048643187
2020-08-03,3288.26,3302.73,3284.53,3294.6101,,0.007181026462464546,0.007181026462464546,2.9721872293591223
2020-08-04,3289.9199,3306.8401,3286.3701,3306.51,,0.0036119296787198163,0.0036119296787198163,2.9829225606235568
2020-08-05,3317.3701,3330.77,3317.3701,3327.77,,0.0064297401187354275,0.0064297401187354275,3.002101977482679
2020-08-06,3323.1699,3351.03,3318.1399,3349.1599,,0.0064276978276744945,0.0064276978276744945,3.0213985818418014
2020-08-07,3340.05,3352.54,3328.72,3351.28,,0.0006330244190491108,0.0006330244190491108,3.0233112009237875
2020-08-10,3356.04,3363.29,3335.4399,3360.47,,0.0027422358024395965,0.0027422358024395965,3.0316018331408774
2020-08-11,3370.3401,3381.01,3326.4399,3333.6899,,-0.007969153124414152,-0.007969153124414152,3.0074425339203232
2020-08-12,3355.46,3387.8899,3355.46,3380.3501,,0.01399656278767858,0.01399656278767858,3.0495363921766745
2020-08-13,3372.95,3387.24,3363.3501,3373.4299,,-0.0020471844025859998,-0.0020471844025859998,3.043293428839492
2020-08-14,3368.6599,3378.51,3361.6399,3372.8501,,-0.0001718725502491969,-0.0001718725502491969,3.042770370236721
2020-08-17,3380.8601,3387.5901,3379.22,3381.99,,0.002709844709671394,0.002709844709671394,3.0510158054272516
2020-08-18,3387.04,3395.0601,3370.1499,3389.78,,0.0023033775972136628,0.0023033775972136628,3.058043446882217
2020-08-19,3392.51,3399.54,3369.6599,3374.8501,,-0.004404386125353321,-0.004404386125353321,3.0445746427540414
2020-08-20,3360.48,3390.8,3354.6899,3385.51,,0.003158629178819039,0.003158629178819039,3.054191325057737
2020-08-21,3386.01,3399.96,3379.3101,3397.1599,,0.0034411063621138105,0.0034411063621138105,3.064701122257506
2020-08-24,3418.0901,3432.0901,3413.1299,3431.28,,0.010043713279436872,0.010043713279436872,3.0954821016166285
2020-08-25,3435.95,3444.21,3425.8401,3443.6201,,0.0035963547131099283,0.0035963547131099283,3.1066145532621245
2020-08-26,3449.97,3481.0701,3444.1499,3478.73,,0.01019563685320568,0.01019563685320568,3.138288467090069
2020-08-27,3485.1399,3501.3799,3468.3501,3484.55,,0.0016730243508407128,0.0016730243508407128,3.1435389001154737
2020-08-28,3494.6899,3509.23,3484.3201,3508.01,,0.006732576659826961,0.006732576659826961,3.164703016743649
2020-08-31,3509.73,3514.77,3493.25,3500.3101,,-0.002194948132987151,-0.002194948132987151,3.157756657765589
2020-09-01,3507.4399,3528.03,3494.6001,3526.6499,,0.007524990428705136,0.007524990428705136,3.181518746391455
2020-09-02,3543.76,3588.1101,3535.23,3580.8401,,0.01536591426327849,0.01536591426327849,3.2304056906755196
2020-09-03,3564.74,3564.8501,3427.4099,3455.0601,,-0.035125835414990925,-0.035125835414990925,3.116934992061201
2020-09-04,3453.6001,3479.1499,3349.6299,3426.96,,-0.00813302784515968,-0.00813302784515968,3.091584872979215
2020-09-08,3371.8799,3379.97,3329.27,3331.8401,,-0.02775634965100271,-0.02775634965100271,3.005773762269053
2020-09-09,3369.8201,3424.77,3366.8401,3398.96,,0.02014499435312045,0.02014499435312045,3.0663250577367207
2020-09-10,3412.5601,3425.55,3329.25,3339.1899,,-0.01758482006260742,-0.01758482006260742,3.012404283342956
2020-09-11,3352.7,3368.95,3310.47,3340.97,,0.0005330933709399854,0.0005330933709399854,3.0140101760969973
2020-09-14,3363.5601,3402.9299,3363.5601,3383.54,,0.01274180851668838,0.01274180851668838,3.0524141166281753
2020-09-15,3407.73,3419.48,3389.25,3401.2,,0.005219385613883576,0.005219385613883576,3.06834584295612
2020-09-16,3411.23,3428.9199,3384.45,3385.49,,-0.004618958014818264,-0.004618958014818264,3.054173282332563
2020-09-17,3346.8601,3375.1699,3328.8201,3357.01,,-0.00841237162124231,-0.00841237162124231,3.0284804416859123
2020-09-18,3357.3799,3362.27,3292.3999,3319.47,,-0.01118257020384228,-0.01118257020384228,2.9946142465357966
2020-09-21,3285.5701,3285.5701,3229.1001,3281.0601,,-0.011571094180697461,-0.011571094180697461,2.9599632830542726
2020-09-22,3295.75,3320.3101,3270.95,3315.5701,,0.010517942051716744,0.010517942051716744,2.9910960053406463
2020-09-23,3320.1101,3323.3501,3232.5701,3236.9199,,-0.02372147100735411,-0.02372147100735411,2.9201428081697456
2020-09-24,3226.1399,3278.7,3209.45,3246.5901,,0.002987469662131481,0.002987469662131481,2.9288666462182444
2020-09-25,3236.6599,3306.8799,3228.4399,3298.46,,0.01597673201800265,0.01597673201800265,2.9756603637413397
2020-09-28,3333.8999,3360.74,3332.9099,3351.6001,,0.01611057887620282,0.01611057887620282,3.023599974740185
2020-09-29,3350.9199,3357.9199,3327.54,3335.47,,-0.004812656498011325,-0.004812656498011325,3.0090484266743647
2020-09-30,3341.21,3393.5601,3340.47,3363.0,,0.008253709372292528,0.008253709372292528,3.033884237875289
2020-10-01,3385.8701,3397.1799,3361.3899,3380.8,,0.005292893250074426,0.005292893250074426,3.049942263279446
2020-10-02,3338.9399,3369.1001,3323.6899,3348.4399,,-0.009571728584950367,-0.009571728584950367,3.0207490437355657
2020-10-05,3367.27,3409.5701,3367.27,3408.6299,,0.0179755354127753,0.0179755354127753,3.075048625144342
2020-10-06,3408.74,3431.5601,3354.54,3360.95,,-0.013987995587318003,-0.013987995587318003,3.0320348585450345
2020-10-07,3384.5601,3426.26,3384.5601,3419.45,,0.01740579300495404,0.01740579300495404,3.084809829676674
2020-10-08,3434.28,3447.28,3428.1499,3446.8301,,0.008007164894939356,0.008007164894939356,3.109510410652425
2020-10-09,3459.6699,3482.3401,3458.0701,3477.1299,,0.00879062765524763,0.00879062765524763,3.1368449588625866
2020-10-12,3500.02,3549.8501,3499.6101,3534.22,,0.01641874236565055,0.01641874236565055,3.188348008083141
2020-10-13,3534.01,3534.01,3500.8601,3511.9299,,-0.006306936183938627,-0.006306936183938627,3.168239300663972
2020-10-14,3515.47,3527.9399,3480.55,3488.6699,,-0.0066231390324733574,-0.0066231390324733574,3.1472556112875285
2020-10-15,3453.72,3489.0801,3440.8899,3483.3401,,-0.001527745574323336,-0.001527745574323336,3.14244740545612
2020-10-16,3493.5,3515.76,3480.45,3483.8101,,0.00013492796755620873,0.00013492796755620873,3.1428714094976904
2020-10-19,3493.6599,3502.4199,3419.9299,3426.9199,,-0.01632987974861211,-0.01632987974861211,3.0915486973152424
2020-10-20,3439.3799,3476.9299,3435.6499,3443.1201,,0.004727335471132577,0.004727335471132577,3.1061634851327944
2020-10-21,3439.9099,3464.8601,3433.0601,3435.5601,,-0.002195682921429354,-0.002195682921429354,3.099343335017321
2020-10-22,3438.5,3460.53,3415.3401,3453.49,,0.005218916123749251,0.005218916123749251,3.1155185479214778
2020-10-23,3464.8999,3466.46,3440.45,3465.3899,,0.0034457606652980033,0.0034457606652980033,3.1262538791859122
2020-10-26,3441.4199,3441.4199,3364.8601,3400.97,,-0.01858950994230124,-0.01858950994230124,3.068138351616628
2020-10-27,3403.1499,3409.51,3388.71,3390.6799,,-0.0030256368036176706,-0.0030256368036176706,3.058855279301386
2020-10-28,3342.48,3342.48,3268.8899,3271.03,,-0.03528787839866565,-0.03528787839866565,2.950914766166282
2020-10-29,3277.1699,3341.05,3259.8201,3310.1101,,0.011947337688740234,0.011947337688740234,2.9861703413683602
2020-10-30,3293.5901,3304.9299,3233.9399,3269.96,,-0.012129536114221628,-0.012129536114221628,2.949949480369515
2020-11-02,3296.2,3330.1399,3279.74,3310.24,,0.01231819349472163,0.01231819349472163,2.98628752886836
2020-11-03,3336.25,3389.49,3336.25,3369.1599,,0.017799283435642188,0.017799283435642188,3.0394413070150117
2020-11-04,3406.46,3486.25,3405.1699,3443.4399,,0.022047039085322018,0.022047039085322018,3.1064519883083137
2020-11-05,3485.74,3529.05,3485.74,3510.45,,0.019460220577684595,0.019460220577684595,3.16690422921478
2020-11-06,3508.3401,3521.5801,3484.3401,3509.4399,,-0.00028774088792038466,-0.00028774088792038466,3.1659929813799073
2020-11-09,3583.04,3645.99,3547.48,3550.5,,0.011699901172264049,0.011699901172264049,3.203034786374134
2020-11-10,3543.26,3557.22,3511.9099,3545.53,,-0.001399802844669673,-0.001399802844669673,3.1985511691685913
2020-11-11,3563.22,3581.1599,3557.0,3572.6599,,0.00765186022964115,0.00765186022964115,3.223026035652425
2020-11-12,3562.6699,3569.02,3518.5801,3537.01,,-0.009978531681675062,-0.009978531681675062,3.190864968244804
2020-11-13,3552.5701,3593.6599,3552.5701,3585.1499,,0.013610337544988527,0.013610337544988527,3.2342937175230944
2020-11-16,3600.1599,3628.51,3600.1599,3626.9099,,0.01164804852371737,0.01164804852371737,3.2719669276847574
2020-11-17,3610.3101,3623.1101,3588.6799,3609.53,,-0.004791930452973214,-0.004791930452973214,3.2562878897228638
2020-11-18,3612.0901,3619.0901,3567.3301,3567.79,,-0.01156383241031389,-0.01156383241031389,3.218632722286374
2020-11-19,3559.4099,3585.22,3543.8401,3581.8701,,0.003946448641876321,0.003946448641876321,3.23133489102194
2020-11-20,3579.3101,3581.23,3556.8501,3557.54,,-0.006792569054919095,-0.006792569054919095,3.209385825635104
2020-11-23,3566.8201,3589.8101,3552.77,3577.5901,,0.005635945063161563,0.005635945063161563,3.227473747834873
2020-11-24,3594.52,3642.3101,3594.52,3635.4099,,0.01616166144914155,0.01616166144914155,3.279635085883372
2020-11-25,3635.5,3635.5,3617.76,3629.6499,,-0.0015844155565511997,-0.0015844155565511997,3.274438781033487
2020-11-27,3638.55,3644.3101,3629.3301,3638.3501,,0.0023969804911487813,0.0023969804911487813,3.2822875469110855
2020-11-30,3634.1799,3634.1799,3594.3899,3621.6299,,-0.004595544557408071,-0.004595544557408071,3.26720364823903
2020-12-01,3645.8701,3678.45,3645.8701,3662.45,,0.011271195877855966,0.011271195877855966,3.3040289405311776
2020-12-02,3653.78,3670.96,3644.8401,3669.01,,0.0017911507324332998,0.0017911507324332998,3.309946954387991
2020-12-03,3668.28,3682.73,3657.1699,3666.72,,-0.0006241465681479097,-0.0006241465681479097,3.307881062355658
2020-12-04,3670.9399,3699.2,3670.9399,3699.1201,,0.00883626238163826,0.00883626238163826,3.3371103673498848
2020-12-07,3694.73,3697.4099,3678.8799,3691.96,,-0.0019356224741121641,-0.0019356224741121641,3.3306509815242493
2020-12-08,3683.05,3708.45,3678.8301,3702.25,,0.002787137455443789,0.002787137455443789,3.339933963625866
2020-12-09,3705.98,3712.3899,3660.54,3672.8201,,-0.00794919305827535,-0.00794919305827535,3.313384183747113
2020-12-10,3659.1299,3678.49,3645.1799,3668.1001,,-0.0012851160338617218,-0.0012851160338617218,3.309126100606236
2020-12-11,3656.0801,3665.9099,3633.3999,3663.46,,-0.0012649872886512092,-0.0012649872886512092,3.304940098152425
2020-12-14,3675.27,3697.6101,3645.8401,3647.49,,-0.004359266922526861,-0.004359266922526861,3.2905329821016163
2020-12-15,3666.4099,3695.29,3659.6201,3694.6201,,0.012921241730614819,0.012921241730614819,3.3330507541859125
2020-12-16,3696.25,3711.27,3688.5701,3701.1699,,0.0017727939064695608,0.0017727939064695608,3.338959566252887
2020-12-17,3713.6499,3725.1201,3710.8701,3722.48,,0.005757665974750248,0.005757665974750248,3.358184180138568
2020-12-18,3722.3899,3726.7,3685.8401,3709.4099,,-0.003511126990608404,-0.003511126990608404,3.3463931690242497
2020-12-21,3684.28,3702.8999,3636.48,3694.9199,,-0.003906281697258707,-0.003906281697258707,3.3333212146362583
2020-12-22,3698.0801,3698.26,3676.1599,3687.26,,-0.002073089595257427,-0.002073089595257427,3.326410941108545
2020-12-23,3693.4199,3711.24,3689.28,3690.01,,0.0007458112528002658,0.0007458112528002658,3.3288918158198615
2020-12-24,3694.03,3703.8201,3689.3201,3703.0601,,0.0035366028818348827,0.0035366028818348827,3.340664784209007
2020-12-28,3723.03,3740.51,3723.03,3735.3601,,0.00872251573772731,0.00872251573772731,3.3698037853637413
2020-12-29,3750.01,3756.1201,3723.3101,3727.04,,-0.002227389000594604,-0.002227389000594604,3.36229792147806
2020-12-30,3736.1899,3744.6299,3730.21,3732.04,,0.0013415471795312772,0.0013415471795312772,3.3668086027713624
2020-12-31,3733.27,3760.2,3726.8799,3756.0701,,0.006438864535214028,0.006438864535214028,3.3884870272806005
2021-01-04,3764.6101,3769.99,3662.71,3700.6499,,-0.014754836444612729,-0.014754836444612729,3.338490455398383
2021-01-05,3698.02,3737.8301,3695.0701,3726.8601,,0.007082593789809799,0.007082593789809799,3.362135627165127
2021-01-06,3712.2,3783.04,3705.3401,3748.1399,,0.005709846742033564,0.005709846742033564,3.381332906322171
2021-01-07,3764.71,3811.55,3764.71,3803.79,,0.014847391368715934,0.014847391368715934,3.431536879330254
2021-01-08,3815.05,3826.6899,3783.6001,3824.6799,,0.005491864692845905,0.005491864692845905,3.450382415560046
2021-01-11,3803.1399,3817.8601,3789.02,3799.6101,,-0.006554744620589137,-0.006554744620589137,3.427766039982679
2021-01-12,3801.6201,3810.78,3776.51,3801.1899,,0.0004157795032706524,0.0004157795032706524,3.4291912348441107
2021-01-13,3802.23,3820.96,3791.5,3809.8401,,0.002275655841345925,0.002275655841345925,3.4369948939087758
2021-01-14,3814.98,3823.6001,3792.8601,3795.54,,-0.0037534646139085748,-0.0037534646139085748,3.4240942551963047
2021-01-15,3788.73,3788.73,3749.6201,3768.25,,-0.00719001775768402,-0.00719001775768402,3.3994749566974596
2021-01-19,3781.8799,3804.53,3780.3701,3798.9099,,0.00813637630199704,0.00813637630199704,3.427134364174365
2021-01-20,3816.22,3859.75,3816.22,3851.8501,,0.013935629270912742,0.013935629270912742,3.474893638135104
2021-01-21,3857.46,3861.45,3845.05,3853.0701,,0.00031673091328232594,0.00031673091328232594,3.4759942443706695
2021-01-22,3844.24,3852.3101,3830.4099,3841.47,,-0.003010612238796284,-0.003010612238796284,3.4655293735565817
2021-01-25,3851.6799,3859.23,3797.1599,3855.3601,,0.003615829356991007,0.003615829356991007,3.478060136403002
2021-01-26,3862.96,3870.8999,3847.78,3849.6201,,-0.0014888362827637502,-0.0014888362827637502,3.472881874278291
2021-01-27,3836.8301,3836.8301,3732.48,3750.77,,-0.02567788442293306,-0.02567788442293306,3.383705614896074
2021-01-28,3755.75,3830.5,3755.75,3787.3799,,0.009760635816112417,0.009760635816112417,3.416732733112009
2021-01-29,3778.05,3778.05,3694.1201,3714.24,,-0.019311477045120373,-0.019311477045120373,3.3507505773672053
2021-02-01,3731.1699,3784.3201,3725.6201,3773.8601,,0.016051762944774728,0.016051762944774728,3.404536031322171
2021-02-02,3791.8401,3843.0901,3791.8401,3826.3101,,0.01389823645025956,0.01389823645025956,3.4518530780889147
2021-02-03,3840.27,3847.51,3816.6799,3830.1699,,0.0010087525315838342,0.0010087525315838342,3.455335143620092
2021-02-04,3836.6599,3872.4199,3836.6599,3871.74,,0.010853330553300067,0.010853330553300067,3.4928370381062352
2021-02-05,3878.3,3894.5601,3874.9299,3886.8301,,0.0038974982824260263,0.0038974982824260263,3.5064503644630487
2021-02-08,3892.5901,3915.77,3892.5901,3915.5901,,0.007399345806239355,0.007399345806239355,3.5323958032621245
2021-02-09,3910.49,3918.3501,3902.6399,3911.23,,-0.0011135230932369788,-0.0011135230932369788,3.528462398960739
2021-02-10,3920.78,3931.5,3884.9399,3909.8799,,-0.0003451855298717277,-0.0003451855298717277,3.5272444247979213
2021-02-11,3916.3999,3925.99,3890.3899,3916.3799,,0.0016624551562312018,0.0016624551562312018,3.5331083104792147
2021-02-12,3911.6499,3937.23,3905.78,3934.8301,,0.004711034289599958,0.004711034289599958,3.549752904878753
2021-02-16,3939.6101,3950.4299,3923.8501,3932.5901,,-0.0005692748970279604,-0.0005692748970279604,3.547732119659353
2021-02-17,3918.5,3933.6101,3900.4299,3931.3301,,-0.0003203995249847491,-0.0003203995249847491,3.546595427973441
2021-02-18,3915.8601,3921.98,3885.03,3913.97,,-0.004415833714904838,-0.004415833714904838,3.5309342523094687
2021-02-19,3921.1599,3930.4099,3903.0701,3906.71,,-0.0018548941356217874,-0.0018548941356217874,3.5243847430715936
2021-02-22,3885.55,3902.9199,3874.71,3876.5,,-0.007732849379657014,-0.007732849379657014,3.4971312066974596
2021-02-23,3857.0701,3895.98,3805.5901,3881.3701,,0.0012563136850252121,0.0012563136850252121,3.501524700490762
2021-02-24,3873.71,3928.6499,3859.6001,3925.4299,,0.01135161009252883,0.01135161009252883,3.5412726436200925
2021-02-25,3915.8,3925.02,3814.04,3829.3401,,-0.02447879657715968,-0.02447879657715968,3.454586550952656
2021-02-26,3839.6599,3861.0801,3789.54,3811.1499,,-0.004750217929193612,-0.004750217929193612,3.4381765119803696
2021-03-01,3842.51,3914.5,3842.51,3901.8201,,0.023790772438523122,0.023790772438523122,3.5199733869803693
2021-03-02,3903.6399,3906.4099,3868.5701,3870.29,,-0.008080869745891173,-0.008080869745891173,3.4915289405311776
2021-03-03,3863.99,3874.47,3818.8601,3819.72,,-0.01306620434127681,-0.01306620434127681,3.4459079099307157
2021-03-04,3818.53,3843.6699,3723.3401,3768.47,,-0.013417213827191521,-0.013417213827191521,3.3996734266743647
2021-03-05,3793.5801,3851.6899,3730.1899,3841.9399,,0.019495949284457526,0.019495949284457526,3.4659532873845262
2021-03-08,3844.3899,3881.0601,3819.25,3821.3501,,-0.005359219700443396,-0.005359219700443396,3.4473784822459583
2021-03-09,3851.9299,3903.76,3851.9299,3875.4399,,0.014154630846307414,0.014154630846307414,3.4961748520496534
2021-03-10,3891.99,3917.3501,3885.73,3898.8101,,0.006030334775672941,0.006030334775672941,3.5172579568418016
2021-03-11,3915.54,3960.27,3915.54,3939.3401,,0.010395479379721406,0.010395479379721406,3.5538215394053116
2021-03-12,3924.52,3944.99,3915.21,3943.3401,,0.0010153984927576687,0.0010153984927576687,3.557430084439954
2021-03-15,3942.96,3970.0801,3923.54,3968.9399,,0.006491907710420408,0.006491907710420408,3.580524592234411
2021-03-16,3973.5901,3981.04,3953.4399,3962.71,,-0.0015696634761337425,-0.0015696634761337425,3.5749043735565817
2021-03-17,3949.5701,3983.8701,3935.74,3974.1201,,0.0028793679073160217,0.0028793679073160217,3.585197838481524
2021-03-18,3953.5,3969.6201,3910.8601,3915.46,,-0.01476052522921989,-0.01476052522921989,3.532278435334873
2021-03-19,3913.1399,3930.1201,3886.75,3913.1001,,-0.0006027133465799084,-0.0006027133465799084,3.53014948397806
2021-03-22,3916.48,3955.3101,3914.1599,3940.5901,,0.007025120568727505,0.007025120568727505,3.5549492097286373
2021-03-23,3937.6001,3949.1299,3901.5701,3910.52,,-0.007630862189903942,-0.007630862189903942,3.52782188221709
2021-03-24,3919.9299,3942.0801,3889.0701,3889.1399,,-0.005467329153156064,-0.005467329153156064,3.508534118793303
2021-03-25,3879.3401,3919.54,3853.5,3909.52,,0.005240258906602957,0.005240258906602957,3.5269197459584296
2021-03-26,3917.1201,3978.1899,3917.1201,3974.54,,0.016631197691788335,0.016631197691788335,3.585576645496536
2021-03-29,3969.3101,3981.8301,3943.25,3971.0901,,-0.0008679998188469984,-0.0008679998188469984,3.5824643656177826
2021-03-30,3963.3401,3968.01,3944.3501,3958.55,,-0.003157848269421004,-0.003157848269421004,3.5711514867205545
2021-03-31,3967.25,3994.4099,3966.98,3972.8899,,0.0036225132940090887,0.0036225132940090887,3.5840880304561202
2021-04-01,3992.78,4020.6299,3992.78,4019.8701,,0.01182519555852779,0.01182519555852779,3.6264705723152426
2021-04-05,4034.4399,4083.4199,4034.4399,4077.9099,,0.01443822774273218,0.01443822774273218,3.6788303803406466
2021-04-06,4075.5701,4086.23,4068.1399,4073.9399,,-0.0009735379391291321,-0.0009735379391291321,3.675248899393764
2021-04-07,4074.29,4083.1299,4068.3101,4079.95,,0.001475254949146354,0.001475254949146354,3.6806708285219396
2021-04-08,4089.95,4098.1899,4082.54,4097.1699,,0.0042206154487187675,0.0042206154487187675,3.6962055246824477
2021-04-09,4096.1099,4129.48,4095.51,4128.7998,,0.0077199385849242574,0.0077199385849242574,3.7247400043302537
2021-04-12,4124.71,4131.7598,4114.8198,4127.9902,,-0.00019608603933751745,-0.00019608603933751745,3.7240096348152427
2021-04-13,4130.1001,4148.0,4124.4302,4141.5898,,0.0032944845653943844,0.0032944845653943844,3.7362783270785216
2021-04-14,4141.5801,4151.6899,4120.8701,4124.6602,,-0.004087705643856743,-0.004087705643856743,3.721005521073903
2021-04-15,4139.7598,4173.4902,4139.7598,4170.4199,,0.011094174497089382,0.011094174497089382,3.76228700562933
2021-04-16,4174.1401,4191.3101,4170.75,4185.4702,,0.0036088212604203918,0.0036088212604203918,3.7758644269630484
2021-04-19,4179.7998,4180.8101,4150.4702,4163.2598,,-0.005306548353874341,-0.005306548353874341,3.755827619803695
2021-04-20,4159.1802,4159.1802,4118.3799,4134.9399,,-0.006802337917993895,-0.006802337917993895,3.7302792111720557
2021-04-21,4128.4199,4175.02,4126.3501,4173.4199,,0.009306060288808427,0.009306060288808427,3.7649934144053114
2021-04-22,4170.46,4179.5698,4123.6899,4134.98,,-0.009210647603419941,-0.009210647603419941,3.7303153868360273
2021-04-23,4138.7798,4194.1699,4138.7798,4180.1699,,0.010928686474904525,0.010928686474904525,3.77108283415127
2021-04-26,4185.0298,4194.1899,4182.3599,4187.6201,,0.0017822720554971916,0.0017822720554971916,3.777803929705543
2021-04-27,4188.25,4193.3501,4176.2202,4186.7202,,-0.00021489532921104004,-0.00021489532921104004,3.776992097286374
2021-04-28,4185.1401,4201.5298,4181.7798,4183.1802,,-0.0008455305897919763,-0.0008455305897919763,3.7737985349307155
2021-04-29,4206.1401,4218.7798,4176.8101,4211.4702,,0.006762797356900885,0.006762797356900885,3.7993199696882214
2021-04-30,4198.1001,4198.1001,4174.8501,4181.1699,,-0.007194708394232419,-0.007194708394232419,3.7719849704099304
2021-05-03,4191.98,4209.3901,4188.0298,4192.6602,,0.0027481064569991887,0.0027481064569991887,3.7823507866628177
2021-05-04,4179.04,4179.04,4128.5898,4164.6602,,-0.006678337538539414,-0.006678337538539414,3.7570909714203236
2021-05-05,4177.0601,4187.7202,4160.9399,4167.5898,,0.0007034427442602631,0.0007034427442602631,3.759733869803695
2021-05-06,4169.1401,4202.7002,4147.3301,4201.6201,,0.008165462925358025,0.008165462925358025,3.79043383732679
2021-05-07,4210.3398,4238.04,4201.6401,4232.6001,,0.007373346295634686,0.007373346295634686,3.818382018620092
2021-05-10,4228.29,4236.3901,4188.1299,4188.4302,,-0.010435642148191593,-0.010435642148191593,3.7785347502886832
2021-05-11,4150.3398,4162.04,4111.5298,4152.1001,,-0.008673917975283496,-0.008673917975283496,3.745760049797921
2021-05-12,4130.5498,4134.73,4056.8799,4063.04,,-0.021449410624758247,-0.021449410624758247,3.6654157043879905
2021-05-13,4074.99,4131.5801,4074.99,4112.5,,0.012173151138064053,0.012173151138064053,3.7100353637413392
2021-05-14,4129.5801,4183.1299,4129.5801,4173.8501,,0.01491795744680835,0.01491795744680835,3.765381513423787
2021-05-17,4169.9199,4171.9199,4142.6899,4163.29,,-0.0025300621121969735,-0.0025300621121969735,3.7558548643187066
2021-05-18,4165.9399,4169.1499,4125.9902,4127.8301,,-0.008517278402417228,-0.008517278402417228,3.723865202800231
2021-05-19,4098.4502,4116.9302,4061.4099,4115.6802,,-0.00294341087342731,-0.00294341087342731,3.7129043374711315
2021-05-20,4121.9702,4172.7998,4121.9702,4159.1201,,0.010554731633424907,0.010554731633424907,3.752093046333718
2021-05-21,4168.6099,4188.7202,4151.7202,4155.8599,,-0.0007838677224059065,-0.0007838677224059065,3.7491519017032338
2021-05-24,4170.1602,4209.52,4170.1602,4197.0498,,0.009911282139226874,0.009911282139226874,3.7863108039838336
2021-05-25,4205.9399,4213.4199,4182.52,4188.1299,,-0.0021252785706760147,-0.0021252785706760147,3.778263838770208
2021-05-26,4191.5898,4202.6099,4184.1099,4195.9902,,0.0018768042509857974,0.0018768042509857974,3.7853549004041573
2021-05-27,4201.9399,4213.3799,4197.7798,4200.8799,,0.0011653268398958971,0.0011653268398958971,3.7897660760681293
2021-05-28,4210.77,4218.3599,4203.5698,4204.1099,,0.0007688865373181031,0.0007688865373181031,3.792679976183603
2021-06-01,4216.52,4234.1201,4197.5898,4202.04,,-0.0004923515439023696,-0.0004923515439023696,3.790812644341801
2021-06-02,4206.8198,4217.3701,4198.27,4208.1201,,0.0014469400576861968,0.0014469400576861968,3.796297723008083
2021-06-03,4191.4302,4204.3901,4167.9302,4192.8501,,-0.00362869871513416,-0.00362869871513416,3.7825221023383366
2021-06-04,4206.0498,4233.4502,4206.0498,4229.8901,,0.00883408638911276,0.00883408638911276,3.815937229359122
2021-06-07,4229.3398,4232.3398,4215.6602,4226.52,,-0.0007967346480228787,-0.0007967346480228787,3.812896939953811
2021-06-08,4233.8101,4236.7402,4208.4102,4227.2598,,0.00017503761960169228,0.00017503761960169228,3.8135643403579675
2021-06-09,4232.9902,4237.0898,4218.7402,4219.5498,,-0.0018238765452740502,-0.0018238765452740502,3.806608869803695
2021-06-10,4228.5601,4249.7402,4220.3398,4239.1802,,0.004652249867983516,0.004652249867983516,3.824318165415704
2021-06-11,4242.8999,4248.3799,4232.25,4247.4399,,0.001948419177840277,0.001948419177840277,3.8317695402713627
2021-06-14,4248.3101,4255.5898,4234.0698,4255.1499,,0.0018152110875071514,0.0018152110875071514,3.838725010825635
2021-06-15,4255.2798,4257.1602,4238.3501,4246.5898,,-0.002011703512489804,-0.002011703512489804,3.831002634237875
2021-06-16,4248.8701,4251.8901,4202.4502,4223.7002,,-0.005390113262175533,-0.005390113262175533,3.81035309613164
2021-06-17,4220.3701,4232.29,4196.0498,4221.8599,,-0.0004357080078741804,-0.0004357080078741804,3.808692894774827
2021-06-18,4204.7798,4204.7798,4164.3999,4166.4502,,-0.013124476252753037,-0.013124476252753037,3.758705795323326
2021-06-21,4173.3999,4226.2402,4173.3999,4224.79,,0.014002279446421628,0.014002279446421628,3.811336244226328
2021-06-22,4224.6099,4255.8398,4217.27,4246.4399,,0.005124491394838726,0.005124491394838726,3.8308674040127024
2021-06-23,4249.27,4256.6001,4241.4302,4241.8398,,-0.0010832839056548194,-0.0010832839056548194,3.8267174870092378
2021-06-24,4256.9702,4271.2798,4256.9702,4266.4902,,0.005811251994948252,0.005811251994948252,3.848955506639723
2021-06-25,4274.4502,4286.1201,4271.1602,4280.7002,,0.0033306065018032793,0.0033306065018032793,3.861774862875289
2021-06-28,4284.8999,4292.1401,4274.6699,4290.6099,,0.002314971742239713,0.002314971742239713,3.870714762557737
2021-06-29,4293.21,4300.52,4287.04,4291.7998,,0.0002773265404527603,0.0002773265404527603,3.8717882144919167
2021-06-30,4290.6499,4302.4302,4287.96,4297.5,,0.0013281607403961004,0.0013281607403961004,3.8769305715935336
2021-07-01,4300.73,4320.6602,4300.73,4319.9399,,0.005221617219313579,0.005221617219313579,3.8971744190242497
2021-07-02,4326.6001,4355.4302,4326.6001,4352.3398,,0.007500081193259067,0.007500081193259067,3.9264035435912237
2021-07-06,4356.46,4356.46,4314.3701,4343.54,,-0.0020218550031410043,-0.0020218550031410043,3.9184649249422634
2021-07-07,4351.0098,4361.8799,4329.79,4358.1299,,0.003358988290656839,0.003358988290656839,3.931627002742494
2021-07-08,4321.0698,4330.8799,4289.3701,4320.8198,,-0.008561034401475709,-0.008561034401475709,3.897968208718245
2021-07-09,4329.3799,4371.6001,4329.3799,4369.5498,,0.011277952392275026,0.011277952392275026,3.941929308602771
2021-07-12,4372.4102,4386.6802,4364.0298,4384.6299,,0.0034511793411760028,0.0034511793411760028,3.9555336135969976
2021-07-13,4381.0698,4392.3701,4366.9199,4369.21,,-0.003516807655761345,-0.003516807655761345,3.9416227627020786
2021-07-14,4380.1099,4393.6802,4362.3599,4374.2998,,0.001164924551577906,0.001164924551577906,3.9462144558314085
2021-07-15,4369.02,4369.02,4340.7002,4360.0298,,-0.003262236392667761,-0.003262236392667761,3.9333409714203236
2021-07-16,4367.4302,4375.0898,4322.5298,4327.1602,,-0.007538847555583206,-0.007538847555583206,3.903688113452656
2021-07-19,4296.3999,4296.3999,4233.1299,4258.4902,,-0.015869530321525938,-0.015869530321525938,3.841738416570439
2021-07-20,4265.1099,4336.8398,4262.0498,4323.0601,,0.015162627355582492,0.015162627355582492,3.8999892645785215
2021-07-21,4331.1299,4359.7002,4331.1299,4358.6899,,0.008241800755904416,0.008241800755904416,3.932132199047344
2021-07-22,4361.27,4369.8701,4350.0601,4367.48,,0.0020166839581772233,0.0020166839581772233,3.9400620669745954
2021-07-23,4381.2002,4415.1802,4381.2002,4411.79,,0.010145438559535647,0.010145438559535647,3.980035724595843
2021-07-26,4409.5801,4422.73,4405.4502,4422.2998,,0.0023822076753425847,0.0023822076753425847,3.989516996247113
2021-07-27,4416.3799,4416.3799,4372.5098,4401.46,,-0.0047124349190436066,-0.0047124349190436066,3.9707166570438797
2021-07-28,4402.9502,4415.4702,4387.0098,4400.6401,,-0.00018627909829926903,-0.00018627909829926903,3.969976995525404
2021-07-29,4403.5898,4429.9702,4403.5898,4419.1499,,0.004206160826467187,0.004206160826467187,3.9866753572459586
2021-07-30,4395.1201,4412.25,4389.6499,4395.2598,,-0.00540603974533671,-0.00540603974533671,3.9651232318129326
2021-08-02,4406.8599,4422.1802,4384.8101,4387.1602,,-0.001842803467499099,-0.001842803467499099,3.9578162889722863
2021-08-03,4392.7402,4423.79,4373.0,4423.1499,,0.008203415959143756,0.008203415959143756,3.9902839022806007
2021-08-04,4415.9502,4416.1699,4400.23,4402.6602,,-0.004632377482843175,-0.004632377482843175,3.9717994009815243
2021-08-05,4408.8599,4429.7598,4408.8599,4429.1001,,0.006005437348991727,0.006005437348991727,3.995651793446882
2021-08-06,4429.0698,4440.8198,4429.0698,4436.52,,0.0016752613019517248,0.0016752613019517248,4.002345554272518
2021-08-09,4437.77,4439.3901,4424.7402,4432.3501,,-0.0009399033476690244,-0.0009399033476690244,3.9985837362875283
2021-08-10,4435.79,4445.21,4430.0298,4436.75,,0.0009926788048626456,0.0009926788048626456,4.002553045612009
2021-08-11,4442.1802,4449.4399,4436.4199,4447.7002,,0.0024680678424522373,0.0024680678424522373,4.012431618071593
2021-08-12,4446.0801,4461.77,4435.96,4460.8301,,0.0029520649795595766,0.0029520649795595766,4.02427657693418
2021-08-13,4464.8398,4468.3701,4460.8198,4468.0,,0.0016073017441304849,0.0016073017441304849,4.03074480369515
2021-08-16,4461.6499,4480.2598,4437.6602,4479.71,,0.0026208594449417255,0.0026208594449417255,4.0413088192840645
2021-08-17,4462.1201,4462.1201,4417.8301,4448.0801,,-0.007060702590123036,-0.007060702590123036,4.012774339636259
2021-08-18,4440.9399,4454.3198,4397.5898,4400.27,,-0.010748480001517846,-0.010748480001517846,3.969643114896074
2021-08-19,4382.4399,4418.6099,4367.73,4405.7998,,0.001256695611860037,0.001256695611860037,3.9746317479792146
2021-08-20,4410.5601,4444.3501,4406.7998,4441.6699,,0.008141563763292226,0.008141563763292226,4.006991465790993
2021-08-23,4450.29,4489.8799,4450.29,4479.5298,,0.008523798673107263,0.008523798673107263,4.041146254330254
2021-08-24,4484.3999,4492.8101,4482.2798,4486.23,,0.001495737342789738,0.001495737342789738,4.04719074769053
2021-08-25,4490.4502,4501.71,4485.6602,4496.1899,,0.002220104631283082,0.002220104631283082,4.056175934613164
2021-08-26,4493.75,4495.8999,4468.9902,4470.0,,-0.005824909664069233,-0.005824909664069233,4.032549076212471
2021-08-27,4474.1001,4513.3301,4474.1001,4509.3701,,0.008807628635346676,0.008807628635346676,4.068066270929561
2021-08-30,4513.7598,4537.3599,4513.7598,4528.79,,0.0043065660101839764,0.0043065660101839764,4.085585666859123
2021-08-31,4529.75,4531.3901,4515.7998,4522.6802,,-0.001349102078038511,-0.001349102078038511,4.080073794745958
2021-09-01,4528.7998,4537.1099,4522.02,4524.0898,,0.00031167359567008113,0.00031167359567008113,4.081345446016166
2021-09-02,4534.48,4545.8501,4524.6602,4536.9502,,0.0028426491445860957,0.0028426491445860957,4.092947279157044
2021-09-03,4532.4199,4541.4502,4521.2998,4535.4302,,-0.00033502682043995424,-0.00033502682043995424,4.091576032043879
2021-09-07,4535.3799,4535.3799,4513.0,4520.0298,,-0.003395576454908178,-0.003395576454908178,4.077682772806005
2021-09-08,4518.0898,4521.79,4493.9502,4514.0698,,-0.0013185753775339926,-0.0013185753775339926,4.0723060407043885
2021-09-09,4513.02,4529.8999,4492.0698,4493.2798,,-0.0046056000286038845,-0.0046056000286038845,4.053550627886836
2021-09-10,4506.9199,4520.4702,4457.6602,4458.5801,,-0.007722577169576694,-0.007722577169576694,4.0222467703521945
2021-09-13,4474.8101,4492.9902,4445.7002,4468.73,,0.0022764870816158744,0.0022764870816158744,4.031403363163972
2021-09-14,4479.3301,4485.6802,4435.46,4443.0498,,-0.005746643901063608,-0.005746643901063608,4.008236323614319
2021-09-15,4447.4902,4486.8701,4438.3701,4480.7002,,0.00847399909854718,0.00847399909854718,4.042202114607391
2021-09-16,4477.0898,4485.8701,4443.7998,4473.75,,-0.0015511414934656909,-0.0015511414934656909,4.035932087182448
2021-09-17,4469.7402,4471.52,4427.7598,4432.9902,,-0.009110880134115651,-0.009110880134115651,3.9991611937066978
2021-09-20,4402.9502,4402.9502,4305.9102,4357.73,,-0.016977298979817368,-0.016977298979817368,3.9312662384526553
2021-09-21,4374.4502,4394.8701,4347.96,4354.1899,,-0.0008123724966896395,-0.0008123724966896395,3.928072585883372
2021-09-22,4367.4302,4416.75,4367.4302,4395.6401,,0.009519612362336227,0.009519612362336227,3.9654663142321014
2021-09-23,4406.75,4465.3999,4406.75,4448.98,,0.012134728682632545,0.012134728682632545,4.013586172055427
2021-09-24,4438.04,4463.1201,4430.27,4455.48,,0.0014610090402744635,0.0014610090402744635,4.01945005773672
2021-09-27,4442.1201,4457.2998,4436.1899,4443.1099,,-0.0027763787515596716,-0.0027763787515596716,4.008290542003465
2021-09-28,4419.54,4419.54,4346.3301,4352.6299,,-0.020364114783656517,-0.020364114783656517,3.9266652533198614
2021-09-29,4362.4102,4385.5698,4355.0801,4359.46,,0.0015691892389013695,0.0015691892389013695,3.9328269341801385
2021-09-30,4370.6699,4382.5498,4306.2402,4307.54,,-0.011909731939276913,-0.011909731939276913,3.885988019630485
2021-10-01,4317.1602,4375.1899,4288.52,4357.04,,0.011491477734391298,0.011491477734391298,3.93064376443418
2021-10-04,4348.8398,4355.5098,4278.9399,4300.46,,-0.012985880322420762,-0.012985880322420762,3.8796008949191685
2021-10-05,4309.8701,4369.23,4309.8701,4345.7202,,0.010524502030015315,0.010524502030015315,3.9204317624133944
2021-10-06,4319.5698,4365.5698,4290.4902,4363.5498,,0.004102795205268794,0.004102795205268794,3.936516491050808
2021-10-07,4383.73,4429.9702,4383.73,4399.7598,,0.008298289617320265,0.008298289617320265,3.969182844976905
2021-10-08,4406.5098,4412.02,4386.2202,4391.3398,,-0.0019137408364884312,-0.0019137408364884312,3.9615868576789834
2021-10-11,4385.4399,4415.8799,4360.5898,4361.1899,,-0.006865763382737922,-0.006865763382737922,3.934387539693996
2021-10-12,4368.3101,4374.8901,4342.0898,4350.6499,,-0.0024167716246430437,-0.0024167716246430437,3.924879023527714
2021-10-13,4358.0098,4372.8701,4329.9199,4363.7998,,0.003022513946709271,0.003022513946709271,3.936742025115473
2021-10-14,4386.75,4439.73,4386.75,4438.2598,,0.017063110915400026,0.017063110915400026,4.003915090935335
2021-10-15,4447.6899,4475.8198,4447.6899,4471.3701,,0.007460198702203158,0.007460198702203158,4.0337850931004615
2021-10-18,4463.7202,4488.75,4447.4702,4486.46,,0.003374782150106448,0.003374782150106448,4.047398239030023
2021-10-19,4497.3398,4520.3999,4496.4102,4519.6299,,0.007393334611252467,0.007393334611252467,4.077322008516166
2021-10-20,4524.4199,4540.8701,4524.3999,4536.1899,,0.0036640168258026407,0.0036640168258026407,4.092261384959585
2021-10-21,4532.2402,4551.4399,4526.8901,4549.7798,,0.002995884277243288,0.002995884277243288,4.104521326501155
2021-10-22,4546.1201,4559.6699,4524.0,4544.8999,,-0.0010725574015691963,-0.0010725574015691963,4.100118991772518
2021-10-25,4553.6899,4572.6201,4537.3599,4566.48,,0.004748201385029294,0.004748201385029294,4.119587182448036
2021-10-26,4578.6899,4598.5298,4569.1699,4574.79,,0.0018197824144636776,0.0018197824144636776,4.127083934757506
2021-10-27,4580.2202,4584.5698,4551.6602,4551.6802,,-0.005051554278994286,-0.005051554278994286,4.106235746247113
2021-10-28,4562.8398,4597.5498,4562.8398,4596.4199,,0.009829271397406192,0.009829271397406192,4.1465970518187065
2021-10-29,4572.8701,4608.0801,4567.5898,4605.3799,,0.0019493432268884447,0.0019493432268884447,4.154680192696305
2021-11-01,4610.6201,4620.3398,4595.0601,4613.6699,,0.0018000686544881184,0.0018000686544881184,4.1621589022806
2021-11-02,4613.3398,4635.1499,4613.3398,4630.6499,,0.0036803673362066913,0.0036803673362066913,4.1774771759526566
2021-11-03,4630.6499,4663.46,4621.1899,4660.5698,,0.006461274474669265,0.006461274474669265,4.204469002598152
2021-11-04,4662.9302,4683.0,4662.5898,4680.0601,,0.004181956463778169,0.004181956463778169,4.222051908920323
2021-11-05,4699.2598,4718.5,4681.3198,4697.5298,,0.003732793944248858,0.003732793944248858,4.237811958718245
2021-11-08,4701.48,4714.9199,4694.3901,4701.7002,,0.0008877857464575367,0.0008877857464575367,4.241574227771363
2021-11-09,4707.25,4708.5298,4670.8701,4685.25,,-0.003498776889262367,-0.003498776889262367,4.226733905889145
2021-11-10,4670.2598,4684.8501,4630.8599,4646.71,,-0.008225815057894437,-0.008225815057894437,4.19196557448037
2021-11-11,4659.3901,4664.5498,4648.3101,4649.27,,0.0005509274303756584,0.0005509274303756584,4.19427504330254
2021-11-12,4655.2402,4688.4702,4650.77,4682.8501,,0.007222660761796895,0.007222660761796895,4.224568869081986
2021-11-15,4689.2998,4697.4199,4672.8599,4682.7998,,-1.0741321828766637e-05,-1.0741321828766637e-05,4.224523491628175
2021-11-16,4679.4199,4714.9502,4679.4199,4700.8999,,0.0038652303692334744,0.0038652303692334744,4.240852248123557
2021-11-17,4701.5,4701.5,4684.4102,4688.6699,,-0.002601629530550209,-0.002601629530550209,4.229819121680138
2021-11-18,4700.7202,4708.7998,4672.7798,4704.54,,0.0033847765653112205,0.0033847765653112205,4.244136114318707
2021-11-19,4708.4399,4717.75,4694.2202,4697.96,,-0.0013986489646171663,-0.0013986489646171663,4.23820005773672
2021-11-22,4712.0,4743.8301,4682.1699,4682.9399,,-0.003197153658183516,-0.003197153658183516,4.224649880918014
2021-11-23,4678.48,4699.3901,4652.6602,4690.7002,,0.0016571427705061037,0.0016571427705061037,4.231650728926097
2021-11-24,4675.7798,4702.8701,4659.8901,4701.46,,0.0022938579617601818,0.0022938579617601818,4.241357534642033
2021-11-26,4664.6299,4664.6299,4585.4302,4594.6201,,-0.02272483441313977,-0.02272483441313977,4.14497338698037
2021-11-29,4628.75,4672.9502,4625.2598,4655.27,,0.013200199076306651,0.013200199076306651,4.199687860854504
2021-11-30,4640.25,4646.02,4560.0,4567.0,,-0.01896130621854386,-0.01896130621854386,4.12005629330254
2021-12-01,4602.8198,4652.9399,4510.27,4513.04,,-0.011815195971097037,-0.011815195971097037,4.071377020785219
2021-12-02,4504.73,4595.46,4504.73,4577.1001,,0.014194445429244862,0.014194445429244862,4.129167959728637
2021-12-03,4589.4902,4608.0298,4495.1201,4538.4302,,-0.008448558946744456,-0.008448558946744456,4.094282440819861
2021-12-06,4548.3701,4612.6001,4540.5098,4591.6699,,0.011730862358531047,0.011730862358531047,4.142311904590069
2021-12-07,4631.9702,4694.04,4631.9702,4686.75,,0.020707085237116063,0.020707085237116063,4.228087110277136
2021-12-08,4690.8599,4705.0601,4674.52,4701.21,,0.0030852936469836223,0.0030852936469836223,4.241132000577367
2021-12-09,4691.0,4695.2598,4665.98,4667.4502,,-0.00718108742217427,-0.00718108742217427,4.21067606091224
2021-12-10,4687.6401,4713.5698,4670.2402,4712.02,,0.009549068140030759,0.009549068140030759,4.250884093533488
2021-12-13,4710.2998,4710.2998,4667.6001,4668.9702,,-0.009136166654640787,-0.009136166654640787,4.2120473080254035
2021-12-14,4642.9902,4660.4702,4606.52,4634.0898,,-0.007470683792327515,-0.007470683792327515,4.180580434468822
2021-12-15,4636.46,4712.6001,4611.2202,4709.8501,,0.0163484747317586,0.0163484747317586,4.248926548065819
2021-12-16,4719.1299,4731.9902,4651.8901,4668.6699,,-0.008743420517778211,-0.008743420517778211,4.211776396506928
2021-12-17,4652.5,4666.7002,4600.2202,4620.6401,,-0.01028768386473422,-0.01028768386473422,4.168446972430716
2021-12-20,4587.8999,4587.8999,4531.1001,4568.02,,-0.011388054222184363,-0.011388054222184363,4.120976472286374
2021-12-21,4594.96,4651.1401,4583.1602,4649.23,,0.017777943178882483,0.017777943178882483,4.1942389578521935
2021-12-22,4650.3599,4697.6699,4645.5298,4696.5601,,0.010180201882892481,0.010180201882892481,4.236937157188222
2021-12-23,4703.96,4740.7402,4703.96,4725.79,,0.006223682733241365,0.006223682733241365,4.2633065098152425
2021-12-27,4733.9902,4791.4902,4733.9902,4791.1899,,0.013838934865916697,0.013838934865916697,4.322306130918014
2021-12-28,4795.4902,4807.02,4780.04,4786.3501,,-0.0010101457260127678,-0.0010101457260127678,4.317939971853348
2021-12-29,4788.6401,4804.0601,4778.0801,4793.0601,,0.0014019032999696979,0.0014019032999696979,4.32399330614896
2021-12-30,4794.23,4808.9302,4775.3301,4778.73,,-0.002989760132571684,-0.002989760132571684,4.311065603348729
2021-12-31,4775.21,4786.8301,4765.75,4766.1802,,-0.002626178922014777,-0.002626178922014777,4.299743973729792
2022-01-03,4778.1401,4796.6401,4758.1699,4796.5601,,0.0063740561047187505,0.0063740561047187505,4.327150783054273
2022-01-04,4804.5098,4818.6201,4774.27,4793.54,,-0.0006296387279708382,-0.0006296387279708382,4.324426241339491
2022-01-05,4787.9902,4797.7002,4699.4399,4700.5801,,-0.019392745236297193,-0.019392745236297193,4.240563744948037
2022-01-06,4693.3901,4725.0098,4671.2598,4696.0498,,-0.0009637746626209864,-0.0009637746626209864,4.236476797055427
2022-01-07,4697.6602,4707.9502,4662.7402,4677.0298,,-0.004050212585053781,-0.004050212585053781,4.219318165415705
2022-01-10,4655.3398,4673.02,4582.2402,4670.29,,-0.001441042774625978,-0.001441042774625978,4.213237947459584
2022-01-11,4669.1401,4714.1299,4638.27,4713.0698,,0.009159987923662127,0.009159987923662127,4.251831156177829
2022-01-12,4728.5898,4748.8301,4706.71,4726.3501,,0.0028177600934320424,0.0028177600934320424,4.263811796333718
2022-01-13,4733.5601,4744.1299,4650.29,4659.0298,,-0.014243612634620373,-0.014243612634620373,4.203079712759815
2022-01-14,4637.9902,4665.1299,4614.75,4662.8501,,0.0008199775841741808,0.0008199775841741808,4.206526143908776
2022-01-18,4632.2402,4632.2402,4568.7002,4577.1099,,-0.018387938312664054,-0.018387938312664054,4.129176800663973
2022-01-19,4588.0298,4611.5498,4530.2002,4532.7598,,-0.009689542302665832,-0.009689542302665832,4.089166967378753
2022-01-20,4547.3501,4602.1099,4477.9502,4482.73,,-0.011037381685215286,-0.011037381685215286,4.044033270785219
2022-01-21,4471.3799,4494.52,4395.3398,4397.9399,,-0.01891483537933336,-0.01891483537933336,3.967541047199769
2022-01-24,4356.3198,4417.3501,4222.6201,4410.1299,,0.0027717522924766147,0.0027717522924766147,3.9785380881928405
2022-01-25,4366.6401,4411.0098,4287.1099,4356.4502,,-0.012171909040593065,-0.012171909040593065,3.930111684468822
2022-01-26,4408.4302,4453.23,4304.7998,4349.9302,,-0.0014966313628468342,-0.0014966313628468342,3.9242297560623554
2022-01-27,4380.5801,4428.7402,4309.5,4326.5098,,-0.005384086392926535,-0.005384086392926535,3.903101364030023
2022-01-28,4336.1899,4432.7202,4292.46,4431.8501,,0.02434763929114414,0.02434763929114414,3.998132668158198
2022-01-31,4431.79,4516.8901,4414.02,4515.5498,,0.018885950136264817,0.018885950136264817,4.073641202367205
2022-02-01,4519.5698,4550.4902,4483.5298,4546.54,,0.006862995952342299,0.006862995952342299,4.101598585450346
2022-02-02,4566.3901,4595.3101,4544.3198,4589.3799,,0.009422527900337485,0.009422527900337485,4.1402460125577365
2022-02-03,4535.4102,4542.8799,4470.3901,4477.4399,,-0.024391094753345555,-0.024391094753345555,4.03926087976328
2022-02-04,4482.79,4539.6602,4451.5,4500.5298,,0.005156942475096127,0.005156942475096127,4.060091115762125
2022-02-07,4505.75,4521.8599,4471.4702,4483.8701,,-0.00370171973975153,-0.00370171973975153,4.0450617963337185
2022-02-08,4480.02,4531.3198,4465.3999,4521.54,,0.008401202345268644,0.008401202345268644,4.079045178983834
2022-02-09,4547.0,4590.0298,4547.0,4587.1802,,0.014517222008430641,0.014517222008430641,4.138261583429561
2022-02-10,4553.2402,4588.9199,4484.3101,4504.0801,,-0.01811572608374956,-0.01811572608374956,4.063293970121247
2022-02-11,4506.27,4526.3301,4401.4102,4418.6401,,-0.01896946726147264,-0.01896946726147264,3.986215448181293
2022-02-14,4412.6099,4426.2202,4364.8398,4401.6699,,-0.003840593398860337,-0.003840593398860337,3.9709060154445726
2022-02-15,4429.2798,4472.77,4429.2798,4471.0698,,0.015766720716608118,0.015766720716608118,4.033514181581986
2022-02-16,4455.75,4489.5498,4429.6802,4475.0098,,0.0008812208657533738,0.0008812208657533738,4.037068598441108
2022-02-17,4456.0601,4456.0601,4373.8101,4380.2598,,-0.02117313798955256,-0.02117313798955256,3.951591187933025
2022-02-18,4384.5698,4394.6001,4327.2202,4348.8701,,-0.007166173111466945,-0.007166173111466945,3.9232734014145496
2022-02-22,4332.7402,4362.1201,4267.1099,4304.7598,,-0.010142933448391678,-0.010142933448391678,3.883479900404157
2022-02-23,4324.9302,4341.5098,4221.5098,4225.5,,-0.018412130683807204,-0.018412130683807204,3.811976760969977
2022-02-24,4155.77,4294.73,4114.6499,4288.7002,,0.014956857176665617,0.014956857176665617,3.868991952944573
2022-02-25,4298.3799,4385.3398,4286.8301,4384.6499,,0.02237267599166759,0.02237267599166759,3.955551656322171
2022-02-28,4354.1699,4388.8398,4315.1201,4373.9399,,-0.0024426123508743958,-0.0024426123508743958,3.9458897769919172
2022-03-01,4363.1401,4378.4502,4279.54,4306.2598,,-0.015473486501266343,-0.015473486501266343,3.8848331047921474
2022-03-02,4322.5601,4401.48,4322.5601,4386.54,,0.018642674554842253,0.018642674554842253,3.957256784064665
2022-03-03,4401.3101,4416.7798,4345.5601,4363.4902,,-0.005254665408271575,-0.005254665408271575,3.9364627237297922
2022-03-04,4342.1201,4342.1201,4284.98,4328.8701,,-0.007934038673903743,-0.007934038673903743,3.9052306762413393
2022-03-07,4327.0098,4327.0098,4199.8501,4201.0898,,-0.029518164566777028,-0.029518164566777028,3.7899554344688218
2022-03-08,4202.6602,4276.9399,4157.8701,4170.7002,,-0.007233742063785353,-0.007233742063785353,3.762539874422633
2022-03-09,4223.1001,4299.3999,4223.1001,4277.8799,,0.025698250859651717,0.025698250859651717,3.859230567984988
2022-03-10,4252.5498,4268.2798,4209.7998,4259.52,,-0.004291822217823205,-0.004291822217823205,3.8426674364896076
2022-03-11,4279.5,4291.0098,4200.4902,4204.3101,,-0.012961530876718697,-0.012961530876718697,3.7928605838625864
2022-03-14,4202.75,4247.5698,4161.7202,4173.1099,,-0.007421003507804835,-0.007421003507804835,3.7647137521651275
2022-03-15,4188.8198,4271.0498,4187.8999,4262.4502,,0.021408566306868604,0.021408566306868604,3.8453108761547345
2022-03-16,4288.1401,4358.8999,4251.9902,4357.8599,,0.022383768847316965,0.022383768847316965,3.931383425952656
2022-03-17,4345.1099,4412.6699,4335.6499,4411.6699,,0.012347804021877629,0.012347804021877629,3.9799273780311775
2022-03-18,4407.3398,4465.3999,4390.5698,4463.1201,,0.011662295948298373,0.011662295948298373,4.026342468966512
2022-03-21,4462.3999,4481.75,4424.2998,4461.1802,,-0.00043465108635554195,-0.00043465108635554195,4.024592414838337
2022-03-22,4469.1001,4522.0,4469.1001,4511.6099,,0.011304116341231962,0.011304116341231962,4.070086875721709
2022-03-23,4493.1001,4501.0698,4455.8101,4456.2402,,-0.012272714447230992,-0.012272714447230992,4.020135861720554
2022-03-24,4469.98,4520.5801,4465.1699,4520.1602,,0.01434393056280947,0.01434393056280947,4.077800411374134
2022-03-25,4522.9102,4546.0298,4501.0698,4543.0601,,0.005066169999903947,0.005066169999903947,4.098459241483833
2022-03-28,4541.0898,4575.6499,4517.6899,4575.52,,0.007144941798150617,0.007144941798150617,4.127742494226328
2022-03-29,4602.8599,4637.2998,4589.6602,4631.6001,,0.012256552260726528,0.012256552260726528,4.178334385825635
2022-03-30,4624.2002,4627.77,4581.3198,4602.4502,,-0.006293699665478325,-0.006293699665478325,4.152037204099307
2022-03-31,4599.02,4603.0698,4530.4102,4530.4102,,-0.015652532209908476,-0.015652532209908476,4.087047308025404
2022-04-01,4540.3198,4548.7002,4507.5698,4545.8599,,0.0034102209994142374,0.0034102209994142374,4.100985042580832
2022-04-04,4547.9702,4583.5,4539.21,4582.6401,,0.008090922467715922,0.008090922467715922,4.134165794601616
2022-04-05,4572.4502,4593.4502,4514.1699,4525.1201,,-0.01255171664037058,-0.01255171664037058,4.082274917003464
2022-04-06,4494.1699,4503.9399,4450.04,4481.1499,,-0.009716913369879343,-0.009716913369879343,4.04260780528291
2022-04-07,4474.6499,4521.1602,4450.2998,4500.21,,0.0042533948708118885,0.0042533948708118885,4.059802612586605
2022-04-08,4494.1499,4520.4102,4474.6001,4488.2798,,-0.0026510318407362288,-0.0026510318407362288,4.049039946593534
2022-04-11,4462.6401,4464.3501,4408.3799,4412.5298,,-0.016877290047737192,-0.016877290047737192,3.9807031250000002
2022-04-12,4437.5898,4471.0,4381.3398,4397.4502,,-0.003417450007929701,-0.003417450007929701,3.967099271073903
2022-04-13,4394.2998,4453.9199,4392.7002,4446.5898,,0.011174566570418376,0.011174566570418376,4.011429885969976
2022-04-14,4449.1201,4460.46,4390.77,4392.5898,,-0.012144137963884138,-0.012144137963884138,3.962714528002309
2022-04-18,4385.6299,4410.3101,4370.2998,4391.6899,,-0.00020486775250427858,-0.00020486775250427858,3.961902695583141
2022-04-19,4390.6299,4471.0298,4390.6299,4462.21,,0.016057622829881435,0.016057622829881435,4.025521434757506
2022-04-20,4472.2598,4488.29,4448.7598,4459.4502,,-0.0006184827697486295,-0.0006184827697486295,4.023031719110855
2022-04-21,4489.1699,4512.9399,4384.4702,4393.6602,,-0.014752939723376657,-0.014752939723376657,3.9636801746535797
2022-04-22,4385.8301,4385.8301,4267.6201,4271.7798,,-0.02774006055361311,-0.02774006055361311,3.853727446593534
2022-04-25,4255.3398,4299.02,4200.8198,4296.1201,,0.005697929467244567,0.005697929467244567,3.8756857137702077
2022-04-26,4278.1401,4278.1401,4175.04,4175.2002,,-0.028146303451805244,-0.028146303451805244,3.766599487586605
2022-04-27,4186.52,4240.71,4162.8999,4183.96,,0.0020980550824842847,0.0020980550824842847,3.7745020207852193
2022-04-28,4222.5801,4308.4502,4188.6299,4287.5,,0.02474689050564538,0.02474689050564538,3.8679092090069283
2022-04-29,4253.75,4269.6802,4124.2798,4131.9302,,-0.03628450145772599,-0.03628450145772599,3.7275640516743644
2022-05-02,4130.6099,4169.8101,4062.51,4155.3799,,0.005675241077402582,0.005675241077402582,3.748718876299076
2022-05-03,4159.7798,4200.1001,4147.0801,4175.48,,0.004837126925506752,0.004837126925506752,3.766851905311778
2022-05-04,4181.1802,4307.6602,4148.9102,4300.1699,,0.029862411028193314,0.029862411028193314,3.879339185190531
2022-05-05,4270.4302,4270.4302,4106.0098,4146.8701,,-0.035649707701084,-0.035649707701084,3.7410418771651273
2022-05-06,4128.1699,4157.6899,4067.9099,4123.3398,,-0.005674231271435404,-0.005674231271435404,3.7198143403579675
2022-05-09,4081.27,4081.27,3975.48,3991.24,,-0.03203708799357263,-0.03203708799357263,3.600642321016166
2022-05-10,4035.1799,4068.8201,3958.1699,4001.05,,0.00245788276325154,0.00245788276325154,3.609492277713626
2022-05-11,3990.0801,4049.0901,3928.8201,3935.1799,,-0.01646320340910512,-0.01646320340910512,3.550068472142032
2022-05-12,3903.95,3964.8,3858.8701,3930.0801,,-0.001295950917008848,-0.001295950917008848,3.5454677576501155
2022-05-13,3963.8999,4038.8799,3963.8999,4023.8899,,0.02386969161264685,0.02386969161264685,3.630096979647806
2022-05-16,4013.02,4046.46,3983.99,4008.01,,-0.003946405193641089,-0.003946405193641089,3.6157711460739033
2022-05-17,4052.0,4090.72,4033.9299,4088.8501,,0.020169635305301137,0.020169635305301137,3.6886999314376445
2022-05-18,4051.98,4051.98,3911.9099,3923.6799,,-0.04039526907577262,-0.04039526907577262,3.5396939051674363
2022-05-19,3899.0,3945.96,3876.5801,3900.79,,-0.005833783739596088,-0.005833783739596088,3.5190440964203233
2022-05-20,3927.76,3943.4199,3810.3201,3901.3601,,0.00014614988245975624,0.00014614988245975624,3.5195584043013857
2022-05-23,3919.4199,3981.8799,3909.04,3973.75,,0.018555041868603794,0.018555041868603794,3.584863957852194
2022-05-24,3942.9399,3955.6799,3875.1299,3941.48,,-0.008120792702107527,-0.008120792702107527,3.5557520207852193
2022-05-25,3929.5901,3999.3301,3925.03,3978.73,,0.009450764687376267,0.009450764687376267,3.5893565964203233
2022-05-26,3984.6001,4075.1399,3984.6001,4057.8401,,0.01988325420423087,0.01988325420423087,3.660724686056582
2022-05-27,4077.4299,4158.4902,4077.4299,4158.2402,,0.024742251425826423,0.024742251425826423,3.751299256639723
2022-05-31,4151.0898,4168.3398,4104.8799,4132.1499,,-0.006274360966449177,-0.006274360966449177,3.7277622510103927
2022-06-01,4149.7798,4166.54,4073.8501,4101.23,,-0.007482763391521874,-0.007482763391521874,3.6998682881062352
2022-06-02,4095.4099,4177.5098,4074.3701,4176.8198,,0.018431007283181033,0.018431007283181033,3.768060587471132
2022-06-03,4137.5698,4142.6699,4098.6699,4108.54,,-0.01634731764104358,-0.01634731764104358,3.7064629041570436
2022-06-06,4134.7202,4168.7798,4109.1802,4121.4302,,0.003137416211111521,0.003137416211111521,3.7180916209584294
2022-06-07,4096.4702,4164.8599,4080.1899,4160.6802,,0.009523393117272683,0.009523393117272683,3.7535004691108544
2022-06-08,4147.1201,4160.1401,4107.2002,4115.77,,-0.010793956238212998,-0.010793956238212998,3.71298534930716
2022-06-09,4101.6499,4119.1001,4017.1699,4017.8201,,-0.023798681656166498,-0.023798681656166498,3.6246211929849883
2022-06-10,3974.3899,3974.3899,3900.1599,3900.8601,,-0.02911031282859078,-0.02911031282859078,3.519107336172055
2022-06-13,3838.1499,3838.1499,3734.3,3749.6299,,-0.03876842443029427,-0.03876842443029427,3.382677089347575
2022-06-14,3763.52,3778.1799,3705.6799,3735.48,,-0.0037736791036363515,-0.0037736791036363515,3.369911951501155
2022-06-15,3764.05,3837.5601,3722.3,3789.99,,0.014592502168395916,0.014592502168395916,3.419087398960739
2022-06-16,3728.1799,3728.1799,3639.77,3666.77,,-0.032511959134456814,-0.032511959134456814,3.3079261691685913
2022-06-17,3665.8999,3707.71,3636.8701,3674.8401,,0.0022008743389958507,0.0022008743389958507,3.3152064989896073
2022-06-21,3715.3101,3779.6499,3715.3101,3764.79,,0.024477228274503826,0.024477228274503826,3.396353565242494
2022-06-22,3733.8899,3801.79,3717.6899,3759.8899,,-0.0013015599807690847,-0.0013015599807690847,3.3919330073614318
2022-06-23,3774.71,3802.5801,3743.52,3795.73,,0.009532220611034425,0.009532220611034425,3.4242656610854505
2022-06-24,3821.75,3913.6499,3821.75,3911.74,,0.03056329085577736,0.03056329085577736,3.5289224884526558
2022-06-27,3920.76,3927.72,3889.6599,3900.1101,,-0.0029730759201787027,-0.0029730759201787027,3.51843073397806
2022-06-28,3913.0,3945.8601,3820.1399,3821.55,,-0.020143046730911496,-0.020143046730911496,3.447558819284065
2022-06-29,3825.0901,3836.5,3799.02,3818.8301,,-0.0007117269170886509,-0.0007117269170886509,3.445105098874134
2022-06-30,3785.99,3818.99,3738.6699,3785.3799,,-0.008759279445294088,-0.008759279445294088,3.414928460594688
2022-07-01,3781.0,3829.8201,3752.1001,3825.3301,,0.010553815219444651,0.010553815219444651,3.4509689845554274
2022-07-05,3792.6101,3832.1899,3742.0601,3831.3899,,0.001584124726909275,0.001584124726909275,3.4564357498556584
2022-07-06,3831.98,3870.9099,3809.3701,3845.0801,,0.0035731680558013235,0.0035731680558013235,3.4687861756639724
2022-07-07,3858.8501,3910.6299,3858.8501,3902.6201,,0.014964577721020778,0.014964577721020778,3.520695095987298
2022-07-08,3888.26,3918.5,3869.3401,3899.3799,,-0.0008302627252906314,-0.0008302627252906314,3.517771994081986
2022-07-11,3880.9399,3880.9399,3847.22,3854.4299,,-0.011527473893990114,-0.011527473893990114,3.4772209692551965
2022-07-12,3851.95,3873.4099,3802.3601,3818.8,,-0.009243883252358476,-0.009243883252358476,3.4450779445727484
2022-07-13,3779.6699,3829.4399,3759.0701,3801.78,,-0.004456897454697795,-0.004456897454697795,3.4297235854503465
2022-07-14,3763.99,3796.4099,3721.5601,3790.3799,,-0.0029986216982572644,-0.0029986216982572644,3.419439141887991
2022-07-15,3818.0,3863.6201,3817.1799,3863.1599,,0.019201241543097103,0.019201241543097103,3.485096618793303
2022-07-18,3883.79,3902.4399,3818.6299,3830.8501,,-0.00836356786577741,-0.00836356786577741,3.455948776703233
2022-07-19,3860.73,3939.8101,3860.73,3936.6899,,0.02762828020861474,0.02762828020861474,3.5514306978926093
2022-07-20,3935.3201,3974.1299,3922.03,3959.8999,,0.005895816177951874,0.005895816177951874,3.57236928045612
2022-07-21,3955.47,3999.29,3927.6399,3998.95,,0.009861385637551123,0.009861385637551123,3.6075977915704387
2022-07-22,3998.4299,4012.4399,3938.8601,3961.6299,,-0.009332474774628285,-0.009332474774628285,3.5739299761836025
2022-07-25,3965.72,3975.3,3943.46,3966.8401,,0.001315165760436221,0.001315165760436221,3.5786302865184756
2022-07-26,3953.22,3953.22,3910.74,3921.05,,-0.011543217988544519,-0.011543217988544519,3.537321377020785
2022-07-27,3951.4299,4039.5601,3951.4299,4023.6101,,0.02615628466864739,0.02615628466864739,3.6298445619226327
2022-07-28,4026.1299,4078.95,3992.97,4072.4299,,0.01213333270040251,0.01213333270040251,3.673886673643187
2022-07-29,4087.3301,4140.1499,4079.22,4130.29,,0.014207758370500034,0.014207758370500034,3.7260843677829096
2022-08-01,4112.3799,4144.9502,4096.02,4118.6299,,-0.0028230705349987506,-0.0028230705349987506,3.7155653687933023
2022-08-02,4104.21,4140.4702,4079.8101,4091.1899,,-0.006662409749416898,-0.006662409749416898,3.690810749855658
2022-08-03,4107.96,4167.6602,4107.96,4155.1699,,0.015638482095392314,0.015638482095392314,3.7485294276847574
2022-08-04,4154.8501,4161.29,4135.4199,4151.9399,,-0.0007773448686176909,-0.0007773448686176909,3.745615527569284
2022-08-05,4115.8701,4151.5801,4107.3101,4145.1899,,-0.0016257460759487863,-0.0016257460759487863,3.739526107823326
2022-08-08,4155.9302,4186.6201,4128.9702,4140.0601,,-0.0012375307582411788,-0.0012375307582411788,3.7348983292436486
2022-08-09,4133.1099,4137.2998,4112.0898,4122.4702,,-0.004248706437860683,-0.004248706437860683,3.719029842667436
2022-08-10,4181.02,4211.0298,4177.2598,4210.2402,,0.021290632980197177,0.021290632980197177,3.7982103420900692
2022-08-11,4227.3999,4257.9102,4201.4102,4207.27,,-0.0007054704384799049,-0.0007054704384799049,3.7955308169745963
2022-08-12,4225.02,4280.4702,4219.7798,4280.1499,,0.01732237294017258,0.01732237294017258,3.861278417292148
2022-08-15,4269.3701,4301.79,4256.8999,4297.1401,,0.003969533870764597,0.003969533870764597,3.876605892754041
2022-08-16,4290.46,4325.2798,4277.77,4305.2002,,0.0018756893683780085,0.0018756893683780085,3.883877201212471
2022-08-17,4280.3999,4302.1802,4253.0801,4274.04,,-0.007237805108343265,-0.007237805108343265,3.855766454965358
2022-08-18,4273.1299,4292.5298,4261.98,4283.7402,,0.0022695622876716115,0.0022695622876716115,3.864517357101617
2022-08-19,4266.3101,4266.3101,4218.7002,4228.48,,-0.012899988659443085,-0.012899988659443085,3.8146651270207848
2022-08-22,4195.0801,4195.0801,4129.8599,4137.9902,,-0.021400077569244558,-0.021400077569244558,3.7330309974018476
2022-08-23,4133.0898,4159.77,4124.0298,4128.73,,-0.002237849669146308,-0.002237849669146308,3.724677035219399
2022-08-24,4126.5498,4156.5601,4119.9702,4140.77,,0.0029161509713642175,0.0029161509713642175,3.7355387557736726
2022-08-25,4153.2598,4200.54,4147.5898,4199.1201,,0.01409160615054672,0.01409160615054672,3.7881784966801386
2022-08-26,4198.7402,4203.04,4057.6599,4057.6599,,-0.03368805764807725,-0.03368805764807725,3.6605621211027715
2022-08-29,4034.5801,4062.99,4017.4199,4030.6101,,-0.006666354664174867,-0.006666354664174867,3.6361595157332562
2022-08-30,4041.25,4044.98,3965.21,3986.1599,,-0.011028156754730456,-0.011028156754730456,3.596059378608545
2022-08-31,4000.6699,4015.3701,3954.53,3955.0,,-0.007817022091863413,-0.007817022091863413,3.5679489030023093
2022-09-01,3936.73,3970.23,3903.6499,3966.8501,,0.0029962326169405973,0.0029962326169405973,3.5786393078810623
2022-09-02,3994.6599,4018.4299,3906.21,3924.26,,-0.010736503504379935,-0.010736503504379935,3.5402172344110854
2022-09-06,3930.8899,3942.55,3886.75,3908.1899,,-0.004095065056851532,-0.004095065056851532,3.525719814520785
2022-09-07,3909.4299,3987.8899,3906.03,3979.8701,,0.01834102278397487,0.01834102278397487,3.590385121968822
2022-09-08,3959.9399,4010.5,3944.8101,4006.1799,,0.006610718274448146,0.006610718274448146,3.6141201465069286
2022-09-09,4022.9399,4076.8101,4022.9399,4067.3601,,0.015271455982293736,0.015271455982293736,3.6693130232390296
2022-09-12,4083.6699,4119.2798,4083.6699,4110.4102,,0.010584285369766189,0.010584285369766189,3.708150079387991
2022-09-13,4037.1201,4037.1201,3921.28,3932.6899,,-0.04323663365763364,-0.04323663365763364,3.5478221528579676
2022-09-14,3940.73,3961.9399,3912.1799,3946.01,,0.00338702016652781,0.00338702016652781,3.559838698036952
2022-09-15,3932.4099,3959.1399,3888.28,3901.3501,,-0.011317736143598212,-0.011317736143598212,3.519549382938799
2022-09-16,3880.95,3880.95,3837.0801,3873.3301,,-0.0071821290788539605,-0.0071821290788539605,3.494271524971132
2022-09-19,3849.9099,3900.45,3838.5,3899.8899,,0.006857096946113694,0.006857096946113694,3.518232083573903
2022-09-20,3875.23,3876.01,3827.54,3855.9299,,-0.011272113092218317,-0.011272113092218317,3.478574173643187
2022-09-21,3871.3999,3907.0701,3789.49,3789.9299,,-0.01711649374123736,-0.01711649374123736,3.4190331805715934
2022-09-22,3782.3601,3790.8999,3749.45,3757.99,,-0.008427570124713957,-0.008427570124713957,3.3902190386836026
2022-09-23,3727.1399,3727.1399,3647.47,3693.23,,-0.01723261637204987,-0.01723261637204987,3.3317966945727484
2022-09-26,3682.72,3715.6699,3644.76,3655.04,,-0.010340542018774879,-0.010340542018774879,3.297344110854503
2022-09-27,3686.4399,3717.53,3623.29,3647.29,,-0.0021203598319033956,-0.0021203598319033956,3.2903525548498846
2022-09-28,3651.9399,3736.74,3640.6101,3719.04,,0.019672140136923533,0.019672140136923533,3.355080831408776
2022-09-29,3687.01,3687.01,3610.3999,3640.47,,-0.021126419721218426,-0.021126419721218426,3.2841999855658197
2022-09-30,3633.48,3671.4399,3584.1299,3585.6201,,-0.015066708419517183,-0.015066708419517183,3.234717901991917
2022-10-03,3609.78,3698.3501,3604.9299,3678.4299,,0.025883891045791474,0.025883891045791474,3.3184449877309468
2022-10-04,3726.46,3791.9199,3726.46,3790.9299,,0.030583700942622194,0.030583700942622194,3.419935316830254
2022-10-05,3753.25,3806.9099,3722.6599,3783.28,,-0.002017948155675464,-0.002017948155675464,3.413034064665127
2022-10-06,3771.97,3797.9299,3739.22,3744.52,,-0.010245078344716774,-0.010245078344716774,3.3780672632794455
2022-10-07,3706.74,3706.74,3620.73,3639.6599,,-0.02800361595077605,-0.02800361595077605,3.283469164982679
2022-10-10,3647.51,3652.1699,3588.1001,3612.3899,,-0.007492458292600368,-0.007492458292600368,3.258867909209007
2022-10-11,3595.8601,3640.6599,3568.45,3588.8401,,-0.006519174466742994,-0.006519174466742994,3.2376227807448035
2022-10-12,3590.8301,3608.3401,3573.8601,3577.03,,-0.0032907846744132385,-0.0032907846744132385,3.2269684613163974
2022-10-13,3520.3701,3685.4099,3491.5801,3669.9099,,0.025965647478494613,0.025965647478494613,3.3107587868071593
2022-10-14,3690.4099,3712.0,3579.6799,3583.0701,,-0.023662651772459076,-0.023662651772459076,3.2324174545323325
2022-10-17,3644.24,3689.73,3638.6499,3677.95,,0.026480056865200607,0.026480056865200607,3.3180120525404155
2022-10-18,3746.26,3762.79,3686.53,3719.98,,0.011427561549232745,0.011427561549232745,3.355928839491917
2022-10-19,3703.1101,3728.5801,3666.51,3695.1599,,-0.0066721057640094505,-0.0066721057640094505,3.3335377273383373
2022-10-20,3689.05,3736.0,3656.4399,3665.78,,-0.00795091438397566,-0.00795091438397566,3.3070330542725173
2022-10-21,3657.1001,3757.8899,3647.4199,3752.75,,0.023724828003862664,0.023724828003862664,3.3854918446882216
2022-10-24,3762.01,3810.74,3741.6499,3797.3401,,0.011881979881420257,0.011881979881420257,3.4257181906755196
2022-10-25,3799.4399,3862.8501,3799.4399,3859.1101,,0.01626664938439415,0.01626664938439415,3.481443147372979
2022-10-26,3825.97,3886.1499,3824.0701,3830.6001,,-0.007387713556034514,-0.007387713556034514,3.4557232426385682
2022-10-27,3834.6899,3859.95,3803.79,3807.3,,-0.006082623973199364,-0.006082623973199364,3.4347033775981526
2022-10-28,3808.26,3905.4199,3808.26,3901.0601,,0.02462640191211629,0.02462640191211629,3.5192877634237876
2022-10-31,3881.8501,3893.73,3863.1799,3871.98,,-0.00745440963598587,-0.00745440963598587,3.4930535508083143
2022-11-01,3901.79,3911.79,3843.8,3856.1001,,-0.004101235027040406,-0.004101235027040406,3.478727717234411
2022-11-02,3852.8999,3894.4399,3758.6799,3759.6899,,-0.02500199618780652,-0.02500199618780652,3.3917525801096997
2022-11-03,3733.25,3750.5901,3698.1499,3719.8899,,-0.010585979444740823,-0.010585979444740823,3.3558475570150117
2022-11-04,3766.98,3796.3401,3708.8401,3770.55,,0.013618709521483474,0.013618709521483474,3.4015498700923787
2022-11-07,3780.71,3813.95,3764.7,3806.8,,0.00961398204505981,0.00961398204505981,3.4342523094688224
2022-11-08,3817.02,3859.3999,3786.28,3828.1101,,0.005597903751181965,0.005597903751181965,3.4534769233545033
2022-11-09,3810.9399,3818.2,3744.22,3748.5701,,-0.02077787679095222,-0.02077787679095222,3.3817210053406463
2022-11-10,3859.8899,3958.3301,3859.8899,3956.3701,,0.055434470866637886,0.055434470866637886,3.5691849198903003
2022-11-11,3963.72,4001.48,3944.8201,3992.9299,,0.009240743175164434,0.009240743175164434,3.6021668410796766
2022-11-14,3977.97,4008.97,3956.3999,3957.25,,-0.008935769195447252,-0.008935769195447252,3.5699787095842956
2022-11-15,4006.4099,4028.8401,3953.1699,3991.73,,0.008713121485880437,0.008713121485880437,3.60108436778291
2022-11-16,3976.8201,3983.0901,3954.3401,3958.79,,-0.008252061136399536,-0.008252061136399536,3.5713679994226326
2022-11-17,3919.26,3954.3301,3906.54,3946.5601,,-0.0030893025394121976,-0.0030893025394121976,3.5603349631928407
2022-11-18,3966.3899,3979.8899,3935.98,3965.3401,,0.004758574435493879,0.004758574435493879,3.5772770821304847
2022-11-21,3956.23,3962.0,3933.3401,3949.9399,,-0.0038837021823172613,-0.0038837021823172613,3.5633840033198614
2022-11-22,3965.51,4005.8799,3956.8799,4003.5801,,0.013580004090695263,0.013580004090695263,3.6117747726616627
2022-11-23,4000.3,4033.78,3998.6599,4027.26,,0.005914681212447759,0.005914681212447759,3.633137269053118
2022-11-25,4023.3401,4034.02,4020.76,4026.1201,,-0.0002830460412290847,-0.0002830460412290847,3.6321089239318707
2022-11-28,4005.3601,4012.27,3955.77,3963.9399,,-0.015444198994461256,-0.015444198994461256,3.5760139109411084
2022-11-29,3964.1899,3976.77,3937.6499,3957.6299,,-0.0015918505727092747,-0.0015918505727092747,3.5703214311489604
2022-11-30,3957.1799,4080.1101,3938.5801,4080.1101,,0.03094786604477595,0.03094786604477595,3.6808152605369515
2022-12-01,4087.1399,4100.5098,4050.8701,4076.5701,,-0.0008676236457442199,-0.0008676236457442199,3.677621698181293
2022-12-02,4040.1699,4080.48,4026.6299,4071.7,,-0.0011946562626262702,-0.0011946562626262702,3.6732282043879905
2022-12-05,4052.02,4052.45,3984.49,3998.8401,,-0.017894221087015216,-0.017894221087015216,3.607498646795612
2022-12-06,3996.6299,4001.51,3918.3899,3941.26,,-0.014399200408138246,-0.014399200408138246,3.5555535508083143
2022-12-07,3933.28,3957.5701,3922.6799,3933.9199,,-0.0018623739616265844,-0.0018623739616265844,3.54893178045612
2022-12-08,3947.79,3974.1899,3935.8301,3963.51,,0.007521785077525545,0.007521785077525545,3.5756260825635104
2022-12-09,3954.1699,3977.02,3933.04,3934.3799,,-0.0073495714656959255,-0.0073495714656959255,3.549346763135104
2022-12-12,3939.29,3990.71,3935.3,3990.5601,,0.014279302311401176,0.014279302311401176,3.600028958573903
2022-12-13,4069.3799,4100.96,3993.03,4019.6499,,0.007289653399782159,0.007289653399782159,3.6262719219110853
2022-12-14,4015.54,4053.76,3965.6499,3995.3201,,-0.006052716183068574,-0.006052716183068574,3.604323127165127
2022-12-15,3958.3701,3958.3701,3879.45,3895.75,,-0.024921682745770446,-0.024921682745770446,3.5144973296766744
2022-12-16,3890.9099,3890.9099,3827.9099,3852.3601,,-0.011137752679201696,-0.011137752679201696,3.4753537276270206
2022-12-19,3853.79,3854.8601,3800.04,3817.6599,,-0.009007517235992468,-0.009007517235992468,3.4440494190242497
2022-12-20,3810.47,3838.24,3795.6201,3821.6201,,0.0010373370346583588,0.0010373370346583588,3.4476220590357967
2022-12-21,3839.49,3889.8201,3839.49,3878.4399,,0.014867987532303228,0.014867987532303228,3.4988812608256348
2022-12-22,3853.26,3853.26,3764.49,3822.3899,,-0.014451687133272273,-0.014451687133272273,3.448316523527714
2022-12-23,3815.1101,3845.8,3797.01,3844.8201,,0.005868108849910847,0.005868108849910847,3.4685516202367204
2022-12-27,3843.3401,3846.6499,3813.22,3829.25,,-0.004049630306499852,-0.004049630306499852,3.4545052684757507
2022-12-28,3829.5601,3848.3201,3780.78,3783.22,,-0.01202063067180259,-0.01202063067180259,3.412979936489607
2022-12-29,3805.45,3858.1899,3805.45,3849.28,,0.017461316021801565,0.017461316021801565,3.4725750577367207
2022-12-30,3829.0601,3839.8501,3800.3401,3839.5,,-0.0025407348906808513,-0.0025407348906808513,3.463752165127021
2023-01-03,3853.29,3878.46,3794.3301,3824.1399,,-0.004000546946216876,-0.004000546946216876,3.4498952619803696
2023-01-04,3840.3601,3873.1599,3815.77,3852.97,,0.007538976280653253,0.007538976280653253,3.4759039405311776
2023-01-05,3839.74,3839.74,3802.4199,3808.1001,,-0.01164553578148797,-0.01164553578148797,3.4354251768187067
2023-01-06,3823.3701,3906.1899,3809.5601,3895.0801,,0.02284078614425078,0.02284078614425078,3.513892988596998
2023-01-09,3910.8201,3950.5701,3890.4199,3892.0901,,-0.0007676350481213845,-0.0007676350481213845,3.5111956011836027
2023-01-10,3888.5701,3919.8301,3877.29,3919.25,,0.006978230026072563,0.006978230026072563,3.535697531755196
2023-01-11,3932.3501,3970.0701,3928.54,3969.6101,,0.012849422721183945,0.012849422721183945,3.581129203954965
2023-01-12,3977.5701,3997.76,3937.5601,3983.1699,,0.003415902231808543,0.003415902231808543,3.5933619911951498
2023-01-13,3960.6001,4003.95,3947.6699,3999.0901,,0.003996866917477027,0.003996866917477027,3.607724180860277
2023-01-17,3999.28,4015.3899,3984.5701,3990.97,,-0.002030486885004179,-0.002030486885004179,3.600398744226328
2023-01-18,4002.25,4014.1599,3926.5901,3928.8601,,-0.015562607586626753,-0.015562607586626753,3.5443671514145496
2023-01-19,3911.8401,3922.9399,3885.54,3898.8501,,-0.007638347825110858,-0.007638347825110858,3.5172940422921477
2023-01-20,3909.04,3972.96,3897.8601,3972.6101,,0.01891839852986399,0.01891839852986399,3.5838356127309465
2023-01-23,3978.1399,4039.3101,3971.6399,4019.8101,,0.011881357297057749,0.011881357297057749,3.626416444139723
2023-01-24,4001.74,4023.9199,3989.79,4016.95,,-0.0007115012721621294,-0.0007115012721621294,3.623836244226328
2023-01-25,3982.71,4019.55,3949.0601,4016.22,,-0.00018172991946630024,-0.00018172991946630024,3.6231776847575055
2023-01-26,4036.0801,4061.5701,4013.29,4060.4299,,0.011007838216034127,0.011007838216034127,3.663061038539261
2023-01-27,4053.72,4094.21,4048.7,4070.5601,,0.002494858980326198,0.002494858980326198,3.6721998592667435
2023-01-30,4049.27,4063.8501,4015.55,4017.77,,-0.012968755823062339,-0.012968755823062339,3.6245759959584296
2023-01-31,4020.8501,4077.1599,4020.4399,4076.6001,,0.014642475801252886,0.014642475801252886,3.6776487622690532
2023-02-01,4070.0701,4148.9502,4037.2,4119.21,,0.010452312945780529,0.010452312945780529,3.7160886980369514
2023-02-02,4158.6802,4195.4399,4141.8799,4179.7598,,0.01469937196695481,0.01469937196695481,3.7707128680715933
2023-02-03,4136.6899,4182.3599,4123.3599,4136.48,,-0.010354614157493058,-0.010354614157493058,3.731668591224018
2023-02-06,4119.5698,4124.6299,4093.3799,4111.0801,,-0.0061404624221559345,-0.0061404624221559345,3.7087544204676677
2023-02-07,4105.3501,4176.54,4088.3899,4164.0,,0.012872505208546103,0.012872505208546103,3.7564953810623556
2023-02-08,4153.4702,4156.8501,4111.6699,4117.8599,,-0.011080715658021045,-0.011080715658021045,3.7148707238741343
2023-02-09,4144.25,4156.23,4069.6699,4081.5,,-0.00882980501595021,-0.00882980501595021,3.6820691397228638
2023-02-10,4068.9199,4094.3601,4060.79,4090.46,,0.0021952713463186946,0.0021952713463186946,3.690152280600462
2023-02-13,4096.6201,4138.8999,4092.6699,4137.29,,0.011448590134117032,0.011448590134117032,3.7323993215935336
2023-02-14,4126.7002,4159.77,4095.01,4136.1299,,-0.0002804009387787909,-0.0002804009387787909,3.7313527533198614
2023-02-15,4119.5,4148.1099,4103.98,4147.6001,,0.0027731720901704726,0.0027731720901704726,3.741700436633949
2023-02-16,4114.75,4136.54,4089.49,4090.4099,,-0.01378874496603455,-0.01378874496603455,3.690107083573903
2023-02-17,4077.3899,4081.51,4047.95,4079.0901,,-0.002767399912659174,-0.002767399912659174,3.6798950815531177
2023-02-21,4052.3501,4052.3501,3995.1899,3997.3401,,-0.020041234195832036,-0.020041234195832036,3.606145442407621
2023-02-22,4001.8301,4017.3701,3976.8999,3991.05,,-0.0015735713856320777,-0.0015735713856320777,3.600470915127021
2023-02-23,4018.6001,4028.3,3969.1899,4012.3201,,0.0053294496435774,0.0053294496435774,3.6196594435623557
2023-02-24,3973.24,3978.25,3943.0801,3970.04,,-0.010537569023966964,-0.010537569023966964,3.5815170323325636
2023-02-27,3992.3601,4018.05,3973.55,3982.24,,0.0030730168965551474,0.0030730168965551474,3.5925230946882216
2023-02-28,3977.1899,3997.5,3968.98,3970.1499,,-0.003036004861585395,-0.003036004861585395,3.58161617710739
2023-03-01,3963.3401,3971.73,3939.05,3951.3899,,-0.004725262388707185,-0.004725262388707185,3.564692100894919
2023-03-02,3938.6799,3990.8401,3928.1599,3981.3501,,0.007582192787403796,0.007582192787403796,3.59172028363164
2023-03-03,3998.02,4048.29,3995.1699,4045.6399,,0.016147738426721236,0.016147738426721236,3.649718443273672
2023-03-06,4055.1499,4078.49,4044.6101,4048.4199,,0.0006871595269761777,0.0006871595269761777,3.6522263820727483
2023-03-07,4048.26,4050.0,3980.3101,3986.3701,,-0.015326918040295179,-0.015326918040295179,3.5962490076501155
2023-03-08,3987.55,4000.4099,3969.76,3992.01,,0.0014147958815966533,0.0014147958815966533,3.601336965935335
2023-03-09,3998.6599,4017.8101,3908.7,3918.3201,,-0.018459347546724625,-0.018459347546724625,3.5348586352482676
2023-03-10,3912.77,3934.05,3846.3201,3861.5901,,-0.014478143324737514,-0.014478143324737514,3.483680445294457
2023-03-13,3835.1201,3905.05,3808.8601,3855.76,,-0.0015097666632197804,-0.0015097666632197804,3.4784209006928406
2023-03-14,3894.01,3937.29,3873.6299,3919.29,,0.016476647924144494,0.016476647924144494,3.5357336172055427
2023-03-15,3876.74,3894.26,3838.24,3891.9299,,-0.00698088174133582,-0.00698088174133582,3.5110510789549654
2023-03-16,3878.9299,3964.46,3864.1101,3960.28,,0.017562006962150045,0.017562006962150045,3.5727121824480372
2023-03-17,3958.6899,3958.9099,3901.27,3916.6399,,-0.011019448119829911,-0.011019448119829911,3.5333428659064667
2023-03-20,3917.47,3956.6201,3916.8899,3951.5701,,0.008918409884962841,0.008918409884962841,3.5648546658487295
2023-03-21,3975.8899,4009.0801,3971.1899,4002.8701,,0.012982181437196427,0.012982181437196427,3.6111342559180137
2023-03-22,4002.04,4039.49,3936.1699,3936.97,,-0.01646321223364211,-0.01646321223364211,3.5516833862586603
2023-03-23,3959.21,4007.6599,3919.05,3948.72,,0.002984528711166279,0.002984528711166279,3.5622834872979214
2023-03-24,3939.21,3972.74,3909.1599,3970.99,,0.0056398022650376856,0.0056398022650376856,3.5823740617782907
2023-03-27,3982.9299,4003.8301,3970.49,3977.53,,0.0016469444647304599,0.0016469444647304599,3.588274032909931
2023-03-28,3974.1299,3979.2,3951.53,3971.27,,-0.0015738410521103363,-0.0015738410521103363,3.5826266599307157
2023-03-29,3999.53,4030.5901,3999.53,4027.8101,,0.01423728429444493,0.01423728429444493,3.633633534209007
2023-03-30,4046.74,4057.8501,4032.1001,4050.8301,,0.005715264480815607,0.005715264480815607,3.654400710883372
2023-03-31,4056.1799,4110.75,4056.1799,4109.3101,,0.01443654721534715,0.01443654721534715,3.707157639289838
2023-04-03,4102.2002,4127.6602,4098.79,4124.5098,,0.0036988447282184644,0.0036988447282184644,3.7208698397806
2023-04-04,4128.0298,4133.1299,4086.8701,4100.6001,,-0.005796979801090618,-0.005796979801090618,3.6993000324769048
2023-04-05,4094.5,4099.6899,4072.5601,4090.3799,,-0.002492366909906618,-0.002492366909906618,3.690080019486143
2023-04-06,4081.1499,4107.3198,4069.8401,4105.02,,0.0035791541025322893,0.0035791541025322893,3.703287384526559
2023-04-10,4085.2,4109.5,4072.55,4109.1099,,0.0009963167049125143,0.0009963167049125143,3.7069770316108546
2023-04-11,4110.29,4124.2598,4102.6099,4108.9399,,-4.1371490210107e-05,-4.1371490210107e-05,3.7068236684468823
2023-04-12,4121.7202,4134.3701,4086.9399,4091.95,,-0.00413486213317471,-0.00413486213317471,3.691496463625866
2023-04-13,4100.04,4150.2598,4099.3999,4146.2202,,0.013262674275101194,0.013262674275101194,3.7404555788106233
2023-04-14,4140.1099,4163.1899,4113.2002,4137.6401,,-0.002069378756101803,-0.002069378756101803,3.73271515949769
2023-04-17,4137.1699,4151.7202,4123.1802,4151.3198,,0.003306159953351262,0.003306159953351262,3.7450561128752886
2023-04-18,4164.2598,4169.48,4140.3599,4154.8701,,0.0008552219947015605,0.0008552219947015605,3.748258967234411
2023-04-19,4139.3301,4162.5698,4134.4902,4154.52,,-8.426256214355554e-05,-8.426256214355554e-05,3.7479431293302543
2023-04-20,4130.48,4148.5698,4114.5698,4129.79,,-0.005952552882162232,-0.005952552882162232,3.7256332996535795
2023-04-21,4132.1401,4138.02,4113.8599,4133.52,,0.0009031936248575789,0.0009031936248575789,3.7289982678983837
2023-04-24,4132.0698,4142.4102,4117.77,4137.04,,0.0008515744450250384,0.0008515744450250384,3.7321737875288683
2023-04-25,4126.4302,4126.4302,4071.3799,4071.6299,,-0.015810845435383802,-0.015810845435383802,3.6731649646362583
2023-04-26,4087.78,4089.6699,4049.3501,4055.99,,-0.003841189003941703,-0.003841189003941703,3.6590556437644337
2023-04-27,4075.29,4138.2402,4075.29,4135.3501,,0.019566147845532234,0.019566147845532234,3.7306492674653575
2023-04-28,4129.6299,4170.0601,4127.1699,4169.48,,0.008253206905021182,0.008253206905021182,3.7614390877598147
2023-05-01,4166.79,4186.9199,4164.1201,4167.8701,,-0.0003861152949526936,-0.0003861152949526936,3.759986738596998
2023-05-02,4164.1001,4164.1001,4089.72,4119.5801,,-0.01158625361188681,-0.01158625361188681,3.7164225786662817
2023-05-03,4122.25,4148.2998,4088.8601,4090.75,,-0.0069983103375026445,-0.0069983103375026445,3.690413900115473
2023-05-04,4082.55,4082.6101,4048.28,4061.22,,-0.007218725172645657,-0.007218725172645657,3.6637738163972284
2023-05-05,4084.73,4147.02,4084.73,4136.25,,0.018474744042430657,0.018474744042430657,3.7314610998845263
2023-05-08,4136.98,4142.2998,4123.8101,4138.1201,,0.00045212450891507494,0.00045212450891507494,3.7331481849018475
2023-05-09,4124.25,4130.3501,4116.6499,4119.1699,,-0.004579422429039748,-0.004579422429039748,3.716052522372979
2023-05-10,4143.7402,4154.2798,4098.9199,4137.6401,,0.004483961683639182,0.004483961683639182,3.73271515949769
2023-05-11,4132.2402,4132.7998,4109.29,4130.6201,,-0.0016966192878881126,-0.0016966192878881126,3.726382162961894
2023-05-12,4138.54,4143.7402,4099.1201,4124.0801,,-0.0015832973843321607,-0.0015832973843321607,3.720482191830254
2023-05-15,4126.6499,4141.25,4110.27,4136.2798,,0.002958162718517565,0.002958162718517565,3.7314879835450347
2023-05-16,4127.9502,4135.54,4109.8599,4109.8999,,-0.0063776875055695514,-0.0063776875055695514,3.7076897192551965
2023-05-17,4122.8501,4164.6699,4113.6201,4158.77,,0.011890824883593831,0.011890824883593831,3.7517772084295617
2023-05-18,4157.6802,4202.2002,4153.5,4198.0498,,0.009445052263048703,0.009445052263048703,3.787212940242494
2023-05-19,4204.1499,4212.9102,4180.2002,4191.98,,-0.001445861838037299,-0.001445861838037299,3.781737153579676
2023-05-22,4190.7798,4209.2202,4179.6802,4192.6299,,0.00015503413661321908,0.00015503413661321908,3.78232345193418
2023-05-23,4176.7998,4185.6802,4142.54,4145.5801,,-0.011222025583512596,-0.011222025583512596,3.739878121391455
2023-05-24,4132.96,4132.96,4103.98,4115.2402,,-0.007318613865403334,-0.007318613865403334,3.7125073975173213
2023-05-25,4155.71,4165.7402,4129.73,4151.2798,,0.008757593299171251,0.008757593299171251,3.7450200274249426
2023-05-26,4156.1602,4212.8701,4156.1602,4205.4502,,0.013049084284803003,0.013049084284803003,3.7938891094110856
2023-05-30,4226.71,4231.1001,4192.1802,4205.52,,1.6597509584270753e-05,1.6597509584270753e-05,3.7939520785219405
2023-05-31,4190.7402,4195.4399,4166.1499,4179.8301,,-0.006108614392512757,-0.006108614392512757,3.7707762882505773
2023-06-01,4183.0298,4232.4302,4171.6401,4221.02,,0.00985444360525567,0.00985444360525567,3.807935190531178
2023-06-02,4241.0098,4290.6699,4241.0098,4282.3701,,0.014534425328474931,0.014534425328474931,3.863281340213626
2023-06-05,4282.9902,4299.2798,4266.8198,4273.79,,-0.0020035867521118744,-0.0020035867521118744,3.8555409209006926
2023-06-06,4271.3398,4288.3301,4263.0898,4283.8501,,0.0023539060178434656,0.0023539060178434656,3.864616501876443
2023-06-07,4285.4702,4299.1899,4263.96,4267.52,,-0.0038120148041592694,-0.0038120148041592694,3.849884526558892
2023-06-08,4268.6899,4298.0098,4261.0698,4293.9302,,0.006188652894421054,0.006188652894421054,3.873710125577367
2023-06-09,4304.8799,4322.6201,4291.7002,4298.8599,,0.0011480624440520781,0.0011480624440520781,3.878157386691686
2023-06-12,4308.3198,4340.1299,4304.3701,4338.9302,,0.009321145822872579,0.009321145822872579,3.9143062572170897
2023-06-13,4352.6099,4375.3701,4349.3101,4369.0098,,0.006932492253505229,0.006932492253505229,3.9414421550230943
2023-06-14,4366.29,4391.8198,4337.8501,4372.5898,,0.0008194076378587045,0.0008194076378587045,3.944671802829099
2023-06-15,4365.3301,4439.2002,4362.6001,4425.8398,,0.012178137542195211,0.012178137542195211,3.992710558602771
2023-06-16,4440.9502,4448.4702,4407.4399,4409.5898,,-0.0036716195647208405,-0.0036716195647208405,3.978050844399538
2023-06-20,4396.1099,4400.1499,4367.1899,4388.71,,-0.004735088964510914,-0.004735088964510914,3.9592144197459582
2023-06-21,4380.0098,4386.2202,4360.1401,4365.6899,,-0.00524529987171618,-0.00524529987171618,3.938447152857968
2023-06-22,4355.3999,4382.25,4351.8198,4381.8901,,0.0037107995233467417,0.0037107995233467417,3.953061940675519
2023-06-23,4354.1699,4366.5498,4341.3398,4348.3301,,-0.007658795459064449,-0.007658795459064449,3.922786247834873
2023-06-26,4344.8398,4362.0601,4328.0801,4328.8198,,-0.004486848871018356,-0.004486848871018356,3.905185298787529
2023-06-27,4337.3599,4384.4199,4335.0,4378.4102,,0.011455870720236572,0.011455870720236572,3.949922596709007
2023-06-28,4367.48,4390.3501,4360.2202,4376.8599,,-0.0003540782907914819,-0.0003540782907914819,3.9485240148672056
2023-06-29,4374.9399,4398.3901,4371.9702,4396.4399,,0.004473526785721438,0.004473526785721438,3.9661878428117787
2023-06-30,4422.4399,4458.48,4422.4399,4450.3799,,0.012269017938809856,0.012269017938809856,4.014849072603926
2023-07-03,4422.4399,4456.46,4422.4399,4455.5898,,0.0011706641044284538,0.0011706641044284538,4.019549112297921
2023-07-05,4442.04,4454.0601,4436.6099,4446.8198,,-0.00196831404901765,-0.00196831404901765,4.011637377309469
2023-07-06,4422.6201,4422.6201,4385.0498,4411.5898,,-0.007922515771833227,-0.007922515771833227,3.979855116916859
2023-07-07,4404.54,4440.3901,4397.3999,4398.9502,,-0.0028650895874315907,-0.0028650895874315907,3.968452475461894
2023-07-10,4394.23,4412.6001,4389.9199,4409.5298,,0.002405028363358097,0.002405028363358097,3.977996716224019
2023-07-11,4415.5498,4443.6401,4408.46,4439.2598,,0.0067422154625191855,0.0067422154625191855,4.004817227193995
2023-07-12,4467.6899,4488.3398,4463.23,4472.1602,,0.0074112355397628615,0.0074112355397628615,4.03449787095843
2023-07-13,4491.5,4517.3799,4489.3599,4510.04,,0.008470134857870182,0.008470134857870182,4.068670612009238
2023-07-14,4514.6099,4527.7598,4499.5601,4505.4199,,-0.0010244033312343248,-0.0010244033312343248,4.0645026522806
2023-07-17,4508.8599,4532.8501,4504.8999,4522.79,,0.0038553787184187893,0.0038553787184187893,4.080172849307159
2023-07-18,4521.7798,4562.2998,4514.5898,4554.98,,0.007117288222535212,0.007117288222535212,4.1092126154734405
2023-07-19,4563.8701,4578.4302,4557.48,4565.7202,,0.002357902778936438,0.002357902778936438,4.118901739318707
2023-07-20,4554.3799,4564.7402,4527.5601,4534.8701,,-0.006756896754207542,-0.006756896754207542,4.091070745525404
2023-07-21,4550.1602,4555.0,4535.79,4536.3398,,0.0003240886657369657,0.0003240886657369657,4.092396615184757
2023-07-24,4543.3901,4563.4102,4541.29,4554.6401,,0.004034155466043243,0.004034155466043243,4.108905979359122
2023-07-25,4555.1899,4580.6201,4552.4199,4567.46,,0.0028146900124996765,0.0028146900124996765,4.120471275981524
2023-07-26,4558.96,4582.4702,4547.5801,4566.75,,-0.00015544744781559316,-0.00015544744781559316,4.119830759237876
2023-07-27,4598.2598,4607.0698,4528.5601,4537.4102,,-0.006424656484370628,-0.006424656484370628,4.0933622618360275
2023-07-28,4565.75,4590.1602,4564.0098,4582.23,,0.009877837361938147,0.009877837361938147,4.133795828521939
2023-07-31,4584.8198,4594.2202,4573.1401,4588.96,,0.0014687171966489831,0.0014687171966489831,4.139867205542725
2023-08-01,4578.8301,4584.6201,4567.5298,4576.73,,-0.0026650918726683903,-0.0026650918726683903,4.128834079099307
2023-08-02,4550.9302,4550.9302,4505.75,4513.3901,,-0.01383955356772193,-0.01383955356772193,4.071692858689376
2023-08-03,4494.27,4519.4902,4485.54,4501.8901,,-0.0025479738611559055,-0.0025479738611559055,4.06131829171478
2023-08-04,4513.96,4540.3398,4474.5498,4478.0298,,-0.005300062744756806,-0.005300062744756806,4.039793049942263
2023-08-07,4491.5801,4519.8398,4491.1499,4518.4399,,0.009024080188122063,0.009024080188122063,4.0762484663683605
2023-08-08,4498.0298,4503.3101,4464.3901,4499.3799,,-0.00421827011575393,-0.00421827011575393,4.0590537492782905
2023-08-09,4501.5698,4502.4399,4461.3301,4467.71,,-0.007038725491928299,-0.007038725491928299,4.030483184180139
2023-08-10,4487.1602,4527.3701,4457.9199,4468.8301,,0.00025071009532839916,0.00025071009532839916,4.031493667003464
2023-08-11,4450.6899,4476.23,4443.98,4464.0498,,-0.0010696983087363776,-0.0010696983087363776,4.027181185046189
2023-08-14,4458.1299,4490.3301,4453.4399,4489.7202,,0.005750473482621032,0.005750473482621032,4.050339383660508
2023-08-15,4478.8701,4478.8701,4432.1899,4437.8599,,-0.011550897982462116,-0.011550897982462116,4.003554326645497
2023-08-16,4433.79,4449.9502,4403.5498,4404.3301,,-0.007555398492863685,-0.007555398492863685,3.9733058783198616
2023-08-17,4416.3198,4421.1699,4364.8301,4370.3599,,-0.007712909620466446,-0.007712909620466446,3.9426601291859127
2023-08-18,4344.8799,4381.8198,4335.3101,4369.71,,-0.00014870628846841427,-0.00014870628846841427,3.9420738308314087
2023-08-21,4380.2798,4407.5498,4360.2998,4399.77,,0.006879175048229769,0.006879175048229769,3.969192046766744
2023-08-22,4415.3301,4418.5898,4382.77,4387.5498,,-0.0027774633674034765,-0.0027774633674034765,3.95816776125866
2023-08-23,4396.4399,4443.1802,4396.4399,4436.0098,,0.011044888880805459,0.011044888880805459,4.001885284353349
2023-08-24,4455.1602,4458.2998,4375.5498,4376.3101,,-0.013457972973819898,-0.013457972973819898,3.9480280203521936
2023-08-25,4389.3799,4418.46,4356.29,4405.71,,0.006717965438509665,0.006717965438509665,3.974550736143187
2023-08-28,4426.0298,4439.5601,4414.98,4433.3101,,0.006264620231472229,0.006264620231472229,3.9994497870958425
2023-08-29,4432.75,4500.1401,4431.6802,4497.6299,,0.014508301596136919,0.014508301596136919,4.057475010825635
2023-08-30,4500.3398,4521.6499,4493.5898,4514.8701,,0.003833174445945442,0.003833174445945442,4.073028020352194
2023-08-31,4517.0098,4532.2598,4507.3901,4507.6602,,-0.001596923021107477,-0.001596923021107477,4.066523708140878
2023-09-01,4530.6001,4541.25,4501.3501,4515.77,,0.0017991152039367186,0.0017991152039367186,4.073839852771363
2023-09-05,4510.0601,4514.29,4496.0098,4496.8301,,-0.004194168436390755,-0.004194168436390755,4.056753482245958
2023-09-06,4490.3501,4490.3501,4442.3799,4465.48,,-0.00697159983873985,-0.00697159983873985,4.028471420323325
2023-09-07,4434.5498,4457.8101,4430.46,4451.1401,,-0.003211278518770677,-0.003211278518770677,4.015534876587759
2023-09-08,4451.2998,4473.5298,4448.3799,4457.4902,,0.0014266232599600137,0.0014266232599600137,4.02126353204388
2023-09-11,4480.98,4490.77,4467.8901,4487.46,,0.0067234696332030275,0.0067234696332030275,4.048300375288684
2023-09-12,4473.27,4487.1099,4456.8301,4461.8999,,-0.005695894782348998,-0.005695894782348998,4.025241682303696
2023-09-13,4462.6499,4479.3901,4453.52,4467.4399,,0.001241623551438309,0.001241623551438309,4.030239517176675
2023-09-14,4487.7798,4511.9902,4478.6899,4505.1001,,0.008429928738380887,0.008429928738380887,4.06421414910508
2023-09-15,4497.98,4497.98,4447.21,4450.3198,,-0.012159618828447183,-0.012159618828447183,4.014794854214781
2023-09-18,4445.1299,4466.3599,4442.1099,4453.5298,,0.000721296478513711,0.000721296478513711,4.017690711605081
2023-09-19,4445.4102,4449.8501,4416.6099,4443.9502,,-0.0021510128886979007,-0.0021510128886979007,4.009048607101617
2023-09-20,4452.8101,4461.0298,4401.3799,4402.2002,,-0.00939479474814997,-0.00939479474814997,3.9713844183025406
2023-09-21,4374.3599,4375.7002,4329.1699,4330.0,,-0.016400935150564067,-0.016400935150564067,3.90625
2023-09-22,4341.7402,4357.3999,4316.4902,4320.0601,,-0.002295588914549729,-0.002295588914549729,3.89728285580254
2023-09-25,4310.6201,4338.5098,4302.7002,4337.4399,,0.004023045883088772,0.004023045883088772,3.9129618035508087
2023-09-26,4312.8799,4313.0098,4265.98,4273.5298,,-0.014734521163048298,-0.014734521163048298,3.8553061850461896
2023-09-27,4282.6299,4292.0698,4238.6299,4274.5098,,0.00022931863023378796,0.00022931863023378796,3.8561902785796764
2023-09-28,4269.6499,4317.27,4264.3799,4299.7002,,0.005893166977883668,0.005893166977883668,3.8789154517898385
2023-09-29,4328.1802,4333.1499,4274.8599,4288.0498,,-0.0027095842635727063,-0.0027095842635727063,3.86840520352194
2023-10-02,4284.52,4300.5801,4260.21,4288.3901,,7.936008579001452e-05,7.936008579001452e-05,3.8687122004907617
2023-10-03,4269.75,4281.1499,4216.4502,4229.4502,,-0.013744062136511137,-0.013744062136511137,3.815540379618938
2023-10-04,4233.8301,4268.5,4220.48,4263.75,,0.008109753839872669,0.008109753839872669,3.846483472863741
2023-10-05,4259.3101,4267.1299,4225.9102,4258.1899,,-0.001304039871005469,-0.001304039871005469,3.841467505051963
2023-10-06,4234.79,4324.1001,4219.5498,4308.5,,0.011814902853440001,0.011814902853440001,3.886854070438799
2023-10-09,4289.02,4341.73,4283.79,4335.6602,,0.006303864453986341,0.006303864453986341,3.9113562716512704
2023-10-10,4339.75,4385.46,4339.6401,4358.2402,,0.0052079727096694395,0.0052079727096694395,3.9317265083718245
2023-10-11,4366.5898,4378.6401,4345.3398,4376.9502,,0.004293017167800839,0.004293017167800839,3.9486054777713626
2023-10-12,4380.9399,4385.8501,4325.4302,4349.6099,,-0.006246427021262435,-0.006246427021262435,3.923940801818707
2023-10-13,4360.4902,4377.1001,4311.9702,4327.7798,,-0.0050188638755857,-0.0050188638755857,3.904247077078522
2023-10-16,4342.3701,4383.3301,4342.3701,4373.6299,,0.010594369889151967,0.010594369889151967,3.945610114751732
2023-10-17,4345.23,4393.5698,4337.54,4373.2002,,-9.824791073420602e-05,-9.824791073420602e-05,3.9452224668013858
2023-10-18,4357.3501,4364.2002,4303.8398,4314.6001,,-0.013399821028088454,-0.013399821028088454,3.8923571918302535
2023-10-19,4321.3599,4339.54,4269.6899,4278.0,,-0.008482848734926662,-0.008482848734926662,3.8593389145496535
2023-10-20,4273.8501,4276.5601,4223.0298,4224.1602,,-0.012585273492286109,-0.012585273492286109,3.8107680788106237
2023-10-23,4210.3999,4255.8398,4189.2202,4217.04,,-0.0016855894811944605,-0.0016855894811944605,3.804344688221709
2023-10-24,4235.79,4259.3799,4219.4302,4247.6802,,0.007265807296112925,0.007265807296112925,3.8319863236143186
2023-10-25,4232.4199,4232.4199,4181.4199,4186.77,,-0.01433963884569256,-0.01433963884569256,3.777037023672056
2023-10-26,4175.9902,4183.6001,4127.8999,4137.23,,-0.01183251050332379,-0.01183251050332379,3.732345193418013
2023-10-27,4152.9302,4156.7002,4103.7798,4117.3701,,-0.004800289082308562,-0.004800289082308562,3.7144288575346422
2023-10-30,4139.3901,4177.4702,4132.9399,4166.8198,,0.012010020668290267,0.012010020668290267,3.7590392248845266
2023-10-31,4171.3301,4195.5498,4153.1201,4193.7998,,0.0064749620321953305,0.0064749620321953305,3.783378861143187
2023-11-01,4201.27,4245.6401,4197.7402,4237.8599,,0.010506009371263003,0.010506009371263003,3.823127074913395
2023-11-02,4268.2598,4319.7202,4268.2598,4317.7798,,0.01885855169492512,0.01885855169492512,3.895225714491917
2023-11-03,4334.23,4373.6201,4334.23,4358.3398,,0.009393716650395012,0.009393716650395012,3.931816361143187
2023-11-06,4364.27,4372.21,4347.5298,4365.98,,0.0017530069592095465,0.0017530069592095465,3.9387088625866045
2023-11-07,4366.21,4386.2598,4355.4102,4378.3799,,0.0028401183697590593,0.0028401183697590593,3.9498952619803696
2023-11-08,4384.3701,4391.2002,4359.7598,4382.7798,,0.0010049150828599362,0.0010049150828599362,3.95386457130485
2023-11-09,4391.4102,4393.3999,4343.9399,4347.3501,,-0.008083842131425545,-0.008083842131425545,3.9219021543013852
2023-11-10,4364.1499,4418.0298,4353.3398,4415.2402,,0.015616432640196187,0.015616432640196187,3.9831482751154734
2023-11-13,4406.6602,4421.7598,4393.8198,4411.5498,,-0.0008358322158781295,-0.0008358322158781295,3.9798190314665125
2023-11-14,4458.9702,4508.6699,4458.9702,4495.7002,,0.019075019849033703,0.019075019849033703,4.055734158487298
2023-11-15,4505.2998,4521.1699,4495.3101,4502.8799,,0.0015970148543267282,0.0015970148543267282,4.062211226183603
2023-11-16,4497.0801,4511.9902,4487.8301,4508.2402,,0.001190415938031153,0.001190415938031153,4.067046947170901
2023-11-17,4509.5498,4520.1201,4499.6602,4514.02,,0.0012820523626935199,0.0012820523626935199,4.072261114318707
2023-11-20,4511.7002,4557.1099,4510.3599,4547.3799,,0.007390286263684986,0.007390286263684986,4.102356289693995
2023-11-21,4538.77,4542.1401,4525.5098,4538.1899,,-0.0020209439725938916,-0.0020209439725938916,4.094065657476905
2023-11-22,4553.04,4568.4302,4545.0498,4556.6201,,0.004061134594654181,0.004061134594654181,4.11069220915127
2023-11-24,4555.8398,4560.3101,4552.7998,4559.3398,,0.0005968678407048955,0.0005968678407048955,4.113145749133949
2023-11-27,4554.8599,4560.52,4546.3198,4550.4302,,-0.0019541425712555904,-0.0019541425712555904,4.105108075923788
2023-11-28,4545.5498,4568.1401,4540.5098,4554.8901,,0.0009801051337958722,0.0009801051337958722,4.109131513423787
2023-11-29,4571.8398,4587.6401,4547.1499,4550.5801,,-0.0009462357829445045,-0.0009462357829445045,4.105243306148961
2023-11-30,4554.8701,4569.8901,4537.2402,4567.7998,,0.003784067002797986,0.003784067002797986,4.120777821882217
2023-12-01,4559.4302,4599.3901,4554.71,4594.6299,,0.0058737469185929925,0.0058737469185929925,4.144982227915704
2023-12-04,4564.3701,4572.3701,4546.7202,4569.7798,,-0.0054085096168463576,-0.0054085096168463576,4.122564051674365
2023-12-05,4557.25,4578.5601,4551.6802,4567.1802,,-0.0005688676727925168,-0.0005688676727925168,4.120218858256351
2023-12-06,4586.23,4590.7402,4546.5,4549.3398,,-0.0039062176701502027,-0.0039062176701502027,4.104124386547344
2023-12-07,4568.8398,4590.9199,4565.2202,4585.5898,,0.007968189142521398,0.007968189142521398,4.136826825923787
2023-12-08,4576.2002,4609.23,4574.0601,4604.3701,,0.004095503701617709,0.004095503701617709,4.15376921550231
2023-12-11,4593.3901,4623.71,4593.3901,4622.4399,,0.003924489041400081,0.003924489041400081,4.1700706372690535
2023-12-12,4618.2998,4643.9302,4608.0898,4643.7002,,0.0045993675331506,0.0045993675331506,4.189250324769053
2023-12-13,4646.2002,4709.6899,4643.23,4707.0898,,0.013650665906468129,0.013650665906468129,4.246436381351039
2023-12-14,4721.04,4738.5698,4694.3398,4719.5498,,0.0026470708079544547,0.0026470708079544547,4.257676999133949
2023-12-15,4714.23,4725.5298,4704.6899,4719.1899,,-7.625727352200684e-05,-7.625727352200684e-05,4.257352320294458
2023-12-18,4725.5801,4749.52,4725.5801,4740.5601,,0.0045283619546649945,0.0045283619546649945,4.2766311525692835
2023-12-19,4743.7202,4768.6899,4743.7202,4768.3701,,0.005866395407580827,0.005866395407580827,4.301719561922633
2023-12-20,4764.73,4778.0098,4697.8198,4698.3501,,-0.014684262867934783,-0.014684262867934783,4.2385519810912236
2023-12-21,4724.29,4748.71,4708.3501,4746.75,,0.010301467317218593,0.010301467317218593,4.282215285796767
2023-12-22,4753.9199,4772.9399,4736.77,4754.6299,,0.0016600621477853572,0.0016600621477853572,4.289324029301386
2023-12-26,4758.8599,4784.7202,4758.4502,4774.75,,0.004231685835315968,0.004231685835315968,4.307475101039261
2023-12-27,4773.4502,4785.3901,4768.8999,4781.5801,,0.0014304623278706963,0.0014304623278706963,4.313636781899538
2023-12-28,4786.4399,4793.2998,4780.98,4783.3501,,0.000370170521664992,0.000370170521664992,4.315233563077367
2023-12-29,4782.8799,4788.4302,4751.9902,4769.8301,,-0.0028264709288160494,-0.0028264709288160494,4.303036680860277
2024-01-02,4745.2002,4754.3301,4722.6699,4742.8301,,-0.005660578979532205,-0.005660578979532205,4.278679001876443
2024-01-03,4725.0698,4729.29,4699.71,4704.8101,,-0.008016310767699708,-0.008016310767699708,4.244379781322171
2024-01-04,4697.4199,4726.7798,4687.5298,4688.6802,,-0.003428384920360572,-0.003428384920360572,4.229828413683602
2024-01-05,4690.5698,4721.4902,4682.1099,4697.2402,,0.001825673672518846,0.001825673672518846,4.237550700057737
2024-01-08,4703.7002,4764.54,4699.8198,4763.54,,0.014114628415212715,0.014114628415212715,4.297362153579677
2024-01-09,4741.9302,4765.4702,4730.3501,4756.5,,-0.001477892491718369,-0.001477892491718369,4.291011114318707
2024-01-10,4759.9399,4790.7998,4756.2002,4783.4502,,0.005665972879217884,0.005665972879217884,4.315323866916859
2024-01-11,4792.1299,4798.5,4739.5801,4780.2402,,-0.0006710637439060196,-0.0006710637439060196,4.312428009526559
2024-01-12,4791.1802,4802.3999,4768.98,4783.8301,,0.0007509873667017608,0.0007509873667017608,4.315666588481524
2024-01-16,4772.3501,4782.3398,4747.1201,4765.98,,-0.003731340709612674,-0.003731340709612674,4.2995633660508075
2024-01-17,4739.1299,4744.23,4714.8198,4739.21,,-0.0056168930629166836,-0.0056168930629166836,4.275413178406467
2024-01-18,4760.1001,4785.79,4740.5698,4780.9399,,0.008805243911960137,0.008805243911960137,4.313059234266744
2024-01-19,4796.2798,4842.0698,4785.8701,4839.8101,,0.0123135201929645,0.0123135201929645,4.366168176241339
2024-01-22,4853.4199,4868.4102,4844.0498,4850.4302,,0.0021943216325781556,0.0021943216325781556,4.375748953521939
2024-01-23,4856.7998,4866.48,4844.3701,4864.6001,,0.002921369737471924,0.002921369737471924,4.388532134093533
2024-01-24,4888.5601,4903.6802,4865.9399,4868.5498,,0.0008119269660007422,0.0008119269660007422,4.392095301674365
2024-01-25,4886.6602,4898.1499,4869.3398,4894.1602,,0.005260375481832558,0.005260375481832558,4.415199372113164
2024-01-26,4888.9102,4906.6899,4881.4702,4890.9702,,-0.0006517972174266973,-0.0006517972174266973,4.412321557448037
2024-01-29,4892.9502,4929.3101,4887.3999,4927.9302,,0.007556782905771886,0.007556782905771886,4.445664513568129
2024-01-30,4925.8901,4931.0898,4916.27,4924.9702,,-0.0006006578583438449,-0.0006006578583438449,4.442994190242494
2024-01-31,4899.1899,4906.75,4845.1499,4845.6499,,-0.016105742122053734,-0.016105742122053734,4.371436471564666
2024-02-01,4861.1099,4906.9702,4853.52,4906.1899,,0.012493680156298481,0.012493680156298481,4.426051800663973
2024-02-02,4916.0601,4975.29,4907.9902,4958.6099,,0.01068446209144902,0.01068446209144902,4.473341783342956
2024-02-05,4957.1899,4957.1899,4918.0898,4942.8101,,-0.003186336557751912,-0.003186336557751912,4.459088210883372
2024-02-06,4950.1602,4957.77,4934.8799,4954.23,,0.002310406381988983,0.002310406381988983,4.4693905167436485
2024-02-07,4973.0498,4999.8901,4969.0498,4995.0601,,0.008241462346318285,0.008241462346318285,4.506224830398383
2024-02-08,4995.1602,5000.3999,4987.0898,4997.9102,,0.0005705837253089374,0.0005705837253089374,4.508796008949192
2024-02-09,5004.1699,5030.0601,5000.3398,5026.6099,,0.005742340068455087,0.005742340068455087,4.534687048931871
2024-02-12,5026.8301,5048.3901,5016.8301,5021.8398,,-0.000948969602753702,-0.000948969602753702,4.530383768764434
2024-02-13,4967.9399,4971.2998,4920.3101,4953.1699,,-0.01367425141678158,-0.01367425141678158,4.468434162095843
2024-02-14,4976.4399,5002.52,4956.4502,5000.6201,,0.009579764263689006,0.009579764263689006,4.511240707996536
2024-02-15,5003.1401,5032.7202,4999.4399,5029.73,,0.005821258047576938,0.005821258047576938,4.537501804272517
2024-02-16,5031.1299,5038.7002,4999.52,5005.5698,,-0.004803478516739346,-0.004803478516739346,4.515706011836028
2024-02-20,4989.3198,4993.71,4955.02,4975.5098,,-0.006005310324511015,-0.006005310324511015,4.488587795900693
2024-02-21,4963.0298,4983.21,4946.0,4981.7998,,0.0012641920632936454,0.0012641920632936454,4.494262232967667
2024-02-22,5038.8301,5094.3901,5038.8301,5087.0298,,0.02112288815781005,0.02112288815781005,4.589194031466513
2024-02-23,5100.9199,5111.0601,5081.46,5088.7998,,0.0003479437057749557,0.0003479437057749557,4.590790812644341
2024-02-26,5093.0,5097.6602,5068.9102,5069.5298,,-0.0037867475155928254,-0.0037867475155928254,4.573406646939954
2024-02-27,5074.6001,5080.6899,5057.29,5078.1802,,0.0017063515436874788,0.0017063515436874788,4.58121048643187
2024-02-28,5067.2002,5077.3701,5058.3501,5069.7598,,-0.0016581530525442423,-0.0016581530525442423,4.573614138279446
2024-02-29,5085.3599,5104.9902,5061.8901,5096.27,,0.005229084028793851,0.005229084028793851,4.5975299509237875
2024-03-01,5098.5098,5140.3301,5094.1602,5137.0801,,0.008007837104391902,0.008007837104391902,4.634346221853349
2024-03-04,5130.9902,5149.6699,5127.1802,5130.9502,,-0.0011932654116100228,-0.0011932654116100228,4.628816216801386
2024-03-05,5110.52,5114.54,5056.8198,5078.6499,,-0.010193102244492658,-0.010193102244492658,4.581634219832564
2024-03-06,5108.0298,5127.9702,5092.2202,5104.7598,,0.005141110435669116,0.005141110435669116,4.605188907332563
2024-03-07,5132.3799,5165.6201,5128.21,5157.3599,,0.010304128315694827,0.010304128315694827,4.652641364751732
2024-03-08,5164.46,5189.2598,5117.5,5123.6899,,-0.006528534105211481,-0.006528534105211481,4.622266436922633
2024-03-11,5111.96,5124.6602,5091.1401,5117.9399,,-0.0011222380964156509,-0.0011222380964156509,4.617079153435335
2024-03-12,5134.2998,5179.8701,5114.48,5175.27,,0.011201792346174244,0.011201792346174244,4.668798715357968
2024-03-13,5173.4902,5179.1401,5151.8799,5165.3101,,-0.0019245179478559749,-0.0019245179478559749,4.659813528435334
2024-03-14,5175.1401,5176.8501,5123.2998,5150.48,,-0.002871095774094945,-0.002871095774094945,4.646434757505773
2024-03-15,5123.3101,5136.8599,5104.3501,5117.0898,,-0.006482929746353672,-0.006482929746353672,4.616312247401847
2024-03-18,5154.77,5175.6001,5145.4702,5149.4199,,0.006318063833861132,0.006318063833861132,4.645478402857967
2024-03-19,5139.0898,5180.3101,5131.5898,5178.5098,,0.005649160597682057,0.005649160597682057,4.6717214564087755
2024-03-20,5181.6899,5226.1899,5171.5498,5224.6201,,0.00890416389672577,0.00890416389672577,4.71331922993649
2024-03-21,5253.4302,5261.1001,5240.6602,5241.5298,,0.0032365415429918,0.0032365415429918,4.728574083429561
2024-03-22,5242.48,5246.0898,5229.8701,5234.1802,,-0.0014021860564449318,-0.0014021860564449318,4.721943742782909
2024-03-25,5219.52,5229.0898,5216.0898,5218.1899,,-0.0030549769761460954,-0.0030549769761460954,4.707518313366051
2024-03-26,5228.8501,5235.1602,5203.4199,5203.5801,,-0.002799783120196575,-0.002799783120196575,4.694338283054273
2024-03-27,5226.3101,5249.2598,5213.9199,5248.4902,,0.008630615679385834,0.008630615679385834,4.734853312644342
2024-03-28,5248.0298,5264.8501,5245.8198,5254.3501,,0.0011164925105509038,0.0011164925105509038,4.740139740906466
2024-04-01,5257.9702,5263.9502,5229.2002,5243.77,,-0.002013588702435176,-0.002013588702435176,4.7305950490762125
2024-04-02,5204.29,5208.3398,5184.0498,5205.8101,,-0.007239047479199234,-0.007239047479199234,4.6963500469110855
2024-04-03,5194.3701,5228.75,5194.3701,5211.4902,,0.0010911077989572693,0.0010911077989572693,4.701474271073903
2024-04-04,5244.0498,5256.5898,5146.0601,5147.21,,-0.012334322340278092,-0.012334322340278092,4.643484771939954
2024-04-05,5158.9502,5222.1802,5157.21,5204.3398,,0.011099178001286125,0.011099178001286125,4.695023635969976
2024-04-08,5211.3701,5219.5698,5197.3501,5202.3901,,-0.0003746296504313351,-0.0003746296504313351,4.693264740906466
2024-04-09,5217.0298,5224.8101,5160.7798,5209.9102,,0.0014455086711011589,0.0014455086711011589,4.700048895785219
2024-04-10,5167.8799,5178.4302,5138.7002,5160.6401,,-0.009456996015017816,-0.009456996015017816,4.65560055210739
2024-04-11,5172.9502,5211.7798,5138.77,5199.0601,,0.007444812902182463,0.007444812902182463,4.690260627165126
2024-04-12,5171.5098,5175.0298,5107.9399,5123.4102,,-0.014550687729114609,-0.014550687729114609,4.622014109411086
2024-04-15,5149.6699,5168.4302,5052.4702,5061.8198,,-0.012021368111419184,-0.012021368111419184,4.566451176385681
2024-04-16,5064.5898,5079.8398,5039.8301,5051.4102,,-0.0020564935954456853,-0.0020564935954456853,4.557060298787529
2024-04-17,5068.9702,5077.96,5007.25,5022.21,,-0.005780603602534629,-0.005780603602534629,4.5307177396073905
2024-04-18,5031.52,5056.6602,5001.8901,5011.1201,,-0.0022081713030717154,-0.0022081713030717154,4.5207131387124715
2024-04-19,5005.4399,5019.02,4953.5601,4967.23,,-0.008758540830023365,-0.008758540830023365,4.481118288106235
2024-04-22,4987.3301,5038.8398,4969.3999,5010.6001,,0.008731244576957398,0.008731244576957398,4.520244027857967
2024-04-23,5028.8501,5076.1201,5027.96,5070.5498,,0.011964574862000976,0.011964574862000976,4.574326825923787
2024-04-24,5084.8599,5089.48,5047.02,5071.6299,,0.00021301437567977644,0.00021301437567977644,4.5753012232967665
2024-04-25,5019.8799,5057.75,4990.5801,5048.4199,,-0.004576438040165387,-0.004576438040165387,4.554362640733256
2024-04-26,5084.6499,5114.6201,5073.1401,5099.96,,0.010209154749588167,0.010209154749588167,4.600858833718244
2024-04-29,5114.1299,5123.4902,5088.6499,5116.1699,,0.003178436693621167,0.003178436693621167,4.615482372257506
2024-04-30,5103.7798,5110.8301,5035.3101,5035.6899,,-0.015730517471673422,-0.015730517471673422,4.5428784461605085
2024-05-01,5029.0298,5096.1201,5013.4502,5018.3901,,-0.0034354379128866963,-0.0034354379128866963,4.527271669312933
2024-05-02,5049.3198,5073.21,5011.0498,5064.2002,,0.00912844539526736,0.00912844539526736,4.568598621535797
2024-05-03,5122.7798,5139.1201,5101.2202,5127.79,,0.012556731070781924,0.012556731070781924,4.625965285796767
2024-05-06,5142.4199,5181.0,5142.4199,5180.7402,,0.010326124899810774,0.010326124899810774,4.673733581120093
2024-05-07,5187.2002,5200.23,5178.96,5187.7002,,0.0013434373721346038,0.0013434373721346038,4.68001244948037
2024-05-08,5168.98,5191.9502,5165.8599,5187.6699,,-5.840738445228588e-06,-5.840738445228588e-06,4.679985114751732
2024-05-09,5189.0298,5215.2998,5180.4102,5214.0801,,0.005090956153551707,0.005090956153551707,4.703810713770208
2024-05-10,5225.4902,5239.6602,5209.6802,5222.6802,,0.0016493992871340346,0.0016493992871340346,4.711569175808314
2024-05-13,5233.0801,5237.2598,5211.1602,5221.4199,,-0.00024131287992701367,-0.00024131287992701367,4.710432213481524
2024-05-14,5221.1001,5250.3701,5217.98,5246.6802,,0.004837821987846658,0.004837821987846658,4.733220446016166
2024-05-15,5263.2598,5311.7598,5263.2598,5308.1499,,0.011715922765790143,0.011715922765790143,4.788674491195151
2024-05-16,5310.0698,5325.4902,5296.1899,5297.1001,,-0.002081666909971913,-0.002081666909971913,4.778706065964203
2024-05-17,5303.1001,5305.4502,5283.5898,5303.27,,0.0011647693801370984,0.0011647693801370984,4.784272156466513
2024-05-20,5305.3501,5325.3198,5302.3999,5308.1299,,0.0009163968645760079,0.0009163968645760079,4.788656448469977
2024-05-21,5298.6899,5324.3198,5297.8701,5321.4102,,0.0025018792399937873,0.0025018792399937873,4.800637088625866
2024-05-22,5319.2798,5323.1802,5286.0098,5307.0098,,-0.002706124778728891,-0.002706124778728891,4.787645965646651
2024-05-23,5340.2598,5341.8799,5256.9302,5267.8398,,-0.007380804158304,-0.007380804158304,4.752309288394919
2024-05-24,5281.4502,5311.6499,5278.3901,5304.7202,,0.007001048133620236,0.007001048133620236,4.785580434468822
2024-05-28,5315.9102,5315.9102,5280.8901,5306.04,,0.0002487972881208833,0.0002487972881208833,4.786771073903002
2024-05-29,5278.73,5282.27,5262.7002,5266.9502,,-0.007367038318595309,-0.007367038318595309,4.751506747979215
2024-05-30,5259.77,5260.21,5222.1001,5235.48,,-0.005975032761843968,-0.005975032761843968,4.7231163394919164
2024-05-31,5243.21,5280.3301,5191.6802,5277.5098,,0.008027879010138461,0.008027879010138461,4.761032946016166
2024-06-03,5297.1499,5302.1099,5234.3198,5283.3999,,0.0011160756158141716,0.0011160756158141716,4.766346618793302
2024-06-04,5278.2402,5298.7998,5257.6299,5291.3398,,0.0015028012549267444,0.0015028012549267444,4.773509490473441
2024-06-05,5314.48,5354.1602,5297.6401,5354.0298,,0.011847660964809048,0.011847660964809048,4.830064412528868
2024-06-06,5357.7998,5362.3501,5335.3599,5352.96,,-0.0001998121116173479,-0.0001998121116173479,4.829099307159353
2024-06-07,5343.8101,5375.0801,5331.3301,5346.9902,,-0.0011152334409373355,-0.0011152334409373355,4.823713734122402
2024-06-10,5341.2202,5365.79,5331.52,5360.79,,0.002580853804444949,0.002580853804444949,4.836163034064665
2024-06-11,5353.0,5375.9502,5327.25,5375.3198,,0.002710384103835395,0.002710384103835395,4.849270893475751
2024-06-12,5409.1299,5447.25,5409.1299,5421.0298,,0.008503680097321942,0.008503680097321942,4.890507541859122
2024-06-13,5441.9302,5441.9302,5402.5098,5433.7402,,0.0023446467680365846,0.0023446467680365846,4.901974054561201
2024-06-14,5424.0801,5432.3901,5403.75,5431.6001,,-0.0003938539424466203,-0.0003938539424466203,4.900043392754041
2024-06-17,5431.1099,5488.5,5420.3999,5473.23,,0.007664389725598575,0.007664389725598575,4.937599234988452
2024-06-18,5476.1499,5490.3799,5471.3198,5487.0298,,0.002521326529307366,0.002521326529307366,4.950048534930716
2024-06-20,5499.9902,5505.5298,5455.5601,5473.1699,,-0.0025259385323550543,-0.0025259385323550543,4.937545016599307
2024-06-21,5466.77,5478.3101,5452.0298,5464.6201,,-0.0015621294708939581,-0.0015621294708939581,4.929831932015012
2024-06-24,5459.5801,5490.6602,5447.5898,5447.8701,,-0.003065171904630626,-0.003065171904630626,4.914721149682448
2024-06-25,5460.73,5472.8799,5446.5601,5469.2998,,0.003933592322621582,0.003933592322621582,4.934053659064665
2024-06-26,5460.71,5483.1401,5451.8701,5477.8999,,0.0015724316300964603,0.0015724316300964603,4.941812121102772
2024-06-27,5473.5898,5490.8101,5467.54,5482.8701,,0.0009073185145278551,0.0009073185145278551,4.946295918735566
2024-06-28,5488.48,5523.6401,5451.1201,5460.48,,-0.004083645899252808,-0.004083645899252808,4.92609699769053
2024-07-01,5471.0801,5479.5498,5446.5298,5475.0898,,0.002675552332395803,0.002675552332395803,4.9392770280023095
2024-07-02,5461.8398,5509.6899,5458.4302,5509.0098,,0.006195332175191082,0.006195332175191082,4.969877489896073
2024-07-03,5507.4399,5539.27,5507.4199,5537.02,,0.005084434592946385,0.005084434592946385,4.995146506928407
2024-07-05,5537.9102,5570.3301,5531.6299,5567.1899,,0.005448761247024647,0.005448761247024647,5.0223638676385685
2024-07-08,5572.75,5583.1099,5562.5098,5572.8501,,0.0010167068308555294,0.0010167068308555294,5.0274701392898375
2024-07-09,5584.2402,5590.75,5574.5698,5576.98,,0.0007410750201228833,0.0007410750201228833,5.03119587182448
2024-07-10,5591.2598,5635.3901,5586.4399,5633.9102,,0.010208069600393221,0.010208069600393221,5.082554669457275
2024-07-11,5635.21,5642.4502,5576.5298,5584.54,,-0.008763043472009957,-0.008763043472009957,5.038016021939954
2024-07-12,5590.7598,5655.5601,5590.4399,5615.3501,,0.005517034527463327,0.005517034527463327,5.065810930282909
2024-07-15,5638.1602,5666.9399,5614.75,5631.2202,,0.0028261995632294923,0.0028261995632294923,5.080127922921478
2024-07-16,5644.0898,5669.6699,5639.02,5667.2002,,0.006389378983972405,0.006389378983972405,5.112586785508083
2024-07-17,5610.0698,5622.4902,5584.8101,5588.27,,-0.013927547503968518,-0.013927547503968518,5.0413809901847575
2024-07-18,5608.5601,5614.0498,5522.8101,5544.5898,,-0.007816408298095934,-0.007816408298095934,5.001975497979214
2024-07-19,5543.3701,5557.5,5497.04,5505.0,,-0.007140257697692887,-0.007140257697692887,4.966260103926097
2024-07-22,5544.54,5570.3599,5529.04,5564.4102,,0.01079204359673036,0.01079204359673036,5.01985619948037
2024-07-23,5565.2998,5585.3398,5550.8999,5555.7402,,-0.001558116617642602,-0.001558116617642602,5.012034678117783
2024-07-24,5505.8398,5508.04,5419.98,5427.1299,,-0.023149084617023696,-0.023149084617023696,4.8960106632505775
2024-07-25,5428.7002,5491.5898,5390.9502,5399.2202,,-0.005142626123616489,-0.005142626123616489,4.87083231091224
2024-07-26,5433.6699,5488.3198,5430.7002,5459.1001,,0.011090471916666678,0.011090471916666678,4.924852139867205
2024-07-29,5476.5498,5487.7402,5444.4399,5463.54,,0.0008133025441319219,0.0008133025441319219,4.928857534642032
2024-07-30,5478.73,5489.46,5401.7002,5436.4399,,-0.004960172342473812,-0.004960172342473812,4.9044095518187065
2024-07-31,5505.5898,5551.5098,5493.75,5522.2998,,0.015793405533647054,0.015793405533647054,4.981866880773672
2024-08-01,5537.8398,5566.1602,5410.4199,5446.6802,,-0.0136934977706209,-0.0136934977706209,4.913647697748267
2024-08-02,5376.6299,5383.8901,5302.0298,5346.5601,,-0.01838185763136968,-0.01838185763136968,4.823325725317551
2024-08-05,5151.1401,5250.8901,5119.2598,5186.3301,,-0.029968801809597045,-0.029968801809597045,4.678776432592379
2024-08-06,5206.4199,5312.3398,5193.5601,5240.0298,,0.010354084480661996,0.010354084480661996,4.72722087904157
2024-08-07,5293.1299,5330.6401,5195.54,5199.5,,-0.0077346506693530825,-0.0077346506693530825,4.6906574769053115
2024-08-08,5252.5698,5328.0298,5233.8501,5319.3101,,0.023042619482642523,0.023042619482642523,4.798742512269053
2024-08-09,5314.6602,5358.6699,5300.8398,5344.1602,,0.004671677253785367,0.004671677253785367,4.821160688510393
2024-08-12,5351.8799,5371.2002,5324.3701,5344.3901,,4.301891997915419e-05,4.301891997915419e-05,4.821368089636258
2024-08-13,5376.98,5436.5,5376.98,5434.4302,,0.016847591271452966,0.016847591271452966,4.902596528579676
2024-08-14,5442.3599,5463.2202,5415.9102,5455.21,,0.0038237311429631937,0.0038237311429631937,4.9213427396073905
2024-08-15,5501.1299,5546.23,5501.1299,5543.2202,,0.01613323776719855,0.01613323776719855,5.000739932159353
2024-08-16,5530.5,5561.98,5525.1699,5554.25,,0.0019897820404104483,0.0019897820404104483,5.010690314665127
2024-08-19,5557.23,5608.2998,5550.7402,5608.25,,0.009722284736913167,0.009722284736913167,5.059405672632795
2024-08-20,5602.8799,5620.5098,5585.5,5597.1201,,-0.001984558462978625,-0.001984558462978625,5.049364986287529
2024-08-21,5603.0898,5632.6802,5591.5698,5620.8501,,0.00423968033131894,0.00423968033131894,5.070772679705542
2024-08-22,5637.77,5643.2202,5560.9502,5570.6401,,-0.008932812493967823,-0.008932812493967823,5.025476418158198
2024-08-23,5602.4902,5641.8198,5585.1602,5634.6099,,0.011483384108767147,0.011483384108767147,5.0831858941974595
2024-08-26,5639.6602,5651.6201,5602.3398,5616.8398,,-0.0031537409537438776,-0.0031537409537438776,5.067154842667436
2024-08-27,5602.8901,5631.1802,5593.48,5625.7998,,0.00159520305350358,0.00159520305350358,5.075237983545034
2024-08-28,5624.5098,5627.0298,5560.9502,5592.1802,,-0.005975968074797167,-0.005975968074797167,5.044908523383372
2024-08-29,5607.2998,5646.9502,5583.71,5591.96,,-3.937641351392518e-05,-3.937641351392518e-05,5.044709872979214
2024-08-30,5612.7402,5651.3701,5581.79,5648.3999,,0.010093044299315457,0.010093044299315457,5.095626353204389
2024-09-03,5623.8901,5623.8901,5504.3301,5528.9302,,-0.021151069703828962,-0.021151069703828962,4.987848405023095
2024-09-04,5506.6802,5552.9902,5503.6602,5520.0698,,-0.0016025523346270276,-0.0016025523346270276,4.979855116916859
2024-09-05,5520.0801,5546.2998,5480.54,5503.4102,,-0.003018005315802319,-0.003018005315802319,4.964825887702078
2024-09-06,5507.3301,5522.4702,5402.6201,5408.4199,,-0.017260261646496966,-0.017260261646496966,4.879131693851039
2024-09-09,5442.0698,5484.2002,5434.4902,5471.0498,,0.011580073507236444,0.011580073507236444,4.93563239751732
2024-09-10,5490.5098,5497.9102,5441.7202,5495.52,,0.00447266994352713,0.00447266994352713,4.9577078521939955
2024-09-11,5496.4199,5560.4102,5406.96,5554.1299,,0.010665032608379033,0.010665032608379033,5.010581968100461
2024-09-12,5557.48,5600.71,5535.5,5595.7598,,0.007495305430288868,0.007495305430288868,5.048137810334873
2024-09-13,5603.3398,5636.27,5601.6499,5626.02,,0.005407701738734394,0.005407701738734394,5.075436633949192
2024-09-16,5615.21,5636.0498,5604.5298,5633.0898,,0.0012566254652488507,0.0012566254652488507,5.081814556870669
2024-09-17,5655.5098,5670.8101,5614.0498,5634.5801,,0.00026456173306521613,0.00026456173306521613,5.083159010536952
2024-09-18,5641.6802,5689.75,5615.0801,5618.2598,,-0.002896453632809326,-0.002896453632809326,5.068435876154735
2024-09-19,5702.6299,5733.5698,5686.4199,5713.6401,,0.016976840408839733,0.016976840408839733,5.1544819031466504
2024-09-20,5709.6401,5715.1401,5674.4902,5702.5498,,-0.0019410218014956904,-0.0019410218014956904,5.144476941397229
2024-09-23,5711.8999,5725.3599,5704.2202,5718.5698,,0.002809269635839051,0.002809269635839051,5.15892916426097
2024-09-24,5727.6602,5735.3198,5698.9902,5732.9302,,0.0025111873251943972,0.0025111873251943972,5.171884201789838
2024-09-25,5733.6499,5741.0298,5712.0601,5722.2598,,-0.0018612471507153394,-0.0018612471507153394,5.162258047055427
2024-09-26,5762.2202,5767.3701,5721.0098,5745.3701,,0.004038666681998704,0.004038666681998704,5.183106686633949
2024-09-27,5755.3599,5763.7798,5727.3398,5738.1699,,-0.0012532177866140248,-0.0012532177866140248,5.176611125144341
2024-09-30,5726.52,5765.1401,5703.5298,5762.48,,0.004236559813260321,0.004236559813260321,5.1985421478060045
2024-10-01,5757.73,5757.73,5681.2798,5708.75,,-0.009324110452443968,-0.009324110452443968,5.150070366628175
2024-10-02,5698.1401,5719.6299,5674.0,5709.54,,0.00013838405955768351,0.00013838405955768351,5.150783054272517
2024-10-03,5698.1899,5718.7798,5677.3701,5699.9399,,-0.0016814139142556916,-0.0016814139142556916,5.142122455975751
2024-10-04,5737.48,5753.21,5702.8301,5751.0698,,0.008970252475819951,0.008970252475819951,5.188248592667437
2024-10-07,5737.7998,5739.3398,5686.8501,5695.9399,,-0.009586025194825432,-0.009586025194825432,5.138513910941109
2024-10-08,5719.1401,5757.6001,5714.5601,5751.1299,,0.009689357852950664,0.009689357852950664,5.188302811056582
2024-10-09,5751.7998,5796.7998,5745.02,5792.04,,0.007113402185542794,0.007113402185542794,5.225209295612009
2024-10-10,5778.3599,5795.0298,5764.7598,5780.0498,,-0.002070116919082099,-0.002070116919082099,5.214392501443418
2024-10-11,5775.0898,5822.1299,5775.0898,5815.0298,,0.006051850971941608,0.006051850971941608,5.245949227771363
2024-10-14,5829.8101,5871.4102,5829.5698,5859.8501,,0.007707664713945128,0.007707664713945128,5.286383245525403
2024-10-15,5866.7402,5870.3599,5804.48,5815.2598,,-0.007609460863171158,-0.007609460863171158,5.2461567191108545
2024-10-16,5816.5801,5846.52,5808.3398,5842.4702,,0.004679137465191108,0.004679137465191108,5.27070420756351
2024-10-17,5875.6201,5878.46,5840.25,5841.4702,,-0.00017116047934651046,-0.00017116047934651046,5.2698020713048495
2024-10-18,5859.4302,5872.1699,5846.1099,5864.6699,,0.0039715515453626615,0.0039715515453626615,5.2907313618648955
2024-10-21,5857.8198,5866.9199,5824.79,5853.98,,-0.0018227624371492945,-0.0018227624371492945,5.2810876154734405
2024-10-22,5832.7002,5863.04,5821.1699,5851.2002,,-0.0004748564224680285,-0.0004748564224680285,5.278579857101617
2024-10-23,5834.5,5834.8501,5762.4102,5797.4199,,-0.00919132796037303,-0.00919132796037303,5.230062698469976
2024-10-24,5817.7998,5817.7998,5784.9199,5809.8599,,0.0021457821262869103,0.0021457821262869103,5.241285273527714
2024-10-25,5826.75,5862.8198,5799.98,5808.1201,,-0.00029945644644546743,-0.00029945644644546743,5.239715736864896
2024-10-28,5833.9302,5842.9199,5823.0801,5823.52,,0.0026514431063504595,0.0026514431063504595,5.253608545034642
2024-10-29,5819.6802,5847.1899,5802.1699,5832.9199,,0.0016141268511140616,0.0016141268511140616,5.262088535652425
2024-10-30,5832.6499,5850.9399,5811.2798,5813.6699,,-0.0033002339017205173,-0.0033002339017205173,5.24472241267321
2024-10-31,5775.3398,5775.3398,5702.8599,5705.4502,,-0.018614696372767803,-0.018614696372767803,5.147093497401848
2024-11-01,5723.2202,5772.52,5723.2202,5728.7998,,0.004092507897098141,0.004092507897098141,5.168158018187067
2024-11-04,5725.1499,5741.4302,5696.5098,5712.6899,,-0.0028120898901021762,-0.0028120898901021762,5.153624693273672
2024-11-05,5722.4302,5783.4399,5722.1001,5782.7598,,0.012265657899617421,0.012265657899617421,5.216837290704388
2024-11-06,5864.8901,5936.1401,5864.8901,5929.04,,0.025295914936670938,0.025295914936670938,5.348801963048499
2024-11-07,5947.21,5983.8398,5947.21,5973.1001,,0.007431236760082616,0.007431236760082616,5.388550176818707
2024-11-08,5976.7598,6012.4502,5976.7598,5995.54,,0.0037568263756371234,0.0037568263756371234,5.408794024249422
2024-11-11,6008.8599,6017.3101,5986.6899,6001.3501,,0.00096907034228777,0.00096907034228777,5.414035526125866
2024-11-12,6003.6001,6009.9199,5960.0801,5983.9902,,-0.002892665768657543,-0.002892665768657543,5.3983745308891455
2024-11-13,5985.75,6008.1899,5965.9102,5985.3799,,0.00023223634290037154,0.00023223634290037154,5.3996282296478055
2024-11-14,5989.6802,5993.8799,5942.2798,5949.1699,,-0.006049741303805978,-0.006049741303805978,5.366961875721709
2024-11-15,5912.79,5915.3198,5853.0098,5870.6201,,-0.0132034891119851,-0.0132034891119851,5.296099253031178
2024-11-18,5874.1699,5908.1201,5865.9502,5893.6201,,0.003917814406011466,0.003917814406011466,5.31684838698037
2024-11-19,5870.0498,5923.5098,5855.29,5916.98,,0.003963591070282879,0.003963591070282879,5.337922199769053
2024-11-20,5914.3398,5920.6699,5860.5601,5917.1099,,2.1953766955684628e-05,2.1953766955684628e-05,5.3380393872690535
2024-11-21,5940.5801,5963.3198,5887.2598,5948.71,,0.005340461903538429,0.005340461903538429,5.366546983256351
2024-11-22,5944.3599,5972.8999,5944.3599,5969.3398,,0.003467945151133467,0.003467945151133467,5.385157873845265
2024-11-25,5992.2798,6020.75,5963.9102,5987.3701,,0.003020484777897847,0.003020484777897847,5.401423661229792
2024-11-26,6000.0298,6025.4199,5992.27,6021.6299,,0.005722011405308036,0.005722011405308036,5.43233066902425
2024-11-27,6014.1099,6020.1602,5984.8701,5998.7402,,-0.0038012465694711173,-0.0038012465694711173,5.411681040704388
2024-11-29,6003.98,6044.1699,6003.98,6032.3799,,0.005607794116504694,0.005607794116504694,5.44202863380485
2024-12-02,6040.1099,6053.5801,6035.3301,6047.1499,,0.002448453221588487,0.002448453221588487,5.455353186345266
2024-12-03,6042.9702,6052.0698,6033.3901,6049.8799,,0.0004514523445167118,0.0004514523445167118,5.457816018331409
2024-12-04,6069.3901,6089.8398,6061.0601,6086.4902,,0.006051409384176365,0.006051409384176365,5.490843497401848
2024-12-05,6089.0298,6094.5498,6072.8999,6075.1099,,-0.001869763956902415,-0.001869763956902415,5.480576916137414
2024-12-06,6081.3799,6099.9702,6079.98,6090.27,,0.002495444568006988,0.002495444568006988,5.494253392032332
2024-12-09,6083.0098,6088.5098,6048.6299,6052.8501,,-0.00614421035520607,-0.00614421035520607,5.460495543446882
2024-12-10,6057.5898,6065.3999,6029.8901,6034.9102,,-0.0029638764720110178,-0.0029638764720110178,5.444311309180138
2024-12-11,6060.1499,6092.5898,6060.1499,6084.1899,,0.008165771878428263,0.008165771878428263,5.488768313366051
2024-12-12,6074.29,6079.6802,6051.25,6051.25,,-0.00541401575910716,-0.00541401575910716,5.4590520352194
2024-12-13,6068.1699,6078.5801,6035.77,6051.0898,,-2.6473869035315012e-05,-2.6473869035315012e-05,5.458907512990762
2024-12-16,6063.79,6085.1899,6059.1401,6074.0801,,0.0037993651986458765,0.0037993651986458765,5.479647896218244
2024-12-17,6052.5498,6057.6802,6035.1899,6050.6099,,-0.0038639925081001003,-0.0038639925081001003,5.4584745778002315
2024-12-18,6047.6499,6070.6699,5867.79,5872.1602,,-0.02949284501055016,-0.02949284501055016,5.297488633083141
2024-12-19,5912.71,5935.52,5866.0698,5867.0801,,-0.0008651160436665695,-0.0008651160436665695,5.29290569067552
2024-12-20,5842.0,5982.0601,5832.2998,5930.8501,,0.010869120399429999,0.010869120399429999,5.3504349198903
2024-12-23,5940.25,5978.25,5902.5698,5974.0698,,0.007287268986953643,0.007287268986953643,5.38942497834873
2024-12-24,5984.6299,6040.1001,5981.4399,6040.04,,0.01104275681546274,0.01104275681546274,5.448939087759815
2024-12-26,6024.9702,6049.75,6007.3701,6037.5898,,-0.00040565956516847024,-0.00040565956516847024,5.446728673498845
2024-12-27,6006.1699,6006.1699,5932.9502,5970.8398,,-0.011055736181348363,-0.011055736181348363,5.386511078233256
2024-12-30,5920.6699,5940.79,5869.1602,5906.9399,,-0.010701995387650376,-0.010701995387650376,5.328864661518476
2024-12-31,5919.7402,5929.7402,5868.8599,5881.6299,,-0.004284790505486691,-0.004284790505486691,5.306031592811778
2025-01-02,5903.2598,5935.0898,5829.5298,5868.5498,,-0.0022238903539306687,-0.0022238903539306687,5.294231560334873
2025-01-03,5891.0698,5949.3398,5888.6602,5942.4702,,0.0125960250009296,0.0125960250009296,5.360917833429561
2025-01-06,5982.8101,6021.04,5960.0098,5975.3799,,0.005538050489508617,0.005538050489508617,5.390606867061201
2025-01-07,5993.2598,6000.6802,5890.6802,5909.0298,,-0.011103913242403118,-0.011103913242403118,5.33075003608545
2025-01-08,5910.6602,5927.8901,5874.7798,5918.25,,0.001560357674960322,0.001560357674960322,5.339067912817552
2025-01-10,5890.3501,5890.3501,5807.7798,5827.04,,-0.01541165040341319,-0.01541165040341319,5.256784064665127
2025-01-13,5782.02,5838.6099,5773.3101,5836.2202,,0.0015754482550316418,0.0015754482550316418,5.265065855946882
2025-01-14,5859.27,5871.9199,5805.4199,5842.9102,,0.001146289853833915,0.001146289853833915,5.271101147517321
2025-01-15,5905.21,5960.6099,5905.21,5949.9102,,0.018312792142518353,0.018312792142518353,5.367629727193996
2025-01-16,5963.6099,5964.6899,5930.7202,5937.3398,,-0.0021127041547619463,-0.0021127041547619463,5.356289513568129
2025-01-17,5995.3999,6014.96,5978.4399,5996.6602,,0.009991073780214021,0.009991073780214021,5.409804597286374
2025-01-21,6014.1201,6051.5098,6006.8799,6049.2402,,0.00876821401352701,0.00876821401352701,5.457238921766744
2025-01-22,6081.3901,6100.8101,6076.1299,6086.3701,,0.006137944398372452,0.006137944398372452,5.490735150837183
2025-01-23,6076.3198,6118.73,6074.6699,6118.71,,0.005313495477378138,0.005313495477378138,5.519910147228638
2025-01-24,6121.4302,6128.1802,6088.7402,6101.2402,,-0.0028551443032927004,-0.0028551443032927004,5.50415000721709
2025-01-27,5969.04,6017.1699,5962.9199,6012.2798,,-0.014580707705951323,-0.014580707705951323,5.423895604792148
2025-01-28,6026.9702,6074.54,5994.6299,6067.7002,,0.00921786773795863,0.00921786773795863,5.473892357101617
2025-01-29,6057.7002,6062.8301,6012.96,6039.3101,,-0.004678889705196809,-0.004678889705196809,5.448280618504619
2025-01-30,6050.75,6086.6401,6027.46,6071.1699,,0.005275403890917962,0.005275403890917962,5.4770224992782905
2025-01-31,6096.79,6120.9102,6030.9302,6040.5298,,-0.005046819724152329,-0.005046819724152329,5.449380954099308
2025-02-03,5969.6499,6022.1299,5923.9302,5994.5698,,-0.0076086041327037,-0.0076086041327037,5.40791877165127
2025-02-04,5998.1401,6042.48,5990.8701,6037.8799,,0.00722488876516203,0.00722488876516203,5.446990383227482
2025-02-05,6020.4502,6062.8599,6007.0601,6061.48,,0.003908673307662092,0.003908673307662092,5.468280889145496
2025-02-06,6072.2202,6084.0298,6046.8301,6083.5698,,0.003644291493166696,0.003644291493166696,5.488208898672055
2025-02-07,6083.1299,6101.2798,6019.96,6025.9902,,-0.009464771818677886,-0.009464771818677886,5.436264253752887
2025-02-10,6046.3999,6073.3799,6044.8398,6066.4399,,0.006712539957333563,0.006712539957333563,5.472755394774827
2025-02-11,6049.3198,6076.2798,6042.3398,6068.5,,0.0003395896166382695,0.0003395896166382695,5.474613885681293
2025-02-12,6025.0801,6063.0,6003.0,6051.9702,,-0.002723869160418557,-0.002723869160418557,5.459701753752887
2025-02-13,6060.5898,6116.9102,6050.9502,6115.0698,,0.010426290598721133,0.010426290598721133,5.516626190819862
2025-02-14,6115.52,6127.4702,6107.6201,6114.6299,,-7.193703659769124e-05,-7.193703659769124e-05,5.5162293410796766
2025-02-18,6121.6001,6129.6299,6099.5098,6129.5801,,0.0024449885347925804,0.0024449885347925804,5.529716458573903
2025-02-19,6117.7598,6147.4302,6111.1499,6144.1499,,0.0023769654303074095,0.0023769654303074095,5.542860403435335
2025-02-20,6134.5,6134.5,6084.5898,6117.52,,-0.004334187875201456,-0.004334187875201456,5.518836605080832
2025-02-21,6114.1001,6114.8198,6008.5601,6013.1299,,-0.01706412075481578,-0.01706412075481578,5.424662510825635
2025-02-24,6026.6899,6043.6499,5977.8301,5983.25,,-0.004969109348527456,-0.004969109348527456,5.397706769630485
2025-02-25,5982.73,5992.6499,5908.4902,5955.25,,-0.004679730915472358,-0.004679730915472358,5.372446954387991
2025-02-26,5970.8701,6009.8198,5932.6899,5956.0601,,0.0001360312329456992,0.0001360312329456992,5.373177774971131
2025-02-27,5981.8799,5993.6899,5858.7798,5861.5698,,-0.0158645645634099,-0.0158645645634099,5.287934649249423
2025-02-28,5856.7402,5959.3999,5837.6602,5954.5,,0.015854148832280313,0.015854148832280313,5.3717703521939955
2025-03-03,5968.3301,5986.0898,5810.9102,5849.7202,,-0.017596741959862383,-0.017596741959862383,5.277244695438799
2025-03-04,5811.98,5865.0801,5732.5898,5778.1499,,-0.012234824496392016,-0.012234824496392016,5.212678532765589
2025-03-05,5781.3599,5860.5898,5742.3501,5842.6299,,0.011159281277905109,0.011159281277905109,5.270848278724018
2025-03-06,5785.8701,5812.0801,5711.6401,5738.52,,-0.017819013317957988,-0.017819013317957988,5.1769269630484995
2025-03-07,5726.0098,5783.0098,5666.29,5770.2002,,0.005520622041920165,0.005520622041920165,5.205506820150116
2025-03-10,5705.3701,5705.3701,5564.02,5614.5601,,-0.026973084919999946,-0.026973084919999946,5.065098242638568
2025-03-11,5603.6499,5636.2998,5528.4102,5572.0698,,-0.007567876956201647,-0.007567876956201647,5.026766202367206
2025-03-12,5624.8398,5642.1899,5546.0898,5599.2998,,0.004886873455892449,0.004886873455892449,5.051331372690531
2025-03-13,5594.4502,5597.7798,5504.6499,5521.52,,-0.013890986869465216,-0.013890986869465216,4.981163394919169
2025-03-14,5563.8501,5645.27,5563.8501,5638.9399,,0.021265865196540057,0.021265865196540057,5.0870921441974595
2025-03-17,5635.6001,5703.52,5631.1201,5675.1201,,0.006416135061130923,0.006416135061130923,5.119731614463048
2025-03-18,5654.5298,5654.5298,5597.7598,5614.6602,,-0.010653501412243194,-0.010653501412243194,5.06518854647806
2025-03-19,5632.3701,5715.3301,5622.2002,5675.29,,0.010798480734417248,0.010798480734417248,5.119884887413395
2025-03-20,5646.9199,5711.1499,5632.3301,5662.8901,,-0.002184892754379164,-0.002184892754379164,5.1086984880196304
2025-03-21,5630.73,5670.8398,5603.1001,5667.5601,,0.0008246672489724549,0.0008246672489724549,5.112911464347575
2025-03-24,5718.0801,5775.1401,5718.0801,5767.5698,,0.017645988438658167,0.017645988438658167,5.203133840935335
2025-03-25,5775.96,5786.9502,5760.4199,5776.6499,,0.0015743372537944111,0.0015743372537944111,5.211325328377598
2025-03-26,5771.6602,5783.6201,5694.4102,5712.2002,,-0.011156933709969175,-0.011156933709969175,5.153182917147806
2025-03-27,5695.6401,5732.2798,5670.9399,5693.3101,,-0.003306974429922893,-0.003306974429922893,5.136141473008083
2025-03-28,5679.2002,5685.8901,5572.4199,5580.9399,,-0.019737235110379725,-0.019737235110379725,5.034768241195151
2025-03-31,5527.9102,5627.5601,5488.73,5611.8501,,0.005538529450926255,0.005538529450926255,5.062653453377598
2025-04-01,5597.5298,5650.5698,5558.52,5633.0698,,0.0037812307210416396,0.0037812307210416396,5.081796514145497
2025-04-02,5580.7598,5695.3101,5571.48,5670.9702,,0.006728196408998688,0.006728196408998688,5.115987839203233
2025-04-03,5492.7402,5499.5298,5390.8301,5396.52,,-0.04839563431315497,-0.04839563431315497,4.868396362586606
2025-04-04,5292.1401,5292.1401,5069.8999,5074.0801,,-0.05974959788901002,-0.05974959788901002,4.577511637557737
2025-04-07,4953.79,5246.5698,4835.04,5062.25,,-0.002331476793202447,-0.002331476793202447,4.566839275404157
2025-04-08,5193.5698,5267.4702,4910.4199,4982.77,,-0.015700528421156545,-0.015700528421156545,4.49513748556582
2025-04-09,4965.2798,5481.3398,4948.4302,5456.8999,,0.09515388027141536,0.09515388027141536,4.922867259670901
2025-04-10,5353.1499,5353.1499,5115.27,5268.0498,,-0.03460758002909314,-0.03460758002909314,4.752498737009238
2025-04-11,5255.5601,5381.46,5220.77,5363.3599,,0.01809210307768927,0.01809210307768927,4.838481434035797
2025-04-14,5441.96,5459.46,5358.02,5405.9702,,0.0079447027226347,0.0079447027226347,4.876921730658198
2025-04-15,5411.9902,5450.4102,5386.4399,5396.6299,,-0.0017277749699766698,-0.0017277749699766698,4.868495507361431
2025-04-16,5335.75,5367.2402,5220.79,5275.7002,,-0.022408373788982527,-0.022408373788982527,4.759400440242494
2025-04-17,5305.4502,5328.3101,5255.5801,5282.7002,,0.0013268380944011504,0.0013268380944011504,4.765715394053118
2025-04-21,5232.9399,5232.9399,5101.6299,5158.2002,,-0.023567493002915385,-0.023567493002915385,4.653399429849885
2025-04-22,5207.6699,5309.6099,5207.6699,5287.7598,,0.025117210456468753,0.025117210456468753,4.770279842667437
2025-04-23,5395.9199,5469.6899,5356.1699,5375.8599,,0.016661138805889042,0.016661138805889042,4.8497581372690535
2025-04-24,5381.3799,5489.3999,5371.96,5484.77,,0.02025910310646295,0.02025910310646295,4.948009887413395
2025-04-25,5489.73,5528.1099,5455.8599,5525.21,,0.007373144179245283,0.007373144179245283,4.984492277713626
2025-04-28,5529.2202,5553.6602,5468.6401,5528.75,,0.0006406996295162948,0.0006406996295162948,4.987685840069284
2025-04-29,5508.8701,5571.9502,5505.7002,5560.8301,,0.005802414650689647,0.005802414650689647,5.016626461460739
2025-04-30,5499.4399,5581.8398,5433.2402,5569.0601,,0.001479994866234069,0.001479994866234069,5.024051042869515
2025-05-01,5625.1401,5658.9102,5597.3501,5604.1401,,0.0062990880633519986,0.0062990880633519986,5.055697982823325
2025-05-02,5645.8799,5700.7002,5642.2798,5686.6699,,0.014726576874835917,0.014726576874835917,5.130151107823325
2025-05-05,5655.3198,5683.3799,5634.48,5650.3799,,-0.006381590744347632,-0.006381590744347632,5.097412582996536
2025-05-06,5605.8701,5649.5801,5586.04,5606.9102,,-0.00769323492744256,-0.00769323492744256,5.058196990473442
2025-05-07,5614.1802,5654.73,5578.6401,5631.2798,,0.004346351043753138,0.004346351043753138,5.080181690242495
2025-05-08,5663.6001,5720.1001,5635.3799,5663.9399,,0.005799765090699349,0.005799765090699349,5.109645550663973
2025-05-09,5679.6499,5691.6899,5644.1499,5659.9102,,-0.0007114658826093967,-0.0007114658826093967,5.106010212182448
2025-05-12,5807.2002,5845.3701,5786.0801,5844.1899,,0.032558767451822845,0.032558767451822845,5.272255611287529
2025-05-13,5854.1499,5906.6401,5845.02,5886.5498,,0.007248207317835265,0.007248207317835265,5.310470012990762
2025-05-14,5896.7402,5906.5498,5872.1099,5892.5801,,0.0010244201110811701,0.0010244201110811701,5.3159101652713625
2025-05-15,5869.8198,5924.21,5865.1602,5916.9302,,0.004132332456541432,0.004132332456541432,5.337877273383372
2025-05-16,5929.0898,5958.6201,5907.3599,5958.3799,,0.007005271077897834,0.007005271077897834,5.375270550663972
2025-05-19,5902.8799,5968.6099,5895.6899,5963.6001,,0.0008761106353758485,0.0008761106353758485,5.3799798823614315
2025-05-20,5944.6602,5953.0601,5909.2598,5940.46,,-0.003880223289955298,-0.003880223289955298,5.3591043591224015
2025-05-21,5910.1802,5938.3701,5830.9102,5844.6099,,-0.016135130949455068,-0.016135130949455068,5.272634508516166
2025-05-22,5841.2598,5878.0801,5825.8198,5842.0098,,-0.0004448714361587891,-0.0004448714361587891,5.2702888640300225
2025-05-23,5781.8901,5829.5098,5767.4102,5802.8198,,-0.006708307815573966,-0.006708307815573966,5.234934144053118
2025-05-27,5854.0698,5924.3301,5854.0698,5921.54,,0.02045905337263787,0.02045905337263787,5.342035941108545
2025-05-28,5925.54,5939.9199,5881.8799,5888.5498,,-0.0055712196489426935,-0.0055712196489426935,5.3122742855080824
2025-05-29,5939.96,5943.1299,5873.7998,5912.1699,,0.004011191346297238,0.004011191346297238,5.33358283415127
2025-05-30,5903.6699,5922.1401,5843.6602,5911.6899,,-8.118846516902423e-05,-8.118846516902423e-05,5.333149808747113
2025-06-02,5896.6802,5937.3999,5861.4302,5935.9399,,0.004102041955888147,0.004102041955888147,5.35502661301963
2025-06-03,5938.5601,5981.3501,5929.0,5970.3701,,0.005800294575084797,0.005800294575084797,5.386087344832563
2025-06-04,5978.9399,5990.48,5966.1099,5970.8101,,7.369727380890367e-05,7.369727380890367e-05,5.386484284786373
2025-06-05,5985.6699,5999.7002,5921.2002,5939.2998,,-0.005277391086345173,-0.005277391086345173,5.358057700635103
2025-06-06,5987.0601,6016.8701,5978.6299,6000.3599,,0.010280689989752734,0.010280689989752734,5.41314223080254
2025-06-09,6004.6299,6021.3101,5994.1802,6005.8799,,0.0009199448186432146,0.0009199448186432146,5.418122022950346
2025-06-10,6009.9102,6043.0098,6000.2798,6038.8101,,0.005482993424493765,0.005482993424493765,5.447829550375288
2025-06-11,6049.3799,6059.3999,6002.3198,6022.2402,,-0.002743901484830502,-0.002743901484830502,5.43288124278291
2025-06-12,6009.8999,6045.4302,6003.8799,6045.2598,,0.003822431393553538,0.003822431393553538,5.453648058602771
2025-06-13,6000.5601,6026.1602,5963.21,5976.9702,,-0.01129638795672605,-0.01129638795672605,5.392041534353348
2025-06-16,6004.0,6050.8301,6004.0,6033.1099,,0.009392668546348126,0.009392668546348126,5.442687193273672
2025-06-17,6012.1499,6023.25,5974.7998,5982.7202,,-0.008352193285920517,-0.008352193285920517,5.397228817840646
2025-06-18,5987.9302,6018.25,5971.8901,5980.8701,,-0.00030924060262749187,-0.00030924060262749187,5.395559775548499
2025-06-20,5999.6699,6018.2002,5952.5601,5967.8398,,-0.002178662934010256,-0.002178662934010256,5.383804669457274
2025-06-23,5969.6699,6028.77,5943.23,6025.1699,,0.009606507869061698,0.009606507869061698,5.435524231379907
2025-06-24,6061.21,6101.7598,6059.25,6092.1802,,0.01112172787027954,0.01112172787027954,5.495976652713626
2025-06-25,6104.23,6108.5098,6080.0898,6092.1602,,-3.282896983147765e-06,-3.282896983147765e-06,5.4959586099884525
2025-06-26,6112.0898,6146.52,6107.27,6141.02,,0.008020110830309513,0.008020110830309513,5.540036807159353
2025-06-27,6150.7002,6187.6802,6132.3501,6173.0698,,0.0052189701385112475,0.0052189701385112475,5.568950093822171
2025-06-30,6193.3599,6215.0801,6174.9702,6204.9502,,0.005164432127432006,0.005164432127432006,5.597710558602771
2025-07-01,6187.25,6210.7798,6177.9702,6198.0098,,-0.0011185263017905456,-0.0011185263017905456,5.591449372113163
2025-07-02,6193.8799,6227.6001,6188.29,6227.4199,,0.004745087689277394,0.004745087689277394,5.617981289693995
2025-07-03,6246.46,6284.6499,6246.46,6279.3501,,0.008338959124949863,0.008338959124949863,5.664829406033487
2025-07-07,6259.04,6262.0698,6201.0,6229.98,,-0.007862294539047965,-0.007862294539047965,5.620290848729792
2025-07-08,6234.0298,6242.7002,6217.75,6225.52,,-0.0007158931489344988,-0.0007158931489344988,5.616267321016166
2025-07-09,6243.3301,6269.1602,6231.4302,6263.2598,,0.0060621120805972595,0.0060621120805972595,5.650313762990762
2025-07-10,6266.7998,6290.2202,6251.4399,6280.46,,0.00274620573778539,0.00274620573778539,5.665830687066975
2025-07-11,6255.6802,6269.4399,6237.6001,6259.75,,-0.0032975291618766445,-0.0032975291618766445,5.647147445150115
2025-07-14,6255.1499,6273.3101,6239.2202,6268.5601,,0.0014074204241383281,0.0014074204241383281,5.65509535580254
2025-07-15,6295.29,6302.04,6241.6802,6243.7598,,-0.003956299310267419,-0.003956299310267419,5.632722105946882
2025-07-16,6254.5,6268.1201,6201.5898,6263.7002,,0.003193652644997824,0.003193652644997824,5.6507110637990765
2025-07-17,6263.3999,6304.6899,6262.27,6297.3599,,0.005373772518678432,0.005373772518678432,5.681076699624712
2025-07-18,6312.9502,6315.6099,6285.27,6296.79,,-9.049824196971645e-05,-9.049824196971645e-05,5.680562572170901
2025-07-21,6304.7402,6336.0801,6303.79,6305.6001,,0.0013991414673191205,0.0013991414673191205,5.688510482823325
2025-07-22,6306.6001,6316.1201,6281.71,6309.6201,,0.0006375285359438987,0.0006375285359438987,5.692137070583141
2025-07-23,6326.8999,6360.6401,6317.4902,6358.9102,,0.00781189663067039,0.00781189663067039,5.736603456986144
2025-07-24,6368.6001,6381.3101,6360.5698,6363.3501,,0.0006982171253180347,0.0006982171253180347,5.740608851760969
2025-07-25,6370.0098,6395.8198,6368.5298,6388.6401,,0.003974321639163003,0.003974321639163003,5.763423877742494
2025-07-28,6397.6899,6401.0698,6375.79,6389.77,,0.0001768608001568861,0.0001768608001568861,5.764443201501155
2025-07-29,6405.6201,6409.2598,6363.9199,6370.8599,,-0.0029594335946364625,-0.0029594335946364625,5.747383714636259
2025-07-30,6381.23,6396.54,6336.3799,6362.8999,,-0.0012494388708814697,-0.0012494388708814697,5.740202710017321
2025-07-31,6427.02,6427.02,6327.6401,6339.3901,,-0.003694824744924996,-0.003694824744924996,5.718993667003463
2025-08-01,6287.2798,6287.2798,6212.6899,6238.0098,,-0.01599212201817335,-0.01599212201817335,5.627534822459584
2025-08-04,6271.71,6330.6899,6271.71,6329.9399,,0.01473708810140062,0.01473708810140062,5.710468298931871
2025-08-05,6336.6299,6346.0,6289.3701,6299.1899,,-0.004857866028080249,-0.004857866028080249,5.68272760897806
2025-08-06,6309.2998,6352.8301,6301.1099,6345.0601,,0.007281920489490057,0.007281920489490057,5.724108779590069
2025-08-07,6374.3198,6389.71,6310.3198,6340.0,,-0.0007974865360218519,-0.0007974865360218519,5.719543879907621
2025-08-08,6355.2202,6395.1602,6355.2202,6389.4502,,0.007799716088328079,0.007799716088328079,5.764154698325635
2025-08-11,6389.6699,6407.25,6364.0601,6373.4502,,-0.0025041278199492423,-0.0025041278199492423,5.749720518187067
2025-08-12,6395.1699,6446.5498,6385.7598,6445.7598,,0.011345440496263626,0.011345440496263626,5.814953630196305
2025-08-13,6462.6699,6480.2798,6445.02,6466.5801,,0.0032300769259197004,0.0032300769259197004,5.833736377742494
2025-08-14,6453.46,6473.9199,6441.0698,6468.54,,0.0003030813768161167,0.0003030813768161167,5.835504474595843
2025-08-15,6477.3799,6481.3398,6441.8501,6449.7998,,-0.002897129800542353,-0.002897129800542353,5.818598260681293
2025-08-18,6445.02,6455.3501,6437.7002,6449.1499,,-0.00010076281747528615,-0.00010076281747528615,5.81801196232679
2025-08-19,6446.2402,6456.48,6400.2202,6411.3701,,-0.005858105422545723,-0.005858105422545723,5.7839294349018475
2025-08-20,6406.6201,6408.3999,6343.8599,6395.7798,,-0.0024316643333380794,-0.0024316643333380794,5.769864859988453
2025-08-21,6380.8301,6393.6499,6352.71,6370.1699,,-0.004004187261106185,-0.004004187261106185,5.746761240617783
2025-08-22,6384.5898,6478.8901,6384.5898,6466.9102,,0.0151864552309664,0.0151864552309664,5.834034172921478
2025-08-25,6457.6699,6466.8901,6438.0601,6439.3198,,-0.004266396029436126,-0.004266396029436126,5.809143872690531
2025-08-26,6435.4902,6468.3701,6429.21,6465.9399,,0.00413399253753477,0.00413399253753477,5.8331588301097
2025-08-27,6462.2598,6487.0601,6457.8398,6481.3999,,0.002390990364757428,0.002390990364757428,5.847105856668591
2025-08-28,6483.8398,6508.23,6466.96,6501.8599,,0.003156725447537978,0.003156725447537978,5.8655635645207855
2025-08-29,6489.2798,6491.7598,6444.5698,6460.2598,,-0.006398184617912306,-0.006398184617912306,5.828034605946882
2025-09-02,6401.5098,6416.54,6360.5801,6415.54,,-0.0069222912676050186,-0.0069222912676050186,5.787691252886836
2025-09-03,6445.8198,6453.6699,6416.1699,6448.2598,,0.005100085105852248,0.005100085105852248,5.817208970842956
2025-09-04,6456.6001,6502.54,6445.98,6502.0801,,0.008346484426697609,0.008346484426697609,5.865762214924942
2025-09-05,6529.0801,6532.6499,6443.98,6481.5,,-0.00316515633204828,-0.00316515633204828,5.847196160508083
2025-09-08,6498.0898,6508.6699,6483.29,6495.1499,,0.002105978554347132,0.002105978554347132,5.859510230225173
2025-09-09,6503.3301,6518.23,6483.0801,6512.6099,,0.0026881596681855857,0.0026881596681855857,5.875261529301386
2025-09-10,6550.29,6555.9702,6516.3398,6532.04,,0.0029834582906616003,0.0029834582906616003,5.892790127020785
2025-09-11,6554.4102,6592.8901,6545.7998,6587.4702,,0.008485894146392114,0.008485894146392114,5.942795720265589
2025-09-12,6590.6602,6600.21,6579.4902,6584.29,,-0.00048276499224231273,-0.00048276499224231273,5.9399267465357966
2025-09-15,6603.4902,6619.6201,6602.0698,6615.2798,,0.00470662744198691,0.00470662744198691,5.967883768764434
2025-09-16,6624.1299,6626.9902,6600.1099,6606.7598,,-0.001287927382905285,-0.001287927382905285,5.9601975678406465
2025-09-17,6604.8701,6624.3901,6551.1499,6600.3501,,-0.0009701730037166012,-0.0009701730037166012,5.95441514506351
2025-09-18,6626.8501,6656.7998,6611.8901,6631.96,,0.004789124746579887,0.004789124746579887,5.9829315819861435
2025-09-19,6647.1099,6671.8198,6630.3101,6664.3599,,0.0048854184886519825,0.0048854184886519825,6.012160706553118
2025-09-22,6654.2798,6698.8799,6648.0698,6693.75,,0.004410040940315829,0.004410040940315829,6.038674581408776
2025-09-23,6692.4399,6699.52,6645.5801,6656.9199,,-0.005502162464986027,-0.005502162464986027,6.005448812788684
2025-09-24,6669.79,6672.6602,6621.7598,6637.9702,,-0.002846616796455703,-0.002846616796455703,5.988353601327944
2025-09-25,6608.1899,6619.0,6569.2202,6604.7202,,-0.005009061354327882,-0.005009061354327882,5.9583575707274825
2025-09-26,6615.3799,6648.9702,6604.4302,6643.7002,,0.005901839717600721,0.005901839717600721,5.993522842090069
2025-09-29,6661.5801,6677.3101,6644.4902,6661.21,,0.0026355493885772407,0.0026355493885772407,6.009319067551963
2025-09-30,6656.1899,6691.25,6641.0,6688.46,,0.0040908483593822265,0.0040908483593822265,6.033902280600461
2025-10-01,6664.9199,6718.48,6656.2002,6711.2002,,0.00339991567565634,0.00339991567565634,6.054417039549653
2025-10-02,6731.3101,6731.9399,6693.23,6715.3501,,0.0006183543742295239,0.0006183543742295239,6.058160814809469
2025-10-03,6722.1401,6750.8701,6705.6699,6715.79,,6.550663680227053e-05,6.550663680227053e-05,6.058557664549653
2025-10-06,6733.8599,6749.52,6717.7798,6740.2798,,0.003646600027696012,0.003646600027696012,6.080650801096998
2025-10-07,6746.1401,6754.4902,6699.96,6714.5898,,-0.0038114144757017687,-0.0038114144757017687,6.057474920612009
2025-10-08,6723.8701,6755.6401,6718.0898,6753.7202,,0.005827667983530516,0.005827667983530516,6.0927758732678985
2025-10-09,6760.5,6764.5801,6716.1699,6735.1099,,-0.002755562778570475,-0.002755562778570475,6.075986846853349
2025-10-10,6740.4902,6762.3999,6550.7798,6552.5098,,-0.02711167341159504,-0.02711167341159504,5.911256675808314
2025-10-13,6622.5298,6668.6802,6620.71,6654.7202,,0.015598664194290901,0.015598664194290901,6.003464383660508
2025-10-14,6602.4902,6680.7002,6555.0698,6644.3101,,-0.0015643182113050935,-0.0015643182113050935,5.994073054994226
2025-10-15,6688.27,6724.1201,6612.1099,6671.0601,,0.004026001134414203,0.004026001134414203,6.018205199913394
2025-10-16,6689.02,6709.3398,6593.9902,6629.0698,,-0.006294396898028132,-0.006294396898028132,5.980324227771363
2025-10-17,6613.27,6678.8799,6603.7598,6664.0098,,0.005270724408422911,0.005270724408422911,6.011844868648961
2025-10-20,6690.0498,6744.3501,6690.0498,6735.1299,,0.010672268219053427,0.010672268219053427,6.076004889578522
2025-10-21,6736.75,6752.1602,6722.0298,6735.3501,,3.269424692153855e-05,3.269424692153855e-05,6.076203539982679
2025-10-22,6741.3398,6741.75,6655.6899,6699.3999,,-0.0053375399149628855,-0.0053375399149628855,6.043771561056582
2025-10-23,6703.6499,6749.5298,6700.1401,6738.4399,,0.005827387614224966,0.005827387614224966,6.078990960594688
2025-10-24,6772.0698,6807.1099,6772.0698,6791.6899,,0.007902422636432593,0.007902422636432593,6.1270297163683605
2025-10-27,6845.46,6877.2798,6843.9399,6875.1602,,0.012290063478899382,0.012290063478899382,6.2023313005196306
2025-10-28,6897.7402,6911.2998,6870.73,6890.8901,,0.002287932141566529,0.002287932141566529,6.216521813654734
2025-10-29,6910.9502,6920.3398,6851.9102,6890.5898,,-4.3579275774474624e-05,-4.3579275774474624e-05,6.216250902136259
2025-10-30,6860.5,6880.75,6820.6899,6822.3398,,-0.009904812502407268,-0.009904812502407268,6.154680102482678
2025-10-31,6879.1699,6879.1699,6814.2598,6840.2002,,0.0026179288226013675,0.0026179288226013675,6.170792616916859
2025-11-03,6882.3198,6882.3198,6820.6201,6851.9702,,0.0017207098704508095,0.0017207098704508095,6.181410760681293
2025-11-04,6788.52,6820.21,6766.71,6771.5498,,-0.011736828627771922,-0.011736828627771922,6.108860601905311
2025-11-05,6769.77,6829.7798,6763.1099,6796.29,,0.003653550624407975,0.003653550624407975,6.131179633371825
2025-11-06,6787.5898,6796.6802,6707.5098,6720.3198,,-0.011178186922570998,-0.011178186922570998,6.062644161374134
2025-11-07,6696.1802,6730.1099,6631.4399,6728.7998,,0.0012618447116161668,0.0012618447116161668,6.070294276847575
2025-11-10,6785.3599,6841.3198,6770.5601,6832.4302,,0.015401022928338559,0.015401022928338559,6.1637830181870665
2025-11-11,6815.6401,6855.1299,6806.8701,6846.6099,,0.0020753523394940743,0.0020753523394940743,6.176575039693995
2025-11-12,6867.77,6869.9102,6829.6201,6850.9199,,0.0006295086273280237,0.0006295086273280237,6.180463246968822
2025-11-13,6826.4702,6828.0498,6724.7202,6737.4902,,-0.016556856839035516,-0.016556856839035516,6.0781342017898385
2025-11-14,6672.1401,6774.3101,6646.8701,6734.1099,,-0.0005017150154815742,-0.0005017150154815742,6.075084710594688
2025-11-17,6713.6099,6754.5,6638.8999,6672.4102,,-0.009162265082724663,-0.009162265082724663,6.019423174076213
2025-11-18,6641.1899,6666.6299,6574.3198,6617.3198,,-0.008256446823368235,-0.008256446823368235,5.9697241267321015
2025-11-19,6625.8398,6689.75,6603.5,6642.1602,,0.0037538460813091312,0.0037538460813091312,5.992133552251732
2025-11-20,6737.9302,6770.3501,6534.0498,6538.7598,,-0.015567284872171627,-0.015567284872171627,5.898852302251732
2025-11-21,6555.77,6660.0498,6521.9199,6602.9902,,0.00982302484945241,0.00982302484945241,5.956796875
2025-11-24,6636.54,6715.75,6630.7002,6705.1201,,0.015467219684802691,0.015467219684802691,6.048931960883372
2025-11-25,6697.0298,6776.3999,6659.98,6765.8799,,0.009061701967127966,0.009061701967127966,6.103745579532332
2025-11-26,6793.5498,6831.4399,6783.8701,6812.6099,,0.006906714380194634,0.006906714380194634,6.1459024068995385
2025-11-28,6822.52,6850.8599,6819.75,6849.0898,,0.005354761322822643,0.005354761322822643,6.178812247401847
2025-12-01,6812.2998,6843.6499,6799.9399,6812.6299,,-0.005323320479751925,-0.005323320479751925,6.145920449624711
2025-12-02,6830.96,6851.5498,6806.71,6829.3701,,0.0024572302100251964,0.0024572302100251964,6.16102239102194
2025-12-03,6815.29,6862.4199,6810.4302,6849.7202,,0.0029797916501845823,0.0029797916501845823,6.179380954099307
2025-12-04,6866.4702,6866.4702,6827.1201,6857.1201,,0.001080321499847603,0.001080321499847603,6.186056672199769
2025-12-05,6866.3198,6895.7798,6858.29,6870.3999,,0.001936643927237025,0.001936643927237025,6.198036861287529
2025-12-08,6875.2002,6878.27,6827.1899,6846.5098,,-0.0034772502834952146,-0.0034772502834952146,6.176484735854503
2025-12-09,6840.6099,6864.9199,6837.4302,6840.5098,,-0.0008763589296256757,-0.0008763589296256757,6.17107191830254
2025-12-10,6833.4902,6900.6699,6824.6899,6886.6802,,0.006749555420562325,0.006749555420562325,6.212723910219399
2025-12-11,6861.2998,6903.46,6833.4502,6901.0,,0.002079347317449187,0.002079347317449187,6.225642321016166
2025-12-12,6886.8501,6899.8501,6801.79,6827.4102,,-0.010663642950296981,-0.010663642950296981,6.1592542941685915
2025-12-15,6860.1899,6861.5898,6801.4902,6816.5098,,-0.0015965643898180337,-0.0015965643898180337,6.149420648094688
2025-12-16,6800.1201,6819.27,6759.7402,6800.2598,,-0.0023839179399404165,-0.0023839179399404165,6.134760933891455
2025-12-17,6802.8799,6812.2598,6720.4302,6721.4302,,-0.011592145347152805,-0.011592145347152805,6.0636458934757504
2025-12-18,6778.0601,6816.1299,6758.5,6774.7598,,0.007934263752378268,0.007934263752378268,6.111756459295612
2025-12-19,6792.6201,6840.02,6792.6201,6834.5,,0.008818054331608982,0.008818054331608982,6.1656502598152425
2025-12-22,6865.21,6882.0298,6855.7402,6878.4902,,0.006436491330748417,0.006436491330748417,6.20533541426097
2025-12-23,6872.4102,6910.8799,6868.8101,6909.79,,0.0045503881069715035,0.0045503881069715035,6.233572098729792
2025-12-24,6904.9102,6937.3198,6904.9102,6932.0498,,0.0032214871942561896,0.0032214871942561896,6.253653471420323
2025-12-26,6936.02,6945.77,6921.6001,6929.9399,,-0.00030436884628259886,-0.00030436884628259886,6.251750054128176
2025-12-29,6903.6001,6920.21,6888.7598,6905.7402,,-0.00349205048661394,-0.00349205048661394,6.229918627309469
2025-12-30,6900.4399,6913.25,6893.4702,6896.2402,,-0.001375667158750038,-0.001375667158750038,6.221348332852194
2025-12-31,6898.8198,6901.4199,6844.5498,6845.5,,-0.007357661352921041,-0.007357661352921041,6.175573758660508
2026-01-02,6878.1099,6894.8701,6824.3101,6858.4702,,0.0018947045504345006,0.0018947045504345006,6.187274646362586
2026-01-05,6892.1899,6920.3799,6891.5601,6902.0498,,0.006354128359411737,0.006354128359411737,6.2265893836605075
2026-01-06,6908.0298,6948.6899,6904.02,6944.8198,,0.006196709852774429,0.006196709852774429,6.2651737514434185
2026-01-07,6945.0698,6965.6899,6919.1899,6920.9302,,-0.0034399164683870387,-0.0034399164683870387,6.243622077078522
2026-01-08,6914.1099,6931.2798,6899.3301,6921.46,,7.655040358600651e-05,7.655040358600651e-05,6.244100028868361
2026-01-09,6927.8301,6978.3599,6917.6401,6966.2798,,0.0064754834962565955,0.0064754834962565955,6.284533595554272
2026-01-12,6944.1201,6986.3301,6934.0698,6977.27,,0.001577628277290799,0.001577628277290799,6.2944482534642034
2026-01-13,6977.4102,6985.8301,6938.77,6963.7402,,-0.0019391251879317117,-0.0019391251879317117,6.282242530311779
2026-01-14,6937.4102,6941.2998,6885.7402,6926.6001,,-0.005333355198977818,-0.005333355198977818,6.248737099451501
2026-01-15,6969.46,6979.3398,6937.9302,6944.4702,,0.0025799237348782533,0.0025799237348782533,6.26485836460739
2026-01-16,6960.54,6967.2998,6925.0898,6940.0098,,-0.0006422952178555263,-0.0006422952178555263,6.2608344760392605
2026-01-20,6865.2402,6871.1699,6789.0498,6796.8599,,-0.020626757616394098,-0.020626757616394098,6.131693760825636
2026-01-21,6810.71,6910.3901,6804.96,6875.6201,,0.011587733329621708,0.011587733329621708,6.202746192984988
2026-01-22,6914.4399,6934.75,6893.6201,6913.3501,,0.0054875050469993525,0.0054875050469993525,6.236783794024249
2026-01-23,6907.8501,6932.96,6895.5,6915.6099,,0.0003268748099420904,0.0003268748099420904,6.23882244154157
2026-01-26,6923.23,6964.6602,6921.6001,6950.23,,0.005006080519376788,0.005006080519376788,6.270054489030023
2026-01-27,6965.96,6988.8198,6958.8301,6978.6001,,0.004081893692726712,0.004081893692726712,6.2956481849018475
2026-01-28,7002.0,7002.2798,6963.46,6978.0298,,-8.172126097316657e-05,-8.172126097316657e-05,6.295133696593534
2026-01-29,6977.7402,6992.8398,6870.7998,6969.0098,,-0.0012926284722946102,-0.0012926284722946102,6.286996427540416
2026-01-30,6947.27,6964.0898,6893.48,6939.0298,,-0.004301902402260915,-0.004301902402260915,6.259950382505774
2026-02-02,6916.6401,6991.9199,6914.3398,6976.4399,,0.005391258011314459,0.005391258011314459,6.293699390155889
2026-02-03,6985.4502,6993.0801,6862.0498,6917.8101,,-0.008403971200268034,-0.008403971200268034,6.240807321737875
2026-02-04,6924.5,6936.0898,6838.7998,6882.7202,,-0.00507240000704845,-0.00507240000704845,6.209151450635104
2026-02-05,6837.3901,6857.8501,6780.1299,6798.3999,,-0.012251013777953568,-0.012251013777953568,6.133083050663973
2026-02-06,6816.7402,6944.8901,6816.7402,6932.2998,,0.019695796359375572,0.019695796359375572,6.253879005484988
2026-02-09,6917.2598,6980.1001,6905.8701,6964.8198,,0.004691083902632176,0.004691083902632176,6.283216476616628
2026-02-10,6974.4902,6986.8301,6937.5298,6941.8101,,-0.0033037035645919755,-0.0033037035645919755,6.262458591945727
2026-02-11,6976.48,6993.48,6911.9702,6941.4702,,-4.89641743440794e-05,-4.89641743440794e-05,6.262151955831408
2026-02-12,6957.54,6973.2202,6824.04,6832.7598,,-0.015661005070654932,-0.015661005070654932,6.164080362297921
2026-02-13,6834.27,6881.96,6794.5498,6836.1699,,0.0004990809131033558,0.0004990809131033558,6.167156737153579
2026-02-17,6819.8599,6866.9902,6775.5,6843.2202,,0.0010313231097429654,0.0010313231097429654,6.173517068418014
2026-02-18,6855.48,6909.1201,6849.6602,6881.3101,,0.005566078379298567,0.005566078379298567,6.207879348296767
2026-02-19,6861.3398,6879.1201,6833.0601,6861.8901,,-0.00282213702300671,-0.00282213702300671,6.19035986215358
2026-02-20,6843.2598,6915.8599,6836.3301,6909.5098,,0.006939735161307858,0.006939735161307858,6.233319320150115
2026-02-23,6901.25,6916.96,6819.8198,6837.75,,-0.010385657170643214,-0.010385657170643214,6.168582202655889
2026-02-24,6837.3701,6899.1699,6815.4302,6890.0698,,0.007651610544404219,0.007651610544404219,6.2157817912817555
2026-02-25,6915.1499,6952.5098,6915.1499,6946.1299,,0.008136361695493921,0.008136361695493921,6.266355640155889
2026-02-26,6944.7402,6947.25,6859.73,6908.8599,,-0.0053655777442341845,-0.0053655777442341845,6.232733021795612
2026-02-27,6856.54,6882.96,6831.7402,6878.8799,,-0.0043393556149546875,-0.0043393556149546875,6.20568697676097
2026-03-02,6824.3599,6901.0098,6796.8501,6881.6201,,0.00039834973714247823,0.00039834973714247823,6.208159010536951
2026-03-03,6800.2598,6840.0498,6710.4199,6816.6299,,-0.00944402612402273,-0.00944402612402273,6.149528994659353
2026-03-04,6831.6899,6885.9399,6811.6401,6869.5,,0.0077560467233228625,0.0077560467233228625,6.197225028868361
2026-03-05,6851.0801,6870.4302,6770.7798,6830.71,,-0.005646699177523806,-0.005646699177523806,6.162231163394919
2026-03-06,6769.0298,6773.4199,6711.5601,6740.02,,-0.013276804314631963,-0.013276804314631963,6.080416426096998
2026-03-09,6699.7998,6810.4399,6636.04,6795.9902,,0.008304159334838745,0.008304159334838745,6.130909172921478
2026-03-10,6796.5601,6845.0801,6759.7402,6781.48,,-0.0021351119664652085,-0.0021351119664652085,6.117818995381062
2026-03-11,6790.0898,6811.1499,6745.5898,6775.7998,,-0.0008376047706399881,-0.0008376047706399881,6.112694681004618
2026-03-12,6725.48,6740.8799,6670.3999,6672.6201,,-0.01522767836204364,-0.01522767836204364,6.019612532476906
2026-03-13,6673.4902,6733.2998,6623.9199,6632.1899,,-0.0060591191157428614,-0.0060591191157428614,5.983138983112009
2026-03-16,6674.3701,6729.79,6674.3701,6699.3799,,0.010130892060252972,0.010130892060252972,6.043753518331409
2026-03-17,6722.3501,6754.2998,6710.7998,6716.0898,,0.002494245773403625,0.002494245773403625,6.058828125
2026-03-18,6697.1602,6705.1802,6621.6602,6624.7002,,-0.013607560756558001,-0.013607560756558001,5.97638225317552
2026-03-19,6583.1201,6636.7402,6557.8198,6606.4902,,-0.002748803636427155,-0.002748803636427155,5.959954351905312
2026-03-20,6594.6602,6594.6602,6473.52,6506.48,,-0.015138174275956762,-0.015138174275956762,5.869731524249422
2026-03-23,6574.96,6651.6201,6565.5498,6581.0,,0.011453197427795159,0.011453197427795159,5.936958718244804
2026-03-24,6552.0898,6595.75,6525.1099,6556.3701,,-0.003742577115939838,-0.003742577115939838,5.914739192407621
2026-03-25,6598.3501,6633.9399,6568.4102,6591.8999,,0.005419126659735207,0.005419126659735207,5.9467919132505775
2026-03-26,6555.8599,6573.2202,6473.79,6477.1602,,-0.017406165406122165,-0.017406165406122165,5.843281069572749
2026-03-27,6453.8901,6453.8901,6356.0801,6368.8501,,-0.01672184980078162,-0.01672184980078162,5.745570601183602
2026-03-30,6403.3701,6427.3101,6316.9102,6343.7202,,-0.0039457515258523035,-0.0039457515258523035,5.72290000721709
2026-03-31,6395.8799,6539.0498,6395.8799,6528.52,,0.02913113980027071,0.02913113980027071,5.889614607390301
2026-04-01,6556.5601,6609.6699,6554.29,6575.3198,,0.007168515988309698,0.007168515988309698,5.93183440386836
2026-04-02,6512.6099,6601.9102,6474.9399,6582.6899,,0.0011208732387435472,0.0011208732387435472,5.938483238308314
2026-04-06,6587.6602,6618.1299,6579.7202,6611.8301,,0.004426792153766845,0.004426792153766845,5.964771669312933
2026-04-07,6601.9302,6618.2598,6534.5498,6616.8501,,0.0007592451596720728,0.0007592451596720728,5.969300393331408
2026-04-08,6754.3599,6793.5,6740.2798,6782.8101,,0.025081420538754617,0.025081420538754617,6.119018926818707
2026-04-09,6783.6899,6835.3101,6761.5498,6824.6602,,0.0061700238371704685,0.0061700238371704685,6.1567734194572745
2026-04-10,6839.2402,6845.77,6808.46,6816.8901,,-0.0011385328752339108,-0.0011385328752339108,6.149763730513857
2026-04-13,6806.4702,6887.0,6790.02,6886.2402,,0.010173275347361121,0.010173275347361121,6.212326970265589
2026-04-14,6910.2002,6969.4199,6905.1699,6967.3799,,0.011782873911368785,0.011782873911368785,6.285526035652425
2026-04-15,6978.1699,7026.2402,6967.1299,7022.9502,,0.007975781541638138,0.007975781541638138,6.335658018187067
2026-04-16,7037.7798,7051.23,7008.52,7041.2798,,0.0026099572797768644,0.0026099572797768644,6.352193814953811
2026-04-17,7074.5498,7147.52,7074.5498,7126.0601,,0.012040467416164713,0.012040467416164713,6.428677197603926
2026-04-20,7117.0498,7122.6499,7084.4102,7109.1401,,-0.002374383567155136,-0.002374383567155136,6.41341305210739
2026-04-21,7122.6401,7137.27,7050.2002,7064.0098,,-0.006348207992131094,-0.006348207992131094,6.372699372113163
2026-04-22,7102.9102,7138.6401,7102.9102,7137.8999,,0.010460078920049076,0.010460078920049076,6.439358310479215
2026-04-23,7118.7998,7147.7798,7046.5498,7108.3999,,-0.004132868268438505,-0.004132868268438505,6.41274529084873
2026-04-24,7136.48,7168.5898,7112.8198,7165.0801,,0.0079736932076655,0.0079736932076655,6.463878554416859
2026-04-27,7152.7202,7178.7402,7146.7202,7173.9102,,0.0012323798027045196,0.0012323798027045196,6.471844507794457
2026-04-28,7133.7402,7152.52,7115.1699,7138.7998,,-0.004894178909571556,-0.004894178909571556,6.440170142898383
2026-04-29,7131.6099,7145.6299,7107.8599,7135.9502,,-0.00039917074015716203,-0.00039917074015716203,6.437599415415704
2026-04-30,7161.75,7219.8301,7126.1499,7209.0098,,0.01023824409536922,0.01023824409536922,6.503509129618937
2026-05-01,7234.54,7272.52,7229.3198,7230.1201,,0.0029283217231859116,0.0029283217231859116,6.522553496680138
2026-05-04,7228.3799,7244.54,7174.1201,7200.75,,-0.004062187016782737,-0.004062187016782737,6.496057664549653
2026-05-05,7233.6201,7273.2598,7233.6201,7259.2202,,0.008120015276186443,0.008120015276186443,6.548805752020785
2026-05-06,7294.1401,7369.2202,7294.1401,7365.1201,,0.014588330024759566,0.014588330024759566,6.644341891599307
2026-05-07,7376.7798,7385.02,7321.25,7337.1099,,-0.0038030880175328186,-0.0038030880175328186,6.6190728745669745
2026-05-08,7362.9702,7401.5,7362.9702,7398.9302,,0.008425701787566187,0.008425701787566187,6.6748432087182445
2026-05-11,7385.3101,7428.9702,7384.2002,7412.8398,,0.0018799474551063344,0.0018799474551063344,6.687391563221708
2026-05-12,7390.6299,7409.5698,7338.54,7400.96,,-0.0016025976981183243,-0.0016025976981183243,6.676674364896074
2026-05-13,7409.1201,7460.04,7375.1299,7444.25,,0.0058492411795225685,0.0058492411795225685,6.715727843533487
2026-05-14,7454.3999,7517.1201,7454.3999,7501.2402,,0.007655599959700554,0.007655599959700554,6.767140769341801
2026-05-15,7445.1099,7454.8501,7397.5,7408.5,,-0.012363315602132108,-0.012363315602132108,6.683476472286374
2026-05-18,7418.3901,7434.0601,7353.1699,7403.0498,,-0.0007356684888979448,-0.0007356684888979448,6.678559649249422
2026-05-19,7375.75,7395.3198,7333.6802,7353.6099,,-0.006678315199230345,-0.006678315199230345,6.633958122834874
2026-05-20,7369.1899,7435.6899,7357.46,7432.9702,,0.01079201930469531,0.01079201930469531,6.705551926963048
2026-05-21,7410.7798,7465.96,7389.48,7445.7202,,0.001715330434124418,0.001715330434124418,6.717054164260969
2026-05-22,7468.8198,7506.3198,7463.29,7473.4702,,0.003726973248336707,0.003726973248336707,6.742088445438799
2026-05-26,7511.79,7539.0898,7501.1001,7519.1201,,0.006108260122586806,0.006108260122586806,6.7832708754330255
2026-05-27,7526.0098,7530.7202,7499.7202,7520.3599,,0.00016488631429090184,0.00016488631429090184,6.784389343966513
2026-05-28,7519.8198,7568.7202,7508.04,7563.6299,,0.005753713994459231,0.005753713994459231,6.823424779878753
2026-05-29,7579.3301,7599.3799,7563.5498,7580.0601,,0.0021722638755763413,0.0021722638755763413,6.838247059035797
2026-06-01,7582.29,7617.6602,7562.6099,7599.96,,0.002625295807351158,0.002625295807351158,6.856199480369515
2026-06-02,7595.3999,7620.8999,7582.9902,7609.7798,,0.0012920857478198045,0.0012920857478198045,6.8650582780023095
2026-06-03,7605.3101,7605.3501,7551.2202,7553.6802,,-0.007372039858498991,-0.007372039858498991,6.814448794745958
2026-06-04,7516.54,7598.1899,7516.54,7584.3101,,0.004054963830742997,0.004054963830742997,6.842081138135104
2026-06-05,7537.3599,7541.8101,7368.6299,7383.7402,,-0.02644537174185424,-0.02644537174185424,6.661139758949192
2026-06-08,7440.5698,7466.8101,7395.1299,7405.73,,0.002978138369494454,0.002978138369494454,6.680977554849884
2026-06-09,7438.6602,7483.1499,7237.8501,7386.6499,,-0.0025763969250836016,-0.0025763969250836016,6.663764704821016
2026-06-10,7350.54,7396.5601,7265.9302,7266.9902,,-0.01619945464045891,-0.01619945464045891,6.555815350750578
2026-06-11,7287.6699,7412.6802,7257.3301,7394.2998,,0.017518889732368148,0.017518889732368148,6.670665956986143
2026-06-12,7410.8501,7456.3999,7363.0098,7431.46,,0.005025519792962729,0.005025519792962729,6.704189520785219
2026-06-15,7516.75,7577.9199,7516.75,7554.29,,0.016528380695045142,0.016528380695045142,6.81499891743649
2026-06-16,7548.7798,7564.96,7508.6802,7511.3501,,-0.005684174157995048,-0.005684174157995048,6.776261276703233
2026-06-17,7524.5,7532.1699,7402.6099,7420.1001,,-0.01214828210443819,-0.01214828210443819,6.6939413431004615
2026-06-18,7487.3599,7511.0698,7468.3198,7500.5801,,0.010846214864405956,0.010846214864405956,6.76654526919746
2026-06-22,7500.4399,7530.0098,7460.0098,7472.79,,-0.0037050600926187283,-0.0037050600926187283,6.7414748123556585
2026-06-23,7366.5098,7424.1699,7347.6001,7365.46,,-0.014362774813690748,-0.014362774813690748,6.644648527713626
2026-06-24,7370.8799,7428.0601,7336.8198,7358.2202,,-0.0009829392868877518,-0.0009829392868877518,6.6381172416281755
2026-06-25,7404.9102,7419.0801,7323.5,7357.4902,,-9.92087733389102e-05,-9.92087733389102e-05,6.6374586821593535
2026-06-26,7312.7402,7392.9502,7294.1802,7354.02,,-0.00047165540227289693,-0.00047165540227289693,6.6343280889145495
2026-06-29,7391.8799,7444.3198,7348.8799,7440.4302,,0.011750063230722807,0.011750063230722807,6.712281863452656
2026-06-30,7441.27,7508.29,7438.04,7499.3599,,0.00792020063571064,0.00792020063571064,6.765444482534642
2026-07-01,7478.8398,7521.8101,7449.6299,7483.23,,-0.0021508369000934335,-0.0021508369000934335,6.750893114896074
2026-07-02,7495.1401,7540.75,7427.5498,7483.2402,,1.3630477748716174e-06,1.3630477748716174e-06,6.750902316685912
2026-07-06,7506.96,7551.3101,7500.9702,7537.4302,,0.007241515513560559,0.007241515513560559,6.799789080542725
2026-07-07,7516.6299,7536.0601,7478.6299,7503.8501,,-0.004455112566083885,-0.004455112566083885,6.769495254763279
2026-07-08,7476.54,7488.5098,7421.8198,7482.71,,-0.0028172337824284854,-0.0028172337824284854,6.75042400404157
2026-07-09,7491.6001,7546.8901,7481.73,7543.6401,,0.008142785167405853,0.008142785167405853,6.805391256495381
2026-07-10,7547.6401,7579.9302,7508.1602,7575.3901,,0.004208843420300479,0.004208843420300479,6.834034082707852
2026-07-13,7547.5298,7565.3701,7506.4102,7515.3398,,-0.007927024114573356,-0.007927024114573356,6.77986052973441
2026-07-14,7536.7002,7557.4399,7513.23,7543.5898,,0.0037589784030789275,0.0037589784030789275,6.80534587904157
2026-07-15,7571.7202,7581.5,7526.9502,7572.3999,,0.003819149869469296,0.003819149869469296,6.831336514867206
2026-07-16,7558.7998,7570.7402,7504.02,7533.77,,-0.005101407811280545,-0.005101407811280545,6.7964870814087766
2026-07-17,7447.52,7498.4702,7431.2598,7457.6899,,-0.010098542960562895,-0.010098542960562895,6.727852464636259
2026-07-20,7489.1802,7513.23,7440.5298,7443.2798,,-0.0019322471426439503,-0.0019322471426439503,6.714852590935335
2026-07-21,7489.9502,7515.3101,7467.8599,7509.2002,,0.008856364636460334,0.008856364636460334,6.7743217739607395
2026-07-22,7497.4702,7525.9399,7485.8501,7498.96,,-0.0013636871740349,-0.0013636871740349,6.765083718244804
2026-07-23,7418.29,7450.1201,7376.0,7408.2998,,-0.012089703105497285,-0.012089703105497285,6.68329586460739
2026-07-24,7406.2998,7460.98,7396.5298,7411.98,,0.0004967671529707562,0.0004967671529707562,6.686615906466512
2026-07-27,7464.2002,7480.5698,7382.7402,7413.1802,,0.00016192704243667144,0.00016192704243667144,6.6876986504041565
2026-07-28,7395.5498,7452.0898,7382.9502,7428.7798,,0.0021043060574732486,0.0021043060574732486,6.701771615184757
2026-07-29,7418.1602,7450.8398,7313.9199,7316.1499,,-0.015161292033450735,-0.015161292033450735,6.60016409858545
2026-07-30,7390.4502,7448.75,7370.98,7437.6299,,0.016604361810574675,0.016604361810574675,6.7097556112875285
2026-07-31,7462.1299,7512.04,7399.8301,7489.7202,,0.007003615493155868,0.007003615493155868,6.756748159642032
2026-08-03,7504.7798,7610.04,7504.7798,7600.5,,0.014790913017017626,0.014790913017017626,6.856686633949192
2026-08-04,7630.6201,7758.21,7629.1001,7736.52,,0.017896191040063236,0.017896191040063236,6.979395207852194
2026-08-05,7771.6201,7793.6802,7720.1699,7723.5498,,-0.001676490204898462,-0.001676490204898462,6.967694320150115
2026-08-06,7713.79,7742.8501,7698.1499,7709.96,,-0.0017595277238970919,-0.0017595277238970919,6.955434468822171
2026-08-07,7735.1802,7763.0801,7719.1899,7757.6401,,0.006184221448619631,0.006184221448619631,6.9984484158487295
2026-08-10,7751.7402,7773.7598,7743.1099,7753.1099,,-0.0005839662502516996,-0.0005839662502516996,6.9943615581697465
2026-08-11,7767.5098,7767.5098,7717.25,7728.2002,,-0.0032128655882976975,-0.0032128655882976975,6.971889614607391
2026-08-12,7765.46,7766.0098,7737.9502,7748.5,,0.002626717667070677,0.002626717667070677,6.990202800230946
2026-08-13,7763.1802,7816.7002,7763.1802,7798.9902,,0.006516125701748754,0.006516125701748754,7.0357518403579675
2026-08-14,7806.6001,7810.0098,7776.3101,7785.7598,,-0.0016964247499632323,-0.0016964247499632323,7.023816216801386
2026-08-17,7790.6802,7790.6802,7744.8799,7745.0601,,-0.005227453844645957,-0.005227453844645957,6.98709954171478
2026-08-18,7700.04,7713.9502,7688.6299,7691.7598,,-0.006881844596660969,-0.006881844596660969,6.939015408487298
2026-08-19,7716.7402,7743.9302,7700.0698,7707.98,,0.0021087761996936294,0.0021087761996936294,6.953648239030023
2026-08-20,7690.4902,7699.96,7639.0098,7641.1602,,-0.00866891195877506,-0.00866891195877506,6.89336767465358
2026-08-21,7665.6802,7697.1099,7660.0601,7674.3701,,0.004346185543917747,0.004346185543917747,6.923327529590069
2026-08-24,7663.3799,7670.2998,7638.1699,7652.8599,,-0.0028028619573611246,-0.0028028619573611246,6.90392239823903
2026-08-25,7676.6602,7686.1099,7650.9199,7677.2798,,0.0031909508757634875,0.0031909508757634875,6.9259524754618935
2026-08-26,7666.8799,7690.73,7657.4102,7675.7002,,-0.00020574995846833755,-0.00020574995846833755,6.924527461027714
2026-08-27,7710.3398,7741.27,7689.8901,7730.9902,,0.007203251632991181,0.007203251632991181,6.974406574769053
2026-08-28,7735.1699,7771.48,7700.9102,7711.7598,,-0.0024874433290577036,-0.0024874433290577036,6.9570581336605075
