date,open,high,low,close,amount,daily_return,return,net_value
2013-08-20,22396.289,22481.74,21907.211,21964.051,,,,1.0
2013-08-21,21964.689,21970.25,21618.6,21817.73,,-0.00666184029530803,-0.00666184029530803,0.993338159704692
2013-08-22,21538.189,21944.471,21538.189,21895.4,,0.003559948720604833,0.003559948720604833,0.9968743926154607
2013-08-23,22006.41,22103.9,21769.039,21863.51,,-0.001456470308832114,-0.001456470308832114,0.9954224746609812
2013-08-26,21943.4,22116.0,21898.15,22005.32,,0.006486149753630599,0.006486149753630599,1.001878933899762
2013-08-27,21907.43,21987.51,21770.75,21874.77,,-0.005932656284934668,-0.005932656284934668,0.9959351305458178
2013-08-28,21584.561,21655.24,21465.721,21532.461,,-0.015648575962170175,-0.015648575962170175,0.9803501640020778
2013-08-29,21612.949,21717.84,21554.25,21704.779,,0.008002708097323286,0.008002708097323286,0.9881956201977494
2013-08-30,21618.34,21753.4,21549.961,21731.369,,0.0012250758231631131,0.0012250758231631131,0.9894062347606095
2013-09-02,21948.721,22240.039,21948.721,22175.34,,0.020429960026908667,0.020429960026908667,1.009619764587143
2013-09-03,22323.0,22456.801,22290.83,22402.25,,0.010232537584542012,0.010232537584542012,1.0199507367743774
2013-09-04,22171.93,22438.4,22142.99,22332.949,,-0.0030934839134462155,-0.0030934839134462155,1.0167955355776583
2013-09-05,22538.961,22682.939,22486.631,22597.971,,0.0118668609326964,0.0118668609326964,1.028861706795345
2013-09-06,22615.98,22699.59,22578.33,22621.221,,0.0010288534311333475,0.0010288534311333475,1.029920254692543
2013-09-09,22770.25,22853.02,22680.631,22750.65,,0.005721574445517241,0.005721574445517241,1.0358130201027125
2013-09-10,22932.6,22988.811,22842.881,22976.65,,0.009933782111719802,0.009933782111719802,1.0461025609528953
2013-09-11,23095.859,23120.461,22848.529,22937.141,,-0.0017195283037345632,-0.0017195283037345632,1.0443037579907277
2013-09-12,22952.85,23048.221,22908.99,22963.98,,0.0011701109567230361,0.0011701109567230361,1.0455257092600996
2013-09-13,22920.76,22956.77,22790.779,22911.84,,-0.0022705123415017736,-0.0022705123415017736,1.0431518302338671
2013-09-16,23210.359,23268.15,23173.84,23252.41,,0.01486436706960248,0.01486436706960248,1.058657621947791
2013-09-17,23246.91,23246.91,23127.869,23189.609,,-0.00270083832170509,-0.00270083832170509,1.0557983588728692
2013-09-18,23213.789,23214.68,23080.59,23117.449,,-0.003111738537721731,-0.003111738537721731,1.0525129904315011
2013-09-19,23549.891,23554.34,23469.029,23502.51,,0.01665672540253027,0.01665672540253027,1.0700444102957145
2013-09-23,23414.98,23466.67,23291.23,23371.539,,-0.005572638837298527,-0.005572638837298527,1.0640814392572664
2013-09-24,23324.381,23324.381,23102.25,23173.551,,-0.008471329166641617,-0.008471329166641617,1.0550672551252043
2013-09-25,23192.711,23281.609,23154.84,23209.631,,0.0015569474009400341,0.0015569474009400341,1.0567099393458885
2013-09-26,23192.699,23224.359,23043.891,23125.029,,-0.0036451247329181147,-0.0036451247329181147,1.0528580998104584
2013-09-27,23199.09,23340.18,23118.84,23195.529,,0.003048644825483171,0.003048644825483171,1.0560678902084137
2013-09-30,22946.74,22986.949,22845.439,22859.859,,-0.014471323331319508,-0.014471323331319508,1.0407851903093832
2013-10-02,22997.211,23138.859,22933.311,22984.48,,0.005451520938952292,0.005451520938952292,1.0464590525673065
2013-10-03,23167.199,23241.5,23126.99,23214.4,,0.010003271772953015,0.010003271772953015,1.0569270668694042
2013-10-04,23051.551,23152.68,22983.471,23130.539,,-0.003612456061754754,-0.003612456061754754,1.053108964279859
2013-10-07,23152.92,23152.92,22896.65,22973.949,,-0.006769837918606192,-0.006769837918606192,1.0459795872810531
2013-10-08,22988.221,23228.689,22927.119,23178.85,,0.008918841075167272,0.008918841075167272,1.0553085129878819
2013-10-09,23002.08,23065.67,22965.91,23033.971,,-0.006250482659838519,-0.006250482659838519,1.0487123254266713
2013-10-10,23077.471,23084.1,22743.471,22951.301,,-0.003589046803957552,-0.003589046803957552,1.0449484478068276
2013-10-11,23318.461,23336.59,23204.26,23204.26,,0.01102155385439807,0.01102155385439807,1.0564654033994
2013-10-15,23399.789,23411.211,23279.33,23328.57,,0.005357205961319167,0.005357205961319167,1.062125106156419
2013-10-16,23350.939,23350.939,23128.689,23228.33,,-0.00429687717678362,-0.00429687717678362,1.0575612850288867
2013-10-17,23351.48,23357.16,23073.881,23095.24,,-0.005729641347440806,-0.005729641347440806,1.0515018381627326
2013-10-18,23261.65,23364.471,23213.039,23340.1,,0.010602184692603212,0.010602184692603212,1.0626500548555455
2013-10-21,23494.369,23534.67,23356.789,23438.15,,0.004200924589012223,0.004200924589012223,1.0671141676005034
2013-10-22,23309.01,23387.539,23263.529,23315.99,,-0.005212015453438079,-0.005212015453438079,1.0615523520683867
2013-10-23,23455.4,23505.789,22970.52,22999.949,,-0.013554689292627153,-0.013554689292627153,1.0471633397682423
2013-10-24,22975.551,22975.551,22762.189,22835.82,,-0.0071360593016966956,-0.0071360593016966956,1.0396907200770933
2013-10-25,22758.369,22839.15,22640.18,22698.34,,-0.006020366249164688,-0.006020366249164688,1.0334314011563714
2013-10-28,22753.75,22849.301,22753.75,22806.58,,0.004768630657572492,0.004768630657572492,1.0383594538184238
2013-10-29,22842.33,22979.35,22760.9,22846.539,,0.0017520820745591248,0.0017520820745591248,1.040178744804408
2013-10-30,22966.949,23316.119,22935.6,23304.02,,0.02002408329769345,0.02002408329769345,1.0610073706348615
2013-10-31,23134.391,23250.66,23108.27,23206.369,,-0.004190307080066069,-0.004190307080066069,1.056561423937688
2013-11-01,23208.801,23336.98,23149.529,23249.789,,0.00187103807579736,0.00187103807579736,1.058538290591294
2013-11-04,23322.07,23345.93,23165.061,23189.619,,-0.0025879804758659475,-0.0025879804758659475,1.0557988141622872
2013-11-05,23313.609,23313.609,22949.42,23038.949,,-0.006497303815125144,-0.006497303815125144,1.048938968499026
2013-11-06,23042.109,23119.039,22954.699,23036.939,,-8.724356306366587e-05,-8.724356306366587e-05,1.048847455325978
2013-11-07,23023.73,23023.73,22819.65,22881.029,,-0.006767826228996854,-0.006767826228996854,1.0417490380076062
2013-11-08,22713.0,22813.76,22686.57,22744.391,,-0.005971671990800731,-0.005971671990800731,1.0355280544558925
2013-11-11,22781.99,23124.301,22688.41,23069.85,,0.014309418089057502,0.014309418089057502,1.0503458583300502
2013-11-12,23051.76,23084.881,22857.26,22901.41,,-0.007301304516500906,-0.007301304516500906,1.0426769633707371
2013-11-13,22665.91,22665.91,22463.4,22463.83,,-0.019107120478607964,-0.019107120478607964,1.0227544090113432
2013-11-14,22673.32,22691.67,22529.33,22649.15,,0.008249706305647697,0.008249706305647697,1.0311918325084932
2013-11-15,22749.6,23050.35,22749.6,23032.15,,0.016910126870103293,0.016910126870103293,1.0486294172236261
2013-11-18,23397.73,23706.68,23390.66,23660.061,,0.027262370208599673,0.027262370208599673,1.0772175406076048
2013-11-19,23834.52,23856.9,23620.279,23657.811,,-9.509696530363154e-05,-9.509696530363154e-05,1.077115100488521
2013-11-20,23774.311,23843.801,23690.811,23700.859,,0.0018196104449392791,0.0018196104449392791,1.079075030375772
2013-11-21,23661.42,23661.42,23508.789,23580.289,,-0.005087157389527475,-0.005087157389527475,1.073585605861141
2013-11-22,23752.279,23764.41,23641.199,23696.279,,0.004918938864574507,0.004918938864574507,1.0788665078222592
2013-11-25,23829.971,23829.971,23673.529,23684.449,,-0.0004992345000663923,-0.0004992345000663923,1.0783279004405881
2013-11-26,23675.369,23751.859,23659.98,23681.279,,-0.00013384309679320694,-0.00013384309679320694,1.0781835736950347
2013-11-27,23653.949,23856.92,23649.801,23806.35,,0.005281429267397275,0.005281429267397275,1.0838779239767746
2013-11-28,23934.939,24014.811,23734.539,23789.09,,-0.0007250166447186901,-0.0007250166447186901,1.0830920944410483
2013-11-29,23862.381,23912.289,23809.711,23881.289,,0.0038756841896852023,0.0038756841896852023,1.0872898173474466
2013-12-02,23936.15,24111.551,23844.24,24038.551,,0.006585155432774048,0.006585155432774048,1.0944497897951522
2013-12-03,23887.77,23975.76,23833.25,23910.471,,-0.00532810817091256,-0.00532810817091256,1.088618442927491
2013-12-04,23719.6,23846.84,23603.02,23728.699,,-0.007602192361664484,-0.007602192361664484,1.0803425561159006
2013-12-05,23634.09,23728.9,23563.211,23712.57,,-0.0006797254244744755,-0.0006797254244744755,1.079608219813367
2013-12-06,23620.311,23812.891,23614.199,23743.1,,0.0012875027886052326,0.0012875027886052326,1.0809982184069777
2013-12-09,23970.0,23970.0,23775.01,23811.17,,0.002866938184146184,0.002866938184146184,1.0840973734763226
2013-12-10,23799.449,23810.939,23707.76,23744.189,,-0.0028130075086608697,-0.0028130075086608697,1.0810477994246144
2013-12-11,23686.801,23693.51,23295.141,23338.24,,-0.0170967726040252,-0.0170967726040252,1.06256537102377
2013-12-12,23265.131,23327.439,23160.9,23218.119,,-0.0051469605248726236,-0.0051469605248726236,1.057096389004014
2013-12-13,23080.189,23331.529,23017.34,23245.961,,0.001199149681333056,0.001199149681333056,1.0583640058020263
2013-12-16,23138.279,23204.631,22999.76,23114.66,,-0.005648336070081195,-0.005648336070081195,1.052386010212779
2013-12-17,23281.381,23281.381,23040.6,23069.23,,-0.001965419348586628,-0.001965419348586628,1.050317630386125
2013-12-18,23076.539,23240.711,22993.539,23143.82,,0.003233311211514156,0.003233311211514156,1.0537136341561035
2013-12-19,23404.449,23404.449,22753.301,22888.75,,-0.011021084678328852,-0.011021084678328852,1.0421005669673595
2013-12-27,23138.91,23283.311,23130.859,23243.24,,0.015487521162143025,0.015487521162143025,1.0582401215513477
2013-12-30,23353.539,23369.369,23178.279,23244.869,,7.0084893500022e-05,7.0084893500022e-05,1.0583142881975642
2013-12-31,23328.439,23361.34,23271.801,23306.391,,0.0026466916204175295,0.0026466916204175295,1.0611153197559047
2014-01-02,23452.76,23469.33,23173.93,23340.051,,0.0014442390501385738,0.0014442390501385738,1.0626478239373967
2014-01-03,23097.98,23097.98,22782.42,22817.279,,-0.02239806588254678,-0.02239806588254678,1.038846567966902
2014-01-06,22732.83,22757.449,22567.77,22684.15,,-0.005834569494460595,-0.005834569494460595,1.032785345472017
2014-01-07,22689.25,22802.85,22644.58,22712.779,,0.0012620706528565506,0.0012620706528565506,1.0340887935472376
2014-01-08,22834.811,23031.189,22778.83,22996.59,,0.012495652777672062,0.012495652777672062,1.0470104080526859
2014-01-09,22925.23,23044.971,22709.029,22787.33,,-0.009099609985654289,-0.009099609985654289,1.0374830216884856
2014-01-10,22735.93,22932.211,22726.84,22846.25,,0.0025856473750982545,0.0025856473750982545,1.0401655869402233
2014-01-13,23046.41,23067.33,22762.24,22888.76,,0.0018606992394811783,0.0018606992394811783,1.0421010222567777
2014-01-14,22637.551,22883.0,22637.551,22791.279,,-0.004258902622946814,-0.004258902622946814,1.0376628154797127
2014-01-15,22985.779,23010.07,22826.98,22902.0,,0.004858042411748809,0.004858042411748809,1.0427038254464078
2014-01-16,23085.141,23085.141,22936.74,22986.41,,0.0036857043053009075,0.0036857043053009075,1.0465469234250093
2014-01-17,22898.48,23263.42,22849.1,23142.471,,0.006789272444022387,0.006789272444022387,1.0536522156135952
2014-01-20,23048.131,23089.24,22884.619,22928.949,,-0.009226413203672235,-0.009226413203672235,1.0439307848993795
2014-01-21,23040.84,23139.65,22986.471,23033.119,,0.0045431650617739905,0.0045431650617739905,1.0486735347682448
2014-01-22,22954.77,23119.609,22913.66,23078.961,,0.001990264540377762,0.001990264540377762,1.0507606725189265
2014-01-23,23082.01,23093.85,22722.58,22733.9,,-0.014951322982000748,-0.014951322982000748,1.0350504103273117
2014-01-24,22522.439,22659.721,22435.721,22450.061,,-0.01248527529372434,-0.01248527529372434,1.0221275210114928
2014-01-27,22019.1,22044.23,21880.73,21976.1,,-0.021111791188451745,-0.021111791188451745,1.0005485782199286
2014-01-28,22012.51,22022.141,21892.199,21960.641,,-0.0007034460163540812,-0.0007034460163540812,0.9998447463084109
2014-01-29,22111.631,22222.699,22109.93,22141.609,,0.008240560919874795,0.008240560919874795,1.008084027850782
2014-01-30,21827.33,22052.16,21746.23,22035.42,,-0.004795902592264256,-0.004795902592264256,1.0032493550483925
2014-02-04,21561.699,21609.59,21388.609,21397.77,,-0.028937501531624887,-0.028937501531624887,0.9742178253000778
2014-02-05,21564.881,21564.881,21197.779,21269.381,,-0.006000111226543647,-0.006000111226543647,0.9683724099893959
2014-02-06,21320.91,21440.4,21277.01,21423.131,,0.007228701201976717,0.007228701201976717,0.9753724847934473
2014-02-07,21498.09,21703.689,21480.09,21643.641,,0.010293079942423011,0.010293079942423011,0.985412071753066
2014-02-10,21646.75,21687.84,21524.811,21579.26,,-0.002974591936726445,-0.002974591936726445,0.9824808729500765
2014-02-11,21623.789,22025.58,21623.789,21956.43,,0.01747835653307872,0.01747835653307872,0.9996530239344281
2014-02-12,22057.699,22308.25,22010.561,22285.789,,0.015000571586546663,0.015000571586546663,1.0146483906816643
2014-02-13,22297.699,22297.699,22098.199,22165.529,,-0.005396263959961289,-0.005396263959961289,1.0091730801389962
2014-02-14,22382.721,22412.74,22243.77,22298.41,,0.005994939259063026,0.005994939259063026,1.015223011456311
2014-02-17,22463.4,22585.68,22463.4,22535.939,,0.010652284176315696,0.010652284176315696,1.0260374554766787
2014-02-18,22535.199,22592.359,22437.381,22587.721,,0.0022977520484059877,0.0022977520484059877,1.0283950351417415
2014-02-19,22600.6,22708.4,22534.189,22664.52,,0.003400033141900405,0.003400033141900405,1.0318916123441892
2014-02-20,22595.91,22742.721,22297.85,22394.08,,-0.011932306530206604,-0.011932306530206604,1.0195787653197492
2014-02-21,22617.631,22633.289,22442.391,22568.24,,0.007777055364632135,0.007777055364632135,1.027508085826244
2014-02-24,22576.35,22576.35,22260.131,22388.561,,-0.007961586725415915,-0.007961586725415915,1.0193274910898724
2014-02-25,22498.42,22518.84,22259.76,22314.84,,-0.003292797603204667,-0.003292797603204667,1.015971051970331
2014-02-26,22297.619,22502.961,22258.891,22437.439,,0.005494056869778108,0.005494056869778108,1.0215528547079042
2014-02-27,22465.961,22866.23,22432.48,22828.18,,0.017414688013190904,0.017414688013190904,1.039342878961627
2014-02-28,22942.961,22986.699,22709.52,22836.961,,0.0003846561574334384,0.0003846561574334384,1.0397426685997042
2014-03-03,22630.77,22749.131,22487.23,22500.67,,-0.014725733428366472,-0.014725733428366472,1.0244316952278065
2014-03-04,22542.17,22783.98,22534.1,22657.631,,0.0069758367195289495,0.0069758367195289495,1.0315779634640259
2014-03-05,22839.43,22839.43,22529.83,22586.439,,-0.0031420760625858746,-0.0031420760625858746,1.0283366670383345
2014-03-06,22588.77,22764.381,22588.76,22702.971,,0.005159379041556944,0.005159379041556944,1.0336422456859167
2014-03-07,22728.529,22820.41,22604.02,22660.49,,-0.0018711647916036522,-0.0018711647916036522,1.0317081307086748
2014-03-10,22339.42,22388.461,22206.801,22264.93,,-0.017455933212388697,-0.017455933212388697,1.013698702484346
2014-03-11,22234.609,22351.99,22198.07,22292.26,,0.0012274909465244122,0.0012274909465244122,1.0149430084641489
2014-03-12,22019.029,22019.029,21873.199,21901.02,,-0.017550486132855037,-0.017550486132855037,0.9971302652684607
2014-03-13,21920.939,22041.33,21743.34,21769.73,,-0.005994697963839113,-0.005994697963839113,0.9911527704975736
2014-03-14,21612.07,21630.699,21462.49,21539.49,,-0.010576153218253004,-0.010576153218253004,0.9806701869340952
2014-03-17,21494.369,21535.699,21423.029,21473.949,,-0.0030428297048816777,-0.0030428297048816777,0.9776861745586004
2014-03-18,21549.221,21606.98,21469.211,21583.5,,0.005101576798939078,0.005101576798939078,0.9826739156633719
2014-03-19,21585.119,21614.529,21485.51,21568.689,,-0.0006862186392383451,-0.0006862186392383451,0.9819995865061504
2014-03-20,21352.49,21475.48,21137.609,21182.16,,-0.01792083886044249,-0.01792083886044249,0.9644013301553525
2014-03-21,21239.09,21470.311,21171.91,21436.699,,0.012016668743886294,0.012016668743886294,0.9759902214759928
2014-03-24,21657.551,21866.971,21590.07,21846.449,,0.019114416823224456,0.019114416823224456,0.9946457053846761
2014-03-25,21773.641,21858.109,21704.73,21732.32,,-0.005224144207600978,-0.005224144207600978,0.9894495327842755
2014-03-26,21889.76,22006.641,21865.33,21906.381,,0.008009315158252761,0.008009315158252761,0.9973743459255309
2014-03-27,21897.07,21926.83,21715.631,21832.551,,-0.003370250887173132,-0.003370250887173132,0.9940129441513317
2014-03-28,21930.4,22143.24,21930.4,22065.529,,0.010671130460201406,0.010671130460201406,1.0046201859574992
2014-03-31,22244.16,22244.16,22043.51,22151.061,,0.00387627235222876,0.00387627235222876,1.0085143674088173
2014-04-01,22292.32,22458.939,22250.66,22448.539,,0.013429514730693981,0.013429514730693981,1.0220582259620505
2014-04-02,22598.4,22598.4,22436.279,22523.939,,0.0033587931936238657,0.0033587931936238657,1.025491108174899
2014-04-03,22666.061,22722.24,22531.24,22567.529,,0.0019352742875036189,0.0019352742875036189,1.0274757147486135
2014-04-04,22476.25,22595.711,22452.641,22510.08,,-0.0025456486618449237,-0.0025456486618449237,1.0248601225702856
2014-04-07,22416.471,22485.24,22326.41,22377.15,,-0.005905354401228302,-0.005905354401228302,1.0188079603348217
2014-04-08,22390.141,22625.211,22329.99,22602.779,,0.010083008783513314,0.010083008783513314,1.029080609947591
2014-04-09,22725.43,22933.33,22721.189,22843.17,,0.010635462126139528,0.010635462126139528,1.0400253577994332
2014-04-10,22949.789,23224.539,22734.391,23186.961,,0.015050056537687206,0.015050056537687206,1.055677798234943
2014-04-11,23150.801,23194.15,22946.211,23014.699,,-0.007429261644076535,-0.007429261644076535,1.047834891660013
2014-04-14,22911.82,23090.939,22911.82,23038.801,,0.0010472437636486198,0.0010472437636486198,1.0489322302156374
2014-04-15,23054.35,23054.35,22658.27,22671.26,,-0.01595313054702807,-0.01595313054702807,1.032198477412022
2014-04-16,22686.211,22866.561,22627.51,22696.01,,0.0010916905368294483,0.0010916905368294483,1.0333253187219424
2014-04-17,22858.789,22858.789,22657.949,22763.34,,0.0029666007373103653,0.0029666007373103653,1.0363907823743443
2014-04-22,22718.689,22808.301,22644.43,22730.68,,-0.0014347630883693174,-0.0014347630883693174,1.0349038071346675
2014-04-23,22855.26,22855.26,22495.59,22509.641,,-0.009724258139219843,-0.009724258139219843,1.0248401353648287
2014-04-24,22527.381,22575.5,22461.1,22562.801,,0.0023616547238580754,0.0023616547238580754,1.0272604539117123
2014-04-25,22524.561,22548.52,22213.74,22223.529,,-0.015036785548035447,-0.015036785548035447,1.0118137587642644
2014-04-28,22122.381,22202.27,22096.949,22132.529,,-0.004094759207684762,-0.004094759207684762,1.0076706250591023
2014-04-29,22172.08,22474.189,22099.199,22453.891,,0.014519895128116689,0.014519895128116689,1.0223018968586441
2014-04-30,22466.039,22466.039,22097.359,22133.971,,-0.014247864657399356,-0.014247864657399356,1.0077362777931995
2014-05-02,22194.66,22312.711,22150.35,22257.391,,0.005576044172100891,0.005576044172100891,1.013355459792003
2014-05-05,22195.801,22284.561,21873.869,21971.99,,-0.012822751777151198,-0.012822751777151198,1.000361454269069
2014-05-07,21904.52,21923.15,21680.33,21746.26,,-0.010273534622945113,-0.010273534622945113,0.9900842062331762
2014-05-08,21804.65,21929.43,21738.15,21837.85,,0.004211758711613056,0.004211758711613056,0.9942542020140092
2014-05-09,21819.939,21925.391,21705.119,21862.99,,0.001151212230141807,0.001151212230141807,0.9953987996112376
2014-05-12,21921.59,22399.641,21796.9,22261.57,,0.01823080923515019,0.01823080923515019,1.0135457252398477
2014-05-13,22436.24,22436.24,22286.461,22352.381,,0.004079272036967785,0.004079272036967785,1.0176802539750067
2014-05-14,22484.49,22664.369,22365.23,22582.77,,0.010307134618007696,0.010307134618007696,1.0281696213508156
2014-05-15,22726.59,22792.631,22610.01,22721.439,,0.006140477895315577,0.006140477895315577,1.0344830741833553
2014-05-16,22645.52,22718.07,22555.59,22712.91,,-0.0003753723520767416,-0.0003753723520767416,1.0340947578386155
2014-05-19,22751.24,22751.24,22555.971,22704.5,,-0.0003702739983559855,-0.0003702739983559855,1.0337118594379515
2014-05-20,22758.02,22914.17,22758.02,22834.68,,0.005733665132462651,0.005733665132462651,1.0396388170834243
2014-05-21,22715.58,22883.5,22649.66,22813.109,,-0.0009446596142358432,-0.0009446596142358432,1.0386567122795336
2014-05-22,22942.27,23053.279,22884.52,22953.76,,0.0061653586979311115,0.0061653586979311115,1.0450604034747506
2014-05-23,23010.449,23010.449,22922.35,22965.859,,0.0005271031848377294,0.0005271031848377294,1.04561125814177
2014-05-26,23055.471,23086.98,22898.779,22961.119,,-0.00020639332497873752,-0.00020639332497873752,1.045395450957567
2014-05-27,22953.119,22984.461,22886.461,22960.949,,-7.403820345142087e-06,-7.403820345142087e-06,1.0453877110374585
2014-05-28,23023.82,23204.939,22949.859,23080.029,,0.0051861967900368455,0.0051861967900368455,1.0508092974287848
2014-05-29,23103.311,23209.26,22968.1,23016.039,,-0.0027725268456118,-0.0027725268456118,1.0478959004420452
2014-05-30,23074.789,23178.6,22993.711,23049.02,,0.001432957252114564,0.001432957252114564,1.0493974904720447
2014-06-03,23327.51,23327.51,23134.34,23291.039,,0.010500186125049993,0.010500186125049993,1.0604163594411615
2014-06-04,23284.17,23284.17,23110.85,23163.34,,-0.0054827524010414574,-0.0054827524010414574,1.0546023591003317
2014-06-05,23142.66,23178.08,23052.43,23109.66,,-0.002317455082039177,-0.002317455082039177,1.0521583655037043
2014-06-06,23231.32,23231.32,22950.67,22951.0,,-0.006865527229738544,-0.006865527229738544,1.0449347435953413
2014-06-09,23086.939,23159.6,23053.381,23117.471,,0.007253322295324827,0.007253322295324827,1.052513992068221
2014-06-10,23206.199,23360.25,23061.25,23315.74,,0.008576586945864495,0.008576586945864495,1.061540969832933
2014-06-11,23281.141,23281.141,23168.141,23257.289,,-0.002506933084688745,-0.002506933084688745,1.0588797576549063
2014-06-12,23127.82,23237.76,23065.5,23175.02,,-0.003537342636968588,-0.003537342636968588,1.0551341371407306
2014-06-13,23099.869,23397.77,23099.869,23319.17,,0.006220059357014529,0.006220059357014529,1.0616971341033583
2014-06-16,23299.039,23340.42,23232.561,23300.67,,-0.0007933386994477543,-0.0007933386994477543,1.0608548486797813
2014-06-17,23237.631,23242.689,23127.02,23203.59,,-0.0041664037986889335,-0.0041664037986889335,1.0564348990083843
2014-06-18,23128.221,23299.359,23128.221,23195.32,,-0.00035641036580980057,-0.00035641036580980057,1.0560583746595744
2014-06-19,23264.92,23300.311,23122.75,23167.73,,-0.00118946408154752,-0.00118946408154752,1.0548022311548995
2014-06-20,23199.18,23285.52,23157.859,23194.061,,0.0011365377617920114,0.0011365377617920114,1.0560010537218294
2014-06-23,23165.26,23393.811,22802.1,22804.811,,-0.01678231336892666,-0.01678231336892666,1.038278913120353
2014-06-24,22915.92,22946.1,22832.91,22880.641,,0.0033251755517726966,0.0033251755517726966,1.041731372778182
2014-06-25,22935.061,22938.699,22829.289,22866.699,,-0.0006093360758555599,-0.0006093360758555599,1.0410966082713977
2014-06-26,22947.84,23203.48,22926.039,23197.83,,0.014480927045919634,0.014480927045919634,1.0561726523035302
2014-06-27,23188.48,23272.1,23111.029,23221.52,,0.001021216208584974,0.001021216208584974,1.0572512329351267
2014-06-30,23273.189,23346.23,22960.08,23190.721,,-0.0013263128339574548,-0.0013263128339574548,1.0558489870561674
2014-07-02,23326.529,23576.35,23293.82,23549.619,,0.015475931084678152,0.015475931084678152,1.072189233215676
2014-07-03,23553.6,23591.471,23482.9,23531.439,,-0.0007719870117643968,-0.0007719870117643968,1.0713615170534798
2014-07-04,23609.32,23626.141,23508.27,23546.359,,0.0006340453722359918,0.0006340453722359918,1.0720408088653592
2014-07-07,23581.4,23592.381,23435.24,23540.92,,-0.00023099112690849744,-0.00023099112690849744,1.0717931769508275
2014-07-08,23555.311,23555.66,23455.131,23541.381,,1.9582921992888913e-05,1.9582921992888913e-05,1.0718141657930043
2014-07-09,23408.051,23408.051,23126.68,23176.07,,-0.015517823699467859,-0.015517823699467859,1.0551819425296363
2014-07-10,23281.449,23281.449,23182.061,23238.99,,0.0027148692595424517,0.0027148692595424517,1.058046623548634
2014-07-11,23155.689,23307.539,23146.99,23233.52,,-0.0002353802811568828,-0.0002353802811568828,1.0577975802369062
2014-07-14,23310.16,23459.48,23273.41,23346.67,,0.004870118690581515,0.004870118690581515,1.0629491800032698
2014-07-15,23482.84,23496.57,23398.25,23459.961,,0.004852554989640989,0.004852554989640989,1.0681071993504294
2014-07-16,23490.43,23562.32,23430.141,23523.279,,0.002698981468894912,0.002698981468894912,1.0709900008882696
2014-07-17,23583.35,23583.35,23421.99,23520.869,,-0.0001024517032680583,-0.0001024517032680583,1.0708802761384955
2014-07-18,23316.461,23460.131,23240.609,23454.789,,-0.0028094200090991173,-0.0028094200090991173,1.0678717236633626
2014-07-21,23484.529,23498.35,23372.631,23387.141,,-0.0028841871056696222,-0.0028841871056696222,1.0647917818074635
2014-07-22,23465.811,23803.17,23423.34,23782.109,,0.016888254960279347,0.016888254960279347,1.082774256898238
2014-07-23,23841.221,23975.74,23834.391,23971.869,,0.00797910731970819,0.00797910731970819,1.0914138288970463
2014-07-24,24080.609,24150.0,24005.25,24141.5,,0.007076252585895615,0.007076252585895615,1.0991369488260614
2014-07-25,24247.199,24247.199,24088.99,24217.42,,0.003144792162872889,0.003144792162872889,1.1025935060886536
2014-07-28,24249.27,24501.131,24248.359,24428.631,,0.008721449270814308,0.008721449270814308,1.1122097194183351
2014-07-29,24526.631,24666.961,24437.1,24640.529,,0.008674165981712001,0.008674165981712001,1.1218572111310432
2014-07-30,24704.58,24912.221,24660.35,24732.211,,0.003720780507593835,0.003720780507593835,1.1260313955745231
2014-07-31,24805.75,24893.74,24661.57,24756.85,,0.0009962311901672294,0.0009962311901672294,1.1271531831719022
2014-08-01,24594.23,24731.52,24485.73,24542.02,,-0.008677598321272573,-0.008677598321272573,1.1173722006017925
2014-08-04,24590.109,24690.6,24558.369,24600.08,,0.002365738435548659,0.002365738435548659,1.1200156109635697
2014-08-05,24679.109,24679.109,24494.09,24648.26,,0.001958530216161769,0.001958530216161769,1.1222091953802147
2014-08-06,24558.82,24589.711,24397.41,24584.131,,-0.0026017658041580516,-0.0026017658041580516,1.1192894698705627
2014-08-07,24498.83,24502.301,24364.58,24387.561,,-0.007995808352957434,-0.007995808352957434,1.1103398457779943
2014-08-08,24307.1,24493.01,24190.93,24331.41,,-0.0023024442665668943,-0.0023024442665668943,1.107783350166142
2014-08-11,24533.34,24671.33,24491.02,24648.711,,0.013040797882243549,0.013040797882243549,1.1222297289329732
2014-08-12,24668.57,24691.66,24552.42,24689.41,,0.0016511613933889446,0.0016511613933889446,1.1240827113359007
2014-08-13,24726.24,24907.109,24611.221,24890.34,,0.008138307071736461,0.008138307071736461,1.1332308416147823
2014-08-14,24894.18,24964.42,24721.869,24801.359,,-0.0035749210336218917,-0.0035749210336218917,1.1291796308431445
2014-08-15,24969.721,25010.311,24872.711,24975.33,,0.007014575290007263,0.007014575290007263,1.1371003463796365
2014-08-18,24943.6,24978.939,24765.029,24944.439,,-0.0012368605339750927,-0.0012368605339750927,1.1356939118380303
2014-08-19,25045.551,25201.211,24909.26,25137.131,,0.007724848011214203,0.007724848011214203,1.1444669746942402
2014-08-20,25156.949,25190.029,25056.711,25159.76,,0.0009002220659151128,0.0009002220659151128,1.145497249118571
2014-08-21,25142.34,25142.34,24896.199,24994.1,,-0.006584323538857295,-0.006584323538857295,1.1379549246175034
2014-08-22,25113.73,25132.93,25025.939,25112.23,,0.004726315410436888,0.004726315410436888,1.1433332585141056
2014-08-25,25049.961,25243.16,24946.85,25164.07,,0.002064332797206747,0.002064332797206747,1.1456934788577935
2014-08-26,25147.75,25188.311,25068.98,25075.57,,-0.003516919162917631,-0.003516919162917631,1.1416641675071688
2014-08-27,25134.49,25160.68,24883.461,24918.75,,-0.006253895724005476,-0.006253895724005476,1.1345243188517455
2014-08-28,25055.811,25055.811,24679.1,24741.0,,-0.007133182844243802,-0.007133182844243802,1.1264315494441348
2014-08-29,24748.189,24814.27,24630.801,24742.061,,4.288428115284404e-05,4.288428115284404e-05,1.1264798556514006
2014-09-01,24703.74,24891.27,24696.18,24696.18,,-0.0018543726005687544,-0.0018543726005687544,1.124390942271988
2014-09-02,24699.76,24816.891,24576.23,24749.02,,0.0021396021570947443,0.0021396021570947443,1.126796691557491
2014-09-03,24786.039,25325.16,24751.721,25317.949,,0.022987940532594786,0.022987940532594786,1.1526994268953392
2014-09-04,25268.439,25362.98,25193.369,25297.92,,-0.0007910988366396365,-0.0007910988366396365,1.1517875277197271
2014-09-05,25356.561,25356.561,25171.59,25240.15,,-0.002283586951021932,-0.002283586951021932,1.1491573207510766
2014-09-08,25293.09,25293.09,25074.02,25190.449,,-0.0019691245891961806,-0.0019691245891961806,1.1468944868139306
2014-09-10,24969.391,24969.391,24681.189,24705.359,,-0.019256901693177397,-0.019256901693177397,1.1248088524289077
2014-09-11,24701.73,24782.949,24589.9,24662.641,,-0.0017290985328325403,-0.0017290985328325403,1.1228639470924557
2014-09-12,24620.189,24701.43,24487.939,24595.32,,-0.002729675220103145,-0.002729675220103145,1.1197988932005303
2014-09-15,24410.381,24471.801,24300.57,24356.99,,-0.009690054855964414,-0.009690054855964414,1.1089479804977689
2014-09-16,24319.0,24405.98,24117.6,24136.01,,-0.009072549604856928,-0.009072549604856928,1.0988869949354971
2014-09-17,24380.279,24470.26,24339.529,24376.41,,0.009960221262752311,0.009960221262752311,1.1098321525478156
2014-09-18,24294.641,24294.641,24103.529,24175.801,,-0.008229636767678294,-0.008229636767678294,1.1006986370592564
2014-09-19,24334.65,24419.85,24155.619,24306.16,,0.005392127441816719,0.005392127441816719,1.106633744385314
2014-09-22,24072.18,24082.619,23949.289,23955.49,,-0.014427206930259562,-0.014427206930259562,1.0906681103590592
2014-09-23,23882.59,24012.061,23825.961,23837.07,,-0.004943334492427454,-0.004943334492427454,1.0852765730693303
2014-09-24,23788.98,24016.41,23788.98,23921.609,,0.0035465348719452283,0.0035465348719452283,1.089125544281426
2014-09-25,24048.381,24058.02,23754.33,23768.131,,-0.006415872778457343,-0.006415872778457343,1.0821378533495485
2014-09-26,23581.561,23717.08,23555.619,23678.41,,-0.0037748445597174385,-0.0037748445597174385,1.0780529511609676
2014-09-29,23399.51,23399.51,23095.779,23229.211,,-0.018970826166115007,-0.018970826166115007,1.0576013960266255
2014-09-30,23137.26,23137.26,22855.039,22932.98,,-0.01275252095303625,-0.01275252095303625,1.0441143120638356
2014-10-03,22691.59,23147.85,22565.6,23064.561,,0.005737632004214177,0.005737632004214177,1.050105055756791
2014-10-06,23053.789,23441.27,22988.641,23315.039,,0.010859864187313217,0.010859864187313217,1.0615090540447207
2014-10-07,23224.221,23517.85,23209.77,23422.52,,0.0046099429642816325,0.0046099429642816325,1.0664025502399352
2014-10-08,23221.76,23369.391,23184.15,23263.33,,-0.0067964505954097865,-0.0067964505954097865,1.0591547979924105
2014-10-09,23461.35,23581.35,23437.869,23534.529,,0.011657789319069911,0.011657789319069911,1.071502201483688
2014-10-10,23198.801,23237.4,23071.27,23088.539,,-0.018950453607973095,-0.018950453607973095,1.0511967487236302
2014-10-13,22884.0,23273.039,22871.27,23143.381,,0.0023752910480823175,0.0023752910480823175,1.0536936469506468
2014-10-14,23064.92,23409.961,23040.801,23047.971,,-0.00412256100351116,-0.00412256100351116,1.0493497306120807
2014-10-15,23087.5,23238.039,22992.93,23140.051,,0.003995145603055361,0.003995145603055361,1.053542035574403
2014-10-16,22913.5,23040.311,22868.02,22900.939,,-0.010333252938811599,-0.010333252938811599,1.0426555192391422
2014-10-17,22904.109,23148.961,22888.76,23023.211,,0.005339169717014647,0.005339169717014647,1.048222434012742
2014-10-20,23239.779,23290.42,23052.311,23070.26,,0.0020435464019332716,0.0020435464019332716,1.0503645251961944
2014-10-21,23073.359,23231.52,22964.92,23088.58,,0.000794095948636997,0.000794095948636997,1.0511986154102448
2014-10-22,23300.449,23460.77,23193.48,23403.971,,0.013660043190183213,0.013660043190183213,1.0655580338982096
2014-10-23,23296.0,23397.17,23221.689,23333.18,,-0.0030247431087656595,-0.0030247431087656595,1.062334994578186
2014-10-24,23311.881,23352.59,23157.48,23302.199,,-0.0013277658681757343,-0.0013277658681757343,1.0609244624318164
2014-10-27,23275.4,23275.4,23012.801,23143.23,,-0.006822060012447784,-0.006822060012447784,1.0536867720804326
2014-10-28,23189.83,23570.92,23189.83,23520.359,,0.01629543499330044,0.01629543499330044,1.07085705637817
2014-10-29,23703.949,23855.67,23699.561,23819.869,,0.012734074339596502,0.012734074339596502,1.084493429741171
2014-10-30,23841.74,23841.74,23615.1,23702.039,,-0.004946710664109788,-0.004946710664109788,1.0791287545271135
2014-10-31,23913.689,24046.4,23850.699,23998.061,,0.012489305245004578,0.012489305245004578,1.092606322941064
2014-11-03,24133.449,24133.449,23875.09,23915.971,,-0.0034206930301576843,-0.0034206930301576843,1.0888688521074734
2014-11-04,23849.721,24016.42,23815.85,23845.66,,-0.002939918266333441,-0.002939918266333441,1.085667666679521
2014-11-05,23846.84,23846.84,23623.141,23695.619,,-0.00629217224434131,-0.00629217224434131,1.0788364587206614
2014-11-06,23737.76,23775.73,23623.41,23649.311,,-0.00195428530480668,-0.00195428530480668,1.0767281044830939
2014-11-07,23607.65,23831.25,23430.199,23550.24,,-0.00418917066970792,-0.00418917066970792,1.072217506688543
2014-11-10,24074.85,24110.24,23703.721,23744.699,,0.008257198228128315,0.008257198228128315,1.08107101918494
2014-11-11,23809.41,23931.449,23760.529,23808.279,,0.0026776502831220572,0.0026776502831220572,1.0839657493055357
2014-11-12,23883.311,23999.971,23801.73,23938.18,,0.0054561272572453134,0.0054561272572453134,1.089880004376242
2014-11-13,23854.33,24097.92,23850.391,24019.939,,0.003415422559275516,0.003415422559275516,1.0936024051300919
2014-11-14,24048.359,24102.699,23966.801,24087.381,,0.0028077506774686345,0.0028077506774686345,1.096672968023977
2014-11-17,24313.061,24313.061,23787.279,23797.08,,-0.012051995192005283,-0.012051995192005283,1.08345587068615
2014-11-18,23868.9,23881.01,23483.189,23529.17,,-0.01125810393544091,-0.01125810393544091,1.0712582118845015
2014-11-19,23466.07,23572.211,23341.16,23373.311,,-0.006624075562376319,-0.006624075562376319,1.0641621165421626
2014-11-20,23401.0,23461.02,23252.631,23349.641,,-0.0010126934947299882,-0.0010126934947299882,1.0630844464894023
2014-11-21,23353.721,23508.02,23301.48,23437.119,,0.003746438756810022,0.003746438756810022,1.0670672272614918
2014-11-24,23883.32,23936.34,23823.561,23893.141,,0.01945725496380346,0.01945725496380346,1.0878294263658375
2014-11-25,23841.16,23935.07,23809.51,23843.91,,-0.0020604658048097857,-0.0020604658048097857,1.0855879910313448
2014-11-26,23833.189,24176.641,23799.42,24111.98,,0.01124270306338171,0.01124270306338171,1.0977929344636834
2014-11-27,24169.85,24228.109,23962.439,24004.279,,-0.004466700785252797,-0.004466700785252797,1.0928894219012695
2014-11-28,23982.289,24117.16,23887.631,23987.449,,-0.0007011249952559861,-0.0007011249952559861,1.0921231698105236
2014-12-01,23678.0,23731.76,23318.48,23367.449,,-0.025846850159014445,-0.025846850159014445,1.0638952258852432
2014-12-02,23400.109,23784.949,23293.811,23654.301,,0.012275708828978216,0.012275708828978216,1.0769552939027505
2014-12-03,23756.051,23921.76,23378.811,23428.619,,-0.009540844178823948,-0.009540844178823948,1.0666802312560648
2014-12-04,23554.811,23844.24,23456.711,23832.561,,0.017241391820832508,0.017241391820832508,1.0850712830706868
2014-12-05,23907.779,24170.051,23772.84,24002.641,,0.007136455037291212,0.007136455037291212,1.0928148454945765
2014-12-08,24113.141,24189.59,24012.15,24047.67,,0.0018760018949581792,0.0018760018949581792,1.0948649682155627
2014-12-09,23910.41,23934.02,23399.869,23485.83,,-0.023363594061295623,-0.023363594061295623,1.069284987546241
2014-12-10,23442.689,23656.51,23345.891,23524.52,,0.001647376311588733,0.001647376311588733,1.0710465023050622
2014-12-11,23269.51,23382.83,23169.67,23312.539,,-0.009011065900600745,-0.009011065900600745,1.0613952316901833
2014-12-12,23328.99,23445.961,23230.029,23249.199,,-0.002716992773717175,-0.002716992773717175,1.0585114285156232
2014-12-15,22977.84,23067.67,22856.02,23027.85,,-0.009520715100765464,-0.009520715100765464,1.0484336427738217
2014-12-16,22877.301,22944.279,22641.061,22670.5,,-0.015518166046765036,-0.015518166046765036,1.0321638754162428
2014-12-17,22697.68,22726.561,22529.75,22585.84,,-0.0037343684523940546,-0.0037343684523940546,1.0283093952021876
2014-12-18,22878.34,22935.051,22736.891,22832.211,,0.010908206203532833,0.010908206203532833,1.039526406126083
2014-12-19,23158.27,23189.6,23041.369,23116.631,,0.012456962665595706,0.012456962665595706,1.0524757477570965
2014-12-22,23264.051,23478.9,23264.051,23408.57,,0.012628959643816495,0.012628959643816495,1.0657674215016164
2014-12-23,23423.33,23495.619,23269.43,23333.689,,-0.0031988711826481664,-0.0031988711826481664,1.0623581688095698
2014-12-24,23290.42,23421.1,23290.42,23349.34,,0.0006707469187576809,0.0006707469187576809,1.063070742277916
2014-12-29,23694.529,23867.461,23694.529,23773.18,,0.01815211907488612,0.01815211907488612,1.0823677289767721
2014-12-30,23853.131,23853.131,23442.551,23501.1,,-0.011444829846070315,-0.011444829846070315,1.0699802144877555
2014-12-31,23480.811,23632.35,23464.25,23605.039,,0.004422729148848337,0.004422729148848337,1.0747124471710616
2015-01-02,23683.631,23867.461,23635.6,23857.82,,0.010708772817532797,0.010708772817532797,1.086221298611991
2015-01-05,23699.189,23998.869,23655.52,23721.32,,-0.005721394494551446,-0.005721394494551446,1.080006598054248
2015-01-06,23515.131,23611.0,23312.5,23485.41,,-0.009945062079176004,-0.009945062079176004,1.0692658653906786
2015-01-07,23396.699,23715.711,23332.029,23681.26,,0.008339219966779332,0.008339219966779332,1.07818270864514
2015-01-08,23920.35,23941.641,23719.051,23835.529,,0.006514391548422704,0.006514391548422704,1.0852064129699934
2015-01-09,24049.699,24169.061,23859.49,23919.949,,0.003541771613292166,0.003541771613292166,1.0890499662380133
2015-01-12,24118.59,24118.59,23905.01,24026.461,,0.004452852303322263,0.004452852303322263,1.0938993448886092
2015-01-13,23908.23,24254.109,23908.23,24215.971,,0.007887553643460166,0.007887553643460166,1.1025275346519638
2015-01-14,24276.33,24326.699,24056.221,24112.6,,-0.0042687117522565154,-0.0042687117522565154,1.0978211624076086
2015-01-15,24169.35,24369.0,24070.391,24350.91,,0.00988321458490593,0.00988321458490593,1.108671164531534
2015-01-16,24196.85,24253.09,24086.211,24103.52,,-0.010159373920728187,-0.010159373920728187,1.0974077596159288
2015-01-19,23971.23,24049.551,23590.051,23738.49,,-0.015144261087177258,-0.015144261087177258,1.080788329985211
2015-01-20,23798.461,23997.311,23747.92,23951.16,,0.00895886806616586,0.00895886806616586,1.0904709700410002
2015-01-21,24036.41,24373.279,24016.631,24352.58,,0.016759939810848445,0.016759939810848445,1.1087471978643648
2015-01-22,24480.02,24589.619,24438.98,24522.631,,0.006982874093833136,0.006982874093833136,1.116489439948942
2015-01-23,24807.359,24896.221,24726.77,24850.449,,0.013367978338050257,0.013367978338050257,1.1314146465968413
2015-01-26,24907.189,24916.49,24761.551,24909.9,,0.0023923511402148545,0.0023923511402148545,1.1341213877166831
2015-01-27,24995.08,24995.08,24672.76,24807.279,,-0.004119687353221102,-0.004119687353221102,1.129449162178689
2015-01-28,24799.98,24983.891,24716.68,24861.811,,0.0021982257707506836,0.0021982257707506836,1.1319319464337432
2015-01-29,24645.199,24739.221,24524.18,24595.85,,-0.01069757146814454,-0.01069757146814454,1.1198230235396922
2015-01-30,24771.369,24771.369,24450.051,24507.051,,-0.003610324505963325,-0.003610324505963325,1.1157800990354647
2015-02-02,24347.27,24506.811,24324.369,24484.74,,-0.0009103910543948324,-0.0009103910543948324,1.1147643028146312
2015-02-03,24542.49,24602.6,24327.51,24554.779,,0.002860516386941292,0.002860516386941292,1.1179531043704096
2015-02-04,24750.76,24824.58,24642.5,24679.76,,0.005089884946632983,0.005089884946632983,1.123643357047386
2015-02-05,25048.26,25048.26,24642.811,24765.49,,0.0034736966647974654,0.0034736966647974654,1.1275465532291835
2015-02-06,24843.199,24843.199,24645.76,24679.391,,-0.0034765716325420026,-0.0034765716325420026,1.1236265568678565
2015-02-09,24529.551,24657.869,24449.48,24521.0,,-0.006417946050613632,-0.006417946050613632,1.1164151822448418
2015-02-10,24475.039,24583.789,24422.85,24528.1,,0.000289547734594775,0.000289547734594775,1.116738437731728
2015-02-11,24512.619,24551.74,24266.68,24315.02,,-0.008687179194474814,-0.008687179194474814,1.1070371308097946
2015-02-12,24377.59,24514.49,24226.289,24422.15,,0.004405918646170237,0.004405918646170237,1.1119146463464322
2015-02-13,24535.66,24702.539,24521.131,24682.539,,0.010662001502734109,0.010662001502734109,1.1237698819766901
2015-02-16,24717.49,24771.6,24687.15,24726.529,,0.0017822315605375838,0.0017822315605375838,1.1257727001271305
2015-02-17,24653.881,24855.75,24653.881,24784.881,,0.002359894508444871,0.002359894508444871,1.1284294049399175
2015-02-18,24836.051,24871.789,24806.061,24832.08,,0.001904346444108418,0.001904346444108418,1.1305783254646422
2015-02-23,24916.24,24916.24,24664.68,24836.76,,0.00018846588767429395,0.00018846588767429395,1.130791400912336
2015-02-24,24776.721,24808.301,24673.93,24750.07,,-0.003490390856134118,-0.003490390856134118,1.1268444969463967
2015-02-25,24822.279,24869.369,24691.779,24778.279,,0.0011397543522098097,0.0011397543522098097,1.128128822866055
2015-02-26,24718.279,24998.641,24709.561,24902.061,,0.0049955850444658445,0.0049955850444658445,1.1337644863417955
2015-02-27,24902.609,25101.961,24815.029,24823.289,,-0.0031632723090671,-0.0031632723090671,1.1301780805371469
2015-03-02,24996.76,24997.83,24715.381,24887.439,,0.0025842667343556336,0.0025842667343556336,1.133098762154577
2015-03-03,24984.619,24984.619,24663.43,24702.779,,-0.007419807236895726,-0.007419807236895726,1.124691387759025
2015-03-04,24656.939,24705.961,24439.289,24465.381,,-0.009610173818905055,-0.009610173818905055,1.1138829080300352
2015-03-05,24274.9,24393.85,24133.711,24193.039,,-0.011131729360764897,-0.011131729360764897,1.101483464958263
2015-03-06,24235.76,24294.359,24126.09,24164.0,,-0.001200303938665992,-0.001200303938665992,1.100161350016898
2015-03-09,23982.5,24205.859,23910.16,24123.051,,-0.001694628372786,-0.001694628372786,1.098296985378517
2015-03-10,24150.68,24152.4,23869.82,23896.98,,-0.009371575759633433,-0.009371575759633433,1.0880042119734652
2015-03-11,23807.1,23899.859,23703.84,23717.971,,-0.007490862862169156,-0.007490862862169156,1.0798541216281097
2015-03-12,23709.17,23880.25,23677.061,23797.961,,0.0033725481829789405,0.0033725481829789405,1.0834959816838887
2015-03-13,23808.971,23918.711,23790.83,23823.211,,0.001061015269333332,0.001061015269333332,1.0846455874647167
2015-03-16,23771.4,23970.051,23711.27,23949.551,,0.00530323137380595,0.00530323137380595,1.0903977139736198
2015-03-17,24106.471,24106.471,23822.779,23901.49,,-0.002006759959716886,-0.002006759959716886,1.0882095475010507
2015-03-18,23938.631,24210.75,23938.631,24120.08,,0.00914545494862451,0.00914545494862451,1.0981617188923847
2015-03-19,24325.561,24500.23,24248.84,24468.889,,0.01446135336201193,0.01446135336201193,1.114042623557922
2015-03-20,24417.529,24524.551,24351.5,24375.24,,-0.003827268168979714,-0.003827268168979714,1.1097788836858922
2015-03-23,24538.34,24559.77,24436.42,24494.51,,0.00489308002710942,0.00489308002710942,1.1152091205761632
2015-03-24,24484.68,24490.15,24294.949,24399.6,,-0.003874745810387714,-0.003874745810387714,1.1108879687085047
2015-03-25,24410.529,24613.689,24377.92,24528.23,,0.005271807734553047,0.005271807734553047,1.1167443564941641
2015-03-26,24442.51,24592.01,24399.84,24497.08,,-0.0012699652604365452,-0.0012699652604365452,1.115326129956628
2015-03-27,24541.439,24549.881,24420.471,24486.199,,-0.0004441753874340204,-0.0004441753874340204,1.1148307295407391
2015-03-30,24727.461,24949.35,24725.52,24855.119,,0.015066446205064254,0.015066446205064254,1.1316272667551173
2015-03-31,25113.199,25113.199,24876.369,24900.889,,0.001841471770865466,0.001841471770865466,1.1337111264219883
2015-04-01,24955.199,25099.061,24926.109,25082.75,,0.007303393866781249,0.007303393866781249,1.1419910653094003
2015-04-02,25214.33,25297.801,25152.57,25275.641,,0.007690185486041168,0.007690185486041168,1.1507731884250314
2015-04-08,25708.24,26247.631,25640.039,26236.859,,0.038029421291432275,0.038029421291432275,1.194536426818532
2015-04-09,26913.279,27922.67,26732.23,26944.391,,0.02696709998708302,0.02696709998708302,1.22674961007876
2015-04-10,27373.68,27373.68,26812.75,27272.391,,0.012173220021933329,0.012173220021933329,1.2416831029940698
2015-04-13,27374.33,28031.961,27304.119,28016.34,,0.02727846634348996,0.02727846634348996,1.2755543137283738
2015-04-14,27688.26,27915.01,27483.449,27561.49,,-0.016235168476681716,-0.016235168476681716,1.2548454745438353
2015-04-15,27693.25,27807.98,27442.52,27618.82,,0.002080076222294114,0.002080076222294114,1.2574556487780875
2015-04-16,27557.289,27787.98,27470.1,27739.711,,0.004377124004573574,0.004377124004573574,1.2629596880830407
2015-04-17,27808.24,27969.41,27597.68,27653.119,,-0.003121589839202077,-0.003121589839202077,1.259017245953399
2015-04-20,27770.789,27770.789,26959.77,27094.93,,-0.020185390299011008,-0.020185390299011008,1.2336034914506437
2015-04-21,27404.15,27925.359,27404.15,27850.49,,0.027885659789488315,0.027885659789488315,1.2680033387283614
2015-04-22,27821.32,28048.461,27727.859,27933.85,,0.002993125076075742,0.002993125076075742,1.271798631318057
2015-04-23,28112.381,28213.631,27804.029,27827.699,,-0.0038000848432994117,-0.0038000848432994117,1.2669656886154563
2015-04-24,27978.391,28089.369,27591.57,28060.98,,0.008383050283819804,0.008383050283819804,1.2775867256909939
2015-04-27,28245.141,28588.52,28245.141,28433.59,,0.013278581147201596,0.013278581147201596,1.2945512647006694
2015-04-28,28448.221,28548.449,28251.99,28442.75,,0.00032215418454017986,0.00032215418454017986,1.2949683098076945
2015-04-29,28453.1,28453.1,28201.76,28400.34,,-0.0014910653857309608,-0.0014910653857309608,1.2930374273853216
2015-04-30,28289.141,28317.869,27997.9,28133.0,,-0.009413267587641605,-0.009413267587641605,1.280865720080508
2015-05-04,28231.26,28343.74,28017.199,28123.82,,-0.0003263071837343867,-0.0003263071837343867,1.2804477643946466
2015-05-05,28295.721,28316.631,27598.17,27755.539,,-0.013094984962924605,-0.013094984962924605,1.2636803201740883
2015-05-06,27698.1,28054.68,27570.41,27640.91,,-0.004129950421787876,-0.004129950421787876,1.2584613831027802
2015-05-07,27567.619,27604.49,27207.279,27289.971,,-0.012696362022813212,-0.012696362022813212,1.242483501791177
2015-05-08,27557.52,27652.619,27367.109,27577.34,,0.010530205400364867,0.010530205400364867,1.2555671082716027
2015-05-11,27837.039,27837.279,27582.23,27718.199,,0.005107780518353033,0.005107780518353033,1.2619802694867173
2015-05-12,27664.18,27693.631,27395.91,27407.18,,-0.011220750669983959,-0.011220750669983959,1.2478199035323676
2015-05-13,27473.5,27524.82,27191.029,27249.279,,-0.005761300505925826,-0.005761300505925826,1.2406308380908422
2015-05-14,27395.92,27397.67,27192.93,27286.551,,0.0013678160071686207,0.0013678160071686207,1.2423277928101697
2015-05-15,27459.58,27928.6,27315.1,27822.279,,0.019633408414277076,0.019633408414277076,1.266718921750819
2015-05-18,27792.439,27792.439,27435.57,27591.25,,-0.0083037410414869,-0.0083037410414869,1.2562004158522488
2015-05-19,27597.07,27765.551,27500.76,27693.539,,0.0037072985094912525,0.0037072985094912525,1.2608575257815602
2015-05-20,27751.439,27751.439,27490.33,27585.051,,-0.003917448037248028,-0.003917448037248028,1.2559181819419378
2015-05-21,27507.32,27611.721,27393.311,27523.721,,-0.00222330565928619,-0.00222330565928619,1.2531258919404258
2015-05-22,27723.67,28041.32,27696.971,27992.83,,0.017043807412522538,0.017043807412522538,1.2744839283063039
2015-05-26,28462.32,28524.6,28237.49,28249.859,,0.009181958380056532,0.009181958380056532,1.2861861866920634
2015-05-27,28214.66,28214.66,27982.141,28081.211,,-0.005969870504486496,-0.005969870504486496,1.2785078217128525
2015-05-28,28162.25,28162.25,27242.109,27454.311,,-0.02232453579014093,-0.02232453579014093,1.2499657280890488
2015-05-29,27398.279,27604.27,27255.891,27424.189,,-0.0010971683099242346,-0.0010971683099242346,1.2485943053036983
2015-06-01,27373.061,27766.32,27241.949,27597.16,,0.006307242121180057,0.006307242121180057,1.2564694918983752
2015-06-02,27473.449,27602.881,27348.131,27466.721,,-0.0047265370784529415,-0.0047265370784529415,1.2505307422569727
2015-06-03,27716.34,27767.23,27508.84,27657.471,,0.00694476781556852,0.00694476781556852,1.2592153879081778
2015-06-04,27645.359,27854.74,27094.5,27551.891,,-0.003817413385338142,-0.003817413385338142,1.2544084422313535
2015-06-05,27538.061,27646.721,27211.359,27260.16,,-0.010588420228578865,-0.010588420228578865,1.2411262385067308
2015-06-08,27147.24,27428.59,27060.24,27316.279,,0.0020586452904165498,0.0020586452904165498,1.243681277192445
2015-06-09,27295.881,27322.141,26971.57,26989.52,,-0.011962061157744008,-0.011962061157744008,1.2288042856939279
2015-06-10,27052.789,27116.92,26573.961,26687.641,,-0.011185045158268903,-0.011185045158268903,1.215060054267767
2015-06-11,26938.15,26991.51,26839.43,26907.85,,0.008251347505761064,0.008251347505761064,1.2250859370158993
2015-06-12,27082.6,27356.51,26987.52,27280.539,,0.013850567771115152,0.013850567771115152,1.2420540728119782
2015-06-15,27095.18,27131.359,26841.52,26861.811,,-0.015348963596357068,-0.015348963596357068,1.2229898300636801
2015-06-16,26807.67,26892.881,26553.039,26566.699,,-0.010986303194524094,-0.010986303194524094,1.209553692986781
2015-06-17,26671.199,26880.789,26555.961,26753.789,,0.007042274992463238,0.007042274992463238,1.2180717027109436
2015-06-18,26786.529,26873.67,26595.961,26694.66,,-0.002210116854850064,-0.002210116854850064,1.2153796219103663
2015-06-19,26885.73,27011.949,26701.721,26760.529,,0.002467497244767358,0.002467497244767358,1.2183785677787764
2015-06-22,26854.32,27166.52,26811.66,27080.85,,0.011969905378178325,0.011969905378178325,1.2329624439498887
2015-06-23,27126.471,27406.41,27008.51,27333.461,,0.009328030693275924,0.009328030693275924,1.2444635554707097
2015-06-24,27397.369,27470.5,27292.85,27404.971,,0.0026162072925928204,0.0026162072925928204,1.2477193300998983
2015-06-25,27329.17,27350.49,27120.721,27145.75,,-0.009458904371765331,-0.009458904371765331,1.2359172722736804
2015-06-26,27016.09,27016.09,26522.449,26663.869,,-0.017751618577493744,-0.017751618577493744,1.2139777402629415
2015-06-29,26560.131,26631.51,25617.779,25966.98,,-0.0261360795014407,-0.0261360795014407,1.18224912153045
2015-06-30,25944.029,26470.439,25885.66,26250.029,,0.010900343436163862,0.010900343436163862,1.1951360429822349
2015-07-02,26459.43,26459.43,26135.619,26282.32,,0.0012301319743304173,0.0012301319743304173,1.196606218042382
2015-07-03,26349.84,26402.85,25933.119,26064.109,,-0.00830257755023145,-0.00830257755023145,1.186671302119996
2015-07-06,26083.99,26261.529,24750.311,25236.279,,-0.03176130056853288,-0.03176130056853288,1.1489810782173107
2015-07-07,25391.76,25439.34,24819.26,24975.311,,-0.010340985689688886,-0.010340985689688886,1.1370994813297421
2015-07-08,24411.301,24411.301,22836.82,23516.561,,-0.058407681089536756,-0.058407681089536756,1.0706841374571567
2015-07-09,23435.5,24695.75,23332.9,24392.789,,0.03726003985021453,0.03726003985021453,1.110577871085803
2015-07-10,24567.92,25015.17,24567.92,24901.279,,0.020845914749641814,0.020845914749641814,1.1337288827092962
2015-07-13,24709.58,25275.76,24596.439,25224.01,,0.012960418619461178,0.012960418619461178,1.1484224836301828
2015-07-14,25184.061,25250.949,24906.471,25120.91,,-0.004087375480742339,-0.004087375480742339,1.1437284497290596
2015-07-15,25219.449,25219.449,24862.65,25055.76,,-0.002593457004543276,-0.002593457004543276,1.1407622391698142
2015-07-16,24976.08,25170.35,24841.141,25162.779,,0.004271233440933386,0.004271233440933386,1.1456347009939105
2015-07-17,25246.641,25517.449,25183.859,25415.27,,0.010034305034432034,0.010034305034432034,1.1571303490417137
2015-07-20,25540.311,25540.311,25298.961,25404.811,,-0.00041152425293922157,-0.00041152425293922157,1.156654161839271
2015-07-21,25428.881,25634.32,25342.689,25536.43,,0.005180869088142304,0.005180869088142304,1.1626466356320153
2015-07-22,25401.789,25401.789,25177.6,25282.619,,-0.009939173173384108,-0.009939173173384108,1.1510908893810163
2015-07-23,25308.551,25500.99,25250.359,25398.85,,0.004597268977553304,0.004597268977553304,1.1563827638171118
2015-07-24,25279.949,25279.949,25073.199,25128.51,,-0.010643788990446379,-0.010643788990446379,1.1440744696868532
2015-07-27,24906.779,24908.58,24282.211,24351.961,,-0.030903105675585185,-0.030903105675585185,1.1087190154493813
2015-07-28,24269.9,24947.35,24140.619,24503.939,,0.006240893700511396,0.006240893700511396,1.1156384129685366
2015-07-29,24630.439,24718.641,24444.471,24619.449,,0.004713935992086915,0.004713935992086915,1.1208974610375837
2015-07-30,24822.42,24872.699,24478.07,24497.98,,-0.004933863467050048,-0.004933863467050048,1.1153671060042611
2015-07-31,24650.93,24661.189,24467.83,24636.279,,0.005645322593944346,0.005645322593944346,1.1216637131283296
2015-08-03,24533.141,24533.141,24232.6,24411.42,,-0.009127149436812254,-0.009127149436812254,1.1114261208007574
2015-08-04,24364.41,24519.35,24217.779,24406.119,,-0.00021715246388775977,-0.00021715246388775977,1.1111847718801964
2015-08-05,24466.301,24582.189,24420.949,24514.16,,0.004426799689045247,0.004426799689045247,1.1161037642828275
2015-08-06,24527.74,24527.74,24320.75,24375.279,,-0.005665337910823798,-0.005665337910823798,1.1097806593146227
2015-08-07,24327.561,24641.93,24327.561,24552.471,,0.007269332178720944,0.007269332178720944,1.1178480235727009
2015-08-10,24433.66,24602.67,24135.641,24521.119,,-0.0012769386836869456,-0.0012769386836869456,1.1164206001889179
2015-08-11,24694.779,24924.07,24420.711,24498.211,,-0.0009342151147343492,-0.0009342151147343492,1.1153776231898205
2015-08-12,24269.109,24324.189,23826.961,23916.02,,-0.0237646332624043,-0.0237646332624043,1.0888710830256223
2015-08-13,23935.48,24133.869,23860.82,24018.801,,0.004297579613999236,0.004297579613999236,1.0935505931943064
2015-08-14,24055.02,24126.301,23957.359,23991.029,,-0.0011562608807992314,-0.0011562608807992314,1.0922861634222212
2015-08-17,23945.6,23950.57,23699.84,23814.65,,-0.0073518730688874045,-0.0073518730688874045,1.084255814193839
2015-08-18,23956.859,24024.369,23464.35,23474.971,,-0.014263447079843727,-0.014263447079843727,1.0687905887670723
2015-08-19,23555.02,23586.789,23138.73,23167.85,,-0.013082912860680529,-0.013082912860680529,1.0548076946279172
2015-08-20,22973.869,23033.971,22610.529,22757.471,,-0.017713296658947497,-0.017713296658947497,1.0361235730148324
2015-08-21,22343.25,22492.789,22185.85,22409.619,,-0.015285178216859041,-0.015285178216859041,1.020286239546612
2015-08-24,21605.971,21679.449,21136.48,21251.57,,-0.05167642519937532,-0.05167642519937532,0.9675614940067294
2015-08-25,21119.529,21871.4,20865.26,21404.961,,0.00721786672702307,0.00721786672702307,0.9745452239206692
2015-08-26,21434.25,21686.449,21060.09,21080.391,,-0.015163307235177892,-0.015163307235177892,0.959767895275785
2015-08-27,21758.619,21963.43,21407.59,21838.539,,0.035964608056842984,0.035964608056842984,0.9942855714549197
2015-08-28,22424.4,22424.4,21585.33,21612.391,,-0.010355454639158879,-0.010355454639158879,0.9839892923213482
2015-08-31,21793.02,21793.02,21399.619,21670.58,,0.0026923906753306692,0.0026923906753306692,0.9866385759166195
2015-09-01,21692.779,21692.779,21170.859,21185.43,,-0.02238749493553016,-0.02238749493553016,0.9645502097950874
2015-09-02,21101.42,21288.529,20771.77,20934.939,,-0.011823739239656739,-0.011823739239656739,0.9531456196309142
2015-09-04,21158.93,21174.859,20715.02,20840.609,,-0.00450586457405,-0.00450586457405,0.9488508745495082
2015-09-07,20683.311,21056.391,20579.93,20583.52,,-0.012335963886659917,-0.012335963886659917,0.9371458844272398
2015-09-08,20636.83,21431.99,20524.881,21259.039,,0.03281843921739336,0.03281843921739336,0.9679015496731455
2015-09-09,21632.689,22228.59,21529.811,22131.311,,0.04103064113105015,0.04103064113105015,1.0076151708079717
2015-09-10,21667.859,21771.57,21492.09,21562.5,,-0.02570164053995727,-0.02570164053995727,0.9817178078852576
2015-09-11,21710.131,21909.82,21472.16,21504.369,,-0.0026959304347826674,-0.0026959304347826674,0.9790711649686117
2015-09-14,21678.881,21762.15,21441.711,21561.9,,0.0026753168158526464,0.0026753168158526464,0.9816904905201687
2015-09-15,21527.529,21634.48,21411.17,21455.23,,-0.004947152152639744,-0.004947152152639744,0.9768339182967659
2015-09-16,21731.34,22103.061,21608.5,21966.66,,0.02383707841864191,0.02383707841864191,1.0001187850091953
2015-09-17,22172.68,22203.359,21718.711,21854.631,,-0.005099956024265828,-0.005099956024265828,0.9950182231866063
2015-09-18,21807.25,22052.109,21807.25,21920.83,,0.0030290605226874767,0.0030290605226874767,0.9980321936058153
2015-09-21,21614.43,21778.061,21590.699,21756.93,,-0.0074769066682238705,-0.0074769066682238705,0.990570000042342
2015-09-22,21794.34,22111.67,21768.98,21796.58,,0.0018224078489015305,0.0018224078489015305,0.9923752225853055
2015-09-23,21529.471,21577.449,21008.609,21302.91,,-0.022648966030450746,-0.022648966030450746,0.96989894987951
2015-09-24,21304.9,21363.211,21053.5,21095.98,,-0.0097136963917136,-0.0097136963917136,0.9604776459497385
2015-09-25,21070.391,21318.33,20957.99,21186.32,,0.004282332463341421,0.004282332463341421,0.9645907305533028
2015-09-29,20579.221,20579.221,20368.119,20556.6,,-0.02972295330194208,-0.02972295330194208,0.9359202453135808
2015-09-30,20795.93,20939.391,20683.109,20846.301,,0.014092846093225475,0.014092846093225475,0.949110025286319
2015-10-02,21172.939,21530.801,21130.109,21506.09,,0.031650171414103756,0.031650171414103756,0.9791495202774753
2015-10-05,21930.971,21980.84,21739.9,21854.5,,0.016200527385498598,0.016200527385498598,0.9950122588952284
2015-10-06,22169.1,22169.1,21719.289,21831.619,,-0.0010469697316343174,-0.0010469697316343174,0.9939705111775601
2015-10-07,21884.73,22527.789,21817.42,22515.76,,0.031337162855398004,0.031337162855398004,1.0251187269597943
2015-10-08,22588.689,22588.689,22201.109,22354.91,,-0.0071438849943328275,-0.0071438849943328275,1.0177953966688569
2015-10-09,22615.939,22807.859,22440.881,22458.801,,0.004647345929820412,0.004647345929820412,1.0225254439629556
2015-10-12,22614.33,22779.5,22562.26,22730.93,,0.012116808907118415,0.012116808907118415,1.0349151893701212
2015-10-13,22677.6,22798.9,22515.73,22600.461,,-0.005739712365486205,-0.005739712365486205,1.0289750738604642
2015-10-14,22398.82,22576.5,22356.561,22439.91,,-0.007103881642060328,-0.007103881642060328,1.021665356723129
2015-10-15,22667.42,22940.25,22567.65,22888.17,,0.019976015946588044,0.019976015946588044,1.0420741601811068
2015-10-16,23133.59,23178.141,22953.561,23067.369,,0.007829328425994708,0.007829328425994708,1.0502329010254075
2015-10-19,23085.609,23100.66,22913.6,23075.609,,0.00035721455706561045,0.00035721455706561045,1.0506080595059628
2015-10-20,22991.6,23057.93,22843.039,22989.221,,-0.0037436931783685345,-0.0037436931783685345,1.0466749052804514
2015-10-22,22795.58,22869.59,22727.59,22845.369,,-0.006257367311402251,-0.006257367311402251,1.0401254759424843
2015-10-23,23220.381,23220.381,23088.029,23151.939,,0.013419349890999799,0.013419349890999799,1.0540832836346992
2015-10-26,23423.641,23423.641,23066.939,23116.25,,-0.0015415123545374776,-0.0015415123545374776,1.052458401230265
2015-10-27,23053.119,23143.881,22885.221,23142.73,,0.0011455145190071292,0.0011455145190071292,1.0536640076095252
2015-10-28,23070.699,23120.25,22923.66,22956.57,,-0.008043994809601163,-0.008043994809601163,1.0451883398012507
2015-10-29,23054.529,23054.529,22811.32,22819.939,,-0.005951716654535089,-0.005951716654535089,1.0389676749521297
2015-10-30,22785.859,22847.16,22612.561,22640.039,,-0.007883456656040955,-0.007883456656040955,1.030777018319617
2015-11-02,22502.279,22605.801,22332.711,22370.039,,-0.011925774509487397,-0.011925774509487397,1.0184842040295754
2015-11-03,22603.15,22697.0,22560.17,22568.43,,0.00886860322416072,0.00886860322416072,1.027516736325189
2015-11-04,22737.439,23342.07,22737.439,23053.57,,0.021496400059729526,0.021496400059729526,1.0496046471573026
2015-11-05,23045.1,23180.27,22960.619,23051.039,,-0.00010978776822845315,-0.00010978776822845315,1.049489413405569
2015-11-06,22914.199,22922.789,22791.91,22867.33,,-0.00796966245209163,-0.00796966245209163,1.041125337033683
2015-11-09,22753.51,22970.83,22689.26,22726.77,,-0.006146760465694956,-0.006146760465694956,1.034725788972171
2015-11-10,22505.699,22534.92,22339.689,22401.699,,-0.014303440392101519,-0.014303440392101519,1.0199256503274374
2015-11-11,22394.15,22479.461,22324.41,22352.17,,-0.002210948374942512,-0.002210948374942512,1.0176706473682837
2015-11-12,22477.6,22980.971,22454.961,22888.92,,0.02401332845983184,0.02401332845983184,1.042108306887468
2015-11-13,22494.09,22519.33,22318.619,22396.141,,-0.0215291503487276,-0.0215291503487276,1.0196726004688297
2015-11-16,21958.279,22127.381,21958.279,22010.82,,-0.01720479434381128,-0.01720479434381128,1.0021293430797442
2015-11-17,22315.18,22497.33,22243.961,22264.25,,0.0115138827176815,0.0115138827176815,1.0136677428039118
2015-11-18,22331.77,22349.73,22163.279,22188.26,,-0.0034130949841113534,-0.0034130949841113534,1.0102079985153922
2015-11-19,22423.881,22559.061,22416.0,22500.221,,0.014059732489163368,0.014059732489163368,1.0244112527329317
2015-11-20,22510.449,22790.07,22412.029,22754.721,,0.011311000011955397,0.011311000011955397,1.0359983684248413
2015-11-23,22760.051,22802.711,22619.68,22665.9,,-0.003903409758353016,-0.003903409758353016,1.031954442283894
2015-11-24,22593.09,22629.75,22433.51,22587.631,,-0.003453160915736886,-0.003453160915736886,1.0283909375369782
2015-11-25,22533.529,22617.211,22436.01,22498.0,,-0.003968145220718422,-0.003968145220718422,1.0243101329531605
2015-11-26,22749.6,22787.5,22453.689,22488.939,,-0.0004027469108366377,-0.0004027469108366377,1.0238975952113751
2015-11-27,22555.42,22555.42,22051.01,22068.32,,-0.0187033723556278,-0.0187033723556278,1.004747257234105
2015-11-30,21974.811,22195.25,21907.35,21996.42,,-0.003258064048373477,-0.003258064048373477,1.0014737263176086
2015-12-01,22197.811,22477.51,22143.57,22381.35,,0.017499665854716406,0.017499665854716406,1.0189991818904445
2015-12-02,22471.35,22563.471,22368.66,22479.689,,0.004393792152841636,0.004393792152841636,1.0234764524995867
2015-12-03,22327.039,22485.25,22327.039,22417.01,,-0.0027882503178758844,-0.0027882503178758844,1.0206227439555662
2015-12-04,22142.109,22242.49,22108.461,22235.891,,-0.008079534246538622,-0.008079534246538622,1.012376587542981
2015-12-07,22336.32,22352.25,22200.551,22203.221,,-0.001469246273963054,-0.001469246273963054,1.010889157013886
2015-12-08,22058.551,22058.551,21765.619,21905.131,,-0.013425529566183259,-0.013425529566183259,0.9973174347482622
2015-12-09,21773.77,21872.33,21755.689,21803.76,,-0.004627728544513321,-0.004627728544513321,0.9927021203875368
2015-12-10,21714.23,21880.189,21668.119,21704.609,,-0.0045474266823702925,-0.0045474266823702925,0.988187880277641
2015-12-11,21719.17,21731.391,21440.699,21464.051,,-0.011083268074536634,-0.011083268074536634,0.9772355290925158
2015-12-14,21063.279,21378.189,21010.26,21309.85,,-0.007184151770791125,-0.007184151770791125,0.9702149207357058
2015-12-15,21215.539,21442.211,21215.539,21274.369,,-0.0016650046809338903,-0.0016650046809338903,0.9685995083511689
2015-12-16,21557.73,21772.789,21557.73,21701.211,,0.020063673803909277,0.020063673803909277,0.9880331729333537
2015-12-17,21841.09,22005.189,21763.76,21872.061,,0.007872832534553176,0.007872832534553176,0.9958117926424411
2015-12-18,21656.561,21956.49,21625.82,21755.561,,-0.005326429914400799,-0.005326429914400799,0.9905076709209973
2015-12-21,21641.17,21871.221,21641.17,21791.68,,0.0016602191963699386,0.0016602191963699386,0.9921521307704121
2015-12-22,21846.9,21870.311,21750.74,21830.02,,0.0017593870688261681,0.0017593870688261681,0.993897710399598
2015-12-23,21869.4,22103.631,21846.48,22040.59,,0.00964589130014537,0.00964589130014537,1.003484739677576
2015-12-24,22207.82,22217.449,22128.721,22138.131,,0.004425516739796853,0.004425516739796853,1.0079256781911499
2015-12-28,22151.73,22151.73,21880.51,21919.619,,-0.009870390594400313,-0.009870390594400313,0.9979770580572773
2015-12-29,21923.27,22024.279,21881.711,21999.619,,0.00364969847331742,0.00364969847331742,1.0016193734024748
2015-12-30,22094.59,22114.561,21868.029,21882.15,,-0.005339592472033194,-0.005339592472033194,0.9962711341364123
2015-12-31,21892.25,21970.33,21864.119,21914.4,,0.0014738039909241163,0.0014738039909241163,0.9977394425099451
2016-01-04,21782.619,21794.84,21227.609,21327.119,,-0.02679886284817301,-0.02679886284817301,0.9710011600319085
2016-01-05,21318.689,21452.74,21095.9,21188.721,,-0.006489296561809299,-0.006489296561809299,0.9647000455426006
2016-01-06,21142.631,21199.619,20947.301,20980.811,,-0.009812295890818556,-0.009812295890818556,0.9552341232498505
2016-01-07,20772.6,20826.439,20323.971,20333.34,,-0.03086015121150476,-0.03086015121150476,0.925755453763971
2016-01-08,20491.881,20596.42,20324.619,20453.711,,0.005919883304956297,0.005919883304956297,0.9312358180191805
2016-01-11,19997.42,20068.779,19865.18,19888.5,,-0.02763366510849785,-0.02763366510849785,0.9055023592870004
2016-01-12,20030.029,20130.801,19694.99,19711.76,,-0.008886542474294323,-0.008886542474294323,0.8974555741106228
2016-01-13,20028.859,20234.779,19850.73,19934.881,,0.01131918205172977,0.01131918205172977,0.9076140371373205
2016-01-14,19578.92,19893.881,19509.08,19817.41,,-0.00589273645526156,-0.00589273645526156,0.9022657068133743
2016-01-15,19781.461,19828.93,19500.381,19520.77,,-0.014968656348130271,-0.014968656348130271,0.8887600015133821
2016-01-18,19287.381,19439.49,19195.561,19237.449,,-0.014513822969073442,-0.014513822969073442,0.8758606961894234
2016-01-19,19283.57,19647.75,19204.221,19635.811,,0.020707631245702185,0.020707631245702185,0.8939976965087179
2016-01-20,19332.221,19332.221,18833.881,18886.301,,-0.03817056499474358,-0.03817056499474358,0.8598732993289808
2016-01-21,19079.131,19238.27,18534.301,18542.15,,-0.01822225537970601,-0.01822225537970601,0.8442044684744177
2016-01-22,19000.789,19152.801,18769.609,19080.51,,0.029034389215921497,0.029034389215921497,0.868715429589924
2016-01-25,19341.41,19490.27,19291.91,19340.141,,0.013607131046287524,0.013607131046287524,0.880536154282286
2016-01-26,19068.84,19098.07,18811.83,18860.801,,-0.024784721062788506,-0.024784721062788506,0.8587123113126991
2016-01-27,19211.859,19216.99,18931.34,19052.449,,0.010161180323147612,0.010161180323147612,0.8674378419536543
2016-01-28,19093.77,19223.59,18982.221,19195.83,,0.007525594216260645,0.007525594216260645,0.8739658271600262
2016-01-29,19138.42,19709.99,19130.59,19683.109,,0.0253846278071852,0.0253846278071852,0.8961511243986823
2016-02-01,19770.961,19770.961,19444.26,19595.5,,-0.004450973674941294,-0.004450973674941294,0.8921623793352147
2016-02-02,19474.869,19628.57,19403.49,19446.84,,-0.007586435661248725,-0.007586435661248725,0.8853940468450014
2016-02-03,18910.881,19032.711,18764.82,18991.59,,-0.023409973034179354,-0.023409973034179354,0.8646669960837371
2016-02-04,19190.359,19338.369,19166.18,19183.09,,0.010083410604378118,0.010083410604378118,0.8733857884413035
2016-02-05,19287.359,19397.881,19230.0,19288.17,,0.005477741072996922,0.005477741072996922,0.8781699696472203
2016-02-11,18486.93,18627.51,18446.561,18545.801,,-0.038488306563038366,-0.038488306563038366,0.844370694640984
2016-02-12,18278.801,18482.33,18278.801,18319.58,,-0.012197963301773695,-0.012197963301773695,0.8340710918946601
2016-02-15,18668.869,18937.061,18668.869,18918.141,,0.03267329272832664,0.03267329272832664,0.8613229408363694
2016-02-16,19013.74,19260.67,18974.6,19122.08,,0.01078007611847287,0.01078007611847287,0.8706080677011724
2016-02-17,19198.18,19308.539,18909.061,18924.57,,-0.010328897274773596,-0.010328897274773596,0.8616156464032978
2016-02-18,19409.211,19436.391,19266.221,19363.08,,0.02317146439787021,0.02317146439787021,0.8815805426785798
2016-02-19,19238.43,19342.029,19210.65,19285.5,,-0.004006593992278207,-0.004006593992278207,0.8780484073725744
2016-02-22,19374.24,19524.971,19374.24,19464.09,,0.009260325114723411,0.009260325114723411,0.8861794210913096
2016-02-23,19506.939,19519.85,19328.26,19414.779,,-0.0025334346481136194,-0.0025334346481136194,0.8839343434414717
2016-02-24,19282.34,19360.801,19060.16,19192.449,,-0.011451585413359444,-0.011451585413359444,0.8738118938077498
2016-02-25,19215.49,19215.49,18867.699,18888.75,,-0.015823879485103776,-0.015823879485103776,0.8599847997074856
2016-02-26,19179.949,19436.711,19122.561,19364.15,,0.025168420356032062,0.025168420356032062,0.8816292586463218
2016-02-29,19366.17,19377.721,19053.779,19111.93,,-0.013025100507897402,-0.013025100507897402,0.8701459489417503
2016-03-01,19259.99,19420.0,19108.301,19407.461,,0.015463168816545414,0.015463168816545414,0.8836011626452698
2016-03-02,19788.17,20058.119,19783.92,20003.49,,0.030711333131108853,0.030711333131108853,0.9107377323063037
2016-03-03,20082.01,20082.01,19791.6,19941.76,,-0.0030859614997184037,-0.0030859614997184037,0.9079272307280656
2016-03-04,20052.1,20200.381,19977.43,20176.699,,0.011781257020443636,0.011781257020443636,0.9186237547891325
2016-03-07,20306.09,20331.689,20095.631,20159.721,,-0.0008414656926784003,-0.0008414656926784003,0.917850764414998
2016-03-08,20132.1,20137.73,19902.75,20011.58,,-0.007348365585019723,-0.007348365585019723,0.9111060614455868
2016-03-09,19898.74,20005.41,19818.42,19996.26,,-0.0007655567426462229,-0.0007655567426462229,0.9104085580569813
2016-03-10,20055.42,20184.23,19923.539,19984.42,,-0.0005921107247055524,-0.0005921107247055524,0.9098694953858921
2016-03-11,19900.67,20238.721,19853.631,20199.6,,0.010767387795092453,0.010767387795092453,0.919666413085637
2016-03-14,20371.59,20512.029,20328.881,20435.34,,0.011670528129269941,0.011670528129269941,0.9303994058290977
2016-03-15,20298.15,20366.561,20254.59,20288.77,,-0.007172378830007209,-0.007172378830007209,0.9237262288272778
2016-03-16,20339.9,20383.199,20168.74,20257.699,,-0.0015314383277054144,-0.0015314383277054144,0.922311599076145
2016-03-17,20580.061,20619.34,20435.65,20503.811,,0.012149059969742915,0.012149059969742915,0.9335168180041106
2016-03-18,20599.189,20687.971,20514.971,20671.631,,0.008184819885434846,0.008184819885434846,0.9411574850194986
2016-03-21,20738.25,20772.461,20618.561,20684.15,,0.0006056125905111731,0.0006056125905111731,0.9417274618420801
2016-03-22,20765.07,20765.07,20576.801,20666.75,,-0.0008412238356423352,-0.0008412238356423352,0.9409352582544996
2016-03-23,20629.4,20693.48,20513.609,20615.23,,-0.002492893173817845,-0.002492893173817845,0.9385896071721924
2016-03-24,20450.689,20499.4,20268.529,20345.609,,-0.013078728687480057,-0.013078728687480057,0.9263140483510989
2016-03-29,20386.32,20386.32,20250.15,20366.301,,0.0010170253443875232,0.0010170253443875232,0.9272561332151341
2016-03-30,20545.439,20820.73,20541.07,20803.391,,0.02146143278546253,0.02146143278546253,0.9471563783930387
2016-03-31,20811.461,20872.551,20689.221,20776.699,,-0.0012830600549689208,-0.0012830600549689208,0.9459411198781136
2016-04-01,20786.18,20786.18,20455.41,20498.92,,-0.013369736934630616,-0.013369736934630616,0.9332941359496933
2016-04-05,20311.859,20311.859,20116.869,20177.0,,-0.015704241979577427,-0.015704241979577427,0.9186374590006188
2016-04-06,20100.0,20249.84,20100.0,20206.67,,0.0014704861971550631,0.0014704861971550631,0.9199883027042688
2016-04-07,20297.82,20370.52,20165.76,20266.051,,0.0029386831180002737,0.0029386831180002737,0.9226918567981836
2016-04-08,20061.6,20370.439,20045.471,20370.4,,0.005148955758573992,0.005148955758573992,0.9274427563476337
2016-04-11,20255.84,20550.949,20240.689,20440.811,,0.003456534972312797,0.003456534972312797,0.9306484946697675
2016-04-12,20440.721,20546.43,20407.82,20504.439,,0.0031127923446871986,0.0031127923446871986,0.9335454101795702
2016-04-13,20739.34,21171.289,20716.91,21158.711,,0.03190879789493395,0.03190879789493395,0.9633337219987332
2016-04-14,21456.609,21511.08,21266.211,21337.811,,0.008464598812281343,0.008464598812281343,0.9714879554777942
2016-04-15,21374.65,21423.061,21234.119,21316.471,,-0.0010001025878427772,-0.0010001025878427772,0.9705163678594628
2016-04-18,21129.68,21172.0,21002.77,21161.5,,-0.007270012001517556,-0.007270012001517556,0.9634607022174553
2016-04-19,21438.131,21459.039,21259.17,21436.211,,0.012981641188006598,0.012981641188006598,0.975968003352387
2016-04-20,21452.82,21452.82,21103.34,21236.311,,-0.009325342057885044,-0.009325342057885044,0.966866767883575
2016-04-21,21406.4,21634.74,21331.59,21622.25,,0.018173542476374482,0.018173542476374482,0.984438162158702
2016-04-22,21448.15,21495.789,21358.529,21467.039,,-0.00717830013065246,-0.00717830013065246,0.977371569570659
2016-04-25,21408.561,21430.57,21254.461,21304.439,,-0.007574402785591516,-0.007574402785591516,0.9699685636315449
2016-04-26,21380.02,21419.92,21080.881,21407.27,,0.004826740568010246,0.004826740568010246,0.97465035024732
2016-04-27,21372.33,21442.51,21277.039,21361.6,,-0.002133387395964137,-0.002133387395964137,0.9725710434746304
2016-04-28,21488.961,21654.07,21255.42,21388.029,,0.001237220058422528,0.001237220058422528,0.9737743278778582
2016-04-29,21215.199,21235.391,21023.77,21067.051,,-0.015007366971496072,-0.015007366971496072,0.9591605391919733
2016-05-03,21061.77,21061.77,20668.369,20676.939,,-0.018517636853871977,-0.018517636853871977,0.9413991526426523
2016-05-04,20556.5,20580.381,20411.41,20525.83,,-0.007308093330448795,-0.007308093330448795,0.9345193197739343
2016-05-05,20363.859,20534.76,20342.75,20449.82,,-0.0037031389230058886,-0.0037031389230058886,0.9310586649065785
2016-05-06,20357.449,20377.939,20058.77,20109.869,,-0.016623667103182416,-0.016623667103182416,0.9155810556076381
2016-05-09,20279.9,20303.189,20125.779,20156.811,,0.00233427676729292,0.00233427676729292,0.9177182751943165
2016-05-10,19962.43,20294.461,19962.43,20242.68,,0.004260048873802491,0.004260048873802491,0.921627799899026
2016-05-11,20347.76,20347.76,20008.92,20055.289,,-0.009257222857842917,-0.009257222857842917,0.9130960859633772
2016-05-12,20100.5,20100.5,19863.619,19915.461,,-0.0069721259065377295,-0.0069721259065377295,0.9067298650872737
2016-05-13,19843.49,19881.91,19594.609,19719.289,,-0.00985023645699179,-0.00985023645699179,0.8977983615135477
2016-05-16,19711.77,19998.76,19705.91,19883.949,,0.008350199644622025,0.008350199644622025,0.9052951570728005
2016-05-17,19987.24,20145.77,19847.699,20118.801,,0.011811134699651449,0.011811134699651449,0.9159877201159294
2016-05-18,19862.42,19923.83,19749.289,19826.41,,-0.014533221935044693,-0.014533221935044693,0.902675467289709
2016-05-19,19729.631,19793.461,19646.35,19694.33,,-0.0066618212777803665,-0.0066618212777803665,0.8966620046547881
2016-05-20,19631.711,19954.33,19631.711,19852.199,,0.008015961954532136,0.008015961954532136,0.9038496131701752
2016-05-23,19788.131,19955.029,19750.619,19809.029,,-0.002174570182376323,-0.002174570182376323,0.901884128752023
2016-05-24,19828.02,19870.16,19712.67,19830.43,,0.0010803659280826938,0.0010803659280826938,0.9028584936358052
2016-05-25,20156.76,20379.66,20156.76,20368.051,,0.027110909849155984,0.027110909849155984,0.9273358088633104
2016-05-26,20373.48,20404.73,20249.961,20397.109,,0.0014266460742857756,0.0014266460742857756,0.9286587888545698
2016-05-27,20425.0,20620.15,20290.84,20576.77,,0.00880816001914786,0.00880816001914786,0.9368385640699888
2016-05-30,20523.67,20765.609,20465.84,20629.391,,0.0025573012674000584,0.0025573012674000584,0.9392343425172341
2016-05-31,20617.33,20974.711,20617.33,20815.09,,0.00900167145021391,0.00900167145021391,0.947689021483332
2016-06-01,20726.529,20898.449,20713.289,20760.98,,-0.0025995563795304655,-0.0025995563795304655,0.9452254504417241
2016-06-02,20769.811,20878.211,20680.65,20859.221,,0.004732002053853046,0.004732002053853046,0.9496982592145685
2016-06-03,20956.08,21049.199,20887.789,20947.24,,0.004219668606032734,0.004219668606032734,0.9537056711441801
2016-06-06,20971.131,21039.869,20840.949,21030.221,,0.003961428808759493,0.003961428808759493,0.9574837082649281
2016-06-07,21218.961,21351.33,21153.68,21328.24,,0.014170987551676228,0.014170987551676228,0.9710521979756832
2016-06-08,21294.27,21352.369,21179.949,21297.881,,-0.0014234179660393975,-0.0014234179660393975,0.9696699848311225
2016-06-10,21240.08,21270.619,21017.98,21042.641,,-0.011984290831562161,-0.011984290831562161,0.9580491777222699
2016-06-13,20647.51,20664.59,20430.811,20512.99,,-0.0251703671606619,-0.0251703671606619,0.9339347281610302
2016-06-14,20476.75,20537.92,20358.939,20387.529,,-0.006116173215118925,-0.006116173215118925,0.9282226215919822
2016-06-15,20161.01,20553.58,20161.01,20467.52,,0.003923525994739219,0.003923525994739219,0.9318645271767034
2016-06-16,20284.91,20297.4,19964.369,20038.42,,-0.02096492393802485,-0.02096492393802485,0.9123280582439004
2016-06-17,20244.23,20282.039,20090.801,20169.98,,0.006565387889863716,0.006565387889863716,0.9183178458290777
2016-06-20,20425.061,20551.02,20288.49,20510.199,,0.016867592332763914,0.016867592332763914,0.9338076568844245
2016-06-21,20522.359,20681.789,20516.73,20668.439,,0.007715185991125528,0.007715185991125528,0.941012156637225
2016-06-22,20553.939,20841.51,20515.25,20795.119,,0.006129151795159826,0.006129151795159826,0.9467797629863453
2016-06-23,20862.59,20889.051,20753.939,20868.34,,0.003521066650303828,0.003521066650303828,0.9501134376349791
2016-06-24,20483.51,21034.18,19662.699,20259.131,,-0.029192978454443352,-0.029192978454443352,0.922376796520824
2016-06-27,19982.66,20329.16,19969.471,20227.301,,-0.0015711434019555215,-0.0015711434019555215,0.9209276103028535
2016-06-28,19898.75,20196.199,19898.75,20172.461,,-0.0027111872216664112,-0.0027111872216664112,0.9184308031337206
2016-06-29,20217.07,20456.58,20217.07,20436.119,,0.013070195054534883,0.013070195054534883,0.9304348728747716
2016-06-30,20736.85,20828.029,20614.65,20794.369,,0.017530236538552124,0.017530236538552124,0.946745616279984
2016-07-04,20967.471,21166.02,20840.641,21059.199,,0.012735659350856077,0.012735659350856077,0.9588030459408422
2016-07-05,20919.52,20945.98,20737.16,20750.721,,-0.014648135477517421,-0.014648135477517421,0.9447583690276444
2016-07-06,20475.4,20560.061,20304.391,20495.289,,-0.012309548183892072,-0.012309548183892072,0.9331288203619633
2016-07-07,20606.68,20731.119,20576.74,20706.92,,0.010325836342195416,0.010325836342195416,0.9427641558472069
2016-07-08,20622.83,20645.59,20468.529,20564.17,,-0.00689383066144067,-0.00689383066144067,0.9362648994031201
2016-07-11,20951.17,20972.85,20840.0,20880.5,,0.015382580478570329,0.015382580478570329,0.9506670695674492
2016-07-12,21046.939,21252.641,20957.26,21224.74,,0.016486195253945235,0.016486195253945235,0.9663399524978339
2016-07-13,21356.641,21441.23,21279.77,21322.369,,0.004599773660360462,0.004599773660360462,0.9707848975582873
2016-07-14,21297.539,21581.42,21242.93,21561.061,,0.011194440917892567,0.011194440917892567,0.981652291737986
2016-07-15,21589.08,21739.211,21515.35,21659.25,,0.004553996670200844,0.004553996670200844,0.9861227330058558
2016-07-18,21656.881,21822.0,21616.16,21803.18,,0.006645197779239886,0.006645197779239886,0.9926757136012843
2016-07-19,21734.34,21767.881,21612.6,21673.199,,-0.005961561570376417,-0.005961561570376417,0.9867578162152328
2016-07-20,21646.391,21895.23,21632.51,21882.48,,0.009656211803342973,0.009656211803342973,0.9962861586872113
2016-07-21,21971.971,22118.221,21913.16,22000.49,,0.00539289879392113,0.00539289879392113,1.0016590291107956
2016-07-22,21913.039,21972.869,21832.43,21964.27,,-0.0016463269681721293,-0.0016463269681721293,1.0000099708382575
2016-07-25,22071.77,22071.77,21878.881,21993.439,,0.001328020462323387,0.001328020462323387,1.0013380045420583
2016-07-26,21890.891,22300.51,21890.891,22129.73,,0.00619689353720454,0.00619689353720454,1.0075431895509621
2016-07-27,22193.311,22277.24,21997.881,22218.99,,0.0040334879820043135,0.0040334879820043135,1.0116071028973663
2016-07-28,22134.119,22214.721,22053.51,22174.34,,-0.002009542287925825,-0.002009542287925825,1.0095742356453279
2016-07-29,22055.949,22152.75,21830.461,21891.369,,-0.012761191539410022,-0.012761191539410022,0.9966908654510044
2016-08-01,22027.65,22260.949,22027.65,22129.141,,0.010861449551190727,0.010861449551190727,1.0075163730042331
2016-08-03,21743.32,21822.221,21725.381,21739.119,,-0.017624814266401057,-0.017624814266401057,0.9897590840596755
2016-08-04,21873.359,21922.42,21788.311,21832.23,,0.004283108252914891,0.004283108252914891,0.9939983293610091
2016-08-05,21961.051,22193.289,21961.051,22146.09,,0.014375993657083974,0.014375993657083974,1.008288043039055
2016-08-08,22324.18,22503.279,22260.07,22494.76,,0.015744088459858974,0.015744088459858974,1.02416261918168
2016-08-09,22464.1,22496.75,22402.91,22465.609,,-0.0012959018011304835,-0.0012959018011304835,1.022835404998832
2016-08-10,22511.1,22618.039,22399.289,22492.43,,0.001193869260343705,0.001193869260343705,1.0240565367472512
2016-08-11,22412.311,22689.939,22359.92,22580.551,,0.003917807013292807,0.003917807013292807,1.0280685926289281
2016-08-12,22788.881,22816.75,22704.051,22766.91,,0.008253075843897673,0.008253075843897673,1.0365533206966238
2016-08-15,22765.23,22975.74,22765.23,22932.51,,0.007273714351222926,0.007273714351222926,1.0440929134611825
2016-08-16,23008.09,23084.52,22841.66,22910.84,,-0.0009449467153834767,-0.0009449467153834767,1.0431063012920523
2016-08-17,22995.51,23029.48,22775.869,22799.779,,-0.004847530688530055,-0.004847530688530055,1.03804981148514
2016-08-18,23046.689,23193.9,22976.109,23023.16,,0.009797507247767623,0.009797507247767623,1.0482201120367094
2016-08-19,23153.74,23153.74,22875.561,22937.221,,-0.003732719574550125,-0.003732719574550125,1.044307400306073
2016-08-22,22941.529,23005.16,22792.42,22997.91,,0.002645874144910465,0.002645874144910465,1.0470705062558816
2016-08-23,22927.471,22998.93,22854.35,22998.93,,4.4351856320901106e-05,4.4351856320901106e-05,1.0471169457765328
2016-08-24,23010.631,23036.07,22702.609,22820.779,,-0.007746056012171043,-0.007746056012171043,1.0390059192632544
2016-08-25,22814.369,22898.119,22735.029,22826.869,,0.0002668620558483603,0.0002668620558483603,1.0392831905189075
2016-08-26,22827.221,22997.4,22827.221,22909.539,,0.003621609253551261,0.003621609253551261,1.043047068138751
2016-08-29,22904.199,22922.68,22762.73,22821.34,,-0.003849881047366388,-0.003849881047366388,1.0390314609996125
2016-08-30,22945.08,23073.52,22898.779,23016.109,,0.008534511996228122,0.008534511996228122,1.0478990874679721
2016-08-31,23043.08,23063.15,22939.869,22976.881,,-0.0017043714904200202,-0.0017043714904200202,1.0461130781384547
2016-09-01,22897.16,23193.029,22843.42,23162.34,,0.008071548092188685,0.008071548092188685,1.0545568301585169
2016-09-02,23157.01,23306.48,23152.789,23266.699,,0.00450554650350532,0.00450554650350532,1.059308184997385
2016-09-05,23576.311,23688.41,23530.359,23649.551,,0.016454934152885237,0.016454934152885237,1.0767390314291294
2016-09-06,23683.279,23787.68,23548.551,23787.68,,0.005840660568989353,0.005840660568989353,1.0830278986330892
2016-09-07,23785.23,23830.75,23695.68,23741.811,,-0.0019282670693400172,-0.0019282670693400172,1.0809395316009784
2016-09-08,23704.359,23928.93,23663.59,23919.34,,0.007477483499468418,0.007477483499468418,1.089022239112448
2016-09-09,23924.77,24364.0,23914.73,24099.699,,0.0075403000250007235,0.0075403000250007235,1.0972337935292538
2016-09-12,23596.029,23625.369,23290.6,23290.6,,-0.03357299192823948,-0.03357299192823948,1.0603963722357046
2016-09-13,23564.131,23652.41,23196.49,23215.76,,-0.0032133135256283696,-0.0032133135256283696,1.0569889862302724
2016-09-14,23225.58,23371.529,23155.73,23190.641,,-0.0010819805166834007,-0.0010819805166834007,1.0558453447408223
2016-09-15,23237.199,23471.48,23194.369,23335.59,,0.0062503231368205014,0.0062503231368205014,1.06244471932796
2016-09-19,23486.619,23625.92,23394.949,23550.449,,0.009207352374634548,0.009207352374634548,1.0722270222373824
2016-09-20,23494.01,23556.061,23397.131,23530.859,,-0.0008318312742148226,-0.0008318312742148226,1.071335110267227
2016-09-21,23522.859,23729.02,23436.23,23669.9,,0.005908879059621341,0.005908879059621341,1.0776654998661221
2016-09-22,23920.18,24058.65,23683.58,23759.801,,0.0037981149054282515,0.0037981149054282515,1.0817585972642296
2016-09-23,23836.6,23846.711,23628.641,23686.48,,-0.003085926519334037,-0.003085926519334037,1.0784203697214143
2016-09-26,23554.83,23563.5,23276.131,23317.92,,-0.015559931235033742,-0.015559931235033742,1.0616402229260895
2016-09-27,23356.029,23646.029,23295.051,23571.9,,0.010892052121287188,0.010892052121287188,1.0732036635682554
2016-09-28,23455.73,23619.65,23370.439,23619.65,,0.00202571706141641,0.00202571706141641,1.07537767053992
2016-09-29,23828.6,23828.6,23607.99,23739.471,,0.005072937151905377,0.005072937151905377,1.0808329938771315
2016-09-30,23435.289,23484.369,23239.359,23297.15,,-0.018632302295194303,-0.018632302295194303,1.0606945868045927
2016-10-03,23652.83,23698.301,23500.711,23584.43,,0.012331122047117393,0.012331122047117393,1.0737741412091968
2016-10-04,23665.35,23689.439,23518.561,23689.439,,0.004452471397442981,0.004452471397442981,1.0785550898602447
2016-10-05,23619.91,23847.461,23566.221,23788.311,,0.0041736741845175285,0.0041736741845175285,1.0830566273953746
2016-10-06,23859.41,24004.09,23826.449,23952.5,,0.006902087331883244,0.006902087331883244,1.0905319788230323
2016-10-07,23948.949,23948.949,23770.141,23851.82,,-0.004203319068990741,-0.004203319068990741,1.0859481249611012
2016-10-11,24013.84,24064.5,23441.07,23549.52,,-0.012674085248001954,-0.012674085248001954,1.0721847258504362
2016-10-12,23386.92,23444.67,23267.631,23407.051,,-0.006049762373075973,-0.006049762373075973,1.0656982630389995
2016-10-13,23300.381,23347.971,23006.119,23031.301,,-0.01605285518453392,-0.01605285518453392,1.048590763152025
2016-10-14,23119.961,23318.359,23087.141,23233.311,,0.008771106764659198,0.008771106764659198,1.057788064688067
2016-10-17,23164.539,23177.189,22978.01,23037.539,,-0.008426349563348978,-0.008426349563348978,1.048874772691067
2016-10-18,23130.199,23402.891,23130.199,23394.391,,0.01549002261048793,0.01549002261048793,1.065121866635622
2016-10-19,23393.801,23445.561,23234.67,23304.971,,-0.0038222837260435405,-0.0038222837260435405,1.0610506686585277
2016-10-20,23412.68,23500.82,23360.551,23374.4,,0.0029791498131450656,0.0029791498131450656,1.064211697559799
2016-10-24,23431.631,23620.09,23235.609,23604.08,,0.009826134574577372,0.009826134574577372,1.074668784915861
2016-10-25,23581.689,23631.34,23506.641,23565.109,,-0.0016510281273407479,-0.0016510281273407479,1.0728944765243897
2016-10-26,23396.141,23464.029,23310.23,23325.43,,-0.010170926856311158,-0.010170926856311158,1.06198214527912
2016-10-27,23347.189,23352.619,23002.529,23132.35,,-0.008277660904858042,-0.008277660904858042,1.0531914171934857
2016-10-28,23088.83,23157.73,22847.73,22954.811,,-0.0076749227812996645,-0.0076749227812996645,1.0451082543925982
2016-10-31,22845.82,23045.529,22775.289,22934.539,,-0.0008831264173772002,-0.0008831264173772002,1.0441852916841252
2016-11-01,23015.061,23268.051,23015.061,23147.07,,0.009266852933036862,0.009266852933036862,1.0538616032170023
2016-11-02,22946.061,22956.85,22785.35,22810.5,,-0.014540501238385684,-0.014540501238385684,1.0385379272703383
2016-11-03,22708.551,22855.01,22683.51,22683.51,,-0.0055671730124285945,-0.0055671730124285945,1.0327562069492553
2016-11-04,22611.539,22771.609,22587.59,22642.619,,-0.0018026751591795342,-0.0018026751591795342,1.0308944829894995
2016-11-07,22682.711,22867.24,22623.84,22801.4,,0.007012483847385509,0.007012483847385509,1.0381236138998222
2016-11-08,22981.91,22996.971,22820.391,22909.471,,0.00473966510828272,0.00473966510828272,1.0430439721707077
2016-11-09,23048.32,23048.32,21957.711,22415.189,,-0.021575443623294666,-0.021575443623294666,1.0205398357525213
2016-11-10,22848.74,22918.34,22777.51,22839.109,,0.018912176024926675,0.018912176024926675,1.0398404647667228
2016-11-11,22622.461,22673.311,22442.75,22531.09,,-0.01348647182339735,-0.01348647182339735,1.025816685637818
2016-11-14,22344.23,22359.01,22118.869,22222.221,,-0.013708568915218877,-0.013708568915218877,1.0117542069083705
2016-11-15,22270.9,22411.119,22254.09,22323.91,,0.004576005251680115,0.004576005251680115,1.0163839994725927
2016-11-16,22439.98,22499.391,22280.529,22280.529,,-0.0019432527724758675,-0.0019432527724758675,1.0144089084477175
2016-11-17,22170.07,22367.471,22114.02,22262.881,,-0.0007920817319910789,-0.0007920817319910789,1.0136054136825672
2016-11-18,22239.23,22374.359,22146.881,22344.211,,0.003653166003088293,0.003653166003088293,1.0173082825203783
2016-11-21,22313.039,22480.75,22227.801,22357.779,,0.0006072266324372855,0.0006072266324372855,1.0179260192029238
2016-11-22,22491.711,22719.42,22484.6,22678.07,,0.014325707396964704,0.014325707396964704,1.032508529505782
2016-11-23,22702.41,22804.26,22640.949,22676.689,,-6.0895834610330546e-05,-6.0895834610330546e-05,1.0324456540371354
2016-11-24,22574.82,22647.381,22487.539,22608.49,,-0.0030074496325277478,-0.0030074496325277478,1.0293406257342965
2016-11-25,22609.221,22764.34,22589.529,22723.449,,0.005084771251861575,0.005084771251861575,1.0345745873564034
2016-11-28,22738.939,22964.02,22738.939,22830.57,,0.0047141171219209355,0.0047141171219209355,1.0394516931325646
2016-11-29,22739.51,22868.141,22724.59,22737.07,,-0.004095386142352164,-0.004095386142352164,1.0351947370728651
2016-11-30,22842.359,22889.471,22755.0,22789.77,,0.0023178008424129537,0.0023178008424129537,1.037594112306514
2016-12-01,22948.65,23012.279,22837.529,22878.23,,0.0038815661588511574,0.0038815661588511574,1.041621602499466
2016-12-02,22736.84,22756.01,22559.199,22564.82,,-0.013699049270857078,-0.013699049270857078,1.0273523768452368
2016-12-05,22580.75,22628.131,22375.279,22505.551,,-0.002626610803897367,-0.002626610803897367,1.0246539219928055
2016-12-06,22694.27,22746.67,22625.32,22675.15,,0.007535874149448896,0.007535874149448896,1.0323755849956824
2016-12-07,22805.131,22843.01,22708.881,22800.92,,0.005546600573755667,0.005546600573755667,1.038101760007751
2016-12-08,23027.381,23076.24,22817.32,22861.84,,0.0026718220141994653,0.0026718220141994653,1.0408753831431188
2016-12-09,22765.84,22813.85,22660.221,22760.98,,-0.004411718391870489,-0.004411718391870489,1.036283334071661
2016-12-12,22860.27,22863.609,22375.58,22433.02,,-0.014408869916848865,-0.014408869916848865,1.021351662314024
2016-12-13,22407.619,22458.42,22292.65,22446.699,,0.0006097707754015858,0.0006097707754015858,1.021974452709111
2016-12-14,22596.711,22627.6,22456.619,22456.619,,0.0004419358053493472,0.0004419358053493472,1.0224260998119155
2016-12-15,22257.711,22305.07,21999.301,22059.4,,-0.01768828157079194,-0.01768828157079194,1.0043411390731156
2016-12-16,21996.381,22155.141,21965.68,22020.75,,-0.0017520875454455354,-0.0017520875454455354,1.0025814454719668
2016-12-19,21945.84,21955.939,21786.561,21832.68,,-0.008540581042880024,-0.008540581042880024,0.9940188173848258
2016-12-20,21767.609,21873.561,21667.189,21729.061,,-0.0047460504161650485,-0.0047460504161650485,0.9893011539629006
2016-12-21,21770.891,21910.391,21755.85,21809.801,,0.003715761118255223,0.003715761118255223,0.9929771607250412
2016-12-22,21800.221,21822.18,21594.58,21636.199,,-0.007959815864436282,-0.007959815864436282,0.985073245368079
2016-12-23,21553.779,21601.07,21491.83,21574.76,,-0.0028396392545659843,-0.0028396392545659843,0.982275992711909
2016-12-28,21562.699,21811.961,21488.82,21754.74,,0.008342155370442361,0.008342155370442361,0.9904702916597672
2016-12-29,21591.039,21810.4,21587.07,21790.91,,0.0016626261679062448,0.0016626261679062448,0.9921170734852146
2016-12-30,21818.91,22069.619,21818.91,22000.561,,0.009621030053357238,0.009621030053357238,1.0016622616656645
2017-01-03,21993.359,22189.311,21883.82,22150.4,,0.006810689963769656,0.006810689963769656,1.0084842727782777
2017-01-04,22201.08,22228.061,22076.631,22134.471,,-0.0007191292256573112,-0.0007191292256573112,1.007759042264107
2017-01-05,22302.641,22483.01,22230.311,22456.689,,0.014557293914997826,0.014557293914997826,1.0224292868378424
2017-01-06,22583.289,22605.66,22445.779,22503.01,,0.002062681635747854,0.002062681635747854,1.0245382329516535
2017-01-09,22561.109,22626.43,22476.35,22558.689,,0.0024742912170416798,0.0024742912170416798,1.027073238902969
2017-01-10,22561.17,22744.85,22549.859,22744.85,,0.008252296930907566,0.008252296930907566,1.0355489522401855
2017-01-11,22816.01,22944.58,22767.369,22935.35,,0.008375522370998256,0.008375522370998256,1.044222215655937
2017-01-12,22956.439,22971.49,22751.67,22829.02,,-0.0046360748800431395,-0.0046360748800431395,1.0393811232727515
2017-01-13,22879.57,22971.449,22859.279,22937.381,,0.004746633889672003,0.004746633889672003,1.0443146849367633
2017-01-16,22895.359,22908.859,22657.35,22718.15,,-0.009557804354385468,-0.009557804354385468,1.034333329493726
2017-01-17,22819.869,22867.84,22710.93,22840.971,,0.005406294086446328,0.005406294086446328,1.0399252396563823
2017-01-18,22889.33,23151.75,22882.02,23098.26,,0.01126436349838178,0.01126436349838178,1.0516393355670135
2017-01-19,23104.35,23104.35,22941.961,23049.961,,-0.0020910233065174477,-0.0020910233065174477,1.0494403332062925
2017-01-20,22966.529,22987.68,22858.25,22885.91,,-0.007117192085487667,-0.007117192085487667,1.041971264772605
2017-01-23,22926.301,23068.08,22861.289,22898.52,,0.0005509940395640456,0.0005509940395640456,1.042545384728892
2017-01-24,22965.25,22986.449,22907.779,22949.859,,0.0022420226285366773,0.0022420226285366773,1.0448827950727304
2017-01-25,23066.4,23066.4,22961.381,23049.119,,0.004325081038624168,0.004325081038624168,1.0494019978372842
2017-01-26,23173.461,23386.41,23145.311,23374.17,,0.014102534678223533,0.014102534678223533,1.0642012259031814
2017-01-27,23339.15,23397.09,23307.051,23360.779,,-0.0005728973477988619,-0.0005728973477988619,1.0635915478433373
2017-02-01,23211.881,23318.391,23082.619,23318.391,,-0.001814494285485857,-0.001814494285485857,1.0616616670576844
2017-02-02,23309.461,23439.02,23131.369,23184.52,,-0.00574100502903474,-0.00574100502903474,1.055566662087973
2017-02-03,23216.971,23226.92,22997.461,23129.211,,-0.002385600391985765,-0.002385600391985765,1.0530485018451285
2017-02-06,23239.289,23348.24,23149.699,23348.24,,0.009469799899356701,0.009469799899356701,1.0630206604419195
2017-02-07,23287.891,23403.6,23256.689,23331.57,,-0.0007139724450323515,-0.0007139724450323515,1.0622616929818638
2017-02-08,23284.76,23520.77,23160.99,23485.131,,0.006581683101480218,0.006581683101480218,1.0692531628159123
2017-02-09,23533.52,23644.631,23489.65,23525.141,,0.0017036311187703657,0.0017036311187703657,1.071074775777929
2017-02-10,23645.9,23718.471,23573.85,23574.98,,0.0021185420312677117,0.0021185420312677117,1.0733438927090453
2017-02-13,23664.529,23751.92,23615.391,23710.98,,0.005768827799641718,0.005768827799641718,1.079535828795881
2017-02-14,23695.289,23735.109,23614.471,23703.01,,-0.0003361311932278399,-0.0003361311932278399,1.0791729631296156
2017-02-15,23771.949,24067.619,23771.949,23994.869,,0.012313161914879078,0.012313161914879078,1.0924609945587906
2017-02-16,24139.311,24161.391,23969.57,24107.699,,0.004702255302998504,0.004702255302998504,1.0975980250637736
2017-02-17,24077.869,24106.34,23944.68,24033.74,,-0.0030678581145383577,-0.0030678581145383577,1.0942307500560804
2017-02-20,24066.0,24202.34,24022.15,24146.08,,0.004674262099864546,0.004674262099864546,1.0993454713795738
2017-02-21,24174.109,24213.641,23909.15,23963.631,,-0.007556050505920675,-0.007556050505920675,1.0910387614743748
2017-02-22,24059.09,24201.961,23999.551,24201.961,,0.009945487810256948,0.009945487810256948,1.101889674177136
2017-02-23,24122.18,24216.529,24046.91,24114.859,,-0.0035989645632433787,-0.0035989645632433787,1.0979240122871687
2017-02-24,24115.609,24121.91,23958.131,23965.699,,-0.006185397973921369,-0.006185397973921369,1.091132915326048
2017-02-27,23941.811,24067.68,23822.881,23925.051,,-0.00169609073367738,-0.00169609073367738,1.0892822548991532
2017-02-28,23952.641,24007.811,23740.73,23740.73,,-0.007704100609858711,-0.007704100609858711,1.0808903148148763
2017-03-01,23849.221,23857.279,23730.051,23776.49,,0.0015062721323229056,0.0015062721323229056,1.0825184297741797
2017-03-02,24044.48,24080.869,23694.33,23728.07,,-0.0020364654328709486,-0.0020364654328709486,1.080313918411499
2017-03-03,23618.359,23635.24,23511.6,23552.721,,-0.007389939426173275,-0.007389939426173275,1.072330463993186
2017-03-06,23600.49,23691.051,23574.279,23596.279,,0.001849382922678,0.001849382922678,1.0743136136407623
2017-03-07,23630.35,23728.0,23585.77,23681.07,,0.0035934055534774245,0.0035934055534774245,1.0781740581461954
2017-03-08,23627.279,23816.23,23563.141,23782.27,,0.00427345554909464,0.00427345554909464,1.0827815870578703
2017-03-09,23667.77,23673.58,23456.061,23501.561,,-0.01180328875250336,-0.01180328875250336,1.0700012033299322
2017-03-10,23534.98,23603.77,23438.859,23568.67,,0.002855512448726172,0.002855512448726172,1.073056605086193
2017-03-13,23643.301,23877.59,23567.93,23829.67,,0.01107402326902629,0.01107402326902629,1.0849396588998996
2017-03-14,23871.0,23918.119,23768.34,23827.949,,-7.222089101521778e-05,-7.222089101521778e-05,1.0848613035910362
2017-03-15,23705.07,23842.811,23645.51,23792.85,,-0.0014730180931645798,-0.0014730180931645798,1.0832632832622724
2017-03-16,24101.98,24288.279,24003.75,24288.279,,0.02082260006682679,0.02082260006682679,1.1058196413767205
2017-03-17,24376.131,24385.811,24237.971,24309.93,,0.0008914176257610595,0.0008914176257610595,1.1068053884959566
2017-03-20,24312.57,24501.99,24312.57,24501.99,,0.00790047523789661,0.00790047523789661,1.1155496770609394
2017-03-21,24565.73,24656.65,24500.35,24593.119,,0.0037192489263115913,0.0037192489263115913,1.1196986839995955
2017-03-22,24336.33,24380.42,24207.1,24320.41,,-0.011088833425316968,-0.011088833425316968,1.1072825318061772
2017-03-23,24381.039,24466.73,24271.26,24327.699,,0.00029970711842453035,0.00029970711842453035,1.1076143922630666
2017-03-24,24396.41,24420.77,24263.17,24358.27,,0.0012566334366435061,0.0012566334366435061,1.109006257543292
2017-03-27,24235.689,24434.9,24138.779,24193.699,,-0.006756267994401877,-0.006756267994401877,1.1015135140598609
2017-03-28,24329.17,24360.0,24274.52,24345.869,,0.0062896541781394255,0.0062896541781394255,1.1084416531358445
2017-03-29,24470.66,24470.66,24330.699,24392.051,,0.0018969131888453283,0.0018969131888453283,1.1105442707267434
2017-03-30,24429.119,24431.119,24250.4,24301.09,,-0.003729124705421416,-0.003729124705421416,1.106402912650312
2017-03-31,24305.529,24329.98,24105.381,24111.59,,-0.007798004122448798,-0.007798004122448798,1.0977751781763756
2017-04-03,24236.561,24261.48,24162.551,24261.48,,0.0062165124738766675,0.0062165124738766675,1.104599511265021
2017-04-05,24370.949,24400.801,24166.01,24400.801,,0.0057424773756589165,0.0057424773756589165,1.1109426489676244
2017-04-06,24310.41,24381.631,24210.689,24273.721,,-0.005208025752925005,-0.005208025752925005,1.1051568310417783
2017-04-07,24247.01,24268.391,23982.4,24267.301,,-0.0002644835540460688,-0.0002644835540460688,1.1048645352353261
2017-04-10,24302.01,24314.66,24215.539,24262.18,,-0.0002110247035712609,-0.0002110247035712609,1.1046313815242916
2017-04-11,24280.869,24318.15,24007.85,24088.461,,-0.007160073826836699,-0.007160073826836699,1.0967221392811373
2017-04-12,24068.91,24313.5,23994.131,24313.5,,0.009342190852292376,0.009342190852292376,1.106967926818236
2017-04-13,24173.42,24378.381,24158.16,24261.66,,-0.0021321488062188143,-0.0021321488062188143,1.1046077064745479
2017-04-18,24268.17,24276.311,23892.59,23924.539,,-0.013895215743687794,-0.013895215743687794,1.089258944080944
2017-04-19,23875.98,23893.141,23723.869,23825.881,,-0.00412371582165072,-0.00412371582165072,1.0847671497393627
2017-04-20,23851.02,24058.869,23827.07,24056.98,,0.009699494427928945,0.009699494427928945,1.09528884266386
2017-04-21,24143.039,24190.141,23991.869,24042.02,,-0.0006218569413117825,-0.0006218569413117825,1.0946077296943082
2017-04-24,24185.76,24206.439,23958.18,24139.48,,0.004053735917364687,0.004053735917364687,1.099044980363595
2017-04-25,24204.779,24455.939,24201.91,24455.939,,0.013109603023760297,0.013109603023760297,1.1134530237614182
2017-04-26,24563.25,24637.85,24515.23,24578.43,,0.005008640232542438,0.005008640232542438,1.1190299093732754
2017-04-27,24663.1,24717.439,24455.119,24698.48,,0.004884364054172696,0.004884364054172696,1.1244956588381625
2017-04-28,24691.289,24697.029,24563.77,24615.131,,-0.0033746611127485338,-0.0033746611127485338,1.1207008670668266
2017-05-02,24773.801,24773.801,24577.33,24696.131,,0.0032906589040699874,0.0032906589040699874,1.124388711353839
2017-05-04,24680.449,24683.881,24530.93,24683.881,,-0.0004960291148439211,-0.0004960291148439211,1.1238309818166057
2017-05-05,24625.35,24634.279,24358.721,24476.35,,-0.008407551470532626,-0.008407551470532626,1.1143823149928034
2017-05-08,24604.289,24624.211,24476.199,24577.91,,0.00414931147822295,0.00414931147822295,1.1190062343235316
2017-05-09,24656.949,24889.83,24548.971,24889.029,,0.012658480725171506,0.012658480725171506,1.1331711531720627
2017-05-10,24931.82,25164.971,24931.82,25015.42,,0.005078181233988621,0.005078181233988621,1.1389256016569984
2017-05-11,25101.529,25203.539,25024.76,25125.551,,0.004402524522874263,0.004402524522874263,1.1439397495480228
2017-05-12,25126.48,25211.279,25087.32,25156.34,,0.0012254059622414104,0.0012254059622414104,1.145341540137564
2017-05-15,25233.311,25385.721,25213.471,25371.59,,0.008556491127087673,0.008556491127087673,1.155141644863236
2017-05-16,25413.35,25413.35,25228.461,25335.939,,-0.0014051543478356132,-0.0014051543478356132,1.1535184925585904
2017-05-17,25355.76,25374.949,25245.439,25293.631,,-0.0016698808755419847,-0.0016698808755419847,1.1515922540882828
2017-05-18,25034.189,25263.811,25025.051,25136.52,,-0.006211484622354213,-0.006211484622354213,1.1444391565107912
2017-05-19,25171.66,25266.221,25124.061,25174.869,,0.0015256288459977174,0.0015256288459977174,1.1461851459004535
2017-05-22,25318.289,25450.039,25201.34,25391.34,,0.008598694197773149,0.008598694197773149,1.1560408414640815
2017-05-23,25415.57,25486.98,25307.27,25403.15,,0.0004651192099354162,0.0004651192099354162,1.1565785382669163
2017-05-24,25382.26,25428.5,25296.66,25428.5,,0.0009979077397881397,0.0009979077397881397,1.1577326969419257
2017-05-25,25511.461,25680.67,25491.779,25630.779,,0.00795481447981583,0.00795481447981583,1.1669422457633156
2017-05-26,25670.98,25724.4,25588.699,25639.27,,0.0003312813863363129,0.0003312813863363129,1.1673288320082666
2017-05-29,25672.4,25744.721,25579.15,25701.631,,0.0024322455358518624,0.0024322455358518624,1.17016806234879
2017-05-31,25706.449,25817.949,25650.061,25660.65,,-0.001594490248498226,-0.001594490248498226,1.1683022407842707
2017-06-01,25736.35,25834.75,25614.609,25809.221,,0.005789837747679716,0.005789837747679716,1.1750665211986624
2017-06-02,25926.061,25973.0,25851.85,25924.051,,0.004449185041268677,0.004449185041268677,1.180294609587275
2017-06-05,25976.359,25998.66,25801.84,25862.99,,-0.0023553803377410754,-0.0023553803377410754,1.1775145668711116
2017-06-06,25819.529,26019.01,25805.02,25997.141,,0.005186987274093058,0.005186987274093058,1.1836223199445313
2017-06-07,26025.211,26073.439,25898.82,25974.16,,-0.0008839818193854265,-0.0008839818193854265,1.1825760193326813
2017-06-08,25974.0,26069.98,25923.211,26063.061,,0.0034226708390185934,0.0034226708390185934,1.186623587788974
2017-06-09,26090.33,26090.33,25922.68,26030.289,,-0.0012574117829061704,-0.0012574117829061704,1.1851315133078137
2017-06-12,25925.449,25957.779,25689.23,25708.039,,-0.01237980876816236,-0.01237980876816236,1.1704598118079401
2017-06-13,25826.52,25883.221,25722.631,25852.1,,0.005603733524754517,0.005603733524754517,1.1770187566947463
2017-06-14,25915.461,25915.461,25713.02,25875.9,,0.0009206215355812564,0.0009206215355812564,1.1781023455099426
2017-06-15,25772.279,25772.279,25565.34,25565.34,,-0.01200190138314039,-0.01200190138314039,1.163962877339886
2017-06-16,25601.811,25719.971,25557.801,25626.49,,0.002391910297300903,0.002391910297300903,1.1667469721318715
2017-06-19,25736.199,25939.721,25735.07,25924.551,,0.011630972481990298,0.011630972481990298,1.1803173740581827
2017-06-20,26028.43,26043.1,25833.93,25843.039,,-0.0031442010316783398,-0.0031442010316783398,1.176606218952961
2017-06-21,25752.27,25846.52,25575.98,25694.58,,-0.005744641719574783,-0.005744641719574783,1.1698470377800527
2017-06-22,25597.461,25867.939,25597.461,25674.529,,-0.0007803591263216836,-0.0007803591263216836,1.1689341369677206
2017-06-23,25724.279,25770.369,25648.77,25670.051,,-0.0001744141051234216,-0.0001744141051234216,1.168730258366273
2017-06-26,25727.93,25875.48,25720.381,25871.891,,0.007862859329730298,0.007862859329730298,1.1779198199822063
2017-06-27,25911.199,25929.609,25780.689,25839.99,,-0.0012330370439485039,-0.0012330370439485039,1.1764674012093672
2017-06-28,25735.211,25821.359,25625.711,25683.5,,-0.0060561168947821375,-0.0060561168947821375,1.1693425771047428
2017-06-29,25872.93,25965.42,25814.801,25965.42,,0.010976697101251709,0.010976697101251709,1.1821780963812185
2017-06-30,25679.641,25816.25,25661.43,25764.58,,-0.007734902805346389,-0.007734902805346389,1.1730340637071004
2017-07-03,25654.77,25821.391,25654.77,25784.17,,0.0007603461806866552,0.0007603461806866552,1.1739259756772555
2017-07-04,25782.85,25838.27,25251.721,25389.01,,-0.015325682385742834,-0.015325682385742834,1.1559347590296525
2017-07-05,25354.381,25559.18,25199.859,25521.971,,0.0052369509484617716,0.0052369509484617716,1.1619883326623126
2017-07-06,25574.57,25599.699,25436.83,25465.221,,-0.002223574346981283,-0.002223574346981283,1.1594045652143132
2017-07-07,25377.211,25409.9,25315.91,25340.85,,-0.004883955258036199,-0.004883955258036199,1.1537420851918436
2017-07-10,25392.029,25622.75,25331.949,25500.061,,0.006282780569712765,0.006282780569712765,1.1609907935471468
2017-07-11,25605.189,25941.471,25596.211,25877.641,,0.014807023402806596,0.014807023402806596,1.1781816113976424
2017-07-12,25991.35,26147.301,25991.35,26043.641,,0.006414804193318968,0.006414804193318968,1.1857394157389272
2017-07-13,26340.289,26383.76,26255.311,26346.17,,0.011616232922270653,0.011616232922270653,1.1995132409772677
2017-07-14,26416.68,26416.68,26295.99,26389.23,,0.0016343931584743565,0.0016343931584743565,1.2014737172118204
2017-07-17,26572.92,26618.66,26353.83,26470.58,,0.0030826969941906146,0.0030826969941906146,1.205177496628468
2017-07-18,26489.52,26540.17,26381.141,26524.939,,0.002053562861108249,0.002053562861108249,1.207652404376588
2017-07-19,26561.811,26682.641,26541.561,26672.16,,0.005550286091138723,0.005550286091138723,1.2143552207195294
2017-07-20,26770.48,26794.18,26632.98,26740.211,,0.0025513869142956835,0.0025513869142956835,1.21745351073898
2017-07-21,26777.439,26778.42,26663.25,26706.09,,-0.0012760183530339253,-0.0012760183530339253,1.2159000177153112
2017-07-24,26720.039,26882.0,26674.5,26846.83,,0.005269959024327475,0.005269959024327475,1.22230776098635
2017-07-25,26847.58,26889.699,26799.77,26852.051,,0.00019447361196833768,0.00019447361196833768,1.222545467591566
2017-07-26,26960.811,27007.27,26786.631,26941.02,,0.0033133037025738776,0.0033133037025738776,1.2265961320159018
2017-07-27,27002.699,27169.15,26962.029,27131.17,,0.007058010424252581,0.007058010424252581,1.235253460302018
2017-07-28,27007.971,27047.881,26928.439,26979.391,,-0.005594266668190073,-0.005594266668190073,1.2283431230422839
2017-07-31,27048.449,27324.381,27045.41,27323.99,,0.012772675261647048,0.012772675261647048,1.2440323508627804
2017-08-01,27326.039,27558.0,27326.039,27540.23,,0.007913924723292443,0.007913924723292443,1.253877529240849
2017-08-02,27645.279,27747.35,27570.5,27607.381,,0.002438287552427809,0.002438287552427809,1.2569348432126661
2017-08-03,27533.51,27601.051,27399.58,27531.01,,-0.002766325425798355,-0.002766325425798355,1.253457752397315
2017-08-04,27564.711,27615.029,27508.109,27562.68,,0.0011503391993248346,0.0011503391993248346,1.2548996539845951
2017-08-07,27665.711,27731.92,27629.199,27690.359,,0.004632314419352523,0.004632314419352523,1.2607127437465886
2017-08-08,27684.6,27867.561,27626.189,27854.91,,0.005942537617515065,0.005942537617515065,1.2682045766511834
2017-08-09,27760.08,27876.119,27602.66,27757.09,,-0.003511768661252135,-0.003511768661252135,1.2637509355628431
2017-08-10,27791.359,27791.359,27267.029,27444.0,,-0.011279640625151965,-0.011279640625151965,1.2494962791699946
2017-08-11,27000.43,27184.211,26863.711,26883.51,,-0.020423043288150478,-0.020423043288150478,1.2239777625721229
2017-08-14,27091.77,27268.23,27032.4,27250.23,,0.01364107588629615,0.01364107588629615,1.2406741361145082
2017-08-15,27371.25,27438.42,27174.961,27174.961,,-0.0027621418241240425,-0.0027621418241240425,1.2372472181930374
2017-08-16,27238.811,27422.301,27238.811,27409.07,,0.008614878968915551,0.008614878968915551,1.2479059532323977
2017-08-17,27610.289,27624.52,27302.48,27344.221,,-0.0023659686373889155,-0.0023659686373889155,1.244953446884639
2017-08-18,26999.6,27236.32,26951.92,27047.57,,-0.010848763985633392,-0.010848763985633392,1.2314472407662866
2017-08-21,27100.631,27221.311,27086.43,27154.68,,0.00396005999799609,0.00396005999799609,1.236323845724088
2017-08-22,27322.199,27509.061,27316.08,27401.67,,0.00909566969671527,0.00909566969671527,1.247569039062967
2017-08-24,27642.23,27642.23,27485.869,27518.6,,0.004267258163462406,0.004267258163462406,1.2528927382293913
2017-08-25,27539.109,27878.369,27480.109,27848.16,,0.011975899936770062,0.011975899936770062,1.2678972562939324
2017-08-28,27905.59,28071.59,27806.051,27863.289,,0.0005432674905632151,0.0005432674905632151,1.268586063654651
2017-08-29,27744.58,27839.83,27638.73,27765.01,,-0.0035271858968265457,-0.0035271858968265457,1.2641115247820176
2017-08-30,27957.74,28127.9,27912.82,28094.609,,0.01187102039581478,0.01187102039581478,1.2791178184752896
2017-08-31,27934.449,27994.061,27861.48,27970.301,,-0.004424621107914417,-0.004424621107914417,1.2734582067761544
2017-09-01,28015.221,28116.699,27915.439,27953.16,,-0.0006128285855772075,-0.0006128285855772075,1.272677795184504
2017-09-04,27881.711,27884.461,27662.289,27740.26,,-0.0076163124312242925,-0.0076163124312242925,1.2629846834720972
2017-09-05,27797.439,27871.76,27685.301,27741.35,,3.929307079308941e-05,3.929307079308941e-05,1.2630343100186754
2017-09-06,27671.561,27684.26,27421.789,27613.76,,-0.004599271484624912,-0.004599271484624912,1.2572252723325037
2017-09-07,27817.869,27817.869,27492.82,27522.92,,-0.003289664283313787,-0.003289664283313787,1.2530894232580319
2017-09-08,27571.59,27708.09,27569.131,27668.471,,0.0052883560319909595,0.0052883560319909595,1.2597162062681426
2017-09-11,27877.689,27976.98,27859.0,27955.131,,0.010360529138021324,0.010360529138021324,1.2727675327288215
2017-09-12,28068.699,28071.539,27883.83,27972.24,,0.0006120164487872781,0.0006120164487872781,1.2735464873943336
2017-09-13,27984.27,27984.27,27751.279,27894.08,,-0.002794198819972893,-0.002794198819972893,1.2699879453020757
2017-09-14,27788.84,27895.07,27699.09,27777.199,,-0.00419017225160323,-0.00419017225160323,1.2646664770538003
2017-09-15,27736.6,27893.58,27514.039,27807.59,,0.001094098796642573,0.001094098796642573,1.2660501471244991
2017-09-18,27971.369,28160.391,27917.18,28159.77,,0.012664887536100844,0.012664887536100844,1.2820845298528947
2017-09-19,28200.539,28248.119,28032.17,28051.41,,-0.0038480427929631356,-0.0038480427929631356,1.2771510137178246
2017-09-20,28099.289,28149.359,28013.109,28127.801,,0.0027232499186315984,0.0027232499186315984,1.2806290151120119
2017-09-21,28091.24,28184.369,28046.939,28110.33,,-0.0006211292521586254,-0.0006211292521586254,1.2798335789695627
2017-09-22,27949.83,27960.92,27845.52,27880.529,,-0.008174966284636431,-0.008174966284636431,1.269370982611541
2017-09-25,27851.539,27851.539,27476.27,27500.34,,-0.01363636249513056,-0.01363636249513056,1.25206137975185
2017-09-26,27308.609,27567.881,27300.369,27513.01,,0.0004607215765330963,0.0004607215765330963,1.2526382314446456
2017-09-27,27503.051,27673.4,27503.051,27642.43,,0.004703956419163324,0.004703956419163324,1.2585305870943388
2017-09-28,27661.27,27665.16,27421.6,27421.6,,-0.00798880561513593,-0.00798880561513593,1.2484764308733394
2017-09-29,27492.131,27581.131,27383.16,27554.301,,0.004839287277182969,0.004839287277182969,1.2545181669811274
2017-10-03,27884.211,28194.16,27737.381,28173.211,,0.022461466179091172,0.022461466179091172,1.2826964843598296
2017-10-04,28311.27,28521.77,28311.27,28379.18,,0.007310810258724265,0.007310810258724265,1.292074034976517
2017-10-06,28626.41,28626.41,28377.85,28458.039,,0.0027787624589576954,0.0027787624589576954,1.2956644017991035
2017-10-09,28440.17,28488.35,28282.01,28326.59,,-0.004619046308847907,-0.004619046308847907,1.2896796679264677
2017-10-10,28334.92,28503.84,28260.199,28490.83,,0.005798085826779875,0.005798085826779875,1.2971573413301583
2017-10-11,28622.01,28625.66,28330.73,28389.57,,-0.0035541260117729623,-0.0035541260117729623,1.2925470806819743
2017-10-12,28431.051,28528.711,28343.32,28459.029,,0.00244663797303013,0.00244663797303013,1.2957094754515002
2017-10-13,28423.65,28492.391,28369.869,28476.43,,0.0006114403973516147,0.0006114403973516147,1.2965017245680226
2017-10-16,28661.98,28792.061,28620.381,28692.801,,0.007598248797338725,0.007598248797338725,1.3063528672374691
2017-10-17,28777.18,28777.18,28641.949,28697.49,,0.0001634207827949652,0.0001634207827949652,1.3065663524456397
2017-10-18,28636.199,28729.34,28629.73,28711.76,,0.0004972560317992869,0.0004972560317992869,1.307216050445339
2017-10-19,28783.85,28798.779,28094.539,28159.09,,-0.019248907068044496,-0.019248907068044496,1.2820535701724605
2017-10-20,28360.02,28519.76,28313.699,28487.24,,0.011653430561854083,0.011653430561854083,1.2969938924290425
2017-10-23,28557.801,28557.801,28253.32,28305.881,,-0.006366324010328883,-0.006366324010328883,1.2887368090704217
2017-10-24,28232.619,28356.1,28098.83,28154.971,,-0.005331400919830087,-0.005331400919830087,1.2818660364611247
2017-10-25,28238.85,28387.211,28198.561,28302.891,,0.0052537791638995746,0.0052537791638995746,1.2886006775343948
2017-10-26,28165.609,28316.199,28102.75,28202.381,,-0.0035512273286851803,-0.0035512273286851803,1.2840245635925722
2017-10-27,28332.91,28494.52,28305.73,28438.85,,0.008384717588206358,0.008384717588206358,1.294790746934616
2017-10-30,28585.15,28650.82,28336.189,28336.189,,-0.00360988577245569,-0.00360988577245569,1.2901167002389495
2017-10-31,28247.0,28354.109,28183.789,28245.539,,-0.0031990893341372617,-0.0031990893341372617,1.2859895016634226
2017-11-01,28387.551,28606.59,28329.5,28594.061,,0.01233901041860097,0.01233901041860097,1.3018573395226591
2017-11-02,28604.949,28643.58,28492.199,28518.641,,-0.002637610656282874,-0.002637610656282874,1.2984235467309742
2017-11-03,28603.51,28661.289,28542.66,28603.609,,0.0029793846067209806,0.0029793846067209806,1.3022920498591084
2017-11-06,28616.35,28650.789,28137.77,28596.801,,-0.00023801192360028978,-0.00023801192360028978,1.301982088823232
2017-11-07,28715.4,29017.4,28715.07,28994.34,,0.013901519963719133,0.013901519963719133,1.3200816188234128
2017-11-08,28950.5,29123.439,28885.07,28907.6,,-0.002991618364135973,-0.002991618364135973,1.3161324384103825
2017-11-09,28987.789,29192.51,28960.051,29136.57,,0.007920754403686336,0.007920754403686336,1.326557200217756
2017-11-10,29060.131,29237.85,29036.449,29120.92,,-0.0005371256808883729,-0.0005371256808883729,1.3258446722783515
2017-11-13,29058.23,29258.5,29058.23,29182.18,,0.0021036423299813922,0.0021036423299813922,1.3286337752539366
2017-11-14,29272.1,29320.029,29143.631,29152.119,,-0.0010301149537149668,-0.0010301149537149668,1.3272651297340368
2017-11-15,29026.109,29106.49,28851.689,28851.689,,-0.010305597339253514,-0.010305597339253514,1.3135868697445658
2017-11-16,28963.77,29095.49,28877.76,29018.76,,0.0057906835194292405,0.0057906835194292405,1.3211934355825343
2017-11-17,29214.359,29341.92,29158.35,29199.039,,0.006212498397588417,0.006212498397588417,1.3294013476839952
2017-11-20,29227.08,29299.869,29089.58,29260.311,,0.002098425225570022,0.002098425225570022,1.332190997006882
2017-11-21,29369.689,29818.07,29343.48,29818.07,,0.019061964173928247,0.019061964173928247,1.357585174064657
2017-11-22,30087.189,30199.689,29911.07,30003.49,,0.006218376977450424,0.006218376977450424,1.3660271504559884
2017-11-23,30033.18,30169.99,29593.789,29707.939,,-0.009850554052212024,-0.009850554052212024,1.3525710261736326
2017-11-24,29788.18,29918.92,29696.59,29866.32,,0.0053312685205122445,0.0053312685205122445,1.359781945507229
2017-11-27,29857.65,29859.109,29610.961,29686.189,,-0.0060312418804862045,-0.0060312418804862045,1.351580771689157
2017-11-28,29608.641,29687.449,29334.59,29680.85,,-0.00017984794208514288,-0.00017984794208514288,1.3513376926688068
2017-11-29,29813.939,29831.189,29563.391,29623.83,,-0.0019211040115090228,-0.0019211040115090228,1.3487416324065176
2017-11-30,29340.27,29353.51,29127.301,29177.35,,-0.015071650087108979,-0.015071650087108979,1.3284138704649702
2017-12-01,29261.311,29345.971,29028.76,29074.24,,-0.003533905580869967,-0.003533905580869967,1.323719381274429
2017-12-04,28951.189,29343.779,28803.189,29138.279,,0.0022026027163564166,0.0022026027163564166,1.3266350091793175
2017-12-05,28898.58,29124.24,28838.119,28842.801,,-0.010140543990260986,-0.010140543990260986,1.3131822085097145
2017-12-06,28850.359,28929.211,28204.529,28224.801,,-0.021426490443837265,-0.021426490443837265,1.2850453224680638
2017-12-07,28366.141,28478.34,28134.93,28303.189,,0.002777273788396206,0.002777273788396206,1.2886142451590556
2017-12-08,28400.01,28705.76,28344.391,28639.85,,0.011894808037355764,0.011894808037355764,1.3039420642394246
2017-12-11,28645.41,28998.51,28645.41,28965.289,,0.011363153089139821,0.011363153089139821,1.3187589575347463
2017-12-12,28972.74,29066.77,28745.73,28793.881,,-0.005917703772953864,-0.005917703772953864,1.3109549326761263
2017-12-13,28856.779,29276.67,28707.6,29222.1,,0.014871875034838,0.014871875034838,1.33045129061119
2017-12-14,29335.76,29367.51,29047.609,29166.381,,-0.0019067418152698412,-0.0019067418152698412,1.327914463502202
2017-12-15,29000.109,29017.66,28738.84,28848.109,,-0.0109122897352264,-0.0109122897352264,1.3134238761328683
2017-12-18,28923.529,29143.33,28821.189,29050.41,,0.007012626026891455,0.007012626026891455,1.3226344265909782
2017-12-19,29193.74,29339.109,29144.17,29253.66,,0.0069964589140050215,0.0069964589140050215,1.3318881840148704
2017-12-20,29199.289,29326.52,29159.279,29234.09,,-0.0006689761212784751,-0.0006689761212784751,1.3309971826235516
2017-12-21,29209.641,29431.811,29145.131,29367.061,,0.004548491162201351,0.004548491162201351,1.33705121154563
2017-12-22,29505.051,29578.01,29413.859,29578.01,,0.007183183907984336,0.007183183907984336,1.3466554962925554
2017-12-27,29632.971,29693.82,29516.51,29597.66,,0.0006643448967662557,0.0006643448967662557,1.3475501399992196
2017-12-28,29684.789,29873.1,29661.061,29863.711,,0.008988920070032602,0.008988920070032602,1.3596631604980338
2017-12-29,29914.051,29997.961,29849.311,29919.15,,0.0018564002310363925,0.0018564002310363925,1.3621872395033139
2018-01-02,30028.289,30515.311,30028.289,30515.311,,0.019925733184264827,0.019925733184264827,1.3893298189846675
2018-01-03,30658.73,30724.32,30456.76,30560.949,,0.001495577089153599,0.001495577089153599,1.391407668831219
2018-01-04,30691.711,30796.93,30560.43,30736.48,,0.005743637084044684,0.005743637084044684,1.399399409516942
2018-01-05,30893.859,30911.01,30638.529,30814.641,,0.002542939204489336,0.002542939204489336,1.4029579971381418
2018-01-08,30895.09,30929.15,30732.539,30899.529,,0.002754794384915993,0.002754794384915993,1.4068228579509308
2018-01-09,30933.51,31056.699,30852.43,31011.41,,0.003620799527397356,0.003620799527397356,1.4119166814901314
2018-01-10,31009.24,31267.57,30928.58,31073.721,,0.0020092927087158596,0.0020092927087158596,1.414753635383564
2018-01-11,31066.211,31133.18,30950.07,31120.391,,0.0015019121784609624,0.0015019121784609624,1.4168784710980684
2018-01-12,31298.051,31412.539,31198.359,31412.539,,0.009387671253873409,0.009387671253873409,1.4301796603914279
2018-01-15,31702.561,31733.18,31265.25,31338.869,,-0.0023452418156966193,-0.0023452418156966193,1.426825543247919
2018-01-16,31423.619,31904.75,31423.619,31904.75,,0.0180568418088094,0.0180568418088094,1.4525895063711152
2018-01-17,31825.52,31983.41,31642.27,31983.41,,0.002465463606516227,0.002465463606516227,1.4561708129342807
2018-01-18,32148.449,32233.811,31869.699,32121.939,,0.004331276746288193,0.004331276746288193,1.4624778917149663
2018-01-19,32142.16,32254.891,31986.0,32254.891,,0.004138978036164032,0.004138978036164032,1.46853105558715
2018-01-22,32276.961,32417.23,32046.84,32393.41,,0.004294511489745911,0.004294511489745911,1.4748376790784177
2018-01-23,32606.141,32930.699,32554.23,32930.699,,0.016586367412384284,0.016586367412384284,1.4992998786972405
2018-01-24,32907.23,33018.711,32728.51,32958.691,,0.0008500275077671926,0.0008500275077671926,1.5005743248365249
2018-01-25,32979.379,32998.051,32650.221,32654.449,,-0.009231009811645707,-0.009231009811645707,1.4867225085208553
2018-01-26,32836.281,33223.578,32794.129,33154.121,,0.015301804663738094,0.015301804663738094,1.5094720459354243
2018-01-29,33335.48,33484.078,32897.039,32966.891,,-0.005647261768755518,-0.005647261768755518,1.5009476621594078
2018-01-30,32751.721,32976.75,32501.35,32607.289,,-0.010907974306706758,-0.010907974306706758,1.4845753636248615
2018-01-31,32435.76,32933.98,32330.391,32887.27,,0.008586454396745324,0.008586454396745324,1.497322602283158
2018-02-01,32950.301,33048.039,32642.09,32642.09,,-0.007455164262646252,-0.007455164262646252,1.4861598163289642
2018-02-02,32569.01,32778.512,32321.42,32601.779,,-0.0012349393068887826,-0.0012349393068887826,1.484324499155461
2018-02-05,31715.561,32394.869,31712.02,32245.221,,-0.01093676513787778,-0.01093676513787778,1.4680907907197995
2018-02-06,31028.68,31286.029,30577.83,30595.42,,-0.051164201975852586,-0.051164201975852586,1.3929770969845225
2018-02-07,31378.35,31472.471,30292.15,30323.199,,-0.008897442819872925,-0.008897442819872925,1.38058316291471
2018-02-08,30555.801,30739.109,30251.32,30451.27,,0.004223531956506266,0.004223531956506266,1.386414100021895
2018-02-09,29679.211,29679.211,29129.26,29507.42,,-0.03099542317939452,-0.03099542317939452,1.3434416082898368
2018-02-12,29713.08,29801.52,29459.631,29459.631,,-0.0016195587414961077,-0.0016195587414961077,1.3412658256894414
2018-02-13,29850.15,30169.0,29783.1,29839.529,,0.012895545093555283,0.012895545093555283,1.3585621796270642
2018-02-14,30024.471,30637.23,29968.539,30515.6,,0.022656892473068124,0.022656892473068124,1.3893429768488517
2018-02-15,30958.711,31145.1,30816.65,31115.43,,0.019656503558835636,0.019656503558835636,1.4166526020177244
2018-02-20,31165.289,31339.689,30720.48,30873.631,,-0.007771031928531902,-0.007771031928531902,1.405643749415807
2018-02-21,31050.52,31477.85,30885.949,31431.891,,0.018082097308217415,0.018082097308217415,1.4310607364734311
2018-02-22,31084.449,31195.27,30930.1,30965.68,,-0.01483241972301319,-0.01483241972301319,1.4098346429809328
2018-02-23,31289.08,31386.811,31149.32,31267.17,,0.009736262856168354,0.009736262856168354,1.4235611636487275
2018-02-26,31528.289,31567.461,31273.949,31498.6,,0.007401693213680671,0.007401693213680671,1.4340979266529659
2018-02-27,31790.85,31798.98,31141.52,31268.66,,-0.007300006984437335,-0.007300006984437335,1.4236290017720319
2018-02-28,31037.41,31061.76,30703.9,30844.721,,-0.013557952275537133,-0.013557952275537133,1.404327507707936
2018-03-01,30476.99,31081.68,30453.82,31044.25,,0.0064688216826469525,0.0064688216826469525,1.4134118519393348
2018-03-02,30611.1,30670.939,30477.949,30583.449,,-0.01484336068676162,-0.01484336068676162,1.3924320700220556
2018-03-05,30524.26,30679.471,29852.42,29886.391,,-0.022792000993740125,-0.022792000993740125,1.3606957568983973
2018-03-06,30380.961,30620.061,30129.801,30510.73,,0.020890411291212718,0.020890411291212718,1.3891212509022128
2018-03-07,30323.77,30673.08,30117.4,30196.92,,-0.010285234079945083,-0.010285234079945083,1.3748338136712577
2018-03-08,30523.68,30724.029,30428.609,30654.52,,0.015153863374145482,0.015153863374145482,1.3956678574457873
2018-03-09,30858.27,30996.211,30840.801,30996.211,,0.01114651281442347,0.01114651281442347,1.4112246871034857
2018-03-12,31536.301,31607.58,31342.48,31594.33,,0.01929651982301972,0.01929651982301972,1.4384564122529129
2018-03-13,31570.199,31709.99,31461.471,31601.449,,0.00022532524031992907,0.00022532524031992907,1.4387805327896936
2018-03-14,31321.789,31453.48,31141.85,31435.01,,-0.0052668154552028,-0.0052668154552028,1.431202741242952
2018-03-15,31181.15,31583.381,31121.66,31541.1,,0.003374899514903884,0.003374899514903884,1.4360329066801019
2018-03-16,31363.029,31564.779,31337.449,31501.971,,-0.0012405718253325482,-0.0012405718253325482,1.4342514047158241
2018-03-19,31370.471,31656.301,31244.619,31513.76,,0.00037423055211371903,0.00037423055211371903,1.4347881454108806
2018-03-20,31315.42,31576.051,31183.4,31549.93,,0.0011477526007688255,0.0011477526007688255,1.4364349272363282
2018-03-21,31811.98,31978.141,31381.539,31414.52,,-0.004291927113625915,-0.004291927113625915,1.4302698532251632
2018-03-22,31575.93,31686.67,31018.439,31071.051,,-0.010933447335818025,-0.010933447335818025,1.414632073108918
2018-03-23,29930.23,30320.311,29930.23,30309.289,,-0.024516776082019187,-0.024516776082019187,1.379949855334064
2018-03-26,30267.07,30548.77,29995.16,30548.77,,0.007901241101366585,0.007901241101366585,1.3908531718488544
2018-03-27,30985.75,30985.75,30738.76,30790.83,,0.007923723279202433,0.007923723279202433,1.4018739075045856
2018-03-28,30510.381,30637.211,30022.529,30022.529,,-0.024952266632630615,-0.024952266632630615,1.3668939759792034
2018-03-29,30154.18,30252.949,29819.631,30093.381,,0.0023599610812268246,0.0023599610812268246,1.3701197925646778
2018-04-03,29927.881,30269.279,29755.359,30180.1,,0.0028816635791104606,0.0028816635791104606,1.3740680168699297
2018-04-04,30244.221,30329.08,29518.689,29518.689,,-0.02191546747691364,-0.02191546747691364,1.3439546739351498
2018-04-06,29750.24,29980.561,29608.33,29844.939,,0.011052320108118519,0.011052320108118519,1.358808491202283
2018-04-09,30104.32,30514.801,29909.369,30229.58,,0.012887980772887664,0.012887980772887664,1.3763207889109346
2018-04-10,30205.09,30806.859,30163.09,30728.74,,0.01651230351199051,0.01651230351199051,1.3990470155072943
2018-04-11,30761.23,31021.119,30723.07,30897.711,,0.005498793637487287,0.005498793637487287,1.4067400863347113
2018-04-12,31094.109,31094.109,30637.141,30831.279,,-0.0021500621842180934,-0.0021500621842180934,1.403715507672059
2018-04-13,31076.76,31076.76,30707.77,30808.381,,-0.0007426873208860041,-0.0007426873208860041,1.40267298596238
2018-04-16,30849.721,30849.721,30190.75,30315.59,,-0.015995355289847968,-0.015995355289847968,1.38023673319644
2018-04-17,30354.891,30477.789,30012.699,30062.75,,-0.008340263211106924,-0.008340263211106924,1.3687251955479434
2018-04-18,30469.949,30487.17,29979.4,30284.25,,0.007367922096281898,0.007367922096281898,1.3788098561599589
2018-04-19,30532.949,30761.471,30451.0,30708.439,,0.014006917787298567,0.014006917787298567,1.3981227324595085
2018-04-20,30647.939,30848.471,30355.789,30418.33,,-0.009447207655198464,-0.009447207655198464,1.38491437667851
2018-04-23,30327.029,30481.859,30184.449,30254.4,,-0.005389184744856168,-0.005389184744856168,1.377450817246782
2018-04-24,30353.83,30665.1,30335.289,30636.24,,0.012620974139298857,0.012620974139298857,1.3948355883894097
2018-04-25,30486.859,30507.189,30244.16,30328.15,,-0.010056390732021914,-0.010056390732021914,1.380808576705636
2018-04-26,30378.15,30463.42,29871.199,30007.68,,-0.010566750692013849,-0.010566750692013849,1.366217916722193
2018-04-27,30300.83,30336.0,30019.119,30280.67,,0.009097337748203094,0.009097337748203094,1.3786468625482613
2018-04-30,30530.4,30853.131,30483.91,30808.449,,0.01742956810400842,0.01742956810400842,1.4026760819304236
2018-05-02,30782.211,30824.77,30570.811,30723.881,,-0.0027449612929232314,-0.0027449612929232314,1.3988257903790153
2018-05-03,30405.48,30432.07,30118.65,30313.369,,-0.01336133283422114,-0.01336133283422114,1.380135613416669
2018-05-04,30316.98,30341.461,29859.301,29926.5,,-0.012762322788997804,-0.012762322788997804,1.362521877225654
2018-05-07,30102.061,30138.33,29791.869,29994.26,,0.0022642139909443415,0.0022642139909443415,1.3656069183230362
2018-05-08,30123.77,30444.221,30123.77,30402.811,,0.013620972812798282,0.013620972812798282,1.3842078130304833
2018-05-09,30452.16,30568.76,30346.619,30536.141,,0.004385449753313786,0.004385449753313786,1.390278186842673
2018-05-10,30716.971,30851.301,30712.93,30809.221,,0.008942845790501197,0.008942845790501197,1.4027112302735047
2018-05-11,31151.801,31277.391,31032.439,31122.061,,0.01015410289017038,0.01015410289017038,1.4169545044308995
2018-05-14,31498.359,31592.561,31423.57,31541.08,,0.013463729153412984,0.013463729153412984,1.4360319961012658
2018-05-15,31573.18,31573.18,31152.029,31152.029,,-0.012334739330422506,-0.012334739330422506,1.4183189157592104
2018-05-16,31014.721,31218.08,30818.779,31110.199,,-0.0013427696796249888,-0.0013427696796249888,1.4164144401230903
2018-05-17,31416.711,31416.711,30942.15,30942.15,,-0.005401733367247141,-0.005401733367247141,1.4087633469800267
2018-05-18,31033.971,31148.061,30904.68,31047.91,,0.003417991316052582,0.003417991316052582,1.4135784878663777
2018-05-21,31232.789,31464.1,31232.789,31234.35,,0.006004913052118477,0.006004913052118477,1.4220669037783604
2018-05-23,31191.869,31191.869,30665.641,30665.641,,-0.018207806469479837,-0.018207806469479837,1.3961741848077114
2018-05-24,30718.66,30788.971,30589.381,30760.41,,0.0030903968385986857,0.0030903968385986857,1.4004889170945742
2018-05-25,30664.27,30736.971,30525.74,30588.039,,-0.005603663930357161,-0.005603663930357161,1.3926410478649864
2018-05-28,30759.84,30839.301,30530.471,30792.26,,0.00667649861437658,0.00667649861437658,1.401939013891381
2018-05-29,30647.26,30713.32,30454.18,30484.58,,-0.00999212139674055,-0.00999212139674055,1.3879306690737516
2018-05-30,30109.369,30241.23,29964.34,30056.789,,-0.014033029157692223,-0.014033029157692223,1.3684537975257844
2018-05-31,30274.18,30533.58,30148.43,30468.561,,0.01369980006846383,0.01369980006846383,1.3872013409548176
2018-06-01,30548.779,30581.119,30363.49,30492.91,,0.0007991516238656793,0.0007991516238656793,1.3883099251590703
2018-06-04,30836.77,31012.92,30743.18,30997.98,,0.016563522471289227,0.016563522471289227,1.4113052278015563
2018-06-05,31009.471,31188.93,30896.109,31093.449,,0.003079845848019902,0.003079845848019902,1.4156518303476895
2018-06-06,31162.02,31332.42,31161.369,31259.1,,0.005327520919277795,0.005327520919277795,1.4231937450882808
2018-06-07,31464.631,31521.131,31369.279,31512.631,,0.00811063018449043,0.00811063018449043,1.4347367432355718
2018-06-08,31435.26,31435.26,30874.1,30958.211,,-0.01759358017424828,-0.01759358017424828,1.4094945873145168
2018-06-11,31016.52,31134.029,30898.57,31063.699,,0.0034074320379817724,0.0034074320379817724,1.4142973443286941
2018-06-12,31029.85,31242.859,30944.971,31103.061,,0.0012671382117113161,0.0012671382117113161,1.416089454536415
2018-06-13,30990.369,31023.73,30688.26,30725.15,,-0.012150283214889979,-0.012150283214889979,1.3988835666061785
2018-06-14,30684.07,30777.961,30349.961,30440.17,,-0.009275137794282684,-0.009275137794282684,1.3859087287677487
2018-06-15,30411.07,30519.289,30259.109,30309.49,,-0.004293011504206357,-0.004293011504206357,1.3799590066513687
2018-06-19,29999.01,30012.039,29332.279,29468.15,,-0.02775830276260005,-0.02775830276260005,1.3416536867447633
2018-06-20,29478.461,29944.301,29406.199,29696.17,,0.007737845775863006,0.007737845775863006,1.3520351960574122
2018-06-21,29764.051,29882.27,29285.711,29296.051,,-0.013473757727006541,-0.013473757727006541,1.3338182013873487
2018-06-22,29215.539,29436.84,29089.391,29338.699,,0.0014557593444932682,0.0014557593444932682,1.3357599196978736
2018-06-25,29326.119,29403.359,28895.4,28961.391,,-0.012860420293347108,-0.012860420293347108,1.3185814857195515
2018-06-26,28881.18,29034.23,28505.09,28881.4,,-0.002761987502602925,-0.002761987502602925,1.3149395801348305
2018-06-27,28957.641,28988.83,28342.82,28356.26,,-0.018182636575789335,-0.018182636575789335,1.2910305116301177
2018-06-28,28368.01,28567.289,28169.1,28497.32,,0.004974562936014948,0.004974562936014948,1.2974528241625372
2018-06-29,28463.85,28962.289,28463.85,28955.109,,0.016064282536041974,0.016064282536041974,1.31829547290707
2018-07-03,28617.0,28617.0,27990.449,28545.57,,-0.014143928796814476,-0.014143928796814476,1.2996495956051095
2018-07-04,28546.32,28642.34,28141.279,28241.67,,-0.010646135284739455,-0.010646135284739455,1.2858133501875404
2018-07-05,28101.85,28320.9,27830.75,28182.09,,-0.0021096486149720928,-0.0021096486149720928,1.2831007358342048
2018-07-06,28254.369,28554.211,27925.33,28315.619,,0.004738080106904796,0.004738080106904796,1.2891801699058156
2018-07-09,28606.16,28821.539,28518.52,28688.5,,0.01316873913298533,0.01316873913298533,1.306157047258723
2018-07-10,28900.711,28981.93,28682.25,28682.25,,-0.00021785732959200832,-0.00021785732959200832,1.3058724913723794
2018-07-11,28013.721,28365.721,28013.721,28311.689,,-0.012919523398617683,-0.012919523398617683,1.2890012411644827
2018-07-12,28260.09,28614.529,28217.311,28480.83,,0.005974246185029841,0.005974246185029841,1.2967020519120085
2018-07-13,28689.18,28715.359,28500.51,28525.439,,0.0015662816006414282,0.0015662816006414282,1.2987330524774323
2018-07-16,28580.961,28699.211,28327.0,28539.66,,0.0004985374633499351,0.0004985374633499351,1.299380519558983
2018-07-17,28451.5,28460.869,28137.949,28181.68,,-0.012543246836157151,-0.012543246836157151,1.2830820689680607
2018-07-18,28352.109,28386.381,28045.471,28117.42,,-0.002280204728745794,-0.002280204728745794,1.2801563791670307
2018-07-19,28251.16,28329.98,27998.359,28010.859,,-0.0037898569641168223,-0.0037898569641168223,1.275304769598286
2018-07-20,28054.76,28294.74,27745.85,28224.48,,0.007626363761282784,0.007626363761282784,1.2850307076777412
2018-07-23,28298.609,28391.58,28091.061,28256.119,,0.0011209772509537252,0.0011209772509537252,1.286471197867825
2018-07-24,28282.301,28718.0,28282.301,28662.57,,0.01438453030297615,0.01438453030297615,1.3049764817974607
2018-07-25,28906.971,28964.789,28764.35,28920.9,,0.009012799619852796,0.009012799619852796,1.3167379733365216
2018-07-26,29083.4,29083.4,28625.08,28781.141,,-0.004832456804594654,-0.004832456804594654,1.3103748939574034
2018-07-27,28734.73,28816.689,28572.789,28804.279,,0.0008039292118404706,0.0008039292118404706,1.3114283426131181
2018-07-30,28631.051,28839.24,28539.561,28733.131,,-0.002470049675605379,-0.002470049675605379,1.3081890494608668
2018-07-31,28663.141,28682.311,28538.029,28583.01,,-0.005224665561160191,-0.005224665561160191,1.3013541991866617
2018-08-01,28756.721,28772.801,28219.971,28340.74,,-0.008476014247624564,-0.008476014247624564,1.2903239024531497
2018-08-02,28159.01,28218.279,27578.09,27714.561,,-0.02209465949018974,-0.02209465949018974,1.2618146351963944
2018-08-03,27751.6,27786.15,27604.561,27676.32,,-0.001379816191207306,-0.001379816191207306,1.2600735629324482
2018-08-06,27885.51,28074.529,27730.42,27819.561,,0.005175579701347743,0.005175579701347743,1.266595174086966
2018-08-07,27889.439,28266.68,27843.16,28248.881,,0.015432306785861938,0.015432306785861938,1.2861416593869683
2018-08-08,28473.48,28473.48,28224.461,28359.141,,0.0039031634562798345,0.0039031634562798345,1.2911616805114867
2018-08-09,28260.5,28728.17,28192.811,28607.301,,0.008750617657989013,0.008750617657989013,1.3024601427122893
2018-08-10,28614.73,28665.9,28296.99,28366.619,,-0.00841330679884833,-0.00841330679884833,1.291502145938379
2018-08-13,27956.779,28085.17,27823.211,27936.57,,-0.015160389752476244,-0.015160389752476244,1.2719224700397938
2018-08-14,27938.32,27946.551,27522.82,27752.93,,-0.0065734626691823506,-0.0065734626691823506,1.263561535164893
2018-08-15,27724.721,27727.27,27249.08,27323.59,,-0.015470078294435918,-0.015470078294435918,1.2440141392860544
2018-08-16,26871.109,27405.25,26871.109,27100.061,,-0.00818080640208696,-0.00818080640208696,1.2338371004510964
2018-08-17,27388.57,27450.84,27101.1,27213.41,,0.004182610511467066,0.004182610511467066,1.2389977604768811
2018-08-20,27273.779,27609.801,27209.221,27598.02,,0.014133105700461668,0.014133105700461668,1.2565086467883362
2018-08-21,27670.539,27771.301,27526.301,27752.789,,0.005607974775001967,0.005607974775001967,1.263555115584097
2018-08-22,27836.68,27954.52,27579.801,27927.58,,0.006298141783155575,0.006298141783155575,1.2715131648528772
2018-08-23,28005.33,28051.65,27659.211,27790.461,,-0.004909806005389705,-0.004909806005389705,1.2652702818801504
2018-08-24,27565.98,27830.91,27532.061,27671.869,,-0.004267363538877578,-0.004267363538877578,1.2598709136124298
2018-08-27,28016.66,28289.061,27956.039,28271.27,,0.02166102333022768,0.02166102333022768,1.2871610068652637
2018-08-28,28530.891,28579.641,28234.529,28351.619,,0.002842072535121254,0.002842072535121254,1.2908192118111546
2018-08-29,28362.84,28485.83,28272.131,28416.439,,0.002286289188635049,0.002286289188635049,1.2937703978196007
2018-08-30,28533.93,28533.93,28121.4,28164.051,,-0.008881760307827391,-0.008881760307827391,1.2822794392528045
2018-08-31,27798.211,27962.029,27720.32,27888.551,,-0.009781973481016615,-0.009781973481016615,1.2697362157827807
2018-09-03,27809.449,27822.189,27577.039,27712.539,,-0.006311263715350401,-0.006311263715350401,1.2617225756760446
2018-09-04,27619.18,27984.891,27563.789,27973.34,,0.009410938492499632,0.009410938492499632,1.2735965692303302
2018-09-05,27789.02,27861.99,27208.34,27243.85,,-0.026078044309331694,-0.026078044309331694,1.2403836614657286
2018-09-06,27069.211,27268.391,26818.82,26974.82,,-0.009874889195176095,-0.009874889195176095,1.2281350102492476
2018-09-07,26895.869,27196.57,26669.58,26973.471,,-5.0009601546885385e-05,-5.0009601546885385e-05,1.2280735917067394
2018-09-10,26922.27,26926.631,26453.289,26613.42,,-0.013348337705592406,-0.013348337705592406,1.211680850677318
2018-09-11,26611.93,26690.65,26394.869,26422.551,,-0.007171908007313599,-0.007171908007313599,1.2029907870820369
2018-09-12,26462.82,26468.91,26219.561,26345.039,,-0.0029335547502585824,-0.0029335547502585824,1.1994617477440752
2018-09-13,26798.391,27014.49,26648.77,27014.49,,0.02541089424843901,0.02541089424843901,1.2299411433710477
2018-09-14,27229.789,27340.02,27027.449,27286.41,,0.010065709180517413,0.010065709180517413,1.2423213732293739
2018-09-17,27029.91,27037.48,26763.211,26932.85,,-0.012957365956166478,-0.012957365956166478,1.2262241605612734
2018-09-18,26846.33,27156.551,26648.99,27084.66,,0.005636611053045026,0.005636611053045026,1.233135909218204
2018-09-19,27170.02,27488.35,27085.789,27407.369,,0.01191482558762047,0.01191482558762047,1.2478285085023706
2018-09-20,27605.721,27628.189,27327.23,27477.67,,0.0025650400810088847,0.0025650400810088847,1.2510292386409045
2018-09-21,27712.35,27965.961,27536.27,27953.58,,0.017319881925942138,0.017319881925942138,1.2726969173400664
2018-09-24,27783.85,27783.85,27425.01,27499.391,,-0.01624797253160426,-0.01624797253160426,1.2520181727860675
2018-09-26,27606.811,28031.811,27589.369,27816.869,,0.011544910212738957,0.011544910212738957,1.2664726101756
2018-09-27,27912.51,27928.289,27638.539,27715.67,,-0.003638044238551852,-0.003638044238551852,1.261865126792867
2018-09-28,27879.061,27927.949,27672.83,27788.52,,0.0026284769590632084,0.0026284769590632084,1.2651819102040875
2018-10-02,27716.16,27716.16,27073.08,27126.381,,-0.023827789317315218,-0.023827789317315218,1.2350354221996662
2018-10-03,26840.199,27270.16,26840.199,27091.26,,-0.001294717492908548,-0.001294717492908548,1.2334364002341827
2018-10-04,27029.4,27029.4,26551.439,26623.869,,-0.017252464447943705,-0.017252464447943705,1.2121565825903426
2018-10-05,26503.75,26639.641,26373.461,26572.57,,-0.001926804853193964,-0.001926804853193964,1.2098209934041766
2018-10-08,26717.6,26717.6,26187.83,26202.57,,-0.013924133043962228,-0.013924133043962228,1.1929752849326383
2018-10-09,26194.17,26366.6,26067.51,26172.91,,-0.0011319500339088684,-0.0011319500339088684,1.1916248965184064
2018-10-10,26281.279,26499.84,26193.07,26193.07,,0.0007702620763223589,0.0007702620763223589,1.1925427599853962
2018-10-11,25392.9,25437.85,25125.221,25266.369,,-0.035379625221480415,-0.035379625221480415,1.150351044076523
2018-10-12,25401.41,25835.76,25286.859,25801.49,,0.02117918091040316,0.02117918091040316,1.174714536949491
2018-10-15,25683.59,25683.59,25399.539,25445.061,,-0.013814279717954236,-0.013814279717954236,1.1584867017473235
2018-10-16,25586.16,25712.131,25266.539,25462.26,,0.00067592685275919,0.00067592685275919,1.159269754017599
2018-10-18,25674.66,25674.66,25261.721,25454.551,,-0.00030276181297339555,-0.00030276181297339555,1.1589187714051474
2018-10-19,25172.029,25743.449,25090.301,25561.4,,0.0041976383712287735,0.0041976383712287735,1.163783493309135
2018-10-22,25668.33,26234.859,25668.33,26153.15,,0.023150140446141387,0.023150140446141387,1.1907252446281427
2018-10-23,26015.49,26015.49,25315.76,25346.551,,-0.030841370924726164,-0.030841370924726164,1.1540016456891309
2018-10-24,25401.17,25653.359,25194.289,25249.779,,-0.003817955350217117,-0.003817955350217117,1.1495957189318127
2018-10-25,24766.721,24994.461,24653.789,24994.461,,-0.010111692462734023,-0.010111692462734023,1.1379713605654986
2018-10-26,25031.49,25062.199,24589.039,24717.631,,-0.011075653921882811,-0.011075653921882811,1.125367583602861
2018-10-29,24955.789,24955.789,24594.74,24812.039,,0.003819459882704823,0.003819459882704823,1.1296658799417285
2018-10-30,24765.119,24939.18,24540.631,24585.529,,-0.009129036110252842,-0.009129036110252842,1.1193531193312198
2018-10-31,24752.83,24979.689,24700.109,24979.689,,0.016032195199053856,0.016032195199053856,1.1372988070370078
2018-11-01,25228.75,25535.119,25190.9,25416.0,,0.017466630589356047,0.017466630589356047,1.1571635851692386
2018-11-02,25980.439,26486.35,25909.711,26486.35,,0.04211323575700332,0.04211323575700332,1.20589548804089
2018-11-05,26050.34,26146.811,25747.52,25934.391,,-0.020839375753926026,-0.020839375753926026,1.1807653788456418
2018-11-06,26062.24,26159.83,25826.689,26120.961,,0.007193922540922548,0.007193922540922548,1.1892597135200607
2018-11-07,26125.09,26530.869,25920.721,26147.689,,0.0010232395354825563,0.0010232395354825563,1.190476611076891
2018-11-08,26491.27,26491.27,26141.25,26227.721,,0.0030607676265388406,0.0030607676265388406,1.1941203833482268
2018-11-09,25925.09,25925.09,25475.32,25601.92,,-0.02386028889052172,-0.02386028889052172,1.1656283260314775
2018-11-12,25576.279,25765.961,25505.33,25633.18,,0.0012210021748368938,0.0012210021748368938,1.1670515607526135
2018-11-13,25092.301,25792.869,25092.301,25792.869,,0.006229777187223728,0.006229777187223728,1.174322031942104
2018-11-14,25874.359,25874.359,25489.859,25654.43,,-0.005367336219945118,-0.005367336219945118,1.1680190507661816
2018-11-15,25862.18,26127.141,25611.721,26103.34,,0.017498342391548016,0.017498342391548016,1.188457448036339
2018-11-16,26041.561,26197.311,25850.039,26183.529,,0.003071982359345471,0.003071982359345471,1.1921083683515394
2018-11-19,26278.869,26397.391,26146.391,26372.0,,0.007198074789689368,0.007198074789689368,1.2006892535443485
2018-11-20,26043.51,26132.289,25776.221,25840.34,,-0.020160018201122343,-0.020160018201122343,1.1764833363390024
2018-11-21,25496.85,25998.279,25494.51,25971.471,,0.0050746623302944105,0.0050746623302944105,1.182453592008141
2018-11-22,26139.391,26139.391,25873.381,26019.41,,0.0018458330681383472,0.0018458330681383472,1.1846362039498088
2018-11-23,25950.07,25983.25,25807.26,25927.68,,-0.003525445042758424,-0.003525445042758424,1.1804598341171217
2018-11-26,26099.35,26413.76,26031.9,26376.18,,0.01729811537322279,0.01729811537322279,1.200879564521135
2018-11-27,26345.369,26417.84,26158.971,26331.961,,-0.0016764747586648365,-0.0016764747586648365,1.198866320243019
2018-11-28,26406.68,26705.301,26332.66,26682.561,,0.013314617927620453,0.013314617927620453,1.2148287672433469
2018-11-29,26904.211,26923.33,26399.811,26451.029,,-0.0086772780169041,-0.0086772780169041,1.2042873602870436
2018-11-30,26506.09,26683.25,26396.619,26506.75,,0.0021065721110509195,0.0021065721110509195,1.2068242784539154
2018-12-03,27185.66,27259.43,27006.83,27182.039,,0.025476114574589426,0.025476114574589426,1.2375694720432038
2018-12-04,27119.189,27260.439,26984.711,27260.439,,0.002884257505479937,0.002884257505479937,1.2411389410814972
2018-12-05,26745.689,26914.869,26745.689,26819.68,,-0.016168448351106868,-0.016168448351106868,1.2210716502160737
2018-12-06,26349.42,26381.119,26016.09,26156.381,,-0.024731801423432342,-0.024731801423432342,1.1908723486391468
2018-12-07,26249.811,26280.66,26055.779,26063.76,,-0.0035410479760178415,-0.0035410479760178415,1.1866554125193025
2018-12-10,25794.949,25845.34,25570.891,25752.381,,-0.011946818110663893,-0.011946818110663893,1.1724786561458995
2018-12-11,25623.4,25861.73,25623.4,25771.67,,0.0007490181199165669,0.0007490181199165669,1.1733568639045684
2018-12-12,26054.01,26238.73,26013.359,26186.711,,0.01610454425343799,0.01610454425343799,1.1922532414443947
2018-12-13,26417.891,26581.93,26314.77,26524.35,,0.012893524505616538,0.012893524505616538,1.207625587829859
2018-12-14,26219.0,26219.0,26061.471,26094.789,,-0.01619496801995135,-0.01619496801995135,1.1880681300548792
2018-12-17,26178.039,26186.301,26002.301,26087.98,,-0.00026093332274124137,-0.00026093332274124137,1.1877581234900612
2018-12-18,25903.98,26152.881,25713.5,25814.25,,-0.010492571674771245,-0.010492571674771245,1.1752954862470497
2018-12-19,25860.68,25925.99,25784.09,25865.391,,0.001981115081786111,0.001981115081786111,1.177623881860409
2018-12-20,25723.529,25859.82,25416.881,25623.529,,-0.009350796204859235,-0.009350796204859235,1.1666121609351572
2018-12-21,25512.301,25805.609,25313.75,25753.42,,0.005069208070441755,0.005069208070441755,1.172525960716445
2018-12-24,25515.4,25651.381,25421.43,25651.381,,-0.003962153376134037,-0.003962153376134037,1.1678802330225877
2018-12-27,25818.811,25920.631,25446.801,25478.881,,-0.006724784135403894,-0.006724784135403894,1.1600264905595057
2018-12-28,25502.34,25600.25,25416.359,25504.199,,0.0009936857117076592,0.0009936857117076592,1.161179192308377
2018-12-31,25732.52,25916.23,25682.66,25845.699,,0.013389951983985071,0.013389951983985071,1.1767273259381887
2019-01-02,25824.439,25824.439,25055.27,25130.35,,-0.027677680530133975,-0.027677680530133975,1.1441582429397927
2019-01-03,25077.68,25262.211,24896.869,25064.359,,-0.0026259483055348642,-0.0026259483055348642,1.1411537425404814
2019-01-04,24946.119,25626.029,24924.73,25626.029,,0.02240911088131159,0.02240911088131159,1.1667259832896946
2019-01-07,26015.84,26043.641,25753.461,25835.699,,0.008181915348648205,0.008181915348648205,1.1762720365200392
2019-01-08,25852.5,25960.891,25688.5,25875.449,,0.0015385687842237594,0.0015385687842237594,1.178081811957184
2019-01-09,26237.289,26597.07,26192.65,26462.32,,0.0226806112620499,0.0226806112620499,1.2048014275690764
2019-01-10,26391.779,26588.211,26212.34,26521.43,,0.002233742166219743,0.002233742166219743,1.2074926433197593
2019-01-11,26692.02,26692.02,26494.859,26667.27,,0.005498949340212889,0.005498949340212889,1.2141325841940542
2019-01-14,26559.68,26575.33,26195.779,26298.33,,-0.013834936984550628,-0.013834936984550628,1.1973351364008398
2019-01-15,26518.619,26838.551,26427.449,26830.289,,0.020227862377572903,0.020227862377572903,1.2215546667597885
2019-01-16,26702.93,26903.779,26567.52,26902.1,,0.002676489992336606,0.002676489992336606,1.2248241456004632
2019-01-17,26953.211,27012.189,26703.311,26755.631,,-0.005444519201103115,-0.005444519201103115,1.2181555670217667
2019-01-18,26993.439,27116.65,26915.08,27090.811,,0.012527456369838541,0.012527456369838541,1.2334159577393078
2019-01-21,27134.27,27323.609,27084.301,27196.539,,0.003902725540405605,0.003902725540405605,1.2382296416995209
2019-01-22,27189.4,27223.699,26854.66,27005.449,,-0.00702626168719489,-0.00702626168719489,1.2295295162080984
2019-01-23,26879.91,27131.221,26879.91,27008.199,,0.00010183130078678104,0.00010183130078678104,1.2296547207980897
2019-01-24,27075.369,27120.98,26889.789,27120.98,,0.0041758060209791115,0.0041758060209791115,1.2347895203849235
2019-01-25,27282.881,27569.189,27217.75,27569.189,,0.016526283342268577,0.016526283342268577,1.2551960018668686
2019-01-28,27695.811,27790.221,27462.369,27576.961,,0.00028190890925383627,0.00028190890925383627,1.2555498528026547
2019-01-29,27397.539,27575.369,27328.17,27531.68,,-0.0016419865843810832,-0.0016419865843810832,1.2534882567883312
2019-01-30,27571.41,27642.85,27369.75,27642.85,,0.004037893800886705,0.004037893800886705,1.2585497092499012
2019-01-31,27842.051,28010.9,27773.98,27942.471,,0.010839005384756017,0.010839005384756017,1.272191136325444
2019-02-01,28193.279,28193.279,27802.5,27930.74,,-0.00041982686498986954,-0.00041982686498986954,1.2716570363090125
2019-02-04,27985.42,28005.15,27847.43,27990.211,,0.00212923109090557,0.00212923109090557,1.2743646880076904
2019-02-08,27708.131,28008.82,27534.199,27946.32,,-0.0015680839276274172,-0.0015680839276274172,1.2723663772224896
2019-02-11,27927.449,28143.84,27847.85,28143.84,,0.007067835765138364,0.007067835765138364,1.2813592538097822
2019-02-12,28093.311,28219.59,27983.48,28171.33,,0.0009767679179528699,0.0009767679179528699,1.2826108444202757
2019-02-13,28184.869,28533.359,28160.461,28497.59,,0.011581277845241988,0.011581277845241988,1.2974651169768272
2019-02-14,28396.4,28476.65,28275.18,28432.051,,-0.0022998085101231247,-0.0022998085101231247,1.2944811956592162
2019-02-15,28241.439,28256.689,27845.869,27900.84,,-0.018683527262946975,-0.018683527262946975,1.2702957209487449
2019-02-18,28186.75,28412.08,28186.75,28347.01,,0.015991274814665113,0.015991274814665113,1.2906093689183293
2019-02-19,28440.49,28488.971,28208.869,28228.131,,-0.004193705085650867,-0.004193705085650867,1.2851969338443077
2019-02-20,28404.68,28599.77,28357.301,28514.051,,0.01012890297271185,0.01012890297271185,1.2982145688880435
2019-02-21,28450.0,28759.35,28364.85,28629.92,,0.004063575533339581,0.004063575533339581,1.303489961847202
2019-02-22,28478.961,28816.301,28430.199,28816.301,,0.006510007712211552,0.006510007712211552,1.3119756915516176
2019-02-25,28975.52,29009.98,28763.461,28959.301,,0.004962468985870272,0.004962468985870272,1.3184863302311582
2019-02-26,28971.23,28971.23,28700.01,28772.061,,-0.006465625672387509,-0.006465625672387509,1.3099614911657236
2019-02-27,28833.16,29014.189,28701.471,28757.439,,-0.0005082013415723674,-0.0005082013415723674,1.309295766978505
2019-02-28,28719.711,28917.49,28571.131,28633.18,,-0.004320934141597177,-0.004320934141597177,1.303638386197519
2019-03-01,28716.6,28860.199,28663.711,28812.17,,0.006251139412387863,0.006251139412387863,1.31178761149298
2019-03-04,28855.109,29241.801,28760.67,28959.59,,0.0051165878862995395,0.0051165878862995395,1.3184994880953427
2019-03-05,28823.16,29025.789,28734.811,28961.6,,6.940705997560137e-05,6.940705997560137e-05,1.3185910012683908
2019-03-06,29003.25,29122.811,28938.391,29037.6,,0.0026241644108060402,0.0026241644108060402,1.3220512008463283
2019-03-07,28965.42,29007.07,28772.449,28779.449,,-0.00889023197509431,-0.00889023197509431,1.3102978589878524
2019-03-08,28409.141,28533.76,28201.09,28228.42,,-0.019146613960538406,-0.019146613960538406,1.285210091708492
2019-03-11,28265.85,28512.27,28240.779,28503.301,,0.00973773948382517,0.00973773948382517,1.2977251327635326
2019-03-12,28760.27,28941.09,28734.09,28920.869,,0.014649811963884485,0.014649811963884485,1.3167365619393252
2019-03-13,28924.279,28924.279,28690.369,28807.449,,-0.0039217355467430215,-0.0039217355467430215,1.3115726693586716
2019-03-14,28891.061,28932.471,28696.311,28851.391,,0.001525369358460038,0.001525369358460038,1.313573302119905
2019-03-15,28843.859,29204.73,28828.26,29012.26,,0.005575779691176619,0.005575779691176619,1.320897497460737
2019-03-18,29112.439,29409.01,29034.131,29409.01,,0.013675253151598676,0.013675253151598676,1.338961105125826
2019-03-19,29419.141,29486.15,29319.51,29466.279,,0.0019473283867768032,0.0019473283867768032,1.3415685020946273
2019-03-20,29357.189,29435.811,29251.25,29320.971,,-0.004931331845463016,-0.004931331845463016,1.334952782617378
2019-03-21,29387.75,29446.77,29051.85,29071.561,,-0.008506198515731311,-0.008506198515731311,1.3235974092393066
2019-03-22,29173.33,29243.1,28847.34,29113.359,,0.0014377624923544996,0.0014377624923544996,1.3255004279492886
2019-03-25,28501.369,28702.24,28463.109,28523.35,,-0.020265919847998415,-0.020265919847998415,1.2986379425179808
2019-03-26,28677.76,28701.6,28435.061,28566.91,,0.0015271698450567417,0.0015271698450567417,1.300621183223441
2019-03-27,28564.711,28781.631,28551.65,28728.25,,0.0056477931984944,0.0056477931984944,1.3079668226958678
2019-03-28,28663.199,28816.59,28558.801,28775.211,,0.0016346627448591278,0.0016346627448591278,1.3101049073324407
2019-03-29,28812.641,29100.689,28761.881,29051.359,,0.009596732409711928,0.009596732409711928,1.3226776335567605
2019-04-01,29383.721,29612.369,29383.721,29562.02,,0.017577869592950934,0.017577869592950934,1.3459274885129342
2019-04-02,29736.99,29736.99,29534.42,29624.67,,0.0021192733108224004,0.0021192733108224004,1.348779876717642
2019-04-03,29785.27,29999.34,29715.77,29986.391,,0.012210127572729101,0.012210127572729101,1.3652486510798942
2019-04-04,29950.42,30050.91,29765.551,29936.32,,-0.0016697908061026334,-0.0016697908061026334,1.362968971434277
2019-04-08,30119.58,30185.061,29913.619,30077.15,,0.004704319034537274,0.004704319034537274,1.369380812310079
2019-04-09,30065.99,30222.02,30018.98,30157.49,,0.0026711307421081187,0.0026711307421081187,1.3730386074954934
2019-04-10,30052.27,30139.609,29892.619,30119.561,,-0.0012576975073190777,-0.0012576975073190777,1.3713117402613937
2019-04-11,30138.141,30184.609,29783.67,29839.449,,-0.009300002745723956,-0.009300002745723956,1.358558537311719
2019-04-12,29806.35,29909.76,29694.85,29909.76,,0.0023563102656485313,0.0023563102656485313,1.3617597227396712
2019-04-15,30119.85,30280.119,29810.721,29810.721,,-0.003311260270894789,-0.003311260270894789,1.3572505818712588
2019-04-16,29754.301,30142.859,29665.109,30129.869,,0.010705812851691698,0.010705812851691698,1.3717810525936223
2019-04-17,30160.689,30178.58,30004.971,30124.68,,-0.00017222112714787574,-0.00017222112714787574,1.3715448029145443
2019-04-18,30088.65,30101.83,29896.859,29963.26,,-0.005358397168036322,-0.005358397168036322,1.364195521126772
2019-04-23,29782.949,30055.939,29755.869,29963.24,,-6.674841120934971e-07,-6.674841120934971e-07,1.364194610547936
2019-04-24,30112.189,30112.189,29682.869,29805.83,,-0.005253437211730105,-0.005253437211730105,1.3570278998168417
2019-04-25,29667.52,29849.699,29535.199,29549.801,,-0.00858989667457688,-0.00858989667457688,1.345371170372897
2019-04-26,29513.08,29672.789,29504.141,29605.01,,0.0018683374551320409,0.0018683374551320409,1.3478847777215597
2019-04-29,29730.85,29917.109,29639.381,29892.811,,0.009721361350663482,0.009721361350663482,1.3609880527048495
2019-04-30,29828.15,29855.76,29620.449,29699.109,,-0.00647988574911873,-0.00647988574911873,1.3521690056174065
2019-05-02,29643.051,29967.74,29643.051,29944.18,,0.008251796375440046,0.008251796375440046,1.3633268289169425
2019-05-03,29818.48,30081.551,29678.859,30081.551,,0.004587569270556147,0.004587569270556147,1.3695811851830066
2019-05-06,29342.381,29384.01,28956.471,29209.82,,-0.02897892465717611,-0.02897892465717611,1.3298921952057023
2019-05-07,29313.58,29480.039,29156.449,29363.02,,0.005244811505171976,0.005244811505171976,1.3368672290917556
2019-05-08,28987.09,29252.0,28945.91,29003.199,,-0.012254223169142708,-0.012254223169142708,1.3204849597189516
2019-05-09,28839.35,28891.109,28281.98,28311.07,,-0.023863884808017266,-0.023863884808017266,1.2889730587494994
2019-05-10,28462.34,28833.449,28203.221,28550.24,,0.008447932204611153,0.008447932204611153,1.2998622157633855
2019-05-14,27951.119,28205.961,27925.619,28122.02,,-0.01499882312723122,-0.01499882312723122,1.2803658122993795
2019-05-15,28171.32,28441.49,28171.32,28268.711,,0.005216232688832312,0.005216232688832312,1.287044498303159
2019-05-16,28117.48,28379.369,28050.779,28275.07,,0.00022494835367625754,0.00022494835367625754,1.2873340168441605
2019-05-17,28428.0,28428.0,27909.73,27946.461,,-0.011621863358782125,-0.011621863358782125,1.2723727968032854
2019-05-20,27959.23,27999.6,27699.23,27787.609,,-0.0056841544265657795,-0.0056841544265657795,1.2651404333380942
2019-05-21,27671.4,27915.16,27598.061,27657.24,,-0.004691623521836608,-0.004691623521836608,1.2592048707226187
2019-05-22,27753.539,27828.811,27640.619,27705.939,,0.0017608047657682313,0.0017608047657682313,1.2614220846600657
2019-05-23,27505.529,27523.859,27169.67,27267.131,,-0.01583804829715385,-0.01583804829715385,1.2414436207601232
2019-05-24,27368.68,27457.59,27291.939,27353.93,,0.0031832831991014388,0.0031832831991014388,1.2453954873807205
2019-05-27,27239.08,27371.35,27105.221,27288.09,,-0.0024069667502987224,-0.0024069667502987224,1.242397861851623
2019-05-28,27274.83,27490.551,27230.09,27390.811,,0.003764316227335751,0.003764316227335751,1.2470746402837984
2019-05-29,27226.949,27429.369,27178.711,27235.711,,-0.0056624829399903875,-0.0056624829399903875,1.2400131014082967
2019-05-30,27319.25,27319.25,27020.73,27114.881,,-0.004436454770723519,-0.004436454770723519,1.2345118393687942
2019-05-31,27002.961,27155.359,26850.27,26901.09,,-0.00788463722190047,-0.00788463722190047,1.2247781613692301
2019-06-03,26909.711,26968.1,26735.48,26893.859,,-0.0002687995170456148,-0.0002687995170456148,1.224448941590966
2019-06-04,26994.08,26994.08,26671.9,26761.52,,-0.004920788794200215,-0.004920788794200215,1.218423686960115
2019-06-05,27116.08,27119.48,26803.66,26895.439,,0.005004162693299952,0.005004162693299952,1.2245208773190337
2019-06-06,26935.869,26984.02,26837.67,26965.279,,0.0025967228123697783,0.0025967228123697783,1.2277006186153911
2019-06-10,27206.609,27606.42,27155.029,27578.641,,0.022746362090301453,0.022746362090301453,1.2556263414249038
2019-06-11,27677.061,27857.85,27577.91,27789.34,,0.007639934106977941,0.007639934106977941,1.2652192439363759
2019-06-12,27603.119,27603.119,27222.029,27308.461,,-0.017304441199395226,-0.017304441199395226,1.2433253319253357
2019-06-13,27217.721,27294.711,26825.35,27294.711,,-0.0005035069533944059,-0.0005035069533944059,1.2426993089753797
2019-06-14,27180.74,27275.881,27051.75,27118.35,,-0.00646136169018241,-0.00646136169018241,1.2346697792679502
2019-06-17,27252.449,27503.1,27227.16,27227.16,,0.004012412259595477,0.004012412259595477,1.2396237834268369
2019-06-18,27289.699,27584.119,27201.02,27498.77,,0.009975700734119908,0.009975700734119908,1.2519898993132006
2019-06-19,28224.869,28224.869,28022.49,28202.141,,0.025578271319044443,0.025578271319044443,1.2840136366465367
2019-06-20,28308.85,28563.08,28258.02,28550.43,,0.012349736142373002,0.012349736142373002,1.2998708662623302
2019-06-21,28581.51,28581.51,28359.25,28473.711,,-0.002687139913479464,-0.002687139913479464,1.2963779313752277
2019-06-24,28400.631,28634.48,28358.061,28513.0,,0.001379834191616247,0.001379834191616247,1.298166717970196
2019-06-25,28447.961,28470.1,28066.131,28185.98,,-0.01146915442079055,-0.01146915442079055,1.2832778434178649
2019-06-26,28046.16,28267.98,27985.98,28221.98,,0.0012772307366994973,0.0012772307366994973,1.2849168853232038
2019-06-27,28352.939,28621.42,28287.34,28621.42,,0.014153507301755575,0.014153507301755575,1.3031029658417748
2019-06-28,28632.59,28632.59,28416.961,28542.619,,-0.002753217694999033,-0.002753217694999033,1.2995152396978134
2019-07-02,28904.039,28959.061,28768.539,28875.561,,0.011664731957498509,0.011664731957498509,1.3146737366435728
2019-07-03,28781.971,28891.891,28721.211,28855.141,,-0.000707172407836576,-0.000707172407836576,1.3137440356517112
2019-07-04,28891.971,29007.98,28776.48,28795.77,,-0.0020575536262325,-0.0020575536262325,1.3110409368472147
2019-07-05,28785.529,28880.58,28714.92,28774.83,,-0.0007271901393850477,-0.0007271901393850477,1.3100875608056093
2019-07-08,28513.141,28541.1,28194.07,28331.689,,-0.015400299497859926,-0.015400299497859926,1.2899118200007822
2019-07-09,28299.73,28312.971,28080.73,28116.279,,-0.007603147133233068,-0.007603147133233068,1.2801044306444198
2019-07-10,28245.09,28311.779,28144.869,28204.689,,0.003144441695147604,0.003144441695147604,1.2841296443902812
2019-07-11,28347.859,28582.689,28347.859,28431.801,,0.008052278115883604,0.008052278115883604,1.2944698134237622
2019-07-12,28401.869,28603.869,28399.66,28471.619,,0.0014004740677524552,0.0014004740677524552,1.2962826848289506
2019-07-15,28303.359,28567.25,28071.189,28554.881,,0.0029243858594765193,0.0029243858594765193,1.3000735155823486
2019-07-16,28583.93,28634.65,28489.41,28619.619,,0.0022671430499043854,0.0022671430499043854,1.303020968217566
2019-07-17,28463.77,28593.17,28377.34,28593.17,,-0.0009241562579851426,-0.0009241562579851426,1.301816773235502
2019-07-18,28393.039,28511.65,28376.5,28461.66,,-0.0045993501245227275,-0.0045993501245227275,1.2958292620974154
2019-07-19,28585.15,28809.59,28551.199,28765.4,,0.010671900374047194,0.010671900374047194,1.3096582228842941
2019-07-22,28612.279,28649.439,28303.551,28371.26,,-0.013701877950593522,-0.013701877950593522,1.2917134457573423
2019-07-23,28392.039,28489.289,28313.789,28466.48,,0.0033562132947215773,0.0033562132947215773,1.2960487115969637
2019-07-24,28578.141,28764.5,28515.92,28524.039,,0.002021992181681753,0.002021992181681753,1.2986693119588915
2019-07-25,28575.49,28628.51,28517.01,28594.301,,0.0024632556420216556,0.0024632556420216556,1.3018682664686947
2019-07-26,28406.07,28487.641,28338.301,28397.74,,-0.006874132016725931,-0.006874132016725931,1.2929190521366027
2019-07-29,28262.801,28302.66,27945.41,28106.41,,-0.010258914969994204,-0.010258914969994204,1.279655105517648
2019-07-30,28059.82,28274.65,28059.82,28146.5,,0.0014263650178019116,0.0014263650178019116,1.28148036079501
2019-07-31,27931.279,27939.721,27701.439,27777.75,,-0.013101096051018724,-0.013101096051018724,1.2646915635007403
2019-08-01,27582.211,27754.039,27495.891,27565.699,,-0.007633843633843562,-0.007633843633843562,1.2550371058599346
2019-08-02,26950.529,27043.461,26868.961,26918.58,,-0.02347551571248019,-0.02347551571248019,1.225574462561574
2019-08-05,26480.471,26502.609,26086.859,26151.32,,-0.028502989385027044,-0.028502989385027044,1.1906419266646213
2019-08-06,25472.43,26042.23,25397.35,25976.24,,-0.006694881940949804,-0.006694881940949804,1.1826707195316566
2019-08-07,25977.721,26025.439,25738.801,25997.029,,0.0008003082817220619,0.0008003082817220619,1.183617220703048
2019-08-08,25999.449,26317.42,25999.449,26120.77,,0.004759813130954305,0.004759813130954305,1.189251017492174
2019-08-09,26278.92,26313.779,25939.301,25939.301,,-0.00694730668353194,-0.00694730668353194,1.1809889259499533
2019-08-12,25869.48,26069.23,25824.721,25824.721,,-0.00441723545287509,-0.00441723545287509,1.1757722197967944
2019-08-13,25536.619,25616.711,25270.91,25281.301,,-0.021042628108160488,-0.021042628108160488,1.151030882235704
2019-08-14,25711.1,25717.98,25197.381,25302.279,,0.0008297832457277998,0.0008297832457277998,1.1519859883770984
2019-08-15,24945.74,25552.131,24899.93,25495.461,,0.007634964423560486,0.007634964423560486,1.1607813604147978
2019-08-16,25484.961,25798.109,25314.27,25734.221,,0.009364804190047815,0.009364804190047815,1.1716518505625397
2019-08-19,25994.801,26356.221,25994.801,26291.84,,0.021668384677352437,0.021668384677352437,1.1970396535684606
2019-08-20,26256.539,26347.23,26149.4,26231.539,,-0.0022935252914972892,-0.0022935252914972892,1.1942942128480762
2019-08-21,26160.539,26318.131,26075.91,26270.039,,0.0014676988643327338,0.0014676988643327338,1.1960470771079525
2019-08-22,26272.91,26288.24,25977.67,26048.721,,-0.00842473054569881,-0.00842473054569881,1.1859707027633473
2019-08-23,26057.881,26241.221,25940.439,26179.33,,0.005014027368176688,0.005014027368176688,1.1919171923248586
2019-08-26,25322.0,25692.279,25249.51,25680.33,,-0.01906083921933832,-0.01906083921933832,1.1691982503591893
2019-08-27,25715.98,25764.609,25581.73,25664.07,,-0.0006331694335703908,-0.0006331694335703908,1.1684579497652778
2019-08-28,25767.08,25830.641,25596.08,25615.48,,-0.0018933084269174838,-0.0018933084269174838,1.1662456984824885
2019-08-29,25606.33,25714.779,25372.49,25703.5,,0.0034362034207440217,0.0034362034207440217,1.170253155941042
2019-08-30,26011.641,26011.641,25536.15,25724.73,,0.0008259575544187214,0.0008259575544187214,1.1712197353757738
2019-09-02,25627.83,25662.311,25502.699,25626.551,,-0.0038165220781715137,-0.0038165220781715137,1.166749749397322
2019-09-03,25546.32,25736.051,25498.109,25527.85,,-0.0038515132215802828,-0.0038515132215802828,1.1622559973112427
2019-09-04,25675.16,26654.211,25675.16,26523.23,,0.03899192450598066,0.03899192450598066,1.207574595415026
2019-09-05,26512.859,26697.85,26283.119,26515.529,,-0.00029034925233473174,-0.00029034925233473174,1.207223977034109
2019-09-06,26773.131,26790.789,26563.17,26690.76,,0.00660861791593903,0.00660861791593903,1.2152020590372878
2019-09-09,26743.359,26807.859,26609.65,26681.4,,-0.0003506831577668734,-0.0003506831577668734,1.2147759081418998
2019-09-10,26831.98,26870.77,26634.471,26683.68,,8.545278733484984e-05,8.545278733484984e-05,1.2148797141292378
2019-09-11,26790.641,27159.51,26705.631,27159.061,,0.017815421261235365,0.017815421261235365,1.2365233080181794
2019-09-12,27283.98,27283.98,26967.25,27087.631,,-0.0026300614737748695,-0.0026300614737748695,1.2332711757043362
2019-09-13,27154.51,27366.449,27074.539,27352.689,,0.009785204176769646,0.009785204176769646,1.2453389859639281
2019-09-16,27212.891,27212.891,26976.301,27124.551,,-0.0083406059272636,-0.0083406059272636,1.2349521042361449
2019-09-17,26942.961,26951.84,26694.369,26790.24,,-0.012325033509310357,-0.012325033509310357,1.219731278169041
2019-09-18,26838.43,26891.16,26730.631,26754.119,,-0.0013482895263350336,-0.0013482895263350336,1.2180867272617424
2019-09-19,26820.73,26820.73,26372.09,26468.949,,-0.01065891947329678,-0.01065891947329678,1.2051032389243679
2019-09-20,26532.881,26564.359,26410.41,26435.67,,-0.0012572845261065169,-0.0012572845261065169,1.2035880812697075
2019-09-23,26463.619,26483.029,26186.01,26222.4,,-0.008067508786423705,-0.008067508786423705,1.1938781238488292
2019-09-24,26300.211,26391.98,26207.27,26281.0,,0.002234730611995861,0.002234730611995861,1.1965461198391862
2019-09-25,26162.711,26190.561,25917.68,25945.35,,-0.012771584034093175,-0.012771584034093175,1.181264330518992
2019-09-26,26075.15,26099.641,25917.58,26041.93,,0.0037224396664528037,0.0037224396664528037,1.1856615157194819
2019-09-27,25977.98,26017.461,25840.66,25954.811,,-0.003345335771964608,-0.003345335771964608,1.1816950798375037
2019-09-30,25844.711,26161.699,25786.289,26092.27,,0.005296089422496708,0.005296089422496708,1.1879534426504474
2019-10-02,25901.471,26092.619,25778.221,26042.689,,-0.0019002179572724653,-0.0019002179572724653,1.1856960721863192
2019-10-03,25831.439,26192.869,25809.471,26110.311,,0.0025965828643885747,0.0025965828643885747,1.1887748302897312
2019-10-04,26169.51,26169.51,25612.49,25821.029,,-0.011079224602112303,-0.011079224602112303,1.1756041269436135
2019-10-08,25848.73,26180.029,25761.5,25893.4,,0.0028027930257932265,0.0028027930257932265,1.1788991019917046
2019-10-09,25736.881,25866.84,25656.66,25682.811,,-0.008132921902878731,-0.008132921902878731,1.1693112076638323
2019-10-10,25625.57,25809.58,25521.949,25707.93,,0.0009780471460074658,0.0009780471460074658,1.1704548491532825
2019-10-11,25986.82,26393.01,25976.07,26308.439,,0.02335890131955387,0.02335890131955387,1.1977953884736472
2019-10-14,26520.93,26636.93,26386.41,26521.85,,0.008111883795157926,0.008111883795157926,1.2075117654753214
2019-10-15,26609.131,26609.131,26433.43,26503.93,,-0.0006756693066282127,-0.0006756693066282127,1.2066958868379973
2019-10-16,26553.9,26698.561,26432.43,26664.279,,0.006050008432711529,0.006050008432711529,1.2139964071290856
2019-10-17,26809.039,26956.82,26729.51,26848.49,,0.006908531072600921,0.006908531072600921,1.222383339029763
2019-10-18,26910.551,26985.08,26650.131,26719.58,,-0.004801387340591545,-0.004801387340591545,1.2165142031403953
2019-10-21,26715.221,26818.439,26658.32,26725.68,,0.0002282970016744823,0.0002282970016744823,1.2167919296854666
2019-10-22,26813.811,26844.289,26698.301,26786.199,,0.00226445126934105,0.00226445126934105,1.2195472957151665
2019-10-23,26771.98,26818.99,26491.711,26566.73,,-0.008193361066271554,-0.008193361066271554,1.2095551043839772
2019-10-24,26651.029,26810.43,26592.18,26797.949,,0.008703329314522446,0.008703329314522446,1.2200822607814925
2019-10-25,26795.641,26795.641,26621.18,26667.391,,-0.004871940013021159,-0.004871940013021159,1.2141380931960137
2019-10-28,26770.109,27005.68,26762.699,26891.26,,0.008394859474629479,0.008394859474629479,1.224330611871189
2019-10-29,27027.561,27027.561,26729.061,26786.76,,-0.003886020959969927,-0.003886020959969927,1.2195728374515247
2019-10-30,26766.98,26809.529,26602.949,26667.711,,-0.004444322493649788,-0.004444322493649788,1.2141526624573946
2019-10-31,26708.449,27009.5,26708.449,26906.721,,0.008962524005153627,0.008962524005153627,1.2250345348405902
2019-11-01,26806.439,27102.42,26800.57,27100.76,,0.007211543911277651,0.007211543911277651,1.2338689251814248
2019-11-04,27299.881,27547.301,27299.461,27547.301,,0.016477065587828577,0.016477065587828577,1.2541994643884227
2019-11-05,27601.1,27733.07,27463.33,27683.4,,0.004940556608431512,0.004940556608431512,1.2603959078404983
2019-11-06,27636.33,27750.91,27547.77,27688.641,,0.00018931923101916937,0.00018931923101916937,1.2606345250245503
2019-11-07,27690.6,27900.801,27534.91,27847.23,,0.005727583379769419,0.005727583379769419,1.2678549143780444
2019-11-08,27894.561,27894.561,27582.289,27651.141,,-0.007041598033269425,-0.007041598033269425,1.258927189706489
2019-11-11,27361.41,27361.41,26830.471,26926.551,,-0.026204705259721517,-0.026204705259721517,1.2259373737567811
2019-11-12,27064.26,27076.67,26794.609,27065.279,,0.005152089474808719,0.005152089474808719,1.2322535127968879
2019-11-13,26761.16,26761.16,26465.33,26571.461,,-0.018245442805152612,-0.018245442805152612,1.2097705018077038
2019-11-14,26444.23,26605.961,26203.971,26323.689,,-0.009324741307977003,-0.009324741307977003,1.1984897048363254
2019-11-15,26529.949,26544.65,26300.08,26326.66,,0.000112864120222822,0.000112864120222822,1.1986249713224577
2019-11-18,26442.391,26702.16,26406.35,26681.09,,0.013462778795335195,0.013462778795335195,1.2147617941699371
2019-11-19,26671.32,27093.801,26605.631,27093.801,,0.015468296085354716,0.015468296085354716,1.2335520892753344
2019-11-20,26936.789,26962.17,26804.35,26889.609,,-0.007536484083573214,-0.007536484083573214,1.2242554435882524
2019-11-21,26587.59,26587.59,26306.02,26466.881,,-0.015720868235756025,-0.015720868235756025,1.2050090850726944
2019-11-22,26584.881,26690.17,26487.67,26595.08,,0.004843751706141708,0.004843751706141708,1.2108458498844317
2019-11-25,26873.35,27114.221,26852.891,26993.039,,0.01496363237110021,0.01496363237110021,1.2289645020401747
2019-11-26,27183.9,27227.869,26913.92,26913.92,,-0.0029310890115041843,-0.0029310890115041843,1.225362297692716
2019-11-27,26943.52,26974.279,26866.801,26954.0,,0.0014891922098305699,0.0014891922098305699,1.22718709768066
2019-11-28,26763.631,26991.801,26763.631,26893.73,,-0.00223603175780962,-0.00223603175780962,1.2244430683574719
2019-11-29,26705.381,26705.381,26308.1,26346.49,,-0.020348237302895478,-0.020348237302895478,1.1995278102386486
2019-12-02,26475.34,26511.551,26393.09,26444.721,,0.003728428340928902,0.003728428340928902,1.204000163722075
2019-12-03,26315.971,26424.119,26063.02,26391.301,,-0.002020062907829523,-0.002020062907829523,1.2015680076503192
2019-12-04,26071.391,26191.789,25995.15,26062.561,,-0.012456377197925916,-0.012456377197925916,1.1866008233180665
2019-12-05,26300.51,26300.51,26134.061,26217.039,,0.005927199556482465,0.005927199556482465,1.1936340431917591
2019-12-06,26345.199,26520.08,26309.34,26498.369,,0.010730807548480215,0.010730807548480215,1.2064427003925642
2019-12-09,26513.971,26618.25,26432.27,26494.73,,-0.00013732920694098372,-0.00013732920694098372,1.2062770205732996
2019-12-10,26378.99,26527.09,26355.529,26436.619,,-0.0021933041023630695,-0.0021933041023630695,1.2036312882354898
2019-12-11,26410.09,26659.98,26364.43,26645.43,,0.007898551626439154,0.007898551626439154,1.2131382321048154
2019-12-12,26837.939,27048.98,26837.939,26994.141,,0.01308708472709963,0.01308708472709963,1.2290146749340547
2019-12-13,27494.51,27687.76,27405.26,27687.76,,0.025695168444144878,0.025695168444144878,1.2605944140268113
2019-12-16,27530.5,27715.93,27473.32,27508.09,,-0.0064891489958016635,-0.0064891489958016635,1.252414229050916
2019-12-17,27630.689,27894.721,27563.439,27843.711,,0.012200810743312251,0.012200810743312251,1.2676946980317976
2019-12-18,27946.74,27970.76,27775.98,27884.211,,0.0014545474918914447,0.0014545474918914447,1.2695386201753038
2019-12-19,27908.779,27908.779,27675.24,27800.49,,-0.0030024518176252624,-0.0030024518176252624,1.2657268916376128
2019-12-20,27834.551,27959.52,27740.66,27871.35,,0.002548875937078643,0.002548875937078643,1.2689530724546214
2019-12-23,28024.619,28024.619,27830.08,27906.41,,0.0012579225620574785,0.0012579225620574785,1.2705493171546542
2019-12-24,27901.51,27921.289,27792.66,27864.211,,-0.0015121615428139723,-0.0015121615428139723,1.2686280413390043
2019-12-27,28033.66,28226.109,28000.619,28225.42,,0.012963187796704467,0.012963187796704467,1.2850735048830473
2019-12-30,28250.48,28418.65,28165.131,28319.391,,0.0033293038686403875,0.0033293038686403875,1.2893519050743416
2019-12-31,28241.43,28298.461,28123.859,28189.75,,-0.004577817369024628,-0.004577817369024628,1.2834494875285074
2020-01-02,28249.369,28543.52,28245.971,28543.52,,0.012549596927961426,0.012549596927961426,1.2995562612743887
2020-01-03,28828.359,28883.301,28428.17,28451.5,,-0.003223849055757677,-0.003223849055757677,1.2953666880485755
2020-01-06,28326.5,28367.869,28054.289,28226.189,,-0.007919125529409765,-0.007919125529409765,1.285108516639303
2020-01-07,28352.68,28473.08,28264.07,28322.061,,0.0033965619659106494,0.0033965619659106494,1.2894734673489878
2020-01-08,27999.58,28198.609,27857.73,28087.92,,-0.008267089037058528,-0.008267089037058528,1.278813275383489
2020-01-09,28367.65,28561.0,28325.859,28561.0,,0.01684282780640234,0.01684282780640234,1.3003521071773145
2020-01-10,28665.141,28665.141,28504.27,28638.199,,0.0027029515773258073,0.0027029515773258073,1.3038668959564883
2020-01-13,28772.369,28971.4,28671.84,28954.939,,0.01106005304313995,0.01106005304313995,1.3182877329869613
2020-01-14,29149.529,29149.529,28790.49,28885.141,,-0.002410573201345634,-0.002410573201345634,1.3151099039061602
2020-01-15,28891.07,28972.68,28619.1,28773.59,,-0.0038618817889792822,-0.0038618817889792822,1.3100311049177586
2020-01-16,28806.119,28987.73,28709.57,28883.039,,0.003803800638015664,0.003803800638015664,1.3150142020704652
2020-01-17,28988.16,29101.15,28813.131,29056.42,,0.00600286555718732,0.00600286555718732,1.322908055531286
2020-01-20,29169.119,29174.92,28795.42,28795.91,,-0.00896566060099624,-0.00896566060099624,1.3110473108990688
2020-01-21,28449.381,28492.029,27980.5,27985.33,,-0.028149136457225943,-0.028149136457225943,1.2741424612426917
2020-01-22,28116.5,28393.93,27937.68,28341.039,,0.012710552278640153,0.012710552278640153,1.2903375156067523
2020-01-23,28109.75,28133.029,27706.369,27909.119,,-0.015240090527379846,-0.015240090527379846,1.270672655058031
2020-01-24,27935.42,27977.631,27774.5,27949.641,,0.001451926877376497,0.001451926877376497,1.2725175788382572
2020-01-29,27101.539,27333.301,27101.539,27160.631,,-0.02822970069633446,-0.02822970069633446,1.236594788456829
2020-01-30,27030.609,27134.551,26330.051,26449.131,,-0.026196004061908584,-0.026196004061908584,1.2042009463554788
2020-01-31,26757.609,26818.84,26295.49,26312.631,,-0.005160850086152191,-0.005160850086152191,1.1979862457977357
2020-02-03,26189.609,26512.58,26145.59,26356.98,,0.0016854642927952579,0.0016854642927952579,1.2000054088382877
2020-02-04,26491.66,26730.26,26491.66,26675.98,,0.012103055812919372,0.012103055812919372,1.2145291412772625
2020-02-05,26869.32,26926.119,26641.92,26786.74,,0.004152049896573695,0.004152049896573695,1.2195719268726886
2020-02-06,27174.529,27608.221,27029.49,27493.699,,0.026392125357546314,0.026392125357546314,1.2517590220492567
2020-02-07,27356.279,27410.58,27224.119,27404.27,,-0.0032527089206876303,-0.0032527089206876303,1.247687414311686
2020-02-10,27092.15,27314.641,27044.881,27241.34,,-0.005945423833585095,-0.005945423833585095,1.240269383821773
2020-02-11,27514.25,27674.811,27436.99,27583.881,,0.012574308018621805,0.012574308018621805,1.2558649130800144
2020-02-12,27717.221,27892.48,27614.83,27823.66,,0.008692721665961356,0.008692721665961356,1.2667817972194655
2020-02-13,27953.65,27953.65,27695.6,27730.0,,-0.0033661998457428233,-0.0033661998457428233,1.2625175565290756
2020-02-14,27698.561,27960.66,27695.59,27815.6,,0.003086909484312894,0.003086909484312894,1.266414833948437
2020-02-17,27766.711,28055.58,27766.711,27959.6,,0.005176951063432078,0.005176951063432078,1.2729710015697924
2020-02-18,27766.5,27771.301,27496.25,27530.199,,-0.015357909269088199,-0.015357909269088199,1.253420828425503
2020-02-19,27486.461,27697.461,27448.6,27655.811,,0.0045626985841984435,0.0045626985841984435,1.259139809864765
2020-02-20,27767.279,27767.279,27383.131,27609.16,,-0.001686842595214455,-0.001686842595214455,1.257015839200155
2020-02-21,27450.461,27484.529,27264.779,27308.811,,-0.01087859971111027,-0.01087859971111027,1.243341267054971
2020-02-24,27105.35,27105.35,26813.221,26820.881,,-0.017867127206673383,-0.017867127206673383,1.2211263304751934
2020-02-25,26722.391,26914.051,26667.039,26893.23,,0.002697487826742062,0.002697487826742062,1.2244203038865644
2020-02-26,26479.9,26776.061,26479.9,26696.49,,-0.0073155957837715,-0.0073155957837715,1.2154629398738876
2020-02-27,26529.17,26849.57,26419.971,26778.619,,0.003076396934578174,0.003076396934578174,1.219202186336209
2020-02-28,26249.061,26313.551,25989.41,26129.93,,-0.024224139415105705,-0.024224139415105705,1.189668062599199
2020-03-02,26077.73,26375.91,26077.73,26291.68,,0.0061902194150538215,0.0061902194150538215,1.1970323689377702
2020-03-03,26419.131,26527.75,26233.391,26284.82,,-0.0002609190435910458,-0.0002609190435910458,1.1967200403969196
2020-03-04,26321.561,26372.48,26038.391,26222.07,,-0.0023873094812899565,-0.0023873094812899565,1.1938630992980301
2020-03-05,26348.16,26805.58,26315.359,26767.869,,0.020814489473943043,0.020814489473943043,1.2187127502116981
2020-03-06,26397.779,26408.801,26084.23,26146.67,,-0.02320689032063028,-0.02320689032063028,1.1904302170851815
2020-03-09,25134.02,25321.279,24948.381,25040.461,,-0.04230783499390167,-0.04230783499390167,1.140065691888987
2020-03-10,25285.68,25578.609,24978.971,25392.51,,0.014059206018611103,0.014059206018611103,1.156094110326005
2020-03-11,25459.961,25493.23,25140.381,25231.609,,-0.006336553574262549,-0.006336553574262549,1.1487684580590347
2020-03-12,24657.67,24657.67,24117.939,24309.07,,-0.03656282879145756,-0.03656282879145756,1.1067662336059956
2020-03-13,22519.32,24184.48,22519.32,24032.91,,-0.011360368784161579,-0.011360368784161579,1.094192961034374
2020-03-16,23317.811,23631.529,22842.25,23063.57,,-0.040333858862701244,-0.040333858862701244,1.0500599365754524
2020-03-17,23001.76,23401.199,22676.461,23263.73,,0.008678621739826031,0.008678621739826031,1.0591730095691365
2020-03-18,23023.34,23425.029,22167.42,22291.82,,-0.04177790921748148,-0.04177790921748148,1.0149229757297504
2020-03-19,22221.381,22380.34,21139.26,21709.131,,-0.02613913982797267,-0.02613913982797267,0.9883937621525283
2020-03-20,22147.34,22805.07,22147.34,22805.07,,0.05048285903291094,0.05048285903291094,1.038290705116283
2020-03-23,21659.551,22064.311,21659.551,21696.131,,-0.048626862359992695,-0.048626862359992695,0.9878018859089337
2020-03-24,22497.57,22753.01,22383.25,22663.49,,0.044586705343915956,0.044586705343915956,1.0318447175341199
2020-03-25,23255.91,23569.449,23062.23,23527.189,,0.03810970861063301,0.03810970861063301,1.0711680190507662
2020-03-26,23604.83,23604.83,23163.67,23352.34,,-0.007431784562108024,-0.007431784562108024,1.0632073291033608
2020-03-27,23768.41,23791.199,23354.01,23484.279,,0.00564992630288863,0.00564992630288863,1.0692143721574858
2020-03-30,23020.85,23491.51,22973.33,23175.109,,-0.013164977302475345,-0.013164977302475345,1.0551381892165521
2020-03-31,23613.27,23627.529,23238.039,23603.48,,0.018484098607691513,0.018484098607691513,1.074641467550772
2020-04-01,23365.9,23540.01,22947.641,23085.789,,-0.02193282515967976,-0.02193282515967976,1.0510715441336391
2020-04-02,22838.67,23280.061,22756.131,23280.061,,0.0084152202898502,0.0084152202898502,1.0599165427179167
2020-04-03,23072.949,23236.109,23030.58,23236.109,,-0.001887967561597037,-0.001887967561597037,1.057915454667265
2020-04-06,23558.83,23832.93,23271.471,23749.119,,0.022078137092574224,0.022078137092574224,1.0812722571077622
2020-04-07,24093.051,24262.01,23796.029,24253.289,,0.02122899801041056,0.02122899801041056,1.1042265837026148
2020-04-08,24191.32,24191.32,23897.4,23970.369,,-0.011665221982882445,-0.011665221982882445,1.0913455354843238
2020-04-09,24181.32,24308.689,24045.18,24300.33,,0.013765370070022875,0.013765370070022875,1.1063683106545328
2020-04-14,24347.609,24546.391,24283.131,24435.4,,0.005558360730080647,0.005558360730080647,1.1125179048254805
2020-04-15,24499.859,24603.6,24090.5,24145.34,,-0.011870482987796471,-0.011870482987796471,1.0993117799626309
2020-04-16,24025.449,24102.91,23854.789,24006.449,,-0.00575229008993039,-0.00575229008993039,1.092988219705008
2020-04-17,24457.83,24666.641,24308.779,24380.0,,0.015560443779086164,0.015560443779086164,1.1099956014489314
2020-04-20,24503.561,24503.561,24225.551,24330.02,,-0.0020500410172271666,-0.0020500410172271666,1.1077200649370191
2020-04-21,24247.84,24247.84,23676.131,23793.551,,-0.02204967361309207,-0.02204967361309207,1.0832951990504849
2020-04-22,23540.539,23939.289,23483.311,23893.359,,0.004194750081650378,0.004194750081650378,1.0878393516751532
2020-04-23,23983.65,24107.881,23806.301,23977.32,,0.003513988970742954,0.003513988970742954,1.0916620071588798
2020-04-24,23844.551,23957.17,23730.49,23831.33,,-0.006088670460251522,-0.006088670460251522,1.0850152369433126
2020-04-27,24030.66,24318.811,24030.539,24280.141,,0.01883281377917201,0.01883281377917201,1.1054491268482303
2020-04-28,24401.119,24582.66,24176.881,24575.961,,0.012183619526756395,0.012183619526756395,1.1189174984159342
2020-04-29,24786.02,24855.471,24549.619,24643.59,,0.002751835421613835,0.002751835421613835,1.1219965752219387
2020-05-04,23895.109,23897.529,23584.949,23613.801,,-0.04178729641257628,-0.04178729641257628,1.0751113717592442
2020-05-05,23755.77,23928.449,23697.881,23868.66,,0.010792798668880055,0.010792798668880055,1.0867148323412652
2020-05-06,23868.02,24235.029,23868.02,24137.48,,0.011262467185003233,0.011262467185003233,1.0989539224799652
2020-05-07,24120.811,24120.811,23913.5,23980.631,,-0.006498151422600795,-0.006498151422600795,1.091812753485229
2020-05-08,24193.359,24263.73,24097.119,24230.17,,0.010405856292938997,0.010405856292938997,1.1031740000967944
2020-05-11,24470.18,24766.83,24470.18,24602.061,,0.015348262104640797,0.015348262104640797,1.120105803797305
2020-05-12,24358.0,24411.039,24136.199,24245.68,,-0.014485818891352253,-0.014485818891352253,1.1038801539843448
2020-05-13,24111.67,24320.199,23979.369,24180.301,,-0.0026965216071481724,-0.0026965216071481724,1.100903517297424
2020-05-14,24038.07,24081.189,23790.27,23829.74,,-0.01449779305890353,-0.01449779305890353,1.0849428459258268
2020-05-15,23834.68,23985.119,23671.609,23797.471,,-0.0013541482198294874,-0.0013541482198294874,1.0834736725023997
2020-05-18,23736.67,23952.051,23722.17,23934.77,,0.00576947861392485,0.00576947861392485,1.0897247506846528
2020-05-19,24489.551,24552.551,24314.449,24388.131,,0.01894152314812314,0.01894152314812314,1.1103657972748289
2020-05-20,24462.9,24514.869,24315.75,24399.949,,0.0004845799786790117,0.0004845799786790117,1.1109038583091981
2020-05-21,24528.91,24528.91,24208.16,24280.029,,-0.004914764371024005,-0.004914764371024005,1.105444027606747
2020-05-22,23756.91,23756.91,22878.26,22930.141,,-0.05559663870253195,-0.05559663870253195,1.043985055398023
2020-05-25,22725.699,22968.65,22519.73,22952.24,,0.0009637533410720156,0.0009637533410720156,1.044991199483192
2020-05-26,23198.34,23481.48,23165.49,23384.66,,0.01883999121654356,0.01883999121654356,1.0646788245028205
2020-05-27,23515.141,23515.141,23134.609,23301.359,,-0.003562207019473407,-0.003562207019473407,1.060886218120692
2020-05-28,23206.75,23451.779,22779.619,23132.76,,-0.0072355865595651325,-0.0072355865595651325,1.05321008405963
2020-05-29,22781.109,23089.77,22781.109,22961.471,,-0.00740460714588298,-0.00740460714588298,1.045411477145086
2020-06-01,23539.91,23806.32,23539.91,23732.52,,0.03358012210977246,0.03358012210977246,1.0805165222025754
2020-06-02,23792.24,23995.939,23766.15,23995.939,,0.011099495544510063,0.011099495544510063,1.0925097105265327
2020-06-03,24303.561,24364.01,24219.961,24325.619,,0.013738991418506208,0.013738991418506208,1.1075196920640915
2020-06-04,24643.84,24643.84,24204.1,24366.301,,0.001672393208164591,0.001672393208164591,1.109371900475008
2020-06-05,24388.18,24810.221,24253.561,24770.41,,0.016584749568676838,0.016584749568676838,1.1277705556229132
2020-06-08,25018.051,25018.779,24678.551,24776.77,,0.00025675796242374815,0.00025675796242374815,1.1280601196928564
2020-06-09,24906.01,25253.67,24837.73,25057.221,,0.01131911060239088,0.01131911060239088,1.140828756953806
2020-06-10,25179.029,25303.779,24968.301,25049.73,,-0.0002989557381484209,-0.0002989557381484209,1.14048769965067
2020-06-11,24997.84,25059.32,24480.15,24480.15,,-0.022737969630810317,-0.022737969630810317,1.1145553249717004
2020-06-12,23920.699,24317.721,23895.029,24301.381,,-0.007302610482370464,-0.007302610482370464,1.1064161615723804
2020-06-15,23991.381,24242.971,23684.961,23776.949,,-0.02158033734790632,-0.02158033734790632,1.0825393275584727
2020-06-16,24318.15,24534.77,24302.25,24344.09,,0.02385255568323763,0.02385255568323763,1.1083606571483557
2020-06-17,24363.391,24532.01,24195.82,24481.41,,0.005640794131142268,0.005640794131142268,1.1146126914383871
2020-06-18,24386.311,24464.939,24121.891,24464.939,,-0.0006727962155774758,-0.0006727962155774758,1.1138627842377529
2020-06-19,24373.359,24776.539,24334.359,24643.891,,0.007314630950030265,0.007314630950030265,1.122010279433425
2020-06-22,24528.529,24628.949,24391.17,24511.34,,-0.005378655505333896,-0.005378655505333896,1.1159753726669093
2020-06-23,24541.439,24907.34,24184.881,24907.34,,0.016155787484486872,0.016155787484486872,1.1340048336256368
2020-06-24,25034.869,25071.32,24770.949,24781.58,,-0.0050491140362639575,-0.0050491140362639575,1.1282791139029864
2020-06-26,24697.98,24756.58,24537.77,24549.99,,-0.009345247558872338,-0.009345247558872338,1.1177350662680579
2020-06-29,24627.641,24627.641,24148.619,24301.279,,-0.010130798423950593,-0.010130798423950593,1.106411517620315
2020-06-30,24468.24,24598.609,24271.77,24427.189,,0.005181208775060675,0.005181208775060675,1.1121440666842377
2020-07-02,24563.57,25124.189,24563.57,25124.189,,0.02853377848756966,0.02853377848756966,1.1438777391292707
2020-07-03,25319.279,25453.58,25182.6,25373.119,,0.009907981507383257,0.009907981507383257,1.155211258615271
2020-07-06,25545.539,26453.609,25543.15,26339.16,,0.038073403589050425,0.038073403589050425,1.1991940830951449
2020-07-07,26571.08,26782.619,25911.74,25975.66,,-0.01380074383541463,-0.01380074383541463,1.1826443127454038
2020-07-08,26078.609,26299.84,25849.779,26129.18,,0.00591014819257718,0.00591014819257718,1.1896339158928377
2020-07-09,26351.131,26374.939,26016.75,26210.16,,0.0030992170439332334,0.0030992170439332334,1.193320849601014
2020-07-10,25931.779,26137.91,25570.359,25727.41,,-0.01841843010496691,-0.01841843010496691,1.171341752939838
2020-07-13,25848.801,26103.84,25715.24,25772.119,,0.0017377963813691721,0.0017377963813691721,1.1733773063994433
2020-07-14,25663.16,25663.16,25254.32,25477.891,,-0.011416523414314539,-0.011416523414314539,1.1599814169071088
2020-07-15,25888.779,25888.779,25299.359,25481.58,,0.00014479220434693296,0.00014479220434693296,1.1601493731734642
2020-07-16,25549.4,25576.49,24919.949,24970.689,,-0.02004942393682041,-0.02004942393682041,1.1368890465606731
2020-07-17,25142.061,25263.971,25015.279,25089.17,,0.004744802996825559,0.004744802996825559,1.1422833611158525
2020-07-20,25019.6,25222.109,24766.17,25057.99,,-0.0012427672976027537,-0.0012427672976027537,1.1408637687100618
2020-07-21,25427.061,25635.66,25378.381,25635.66,,0.023053325506155797,0.023053325506155797,1.1671644725283146
2020-07-22,25575.25,25779.66,25057.939,25057.939,,-0.022535834848800507,-0.022535834848800507,1.1408614467340292
2020-07-23,25235.9,25346.359,24992.369,25263.0,,0.008183474307284389,0.008183474307284389,1.1501976570715484
2020-07-24,25040.76,25101.1,24598.461,24705.33,,-0.02207457546609659,-0.02207457546609659,1.1248075320895952
2020-07-27,24909.961,24972.461,24526.91,24603.26,,-0.004131497130376416,-0.004131497130376416,1.120160392998541
2020-07-28,24942.74,24942.74,24642.35,24772.76,,0.006889330926064252,0.006889330926064252,1.1278775486361783
2020-07-29,24710.51,24905.439,24671.51,24883.141,,0.0044557409025074435,0.0044557409025074435,1.1329030787626564
2020-07-30,24979.24,25197.311,24616.051,24710.59,,-0.006934454135030577,-0.006934454135030577,1.1250470143235418
2020-07-31,24747.289,24938.85,24534.789,24595.35,,-0.004663587554971427,-0.004663587554971427,1.1198002590687848
2020-08-03,24566.811,24647.279,24250.98,24458.131,,-0.005579062709007876,-0.005579062709007876,1.1135528232018765
2020-08-04,24664.6,25062.41,24539.439,24946.631,,0.019972907987122923,0.019972907987122923,1.1357937112784888
2020-08-05,25029.391,25167.221,24868.289,25102.539,,0.0062496615274423295,0.0062496615274423295,1.1428920375389768
2020-08-06,25201.439,25201.439,24641.09,24930.58,,-0.00685026323432858,-0.00685026323432858,1.1350629262334166
2020-08-07,24909.369,24909.369,24167.789,24531.619,,-0.01600287678826573,-0.01600287678826573,1.1168986540779748
2020-08-10,24376.82,24536.01,24272.67,24377.43,,-0.006285316920990769,-0.006285316920990769,1.1098785920684668
2020-08-11,24662.039,25031.57,24662.039,24890.68,,0.021054311303529527,0.021054311303529527,1.1332463214549995
2020-08-12,24868.631,25291.801,24685.439,25244.02,,0.01419567484697093,0.01419567484697093,1.1493335177559003
2020-08-13,25490.02,25490.02,25144.461,25230.67,,-0.0005288381169085143,-0.0005288381169085143,1.1487257063826704
2020-08-14,25072.449,25378.529,25040.551,25183.01,,-0.0018889708438182273,-0.0018889708438182273,1.146555797015769
2020-08-17,25212.279,25588.67,25163.289,25347.34,,0.006525431233200596,0.006525431233200596,1.154037568024223
2020-08-18,25470.971,25470.971,25257.881,25367.381,,0.0007906549562992637,0.0007906549562992637,1.1549500135471367
2020-08-19,25359.029,25382.51,25079.25,25178.91,,-0.0074296593724043625,-0.0074296593724043625,1.1463691283543278
2020-08-20,25055.35,25055.35,24621.32,24791.391,,-0.015390618577214021,-0.015390618577214021,1.128725798351133
2020-08-21,25007.131,25178.789,24885.859,25113.84,,0.013006490841921625,0.013006490841921625,1.1434065601104277
2020-08-24,25352.789,25551.58,25325.15,25551.58,,0.017430229706010714,0.017430229706010714,1.1633363991005121
2020-08-25,25586.99,25621.08,25352.26,25486.221,,-0.002557924010961332,-0.002557924010961332,1.1603606729924276
2020-08-26,25520.41,25603.17,25360.029,25491.789,,0.00021847099261984582,0.00021847099261984582,1.1606141781404533
2020-08-27,25469.77,25469.77,25186.42,25281.15,,-0.008263013631565785,-0.008263013631565785,1.1510240073654903
2020-08-28,25330.77,25749.4,25258.16,25422.061,,0.005573757522897571,0.005573757522897571,1.1574395360855791
2020-08-31,25732.49,25847.109,25177.051,25177.051,,-0.0096376922390361,-0.0096376922390361,1.1462844900514937
2020-09-01,25085.67,25254.141,24995.449,25184.85,,0.00030976622321654546,0.00030976622321654546,1.1466395702687087
2020-09-02,25239.859,25239.859,24931.17,25120.09,,-0.002571387163314398,-0.002571387163314398,1.1436911159967713
2020-09-03,25026.99,25216.02,24854.58,25007.6,,-0.004478089051432654,-0.004478089051432654,1.1385695653320054
2020-09-04,24668.801,24813.961,24488.641,24695.449,,-0.012482245397399061,-0.012482245397399061,1.1243576606155212
2020-09-07,24621.02,24908.289,24475.609,24589.65,,-0.0042841496828018855,-0.0042841496828018855,1.1195407441004395
2020-09-08,24785.26,24785.26,24341.32,24624.34,,0.0014107561514702383,0.0014107561514702383,1.1211201430920006
2020-09-09,24295.42,24520.92,24213.359,24468.93,,-0.006311235143764304,-0.006311235143764304,1.1140444902445363
2020-09-10,24584.939,24615.6,24293.211,24313.539,,-0.0063505433216736185,-0.0063505433216736185,1.1069697024469667
2020-09-11,24352.631,24572.66,24293.029,24503.311,,0.007805198576809502,0.007805198576809502,1.115609820793077
2020-09-14,24569.029,24750.949,24556.52,24640.279,,0.005589775194054347,0.005589775194054347,1.1218458288955895
2020-09-15,24621.65,24826.869,24621.65,24732.76,,0.003753244839476144,0.003753244839476144,1.1260563909635795
2020-09-16,24823.961,24829.869,24635.24,24725.631,,-0.0002882411829491227,-0.0002882411829491227,1.1257318151373807
2020-09-17,24676.41,24713.789,24250.9,24340.85,,-0.015562029539306965,-0.015562029539306965,1.1082131433768752
2020-09-18,24381.131,24501.16,24295.01,24455.41,,0.004706491350959352,0.004706491350959352,1.113428938951198
2020-09-21,24483.91,24542.551,23928.02,23950.689,,-0.020638419065556524,-0.020638419065556524,1.0904495259094054
2020-09-22,23839.67,23908.51,23675.619,23716.85,,-0.009763351693139133,-0.009763351693139133,1.0798030836843349
2020-09-23,23701.119,23795.189,23559.99,23742.51,,0.0010819312008130133,0.0010819312008130133,1.080971356331307
2020-09-24,23537.83,23590.42,23225.33,23311.07,,-0.01817162549368201,-0.01817162549368201,1.061328349674657
2020-09-25,23425.75,23495.26,23124.25,23235.42,,-0.003245239279020762,-0.003245239279020762,1.0578840852263547
2020-09-28,23284.09,23523.811,23250.34,23476.051,,0.010356214778988404,0.010356214778988404,1.0688397600242323
2020-09-29,23584.609,23601.4,23256.92,23275.529,,-0.008541555817884405,-0.008541555817884405,1.0597102055536112
2020-09-30,23548.891,23780.869,23368.49,23459.051,,0.007884761716908883,0.007884761716908883,1.0680657680133778
2020-10-05,24039.391,24039.391,23674.52,23767.779,,0.01316029365382243,0.01316029365382243,1.0821218271620294
2020-10-06,23895.211,24005.029,23842.25,23980.65,,0.008956284893089972,0.008956284893089972,1.0918136185351237
2020-10-07,23999.789,24243.91,23905.42,24242.859,,0.010934190691244794,0.010934190691244794,1.1037517168394848
2020-10-08,24263.33,24263.33,24021.93,24193.35,,-0.0020422096255231503,-0.0020422096255231503,1.1014976244591674
2020-10-09,24343.811,24343.811,24059.289,24119.131,,-0.0030677438221659026,-0.0030677438221659026,1.0981185119266024
2020-10-12,24217.25,24702.811,24196.801,24649.68,,0.02199701971020418,0.02199701971020418,1.122273846477592
2020-10-14,24808.85,24808.85,24498.939,24667.09,,0.000706297201424011,0.000706297201424011,1.1230665053545905
2020-10-15,24533.75,24573.25,24102.211,24158.539,,-0.020616578607367098,-0.020616578607367098,1.0999127164656466
2020-10-16,24194.41,24456.971,24194.41,24386.789,,0.009448005113223079,0.009448005113223079,1.1103046974349131
2020-10-19,24565.43,24771.85,24478.471,24542.26,,0.006375214055446055,0.006375214055446055,1.117383127547828
2020-10-20,24571.641,24600.391,24456.84,24569.539,,0.0011115113278077349,0.0011115113278077349,1.1186251115515986
2020-10-21,24695.539,24903.0,24653.16,24754.42,,0.0075248054104717355,0.0075248054104717355,1.1270425478432917
2020-10-22,24696.311,24817.01,24556.551,24786.131,,0.0012810237525260337,0.0012810237525260337,1.1284863161171863
2020-10-23,24773.119,24970.59,24683.25,24918.779,,0.0053517025307416866,0.0053517025307416866,1.134525639191058
2020-10-27,24839.971,24872.52,24602.109,24787.189,,-0.005280756332402992,-0.005280756332402992,1.1285344857376265
2020-10-28,24773.539,24844.789,24586.061,24708.801,,-0.003162440081446838,-0.003162440081446838,1.1249655630466346
2020-10-29,24290.01,24678.9,24258.561,24586.6,,-0.004945646694876071,-0.004945646694876071,1.1194018808279036
2020-10-30,24535.9,24600.539,24029.949,24107.42,,-0.019489478008345995,-0.019489478008345995,1.097585322489007
2020-11-02,24274.83,24486.02,24232.66,24460.01,,0.014625787413169888,0.014625787413169888,1.1136383720835468
2020-11-03,24689.561,25048.529,24689.51,24939.73,,0.019612420436459388,0.019612420436459388,1.1354795160510236
2020-11-04,24790.0,25093.721,24733.23,24886.141,,-0.0021487401828327313,-0.0021487401828327313,1.1330396655881012
2020-11-05,25500.91,25695.92,25343.439,25695.92,,0.032539355941124004,0.032539355941124004,1.1699080465620846
2020-11-06,25750.779,25799.971,25540.98,25712.971,,0.0006635683797273639,0.0006635683797273639,1.1706843605489716
2020-11-09,26157.77,26172.23,25950.41,26016.17,,0.011791675104366517,0.011791675104366517,1.1844886901783283
2020-11-10,26474.039,26474.039,26041.869,26301.48,,0.010966641131265664,0.010966641131265664,1.1974785525675569
2020-11-11,26226.801,26432.561,26168.631,26226.98,,-0.0028325402220711338,-0.0028325402220711338,1.1940866464023416
2020-11-12,26409.34,26460.939,26071.15,26169.381,,-0.002196173558678849,-0.002196173558678849,1.1914642248827414
2020-11-13,26114.6,26156.859,25909.18,26156.859,,-0.00047849813490052906,-0.00047849813490052906,1.1908941114733345
2020-11-16,26362.07,26394.4,26191.539,26381.67,,0.008594724618884886,0.008594724618884886,1.2011295184116992
2020-11-17,26515.09,26530.539,26339.881,26415.09,,0.001266788645298167,0.001266788645298167,1.2026510956471554
2020-11-18,26434.24,26618.01,26344.859,26544.289,,0.004891105803538798,0.004891105803538798,1.2085333894007075
2020-11-19,26460.609,26460.609,26311.641,26356.971,,-0.0070568098471199825,-0.0070568098471199825,1.2000049990778114
2020-11-20,26406.869,26564.25,26313.279,26451.539,,0.0035879691941840264,0.0035879691941840264,1.2043105800473692
2020-11-23,26659.789,26662.66,26369.34,26486.199,,0.0013103207340789957,0.0013103207340789957,1.205888613170676
2020-11-24,26630.34,26630.34,26409.77,26588.199,,0.0038510622079068746,0.0038510622079068746,1.2105325652358028
2020-11-25,26819.961,27040.41,26591.301,26669.75,,0.003067187815165573,0.003067187815165573,1.2142454959697553
2020-11-26,26695.25,26819.449,26612.0,26819.449,,0.005613063489533943,0.005613063489533943,1.2210611330305143
2020-11-27,26758.49,27009.15,26704.6,26894.68,,0.002805091185877906,0.002805091185877906,1.224486320852196
2020-11-30,26853.391,26960.93,26322.68,26341.49,,-0.020568751886990255,-0.020568751886990255,1.1993001655295739
2020-12-01,26422.711,26662.18,26375.24,26567.68,,0.008586833926250925,0.008586833926250925,1.2095983568787014
2020-12-02,26670.119,26670.119,26379.48,26532.58,,-0.0013211541241086033,-0.0013211541241086033,1.2080002910209962
2020-12-03,26623.42,26781.99,26556.02,26728.5,,0.0073841292478906695,0.0073841292478906695,1.2169203213013848
2020-12-04,26811.59,26835.92,26652.34,26835.92,,0.004018931103503709,0.004018931103503709,1.2218110402311486
2020-12-07,26870.58,26870.58,26256.4,26506.85,,-0.012262296205980627,-0.012262296205980627,1.2068288313480968
2020-12-08,26460.35,26460.35,26270.91,26304.561,,-0.007631574479804115,-0.007631574479804115,1.197618827237289
2020-12-09,26510.42,26666.939,26445.66,26502.84,,0.007537818251367012,0.007537818251367012,1.206646260291419
2020-12-10,26335.26,26434.471,26287.02,26410.59,,-0.0034807590431817914,-0.0034807590431817914,1.202446215408988
2020-12-11,26634.211,26704.01,26443.01,26505.869,,0.003607605888395371,0.003607605888395371,1.2067841674561763
2020-12-14,26522.1,26544.119,26318.109,26389.52,,-0.004389556139434592,-0.004389556139434592,1.2014869206049468
2020-12-15,26418.93,26436.039,26127.68,26207.289,,-0.006905430640648302,-0.006905430640648302,1.1931901360090633
2020-12-16,26421.211,26510.189,26318.74,26460.289,,0.009653802802723987,0.009653802802723987,1.2047089582882502
2020-12-17,26608.439,26678.381,26390.59,26678.381,,0.008242238019395831,0.008242238019395831,1.2146384562665604
2020-12-18,26650.49,26668.1,26363.051,26498.6,,-0.006738827217438792,-0.006738827217438792,1.2064532175781235
2020-12-21,26422.619,26498.65,26274.65,26306.68,,-0.007242646781339346,-0.007242646781339346,1.1977153030649947
2020-12-22,26260.779,26365.199,25998.869,26119.25,,-0.007124806322956756,-0.007124806322956756,1.1891818135006151
2020-12-23,26083.109,26343.1,26071.76,26343.1,,0.008570307340371563,0.008570307340371563,1.1993734671258958
2020-12-24,26342.869,26470.4,26221.301,26386.561,,0.0016498058315081998,0.0016498058315081998,1.2013522004661163
2020-12-28,26288.369,26514.08,26264.32,26314.631,,-0.002726008895209908,-0.002726008895209908,1.1980773036813657
2020-12-29,26490.449,26618.779,26432.91,26568.49,,0.009647066683169614,0.009647066683169614,1.2096352353215718
2020-12-30,26695.109,27159.471,26670.971,27147.109,,0.021778392373823285,0.021778392373823285,1.2359791461056069
2020-12-31,27194.789,27340.99,27163.51,27231.131,,0.003095062535019899,0.003095062535019899,1.2398045788547842
2021-01-04,27087.131,27502.83,27079.24,27472.811,,0.008875136328344135,0.008875136328344135,1.2508080135126258
2021-01-05,27281.34,27690.211,27150.381,27649.859,,0.006444480690381393,0.006444480690381393,1.2588688216030823
2021-01-06,27613.34,27756.43,27389.779,27692.301,,0.001534980702794897,0.001534980702794897,1.2608011609515932
2021-01-07,27715.939,27752.359,27457.471,27548.52,,-0.00519209292142242,-0.00519209292142242,1.2542549641684952
2021-01-08,27630.029,27920.77,27538.199,27878.221,,0.011968011348703955,0.011968011348703955,1.2692659018138321
2021-01-11,28003.98,28176.65,27794.811,27908.221,,0.0010761088377913008,0.0010761088377913008,1.2706317700682812
2021-01-12,27894.289,28276.75,27781.42,28276.75,,0.01320503374256643,0.01320503374256643,1.2874105054664096
2021-01-13,28309.32,28414.539,28136.641,28235.6,,-0.001455259179361179,-0.001455259179361179,1.2855369895107236
2021-01-14,28408.119,28510.92,28280.09,28496.859,,0.009252822677754402,0.009252822677754402,1.2974318353203607
2021-01-15,28394.369,28667.59,28294.66,28573.859,,0.002702052180557857,0.002702052180557857,1.300937563840113
2021-01-18,28454.59,28864.25,28390.289,28862.77,,0.0101110249056664,0.0101110249056664,1.3140913759488175
2021-01-19,29100.17,29848.43,29100.17,29642.279,,0.027007421671585874,0.027007421671585874,1.3495815958540618
2021-01-20,29794.41,29993.471,29676.539,29962.471,,0.010801868506804091,0.010801868506804091,1.3641595987916801
2021-01-21,29951.779,30135.5,29745.869,29927.76,,-0.0011584825563953904,-0.0011584825563953904,1.3625792436923407
2021-01-22,29809.23,29862.891,29413.52,29447.85,,-0.016035613757929057,-0.016035613757929057,1.3407294492259192
2021-01-25,29677.301,30191.16,29673.26,30159.01,,0.024149810597378085,0.024149810597378085,1.373107811487052
2021-01-26,29892.85,29965.109,29345.74,29391.26,,-0.025456737472483337,-0.025456737472483337,1.33815296640861
2021-01-27,29556.58,29636.631,29194.369,29297.529,,-0.003189077297128473,-0.003189077297128473,1.3338854931633513
2021-01-28,28914.85,29191.68,28467.01,28550.77,,-0.025488804874977622,-0.025488804874977622,1.2998863461025474
2021-01-29,28826.18,28972.061,28259.73,28283.711,,-0.009353828285541876,-0.009353828285541876,1.2877274324303836
2021-02-01,28457.85,28982.77,28382.26,28892.859,,0.02153706067778738,0.02153706067778738,1.3154612962790881
2021-02-02,29378.119,29511.0,29198.859,29248.699,,0.012315845932726832,0.012315845932726832,1.3316623149345266
2021-02-03,29305.41,29312.0,28967.01,29307.461,,0.002009046624603661,0.002009046624603661,1.3343376866134575
2021-02-04,29093.539,29409.0,28775.381,29113.5,,-0.006618144096481093,-0.006618144096481093,1.3255068475300846
2021-02-05,29305.09,29495.641,29184.09,29288.68,,0.0060171398148625155,0.0060171398148625155,1.3334826075572308
2021-02-08,29629.08,29706.08,29293.641,29319.471,,0.0010512935372983812,0.0010512935372983812,1.3348844892046554
2021-02-09,29442.5,29527.67,29263.98,29476.189,,0.005345185116061524,0.005345185116061524,1.3420196939080136
2021-02-10,29796.189,30075.5,29732.23,30038.721,,0.01908428528531969,0.01908428528531969,1.3676311806050716
2021-02-11,29995.279,30184.17,29828.619,30173.57,,0.00448917249173153,0.00448917249173153,1.3737707128798782
2021-02-16,30675.82,30793.48,30497.4,30746.66,,0.018993112183941063,0.018993112183941063,1.3998628941446185
2021-02-17,30636.369,31168.301,30503.461,31084.939,,0.01100213811841666,0.01100213811841666,1.415264379052844
2021-02-18,31183.359,31183.359,30570.551,30595.27,,-0.01575261254332838,-0.01575261254332838,1.3929702676432503
2021-02-19,30483.461,30720.15,30099.711,30644.73,,0.0016165897539064389,0.0016165897539064389,1.3952221291054188
2021-02-22,31071.609,31071.609,30298.58,30319.83,,-0.010602149211299872,-0.010602149211299872,1.3804297759097355
2021-02-23,30189.971,30948.471,30126.4,30632.641,,0.010317043334345799,0.010317043334345799,1.3946717297278175
2021-02-24,30702.65,30792.881,29532.68,29718.24,,-0.029850544065070928,-0.029850544065070928,1.3530400198032686
2021-02-25,30174.221,30453.119,29833.051,30074.17,,0.011976819623234602,0.011976819623234602,1.3692451360634703
2021-02-26,29412.131,29579.67,28980.211,28980.211,,-0.03637536796526719,-0.03637536796526719,1.3194383404045091
2021-03-01,29457.891,29550.75,29195.971,29452.57,,0.016299363727890093,0.016299363727890093,1.340944345831286
2021-03-02,29708.391,29765.961,28957.311,29095.859,,-0.012111370926204401,-0.012111370926204401,1.3247036714675267
2021-03-03,29249.43,29912.0,29183.59,29880.42,,0.026964696247668618,0.026964696247668618,1.36042390358682
2021-03-04,29525.48,29597.16,29102.1,29236.789,,-0.02154022600753258,-0.02154022600753258,1.3311200652375101
2021-03-05,28667.141,29397.27,28513.131,29098.289,,-0.004737182321902678,-0.004737182321902678,1.324814306796137
2021-03-08,29362.59,29386.33,28422.27,28540.83,,-0.019157793092232978,-0.019157793092232978,1.2994337884209066
2021-03-09,28665.26,29047.131,28326.131,28773.23,,0.008142720446462137,0.008142720446462137,1.310014714498705
2021-03-10,29255.369,29255.369,28710.91,28907.52,,0.004667185435907051,0.004667185435907051,1.3161287960950374
2021-03-11,28909.98,29412.42,28893.211,29385.609,,0.016538568510892748,0.016538568510892748,1.3378956823584138
2021-03-12,29550.369,29550.369,28707.35,28739.721,,-0.02197973844952472,-0.02197973844952472,1.3084890851874276
2021-03-15,28923.949,29178.99,28612.74,28833.76,,0.0032720916114667986,0.0032720916114667986,1.3127705813467652
2021-03-16,29036.82,29118.619,28872.4,29027.689,,0.006725761745953296,0.006725761745953296,1.321599963504
2021-03-17,28992.24,29180.01,28780.23,29034.119,,0.0002215126391909017,0.0002215126391909017,1.3218927145998705
2021-03-18,29317.609,29596.58,29317.609,29405.721,,0.012798804055325519,0.012798804055325519,1.3388113604361964
2021-03-19,29158.48,29271.4,28737.539,28990.939,,-0.014105486479994878,-0.014105486479994878,1.3199267748923
2021-03-22,28801.09,29139.07,28801.09,28885.34,,-0.0036424829150928373,-0.0036424829150928373,1.3151189641655814
2021-03-23,29008.02,29043.18,28376.221,28497.381,,-0.013430999946685729,-0.013430999946685729,1.297455601427988
2021-03-24,28437.49,28457.869,27827.051,27918.141,,-0.02032607838594014,-0.02032607838594014,1.2710834171710856
2021-03-25,27628.08,28032.01,27505.08,27899.609,,-0.0006637977793721994,-0.0006637977793721994,1.2702396748213707
2021-03-26,28043.65,28415.15,28014.289,28351.711,,0.016204599856578517,0.016204599856578517,1.2908234004738015
2021-03-29,28317.32,28484.66,28132.359,28338.301,,-0.0004729873269376794,-0.0004729873269376794,1.2902128573640628
2021-03-30,28552.77,28694.15,28371.23,28577.5,,0.008440837719946526,0.008440837719946526,1.3011033347172614
2021-03-31,28802.529,28802.529,28332.779,28378.35,,-0.006968769136558528,-0.006968769136558528,1.2920362459548105
2021-04-01,28594.551,28938.74,28511.65,28938.74,,0.01974709593757229,0.01974709593757229,1.3175502096585008
2021-04-07,29101.4,29101.4,28598.859,28674.801,,-0.009120611332767203,-0.009120611332767203,1.3055333462847996
2021-04-08,28604.119,29054.82,28587.109,29008.07,,0.011622364877091895,0.011622364877091895,1.3207067311945324
2021-04-09,29152.439,29152.439,28604.551,28698.801,,-0.01066148144292256,-0.01066148144292256,1.306626040888359
2021-04-12,28791.971,28791.971,28274.27,28453.279,,-0.008555130926898302,-0.008555130926898302,1.2954476840360643
2021-04-13,28557.84,28877.15,28452.119,28497.25,,0.0015453754908179018,0.0015453754908179018,1.2974496371366102
2021-04-14,28796.551,28979.35,28685.061,28900.83,,0.01416206826974542,0.01416206826974542,1.3158242074742952
2021-04-15,28872.82,28884.57,28530.99,28793.141,,-0.0037261559616108553,-0.0037261559616108553,1.310921241259183
2021-04-16,28827.17,29079.18,28711.109,28969.711,,0.00613236325970834,0.00613236325970834,1.318960286515452
2021-04-19,28960.131,29319.76,28806.76,29106.15,,0.004709712154187695,0.004709712154187695,1.3251722098077445
2021-04-20,28962.801,29220.189,28885.551,29135.73,,0.001016280064522368,0.001016280064522368,1.3265189559066313
2021-04-21,28702.27,28778.359,28506.76,28621.92,,-0.01763504810073413,-0.01763504810073413,1.3031257303126822
2021-04-22,28716.98,28848.02,28597.0,28755.34,,0.004661462263887417,0.004661462263887417,1.3092002017296354
2021-04-23,28798.449,29078.75,28748.57,29078.75,,0.011246954478715931,0.011246954478715931,1.3239247168020143
2021-04-26,29106.449,29238.99,28908.65,28952.83,,-0.004330309934230225,-0.004330309934230225,1.3181917124486737
2021-04-27,28895.381,29045.109,28793.221,28908.539,,-0.0015297641025074915,-0.0015297641025074915,1.3161751900867469
2021-04-28,28991.939,29071.34,28887.33,29071.34,,0.005631588645832242,0.005631588645832242,1.3235873473431654
2021-04-29,29268.211,29405.119,29162.869,29303.26,,0.00797761644286088,0.00797761644286088,1.3341464195288928
2021-04-30,29143.43,29154.75,28701.689,28724.881,,-0.019737701539009556,-0.019737701539009556,1.3078134356908933
2021-05-03,28659.91,28684.83,28256.029,28357.539,,-0.012788286224754142,-0.012788286224754142,1.291088743146699
2021-05-04,28438.15,28577.52,28321.34,28557.141,,0.0070387631310318,0.0070387631310318,1.3001764109908505
2021-05-05,28427.67,28677.359,28325.961,28417.98,,-0.0048730718526760475,-0.0048730718526760475,1.2938405579189376
2021-05-06,28647.971,28753.971,28384.119,28637.461,,0.007723314605753151,0.007723314605753151,1.3038332955974288
2021-05-07,28721.131,28884.029,28530.711,28610.65,,-0.0009362212662636926,-0.0009362212662636926,1.3026126191384277
2021-05-10,28776.99,28842.109,28453.141,28595.66,,-0.0005239307740300125,-0.0005239307740300125,1.3019301403006212
2021-05-11,28286.561,28286.561,27910.711,28013.811,,-0.020347458320598255,-0.020347458320598255,1.2754391710345236
2021-05-12,28073.92,28231.039,27897.471,28231.039,,0.00775431803976967,0.00775431803976967,1.2853293320071058
2021-05-13,27920.01,28060.93,27718.67,27718.67,,-0.018149137196119547,-0.018149137196119547,1.262001713618312
2021-05-14,27872.689,28064.01,27715.881,28027.57,,0.011144113335885164,0.011144113335885164,1.2760656037449558
2021-05-17,28130.51,28268.391,28074.141,28194.09,,0.0059412928056197245,0.0059412928056197245,1.2836470831359843
2021-05-18,28438.029,28617.34,28438.029,28593.811,,0.01417747478283582,0.01417747478283582,1.3018459572872054
2021-05-20,28413.49,28508.24,28293.23,28450.289,,-0.005019337925958878,-0.005019337925958878,1.2953115525000376
2021-05-21,28584.34,28584.34,28286.92,28458.439,,0.00028646457686232196,0.00028646457686232196,1.2956826133758295
2021-05-24,28417.99,28444.359,28195.52,28412.26,,-0.0016226821154877724,-0.0016226821154877724,1.293580132371756
2021-05-25,28461.5,28929.24,28461.5,28910.859,,0.017548727204383052,0.017548727204383052,1.3162808172317575
2021-05-26,29056.279,29261.859,29027.949,29166.01,,0.008825438220289472,0.008825438220289472,1.3278975722647886
2021-05-27,28998.391,29157.949,28950.721,29113.199,,-0.001810703623841503,-0.001810703623841503,1.3254931433185984
2021-05-28,29219.461,29336.131,29033.721,29124.41,,0.0003850830683360673,0.0003850830683360673,1.3260035682852858
2021-05-31,29225.461,29225.461,28909.52,29151.801,,0.0009404825711489817,0.0009404825711489817,1.3272506515305396
2021-06-01,29159.061,29480.16,29036.449,29468.0,,0.010846636885316396,0.010846636885316396,1.3416468574034908
2021-06-02,29414.641,29490.609,29208.73,29297.619,,-0.005781899009094649,-0.005781899009094649,1.3338895907681148
2021-06-03,29365.32,29377.9,28902.67,28966.029,,-0.011317984577518092,-0.011317984577518092,1.3187926489516892
2021-06-04,28837.949,29023.18,28737.971,28918.1,,-0.0016546624323271475,-0.0016546624323271475,1.3166104922994397
2021-06-07,28985.6,29003.99,28615.609,28787.279,,-0.004523844927571297,-0.004523844927571297,1.3106543506022637
2021-06-08,28900.52,28979.199,28638.311,28781.381,,-0.00020488216340275311,-0.00020488216340275311,1.3103858209034391
2021-06-09,28771.141,28859.58,28687.689,28742.631,,-0.0013463565212523676,-0.0013463565212523676,1.3086215744081091
2021-06-10,28792.02,28954.4,28664.939,28738.881,,-0.00013046822331608254,-0.00013046822331608254,1.308450840876303
2021-06-11,28864.9,28965.15,28743.82,28842.131,,0.0035926938143486797,0.0035926938143486797,1.3131517041186984
2021-06-15,28946.439,28946.439,28453.48,28638.529,,-0.007059187131491895,-0.007059187131491895,1.3038819205072871
2021-06-16,28609.369,28648.641,28403.641,28436.84,,-0.007042575406020268,-0.007042575406020268,1.294699233761568
2021-06-17,28240.881,28558.59,28216.09,28558.59,,0.004281418047856311,0.004281418047856311,1.3002423824275404
2021-06-18,28586.039,28830.85,28532.08,28801.27,,0.00849761840483021,0.00849761840483021,1.3112913460271969
2021-06-21,28501.641,28590.221,28314.93,28489.0,,-0.01084223022109787,-0.01084223022109787,1.2970740233666367
2021-06-22,28575.16,28579.0,28299.66,28309.76,,-0.006291551124995687,-0.006291551124995687,1.2889134158357216
2021-06-23,28468.24,28893.789,28406.609,28817.07,,0.017919968237102735,0.017919968237102735,1.3120107033078734
2021-06-24,28865.461,28993.369,28782.34,28882.461,,0.002269175873883089,0.002269175873883089,1.314987886342096
2021-06-25,29002.67,29305.17,28971.6,29288.221,,0.014048664343388362,0.014048664343388362,1.3334617097729378
2021-06-28,29366.49,29394.689,29209.43,29268.301,,-0.0006801369055499107,-0.0006801369055499107,1.3325547732519833
2021-06-29,29291.891,29291.891,28924.609,28994.1,,-0.009368531504442279,-0.009368531504442279,1.3200706918773772
2021-06-30,29107.9,29146.279,28827.699,28827.949,,-0.005730510690105883,-0.005730510690105883,1.3125060126658785
2021-07-02,28859.02,28859.02,28231.73,28310.42,,-0.0179523350759363,-0.0179523350759363,1.2889434649373195
2021-07-05,28098.91,28338.789,28042.711,28143.5,,-0.005896062297910065,-0.005896062297910065,1.2813437739695652
2021-07-06,28136.631,28151.35,27904.529,28072.859,,-0.0025100289587293156,-0.0025100289587293156,1.2781275639908138
2021-07-07,27777.811,27969.41,27703.41,27960.619,,-0.0039981677676649285,-0.0039981677676649285,1.2730173955615018
2021-07-08,27881.5,27921.061,27110.619,27153.131,,-0.028879475093165796,-0.028879475093165796,1.2362533213932168
2021-07-09,27131.57,27450.789,26861.869,27344.539,,0.0070492054857320685,0.0070492054857320685,1.244967925088136
2021-07-12,27672.699,27741.189,27420.35,27515.24,,0.006242599299260521,0.006242599299260521,1.2527397609848931
2021-07-13,27694.029,28052.32,27612.689,27963.41,,0.016288064359969212,0.016288064359969212,1.2731444668381073
2021-07-14,27965.391,27965.391,27708.711,27787.461,,-0.006292115303534129,-0.006292115303534129,1.2651336950547056
2021-07-15,27801.4,28181.211,27741.09,27996.27,,0.007514504473798533,0.007514504473798533,1.2746405478661473
2021-07-16,27972.561,28218.529,27878.529,28004.68,,0.0003003971600501476,0.0003003971600501476,1.2750234462668113
2021-07-19,27786.539,27786.539,27397.289,27489.779,,-0.018386248298498775,-0.018386248298498775,1.2515805485973421
2021-07-20,27395.83,27532.859,27121.49,27259.25,,-0.00838598957088732,-0.00838598957088732,1.2410848071696792
2021-07-21,27339.221,27371.5,26971.029,27224.58,,-0.0012718618450616725,-0.0012718618450616725,1.2395063187569544
2021-07-22,27464.279,27759.711,27455.43,27723.84,,0.018338574920164108,0.018338574920164108,1.2622370982474955
2021-07-23,27740.949,27740.949,27222.039,27321.98,,-0.014495106017059722,-0.014495106017059722,1.2439408376897323
2021-07-26,26825.73,26878.75,26177.4,26192.32,,-0.04134619818915031,-0.04134619818915031,1.192508613279035
2021-07-27,26011.51,26323.609,24748.84,25086.43,,-0.04222191848602952,-0.04222191848602952,1.1421586118152796
2021-07-28,25356.74,25520.75,24848.43,25473.881,,0.015444644774087024,0.015444644774087024,1.159798845850431
2021-07-29,26221.359,26335.359,25857.42,26315.32,,0.03303144110628442,0.03303144110628442,1.198108673122276
2021-07-30,26042.84,26151.0,25636.891,25961.029,,-0.013463298185239614,-0.013463298185239614,1.181978178797709
2021-08-02,26054.811,26300.551,25743.09,26235.801,,0.010584018068005019,0.010584018068005019,1.1944882571980915
2021-08-03,26289.061,26289.061,25774.619,26194.82,,-0.0015620258744910576,-0.0015620258744910576,1.1926224356335724
2021-08-04,26161.83,26650.82,26009.83,26426.551,,0.00884644368619436,0.00884644368619436,1.2031729028492968
2021-08-05,26390.01,26569.369,26126.369,26204.689,,-0.00839542019690731,-0.00839542019690731,1.1930717607603443
2021-08-06,26262.971,26276.869,26002.41,26179.4,,-0.0009650562920245909,-0.0009650562920245909,1.1919203793507855
2021-08-09,25969.23,26527.24,25920.85,26283.4,,0.003972589134968674,0.003972589134968674,1.1966553892995424
2021-08-10,26456.609,26610.949,26138.869,26605.619,,0.012259410882914601,0.012259410882914601,1.2113256794022196
2021-08-11,26491.74,26822.471,26454.449,26660.16,,0.002049980494721826,0.002049980494721826,1.2138088734177497
2021-08-12,26623.77,26713.24,26385.45,26517.82031,,-0.005339041101028674,-0.005339041101028674,1.2073282979537792
2021-08-13,26296.19,26521.95,26200.24,26391.61914,,-0.004759107970590204,-0.004759107970590204,1.2015824922278682
2021-08-16,26365.19,26449.71,26046.9,26181.45898,,-0.00796314007432286,-0.00796314007432286,1.1920141225314036
2021-08-17,26137.9,26258.79,25615.38,25745.87109,,-0.016637265720475858,-0.016637265720475858,1.1721822668322888
2021-08-18,25800.03,26025.14,25708.95,25867.00977,,0.004705169212435356,0.004705169212435356,1.177697582745551
2021-08-19,25787.84,25832.92,25183.67,25316.33008,,-0.021288880891005335,-0.021288880891005335,1.152625719180856
2021-08-20,25241.32,25244.75,24581.6,24849.7207,,-0.018431161962476628,-0.018431161962476628,1.1313814878685176
2021-08-23,25169.45,25458.33,25036.99,25109.58984,,0.010457628201833158,0.010457628201833158,1.1432130548230834
2021-08-24,25428.68,25727.92,25361.75,25727.91992,,0.024625256085027303,0.024625256085027303,1.1713649690578483
2021-08-25,25930.05,25982.64,25548.47,25693.95117,,-0.0013203068924975137,-0.0013203068924975137,1.1698184078155711
2021-08-26,25673.78,25706.62,25255.83,25415.68945,,-0.010829853227280029,-0.010829853227280029,1.157149446156358
2021-08-27,25337.55,25641.33,25304.62,25407.88867,,-0.00030692773514362504,-0.00030692773514362504,1.1567942848976267
2021-08-30,25406.49,25583.59,25219.8,25539.53906,,0.0051814769700027075,0.0051814769700027075,1.1627881878438544
2021-08-31,25524.23,25878.99023,25110.72,25878.99023,,0.013291201896891147,0.013291201896891147,1.1782430404118074
2021-09-01,25871.82,26101.95,25694.11,26028.28906,,0.005769113426493888,0.005769113426493888,1.1850404581559204
2021-09-02,26203.52,26359.31,25967.98,26090.42969,,0.0023874266132803967,0.0023874266132803967,1.187869655283536
2021-09-03,26022.67,26052.81,25811.77,25901.99023,,-0.007222551036490832,-0.007222551036490832,1.1792902060735517
2021-09-06,25827.17,26176.43,25827.17,26163.63086,,0.01010117862282911,0.01010117862282911,1.1912024270932535
2021-09-07,26207.22,26458.88,26135.4,26353.63086,,0.007261989018904957,0.007261989018904957,1.1998529260380975
2021-09-08,26396.11,26560.04,26164.79,26320.92969,,-0.001240860137023292,-0.001240860137023292,1.1983640763718861
2021-09-09,26076.93,26125.09,25624.52,25716.0,,-0.022982839022963164,-0.022982839022963164,1.1708222677137292
2021-09-10,25870.71,26205.91016,25870.71,26205.91016,,0.01905079172499602,0.01905079172499602,1.193127358882931
2021-09-13,25885.3,25886.9,25570.84,25813.81055,,-0.014962258803683626,-0.014962258803683626,1.175275478553569
2021-09-14,25827.7,25900.68,25377.83,25502.23047,,-0.012070286151534493,-0.012070286151534493,1.161089567220546
2021-09-15,25310.03,25411.91,24990.94,25033.20898,,-0.01839139092369746,-0.01839139092369746,1.1397355150923663
2021-09-16,25042.03,25045.55,24505.21,24667.84961,,-0.014594987414194405,-0.014594987414194405,1.1231010895940827
2021-09-17,24589.17,24920.76,24424.74,24920.75977,,0.010252622907895192,0.010252622907895192,1.134615821553137
2021-09-20,24640.43,24640.43,23871.84,24099.13867,,-0.03296934393585704,-0.03296934393585704,1.0972082822972866
2021-09-21,23867.16,24284.87,23771.46,24221.53906,,0.005079035880745764,0.005079035880745764,1.102781042531726
2021-09-23,24614.14,24827.46,24313.68,24510.97852,,0.01194967253249346,0.01194967253249346,1.115958914865022
2021-09-24,24487.24,24636.64,24095.79,24192.16016,,-0.013007165737583981,-0.013007165737583981,1.1014434523030383
2021-09-27,24131.42,24509.0,24131.42,24208.78125,,0.0006870444759821126,0.0006870444759821126,1.1022001929425496
2021-09-28,24323.0,24679.46,24232.98,24500.39063,,0.012045603493567203,0.012045603493567203,1.1154768594372688
2021-09-29,24276.71,24694.46,24045.99,24663.5,,0.006657419159687761,0.006657419159687761,1.1229030564534748
2021-09-30,24494.26,24660.68,24346.75,24575.64063,,-0.003562323676688184,-0.003562323676688184,1.1189029123088452
2021-10-04,24478.68,24478.68,23908.05,24036.36914,,-0.021943333975257717,-0.021943333975257717,1.0943504520181637
2021-10-05,23771.65,24180.08,23681.44,24104.15039,,0.00281994545870079,0.00281994545870079,1.0974364606055595
2021-10-06,24259.2,24259.2,23812.35,23966.49023,,-0.005711056302449502,-0.005711056302449502,1.0911689391906803
2021-10-07,24339.32,24741.28,24310.11,24701.73047,,0.030677843645193548,0.030677843645193548,1.1246436492976637
2021-10-08,25064.8,25064.8,24595.58,24837.84961,,0.0055105102926014116,0.0055105102926014116,1.1308410097026274
2021-10-11,25161.8,25437.16,25161.8,25325.08984,,0.01961684435853228,0.01961684435853228,1.153024541784209
2021-10-12,24995.95,25188.78,24865.8,24962.58984,,-0.014313868274119401,-0.014313868274119401,1.1365203003762832
2021-10-15,25187.05,25330.96094,24929.56,25330.96094,,0.014756926359048128,0.014756926359048128,1.153291846754499
2021-10-18,25425.32,25425.32,25123.25,25409.75,,0.003110385752306044,0.003110385752306044,1.156879029282895
2021-10-19,25471.25,25808.62,25458.03,25787.20898,,0.014854887592361088,0.014854887592361088,1.1740643372208523
2021-10-20,26074.2,26214.63,25915.62,26136.01953,,0.013526494870791606,0.013526494870791606,1.1899453124562496
2021-10-21,26141.85,26229.8,25840.59,26017.5293,,-0.00453359892327887,-0.00453359892327887,1.1845505776689373
2021-10-22,26114.84,26195.29,25976.03,26126.92969,,0.004204872366570189,0.004204872366570189,1.1895314616597823
2021-10-25,26020.78,26212.9,25929.67,26132.03125,,0.0001952606012467495,0.0001952606012467495,1.1897637302881878
2021-10-26,26234.94,26234.94,25905.08,26038.26953,,-0.003587999689078858,-0.003587999689078858,1.1854948583938365
2021-10-27,25795.17,25795.17,25555.17,25628.73828,,-0.0157280517251025,-0.0157280517251025,1.1668493339411752
2021-10-28,25648.42,25736.38,25473.16,25555.73047,,-0.0028486696926853794,-0.0028486696926853794,1.1635253656076467
2021-10-29,25466.86,25516.22,25314.24,25377.24023,,-0.006984352891400647,-0.006984352891400647,1.155398893856147
2021-11-01,25268.35,25270.41,24972.5,25154.32031,,-0.008784245961326875,-0.008784245961326875,1.1452495857890697
2021-11-02,25609.01,25639.66,25030.69,25099.66992,,-0.0021726045198793287,-0.0021726045198793287,1.1427614113625943
2021-11-03,25060.93,25187.09,24808.59,25024.75,,-0.00298489662369239,-0.00298489662369239,1.1393503866841321
2021-11-04,25141.1,25244.98,25010.36,25225.18945,,0.008009648448036533,0.008009648448036533,1.1484761827406065
2021-11-05,24950.68,25049.37,24724.39,24870.50977,,-0.01406053582681821,-0.01406053582681821,1.132327992226935
2021-11-08,24743.54,24837.77,24633.57,24763.76953,,-0.004291839652147189,-0.004291839652147189,1.127468222050659
2021-11-09,24952.82,24956.37,24678.66,24813.12891,,0.0019932094724190996,0.0019932094724190996,1.129715502390702
2021-11-10,24787.44,25013.11,24481.26,24996.14063,,0.007375600258387571,0.007375600258387571,1.1380478323420393
2021-11-11,24856.11,25324.66,24836.21,25247.99023,,0.010075539409381218,0.010075539409381218,1.1495142781265624
2021-11-12,25522.83,25527.13,25210.56,25327.96875,,0.003167718272679254,0.003167718272679254,1.1531556155100897
2021-11-15,25437.99,25483.26,25230.33,25390.91016,,0.002485055577147177,0.002485055577147177,1.1560212713037317
2021-11-16,25446.65,25746.71,25410.87,25713.7793,,0.012715934086862113,0.012715934086862113,1.1707211615926405
2021-11-17,25667.81,25667.81,25520.67,25650.08008,,-0.0024772406753914566,-0.0024772406753914566,1.1678210035116017
2021-11-18,25369.88,25414.21,25222.6,25319.7207,,-0.012879467782152765,-0.012879467782152765,1.1527800905215528
2021-11-19,24934.4,25077.15,24825.43,25049.96875,,-0.010653828025836032,-0.010653828025836032,1.1404985696855285
2021-11-22,25057.06,25099.95,24869.94,24951.33984,,-0.003937286748112223,-0.003937286748112223,1.1360080997808648
2021-11-23,24688.99,24794.72,24618.74,24651.58008,,-0.012013774086770623,-0.012013774086770623,1.1223603551093557
2021-11-24,24672.1,24851.53,24557.63,24685.5,,0.0013759734625498066,0.0013759734625498066,1.1239046931734042
2021-11-25,24699.69,24762.61,24532.82,24740.16016,,0.0022142618136151704,0.0022142618136151704,1.126393312417641
2021-11-26,24502.68,24502.68,24062.26,24080.51953,,-0.026662746956121475,-0.026662746956121475,1.0963605725555818
2021-11-29,23910.49,24134.32,23774.31,23852.24023,,-0.009479832846446934,-0.009479832846446934,1.0859672575883201
2021-11-30,23782.86,23888.37,23175.37,23475.26172,,-0.01580474229526918,-0.01580474229526918,1.0688038249410365
2021-12-01,23595.57,23864.3,23537.65,23658.91992,,0.007823478272173334,0.007823478272173334,1.0771655884426785
2021-12-02,23524.05,23807.0,23517.52,23788.92969,,0.0054951692824360965,0.0054951692824360965,1.083084795696386
2021-12-03,23675.26,23802.77,23451.93,23766.68945,,-0.0009348987234741868,-0.0009348987234741868,1.082072221103475
2021-12-06,23420.44,23628.3,23314.97,23349.37891,,-0.01755863141469216,-0.01755863141469216,1.0630725138090418
2021-12-07,23704.51,23989.78,23512.5,23983.66016,,0.02716480178958225,0.02716480178958225,1.0919506679346174
2021-12-08,24090.02,24097.98,23907.3,23996.87109,,0.000550830436716776,0.000550830436716776,1.092552147597909
2021-12-09,24168.41,24324.84,24153.72,24254.86133,,0.010750994953984128,0.010750994953984128,1.1042981702236987
2021-12-10,24070.56,24214.68,23916.63,23995.7207,,-0.010684069740669933,-0.010684069740669933,1.0924997715585345
2021-12-13,24242.26,24385.44,23936.93,23954.58008,,-0.0017144982021732869,-0.0017144982021732869,1.0906266826643227
2021-12-14,23693.73,23817.58,23560.13,23635.95117,,-0.013301377395716796,-0.013301377395716796,1.076119845560366
2021-12-15,23658.04,23745.75,23325.92,23420.75977,,-0.00910441041497545,-0.00910441041497545,1.0663224088306844
2021-12-16,23287.93,23526.05,23155.62,23475.5,,0.0023372525288489765,0.0023372525288489765,1.0688146735772923
2021-12-17,23463.78,23463.78,23158.7,23192.63086,,-0.012049546974505332,-0.012049546974505332,1.055935940960982
2021-12-20,23079.83,23145.3,22665.25,22744.86133,,-0.01930654321637404,-0.01930654321637404,1.0355494680830963
2021-12-21,22795.57,23100.18,22730.08,22971.33008,,0.009956919354847438,0.009956919354847438,1.045860350624755
2021-12-22,23221.13,23258.71,22979.76,23102.33008,,0.005702760769349391,0.005702760769349391,1.051824642002516
2021-12-23,23141.79,23264.75,23027.15,23193.64063,,0.003952438982726347,0.003952438982726347,1.0559819147205587
2021-12-24,23375.99,23383.19,23186.57,23223.75977,,0.0012985947519184027,0.0012985947519184027,1.0573532072931355
2021-12-28,23282.35,23319.44,23099.48,23280.56055,,0.002445804665675677,0.002445804665675677,1.0599392867008002
2021-12-29,23253.98,23253.98,23008.28,23086.54102,,-0.00833397158042215,-0.00833397158042215,1.051105782808463
2021-12-30,23130.45,23248.26,22990.24,23112.00977,,0.0011031860501724555,0.0011031860501724555,1.0522653480453128
2021-12-31,23553.79,23590.12,23394.77,23397.66992,,0.012359814349455434,0.012359814349455434,1.0652711523935179
2022-01-03,23510.54,23605.03,23193.19,23274.75,,-0.0052535111581742955,-0.0052535111581742955,1.0596747385079375
2022-01-04,23400.62,23439.3,23146.89,23289.83984,,0.000648335213052853,0.000648335213052853,1.0603617629552946
2022-01-05,23323.77,23323.77,22851.5,22907.25,,-0.01642732808075853,-0.01642732808075853,1.0429428523909365
2022-01-06,22843.2,23082.95,22709.6,23072.86133,,0.007229646945835944,0.007229646945835944,1.050482960998406
2022-01-07,23318.92,23497.5,23162.85,23493.37891,,0.01822563634330132,0.01822563634330132,1.0696286814303972
2022-01-10,23523.9,23790.52,23399.09,23746.54102,,0.01077589183615646,0.01077589183615646,1.081154884406342
2022-01-11,23678.69,23863.83,23595.01,23739.05859,,-0.00031509557512809927,-0.00031509557512809927,1.0808142172862374
2022-01-12,24069.52,24402.17,24069.52,24402.16992,,0.02793334569212158,0.02793334569212158,1.1110049744466537
2022-01-13,24561.48,24561.48,24289.19,24429.76953,,0.001131030973494651,0.001131030973494651,1.1122615554844597
2022-01-14,24185.86,24383.32031,24140.81,24383.32031,,-0.0019013368072491321,-0.0019013368072491321,1.1101467716497289
2022-01-17,24390.29,24408.88,24111.74,24218.03125,,-0.006778775732696696,-0.006778775732696696,1.1026213356543382
2022-01-18,24274.75,24385.05,24009.71,24112.78125,,-0.004345935427761072,-0.004345935427761072,1.0978294145283127
2022-01-19,24229.78,24286.14,23951.6,24127.84961,,0.0006249117363845702,0.0006249117363845702,1.0985154610139998
2022-01-20,24263.15,24952.35,24233.18,24952.34961,,0.03417212944075532,0.03417212944075532,1.1360540735404412
2022-01-21,24897.59,24982.03,24723.92,24965.55078,,0.0005290551874406191,0.0005290551874406191,1.1366551088412606
2022-01-24,24693.43,24795.54,24570.87,24656.46094,,-0.012380653754597515,-0.012380653754597515,1.1225825755003027
2022-01-25,24251.52,24366.89,24001.96,24243.60938,,-0.016744153226395664,-0.016744153226395664,1.103785880846844
2022-01-26,24342.9,24487.3,24123.7,24289.90039,,0.001909410817276358,0.001909410817276358,1.1058934615476899
2022-01-27,23952.01,23952.01,23565.0,23807.0,,-0.019880706888316668,-0.019880706888316668,1.0839075177889543
2022-01-28,23818.94,23848.02,23507.03,23550.08008,,-0.010791780568740306,-0.010791780568740306,1.072210225700168
2022-01-31,23624.14,23975.7,23469.76,23802.25977,,0.010708230678763808,0.010708230678763808,1.0836917001330948
2022-02-04,24392.86,24609.33,24140.89,24573.28906,,0.03239311298382641,0.03239311298382641,1.1187958478151412
2022-02-07,24609.43,24616.5,24365.89,24579.55078,,0.0002548181476527134,0.0002548181476527134,1.119080937300683
2022-02-08,24548.05,24548.05,24149.75,24329.49023,,-0.010173519940953168,-0.010173519940953168,1.1076959450695139
2022-02-09,24727.34,24896.43,24690.45,24829.99023,,0.020571742164282814,0.020571742164282814,1.1304831804479056
2022-02-10,25050.59,25050.59,24649.74,24924.34961,,0.0038002181686722647,0.0038002181686722647,1.134779263169622
2022-02-11,24837.2,24957.81,24732.65,24906.66016,,-0.0007097256408610253,-0.0007097256408610253,1.1339738812298332
2022-02-14,24725.1,24733.11,24482.86,24556.57031,,-0.014056073666683044,-0.014056073666683044,1.1180346608191722
2022-02-15,24458.5,24570.09,24219.9,24355.71094,,-0.008179455333719998,-0.008179455333719998,1.1088897462494511
2022-02-16,24618.3,24728.93,24548.05,24718.89844,,0.014911800394359576,0.014911800394359576,1.1254252888048748
2022-02-17,24722.88,24861.82,24523.95,24792.76953,,0.002988445871862311,0.002988445871862311,1.1287885613632933
2022-02-18,24633.66,24763.37,24284.53,24327.71094,,-0.01875783136842646,-0.01875783136842646,1.107614935878632
2022-02-21,24109.59,24231.08,23998.77,24170.07031,,-0.0064798792779474645,-0.0064798792779474645,1.1004377248076869
2022-02-22,23692.54,23813.64,23336.78,23520.0,,-0.02689567310571883,-0.02689567310571883,1.0708407114880585
2022-02-23,23617.97,23745.07,23500.92,23660.2793,,0.005964255952380926,0.005964255952380926,1.0772274795756027
2022-02-24,23268.03,23376.37,22786.39,22901.56055,,-0.03206719330654728,-0.03206719330654728,1.0426838177529272
2022-02-25,22908.1,23046.86,22718.15,22767.18164,,-0.005867674812230161,-0.005867674812230161,1.0365656881783785
2022-02-28,22818.17,22818.17,22406.12,22713.02148,,-0.002378869763345892,-0.002378869763345892,1.034099833405049
2022-03-01,22739.84,22937.56,22591.73,22761.71094,,0.002143680445284346,0.002143680445284346,1.0363166129963912
2022-03-02,22568.36,22712.44,22299.14,22343.91992,,-0.01835499190290657,-0.01835499190290657,1.0172950299559949
2022-03-03,22434.26,22543.42,22378.11,22467.33984,,0.005523646720982267,0.005523646720982267,1.022914208312483
2022-03-04,21879.13,22017.94,21838.99,21905.28906,,-0.025016347462699984,-0.025016347462699984,0.9973246310528053
2022-03-07,21308.9,21327.19,20826.36,21057.63086,,-0.03869650830346072,-0.03869650830346072,0.9587316501860245
2022-03-08,21082.39,21303.52,20638.95,20765.87109,,-0.013855298914666303,-0.013855298914666303,0.9454481365937459
2022-03-09,20820.02,20957.72,20102.57,20627.71094,,-0.006653231612640198,-0.006653231612640198,0.9391578511632486
2022-03-10,21106.57,21114.44,20709.62,20890.25977,,0.012727967284575481,0.012727967284575481,0.9511114215679066
2022-03-11,20460.03,20778.86,20079.15,20553.79102,,-0.016106489517339284,-0.016106489517339284,0.9357923554266014
2022-03-14,20203.84,20203.84,19416.78,19531.66016,,-0.049729553978894225,-0.049729553978894225,0.8892558189743777
2022-03-15,18931.18,19392.69,18235.48,18415.08008,,-0.05716769956333301,-0.05716769956333301,0.8384191094803048
2022-03-16,18956.02,20120.85,18584.04,20087.5,,0.09081795532436265,0.09081795532436265,0.9145626187081791
2022-03-17,21430.71,21501.23047,20786.69,21501.23047,,0.07037861705040438,0.07037861705040438,0.978928271018857
2022-03-18,21232.88,21646.15,20922.37,21412.40039,,-0.004131395183356701,-0.004131395183356701,0.9748839314751181
2022-03-21,21823.07,21823.07,21096.31,21221.33984,,-0.008922892647254432,-0.008922892647254432,0.9661851468110323
2022-03-22,21319.19,21906.32,21266.9,21889.2793,,0.03147489579055707,0.03147489579055707,0.9965957236212937
2022-03-23,22088.79,22423.51,21983.1,22154.08008,,0.012097281795842463,0.012097281795842463,1.008651822926472
2022-03-24,22002.87,22231.67,21900.13,21945.95117,,-0.009394608543818128,-0.009394608543818128,0.9991759338930692
2022-03-25,21735.61,21944.08,21289.26,21404.88086,,-0.024654675744455234,-0.024654675744455234,0.9745415752312723
2022-03-28,21422.2,21790.97,21202.69,21684.96875,,0.01308523471034162,0.01308523471034162,0.9872936804781596
2022-03-29,21771.29,21937.27,21722.17,21927.63086,,0.011190337085452473,0.011190337085452473,0.998341829565047
2022-03-30,22101.63,22391.35,22033.78,22232.03125,,0.013882046443753238,0.013882046443753238,1.0122008572098107
2022-03-31,22262.16,22262.16,21922.58,21996.84961,,-0.010578504382050102,-0.010578504382050102,1.001493286006302
2022-04-01,21693.1,22039.55078,21558.05,22039.55078,,0.0019412402574496834,0.0019412402574496834,1.003437425090663
2022-04-04,22227.11,22523.64,22124.03,22502.31055,,0.02099678775757674,0.02099678775757674,1.0245063877333012
2022-04-06,22220.21,22244.99,22015.12,22080.51953,,-0.018744342678178705,-0.018744342678178705,1.005302688925645
2022-04-07,21910.4,22236.93,21779.19,21808.97852,,-0.01229776362965862,-0.01229776362965862,0.9929397140809771
2022-04-08,21667.53,21872.01,21568.22,21872.00977,,0.002890151409072006,0.002890151409072006,0.9958094601947519
2022-04-11,21688.03,21688.03,21132.54,21208.30078,,-0.03034513046489007,-0.03034513046489007,0.9655914922069705
2022-04-12,21279.18,21519.13,20988.2,21319.12891,,0.005225695879629955,0.005225695879629955,0.9706373796892022
2022-04-13,21192.62,21531.48,21141.06,21374.36914,,0.0025911110267777815,0.0025911110267777815,0.9731524089067176
2022-04-14,21463.35,21587.47,21358.73,21518.08008,,0.0067235172677475585,0.0067235172677475585,0.979695415932152
2022-04-19,21106.0,21191.8,20896.43,21027.75977,,-0.022786433927984517,-0.022786433927984517,0.9573716510674648
2022-04-20,20972.84,21214.98,20889.02,20944.66992,,-0.003951436144830955,-0.003951436144830955,0.9535886581214004
2022-04-21,20780.86,20920.6,20483.86,20682.2207,,-0.012530597092360263,-0.012530597092360263,0.9416396228546365
2022-04-22,20261.61,20709.49,20184.96,20638.51953,,-0.0021129824806482844,-0.0021129824806482844,0.9396499548284605
2022-04-25,20284.6,20284.6,19784.28,19869.33984,,-0.0372691310964397,-0.0372691310964397,0.904630017477195
2022-04-26,19989.04,20258.64,19858.36,19934.71094,,0.0032900489158878,0.0032900489158878,0.9076062944854755
2022-04-27,19723.46,20053.11,19665.49,19946.35938,,0.0005843295162424322,0.0005843295162424322,0.9081366356324706
2022-04-28,20118.79,20286.83,19956.67,20276.16992,,0.016534874044769055,0.016534874044769055,0.9231525605180939
2022-04-29,20271.4,21176.58,20040.07,21089.39063,,0.040107215179621125,0.040107215179621125,0.9601776389064113
2022-05-03,20927.62,21291.8,20648.53,21101.88867,,0.0005926221491776573,0.0005926221491776573,0.9607466614423724
2022-05-04,21025.7,21047.13,20772.8,20869.51953,,-0.011011769782026781,-0.011011769782026781,0.9501671403877182
2022-05-05,21163.15,21284.85,20776.97,20793.40039,,-0.00364738344313964,-0.00364738344313964,0.9467015164916526
2022-05-06,20287.06,20320.28,19973.47,20001.96094,,-0.03806205022535025,-0.03806205022535025,0.910668115822532
2022-05-10,19300.68,19758.63,19178.89,19633.68945,,-0.018411769281257206,-0.018411769281257206,0.8939011045822104
2022-05-11,19511.8,20083.49,19474.03,19824.57031,,0.009722108546440289,0.009722108546440289,0.9025917081507414
2022-05-12,19556.89,19731.27,19342.89,19380.33984,,-0.0224080755876922,-0.0224080755876922,0.8823663649296754
2022-05-13,19615.99,19925.44,19608.26,19898.76953,,0.026750288915470266,0.026750288915470266,0.9059699201208375
2022-05-16,20131.53,20173.22,19764.96,19950.20898,,0.0025850568258729556,0.0025850568258729556,0.9083119038468814
2022-05-17,20193.6,20626.42,20169.24,20602.51953,,0.03269692817022318,0.03269692817022318,0.9380109129231216
2022-05-18,20674.23,20711.93,20389.61,20644.2793,,0.002026925393235901,0.002026925393235901,0.9399121910616579
2022-05-19,20146.96,20277.94,19924.87,20120.67969,,-0.02536293964982339,-0.02536293964982339,0.9160732548836279
2022-05-20,20470.95,20794.13,20408.68,20717.24023,,0.029649124641474733,0.029649124641474733,0.9432340249983939
2022-05-23,20608.65,20642.76,20303.55,20470.06055,,-0.011931110382263577,-0.011931110382263577,0.9319801957298314
2022-05-24,20420.14,20509.62,19989.62,20112.09961,,-0.017487048420088636,-0.017487048420088636,0.9156826129205401
2022-05-25,20115.56,20370.74,20067.98,20171.26953,,0.0029420061131051334,0.0029420061131051334,0.9183765567654164
2022-05-26,20272.22,20272.22,19890.76,20116.19922,,-0.0027301360441442935,-0.0027301360441442935,0.915869263825694
2022-05-27,20646.06,20779.75,20494.15,20697.35938,,0.02889015731272937,0.02889015731272937,0.942328870935512
2022-05-30,20933.5,21169.08,20885.02,21123.92969,,0.02060989047772921,0.02060989047772921,0.961750165759495
2022-05-31,21106.41,21415.2,21029.72,21415.19922,,0.013788605353003192,0.013788605353003192,0.975011359243338
2022-06-01,21407.79,21411.95,21154.04,21294.94141,,-0.005615535431848229,-0.005615535431848229,0.9695361484090526
2022-06-02,21057.04,21115.78,20884.16,21082.12891,,-0.009993570581042555,-0.009993570581042555,0.9598470204790546
2022-06-06,21282.51,21691.92,21030.07,21653.90039,,0.027121145233524713,0.027121145233524713,0.985879170923433
2022-06-07,21577.48,21744.46,21394.59,21531.66992,,-0.00564473225601636,-0.00564473225601636,0.9803141469667868
2022-06-08,21788.89,22064.12,21734.49,22014.58984,,0.022428354223999802,0.022428354223999802,1.002300979905756
2022-06-09,22121.53,22142.82,21737.94,21869.04883,,-0.006611116130610606,-0.006611116130610606,0.9956746517297743
2022-06-10,21522.5,21935.01,21487.91,21806.17969,,-0.002874799927912508,-0.002874799927912508,0.9928122863127572
2022-06-13,21162.53,21320.15,20993.76,21067.58008,,-0.033871114541842995,-0.033871114541842995,0.9591846276445087
2022-06-14,20783.54,21175.01,20717.64,21067.99023,,1.9468301458491766e-05,1.9468301458491766e-05,0.9592033013399942
2022-06-15,21111.32,21431.07,21111.32,21308.20898,,0.011402072403562169,0.011402072403562169,0.9701402068316086
2022-06-16,21515.64,21545.84,20697.41,20845.42969,,-0.021718357016038525,-0.021718357016038525,0.9490703554640263
2022-06-17,20716.74,21145.94,20697.17,21075.0,,0.011012980466894806,0.011012980466894806,0.9595224487504604
2022-06-20,20948.8,21175.98,20839.02,21163.91016,,0.004218750177935826,0.004218750177935826,0.96357043425186
2022-06-21,21264.98,21564.87,21175.95,21559.58984,,0.018695962939203836,0.018695962939203836,0.9815853113799454
2022-06-22,21469.74,21519.58,21008.33984,21008.33984,,-0.025568668239562387,-0.025568668239562387,0.956487482204444
2022-06-23,21157.58,21443.59,21010.89,21273.87109,,0.01263932571646742,0.01263932571646742,0.9685768390357499
2022-06-24,21450.68,21762.67,21408.66,21719.05859,,0.020926492320866963,0.020926492320866963,0.9888457548200011
2022-06-27,21976.8,22414.43,21976.8,22229.51953,,0.023502903585104207,0.023502903585104207,1.0120865012560754
2022-06-28,22144.63,22449.31,21952.44,22418.96875,,0.008522416318730075,0.008522416318730075,1.0207119237703464
2022-06-29,22125.61,22289.07,21844.05,21996.88867,,-0.01882691771895173,-0.01882691771895173,1.0014950643667693
2022-06-30,21917.45,22111.91,21719.17,21859.79102,,-0.0062325928024073995,-0.0062325928024073995,0.9952531534369503
2022-07-04,21690.68,21886.35,21458.63,21830.34961,,-0.0013468294355175603,-0.0013468294355175603,0.9939127171941097
2022-07-05,22053.16,22198.51,21799.19,21853.07031,,0.0010407849808136138,0.0010407849808136138,0.9949471666224049
2022-07-06,21777.64,21833.4,21286.66,21586.66016,,-0.012190971164271147,-0.012190971164271147,0.982817794404138
2022-07-07,21352.7,21643.58008,21200.93,21643.58008,,0.0026368099362341635,0.0026368099362341635,0.9854092981299306
2022-07-08,21961.75,21961.75,21614.65,21725.7793,,0.0037978569024241793,0.0037978569024241793,0.9891517416345463
2022-07-11,21470.77,21470.77,21001.63,21124.19922,,-0.027689689363640024,-0.027689689363640024,0.9617624371751823
2022-07-12,20905.07,21084.09,20779.59,20844.73828,,-0.013229421721009382,-0.013229421721009382,0.949038876298366
2022-07-13,20911.53,21040.34,20751.48,20797.95117,,-0.0022445525279102263,-0.0022445525279102263,0.9469087086894854
2022-07-14,20818.27,20888.8,20554.15,20751.20898,,-0.0022474420493603375,-0.0022474420493603375,0.9447805862406712
2022-07-15,20522.11,20656.96,20215.97,20297.7207,,-0.021853583588169245,-0.021853583588169245,0.9241337447267811
2022-07-18,20479.58,20866.33,20294.14,20846.17969,,0.027020718143983435,0.027020718143983435,0.9491045021703874
2022-07-19,20719.2,20758.71,20549.44,20661.05859,,-0.008880336961155755,-0.008880336961155755,0.9406761343797645
2022-07-20,20968.42,21111.78,20884.92,20890.2207,,0.01109149896660755,0.01109149896660755,0.9511096427521499
2022-07-21,20811.6,20827.61,20527.35,20574.63086,,-0.015107061075711914,-0.015107061075711914,0.9367411712893947
2022-07-22,20717.47,20788.46,20513.8,20609.13867,,0.0016772019014488215,0.0016772019014488215,0.9383122753630467
2022-07-25,20516.34,20595.09,20353.68,20562.94141,,-0.0022415910116247995,-0.0022415910116247995,0.9362089630004957
2022-07-26,20676.68,20952.45,20631.82,20905.88086,,0.016677548370255257,0.016677548370255257,0.951822633265603
2022-07-27,20684.48,20770.1,20572.42,20670.03906,,-0.011281122358792639,-0.011281122358792639,0.9410850056758655
2022-07-28,20705.46,20772.63,20533.42,20622.67969,,-0.0022912085392062798,-0.0022912085392062798,0.9389287836747421
2022-07-29,20647.45,20647.45,20050.05,20156.50977,,-0.022604720967762892,-0.022604720967762892,0.9177045605111736
2022-08-01,20026.6,20251.43,19883.92,20165.83984,,0.0004628812282712058,0.0004628812282712058,0.9181293487253331
2022-08-02,19943.16,19943.16,19515.54,19689.20898,,-0.02363555714920329,-0.02363555714920329,0.8964288500331746
2022-08-03,19865.69,19921.91,19685.48,19767.08984,,0.003955509846998551,0.003955509846998551,0.8999746831766144
2022-08-04,20011.25,20216.58,19995.46,20174.03906,,0.020587209513082128,0.020587209513082128,0.9185026505356412
2022-08-05,20283.59,20283.59,20096.54,20201.93945,,0.0013829848310009663,0.0013829848310009663,0.9197729257685662
2022-08-08,20065.35,20171.89,19954.04,20045.76953,,-0.007730441940315802,-0.007730441940315802,0.9126626745676379
2022-08-09,20039.3,20250.87,19856.23,20003.43945,,-0.002111671489420708,-0.002111671489420708,0.910735430818295
2022-08-10,19956.51,19956.51,19469.11,19610.83984,,-0.019626605263626362,-0.019626605263626362,0.8928607860180255
2022-08-11,19840.57,20082.43,19789.96,20082.42969,,0.02404740714051945,0.02404740714051945,0.9143317728592053
2022-08-12,20158.29,20208.02,20011.38,20175.61914,,0.004640347380197696,0.004640347380197696,0.9185745899060241
2022-08-15,20038.48,20260.66,19984.04,20040.86133,,-0.006679240377452933,-0.006679240377452933,0.9124392094154216
2022-08-16,20107.14,20173.4,19662.61,19830.51953,,-0.0104956466958398,-0.0104956466958398,0.9028625698419659
2022-08-17,19995.77,20069.85,19800.58,19922.44922,,0.004635768107886573,0.004635768107886573,0.9070480313490439
2022-08-18,19991.94,19991.94,19675.46,19763.91016,,-0.007957809717534237,-0.007957809717534237,0.8998299157109041
2022-08-19,19656.8,19898.18,19656.8,19773.03125,,0.0004615023002108032,0.0004615023002108032,0.9002451892868033
2022-08-22,19572.42,19825.93,19564.19,19656.97852,,-0.005869243240082311,-0.005869243240082311,0.894961431295165
2022-08-23,19644.23,19701.55,19377.09,19503.25,,-0.0078205569509876,-0.0078205569509876,0.8879623344527838
2022-08-24,19542.24,19542.24,19189.54,19268.73828,,-0.012024238011613342,-0.012024238011613342,0.8772852639979757
2022-08-25,19418.46,19990.31,19418.46,19968.38086,,0.03630972458254811,0.03630972458254811,0.9091392503140701
2022-08-26,20138.69,20185.15,20050.97,20170.03906,,0.010098875888528092,0.010098875888528092,0.9183205347683813
2022-08-29,19960.29,20073.94,19889.67,20023.21875,,-0.0072791286899966945,-0.0072791286899966945,0.9116359614171357
2022-08-30,20062.73,20062.73,19645.57,19949.03125,,-0.003705073641069867,-0.003705073641069867,0.9082582830462377
2022-08-31,19589.85,20173.02,19564.84,19954.39063,,0.00026865364702866046,0.00026865364702866046,0.9085022899464221
2022-09-01,19761.72,19839.51,19532.86,19597.31055,,-0.017894812556348283,-0.017894812556348283,0.8922448117608176
2022-09-02,19572.47,19630.8,19342.49,19452.08984,,-0.007410236707199536,-0.007410236707199536,0.8856330665048994
2022-09-05,19299.09,19299.09,19064.79,19225.69922,,-0.011638370060088166,-0.011638370060088166,0.8753257411394646
2022-09-06,19261.7,19358.02,19107.6,19202.73047,,-0.0011946899687323986,-0.0011946899687323986,0.8742799982571521
2022-09-07,18915.87,19068.9,18818.78,19044.30078,,-0.008250373052285931,-0.008250373052285931,0.8670668621193787
2022-09-08,19043.84,19075.74,18803.76,18854.62109,,-0.009959918832998071,-0.009959918832998071,0.8584309465498874
2022-09-09,18893.65,19417.56,18893.65,19362.25,,0.026923315381248036,0.026923315381248036,0.8815427536568733
2022-09-13,19404.64,19492.06,19296.25,19326.86133,,-0.0018277147542253847,-0.0018277147542253847,0.8799315449595341
2022-09-14,18933.3,18989.22,18797.79,18847.10156,,-0.02482347039223054,-0.02482347039223054,0.8580885903060415
2022-09-15,18833.9,19013.03,18833.9,18930.38086,,0.004418679431151817,0.004418679431151817,0.8618802087101328
2022-09-16,18732.44,18905.28,18678.22,18761.68945,,-0.00891114717910646,-0.00891114717910646,0.8541998673195579
2022-09-19,18695.35,18697.09,18494.54,18565.96875,,-0.010431933676420702,-0.010431933676420702,0.8452889109572729
2022-09-20,18700.68,18861.47,18685.46,18781.41992,,0.011604628495348601,0.011604628495348601,0.8550981747401698
2022-09-21,18638.85,18638.85,18434.65,18444.62109,,-0.01793255416441375,-0.01793255416441375,0.8397640804057503
2022-09-22,18080.93,18195.09,17965.33,18147.95117,,-0.01608435969231392,-0.01608435969231392,0.826257012879819
2022-09-23,18055.59,18165.95,17926.29,17933.26953,,-0.011829524886251885,-0.011829524886251885,0.816482784983517
2022-09-26,17781.87,18077.64,17727.4,17855.13867,,-0.004356754905696314,-0.004356754905696314,0.8129255696046235
2022-09-27,17838.65,17904.21,17648.42,17860.31055,,0.00028965778959122446,0.00028965778959122446,0.8131610398282174
2022-09-28,17703.39,17703.39,17184.54,17250.88086,,-0.034122009709399936,-0.034122009709399936,0.7854143509318933
2022-09-29,17570.17,17629.67,17046.83,17165.87109,,-0.004927850971199632,-0.004927850971199632,0.7815439460598594
2022-09-30,17165.93,17344.81,17016.28,17222.83008,,0.0033181531948693888,0.0033181531948693888,0.7841372286014088
2022-10-03,17050.25,17252.11,16906.96,17079.50977,,-0.008321530743453653,-0.008321530743453653,0.7776120065465155
2022-10-05,17811.97,18164.2,17682.85,18087.96875,,0.05904496051586605,0.05904496051586605,0.823526076769718
2022-10-06,18100.48,18143.85,17958.14,18012.15039,,-0.004191645897221097,-0.004191645897221097,0.8200741470687716
2022-10-07,17851.62,17881.87,17717.73,17740.04883,,-0.01510655608067013,-0.01510655608067013,0.8076856509757695
2022-10-10,17449.36,17449.36,17174.61,17216.66016,,-0.02950322600662203,-0.02950322600662203,0.7838563186727258
2022-10-11,17194.73,17206.51,16789.97,16832.35938,,-0.022321447738909095,-0.022321447738909095,0.7663595108206588
2022-10-12,16758.27,17040.7,16438.6,16701.03125,,-0.007802122509102616,-0.007802122509102616,0.7603802800312202
2022-10-13,16700.65,16736.59,16389.11,16389.11133,,-0.018676686207625637,-0.018676686207625637,0.7461788961426105
2022-10-14,16671.68,17028.68,16535.37,16587.68945,,0.012116466597948294,0.012116466597948294,0.7552199478138164
2022-10-17,16479.74,16754.52,16308.95,16612.89844,,0.0015197408943534718,0.0015197408943534718,0.7563676864527404
2022-10-18,16860.2,16914.58008,16558.41,16914.58008,,0.018159482590564657,0.018159482590564657,0.7701029322869447
2022-10-19,16805.91,16923.12,16508.37,16511.2793,,-0.023843381159480814,-0.023843381159480814,0.7517410745403933
2022-10-20,16230.79,16452.97,16010.72,16280.2207,,-0.013993985311604451,-0.013993985311604451,0.7412212209851452
2022-10-21,16331.11,16359.04,16137.18,16211.12012,,-0.004244449831076302,-0.004244449831076302,0.7380751446989446
2022-10-24,15894.75,15993.88,15082.84,15180.68945,,-0.06356319997461102,-0.06356319997461102,0.6911607266801557
2022-10-25,15242.1,15435.37,14947.39,15165.59082,,-0.000994594484639899,-0.000994594484639899,0.6904733020334
2022-10-26,15096.32,15584.06,15041.4,15317.66992,,0.010027904735464999,0.010027904735464999,0.6973973025285728
2022-10-27,15721.27,15833.28,15410.97,15427.93945,,0.007198844901078694,0.007198844901078694,0.7024177575439067
2022-10-28,15424.94,15441.99,14770.09,14863.05957,,-0.03661408458535276,-0.03661408458535276,0.6766993743549402
2022-10-31,14830.69,15113.15,14597.31,14687.02051,,-0.011844066100314965,-0.011844066100314965,0.6686845022350385
2022-11-01,14859.92,15632.85,14859.92,15455.27051,,0.05230809063532793,0.05230809063532793,0.7036621117843881
2022-11-02,15389.55,15867.24,15276.76,15827.16992,,0.02406295054877039,0.02406295054877039,0.7205942983832991
2022-11-03,15477.74,15623.18,15301.67,15339.48926,,-0.030812878263456467,-0.030812878263456467,0.6983907139898737
2022-11-04,15442.76,16513.16,15442.76,16161.13965,,0.05356439031790816,0.05356439031790816,0.7357995867884298
2022-11-07,16031.79,16821.89,15980.85,16595.91016,,0.026902218495463703,0.026902218495463703,0.755594228041084
2022-11-08,16640.6,16719.01,16429.81,16557.31055,,-0.0023258507444222642,-0.0023258507444222642,0.7538368286433135
2022-11-09,16552.8,16730.2,16213.03,16358.51953,,-0.012006238537332958,-0.012006238537332958,0.7447860838603954
2022-11-10,16138.22,16138.22,15945.2,16081.04004,,-0.016962384003706976,-0.016962384003706976,0.7321527363053382
2022-11-11,17120.05,17368.04,16829.0,17325.66016,,0.07739674280420483,0.07739674280420483,0.7888189733305573
2022-11-14,17999.26,18011.64,17518.88,17619.71094,,0.016971981285820226,0.016971981285820226,0.8022067941838235
2022-11-15,17665.8,18356.78,17552.3,18343.11914,,0.04105675754065463,0.04105675754065463,0.8351428040300944
2022-11-16,18169.21,18414.09,18031.87,18256.48047,,-0.004723224514803004,-0.004723224514803004,0.8311982370647382
2022-11-17,18071.6,18220.81,17711.84,18045.66016,,-0.011547697287351166,-0.011547697287351166,0.8215998114373346
2022-11-18,18316.36,18378.06,17910.19,17992.54102,,-0.0029435963843397195,-0.0029435963843397195,0.8191813532030134
2022-11-21,17654.15,17746.34,17389.45,17655.91016,,-0.018709467419071646,-0.018709467419071646,0.8038549063649506
2022-11-22,17625.19,17751.93,17287.6,17424.41016,,-0.013111756794303986,-0.013111756794303986,0.7933149563347854
2022-11-23,17460.9,17640.84,17375.96,17523.81055,,0.005704663118421438,0.005704663118421438,0.7978405509074805
2022-11-24,17684.53,17759.24,17517.12,17660.89844,,0.007822949786455036,0.007822949786455036,0.8040820174748274
2022-11-25,17673.2,17673.2,17412.04,17573.58008,,-0.004944162965245025,-0.004944162965245025,0.800106504943009
2022-11-28,17000.23,17364.21,16833.68,17297.93945,,-0.01568494460122538,-0.01568494460122538,0.7875568787378978
2022-11-29,17558.6,18204.68,17536.45,18204.67969,,0.05241897409925311,0.05241897409925311,0.8288398023661483
2022-11-30,18141.56,18645.35,18052.32,18597.23047,,0.021563179725465398,0.021563179725465398,0.8467122239881887
2022-12-01,19058.9,19237.45,18679.35,18736.43945,,0.007485468345653334,0.007485468345653334,0.8530502615387299
2022-12-02,18785.28,18841.22,18530.82,18675.34961,,-0.003260482876857429,-0.003260482876857429,0.8502689057678842
2022-12-05,19221.68,19539.6,19035.14,19518.28906,,0.04513647495780382,0.04513647495780382,0.8886470469404756
2022-12-06,19211.7,19569.67,19202.87,19441.18164,,-0.003950521470553525,-0.003950521470553525,0.8851364277017932
2022-12-07,19380.8,19737.31,18799.81,18814.81836,,-0.03221837497321989,-0.03221837497321989,0.8566187703716406
2022-12-08,18965.05,19521.6,18965.05,19450.23047,,0.03377189712077544,0.03377189712077544,0.8855484113563568
2022-12-09,19484.23,19926.48,19404.5,19900.87109,,0.023168909010876204,0.023168909010876204,0.9060656019237981
2022-12-12,19594.52,19718.08,19366.22,19463.63086,,-0.021970909113606996,-0.021970909113606996,0.8861585169329648
2022-12-13,19458.02,19707.75,19382.3,19596.19922,,0.0068110806741839,0.0068110806741839,0.8921942140819105
2022-12-14,19775.33,19859.75,19528.71,19673.44922,,0.003942090970434631,0.003942090970434631,0.8957113248371168
2022-12-15,19612.67,19675.68,19233.86,19368.58984,,-0.01549598022140819,-0.01549598022140819,0.8818313998633495
2022-12-16,19343.7,19621.13,19130.53,19450.66992,,0.0042377932868653545,0.0042377932868653545,0.8855684190498374
2022-12-19,19472.21,19786.29,19255.95,19352.81055,,-0.005031156788043556,-0.005031156788043556,0.8811129854870579
2022-12-20,19156.94,19283.14,18885.2,19094.80078,,-0.013331901809992996,-0.013331901809992996,0.8693660736810346
2022-12-21,19190.91,19255.74,19063.3,19160.49023,,0.003440174671463625,0.003440174671463625,0.8723568448279418
2022-12-22,19537.45,19735.0,19475.68,19679.21875,,0.027072820881577142,0.027072820881577142,0.8959740054327865
2022-12-23,19382.23,19686.77,19380.47,19593.05859,,-0.0043782307160948886,-0.0043782307160948886,0.8920512245213782
2022-12-28,19787.94,20099.77,19787.94,19898.91016,,0.01561020034697913,0.01561020034697913,0.9059763228559249
2022-12-29,19648.4,19764.52,19539.84,19741.13867,,-0.0079286497969695,-0.0079286497969695,0.898793153867654
2022-12-30,20030.85,20073.92,19781.41,19781.41016,,0.0020399780718423077,0.0020399780718423077,0.9006266721926661
2023-01-03,19570.43,20212.55,19303.73,20145.28906,,0.018394992928047138,0.018394992928047138,0.9171936934584608
2023-01-04,20319.98,20793.11133,20233.39,20793.11133,,0.03215750680323071,0.03215750680323071,0.9466883558957316
2023-01-05,21295.87,21396.09,20962.4,21052.16992,,0.012458866106595412,0.012458866106595412,0.9584830193665095
2023-01-06,21220.89,21282.71,20862.77,20991.64063,,-0.0028752043247805004,-0.0028752043247805004,0.9557271848439981
2023-01-09,21295.94,21470.69,21216.92,21388.33984,,0.018897961192850365,0.018897961192850365,0.973788480094132
2023-01-10,21370.42,21395.42,21187.73,21331.45898,,-0.0026594331502823865,-0.0026594331502823865,0.9711987547288067
2023-01-11,21463.82,21686.3,21327.41,21436.04883,,0.00490308000489148,0.00490308000489148,0.9759606199238929
2023-01-12,21599.82,21698.94,21223.84,21514.09961,,0.0036410991885205135,0.0036410991885205135,0.9795141893451259
2023-01-13,21605.07,21770.08,21474.98,21738.66016,,0.010437831657877927,0.010437831657877927,0.9897381935600131
2023-01-16,21818.65,21947.55,21572.51,21746.7207,,0.0003707928612286526,0.0003707928612286526,0.9901051814166705
2023-01-17,21678.05,21797.62,21417.25,21577.64063,,-0.007774968572617946,-0.007774968572617946,0.9824071447475696
2023-01-18,21514.8,21691.67,21422.19,21678.0,,0.004651081724869721,0.004651081724869721,0.9869764006648865
2023-01-19,21452.26,21754.08,21383.03,21650.97852,,-0.0012464932189315547,-0.0012464932189315547,0.9857461412742121
2023-01-20,21812.46,22051.77,21754.35,22044.65039,,0.01818263639383999,0.01818263639383999,1.003669604937632
2023-01-26,22386.37,22566.78125,22329.07,22566.78125,,0.023685150399883614,0.023685150399883614,1.0274416704823714
2023-01-27,22614.92,22700.85,22483.78,22688.89844,,0.005411369421591816,0.005411369421591816,1.033001536920489
2023-01-30,22579.88,22623.81,21992.51,22069.73047,,-0.02728946809107413,-0.02728946809107413,1.0048114744406667
2023-01-31,22190.27,22284.32,21631.55,21842.33008,,-0.010303723025032463,-0.010303723025032463,0.9944581753156556
2023-02-01,21920.8,22072.18,21703.6,22072.17969,,0.010523126843983821,0.010523126843983821,1.0049229848355388
2023-02-02,22276.23,22311.96,21930.53,21958.35938,,-0.005156731759100697,-0.005156731759100697,0.9997408665641871
2023-02-03,21811.08,21820.78,21459.65,21660.4707,,-0.013566071801854207,-0.013566071801854207,0.9861783101851295
2023-02-06,21349.17,21349.17,21085.72,21222.16016,,-0.02023550393113116,-0.02023550393113116,0.966222495112582
2023-02-07,21288.39,21512.21,21259.21,21298.70117,,0.0036066549975561912,0.0036066549975561912,0.9697073263033309
2023-02-08,21283.9,21443.48,21178.87,21283.51953,,-0.0007127965165022454,-0.0007127965165022454,0.9690161222991152
2023-02-09,21154.25,21637.55,21151.27,21624.35938,,0.016014261622452564,0.016014261622452564,0.9845341999979877
2023-02-10,21559.44,21579.99,21157.52,21190.41992,,-0.02006715909472645,-0.02006715909472645,0.9647773955724288
2023-02-13,20910.08,21230.15,20799.91,21164.41992,,-0.0012269695503042133,-0.0012269695503042133,0.9635936430852396
2023-02-14,21235.92,21237.88,21074.94,21113.75977,,-0.0023936469882704925,-0.0023936469882704925,0.9612871400635521
2023-02-15,21116.84,21117.58,20726.83,20812.16992,,-0.014284042884134762,-0.014284042884134762,0.947556073330917
2023-02-16,20947.07,21306.54,20887.7,20987.66992,,0.008432566170399669,0.008432566170399669,0.955546402619444
2023-02-17,20958.63,21056.68,20703.74,20719.81055,,-0.012762701672983101,-0.012762701672983101,0.9433510489481197
2023-02-20,20681.47,20973.67,20606.85,20886.96094,,0.008067177525423963,0.008067177525423963,0.9509612293287791
2023-02-21,20859.5,20941.3,20503.05,20529.49023,,-0.01711453911494709,-0.01711453911494709,0.9346859661726337
2023-02-22,20512.49,20620.98,20344.86,20423.83984,,-0.005146274399235207,-0.005146274399235207,0.929875815713595
2023-02-23,20339.15,20601.22,20323.24,20351.34961,,-0.003549294871477926,-0.003549294871477926,0.9265754122497712
2023-02-24,20223.67,20233.64,20006.78,20010.03906,,-0.016770904954248933,-0.016770904954248933,0.9110359040779863
2023-02-27,19821.03,20086.53,19804.56,19943.50977,,-0.0033247956088696684,-0.0033247956088696684,0.9080068959045853
2023-02-28,20020.17,20185.05,19783.07,19785.93945,,-0.007900831990817592,-0.007900831990817592,0.9008328859735393
2023-03-01,19849.97,20674.07,19849.97,20619.71094,,0.04213959575217441,0.04213959575217441,0.9387936196287289
2023-03-02,20390.02,20548.57,20321.25,20429.45898,,-0.009226703543691928,-0.009226703543691928,0.9301316492117051
2023-03-03,20703.14,20727.25,20498.16,20567.53906,,0.006758871105454922,0.006758871105454922,0.9364182891398313
2023-03-06,20437.87,20702.75,20410.0,20603.18945,,0.001733332796694853,0.001733332796694853,0.9380414136718223
2023-03-07,20606.83,21005.66,20358.78,20534.48047,,-0.0033348710483270816,-0.0033348710483270816,0.9349131665192363
2023-03-08,20256.89,20269.93,19969.47,20051.25,,-0.023532636762151227,-0.023532636762151227,0.9129121945673865
2023-03-09,20082.42,20157.24,19907.58,19925.74023,,-0.006259448662801592,-0.006259448662801592,0.9071978675518464
2023-03-10,19580.78,19637.72,19281.97,19319.91992,,-0.030403904849059638,-0.030403904849059638,0.8796155099075303
2023-03-13,19411.88,19791.64,19390.38,19695.96875,,0.01946430583341674,0.01946430583341674,0.8967366152081873
2023-03-14,19524.51,19639.52,19122.82,19247.96094,,-0.02274616779131511,-0.02274616779131511,0.8763392936940458
2023-03-15,19523.49,19745.44,19431.09,19539.87109,,0.015165770073513052,0.015165770073513052,0.8896296539285945
2023-03-16,19197.97,19388.77,19109.07,19203.91016,,-0.01719361035968847,-0.01719361035968847,0.8743337082945218
2023-03-17,19439.84,19597.18,19303.29,19518.58984,,0.01638622954274438,0.01638622954274438,0.8886607411355948
2023-03-20,19352.9,19382.97,18829.11,19000.71094,,-0.026532598115192485,-0.026532598115192485,0.8650822628302949
2023-03-21,19118.87,19295.64,19018.1,19258.75977,,0.01358100919564853,0.01358100919564853,0.8768309529967856
2023-03-22,19428.36,19775.69,19428.36,19591.42969,,0.01727369383973576,0.01727369383973576,0.8919770624280557
2023-03-23,19619.74,20051.26,19523.5,20049.64063,,0.023388335984172004,0.023388335984172004,0.9128389216542978
2023-03-24,19919.65,20118.29,19834.45,19915.67969,,-0.006681463397381626,-0.006681463397381626,0.9067398218115593
2023-03-27,19851.79,19938.77,19509.49,19567.68945,,-0.017473179194317456,-0.017473179194317456,0.8908961944224224
2023-03-28,19688.31,19875.11,19559.47,19784.65039,,0.01108771378217055,0.01108771378217055,0.9007741964358031
2023-03-29,20348.64,20437.69,20107.73,20192.40039,,0.0206094114357509,0.0206094114357509,0.9193386224608566
2023-03-30,20216.79,20320.02,20017.17,20309.12891,,0.005780814452243543,0.005780814452243543,0.924653148456084
2023-03-31,20583.88,20721.97,20357.41,20400.11133,,0.004479878009696403,0.004479878009696403,0.928795481762449
2023-04-03,20379.5,20475.43,20226.95,20409.18164,,0.00044462061276395737,0.00044462061276395737,0.9292084433786827
2023-04-04,20364.36,20364.36,20126.9,20274.58984,,-0.006594669123636598,-0.006594669123636598,0.923080621147711
2023-04-06,20146.22,20343.86,20099.48,20331.19922,,0.002792134412914926,0.002792134412914926,0.9256579863159122
2023-04-11,20566.59,20750.73,20293.37,20485.24023,,0.007576582587832226,0.007576582587832226,0.9326713104973213
2023-04-12,20481.53,20494.81,20236.92,20309.85938,,-0.008561327474361669,-0.008561327474361669,0.9246864059822116
2023-04-13,19977.96,20344.48047,19885.53,20344.48047,,0.001704644495672314,0.001704644495672314,0.9262626675743924
2023-04-14,20422.72,20482.68,20297.16,20438.81055,,0.004636642362978893,0.004636642362978893,0.9305574162981136
2023-04-17,20374.51,20864.74,20299.15,20782.44922,,0.016813046393250097,0.016813046393250097,0.9462029213099168
2023-04-18,20643.41,20742.39,20559.08,20650.50977,,-0.006348599657494902,-0.006348599657494902,0.9401958577677679
2023-04-19,20633.0,20633.0,20336.71,20367.75977,,-0.013692155939451167,-0.013692155939451167,0.9273225494695856
2023-04-20,20354.83,20472.5,20308.33,20396.96875,,0.0014340791687370569,0.0014340791687370569,0.9286524034204802
2023-04-21,20330.15,20378.9,19974.91,20075.73047,,-0.015749314711285267,-0.015749314711285267,0.9140267644616196
2023-04-24,20049.87,20146.37,19734.68,19959.93945,,-0.005767711425147315,-0.005767711425147315,0.9087549218493438
2023-04-25,19903.53,19910.28,19527.63,19617.88086,,-0.01713725589483195,-0.01713725589483195,0.8931813562079236
2023-04-26,19520.97,19903.73,19520.97,19757.26953,,0.0071051848563423725,0.0071051848563423725,0.8995275748540195
2023-04-27,19736.35,19880.29,19662.6,19840.2793,,0.004201479859043955,0.004201479859043955,0.9033069218424232
2023-04-28,19936.02,20167.88,19879.07,19894.57031,,0.002736403514238983,0.002736403514238983,0.9057787340777892
2023-05-02,20122.9,20286.46,19761.13,19933.81055,,0.0019724095262452224,0.0019724095262452224,0.9075653006815545
2023-05-03,19686.15,19721.96,19538.72,19699.16016,,-0.011771476879015474,-0.011771476879015474,0.8968819167283849
2023-05-04,19695.73,19979.77,19695.73,19948.73047,,0.012669083756512656,0.012669083756512656,0.9082445888511186
2023-05-05,20061.0,20208.75,19968.41,20049.31055,,0.00504192886616317,0.00504192886616317,0.9128238934611834
2023-05-08,20128.18,20321.74,20081.7,20297.03125,,0.012355571997462178,0.012355571997462178,0.9241023547978467
2023-05-09,20252.13,20297.83,19817.78,19867.58008,,-0.021158324323908184,-0.021158324323908184,0.9045498974665466
2023-05-10,19860.5,19880.03,19696.59,19762.19922,,-0.005304161834288279,-0.005304161834288279,0.8997520184231952
2023-05-11,19842.98,19854.49,19567.62,19743.79102,,-0.0009314853977065995,-0.0009314853977065995,0.898913912556477
2023-05-12,19850.84,19853.37,19596.49,19627.24023,,-0.0059031616512724705,-0.0059031616512724705,0.8936074784200784
2023-05-15,19525.06,20063.35,19498.04,19971.12891,,0.017520990010321036,0.017520990010321036,0.9092643661226246
2023-05-16,20183.28,20183.28,19891.49,19978.25,,0.0003565692271123577,0.0003565692271123577,0.9095885818148938
2023-05-17,19956.13,19987.93,19538.09,19560.57031,,-0.02090672055860754,-0.02090672055860754,0.8905720675115897
2023-05-18,19702.73,19894.23,19630.76,19727.25,,0.008521208091503807,0.008521208091503807,0.8981608174193367
2023-05-19,19535.49,19610.72,19352.81,19450.57031,,-0.014025253900062151,-0.014025253900062151,0.8855638839119432
2023-05-22,19479.06,19806.44,19410.07,19678.16992,,0.011701436326676085,0.011701436326676085,0.8959262533127428
2023-05-23,19713.46,19769.14,19363.5,19431.25,,-0.012547910756123826,-0.012547910756123826,0.8846842506421061
2023-05-24,19279.39,19304.2,19046.8,19115.92969,,-0.016227484593116737,-0.016227484593116737,0.8703280505950383
2023-05-25,18930.23,18930.23,18620.84,18746.91992,,-0.01930378359745899,-0.01930378359745899,0.8535274262475534
2023-05-29,18827.08,18879.09,18517.86,18551.11133,,-0.010444840583711201,-0.010444840583711201,0.8446124683465723
2023-05-30,18574.19,18666.71,18369.93,18595.7793,,0.0024078325662229005,0.0024078325662229005,0.846646153753695
2023-05-31,18415.0,18415.0,18044.86,18234.26953,,-0.01944042054747319,-0.01944042054747319,0.8301869964698225
2023-06-01,18190.27,18465.64,18190.27,18216.91016,,-0.0009520189427627557,-0.0009520189427627557,0.829396642723148
2023-06-02,18566.81,19024.91,18548.3,18949.93945,,0.04023894741543832,0.04023894741543832,0.8627706906162257
2023-06-05,19014.96,19123.8,18896.13,19108.5,,0.008367338081388898,0.008367338081388898,0.869989784671325
2023-06-06,19117.11,19377.38,19033.85,19099.2793,,-0.0004825444174059168,-0.0004825444174059168,0.8695699759575316
2023-06-07,19327.15,19410.48,19196.09,19252.0,,0.007996149886137394,0.007996149886137394,0.876523187821773
2023-06-08,19227.84,19339.82,19087.66,19299.18164,,0.002450739663411472,0.002450739663411472,0.8786713179640677
2023-06-09,19333.43,19463.61,19231.13,19389.95117,,0.00470328388494301,0.00470328388494301,0.8828039586140098
2023-06-12,19440.99,19440.99,19255.65,19404.31055,,0.0007405578216315156,0.0007405578216315156,0.8834577259905287
2023-06-13,19355.65,19572.42,19273.42,19521.41992,,0.00603522447748106,0.00603522447748106,0.8887895916832464
2023-06-14,19547.58,19641.16,19352.34,19408.41992,,-0.005788513359329395,-0.005788513359329395,0.883644821258155
2023-06-15,19626.8,19832.2,19510.76,19828.91992,,0.021665854393776884,0.021665854393776884,0.9027897412913493
2023-06-16,19915.44,20155.92,19876.42,20040.36914,,0.01066367814551139,0.01066367814551139,0.9124168005255496
2023-06-19,19983.4,20000.22,19718.43,19912.88867,,-0.0063611837241835945,-0.0063611837241835945,0.9066127496243749
2023-06-20,19863.86,19863.86,19504.63,19607.08008,,-0.015357319325584373,-0.015357319325584373,0.8926896081237473
2023-06-21,19305.24,19377.69,19174.16,19218.34961,,-0.019826025518022927,-0.019826025518022927,0.874991121173412
2023-06-23,19135.02,19138.42,18800.34,18889.96875,,-0.017086839747630145,-0.017086839747630145,0.8600402881053226
2023-06-26,18845.9,19001.62,18767.15,18794.12891,,-0.005073583830042083,-0.005073583830042083,0.8556768016064068
2023-06-27,18851.66,19226.32,18842.42,19148.12891,,0.018835669463331373,0.018835669463331373,0.8717940470089056
2023-06-28,19099.39,19222.13,19019.26,19172.04883,,0.001249204040375318,0.001249204040375318,0.8728830956548043
2023-06-29,19180.28,19180.28,18837.32,18934.35938,,-0.012397707313788309,-0.012397707313788309,0.8620613465157225
2023-06-30,18881.43,19070.11,18838.62,18916.42969,,-0.0009469393519032643,-0.0009469393519032643,0.8612450267029521
2023-07-03,19002.55,19371.71,19002.55,19306.58984,,0.02062546455086367,0.02062546455086367,0.8790086054708214
2023-07-04,19289.06,19449.11,19253.22,19415.67969,,0.005650394549429061,0.005650394549429061,0.8839753509040751
2023-07-05,19355.06,19378.9,19095.6,19110.38086,,-0.015724344183389194,-0.015724344183389194,0.8700754182368271
2023-07-06,18840.41,18973.01,18483.08,18533.04883,,-0.030210388491441198,-0.030210388491441198,0.8437901018350394
2023-07-07,18435.46,18537.75,18279.73,18365.69922,,-0.009029793831282995,-0.009029793831282995,0.8361708511785917
2023-07-10,18747.5,18781.21,18417.63,18479.7207,,0.006208393082896446,0.006208393082896446,0.8413621285071685
2023-07-11,18671.42,18806.55,18573.67,18659.83008,,0.009746325873853712,0.009746325873853712,0.8495623179895184
2023-07-12,18797.01,18932.18,18739.6,18860.95117,,0.010778291610252566,0.010778291610252566,0.8587191483938915
2023-07-13,19181.31,19368.92,19163.21,19350.62109,,0.025962101040739816,0.025962101040739816,0.8810133016901117
2023-07-14,19534.82,19534.82,19364.6,19413.7793,,0.0032638854177469145,0.0032638854177469145,0.8838888281583392
2023-07-18,19324.34,19324.34,18979.92,19015.7207,,-0.02050392115047872,-0.02050392115047872,0.8657656413199916
2023-07-19,18826.59,19004.42,18711.03,18952.31055,,-0.0033346172359379755,-0.0033346172359379755,0.862878644290163
2023-07-20,19003.28,19215.74,18888.76,18928.01953,,-0.0012816917460228838,-0.0012816917460228838,0.8617726998539569
2023-07-21,18918.7,19169.75,18886.43,19075.26172,,0.007779059492548868,0.007779059492548868,0.8684764809551753
2023-07-24,18867.61,18946.56,18562.12,18668.15039,,-0.021342371914779723,-0.021342371914779723,0.8499411328993909
2023-07-25,19172.28,19465.27,19111.82,19434.40039,,0.041045844606568904,0.041045844606568904,0.8848276845651105
2023-07-26,19340.77,19404.5,19245.66,19365.13867,,-0.003563872237377419,-0.003563872237377419,0.881674271745226
2023-07-27,19502.09,19685.79,19482.47,19639.11133,,0.01414772518125229,0.01414772518125229,0.894147957041258
2023-07-28,19418.48,19940.59,19381.9,19916.56055,,0.01412738159777005,0.01412738159777005,0.9067799264352463
2023-07-31,20237.53,20361.03,20019.79,20078.94141,,0.008153057330975821,0.008153057330975821,0.9141729551620509
2023-08-01,20211.2,20331.28,19891.81,20011.11914,,-0.0033777811596293894,-0.0033777811596293894,0.9110850789774618
2023-08-02,19902.77,19981.0,19475.15,19517.37891,,-0.024673294209371255,-0.024673294209371255,0.8886056087740827
2023-08-03,19404.14,19650.16,19369.06,19420.87109,,-0.004944712117596506,-0.004944712117596506,0.8842117098526133
2023-08-04,19671.13,19857.39,19461.61,19539.45898,,0.006106208596434293,0.006106208596434293,0.8896108909963831
2023-08-07,19474.66,19581.82,19352.35,19537.91992,,-7.876676634566149e-05,-7.876676634566149e-05,0.8895408192231934
2023-08-08,19308.55,19370.8,19112.61,19184.16992,,-0.01810581686527868,-0.01810581686527868,0.8734349560561483
2023-08-09,19059.58,19270.48,19056.1,19246.03125,,0.0032246029021827383,0.0032246029021827383,0.8762514369503149
2023-08-10,19125.0,19315.17,19030.39,19248.25977,,0.0001157911452522864,0.0001157911452522864,0.8763528991077284
2023-08-11,19319.91,19346.29,19049.92,19075.18945,,-0.008991478817723775,-0.008991478817723775,0.8684731905785504
2023-08-14,18697.33,18792.72,18554.51,18773.55078,,-0.01581314150460511,-0.01581314150460511,0.8547399011229759
2023-08-15,18599.2,18745.82,18513.78,18581.11133,,-0.010250562200785795,-0.010250562200785795,0.8459783366010214
2023-08-16,18356.65,18440.96,18261.85,18329.29883,,-0.013552068847111354,-0.013552068847111354,0.8345135799402397
2023-08-17,18023.11,18399.2,17900.77,18326.63086,,-0.00014555766833979078,-0.00014555766833979078,0.8343921100893457
2023-08-18,18208.98,18336.41,17936.43,17950.84961,,-0.02050465537668389,-0.02050465537668389,0.8172831874229395
2023-08-21,17798.47,17867.66,17587.38,17623.28906,,-0.018247634909576926,-0.018247634909576926,0.8023697022011104
2023-08-22,17641.86,17965.26,17573.7,17791.00977,,0.009516992510818056,0.009516992510818056,0.8100058486478656
2023-08-23,17762.76,18000.53,17730.79,17845.91992,,0.0030863987322737874,0.0030863987322737874,0.8125058496722668
2023-08-24,17992.73,18272.95,17945.01,18212.16992,,0.02052289832308074,0.02052289832308074,0.8291808246119989
2023-08-25,18037.6,18137.65,17956.38,17956.38086,,-0.014044952420474655,-0.014044952420474655,0.8175350193823535
2023-08-28,18519.08,18564.43,18113.23,18130.73828,,0.00971005356588317,0.00971005356588317,0.8254733282125416
2023-08-29,18261.69,18583.8,18239.92,18484.03125,,0.01948585681090087,0.01948585681090087,0.8415583832873089
2023-08-30,18659.96,18742.14,18427.22,18482.86133,,-6.329355237377765e-05,-6.329355237377765e-05,0.8415051180677007
2023-08-31,18580.47,18667.18,18312.76,18382.06055,,-0.0054537432381418505,-0.0054537432381418505,0.8369157652201772
2023-09-04,18592.53,18899.49,18575.45,18844.16016,,0.025138618640879296,0.025138618640879296,0.8579546714765869
2023-09-05,18717.42,18725.5,18431.72,18456.91016,,-0.020550133129414005,-0.020550133129414005,0.8403235887587404
2023-09-06,18405.09,18492.59,18256.1,18449.98047,,-0.00037545233410840595,-0.00037545233410840595,0.8400080873059346
2023-09-07,18437.48,18437.48,18173.44,18202.07031,,-0.01343687926407866,-0.01343687926407866,0.8287210000559551
2023-09-11,17941.65,18164.61,17842.37,18096.44922,,-0.005802696517547945,-0.005802696517547945,0.8239121835949115
2023-09-12,18015.56,18145.58,17892.01,18025.88867,,-0.0038991378442361224,-0.0038991378442361224,0.8206996364195294
2023-09-13,18131.1,18200.52,17954.97,18009.21875,,-0.0009247765979906175,-0.0009247765979906175,0.8199406726017892
2023-09-14,18101.96,18173.54,17928.63,18047.91992,,0.0021489644019121457,0.0021489644019121457,0.8217026959188904
2023-09-15,18154.01,18372.65,18030.79,18182.88867,,0.00747835487958004,0.00747835487958004,0.8278476802844794
2023-09-18,18069.04,18114.82,17894.81,17930.55078,,-0.013877766870801556,-0.013877766870801556,0.8163590031729576
2023-09-19,17942.07,18004.74,17832.3,17997.16992,,0.0037153984178950328,0.0037153984178950328,0.8193921021217807
2023-09-20,17939.25,17995.38,17833.2,17885.59961,,-0.006199325254800936,-0.006199325254800936,0.8143124239695128
2023-09-21,17795.8,17823.82,17623.87,17655.41016,,-0.012870099690216685,-0.012870099690216685,0.8038321418940432
2023-09-22,17578.26,18078.69,17573.81,18057.44922,,0.02277143699050721,0.02277143699050721,0.8221365548641277
2023-09-25,18046.89,18046.89,17722.49,17729.28906,,-0.018173118251748277,-0.018173118251748277,0.807195770033497
2023-09-26,17661.85,17718.18,17379.44,17466.89844,,-0.014799838792858955,-0.014799838792858955,0.7952494027627236
2023-09-27,17472.11,17655.31,17472.11,17611.87109,,0.008299850743278325,0.008299850743278325,0.8018498541093353
2023-09-28,17587.08,17627.73,17352.83,17373.03125,,-0.013561298443503511,-0.013561298443503511,0.790975728930879
2023-09-29,17484.95,17935.15,17482.39,17809.66016,,0.025132569193991428,0.025132569193991428,0.810854981169002
2023-10-03,17546.39,17546.39,17212.87,17331.21875,,-0.026864151572895567,-0.026864151572895567,0.7890720500512406
2023-10-04,17266.82,17266.82,17094.0,17195.83984,,-0.007811274668724555,-0.007811274668724555,0.7829083915348768
2023-10-05,17249.97,17336.43,17197.61,17213.87109,,0.0010485821086829716,0.0010485821086829716,0.7837293352669779
2023-10-06,17370.03,17603.8,17370.03,17485.98047,,0.015807564642335015,0.015807564642335015,0.7961181873963049
2023-10-09,17500.37,17633.19,17447.76,17517.40039,,0.0017968634960965346,0.0017968634960965346,0.7975487031058159
2023-10-10,17726.63,17916.62,17638.01,17664.73047,,0.008410499087758705,0.008410499087758705,0.8042564857457306
2023-10-11,17956.83,18022.45,17889.71,17893.10156,,0.012928082338298008,0.012928082338298008,0.8146539798145616
2023-10-12,18258.26,18290.91,18175.35,18238.20898,,0.019287177175112413,0.019287177175112413,0.8303663554596554
2023-10-13,17946.77,18013.67,17776.95,17813.44922,,-0.023289554389128497,-0.023289554389128497,0.8110274930612754
2023-10-16,17803.31,17858.18,17601.5,17640.35938,,-0.009716806546688384,-0.009716806546688384,0.8031468958071534
2023-10-17,17806.23,17815.71,17671.99,17773.33984,,0.007538421249556171,0.007538421249556171,0.8092013554330211
2023-10-18,17728.25,17831.18,17625.89,17732.51953,,-0.0022967157758458923,-0.0022967157758458923,0.807342849914162
2023-10-19,17540.46,17540.46,17292.36,17295.88867,,-0.024623170963455343,-0.024623170963455343,0.7874635088946024
2023-10-20,17127.26,17309.74,17118.07,17172.12891,,-0.0071554438376251195,-0.0071554438376251195,0.7818288579825279
2023-10-24,17053.15,17139.53,16879.66,16991.5293,,-0.010517019231950364,-0.010517019231950364,0.7736063488470318
2023-10-25,17465.43,17465.82,17001.43,17085.33008,,0.005520443648353801,0.005520443648353801,0.7778769991018506
2023-10-26,17085.12,17174.08,16917.22,17044.60938,,-0.0023833721566588473,-0.0023833721566588473,0.7760230287208859
2023-10-27,17160.23,17497.72,17078.24,17398.73047,,0.02077613409055412,0.02077613409055412,0.7921457872229489
2023-10-30,17225.65,17406.36,17225.65,17406.35938,,0.00043847509524663764,0.00043847509524663764,0.7924931234224507
2023-10-31,17337.7,17337.7,17042.1,17112.48047,,-0.016883421948513333,-0.016883421948513333,0.7791131276284142
2023-11-01,17139.4,17188.85,16979.26,17101.7793,,-0.0006253430073308586,-0.0006253430073308586,0.7786259146821322
2023-11-02,17282.39,17459.43,17176.01,17230.58984,,0.007531996392913465,0.007531996392913465,0.7844905222629469
2023-11-03,17405.91,17729.43,17352.6,17664.11914,,0.025160444536470816,0.025160444536470816,0.8042286525377308
2023-11-06,17913.54,18037.94,17899.35,17966.58984,,0.01712345221421563,0.01712345221421563,0.8179998234387637
2023-11-07,17850.59,17890.63,17658.91,17670.16016,,-0.016498939567265225,-0.016498939567265225,0.8045036937858139
2023-11-08,17650.51,17753.59,17537.2,17568.46094,,-0.005755421517356418,-0.005755421517356418,0.7998734359158063
2023-11-09,17553.26,17617.27,17457.0,17511.28906,,-0.003254233833871689,-0.003254233833871689,0.7972704607178339
2023-11-10,17350.87,17350.87,17177.53,17203.26172,,-0.017590215028978617,-0.017590215028978617,0.7832463018775543
2023-11-13,17263.0,17456.08,17126.61,17426.20898,,0.012959592409200527,0.012959592409200527,0.793396854705901
2023-11-14,17495.1,17565.22,17358.89,17396.86133,,-0.0016841098390179,-0.0016841098390179,0.7920606872566449
2023-11-15,17836.65,18102.28,17766.22,18079.0,,0.03921044474980584,0.03921044474980584,0.8231177390728149
2023-11-16,18174.69,18174.69,17722.86,17832.81836,,-0.013616994302782182,-0.013616994302782182,0.8119093495093415
2023-11-17,17584.32,17631.04,17413.46,17454.18945,,-0.021232140784279263,-0.021232140784279263,0.7946707758964866
2023-11-20,17625.84,17788.9,17532.73,17778.07031,,0.01855605274182448,0.01855605274182448,0.8094167287264085
2023-11-21,17932.54,18057.62,17689.01,17733.88867,,-0.0024851763565783003,-0.0024851763565783003,0.8074051854095586
2023-11-22,17736.4,17796.86,17650.49,17734.59961,,4.008934606680725e-05,4.008934606680725e-05,0.8074375537554526
2023-11-23,17680.05,17927.36,17577.31,17910.83984,,0.00993764922105278,0.00993764922105278,0.8154615849325791
2023-11-24,17771.75,17771.75,17545.61,17559.41992,,-0.019620516019309142,-0.019620516019309142,0.7994618078422783
2023-11-27,17677.52,17677.52,17358.24,17525.05859,,-0.001956860201336341,-0.001956860201336341,0.7978973728480234
2023-11-28,17541.48,17541.48,17303.82,17354.14063,,-0.009752775382875223,-0.009752775382875223,0.7901156589920504
2023-11-29,17359.08,17359.08,16881.98,16993.43945,,-0.02078473303232653,-0.02078473303232653,0.7736933159552398
2023-11-30,16985.18,17068.26,16863.05,17042.88086,,0.002909441031373916,0.002909441031373916,0.7759443310343799
2023-12-01,17019.17,17038.98,16830.3,16830.30078,,-0.012473248023397776,-0.012473248023397776,0.7662657849410385
2023-12-04,16919.08,16941.91,16617.03,16646.04883,,-0.010947632630484816,-0.010947632630484816,0.7578769886301939
2023-12-05,16606.54,16606.54,16228.52,16327.85938,,-0.01911501361371415,-0.01911501361371415,0.7433901596750071
2023-12-06,16311.96,16600.36,16234.84,16463.26172,,0.008292718405319643,0.008292718405319643,0.7495548849344776
2023-12-07,16376.44,16376.44,16157.98,16345.88965,,-0.0071293326921610944,-0.0071293326921610944,0.7442110587887453
2023-12-08,16373.44,16464.14,16249.15,16334.36914,,-0.0007047955324963606,-0.0007047955324963606,0.7436865421592765
2023-12-11,16149.06,16276.88,15972.31,16201.48926,,-0.00813498696283288,-0.00813498696283288,0.7376366618343766
2023-12-12,16236.06,16420.97,16157.68,16374.49902,,0.010678633132025883,0.010678633132025883,0.7455136131308382
2023-12-13,16311.71,16326.95,16145.25,16228.75,,-0.008900975829671531,-0.008900975829671531,0.7388778144796695
2023-12-14,16419.74,16577.75,16319.22,16402.18945,,0.01068717245628914,0.01068717245628914,0.7467743291071397
2023-12-15,16610.7,16964.33,16610.7,16792.18945,,0.023777313461039284,0.023777313461039284,0.7645306164149774
2023-12-18,16669.82,16713.41,16572.88,16629.23047,,-0.009704451017851223,-0.009704451017851223,0.7571112664963308
2023-12-19,16551.44,16579.55,16408.02,16505.0,,-0.0074706084700741915,-0.0074706084700741915,0.7514551846560545
2023-12-20,16647.95,16741.05,16549.49,16613.81055,,0.0065925810360496495,0.0065925810360496495,0.7564092138558592
2023-12-21,16455.14,16649.57,16444.73,16621.12891,,0.00044049858266870245,0.00044049858266870245,0.7567424110424803
2023-12-22,16743.06,16857.84,16271.5,16340.40918,,-0.01688932993180181,-0.01688932993180181,0.7439615387889966
2023-12-27,16561.78,16673.57,16439.26,16624.83984,,0.017406581246945274,0.017406581246945274,0.7569113657585298
2023-12-28,16678.23,17086.1,16644.43,17043.5293,,0.02518457104125682,0.02518457104125682,0.7759738538214103
2023-12-29,17066.52,17095.12,16950.9,17047.39063,,0.00022655694909401447,0.00022655694909401447,0.7761496560903087
2024-01-02,17135.12,17135.12,16725.28,16788.55078,,-0.015183546597711817,-0.015183546597711817,0.7643649516202635
2024-01-03,16624.92,16657.51,16564.8,16646.41016,,-0.008466521134708804,-0.008466521134708804,0.7578934396027399
2024-01-04,16673.4,16673.4,16516.33,16645.98047,,-2.5812772596056632e-05,-2.5812772596056632e-05,0.7578738762717314
2024-01-05,16573.12,16745.73,16455.57,16535.33008,,-0.00664727380879826,-0.00664727380879826,0.7528360811036179
2024-01-08,16581.86,16592.06,16144.56,16224.44922,,-0.018801007206745712,-0.018801007206745712,0.7386820045172906
2024-01-09,16256.1,16414.79,16190.01953,16190.01953,,-0.0021220868291516037,-0.0021220868291516037,0.7371144571645731
2024-01-10,16143.97,16247.3,16036.42,16097.28027,,-0.005728174683678144,-0.005728174683678144,0.7328921367920699
2024-01-11,16154.17,16459.92,16106.83,16302.04004,,0.012720146917091668,0.012720146917091668,0.7422146324464463
2024-01-12,16216.97,16393.74,16185.91,16244.5791,,-0.003524769897448876,-0.003524769897448876,0.739598496652553
2024-01-15,16258.28,16334.71,16104.5,16216.33008,,-0.001738981344244328,-0.001738981344244328,0.738312348664643
2024-01-16,16030.25,16197.04,15834.41,15865.91992,,-0.021608474807266576,-0.021608474807266576,0.7223585448786292
2024-01-17,15764.38,15764.38,15194.94,15276.89941,,-0.03712488862732144,-0.03712488862732144,0.6955410643510161
2024-01-18,15301.19,15463.69,15183.96,15391.79004,,0.007520546343637857,0.007520546343637857,0.7007719131593712
2024-01-19,15404.69,15540.75,15207.99,15308.68945,,-0.005399020502751095,-0.005399020502751095,0.6969884312324717
2024-01-22,15349.05,15362.91,14794.16,14961.18066,,-0.022700100562821235,-0.022700100562821235,0.6811667237523715
2024-01-23,15038.33,15516.8,14994.37,15353.98047,,0.026254599748947838,0.026254599748947838,0.6990504834467922
2024-01-24,15602.45,15975.11,15412.1,15899.87012,,0.035553624095498115,0.035553624095498115,0.7239042615590358
2024-01-25,15989.94,16254.93,15828.93,16211.95996,,0.01962845215996012,0.01962845215996012,0.7381133817254386
2024-01-26,16158.72,16240.96,15888.04,15952.23047,,-0.016020856863749655,-0.016020856863749655,0.7262881728875972
2024-01-29,16046.25,16258.45,16012.59,16077.24023,,0.007836506639939511,0.007836506639939511,0.7319797349769402
2024-01-30,15896.66,15896.66,15654.97,15703.44922,,-0.023249699864688722,-0.023249699864688722,0.714961425831692
2024-01-31,15652.05,15744.04,15411.66,15485.07031,,-0.013906429532810738,-0.013906429532810738,0.7050188651446857
2024-02-01,15522.86,15805.06,15434.82,15566.20996,,0.0052398631956873665,0.0052398631956873665,0.7087130675484227
2024-02-02,15756.12,15912.61,15435.85,15533.55957,,-0.0020975169989291276,-0.0020975169989291276,0.7072265298418766
2024-02-05,15336.86,15669.77,15336.86,15510.00977,,-0.0015160594642763536,-0.0015160594642763536,0.7061543323679225
2024-02-06,15541.23,16154.05,15541.23,16136.87012,,0.040416502587412584,0.040416502587412584,0.7346946207691832
2024-02-07,16282.39,16408.15,16035.43,16081.88965,,-0.0034071334522212116,-0.0034071334522212116,0.7321914181495937
2024-02-08,15988.62,16093.52,15821.86,15878.07031,,-0.012673842715989592,-0.012673842715989592,0.7229117392779684
2024-02-09,15709.3,15754.01,15531.03,15746.5791,,-0.00828130921659831,-0.00828130921659831,0.7169250836286986
2024-02-14,15579.41,15911.05,15456.32,15879.37891,,0.00843356573873244,0.00843356573873244,0.7229713184512274
2024-02-15,15824.21,16029.02,15751.36,15944.63086,,0.004109225579276732,0.004109225579276732,0.7259421706860907
2024-02-16,16007.54,16394.16,15937.28,16339.95996,,0.02479386970266928,0.02479386970266928,0.7439410862777546
2024-02-19,16334.47,16334.47,16137.98,16155.60938,,-0.011282192884883968,-0.011282192884883968,0.7355477994473788
2024-02-20,16222.09,16274.56,16055.08,16247.51074,,0.005688510896640686,0.005688510896640686,0.7397319711195353
2024-02-21,16182.93,16756.01,16138.81,16503.10156,,0.015731075614602075,0.015731075614602075,0.7513687506917553
2024-02-22,16489.84,16742.95117,16424.79,16742.95117,,0.014533608069245973,0.014533608069245973,0.7622888496297883
2024-02-23,16654.68,16895.82,16654.68,16725.85938,,-0.0010208349666946948,-0.0010208349666946948,0.7615106785173646
2024-02-26,16684.96,16777.41,16590.71,16634.73828,,-0.005447917379298173,-0.005447917379298173,0.7573620312573487
2024-02-27,16645.63,16828.67,16453.5,16790.80078,,0.009381722595998676,0.009381722595998676,0.7644673917393473
2024-02-28,16833.61,16844.33,16517.84,16536.84961,,-0.015124422791227943,-0.015124422791227943,0.7529052636965741
2024-02-29,16429.57,16695.36,16429.57,16511.43945,,-0.001536578042327541,-0.001536578042327541,0.751748366000425
2024-03-01,16390.89,16651.67,16321.12,16589.43945,,0.004723997579750616,0.004723997579750616,0.7552996234619926
2024-03-04,16629.55,16645.96,16473.65,16595.96875,,0.00039358171321435265,0.00039358171321435265,0.755596895581785
2024-03-05,16343.95,16450.37,16095.68,16162.63965,,-0.02611050349200017,-0.02611050349200017,0.7358678802011523
2024-03-06,16167.45,16545.05,16145.22,16438.08984,,0.017042401239206084,0.017042401239206084,0.7484088358745844
2024-03-07,16417.77,16512.41,16136.12,16229.7793,,-0.012672429827771281,-0.012672429827771281,0.7389246774194796
2024-03-08,16275.39,16489.73,16275.39,16353.39063,,0.007616328461102384,0.007616328461102384,0.7445525704707205
2024-03-11,16416.17,16625.64,16416.17,16587.57031,,0.01431994656633484,0.01431994656633484,0.7552145234956884
2024-03-12,16701.95,17154.87,16613.45,17093.5,,0.030500530249146562,0.030500530249146562,0.7782489669141636
2024-03-13,17059.11,17214.67,17050.87,17082.11133,,-0.0006662573492848267,-0.0006662573492848267,0.7777304528203837
2024-03-14,17120.54,17209.82,16878.11,16961.66016,,-0.007051304588353902,-0.007051304588353902,0.7722464385099087
2024-03-15,16758.36,16821.13,16550.42,16720.88867,,-0.014195042686198867,-0.014195042686198867,0.7612843673509956
2024-03-18,16690.26,16801.64,16641.58,16737.11914,,0.0009706702987095639,0.0009706702987095639,0.762023323475255
2024-03-19,16628.07,16682.54,16492.09,16529.48047,,-0.012405878709661922,-0.012405878709661922,0.7525697545502876
2024-03-20,16559.01,16654.08,16430.12,16543.07031,,0.0008221577214519993,0.0008221577214519993,0.7531884855849224
2024-03-21,16762.83,16973.52,16762.83,16863.10156,,0.019345335781263406,0.019345335781263406,0.767759169745144
2024-03-22,16745.27,16747.2,16341.61,16499.4707,,-0.021563699815610793,-0.021563699815610793,0.7512034414780772
2024-03-25,16531.95,16612.64,16441.3,16473.64063,,-0.0015655090075101796,-0.0015655090075101796,0.7500274257239706
2024-03-26,16548.5,16728.9,16452.55,16618.32031,,0.008782495821629377,0.008782495821629377,0.7566145384564987
2024-03-27,16530.44,16612.0,16354.81,16392.83984,,-0.013568186543156058,-0.013568186543156058,0.7463486512574571
2024-03-28,16378.4,16725.61,16345.9,16541.41992,,0.00906371815074114,0.00906371815074114,0.7531133450746405
2024-04-02,16811.74,17007.34,16811.74,16931.51953,,0.023583199742625238,0.023583199742625238,0.7708741675203723
2024-04-03,16926.85,16926.85,16689.19,16725.10156,,-0.012191343466501192,-0.012191343466501192,0.7614761757746783
2024-04-05,16787.93,16839.55,16480.36,16723.91992,,-7.065069206069197e-05,-7.065069206069197e-05,0.7614223769558721
2024-04-08,16650.83,16895.06,16580.53,16732.84961,,0.0005339471871854684,0.0005339471871854684,0.7618289362923079
2024-04-09,16819.18,17006.85,16805.99,16828.07031,,0.005690644583519866,0.005690644583519866,0.7661642340021884
2024-04-10,16926.02,17190.5,16918.36,17139.16992,,0.018486944983533427,0.018486944983533427,0.7803282700445378
2024-04-11,16856.19,17141.36,16856.19,17095.03125,,-0.0025753096682059606,-0.0025753096682059606,0.7783186831063177
2024-04-12,16978.7,17031.31,16721.68945,16721.68945,,-0.021839199621234928,-0.021839199621234928,0.7613208260170222
2024-04-15,16487.36,16647.09,16465.4,16600.46094,,-0.007249776427345478,-0.007249776427345478,0.7558014202389168
2024-04-16,16367.69,16449.24,16208.64,16248.96973,,-0.02117358134032632,-0.02117358134032632,0.7397983973903539
2024-04-17,16225.54,16316.69,16155.83,16251.83984,,0.000176633352618083,0.000176633352618083,0.7399290704615465
2024-04-18,16253.24,16507.6,16206.55,16385.87109,,0.008247143173913951,0.008247143173913951,0.746031371444184
2024-04-19,16246.34,16254.9,16044.45,16224.14063,,-0.009870116706746312,-0.009870116706746312,0.7386679547411359
2024-04-22,16410.83,16637.82,16410.83,16511.68945,,0.017723516243954185,0.017723516243954185,0.7517597482358788
2024-04-23,16679.39,16846.13,16599.21,16828.92969,,0.019213069683792883,0.019213069683792883,0.7662033606642054
2024-04-24,16993.17,17217.86,16934.65,17201.26953,,0.022124986369231214,0.022124986369231214,0.7831555995749601
2024-04-25,17144.12,17438.83,17109.57,17284.54102,,0.004841008383408507,0.004841008383408507,0.7869468623980158
2024-04-26,17336.2,17758.24,17336.2,17651.15039,,0.021210246171755154,0.021210246171755154,0.8036381990735679
2024-04-29,17737.93,18031.16,17679.19,17746.91016,,0.005425129121003458,0.005425129121003458,0.8079980400701128
2024-04-30,17843.44,17902.02,17686.94,17763.03125,,0.0009083885507199518,0.0009083885507199518,0.8087320162387166
2024-05-02,17760.68,18217.82,17740.62,18207.12891,,0.025001231701374138,0.025001231701374138,0.8289513127610203
2024-05-03,18543.3,18604.17,18362.22,18475.91992,,0.014762954188365818,0.014762954188365818,0.841189083015697
2024-05-06,18488.55,18590.17,18389.54,18578.30078,,0.005541313257651392,0.005541313257651392,0.8458503752336034
2024-05-07,18577.55,18638.81,18411.02,18479.36914,,-0.005325117790455081,-0.005325117790455081,0.8413461223523838
2024-05-08,18510.54,18606.56,18298.36,18313.85938,,-0.008956461594878729,-0.008956461594878729,0.8338106381195346
2024-05-09,18306.25,18560.76,18278.11,18537.81055,,0.012228507675698719,0.012228507675698719,0.8440068979078585
2024-05-10,18669.43,18993.28,18657.51,18963.67969,,0.022973000983657288,0.022973000983657288,0.8633962692037094
2024-05-13,18904.58,19123.48,18827.6,19115.05859,,0.007982569969256836,0.007982569969256836,0.8702883903338232
2024-05-14,19203.82,19301.13,19072.64,19073.71094,,-0.002163093029787011,-0.002163093029787011,0.8684058755827876
2024-05-16,19262.79,19442.9,19114.38,19376.5293,,0.01587621627236402,0.01587621627236402,0.8821928750757316
2024-05-17,19525.12,19602.24,19342.96,19553.60938,,0.009138895684481785,0.009138895684481785,0.8902551437346418
2024-05-20,19621.43,19706.12,19574.56,19636.2207,,0.004224862959802067,0.004224862959802067,0.8940163497161795
2024-05-21,19473.67,19487.36,19175.8,19220.62109,,-0.02116494901689514,-0.02116494901689514,0.8750945392541659
2024-05-22,19225.26,19359.68,19149.41,19195.59961,,-0.0013018039262538972,-0.0013018039262538972,0.8739553377471215
2024-05-23,19024.41,19024.41,18776.21,18868.71094,,-0.017029354468807822,-0.017029354468807822,0.859072442510719
2024-05-24,18742.28,18867.91,18532.41,18608.94141,,-0.013767211275112268,-0.013767211275112268,0.8472454106940472
2024-05-27,18606.02,18871.13,18504.53,18827.34961,,0.011736734249839342,0.011736734249839342,0.8571893049237593
2024-05-28,18814.01,19000.52,18776.1,18821.16016,,-0.0003287478125287846,-0.0003287478125287846,0.8569075058148427
2024-05-29,18659.41,18694.55,18425.09,18477.00977,,-0.018285290974326407,-0.018285290974326407,0.841238702732934
2024-05-30,18423.78,18537.92,18163.21,18230.18945,,-0.013358239405206418,-0.013358239405206418,0.8300012347449022
2024-05-31,18409.62,18551.18,18077.39,18079.60938,,-0.0082599289718297,-0.0082599289718297,0.8231454834993782
2024-06-03,18283.56,18573.81,18283.56,18403.03906,,0.01788919623218077,0.01788919623218077,0.837870894581332
2024-06-04,18335.45,18541.03,18335.45,18444.11133,,0.002231819965500925,0.002231819965500925,0.8397408715723707
2024-06-05,18489.78,18724.62,18375.27,18424.96094,,-0.0010382929086342196,-0.0010382929086342196,0.8388689745803268
2024-06-06,18577.58,18700.68,18383.8,18476.80078,,0.00281356580178449,0.00281356580178449,0.8412291876393841
2024-06-07,18562.48,18575.69,18302.33,18366.95117,,-0.005945272198794593,-0.005945272198794593,0.836227851137297
2024-06-11,18163.12,18267.69,17994.1,18176.33984,,-0.010377951584655931,-0.010377951584655931,0.8275495189844533
2024-06-12,18032.4,18063.72,17848.76,17937.83984,,-0.01312145360944128,-0.01312145360944128,0.8166908663615834
2024-06-13,18104.13,18173.53,17971.57,18112.63086,,0.009744262495321676,0.009744262495321676,0.8246489165409424
2024-06-14,18028.07,18109.89,17927.16,17941.7793,,-0.009432730193674521,-0.009432730193674521,0.8168702258067057
2024-06-17,17848.87,18122.8,17752.96,17936.11914,,-0.00031547372784812566,-0.00031547372784812566,0.8166125247114022
2024-06-18,17961.89,18043.48,17854.79,17915.55078,,-0.001146756432617968,-0.001146756432617968,0.8156760690457331
2024-06-19,18056.22,18448.66,18039.01,18430.39063,,0.028737037243350638,0.028737037243350638,0.8391161826204101
2024-06-20,18453.63,18520.37,18274.2,18335.32031,,-0.005158345360583572,-0.005158345360583572,0.8347877315527996
2024-06-21,18199.14,18240.13,17968.37,18028.51953,,-0.01673277449277344,-0.01673277449277344,0.8208194166913928
2024-06-24,17906.36,18032.67,17789.57,18027.71094,,-4.4850604546620154e-05,-4.4850604546620154e-05,0.8207826024443305
2024-06-25,18088.02,18231.46,17959.07,18072.89844,,0.002506557829243805,0.002506557829243805,0.8228399415025944
2024-06-26,17934.63,18156.35,17934.63,18089.92969,,0.0009423640627728158,0.0009423640627728158,0.8236153562928806
2024-06-27,17946.0,17961.92,17677.33,17716.4707,,-0.020644579409639485,-0.020644579409639485,0.8066121636668938
2024-06-28,17583.19,17865.47,17583.19,17718.60938,,0.00012071704552307772,0.00012071704552307772,0.8067095355041746
2024-07-02,17669.42,17986.14,17669.42,17769.13867,,0.0028517638668097423,0.0028517638668097423,0.8090100806085362
2024-07-03,17841.77,18017.76,17808.27,17978.57031,,0.0117862572795151,0.0117862572795151,0.8185452815603096
2024-07-04,18079.72,18133.3,17942.08,18028.2793,,0.0027649022777049836,0.0027649022777049836,0.8208084792737004
2024-07-05,18035.77,18105.01,17799.60938,17799.60938,,-0.01268395703188363,-0.01268395703188363,0.8103973797911871
2024-07-08,17667.97,17735.58,17453.56,17524.06055,,-0.015480611069454975,-0.015480611069454975,0.7978519331429342
2024-07-09,17481.0,17617.64,17376.48,17523.23047,,-4.736801711180405e-05,-4.736801711180405e-05,0.7978141404789125
2024-07-10,17613.5,17765.88,17455.08,17471.66992,,-0.0029424112231059008,-0.0029424112231059008,0.7954666431980149
2024-07-11,17629.13,17864.09,17621.05,17832.33008,,0.020642569465392002,0.020642569465392002,0.811887118637632
2024-07-12,18020.17,18317.31,18020.17,18293.37891,,0.02585465993123881,0.02585465993123881,0.8328781839925613
2024-07-15,18201.48,18243.39,17946.49,18015.93945,,-0.015166113453668029,-0.015166113453668029,0.8202466589610451
2024-07-16,17845.06,17899.55,17727.98,17727.98047,,-0.015983567262710996,-0.015983567262710996,0.8071361913155273
2024-07-17,17741.77,17807.68,17658.68,17739.41016,,0.0006447260035817859,0.0006447260035817859,0.8076565730065005
2024-07-18,17653.23,17864.12,17623.74,17778.41016,,0.0021984947440889524,0.0021984947440889524,0.8094322017372843
2024-07-19,17603.8,17629.97,17376.23,17417.67969,,-0.020290367178703805,-0.020290367178703805,0.7930085251577681
2024-07-22,17465.13,17693.35,17313.88,17635.88086,,0.012527568188389404,0.012527568188389404,0.8029429935306561
2024-07-23,17679.55,17707.68,17451.86,17469.35938,,-0.009442198057579732,-0.009442198057579732,0.7953614467567938
2024-07-24,17454.43,17516.95,17251.26,17311.04883,,-0.0090621840535976,-0.0090621840535976,0.788153734937148
2024-07-25,17260.83,17288.46,16964.52,17004.96875,,-0.017681197887303268,-0.017681197887303268,0.7742182327841071
2024-07-26,17079.67,17229.19,16924.58,17021.31055,,0.0009610014719960702,0.0009610014719960702,0.7749622576454589
2024-07-29,17196.45,17358.66,17154.12,17238.33984,,0.012750445352752271,0.012750445352752271,0.7848433715620129
2024-07-30,17194.37,17194.37,16971.6,17002.91016,,-0.013657329080710379,-0.013657329080710379,0.7741245073597762
2024-07-31,17070.86,17400.24,17015.83,17344.59961,,0.020095939270668994,0.020095939270668994,0.7896812664476148
2024-08-01,17327.85,17408.95,17248.12,17304.96094,,-0.002285360912981038,-0.002285360912981038,0.7878765597475621
2024-08-02,17025.26,17075.52,16865.93,16945.50977,,-0.02077156783227041,-0.02077156783227041,0.7715111283433097
2024-08-05,16676.82,16944.59,16441.44,16698.35938,,-0.014585007671917283,-0.014585007671917283,0.7602586326174531
2024-08-06,16861.3,16908.97,16611.14,16647.33984,,-0.0030553624364504373,-0.0030553624364504373,0.7579357669493665
2024-08-07,16684.78,16988.26,16684.78,16877.85938,,0.013847229780586945,0.013847229780586945,0.7684310776732399
2024-08-08,16773.04,17023.1,16665.06,16891.83008,,0.0008277530749281059,0.0008277530749281059,0.7690671488606542
2024-08-09,17097.36,17252.22,17079.35,17090.23047,,0.011745346067322027,0.011745346067322027,0.7781001086730311
2024-08-12,17102.98,17162.76,17002.93,17111.65039,,0.0012533429574048682,0.0012533429574048682,0.7790753349643925
2024-08-13,17160.21,17252.88,17074.69,17174.06055,,0.003647232065731698,0.003647232065731698,0.7819168035076953
2024-08-14,17233.68,17254.23,17055.7,17113.35938,,-0.0035344681488267415,-0.0035344681488267415,0.779153143470665
2024-08-15,17008.21,17283.65,16926.47,17109.13867,,-0.0002466324645139517,-0.0002466324645139517,0.7789609790106571
2024-08-16,17286.04,17473.89,17255.86,17430.16016,,0.01876315904569137,0.01876315904569137,0.7935767477502215
2024-08-19,17569.66,17685.86,17547.65,17569.57031,,0.007998213941827537,0.007998213941827537,0.7999239443579875
2024-08-20,17661.69,17661.69,17449.99,17511.08008,,-0.0033290643406748144,-0.0033290643406748144,0.7972609460795734
2024-08-21,17313.86,17415.48,17232.13,17391.00977,,-0.006856819193987618,-0.006856819193987618,0.7917942719218782
2024-08-22,17497.63,17652.8,17389.94,17641.0,,0.014374681706593062,0.014374681706593062,0.8031760625578588
2024-08-23,17521.18,17635.7,17493.08,17612.09961,,-0.0016382512329232712,-0.0016382512329232712,0.8018602583831189
2024-08-26,17709.27,17826.05,17709.27,17798.73047,,0.010596741111663421,0.010596741111663421,0.8103573639489363
2024-08-27,17663.8,17879.27,17624.42,17874.66992,,0.004266565535558708,0.004266565535558708,0.8138148067494471
2024-08-28,17847.99,17879.01,17659.29,17692.44922,,-0.010194353284035396,-0.010194353284035396,0.8055184911016642
2024-08-29,17614.41,17797.17,17502.53,17786.32031,,0.0053057148183806024,0.0053057148183806024,0.8097923424963819
2024-08-30,17794.41,18202.6,17778.1,17989.07031,,0.011399209980830438,0.011399209980830438,0.8190233354493668
2024-09-02,17862.59,17862.59,17645.92,17691.96875,,-0.016515670620001033,-0.016515670620001033,0.8054966158109904
2024-09-03,17665.93,17725.51,17583.7,17651.49023,,-0.0022879601796719218,-0.0022879601796719218,0.8036536716291544
2024-09-04,17474.74,17531.05,17333.3,17457.33984,,-0.010999093417621286,-0.010999093417621286,0.794814209819491
2024-09-05,17469.96,17555.61,17332.49,17444.30078,,-0.0007469099026257142,-0.0007469099026257142,0.7942205552154291
2024-09-09,17261.89,17305.91,17067.45,17196.96094,,-0.01417883371304729,-0.01417883371304729,0.7829594340315456
2024-09-10,17205.42,17297.95,17133.5,17234.08984,,0.0021590384562448772,0.0021590384562448772,0.7846498735592993
2024-09-11,17051.84,17124.96,16964.28,17108.71094,,-0.007275052014002914,-0.007275052014002914,0.7789415049163746
2024-09-12,17177.3,17334.19,17127.25,17240.39063,,0.007696645905223454,0.007696645905223454,0.7849367418605977
2024-09-13,17298.35,17540.81,17298.35,17369.08984,,0.007464982247910923,0.007464982247910923,0.7907962807043201
2024-09-16,17252.77,17422.12,17177.08,17422.11914,,0.0030530845593230715,0.0030530845593230715,0.7932106486185084
2024-09-17,17386.75,17715.77,17368.14,17660.01953,,0.013655077668123683,0.013655077668123683,0.8040420016325769
2024-09-19,17633.93,18071.1,17602.45,18013.16016,,0.019996616051307203,0.019996616051307203,0.8201201208283481
2024-09-20,18069.33,18355.15,18047.13,18258.57031,,0.01362393648977589,0.01362393648977589,0.8312933852685007
2024-09-23,18237.41,18426.92,18212.58,18247.11133,,-0.0006275945928648774,-0.0006275945928648774,0.8307716700348219
2024-09-24,18573.92,19002.05,18532.28,19000.56055,,0.04129142450954726,0.04129142450954726,0.8650754157327353
2024-09-25,19592.43,19592.43,19072.72,19129.10156,,0.006765116727043052,0.006765116727043052,0.8709277518978625
2024-09-26,19302.57,19954.06,19176.58,19924.58008,,0.041584729816239285,0.041584729816239285,0.9071450471499998
2024-09-27,20446.74,20743.2,20268.63,20632.30078,,0.03551998070515938,0.03551998070515938,0.9393668217215486
2024-09-30,21175.41,21488.75,20789.93,21133.67969,,0.024300678598385472,0.024300678598385472,0.962194072942191
2024-10-02,21289.6,22667.74,21289.6,22443.73047,,0.06198876860142266,0.06198876860142266,1.0218392986794649
2024-10-03,22484.04,22484.04,21442.25,22113.50977,,-0.014713271505438774,-0.014713271505438774,1.0068046996430668
2024-10-04,22015.08,22742.36,21824.68,22736.87109,,0.028189162484088204,0.028189162484088204,1.0351856809110487
2024-10-07,22948.35,23241.74,22719.91,23099.7793,,0.01596122037036185,0.01596122037036185,1.051708507688313
2024-10-08,22849.23,22902.36,20762.82,20926.79102,,-0.09406965546203283,-0.09406965546203283,0.9527746507235847
2024-10-09,21290.04,21417.75,20190.53,20637.24023,,-0.013836368400834798,-0.013836368400834798,0.9395917096531965
2024-10-10,21046.0,21622.65,20983.94,21251.98047,,0.029787909291590253,0.029787909291590253,0.9675801822714762
2024-10-14,21228.65,21348.86,20693.75,21092.87109,,-0.007486802475872856,-0.007486802475872856,0.9603361005672406
2024-10-15,21046.19,21095.01,20154.71,20318.79102,,-0.036698658361733694,-0.036698658361733694,0.9250930541000839
2024-10-16,20144.75,20548.18,20131.34,20286.84961,,-0.001572013313614895,-0.001572013313614895,0.9236387955027059
2024-10-17,20471.99,20783.35,19977.35,20079.10156,,-0.010240527927884657,-0.010240527927884657,0.9141802466220826
2024-10-18,20106.65,20952.99,20058.67,20804.11133,,0.036107679809952664,0.036107679809952664,0.9471891742556963
2024-10-21,20730.95,20845.57,20423.09,20478.46094,,-0.015653174741975362,-0.015653174741975362,0.9323626565973645
2024-10-22,20433.49,20629.48,20380.04,20498.95117,,0.0010005747043215774,0.0010005747043215774,0.9332955550868098
2024-10-23,20525.44,20942.26,20448.84,20760.15039,,0.01274207728160559,0.01274207728160559,0.945187679176305
2024-10-24,20576.05,20685.46,20448.46,20489.61914,,-0.013031276022466232,-0.013031276022466232,0.9328706776359242
2024-10-25,20521.95,20784.47,20521.95,20590.15039,,0.004906447958505034,0.004906447958505034,0.9374477590677602
2024-10-28,20592.74,20669.41,20428.94,20599.35938,,0.00044725219707353325,0.00044725219707353325,0.9378670346376451
2024-10-29,20729.98,20890.08,20563.74,20701.13867,,0.004940895885277685,0.004940895885277685,0.9425009380100238
2024-10-30,20586.55,20681.52,20270.07,20380.64063,,-0.01548214545630111,-0.01548214545630111,0.9279090013950524
2024-10-31,20414.2,20553.3,20317.33,20317.33008,,-0.003106406277867957,-0.003106406277867957,0.9250265390478286
2024-11-01,20427.88,20667.22,20353.34,20506.42969,,0.009307306090682976,0.009307306090682976,0.9336360441887519
2024-11-04,20584.45,20633.58,20446.26,20567.51953,,0.002979057833250698,0.002979057833250698,0.9364173999595977
2024-11-05,20409.94,21006.97,20409.94,21006.96875,,0.021366174922504033,0.021366174922504033,0.9564250579276109
2024-11-06,20791.8,20859.66,20361.92,20538.38086,,-0.022306306805925935,-0.022306306805925935,0.9350907471486021
2024-11-07,20386.36,20986.31,20370.44,20953.33984,,0.020204074645833625,0.020204074645833625,0.9539833904046208
2024-11-08,21199.96,21355.44,20705.12,20728.18945,,-0.010745322307529559,-0.010745322307529559,0.9437325313986934
2024-11-11,20258.14,20505.01,20151.38,20426.92969,,-0.014533819305670215,-0.014533819305670215,0.9300164933144619
2024-11-12,20334.09,20517.24,19761.31,19846.88086,,-0.02839628073346545,-0.02839628073346545,0.9036074838835514
2024-11-13,19671.92,19840.28,19608.32,19823.44922,,-0.0011806207819399228,-0.0011806207819399228,0.902540666109362
2024-11-14,19626.26,19859.17,19392.59,19435.81055,,-0.019554552071034625,-0.019554552071034625,0.8848918876577002
2024-11-15,19503.03,19608.24,19332.34,19426.33984,,-0.00048728145274068435,-0.00048728145274068435,0.8844606962531639
2024-11-18,19595.5,19781.08,19470.43,19576.60938,,0.007735350109061123,0.007735350109061123,0.891302309396386
2024-11-19,19699.81,19758.57,19522.59,19663.66992,,0.004447171535687078,0.004447171535687078,0.8952660836564257
2024-11-20,19623.39,19752.93,19575.91,19705.00977,,0.0021023466203504704,0.0021023466203504704,0.8971482432817153
2024-11-21,19646.04,19764.62,19552.5,19601.11133,,-0.005272691625770265,-0.005272691625770265,0.8924178572522892
2024-11-22,19613.55,19711.4,19134.59,19229.96875,,-0.01893477230711693,-0.01893477230711693,0.875520128322412
2024-11-25,19307.34,19351.06,19102.06,19150.99023,,-0.004107053996122656,-0.004107053996122656,0.8719243198806996
2024-11-26,19054.4,19295.75,19054.4,19159.19922,,0.0004286457202165028,0.0004286457202165028,0.8722980665087692
2024-11-27,19187.05,19660.99,19061.6,19603.12891,,0.02317057643706688,0.02317057643706688,0.8925097155347163
2024-11-28,19558.18,19558.18,19312.26,19366.96094,,-0.012047462988396873,-0.012047462988396873,0.8817572377700271
2024-11-29,19346.62,19658.2,19312.41,19423.60938,,0.002925004092046324,0.002925004092046324,0.8843363812986959
2024-12-02,19442.31,19690.22,19387.2,19550.28906,,0.006521943348512638,0.006521943348512638,0.8901039730785546
2024-12-03,19585.35,19768.32,19386.82,19746.32031,,0.010027025656673239,0.010027025656673239,0.8990290684537201
2024-12-04,19722.15,19823.09,19615.61,19742.46094,,-0.00019544755374212297,-0.00019544755374212297,0.8988533554215478
2024-12-05,19578.66,19642.73,19466.69,19560.43945,,-0.009219797397760465,-0.009219797397760465,0.890566109594264
2024-12-06,19611.62,19934.72,19566.29,19865.84961,,0.015613665571301949,0.015613665571301949,0.9044711109986041
2024-12-09,19732.28,20433.73,19695.51,20414.08984,,0.027597119718656637,0.027597119718656637,0.929431908530899
2024-12-10,21070.05,21070.05,20308.86,20311.2793,,-0.005036253920983169,-0.005036253920983169,0.9247510534372734
2024-12-11,20404.5,20481.37,20100.07,20155.04883,,-0.0076918084623058824,-0.0076918084623058824,0.9176380454589184
2024-12-12,20213.24,20546.44,20121.47,20397.04883,,0.01200691707775925,0.01200691707775925,0.9286560493781407
2024-12-13,20238.21,20238.21,19927.27,19971.24023,,-0.02087599061751133,-0.02087599061751133,0.9092694344044275
2024-12-16,19947.23,20049.21,19726.15,19795.49023,,-0.00880015452099947,-0.00880015452099947,0.9012677228804468
2024-12-17,19678.03,19930.83,19620.63,19700.48047,,-0.004799565905976633,-0.004799565905976633,0.8969420290455526
2024-12-18,19884.54,19953.53,19802.22,19864.55078,,0.00832823901172608,0.00832823901172608,0.9044119766431066
2024-12-19,19610.1,19849.03,19591.49,19752.50977,,-0.005640248865471764,-0.005640248865471764,0.8993108680179263
2024-12-20,19697.06,19875.9,19692.68,19720.70117,,-0.0016103573859921338,-0.0016103573859921338,0.8978626561193106
2024-12-23,19843.65,19937.39,19746.46,19883.12891,,0.008236407955265479,0.008236407955265479,0.9052578192429074
2024-12-24,19911.5,20165.46,19908.57,20098.28906,,0.01082124201748691,0.01082124201748691,0.9150538331931573
2024-12-27,20083.44,20184.88,20009.95,20090.46094,,-0.0003894918605573672,-0.0003894918605573672,0.9146974271731568
2024-12-30,20124.75,20193.09,19968.07,20041.41992,,-0.002441010196155391,-0.002441010196155391,0.9124646414270301
2024-12-31,20003.36,20180.4,20003.36,20059.95117,,0.0009246475586046632,0.0009246475586046632,0.9133083496300387
2025-01-02,19932.8,19932.8,19542.98,19623.32031,,-0.021766297250662814,-0.021766297250662814,0.893429008610479
2025-01-03,19708.74,19891.86,19634.07,19760.26953,,0.006978901523113423,0.006978901523113423,0.8996641616794644
2025-01-06,19848.71,19851.55,19627.84,19688.28906,,-0.003642686649122928,-0.003642686649122928,0.8963869670490202
2025-01-07,19501.45,19668.65,19252.61,19447.58008,,-0.012225997864336535,-0.012225997864336535,0.8854277419042599
2025-01-08,19390.76,19483.59,19111.54,19279.83984,,-0.008625249995628193,-0.008625249995628193,0.8777907062772711
2025-01-09,19254.38,19405.74,19227.73,19240.88867,,-0.0020203056832032162,-0.0020203056832032162,0.8760173007247161
2025-01-10,19328.07,19370.49,19036.64,19064.28906,,-0.009178349972751132,-0.009178349972751132,0.8679769073564799
2025-01-13,18918.15,18929.12,18671.49,18874.14063,,-0.009974063517477871,-0.009974063517477871,0.8593196505508024
2025-01-14,18901.56,19318.36,18901.56,19219.7793,,0.018312816290592338,0.018312816290592338,0.8750562134462353
2025-01-15,19149.94,19319.22,19149.94,19286.07031,,0.0034491036013093446,0.0034491036013093446,0.8780743729833809
2025-01-16,19454.92,19664.39,19345.19,19522.88867,,0.012279243837310272,0.012279243837310272,0.8888564623165371
2025-01-17,19499.1,19640.37,19423.7,19584.06055,,0.0031333416398566794,0.0031333416398566794,0.8916415532817693
2025-01-20,19804.64,20093.65,19786.73,19925.81055,,0.017450415817877873,0.017450415817877873,0.9072010691470348
2025-01-21,20128.34,20205.25,19920.31,20106.55078,,0.009070658859596792,0.009070658859596792,0.9154299805623289
2025-01-22,19997.09,20022.34,19733.21,19778.76953,,-0.01630221183068581,-0.01630221183068581,0.9005064471030413
2025-01-23,19881.32,20044.06,19644.83,19700.56055,,-0.003954188347327525,-0.003954188347327525,0.8969456750032132
2025-01-24,19842.85,20144.0,19768.13,20066.18945,,0.01855931454701687,0.01855931454701687,0.9135923719171842
2025-01-27,20118.02,20296.94,20118.02,20197.76953,,0.00655730278675315,0.00655730278675315,0.9195830737235131
2025-01-28,20337.46,20337.46,20165.73,20225.11133,,0.0013537039304951648,0.0013537039304951648,0.9208279169448296
2025-02-03,20048.87,20222.0,19764.67,20217.26172,,-0.00038811207868894027,-0.00038811207868894027,0.9204705325078693
2025-02-04,20488.29,20885.49,20297.64,20789.96094,,0.028327239758362488,0.028327239758362488,0.9465449219727272
2025-02-05,20827.77,20827.77,20417.39,20597.08984,,-0.009277126616862197,-0.009277126616862197,0.9377637048830383
2025-02-06,20598.98,20891.62,20532.06,20891.61914,,0.014299558932253431,0.014299558932253431,0.9511733122455416
2025-02-07,20858.52,21213.7,20806.1,21133.53906,,0.011579759250771149,0.011579759250771149,0.9621876702071034
2025-02-10,21223.61,21539.63,21223.61,21521.98047,,0.0183803294326228,0.0183803294326228,0.9798729965615177
2025-02-11,21656.82,21682.41,21279.37,21294.86133,,-0.010552892207879583,-0.010552892207879583,0.9695325024513921
2025-02-12,21526.41,21858.83,21411.09,21857.91992,,0.02644105454712542,0.02644105454712542,0.9951679642339203
2025-02-13,21958.69,22523.57,21735.56,21814.36914,,-0.001992448511084155,-0.001992448511084155,0.9931851433053037
2025-02-14,22027.07,22620.33008,22027.07,22620.33008,,0.036946332705177776,0.036946332705177776,1.0298796920477011
2025-02-17,22755.06,22977.25,22319.32,22616.23047,,-0.0001812356400415771,-0.0001812356400415771,1.029693041142547
2025-02-18,22664.73,23141.41,22608.18,22976.81055,,0.01594342083126099,0.01594342083126099,1.0461098706245036
2025-02-19,22777.46,22975.34,22649.49,22944.24023,,-0.001417530075774498,-0.001417530075774498,1.0446269784203288
2025-02-20,22716.71,22849.66,22436.13,22576.97852,,-0.0160067060978466,-0.0160067060978466,1.027905941394873
2025-02-21,23090.03,23477.92,22901.69,23477.91992,,0.03990531324649549,0.03990531324649549,1.0689248499741693
2025-02-24,23472.14,23688.45,23221.57,23341.60938,,-0.005805903609198415,-0.005805903609198415,1.0627187753297422
2025-02-25,22716.48,23248.52,22716.48,23034.01953,,-0.013177748157483737,-0.013177748157483737,1.0487145349462175
2025-02-26,23238.34,23973.17,23238.34,23787.92969,,0.03273029090811064,0.03273029090811064,1.083039266754571
2025-02-27,23783.75,24076.53,23441.74,23718.28906,,-0.0029275616208533917,-0.0029275616208533917,1.079868602563343
2025-02-28,23616.18,23616.18,22798.34,22941.32031,,-0.03275821236660481,-0.03275821236660481,1.0444940375525444
2025-03-03,23135.12,23405.98,22861.75,23006.26953,,0.0028311020953615262,0.0028311020953615262,1.047451106810852
2025-03-04,22678.25,23051.01,22547.53,22941.76953,,-0.002803583602108639,-0.002803583602108639,1.0445144900637866
2025-03-05,23200.42,23636.65,23090.63,23594.20898,,0.0284389331497219,0.0284389331497219,1.0742193678206264
2025-03-06,23987.09,24410.93,23987.09,24369.71094,,0.03286831784262678,0.03286831784262678,1.1095271514348606
2025-03-07,24182.02,24669.62,24065.01,24231.29883,,-0.0056796779551789855,-0.0056796779551789855,1.1032253945321835
2025-03-10,24115.98,24292.8,23632.42,23783.49023,,-0.01848058592078372,-0.01848058592078372,1.082837142838541
2025-03-11,23274.86,23858.61,23238.36,23782.14063,,-5.674524583842988e-05,-5.674524583842988e-05,1.0827756969786677
2025-03-12,23859.23,23962.03,23363.98,23600.31055,,-0.007645656580242188,-0.007645656580242188,1.0744971658461364
2025-03-13,23616.33,23712.61,23198.73,23462.65039,,-0.005832980871516513,-0.005832980871516513,1.0682296444312571
2025-03-14,23653.33,24113.53,23454.49,23959.98047,,0.021196670952910113,0.021196670952910113,1.0908725567064108
2025-03-17,24226.0,24352.47,24077.15,24145.57031,,0.007745826013187962,0.007745826013187962,1.0993222657332202
2025-03-18,24679.35,24745.13,24475.26,24740.57031,,0.02464220113092863,0.02464220113092863,1.1264119861131263
2025-03-19,24697.63,24874.39,24601.73,24771.13867,,0.0012355559963646012,0.0012355559963646012,1.1278037311969455
2025-03-20,24753.15,24753.15,24186.69,24219.95117,,-0.02225119754658411,-0.02225119754658411,1.1027087475803075
2025-03-21,24109.07,24230.72,23577.78,23689.7207,,-0.02189230136255471,-0.02189230136255471,1.0785679153631542
2025-03-24,23749.58,23967.51,23531.2,23905.56055,,0.00911111839321932,0.00911111839321932,1.0883948753351556
2025-03-25,23643.32,23747.32,23321.67,23344.25,,-0.023480334160162486,-0.023480334160162486,1.0628389999640777
2025-03-26,23460.31,23596.85,23350.73,23483.32031,,0.0059573689452434575,0.0059573689452434575,1.0691707240162573
2025-03-27,23543.86,23865.62,23372.36,23578.80078,,0.004065884582741264,0.004065884582741264,1.0735178487793533
2025-03-28,23672.82,23775.3,23254.3,23426.59961,,-0.006455000465040661,-0.006455000465040661,1.0665882905662531
2025-03-31,23207.07,23399.73,23002.81,23119.58008,,-0.013105595140190385,-0.013105595140190385,1.052610016248824
2025-04-01,23217.11,23456.58,23123.35,23206.83984,,0.003774279623507848,0.003774279623507848,1.0565828607846521
2025-04-02,23167.31,23393.03,22980.96,23202.5293,,-0.00018574437664586885,-0.00018574437664586885,1.056386606459801
2025-04-03,22638.21,22998.3,22638.21,22849.81055,,-0.015201737079586386,-0.015201737079586386,1.0403276950140026
2025-04-07,20730.05,21047.83,19706.03,19828.30078,,-0.13223347140617747,-0.13223347140617747,0.9027615525023139
2025-04-08,20157.52,20454.26,19745.14,20127.67969,,0.015098566101134026,0.015098566101134026,0.9163919574763326
2025-04-09,19494.92,20441.14,19260.21,20264.49023,,0.006797134200618782,0.006797134200618782,0.922620796591667
2025-04-10,20810.43,21211.13,20530.43,20681.7793,,0.020592132605548263,0.020592132605548263,0.9416195263797192
2025-04-11,20557.49,21127.37,20444.04,20914.68945,,0.011261610842158154,0.011261610842158154,0.952223679047185
2025-04-14,21363.88,21517.32,21224.55,21417.40039,,0.024036261269946735,0.024036261269946735,0.975111576184193
2025-04-15,21603.52,21603.52,21297.59,21466.26953,,0.002281749377147646,0.002281749377147646,0.9773365364158006
2025-04-16,21316.47,21363.57,20868.36,21056.97852,,-0.019066704134502732,-0.019066704134502732,0.9587019498361209
2025-04-17,21066.81,21417.64,21039.16,21395.13867,,0.016059291207369375,0.016059291207369375,0.9740980236296118
2025-04-22,21303.51,21592.67,21191.02,21562.32031,,0.00781400123544973,0.00781400123544973,0.9817096267897029
2025-04-23,22080.19,22138.81,21862.87,22072.62109,,0.023666320352515147,0.023666320352515147,1.0049430813104558
2025-04-24,22030.15,22093.68,21712.1,21909.75977,,-0.007378431375953953,-0.007378431375953953,0.997528177748267
2025-04-25,22080.44,22267.96,21923.9,21980.73828,,0.003239584128037265,0.003239584128037265,1.0007597542001703
2025-04-28,22072.35,22072.35,21817.85,21971.96094,,-0.0003993196173937008,-0.0003993196173937008,1.00036013119802
2025-04-29,22073.36,22213.51,21918.1,22008.11133,,0.001645296480305758,0.001645296480305758,1.0020060202009182
2025-04-30,22038.73,22129.31,21848.33,22119.41016,,0.0050571731636182005,0.0050571731636182005,1.0070733381560624
2025-05-02,22192.51,22532.54,22058.3,22504.67969,,0.017417712643021055,0.017417712643021055,1.0246142521705126
2025-05-06,22576.56,22747.63,22449.16,22662.71094,,0.0070221506005359036,0.0070221506005359036,1.0318092477567093
2025-05-07,23169.83,23197.57,22691.88,22691.88086,,0.0012871328623140776,0.0012871328623140776,1.0331373233471368
2025-05-08,22589.13,22979.29,22589.13,22775.91992,,0.003703485864326783,0.003703485864326783,1.0369635328200613
2025-05-09,22856.21,22907.91,22692.44,22867.74023,,0.004031464385303218,0.004031464385303218,1.0411440143714836
2025-05-12,23183.81,23685.34,22982.91,23549.45898,,0.029811373714384803,0.029811373714384803,1.0721819476744068
2025-05-13,23494.44,23494.44,23070.48,23108.26953,,-0.018734589630050147,-0.018734589630050147,1.0520950588759788
2025-05-14,23316.45,23640.65039,23278.22,23640.65039,,0.02303854294709695,0.02303854294709695,1.0763337960743216
2025-05-15,23644.4,23710.82,23371.73,23453.16016,,-0.007930840603239453,-0.007930840603239453,1.0677975643017765
2025-05-16,23249.16,23374.7,23190.31,23345.04883,,-0.0046096700513897915,-0.0046096700513897915,1.0628753698486677
2025-05-19,23156.27,23402.2,23059.89,23332.7207,,-0.0005280832818029824,-0.0005280832818029824,1.0623140831352105
2025-05-20,23398.35,23709.04,23357.0,23681.48047,,0.01494723973617007,0.01494723973617007,1.0781927464109422
2025-05-21,23736.43,23917.0,23697.76,23827.7793,,0.006177773817195753,0.006177773817195753,1.08485357732961
2025-05-22,23748.58,23778.24,23470.81,23544.31055,,-0.011896566038783196,-0.011896566038783196,1.0719475451044982
2025-05-23,23557.38,23749.38,23487.4,23601.26172,,0.002418893085828877,0.002418893085828877,1.0745404716097227
2025-05-26,23505.9,23571.02,23234.27,23282.33008,,-0.013513330083100294,-0.013513330083100294,1.06001985152921
2025-05-27,23216.87,23419.55,23167.56,23381.99023,,0.004280505845315252,0.004280505845315252,1.0645572726998311
2025-05-28,23385.18,23476.22,23180.17,23258.31055,,-0.0052895274860441654,-0.0052895274860441654,1.0589262677454172
2025-05-29,23240.71,23603.82,23207.37,23573.37891,,0.013546485215367499,0.013546485215367499,1.073270996775595
2025-05-30,23339.64,23375.34,23163.22,23289.76953,,-0.012030917633097049,-0.012030917633097049,1.0603585618153957
2025-06-02,23043.1,23163.35,22668.35,23157.96875,,-0.005659170642724698,-0.005659170642724698,1.0543578117716081
2025-06-03,23281.1,23535.37,23281.1,23512.49023,,0.015308833163530267,0.015308833163530267,1.0704987996066846
2025-06-04,23499.78,23716.93,23481.46,23654.03125,,0.006019822597072455,0.006019822597072455,1.0769430124706958
2025-06-05,23828.69,23911.14,23732.31,23906.96875,,0.010693209006392923,0.010693209006392923,1.0884589891910195
2025-06-06,23941.57,23951.14,23773.36,23792.54102,,-0.004786375520735908,-0.004786375520735908,1.0832492157298306
2025-06-09,23977.54,24181.43,23957.96,24181.42969,,0.01634498264279971,0.01634498264279971,1.100954905358761
2025-06-10,24231.31,24296.47,24003.38,24162.87109,,-0.0007674732320593902,-0.0007674732320593902,1.1001099519391937
2025-06-11,24191.32,24439.35,24179.35,24366.94141,,0.008445615557848729,0.008445615557848729,1.1094010576646358
2025-06-12,24223.12,24288.76,24002.42,24035.37891,,-0.013607062717519769,-0.013607062717519769,1.0943053678941101
2025-06-13,23959.81,24100.32,23774.92,23892.56055,,-0.0059420057630371614,-0.0059420057630371614,1.087802999091561
2025-06-16,23791.79,24125.05,23718.72,24060.99023,,0.007049461260024037,0.007049461260024037,1.0954714241921948
2025-06-17,24107.34,24131.44,23880.67,23980.30078,,-0.003353538205563611,-0.003353538205563611,1.091797718918063
2025-06-18,23859.55,23880.24,23631.48,23710.68945,,-0.011243033708103423,-0.011243033708103423,1.0795226003618368
2025-06-19,23620.02,23653.55,23185.58,23237.74023,,-0.01994666671322809,-0.01994666671322809,1.057989722843022
2025-06-20,23291.4,23538.63,23291.4,23530.48047,,0.012597620814353894,0.012597620814353894,1.0713178761968818
2025-06-23,23335.51,23689.13,23272.75,23689.12891,,0.006742252467061505,0.006742252467061505,1.0785409717906773
2025-06-24,23832.73,24229.21,23832.73,24177.07031,,0.02059769280051582,0.02059769280051582,1.1007564274003916
2025-06-25,24327.82,24533.39,24287.86,24474.66992,,0.0123091675783773,0.0123091675783773,1.114305822728239
2025-06-26,24345.29,24411.48,24235.54,24325.40039,,-0.006098939454052599,-0.006098939454052599,1.1075097389821214
2025-06-27,24451.19,24471.53,24194.85,24284.15039,,-0.0016957583159435963,-0.0016957583159435963,1.1056316701322537
2025-06-30,24274.91,24274.91,24064.26,24072.2793,,-0.008724665536878229,-0.008724665536878229,1.0959854036033698
2025-07-02,24304.31,24372.7,24122.57,24221.41016,,0.006195128352469714,0.006195128352469714,1.102775173851126
2025-07-03,24234.28,24269.14,23920.0,24069.93945,,-0.006253587590459131,-0.006253587590459131,1.0958788727088642
2025-07-04,23900.69,24068.51,23690.94,23916.06055,,-0.006392990739326643,-0.006392990739326643,1.0888729292242127
2025-07-07,23828.85,23910.95,23713.78,23887.83008,,-0.0011803979982815127,-0.0011803979982815127,1.0875876257981736
2025-07-08,23927.53,24159.01,23899.6,24148.07031,,0.010894259927689554,0.010894259927689554,1.0994360880877576
2025-07-09,24061.08,24061.08,23827.15,23892.32031,,-0.01059090837142751,-0.01059090837142751,1.0877920612185794
2025-07-10,23865.64,24087.59,23820.58,24028.36914,,0.005694249375313154,0.005694249375313154,1.093986220483644
2025-07-11,24033.12,24506.3,24033.12,24139.57031,,0.004627911671911233,0.004627911671911233,1.0990490920823304
2025-07-14,24100.57,24267.84,24097.32,24203.32031,,0.0026408920780827128,0.0026408920780827128,1.1019515621230345
2025-07-15,24281.94,24590.12,24141.88,24590.11914,,0.01598123005628227,0.01598123005628227,1.1195621035482024
2025-07-16,24704.05,24867.81,24517.75,24517.75977,,-0.0029426197403937815,-0.0029426197403937815,1.1162676580017048
2025-07-17,24547.08,24672.51,24447.93,24498.95117,,-0.0007671418668118157,-0.0007671418668118157,1.1154113223466837
2025-07-18,24757.83,24825.66016,24630.79,24825.66016,,0.013335631706555162,0.013335631706555162,1.1302860369428207
2025-07-21,24991.14,25010.9,24844.8,24994.14063,,0.006786545409634748,0.006786545409634748,1.1379567744584094
2025-07-22,25024.93,25130.03125,24900.59,25130.03125,,0.005436899072132517,0.005436899072132517,1.1441437305895894
2025-07-23,25348.3,25538.07031,25228.01,25538.07031,,0.016237109136105765,0.016237109136105765,1.1627213172105637
2025-07-24,25528.22,25735.89,25502.49,25667.18164,,0.005055641574823522,0.005055641574823522,1.168599619441787
2025-07-25,25531.59,25585.73,25355.31,25388.34961,,-0.01086336762293616,-0.01086336762293616,1.1559046921717675
2025-07-28,25458.87,25667.4,25399.36,25562.12891,,0.006844844295493369,0.006844844295493369,1.1638166798101133
2025-07-29,25454.83,25530.42,25252.32,25524.44922,,-0.0014740435013321784,-0.0014740435013321784,1.1621011633964973
2025-07-30,25335.21,25499.57,25082.2,25176.92969,,-0.0136151627408162,-0.0136151627408162,1.1462789669355622
2025-07-31,24982.87,25000.06,24744.92,24773.33008,,-0.01603053330844806,-0.01603053330844806,1.1279035037753282
2025-08-01,24744.34,24856.54,24507.63,24507.81055,,-0.010717958754134616,-0.010717958754134616,1.1158146805432203
2025-08-04,24431.88,24748.76,24372.51,24733.44922,,0.009206806521523392,0.009206806521523392,1.1260877704208572
2025-08-05,24746.81,24925.9,24686.85,24902.5293,,0.006836089802763068,0.006836089802763068,1.1337858075452474
2025-08-06,24864.15,25002.97,24806.46,24910.63086,,0.00032533080886687493,0.00032533080886687493,1.134154662999098
2025-08-07,24982.5,25115.16,24820.6,25081.63086,,0.006864539118299984,0.006864539118299984,1.1419401120494577
2025-08-08,24968.31,24999.11,24812.12,24858.81836,,-0.008883493312045299,-0.008883493312045299,1.13179569470131
2025-08-11,24946.55,24969.3,24775.73,24906.81055,,0.0019305901553721139,0.0019305901553721139,1.1339807283273928
2025-08-12,24824.07,25016.29,24801.13,24969.67969,,0.002524174657923206,0.002524174657923206,1.13684309374441
2025-08-13,25176.52,25613.67,25176.52,25613.66992,,0.025790888709634086,0.025790888709634086,1.1661632874554881
2025-08-14,25766.62,25766.62,25449.8,25519.32031,,-0.0036835646861494986,-0.0036835646861494986,1.161867649551533
2025-08-15,25322.1,25356.54,25167.81,25270.07031,,-0.009767109663274542,-0.009767109663274542,1.1505195608041523
2025-08-18,25293.34,25466.1,25176.84961,25176.84961,,-0.0036889766770101806,-0.0036889766770101806,1.1462753209779017
2025-08-19,25241.29,25260.58,25083.2,25122.89844,,-0.0021428880434100073,-0.0021428880434100073,1.143818981298122
2025-08-20,24968.57,25210.9,24887.93,25165.93945,,0.001713218325616106,0.001713218325616106,1.1457785929380697
2025-08-21,25216.42,25216.42,25000.85,25104.60938,,-0.002437026844233303,-0.002437026844233303,1.1429862997495317
2025-08-22,25205.04,25349.08,25140.08,25339.13867,,0.009342080828664168,0.009342080828664168,1.1536641701478476
2025-08-25,25606.88,25918.86,25590.62,25829.91016,,0.01936812045553249,0.01936812045553249,1.1760084767605028
2025-08-26,25714.91,25819.7,25524.91992,25524.91992,,-0.01180763843585897,-0.01180763843585897,1.1621225938694097
2025-08-27,25626.17,25653.92,25140.17,25201.75977,,-0.01266057449006086,-0.01266057449006086,1.1474094542031432
2025-08-28,25030.54,25093.65,24808.78,24998.81836,,-0.00805266822047801,-0.00805266822047801,1.1381697465554055
2025-08-29,25095.45,25277.51,25066.85,25077.61914,,0.003152180189687881,0.003152180189687881,1.1417574626829996
2025-09-01,25508.21,25638.34,25471.35,25617.41992,,0.021525200497960917,0.021525200497960917,1.1663340209872943
2025-09-02,25587.97,25724.73,25416.61,25496.55078,,-0.004718240180996314,-0.004718240180996314,1.160830976945009
2025-09-03,25660.65,25789.99,25276.87,25343.42969,,-0.006005560960822609,-0.006005560960822609,1.1538595357477544
2025-09-04,25489.13,25494.45,25013.26,25058.50977,,-0.011242358413408593,-0.011242358413408593,1.140887433288149
2025-09-05,25136.24,25471.8,25090.65,25417.98047,,0.014345254498348226,0.014345254498348226,1.1572537538726348
2025-09-08,25440.01,25664.01,25387.81,25633.91016,,0.008495155240789254,0.008495155240789254,1.167084804164769
2025-09-09,25711.07,26027.94,25675.28,25938.12891,,0.011867824615954037,0.011867824615954037,1.1809355619325415
2025-09-10,26042.41,26296.6,26017.5,26200.25977,,0.010106004982454175,0.010106004982454175,1.1928701026053892
2025-09-11,25987.49,26241.46,25878.97,26086.32031,,-0.004348791233377947,-0.004348791233377947,1.1876825595606202
2025-09-12,26539.44,26585.95,26329.66,26388.16016,,0.011570809773592039,0.011570809773592039,1.201425008528709
2025-09-15,26308.91,26532.75,26280.23,26446.56055,,0.002213128526047159,0.002213128526047159,1.2040839164869905
2025-09-16,26536.63,26601.59,26332.21,26438.50977,,-0.00030441690082072537,-0.00030441690082072537,1.2037173729928055
2025-09-17,26554.19,26936.5,26540.57,26908.39063,,0.017772592482999228,0.017772592482999228,1.2251105513277127
2025-09-18,26863.69,27058.03,26322.08,26544.84961,,-0.01351032192890389,-0.01351032192890389,1.2085589133807786
2025-09-19,26583.03,26637.64,26414.11,26545.10156,,9.491483421442126e-06,9.491483421442126e-06,1.2085703843976687
2025-09-22,26459.52,26479.14,26204.01,26344.14063,,-0.007570546661717081,-0.007570546661717081,1.1994208459086169
2025-09-23,26435.58,26454.09,26003.67,26159.11914,,-0.0070232501639968525,-0.0070232501639968525,1.190997013255888
2025-09-24,26073.69,26562.88,26057.26,26518.65039,,0.013744012100554315,0.013744012100554315,1.2073660906178008
2025-09-25,26536.13,26640.53,26403.52,26484.67969,,-0.0012810116465357124,-0.0012810116465357124,1.2058194405940872
2025-09-26,26272.3,26406.05,26072.93,26128.19922,,-0.01345987469633625,-0.01345987469633625,1.1895892620172845
2025-09-29,26321.57,26687.72,26321.57,26622.88086,,0.018932863908253772,0.018932863908253772,1.2121115936217777
2025-09-30,26674.16,26888.4,26558.28,26855.55859,,0.008739765287745005,0.008739765287745005,1.2227051644525866
2025-10-02,26918.3,27381.84,26918.3,27287.11914,,0.016069691812729436,0.016069691812729436,1.2423536596231723
2025-10-03,27221.46,27262.0,26972.71,27140.92188,,-0.00535773891153235,-0.00535773891153235,1.2356974530791247
2025-10-06,27003.92,27145.17,26873.34,26957.76953,,-0.0067481992988220885,-0.0067481992988220885,1.2273587203926999
2025-10-08,26900.64,26906.2,26517.45,26829.45898,,-0.0047596871787635164,-0.0047596871787635164,1.2215168768275033
2025-10-09,26862.03,26978.41,26480.58,26752.58984,,-0.0028651021273780053,-0.0028651021273780053,1.2180171062250766
2025-10-10,26523.89,26558.87,26247.04,26290.32031,,-0.017279430992091283,-0.017279430992091283,1.1969704636908738
2025-10-13,25634.0,25895.62,25336.09,25889.48047,,-0.015246670077562086,-0.015246670077562086,1.1787206499383924
2025-10-14,25969.21,26102.68,25331.64,25441.34961,,-0.017309380175445366,-0.017309380175445366,1.158317726087961
2025-10-15,25714.89,25982.21,25593.45,25910.59961,,0.01844438314764396,0.01844438314764396,1.1796821820346348
2025-10-16,25890.01,26062.8,25687.32,25888.50977,,-0.0008525406718675743,-0.0008525406718675743,1.1786764549945727
2025-10-17,25851.94,25859.82,25145.34,25247.10156,,-0.0247757872391432,-0.0247757872391432,1.1494738179218396
2025-10-20,25884.46,25912.77,25710.61,25858.83008,,0.024229653393924133,0.024229653393924133,1.1773251701154763
2025-10-21,26160.24,26367.35,26017.72,26027.55078,,0.006524684197932729,0.006524684197932729,1.1850068450487572
2025-10-22,25897.62,25947.88,25653.75,25781.76953,,-0.009443118642913695,-0.009443118642913695,1.1738166848182972
2025-10-23,25718.53,26080.84,25591.66,25967.98047,,0.007222581824080088,0.007222581824080088,1.1822946718708676
2025-10-24,26177.11,26239.96,26063.99,26160.15039,,0.007400264345623908,0.007400264345623908,1.1910439649771347
2025-10-27,26495.97,26495.97,26319.22,26433.69922,,0.010456699442544792,0.010456699442544792,1.2034983537417574
2025-10-28,26508.75,26519.24,26245.33,26346.14063,,-0.0033123850457430493,-0.0033123850457430493,1.1995119037922468
2025-10-30,26545.92,26588.89,26138.79,26282.68945,,-0.0024083671643256865,-0.0024083671643256865,1.1966230387099357
2025-10-31,26263.01,26283.96,25906.65,25906.65039,,-0.014307480241524617,-0.014307480241524617,1.1795023782270402
2025-11-03,25999.17,26217.12,25920.27,26158.35938,,0.009715999027692268,0.009715999027692268,1.1909624221870547
2025-11-04,26148.07,26291.65,25911.79,25952.40039,,-0.007873543864431842,-0.007873543864431842,1.181585327315075
2025-11-05,25701.63,25980.9,25496.13,25935.41016,,-0.0006546689225149782,-0.0006546689225149782,1.180811780121982
2025-11-06,26061.58,26490.71,26061.58,26485.90039,,0.021225429889249137,0.021225429889249137,1.2058750177733606
2025-11-07,26350.74,26371.46,26167.23,26241.83008,,-0.009215103372213429,-0.009215103372213429,1.1947627548306095
2025-11-10,26319.4,26668.89,26302.93,26649.05859,,0.015518296885489224,0.015518296885489224,1.2133034379677956
2025-11-11,26748.09,26788.43,26511.25,26696.41016,,0.001776857138877208,0.001776857138877208,1.215459304843173
2025-11-12,26754.93,27016.4,26739.09,26922.73047,,0.008477555920200164,0.008477555920200164,1.2257634290687087
2025-11-13,26779.48,27188.81,26733.21,27073.03125,,0.00558267223926201,0.00558267223926201,1.232606464536073
2025-11-14,26660.31,26881.88,26535.42,26572.46094,,-0.018489629232042448,-0.018489629232042448,1.2098160280177823
2025-11-17,26441.7,26531.8,26252.36,26384.2793,,-0.007081829583827859,-0.007081829583827859,1.201248317079577
2025-11-18,26172.27,26188.82,25821.84,25930.03125,,-0.017216617700071102,-0.017216617700071102,1.1805668840415642
2025-11-19,25954.23,26045.37,25742.07,25830.65039,,-0.0038326548488059053,-0.0038326548488059053,1.1760421786491027
2025-11-20,25999.78,26046.76,25692.13,25835.57031,,0.00019046829737989768,0.00019046829737989768,1.1762661774005168
2025-11-21,25460.42,25483.67,25178.63,25220.01953,,-0.02382570899786718,-0.02382570899786718,1.1482408017537384
2025-11-24,25452.87,25770.45,25369.29,25716.5,,0.01968596691249269,0.01968596691249269,1.1708450321846366
2025-11-25,25948.9,26069.22,25740.54,25894.55078,,0.006923600801042262,0.006923600801042262,1.1789514957873664
2025-11-26,26046.74,26136.27,25907.06,25928.08008,,0.0012948399949033185,0.0012948399949033185,1.180478049336163
2025-11-27,25945.54,26123.69,25822.66,25945.92969,,0.0006884277565066821,0.0006884277565066821,1.181290723191273
2025-11-28,26011.06,26011.06,25807.55,25858.88867,,-0.0033547080809961383,-0.0033547080809961383,1.1773278376561773
2025-12-01,25945.87,26179.72,25913.98,26033.26172,,0.006743253827543594,0.006743253827543594,1.185266858103726
2025-12-02,26188.55,26264.13,25989.45,26095.04883,,0.0023733910358429977,0.0023733910358429977,1.188079959839831
2025-12-03,25980.89,25996.88,25724.82,25760.73047,,-0.012811562920535868,-0.012811562920535868,1.1728587986797152
2025-12-04,25804.01,25990.73,25649.3,25935.90039,,0.006799881711584188,0.006799881711584188,1.1808340997751279
2025-12-05,25833.11,26131.61,25758.17,26085.08008,,0.005751860847581058,0.005751860847581058,1.1876260932011131
2025-12-08,26067.86,26151.46,25755.01,25765.35938,,-0.012256841804566099,-0.012256841804566099,1.173069548053772
2025-12-09,25780.97,25820.31,25386.58,25434.23047,,-0.01285170934805735,-0.01285170934805735,1.1579935991771282
2025-12-10,25435.49,25540.78125,25257.61,25540.78125,,0.004189266906489575,0.004189266906489575,1.1628447434400877
2025-12-11,25710.61,25801.34,25471.5,25530.50977,,-0.00040215997699755146,-0.00040215997699755146,1.1623770938248141
2025-12-12,25761.41,26006.47,25697.43,25976.79102,,0.01748031096991287,0.01748031096991287,1.1826958068891755
2025-12-15,25718.14,25824.44,25609.28,25628.88086,,-0.013393115405676448,-0.013393115405676448,1.166855825457699
2025-12-16,25547.92,25547.92,25086.54,25235.41016,,-0.015352629018386299,-0.015352629018386299,1.1489415208515041
2025-12-17,25243.59,25494.94,25168.19,25468.78125,,0.009247762906184454,0.009247762906184454,1.1595666596294099
2025-12-18,25330.83,25511.84,25261.38,25498.12891,,0.0011522993468719989,0.0011522993468719989,1.1609028275339555
2025-12-19,25634.22,25747.01,25545.92,25690.5293,,0.007545667004787315,0.007545667004787315,1.1696626136954427
2025-12-22,25795.94,25859.61,25671.33,25801.76953,,0.004330009269213564,0.004330009269213564,1.1747272636545965
2025-12-23,25875.85,25927.66,25726.45,25774.14063,,-0.001070814153574795,-0.001070814153574795,1.1734693490740848
2025-12-24,25780.09,25890.87,25772.87,25818.92969,,0.0017377518281973536,0.0017377518281973536,1.1755085475807718
2025-12-29,25928.89,26082.94,25630.75,25635.23047,,-0.007114904537315114,-0.007114904537315114,1.1671449164819367
2025-12-30,25636.4,25930.22,25611.23,25854.59961,,0.008557330516560935,0.008557330516560935,1.1771325612929966
2025-12-31,25801.49,25808.52,25554.31,25630.54102,,-0.008666101714193242,-0.008666101714193242,1.1669314107857427
2026-01-02,25717.42,26345.63,25717.42,26338.4707,,0.027620551569613294,0.027620551569613294,1.199162699995552
2026-01-05,26361.44,26445.5,26256.0,26347.24,,0.00033294643792669554,0.00033294643792669554,1.19956195694501
2026-01-06,26502.4,26858.13,26498.36,26710.44922,,0.013785475063042618,0.013785475063042618,1.2160984883890498
2026-01-07,26601.83,26616.94,26313.51,26458.95117,,-0.009415717718879946,-0.009415717718879946,1.2046480483040218
2026-01-08,26302.78,26305.69,25960.34,26149.31055,,-0.011702679294071316,-0.011702679294071316,1.190550438532491
2026-01-09,26272.54,26299.32,26114.41,26231.79102,,0.0031542120333265533,0.0031542120333265533,1.1943056870519924
2026-01-12,26376.84,26608.48047,26187.76,26608.48047,,0.014360035489486611,0.014360035489486611,1.211455959103355
2026-01-13,26958.52,27143.66,26729.54,26848.4707,,0.009019313608328083,0.009019313608328083,1.222382460321186
2026-01-14,26971.97,27097.72,26780.27,26999.81055,,0.0056368145393099756,0.0056368145393099756,1.2292728035461218
2026-01-15,26972.36,27206.84,26808.35,26923.61914,,-0.002821923874573251,-0.002821923874573251,1.2258038892734313
2026-01-16,27094.85,27176.31,26741.54,26844.96094,,-0.0029215314475733445,-0.0029215314475733445,1.2222226646623613
2026-01-19,26641.6,26715.58,26533.67,26563.90039,,-0.010469769377880245,-0.010469769377880245,1.209426275234928
2026-01-20,26544.9,26638.55,26363.86,26487.50977,,-0.002875730554567024,-0.002875730554567024,1.205948291141739
2026-01-21,26397.04,26692.78,26397.04,26585.05859,,0.0036828233702241864,0.0036828233702241864,1.2103895856916378
2026-01-22,26750.51,26779.22,26499.14,26629.96094,,0.0016890069979718092,0.0016890069979718092,1.212433942172143
2026-01-23,26861.36,26895.94,26689.73,26749.50977,,0.004489260433740538,0.004489260433740538,1.2178768738972607
2026-01-26,26844.04,26911.44,26619.83,26765.51953,,0.0005985066693803276,0.0005985066693803276,1.2186057813287723
2026-01-27,26863.15,27188.9,26829.71,27126.95117,,0.01350362878609146,0.01350362878609146,1.2350613814364209
2026-01-28,27325.89,27826.91,27258.1,27826.9082,,0.025803011389429198,0.025803011389429198,1.2669296843282691
2026-01-29,27627.11,28056.1,27611.9,27968.08984,,0.005073565449143169,0.005073565449143169,1.2733575350011708
2026-01-30,27785.98,27887.24,27384.02,27387.11133,,-0.020772906313004103,-0.020772906313004103,1.2469061982236338
2026-02-02,27097.34,27100.09,26507.62,26775.57031,,-0.02232951889782242,-0.02232951889782242,1.2190633827065873
2026-02-03,26995.76,27126.48,26431.8,26834.76953,,0.0022109415155162626,0.0022109415155162626,1.2217586605494588
2026-02-04,26797.05,27004.22,26593.18,26847.32227,,0.0004677789382898645,0.0004677789382898645,1.2223301735185372
2026-02-05,26627.95,26919.39,26410.77,26885.24219,,0.0014124283836818297,0.0014124283836818297,1.2240566273498454
2026-02-06,26354.34,26710.34,26295.03,26559.95117,,-0.012099240828895796,-0.012099240828895796,1.2092464714273337
2026-02-09,26982.49,27111.54,26879.1,27027.16211,,0.017590805683698862,0.017590805683698862,1.2305180911299105
2026-02-10,27202.96,27397.65,27104.82,27183.14844,,0.005771465363812123,0.005771465363812123,1.2376199836724109
2026-02-11,27246.18,27325.98,27133.77,27266.38086,,0.0030619124265063302,0.0030619124265063302,1.24140946767971
2026-02-12,27210.56,27215.63,26932.56,27032.54102,,-0.00857612314595979,-0.00857612314595979,1.2307629872103285
2026-02-13,26640.16,26774.44,26444.46,26567.11914,,-0.017217096966787526,-0.017217096966787526,1.209572821516395
2026-02-16,26501.2,26734.41,26382.41,26705.93945,,0.005225267717905879,0.005225267717905879,1.2158931633331211
2026-02-20,26657.84,26694.34,26356.96,26413.34961,,-0.01095598380082452,-0.01095598380082452,1.2025718575321103
2026-02-23,26798.97,27156.28,26798.97,27081.91016,,0.02531146408431595,0.02531146408431595,1.2330107119128435
2026-02-24,26913.68,26913.68,26480.86,26590.32031,,-0.018151963694425066,-0.018151963694425066,1.2106291462353642
2026-02-25,26745.2,26870.03,26632.53,26765.7207,,0.006596400041636086,0.006596400041636086,1.2186149403859972
2026-02-26,27019.74,27024.07,26373.01,26381.02148,,-0.014372832486442388,-0.014372832486442388,1.2010999919823533
2026-02-27,26447.05,26701.5,26375.7,26630.54102,,0.009458297139448124,0.009458297139448124,1.2124603526007112
2026-03-02,26305.58,26403.85,25882.95,26059.84961,,-0.021429959292655787,-0.021429959292655787,1.1864773766005188
2026-03-03,26190.24,26218.93,25727.0,25768.08008,,-0.011196132532094172,-0.011196132532094172,1.173193418645768
2026-03-04,25469.34,25470.05,24958.43,25249.48047,,-0.020125659668471574,-0.020125659668471574,1.1495821271768127
2026-03-05,25583.65,25736.6,25236.68,25321.33984,,0.002845974200751611,0.002845974200751611,1.1528538082524031
2026-03-06,25358.56,25806.72,25267.63,25757.28906,,0.017216672686148016,0.017216672686148016,1.172702114924064
2026-03-09,25075.74,25442.62,24906.0,25408.46094,,-0.013542889517115908,-0.013542889517115908,1.156820339745159
2026-03-10,25740.29,25959.90039,25611.79,25959.90039,,0.02170298513169211,0.02170298513169211,1.1819267943786873
2026-03-11,26112.08,26149.64,25819.1,25898.75977,,-0.0023551947072781854,-0.0023551947072781854,1.1791431266481762
2026-03-12,25719.47,25932.58,25521.15,25716.75977,,-0.007027363534636177,-0.007027363534636177,1.1708568592378519
2026-03-13,25583.55,25697.17,25419.87,25465.59961,,-0.009766399898209266,-0.009766399898209266,1.1594218029269738
2026-03-16,25436.27,25856.73,25317.81,25834.01953,,0.014467356969491085,0.014467356969491085,1.1761955720281292
2026-03-17,25938.43,26250.14,25844.95,25868.54102,,0.0013362802470560098,0.0013362802470560098,1.177767298937705
2026-03-18,25923.03,26117.95,25791.82,26025.41992,,0.006064466483777009,0.006064466483777009,1.1849098292478013
2026-03-19,25550.56,25737.83,25449.06,25500.58008,,-0.02016643118971051,-0.02016643118971051,1.161014426710264
2026-03-20,25337.28,25563.88,25121.46,25277.32031,,-0.008755085935284401,-0.008755085935284401,1.1508496456323107
2026-03-23,24789.14,24789.14,24203.54,24382.4707,,-0.035401284591309534,-0.035401284591309534,1.1101080898054736
2026-03-24,24759.82,25077.09,24555.5,25063.71094,,0.027939754276009365,0.027939754276009365,1.1411242370544488
2026-03-25,25280.52,25390.3,25015.2,25335.95117,,0.010861928253629971,0.010861928253629971,1.1535190466458123
2026-03-26,25267.16,25278.03,24793.1,24856.42969,,-0.018926523688907126,-0.018926523688907126,1.1316869410838648
2026-03-27,24768.66,25095.57,24712.92,24951.88086,,0.0038400997725913655,0.0038400997725913655,1.1360327318489654
2026-03-30,24532.85,24811.86,24409.57,24750.79102,,-0.008059105489012008,-0.008059105489012008,1.1268773242240242
2026-03-31,24818.2,24988.53,24559.57,24788.14063,,0.0015090269224049546,0.0015090269224049546,1.128577812444526
2026-04-01,25357.23,25429.76,25203.69,25294.03125,,0.020408574711236804,0.020408574711236804,1.1516104770472442
2026-04-02,25254.49,25254.49,24901.77,25116.5293,,-0.007017542923293485,-0.007017542923293485,1.1435290010936507
2026-04-08,25772.56,25934.18,25668.67,25893.02148,,0.030915584343892633,0.030915584343892633,1.1788818683766487
2026-04-09,25756.41,25854.8,25653.63,25752.40039,,-0.005430849007274752,-0.005430849007274752,1.1724795389520812
2026-04-10,25891.88,26073.97,25843.65,25893.53906,,0.005480602501614085,0.005480602501614085,1.1789054332463533
2026-04-13,25708.64,25717.38,25508.53,25660.84961,,-0.008986390367914376,-0.008986390367914376,1.1683113288163465
2026-04-14,25929.4,25995.09,25668.53,25872.32031,,0.008240985907091325,0.008240985907091325,1.177939366012217
2026-04-15,26168.25,26216.58,25947.32,25947.32031,,0.002898850938043207,0.002898850938043207,1.1813540366483395
2026-04-16,26122.8,26403.07,26122.8,26394.25977,,0.017224879280800076,0.017224879280800076,1.201702717317493
2026-04-17,26210.97,26280.96,26015.44,26160.33008,,-0.008862900192635359,-0.008862900192635359,1.1910521460726895
2026-04-20,26204.61,26411.69,26094.64,26361.07031,,0.007673459370968194,0.007673459370968194,1.2001916363242828
2026-04-21,26442.29,26529.49,26342.02,26487.48047,,0.004795334882591762,0.004795334882591762,1.2059469571437436
2026-04-22,26303.6,26303.6,26073.45,26163.24023,,-0.012241263957409543,-0.012241263957409543,1.1911846421227124
2026-04-23,26098.81,26115.07,25840.55,25915.19922,,-0.009480515709043735,-0.009480515709043735,1.1798915974106963
2026-04-24,25733.61,26004.59,25639.26,25978.07031,,0.0024260315140267608,0.0024260315140267608,1.18275405160915
2026-04-27,25976.97,26086.02,25858.24,25925.65039,,-0.0020178527263366997,-0.0020178527263366997,1.1803674281215246
2026-04-28,25814.37,25896.66,25609.61,25679.7793,,-0.009483699976716387,-0.009483699976716387,1.1691731775709318
2026-04-29,25842.63,26132.94,25811.46,26111.83984,,0.016824931980626623,0.016824931980626623,1.1888444367571356
2026-04-30,26008.32,26072.24,25734.16,25776.5293,,-0.012841321869872635,-0.012841321869872635,1.17357810269153
2026-05-04,26138.34,26326.44,26091.86,26095.88086,,0.012389238143088566,0.012389238143088566,1.1881178412852893
2026-05-05,25945.75,25945.75,25690.36,25898.60938,,-0.007559487302165713,-0.007559487302165713,1.1791362795506166
2026-05-06,26029.65,26213.78,25877.82,26213.7793,,0.012169376176752733,0.012169376176752733,1.1934856325001248
2026-05-07,26531.35,26669.26,26518.79,26626.2793,,0.01573599881494392,0.01573599881494392,1.2122663209987994
2026-05-08,26359.79,26470.49,26274.8,26393.71094,,-0.008734542193433614,-0.008734542193433614,1.2016777296683567
2026-05-11,26310.87,26427.14,26219.26,26406.83984,,0.0004974253158203101,0.0004974253158203101,1.2022754745925512
2026-05-12,26497.03,26592.37,26328.84,26347.91016,,-0.0022316066730081463,-0.0022316066730081463,1.1995924686206565
2026-05-13,26369.99,26458.9,26220.12,26388.43945,,0.0015382354711961366,0.0015382354711961366,1.2014377243068686
2026-05-14,26836.66,26844.8,26366.86,26389.03906,,2.2722450152112827e-05,2.2722450152112827e-05,1.2014650239156701
2026-05-15,26391.02,26391.02,25847.15,25962.73047,,-0.016154759899771887,-0.016154759899771887,1.1820556449263389
2026-05-18,25838.96,25838.96,25505.71,25675.18164,,-0.01107544641085667,-0.01107544641085667,1.1689638509763067
2026-05-19,25693.37,25845.46,25671.12,25797.84961,,0.004777686550380356,0.004777686550380356,1.174548793844997
2026-05-20,25709.62,25713.53,25555.06,25651.11914,,-0.00568770158048848,-0.00568770158048848,1.167868310813884
2026-05-21,25833.24,25833.71,25341.73,25386.51953,,-0.01031532419914516,-0.01031532419914516,1.1558213705659308
2026-05-22,25641.8,25732.36,25483.24,25606.03125,,0.008646782783303442,0.008646782783303442,1.1658155068935143
2026-05-26,25622.36,25768.38,25431.17,25599.44922,,-0.00025704998700259996,-0.00025704998700259996,1.16551583403262
2026-05-27,25608.78,25638.41,25258.03,25328.23047,,-0.01059471036541304,-0.01059471036541304,1.1531675313447414
2026-05-28,25230.58,25230.58,24727.26,25006.16016,,-0.012715863051762533,-0.012715863051762533,1.1385040109404225
2026-05-29,25161.52,25313.33,25055.8,25182.39063,,0.007047482255268411,0.007047482255268411,1.1465275977550773
2026-06-01,25180.05,25486.76,25174.3,25398.17969,,0.008569045853133783,0.008569045853133783,1.156352245312124
2026-06-02,25395.07,26045.07,25394.64,26038.32031,,0.025204192891510324,0.025204192891510324,1.1854971703535018
2026-06-03,25953.01,25953.01,25569.45,25633.20898,,-0.015558274311742615,-0.015558274311742615,1.1670528801813473
2026-06-04,25465.3,25499.09,25188.02,25253.40039,,-0.01481705198503791,-0.01481705198503791,1.149760596986412
2026-06-05,25186.12,25216.18,24928.14,24961.95117,,-0.011540989153896564,-0.011540989153896564,1.136491222407014
2026-06-08,24582.91,24837.98,24458.54,24657.05859,,-0.01221429278198527,-0.01221429278198527,1.1226097858723785
2026-06-09,24551.93,24740.65,24486.39,24565.90039,,-0.0036970427623095325,-0.0036970427623095325,1.118459449488621
2026-06-10,24442.52,24505.96,24207.03,24407.96094,,-0.006429214785234949,-0.006429214785234949,1.1112686334592832
2026-06-11,24380.02,24492.71,23999.67,24249.28906,,-0.006500824890290913,-0.006500824890290913,1.1040444706670913
2026-06-12,24501.5,24771.61,24445.51,24718.09961,,0.019332960601031512,0.019332960601031512,1.1253889189202848
2026-06-15,25001.42,25047.9,24796.3,24842.66992,,0.005039639453091382,0.005039639453091382,1.1310604733161473
2026-06-16,24826.19,24844.98,24378.69,24493.95117,,-0.014037088248685325,-0.014037088248685325,1.115183677637609
2026-06-17,24495.85,24560.19,24254.07,24312.16016,,-0.007421873618440822,-0.007421873618440822,1.1069069253208346
2026-06-18,24145.19,24163.25,23749.99,23924.81055,,-0.015932340337132755,-0.015932340337132755,1.0892713074650937
2026-06-22,23811.76,23863.71,23444.86,23768.51953,,-0.0065325917491955154,-0.0065325917491955154,1.0821555427093117
2026-06-23,23800.02,23825.81,23252.13,23336.2793,,-0.018185408201568554,-0.018185408201568554,1.062476102427553
2026-06-24,23420.7,23565.65,23248.87,23412.17969,,0.003252463215076551,0.003252463215076551,1.0659317668675965
2026-06-25,23388.5,23388.5,22978.59,23076.91016,,-0.014320303980205895,-0.014320303980205895,1.0506672999438946
2026-06-26,22952.09,22962.46,22518.0,22671.85938,,-0.01755221029122378,-0.01755221029122378,1.0322257665491672
2026-06-29,22827.65,23183.17,22783.64,23026.67969,,0.01565025188507496,0.01565025188507496,1.0483803597979262
2026-06-30,23007.87,23086.85,22685.14,22881.02148,,-0.006325628008942097,-0.006325628008942097,1.0417486956299638
2026-07-02,23071.43,23335.92,22953.7,23055.03125,,0.007604982590139198,0.007604982590139198,1.0496711763235298
2026-07-03,23240.85,23516.7,23226.2,23350.03125,,0.012795471704251105,0.012795471704251105,1.0631022141589455
2026-07-06,23404.61,23686.56,23229.38,23616.32031,,0.011404227135670242,0.011404227135670242,1.0752260732776482
2026-07-07,23568.49,23820.92,23398.27,23496.88867,,-0.005057165486929249,-0.005057165486929249,1.0697884770892219
2026-07-08,23541.22,24310.92,23541.22,24199.45898,,0.029900567682265677,0.029900567682265677,1.1017757598541362
2026-07-09,24181.34,24353.76,23917.32,24030.17969,,-0.006995168368842508,-0.006995168368842508,1.0940686529092472
2026-07-10,24213.44,24499.63,24064.62,24175.11914,,0.006031559142286147,0.006031559142286147,1.1006675926949905
2026-07-13,24157.65,24449.77,24095.73,24213.7207,,0.0015967474566085382,0.0015967474566085382,1.1024250808741978
2026-07-14,24181.52,24436.58,23902.05,24340.73047,,0.0052453636338507525,0.0052453636338507525,1.10820770130246
2026-07-15,24551.34,24774.84,24449.53,24681.10156,,0.01398360211167482,0.01398360211167482,1.1237044368545674
2026-07-16,24825.02,25221.44,24825.02,25008.59961,,0.013269182868675955,0.013269182868675955,1.1386150765175331
2026-07-17,25022.54,25166.56,24332.51,24562.24023,,-0.01784823568535676,-0.01784823568535676,1.1182928062769477
2026-07-20,24835.03,25155.55,24756.36,25143.04883,,0.02364640173540078,0.02364640173540078,1.144736407231981
2026-07-21,25150.54,25253.65,24991.39,25132.28906,,-0.00042794213513053236,-0.00042794213513053236,1.1442465262897086
2026-07-22,24978.9,25040.27,24802.06,24892.66016,,-0.009534702526614924,-0.009534702526614924,1.1333364760444238
2026-07-23,24966.53,25267.39,24876.83,25210.81055,,0.012780891554179163,0.012780891554179163,1.1478215266391432
2026-07-24,24932.5,25031.34,24812.5,24963.23047,,-0.009820393497820268,-0.009820393497820268,1.136549467582278
2026-07-27,24993.77,25276.96,24938.34,25207.18164,,0.009772419891454831,0.009772419891454831,1.1476563062069014
2026-07-28,25271.95,25440.68,25069.85,25310.84961,,0.004112636290742433,0.004112636290742433,1.1523761991811075
2026-07-29,25487.16,25808.93,25487.16,25807.91992,,0.019638626030301864,0.019638626030301864,1.1750072844030457
2026-07-30,25875.83,25971.63,25657.33,25858.88086,,0.0019746240750115884,0.0019746240750115884,1.1773274820751418
2026-07-31,25837.72,25917.2,25622.92,25884.42969,,0.0009880098886847488,0.0009880098886847488,1.1784906932696524
2026-08-03,25987.31,26133.88,25811.74,26009.40039,,0.004828026017829501,0.004828026017829501,1.1841804769985282
2026-08-04,26090.98,26187.57,25768.04,25852.91992,,-0.006016304399703132,-0.006016304399703132,1.1770560867847193
2026-08-05,25890.99,25973.94,25729.86,25915.82031,,0.002433009122166485,0.002433009122166485,1.1799198749811681
2026-08-06,25667.14,25667.14,25389.42,25530.2793,,-0.014876666275203121,-0.014876666275203121,1.1623666007695939
2026-08-07,25526.65,25669.52,25393.13,25668.03125,,0.0053956303564608454,0.0053956303564608454,1.1686383012860424
2026-08-10,25805.18,25957.75,25720.46,25937.49023,,0.010497843694186715,0.010497843694186715,1.1809064835079832
2026-08-11,25998.59,26060.32,25647.66,25652.81836,,-0.010975305146167846,-0.010975305146167846,1.1679456745023948
2026-08-12,25498.39,25498.39,25323.33,25440.16992,,-0.00828947669670399,-0.00828947669670399,1.158264016050591
2026-08-13,25288.07,25519.39,25288.07,25396.50977,,-0.0017161894019298574,-0.0017161894019298574,1.1562762156216082
2026-08-14,25219.15,25311.86,25089.14,25116.84961,,-0.01101175565196566,-0.01101175565196566,1.1435435844690036
2026-08-17,25303.41,25578.27,25303.41,25453.23047,,0.013392637421616449,0.013392637421616449,1.1588586490716124
2026-08-18,25368.87,25518.03,25240.62,25471.15039,,0.0007040332275747296,0.0007040332275747296,1.1596745240666213
2026-08-19,25346.9,25537.19,25315.32,25495.07031,,0.000939098534371352,0.000939098534371352,1.16076357271252
2026-08-20,25779.08,25842.91,25632.39,25698.49023,,0.007978794234594133,0.007978794234594133,1.1700250664142056
2026-08-21,25807.61,26009.46,25807.61,26009.45898,,0.012100662226335102,0.012100662226335102,1.1841831445392292
2026-08-24,25780.12,25780.12,25430.94,25517.33008,,-0.018921150969669287,-0.018921150969669287,1.1617770364856648
2026-08-25,25634.22,25676.77,25403.44,25511.10156,,-0.00024408980016610293,-0.00024408980016610293,1.1614934585609913
2026-08-26,25635.24,25800.22,25615.94,25652.96875,,0.005560998205676793,0.005560998205676793,1.1679525215999544
2026-08-27,25774.87,25792.01,25500.96,25565.74023,,-0.0034003284707545545,-0.0034003284707545545,1.1639810993882687
2026-08-28,25410.46,25699.09,25410.46,25584.79102,,0.0007451687230102255,0.0007451687230102255,1.1648484616977077
